Index	MatrixIndex	Size	FewtremCode
11936	0	6551.3518125	5400169_R__1
3338	1	99.7994625	5303890_G__2
3340	2	495.777975	5303893_R__1
3342	3	1255.541625	5303893_R__5
7020	4	1976.673225	5303489_G__4
11944	5	10990.818225	5400165_R__2
11946	6	17574.3634125	5400165_G__5
11948	7	6097.425225	5400164_G__1
11954	8	5102.6499375	5400166_G__1
2992	9	8386.3741875	5303480_G__2
23946	10	4072.4619375	5400009_G__1
3372	11	9828.6373875	5400364_R__3
3374	12	12.87735	5400361_R__3
23942	13	334.8111	5400001_G__1
11966	14	7111.5165375	5303411_G__1
11968	15	13102.703625	5303411_G__2
23968	16	18041.16735	5303798_G__2
23970	17	22606.187925	5303799_G__1
7078	18	18356.662425	5400486_R__1
7080	19	21453.6651	5400486_G__1
11970	20	663.183525	5303414_R__1
23972	21	14120.014275	5400262_G__1
6596	22	3724.7734875	5303837_G__1
7098	23	11206.5138375	5400464_R__1
7100	24	10742.9292375	5400464_G__1
7104	25	8344.5228	5400467_G__4
11394	26	17545.389375	5303836_G__1
11950	27	1088.136075	5400167_G__1
11952	28	2578.6893375	5400167_G__2
24342	29	8582.753775	5303178_R__1
23988	30	22229.5254375	5303176_R__1
2852	31	10253.5899375	5303394_R__1
7076	32	6718.7573625	5400480_R__6
1286	33	218.91495	5303760_R__5
1288	34	180.2829	5303760_G__2
1322	35	0.0	5303359_G__1
1324	36	4903.0510125	5303359_G__3
4368	37	3055.1512875	5303393_G__10
2874	38	447.4879125	5400048_G__2
1356	39	57.948075	5400049_G__3
5694	40	13814.1772125	5400327_R__1
5696	41	80.4834375	5400327_G__1
5698	42	31227.57375	5400326_R__1
5700	43	8779.1333625	5400325_R__1
5702	44	878.8791375	5400325_G__1
5704	45	19103.548725	5400324_R__2
3492	46	727.570275	5303852_R__1
3494	47	7732.848675	5303852_G__1
5710	48	3756.9668625	5303856_R__1
5712	49	231.7923	5303856_G__1
1380	50	1464.7985625	5303756_R__1
1382	51	3988.7591625	5303757_R__1
1384	52	10337.2927125	5303757_G__2
25310	53	17925.2712	5303327_R__1
5726	54	19502.746575	5303322_R__1
5728	55	9918.7788375	5303322_G__1
1416	56	25284.676725	5303758_G__3
1418	57	2424.1611375	5303759_R__5
1420	58	12693.8477625	5303759_G__3
1422	59	1133.2068	5303288_G__1
1424	60	1860.777075	5303289_G__1
1426	61	0.0	5303289_G__3
9476	62	15114.7895625	5400602_R__1
1428	63	12049.9802625	5303280_R__1
1430	64	589.1387625	5303280_R__6
1432	65	11663.6597625	5303281_R__1
1434	66	0.0	5303281_R__7
1440	67	2137.6401	5400134_R__1
1442	68	3576.6839625	5400135_R__1
1444	69	476.46195	5400132_R__1
1446	70	7546.1271	5400132_G__1
1450	71	5649.9373125	5400130_G__1
5774	72	18742.982925	5400037_G__1
5776	73	20600.5406625	5303529_G__2
1544	74	11499.47355	5303914_G__1
1548	75	11126.0304	5303917_R__1
1550	76	19612.20405	5303918_G__1
5790	77	4523.1691875	5400259_R__1
8686	78	103.0188	5400557_R__5
5798	79	862.78245	5400250_R__4
5800	80	16167.512925	5400257_R__3
5802	81	6705.8800125	5400257_G__6
8694	82	18462.9005625	5400559_G__1
5804	83	186.721575	5400255_R__2
5806	84	138.4315125	5400255_G__2
8692	85	0.0	5400558_R__5
10338	86	4690.5747375	5303298_R__1
1638	87	18594.8934	5303626_R__1
1640	88	3428.5944375	5303626_G__1
1642	89	21199.3374375	5303627_G__1
1644	90	4864.4189625	5303624_R__1
1646	91	6290.585475	5303624_G__2
7414	92	3940.4691	5303293_G__1
7420	93	1313.4897	5303292_G__1
7422	94	2063.5953375	5303291_G__1
8348	95	12342.939975	5400618_R__1
8350	96	22754.27745	5400618_G__1
7106	97	524.7520125	5400461_R__1
7108	98	4825.7869125	5400461_G__3
24220	99	3966.2238	5303363_R__1
24222	100	4127.190675	5303362_R__2
24224	101	18269.7403125	5303362_G__1
24226	102	9732.0572625	5303361_G__2
24228	103	13160.6517	5303365_R__4
24230	104	463.5846	5303364_R__2
24232	105	4278.4995375	5303364_G__1
24234	106	17149.4108625	5303364_G__2
24740	107	16180.390275	5303369_R__1
4508	108	30780.0858375	5303712_R__1
4510	109	16450.814625	5303713_G__4
4518	110	24199.7599875	5303716_R__1
4520	111	3946.907775	5303716_G__1
4522	112	6393.604275	5303716_G__2
9720	113	7253.1673875	5303715_R__2
9722	114	11586.3956625	5303715_G__2
12148	115	8264.0393625	5303882_G__1
12150	116	5064.0178875	5303885_G__1
3866	117	23652.4726125	5400173_R__1
3870	118	13810.957875	5400174_R__1
4542	119	10189.2031875	5303404_R__2
4544	120	15539.7421125	5303404_G__1
24276	121	4178.700075	5303403_R__1
24278	122	18108.7734375	5303403_G__2
7522	123	5617.7439375	5303767_G__1
7524	124	5411.7063375	5303766_R__1
7526	125	24254.488725	5303766_G__1
7528	126	10478.9435625	5303765_R__2
7530	127	23507.602425	5303764_G__2
10496	128	5563.0152	5303763_R__1
10498	129	4381.5183375	5303763_G__4
7532	130	10327.6347	5303762_R__3
7534	131	16202.9256375	5303761_R__1
7536	132	1841.46105	5303761_R__2
7538	133	26813.8620375	5303761_G__2
7540	134	4948.1217375	5303812_R__1
11332	135	20275.387575	5303492_R__1
4554	136	15803.7277875	5303663_G__1
3950	137	20397.7224	5303660_G__2
3952	138	2089.3500375	5303661_R__1
3956	139	11985.5935125	5303664_G__1
3958	140	6612.519225	5303664_G__2
1048	141	544.0680375	5400583_R__3
1050	142	10559.427	5400583_G__3
4150	143	4130.4100125	5400581_R__6
4152	144	7707.093975	5400581_G__6
4154	145	1165.400175	5400580_R__3
4156	146	4745.303475	5400580_R__6
4158	147	13112.3616375	5400580_G__1
4160	148	9265.253325	5400580_G__2
7606	149	16251.2157	5400586_R__1
7608	150	6525.5971125	5400586_G__1
7610	151	11776.336575	5400585_R__3
7612	152	11084.1790125	5400585_G__2
11474	153	6683.34465	5400584_G__2
4394	154	1464.7985625	5400588_G__3
24352	155	5942.897025	5400204_R__3
24354	156	10092.6230625	5400204_R__4
24356	157	23050.4565	5400205_R__1
24358	158	19184.0321625	5400206_R__2
24360	159	3988.7591625	5400206_G__2
24362	160	12349.37865	5400201_R__2
24364	161	13740.13245	5400201_G__1
24366	162	1564.598025	5400202_G__1
24368	163	5740.0787625	5400203_G__2
10612	164	31027.974825	5303612_R__1
10614	165	13463.269425	5303612_G__1
10340	166	9754.592625	5303611_G__1
10618	167	18353.4430875	5303610_R__1
10620	168	9104.28645	5303610_G__1
6038	169	20635.953375	5303200_R__1
6040	170	19786.048275	5303200_G__1
6042	171	7806.8934375	5303201_R__1
6044	172	25831.9641	5303202_G__2
6046	173	29218.70715	5303203_R__1
10686	174	1934.8218375	5400330_G__1
4260	175	827.3697375	5303726_G__1
9072	176	30300.40455	5400142_R__1
12260	177	21743.405475	5400147_R__1
9074	178	9522.800325	5400410_R__1
9076	179	2317.923	5400410_G__1
12262	180	10227.8352375	5400148_G__1
2172	181	20014.6212375	5400385_G__2
2174	182	17213.7976125	5400384_R__1
2176	183	11016.572925	5400384_R__2
2178	184	11702.2918125	5400384_G__1
2180	185	12349.37865	5400387_G__1
2182	186	8814.546075	5400386_G__1
2186	187	13907.538	5400382_G__1
2196	188	9484.168275	5400389_R__1
10742	189	9348.9561	5303537_R__1
10744	190	19776.3902625	5303534_G__2
10746	191	15414.18795	5303530_G__2
2220	192	16070.9328	5303831_G__1
10748	193	11740.9238625	5303538_G__1
10750	194	6718.7573625	5303539_R__1
10752	195	12635.8996875	5303539_R__2
10754	196	18253.643625	5303539_G__1
24560	197	15629.8835625	5303840_G__2
24562	198	6490.1844	5303841_G__1
9094	199	30999.0007875	5303431_G__1
25026	200	26372.8128	5303834_R__1
24218	201	1522.7466375	5400248_R__5
3854	202	13147.77435	5303396_R__1
3856	203	0.0	5303396_R__2
3858	204	20062.9113	5303396_G__1
2238	205	30825.1565625	5400245_R__1
2240	206	8775.914025	5400245_G__2
24540	207	10214.9578875	5400246_G__1
10784	208	6364.6302375	5400247_G__4
6606	209	10610.9364	5303789_R__1
6608	210	2858.7717	5303789_R__2
12304	211	16727.67765	5303659_G__1
2306	212	13115.580975	5303937_R__1
7918	213	5559.7958625	5303372_G__1
7920	214	5073.6759	5303377_G__3
11292	215	4590.775275	5303279_R__3
11152	216	16589.2461375	5303278_G__2
10952	217	3827.7922875	5303277_R__1
11026	218	9464.85225	5400478_R__1
10988	219	5276.4941625	5303182_G__2
10990	220	5839.878225	5303180_G__5
10992	221	13221.8191125	5303180_G__6
4866	222	5685.350025	5303476_G__1
4868	223	12410.5460625	5303476_G__2
24372	224	6577.1065125	5303475_R__1
24628	225	8161.0205625	5303474_G__1
11122	226	4629.407325	5303573_R__1
9930	227	9001.26765	5303478_G__2
7960	228	11051.9856375	5303574_R__1
12358	229	7275.70275	5303800_R__1
12360	230	13666.0876875	5303800_G__2
4876	231	29485.9121625	5400527_G__2
24752	232	13572.7269	5400284_G__1
4880	233	16920.8379	5400529_R__1
4882	234	27196.9632	5400529_G__1
10696	235	1091.3554125	5400281_R__2
4884	236	9696.64455	5400528_R__2
24788	237	26324.5227375	5400445_R__1
24800	238	18240.766275	5303699_R__3
24802	239	3579.9033	5303698_R__3
4900	240	15108.3508875	5303694_R__2
4902	241	12233.4825	5303694_G__1
24804	242	21392.4976875	5303692_R__2
24806	243	26591.72775	5303691_R__1
24808	244	12458.836125	5303691_G__1
24944	245	23443.215675	5303690_R__1
11096	246	14400.0966375	5303509_G__1
4914	247	11885.79405	5303508_R__1
4916	248	3699.0187875	5303508_R__2
4918	249	5141.2819875	5303508_G__1
4920	250	5743.2981	5303507_R__1
4922	251	7204.877325	5303507_G__1
2156	252	41.8513875	5400414_G__2
4270	253	8029.027725	5400411_R__1
4272	254	15478.5747	5400411_G__1
8088	255	11212.9525125	5303604_R__1
8090	256	2591.5666875	5303606_R__1
8092	257	6786.36345	5303608_R__1
2184	258	13778.7645	5400380_G__1
6512	259	1419.7278375	5400305_R__1
6514	260	16177.1709375	5400305_G__1
2778	261	26359.93545	5303738_G__1
2198	262	1648.3008	5400388_G__2
8888	263	9632.2578	5400622_G__1
8890	264	4632.6266625	5400622_G__2
8892	265	12288.2112375	5400622_G__4
12220	266	24293.120775	5400620_G__1
9316	267	8524.8057	5400621_G__1
9318	268	9860.8307625	5400621_G__2
9320	269	10907.11545	5400621_G__3
11328	270	23224.300725	5303491_R__1
2798	271	18891.07245	5400406_G__1
2804	272	6506.2810875	5400392_G__1
6558	273	28269.0025875	5303543_R__1
6560	274	6245.51475	5303543_G__1
6562	275	13350.5926125	5303543_G__4
6564	276	4848.322275	5303542_R__1
6566	277	11187.1978125	5303541_R__1
6568	278	6963.4270125	5303541_R__3
6570	279	14818.6105125	5303540_G__1
6578	280	1413.2891625	5303544_G__6
2206	281	17828.691075	5303833_R__1
2208	282	14268.1038	5303833_G__1
6586	283	9661.2318375	5303784_R__1
12470	284	634.2094875	5303938_G__1
2242	285	18578.7967125	5303835_R__1
4364	286	1049.504025	5303395_R__1
4366	287	10366.26675	5303392_G__2
2320	288	10842.7287	5303391_G__2
3868	289	15526.8647625	5400170_R__1
6610	290	2134.4207625	5400279_G__1
5692	291	10025.016975	5400321_G__1
11420	292	13881.7833	5400477_R__1
11422	293	16676.16825	5400477_G__2
9218	294	4812.9095625	5400579_R__1
9220	295	3583.1226375	5400579_G__1
9348	296	4323.5702625	5400574_G__2
9350	297	18227.888925	5400571_R__1
9352	298	8598.8504625	5400571_G__1
12496	299	8379.9355125	5400082_R__1
2890	300	988.3366125	5303648_R__1
2694	301	12996.4654875	5303641_R__1
2704	302	16888.644525	5303643_R__1
2706	303	1657.9588125	5303643_R__3
2712	304	11573.5183125	5303644_R__1
2714	305	235.0116375	5303644_G__1
2720	306	10289.00265	5303645_G__2
2722	307	11509.1315625	5303646_G__1
2724	308	16895.0832	5303647_G__1
5708	309	505.4359875	5400328_G__1
9084	310	17844.7877625	5303439_G__1
9086	311	18929.7045	5303438_R__1
9088	312	16276.9704	5303437_G__1
9090	313	27010.241625	5303435_G__1
9092	314	24859.724175	5303434_G__1
2800	315	7420.5729375	5400404_R__1
2802	316	13527.656175	5400404_G__1
2234	317	25548.6624	5303433_G__1
9096	318	15655.6382625	5303430_G__1
5174	319	26401.7868375	5303267_R__1
5176	320	15031.0867875	5303267_G__1
5178	321	12178.7537625	5303264_R__2
5180	322	23118.0625875	5303264_G__1
5182	323	21672.58005	5303268_G__1
5184	324	24673.0026	5303269_R__1
24200	325	791.957025	5400051_R__1
24060	326	1133.2068	5400052_G__4
5234	327	23275.810125	5303196_R__1
5236	328	14915.1906375	5303196_G__2
11602	329	24888.6982125	5303197_R__2
5238	330	20545.811925	5303198_G__2
5240	331	15185.6149875	5303199_R__1
5242	332	12284.9919	5303199_G__1
5248	333	25011.0330375	5303462_R__1
5254	334	19428.7018125	5303465_G__1
5256	335	21260.50485	5303468_G__1
5258	336	7613.7331875	5303468_G__2
7358	337	6812.11815	5400613_R__1
7360	338	5984.7484125	5400613_R__2
7362	339	12394.449375	5400613_G__1
7364	340	15745.7797125	5400612_R__2
7366	341	20407.3804125	5400612_G__2
7372	342	18678.596175	5400611_R__2
7374	343	6532.0357875	5400611_G__2
7384	344	21501.9551625	5400610_R__2
7386	345	7198.43865	5400610_G__4
7396	346	16132.1002125	5400617_R__1
7398	347	7394.8182375	5400617_R__2
7400	348	26028.3436875	5400617_G__1
7402	349	25442.4242625	5400616_R__1
7406	350	2610.8827125	5400615_R__1
7408	351	4619.7493125	5400615_G__1
25314	352	11953.4001375	5400614_R__1
25316	353	10501.478925	5400614_R__3
25318	354	20214.2201625	5400614_G__1
10348	355	13321.618575	5303741_R__1
10350	356	17278.1843625	5303741_G__1
10364	357	21424.6910625	5303740_G__1
8342	358	22712.4260625	5400619_R__1
8344	359	20037.1566	5400619_G__1
8346	360	3032.615925	5400619_G__5
25322	361	12404.1073875	5303742_R__1
11648	362	2156.956125	5303297_R__3
11650	363	4278.4995375	5303746_R__1
11652	364	17072.1467625	5303746_G__1
11654	365	25854.4994625	5400532_R__1
10408	366	2562.59265	5400536_R__1
10410	367	25493.9336625	5400536_G__1
10412	368	22554.678525	5400537_R__1
10168	369	30033.1995375	5400534_R__1
10170	370	22963.5343875	5400534_G__2
8352	371	5241.08145	5400129_G__1
11664	372	23027.9211375	5400433_R__1
8354	373	15951.8173125	5400122_R__1
11672	374	29135.004375	5400435_R__1
11674	375	7996.83435	5400435_G__1
5298	376	23652.4726125	5303689_R__1
5300	377	9088.1897625	5303689_G__1
5302	378	14915.1906375	5303687_R__2
5304	379	27924.533475	5303687_G__1
11682	380	3856.766325	5303515_R__1
11684	381	11605.7116875	5303515_R__2
11686	382	7713.53265	5303515_G__1
11690	383	8000.0536875	5303510_R__1
11692	384	8698.649925	5303510_G__2
11694	385	4307.473575	5303511_R__1
11696	386	1480.89525	5303511_R__4
11698	387	3360.98835	5303511_G__1
11700	388	2900.6230875	5303512_R__1
11702	389	16746.993675	5303512_R__2
11704	390	7407.6955875	5303513_R__6
11330	391	30091.1476125	5303490_R__1
10064	392	7478.5210125	5303630_R__4
10066	393	11824.6266375	5303630_G__1
10600	394	17838.3490875	5303633_R__3
10602	395	20433.1351125	5303633_G__1
4992	396	25197.7546125	5303228_R__1
4994	397	837.02775	5303228_G__2
5168	398	16357.4538375	5400318_R__1
25482	399	12529.66155	5400310_G__1
5222	400	11676.5371125	5400316_R__1
4434	401	11869.6973625	5400315_R__1
4436	402	6915.13695	5400315_G__1
11938	403	14216.5944	5400168_G__1
9378	404	21604.9739625	5401117_R__1
9380	405	14680.179	5401117_G__1
24332	406	24466.965	5401264_G__1
23952	407	14792.8558125	5401327_R__1
9598	408	3576.6839625	5400766_R__1
9606	409	7111.5165375	5400769_G__1
7092	410	23259.7134375	5401461_R__1
7094	411	17967.1225875	5401461_G__1
10060	412	21579.2192625	5401254_R__1
10062	413	18665.718825	5401254_G__1
5610	414	11689.4144625	5401253_G__1
7120	415	1519.5273	5401844_G__1
10630	416	2636.6374125	5401193_G__3
10632	417	18047.606025	5401192_R__3
10094	418	15014.9901	5401191_R__1
10096	419	2861.9910375	5401191_G__1
10644	420	22509.6078	5401190_R__1
10100	421	11373.9193875	5401194_G__1
6490	422	29357.1386625	5401691_R__1
6492	423	3837.4503	5401691_G__1
6494	424	15111.570225	5401691_G__2
24028	425	10540.110975	5400811_R__1
24030	426	9059.215725	5400810_R__1
24032	427	18553.0420125	5400813_G__1
24034	428	5794.8075	5400812_G__1
12048	429	12394.449375	5400957_R__1
6504	430	31121.3356125	5401458_R__1
6506	431	9310.32405	5401458_G__1
10196	432	22165.1386875	5401470_G__1
9322	433	12407.326725	5401772_G__1
9328	434	16061.2747875	5401771_G__1
9330	435	5749.736775	5401770_G__2
1358	436	29843.258625	5400738_G__1
1360	437	29015.8888875	5400739_G__1
4438	438	26678.6498625	5401037_R__1
3516	439	24724.512	5401038_R__1
4440	440	21662.9220375	5401039_R__1
4442	441	4152.945375	5401039_R__3
4444	442	7427.0116125	5401039_G__1
4446	443	8350.961475	5401039_G__2
9520	444	22239.18345	5401609_R__1
9522	445	19544.5979625	5401608_G__5
5756	446	13984.8021	5400781_R__3
5758	447	10124.8164375	5400780_R__1
5760	448	3344.8916625	5400783_R__3
5762	449	22902.366975	5400783_G__1
5764	450	17023.8567	5400782_R__1
5766	451	5556.576525	5400785_R__4
5768	452	23922.8969625	5400785_G__1
5770	453	3319.1369625	5400784_R__5
5772	454	19618.642725	5400784_G__1
3542	455	22255.2801375	5401359_G__1
12102	456	27763.5666	5401353_R__1
9676	457	3412.49775	5401352_R__5
9678	458	19023.0652875	5401352_G__2
9680	459	6615.7385625	5401354_R__2
4454	460	8215.7493	5401357_R__2
4456	461	13044.75555	5401357_G__3
4458	462	5846.3169	5401356_G__1
4460	463	19213.0062	5401356_G__2
7368	464	1284.5156625	5401504_R__1
7370	465	4484.5371375	5401500_R__1
10316	466	12339.7206375	5401501_R__1
10318	467	10945.7475	5401501_G__1
7376	468	17368.3258125	5401502_G__1
10320	469	13614.5782875	5401815_G__1
10322	470	4819.3482375	5401812_R__2
10324	471	5315.1262125	5401813_R__1
10326	472	12887.0080125	5401813_R__2
10328	473	11132.469075	5401813_G__1
10330	474	14837.9265375	5401811_R__1
10332	475	13646.7716625	5401811_R__2
7446	476	30625.5576375	5400923_R__1
7448	477	21357.084975	5400923_G__1
7458	478	5115.5272875	5400925_R__1
7460	479	373.44315	5400925_R__2
7462	480	26369.5934625	5400925_G__1
7464	481	318.7144125	5400924_R__2
7466	482	2330.80035	5400924_G__1
8836	483	21202.556775	5401175_R__4
8840	484	1513.088625	5401174_G__2
8850	485	7819.7707875	5401178_R__1
8852	486	8241.504	5401178_G__1
10440	487	2485.32855	5401729_G__3
2738	488	0.0	5401228_R__1
2740	489	13054.4135625	5401228_R__2
2742	490	17136.5335125	5401228_G__1
3912	491	16804.94175	5400778_R__1
3930	492	0.0	5401823_R__2
3932	493	2923.15845	5401823_G__3
9976	494	15140.5442625	5401269_R__3
24916	495	14152.20765	5401268_R__3
8950	496	7729.6293375	5401380_R__1
8952	497	10134.47445	5401380_R__2
8954	498	6457.991025	5401380_R__3
8956	499	1860.777075	5401380_G__1
8958	500	15146.9829375	5401381_G__1
4798	501	16399.305225	5401659_G__1
4396	502	29592.1503	5400891_G__2
4398	503	29370.0160125	5400890_G__1
12184	504	14348.5872375	5401263_R__1
1948	505	12571.5129375	5400892_G__1
1950	506	3.2193375	5400894_R__6
9984	507	8820.98475	5401267_R__1
7616	508	10794.4386375	5401180_R__1
1216	509	8309.1100875	5401181_R__1
1218	510	9233.05995	5401181_G__1
1220	511	4169.0420625	5401182_R__1
1222	512	3843.888975	5401182_R__2
1224	513	8347.7421375	5401182_G__1
7630	514	20117.6400375	5401187_R__1
7632	515	8556.999075	5401188_G__1
7634	516	3341.672325	5401188_G__2
5054	517	18874.9757625	5401331_G__1
6022	518	4429.8084	5400809_G__1
6024	519	9265.253325	5400804_G__1
9794	520	1155.7421625	5401135_G__1
9796	521	10086.1843875	5401134_G__1
9798	522	9329.640075	5401137_G__1
9800	523	949.7045625	5401136_R__1
9802	524	3998.417175	5401136_G__1
9804	525	11592.8343375	5401139_G__5
5062	526	1004.4333	5401339_R__1
5064	527	2543.276625	5401339_G__2
4238	528	2185.9301625	5401769_R__1
4240	529	1571.0367	5401760_R__7
4242	530	2269.6329375	5401760_G__4
4244	531	13125.2389875	5401761_G__4
4246	532	1059.1620375	5401762_R__1
4248	533	12513.5648625	5401762_G__1
2064	534	6615.7385625	5401763_G__6
9048	535	19486.6498875	5400701_R__1
2078	536	28806.63195	5400700_R__2
2116	537	325.1530875	5401614_R__2
2118	538	15430.2846375	5401614_G__1
2120	539	23655.69195	5401615_R__1
2122	540	24128.9345625	5401616_R__3
2124	541	19666.9327875	5401617_R__1
2126	542	222.1342875	5401617_G__2
9062	543	20127.29805	5401611_G__1
2130	544	7880.9382	5401612_R__1
2132	545	2153.7367875	5401612_G__1
2134	546	28465.382175	5401613_R__3
2136	547	8898.24885	5400635_R__1
2138	548	7011.717075	5400635_R__4
2140	549	4526.388525	5400635_G__2
2144	550	9651.573825	5400637_R__1
2146	551	15890.6499	5400637_G__1
2148	552	6004.0644375	5400637_G__3
10732	553	14148.9883125	5401225_R__1
10734	554	16701.92295	5401226_R__1
10736	555	8408.90955	5401226_G__1
7822	556	5981.529075	5401223_R__2
7824	557	15388.43325	5401223_G__2
7470	558	2044.2793125	5400929_G__1
7858	559	3782.7215625	5400842_R__1
7860	560	10427.4341625	5400842_G__2
7862	561	1509.8692875	5400842_G__3
7864	562	20777.604225	5400843_R__1
7866	563	16244.777025	5400843_G__2
7868	564	2028.182625	5400846_G__1
7870	565	21788.4762	5400845_G__1
12302	566	24206.1986625	5401531_G__2
10868	567	8631.0438375	5400938_R__5
10870	568	23771.5881	5400938_G__1
10264	569	30506.44215	5400934_G__1
24678	570	23295.12615	5400935_G__1
12322	571	29302.409925	5400933_R__1
10288	572	23198.546025	5400931_G__1
24834	573	11724.827175	5401045_G__1
24202	574	9474.5102625	5401044_G__2
24696	575	23581.6471875	5401040_R__2
24698	576	4497.4144875	5401040_G__2
24700	577	8293.0134	5401042_R__2
2426	578	315.495075	5401162_G__1
2428	579	12912.7627125	5401160_G__1
4304	580	5224.9847625	5401161_R__1
4370	581	9693.4252125	5401658_R__1
4372	582	6007.283775	5401658_G__1
4374	583	17426.2738875	5401658_G__2
4808	584	775.8603375	5401652_R__1
4810	585	11908.3294125	5401652_R__3
4812	586	24685.87995	5401653_R__1
4814	587	18488.6552625	5401655_R__1
4816	588	3602.4386625	5401656_R__1
4818	589	12378.3526875	5401656_G__1
4820	590	18427.48785	5401657_G__1
4838	591	19126.0840875	5400699_R__1
4840	592	9854.3920875	5400699_R__2
4842	593	4725.98745	5400699_G__1
4844	594	10955.4055125	5400698_G__1
4856	595	10353.3894	5400697_R__1
4858	596	7195.2193125	5400696_G__1
4860	597	12124.025025	5400695_R__1
10596	598	6338.8755375	5400741_G__1
10954	599	6934.452975	5400740_R__1
10956	600	28278.6606	5400740_G__1
2128	601	11447.96415	5400638_G__1
9230	602	30351.91395	5400886_R__1
9232	603	24756.705375	5400885_R__1
6400	604	28220.712525	5401273_G__1
9234	605	13875.344625	5400880_R__2
9236	606	11509.1315625	5400880_G__1
9238	607	16276.9704	5400881_R__1
9240	608	901.4145	5400881_G__1
2626	609	11650.7824125	5401570_R__1
2628	610	1831.8030375	5401570_G__2
9244	611	17931.709875	5400888_G__1
12380	612	10356.6087375	5401379_R__1
12382	613	13810.957875	5401379_R__4
2636	614	15230.6857125	5401378_R__1
2638	615	5427.803025	5401378_R__2
2640	616	11605.7116875	5401378_G__1
2642	617	10639.9104375	5401378_G__4
9256	618	2076.4726875	5401377_R__1
9258	619	10813.7546625	5401377_R__3
9260	620	244.66965	5401377_G__1
2646	621	16054.8361125	5401376_R__1
2610	622	20603.76	5401578_G__1
6402	623	14470.9220625	5401270_R__3
6404	624	5955.774375	5401270_G__2
6406	625	15330.485175	5401270_G__4
12398	626	24231.9533625	5400972_R__1
12400	627	22593.310575	5400972_G__1
12402	628	20858.0876625	5400971_G__1
12404	629	18578.7967125	5400977_R__1
12406	630	16505.5433625	5400977_G__1
12408	631	61.1674125	5400977_G__2
12410	632	904.6338375	5400974_G__1
12412	633	21827.10825	5400978_R__2
12414	634	14602.9149	5400978_G__2
12416	635	5746.5174375	5400979_R__1
12418	636	12452.39745	5400979_G__1
11806	637	1509.8692875	5400879_R__1
11808	638	9967.0689	5400879_R__2
11810	639	13563.0688875	5400879_G__1
24862	640	10668.884475	5400878_G__2
9264	641	4639.0653375	5401282_G__2
9270	642	18527.2873125	5401280_G__3
9272	643	1509.8692875	5401287_G__5
25422	644	14799.2944875	5400876_R__2
25424	645	3364.2076875	5400876_G__1
24872	646	19666.9327875	5400875_G__1
24874	647	8096.6338125	5400874_R__1
24876	648	14419.4126625	5400874_R__2
4964	649	6702.660675	5401127_R__1
4966	650	12095.0509875	5401127_G__1
4968	651	5482.5317625	5401124_G__1
4970	652	5054.359875	5401124_G__4
24890	653	10369.4860875	5401080_R__1
24892	654	13096.26495	5401080_G__1
4972	655	3882.521025	5401128_R__4
4974	656	0.0	5401128_G__2
4976	657	5901.0456375	5401128_G__4
24894	658	16441.1566125	5401082_G__1
6482	659	22966.753725	5401694_G__1
6484	660	6042.6964875	5401695_R__1
6486	661	22226.3061	5401695_G__1
6488	662	23243.61675	5401696_G__1
6496	663	1068.82005	5401692_R__1
6498	664	24676.2219375	5401692_R__2
4168	665	12117.58635	5401693_G__1
4170	666	14596.476225	5401693_G__3
6508	667	1123.5487875	5401459_R__1
6510	668	20738.972175	5401459_G__1
11270	669	17519.634675	5401450_G__1
5874	670	11183.978475	5401017_G__1
8208	671	2868.4297125	5401159_G__1
12454	672	2166.6141375	5401622_R__1
12456	673	5463.2157375	5401622_G__1
10198	674	2501.4252375	5401471_R__1
10200	675	18440.3652	5401471_G__1
5052	676	5736.859425	5401332_G__1
8224	677	4999.6311375	5401230_R__4
8226	678	3608.8773375	5401230_G__3
2840	679	15137.324925	5400716_R__2
2314	680	23935.7743125	5400718_G__2
11432	681	14586.8182125	5401529_R__1
11440	682	9719.1799125	5401249_G__1
11442	683	1297.3930125	5401249_G__6
10634	684	25860.9381375	5401248_R__2
10636	685	67.6060875	5401248_G__1
10730	686	15526.8647625	5401247_R__1
11484	687	10256.809275	5401799_G__1
10606	688	6113.5219125	5401793_G__3
11496	689	5350.538925	5401794_R__3
11498	690	13923.6346875	5401794_G__2
11500	691	3042.2739375	5401797_R__2
11502	692	14876.5585875	5401797_G__1
6940	693	759.76365	5401426_G__1
5152	694	856.343775	5400827_G__2
5154	695	5534.0411625	5400821_R__2
5156	696	17780.4010125	5400821_G__1
5158	697	2208.465525	5400822_G__2
5160	698	1039.8460125	5400823_G__1
8286	699	24151.469925	5400942_G__1
8288	700	0.0	5400940_R__1
5162	701	6242.2954125	5400828_R__1
9382	702	9715.960575	5401116_R__1
9384	703	18971.5558875	5401116_G__1
6736	704	9033.461025	5401053_R__2
6738	705	21028.71255	5401056_R__4
6740	706	6045.915825	5401056_G__1
6742	707	7249.94805	5401057_G__1
6744	708	8299.452075	5401055_R__1
25216	709	28275.4412625	5401665_G__1
25218	710	28468.6015125	5401664_R__1
3046	711	8099.85315	5401118_G__4
3464	712	25928.544225	5401662_R__1
9386	713	14419.4126625	5401115_G__1
5206	714	24785.6794125	5401463_R__1
7096	715	29421.5254125	5401460_R__1
5264	716	10462.846875	5401809_G__1
5270	717	10559.427	5401801_G__1
5272	718	2961.7905	5401800_R__1
5274	719	3222.5568375	5401800_G__1
3134	720	6750.9507375	5401562_G__1
3964	721	8177.11725	5401567_G__1
24418	722	6815.3374875	5401361_R__1
24420	723	22744.6194375	5401361_G__1
9274	724	3814.9149375	5401286_G__1
10874	725	13865.6866125	5401891_R__1
10876	726	17992.8772875	5401891_G__1
24864	727	4677.6973875	5400870_R__1
24866	728	23790.904125	5400870_G__1
24868	729	12584.3902875	5400877_G__1
7872	730	3509.077875	5401533_R__4
7874	731	21415.03305	5401533_G__1
11800	732	15835.9211625	5401096_R__2
25436	733	6406.481625	5401097_R__4
25438	734	2607.663375	5401097_G__1
25410	735	2755.7529	5401095_R__1
9276	736	19522.0626	5401284_R__1
3274	737	8161.0205625	5401584_R__1
3276	738	827.3697375	5401584_G__1
4392	739	15636.3222375	5401581_G__1
3278	740	5440.680375	5401582_R__1
12596	741	4397.615025	5401583_R__1
12598	742	5550.13785	5401583_G__1
6942	743	1210.4709	5401424_R__1
6944	744	6651.151275	5401424_G__1
10554	745	74.0447625	5401382_R__2
10556	746	15485.013375	5401382_G__4
10558	747	13707.939075	5401383_R__1
11868	748	7220.9740125	5400644_R__2
11870	749	10057.21035	5400645_R__3
11872	750	4123.9713375	5400645_G__3
11874	751	11966.2774875	5400646_R__1
11876	752	22899.1476375	5400646_G__1
11878	753	21881.8369875	5400640_G__1
11880	754	11654.00175	5400641_R__1
11882	755	16360.673175	5400641_G__1
11884	756	1857.5577375	5400642_G__2
11886	757	5971.8710625	5400642_G__3
11888	758	9867.2694375	5400643_R__1
11890	759	2466.012525	5400643_G__2
6990	760	15578.3741625	5401737_R__2
6992	761	17068.927425	5401735_R__1
6994	762	4307.473575	5401735_G__1
6996	763	11103.4950375	5401734_R__4
6998	764	4690.5747375	5401734_G__1
7000	765	22020.2685	5401734_G__2
7002	766	13160.6517	5401733_R__1
7004	767	16866.1091625	5401733_G__1
7006	768	28188.51915	5401730_R__1
7008	769	30480.68745	5401730_G__1
7026	770	14918.409975	5701486_G__1
8476	771	22908.80565	5700898_G__1
8478	772	7417.3536	5700899_R__1
8480	773	24161.1279375	5700899_R__3
8482	774	5530.821825	5700899_G__1
5522	775	23462.5317	5700952_R__1
23956	776	23816.658825	5700959_G__1
3380	777	11573.5183125	5701414_R__1
7060	778	6000.8451	5701550_R__1
7062	779	20594.1019875	5701551_G__1
7064	780	6486.9650625	5701556_G__3
23964	781	2623.7600625	5701557_G__3
7070	782	1773.8549625	5701554_R__2
3972	783	19699.1261625	5701538_R__1
11972	784	31179.2836875	5701328_G__1
3392	785	10569.0850125	5701638_R__4
11990	786	19338.5603625	5701323_R__1
11992	787	7662.02325	5701323_G__3
11994	788	22963.5343875	5701322_G__1
11996	789	21083.4412875	5701325_G__1
11998	790	4423.369725	5701325_G__2
23974	791	19409.3857875	5701324_R__2
23976	792	22982.8504125	5701324_G__1
12004	793	7005.2784	5701327_G__1
12006	794	10176.3258375	5701327_G__2
12008	795	17091.4627875	5701326_G__1
12010	796	7629.829875	5701326_G__2
5598	797	1004.4333	5700820_G__4
5600	798	21218.6534625	5700823_R__1
5602	799	457.145925	5700823_G__1
3984	800	1529.1853125	5701537_R__1
5604	801	14425.8513375	5700825_G__3
5606	802	1921.9444875	5700827_G__1
10076	803	10247.1512625	5701523_G__1
3452	804	5109.0886125	5701521_G__2
7122	805	9487.3876125	5700285_R__1
6034	806	10694.639175	5700284_R__1
6036	807	7578.320475	5700284_R__2
10098	808	20681.0241	5700281_G__1
7124	809	24634.37055	5700283_G__1
24000	810	8611.7278125	5701020_G__4
7144	811	16940.153925	5700609_R__1
7146	812	10620.5944125	5700608_R__1
7148	813	10086.1843875	5700605_G__1
7150	814	103.0188	5700604_G__1
7152	815	11538.1056	5700604_G__4
10148	816	2620.540725	5700467_R__4
10150	817	3203.2408125	5700467_G__4
10152	818	12481.3714875	5700469_R__2
10154	819	4606.8719625	5700469_R__3
10156	820	1931.6025	5700468_R__3
24082	821	17458.4672625	5700998_R__1
10218	822	8325.206775	5700991_R__1
10220	823	14722.0303875	5700991_G__1
24084	824	15037.5254625	5700992_R__1
24086	825	19457.67585	5700992_G__1
2376	826	22973.1924	5700253_R__1
2378	827	18437.1458625	5700253_G__2
5744	828	2488.5478875	5701164_R__1
5746	829	10211.73855	5701164_G__1
5748	830	1110.6714375	5701163_R__1
5750	831	16821.0384375	5701163_G__1
5752	832	12004.9095375	5701162_R__1
6238	833	16885.4251875	5700155_R__1
6240	834	4790.3742	5700155_G__2
6246	835	15948.597975	5700157_G__1
3562	836	1072.0393875	5700900_R__1
3564	837	29473.0348125	5700900_R__2
3566	838	1487.333925	5700900_G__1
8656	839	9194.4279	5701118_R__2
10878	840	2453.135175	5700153_G__2
2380	841	29022.3275625	5700259_R__1
8662	842	9342.517425	5701116_R__2
8664	843	1480.89525	5701117_R__2
8666	844	582.7000875	5701115_R__1
8668	845	1896.1897875	5601340_R__2
8670	846	2968.229175	5601340_G__2
5808	847	11155.0044375	5700766_G__4
5812	848	180.2829	5700761_R__1
1624	849	2060.376	5700643_R__1
1626	850	2530.399275	5700643_G__4
1628	851	2179.4914875	5700643_G__7
5816	852	856.343775	5700769_G__5
10470	853	17355.4484625	5701365_R__1
24166	854	12291.430575	5701360_R__1
23948	855	6515.9391	5700208_R__1
5842	856	4439.4664125	5701017_G__8
5844	857	28896.7734	5701016_G__1
5846	858	6110.302575	5701015_G__2
24176	859	18456.4618875	5700542_R__2
5858	860	0.0	5701018_R__5
5810	861	7649.1459	5700762_R__2
23978	862	15794.069775	5701634_G__1
5864	863	24009.819075	5700496_R__1
5866	864	9487.3876125	5700498_R__1
3224	865	3431.813775	5701069_G__1
11676	866	7794.0160875	5700855_G__1
11678	867	563.3840625	5700855_G__2
5900	868	7398.037575	5700943_R__1
12158	869	9065.6544	5701403_R__1
12160	870	61.1674125	5701403_G__1
12162	871	103.0188	5701404_R__1
12164	872	350.9077875	5701404_G__1
12166	873	18318.030375	5701405_R__1
12168	874	4919.1477	5701406_G__1
12170	875	8672.895225	5701407_G__1
12172	876	8144.923875	5701407_G__2
12174	877	10916.7734625	5701409_G__1
3922	878	4761.4001625	5701628_R__2
3924	879	90.14145	5701628_G__2
7542	880	6206.8827	5701239_R__1
7544	881	8103.0724875	5701239_G__4
7546	882	13907.538	5701237_G__1
7548	883	11612.1503625	5701588_R__1
7550	884	12420.204075	5701234_R__1
7552	885	218.91495	5701233_R__2
7554	886	21933.3463875	5701233_G__1
3934	887	0.0	5701625_R__1
3936	888	23176.0106625	5701625_R__3
3938	889	3171.0474375	5701625_G__2
7556	890	19811.802975	5701231_R__1
7598	891	3061.5899625	5701121_R__3
7600	892	14786.4171375	5701120_R__1
7602	893	15607.3482	5701120_G__1
7604	894	1725.5649	5701127_G__2
3978	895	9081.7510875	5701242_R__1
3980	896	25329.74745	5701242_G__1
24336	897	18054.0447	5701240_R__2
24338	898	16328.4798	5701240_G__1
1142	899	24273.80475	5701241_G__1
1146	900	6132.8379375	5701246_R__3
1148	901	13263.6705	5701246_G__1
1160	902	0.0	5701247_R__1
1162	903	16743.7743375	5701247_G__1
1164	904	0.0	5701247_G__2
8522	905	22506.3884625	5701244_G__1
3992	906	3106.6606875	5700119_R__2
7618	907	4416.93105	5700293_R__1
7620	908	10462.846875	5700293_G__1
7622	909	11930.864775	5700293_G__2
7624	910	8231.8459875	5700290_R__2
7626	911	15967.914	5700290_G__1
7628	912	28745.4645375	5700291_R__1
10824	913	21592.0966125	5700294_G__1
1272	914	7014.9364125	5701053_R__1
1278	915	5901.0456375	5701052_R__1
1280	916	1574.2560375	5701052_G__2
7638	917	14915.1906375	5701055_G__1
7640	918	5717.5434	5601339_R__2
7642	919	5224.9847625	5601339_G__2
24178	920	14487.01875	5700540_R__3
10604	921	12903.1047	5700612_G__5
4030	922	9870.488775	5701335_R__3
4032	923	7649.1459	5701335_G__2
24406	924	0.0	5700759_R__1
4034	925	5353.7582625	5700204_G__1
4036	926	6451.55235	5700207_R__1
4038	927	6622.1772375	5700207_R__4
4040	928	2250.3169125	5700206_G__1
25470	929	9561.432375	5700079_G__1
4048	930	9152.5765125	5701339_G__1
1792	931	0.0	5700474_G__2
1816	932	6480.5263875	5700472_R__1
1818	933	3290.162925	5700472_G__2
1820	934	4935.2443875	5700472_G__3
3434	935	2366.2130625	5700473_R__1
3444	936	57.948075	5700473_G__1
4218	937	2398.4064375	5700473_G__3
1848	938	9899.4628125	5700471_G__3
4042	939	4816.1289	5701338_R__1
4044	940	8618.1664875	5701338_G__1
4046	941	5907.4843125	5701338_G__3
24450	942	10395.2407875	5700505_R__3
24452	943	18318.030375	5700508_R__1
23998	944	6148.934625	5701024_G__1
24466	945	29257.3392	5700986_R__1
24468	946	7163.0259375	5700987_G__1
7744	947	20681.0241	5700985_R__5
24470	948	9297.4467	5700982_R__1
24472	949	3969.4431375	5700982_G__2
24474	950	5611.3052625	5700981_R__1
24476	951	4793.5935375	5700981_G__1
7756	952	11026.2309375	5700988_R__1
7758	953	10498.2595875	5700988_R__3
10694	954	20664.9274125	5700288_G__1
8374	955	2263.1942625	5701105_R__4
1208	956	8692.21125	5700292_R__2
1210	957	13849.589925	5700292_G__1
4592	958	13875.344625	5700375_G__1
4594	959	22660.9166625	5700376_R__1
4596	960	17587.2407625	5700376_G__1
4598	961	9921.998175	5700376_G__4
4600	962	7971.07965	5700371_R__1
4602	963	4207.6741125	5700371_G__1
4604	964	7166.245275	5700371_G__2
4348	965	6693.0026625	5700370_R__1
4350	966	4397.615025	5700370_G__1
4608	967	13614.5782875	5700373_R__1
4610	968	7459.2049875	5700373_G__1
4612	969	18195.69555	5700372_R__1
4614	970	3145.2927375	5700372_R__2
2718	971	1068.82005	5700870_G__1
8384	972	1670.8361625	5601350_G__1
12468	973	3515.51655	5701468_G__1
9332	974	22384.0536375	5701469_R__2
9334	975	13946.17005	5701469_G__1
24538	976	10559.427	5701574_G__6
24544	977	3917.9337375	5700975_R__1
24546	978	15662.0769375	5700975_G__1
2222	979	11705.51115	5701471_R__1
2224	980	16589.2461375	5701471_R__2
2226	981	12162.657075	5701471_G__1
1676	982	12851.5953	5701066_G__1
2230	983	15932.5012875	5701473_G__1
2232	984	8824.2040875	5701472_G__2
8758	985	6000.8451	5701067_G__1
12288	986	7060.0071375	5701653_G__1
2252	987	13086.6069375	5700784_R__1
2254	988	16933.71525	5700784_G__1
2256	989	80.4834375	5700786_G__1
2258	990	8943.319575	5700787_G__1
4678	991	235.0116375	5700805_R__2
4680	992	0.0	5700804_R__2
4682	993	28.9740375	5700804_G__1
25292	994	7861.622175	5700717_R__1
24090	995	3467.2264875	5700718_R__2
6176	996	25426.327575	5701378_R__1
9118	997	2053.937325	5701276_G__1
8102	998	24714.8539875	5701372_R__1
8104	999	15346.5818625	5701372_G__2
6178	1000	9464.85225	5701373_R__1
6180	1001	18968.33655	5701373_G__1
9124	1002	8029.027725	5701279_G__1
9126	1003	8379.9355125	5701278_R__1
9128	1004	14860.4619	5701278_G__1
10806	1005	26868.590775	5701376_G__2
6186	1006	16502.324025	5701374_R__3
6188	1007	19599.3267	5701374_G__1
6190	1008	27081.06705	5701375_R__1
7074	1009	7195.2193125	5700533_R__1
3060	1010	5427.803025	5700532_R__1
3062	1011	750.1056375	5700532_G__1
6200	1012	17155.8495375	5700535_G__1
6202	1013	14361.4645875	5701395_R__1
6204	1014	8569.876425	5701395_R__3
6206	1015	15790.8504375	5701395_G__1
6208	1016	1870.4350875	5701395_G__3
6210	1017	7179.122625	5701396_R__1
6212	1018	17864.1037875	5701396_G__1
6214	1019	1213.6902375	5701397_R__1
6216	1020	8247.942675	5701397_R__4
6218	1021	14992.4547375	5701397_G__1
6220	1022	12655.2157125	5701392_R__1
6222	1023	13328.05725	5701392_G__1
6224	1024	8421.7869	5701393_R__3
6226	1025	18350.22375	5701393_G__2
6228	1026	7929.2282625	5701398_R__1
6230	1027	17046.3920625	5701398_R__2
6232	1028	23124.5012625	5701399_G__1
3404	1029	27367.5880875	5701637_R__1
3406	1030	16206.144975	5701637_G__1
6234	1031	8631.0438375	5700159_G__1
6236	1032	19815.0223125	5700158_R__1
6242	1033	14783.1978	5700154_R__1
6244	1034	2775.068925	5700154_G__1
6258	1035	1503.4306125	5700150_G__1
10880	1036	6332.4368625	5700152_R__2
10882	1037	2903.842425	5700152_G__1
10884	1038	4867.6383	5700152_G__2
9176	1039	2353.3357125	5700326_G__5
9178	1040	0.0	5700327_G__1
9180	1041	15259.65975	5700324_G__1
9182	1042	4658.3813625	5700322_G__2
3408	1043	1860.777075	5701636_R__1
3410	1044	15913.1852625	5701636_R__4
2432	1045	115.89615	5700432_R__4
2434	1046	8286.574725	5700432_G__3
2436	1047	128.7735	5700433_R__2
2438	1048	9316.762725	5700433_G__2
2440	1049	534.410025	5700436_R__6
2442	1050	5682.1306875	5700436_G__1
4006	1051	28175.6418	5700437_R__1
2448	1052	12574.732275	5700434_G__1
2450	1053	14284.2004875	5700435_R__2
4312	1054	31275.8638125	5700438_R__1
4314	1055	9725.6185875	5700438_G__2
4878	1056	11718.3885	5701181_G__1
4870	1057	6625.396575	5701431_G__1
4872	1058	2234.220225	5701432_R__1
24768	1059	16608.5621625	5701228_R__1
7978	1060	14451.6060375	5701596_R__1
7980	1061	5575.89255	5701596_G__1
10118	1062	29888.32935	5701597_G__1
25442	1063	12394.449375	5701594_G__1
24784	1064	16154.635575	5701227_R__1
11040	1065	6583.5451875	5701189_R__2
11042	1066	9187.989225	5701189_R__4
11044	1067	9245.9373	5701189_G__1
11046	1068	12188.411775	5701189_G__4
7984	1069	26723.7205875	5701593_G__2
7988	1070	17732.11095	5701591_G__1
6412	1071	9876.92745	5700849_R__1
6414	1072	8296.2327375	5700849_G__1
6416	1073	2672.050125	5700848_R__3
6418	1074	4542.4852125	5700848_G__1
11082	1075	1464.7985625	5700920_G__1
2634	1076	15114.7895625	5700922_G__1
6420	1077	18852.4404	5700843_R__1
6422	1078	7356.1861875	5700842_R__1
6424	1079	3238.653525	5700846_G__1
24836	1080	25307.2120875	5701042_G__1
24840	1081	0.0	5701047_G__1
24842	1082	6139.2766125	5701047_G__2
8076	1083	28278.6606	5700661_R__1
8078	1084	24866.16285	5700661_G__1
8080	1085	23291.9068125	5700660_R__1
8082	1086	16634.3168625	5700660_G__1
11144	1087	0.0	5700585_R__1
11146	1088	0.0	5700585_G__1
11162	1089	22345.4215875	5700409_R__1
11864	1090	7597.6365	5700400_G__1
11246	1091	22277.8155	5700106_G__4
11248	1092	12584.3902875	5700104_R__1
24038	1093	1055.9427	5700069_G__1
11250	1094	13695.061725	5700103_R__2
11252	1095	22796.1288375	5700103_G__2
11254	1096	5031.8245125	5700100_R__1
11256	1097	24727.7313375	5700100_G__1
10158	1098	3637.851375	5700101_R__1
10160	1099	18842.7823875	5700101_G__1
10162	1100	5643.4986375	5700101_G__2
8140	1101	5237.8621125	5700085_G__1
8142	1102	11229.0492	5700084_R__1
8144	1103	2894.1844125	5700084_G__2
8146	1104	695.3769	5700083_R__11
8148	1105	5511.5058	5700083_G__1
8150	1106	5736.859425	5700082_G__1
8152	1107	0.0	5700081_G__1
10418	1108	6258.3921	5700363_G__2
11310	1109	4922.3670375	5700360_G__2
2794	1110	2517.521925	5700136_R__1
8222	1111	10298.6606625	5700886_R__1
6048	1112	24383.262225	5700885_G__1
12464	1113	14818.6105125	5701467_G__1
6572	1114	17274.965025	5701549_R__1
6574	1115	14519.212125	5701548_R__1
6576	1116	911.0725125	5701548_G__2
12466	1117	7018.15575	5701460_G__1
11380	1118	11583.176325	5701545_R__2
6580	1119	4600.4332875	5701544_G__2
6582	1120	17445.5899125	5701547_G__1
11386	1121	10385.582775	5701543_R__1
11388	1122	4957.77975	5701543_G__2
6584	1123	16566.710775	5701542_R__1
2864	1124	22783.2514875	5701649_R__1
2866	1125	16804.94175	5701649_G__1
2868	1126	23961.5290125	5701646_R__1
2870	1127	10440.3115125	5701646_G__1
2872	1128	9844.734075	5701645_R__2
6618	1129	18771.9569625	5700701_R__1
6620	1130	13485.8047875	5700702_R__1
6622	1131	3286.9435875	5700703_G__1
6624	1132	17754.6463125	5700704_G__1
6626	1133	8872.49415	5700707_R__1
2894	1134	21621.07065	5701263_R__1
2896	1135	6831.434175	5701265_R__1
2918	1136	3412.49775	5700680_G__1
2920	1137	11441.525475	5700680_G__4
9362	1138	13476.146775	5700137_R__1
2228	1139	3228.9955125	5701470_G__1
12504	1140	6338.8755375	5700223_R__1
12506	1141	305.8370625	5700222_R__1
12508	1142	77.2641	5700221_R__1
2996	1143	4085.3392875	5701087_G__3
2998	1144	14322.8325375	5701080_R__1
3000	1145	13340.9346	5701080_G__1
9098	1146	19673.3714625	5701651_R__2
2990	1147	13270.109175	5701084_R__1
4944	1148	1500.211275	5700589_R__1
4946	1149	634.2094875	5700589_G__1
2994	1150	4017.7332	5701086_R__1
5250	1151	3821.3536125	5701429_R__1
25302	1152	737.2282875	5701423_G__1
25308	1153	6474.0877125	5701427_G__1
3002	1154	11280.5586	5701083_R__1
11656	1155	5308.6875375	5701193_R__3
11658	1156	12738.9184875	5701194_R__4
3926	1157	2643.0760875	5701629_R__1
5286	1158	17094.682125	5701516_R__1
5288	1159	5086.55325	5701517_R__3
5290	1160	17352.229125	5701517_G__1
5292	1161	11644.3437375	5701514_R__1
5294	1162	2787.946275	5701515_R__2
5296	1163	18536.945325	5701515_G__1
24860	1164	11602.49235	5701341_G__1
8370	1165	11705.51115	5701459_G__1
10512	1166	7475.301675	5701236_R__1
10514	1167	8569.876425	5701236_R__2
10516	1168	2733.2175375	5701236_G__2
8376	1169	7246.7287125	5701104_R__1
8378	1170	222.1342875	5701104_R__2
8380	1171	3756.9668625	5601351_R__2
8382	1172	1522.7466375	5601351_G__2
3928	1173	11985.5935125	5701623_G__1
8386	1174	23443.215675	5700278_R__1
8388	1175	8296.2327375	5700279_G__1
8390	1176	12755.015175	5700279_G__2
8392	1177	21914.0303625	5700274_R__1
8394	1178	3599.219325	5700274_G__1
4548	1179	11006.9149125	5701624_R__1
4550	1180	14004.118125	5701624_R__2
4552	1181	6074.8898625	5701624_G__1
8396	1182	20188.4654625	5700277_G__1
8398	1183	827.3697375	5700277_G__2
8400	1184	9542.11635	5700270_G__1
8402	1185	26382.4708125	5700271_G__1
8404	1186	9632.2578	5700272_G__2
8406	1187	7655.584575	5700273_G__1
3940	1188	721.1316	5701626_R__2
10922	1189	20822.67495	5700673_G__1
11770	1190	13820.6158875	5700674_G__1
11772	1191	4519.94985	5700675_R__1
7928	1192	3979.10115	5700679_G__1
5374	1193	2279.29095	5701603_G__1
6434	1194	10581.9623625	5701353_R__1
11784	1195	30190.947075	5701606_G__1
11786	1196	4716.3294375	5701604_G__2
5378	1197	106.2381375	5701608_G__1
5380	1198	10082.96505	5701608_G__3
10808	1199	12107.9283375	5700620_R__1
10810	1200	16457.2533	5700620_R__2
10812	1201	1863.9964125	5700620_G__1
10814	1202	19592.888025	5700620_G__2
5398	1203	8676.1145625	5700480_R__1
5400	1204	6451.55235	5700480_R__3
11850	1205	6.438675	5701075_G__1
11852	1206	24138.592575	5701074_R__1
11854	1207	9732.0572625	5701071_G__1
11858	1208	21849.6436125	5701079_G__1
7982	1209	17899.5165	5701592_G__1
11898	1210	24959.5236375	5700091_R__1
5472	1211	7323.9928125	5700399_R__1
25484	1212	16457.2533	5700398_R__1
5474	1213	14947.3840125	5700397_R__1
5476	1214	13527.656175	5700397_G__1
5478	1215	7034.2524375	5700396_G__1
5480	1216	21173.5827375	5700395_R__1
5482	1217	441.0492375	5700395_G__2
5484	1218	10800.8773125	5700394_R__1
5486	1219	20529.7152375	5700392_R__1
7028	1220	3222.5568375	5901177_R__2
7030	1221	7076.103825	5901177_R__3
7032	1222	4935.2443875	5901177_G__2
23950	1223	9764.2506375	5802040_R__2
23996	1224	7565.443125	5802042_R__1
11956	1225	6165.0313125	5802165_G__1
11958	1226	12120.8056875	5802164_R__1
7048	1227	7481.74035	5900436_R__1
7050	1228	2643.0760875	5900430_G__1
7052	1229	8798.4493875	5900430_G__2
7054	1230	17902.7358375	5900431_R__1
7056	1231	10192.422525	5900431_G__1
9596	1232	11866.478025	5901079_G__2
7058	1233	15591.2515125	5900433_G__1
3382	1234	24827.5308	5900711_R__1
7072	1235	14705.9337	5802196_G__1
10898	1236	6635.0545875	5900206_R__4
10900	1237	6049.1351625	5900206_G__1
10232	1238	3885.7403625	5900205_R__1
10234	1239	17989.65795	5900205_R__3
10026	1240	30029.9802	5900808_R__1
10028	1241	4719.548775	5900808_G__1
10032	1242	5852.755575	5900804_R__2
10034	1243	4603.652625	5900807_G__2
3412	1244	19045.60065	5900614_R__1
3414	1245	3876.08235	5900614_R__2
3416	1246	15056.8414875	5900614_G__1
3418	1247	5051.1405375	5900614_G__4
3420	1248	6905.4789375	5900615_G__1
3422	1249	9648.3544875	5900615_G__3
3424	1250	6734.85405	5900616_G__1
3426	1251	13485.8047875	5900616_G__3
3428	1252	3460.7878125	5900617_G__4
7034	1253	27132.57645	5901174_R__1
7036	1254	24215.856675	5901175_R__1
12016	1255	7484.9596875	5901183_R__1
12018	1256	21621.07065	5901183_G__1
12020	1257	495.777975	5901181_R__1
12022	1258	16660.0715625	5901181_R__2
12024	1259	18768.737625	5901181_G__1
12026	1260	3.2193375	5901180_R__1
12028	1261	21006.1771875	5901180_R__2
12030	1262	5624.1826125	5901180_G__1
12032	1263	7526.811075	5901180_G__4
12034	1264	9609.7224375	5901185_G__1
12036	1265	22870.1736	5901184_R__1
12038	1266	4255.964175	5901184_G__1
12040	1267	7272.4834125	5901184_G__4
1226	1268	23021.4824625	5900890_R__1
1228	1269	2694.5854875	5900890_G__1
1230	1270	3341.672325	5900890_G__2
1232	1271	15443.1619875	5900891_R__1
1234	1272	16576.3687875	5900891_G__1
1236	1273	17355.4484625	5900896_R__1
1238	1274	2214.9042	5900896_G__1
1240	1275	9474.5102625	5900897_R__1
1242	1276	6586.764525	5900897_R__2
1244	1277	17072.1467625	5900897_G__1
1246	1278	15900.3079125	5900895_R__1
1248	1279	11692.6338	5900895_G__1
1250	1280	6213.321375	5900895_G__2
1256	1281	15794.069775	5900898_R__1
1258	1282	11930.864775	5900898_G__1
5642	1283	6213.321375	5901229_G__2
5644	1284	9455.1942375	5901229_G__7
4424	1285	3106.6606875	5900100_R__1
4426	1286	486.1199625	5900100_G__1
7038	1287	11058.4243125	5901178_R__2
7040	1288	10140.913125	5901179_G__2
24042	1289	299.3983875	5900975_R__5
24044	1290	3682.9221	5900975_G__1
24046	1291	4259.1835125	5900977_R__1
24048	1292	4243.086825	5900970_G__2
8566	1293	19.316025	5901257_R__4
8568	1294	7642.707225	5901257_G__1
8570	1295	7314.3348	5901256_R__4
9284	1296	14342.1485625	5901255_R__1
11286	1297	5292.59085	5901319_R__2
11288	1298	7047.1297875	5901319_G__1
11290	1299	8273.697375	5901319_G__3
10184	1300	611.674125	5901313_G__4
10190	1301	15903.52725	5901311_R__2
7784	1302	22931.3410125	5900250_R__1
7786	1303	12272.11455	5900250_G__1
9644	1304	10208.5192125	5900030_G__3
9646	1305	4690.5747375	5900031_G__1
8596	1306	23465.7510375	5901133_R__1
8598	1307	672.8415375	5901133_G__1
8600	1308	286.5210375	5901130_R__1
8602	1309	4960.9990875	5901130_G__1
8604	1310	7365.8442	5901131_R__2
8606	1311	15172.7376375	5901131_G__1
5716	1312	2063.5953375	5900570_G__1
5718	1313	20507.179875	5900572_R__1
5720	1314	3621.7546875	5900575_G__1
5722	1315	10948.9668375	5900577_R__2
5724	1316	11866.478025	5900576_R__1
1400	1317	23629.93725	5900471_R__1
1402	1318	23304.7841625	5900472_R__1
1404	1319	5476.0930875	5900472_R__2
8608	1320	19306.3669875	5900473_G__1
1406	1321	3795.5989125	5900474_R__1
1408	1322	11708.7304875	5900474_R__4
1410	1323	18903.9498	5900474_G__1
12560	1324	18128.0894625	5900325_R__1
12086	1325	22000.952475	5802097_R__1
12568	1326	7768.2613875	5802096_R__1
12570	1327	15146.9829375	5802095_R__2
12094	1328	11972.7161625	5802094_R__1
10244	1329	12606.92565	5802098_G__1
8312	1330	26102.38845	5900468_R__2
8314	1331	5205.6687375	5900468_G__1
8316	1332	1081.6974	5900468_G__2
1486	1333	19808.5836375	5900715_R__1
1488	1334	8402.470875	5900715_R__2
1490	1335	2195.588175	5900715_G__2
1492	1336	0.0	5900715_G__3
1494	1337	444.268575	5900714_R__1
1496	1338	19502.746575	5900714_R__2
1498	1339	2665.61145	5900714_G__1
1500	1340	4771.058175	5802138_R__1
1502	1341	27885.901425	5802138_G__1
1504	1342	32550.7214625	5900713_R__1
1506	1343	2816.9203125	5900713_G__1
1508	1344	2160.1754625	5900712_R__1
24120	1345	9403.6848375	5901148_G__1
2756	1346	8843.5201125	5900456_R__1
2758	1347	6796.0214625	5900456_R__2
2760	1348	7855.1835	5900456_R__4
2762	1349	3512.2972125	5900456_G__1
2764	1350	3473.6651625	5900456_G__5
3606	1351	6074.8898625	5900854_R__1
5796	1352	10855.60605	5900145_G__2
4474	1353	13196.0644125	5900149_R__3
10304	1354	6522.377775	5900782_R__1
10306	1355	24280.243425	5900787_R__1
10308	1356	1207.2515625	5900787_G__1
8708	1357	20265.7295625	5900660_R__1
10314	1358	3.2193375	5900789_G__1
3676	1359	18366.3204375	5900581_R__1
3678	1360	25674.2165625	5900581_G__1
3680	1361	18334.1270625	5900582_R__2
3682	1362	3264.408225	5900582_G__1
3684	1363	16022.6427375	5900582_G__2
3686	1364	22792.9095	5900583_G__1
24196	1365	27599.3803875	5900489_R__1
12120	1366	25220.289975	5901217_R__1
7484	1367	13534.09485	5900533_G__1
12138	1368	7584.75915	5900921_R__2
3790	1369	27435.194175	5901324_R__1
3792	1370	7053.5684625	5901324_G__3
4504	1371	26594.9470875	5901322_R__2
4506	1372	6680.1253125	5901322_G__1
3798	1373	209.2569375	5901321_R__1
3800	1374	15282.1951125	5901321_R__2
3802	1375	309.0564	5901321_G__1
3804	1376	18227.888925	5901321_G__2
3806	1377	23980.8450375	5901320_R__1
3808	1378	9780.347325	5901320_G__4
8846	1379	27470.6068875	5900287_R__1
8848	1380	4091.7779625	5900287_G__1
1774	1381	9139.6991625	5900040_R__1
1776	1382	9120.3831375	5900040_R__2
1778	1383	20375.1870375	5900043_R__2
1780	1384	9336.07875	5900042_R__4
1782	1385	12581.17095	5900042_R__6
1784	1386	0.0	5900042_G__3
1786	1387	2424.1611375	5900044_R__1
1788	1388	17233.1136375	5900044_R__3
1790	1389	0.0	5900048_R__1
24254	1390	16032.30075	5900362_R__4
7514	1391	15626.664225	5802073_R__1
3878	1392	4819.3482375	5802174_G__1
3880	1393	5456.7770625	5802175_G__2
12154	1394	14367.9032625	5802177_R__1
12156	1395	1558.15935	5802177_G__2
10478	1396	11380.3580625	5900401_R__1
10480	1397	1245.8836125	5900400_G__1
10482	1398	18240.766275	5900403_R__2
11482	1399	16338.1378125	5900404_R__1
3900	1400	10234.2739125	5901067_R__1
5906	1401	5769.0528	5900214_R__3
5908	1402	9519.5809875	5900215_R__3
5910	1403	9944.5335375	5900215_G__1
24594	1404	26823.52005	5900179_G__1
24286	1405	9870.488775	5900219_R__1
4792	1406	48.2900625	5901338_R__3
4794	1407	437.8299	5901338_G__2
11604	1408	4996.4118	5901339_R__1
11606	1409	17616.2148	5901339_R__2
11608	1410	13830.2739	5901339_G__1
7568	1411	24334.9721625	5900742_R__1
10522	1412	12771.1118625	5900743_R__1
10524	1413	2855.5523625	5900743_R__2
10526	1414	8096.6338125	5900743_R__4
10528	1415	12323.62395	5900743_G__1
10530	1416	8425.0062375	5900743_G__3
7574	1417	12510.345525	5900740_R__1
7576	1418	12552.1969125	5900740_R__2
10536	1419	11602.49235	5900741_R__1
3874	1420	5347.3195875	5802179_G__1
9744	1421	312.2757375	5900627_R__2
3986	1422	1886.531775	5901194_R__2
3988	1423	17200.9202625	5901195_R__1
3990	1424	421.7332125	5901195_G__2
5632	1425	22429.1243625	5901226_R__1
5634	1426	450.70725	5901226_G__1
3052	1427	12713.1637875	5900130_R__1
3054	1428	10115.158425	5900130_G__1
4022	1429	11145.346425	5900133_R__1
5636	1430	2713.9015125	5901227_G__1
8410	1431	6783.1441125	5900095_G__1
2046	1432	17754.6463125	5901245_G__1
6554	1433	15014.9901	5802059_G__1
12258	1434	11077.7403375	5802035_G__1
11356	1435	2855.5523625	5900427_R__1
11358	1436	8502.2703375	5900427_R__2
11360	1437	9796.4440125	5900427_G__2
9050	1438	14145.768975	5802039_G__1
6112	1439	30001.0061625	5901026_R__1
6114	1440	2810.4816375	5901027_R__8
12244	1441	17046.3920625	5900919_R__1
12246	1442	13595.2622625	5900919_G__1
7780	1443	12536.100225	5900259_R__3
7894	1444	18086.238075	5802084_G__1
4606	1445	833.8084125	5900314_G__1
6130	1446	32708.469	5802088_G__1
6132	1447	12268.8952125	5802089_R__1
7788	1448	12581.17095	5900254_G__3
7790	1449	23723.2980375	5900255_R__1
7792	1450	2987.5452	5900255_G__1
7794	1451	11814.968625	5900256_R__1
7796	1452	23588.0858625	5900257_R__1
2192	1453	18817.0276875	5900700_R__1
2194	1454	119.1154875	5900700_G__1
12274	1455	1983.1119	5900706_G__1
6148	1456	1500.211275	5901159_G__1
9082	1457	6429.0169875	5901093_R__1
6154	1458	7227.4126875	5901155_R__3
3238	1459	2327.5810125	5901156_R__1
3240	1460	2379.0904125	5901156_G__1
3242	1461	4548.9238875	5901156_G__3
6160	1462	3689.360775	5901151_G__1
3376	1463	12758.2345125	5901153_R__1
3378	1464	5469.6544125	5901153_G__1
9894	1465	0.0	5900829_R__1
9896	1466	0.0	5900829_G__1
2260	1467	12755.015175	5900677_G__2
2262	1468	14902.3132875	5900674_R__2
2264	1469	5305.4682	5900674_G__1
2266	1470	13263.6705	5900674_G__2
2268	1471	296.17905	5900672_R__5
2270	1472	8547.3410625	5900672_G__1
2272	1473	12098.270325	5900672_G__5
2274	1474	20474.9865	5900671_R__1
2276	1475	13682.184375	5900671_G__1
25356	1476	26202.1879125	5900174_G__1
24600	1477	27135.7957875	5900176_R__1
24602	1478	9300.6660375	5900176_G__1
24604	1479	14429.070675	5900176_G__2
24606	1480	21131.73135	5900171_R__1
2278	1481	1149.3034875	5900678_R__1
24610	1482	14026.6534875	5900172_R__1
24612	1483	5228.2041	5900172_R__2
24614	1484	7060.0071375	5900172_G__1
12240	1485	8940.1002375	5900917_R__1
12242	1486	24096.7411875	5900917_G__1
25426	1487	22725.3034125	5900776_R__1
5094	1488	2546.4959625	5900830_R__1
5096	1489	1793.1709875	5900831_R__3
5098	1490	5688.5693625	5900831_G__1
5100	1491	782.2990125	5900832_R__2
5102	1492	2598.0053625	5900832_G__2
7958	1493	9709.5219	5900413_G__2
11412	1494	21276.6015375	5900882_R__1
6248	1495	15645.98025	5900680_R__1
6250	1496	10260.0286125	5900680_G__1
7142	1497	28455.7241625	5900687_R__2
24690	1498	22496.73045	5900522_R__1
24694	1499	13695.061725	5900521_R__1
4786	1500	27190.524525	5900956_R__1
24172	1501	9992.8236	5901335_G__1
24174	1502	3332.0143125	5901335_G__2
10932	1503	19148.61945	5901337_R__2
10934	1504	7868.06085	5901337_G__2
24712	1505	7230.632025	5900359_R__4
6318	1506	3930.8110875	5900358_G__3
2430	1507	17748.2076375	5900293_R__1
11318	1508	9815.7600375	5900193_G__1
10578	1509	16460.4726375	5900191_G__2
10110	1510	14226.2524125	5900190_G__2
9212	1511	14918.409975	5900055_R__1
9214	1512	6457.991025	5900055_G__1
7486	1513	24238.3920375	5900532_G__1
7942	1514	8334.8647875	5901115_R__1
7946	1515	8685.772575	5901115_G__1
7948	1516	5154.1593375	5900418_G__3
11004	1517	8360.6194875	5901051_R__2
11006	1518	19528.501275	5901050_R__1
11008	1519	11023.0116	5901050_G__1
7950	1520	24267.366075	5900414_G__2
7952	1521	25748.261325	5900415_R__2
7954	1522	19460.8951875	5900415_G__3
7956	1523	22055.6812125	5900412_G__1
11010	1524	13015.7815125	5901054_R__1
10834	1525	2620.540725	5901056_R__2
11012	1526	8254.38135	5900221_R__1
11014	1527	25329.74745	5900223_R__1
11016	1528	17751.426975	5900222_R__1
11018	1529	12001.6902	5900222_R__2
11020	1530	2723.559525	5900222_G__1
11022	1531	630.99015	5900222_G__2
11024	1532	21556.6839	5900229_R__2
7990	1533	10652.7877875	5900733_G__1
4616	1534	10234.2739125	5900319_R__2
11054	1535	8672.895225	5900638_G__1
7996	1536	5463.2157375	5900737_G__1
7998	1537	21260.50485	5900734_R__1
8000	1538	9503.4843	5900738_G__3
4892	1539	3953.34645	5900637_R__1
8842	1540	13994.4601125	5900289_R__1
8844	1541	10887.799425	5900289_G__1
8070	1542	5868.8522625	5900084_R__1
4942	1543	9136.479825	5900129_R__1
8084	1544	11348.1646875	5900642_R__1
8086	1545	12333.2819625	5900640_R__1
25480	1546	13257.231825	5900993_R__1
24884	1547	10256.809275	5900992_R__1
24886	1548	9461.6329125	5900991_G__1
8108	1549	25300.7734125	5900399_R__1
2708	1550	1065.6007125	5901277_R__1
2710	1551	6232.6374	5901277_G__1
12430	1552	5385.9516375	5901276_R__2
12432	1553	6499.8424125	5901276_R__3
12434	1554	2266.4136	5901276_R__5
12436	1555	3782.7215625	5901278_R__3
12438	1556	6261.6114375	5901278_G__1
10078	1557	26150.6785125	5900018_R__1
10080	1558	17217.01695	5900018_G__1
8116	1559	2585.1280125	5900397_G__1
2766	1560	360.5658	5900455_R__1
2768	1561	13405.32135	5900455_G__1
11282	1562	9310.32405	5901017_R__3
11284	1563	25056.1037625	5901010_R__2
6518	1564	21450.4457625	5900519_R__1
6520	1565	2681.7081375	5900518_G__2
6522	1566	2131.201425	5900512_G__1
6524	1567	17519.634675	5900511_R__1
6526	1568	10826.6320125	5900510_G__1
6528	1569	2298.606975	5900517_R__1
1704	1570	10041.1136625	5900515_R__1
1706	1571	6966.64635	5900515_G__1
24982	1572	11196.855825	5900303_R__3
2806	1573	13975.1440875	5900290_G__2
11354	1574	8721.1852875	5802058_G__1
3872	1575	2099.00805	5802178_R__1
2826	1576	2118.324075	5901080_G__5
2086	1577	26443.638225	5901081_R__1
2088	1578	21089.8799625	5901081_G__1
2832	1579	6705.8800125	5901086_G__1
2834	1580	18810.5890125	5901087_G__2
2836	1581	17506.757325	5901084_G__1
2838	1582	16029.0814125	5901085_G__1
25016	1583	3164.6087625	5901161_G__1
25018	1584	2079.692025	5901160_G__4
25032	1585	9.6580125	5901280_R__1
25034	1586	14074.94355	5901281_R__1
25036	1587	3241.8728625	5901282_R__1
25038	1588	8537.68305	5901282_G__1
5104	1589	17574.3634125	5900833_R__1
5106	1590	241.4503125	5900833_R__2
8252	1591	13971.92475	5901287_R__1
6158	1592	4906.27035	5901150_R__1
24268	1593	1796.390325	5901104_G__1
9336	1594	22493.5111125	5900602_R__1
9338	1595	1290.9543375	5900602_G__1
9340	1596	11711.949825	5900607_R__1
9342	1597	2221.342875	5900607_G__1
9344	1598	14796.07515	5900606_R__1
9346	1599	9931.6561875	5900606_G__1
11436	1600	9233.05995	5900768_G__1
11444	1601	2369.4324	5900764_G__1
11446	1602	15031.0867875	5900765_R__1
11448	1603	11035.88895	5900762_R__1
5122	1604	20945.009775	5802203_G__1
5124	1605	18646.4028	5802201_R__2
5126	1606	4214.1127875	5802201_G__1
5128	1607	3222.5568375	5802201_G__2
5130	1608	1963.795875	5802201_G__4
5132	1609	334.8111	5802204_R__1
25124	1610	5643.4986375	5901232_R__1
2980	1611	8077.3177875	5900119_R__1
2488	1612	2620.540725	5900878_R__1
25182	1613	15926.0626125	5900696_R__2
25184	1614	5060.79855	5900696_G__2
25186	1615	70.825425	5900697_G__1
5164	1616	18752.6409375	5900494_R__2
5166	1617	9281.3500125	5900495_R__1
5170	1618	10865.2640625	5900499_R__1
5172	1619	10720.393875	5900499_G__4
11736	1620	392.759175	5900098_G__1
11738	1621	6915.13695	5900098_G__2
5308	1622	3612.096675	5901301_R__5
5310	1623	4565.020575	5901301_G__1
11544	1624	318.7144125	5900340_G__1
3056	1625	1909.0671375	5900029_G__1
3384	1626	5421.36435	5900028_G__1
6764	1627	7227.4126875	5900181_R__2
6766	1628	20349.4323375	5900182_R__1
6768	1629	25973.61495	5900182_G__1
6770	1630	14148.9883125	5900183_R__2
6776	1631	6354.972225	5900189_R__1
6778	1632	12610.1449875	5900189_G__2
24074	1633	11035.88895	5901128_R__2
25284	1634	9107.5057875	5901127_G__1
25286	1635	20674.585425	5901126_R__1
25288	1636	6673.6866375	5901126_G__1
5246	1637	20043.595275	5901049_R__2
11618	1638	4223.7708	5900469_G__2
25294	1639	22667.3553375	5900540_R__1
25296	1640	3708.6768	5900541_G__3
25298	1641	11225.8298625	5900541_G__4
25300	1642	15649.1995875	5900543_R__1
11626	1643	12912.7627125	5900467_R__1
11628	1644	824.1504	5900467_R__2
7346	1645	4259.1835125	5900466_R__2
11636	1646	5749.736775	5900465_R__2
11362	1647	11499.47355	5900426_R__1
11364	1648	6010.5031125	5900426_R__2
11366	1649	11171.101125	5900426_G__1
11662	1650	18414.6105	5900727_G__1
12084	1651	16643.974875	5802092_R__1
25388	1652	18536.945325	5900173_R__1
12562	1653	17461.6866	5900320_R__1
2280	1654	9036.6803625	5900679_R__2
2282	1655	3631.4127	5900679_G__2
2284	1656	12117.58635	5900679_G__5
12088	1657	28423.5307875	5900321_R__1
12090	1658	4510.2918375	5900321_G__1
12092	1659	19721.661525	5900322_R__1
12572	1660	15633.1029	5900323_R__1
12574	1661	15723.24435	5900323_G__1
9496	1662	2820.13965	5900849_R__2
25406	1663	4719.548775	5900151_G__1
5352	1664	7565.443125	5900155_R__2
5354	1665	2578.6893375	5900154_R__2
5938	1666	3827.7922875	5900815_G__1
10840	1667	64.38675	5900096_R__2
9962	1668	3650.728725	5900094_G__3
3192	1669	360.5658	5900846_R__1
3194	1670	5250.7394625	5900846_G__1
5362	1671	5975.0904	5900795_R__1
5364	1672	16907.96055	5900794_R__2
5366	1673	389.5398375	5900794_G__1
5368	1674	22963.5343875	5900791_G__1
5370	1675	412.0752	5900792_G__1
25416	1676	10459.6275375	5900654_R__1
25418	1677	3544.4905875	5900655_G__1
25420	1678	13340.9346	5900656_R__2
6872	1679	26234.3812875	5900984_G__1
6874	1680	3039.0546	5900980_G__2
6886	1681	11747.3625375	5901341_G__1
6888	1682	7404.47625	5901340_G__1
6890	1683	3785.9409	5901343_R__2
6892	1684	270.42435	5901343_G__1
6894	1685	4561.8012375	5901342_R__1
6896	1686	15381.994575	5901342_R__2
6898	1687	11950.1808	5901342_G__1
6900	1688	3232.21485	5901342_G__2
3268	1689	8132.046525	5901266_G__1
3270	1690	15974.352675	5901266_G__2
3272	1691	9.6580125	5901264_R__2
5190	1692	6792.802125	5901300_R__3
25312	1693	7813.3321125	5901009_G__1
6984	1694	4507.0725	5901003_G__1
5306	1695	643.8675	5901004_R__4
8408	1696	14854.023225	5900276_G__1
25414	1697	29843.258625	5900274_R__2
24900	1698	13653.2103375	5900504_G__1
11828	1699	495.777975	5900075_R__1
11830	1700	8161.0205625	5900075_G__1
11930	1701	12478.15215	5900076_G__1
1954	1702	3837.4503	5001067_R__2
1956	1703	5221.765425	5001067_G__1
1958	1704	3167.8281	5001067_G__3
2090	1705	7478.5210125	5001066_R__2
4418	1706	5846.3169	5001060_R__4
3352	1707	19373.973075	5001069_R__1
10010	1708	25085.0778	5001012_R__1
10012	1709	637.428825	5001013_G__1
3386	1710	824.1504	5001461_R__1
8516	1711	12748.5765	5000015_G__1
8518	1712	12381.572025	5000014_G__1
8930	1713	11393.2354125	5000016_R__1
5210	1714	16318.8217875	5000506_R__4
5216	1715	7372.282875	5000504_G__1
2542	1716	18569.1387	5000502_R__1
24008	1717	12890.22735	5000641_G__2
11582	1718	9419.781525	5001191_R__1
11584	1719	20436.35445	5001191_G__1
24014	1720	11946.9614625	5000647_R__1
24016	1721	8605.2891375	5000647_G__1
24018	1722	9191.2085625	5000648_R__1
24020	1723	6860.4082125	5000648_G__2
24636	1724	8656.7985375	5000649_R__5
24638	1725	8344.5228	5000649_G__1
7136	1726	1802.829	5000500_G__1
7138	1727	3563.8066125	5000500_G__2
10122	1728	6329.217525	5000337_R__1
5666	1729	21569.56125	5000086_R__1
1282	1730	14416.193325	5000161_R__1
1284	1731	6161.811975	5000160_G__1
8542	1732	2845.89435	5000741_R__1
8544	1733	7900.254225	5000741_R__2
8546	1734	15050.4028125	5000741_G__1
8548	1735	6142.49595	5000740_R__1
8550	1736	11087.39835	5000743_R__2
8552	1737	6738.0733875	5000743_G__1
2518	1738	3679.7027625	5000742_R__3
2520	1739	9703.083225	5000742_G__1
2522	1740	5260.397475	5000742_G__2
8554	1741	15832.701825	5000745_R__1
8556	1742	2214.9042	5000744_R__1
8558	1743	24621.4932	5000744_G__1
5670	1744	13102.703625	5000460_R__3
1316	1745	17696.6982375	5001692_G__1
1318	1746	9110.725125	5001693_G__1
1320	1747	16186.82895	5001695_G__1
5226	1748	11328.8486625	5000509_R__1
1326	1749	0.0	5000346_G__1
1328	1750	537.6293625	5000340_R__1
1330	1751	3389.9623875	5000340_R__2
1332	1752	10456.4082	5000340_G__1
10180	1753	18456.4618875	5000831_G__1
10182	1754	14876.5585875	5000837_G__2
10186	1755	5833.43955	5000835_R__2
10188	1756	7166.245275	5000835_R__3
8586	1757	4880.51565	5001765_R__1
8588	1758	0.0	5001765_R__6
8590	1759	0.0	5001765_G__6
5674	1760	6380.726925	5000264_R__1
5676	1761	6857.188875	5000264_G__1
5680	1762	12320.4046125	5000262_R__1
5682	1763	20703.5594625	5000262_G__1
5686	1764	6132.8379375	5000260_G__3
5688	1765	470.023275	5000261_G__1
5690	1766	14557.844175	5000261_G__4
10208	1767	14329.2712125	5000510_R__1
10210	1768	16975.5666375	5000511_G__1
24096	1769	5080.114575	5001114_G__2
24098	1770	15938.9399625	5001113_R__2
7424	1771	7398.037575	5000220_G__1
5780	1772	20056.472625	5000889_R__1
3652	1773	22448.4403875	5000121_G__1
3654	1774	2974.66785	5000120_R__3
3656	1775	22915.244325	5000120_G__1
3722	1776	23526.91845	5000383_G__1
12116	1777	3905.0563875	5001720_R__1
12118	1778	5337.661575	5001722_G__1
7426	1779	7298.2381125	5000221_R__1
7428	1780	22.5353625	5000226_R__1
24956	1781	5907.4843125	5000967_R__1
24958	1782	21923.688375	5000967_R__2
24960	1783	2749.314225	5000967_G__2
24204	1784	12977.1494625	5000851_R__1
7434	1785	962.5819125	5000228_R__1
7436	1786	11525.22825	5000228_R__2
7438	1787	0.0	5000228_G__2
4496	1788	228.5729625	5000385_R__1
3724	1789	5546.9185125	5000386_R__1
7482	1790	35731.4269125	5000550_G__1
10788	1791	35325.7903875	5000551_G__1
4186	1792	2070.0340125	5000902_G__3
1762	1793	9764.2506375	5000900_R__1
1764	1794	14412.9739875	5000900_G__1
3394	1795	21360.3043125	5000905_R__1
3396	1796	9142.9185	5000905_G__2
4524	1797	13070.51025	5000257_R__1
4526	1798	8090.1951375	5000257_R__3
4528	1799	2868.4297125	5000257_G__2
4530	1800	8959.4162625	5000256_R__2
3824	1801	418.513875	5000255_G__1
3826	1802	15427.0653	5000255_G__5
3828	1803	21250.8468375	5000254_R__1
3830	1804	8447.5416	5000254_G__3
3832	1805	7166.245275	5000253_R__1
3834	1806	7439.8889625	5000253_R__4
3836	1807	15343.362525	5000253_G__2
3838	1808	6799.2408	5001659_G__2
9728	1809	16734.116325	5000709_G__1
7494	1810	3383.5237125	5000313_R__3
7496	1811	11505.912225	5000310_R__2
7498	1812	11412.5514375	5000311_R__3
7500	1813	4268.841525	5000311_G__2
3850	1814	11959.8388125	5001074_R__1
3852	1815	20175.5881125	5001075_R__1
9732	1816	21048.028575	5001076_G__2
9734	1817	10478.9435625	5001077_R__1
9736	1818	1162.1808375	5001077_G__1
3860	1819	18289.0563375	5001071_R__1
3862	1820	9944.5335375	5001071_G__1
3864	1821	2733.2175375	5001071_G__3
7922	1822	11158.223775	5001141_R__7
9738	1823	15179.1763125	5001078_R__1
6304	1824	6982.7430375	5000852_R__4
6548	1825	10565.865675	5000339_R__1
9740	1826	19184.0321625	5001478_G__1
9742	1827	28491.136875	5001479_G__1
3914	1828	2958.5711625	5001472_R__5
3916	1829	1516.3079625	5001472_G__1
3918	1830	2952.1324875	5001474_R__1
3920	1831	17799.7170375	5001474_G__1
4226	1832	5534.0411625	5000008_G__1
1944	1833	11589.615	5000002_G__2
1946	1834	10414.5568125	5000003_G__1
4800	1835	1432.6051875	5000246_R__1
4802	1836	21904.37235	5000246_G__3
1952	1837	0.0	5000004_G__1
24344	1838	30342.2559375	5000183_G__1
24518	1839	29250.900525	5000187_R__2
24914	1840	10520.79495	5000186_G__2
9010	1841	23584.866525	5000174_R__1
9012	1842	2791.1656125	5000174_G__2
9014	1843	6255.1727625	5000172_G__2
11124	1844	8959.4162625	5000074_R__2
10384	1845	17365.106475	5000073_R__1
7738	1846	10044.333	5000822_R__1
10058	1847	18820.247025	5000071_R__1
10628	1848	3286.9435875	5000070_R__1
7734	1849	315.495075	5000820_G__1
7736	1850	8045.1244125	5000820_G__5
2052	1851	6049.1351625	5001758_R__2
2054	1852	4284.9382125	5001758_R__3
2056	1853	2594.786025	5001758_G__2
10676	1854	4423.369725	5000218_G__1
2058	1855	74.0447625	5001750_R__1
2068	1856	5640.2793	5001757_R__1
6086	1857	8009.7117	5001039_G__1
6088	1858	15549.400125	5000523_R__1
6090	1859	20175.5881125	5000523_G__1
6092	1860	16499.1046875	5000522_R__1
6094	1861	1471.2372375	5000522_G__1
6096	1862	4516.7305125	5000525_R__2
6098	1863	2546.4959625	5000525_G__3
6100	1864	22564.3365375	5000524_R__1
6102	1865	19035.9426375	5000527_R__1
6104	1866	3074.4673125	5000527_R__2
6106	1867	21060.905925	5000527_G__1
6108	1868	13917.1960125	5000526_R__2
6110	1869	18556.26135	5000526_G__1
10692	1870	6750.9507375	5001035_G__1
2092	1871	15114.7895625	5001535_G__1
2096	1872	16734.116325	5001537_R__6
2402	1873	16914.399225	5000957_R__2
2404	1874	15066.4995	5000957_G__1
4258	1875	7014.9364125	5001531_R__1
2308	1876	8418.5675625	5000953_R__1
2310	1877	8804.8880625	5000953_R__2
2312	1878	21572.7805875	5000953_G__2
24056	1879	20967.5451375	5000958_R__1
3718	1880	5263.6168125	5000381_G__1
6372	1881	18714.0088875	5000457_R__1
12254	1882	0.0	5000595_R__1
12256	1883	9574.309725	5000595_G__1
9068	1884	5756.17545	5000597_R__1
24512	1885	13849.589925	5000459_R__1
9898	1886	4226.9901375	5000138_G__1
9900	1887	21057.6865875	5000138_G__2
9902	1888	16643.974875	5000139_G__1
9906	1889	11966.2774875	5000136_R__3
9908	1890	11254.8039	5000136_G__1
9910	1891	16093.4681625	5000137_R__2
9912	1892	13794.8611875	5000134_G__1
9914	1893	9735.2766	5000135_G__1
9936	1894	0.0	5000390_G__1
24660	1895	5978.3097375	5000626_R__1
25126	1896	22812.225525	5000627_R__1
25128	1897	1995.98925	5000627_G__1
24054	1898	521.532675	5000625_R__2
4736	1899	21167.1440625	5001718_R__1
4738	1900	18685.03485	5001718_G__1
9946	1901	2588.34735	5001715_G__1
24250	1902	22400.150325	5001714_R__1
4760	1903	15037.5254625	5001716_R__1
24680	1904	7433.4502875	5000142_R__1
24682	1905	11441.525475	5000142_R__3
24684	1906	872.4404625	5000141_R__3
24686	1907	9052.77705	5000140_R__4
24488	1908	31089.1422375	5000954_R__2
3630	1909	32225.568375	5000764_R__1
7908	1910	395.9785125	5000763_R__2
7910	1911	12526.4422125	5000763_G__1
3640	1912	12323.62395	5000762_G__1
3642	1913	10916.7734625	5000762_G__2
7912	1914	6796.0214625	5000761_R__1
24490	1915	5266.83615	5000956_R__2
24492	1916	10610.9364	5000956_R__3
2098	1917	1696.5908625	5001536_R__1
2100	1918	17316.8164125	5001536_G__1
2102	1919	3431.813775	5001536_G__2
7764	1920	9513.1423125	5000950_G__1
7766	1921	0.0	5000950_G__2
10830	1922	8247.942675	5000850_R__1
3876	1923	2231.0008875	5001143_R__1
24274	1924	4838.6642625	5000855_G__1
24280	1925	11499.47355	5000856_R__4
9190	1926	77.2641	5000910_R__1
9192	1927	1281.296325	5000910_R__2
2420	1928	444.268575	5000911_G__1
9194	1929	4932.02505	5000912_R__1
2422	1930	6055.5738375	5000913_R__2
2424	1931	5971.8710625	5000913_G__2
9198	1932	4806.4708875	5000914_G__1
4796	1933	7465.6436625	5000712_R__1
9746	1934	4960.9990875	5001668_R__2
10958	1935	7813.3321125	5000710_R__1
10960	1936	15571.9354875	5000710_G__1
10962	1937	5604.8665875	5000240_R__3
4806	1938	1200.8128875	5000241_G__1
10964	1939	0.0	5000242_R__1
10966	1940	347.68845	5000715_G__1
4016	1941	5237.8621125	5000248_R__4
4018	1942	9680.5478625	5000248_G__1
4020	1943	13836.712575	5000248_G__3
4028	1944	9223.4019375	5000249_R__1
4822	1945	19232.322225	5001041_R__1
4828	1946	16132.1002125	5001042_R__1
4830	1947	4297.8155625	5001042_G__1
1310	1948	9880.1467875	5001690_G__1
12250	1949	6664.028625	5000599_R__2
12252	1950	1126.768125	5000599_G__1
1136	1951	20867.745675	5000452_G__1
1768	1952	965.80125	5000906_R__1
12384	1953	8904.687525	5000292_G__1
12386	1954	1876.8737625	5000291_R__2
12388	1955	21289.4788875	5000294_R__2
12390	1956	23423.89965	5000294_G__2
9724	1957	9036.6803625	5000704_R__1
8434	1958	15018.2094375	5000809_G__1
9726	1959	2820.13965	5000707_R__2
6468	1960	7237.0707	5000060_G__1
24870	1961	24647.2479	5000061_G__1
9282	1962	7346.528175	5000723_G__1
9286	1963	540.8487	5000724_R__1
9288	1964	4394.3956875	5000724_G__2
8096	1965	25303.99275	5000817_R__1
8098	1966	18636.7447875	5000816_R__1
8100	1967	13408.5406875	5000811_G__1
11218	1968	25114.0518375	5000810_R__1
10000	1969	994.7752875	5000819_G__6
3844	1970	45.070725	5001657_R__1
3846	1971	5231.4234375	5001657_G__4
10176	1972	627.7708125	5000838_R__3
11258	1973	70.825425	5000832_R__1
12442	1974	23159.913975	5000432_G__1
12444	1975	8402.470875	5000431_G__1
12446	1976	11605.7116875	5000430_R__1
12448	1977	20410.59975	5000430_G__1
10262	1978	5134.8433125	5000530_G__1
24950	1979	7961.4216375	5000960_R__1
12450	1980	3097.002675	5001521_R__1
24962	1981	25046.44575	5000966_R__1
24964	1982	21466.54245	5000968_R__3
24966	1983	1072.0393875	5000968_G__4
11300	1984	4037.049225	5000334_R__1
11302	1985	688.938225	5000334_G__3
6532	1986	4362.2023125	5000336_R__1
6534	1987	2124.76275	5000336_G__2
3482	1988	26250.477975	5000330_R__1
6544	1989	6039.47715	5000332_R__1
11322	1990	6416.1396375	5000338_R__1
2828	1991	0.0	5000265_R__2
2830	1992	997.994625	5000265_G__2
8592	1993	0.0	5001760_R__1
8594	1994	0.0	5001760_G__1
6588	1995	18411.3911625	5001007_R__1
6590	1996	12066.07695	5001007_G__1
6592	1997	19431.92115	5001006_R__1
6594	1998	13154.213025	5001006_G__1
8274	1999	35560.802025	5000799_G__1
8276	2000	23678.2273125	5000792_R__1
8278	2001	20748.6301875	5000793_G__1
8282	2002	27335.3947125	5000794_G__1
11506	2003	8389.593525	5000158_R__1
11508	2004	708.25425	5000159_G__2
11510	2005	3074.4673125	5000154_G__1
11512	2006	2282.5102875	5000155_G__1
11514	2007	6.438675	5000156_G__1
11516	2008	1165.400175	5000157_G__1
11518	2009	1680.494175	5000153_G__1
25188	2010	8582.753775	5000774_G__1
4254	2011	3171.0474375	5001756_R__2
4256	2012	9999.262275	5001756_G__2
11520	2013	7626.6105375	5001689_R__1
11524	2014	3776.2828875	5001683_G__1
23938	2015	17970.341925	5000476_R__1
23940	2016	8495.8316625	5000476_G__2
24692	2017	19493.0885625	5000475_G__1
8280	2018	9622.5997875	5000797_G__1
3004	2019	6712.3186875	5000925_G__1
3006	2020	21469.7617875	5000924_R__1
3014	2021	4874.076975	5000923_G__2
11542	2022	8727.6239625	5000486_R__2
3182	2023	4490.9758125	5000849_R__5
3308	2024	5704.66605	5000846_R__2
3310	2025	1278.0769875	5000846_G__2
6758	2026	7671.6812625	5000847_R__2
6760	2027	2520.7412625	5000847_G__1
6762	2028	6950.5496625	5000845_R__1
8302	2029	7282.141425	5001776_G__2
8304	2030	13856.0286	5001775_R__1
11570	2031	26691.5272125	5001197_G__1
11572	2032	16676.16825	5001196_R__1
11574	2033	14165.085	5001196_G__1
5212	2034	6058.793175	5000505_R__1
5214	2035	8775.914025	5000505_R__2
11576	2036	154.5282	5001194_G__1
11578	2037	12049.9802625	5001194_G__2
5218	2038	3000.42255	5000503_R__1
11580	2039	7114.735875	5001192_G__1
10120	2040	4912.709025	5001058_G__4
11586	2041	26826.7393875	5001190_R__1
11588	2042	25049.6650875	5001190_G__1
11590	2043	23807.0008125	5001056_G__3
11592	2044	14644.7662875	5001057_R__1
11594	2045	10189.2031875	5001199_G__2
6964	2046	70.825425	5000546_R__4
6966	2047	25490.714325	5000546_G__1
10260	2048	840.2470875	5001451_G__3
5252	2049	4754.9614875	5001456_R__1
7312	2050	61.1674125	5001454_G__1
6980	2051	24003.3804	5001495_G__1
8340	2052	6271.26945	5001513_R__1
2982	2053	24215.856675	5001510_R__1
2984	2054	29337.8226375	5001510_G__1
25190	2055	20021.0599125	5000775_R__1
2112	2056	8006.4923625	5001532_G__3
11912	2057	11373.9193875	5000976_R__1
25348	2058	6924.7949625	5000776_G__1
25402	2059	573.042075	5000890_R__1
11532	2060	8605.2891375	5001684_G__1
9498	2061	5582.331225	5000114_G__1
9500	2062	0.0	5000115_G__1
9502	2063	13678.9650375	5000117_R__1
9504	2064	8257.6006875	5000117_G__1
10068	2065	131.9928375	5000118_G__1
3212	2066	11129.2497375	5000119_G__1
11266	2067	26839.6167375	5001666_R__1
11780	2068	17316.8164125	5000059_G__1
11782	2069	13746.571125	5000058_R__1
11798	2070	16157.8549125	5000057_G__3
3226	2071	3042.2739375	5000738_R__2
3228	2072	14226.2524125	5000738_R__5
3230	2073	1902.6284625	5000738_G__1
3232	2074	12719.6024625	5000738_G__3
3234	2075	11377.138725	5000739_R__1
3236	2076	22091.093925	5000739_G__3
4388	2077	13070.51025	5000737_R__1
4390	2078	15777.9730875	5000737_G__2
8426	2079	11959.8388125	5000803_R__1
8428	2080	19187.2515	5000806_R__1
8430	2081	21910.811025	5000807_G__1
8432	2082	6564.2291625	5000808_G__1
11838	2083	2192.3688375	5000239_R__1
11840	2084	762.9829875	5000239_R__2
11842	2085	7549.3464375	5000238_G__1
11844	2086	2833.017	5000238_G__2
5220	2087	20355.8710125	5000501_R__1
12600	2088	5604.8665875	5000600_G__1
12602	2089	67.6060875	5000601_G__1
12604	2090	4442.68575	5000602_R__4
12606	2091	131.9928375	5000602_G__2
12608	2092	10456.4082	5000603_G__1
6952	2093	12384.7913625	5000549_G__1
6954	2094	8772.6946875	5000548_R__4
6956	2095	5244.3007875	5000548_G__1
11820	2096	13089.826275	5001129_R__1
11822	2097	3963.0044625	5001129_G__1
6962	2098	537.6293625	5000542_R__1
3292	2099	17120.436825	5000428_G__1
5244	2100	19155.058125	5000544_G__1
6972	2101	24006.5997375	5001496_R__1
6974	2102	3232.21485	5001496_G__2
6976	2103	24058.1091375	5001497_R__1
6978	2104	13592.042925	5001494_G__1
6982	2105	25300.7734125	5001491_R__1
5198	2106	15958.2559875	5001672_R__1
5200	2107	26308.42605	5001672_G__2
6986	2108	3686.1414375	5001498_G__2
6988	2109	20162.7107625	5001499_G__1
11740	2110	1883.3124375	5000874_R__8
11914	2111	12407.326725	5000974_R__1
11916	2112	4542.4852125	5000975_R__1
11918	2113	25342.6248	5000972_R__1
11920	2114	241.4503125	5000972_G__3
11922	2115	11412.5514375	5000973_G__3
11924	2116	8611.7278125	5000971_R__2
11926	2117	5125.1853	5000971_G__5
25476	2118	7539.688425	5000304_R__1
25508	2119	666.4028625	5000307_R__4
25510	2120	18514.4099625	5000306_R__2
25486	2121	6277.708125	5000309_G__4
25488	2122	10195.6418625	5000308_G__3
9586	2123	13263.6705	5001644_R__2
9588	2124	12445.958775	5001644_G__3
9590	2125	8627.8245	5001643_G__1
3334	2126	11370.70005	5001642_R__3
9964	2127	11126.0304	5600078_R__1
9966	2128	7587.9784875	5600078_G__1
24002	2129	96.580125	5600677_R__1
24004	2130	11995.251525	5600677_G__1
23954	2131	8862.8361375	5600674_R__1
24022	2132	5971.8710625	5600673_R__1
24026	2133	18089.4574125	5600672_G__1
23958	2134	9104.28645	5600671_G__2
11974	2135	3467.2264875	5600807_R__3
11976	2136	540.8487	5600807_G__1
11978	2137	2913.5004375	5600807_G__2
11980	2138	15404.5299375	5600807_G__3
11982	2139	6486.9650625	5600800_R__1
11984	2140	659.9641875	5600800_R__2
11986	2141	15761.8764	5600800_G__1
11988	2142	8540.9023875	5600800_G__2
12000	2143	3248.3115375	5600809_R__1
12002	2144	19142.180775	5600809_R__2
23982	2145	5897.8263	5600414_R__1
8112	2146	22712.4260625	5600341_R__1
8114	2147	5485.7511	5600341_G__1
7126	2148	14767.1011125	5600527_G__2
7128	2149	22219.867425	5600521_R__1
7130	2150	13328.05725	5600521_G__2
7132	2151	12278.553225	5600528_G__2
7134	2152	27422.316825	5600091_G__1
24024	2153	7163.0259375	5501523_G__3
24658	2154	21943.0044	5501522_G__1
8126	2155	9722.39925	5501490_R__1
5224	2156	5711.104725	5600720_G__1
1594	2157	13856.0286	5600563_G__1
3498	2158	24000.1610625	5501621_G__4
24066	2159	3502.6392	5601230_R__1
7190	2160	16560.2721	5601231_G__1
11268	2161	12349.37865	5601232_G__2
2862	2162	3602.4386625	5600633_G__1
3848	2163	10971.5022	5600632_G__1
3996	2164	14557.844175	5600631_R__2
2882	2165	4648.72335	5600630_G__1
2884	2166	18668.9381625	5600637_R__1
2886	2167	2607.663375	5600637_G__1
3954	2168	13334.495925	5600636_G__1
1362	2169	0.0	5600635_R__2
1364	2170	11328.8486625	5600635_G__1
1366	2171	2372.6517375	5600635_G__2
5706	2172	6580.32585	5600732_R__1
1368	2173	23275.810125	5600639_R__1
1370	2174	15922.843275	5600639_G__1
1372	2175	13443.9534	5600638_R__1
1374	2176	6538.4744625	5600638_G__1
24080	2177	15224.2470375	5600736_G__3
8768	2178	7980.7376625	5501477_R__2
8770	2179	9709.5219	5501477_G__1
7252	2180	13640.3329875	5601122_G__1
1454	2181	10710.7358625	5600184_R__2
1456	2182	6400.04295	5600184_G__1
1458	2183	19792.48695	5600184_G__2
1462	2184	6515.9391	5600181_R__2
1464	2185	22892.7089625	5600181_G__1
3294	2186	6316.340175	5600180_R__1
3296	2187	15868.1145375	5600180_G__1
5754	2188	99.7994625	5600028_R__1
1476	2189	7401.2569125	5600182_R__3
1478	2190	0.0	5600182_G__2
1480	2191	22155.480675	5600182_G__3
1586	2192	9130.04115	5600569_R__1
1588	2193	30409.862025	5600569_G__1
5792	2194	5620.963275	5600111_G__1
7672	2195	11415.770775	5501533_R__1
7674	2196	2581.908675	5501533_G__1
24390	2197	13753.0098	5600127_R__1
7684	2198	7871.2801875	5501537_R__1
5788	2199	9909.120825	5600112_G__1
1590	2200	1126.768125	5600568_R__5
1592	2201	27663.7671375	5600568_G__1
8688	2202	1162.1808375	5600291_R__1
8690	2203	1773.8549625	5600291_R__3
1596	2204	7105.0778625	5600562_R__1
1598	2205	29836.81995	5600562_G__1
1600	2206	20320.4583	5600561_R__1
1602	2207	5810.9041875	5600295_R__1
1604	2208	4925.586375	5600295_R__4
1606	2209	1107.4521	5600295_G__1
1608	2210	12748.5765	5600295_G__3
3658	2211	4278.4995375	5600294_R__1
1612	2212	20027.4985875	5600565_R__1
1614	2213	13179.967725	5600565_G__1
4428	2214	22049.2425375	5501449_R__1
5814	2215	1387.5344625	5501407_R__1
1610	2216	10562.6463375	5600566_R__1
8696	2217	10771.903275	5600297_R__1
8714	2218	952.9239	5501582_G__1
8716	2219	4790.3742	5501582_G__7
8718	2220	1316.7090375	5501580_R__1
8720	2221	482.900625	5501580_R__4
8722	2222	2221.342875	5501587_R__1
8724	2223	3602.4386625	5501587_G__1
8726	2224	7977.518325	5501584_G__7
1652	2225	27116.4797625	5600360_G__1
8738	2226	12185.1924375	5600167_R__2
10378	2227	25403.7922125	5600166_G__1
8742	2228	11657.2210875	5600165_G__1
10382	2229	26559.534375	5600206_R__1
6674	2230	12474.9328125	5501516_R__2
6676	2231	779.079675	5501516_R__6
8760	2232	1236.2256	5501479_R__1
8762	2233	15385.2139125	5501479_G__1
8764	2234	2617.3213875	5501478_R__2
8766	2235	16988.4439875	5501478_G__1
8772	2236	296.17905	5501476_R__1
8774	2237	18524.067975	5501476_G__1
8776	2238	6831.434175	5501475_R__3
8778	2239	12384.7913625	5501475_G__1
8780	2240	7623.3912	5501474_R__2
8782	2241	5028.605175	5501474_G__1
8784	2242	6068.4511875	5501473_R__2
8786	2243	14683.3983375	5501473_G__3
3778	2244	5984.7484125	5600943_G__1
5876	2245	22883.05095	5601087_G__1
24236	2246	3238.653525	5601085_R__1
5878	2247	9139.6991625	5601082_G__2
5880	2248	14651.2049625	5601081_G__1
8834	2249	23604.18255	5601169_G__1
4188	2250	0.0	5601165_R__1
4190	2251	11805.3106125	5601165_R__2
4192	2252	15282.1951125	5601166_G__1
4194	2253	23250.055425	5601167_R__1
4196	2254	6928.0143	5601167_G__1
8858	2255	23678.2273125	5501619_G__1
8872	2256	19740.97755	5501614_R__1
7502	2257	5492.189775	5600063_R__1
7504	2258	22928.121675	5600063_G__1
7506	2259	21530.9292	5600060_G__1
7508	2260	23198.546025	5600061_R__1
7510	2261	5862.4135875	5600066_G__1
8228	2262	11309.5326375	5600065_G__1
8894	2263	13617.797625	5601015_R__1
8896	2264	9.6580125	5601015_G__1
8902	2265	7742.5066875	5601018_G__1
8904	2266	11087.39835	5601019_G__1
4546	2267	17020.6373625	5600831_R__1
10574	2268	573.042075	5600497_R__3
3974	2269	28590.9363375	5600496_R__1
1100	2270	8705.0886	5600495_R__1
1102	2271	1870.4350875	5600495_R__4
1104	2272	16167.512925	5600495_G__1
1106	2273	206.0376	5600495_G__2
1108	2274	0.0	5600495_G__3
1110	2275	1870.4350875	5600495_G__4
3982	2276	13318.3992375	5600499_G__1
4556	2277	14625.4502625	5600498_R__1
24340	2278	11682.9757875	5600883_G__4
1334	2279	11618.5890375	5600243_R__1
1336	2280	28928.966775	5600243_G__1
7644	2281	3119.5380375	5600240_R__1
7646	2282	12977.1494625	5600240_G__1
7648	2283	21324.8916	5600241_G__1
7654	2284	5794.8075	5601337_R__1
7656	2285	3396.4010625	5601337_R__2
7658	2286	5373.0742875	5601337_G__1
7660	2287	3290.162925	5601337_G__2
24102	2288	888.53715	5600086_R__1
24104	2289	5781.93015	5600086_G__1
24040	2290	9857.611425	5600087_G__1
7668	2291	12677.751075	5501532_R__1
7670	2292	9200.866575	5501532_G__1
7676	2293	11386.7967375	5501530_G__3
7678	2294	251.108325	5501531_R__2
7680	2295	5356.9776	5501531_G__1
7682	2296	9889.8048	5501536_G__1
12196	2297	13901.099325	5600089_R__2
7686	2298	8582.753775	5501535_G__1
9812	2299	6921.575625	5501384_R__1
9814	2300	5392.3903125	5501384_G__1
9018	2301	3315.917625	5501383_G__1
11352	2302	3097.002675	5600688_R__2
4098	2303	7304.6767875	5600237_R__1
9806	2304	9474.5102625	5600236_R__1
4100	2305	2427.380475	5501388_G__2
24434	2306	25851.280125	5600338_R__1
24394	2307	23710.4206875	5600339_R__1
24396	2308	5080.114575	5600339_G__1
24438	2309	7475.301675	5600336_R__1
24440	2310	8692.21125	5600336_G__1
24408	2311	11583.176325	5600337_R__2
24410	2312	5894.6069625	5600337_G__3
25268	2313	12668.0930625	5600334_R__3
25270	2314	11180.7591375	5600334_G__1
24442	2315	8273.697375	5600335_R__2
12232	2316	23649.253275	5600333_R__1
4104	2317	10527.233625	5600239_G__1
9020	2318	2820.13965	5501382_G__1
24460	2319	18813.80835	5501543_R__1
9042	2320	7964.640975	5600991_G__4
4126	2321	15349.8012	5501362_G__1
8744	2322	19592.888025	5600164_R__1
9208	2323	11361.0420375	5601051_R__1
9210	2324	14564.28285	5601051_G__1
4578	2325	914.29185	5601052_G__1
9844	2326	14940.9453375	5601053_R__2
4582	2327	13096.26495	5601055_G__1
9846	2328	24151.469925	5601056_R__1
9228	2329	20574.7859625	5601057_R__1
6142	2330	20903.1583875	5600056_G__1
4124	2331	13685.4037125	5501364_R__2
12264	2332	14474.1414	5600758_R__1
12268	2333	4326.7896	5600756_G__1
12270	2334	2295.3876375	5600756_G__3
12272	2335	5160.5980125	5600757_R__1
4128	2336	8544.121725	5501360_R__3
4130	2337	2684.927475	5501360_G__1
12284	2338	4433.0277375	5600286_R__5
12286	2339	1915.5058125	5600287_R__2
12290	2340	344.4691125	5600285_G__1
9102	2341	7359.405525	5600579_R__1
2072	2342	8122.3885125	5600990_G__1
12298	2343	26855.713425	5600577_G__1
25474	2344	13521.2175	5501489_R__1
6184	2345	267.2050125	5600878_G__1
2322	2346	28140.2290875	5501599_R__1
11742	2347	4565.020575	5600451_G__1
2324	2348	3637.851375	5501591_R__2
2326	2349	1664.3974875	5501592_R__1
2328	2350	13089.826275	5501592_R__2
2330	2351	11196.855825	5501592_G__2
2332	2352	2520.7412625	5501593_R__2
2334	2353	2073.25335	5501593_G__1
2336	2354	15797.2891125	5501596_R__1
2338	2355	8299.452075	5501597_R__1
2340	2356	4349.3249625	5600373_R__3
2342	2357	18002.5353	5600373_R__4
2344	2358	817.711725	5600371_R__1
2346	2359	12107.9283375	5600371_G__1
2348	2360	4803.25155	5600371_G__3
4286	2361	4616.529975	5600376_R__1
4288	2362	3245.0922	5600376_R__2
4290	2363	3531.6132375	5600376_G__1
4292	2364	8032.2470625	5600376_G__2
4294	2365	634.2094875	5600376_G__3
4296	2366	15597.6901875	5600378_R__1
4298	2367	5012.5084875	5600378_R__3
4300	2368	26417.883525	5600379_R__4
4302	2369	16148.1969	5600379_G__1
12324	2370	11940.5227875	5601154_R__1
12326	2371	8602.0698	5601154_G__1
12330	2372	1696.5908625	5601150_R__1
12332	2373	6380.726925	5601150_G__1
12334	2374	4790.3742	5601152_G__1
6296	2375	4210.89345	5600307_G__3
6298	2376	1876.8737625	5600306_G__4
6300	2377	1384.315125	5600305_R__1
6302	2378	9374.7108	5600305_R__2
4404	2379	9319.9820625	5601253_G__1
24716	2380	11879.355375	5601251_G__2
2454	2381	18350.22375	5501601_R__1
2456	2382	2997.2032125	5501601_G__3
4102	2383	441.0492375	5600717_R__1
24726	2384	10047.5523375	5600718_R__1
25428	2385	12577.9516125	5600719_G__1
24730	2386	3991.9785	5600659_G__1
24732	2387	14081.382225	5600658_G__1
4342	2388	0.0	5601023_R__1
4344	2389	4207.6741125	5601023_G__1
2536	2390	7130.8325625	5601022_R__1
2538	2391	11035.88895	5601022_G__1
2540	2392	579.48075	5601025_G__1
24428	2393	3785.9409	5600433_G__1
4452	2394	3496.200525	5600110_R__2
24724	2395	5221.765425	5600434_G__1
24772	2396	18788.05365	5600828_G__1
24464	2397	3402.8397375	5600432_R__1
24774	2398	13959.0474	5600826_G__1
24776	2399	3541.27125	5600826_G__2
24778	2400	4536.0465375	5600827_R__2
24780	2401	13472.9274375	5600824_R__1
24782	2402	12899.8853625	5600824_G__1
4886	2403	10337.2927125	5600823_G__2
4888	2404	3734.4315	5600823_G__3
11112	2405	14744.56575	5601327_G__1
11424	2406	1754.5389375	5601325_G__1
4938	2407	605.23545	5601280_R__1
4940	2408	14847.58455	5601280_R__2
8060	2409	13456.83075	5600501_G__2
8062	2410	3991.9785	5600503_R__1
8064	2411	6406.481625	5600502_R__1
8066	2412	9072.093075	5600502_G__1
8068	2413	26932.977525	5600504_R__1
4948	2414	8837.0814375	5501427_R__1
4950	2415	7111.5165375	5501427_G__1
4952	2416	9928.43685	5600130_R__1
4954	2417	6525.5971125	5600130_G__3
4956	2418	7977.518325	5600131_R__1
4958	2419	14461.26405	5600131_G__1
6146	2420	12172.3150875	5600059_G__1
11230	2421	19580.010675	5600220_R__1
8118	2422	9152.5765125	5501497_G__1
8120	2423	4632.6266625	5501497_G__3
8122	2424	0.0	5501491_R__1
8124	2425	2874.8683875	5501491_G__1
4996	2426	13556.6302125	5501559_R__3
4998	2427	15736.1217	5501559_G__1
5000	2428	418.513875	5501559_G__2
5002	2429	14602.9149	5501554_G__1
5004	2430	12259.2372	5501555_R__1
5006	2431	7047.1297875	5501555_R__3
5008	2432	13138.1163375	5501555_G__1
5010	2433	21418.2523875	5501556_R__1
5012	2434	13334.495925	5501557_R__2
12266	2435	13575.9462375	5600759_R__1
24068	2436	8917.564875	5601233_R__1
24070	2437	15275.7564375	5601233_G__1
2754	2438	18330.907725	5600960_G__1
5014	2439	30178.069725	5601060_G__1
5016	2440	7832.6481375	5601063_R__4
5018	2441	13575.9462375	5601063_G__3
25446	2442	8943.319575	5600359_R__1
25448	2443	15980.79135	5600359_G__1
2810	2444	4693.794075	5600761_G__1
2812	2445	13041.5362125	5600760_R__1
2814	2446	13543.7528625	5600760_R__2
2816	2447	8041.905075	5600760_G__1
2818	2448	21962.320425	5600763_R__1
2820	2449	17497.0993125	5600762_R__1
2822	2450	25062.5424375	5600764_R__1
2824	2451	23555.8924875	5600764_G__1
4562	2452	1081.6974	5501577_G__1
24382	2453	16180.390275	5600128_G__1
1344	2454	0.0	5600985_R__2
1346	2455	13414.9793625	5600985_G__1
12472	2456	3451.1298	5600810_G__1
11116	2457	25735.383975	5601323_G__1
1348	2458	17226.6749625	5600984_R__1
1350	2459	0.0	5600984_G__3
1352	2460	3776.2828875	5600984_G__4
25088	2461	5962.21305	5501480_R__1
25090	2462	21122.0733375	5501480_G__1
25102	2463	4616.529975	5600860_G__1
1376	2464	19129.303425	5600989_G__1
1354	2465	8837.0814375	5600987_G__1
6662	2466	11277.3392625	5601319_R__1
6664	2467	12008.128875	5601319_G__1
6666	2468	5968.651725	5601317_G__1
6668	2469	1931.6025	5601315_G__1
9364	2470	11934.0841125	5600380_G__2
6672	2471	27821.514675	5501514_G__1
12500	2472	11232.2685375	5600147_R__2
12502	2473	3312.6982875	5600147_R__3
6678	2474	9094.6284375	5501517_R__1
6680	2475	8476.5156375	5501517_G__1
6682	2476	18279.398325	5501517_G__2
10298	2477	20417.038425	5600262_G__1
9366	2478	367.004475	5501450_R__2
9368	2479	11377.138725	5501450_R__3
9370	2480	5173.4753625	5501450_G__4
3008	2481	2630.1987375	5601147_R__1
3010	2482	13035.0975375	5601147_R__3
3012	2483	4680.916725	5601147_G__1
3020	2484	1925.163825	5601148_R__1
3022	2485	8717.96595	5601148_R__2
3024	2486	1925.163825	5601148_G__1
2748	2487	2430.5998125	5600610_R__1
2750	2488	2890.965075	5600610_G__1
2752	2489	2227.78155	5600610_G__2
10088	2490	17027.0760375	5600646_R__1
10090	2491	3.2193375	5600646_R__2
10092	2492	26305.2067125	5600646_G__1
10112	2493	7105.0778625	5600643_R__1
11428	2494	9616.1611125	5600641_R__1
25060	2495	19029.5039625	5600648_R__1
25062	2496	18314.8110375	5600648_G__1
9440	2497	2665.61145	5601033_G__1
10816	2498	9641.9158125	5601071_R__2
10818	2499	22664.136	5601071_G__1
5266	2500	14651.2049625	5600859_G__1
5268	2501	15150.202275	5600858_R__1
7512	2502	17233.1136375	5600856_G__1
11666	2503	18678.596175	5600032_G__1
11904	2504	15085.815525	5600034_R__1
11906	2505	11914.7680875	5600034_G__1
10576	2506	11654.00175	5600036_R__1
5312	2507	28072.623	5601298_R__1
5314	2508	6004.0644375	5601298_G__1
5316	2509	894.975825	5601292_R__1
5318	2510	0.0	5601292_R__2
5320	2511	10147.3518	5601293_R__2
5322	2512	1033.4073375	5601290_R__1
5324	2513	26688.307875	5601291_R__1
5326	2514	0.0	5601291_R__2
5328	2515	14293.8585	5601291_G__1
5330	2516	5067.237225	5601296_R__1
5332	2517	7729.6293375	5601296_R__2
5334	2518	10755.8065875	5601297_R__1
5336	2519	15394.871925	5601297_R__3
5338	2520	24978.8396625	5601294_R__1
5340	2521	614.8934625	5601294_G__1
5342	2522	25.7547	5601295_R__1
5344	2523	4877.2963125	5601295_G__3
10786	2524	27361.1494125	5600457_G__1
5346	2525	22741.4001	5600456_R__1
5348	2526	3148.512075	5600456_G__1
5350	2527	5530.821825	5600454_G__3
11744	2528	10411.337475	5600519_G__2
10826	2529	5749.736775	5600516_R__2
10828	2530	7932.4476	5600516_G__2
11750	2531	8943.319575	5600517_R__3
5358	2532	21691.896075	5600109_R__1
25412	2533	11151.7851	5600108_G__1
10974	2534	9909.120825	5600459_R__1
11774	2535	5456.7770625	5501415_G__1
11776	2536	15649.1995875	5501411_R__1
11778	2537	25175.21925	5501410_R__1
12328	2538	8734.0626375	5601151_G__1
25444	2539	24096.7411875	5600358_G__1
5396	2540	29250.900525	5600210_R__1
25462	2541	15182.39565	5600356_R__1
25464	2542	11837.5039875	5501482_R__1
25466	2543	12626.241675	5501483_R__1
25468	2544	17732.11095	5501483_G__1
25104	2545	17873.7618	5501481_G__1
3288	2546	4989.973125	5600608_R__1
3290	2547	16788.8450625	5600608_G__1
9578	2548	11934.0841125	5600600_G__1
6746	2549	7330.4314875	5601229_G__2
9580	2550	17220.2362875	5600604_R__3
9582	2551	3950.1271125	5600604_G__1
9584	2552	5350.538925	5600605_G__1
11616	2553	14068.504875	5601072_R__3
11630	2554	3924.3724125	5601070_R__4
11632	2555	5714.3240625	5601070_G__1
11634	2556	447.4879125	5601070_G__3
1472	2557	10552.988325	5600183_R__3
1474	2558	827.3697375	5600183_G__2
25494	2559	51.5094	5601271_R__1
5466	2560	7562.2237875	5601278_G__2
24378	2561	14078.1628875	5600129_R__1
24380	2562	5128.4046375	5600129_G__2
25248	2563	9432.658875	5500219_G__1
10014	2564	27422.316825	5501189_R__1
5544	2565	5456.7770625	5501188_G__1
5546	2566	25349.063475	5501187_R__1
5548	2567	3576.6839625	5501185_R__3
5550	2568	4809.690225	5501184_R__2
5552	2569	7703.8746375	5501183_R__1
5554	2570	6911.9176125	5501181_R__3
5588	2571	7996.83435	5500162_R__1
10050	2572	16035.5200875	5401993_G__6
10052	2573	3051.93195	5401991_G__1
10054	2574	14393.6579625	5401990_G__5
10056	2575	21286.25955	5401994_R__1
11568	2576	19109.9874	5500602_G__1
5624	2577	4751.74215	5500291_R__1
5626	2578	18160.2828375	5500291_G__1
5628	2579	12623.0223375	5500292_R__1
5630	2580	6705.8800125	5500293_R__2
2142	2581	18520.8486375	5500294_G__1
2154	2582	15401.3106	5500295_R__1
5638	2583	582.7000875	5500297_R__2
5640	2584	86.9221125	5500298_G__1
10108	2585	5086.55325	5402077_G__1
5646	2586	29827.1619375	5500760_G__1
8538	2587	16965.908625	5500440_R__2
2416	2588	17471.3446125	5500442_R__1
2418	2589	22866.9542625	5500442_G__1
4732	2590	14969.919375	5500704_R__1
9304	2591	31282.3024875	5500888_R__1
9306	2592	27744.250575	5500888_G__1
4734	2593	23877.8262375	5500705_R__1
8612	2594	9068.8737375	5500531_R__1
8614	2595	12880.5693375	5500531_G__1
7254	2596	10015.3589625	5501304_G__2
1622	2597	1439.0438625	5501307_R__3
8618	2598	9558.2130375	5500532_G__1
8620	2599	8920.7842125	5500532_G__3
7262	2600	5012.5084875	5501303_G__1
11722	2601	119.1154875	5501302_R__1
11724	2602	1474.456575	5501302_R__4
1436	2603	5788.368825	5402154_R__1
12576	2604	11444.7448125	5402155_G__1
1438	2605	5218.5460875	5402153_R__1
8534	2606	24653.686575	5402151_R__1
8536	2607	29485.9121625	5402151_G__1
8638	2608	901.4145	5401950_R__1
8640	2609	22780.03215	5401950_G__1
7302	2610	936.8272125	5500126_G__1
6908	2611	12822.6212625	5500643_G__1
7348	2612	8885.3715	5500016_R__1
7350	2613	7848.744825	5500016_G__1
7352	2614	24428.33295	5500017_R__1
7354	2615	7781.1387375	5500017_G__1
7356	2616	7076.103825	5500014_G__2
3638	2617	19348.218375	5500396_R__1
9688	2618	17777.181675	5500408_R__2
9690	2619	7584.75915	5500408_G__2
4106	2620	13060.8522375	5500500_R__6
10772	2621	1252.3222875	5500501_R__2
10774	2622	920.730525	5500501_G__1
3698	2623	8264.0393625	5402026_G__3
3700	2624	3486.5425125	5402026_G__4
3702	2625	952.9239	5402025_R__1
3704	2626	14660.862975	5402025_R__6
3706	2627	13215.3804375	5402022_R__1
3708	2628	0.0	5402022_R__4
3714	2629	3122.757375	5402021_G__1
1664	2630	10115.158425	5501279_R__4
7430	2631	2227.78155	5500655_G__1
11534	2632	7732.848675	5500658_R__2
11536	2633	2626.9794	5500658_R__5
11538	2634	6599.641875	5500658_G__3
24208	2635	4536.0465375	5500496_R__1
12122	2636	2929.597125	5500710_R__1
12124	2637	27869.8047375	5500710_G__1
3754	2638	18163.502175	5500712_R__1
3756	2639	8083.7564625	5500712_G__1
12126	2640	6400.04295	5500715_G__2
12128	2641	869.221125	5500715_G__4
12130	2642	21328.1109375	5500714_R__1
12132	2643	19290.2703	5500714_G__1
3758	2644	27380.4654375	5500971_R__1
3764	2645	14763.881775	5500973_G__2
3766	2646	9973.507575	5500972_G__1
1690	2647	1851.1190625	5501293_R__1
1692	2648	560.164725	5501293_G__1
1694	2649	4552.143225	5501293_G__3
3768	2650	10185.98385	5500974_R__1
3770	2651	5862.4135875	5500974_G__1
3772	2652	20784.0429	5500977_R__1
3774	2653	17500.31865	5500979_G__2
3776	2654	3576.6839625	5500979_G__5
7584	2655	20487.86385	5401984_R__1
12140	2656	23729.7367125	5500574_G__4
3784	2657	8608.508475	5402110_R__1
3786	2658	447.4879125	5402110_R__5
3788	2659	14725.249725	5402110_G__3
1134	2660	11232.2685375	5500046_R__2
4532	2661	16170.7322625	5500375_R__1
3962	2662	15520.4260875	5500257_R__1
4534	2663	8086.9758	5500373_G__3
3842	2664	5006.0698125	5500370_R__2
4202	2665	14802.513825	5501121_G__2
1798	2666	9638.696475	5501125_R__1
1800	2667	4857.9802875	5501124_R__3
4208	2668	2997.2032125	5501127_R__6
4210	2669	17287.842375	5501127_G__1
4212	2670	103.0188	5501126_R__1
4214	2671	2668.8307875	5501126_R__4
4216	2672	16769.5290375	5501126_G__1
1810	2673	16647.1942125	5501129_R__2
1812	2674	4925.586375	5501129_R__3
1814	2675	7140.490575	5501129_G__1
9170	2676	25661.3392125	5501282_R__2
9172	2677	13666.0876875	5501282_G__1
24980	2678	26829.958725	5500258_G__1
11324	2679	4004.85585	5500259_R__1
11326	2680	12977.1494625	5500259_G__1
8906	2681	7224.19335	5501055_R__2
8910	2682	5086.55325	5501056_G__2
8924	2683	2858.7717	5501058_G__1
10502	2684	7005.2784	5501192_G__2
7562	2685	19837.557675	5401988_R__1
7564	2686	20481.425175	5401989_R__2
7566	2687	23204.9847	5401989_G__1
3960	2688	11341.7260125	5401980_G__1
7578	2689	1516.3079625	5401981_R__1
7580	2690	17406.9578625	5401981_G__1
7582	2691	15095.4735375	5401981_G__2
8940	2692	45.070725	5500051_R__1
8942	2693	22586.8719	5500056_R__1
7586	2694	3995.1978375	5401985_R__3
7588	2695	16041.9587625	5401985_G__1
7590	2696	13946.17005	5401985_G__2
7592	2697	2552.9346375	5401986_R__1
7594	2698	33136.6408875	5401986_G__1
24370	2699	6664.028625	5402060_R__1
7932	2700	3187.144125	5500201_R__2
23960	2701	27081.06705	5500759_G__1
6018	2702	4481.3178	5500758_G__1
24386	2703	3641.0707125	5500755_R__6
24144	2704	18839.56305	5500756_R__2
24392	2705	21640.386675	5500020_R__1
2048	2706	23510.8217625	5402016_G__1
10662	2707	8695.4305875	5501228_R__3
10664	2708	5144.501325	5501228_G__1
10666	2709	2630.1987375	5501228_G__6
10652	2710	6612.519225	5501227_R__5
10654	2711	9976.7269125	5501227_G__1
10656	2712	5559.7958625	5501224_R__1
9030	2713	8296.2327375	5402018_R__2
9032	2714	7826.2094625	5402018_G__2
9034	2715	8389.593525	5402017_G__2
9036	2716	6229.4180625	5402013_G__1
9038	2717	9419.781525	5402012_R__1
2050	2718	3785.9409	5402011_G__1
10668	2719	16737.3356625	5501229_R__1
10670	2720	3602.4386625	5501229_G__1
10672	2721	8003.273025	5501229_G__2
10674	2722	3380.304375	5501229_G__5
6074	2723	4809.690225	5500333_G__4
6076	2724	2037.8406375	5500331_R__1
6078	2725	0.0	5500330_R__2
6080	2726	1806.0483375	5500330_G__3
2216	2727	23275.810125	5501009_R__1
2218	2728	0.0	5501009_R__2
7750	2729	19895.50575	5501007_R__1
7752	2730	13666.0876875	5501004_R__1
7754	2731	22722.084075	5501005_R__1
7432	2732	1371.437775	5500657_G__1
12248	2733	16.0966875	5402128_R__1
3882	2734	2063.5953375	5402081_R__3
3884	2735	10134.47445	5402081_G__3
9064	2736	8051.5630875	5500528_R__1
9066	2737	11402.893425	5500529_R__2
4262	2738	26491.9282875	5500524_R__2
6084	2739	1529.1853125	5500334_G__2
4540	2740	1120.32945	5402088_R__2
2150	2741	1084.9167375	5402126_R__1
9070	2742	1284.5156625	5402125_R__2
4264	2743	4127.190675	5500521_R__1
4266	2744	8495.8316625	5500521_R__2
4268	2745	9847.9534125	5500521_G__1
2158	2746	14335.7098875	5401948_G__1
2160	2747	11467.280175	5401949_R__1
2162	2748	9078.53175	5401945_R__1
2164	2749	13460.0500875	5401946_G__1
2166	2750	14242.3491	5401941_G__1
2168	2751	2150.51745	5401942_R__1
2170	2752	19637.95875	5401943_G__1
24588	2753	9413.34285	5500063_G__1
24590	2754	849.9051	5500062_R__2
24592	2755	2981.106525	5500062_G__1
24596	2756	27615.477075	5500066_R__1
24598	2757	3486.5425125	5500065_G__1
25440	2758	2871.64905	5500068_G__1
9154	2759	10794.4386375	5501263_R__2
9156	2760	7909.9122375	5501263_G__1
7476	2761	16917.6185625	5500879_R__1
24656	2762	907.853175	5402052_R__2
9608	2763	6873.2855625	5402051_R__1
9610	2764	11029.450275	5402051_G__1
9938	2765	5115.5272875	5402054_R__1
9940	2766	19213.0062	5402059_G__1
10836	2767	13456.83075	5500517_G__1
2372	2768	0.0	5501268_R__5
2374	2769	11283.7779375	5501268_G__1
9152	2770	15694.2703125	5501269_G__1
4430	2771	23015.0437875	5500701_R__1
12316	2772	3528.3939	5501264_R__1
12318	2773	2746.0948875	5501264_G__1
12320	2774	6583.5451875	5501265_G__1
7966	2775	18266.520975	5500841_G__1
7342	2776	22.5353625	5501329_R__1
7344	2777	5730.42075	5501329_G__1
9164	2778	11573.5183125	5501280_G__1
9166	2779	16135.31955	5501281_R__2
9168	2780	4278.4995375	5501281_G__1
9174	2781	12400.88805	5501283_G__1
6286	2782	9007.706325	5501323_R__2
6288	2783	26668.99185	5501323_G__1
7974	2784	9216.9632625	5500842_R__2
7416	2785	77.2641	5501325_R__1
7418	2786	6548.132475	5501325_G__1
4788	2787	0.0	5500562_R__1
1132	2788	7446.3276375	5500049_R__1
4790	2789	0.0	5500561_G__1
8540	2790	22165.1386875	5500445_R__1
3210	2791	16611.7815	5500438_R__1
7930	2792	12481.3714875	5500202_G__1
10976	2793	9497.045625	5501032_R__1
10978	2794	26862.1521	5501031_G__1
10980	2795	10375.9247625	5501030_R__1
10982	2796	24425.1136125	5501030_G__1
9224	2797	16241.5576875	5501131_R__1
9226	2798	13598.4816	5501131_G__1
6122	2799	18697.9122	5402084_G__1
6124	2800	13540.533525	5402086_G__1
4724	2801	141.65085	5500845_R__1
4726	2802	289.740375	5500845_R__3
4728	2803	9744.9346125	5500845_G__2
4730	2804	6145.7152875	5500845_G__4
24670	2805	4542.4852125	5500516_G__1
4768	2806	8698.649925	5500846_R__2
7968	2807	15571.9354875	5500840_G__1
7970	2808	13212.1611	5500843_R__1
7972	2809	5434.2417	5500843_G__2
11028	2810	23501.16375	5500849_G__1
11030	2811	18836.3437125	5500848_G__2
6128	2812	7404.47625	5500932_G__4
4500	2813	17931.709875	5402111_R__1
4502	2814	13994.4601125	5402111_G__6
2152	2815	14110.3562625	5500520_G__1
10658	2816	1777.0743	5501223_R__1
4536	2817	4523.1691875	5500372_R__1
4538	2818	2585.1280125	5500372_G__6
3840	2819	4977.095775	5500371_R__1
8110	2820	2443.4771625	5501251_R__7
2716	2821	1860.777075	5402007_G__2
6502	2822	9554.9937	5500329_G__5
24214	2823	9107.5057875	5500970_R__2
24216	2824	10118.3777625	5500970_G__3
5020	2825	2855.5523625	5501084_R__1
5022	2826	8640.70185	5501085_G__1
24972	2827	4487.756475	5500922_R__1
24976	2828	10617.375075	5500925_G__1
24978	2829	1979.8925625	5500925_G__2
9310	2830	12172.3150875	5500881_G__1
9312	2831	22290.69285	5500880_R__1
25432	2832	20294.7036	5500928_R__1
25434	2833	3138.8540625	5500928_R__5
12458	2834	7926.008925	5500882_G__1
12462	2835	24344.630175	5401979_G__1
5044	2836	9155.79585	5500315_R__1
12452	2837	27985.7008875	5500889_R__1
6918	2838	1023.749325	5500646_R__1
6920	2839	2314.7036625	5500646_G__1
6922	2840	3702.238125	5500646_G__2
5134	2841	28922.5281	5402040_R__2
5136	2842	7668.461925	5402040_G__1
6082	2843	0.0	5500335_R__1
6924	2844	5263.6168125	5500645_G__1
6926	2845	0.0	5500645_G__3
6932	2846	1426.1665125	5500649_R__1
11400	2847	2945.6938125	5501011_R__2
6934	2848	2024.9632875	5500319_R__1
6936	2849	12787.20855	5500319_G__1
8258	2850	7655.584575	5500076_G__1
8260	2851	6538.4744625	5500076_G__2
8262	2852	12616.5836625	5500077_R__1
8264	2853	238.230975	5500078_R__2
11430	2854	1860.777075	5500078_G__2
25132	2855	8573.0957625	5500773_G__2
25134	2856	4925.586375	5500772_R__1
25136	2857	11550.98295	5500772_G__1
6654	2858	24689.0992875	5500771_R__1
6656	2859	25996.1503125	5500771_G__1
5144	2860	14870.1199125	5500770_R__1
5146	2861	23591.3052	5500770_G__1
25142	2862	4217.332125	5500777_R__4
25144	2863	26485.4896125	5500777_G__1
25146	2864	22899.1476375	5500776_R__1
25148	2865	15047.183475	5500776_G__1
25150	2866	25120.4905125	5500775_G__1
25152	2867	22648.0393125	5500774_G__1
5148	2868	17905.955175	5500778_R__1
5150	2869	23945.432325	5500778_G__1
25192	2870	18037.9480125	5500696_R__1
25194	2871	3357.7690125	5500697_R__2
25196	2872	21476.2004625	5500697_G__1
25200	2873	12986.807475	5501332_G__3
25202	2874	25732.1646375	5501333_R__2
25204	2875	11126.0304	5501333_G__3
25206	2876	177.0635625	5501334_G__1
25208	2877	17139.75285	5501334_G__2
25210	2878	1551.720675	5501335_G__2
25260	2879	4661.6007	5500215_R__3
8306	2880	3802.0375875	5501063_R__2
8308	2881	2765.4109125	5501063_G__1
24974	2882	688.938225	5500927_R__1
8616	2883	8959.4162625	5500533_R__1
2544	2884	22664.136	5501191_G__1
8328	2885	0.0	5500853_G__2
6478	2886	14129.6722875	5500850_G__1
3510	2887	25976.8342875	5500851_G__1
8330	2888	19390.0697625	5500856_R__1
8332	2889	3592.78065	5500856_G__1
8334	2890	8376.716175	5500857_G__1
8336	2891	12239.921175	5500854_G__1
8338	2892	10520.79495	5500855_G__1
11642	2893	6422.5783125	5402148_R__1
11644	2894	22103.971275	5402148_G__1
3266	2895	8811.3267375	5402039_G__1
11668	2896	9274.9113375	5500131_R__2
11670	2897	4706.671425	5500131_G__2
25198	2898	24061.328475	5501330_G__1
6830	2899	24882.2595375	5501306_G__1
7260	2900	10469.28555	5501301_R__6
12460	2901	3750.5281875	5500885_G__1
12610	2902	7600.8558375	5402105_G__1
12612	2903	6802.4601375	5402105_G__3
25400	2904	18839.56305	5500698_G__1
25404	2905	19522.0626	5500699_G__1
25212	2906	11914.7680875	5501336_G__1
11746	2907	16418.62125	5401896_R__1
11748	2908	8482.9543125	5401896_G__1
11752	2909	19554.255975	5401894_R__1
11754	2910	13666.0876875	5401895_R__1
11756	2911	15456.0393375	5401895_G__1
11758	2912	15307.9498125	5401892_R__2
11760	2913	8041.905075	5401893_R__6
11762	2914	9600.064425	5401893_G__1
11764	2915	12420.204075	5401893_G__2
3202	2916	23668.5693	5500435_R__1
3204	2917	4194.7967625	5500436_R__1
10660	2918	7745.726025	5501221_R__3
6854	2919	347.68845	5501308_G__1
4694	2920	8244.7233375	5500145_G__2
11802	2921	16090.248825	5500797_G__1
11804	2922	18250.4242875	5500798_G__1
1902	2923	12433.081425	5500052_R__1
1904	2924	11460.8415	5500052_R__2
1906	2925	20581.2246375	5500053_R__1
8436	2926	5830.2202125	5501240_G__1
8438	2927	16859.6704875	5501241_R__1
6910	2928	0.0	5500641_G__2
6912	2929	5865.632925	5500640_G__1
6914	2930	1480.89525	5500647_R__2
6916	2931	2829.7976625	5500647_G__2
6928	2932	1416.5085	5500644_G__1
10838	2933	27976.042875	5500844_R__1
9560	2934	28429.9694625	5402033_R__1
9562	2935	5118.746625	5402033_G__1
9564	2936	16425.059925	5402032_R__3
9566	2937	22078.216575	5402035_R__2
9568	2938	11258.0232375	5402035_G__1
9570	2939	3715.115475	5402037_R__4
9572	2940	27370.807425	5402037_G__1
3280	2941	3064.8093	5500099_G__1
3282	2942	13527.656175	5500099_G__2
3284	2943	6119.9605875	5500097_R__1
3286	2944	9651.573825	5500095_G__1
5416	2945	241.4503125	5501343_R__3
11540	2946	4803.25155	5501061_R__1
8444	2947	11261.242575	5501062_G__1
8450	2948	7108.2972	5501065_G__2
11712	2949	3483.323175	5501067_R__1
3298	2950	3228.9955125	5500896_G__1
25396	2951	3969.4431375	5500897_G__1
12614	2952	0.0	5402106_R__1
4410	2953	3963.0044625	5500892_G__1
5360	2954	7449.546975	5500893_G__1
3300	2955	27972.8235375	5500890_R__1
3302	2956	13505.1208125	5500890_G__1
12616	2957	26623.921125	5402102_R__2
25496	2958	4143.2873625	5402102_G__5
25502	2959	3283.72425	5402108_G__1
9974	2960	1728.7842375	5301773_G__1
9980	2961	10482.1629	5301771_R__2
9982	2962	2807.2623	5301771_G__2
9986	2963	16560.2721	5301776_G__3
8484	2964	10298.6606625	5301777_R__1
9968	2965	4700.23275	5301774_R__1
9970	2966	8911.1262	5301774_R__2
9972	2967	6174.689325	5301774_G__2
9978	2968	2243.8782375	5301778_R__1
5518	2969	334.8111	5301571_R__2
5520	2970	7385.160225	5301571_G__2
5542	2971	2250.3169125	5300778_R__2
1630	2972	7327.21215	5300494_R__1
1632	2973	1223.34825	5300494_G__6
1634	2974	16537.7367375	5300495_R__1
1636	2975	14438.7286875	5300495_G__1
1118	2976	19515.623925	5300490_G__1
1120	2977	1921.9444875	5300491_G__5
1122	2978	1944.47985	5300492_R__1
1124	2979	26250.477975	5300492_G__3
1126	2980	23089.08855	5300493_R__1
1128	2981	0.0	5300493_G__2
10038	2982	22023.4878375	5300797_G__1
10040	2983	9490.60695	5300796_G__1
1130	2984	0.0	5301704_R__4
10042	2985	32042.0661375	5300793_G__1
10044	2986	10057.21035	5300792_G__2
10046	2987	20594.1019875	5300791_G__1
10048	2988	24048.451125	5300790_G__1
8506	2989	8460.41895	5300654_G__1
8508	2990	12082.1736375	5300654_G__2
1274	2991	5678.91135	5300655_G__1
1276	2992	2417.7224625	5300655_G__2
1138	2993	11975.9355	5300653_R__1
1140	2994	16750.2130125	5300653_G__1
8512	2995	9793.224675	5300650_R__1
8514	2996	14451.6060375	5300651_R__2
4422	2997	18878.1951	5301258_R__2
9620	2998	1014.0913125	5301257_R__9
9622	2999	22564.3365375	5301257_G__2
10178	3000	1934.8218375	5300423_G__1
11866	3001	19.316025	5300422_G__1
1000	3002	21975.197775	5300424_R__1
1002	3003	3241.8728625	5300424_G__1
1004	3004	4313.91225	5300424_G__2
10106	3005	1326.36705	5300426_G__1
24006	3006	31549.5075	5300429_R__1
10164	3007	2533.6186125	5301401_R__3
10166	3008	14577.1602	5301401_G__1
12534	3009	24409.016925	5300734_G__1
7182	3010	11412.5514375	5301080_G__4
7184	3011	5785.1494875	5301081_R__1
7186	3012	1113.890775	5301082_R__5
7188	3013	3811.6956	5301082_G__7
9424	3014	12239.921175	5301487_R__1
9426	3015	6387.1656	5301487_G__1
12062	3016	3393.181725	5301100_R__1
12064	3017	3167.8281	5301100_G__1
12066	3018	4362.2023125	5301100_G__2
12068	3019	12845.156625	5301100_G__3
7292	3020	6448.3330125	5301623_G__1
12070	3021	15159.8602875	5301102_G__1
12072	3022	5852.755575	5301107_R__1
12074	3023	4330.0089375	5301106_R__1
12076	3024	9548.555025	5301106_R__3
12078	3025	1400.4118125	5301109_R__3
12080	3026	3026.17725	5301109_G__2
9430	3027	9902.68215	5301488_G__1
9668	3028	2649.5147625	5301031_R__1
9670	3029	9400.4655	5301031_G__6
3532	3030	10961.8441875	5300614_R__1
3534	3031	5765.8334625	5300615_G__2
7284	3032	4107.87465	5301625_G__2
7286	3033	1107.4521	5301626_G__2
7288	3034	5070.4565625	5301621_G__1
7290	3035	2662.3921125	5301622_R__1
23966	3036	2057.1566625	5300958_G__1
7330	3037	1059.1620375	5300860_R__1
7332	3038	8862.8361375	5300860_G__1
7334	3039	18591.6740625	5300685_R__1
25398	3040	13830.2739	5300662_R__1
1616	3041	0.0	5301848_G__5
1618	3042	23584.866525	5301849_R__1
1620	3043	14345.3679	5301849_G__1
24878	3044	21566.3419125	5301363_R__2
5854	3045	666.4028625	5301367_R__2
5856	3046	2160.1754625	5301367_G__4
4000	3047	6374.28825	5301366_R__2
4002	3048	0.0	5301366_G__1
4004	3049	17677.3822125	5301366_G__2
1680	3050	9310.32405	5301703_R__3
1688	3051	1213.6902375	5301702_G__2
24128	3052	10469.28555	5300890_R__1
24130	3053	6142.49595	5300890_G__1
24728	3054	8560.2184125	5300897_R__2
10312	3055	3673.2640875	5300798_G__1
5902	3056	22438.782375	5301546_G__1
5904	3057	872.4404625	5301549_R__4
1866	3058	6445.113675	5300396_G__5
5914	3059	4465.2211125	5300948_R__1
5228	3060	7594.4171625	5300762_R__2
5230	3061	1316.7090375	5300762_G__2
5232	3062	1091.3554125	5300762_G__3
7082	3063	1606.4494125	5300943_R__1
7084	3064	31082.7035625	5300943_G__1
5260	3065	12503.90685	5300940_G__1
5940	3066	15510.768075	5300784_R__2
5942	3067	21035.151225	5300784_G__2
5944	3068	8286.574725	5300785_R__1
5946	3069	21208.99545	5300786_R__1
24300	3070	22100.7519375	5300780_R__2
2876	3071	11917.987425	5300781_R__2
2878	3072	9493.8262875	5300781_R__4
5954	3073	3982.3204875	5300782_R__1
5956	3074	9812.5407	5300782_R__4
5958	3075	1310.2703625	5300782_G__1
5960	3076	4548.9238875	5300782_G__2
5962	3077	25381.25685	5300783_R__1
5964	3078	6821.7761625	5300783_G__5
3944	3079	14602.9149	5301809_R__1
3946	3080	7594.4171625	5301809_G__1
5976	3081	18240.766275	5300789_R__2
5978	3082	17867.323125	5300789_G__1
9472	3083	1954.1378625	5301733_R__3
9474	3084	10617.375075	5301733_G__1
9162	3085	25007.8137	5301639_G__1
10472	3086	20832.3329625	5301638_G__1
5852	3087	22879.8316125	5301362_G__1
6016	3088	21231.5308125	5300430_R__1
7710	3089	9059.215725	5301430_R__1
7712	3090	9516.36165	5301430_G__1
7714	3091	788.7376875	5301433_R__5
7716	3092	4140.068025	5301432_R__1
7718	3093	10684.9811625	5301435_R__1
7720	3094	1094.57475	5301435_G__2
7722	3095	20700.340125	5301434_R__1
7724	3096	1236.2256	5301434_G__1
7726	3097	24077.4251625	5301434_G__2
24422	3098	3763.4055375	5300998_R__1
4558	3099	22519.2658125	5301242_R__2
4560	3100	10012.139625	5301240_R__1
2080	3101	11473.71885	5301241_R__3
2082	3102	7681.339275	5301241_R__4
2084	3103	6161.811975	5301241_G__3
24484	3104	14747.7850875	5301324_G__1
24486	3105	10775.1226125	5301327_R__1
24454	3106	15130.88625	5301326_R__1
24456	3107	8000.0536875	5301326_R__3
24458	3108	15475.3553625	5301326_G__1
24088	3109	11831.0653125	5301323_G__2
2188	3110	4800.0322125	5301501_R__3
2190	3111	6718.7573625	5301501_G__2
7748	3112	3879.3016875	5301502_G__5
2236	3113	23855.290875	5301114_G__1
4568	3114	6969.8656875	5301113_R__1
4570	3115	8920.7842125	5301113_G__1
4572	3116	13836.712575	5301111_G__1
7760	3117	20867.745675	5300901_R__2
7762	3118	17336.1324375	5300901_G__2
9848	3119	6609.2998875	5301025_G__1
24100	3120	13331.2765875	5301322_G__3
10728	3121	11190.41715	5301611_R__1
9856	3122	11309.5326375	5301750_R__1
9858	3123	15272.5371	5301750_R__2
9860	3124	11612.1503625	5301750_G__3
24548	3125	30377.66865	5300977_R__1
4658	3126	26520.902325	5300976_R__1
4660	3127	1294.173675	5300976_G__1
25110	3128	1342.4637375	5300756_R__2
25112	3129	1220.1289125	5300756_G__1
10762	3130	8003.273025	5300878_R__2
10764	3131	1616.107425	5300879_R__1
10766	3132	26405.006175	5300879_R__2
10768	3133	30062.173575	5300879_G__1
10820	3134	9448.7555625	5300960_G__1
2524	3135	1191.154875	5301498_R__1
2526	3136	17307.1584	5301498_R__2
2528	3137	376.6624875	5301498_G__2
2530	3138	521.532675	5301498_G__4
10770	3139	7385.160225	5300696_R__3
7846	3140	90.14145	5300476_R__1
7848	3141	19454.4565125	5300475_R__1
7850	3142	26913.6615	5300475_G__1
4564	3143	12375.13335	5301112_R__1
24722	3144	1880.0931	5300583_G__1
25454	3145	3035.8352625	5300588_R__1
25458	3146	24083.8638375	5300588_G__1
9130	3147	7130.8325625	5301276_G__2
9132	3148	7449.546975	5301275_R__4
9134	3149	24650.4672375	5301274_R__1
9136	3150	14573.9408625	5301274_G__1
9138	3151	7085.7618375	5301273_G__3
9140	3152	10936.0894875	5301272_R__1
9142	3153	1690.1521875	5301272_R__2
9144	3154	11570.298975	5301272_G__3
9146	3155	4194.7967625	5301271_G__1
9148	3156	10813.7546625	5301270_R__1
9150	3157	9967.0689	5301270_G__1
9932	3158	2311.484325	5300405_R__1
9934	3159	0.0	5300404_R__2
24754	3160	2549.7153	5300939_R__4
24756	3161	2852.333025	5300939_G__4
6252	3162	4690.5747375	5301206_R__1
6254	3163	7835.867475	5301206_R__2
6256	3164	2874.8683875	5301206_G__1
6260	3165	17139.75285	5301204_R__1
6262	3166	1896.1897875	5301204_G__1
6264	3167	22074.9972375	5301204_G__2
9184	3168	28120.9130625	5301389_G__1
12336	3169	7684.5586125	5301385_G__1
12338	3170	2334.0196875	5301385_G__3
6322	3171	18430.7071875	5301375_R__1
6324	3172	17197.700925	5301375_G__1
9206	3173	7217.754675	5301478_G__1
7636	3174	6245.51475	5301371_G__3
12482	3175	7369.0635375	5300644_R__4
12340	3176	4011.294525	5301655_R__2
2480	3177	24669.7832625	5300708_R__1
2482	3178	1554.9400125	5300708_G__1
2484	3179	17741.7689625	5300708_G__2
2486	3180	24380.0428875	5300709_R__1
12342	3181	7427.0116125	5301653_G__1
12344	3182	19647.6167625	5301653_G__2
4322	3183	15304.730475	5300704_R__1
4324	3184	6564.2291625	5300704_G__2
4326	3185	0.0	5300706_R__2
4328	3186	13141.335675	5300707_R__1
4330	3187	6654.3706125	5300707_R__2
4332	3188	22335.763575	5300707_G__1
2666	3189	21537.367875	5300700_R__1
12346	3190	7591.197825	5301658_G__1
12348	3191	19277.39295	5301658_G__2
4334	3192	16119.2228625	5300702_R__6
4336	3193	6184.3473375	5300702_G__2
4338	3194	11344.94535	5300703_G__2
4340	3195	4658.3813625	5301496_R__1
6374	3196	7085.7618375	5301152_R__2
6376	3197	10118.3777625	5301150_R__2
6378	3198	7600.8558375	5301150_G__2
6380	3199	3834.2309625	5301150_G__3
1960	3200	3721.55415	5301156_R__1
1962	3201	12655.2157125	5301156_G__1
6386	3202	8914.3455375	5301157_R__1
6388	3203	4829.00625	5301154_R__2
6390	3204	19592.888025	5301155_R__1
6394	3205	5775.491475	5301158_R__2
6396	3206	8660.017875	5301158_G__1
24758	3207	25068.9811125	5300937_R__1
24760	3208	592.3581	5300936_R__1
24762	3209	28928.966775	5300936_G__1
1546	3210	7610.51385	5301688_R__1
4354	3211	20928.9130875	5300638_R__1
4356	3212	7530.0304125	5300639_R__4
4358	3213	28243.2478875	5301723_R__1
2604	3214	0.0	5301722_R__1
2606	3215	8672.895225	5301722_R__2
2608	3216	16460.4726375	5301722_G__1
23984	3217	22609.4072625	5301725_R__2
23986	3218	8180.3365875	5301725_G__2
24830	3219	8914.3455375	5301727_G__1
4360	3220	8688.9919125	5301726_G__1
2622	3221	19628.3007375	5301728_G__1
9242	3222	25078.639125	5300635_G__1
24792	3223	16933.71525	5301833_R__1
24794	3224	16267.3123875	5301833_G__1
24796	3225	8180.3365875	5301832_R__1
11048	3226	14850.8038875	5300847_G__1
24810	3227	18121.6507875	5300845_R__1
24812	3228	7114.735875	5300845_G__3
24814	3229	3325.5756375	5300844_R__2
2616	3230	13405.32135	5301729_R__1
2618	3231	12954.6141	5301729_G__1
2620	3232	7423.792275	5301729_G__2
12392	3233	2710.682175	5300528_R__2
8072	3234	2144.078775	5301359_R__2
8074	3235	17596.898775	5301359_G__1
24858	3236	10037.894325	5301830_R__3
24882	3237	2984.3258625	5301344_R__5
11220	3238	9120.3831375	5300982_G__1
11222	3239	28178.8611375	5300980_R__1
11260	3240	13614.5782875	5301239_R__1
11262	3241	22049.2425375	5301239_G__1
11264	3242	9.6580125	5301238_R__1
24924	3243	38.63205	5301690_G__1
24926	3244	3560.587275	5301692_R__2
24928	3245	540.8487	5301692_G__1
24930	3246	10482.1629	5301696_R__2
24932	3247	2559.3733125	5301696_R__3
24934	3248	9999.262275	5301696_G__2
5076	3249	9950.9722125	5301568_R__1
5078	3250	8849.9587875	5301568_R__2
5080	3251	4230.209475	5301568_G__1
2924	3252	13720.816425	5301269_R__1
2926	3253	14184.401025	5301269_G__1
5862	3254	3171.0474375	5301192_R__1
5898	3255	2420.9418	5301789_R__9
6870	3256	3950.1271125	5301191_R__2
11314	3257	19802.1449625	5301589_R__1
11316	3258	2269.6329375	5301588_G__1
11320	3259	6010.5031125	5301584_R__1
5050	3260	21569.56125	5301567_G__1
5056	3261	7449.546975	5301563_G__2
5058	3262	18369.539775	5301560_G__1
5086	3263	1468.0179	5300740_R__1
5088	3264	19979.208525	5300741_G__1
25024	3265	6950.5496625	5300961_G__2
8242	3266	4214.1127875	5300801_G__1
8244	3267	12690.628425	5300800_G__1
8246	3268	3792.379575	5300807_G__2
8248	3269	4571.45925	5300806_R__1
11414	3270	11042.327625	5300483_G__1
11416	3271	8054.782425	5300482_G__1
8256	3272	18990.8719125	5300480_G__1
25044	3273	12867.6919875	5300641_R__1
25046	3274	12697.0671	5300641_R__2
25048	3275	13099.4842875	5300641_G__1
10758	3276	18086.238075	5300698_R__1
10760	3277	22538.5818375	5300699_R__1
24554	3278	447.4879125	5300757_R__5
24556	3279	7198.43865	5300757_G__2
24558	3280	8727.6239625	5300757_G__7
2922	3281	7897.0348875	5301268_G__5
25256	3282	605.23545	5300755_R__1
25258	3283	19567.133325	5300755_G__1
2928	3284	8656.7985375	5301264_R__1
2930	3285	9200.866575	5301266_R__1
2932	3286	6886.1629125	5301266_G__3
2934	3287	1158.9615	5301267_R__1
2936	3288	8235.065325	5301267_R__2
2938	3289	1271.6383125	5301267_R__3
2940	3290	7752.1647	5301267_G__1
2942	3291	8325.206775	5301260_R__3
2944	3292	10247.1512625	5301262_R__1
2946	3293	672.8415375	5301262_R__2
2948	3294	186.721575	5301262_G__3
2950	3295	1319.928375	5301263_R__1
2952	3296	4146.5067	5301263_G__5
4178	3297	9406.904175	5300414_R__3
4180	3298	4426.5890625	5300414_R__4
5138	3299	5334.4422375	5300415_G__1
5140	3300	15118.0089	5300416_G__1
5142	3301	14821.82985	5300412_G__1
24574	3302	1619.3267625	5300758_R__1
24576	3303	13450.392075	5300758_R__2
9262	3304	13781.9838375	5300527_G__1
6704	3305	8688.9919125	5301419_G__1
6706	3306	99.7994625	5301418_R__1
6708	3307	8576.3151	5301418_R__6
6710	3308	663.183525	5301418_G__2
6712	3309	7340.0895	5301418_G__4
6714	3310	20751.849525	5301417_R__1
6716	3311	64.38675	5301417_R__2
6718	3312	10379.1441	5301416_R__5
6720	3313	10849.167375	5301416_G__4
3178	3314	10427.4341625	5301415_G__2
3180	3315	5511.5058	5301414_R__1
3184	3316	8946.5389125	5301413_R__1
3186	3317	3521.955225	5301413_R__4
3188	3318	2617.3213875	5301413_G__4
3190	3319	154.5282	5301413_G__13
6730	3320	10948.9668375	5301412_G__4
3196	3321	0.0	5301398_R__1
3198	3322	22413.027675	5301398_R__3
3200	3323	6609.2998875	5301398_G__1
3206	3324	643.8675	5301399_R__4
3208	3325	9155.79585	5301399_G__5
3026	3326	9960.630225	5301394_R__1
3028	3327	5334.4422375	5301395_G__5
3030	3328	354.127125	5301396_R__1
3032	3329	7146.92925	5301396_R__4
3034	3330	6309.9015	5301396_G__1
3036	3331	16463.691975	5301396_G__3
3038	3332	885.3178125	5301397_R__2
3040	3333	3.2193375	5301397_R__4
3042	3334	13173.52905	5301397_G__1
3044	3335	9345.7367625	5301397_G__2
10474	3336	647.0868375	5301093_R__1
10476	3337	1435.824525	5301093_G__1
11546	3338	6393.604275	5301097_R__1
11548	3339	6486.9650625	5301097_G__1
6748	3340	2755.7529	5301096_R__1
6750	3341	3003.6418875	5301096_R__2
6752	3342	8534.4637125	5301096_G__1
6754	3343	4014.5138625	5301096_G__2
10202	3344	2150.51745	5301094_G__1
10204	3345	4841.8836	5301094_G__2
9592	3346	3486.5425125	5301099_R__1
9594	3347	5611.3052625	5301099_G__2
11556	3348	6107.0832375	5301098_G__2
12394	3349	8189.9946	5300529_R__1
12396	3350	7352.96685	5300529_G__3
9600	3351	12944.9560875	5301307_R__2
9602	3352	18437.1458625	5301307_G__1
9604	3353	2459.57385	5301307_G__4
10036	3354	969.0205875	5301304_R__2
12520	3355	16119.2228625	5300739_R__1
12522	3356	27248.4726	5300739_G__1
3074	3357	23233.9587375	5301643_G__1
3076	3358	10797.657975	5301640_G__1
3078	3359	12806.524575	5301641_G__3
3094	3360	8936.8809	5301644_R__1
3096	3361	14612.5729125	5301644_G__1
12524	3362	19100.3293875	5300731_G__1
12526	3363	27544.65165	5300730_G__1
12528	3364	9944.5335375	5300733_G__1
12530	3365	24289.9014375	5300732_R__1
12532	3366	2610.8827125	5300735_G__1
12538	3367	20713.217475	5300736_G__1
6930	3368	31704.0357	5300946_G__1
9422	3369	10028.2363125	5301486_R__1
9428	3370	8151.36255	5301480_G__1
25280	3371	8350.961475	5300754_G__1
25282	3372	3080.9059875	5300754_G__2
5922	3373	16344.5764875	5300947_R__2
6784	3374	12825.8406	5301527_G__1
6786	3375	19557.4753125	5301524_R__1
5276	3376	1793.1709875	5301828_G__1
10504	3377	28375.240725	5301632_R__1
6814	3378	17303.9390625	5301631_G__1
6816	3379	10575.5236875	5301630_R__1
9464	3380	10169.8871625	5301736_R__2
9466	3381	5369.85495	5301736_R__3
9468	3382	1696.5908625	5301734_G__13
9470	3383	18852.4404	5301735_G__2
5278	3384	8743.72065	5301827_G__2
5280	3385	57.948075	5301824_R__2
5282	3386	5662.8146625	5301824_R__3
5284	3387	13627.4556375	5301825_R__1
9672	3388	2182.710825	5301030_R__3
6852	3389	2301.8263125	5300454_R__2
12182	3390	18833.124375	5301801_R__1
10294	3391	18817.0276875	5301854_R__1
10296	3392	20021.0599125	5301854_G__1
5262	3393	2475.6705375	5301358_G__1
3942	3394	15053.62215	5301806_R__1
5384	3395	5669.2533375	5301355_G__1
5386	3396	18894.2917875	5301356_G__1
5388	3397	6062.0125125	5301357_G__1
3016	3398	8486.17365	5301391_G__1
3018	3399	13633.8943125	5301391_G__2
8944	3400	9738.4959375	5301719_G__1
3072	3401	2453.135175	5301642_R__1
4664	3402	16302.7251	5300978_G__1
25478	3403	13324.8379125	5301077_G__1
10706	3404	5369.85495	5301079_R__8
5430	3405	4577.897925	5300881_R__4
5432	3406	4191.577425	5300880_R__1
5434	3407	26614.2631125	5300887_R__1
5436	3408	24296.3401125	5300885_R__1
5448	3409	8711.527275	5300889_G__1
5450	3410	10536.8916375	5300888_R__1
5452	3411	16074.1521375	5300888_R__3
8470	3412	1072.0393875	5301452_R__3
8472	3413	711.4735875	5301451_R__1
5470	3414	5630.6212875	5301599_G__1
12236	3415	12568.2936	5301329_R__8
4718	3416	907.853175	5301596_G__1
8468	3417	7124.3938875	5301597_G__1
1018	3418	17394.0805125	5800398_R__1
3354	3419	17229.8943	5702217_R__2
3356	3420	13856.0286	5702217_G__1
9992	3421	2417.7224625	5702283_R__1
9994	3422	2713.9015125	5702283_G__2
9996	3423	228.5729625	5702282_R__1
9998	3424	4787.1548625	5702282_G__2
2690	3425	21788.4762	5800308_R__1
1526	3426	788.7376875	5800305_R__1
1528	3427	11570.298975	5800305_G__1
1542	3428	21772.3795125	5800304_G__1
1088	3429	9571.0903875	5800649_R__1
1090	3430	16225.461	5800649_G__1
5586	3431	856.343775	5800168_G__1
8504	3432	8911.1262	5800646_G__4
10292	3433	15314.3884875	5800634_G__3
3462	3434	0.0	5701748_R__2
10130	3435	26846.0554125	5701730_G__1
10132	3436	26202.1879125	5701731_R__1
8576	3437	6319.5595125	5702136_G__1
8578	3438	2382.30975	5702136_G__3
8580	3439	160.966875	5702131_R__1
2892	3440	24763.14405	5702096_G__2
1452	3441	86.9221125	5800290_G__1
8674	3442	6757.3894125	5701667_R__1
7340	3443	23098.7465625	5800635_R__1
3512	3444	441.0492375	5800260_G__1
3536	3445	3360.98835	5800042_R__1
3538	3446	8305.89075	5800042_G__1
1582	3447	4198.0161	5701669_R__2
1584	3448	5505.067125	5701669_G__1
3544	3449	10082.96505	5800191_G__1
8642	3450	13830.2739	5701688_R__1
8644	3451	6573.887175	5701688_G__1
8646	3452	17519.634675	5701689_R__1
8648	3453	3257.96955	5701689_G__1
8650	3454	10833.0706875	5701689_G__2
3546	3455	2977.8871875	5800194_R__1
3548	3456	6995.6203875	5800195_G__1
8652	3457	3905.0563875	5701686_R__1
8654	3458	17458.4672625	5701686_G__1
1540	3459	11277.3392625	5701687_G__1
3472	3460	2752.5335625	5702311_G__1
10290	3461	4935.2443875	5800631_G__1
8672	3462	4751.74215	5701665_R__1
5778	3463	1606.4494125	5701709_G__1
3504	3464	8396.0322	5701708_G__1
8680	3465	15478.5747	5701845_R__1
5782	3466	263.985675	5701701_G__1
5784	3467	12899.8853625	5701700_G__1
5786	3468	6734.85405	5701700_G__2
7378	3469	11428.648125	5800127_R__1
7380	3470	16495.88535	5800127_G__1
7382	3471	8936.8809	5800127_G__2
10430	3472	4487.756475	5800126_G__1
10432	3473	12925.6400625	5800126_G__2
7388	3474	23153.4753	5800123_R__1
7390	3475	27155.1118125	5800123_G__1
7392	3476	3042.2739375	5800122_R__2
7394	3477	27856.9273875	5800122_G__1
24194	3478	11563.8603	5701961_G__1
9710	3479	2668.8307875	5702193_G__1
9712	3480	0.0	5702192_R__1
9714	3481	1851.1190625	5702192_G__1
9716	3482	428.1718875	5702191_R__2
9718	3483	2414.503125	5702191_G__3
25336	3484	15571.9354875	5702250_G__1
3794	3485	2630.1987375	5702048_R__1
3796	3486	14657.6436375	5702048_G__1
4898	3487	3779.502225	5701947_G__2
3810	3488	7275.70275	5702045_R__1
3812	3489	4787.1548625	5702044_R__1
3814	3490	11943.742125	5702044_G__1
4512	3491	27506.0196	5702047_R__1
4514	3492	1645.0814625	5702047_G__1
4516	3493	19129.303425	5702047_G__2
25340	3494	4729.2067875	5702253_R__3
25342	3495	10755.8065875	5702253_G__2
3820	3496	5134.8433125	5702041_R__3
10424	3497	10881.36075	5800227_G__2
7488	3498	13595.2622625	5702169_R__1
8882	3499	12278.553225	5800412_G__1
8884	3500	18227.888925	5800415_G__1
10832	3501	119.1154875	5702341_G__1
7516	3502	5907.4843125	5702295_R__1
7518	3503	312.2757375	5702297_G__2
7520	3504	624.551475	5702298_G__1
1872	3505	444.268575	5800097_R__3
1874	3506	6280.9274625	5800097_G__3
1876	3507	19644.397425	5800091_G__1
1880	3508	24212.6373375	5800092_R__1
1882	3509	20539.37325	5800092_G__1
8914	3510	4690.5747375	5800259_G__1
8916	3511	4709.8907625	5800258_G__1
12176	3512	8981.951625	5800257_R__1
12178	3513	20648.830725	5800257_G__1
1886	3514	3602.4386625	5800255_G__1
8922	3515	6548.132475	5800254_G__1
1888	3516	9027.02235	5800253_R__1
7926	3517	3515.51655	5702119_G__5
24288	3518	13852.8092625	5800176_R__4
24290	3519	12449.1781125	5800174_R__2
12180	3520	843.466425	5800173_R__1
5966	3521	8859.6168	5800486_R__1
24302	3522	9239.498625	5800484_G__1
10542	3523	2147.2981125	5800485_R__1
10544	3524	22287.4735125	5800485_G__1
24306	3525	573.042075	5800482_G__1
24308	3526	6899.0402625	5800483_R__2
24310	3527	9516.36165	5800483_G__4
10550	3528	6245.51475	5800480_R__1
10552	3529	9104.28645	5800480_G__1
9750	3530	9101.0671125	5702225_R__1
9752	3531	3042.2739375	5702225_R__2
9754	3532	10160.22915	5702225_R__5
9756	3533	9187.989225	5702225_G__1
3966	3534	29057.740275	5702224_R__1
3968	3535	17310.3777375	5702224_G__3
9758	3536	20053.2532875	5702227_R__1
9760	3537	0.0	5702227_R__5
9762	3538	20697.1207875	5702227_G__2
9764	3539	10115.158425	5702226_G__1
9766	3540	70.825425	5702221_R__1
9768	3541	17120.436825	5702221_G__5
9770	3542	23884.2649125	5702220_R__1
9772	3543	19039.161975	5702220_G__1
9774	3544	8090.1951375	5702220_G__3
8500	3545	2897.40375	5702222_R__4
8502	3546	16386.427875	5702222_G__2
9782	3547	22123.2873	5702228_R__2
10598	3548	3274.0662375	5701830_G__4
10642	3549	1049.504025	5701904_R__1
12230	3550	2939.2551375	5701906_R__1
24478	3551	753.324975	5800280_G__1
24480	3552	4407.2730375	5800281_R__1
12564	3553	11126.0304	5800479_G__1
9052	3554	6911.9176125	5702016_G__2
9838	3555	235.0116375	5800211_R__1
9840	3556	10372.705425	5800210_R__1
2106	3557	9.6580125	5702013_G__1
7768	3558	19544.5979625	5800353_G__2
7770	3559	10346.950725	5800350_G__1
7772	3560	45.070725	5800351_G__1
24510	3561	14561.0635125	5702154_G__1
4386	3562	20816.236275	5702153_R__1
10718	3563	16389.6472125	5702152_G__1
6134	3564	10910.3347875	5702151_G__1
24514	3565	18192.4762125	5702150_G__1
4624	3566	25992.930975	5800528_G__1
6136	3567	3464.00715	5702374_R__1
6138	3568	5163.81735	5702374_G__1
6140	3569	3377.0850375	5702374_G__2
4626	3570	238.230975	5800031_G__2
4628	3571	10028.2363125	5800527_G__1
4630	3572	7169.4646125	5800034_R__4
11714	3573	3254.7502125	5701670_R__1
11716	3574	4764.6195	5701670_G__1
12276	3575	7050.349125	5702302_R__3
4662	3576	11985.5935125	5800326_G__1
24578	3577	27811.8566625	5800451_R__1
25160	3578	10340.51205	5800322_R__1
25162	3579	2742.87555	5800322_G__1
24580	3580	8054.782425	5800452_R__1
4666	3581	9590.4064125	5800144_R__1
4668	3582	23098.7465625	5800143_R__1
4670	3583	10008.9202875	5800142_R__1
4672	3584	5868.8522625	5800141_G__1
10776	3585	866.0017875	5701711_G__1
12292	3586	11467.280175	5701877_R__3
12294	3587	3344.8916625	5701877_G__6
10782	3588	17146.191525	5701876_G__1
4276	3589	10701.07785	5701871_G__3
12296	3590	10881.36075	5701870_G__4
9100	3591	4719.548775	5701873_G__1
8054	3592	5830.2202125	5701824_R__2
4400	3593	10823.412675	5701783_G__1
4402	3594	4288.15755	5701783_G__3
4280	3595	27509.2389375	5701787_R__1
9108	3596	15385.2139125	5701786_G__1
9112	3597	24186.8826375	5701789_G__1
24634	3598	19998.52455	5800137_G__1
24640	3599	29135.004375	5800138_R__1
25240	3600	10157.0098125	5701926_R__1
25242	3601	18762.29895	5701926_G__1
25238	3602	11048.7663	5701927_R__1
12566	3603	23584.866525	5800478_G__1
4782	3604	13717.5970875	5702181_R__3
8254	3605	21566.3419125	5800656_G__1
9054	3606	5128.4046375	5702012_R__1
10930	3607	19531.7206125	5702113_G__1
6312	3608	4117.5326625	5701956_G__2
10594	3609	20787.2622375	5702050_R__2
7558	3610	12983.5881375	5701953_G__2
7560	3611	6905.4789375	5701953_G__5
6320	3612	9416.5621875	5701950_R__1
2558	3613	18598.1127375	5800242_R__1
2560	3614	9593.62575	5800242_R__2
2562	3615	17320.03575	5800242_G__2
24764	3616	12973.930125	5702247_G__2
11034	3617	25835.1834375	5702243_R__2
24744	3618	11538.1056	5800366_R__1
24746	3619	866.0017875	5800366_G__1
24748	3620	9799.66335	5800365_G__4
2554	3621	24695.5379625	5800244_G__1
2564	3622	15188.834325	5800243_R__1
2566	3623	10858.8253875	5800243_G__1
2568	3624	12658.43505	5800243_G__2
24766	3625	27734.5925625	5702246_R__1
24736	3626	12124.025025	5702244_R__3
24738	3627	14554.6248375	5702244_G__1
24770	3628	14818.6105125	5702242_G__1
11038	3629	17555.0473875	5702241_G__1
7986	3630	1271.6383125	5702249_G__1
4890	3631	14023.43415	5702248_G__1
6430	3632	10675.32315	5800564_R__1
6432	3633	14586.8182125	5800564_G__1
24818	3634	7707.093975	5800561_R__1
8050	3635	141.65085	5701826_G__1
8052	3636	16708.361625	5701827_G__1
4930	3637	15243.5630625	5701763_R__2
8056	3638	898.1951625	5701825_R__2
8058	3639	8511.92835	5701825_G__2
4932	3640	8801.668725	5701989_R__1
4934	3641	367.004475	5701989_R__2
10420	3642	15340.1431875	5800226_R__3
10422	3643	21872.178975	5800226_G__3
24844	3644	10346.950725	5800584_R__4
24846	3645	13431.07605	5800584_G__1
24848	3646	15542.96145	5800581_R__2
24850	3647	26759.1333	5800580_R__1
24852	3648	16489.446675	5800580_G__2
5894	3649	16235.1190125	5800225_G__2
8572	3650	12796.8665625	5702134_G__1
8574	3651	7690.9972875	5702137_R__1
8584	3652	10305.0993375	5702132_R__1
24952	3653	18607.77075	5701965_G__1
2772	3654	7919.57025	5702067_R__2
2774	3655	5965.4323875	5702067_G__1
2776	3656	5695.0080375	5702067_G__2
24954	3657	11084.1790125	5701962_G__1
5028	3658	6235.8567375	5800206_R__1
5030	3659	8022.58905	5800206_G__1
5032	3660	6744.5120625	5800206_G__2
5034	3661	3354.549675	5800208_G__1
5036	3662	0.0	5800209_G__2
2782	3663	12342.939975	5702068_R__1
2784	3664	7066.4458125	5702068_R__2
2786	3665	11563.8603	5702068_G__1
8876	3666	2530.399275	5800411_R__1
8878	3667	12738.9184875	5800411_G__1
6540	3668	14226.2524125	5702148_R__1
6542	3669	23262.932775	5702149_G__1
10506	3670	2530.399275	5800028_G__6
8214	3671	21424.6910625	5800385_R__1
8216	3672	2247.097575	5800385_R__2
8218	3673	23185.668675	5800385_G__1
24650	3674	9313.5433875	5800384_R__1
24652	3675	13756.2291375	5800384_R__2
24654	3676	4040.2685625	5800384_G__1
10030	3677	9847.9534125	5800438_R__1
11338	3678	1970.23455	5800437_G__1
24998	3679	13585.60425	5800388_G__1
11340	3680	5511.5058	5800435_R__3
8886	3681	6522.377775	5800414_G__1
10928	3682	9574.309725	5800416_G__1
24820	3683	7352.96685	5800560_R__4
24822	3684	8376.716175	5800560_G__2
5090	3685	12014.56755	5800449_R__1
6438	3686	17252.4296625	5800563_G__1
6440	3687	2073.25335	5800563_G__2
6314	3688	2614.10205	5701957_R__2
6316	3689	4825.7869125	5701957_G__5
6168	3690	1133.2068	5800440_R__1
6442	3691	3425.3751	5800562_G__2
5092	3692	30702.8217375	5800446_R__1
2652	3693	4790.3742	5800400_R__3
25040	3694	676.060875	5800151_R__3
11408	3695	17217.01695	5800653_R__2
11410	3696	20120.859375	5800653_G__1
25042	3697	7079.3231625	5800651_G__1
10892	3698	17033.5147125	5800650_G__1
11418	3699	8286.574725	5800655_R__1
6292	3700	6647.9319375	5800654_R__1
6294	3701	8144.923875	5800654_G__5
11114	3702	12143.34105	5800614_G__1
2888	3703	17387.6418375	5701794_R__1
11450	3704	5302.2488625	5800534_G__1
11452	3705	12809.7439125	5800535_G__1
11454	3706	8531.244375	5800530_R__1
11456	3707	4326.7896	5800530_G__1
24564	3708	3595.9999875	5800455_R__1
24566	3709	13624.2363	5800455_G__1
24568	3710	16161.07425	5800454_R__1
24570	3711	1393.9731375	5800454_G__1
24572	3712	9461.6329125	5800454_G__2
10572	3713	235.0116375	5800550_R__1
25138	3714	318.7144125	5800456_R__1
25140	3715	10958.62485	5800456_R__3
6686	3716	4725.98745	5701724_R__1
6688	3717	7311.1154625	5701724_G__1
6690	3718	3811.6956	5701724_G__3
11504	3719	27332.175375	5701727_G__1
3058	3720	27158.33115	5701726_G__1
6698	3721	6863.62755	5701721_R__1
6700	3722	23330.5388625	5701721_G__1
25220	3723	5723.982075	5701929_R__2
25222	3724	1297.3930125	5701928_R__1
25228	3725	19570.3526625	5701923_G__1
25230	3726	4474.879125	5701922_G__2
25232	3727	20442.793125	5701921_R__1
25234	3728	3428.5944375	5701921_G__1
25236	3729	10787.9999625	5701920_R__1
25244	3730	5208.888075	5701924_R__1
25246	3731	11338.506675	5701924_G__1
10414	3732	0.0	5800348_R__1
10416	3733	8853.178125	5800348_G__2
6788	3734	24518.4744	5800370_R__1
6790	3735	405.636525	5800371_G__1
6792	3736	882.098475	5800372_G__1
10926	3737	6303.462825	5800373_G__1
3556	3738	8212.5299625	5800377_R__1
3558	3739	8965.8549375	5800377_G__1
3560	3740	7613.7331875	5800377_G__2
9444	3741	14982.796725	5800279_R__3
9446	3742	6860.4082125	5800278_R__1
9448	3743	8238.2846625	5800278_G__1
11640	3744	23584.866525	5702039_R__1
1868	3745	15481.7940375	5800095_R__1
1870	3746	5434.2417	5800095_R__3
3104	3747	9274.9113375	5800273_R__1
3106	3748	177.0635625	5800275_G__1
3108	3749	4104.6553125	5800274_G__1
3110	3750	19093.8907125	5800277_R__2
3112	3751	14986.0160625	5800277_G__1
9450	3752	7842.30615	5800276_G__1
25334	3753	14155.4269875	5702254_G__1
3114	3754	18932.9238375	5800053_R__1
3116	3755	12790.4278875	5800053_R__2
3976	3756	5347.3195875	5800055_G__1
3998	3757	878.8791375	5800054_R__1
25338	3758	22345.4215875	5702252_G__1
3816	3759	202.8182625	5800056_R__1
3818	3760	363.7851375	5800056_G__1
3122	3761	12127.2443625	5800506_R__1
3124	3762	14596.476225	5800503_R__1
25366	3763	16650.41355	5701699_R__1
25368	3764	9162.234525	5701699_G__1
23962	3765	11908.3294125	5701698_G__1
24398	3766	15533.3034375	5701695_R__1
8362	3767	8830.6427625	5701694_G__1
25304	3768	15150.202275	5701697_G__1
25306	3769	6966.64635	5701697_G__2
8364	3770	7027.8137625	5701691_G__1
25394	3771	10569.0850125	5701690_R__1
10646	3772	6058.793175	5701692_R__3
10648	3773	1635.42345	5701692_G__1
10650	3774	4835.444925	5701692_G__2
11680	3775	10961.8441875	5800579_G__1
6166	3776	8801.668725	5800576_G__1
11706	3777	7053.5684625	5701677_G__1
11708	3778	9368.272125	5701676_R__1
11710	3779	20008.1825625	5701674_R__1
11718	3780	16225.461	5701990_R__1
11720	3781	14879.777925	5701990_G__1
11728	3782	21215.434125	5701995_G__1
4448	3783	8959.4162625	5800510_R__1
11812	3784	14696.2756875	5800230_G__1
11814	3785	8998.0483125	5800230_G__2
11928	3786	7069.66515	5702179_R__2
5496	3787	3634.6320375	5300318_R__1
1026	3788	1461.579225	5003844_R__1
1028	3789	1960.5765375	5003844_G__2
1154	3790	1120.32945	5300089_G__1
5524	3791	2633.418075	5300083_G__1
5526	3792	5321.5648875	5300083_G__4
5528	3793	9332.8594125	5300082_G__1
5530	3794	5875.2909375	5300080_R__4
5532	3795	3051.93195	5300080_G__1
5534	3796	23417.460975	5300087_R__1
5536	3797	19522.0626	5300086_R__2
5538	3798	2385.5290875	5300085_R__5
5540	3799	8225.4073125	5300085_G__1
1394	3800	24463.7456625	5300084_R__1
1396	3801	688.938225	5300084_R__2
1398	3802	418.513875	5300084_G__1
1056	3803	9677.328525	5004311_R__4
8486	3804	16647.1942125	5003686_G__1
8488	3805	3727.992825	5003686_G__4
10016	3806	5163.81735	5003833_R__2
8494	3807	2729.9982	5003689_G__1
8496	3808	4249.5255	5003688_G__2
5564	3809	2923.15845	5300227_R__1
5566	3810	14973.1387125	5300226_R__1
5568	3811	8148.1432125	5300226_G__1
5570	3812	12130.4637	5300225_R__1
5572	3813	930.3885375	5300225_G__1
5574	3814	1397.192475	5300224_R__1
5576	3815	524.7520125	5300224_G__1
5578	3816	12291.430575	5300224_G__2
5580	3817	4989.973125	5300222_G__1
5582	3818	6673.6866375	5300220_R__2
5584	3819	9934.875525	5300220_G__2
5514	3820	5550.13785	5300315_R__1
5516	3821	9554.9937	5300314_G__1
12012	3822	6.438675	5300252_R__1
12014	3823	2794.38495	5300252_R__3
7314	3824	8289.7940625	5003784_R__2
7316	3825	19000.529925	5003784_G__1
1174	3826	13769.1064875	5300256_R__1
1176	3827	1863.9964125	5300256_R__3
1178	3828	2156.956125	5300257_R__1
1180	3829	3029.3965875	5300257_R__3
1182	3830	13649.991	5300257_R__4
1184	3831	866.0017875	5300257_R__5
1186	3832	4732.426125	5300257_G__6
1194	3833	6467.6490375	5300259_R__5
1196	3834	12532.8808875	5300259_R__6
1198	3835	978.6786	5300259_R__7
1200	3836	8711.527275	5300259_G__1
12104	3837	13807.7385375	5004045_R__1
24122	3838	1468.0179	5003418_R__1
24124	3839	5601.64725	5003418_G__1
24126	3840	6010.5031125	5003419_R__1
7170	3841	1934.8218375	5003364_R__1
7172	3842	18086.238075	5003362_G__1
7174	3843	8936.8809	5003363_G__1
7178	3844	3.2193375	5003369_R__5
7180	3845	4568.2399125	5003369_G__1
5672	3846	5044.7018625	5004211_G__1
12060	3847	0.0	5004210_G__1
7224	3848	19898.7250875	5003965_R__1
7226	3849	1323.1477125	5003965_G__2
7228	3850	4880.51565	5003967_R__2
7230	3851	1178.277525	5003967_R__3
7232	3852	6081.3285375	5003967_G__1
7234	3853	13086.6069375	5003967_G__2
7236	3854	13942.9507125	5003960_R__2
7238	3855	5125.1853	5003960_G__2
7240	3856	9104.28645	5003961_R__1
7242	3857	8592.4117875	5003961_R__2
7244	3858	10987.5988875	5003961_G__1
7246	3859	9748.15395	5003961_G__4
10222	3860	14448.3867	5003565_R__1
10224	3861	28767.9999	5003566_R__1
10230	3862	4870.8576375	5003568_R__1
8610	3863	57.948075	5003931_R__1
3524	3864	9216.9632625	5003399_G__2
3530	3865	3425.3751	5003645_G__1
8422	3866	13353.81195	5300269_R__1
8424	3867	12021.006225	5300269_G__1
7280	3868	14532.089475	5300268_R__1
9674	3869	17838.3490875	5300340_R__1
7294	3870	9377.9301375	5003890_G__1
7296	3871	11670.0984375	5003891_G__1
7298	3872	6148.934625	5003892_R__2
7300	3873	17178.3849	5003892_G__2
12100	3874	11203.2945	5004049_R__4
10268	3875	22200.5514	5003788_G__1
10270	3876	5437.4610375	5003789_G__1
10018	3877	12066.07695	5003836_R__2
10276	3878	16669.729575	5003786_G__1
10278	3879	22235.9641125	5003787_G__1
4450	3880	7694.216625	5004046_R__1
3570	3881	21273.3822	5003803_R__2
3572	3882	22332.5442375	5003803_G__1
3574	3883	14242.3491	5003807_R__1
3576	3884	11415.770775	5003807_G__1
3578	3885	25603.3911375	5003806_R__1
3580	3886	21859.301625	5003806_G__1
3582	3887	2070.0340125	5003804_R__1
4462	3888	25426.327575	5003809_R__1
4464	3889	10852.3867125	5003809_G__1
4466	3890	13125.2389875	5003808_G__1
24138	3891	4877.2963125	5003411_G__1
24140	3892	26553.0957	5003412_R__2
10560	3893	611.674125	5004178_R__2
10562	3894	12896.666025	5004178_G__1
9682	3895	3074.4673125	5004134_R__1
9684	3896	470.023275	5004134_R__2
9686	3897	5662.8146625	5004134_G__3
3644	3898	9761.0313	5004132_G__1
3646	3899	15739.3410375	5004133_G__1
9692	3900	7806.8934375	5004131_G__1
3662	3901	10337.2927125	5003735_R__1
10336	3902	972.239925	5004030_R__1
1060	3903	20185.246125	5300077_R__2
1062	3904	14284.2004875	5300077_G__1
10280	3905	6966.64635	5003783_R__1
5556	3906	579.48075	5003523_R__1
5558	3907	9886.5854625	5003523_R__2
5560	3908	3380.304375	5003523_G__1
5562	3909	25506.8110125	5003523_G__2
10388	3910	17703.1369125	5004250_R__1
10390	3911	9812.5407	5300169_G__2
10392	3912	12697.0671	5300164_R__1
10394	3913	8048.34375	5300164_G__1
10396	3914	14895.8746125	5300165_G__1
10398	3915	27171.2085	5300167_R__1
10400	3916	7597.6365	5300167_G__1
10402	3917	7790.79675	5300162_R__1
10404	3918	17809.37505	5300162_G__1
12548	3919	4352.5443	5003491_R__3
24266	3920	13717.5970875	5300218_G__2
10442	3921	16808.1610875	5003995_G__2
10444	3922	15626.664225	5003994_R__2
10446	3923	10742.9292375	5003994_R__3
10448	3924	1039.8460125	5003994_G__2
10450	3925	14982.796725	5003997_R__2
10452	3926	2684.927475	5003996_R__1
8874	3927	14519.212125	5003858_R__1
10456	3928	5224.9847625	5003990_G__1
10458	3929	16730.8969875	5003993_R__1
10460	3930	6870.066225	5003854_R__1
10462	3931	4069.2426	5003854_G__1
8880	3932	4381.5183375	5003855_R__1
10464	3933	148.089525	5003857_G__1
24270	3934	16618.220175	5300090_G__3
24272	3935	7678.1199375	5300095_G__1
4222	3936	8344.5228	5003450_R__3
1856	3937	2919.9391125	5003451_R__1
1858	3938	9435.8782125	5003451_R__2
1860	3939	22158.7000125	5003451_G__1
8898	3940	19657.274775	5003453_R__1
8900	3941	4397.615025	5003454_R__4
4224	3942	1461.579225	5003455_R__2
8908	3943	5163.81735	5300002_R__1
10488	3944	23900.3616	5003691_R__1
10490	3945	26266.5746625	5003691_G__1
8912	3946	4085.3392875	5300006_G__1
11846	3947	18533.7259875	5003694_R__2
11848	3948	7967.8603125	5003694_G__1
1884	3949	18186.0375375	5300004_R__1
5916	3950	26424.3222	5003511_R__1
5918	3951	20185.246125	5003511_G__1
5920	3952	0.0	5003511_G__3
24284	3953	6609.2998875	5003512_R__1
5924	3954	7703.8746375	5003514_R__2
5926	3955	5163.81735	5003514_G__2
5928	3956	4101.435975	5003514_G__4
5930	3957	6477.30705	5003517_G__1
5932	3958	1757.758275	5003516_R__1
5934	3959	2871.64905	5003516_G__1
5936	3960	26681.8692	5003516_G__2
1928	3961	24019.4770875	5004070_R__1
1930	3962	273.6436875	5004070_G__2
1932	3963	395.9785125	5004070_G__3
25504	3964	2488.5478875	5003770_G__1
5982	3965	6796.0214625	5003773_R__3
5984	3966	12223.8244875	5003773_G__1
5986	3967	10115.158425	5003773_G__4
6834	3968	17751.426975	5003404_R__1
6836	3969	24415.4556	5003404_G__1
10570	3970	1967.0152125	5004175_G__1
10568	3971	21672.58005	5004177_G__1
12190	3972	1529.1853125	5004299_G__3
11622	3973	8869.2748125	5004298_G__3
12194	3974	882.098475	5004297_G__4
12198	3975	18037.9480125	5004291_G__1
1976	3976	13334.495925	5004109_G__1
1978	3977	8592.4117875	5004109_G__2
1980	3978	3917.9337375	5004108_R__1
1982	3979	14470.9220625	5004108_R__2
1984	3980	11708.7304875	5004108_G__3
1986	3981	29060.9596125	5004107_R__1
1988	3982	8363.838825	5004107_G__2
1990	3983	2305.04565	5004106_R__1
1992	3984	6007.283775	5004106_R__2
1994	3985	112.6768125	5004106_R__3
1996	3986	354.127125	5004106_G__1
1998	3987	13460.0500875	5004106_G__3
2000	3988	19277.39295	5004105_R__1
2002	3989	6660.8092875	5004105_R__2
2004	3990	0.0	5004105_R__3
2006	3991	1265.1996375	5004105_G__1
2008	3992	27290.3239875	5004104_R__1
2010	3993	18179.5988625	5004104_G__1
2012	3994	5047.9212	5004103_R__1
2014	3995	5917.142325	5004103_G__1
2016	3996	18636.7447875	5004102_G__1
2018	3997	4098.2166375	5004101_R__2
2474	3998	9899.4628125	5003869_R__1
2476	3999	12021.006225	5003869_G__1
6826	4000	14532.089475	5003792_R__1
6828	4001	15987.230025	5003792_G__1
6066	4002	7861.622175	5004204_R__1
6068	4003	61.1674125	5004204_G__1
24444	4004	25342.6248	5004205_R__1
24446	4005	13572.7269	5004206_G__1
6070	4006	8183.555925	5004203_R__1
6072	4007	164.1862125	5004203_G__1
24462	4008	5047.9212	5004209_R__1
10688	4009	4954.5604125	5003951_R__1
1086	4010	22081.4359125	5300078_R__2
24482	4011	5830.2202125	5300050_G__2
25012	4012	4774.2775125	5003432_G__1
6832	4013	10166.667825	5003405_R__2
4574	4014	2398.4064375	5003655_G__2
3126	4015	6802.4601375	5003551_R__1
11376	4016	12616.5836625	5300123_G__1
11378	4017	1348.9024125	5300123_G__3
10738	4018	0.0	5300124_R__11
10740	4019	14100.69825	5300124_G__3
7782	4020	23996.941725	5300125_G__1
10708	4021	22335.763575	5300126_R__1
10710	4022	22496.73045	5300126_G__1
4618	4023	576.2614125	5003381_R__4
4620	4024	7021.3750875	5003381_G__1
4622	4025	11357.8227	5003382_G__1
24516	4026	10311.5380125	5300279_G__1
9854	4027	8048.34375	5300372_R__1
24520	4028	8962.6356	5300270_G__1
24522	4029	19625.0814	5300271_R__1
24524	4030	31372.4439375	5300272_R__1
24526	4031	119.1154875	5300272_G__1
24528	4032	6132.8379375	5300275_G__1
24530	4033	24087.083175	5300276_R__1
24532	4034	6876.5049	5300276_G__1
24534	4035	9921.998175	5300277_R__1
24536	4036	11396.45475	5300277_R__2
12238	4037	19167.935475	5300058_G__1
9872	4038	6499.8424125	5003810_G__1
9874	4039	14709.1530375	5003811_R__1
9876	4040	11634.685725	5003812_R__1
9878	4041	247.8889875	5003812_G__2
7838	4042	6261.6114375	5003421_R__1
7840	4043	7755.3840375	5003421_G__1
24880	4044	2321.1423375	5003420_G__1
9886	4045	10115.158425	5004093_G__1
9372	4046	13389.2246625	5004094_R__1
9374	4047	1461.579225	5004094_R__2
9888	4048	6110.302575	5004097_R__1
9890	4049	9748.15395	5004097_G__1
9376	4050	5060.79855	5004096_G__1
9892	4051	9851.17275	5004098_R__2
4674	4052	10955.4055125	5004143_R__1
4676	4053	5991.1870875	5004142_R__1
4684	4054	6503.06175	5004147_R__1
4686	4055	8843.5201125	5004146_G__1
4688	4056	14277.7618125	5004146_G__5
4690	4057	4716.3294375	5004144_R__1
4692	4058	2037.8406375	5004144_G__1
9904	4059	7903.4735625	5004149_R__1
9926	4060	10633.4717625	5003723_R__1
9928	4061	8460.41895	5003720_R__1
7884	4062	5044.7018625	5004248_R__1
7886	4063	25745.0419875	5004249_G__1
7896	4064	8148.1432125	5004242_G__1
7898	4065	9204.0859125	5004243_R__1
7900	4066	1677.2748375	5004243_G__1
7902	4067	1735.2229125	5004244_G__1
3568	4068	2736.436875	5004245_G__1
7336	4069	11328.8486625	5300159_R__2
7338	4070	7700.6553	5300159_G__2
6270	4071	17754.6463125	5300158_R__1
6272	4072	1265.1996375	5300158_G__1
6274	4073	241.4503125	5300158_G__5
6290	4074	11882.5747125	5300157_G__3
6340	4075	5633.840625	5003983_R__1
6342	4076	17725.672275	5003983_G__1
6344	4077	16965.908625	5003986_G__1
6346	4078	23697.5433375	5003987_R__1
6348	4079	12941.73675	5003987_G__1
7732	4080	24003.3804	5003984_G__1
6354	4081	14448.3867	5003985_G__1
2492	4082	25085.0778	5003861_R__1
2494	4083	10865.2640625	5003861_G__1
2496	4084	7272.4834125	5003863_R__1
6360	4085	16695.484275	5003989_R__3
6362	4086	10237.49325	5003989_G__1
6364	4087	18388.8558	5003989_G__3
2498	4088	5073.6759	5003865_R__1
2500	4089	3618.53535	5003865_G__3
2502	4090	12375.13335	5003864_R__1
2504	4091	6184.3473375	5003864_G__1
2506	4092	4387.9570125	5003867_G__1
2508	4093	5009.28915	5003867_G__2
2510	4094	10076.526375	5003866_R__1
2512	4095	7694.216625	5003866_G__3
2546	4096	23195.3266875	5300012_G__1
12354	4097	7204.877325	5003919_R__1
12356	4098	5318.34555	5003919_R__2
2552	4099	2874.8683875	5300017_R__1
2570	4100	24363.9462	5003486_R__1
2572	4101	4181.9194125	5003485_R__3
2574	4102	12777.5505375	5003484_R__1
6398	4103	17497.0993125	5300207_G__1
24798	4104	4381.5183375	5003767_G__1
2644	4105	12623.0223375	5004068_G__2
11090	4106	4948.1217375	5003769_G__4
6426	4107	19905.1637625	5300335_R__1
6428	4108	19753.8549	5300333_G__3
6436	4109	8576.3151	5300338_R__2
9850	4110	9967.0689	5300370_R__3
9852	4111	5730.42075	5300370_G__4
2668	4112	28050.0876375	5004289_G__1
2670	4113	9394.026825	5004285_G__1
2672	4114	4838.6642625	5004282_R__1
2674	4115	13688.62305	5004282_G__1
2676	4116	447.4879125	5004283_R__1
2678	4117	31971.2407125	5004283_G__1
2680	4118	3055.1512875	5003717_G__1
2682	4119	0.0	5003716_G__1
9266	4120	20053.2532875	5004116_R__1
9268	4121	9548.555025	5004116_G__3
2684	4122	7024.594425	5004117_R__1
2686	4123	811.27305	5004117_G__1
12420	4124	14522.4314625	5004111_R__3
12422	4125	2710.682175	5004111_G__1
2688	4126	17406.9578625	5004112_R__1
2548	4127	9825.41805	5300014_R__6
1942	4128	1564.598025	5300253_R__1
5468	4129	7304.6767875	5003302_G__2
8106	4130	11692.6338	5003308_G__1
9250	4131	21875.3983125	5004065_R__1
9252	4132	186.721575	5004065_G__1
9254	4133	12478.15215	5004065_G__2
8138	4134	16804.94175	5300061_G__1
10454	4135	3534.832575	5003991_G__1
11294	4136	1677.2748375	5003546_R__2
11296	4137	14422.632	5003546_G__1
11298	4138	3148.512075	5003547_G__1
11768	4139	13176.7483875	5300303_R__1
11334	4140	9686.9865375	5300368_R__2
11336	4141	25165.5612375	5300368_G__2
10468	4142	27090.7250625	5300306_R__1
8230	4143	1249.10295	5004304_R__4
8232	4144	5218.5460875	5004304_G__1
8234	4145	3653.9480625	5004301_G__2
8236	4146	0.0	5004300_G__3
8238	4147	2430.5998125	5004300_G__4
8240	4148	6139.2766125	5004303_R__1
8250	4149	7926.008925	5003949_R__1
5896	4150	9307.1047125	5300308_R__1
11056	4151	5717.5434	5004153_G__1
11066	4152	14635.108275	5004154_G__1
11438	4153	17822.2524	5004155_G__1
7220	4154	6016.9417875	5003964_R__2
7222	4155	12053.1996	5003964_G__5
11458	4156	1352.12175	5300249_R__4
8268	4157	29408.6480625	5004275_R__1
8270	4158	28813.070625	5004275_G__1
8272	4159	14474.1414	5004277_G__1
6660	4160	9793.224675	5004276_G__1
6734	4161	6551.3518125	5004278_R__1
11558	4162	10237.49325	5003377_R__4
11560	4163	11029.450275	5003377_G__3
11624	4164	1126.768125	5003567_R__1
12546	4165	1342.4637375	5003494_G__2
3118	4166	7204.877325	5300354_G__1
3780	4167	14338.929225	5300353_G__1
3782	4168	4725.98745	5300352_G__1
3120	4169	21595.31595	5300351_G__1
12550	4170	2362.993725	5003493_G__1
25344	4171	7340.0895	5300214_R__3
25346	4172	5070.4565625	5300214_G__3
11660	4173	4375.0796625	5300213_R__1
12552	4174	11917.987425	5300211_R__2
12554	4175	11831.0653125	5300211_G__1
6812	4176	26260.1359875	5003888_R__1
25358	4177	12616.5836625	5003882_R__1
25360	4178	23597.743875	5003882_G__1
24334	4179	17435.9319	5003886_R__1
25362	4180	28494.3562125	5003885_R__1
6822	4181	24779.2407375	5003794_G__1
6824	4182	8183.555925	5003793_G__1
9480	4183	4001.6365125	5300281_G__1
9482	4184	26701.185225	5300280_R__1
9484	4185	1274.85765	5300280_G__1
9486	4186	566.6034	5300283_G__1
9488	4187	7043.91045	5300283_G__2
9490	4188	9252.375975	5300282_R__1
6838	4189	22722.084075	5003403_R__1
9492	4190	901.4145	5300284_R__1
6840	4191	17191.26225	5003401_R__1
6842	4192	389.5398375	5003401_G__1
6846	4193	26633.5791375	5003401_G__2
10282	4194	21102.7573125	5003400_R__2
9512	4195	2417.7224625	5003704_R__1
9514	4196	923.9498625	5003704_G__1
3216	4197	4983.53445	5004128_G__1
3218	4198	962.5819125	5003706_G__1
3220	4199	12284.9919	5003706_G__4
9516	4200	705.0349125	5003707_R__1
9518	4201	3241.8728625	5003707_G__1
3222	4202	8808.1074	5003703_R__1
7282	4203	10363.0474125	5300260_G__1
11598	4204	11872.9167	5300171_R__1
11600	4205	14928.0679875	5300171_G__1
11032	4206	11647.563075	5300170_G__1
5462	4207	3306.2596125	5003637_R__1
5464	4208	2166.6141375	5003639_G__2
5988	4209	389.5398375	5003772_G__1
25514	4210	10968.2828625	5300105_G__1
1006	4211	10668.884475	6100734_R__1
1008	4212	14786.4171375	6100734_G__1
5494	4213	25394.1342	6100735_R__1
1032	4214	32463.79935	6100736_R__2
4142	4215	11934.0841125	6100041_G__1
1042	4216	1976.673225	6100730_R__2
1044	4217	11418.9901125	6100730_G__5
1046	4218	18414.6105	6100047_R__2
4144	4219	17104.3401375	6100044_R__1
4146	4220	14876.5585875	6100044_G__1
4148	4221	9361.83345	6100045_G__1
5512	4222	20851.6489875	6100049_R__1
5506	4223	1789.95165	6100732_G__1
10002	4224	8267.2587	6000418_R__1
10004	4225	1551.720675	6000418_G__1
10006	4226	17941.3678875	6000419_R__1
10008	4227	569.8227375	6000419_G__1
11228	4228	157.7475375	5901379_R__2
11566	4229	4626.1879875	6100439_R__2
8862	4230	1741.6615875	6100039_R__1
7118	4231	5872.0716	6000110_R__1
1166	4232	6097.425225	6000467_R__1
1168	4233	7777.9194	6000467_G__1
1170	4234	5105.869275	6000466_R__1
1172	4235	8531.244375	6000466_R__2
1206	4236	8537.68305	6000468_R__1
24996	4237	9851.17275	6100050_G__1
1252	4238	8895.0295125	5901381_R__2
1254	4239	10395.2407875	5901381_G__1
8526	4240	22464.537075	5901380_R__1
8528	4241	5308.6875375	5901380_G__1
9078	4242	18057.2640375	5901383_R__2
9080	4243	6026.5998	5901383_G__1
1260	4244	0.0	5901382_R__1
1262	4245	3895.398375	5901382_R__3
1264	4246	1052.7233625	5901382_G__1
10114	4247	1532.40465	6000027_R__1
10116	4248	4919.1477	6000026_R__2
3098	4249	10897.4574375	6100315_R__4
10124	4250	1294.173675	6000029_R__1
10126	4251	5012.5084875	6000029_R__2
10128	4252	592.3581	6000028_R__3
9628	4253	0.0	6100495_R__1
3474	4254	86.9221125	6100494_R__1
3476	4255	634.2094875	6100494_G__2
3478	4256	7765.04205	6100494_G__3
9630	4257	13476.146775	6100497_R__2
3480	4258	2955.351825	6100496_G__2
7158	4259	1889.7511125	6100559_G__2
9636	4260	495.777975	6100493_R__1
7160	4261	31295.1798375	6100557_R__1
7162	4262	24463.7456625	6100550_R__1
7164	4263	6750.9507375	6100550_G__1
9638	4264	12162.657075	6000203_R__1
9642	4265	9384.3688125	6000209_G__1
7192	4266	8499.051	6000363_R__1
7194	4267	479.6812875	6100420_G__1
7196	4268	18111.992775	6100421_R__1
7198	4269	18965.1172125	6100421_G__1
6536	4270	10298.6606625	6100423_R__1
6538	4271	13643.552325	6100423_G__1
7200	4272	4552.143225	6100424_G__1
7202	4273	16940.153925	6100425_R__1
7204	4274	16557.0527625	6100425_G__1
7208	4275	8167.4592375	6100427_R__1
7210	4276	21318.452925	6100427_G__1
6550	4277	7134.0519	6100429_G__1
9648	4278	2079.692025	6100671_R__1
9650	4279	7903.4735625	6100671_G__1
9652	4280	251.108325	6100673_R__1
9654	4281	23298.3454875	6100672_R__1
9656	4282	25838.402775	6100672_G__1
24720	4283	1468.0179	6000291_G__1
6860	4284	2507.8639125	6100394_G__1
7278	4285	8801.668725	6100170_G__2
5742	4286	8595.631125	6000092_R__1
10608	4287	13282.986525	5901353_R__3
10610	4288	10430.6535	5901353_G__2
24106	4289	4082.11995	6100372_R__2
24110	4290	28784.0965875	6100072_R__1
24112	4291	20912.8164	6100072_G__1
12096	4292	24437.9909625	6100071_R__1
24114	4293	6329.217525	6100070_R__1
24116	4294	11505.912225	6100070_G__1
24118	4295	9046.338375	6100379_R__1
3584	4296	2221.342875	6000421_R__1
3586	4297	1136.4261375	6000420_R__1
3588	4298	260.7663375	6000420_R__2
3590	4299	10759.025925	6000420_G__1
3592	4300	15224.2470375	6000427_R__1
3594	4301	30483.9067875	6000426_R__1
3596	4302	4452.3437625	6000426_G__1
3598	4303	1873.654425	6000425_R__4
3600	4304	9313.5433875	6000425_G__2
3602	4305	12268.8952125	6000424_R__1
3604	4306	20442.793125	6000424_G__1
3628	4307	8283.3553875	6100106_G__2
3632	4308	15362.67855	6100103_R__1
3634	4309	3087.3446625	6100102_G__1
3636	4310	9970.2882375	6100101_R__1
9706	4311	138.4315125	6000063_R__1
10310	4312	12822.6212625	6000062_R__1
9708	4313	3895.398375	6000061_G__1
10344	4314	9799.66335	6100450_R__1
10346	4315	3644.29005	6100450_G__1
8728	4316	1873.654425	6000320_R__2
8730	4317	3386.74305	6000320_G__1
8732	4318	1194.3742125	6000321_R__1
8734	4319	4001.6365125	6000321_G__1
10352	4320	15665.296275	5901350_R__1
10354	4321	18781.614975	5901350_G__1
10356	4322	7591.197825	5901351_R__1
10358	4323	13595.2622625	5901351_R__2
10360	4324	18495.0939375	5901351_G__1
8736	4325	16325.2604625	6000324_R__1
10362	4326	498.9973125	5901357_R__1
10366	4327	6995.6203875	5901358_R__1
10368	4328	3727.992825	5901358_G__1
10370	4329	15233.90505	5901359_R__1
10372	4330	2224.5622125	5901359_G__1
12544	4331	3544.4905875	6100228_G__4
8788	4332	0.0	6100208_G__1
8790	4333	3351.3303375	6100208_G__2
1696	4334	9268.4726625	6100209_R__3
1698	4335	3934.030425	6100209_G__1
1700	4336	11357.8227	6100209_G__2
8794	4337	2301.8263125	6100204_G__2
8796	4338	13163.8710375	6100206_G__3
8798	4339	2897.40375	6100207_R__2
8800	4340	4397.615025	6100201_G__1
8802	4341	7626.6105375	6100202_R__1
8804	4342	1773.8549625	6100202_G__1
8806	4343	5958.9937125	6100203_R__1
8808	4344	1677.2748375	6100203_G__1
8820	4345	12758.2345125	6000492_R__1
8822	4346	7861.622175	6000493_R__1
8824	4347	1107.4521	6000493_G__1
8826	4348	21559.9032375	6000490_R__1
8828	4349	19869.75105	6000491_R__2
1722	4350	8302.6714125	6100683_R__1
1724	4351	1274.85765	6100683_R__2
1726	4352	15533.3034375	6100683_R__3
1728	4353	3399.6204	6100683_G__1
1730	4354	13669.307025	6100683_G__2
5882	4355	344.4691125	6000391_G__1
1740	4356	23832.7555125	6100685_R__1
1742	4357	1345.683075	6100685_R__2
1744	4358	25126.9291875	6100685_G__2
1746	4359	2121.5434125	6100685_G__3
5886	4360	5704.66605	6000393_R__1
5888	4361	415.2945375	6000393_R__2
5890	4362	743.6669625	6000393_G__1
24240	4363	2330.80035	6000392_G__1
1752	4364	13830.2739	6100688_R__1
1754	4365	4886.954325	6100688_R__3
1756	4366	7893.81555	6100688_R__4
1758	4367	6187.566675	6100688_G__1
1760	4368	10997.2569	6100688_G__2
1766	4369	9967.0689	6000250_R__1
1770	4370	6538.4744625	6000252_R__1
1772	4371	0.0	6000253_R__3
8854	4372	21260.50485	6100510_R__1
10426	4373	11364.261375	6100511_R__1
10428	4374	3074.4673125	6100511_G__1
4198	4375	23291.9068125	6100513_R__1
4200	4376	4613.3106375	6100513_G__1
8860	4377	14847.58455	6100514_G__2
9730	4378	10633.4717625	6000193_G__1
1838	4379	186.721575	6100338_R__2
1840	4380	5192.7913875	6100338_G__4
1842	4381	3389.9623875	6100338_G__5
1844	4382	21907.5916875	6100339_R__1
1846	4383	3290.162925	6100339_G__2
5508	4384	61.1674125	6100733_R__2
5510	4385	5150.94	6100733_G__1
1850	4386	30293.965875	6100336_R__2
4220	4387	10195.6418625	6100337_G__3
5912	4388	17130.0948375	6100636_R__1
11126	4389	12606.92565	6100639_R__1
11128	4390	10639.9104375	6100639_G__2
1896	4391	10292.2219875	6100020_R__1
3048	4392	18404.9524875	6100141_R__1
5974	4393	16334.918475	6100140_G__1
5402	4394	13968.7054125	6100146_G__1
24312	4395	7150.1485875	6100145_G__1
5408	4396	173.844225	6100144_R__1
5410	4397	2095.7887125	6100144_G__1
11860	4398	5482.5317625	6000108_R__1
11862	4399	9435.8782125	6000108_G__1
12558	4400	6995.6203875	6100005_G__1
24328	4401	17374.7644875	6000104_R__1
24330	4402	8231.8459875	6000104_G__1
24244	4403	4536.0465375	6000107_R__1
8970	4404	3.2193375	6000475_R__1
8972	4405	17387.6418375	6000475_G__1
4008	4406	12127.2443625	6100001_G__1
8974	4407	24376.82355	6000479_R__1
2444	4408	23884.2649125	6100528_R__1
2446	4409	11023.0116	6100528_G__1
8976	4410	7369.0635375	5901394_R__1
8978	4411	20922.4744125	5901394_G__1
8980	4412	11882.5747125	5901392_R__2
7662	4413	5163.81735	6000030_R__1
7664	4414	1165.400175	6000030_G__1
7666	4415	785.51835	6000033_R__1
4050	4416	15829.4824875	6100480_R__1
4052	4417	2037.8406375	6100480_G__1
4054	4418	13608.1396125	6100481_R__1
4056	4419	4912.709025	6100481_G__1
10434	4420	22844.4189	6100560_R__2
10436	4421	2556.153975	6100560_G__1
4062	4422	5244.3007875	6000212_R__6
4064	4423	5955.774375	6000212_G__1
4066	4424	7462.424325	6000212_G__4
4068	4425	7597.6365	6000213_G__4
4070	4426	167.40555	6000213_G__5
4072	4427	13891.4413125	6000214_R__1
4074	4428	8534.4637125	6000214_G__1
4076	4429	7095.41985	6000214_G__2
4078	4430	0.0	6000215_R__2
4080	4431	11039.1082875	6000215_G__2
4082	4432	862.78245	6000216_G__3
4084	4433	5839.878225	6000217_G__1
4086	4434	6387.1656	6000217_G__2
4088	4435	0.0	6000218_R__1
4090	4436	16019.4234	6000218_G__2
4092	4437	16.0966875	6000219_G__1
4094	4438	7137.2712375	6000219_G__4
4096	4439	112.6768125	6000219_G__5
7730	4440	5031.8245125	6000359_R__1
6054	4441	2701.0241625	5901363_R__2
6056	4442	11438.3061375	5901362_R__1
6062	4443	17674.162875	5901365_R__2
6064	4444	16821.0384375	5901364_R__1
2210	4445	5595.208575	6100668_R__1
2212	4446	3106.6606875	6100668_R__2
2214	4447	8016.150375	6100668_G__1
9822	4448	14474.1414	6100669_G__1
9824	4449	19831.119	6100666_R__1
9826	4450	1583.91405	6100667_R__1
9828	4451	20114.4207	6100667_G__1
9830	4452	20751.849525	6100664_G__1
4136	4453	1841.46105	6100665_R__1
4138	4454	14850.8038875	6100665_R__2
9832	4455	6451.55235	6100663_G__1
9834	4456	5234.642775	6100661_R__1
9222	4457	1384.315125	6100659_G__1
4584	4458	962.5819125	6000502_R__5
4586	4459	7462.424325	6000502_G__1
4588	4460	321.93375	6000503_R__1
4590	4461	6783.1441125	6000503_G__1
24496	4462	17883.4198125	6100245_R__1
24498	4463	798.3957	6100245_G__1
24500	4464	7755.3840375	6100246_R__1
24058	4465	10530.4529625	6100247_R__1
24502	4466	9294.2273625	6100248_R__1
24504	4467	2288.9489625	6100248_G__1
24506	4468	498.9973125	6100249_R__2
24508	4469	560.164725	6100249_G__1
7806	4470	1332.805725	6100186_R__1
7808	4471	7494.6177	6100184_G__1
7810	4472	12243.1405125	6100183_R__1
7812	4473	15636.3222375	6100183_G__1
2700	4474	9706.3025625	6100068_R__3
2702	4475	14551.4055	6100068_G__1
7816	4476	13563.0688875	6100342_G__1
7818	4477	7014.9364125	6100345_R__2
7820	4478	2617.3213875	6100345_G__1
24550	4479	4574.6785875	6100747_R__1
24552	4480	16920.8379	6100747_G__1
25114	4481	3154.95075	6100743_R__4
9880	4482	6477.30705	6000430_G__1
9882	4483	1732.003575	6000430_G__2
9884	4484	12606.92565	6000431_G__2
6060	4485	8402.470875	5901367_G__1
6174	4486	70.825425	6000179_G__1
2350	4487	28230.3705375	6000319_R__1
2352	4488	6918.3562875	6000318_R__1
2354	4489	6152.1539625	6000315_R__1
2356	4490	9799.66335	6000315_G__1
2358	4491	29621.1243375	6000314_R__1
2360	4492	11885.79405	6000317_R__1
2362	4493	3415.7170875	6000317_G__1
2364	4494	30194.1664125	6000316_R__1
2366	4495	11905.110075	6000311_G__1
2382	4496	10530.4529625	6100239_R__1
2384	4497	4494.19515	6100239_G__1
2386	4498	23420.6803125	6100238_R__1
2388	4499	14284.2004875	6100238_G__1
2390	4500	23678.2273125	6100235_R__1
2392	4501	24009.819075	6100235_G__1
2394	4502	23729.7367125	6100234_R__1
2396	4503	17841.568425	6100234_G__1
2398	4504	24058.1091375	6100236_R__1
2400	4505	23897.1422625	6100236_G__1
12474	4506	15282.1951125	6000045_R__1
12476	4507	7787.5774125	6000045_G__1
10484	4508	5431.0223625	6000384_R__2
9196	4509	21772.3795125	6000262_G__1
9200	4510	29089.93365	6000264_R__1
9202	4511	0.0	6000267_R__1
9204	4512	9806.102025	6000267_G__1
2734	4513	3074.4673125	6000266_R__4
2736	4514	3744.0895125	6000266_G__1
6326	4515	0.0	6100442_G__1
7614	4516	1925.163825	6100443_R__1
2452	4517	21025.4932125	6100525_R__1
4310	4518	13653.2103375	6100524_G__2
6336	4519	0.0	6100449_R__2
6338	4520	849.9051	6100449_R__3
4316	4521	6924.7949625	6100657_R__1
4318	4522	5270.0554875	6100657_R__2
4824	4523	1616.107425	6000181_R__1
4826	4524	4980.3151125	6000181_G__1
10972	4525	70.825425	6000182_R__1
4320	4526	12861.2533125	6100653_R__2
12484	4527	6429.0169875	6000043_R__2
9216	4528	428.1718875	6100302_G__1
10984	4529	5591.9892375	6000188_G__1
10986	4530	18124.870125	6000189_R__1
6366	4531	6519.1584375	6100712_R__2
6368	4532	3689.360775	6100710_G__1
4406	4533	9207.30525	6100658_G__1
24292	4534	11026.2309375	6000125_R__2
24294	4535	11332.068	6000125_G__2
1716	4536	3203.2408125	6100682_R__2
1718	4537	7642.707225	6100682_G__1
1720	4538	12378.3526875	6100682_G__2
4894	4539	6853.9695375	6000135_R__2
4896	4540	11657.2210875	6000135_G__1
7992	4541	2317.923	6000134_G__1
4904	4542	67.6060875	6000137_R__1
4906	4543	286.5210375	6000137_G__1
7994	4544	1445.4825375	6000136_G__1
4924	4545	8251.1620125	6000131_R__3
11118	4546	15546.1807875	6100016_R__1
1732	4547	13064.071575	6100684_R__1
1734	4548	13685.4037125	6100684_R__2
1736	4549	415.2945375	6100684_R__3
1738	4550	1261.9803	6100684_G__1
8002	4551	6464.4297	6000139_R__1
8004	4552	3325.5756375	6000139_R__2
8006	4553	3898.6177125	6000139_G__1
24790	4554	20536.1539125	6100155_R__3
11070	4555	13926.854025	6100156_R__1
11072	4556	898.1951625	6100156_G__1
5884	4557	5559.7958625	6000390_G__1
1748	4558	804.834375	6100687_R__1
1750	4559	14171.523675	6100687_R__2
2648	4560	16660.0715625	6000443_R__1
2650	4561	2530.399275	6000445_R__1
2654	4562	7427.0116125	6000449_G__1
5892	4563	28561.9623	6000399_R__1
11130	4564	19190.4708375	6000002_R__1
11610	4565	19.316025	6000004_R__1
11612	4566	447.4879125	6000004_R__2
11614	4567	2598.0053625	6000004_G__1
11068	4568	2308.2649875	6000138_G__1
11074	4569	2942.474475	6100157_G__1
11076	4570	2511.08325	6100157_G__2
11166	4571	1171.83885	6100478_R__1
11168	4572	1867.21575	6100478_R__2
11170	4573	0.0	6100478_R__3
11172	4574	13598.4816	6100477_R__1
11174	4575	0.0	6100477_R__2
11176	4576	434.6105625	6100477_R__3
11178	4577	618.1128	6100476_R__3
11180	4578	14705.9337	6100475_R__1
11182	4579	21688.6767375	6100475_G__1
11184	4580	17783.62035	6100474_R__1
11186	4581	23147.036625	6100473_R__1
11188	4582	891.7564875	6100473_R__2
11190	4583	41.8513875	6100473_R__3
11192	4584	2652.7341	6100473_G__1
11194	4585	0.0	6100472_R__2
11196	4586	0.0	6100471_R__1
11198	4587	0.0	6100471_R__2
11200	4588	0.0	6100471_G__1
11202	4589	80.4834375	6100471_G__3
11204	4590	2923.15845	6000347_R__1
11206	4591	4226.9901375	6000347_G__1
11208	4592	3412.49775	6000344_G__1
11210	4593	3344.8916625	6000344_G__3
11212	4594	3447.9104625	6000345_R__5
11214	4595	4104.6553125	6000345_G__1
11216	4596	869.221125	6000342_G__4
9988	4597	21981.63645	6000227_R__1
10022	4598	5154.1593375	5901378_R__3
10024	4599	11708.7304875	5901378_G__1
7814	4600	21537.367875	6100341_R__1
11236	4601	1876.8737625	5901375_R__1
11238	4602	3824.57295	5901375_R__3
11240	4603	4581.1172625	5901375_G__1
12440	4604	21592.0966125	5901376_R__1
6500	4605	5134.8433125	5901377_G__1
8128	4606	14876.5585875	6100402_R__1
8130	4607	8866.055475	6100402_G__1
8132	4608	10002.4816125	6100400_G__1
8134	4609	8672.895225	6100406_G__1
8136	4610	7996.83435	6100404_G__1
24940	4611	6184.3473375	6100589_G__1
24942	4612	6313.1208375	6100581_R__2
5394	4613	51.5094	6000237_R__3
8210	4614	0.0	6100577_G__1
5040	4615	5376.293625	6100279_R__1
5042	4616	5263.6168125	6100277_R__1
8212	4617	2250.3169125	6100579_G__1
24984	4618	12420.204075	6100055_R__1
24986	4619	8196.433275	6100055_G__1
24992	4620	1393.9731375	6100057_R__3
24994	4621	5440.680375	6100056_R__2
5046	4622	3238.653525	6100722_R__1
5048	4623	669.6222	6100722_G__1
25000	4624	25899.5701875	6100354_R__1
25002	4625	1548.5013375	6100353_R__2
25004	4626	8177.11725	6100353_G__1
25006	4627	29273.4358875	6100350_R__1
25008	4628	35.4127125	6100351_R__1
25010	4629	6866.8468875	6100351_R__2
5082	4630	901.4145	6000401_R__7
5084	4631	4220.5514625	6000401_G__1
11374	4632	379.881825	6000400_R__8
6170	4633	1271.6383125	6100759_R__4
6172	4634	13202.5030875	6100759_G__1
12478	4635	25522.9077	6000044_R__1
12480	4636	3370.6463625	6000041_R__4
5108	4637	5740.0787625	6100127_R__2
12486	4638	13402.1020125	6000042_R__2
24010	4639	18553.0420125	6000164_R__1
24012	4640	4123.9713375	6000164_G__1
24824	4641	11428.648125	6000165_R__1
24826	4642	12301.0885875	6000165_G__1
12498	4643	19969.5505125	6000309_R__1
25370	4644	2095.7887125	6100549_G__1
6722	4645	2659.172775	6100545_R__5
6724	4646	2256.7555875	6100545_G__1
6726	4647	20365.529025	6100543_R__1
6728	4648	5356.9776	6100543_G__1
10020	4649	14825.0491875	6100542_R__1
11530	4650	5852.755575	6100541_G__1
1202	4651	11132.469075	6100540_R__2
1204	4652	2005.6472625	6100540_G__2
4376	4653	19493.0885625	6000277_R__1
8440	4654	23781.2461125	6100216_R__1
8442	4655	840.2470875	6100216_G__1
6756	4656	11084.1790125	6000378_R__2
9388	4657	4033.8298875	6100538_G__1
9390	4658	90.14145	6100539_R__1
9392	4659	8083.7564625	6100532_G__2
9394	4660	16850.012475	6100530_G__1
9396	4661	1995.98925	6100531_R__1
9398	4662	4011.294525	6100531_R__2
9400	4663	775.8603375	6100531_G__1
9402	4664	2256.7555875	6100536_R__1
9404	4665	3077.68665	6100536_G__1
9406	4666	0.0	6100537_R__1
9408	4667	2726.7788625	6100537_G__1
9410	4668	486.1199625	6100534_R__1
9412	4669	936.8272125	6100534_G__1
9414	4670	9783.5666625	6100534_G__2
9416	4671	3412.49775	6100535_R__1
9418	4672	90.14145	6100535_R__3
9420	4673	3422.1557625	6100535_G__1
3460	4674	753.324975	6100645_R__2
3080	4675	23549.4538125	6100640_R__1
3082	4676	3647.5093875	6100640_G__1
3084	4677	5363.416275	6100640_G__3
3086	4678	10968.2828625	6100317_R__1
3088	4679	18646.4028	6100317_R__2
3090	4680	4912.709025	6100317_G__1
3092	4681	12111.147675	6100317_G__2
4378	4682	1802.829	6100643_R__7
12044	4683	13678.9650375	6100761_R__1
12046	4684	21051.2479125	6100761_G__1
9632	4685	4262.40285	6100760_R__1
9634	4686	16196.4869625	6100760_G__1
3100	4687	4352.5443	6100648_R__1
8446	4688	27554.3096625	6100214_R__1
8448	4689	3061.5899625	6100214_G__1
12540	4690	5505.067125	6100226_G__1
12542	4691	21604.9739625	6100227_G__1
11646	4692	9677.328525	6000281_R__1
3760	4693	77.2641	6100165_R__2
3762	4694	4903.0510125	6100165_G__1
4498	4695	13778.7645	6100167_G__3
6798	4696	6773.4861	6100161_R__3
6800	4697	9838.2954	6100160_G__1
6802	4698	7172.68395	6100160_G__3
6804	4699	15394.871925	6100163_R__1
6806	4700	24788.89875	6100163_G__1
6808	4701	11650.7824125	6100162_G__1
24296	4702	13550.1915375	6000122_R__2
25350	4703	3554.1486	6000088_R__4
3906	4704	8946.5389125	6100364_R__2
3908	4705	4252.7448375	6100364_G__1
3910	4706	7468.863	6100364_G__2
25352	4707	26198.968575	6000124_R__1
25354	4708	19995.3052125	6000124_G__2
12556	4709	14000.8987875	6100007_R__1
25492	4710	10891.0187625	6000128_R__2
24856	4711	16795.2837375	6000129_R__3
6818	4712	2572.2506625	6100368_R__1
6820	4713	904.6338375	6100368_G__1
3172	4714	26920.100175	6000454_R__1
11688	4715	3521.955225	6000455_R__2
3174	4716	6586.764525	6000452_R__2
3176	4717	5949.3357	6000452_G__1
9494	4718	9500.2649625	6000451_G__1
7266	4719	13083.3876	6100393_R__1
8412	4720	11187.1978125	6000012_R__1
8414	4721	2868.4297125	6000010_R__2
8416	4722	7510.7143875	6000010_G__1
8418	4723	3380.304375	6000011_R__1
8420	4724	2153.7367875	6000011_G__1
11164	4725	2475.6705375	6100467_R__2
5390	4726	460.3652625	6100461_R__1
5392	4727	595.5774375	6100462_R__1
6876	4728	7942.1056125	5901344_G__1
6878	4729	14045.9695125	5901347_R__2
6880	4730	11602.49235	5901347_G__1
6882	4731	9039.8997	5901346_R__2
6884	4732	1339.2444	5901346_G__1
6902	4733	7909.9122375	5901348_R__2
6904	4734	8547.3410625	5901348_R__3
6906	4735	7736.0680125	5901348_G__2
25272	4736	2018.5246125	6100095_R__1
25274	4737	86.9221125	6100095_G__2
4432	4738	3.2193375	6100608_R__2
5412	4739	22010.6104875	6100609_R__1
5414	4740	8347.7421375	6100609_G__1
5420	4741	23320.88085	6100602_R__1
5422	4742	24463.7456625	6100603_R__1
5424	4743	6554.57115	6100605_R__2
5426	4744	13495.4628	6100605_G__1
5428	4745	11660.440425	6100606_G__1
8452	4746	6863.62755	6000489_G__1
5438	4747	8724.404625	6100590_R__1
5440	4748	0.0	6100590_R__2
5442	4749	3006.861225	6100590_G__1
5444	4750	524.7520125	6100591_R__1
5446	4751	20777.604225	6100591_G__1
8356	4752	4932.02505	6100592_R__1
8358	4753	10449.969525	6100592_G__1
8360	4754	15565.4968125	6100593_G__1
5454	4755	6683.34465	6100594_R__2
5456	4756	3441.4717875	6100594_G__1
5458	4757	19930.9184625	6100595_R__1
5460	4758	5862.4135875	6100596_R__2
11900	4759	5318.34555	6100693_R__1
8456	4760	8940.1002375	6100694_R__1
25506	4761	20629.5147	6100507_R__1
25512	4762	12581.17095	6100508_G__1
3358	4763	25577.6364375	5302470_R__1
3360	4764	13447.1727375	5302470_G__4
3362	4765	21756.282825	5302471_G__1
3364	4766	13930.0733625	5302472_G__1
3366	4767	4468.44045	5302473_R__3
3368	4768	9461.6329125	5302474_G__3
3370	4769	9104.28645	5302475_R__1
7042	4770	14499.8961	5302579_G__1
7044	4771	3956.5657875	5302578_R__2
7046	4772	23488.2864	5302578_G__1
10374	4773	21041.5899	5303001_R__1
10376	4774	2878.087725	5303001_R__2
5684	4775	8798.4493875	5302573_R__1
4172	4776	4687.3554	5302572_R__1
4174	4777	2720.3401875	5302572_R__2
4176	4778	16821.0384375	5302572_G__1
7066	4779	9155.79585	5302574_R__1
7068	4780	10997.2569	5302574_R__2
5714	4781	5263.6168125	5302576_G__1
3970	4782	17043.172725	5302598_R__1
7102	4783	26343.8387625	5302682_G__2
7110	4784	19013.407275	5302685_G__1
23980	4785	27496.3615875	5301951_G__1
7112	4786	428.1718875	5301954_G__1
7114	4787	6155.3733	5302372_G__1
3430	4788	289.740375	5302278_G__1
3432	4789	22837.980225	5302279_R__1
7116	4790	4143.2873625	5302374_G__1
4420	4791	21650.0446875	5302270_R__1
3446	4792	24080.6445	5302271_G__1
3448	4793	4014.5138625	5303077_R__1
9612	4794	12423.4234125	5302074_R__1
9614	4795	25967.176275	5302070_R__1
9616	4796	14338.929225	5302070_G__5
9618	4797	4964.218425	5302073_R__1
1534	4798	3380.304375	5303139_R__1
1536	4799	8218.9686375	5303139_R__4
1538	4800	4590.775275	5303139_G__2
3466	4801	6979.5237	5301929_R__1
3468	4802	24650.4672375	5301926_R__1
6192	4803	5991.1870875	5302194_R__1
6194	4804	1471.2372375	5302194_R__3
6196	4805	86.9221125	5302194_G__2
7140	4806	3956.5657875	5302193_G__4
10822	4807	5115.5272875	5302192_R__2
2986	4808	14403.315975	5302190_R__1
9624	4809	26076.63375	5302619_G__1
9626	4810	7204.877325	5302611_G__1
10142	4811	15485.013375	5302976_R__1
10146	4812	22416.2470125	5303002_G__2
24912	4813	20945.009775	5302640_G__1
7166	4814	14992.4547375	5302997_R__1
7168	4815	16743.7743375	5302997_G__1
10172	4816	7060.0071375	5302994_R__1
3490	4817	1609.66875	5302859_R__1
12056	4818	12996.4654875	5302100_R__2
12058	4819	12867.6919875	5302100_G__2
1378	4820	447.4879125	5302531_G__1
9158	4821	12677.751075	5302678_G__1
9160	4822	7845.5254875	5302674_G__3
1510	4823	18775.1763	5303137_R__1
1512	4824	5118.746625	5303137_R__3
1514	4825	1796.390325	5303137_G__1
1516	4826	1973.4538875	5303134_R__1
1518	4827	6808.8988125	5303134_R__4
1520	4828	12462.0554625	5303135_R__1
1522	4829	5707.8853875	5303135_G__1
1524	4830	4513.511175	5303135_G__5
10272	4831	20352.651675	5302038_G__1
10274	4832	8231.8459875	5302039_G__1
1530	4833	11280.5586	5303138_R__1
1532	4834	10581.9623625	5303138_G__1
1552	4835	8685.772575	5302391_G__2
1554	4836	9094.6284375	5302390_R__1
1556	4837	12758.2345125	5302390_G__1
12110	4838	2884.5264	5302393_R__1
1558	4839	11711.949825	5302392_R__1
1560	4840	13997.67945	5302392_R__2
1562	4841	1094.57475	5302392_G__1
8676	4842	24550.667775	5302395_G__1
8678	4843	2469.2318625	5302395_G__2
1564	4844	13688.62305	5302394_R__2
1566	4845	911.0725125	5302394_G__1
1568	4846	6779.924775	5302394_G__3
1570	4847	7198.43865	5302397_R__1
1572	4848	470.023275	5302397_R__2
1574	4849	9400.4655	5302397_G__3
12112	4850	11496.2542125	5302396_G__1
1580	4851	6477.30705	5302399_G__1
8682	4852	199.598925	5302398_R__1
5794	4853	17039.9533875	5301967_G__1
8698	4854	23359.5129	5302714_R__1
8700	4855	23890.7035875	5302714_G__1
9694	4856	15369.117225	5302711_R__2
9698	4857	1744.880925	5302246_G__1
8704	4858	7298.2381125	5302245_G__3
8706	4859	6029.8191375	5302244_R__4
8710	4860	11251.5845625	5302249_G__4
8712	4861	12378.3526875	5302248_G__1
5818	4862	830.589075	5303143_G__1
5820	4863	4680.916725	5303143_G__3
5822	4864	6126.3992625	5303142_R__1
5824	4865	637.428825	5303142_R__3
5826	4866	1113.890775	5303142_G__1
5828	4867	9336.07875	5303142_G__3
5830	4868	3570.2452875	5303141_R__1
5832	4869	10047.5523375	5303141_R__2
5834	4870	35.4127125	5303141_G__1
25392	4871	20684.2434375	5302325_G__1
5848	4872	1835.022375	5302817_R__2
5850	4873	3869.643675	5302817_R__6
10342	4874	8582.753775	5302815_R__2
3994	4875	13080.1682625	5302819_R__4
1648	4876	19641.1780875	5302214_R__1
1650	4877	0.0	5302214_G__2
10622	4878	15101.9122125	5302744_G__1
8702	4879	15069.7188375	5302710_R__1
9700	4880	13067.2909125	5302713_R__1
9702	4881	0.0	5302713_R__2
9704	4882	2192.3688375	5302713_G__2
1672	4883	18253.643625	5302211_R__1
1674	4884	22680.2326875	5302211_G__1
24206	4885	21720.8701125	5302148_R__1
5868	4886	3930.8110875	5302922_R__2
5870	4887	4297.8155625	5302922_G__2
7706	4888	26997.364275	5302964_G__1
1682	4889	7584.75915	5302741_R__1
1684	4890	11068.082325	5302741_R__2
1686	4891	11132.469075	5302741_G__1
24212	4892	3663.606075	5302144_G__1
8810	4893	21051.2479125	5302867_R__1
8812	4894	23240.3974125	5302866_G__1
8814	4895	28085.50035	5302862_G__1
8816	4896	7835.867475	5302861_R__1
8818	4897	2523.9606	5302860_R__1
12136	4898	3409.2784125	5303080_G__1
8830	4899	17526.07335	5302869_R__1
8832	4900	19947.01515	5302868_R__1
1654	4901	1645.0814625	5302960_R__1
7700	4902	6100.6445625	5302961_R__1
7702	4903	16499.1046875	5302961_G__1
12152	4904	11605.7116875	5302440_G__1
7704	4905	1158.9615	5302967_R__1
24298	4906	29115.68835	5302691_G__1
10518	4907	30126.560325	5302693_G__1
10520	4908	22342.20225	5302694_G__2
7570	4909	20272.1682375	5302695_R__1
7572	4910	32244.8844	5302695_G__1
10532	4911	16518.4207125	5302696_R__1
10534	4912	32135.426925	5302696_G__1
10538	4913	2324.361675	5302698_R__1
10540	4914	23060.1145125	5302698_G__1
24318	4915	8019.3697125	5302361_R__2
25490	4916	3747.30885	5302364_G__1
24320	4917	9558.2130375	5302366_R__1
24322	4918	4590.775275	5302366_R__2
24324	4919	5186.3527125	5302366_G__1
24326	4920	7951.763625	5302368_R__1
1058	4921	12043.5415875	5303109_G__3
8490	4922	16019.4234	5303060_R__2
8492	4923	11438.3061375	5303060_G__2
8498	4924	5208.888075	5303061_R__1
4162	4925	9648.3544875	5303100_R__1
4164	4926	8463.6382875	5303104_G__3
9784	4927	12185.1924375	5302914_R__3
9786	4928	12101.4896625	5302913_R__1
9788	4929	8888.5908375	5302913_R__2
25364	4930	10865.2640625	5302348_R__2
9790	4931	7301.45745	5302910_R__2
9792	4932	4323.5702625	5302910_G__2
4010	4933	8737.281975	5302624_R__1
24384	4934	15008.551425	5302188_R__2
4012	4935	24370.384875	5302623_G__1
4014	4936	25944.6409125	5302622_G__1
24388	4937	12381.572025	5302185_G__1
4024	4938	9506.7036375	5302629_R__1
8684	4939	17387.6418375	5301931_G__3
7688	4940	16592.465475	5302969_R__2
7690	4941	12442.7394375	5302969_G__1
7692	4942	8560.2184125	5302219_R__1
7694	4943	21775.59885	5302962_G__1
7696	4944	16505.5433625	5302216_R__1
7698	4945	2147.2981125	5302216_G__1
1662	4946	10247.1512625	5302217_G__1
10626	4947	20800.1395875	5302743_G__1
1678	4948	31977.6793875	5302212_G__1
7708	4949	12181.9731	5302965_G__1
24168	4950	17864.1037875	5302430_G__1
24170	4951	9036.6803625	5302430_G__2
10640	4952	7958.2023	5301886_R__2
24426	4953	2449.9158375	5302820_R__6
12234	4954	10253.5899375	5301981_R__1
4108	4955	8437.8835875	5302133_R__2
4110	4956	4323.5702625	5302133_G__2
4112	4957	13057.6329	5302132_G__1
4114	4958	907.853175	5302135_R__5
4116	4959	24502.3777125	5302135_G__1
24448	4960	21524.490525	5301984_R__1
4118	4961	12500.6875125	5302134_R__1
4120	4962	10552.988325	5302136_G__1
4122	4963	12587.609625	5302136_G__2
24374	4964	688.938225	5302433_R__1
24376	4965	10321.196025	5302433_G__1
2200	4966	2752.5335625	5302418_G__1
2202	4967	9822.1987125	5302419_R__1
2204	4968	4613.3106375	5302419_G__1
24542	4969	13254.0124875	5302556_G__1
6156	4970	13234.6964625	5302555_G__3
10756	4971	9867.2694375	5303029_G__2
5872	4972	15040.7448	5302923_G__1
1188	4973	389.5398375	5302389_R__1
1190	4974	2704.2435	5302389_R__2
1192	4975	7275.70275	5302389_G__2
2246	4976	231.7923	5302387_R__2
2248	4977	8820.98475	5302387_G__1
2250	4978	19048.8199875	5302387_G__2
4278	4979	9831.856725	5302250_G__1
9104	4980	7385.160225	5302252_G__5
9106	4981	10002.4816125	5302253_G__1
2296	4982	22033.14585	5302706_G__1
2298	4983	4606.8719625	5301871_R__1
9110	4984	9738.4959375	5301870_G__1
2302	4985	7600.8558375	5302709_R__3
2304	4986	18813.80835	5302709_G__1
24630	4987	16138.5388875	5303154_R__1
24632	4988	11518.789575	5303154_G__1
9114	4989	11296.6552875	5302093_R__1
9116	4990	10424.214825	5302096_R__1
2624	4991	20494.302525	5302097_G__1
9120	4992	7794.0160875	5302094_G__2
24786	4993	8750.159325	5303153_G__1
2316	4994	9735.2766	5302098_R__2
2318	4995	0.0	5302098_G__2
6182	4996	27393.3427875	5302312_G__1
24642	4997	3277.285575	5303158_G__1
3470	4998	5521.1638125	5301925_G__4
10846	4999	7900.254225	5302952_R__2
10848	5000	5772.2721375	5302952_G__1
10872	5001	1223.34825	5302959_G__2
10266	5002	2189.1495	5302958_R__1
10284	5003	2668.8307875	5302779_R__9
9186	5004	22126.5066375	5302871_G__3
9188	5005	24322.0948125	5302873_G__2
7154	5006	1741.6615875	5302972_G__1
7156	5007	424.95255	5302972_G__3
10138	5008	22171.5773625	5302974_R__2
10140	5009	14129.6722875	5302974_G__2
10994	5010	988.3366125	5302515_G__1
10996	5011	3673.2640875	5302452_R__1
4846	5012	6998.839725	5302453_R__1
4848	5013	13015.7815125	5302453_R__2
4850	5014	23816.658825	5302453_G__1
10998	5015	15980.79135	5302456_R__1
4862	5016	11766.6785625	5302455_R__2
4864	5017	16553.833425	5302455_G__2
2286	5018	16041.9587625	5302700_R__1
2288	5019	837.02775	5302700_R__4
2290	5020	15720.0250125	5302700_G__1
11086	5021	9345.7367625	5302429_R__1
8008	5022	16711.5809625	5302429_G__1
8010	5023	13563.0688875	5302428_R__1
8012	5024	3280.5049125	5302428_R__2
8014	5025	7201.6579875	5302428_G__1
8016	5026	8576.3151	5302428_G__2
8018	5027	13637.11365	5302425_R__1
8020	5028	8746.9399875	5302425_R__2
8022	5029	3782.7215625	5302425_G__1
8024	5030	10414.5568125	5302424_R__1
8026	5031	18990.8719125	5302424_R__2
8036	5032	4613.3106375	5302422_R__1
11094	5033	22561.1172	5302058_R__1
4908	5034	14490.2380875	5303051_R__2
4910	5035	70.825425	5303051_R__3
4912	5036	3560.587275	5303051_G__2
11312	5037	10231.054575	5303052_R__2
11098	5038	605.23545	5302580_R__3
11100	5039	6754.170075	5302580_G__2
1712	5040	328.372425	5303058_R__4
11102	5041	11715.1691625	5302582_G__1
11104	5042	8486.17365	5302583_R__1
11106	5043	16959.46995	5302583_G__1
11108	5044	630.99015	5302584_G__2
5836	5045	3624.974025	5303140_R__1
5838	5046	4008.0751875	5303140_G__2
5840	5047	3731.2121625	5303140_G__3
4936	5048	14976.35805	5302907_R__1
10144	5049	20388.0643875	5302973_R__1
11596	5050	2472.4512	5302631_R__6
11036	5051	16466.9113125	5302637_R__5
11142	5052	15456.0393375	5302639_G__2
11148	5053	18234.3276	5302739_G__1
11150	5054	10694.639175	5302738_G__1
7176	5055	20648.830725	5302999_G__2
11154	5056	3950.1271125	5302221_G__1
11156	5057	22860.5155875	5302222_G__1
11158	5058	19824.680325	5302737_R__1
11160	5059	9107.5057875	5302737_G__1
8094	5060	4191.577425	5302226_G__1
4960	5061	12742.137825	5302838_G__2
4962	5062	3985.539825	5302839_G__2
4978	5063	14805.7331625	5302834_R__1
4980	5064	16502.324025	5302835_G__1
4982	5065	9081.7510875	5302836_R__4
4984	5066	7536.4690875	5302836_G__1
4986	5067	13405.32135	5302836_G__4
4988	5068	17381.2031625	5302837_G__1
4990	5069	3573.464625	5302837_G__7
24902	5070	6519.1584375	5302644_G__1
24904	5071	18182.8182	5302643_R__3
24906	5072	7491.3983625	5302643_G__2
24908	5073	14483.7994125	5302643_G__3
24910	5074	2746.0948875	5302642_G__1
24918	5075	12172.3150875	5302649_R__1
24920	5076	11670.0984375	5302649_G__1
24922	5077	10675.32315	5302648_R__1
8028	5078	11203.2945	5302423_R__1
8030	5079	14818.6105125	5302423_R__2
8032	5080	2292.1683	5302423_G__1
8034	5081	1464.7985625	5302423_G__4
11092	5082	2559.3733125	5302350_R__2
8038	5083	1004.4333	5302421_R__1
8040	5084	3708.6768	5302421_G__1
11346	5085	914.29185	5302581_R__1
11348	5086	9516.36165	5302581_G__1
11350	5087	11480.157525	5302783_G__1
9324	5088	31163.187	5302469_R__1
9326	5089	8740.5013125	5302469_G__1
6552	5090	13096.26495	5302781_G__1
6556	5091	25065.761775	5302785_G__1
3450	5092	7848.744825	5303073_R__1
11390	5093	2259.974925	5302543_R__1
11392	5094	4169.0420625	5302543_G__3
2514	5095	12758.2345125	5301945_R__1
2516	5096	24711.63465	5301945_G__2
6612	5097	238.230975	5301944_R__3
6614	5098	2420.9418	5301941_G__3
6616	5099	30387.3266625	5301940_R__2
2550	5100	7745.726025	5301943_G__3
12488	5101	11979.1548375	5302269_G__2
12490	5102	19219.444875	5302264_G__1
12492	5103	16492.6660125	5302266_R__3
12494	5104	15668.5156125	5302266_G__3
6628	5105	18575.577375	5303161_R__1
4362	5106	997.994625	5303160_R__4
6634	5107	12101.4896625	5303163_R__2
6636	5108	18949.020525	5303163_G__1
6638	5109	2082.9113625	5303162_G__1
6640	5110	2984.3258625	5303162_G__2
6642	5111	1622.5461	5303165_R__2
6644	5112	20185.246125	5303165_G__1
6646	5113	12381.572025	5303164_G__1
2898	5114	6776.7054375	5302069_G__1
2900	5115	13076.948925	5302068_R__1
2902	5116	1258.7609625	5302068_G__1
2904	5117	119.1154875	5302067_R__1
2906	5118	11563.8603	5302066_R__1
2908	5119	5353.7582625	5302064_G__1
2910	5120	10833.0706875	5302062_R__1
2912	5121	5205.6687375	5302062_G__2
2914	5122	25146.2452125	5302061_R__1
2916	5123	3966.2238	5302060_G__1
9356	5124	15011.7707625	5302283_G__1
9358	5125	21022.273875	5302282_R__1
9360	5126	2456.3545125	5302280_R__1
6684	5127	0.0	5302764_G__4
6692	5128	15137.324925	5302766_R__1
6694	5129	4861.199625	5302766_G__1
6696	5130	6445.113675	5302767_G__2
3066	5131	6132.8379375	5302945_R__4
3068	5132	4561.8012375	5302945_G__2
3070	5133	13334.495925	5302945_G__3
25174	5134	24920.8915875	5302947_G__1
11620	5135	16041.9587625	5301890_G__1
2988	5136	12552.1969125	5302609_G__1
25164	5137	26971.609575	5302943_G__1
25170	5138	7858.4028375	5302946_R__2
25172	5139	20574.7859625	5302946_G__1
3454	5140	7040.6911125	5303078_R__1
3456	5141	869.221125	5303078_G__1
3458	5142	2221.342875	5303078_G__3
6702	5143	9844.734075	5302948_R__3
11140	5144	4365.42165	5302638_R__2
25372	5145	8354.1808125	5302434_G__3
25374	5146	1558.15935	5302435_R__1
24828	5147	2063.5953375	5302431_R__1
25382	5148	5157.378675	5302432_G__1
25384	5149	24647.2479	5302432_G__2
10780	5150	8750.159325	5302934_R__1
11726	5151	11135.6884125	5302937_R__3
2292	5152	4845.1029375	5302701_R__1
2294	5153	2556.153975	5302701_R__5
11766	5154	27409.439475	5301919_R__1
5372	5155	14142.5496375	5302481_G__1
5376	5156	3132.4153875	5302482_G__1
5382	5157	2301.8263125	5302333_G__1
2300	5158	22184.4547125	5302708_G__1
24832	5159	7900.254225	5302804_R__2
25472	5160	3245.0922	5302650_R__2
11856	5161	9490.60695	5302651_R__1
9122	5162	17220.2362875	5302095_R__1
4282	5163	31620.332925	5302099_R__1
4284	5164	6235.8567375	5302099_G__1
1020	5165	2910.2811	5800832_G__1
1010	5166	13501.901475	5800938_R__1
1012	5167	4919.1477	5800938_R__2
1014	5168	0.0	5800938_R__3
1016	5169	15913.1852625	5800938_G__1
9990	5170	643.8675	5800836_G__1
1052	5171	2717.12085	5800835_R__4
1054	5172	5746.5174375	5800835_G__1
1022	5173	1036.626675	5800932_G__1
1024	5174	22103.971275	5800933_R__1
1092	5175	1419.7278375	5800931_R__1
1094	5176	3872.8630125	5800931_R__3
1096	5177	2639.85675	5800931_G__1
1098	5178	11183.978475	5800931_G__3
1030	5179	7806.8934375	5800936_R__2
24644	5180	16927.276575	5801663_R__1
8474	5181	18781.614975	5800934_R__1
1034	5182	13405.32135	5800935_R__1
1036	5183	17503.5379875	5800935_G__2
24646	5184	1178.277525	5801664_R__1
24648	5185	1831.8030375	5801664_G__1
1392	5186	7439.8889625	5800731_R__1
1064	5187	3.2193375	5800732_R__2
1066	5188	0.0	5800732_G__1
1068	5189	2285.729625	5800735_R__1
1074	5190	7423.792275	5800736_R__8
1070	5191	2437.0384875	5800736_R__1
1072	5192	13469.7081	5800736_R__2
1076	5193	22029.9265125	5800736_G__2
11964	5194	24515.2550625	5800737_R__1
1082	5195	16679.3875875	5800738_G__1
1084	5196	20619.8566875	5800739_R__1
1112	5197	13344.1539375	5801067_G__1
1114	5198	23665.3499625	5801066_G__1
1116	5199	16331.6991375	5801065_R__1
8792	5200	7996.83435	5800949_R__3
8520	5201	4085.3392875	5801468_R__1
10070	5202	20056.472625	5801018_R__1
10072	5203	24885.478875	5801018_G__1
10074	5204	6532.0357875	5801544_G__1
23990	5205	11805.3106125	5801546_R__1
23992	5206	18804.1503375	5801016_R__1
23994	5207	28117.693725	5801015_G__1
5612	5208	0.0	5801765_R__1
5614	5209	7249.94805	5801765_G__1
5616	5210	6467.6490375	5801765_G__2
1212	5211	23262.932775	5801609_R__1
1214	5212	23398.14495	5801609_G__1
5618	5213	8924.00355	5801767_R__2
5620	5214	6.438675	5801767_G__1
5622	5215	6477.30705	5801763_G__1
10584	5216	25046.44575	5801975_G__1
12042	5217	1957.3572	5801304_R__1
8988	5218	16608.5621625	5801612_R__1
1290	5219	3148.512075	5801115_G__1
1292	5220	20294.7036	5801114_R__1
1294	5221	276.863025	5801114_G__2
1296	5222	705.0349125	5801113_G__1
1298	5223	2079.692025	5801113_G__3
1300	5224	6989.1817125	5801112_R__1
1302	5225	11605.7116875	5801111_R__1
1304	5226	20362.3096875	5801111_G__1
1306	5227	4426.5890625	5801110_G__1
1308	5228	1155.7421625	5801110_G__4
8994	5229	9548.555025	5801614_G__1
24348	5230	5495.4091125	5801202_G__1
24350	5231	0.0	5801202_G__2
8560	5232	7774.7000625	5801282_R__1
8562	5233	15552.6194625	5801282_G__1
8564	5234	0.0	5801280_R__3
10212	5235	14148.9883125	5800741_G__1
10214	5236	5930.019675	5800741_G__3
6648	5237	13534.09485	5800740_R__1
6650	5238	13678.9650375	5800743_G__1
6652	5239	21582.4386	5800745_G__2
6658	5240	12252.798525	5800744_G__1
10216	5241	6657.58995	5800747_G__1
10226	5242	16231.899675	5801714_R__3
10228	5243	10050.771675	5801714_G__1
3618	5244	18012.1933125	5801486_R__2
3620	5245	19415.8244625	5801486_G__1
10866	5246	9548.555025	5801710_G__1
10250	5247	3592.78065	5800907_R__1
10252	5248	25152.6838875	5800907_G__1
5948	5249	9271.692	5800958_G__1
10256	5250	9950.9722125	5800909_G__1
12098	5251	7066.4458125	5800860_G__1
4468	5252	14538.52815	5801481_R__1
4470	5253	17010.97935	5801480_R__1
4472	5254	10977.940875	5801480_G__1
3608	5255	4597.21395	5801482_R__1
3610	5256	17068.927425	5801482_G__1
3612	5257	2816.9203125	5801482_G__3
3614	5258	16804.94175	5801485_R__1
3616	5259	6055.5738375	5801485_G__1
3622	5260	16933.71525	5801337_R__1
3624	5261	15842.3598375	5801337_R__2
3626	5262	1532.40465	5801337_G__1
12114	5263	5759.3947875	5801336_G__1
3648	5264	4024.171875	5800990_R__1
3650	5265	14602.9149	5800991_R__1
12206	5266	9764.2506375	5800677_R__2
12208	5267	5340.8809125	5800677_G__2
3660	5268	730.7896125	5801020_R__1
4476	5269	24994.93635	5800684_R__2
4478	5270	18717.228225	5800684_G__1
4480	5271	7146.92925	5800685_G__1
3664	5272	21865.7403	5800686_R__2
3666	5273	2504.644575	5800680_G__1
3668	5274	28404.2147625	5800681_R__1
3670	5275	9744.9346125	5800681_G__1
3672	5276	26871.8101125	5800682_R__1
3674	5277	251.108325	5800683_R__1
4482	5278	3940.4691	5801159_R__1
4484	5279	2285.729625	5801158_G__1
7404	5280	17738.549625	5801650_G__1
7596	5281	3534.832575	5801651_G__3
3688	5282	225.353625	5801157_R__1
3690	5283	20217.4395	5801157_G__1
3692	5284	25423.1082375	5801156_G__1
3694	5285	5237.8621125	5801154_R__1
3696	5286	1944.47985	5801154_G__1
3716	5287	1802.829	5801930_G__2
9696	5288	23848.8522	5801932_R__1
8366	5289	173.844225	5801234_R__1
7450	5290	6448.3330125	5801235_R__1
7452	5291	5244.3007875	5801235_R__2
7454	5292	13833.4932375	5801235_R__3
7456	5293	16969.1279625	5801235_G__4
7842	5294	16489.446675	5801232_G__1
7844	5295	20101.54335	5801233_R__1
7468	5296	15169.5183	5801230_G__1
7852	5297	18140.9668125	5801231_R__1
11792	5298	5833.43955	5801357_G__1
12134	5299	5157.378675	5801800_G__1
24256	5300	10459.6275375	5800820_G__1
10334	5301	14165.085	5801434_R__1
1890	5302	6612.519225	5800700_R__1
8932	5303	183.5022375	5801079_R__1
8934	5304	9484.168275	5801079_G__1
8936	5305	0.0	5800891_R__1
8938	5306	6316.340175	5800891_G__1
5950	5307	1783.512975	5800959_R__1
5952	5308	4735.6454625	5800959_G__1
1898	5309	14499.8961	5800893_R__1
1900	5310	18153.8441625	5800893_G__1
5968	5311	24367.1655375	5800955_R__3
5970	5312	19531.7206125	5800955_G__3
5972	5313	25545.4430625	5800956_G__1
24304	5314	27148.6731375	5800957_R__1
10546	5315	20790.481575	5800951_R__1
10548	5316	10672.1038125	5800951_G__1
5980	5317	18707.5702125	5800952_R__2
24314	5318	4967.4377625	5800953_R__1
24316	5319	2887.7457375	5800953_G__2
1918	5320	9944.5335375	5801470_R__1
1920	5321	128.7735	5801471_R__3
1922	5322	12961.052775	5801471_R__5
1924	5323	4590.775275	5801471_G__1
1926	5324	3988.7591625	5801472_G__1
6868	5325	9954.19155	5801352_G__1
1934	5326	4246.3061625	5801475_R__1
1936	5327	26588.5084125	5801475_G__1
1938	5328	4259.1835125	5801476_R__1
1940	5329	19122.86475	5801476_G__2
4228	5330	6036.2578125	5801478_R__1
4230	5331	18012.1933125	5801479_R__1
4232	5332	7076.103825	5801479_G__1
10580	5333	8924.00355	5801208_R__2
10582	5334	13167.090375	5801208_G__2
8984	5335	21775.59885	5801610_R__1
8986	5336	20323.6776375	5801611_R__1
10586	5337	11335.2873375	5801205_G__1
8990	5338	6197.2246875	5801613_R__2
8992	5339	16222.2416625	5801613_G__4
24346	5340	498.9973125	5801203_G__1
8996	5341	13804.5192	5801615_R__1
8998	5342	13901.099325	5801615_G__1
9000	5343	24367.1655375	5801616_R__1
10592	5344	9960.630225	5801972_G__2
12200	5345	29276.655225	5800675_R__1
12202	5346	21273.3822	5800675_G__2
12204	5347	15140.5442625	5800674_R__1
1974	5348	3808.4762625	5801278_R__2
12210	5349	21575.999925	5800676_R__1
12212	5350	6554.57115	5800670_G__1
6026	5351	19293.4896375	5801378_R__1
12214	5352	17036.73405	5800679_G__1
12216	5353	2334.0196875	5800678_R__1
12218	5354	11332.068	5800678_G__1
12222	5355	9754.592625	5801105_R__1
12224	5356	13540.533525	5801105_G__1
12226	5357	22931.3410125	5801106_G__1
12228	5358	21308.7949125	5801108_R__1
2034	5359	560.164725	5801296_R__1
2036	5360	24238.3920375	5801297_R__1
2042	5361	6892.6015875	5801293_G__1
2044	5362	5540.4798375	5801298_G__1
6116	5363	20214.2201625	5801195_G__2
2108	5364	16888.644525	5801858_R__1
2110	5365	5344.10025	5801858_G__1
2114	5366	1780.2936375	5801856_R__3
7798	5367	6599.641875	5800910_R__4
7800	5368	1963.795875	5800910_G__1
7802	5369	14142.5496375	5800911_R__1
7804	5370	19673.3714625	5800911_G__1
4632	5371	4790.3742	5800859_G__3
4634	5372	431.391225	5800858_R__1
4636	5373	4745.303475	5800858_G__1
4638	5374	2462.7931875	5800855_R__1
4640	5375	2163.3948	5800855_R__3
4642	5376	5176.6947	5800855_G__1
4644	5377	6541.6938	5800855_G__2
4646	5378	8798.4493875	5800854_R__1
4648	5379	1847.899725	5800857_G__2
4650	5380	2968.229175	5800856_G__1
7826	5381	14712.372375	5801530_R__1
7828	5382	8437.8835875	5801530_R__2
7830	5383	4053.1459125	5801530_G__1
12278	5384	5012.5084875	5800752_R__6
12280	5385	6329.217525	5800752_G__4
24582	5386	9168.6732	5801086_R__1
24162	5387	5939.6776875	5801082_R__2
24164	5388	13141.335675	5801082_G__2
9916	5389	5572.6732125	5801035_G__1
9918	5390	29302.409925	5801036_R__1
9920	5391	10810.535325	5801036_G__1
9922	5392	17432.7125625	5801037_R__1
9924	5393	29579.27295	5801037_G__1
7876	5394	2372.6517375	5801400_G__2
7878	5395	9938.0948625	5801403_G__1
4696	5396	15932.5012875	5801926_G__1
4698	5397	5855.9749125	5801927_G__1
4700	5398	4725.98745	5801924_R__1
4702	5399	7330.4314875	5801924_G__1
4704	5400	5778.7108125	5801925_R__1
4706	5401	22345.4215875	5801925_G__1
4708	5402	26733.3786	5801922_R__1
4710	5403	23076.2112	5801923_R__1
4712	5404	24106.3992	5801920_R__1
4714	5405	511.8746625	5801921_R__1
4716	5406	8225.4073125	5801921_G__1
4720	5407	6345.3142125	5801928_R__1
4722	5408	12845.156625	5801928_G__1
10844	5409	24061.328475	5801715_G__1
10850	5410	20317.2389625	5801717_R__1
10852	5411	1519.5273	5801717_G__1
10854	5412	6322.77885	5801716_R__1
10856	5413	12230.2631625	5801716_R__2
10858	5414	12307.5272625	5801716_G__1
10860	5415	14319.6132	5801711_R__1
10862	5416	6477.30705	5801711_G__1
10864	5417	2717.12085	5801711_G__2
7888	5418	14911.9713	5801246_R__3
7890	5419	3750.5281875	5801245_R__4
24036	5420	4162.6033875	5801303_G__1
4784	5421	11267.68125	5801811_R__2
6866	5422	22483.8531	5801353_G__1
7728	5423	11267.68125	5800819_G__1
6350	5424	15771.5344125	5800769_R__1
6352	5425	6271.26945	5800769_G__1
6356	5426	13604.920275	5800767_R__1
6358	5427	4629.407325	5800767_G__1
2880	5428	9947.752875	5800811_G__1
10790	5429	4049.926575	5801860_R__2
10792	5430	11634.685725	5801860_R__3
12584	5431	5466.435075	5800699_R__1
2578	5432	3631.4127	5801041_R__1
2580	5433	21131.73135	5801041_G__1
2582	5434	25236.3866625	5801040_R__1
2584	5435	16576.3687875	5801040_G__1
2586	5436	18678.596175	5801591_R__1
2588	5437	3679.7027625	5801591_R__2
2590	5438	26163.5558625	5801042_G__1
2592	5439	585.919425	5801597_G__1
4352	5440	11241.92655	5801595_G__1
12362	5441	22406.589	5800882_R__1
12364	5442	12893.4466875	5800882_G__1
12366	5443	228.5729625	5800886_G__1
12368	5444	6725.1960375	5800887_R__1
12370	5445	15658.8576	5800884_G__1
12372	5446	13167.090375	5800885_R__3
12374	5447	8389.593525	5800885_G__2
11060	5448	7552.565775	5800961_R__2
11062	5449	334.8111	5800961_G__1
11064	5450	16257.654375	5800961_G__2
12376	5451	6451.55235	5800889_R__1
12378	5452	6457.991025	5800889_G__2
6408	5453	20127.29805	5800964_R__1
6410	5454	22754.27745	5800964_G__2
11078	5455	54.7287375	5801564_R__1
9246	5456	9107.5057875	5801449_R__3
9248	5457	5006.0698125	5801449_G__3
11224	5458	10862.044725	5801448_R__2
11226	5459	4252.7448375	5801448_G__1
11088	5460	15874.5532125	5801561_R__2
6444	5461	3782.7215625	5801968_R__1
6446	5462	12085.392975	5801969_R__1
25096	5463	21633.948	5801962_R__1
25098	5464	9854.3920875	5801962_G__1
25100	5465	15623.4448875	5801962_G__3
6448	5466	1992.7699125	5801963_R__1
25108	5467	3505.8585375	5801960_G__2
24838	5468	1226.5675875	5801742_R__9
11120	5469	3795.5989125	5801967_R__1
6454	5470	9278.130675	5801212_R__2
24854	5471	11264.4619125	5800962_G__2
11132	5472	21798.1342125	5801695_R__1
11134	5473	9886.5854625	5801695_G__1
11136	5474	9825.41805	5801696_R__1
11138	5475	21456.8844375	5801697_G__1
2692	5476	16.0966875	5801139_R__7
5114	5477	13817.39655	5801005_R__1
9290	5478	8273.697375	5801918_R__1
9292	5479	2729.9982	5801917_G__1
5116	5480	14918.409975	5801007_R__1
5118	5481	14796.07515	5801007_G__1
10082	5482	7130.8325625	5801543_R__1
10084	5483	4568.2399125	5801543_G__2
2726	5484	5221.765425	5801629_R__1
2728	5485	5334.4422375	5801628_R__1
2730	5486	8772.6946875	5801628_G__1
2732	5487	6287.3661375	5801628_G__3
11084	5488	13649.991	5801563_G__1
11468	5489	11863.2586875	5801771_G__1
11470	5490	5527.6024875	5801771_G__2
11368	5491	2729.9982	5801528_R__2
11370	5492	6210.1020375	5801529_R__2
11372	5493	4848.322275	5801529_G__1
11382	5494	13991.240775	5801526_R__4
11384	5495	14480.580075	5801527_R__1
25022	5496	20813.0169375	5800721_R__1
25064	5497	1854.3384	5801417_R__6
11434	5498	26604.6051	5801385_G__1
25068	5499	3856.766325	5801799_G__2
25070	5500	3035.8352625	5801799_G__4
25072	5501	6557.7904875	5801798_G__2
25076	5502	1329.5863875	5801795_R__4
25078	5503	2037.8406375	5801797_G__2
25080	5504	9812.5407	5801796_G__1
25082	5505	2604.4440375	5801796_G__5
25084	5506	45.070725	5801791_R__4
25086	5507	997.994625	5801791_G__1
25092	5508	2034.6213	5801793_G__4
25094	5509	479.6812875	5801792_R__1
11460	5510	4861.199625	5801552_G__2
11462	5511	4111.0939875	5801552_G__4
5120	5512	8177.11725	5801002_R__1
11466	5513	1123.5487875	5801774_R__1
6450	5514	8016.150375	5801210_R__2
6452	5515	12854.8146375	5801210_G__2
11472	5516	7636.26855	5801959_G__1
8266	5517	1786.7323125	5801964_R__1
6456	5518	5315.1262125	5801213_G__2
11478	5519	3428.5944375	5801383_G__1
11480	5520	23259.7134375	5801380_R__1
8284	5521	30129.7796625	5801258_G__1
6782	5522	22889.489625	5801259_R__1
6794	5523	18459.681225	5801709_G__2
10588	5524	614.8934625	5801971_G__1
25430	5525	14564.28285	5801421_R__1
10590	5526	7427.0116125	5801970_R__1
5204	5527	17603.33745	5801174_G__1
5208	5528	21495.5164875	5801172_R__1
6780	5529	7211.316	5800770_G__1
12536	5530	8627.8245	5800772_G__1
8318	5531	25638.80385	5801870_G__1
8320	5532	29192.95245	5801871_R__1
8322	5533	28819.5093	5801873_R__1
8324	5534	0.0	5801879_G__2
6796	5535	8656.7985375	5800974_G__1
6810	5536	8801.668725	5800978_G__2
3128	5537	2047.49865	5800879_G__1
3130	5538	20433.1351125	5800878_R__3
3132	5539	4861.199625	5800878_G__2
3136	5540	0.0	5800875_R__3
3138	5541	12503.90685	5800875_R__4
3140	5542	7163.0259375	5800874_R__1
3142	5543	17577.58275	5800872_R__3
3144	5544	20526.4959	5800871_R__1
3146	5545	12912.7627125	5800871_G__1
3148	5546	2189.1495	5801452_R__1
3150	5547	3422.1557625	5801452_G__1
3152	5548	8969.074275	5801452_G__2
3154	5549	9455.1942375	5801453_R__2
3156	5550	0.0	5801450_R__3
3158	5551	3673.2640875	5801450_G__1
3160	5552	3389.9623875	5801451_R__2
3162	5553	13830.2739	5801451_G__1
3164	5554	14989.2354	5801454_R__1
3166	5555	10987.5988875	5801454_G__1
10722	5556	338.0304375	5801229_R__1
10724	5557	18994.09125	5801229_G__1
10726	5558	3080.9059875	5801229_G__2
9506	5559	24328.5334875	5800983_R__1
9508	5560	18231.1082625	5800981_R__1
9510	5561	22004.1718125	5800985_R__1
12588	5562	3827.7922875	5800696_G__1
6856	5563	16128.880875	5801359_G__1
6858	5564	7191.999975	5801359_G__2
4874	5565	7037.471775	5801358_G__1
12586	5566	7539.688425	5800698_R__1
11788	5567	4313.91225	5801355_G__1
11790	5568	6348.53355	5801355_G__2
6862	5569	14129.6722875	5801354_R__1
6864	5570	19325.6830125	5801354_G__1
11794	5571	25967.176275	5801356_G__1
11796	5572	23250.055425	5801351_G__1
24062	5573	24074.205825	5801646_G__1
3244	5574	12.87735	5801908_R__1
3246	5575	14097.4789125	5801908_R__6
3248	5576	11737.704525	5801908_G__1
3250	5577	13476.146775	5801908_G__2
3252	5578	19712.0035125	5801909_G__1
3254	5579	11901.8907375	5801905_R__2
3256	5580	0.0	5801905_R__3
3258	5581	10694.639175	5801905_G__4
3260	5582	17931.709875	5801906_G__1
3262	5583	0.0	5801901_R__3
3264	5584	27609.0384	5801902_R__1
9574	5585	4890.1736625	5801636_R__1
9576	5586	10739.7099	5801635_R__1
11464	5587	13350.5926125	5801550_G__1
5490	5588	7414.1342625	5002901_G__1
5492	5589	8119.169175	5002901_G__2
9950	5590	5215.32675	5002900_R__1
9952	5591	8399.2515375	5002900_G__1
9954	5592	5440.680375	5002900_G__5
4140	5593	2182.710825	5002903_G__2
1038	5594	9435.8782125	5002902_R__1
1040	5595	20117.6400375	5002902_G__1
5498	5596	21115.6346625	5002905_R__2
5500	5597	19831.119	5002905_G__1
5502	5598	4932.02505	5002905_G__3
5504	5599	28909.65075	5002904_G__2
10240	5600	8363.838825	5002831_R__1
10242	5601	5488.9704375	5002831_G__1
1448	5602	14139.3303	5002428_R__1
1078	5603	1947.6991875	5002429_R__2
1080	5604	14062.0662	5002429_R__3
1482	5605	11509.1315625	5002426_R__4
1484	5606	26459.7349125	5002427_R__1
3398	5607	8956.196925	5002595_R__1
3400	5608	19586.44935	5002595_R__2
3402	5609	23172.791325	5002595_G__1
3064	5610	759.76365	5002613_R__4
4204	5611	2601.2247	5001904_R__1
4206	5612	14773.5397875	5001904_R__3
1826	5613	0.0	5001906_R__1
1828	5614	14786.4171375	5001906_G__1
5608	5615	18817.0276875	5001908_R__2
10102	5616	6145.7152875	5002163_G__1
10104	5617	1120.32945	5002161_G__1
10704	5618	5772.2721375	5002160_G__1
2244	5619	782.2990125	5001848_G__4
5648	5620	3547.709925	5001841_G__1
5650	5621	26533.779675	5001840_R__1
5652	5622	4416.93105	5001843_G__4
5654	5623	18095.8960875	5001845_G__5
5656	5624	9004.4869875	5001844_G__2
5658	5625	7967.8603125	5001844_G__3
5660	5626	26604.6051	5001847_R__3
5662	5627	8637.4825125	5001847_G__1
5664	5628	23237.178075	5001846_G__1
3484	5629	3122.757375	5003249_R__1
3486	5630	3431.813775	5003249_G__1
3488	5631	18137.747475	5003249_G__2
12050	5632	18475.7779125	5003245_G__1
9640	5633	7282.141425	5003244_R__1
12052	5634	13179.967725	5003246_R__1
12054	5635	1889.7511125	5003246_G__1
4742	5636	2694.5854875	5001868_R__3
4744	5637	20410.59975	5001868_G__1
4746	5638	3840.6696375	5001868_G__2
11280	5639	20082.227325	5002763_R__2
7328	5640	1458.3598875	5002945_G__1
7206	5641	10913.554125	5002569_R__5
24072	5642	8907.9068625	5002568_R__2
7212	5643	15031.0867875	5002566_R__1
7214	5644	23047.2371625	5002566_G__1
10206	5645	10678.5424875	5002786_G__1
10494	5646	9732.0572625	5002829_G__1
9658	5647	10295.441325	5002862_R__3
9660	5648	10646.3491125	5002863_G__1
9662	5649	10662.4458	5002860_R__2
9664	5650	244.66965	5002860_G__2
9666	5651	26974.8289125	5002861_G__1
3520	5652	3644.29005	5002264_R__3
3522	5653	6390.3849375	5002264_G__3
7256	5654	18369.539775	5002308_G__2
7258	5655	4130.4100125	5002308_G__5
3528	5656	7964.640975	5002263_G__3
7264	5657	20095.104675	5002303_R__1
6850	5658	22773.593475	5002302_R__2
7268	5659	1641.862125	5002301_G__2
7270	5660	21315.2335875	5002300_R__1
7272	5661	1271.6383125	5002300_G__1
7274	5662	9091.4091	5002307_G__2
7276	5663	28352.7053625	5002304_R__1
7304	5664	3039.0546	5001949_R__1
7306	5665	11644.3437375	5001949_R__2
7308	5666	16927.276575	5001949_G__1
7310	5667	12178.7537625	5001949_G__2
7318	5668	8550.5604	5001941_R__1
7320	5669	1538.843325	5001941_R__2
7322	5670	13904.3186625	5001946_G__1
7324	5671	894.975825	5001946_G__2
7326	5672	1590.352725	5001947_G__1
24132	5673	4049.926575	5003146_R__2
24134	5674	12977.1494625	5003146_G__1
24136	5675	7150.1485875	5003145_G__1
12106	5676	23066.5531875	5003142_G__1
12108	5677	19087.4520375	5003143_R__1
24142	5678	14657.6436375	5003141_G__1
24146	5679	7143.7099125	5002002_G__1
24148	5680	8412.1288875	5002003_R__2
24150	5681	12548.977575	5002004_R__2
24152	5682	12465.2748	5002006_R__2
24154	5683	3180.70545	5002006_G__1
24156	5684	0.0	5002008_G__1
24158	5685	0.0	5002009_R__1
24160	5686	9.6580125	5002009_G__3
8174	5687	3341.672325	5002896_R__1
8176	5688	11180.7591375	5002896_R__4
8178	5689	791.957025	5002896_G__1
8180	5690	13962.2667375	5002896_G__3
1656	5691	12481.3714875	5002523_G__1
1658	5692	6364.6302375	5002522_R__2
1660	5693	26408.2255125	5002522_G__1
24198	5694	7948.5442875	5001890_G__1
8746	5695	20256.07155	5002527_R__1
8748	5696	0.0	5002527_R__2
8750	5697	17786.8396875	5002527_G__1
1668	5698	10739.7099	5002524_R__2
1670	5699	17944.587225	5002524_G__1
8756	5700	14779.9784625	5002528_R__2
5038	5701	17068.927425	5002487_R__1
24970	5702	13299.0832125	5002328_G__4
10406	5703	11988.81285	5003217_R__2
1702	5704	3203.2408125	5003215_G__1
4182	5705	3193.5828	5003213_R__2
4184	5706	4671.2587125	5003213_G__1
1708	5707	4169.0420625	5003211_R__6
1710	5708	9880.1467875	5003211_G__1
1714	5709	4230.209475	5003219_G__3
8856	5710	10617.375075	5002180_R__1
8864	5711	6090.98655	5002186_G__1
8870	5712	12481.3714875	5002188_G__1
1794	5713	25938.2022375	5002857_G__1
1796	5714	679.2802125	5002857_G__2
1802	5715	10646.3491125	5002851_G__1
1804	5716	3898.6177125	5002851_G__3
1806	5717	453.9265875	5002850_R__3
1808	5718	9773.90865	5002850_G__1
24262	5719	12230.2631625	5002916_G__1
1830	5720	21939.7850625	5002859_R__1
1832	5721	23452.8736875	5002859_G__2
1834	5722	405.636525	5002858_R__2
1836	5723	27940.6301625	5002858_G__1
1852	5724	0.0	5003102_R__1
1854	5725	16473.3499875	5003102_R__2
1862	5726	5218.5460875	5003100_R__2
1864	5727	5521.1638125	5003100_R__3
10486	5728	1181.4968625	5002459_G__1
10492	5729	8453.980275	5002827_R__3
8918	5730	27724.93455	5002453_R__1
8920	5731	2601.2247	5002452_G__1
10500	5732	18559.4806875	5002359_R__1
8926	5733	16821.0384375	5002454_R__1
8928	5734	357.3464625	5002454_G__1
25498	5735	1361.7797625	5001936_R__4
25500	5736	74.0447625	5001936_G__1
5990	5737	12574.732275	5003177_R__4
5992	5738	11966.2774875	5003177_G__3
5994	5739	11126.0304	5003176_R__2
5996	5740	12713.1637875	5003176_G__1
5998	5741	14689.8370125	5003176_G__2
6000	5742	12397.6687125	5003175_R__1
6002	5743	21868.9596375	5003175_G__2
6004	5744	13228.2577875	5003173_G__1
6006	5745	218.91495	5003172_G__1
6008	5746	13125.2389875	5003170_R__1
6010	5747	15623.4448875	5003170_G__1
6012	5748	5855.9749125	5003179_R__1
6014	5749	8077.3177875	5003179_R__2
24734	5750	14029.872825	5001853_R__1
7650	5751	3222.5568375	5002625_R__4
7652	5752	666.4028625	5002625_G__2
4026	5753	18450.0232125	5002074_G__1
10968	5754	808.0537125	5002191_G__1
10970	5755	4049.926575	5002191_G__2
4058	5756	23858.5102125	5002383_G__1
4060	5757	18765.5182875	5002382_G__1
1878	5758	3322.3563	5002381_G__2
2770	5759	775.8603375	5002380_G__1
2808	5760	20883.8423625	5002386_G__1
1892	5761	18083.0187375	5002385_G__1
1894	5762	415.2945375	5002384_G__1
24424	5763	15221.0277	5003250_R__1
9816	5764	2121.5434125	5002679_R__1
10678	5765	167.40555	5002574_R__1
10680	5766	3515.51655	5002574_G__1
7740	5767	18685.03485	5002576_R__1
7742	5768	2903.842425	5002576_G__1
10286	5769	12867.6919875	5002570_R__1
10682	5770	9844.734075	5002571_R__1
10684	5771	30625.5576375	5002573_R__1
7746	5772	14332.49055	5002791_G__1
4132	5773	9255.5953125	5002811_R__1
4134	5774	3042.2739375	5002811_G__1
1666	5775	5707.8853875	5002526_R__2
4576	5776	27570.40635	5002496_R__1
2478	5777	6071.670525	5003224_G__4
7774	5778	7179.122625	5003223_R__1
24494	5779	8119.169175	5002492_G__1
7778	5780	3715.115475	5003221_G__6
10702	5781	24627.931875	5002318_R__1
24750	5782	5266.83615	5002253_G__1
4346	5783	1364.9991	5002252_G__1
2556	5784	25.7547	5002255_G__1
4234	5785	305.8370625	5002254_G__1
4236	5786	9458.413575	5002254_G__3
2576	5787	9113.9444625	5002257_G__1
2612	5788	4136.8486875	5002258_R__4
2614	5789	7317.5541375	5002258_G__3
10712	5790	18646.4028	5002313_R__1
8752	5791	11525.22825	5002529_R__1
8754	5792	5308.6875375	5002529_G__3
4652	5793	15665.296275	5003036_G__2
4654	5794	5295.8101875	5003035_R__2
4656	5795	7462.424325	5003038_R__1
7832	5796	1451.9212125	5003138_R__1
7834	5797	3077.68665	5003138_G__1
7836	5798	598.796775	5003138_G__2
25106	5799	0.0	5002400_G__1
10796	5800	762.9829875	5003045_G__1
10798	5801	18289.0563375	5003044_G__1
10800	5802	17757.86565	5003042_G__1
10802	5803	21025.4932125	5003041_G__1
10804	5804	27142.2344625	5003040_G__1
11908	5805	16077.371475	5002335_R__1
11910	5806	9081.7510875	5002335_G__3
24584	5807	31356.34725	5002043_R__1
24586	5808	26244.0393	5002043_G__1
2368	5809	13991.240775	5002531_R__1
2370	5810	17780.4010125	5002531_G__1
12306	5811	5208.888075	5002532_G__1
12308	5812	2784.7269375	5002533_R__4
12310	5813	119.1154875	5002533_G__1
12312	5814	22245.622125	5002534_R__1
12314	5815	25934.9829	5002534_G__3
4740	5816	16064.494125	5001869_G__1
4748	5817	0.0	5001867_R__6
4750	5818	0.0	5001867_G__1
4752	5819	26295.5487	5001866_G__2
4754	5820	3367.427025	5001865_R__3
4756	5821	3528.3939	5001865_G__2
4758	5822	1767.4162875	5001865_G__3
10842	5823	4046.7072375	5002107_R__1
6266	5824	8115.9498375	5002691_R__2
6268	5825	27943.8495	5002691_G__2
6276	5826	6995.6203875	5002693_R__1
6278	5827	14522.4314625	5002693_G__1
6280	5828	14374.3419375	5002695_R__2
6282	5829	10549.7689875	5002695_G__2
6284	5830	144.8701875	5002696_R__2
2406	5831	6721.9767	5003266_G__2
2408	5832	17555.0473875	5003268_R__1
2410	5833	138.4315125	5003268_R__2
2412	5834	9793.224675	5003268_G__1
2414	5835	4548.9238875	5003268_G__3
24702	5836	19026.284625	5002217_R__1
24704	5837	19103.548725	5002216_R__1
6306	5838	2462.7931875	5002747_R__2
24076	5839	22789.6901625	5002746_G__1
6308	5840	17136.5335125	5002745_G__1
6310	5841	14210.155725	5002744_R__1
1144	5842	7191.999975	5002749_G__1
24708	5843	1416.5085	5002748_R__1
24710	5844	3238.653525	5002748_R__2
24714	5845	18768.737625	5002218_R__1
4306	5846	1339.2444	5002628_G__2
4308	5847	19905.1637625	5002624_R__1
2458	5848	5431.0223625	5002626_R__1
2460	5849	991.55595	5002626_R__2
2462	5850	8109.5111625	5002626_R__3
2464	5851	4777.49685	5002626_R__4
2466	5852	7150.1485875	5002627_R__2
2468	5853	5279.7135	5002627_G__1
6328	5854	16051.616775	5002589_R__2
6330	5855	35.4127125	5002589_G__4
6332	5856	15909.965925	5002588_R__1
6334	5857	4883.7349875	5002588_G__1
1970	5858	4062.803925	5002190_R__1
1972	5859	10153.790475	5002190_G__1
2470	5860	10192.422525	5002623_R__1
2472	5861	11396.45475	5002623_R__3
4580	5862	6071.670525	5002494_R__2
2490	5863	13051.194225	5002843_G__1
7776	5864	2775.068925	5003222_G__2
12350	5865	4664.8200375	5002994_R__1
12352	5866	412.0752	5002994_G__2
1576	5867	16466.9113125	5002363_R__1
1578	5868	26405.006175	5002363_G__1
6382	5869	26594.9470875	5002362_R__1
6384	5870	15897.088575	5002365_R__1
8740	5871	32363.9998875	5002364_G__1
6392	5872	23700.762675	5002368_R__1
10300	5873	9297.4467	5001809_G__1
8866	5874	1084.9167375	5002189_R__1
8868	5875	6325.9981875	5002189_G__1
24608	5876	4684.1360625	5002399_G__2
11272	5877	5904.264975	5002808_G__4
11274	5878	3464.00715	5002809_G__1
10086	5879	1158.9615	5002801_G__1
10248	5880	5955.774375	5002803_G__1
11276	5881	6985.962375	5002805_R__1
11278	5882	23926.1163	5002806_G__1
10564	5883	5942.897025	5002762_G__1
10566	5884	15333.7045125	5002762_G__2
8154	5885	20066.1306375	5002893_R__1
8156	5886	20204.56215	5002893_G__3
8158	5887	13118.8003125	5002892_R__1
8160	5888	7414.1342625	5002892_R__2
8162	5889	14544.966825	5002892_G__1
8164	5890	5315.1262125	5002892_G__3
5860	5891	1789.95165	5002890_R__2
8166	5892	5894.6069625	5002897_R__1
8168	5893	15507.5487375	5002897_R__2
8170	5894	6390.3849375	5002897_G__1
8172	5895	13218.599775	5002897_G__3
5024	5896	27419.0974875	5002489_R__1
5026	5897	6084.547875	5002489_G__1
8182	5898	16553.833425	5002895_R__1
8184	5899	849.9051	5002895_R__2
8186	5900	14805.7331625	5002895_G__1
8188	5901	1822.145025	5002895_G__2
8190	5902	8389.593525	5002894_R__1
8192	5903	11232.2685375	5002894_R__3
8194	5904	2224.5622125	5002894_G__1
8196	5905	16138.5388875	5002894_G__3
8198	5906	10375.9247625	5002899_R__1
8200	5907	9722.39925	5002898_R__1
8202	5908	6744.5120625	5002898_R__2
8204	5909	11264.4619125	5002898_G__1
8206	5910	10929.6508125	5002898_G__2
24264	5911	17509.9766625	5002910_R__1
8220	5912	0.0	5001965_R__1
24094	5913	18440.3652	5003168_R__1
25020	5914	12758.2345125	5003169_G__2
6150	5915	6754.170075	5003280_R__3
6152	5916	24869.3821875	5003280_G__1
6162	5917	6544.9131375	5003282_R__3
6164	5918	20925.69375	5003282_G__1
25028	5919	6400.04295	5003122_R__4
11398	5920	2813.700975	5002125_G__1
25030	5921	9381.149475	5003126_R__1
11402	5922	7343.3088375	5002124_R__1
11404	5923	1989.550575	5002124_G__1
10690	5924	4243.086825	5002123_R__1
25050	5925	1406.8504875	5002022_R__3
25052	5926	35.4127125	5002022_G__2
25054	5927	8370.2775	5002023_R__1
25056	5928	15980.79135	5002023_R__3
24742	5929	12265.675875	5002021_R__4
25058	5930	2449.9158375	5002027_R__1
25066	5931	26269.794	5001914_R__1
25074	5932	3863.205	5001911_G__1
6670	5933	7143.7099125	5002119_R__2
25116	5934	12143.34105	5002320_R__1
2954	5935	8640.70185	5002299_G__2
2956	5936	24386.4815625	5002298_R__1
2958	5937	15166.2989625	5002298_G__1
2960	5938	3145.2927375	5002295_R__3
2962	5939	8132.046525	5002295_G__1
2964	5940	11959.8388125	5002297_G__1
2966	5941	20951.44845	5002296_G__1
2968	5942	24151.469925	5002291_G__1
2970	5943	19193.690175	5002290_R__1
2972	5944	3154.95075	5002290_G__1
2974	5945	9815.7600375	5002290_G__2
2976	5946	11631.4663875	5002293_G__1
2978	5947	2002.427925	5002292_G__1
25130	5948	18685.03485	5001879_G__1
25154	5949	10247.1512625	5001870_R__1
25156	5950	13492.2434625	5001870_G__1
25158	5951	13012.562175	5001872_R__1
25214	5952	14441.948025	5001873_G__1
11522	5953	17249.210325	5002688_G__2
25380	5954	9777.1279875	5002689_G__2
3168	5955	2205.2461875	5002686_R__2
11526	5956	15919.6239375	5002687_G__2
11528	5957	17107.559475	5002684_G__1
6732	5958	19827.8996625	5002680_R__2
12512	5959	17043.172725	5003274_R__2
12514	5960	3615.3160125	5003274_G__1
12516	5961	28240.02855	5003276_R__1
12518	5962	3859.9856625	5003279_G__1
4412	5963	4301.0349	5002756_R__1
4414	5964	19155.058125	5002756_R__2
4416	5965	17365.106475	5002756_G__1
1466	5966	21331.330275	5002757_R__3
1468	5967	16479.7886625	5002757_G__1
1470	5968	10948.9668375	5002757_G__2
11550	5969	17526.07335	5002758_G__1
11552	5970	8128.8271875	5002759_R__2
11554	5971	15546.1807875	5002759_G__2
11562	5972	23604.18255	5002592_G__1
11564	5973	17165.50755	5002593_R__1
3388	5974	527.97135	5002597_R__2
3390	5975	26150.6785125	5002597_G__1
8300	5976	1860.777075	5001778_R__2
6772	5977	24550.667775	5002598_R__1
6774	5978	22512.8271375	5002598_G__1
10794	5979	18224.6695875	5003046_G__1
25266	5980	4954.5604125	5002972_R__4
25276	5981	1039.8460125	5002977_G__1
25278	5982	17770.743	5003087_G__1
25376	5983	247.8889875	5001951_R__4
25378	5984	4381.5183375	5001951_G__1
25386	5985	7166.245275	5001954_G__3
3526	5986	21254.066175	5002267_R__5
3170	5987	2620.540725	5003011_R__2
11902	5988	0.0	5002333_G__1
3496	5989	11042.327625	5002013_R__2
7880	5990	12423.4234125	5002015_R__4
25408	5991	27580.0643625	5001839_R__1
5356	5992	1525.965975	5002019_G__1
11832	5993	8466.857625	5002655_R__1
11834	5994	3718.3348125	5002657_R__1
11836	5995	31478.682075	5002656_R__1
11426	5996	9864.0501	5002121_R__1
8454	5997	888.53715	5002232_R__1
11824	5998	1117.1101125	5002658_R__1
11826	5999	4851.5416125	5002658_G__1
8458	6000	1535.6239875	5003200_R__3
8460	6001	3595.9999875	5003200_G__3
8462	6002	8875.7134875	5003203_G__1
8464	6003	8045.1244125	5003205_G__1
8466	6004	1020.5299875	5003204_G__4
8326	6005	18778.3956375	5002230_R__1
5488	6006	15510.768075	5002235_R__1
11932	6007	24573.2031375	6200274_R__1
11934	6008	12310.7466	6200275_R__4
9956	6009	202.8182625	6200179_R__1
9958	6010	15513.9874125	6200179_R__3
9960	6011	9764.2506375	6200179_G__3
3336	6012	13579.165575	6200277_R__1
11940	6013	907.853175	6200272_R__2
11942	6014	1841.46105	6200272_G__1
3344	6015	3460.7878125	6200273_R__1
3346	6016	0.0	6200273_R__2
3348	6017	0.0	6200273_G__1
7022	6018	6210.1020375	6200177_R__2
7024	6019	3460.7878125	6200176_G__2
5590	6020	15481.7940375	6200175_R__1
5592	6021	6161.811975	6200175_R__2
5594	6022	14255.22645	6200175_G__1
5596	6023	10984.37955	6200175_G__2
8296	6024	1828.5837	6200811_G__1
11960	6025	8672.895225	6200180_G__1
11962	6026	4800.0322125	6200188_G__2
24108	6027	3512.2972125	6200778_R__1
7086	6028	5402.048325	6200007_R__1
7088	6029	14799.2944875	6200004_G__1
7090	6030	5633.840625	6200003_R__1
3350	6031	502.21665	6200278_R__1
23944	6032	21398.9363625	6200279_R__2
6480	6033	14712.372375	6201431_G__1
24896	6034	7855.1835	6200430_R__3
24898	6035	383.1011625	6200430_G__3
8524	6036	19045.60065	6200959_G__3
4166	6037	24315.6561375	6200958_R__1
8530	6038	20822.67495	6200957_R__1
8532	6039	24821.092125	6200957_G__1
10134	6040	10321.196025	6100762_R__1
10136	6041	16399.305225	6100762_G__1
5668	6042	8660.017875	6201097_G__1
9942	6043	18588.454725	6200508_G__1
24050	6044	8215.7493	6201099_G__1
24052	6045	17677.3822125	6201099_G__2
9944	6046	14503.1154375	6200509_G__3
11110	6047	19068.1360125	6200785_R__1
10174	6048	11528.4475875	6200787_R__3
9278	6049	292.9597125	6200829_G__1
9280	6050	4178.700075	6200829_G__2
8582	6051	1059.1620375	6200827_G__1
9302	6052	1464.7985625	6200826_G__1
1338	6053	2485.32855	6200559_G__1
3502	6054	2324.361675	6100810_R__3
5678	6055	3489.76185	6201410_G__2
1340	6056	15256.4404125	6200555_R__1
1342	6057	17001.3213375	6200557_R__3
11406	6058	6313.1208375	6100779_R__1
24078	6059	9065.6544	6201329_G__1
11476	6060	1413.2891625	6100777_R__3
2746	6061	7732.848675	6201227_G__1
12082	6062	19750.6355625	6200734_R__2
1386	6063	16019.4234	6200737_R__2
1388	6064	721.1316	6200737_G__1
1390	6065	19174.37415	6200736_R__1
1412	6066	13482.58545	6200738_R__1
1414	6067	67.6060875	6200738_G__1
10236	6068	23588.0858625	6201255_G__1
10238	6069	14915.1906375	6201254_G__2
24092	6070	8869.2748125	6201525_G__7
9478	6071	16392.86655	6201524_R__1
8622	6072	11167.8817875	6201395_G__1
5730	6073	5263.6168125	6200300_G__1
5732	6074	9113.9444625	6200301_G__1
5734	6075	1967.0152125	6200302_G__7
5736	6076	14522.4314625	6200303_R__1
5738	6077	0.0	6200303_G__1
5740	6078	6342.094875	6200303_G__2
10246	6079	115.89615	6200124_R__1
11818	6080	5955.774375	6200120_R__1
10254	6081	11898.6714	6200122_G__1
8636	6082	602.0161125	6200041_R__2
1460	6083	595.5774375	6200040_R__2
10258	6084	17413.3965375	6200128_G__1
8658	6085	318.7144125	6200609_R__7
8660	6086	5051.1405375	6200609_G__1
10912	6087	8952.9775875	6201178_R__1
24180	6088	9223.4019375	6200906_R__2
24182	6089	10041.1136625	6200904_R__1
24184	6090	370.2238125	6200905_G__2
24186	6091	2672.050125	6200902_G__1
24188	6092	23761.9300875	6200900_G__1
10638	6093	5566.2345375	6200901_R__2
10918	6094	21012.6158625	6201274_R__4
10920	6095	7002.0590625	6201274_G__1
24192	6096	9509.922975	6200908_R__1
3720	6097	25860.9381375	6200514_G__1
7440	6098	6625.396575	6201180_R__1
7442	6099	1873.654425	6201180_G__4
7444	6100	5617.7439375	6201180_G__6
24210	6101	17587.2407625	6201381_R__1
25332	6102	11515.5702375	6200707_G__1
7478	6103	3731.2121625	6201165_G__2
7480	6104	0.0	6201160_G__1
1312	6105	8952.9775875	6201169_R__1
1314	6106	589.1387625	6201169_G__3
6530	6107	3022.9579125	6200328_G__1
3822	6108	14992.4547375	6200468_G__4
24246	6109	663.183525	6201440_R__1
24248	6110	10858.8253875	6201440_G__1
12142	6111	7349.7475125	6201114_R__4
12144	6112	11676.5371125	6201115_R__1
12146	6113	4552.143225	6201115_R__2
10438	6114	12394.449375	6201292_G__4
9308	6115	12880.5693375	6200449_G__1
24260	6116	4935.2443875	6200477_G__2
10466	6117	9773.90865	6200164_R__3
2796	6118	3483.323175	6200447_G__1
3886	6119	4339.66695	6200641_G__2
3888	6120	3386.74305	6200640_G__2
3890	6121	4709.8907625	6200643_R__3
3892	6122	9777.1279875	6200643_G__1
3894	6123	9835.0760625	6200643_G__3
3896	6124	11312.751975	6200642_R__1
3898	6125	20751.849525	6200642_G__1
3902	6126	17564.7054	6200649_R__1
3904	6127	12011.3482125	6200648_G__1
24816	6128	6876.5049	6201365_G__6
25224	6129	8547.3410625	6201364_R__3
25226	6130	21151.047375	6201364_G__1
25250	6131	25313.6507625	6201366_R__1
25252	6132	17088.24345	6201366_G__1
24282	6133	4342.8862875	6201361_G__4
24968	6134	11164.66245	6201360_G__6
10508	6135	21910.811025	6200010_R__1
10510	6136	19428.7018125	6200010_G__1
9776	6137	18556.26135	6200088_G__3
9778	6138	7584.75915	6200087_R__2
9780	6139	19947.01515	6200087_G__2
8510	6140	20120.859375	6200085_G__1
9022	6141	9712.7412375	6200547_G__2
9002	6142	6538.4744625	6201497_G__1
9004	6143	6969.8656875	6201497_G__2
9006	6144	3599.219325	6201494_R__1
9008	6145	11100.2757	6201494_G__1
1964	6146	286.5210375	6200942_R__4
1966	6147	22937.7796875	6200942_G__1
6050	6148	3650.728725	6200429_R__2
6052	6149	12803.3052375	6200429_G__3
1968	6150	11782.77525	6201498_G__1
6028	6151	26240.8199625	6201085_R__1
6030	6152	13125.2389875	6201080_G__1
6032	6153	3959.785125	6201082_G__2
2020	6154	23823.0975	6201123_G__1
2022	6155	1796.390325	6201122_R__1
2024	6156	23652.4726125	6201120_G__1
2026	6157	24267.366075	6201125_R__1
2028	6158	4037.049225	6201124_R__3
2030	6159	11982.374175	6201124_G__1
2032	6160	13141.335675	6201124_G__3
9818	6161	6197.2246875	6100808_R__2
9820	6162	10971.5022	6100808_R__3
2038	6163	1377.87645	6200830_R__1
2040	6164	3534.832575	6200830_R__2
8982	6165	32444.483325	6100807_R__2
9808	6166	972.239925	6100804_G__1
9024	6167	17564.7054	6200542_R__2
9026	6168	11396.45475	6200542_G__1
9028	6169	5740.0787625	6200542_G__4
9810	6170	5534.0411625	6100803_G__4
6020	6171	4494.19515	6200937_R__1
4832	6172	10182.7645125	6200259_R__2
9040	6173	9757.8119625	6200548_R__1
24430	6174	9889.8048	6201408_R__1
24432	6175	688.938225	6201408_G__1
2066	6176	12082.1736375	6201012_G__1
24064	6177	1055.9427	6201406_R__4
2070	6178	6686.5639875	6201010_G__1
2074	6179	17448.80925	6201234_R__1
2076	6180	2572.2506625	6201233_R__3
7410	6181	17365.106475	6201338_R__1
7412	6182	14641.54695	6201338_G__1
5110	6183	13814.1772125	6201339_R__1
5112	6184	11187.1978125	6201339_G__1
2060	6185	17394.0805125	6201015_R__1
2062	6186	13733.693775	6201015_G__1
2104	6187	11534.8862625	6200726_G__1
9056	6188	4790.3742	6200727_R__1
6118	6189	25368.3795	6200681_G__1
6198	6190	3264.408225	6200683_G__1
6120	6191	28542.646275	6200682_G__1
10698	6192	24982.059	6200684_R__1
10700	6193	27403.0008	6200684_G__1
6370	6194	11483.3768625	6200686_R__1
11002	6195	17841.568425	6200338_G__2
4250	6196	16962.6892875	6201011_R__1
4252	6197	12899.8853625	6201011_G__1
11050	6198	19148.61945	6200331_R__1
11052	6199	10272.9059625	6200331_G__1
11058	6200	24151.469925	6200330_G__1
10616	6201	9468.0715875	6200333_G__1
11080	6202	11280.5586	6200332_G__1
10714	6203	18086.238075	6200335_R__1
10716	6204	10366.26675	6200335_G__1
10720	6205	6367.849575	6200337_G__1
2094	6206	6470.868375	6200723_R__1
25324	6207	15462.4780125	6200704_G__1
6144	6208	4829.00625	6200119_R__2
9044	6209	19370.7537375	6201231_R__1
9046	6210	9909.120825	6201231_G__1
2848	6211	19380.41175	6200668_G__1
12510	6212	0.0	6200610_R__2
2854	6213	0.0	6200667_G__1
2856	6214	3357.7690125	6200666_G__1
10386	6215	22107.1906125	6200090_G__1
7882	6216	21672.58005	6200977_G__3
24662	6217	3869.643675	6201198_R__1
24664	6218	2569.031325	6201198_G__1
24666	6219	8888.5908375	6201199_R__2
24668	6220	23246.8360875	6201199_G__2
3500	6221	7655.584575	6201055_R__1
24672	6222	2124.76275	6201193_G__1
24674	6223	11357.8227	6201196_R__1
24676	6224	14525.6508	6201197_R__2
9948	6225	3863.205	6200505_R__1
10886	6226	21257.2855125	6201174_R__1
10888	6227	12423.4234125	6201174_G__1
10890	6228	13083.3876	6201176_R__1
10894	6229	11731.26585	6201170_R__1
10896	6230	15214.589025	6201170_G__1
10302	6231	27354.7107375	6201171_G__1
10902	6232	585.919425	6201172_G__3
10904	6233	7745.726025	6201172_G__4
10906	6234	15655.6382625	6201173_R__1
10908	6235	8061.2211	6201173_R__2
10910	6236	8099.85315	6201270_G__7
11730	6237	779.079675	6201277_R__1
11732	6238	5981.529075	6201277_G__1
11734	6239	138.4315125	6201277_G__4
7914	6240	14557.844175	6200486_R__4
10916	6241	13408.5406875	6201275_G__2
7916	6242	30712.47975	6200484_R__1
7924	6243	7195.2193125	6201285_R__2
10936	6244	14110.3562625	6200379_R__1
10938	6245	18762.29895	6200379_G__1
10940	6246	14184.401025	6200378_R__1
10942	6247	18553.0420125	6200378_G__1
10944	6248	14387.2192875	6200809_R__1
24706	6249	24386.4815625	6200471_R__1
10946	6250	11589.615	6200377_R__1
10948	6251	28066.184325	6200376_R__1
10950	6252	17481.002625	6200802_G__1
3948	6253	12922.420725	6201471_R__1
3050	6254	21788.4762	6201470_G__1
4804	6255	22429.1243625	6201472_G__2
24718	6256	12577.9516125	6200573_R__1
7936	6257	19670.152125	6200396_G__1
7938	6258	16743.7743375	6200395_G__2
7940	6259	16041.9587625	6200394_R__1
4834	6260	15375.5559	6200254_R__1
4836	6261	27898.778775	6200254_G__1
11000	6262	26231.16195	6200651_R__1
6058	6263	119.1154875	6200934_R__1
7962	6264	5595.208575	6201372_G__1
7964	6265	6216.5407125	6201371_G__1
7976	6266	11122.8110625	6200713_R__1
24190	6267	2890.965075	6100780_R__3
6126	6268	4017.7332	6201531_G__1
8042	6269	8328.4261125	6200155_G__2
8044	6270	13250.79315	6200157_R__1
8046	6271	21582.4386	6200156_G__1
11342	6272	11853.600675	6200094_R__1
11344	6273	28.9740375	6200094_R__2
8048	6274	15404.5299375	6200159_G__1
4926	6275	19441.5791625	6200093_G__1
4928	6276	5624.1826125	6200093_G__2
2656	6277	5913.9229875	6201483_G__1
2658	6278	10540.110975	6201484_R__2
2660	6279	18604.5514125	6201484_G__1
2662	6280	4960.9990875	6201487_R__1
2664	6281	22239.18345	6201488_G__1
7490	6282	7465.6436625	6200582_R__1
7492	6283	7839.0868125	6200583_R__1
12424	6284	12256.0178625	6201138_R__1
12426	6285	1422.947175	6201138_G__1
12428	6286	1416.5085	6201139_G__1
24252	6287	10823.412675	6201443_G__1
11232	6288	202.8182625	6200925_G__1
11234	6289	13962.2667375	6200926_G__1
11242	6290	0.0	6200923_R__1
11244	6291	260.7663375	6200923_G__1
9294	6292	3818.134275	6201008_G__1
9296	6293	4123.9713375	6201004_R__1
2744	6294	3364.2076875	6201226_G__2
24936	6295	4668.039375	6200697_G__1
24938	6296	2713.9015125	6200697_G__4
24946	6297	17712.794925	6200698_G__1
24948	6298	24637.5898875	6200699_G__1
6516	6299	10610.9364	6200326_G__2
2780	6300	14161.8656625	6200284_G__1
2788	6301	2253.53625	6200281_R__1
2790	6302	151.3088625	6200280_G__1
2792	6303	21804.5728875	6200991_R__1
11304	6304	4404.0537	6201500_R__2
11306	6305	3280.5049125	6201500_G__1
11308	6306	7462.424325	6201500_G__2
1822	6307	0.0	6200448_R__1
1824	6308	16650.41355	6200448_G__1
9314	6309	11045.5469625	6200445_R__1
1912	6310	22055.6812125	6200262_R__1
1914	6311	2607.663375	6200262_G__1
1916	6312	24222.29535	6200262_G__2
9534	6313	5366.6356125	6200524_R__1
9536	6314	0.0	6200524_R__4
9538	6315	8257.6006875	6200524_G__1
9540	6316	0.0	6200524_G__2
9546	6317	5167.0366875	6200526_G__1
9548	6318	8804.8880625	6200526_G__2
9550	6319	12.87735	6200528_R__3
9552	6320	125.5541625	6200528_G__1
9554	6321	8379.9355125	6200528_G__2
2842	6322	305.8370625	6200669_R__4
2844	6323	18891.07245	6200669_G__1
2846	6324	11435.0868	6200669_G__2
10914	6325	16125.6615375	6200740_R__3
2850	6326	8463.6382875	6200663_G__1
6598	6327	5752.9561125	6200218_R__2
6600	6328	12825.8406	6200218_G__2
6602	6329	1062.381375	6200219_R__1
6604	6330	5427.803025	6200219_G__1
11396	6331	15192.0536625	6200748_R__1
2858	6332	11032.6696125	6200665_R__1
2860	6333	3705.4574625	6200664_R__1
9058	6334	15748.99905	6200729_R__1
9060	6335	16408.9632375	6200729_G__1
9354	6336	2829.7976625	6200068_G__4
24888	6337	25677.4359	6200960_R__1
25014	6338	20323.6776375	6200961_R__1
25118	6339	14274.542475	6200962_G__1
25120	6340	8434.66425	6200962_G__3
25122	6341	3129.19605	6200964_R__1
5404	6342	15771.5344125	6200591_R__1
5406	6343	25107.6131625	6200591_G__1
11486	6344	14609.353575	6201042_R__1
11488	6345	5862.4135875	6201042_G__3
11490	6346	11528.4475875	6201047_R__5
11492	6347	18788.05365	6201049_R__4
11494	6348	8750.159325	6201049_G__1
12282	6349	13183.1870625	6200618_R__1
5186	6350	13868.90595	6200403_R__1
5188	6351	7156.5872625	6200403_G__1
6958	6352	20062.9113	6200402_R__1
6960	6353	21547.0258875	6200402_G__1
5192	6354	16940.153925	6200401_R__1
5194	6355	19673.3714625	6200400_R__1
5196	6356	22609.4072625	6200400_G__2
5202	6357	16296.286425	6200405_R__1
24258	6358	1709.4682125	6200476_G__1
8298	6359	29324.9452875	6200812_R__1
10924	6360	3615.3160125	6201317_R__1
25262	6361	5833.43955	6200380_R__1
8310	6362	8785.5720375	6200381_R__1
25264	6363	14825.0491875	6200222_G__1
9432	6364	22255.2801375	6100796_R__1
9434	6365	23053.6758375	6100797_R__2
9436	6366	4558.5819	6100797_G__1
9438	6367	19673.3714625	6100795_R__1
3102	6368	20355.8710125	6100798_R__1
9442	6369	17667.7242	6100799_R__2
11638	6370	6982.7430375	6200709_R__1
8294	6371	2379.0904125	6200815_R__1
9016	6372	8508.7090125	6200700_G__2
25320	6373	14886.2166	6200702_R__1
25326	6374	11309.5326375	6200706_R__1
25328	6375	15089.0348625	6200706_R__2
25330	6376	10762.2452625	6200706_G__1
8368	6377	16953.031275	6200147_R__1
6848	6378	33094.7895	6200144_G__1
8372	6379	26878.2487875	6200145_G__1
25390	6380	10952.186175	6201522_G__3
8624	6381	1120.32945	6201390_R__2
8626	6382	1026.9686625	6201391_R__1
8628	6383	1770.635625	6201391_R__2
8630	6384	10308.318675	6201392_R__1
8632	6385	26884.6874625	6201393_R__1
8634	6386	2884.5264	6201393_G__2
11816	6387	383.1011625	6200127_R__1
24988	6388	23649.253275	6201422_R__1
24990	6389	5054.359875	6201422_G__1
9524	6390	1545.282	6200522_G__1
9526	6391	595.5774375	6200523_R__1
9528	6392	5862.4135875	6200523_R__2
9530	6393	708.25425	6200523_G__1
9532	6394	7124.3938875	6200523_G__3
25450	6395	10392.02145	6201426_G__2
9542	6396	8067.659775	6200525_G__1
9544	6397	8962.6356	6200525_G__5
25452	6398	4793.5935375	6201424_G__1
9556	6399	119.1154875	6200529_G__1
9558	6400	6973.085025	6200529_G__2
25516	6401	13434.2953875	6201428_G__1
25460	6402	24019.4770875	6201429_G__1
6938	6403	138.4315125	6200917_G__1
3312	6404	29395.7707125	6201100_R__1
3332	6405	15246.7824	6201100_G__1
6946	6406	13096.26495	6201358_R__2
6948	6407	14619.0115875	6201359_R__1
6950	6408	12439.5201	6201359_G__4
6968	6409	1329.5863875	6201357_R__3
6970	6410	27544.65165	6201357_G__1
7016	6411	24019.4770875	6201515_R__1
7018	6412	10392.02145	6201515_G__3
10380	6413	20503.9605375	6200314_R__1
3304	6414	13878.5639625	6200291_G__2
3306	6415	10575.5236875	6200297_R__1
5418	6416	9142.9185	6201518_G__1
4274	6417	19599.3267	6201519_G__2
7010	6418	8132.046525	6201516_G__1
7012	6419	13060.8522375	6201517_G__6
7014	6420	11744.1432	6201514_G__2
9748	6421	1216.909575	6200985_R__1
24436	6422	12330.062625	6200981_R__5
7472	6423	289.740375	6201746_G__1
8968	6424	8170.678575	6201946_G__1
24238	6425	18707.5702125	6201893_R__1
4492	6426	8579.5344375	6201592_R__3
4762	6427	7105.0778625	6201694_R__1
4764	6428	26685.0885375	6201694_R__2
4766	6429	19715.22285	6201697_R__1
4770	6430	12201.289125	6201691_R__1
4772	6431	2894.1844125	6201691_G__2
4774	6432	5366.6356125	6201693_R__1
4776	6433	2070.0340125	6201693_G__4
4778	6434	5649.9373125	6201692_G__1
7892	6435	7066.4458125	6201754_R__2
3214	6436	23742.6140625	6201698_R__1
1150	6437	196.3795875	6201600_G__2
1152	6438	0.0	6201606_R__1
1908	6439	4867.6383	6201605_R__1
1910	6440	11402.893425	6201605_G__1
25166	6441	2395.1871	6201686_G__5
25168	6442	14065.2855375	6201687_R__1
8290	6443	5994.406425	6201766_G__1
8292	6444	6805.679475	6201766_G__2
1156	6445	12082.1736375	6201604_G__1
1158	6446	9558.2130375	6201604_G__2
25518	6447	9818.979375	6201623_R__1
4852	6448	22252.0608	6201649_R__1
4854	6449	4825.7869125	6201649_G__1
2534	6450	1052.7233625	6201830_G__1
1266	6451	2060.376	6201770_R__1
1268	6452	4915.9283625	6201770_G__1
1270	6453	3563.8066125	6201770_G__2
8960	6454	8862.8361375	6201943_R__1
8962	6455	12313.9659375	6201942_R__3
8964	6456	1902.6284625	6201944_R__5
8966	6457	4008.0751875	6201944_G__4
24616	6458	13447.1727375	6201625_R__1
24618	6459	13846.3705875	6201625_G__1
2594	6460	801.6150375	6201956_R__8
2596	6461	10253.5899375	6201957_R__1
2598	6462	4883.7349875	6201954_R__1
2600	6463	9017.3643375	6201954_G__1
2602	6464	1403.63115	6201954_G__2
25290	6465	17580.8020875	6201688_G__2
2630	6466	5508.2864625	6201958_R__1
2632	6467	2530.399275	6201958_G__1
25176	6468	10768.6839375	6201689_R__1
25178	6469	9841.5147375	6201689_R__2
25180	6470	8267.2587	6201689_G__1
12186	6471	9612.941775	6201707_R__2
12188	6472	3026.17725	6201706_R__1
12192	6473	16093.4681625	6201704_R__1
4486	6474	11473.71885	6201595_R__2
4488	6475	13949.3893875	6201595_G__1
4490	6476	8447.5416	6201595_G__2
24400	6477	14554.6248375	6201668_G__1
24402	6478	18404.9524875	6201669_R__1
24404	6479	10524.0142875	6201669_G__6
8946	6480	1770.635625	6201948_R__2
8948	6481	11000.4762375	6201948_G__2
24412	6482	4178.700075	6201660_G__1
24414	6483	431.391225	6201661_R__1
24416	6484	4716.3294375	6201661_G__1
3710	6485	10929.6508125	6201593_R__1
3712	6486	10372.705425	6201593_G__1
9452	6487	18823.4663625	6201923_G__1
9454	6488	5311.906875	6201922_G__2
9456	6489	20191.6848	6201922_G__3
9458	6490	6647.9319375	6201926_R__3
9460	6491	3055.1512875	6201926_G__2
9462	6492	13263.6705	6201926_G__3
4380	6493	27589.722375	6201924_R__1
4382	6494	12732.4798125	6201924_G__1
4384	6495	21157.48605	6201928_R__2
3506	6496	26971.609575	6201859_R__1
3508	6497	3286.9435875	6201859_G__1
3514	6498	560.164725	6201850_G__2
3518	6499	15462.4780125	6201856_R__1
6458	6500	29180.0751	6201659_G__1
6462	6501	5897.8263	6201653_R__2
6464	6502	12510.345525	6201653_G__1
6466	6503	20600.5406625	6201652_G__1
6470	6504	218.91495	6201654_R__1
6472	6505	7282.141425	6201656_R__1
6474	6506	2636.6374125	6201656_G__2
6476	6507	16167.512925	6201656_G__3
3540	6508	2491.767225	6201933_G__2
6460	6509	11814.968625	6201650_G__1
2696	6510	48.2900625	6201557_R__1
2698	6511	0.0	6201557_R__3
9836	6512	19975.9891875	6201848_R__1
9842	6513	11048.7663	6201840_G__1
3550	6514	11988.81285	6201750_R__3
3552	6515	17773.9623375	6201750_G__1
3554	6516	11509.1315625	6201750_G__2
12582	6517	1986.3312375	6201726_R__1
7904	6518	15906.7465875	6201751_R__1
12578	6519	26820.3007125	6201725_R__1
12580	6520	981.8979375	6201725_R__2
7906	6521	13688.62305	6201752_R__1
2532	6522	80.4834375	6201831_G__3
4780	6523	6342.094875	6201699_R__2
9298	6524	11605.7116875	6201905_R__4
9300	6525	7842.30615	6201905_G__2
9862	6526	8817.7654125	6201904_R__3
9864	6527	16602.1234875	6201901_R__2
9866	6528	8866.055475	6201903_R__1
9868	6529	14355.0259125	6201903_G__1
9870	6530	1654.739475	6201902_R__4
12594	6531	11618.5890375	6201585_G__3
12590	6532	13501.901475	6201589_R__3
12592	6533	17819.0330625	6201589_G__1
10778	6534	3644.29005	6201748_G__1
11892	6535	22657.697325	6201862_R__1
11894	6536	7662.02325	6201860_R__1
11896	6537	7266.0447375	6201861_R__2
4494	6538	12909.543375	6201591_R__4
5060	6539	22483.8531	6201913_R__1
5066	6540	7794.0160875	6201916_R__4
5068	6541	11039.1082875	6201916_G__4
5070	6542	18160.2828375	6201917_G__1
5072	6543	10630.252425	6201917_G__2
5074	6544	18549.822675	6201914_R__2
12300	6545	16682.606925	6201991_R__1
24620	6546	6519.1584375	6201627_R__1
24622	6547	21720.8701125	6201627_R__2
24624	6548	8441.102925	6201628_R__1
24626	6549	3132.4153875	6201629_G__4
3726	6550	21337.76895	6202003_R__1
3728	6551	3856.766325	6202003_G__1
3730	6552	27213.0598875	6202002_R__1
3732	6553	647.0868375	6202005_R__1
3734	6554	22509.6078	6202005_R__2
3736	6555	18961.897875	6202004_R__1
3738	6556	28194.957825	6202007_R__2
3740	6557	0.0	6202007_G__1
3742	6558	5379.5129625	6202006_G__1
3744	6559	2681.7081375	6202006_G__2
3746	6560	3100.2220125	6202006_G__3
7854	6561	25287.8960625	6201747_R__1
7856	6562	7295.018775	6201747_G__1
3748	6563	16792.0644	6202008_R__1
3750	6564	11586.3956625	6202008_G__1
3752	6565	2794.38495	6202008_G__4
7474	6566	23398.14495	6201745_R__1
11937	6567	6403.2622875	5400169_R_F_1
3339	6568	0.0	5303890_G_F_2
3341	6569	544.0680375	5303893_R_F_1
3343	6570	1464.7985625	5303893_R_F_5
7021	6571	1950.918525	5303489_G_F_4
11945	6572	10433.8728375	5400165_R_F_2
11947	6573	17075.3661	5400165_G_F_5
11949	6574	5933.2390125	5400164_G_F_1
11955	6575	4996.4118	5400166_G_F_1
2993	6576	8067.659775	5303480_G_F_2
23947	6577	4735.6454625	5400009_G_F_1
3373	6578	9252.375975	5400364_R_F_3
3375	6579	6.438675	5400361_R_F_3
23943	6580	241.4503125	5400001_G_F_1
11967	6581	7887.376875	5303411_G_F_1
11969	6582	12239.921175	5303411_G_F_2
23969	6583	17712.794925	5303798_G_F_2
23971	6584	23594.5245375	5303799_G_F_1
7079	6585	17915.6131875	5400486_R_F_1
7081	6586	22413.027675	5400486_G_F_1
11971	6587	666.4028625	5303414_R_F_1
23973	6588	12970.7107875	5400262_G_F_1
6597	6589	4078.9006125	5303837_G_F_1
7099	6590	10997.2569	5400464_R_F_1
7101	6591	10894.2381	5400464_G_F_1
7105	6592	8618.1664875	5400467_G_F_4
11395	6593	16305.9444375	5303836_G_F_1
11951	6594	1113.890775	5400167_G_F_1
11953	6595	2810.4816375	5400167_G_F_2
24343	6596	9049.5577125	5303178_R_F_1
23989	6597	22812.225525	5303176_R_F_1
2853	6598	10478.9435625	5303394_R_F_1
7077	6599	7201.6579875	5400480_R_F_6
1287	6600	231.7923	5303760_R_F_5
1289	6601	215.6956125	5303760_G_F_2
1323	6602	0.0	5303359_G_F_1
1325	6603	5234.642775	5303359_G_F_3
4369	6604	3212.898825	5303393_G_F_10
2875	6605	521.532675	5400048_G_F_2
1357	6606	77.2641	5400049_G_F_3
5695	6607	13060.8522375	5400327_R_F_1
5697	6608	151.3088625	5400327_G_F_1
5699	6609	31211.4770625	5400326_R_F_1
5701	6610	9825.41805	5400325_R_F_1
5703	6611	1178.277525	5400325_G_F_1
5705	6612	18672.1575	5400324_R_F_2
3493	6613	808.0537125	5303852_R_F_1
3495	6614	8112.7305	5303852_G_F_1
5711	6615	4049.926575	5303856_R_F_1
5713	6616	9.6580125	5303856_G_F_1
1381	6617	1490.5532625	5303756_R_F_1
1383	6618	4272.0608625	5303757_R_F_1
1385	6619	10907.11545	5303757_G_F_2
25311	6620	16544.1754125	5303327_R_F_1
5727	6621	20288.264925	5303322_R_F_1
5729	6622	10012.139625	5303322_G_F_1
1417	6623	23874.6069	5303758_G_F_3
1419	6624	2414.503125	5303759_R_F_5
1421	6625	12594.0483	5303759_G_F_3
1423	6626	746.8863	5303288_G_F_1
1425	6627	1693.371525	5303289_G_F_1
1427	6628	0.0	5303289_G_F_3
9477	6629	15848.7985125	5400602_R_F_1
1429	6630	10955.4055125	5303280_R_F_1
1431	6631	608.4547875	5303280_R_F_6
1433	6632	11303.0939625	5303281_R_F_1
1435	6633	0.0	5303281_R_F_7
1441	6634	2266.4136	5400134_R_F_1
1443	6635	3489.76185	5400135_R_F_1
1445	6636	772.641	5400132_R_F_1
1447	6637	7755.3840375	5400132_G_F_1
1451	6638	6152.1539625	5400130_G_F_1
5775	6639	18018.6319875	5400037_G_F_1
5777	6640	21041.5899	5303529_G_F_2
1545	6641	11689.4144625	5303914_G_F_1
1549	6642	10652.7877875	5303917_R_F_1
1551	6643	19959.8925	5303918_G_F_1
5791	6644	4545.70455	5400259_R_F_1
8687	6645	148.089525	5400557_R_F_5
5799	6646	1287.735	5400250_R_F_4
5801	6647	16563.4914375	5400257_R_F_3
5803	6648	6615.7385625	5400257_G_F_6
8695	6649	18520.8486375	5400559_G_F_1
5805	6650	206.0376	5400255_R_F_2
5807	6651	160.966875	5400255_G_F_2
8693	6652	0.0	5400558_R_F_5
10339	6653	5099.4306	5303298_R_F_1
1639	6654	19335.341025	5303626_R_F_1
1641	6655	3988.7591625	5303626_G_F_1
1643	6656	19676.5908	5303627_G_F_1
1645	6657	5369.85495	5303624_R_F_1
1647	6658	6841.0921875	5303624_G_F_2
7415	6659	3930.8110875	5303293_G_F_1
7421	6660	1184.7162	5303292_G_F_1
7423	6661	2202.02685	5303291_G_F_1
8349	6662	11995.251525	5400618_R_F_1
8351	6663	24460.526325	5400618_G_F_1
7107	6664	334.8111	5400461_R_F_1
7109	6665	5025.3858375	5400461_G_F_3
24221	6666	3850.32765	5303363_R_F_1
24223	6667	4368.6409875	5303362_R_F_2
24225	6668	19193.690175	5303362_G_F_1
24227	6669	9397.2461625	5303361_G_F_2
24229	6670	13369.9086375	5303365_R_F_4
24231	6671	498.9973125	5303364_R_F_2
24233	6672	4436.247075	5303364_G_F_1
24235	6673	17680.60155	5303364_G_F_2
24741	6674	16244.777025	5303369_R_F_1
4509	6675	30873.446625	5303712_R_F_1
4511	6676	17584.021425	5303713_G_F_4
4519	6677	22516.046475	5303716_R_F_1
4521	6678	4519.94985	5303716_G_F_1
4523	6679	7024.594425	5303716_G_F_2
9721	6680	8206.0912875	5303715_R_F_2
9723	6681	12648.7770375	5303715_G_F_2
12149	6682	7288.5801	5303882_G_F_1
12151	6683	5633.840625	5303885_G_F_1
3867	6684	23105.1852375	5400173_R_F_1
3871	6685	12738.9184875	5400174_R_F_1
4543	6686	9947.752875	5303404_R_F_2
4545	6687	15198.4923375	5303404_G_F_1
24277	6688	4114.313325	5303403_R_F_1
24279	6689	17860.88445	5303403_G_F_2
7523	6690	5514.7251375	5303767_G_F_1
7525	6691	4857.9802875	5303766_R_F_1
7527	6692	25291.1154	5303766_G_F_1
7529	6693	10900.676775	5303765_R_F_2
7531	6694	23629.93725	5303764_G_F_2
10497	6695	5218.5460875	5303763_R_F_1
10499	6696	4191.577425	5303763_G_F_4
7533	6697	10994.0375625	5303762_R_F_3
7535	6698	16759.871025	5303761_R_F_1
7537	6699	1645.0814625	5303761_R_F_2
7539	6700	25860.9381375	5303761_G_F_2
7541	6701	4957.77975	5303812_R_F_1
11333	6702	18398.5138125	5303492_R_F_1
4555	6703	16821.0384375	5303663_G_F_1
3951	6704	20217.4395	5303660_G_F_2
3953	6705	1857.5577375	5303661_R_F_1
3957	6706	12194.85045	5303664_G_F_1
3959	6707	7295.018775	5303664_G_F_2
1049	6708	621.3321375	5400583_R_F_3
1051	6709	10021.7976375	5400583_G_F_3
4151	6710	3995.1978375	5400581_R_F_6
4153	6711	7266.0447375	5400581_G_F_6
4155	6712	1303.8316875	5400580_R_F_3
4157	6713	4265.6221875	5400580_R_F_6
4159	6714	13205.722425	5400580_G_F_1
4161	6715	8453.980275	5400580_G_F_2
7607	6716	16354.2345	5400586_R_F_1
7609	6717	6535.255125	5400586_G_F_1
7611	6718	12362.256	5400585_R_F_3
7613	6719	11200.0751625	5400585_G_F_2
11475	6720	7014.9364125	5400584_G_F_2
4395	6721	1310.2703625	5400588_G_F_3
24353	6722	6441.8943375	5400204_R_F_3
24355	6723	8817.7654125	5400204_R_F_4
24357	6724	23613.8405625	5400205_R_F_1
24359	6725	19274.1736125	5400206_R_F_2
24361	6726	4004.85585	5400206_G_F_2
24363	6727	12970.7107875	5400201_R_F_2
24365	6728	13482.58545	5400201_G_F_1
24367	6729	1854.3384	5400202_G_F_1
24369	6730	4400.8343625	5400203_G_F_2
10613	6731	31401.417975	5303612_R_F_1
10615	6732	12967.49145	5303612_G_F_1
10341	6733	9886.5854625	5303611_G_F_1
10619	6734	18710.78955	5303610_R_F_1
10621	6735	9606.5031	5303610_G_F_1
6039	6736	20571.566625	5303200_R_F_1
6041	6737	18829.9050375	5303200_G_F_1
6043	6738	7790.79675	5303201_R_F_1
6045	6739	25973.61495	5303202_G_F_2
6047	6740	29933.400075	5303203_R_F_1
10687	6741	2127.9820875	5400330_G_F_1
4261	6742	788.7376875	5303726_G_F_1
9073	6743	30310.0625625	5400142_R_F_1
12261	6744	23179.23	5400147_R_F_1
9075	6745	9126.8218125	5400410_R_F_1
9077	6746	2890.965075	5400410_G_F_1
12263	6747	10594.8397125	5400148_G_F_1
2173	6748	19454.4565125	5400385_G_F_2
2175	6749	18263.3016375	5400384_R_F_1
2177	6750	11599.2730125	5400384_R_F_2
2179	6751	11332.068	5400384_G_F_1
2181	6752	13756.2291375	5400387_G_F_1
2183	6753	9999.262275	5400386_G_F_1
2187	6754	13398.882675	5400382_G_F_1
2197	6755	9529.239	5400389_R_F_1
10743	6756	9410.1235125	5303537_R_F_1
10745	6757	19927.699125	5303534_G_F_2
10747	6758	15823.0438125	5303530_G_F_2
2221	6759	16917.6185625	5303831_G_F_1
10749	6760	13501.901475	5303538_G_F_1
10751	6761	6596.4225375	5303539_R_F_1
10753	6762	12359.0366625	5303539_R_F_2
10755	6763	19280.6122875	5303539_G_F_1
24561	6764	14252.0071125	5303840_G_F_2
24563	6765	5109.0886125	5303841_G_F_1
9095	6766	30689.9443875	5303431_G_F_1
25027	6767	26762.3526375	5303834_R_F_1
24219	6768	2153.7367875	5400248_R_F_5
3855	6769	14445.1673625	5303396_R_F_1
3857	6770	0.0	5303396_R_F_2
3859	6771	19097.11005	5303396_G_F_1
2239	6772	29811.06525	5400245_R_F_1
2241	6773	9294.2273625	5400245_G_F_2
24541	6774	10839.5093625	5400246_G_F_1
10785	6775	6844.311525	5400247_G_F_4
6607	6776	10652.7877875	5303789_R_F_1
6609	6777	2256.7555875	5303789_R_F_2
12305	6778	17535.7313625	5303659_G_F_1
2307	6779	13363.4699625	5303937_R_F_1
7919	6780	6058.793175	5303372_G_F_1
7921	6781	6045.915825	5303377_G_F_3
11293	6782	4745.303475	5303279_R_F_3
11153	6783	17017.418025	5303278_G_F_2
10953	6784	4165.822725	5303277_R_F_1
11027	6785	9200.866575	5400478_R_F_1
10989	6786	5559.7958625	5303182_G_F_2
10991	6787	5775.491475	5303180_G_F_5
10993	6788	12909.543375	5303180_G_F_6
4867	6789	5852.755575	5303476_G_F_1
4869	6790	11596.053675	5303476_G_F_2
24373	6791	6802.4601375	5303475_R_F_1
24629	6792	8499.051	5303474_G_F_1
11123	6793	4140.068025	5303573_R_F_1
9931	6794	9319.9820625	5303478_G_F_2
7961	6795	11190.41715	5303574_R_F_1
12359	6796	6860.4082125	5303800_R_F_1
12361	6797	13614.5782875	5303800_G_F_2
4877	6798	29746.6785	5400527_G_F_2
24753	6799	13814.1772125	5400284_G_F_1
4881	6800	17056.050075	5400529_R_F_1
4883	6801	26974.8289125	5400529_G_F_1
10697	6802	1110.6714375	5400281_R_F_2
4885	6803	9271.692	5400528_R_F_2
24789	6804	26617.48245	5400445_R_F_1
24801	6805	18372.7591125	5303699_R_F_3
24803	6806	3647.5093875	5303698_R_F_3
4901	6807	14783.1978	5303694_R_F_2
4903	6808	12033.883575	5303694_G_F_1
24805	6809	21199.3374375	5303692_R_F_2
24807	6810	28307.6346375	5303691_R_F_1
24809	6811	12548.977575	5303691_G_F_1
24945	6812	23179.23	5303690_R_F_1
11097	6813	13830.2739	5303509_G_F_1
4915	6814	12033.883575	5303508_R_F_1
4917	6815	3605.658	5303508_R_F_2
4919	6816	5041.482525	5303508_G_F_1
4921	6817	6045.915825	5303507_R_F_1
4923	6818	7359.405525	5303507_G_F_1
2157	6819	3.2193375	5400414_G_F_2
4271	6820	8949.75825	5400411_R_F_1
4273	6821	15897.088575	5400411_G_F_1
8089	6822	11544.544275	5303604_R_F_1
8091	6823	2697.804825	5303606_R_F_1
8093	6824	7504.2757125	5303608_R_F_1
2185	6825	13437.514725	5400380_G_F_1
6513	6826	1435.824525	5400305_R_F_1
6515	6827	15938.9399625	5400305_G_F_1
2779	6828	27425.5361625	5303738_G_F_1
2199	6829	1867.21575	5400388_G_F_2
8889	6830	10266.4672875	5400622_G_F_1
8891	6831	4967.4377625	5400622_G_F_2
8893	6832	12011.3482125	5400622_G_F_4
12221	6833	24637.5898875	5400620_G_F_1
9317	6834	9049.5577125	5400621_G_F_1
9319	6835	10350.1700625	5400621_G_F_2
9321	6836	10781.5612875	5400621_G_F_3
11329	6837	21134.9506875	5303491_R_F_1
2799	6838	18714.0088875	5400406_G_F_1
2805	6839	6992.40105	5400392_G_F_1
6559	6840	28790.5352625	5303543_R_F_1
6561	6841	6567.4485	5303543_G_F_1
6563	6842	12932.0787375	5303543_G_F_4
6565	6843	5160.5980125	5303542_R_F_1
6567	6844	10816.974	5303541_R_F_1
6569	6845	7249.94805	5303541_R_F_3
6571	6846	15591.2515125	5303540_G_F_1
6579	6847	1818.9256875	5303544_G_F_6
2207	6848	17030.295375	5303833_R_F_1
2209	6849	13633.8943125	5303833_G_F_1
6587	6850	10202.0805375	5303784_R_F_1
12471	6851	762.9829875	5303938_G_F_1
2243	6852	19061.6973375	5303835_R_F_1
4365	6853	917.5111875	5303395_R_F_1
4367	6854	10610.9364	5303392_G_F_2
2321	6855	10053.9910125	5303391_G_F_2
3869	6856	16054.8361125	5400170_R_F_1
6611	6857	1596.7914	5400279_G_F_1
5693	6858	9992.8236	5400321_G_F_1
11421	6859	12709.94445	5400477_R_F_1
11423	6860	17915.6131875	5400477_G_F_2
9219	6861	4378.299	5400579_R_F_1
9221	6862	2958.5711625	5400579_G_F_1
9349	6863	3808.4762625	5400574_G_F_2
9351	6864	18842.7823875	5400571_R_F_1
9353	6865	8698.649925	5400571_G_F_1
12497	6866	8276.9167125	5400082_R_F_1
2891	6867	927.1692	5303648_R_F_1
2695	6868	11621.808375	5303641_R_F_1
2705	6869	18215.011575	5303643_R_F_1
2707	6870	1612.8880875	5303643_R_F_3
2713	6871	10395.2407875	5303644_R_F_1
2715	6872	338.0304375	5303644_G_F_1
2721	6873	9336.07875	5303645_G_F_2
2723	6874	12671.3124	5303646_G_F_1
2725	6875	15652.418925	5303647_G_F_1
5709	6876	386.3205	5400328_G_F_1
9085	6877	20062.9113	5303439_G_F_1
9087	6878	20201.3428125	5303438_R_F_1
9089	6879	17349.0097875	5303437_G_F_1
9091	6880	24425.1136125	5303435_G_F_1
9093	6881	26775.2299875	5303434_G_F_1
2801	6882	7375.5022125	5400404_R_F_1
2803	6883	12771.1118625	5400404_G_F_1
2235	6884	25400.572875	5303433_G_F_1
9097	6885	15771.5344125	5303430_G_F_1
5175	6886	26276.232675	5303267_R_F_1
5177	6887	15130.88625	5303267_G_F_1
5179	6888	11876.1360375	5303264_R_F_2
5181	6889	22725.3034125	5303264_G_F_1
5183	6890	21897.933675	5303268_G_F_1
5185	6891	25323.308775	5303269_R_F_1
24201	6892	994.7752875	5400051_R_F_1
24061	6893	1210.4709	5400052_G_F_4
5235	6894	22734.961425	5303196_R_F_1
5237	6895	14487.01875	5303196_G_F_2
11603	6896	25419.8889	5303197_R_F_2
5239	6897	20922.4744125	5303198_G_F_2
5241	6898	14905.532625	5303199_R_F_1
5243	6899	12574.732275	5303199_G_F_1
5249	6900	24428.33295	5303462_R_F_1
5255	6901	19303.14765	5303465_G_F_1
5257	6902	20272.1682375	5303468_G_F_1
5259	6903	6538.4744625	5303468_G_F_2
7359	6904	6541.6938	5400613_R_F_1
7361	6905	6232.6374	5400613_R_F_2
7363	6906	12146.5603875	5400613_G_F_1
7365	6907	15700.7089875	5400612_R_F_2
7367	6908	20066.1306375	5400612_G_F_2
7373	6909	19187.2515	5400611_R_F_2
7375	6910	6177.9086625	5400611_G_F_2
7385	6911	21582.4386	5400610_R_F_2
7387	6912	6924.7949625	5400610_G_F_4
7397	6913	16058.05545	5400617_R_F_1
7399	6914	8470.0769625	5400617_R_F_2
7401	6915	26433.9802125	5400617_G_F_1
7403	6916	25764.3580125	5400616_R_F_1
7407	6917	2404.8451125	5400615_R_F_1
7409	6918	4951.341075	5400615_G_F_1
25315	6919	12069.2962875	5400614_R_F_1
25317	6920	9912.3401625	5400614_R_F_3
25319	6921	20883.8423625	5400614_G_F_1
10349	6922	12858.033975	5303741_R_F_1
10351	6923	18701.1315375	5303741_G_F_1
10365	6924	21688.6767375	5303740_G_F_1
8343	6925	24953.0849625	5400619_R_F_1
8345	6926	20520.057225	5400619_G_F_1
8347	6927	3769.8442125	5400619_G_F_5
25323	6928	11795.6526	5303742_R_F_1
11649	6929	2604.4440375	5303297_R_F_3
11651	6930	3444.691125	5303746_R_F_1
11653	6931	17223.455625	5303746_G_F_1
11655	6932	25745.0419875	5400532_R_F_1
10411	6933	25857.7188	5400536_G_F_1
10413	6934	22812.225525	5400537_R_F_1
10169	6935	30879.8853	5400534_R_F_1
10171	6936	23420.6803125	5400534_G_F_2
8353	6937	4651.9426875	5400129_G_F_1
11665	6938	23713.640025	5400433_R_F_1
8355	6939	14116.7949375	5400122_R_F_1
11673	6940	29885.1100125	5400435_R_F_1
11675	6941	8730.8433	5400435_G_F_1
5299	6942	25661.3392125	5303689_R_F_1
5301	6943	9104.28645	5303689_G_F_1
5303	6944	14374.3419375	5303687_R_F_2
5305	6945	29051.3016	5303687_G_F_1
11683	6946	3341.672325	5303515_R_F_1
11685	6947	11869.6973625	5303515_R_F_2
11687	6948	6924.7949625	5303515_G_F_1
11691	6949	8573.0957625	5303510_R_F_1
11693	6950	7536.4690875	5303510_G_F_2
11695	6951	4391.17635	5303511_R_F_1
11697	6952	1358.560425	5303511_R_F_4
11699	6953	3412.49775	5303511_G_F_1
11701	6954	3338.4529875	5303512_R_F_1
11703	6955	16025.862075	5303512_R_F_2
11705	6956	7465.6436625	5303513_R_F_6
11331	6957	29943.0580875	5303490_R_F_1
10065	6958	7578.320475	5303630_R_F_4
10067	6959	11592.8343375	5303630_G_F_1
10601	6960	18108.7734375	5303633_R_F_3
10603	6961	21196.1181	5303633_G_F_1
4993	6962	25629.1458375	5303228_R_F_1
4995	6963	1049.504025	5303228_G_F_2
5169	6964	16161.07425	5400318_R_F_1
25483	6965	12587.609625	5400310_G_F_1
5223	6966	11164.66245	5400316_R_F_1
4435	6967	11225.8298625	5400315_R_F_1
4437	6968	6805.679475	5400315_G_F_1
11939	6969	14367.9032625	5400168_G_F_1
9379	6970	20307.58095	5401117_R_F_1
9381	6971	13495.4628	5401117_G_F_1
24333	6972	20668.14675	5401264_G_F_1
23953	6973	14528.8701375	5401327_R_F_1
9599	6974	3171.0474375	5400766_R_F_1
9607	6975	6841.0921875	5400769_G_F_1
7093	6976	24560.3257875	5401461_R_F_1
7095	6977	18330.907725	5401461_G_F_1
10061	6978	21920.4690375	5401254_R_F_1
10063	6979	18083.0187375	5401254_G_F_1
5611	6980	11512.3509	5401253_G_F_1
7121	6981	1500.211275	5401844_G_F_1
10631	6982	2391.9677625	5401193_G_F_3
10633	6983	16592.465475	5401192_R_F_3
10095	6984	15204.9310125	5401191_R_F_1
10097	6985	3357.7690125	5401191_G_F_1
10645	6986	20452.4511375	5401190_R_F_1
10101	6987	10974.7215375	5401194_G_F_1
6491	6988	30110.4636375	5401691_R_F_1
6493	6989	3737.6508375	5401691_G_F_1
6495	6990	14693.05635	5401691_G_F_2
24029	6991	11541.3249375	5400811_R_F_1
24031	6992	9719.1799125	5400810_R_F_1
24033	6993	19019.84595	5400813_G_F_1
24035	6994	6503.06175	5400812_G_F_1
12049	6995	13421.4180375	5400957_R_F_1
6505	6996	31665.40365	5401458_R_F_1
6507	6997	9715.960575	5401458_G_F_1
10197	6998	21975.197775	5401470_G_F_1
9323	6999	13064.071575	5401772_G_F_1
9329	7000	16557.0527625	5401771_G_F_1
9331	7001	5965.4323875	5401770_G_F_2
1359	7002	29675.853075	5400738_G_F_1
1361	7003	28626.34905	5400739_G_F_1
4439	7004	26437.19955	5401037_R_F_1
3517	7005	24116.0572125	5401038_R_F_1
4441	7006	21794.914875	5401039_R_F_1
4443	7007	4613.3106375	5401039_R_F_3
4445	7008	7388.3795625	5401039_G_F_1
4447	7009	8698.649925	5401039_G_F_2
9521	7010	22979.631075	5401609_R_F_1
9523	7011	19431.92115	5401608_G_F_5
5757	7012	14528.8701375	5400781_R_F_3
5759	7013	10852.3867125	5400780_R_F_1
5761	7014	3373.8657	5400783_R_F_3
5763	7015	23060.1145125	5400783_G_F_1
5765	7016	17831.9104125	5400782_R_F_1
5767	7017	5588.7699	5400785_R_F_4
5769	7018	25004.5943625	5400785_G_F_1
5771	7019	3711.8961375	5400784_R_F_5
5773	7020	20587.6633125	5400784_G_F_1
3543	7021	19383.6310875	5401359_G_F_1
12103	7022	28600.59435	5401353_R_F_1
9677	7023	3119.5380375	5401352_R_F_5
9679	7024	19712.0035125	5401352_G_F_2
9681	7025	6403.2622875	5401354_R_F_2
4455	7026	6638.273925	5401357_R_F_2
4457	7027	11254.8039	5401357_G_F_3
4459	7028	6821.7761625	5401356_G_F_1
4461	7029	20349.4323375	5401356_G_F_2
7369	7030	1352.12175	5401504_R_F_1
7371	7031	4230.209475	5401500_R_F_1
10317	7032	12355.817325	5401501_R_F_1
10319	7033	10157.0098125	5401501_G_F_1
7377	7034	16437.937275	5401502_G_F_1
10321	7035	13730.4744375	5401815_G_F_1
10323	7036	3315.917625	5401812_R_F_2
10325	7037	6757.3894125	5401813_R_F_1
10327	7038	13469.7081	5401813_R_F_2
10329	7039	13006.1235	5401813_G_F_1
10331	7040	15578.3741625	5401811_R_F_1
10333	7041	13160.6517	5401811_R_F_2
7447	7042	31745.8870875	5400923_R_F_1
7449	7043	21984.8557875	5400923_G_F_1
7459	7044	4677.6973875	5400925_R_F_1
7461	7045	299.3983875	5400925_R_F_2
7463	7046	27515.6776125	5400925_G_F_1
7465	7047	344.4691125	5400924_R_F_2
7467	7048	2150.51745	5400924_G_F_1
8837	7049	21395.717025	5401175_R_F_4
8841	7050	1439.0438625	5401174_G_F_2
8851	7051	7320.773475	5401178_R_F_1
8853	7052	7861.622175	5401178_G_F_1
10441	7053	2736.436875	5401729_G_F_3
2739	7054	25.7547	5401228_R_F_1
2741	7055	12896.666025	5401228_R_F_2
2743	7056	16244.777025	5401228_G_F_1
3913	7057	17761.0849875	5400778_R_F_1
3931	7058	0.0	5401823_R_F_2
3933	7059	2697.804825	5401823_G_F_3
9977	7060	15497.890725	5401269_R_F_3
24917	7061	13263.6705	5401268_R_F_3
8951	7062	7455.98565	5401380_R_F_1
8953	7063	11351.384025	5401380_R_F_2
8955	7064	6673.6866375	5401380_R_F_3
8957	7065	1896.1897875	5401380_G_F_1
8959	7066	14799.2944875	5401381_G_F_1
4799	7067	16315.60245	5401659_G_F_1
4397	7068	30165.192375	5400891_G_F_2
4399	7069	29659.7563875	5400890_G_F_1
12185	7070	14429.070675	5401263_R_F_1
1949	7071	11972.7161625	5400892_G_F_1
1951	7072	6.438675	5400894_R_F_6
9985	7073	9268.4726625	5401267_R_F_1
7617	7074	11048.7663	5401180_R_F_1
1217	7075	7906.6929	5401181_R_F_1
1219	7076	8756.598	5401181_G_F_1
1221	7077	4223.7708	5401182_R_F_1
1223	7078	3348.111	5401182_R_F_2
1225	7079	7996.83435	5401182_G_F_1
7631	7080	19808.5836375	5401187_R_F_1
7633	7081	8241.504	5401188_G_F_1
7635	7082	3003.6418875	5401188_G_F_2
5055	7083	18337.3464	5401331_G_F_1
6023	7084	4680.916725	5400809_G_F_1
6025	7085	9706.3025625	5400804_G_F_1
9795	7086	1101.013425	5401135_G_F_1
9797	7087	9825.41805	5401134_G_F_1
9799	7088	9487.3876125	5401137_G_F_1
9801	7089	685.7188875	5401136_R_F_1
9803	7090	3724.7734875	5401136_G_F_1
9805	7091	12587.609625	5401139_G_F_5
5063	7092	875.6598	5401339_R_F_1
5065	7093	2224.5622125	5401339_G_F_2
4239	7094	2598.0053625	5401769_R_F_1
4241	7095	1352.12175	5401760_R_F_7
4243	7096	2736.436875	5401760_G_F_4
4245	7097	13872.1252875	5401761_G_F_4
4247	7098	1294.173675	5401762_R_F_1
4249	7099	13054.4135625	5401762_G_F_1
2065	7100	6190.7860125	5401763_G_F_6
9049	7101	19592.888025	5400701_R_F_1
2079	7102	29708.04645	5400700_R_F_2
2117	7103	370.2238125	5401614_R_F_2
2119	7104	15227.466375	5401614_G_F_1
2121	7105	23636.375925	5401615_R_F_1
2123	7106	23935.7743125	5401616_R_F_3
2125	7107	20436.35445	5401617_R_F_1
2127	7108	157.7475375	5401617_G_F_2
9063	7109	20864.5263375	5401611_G_F_1
2131	7110	7835.867475	5401612_R_F_1
2133	7111	1744.880925	5401612_G_F_1
2135	7112	28214.27385	5401613_R_F_3
2137	7113	8721.1852875	5400635_R_F_1
2139	7114	7111.5165375	5400635_R_F_4
2141	7115	4552.143225	5400635_G_F_2
2145	7116	10298.6606625	5400637_R_F_1
2147	7117	16067.7134625	5400637_G_F_1
2149	7118	6074.8898625	5400637_G_F_3
10733	7119	14870.1199125	5401225_R_F_1
10735	7120	17542.1700375	5401226_R_F_1
10737	7121	8788.791375	5401226_G_F_1
7823	7122	5852.755575	5401223_R_F_2
7825	7123	14976.35805	5401223_G_F_2
7471	7124	2124.76275	5400929_G_F_1
7859	7125	3686.1414375	5400842_R_F_1
7861	7126	10366.26675	5400842_G_F_2
7863	7127	1358.560425	5400842_G_F_3
7865	7128	21424.6910625	5400843_R_F_1
7867	7129	16386.427875	5400843_G_F_2
7869	7130	2250.3169125	5400846_G_F_1
7871	7131	21466.54245	5400845_G_F_1
12303	7132	26295.5487	5401531_G_F_2
10869	7133	8293.0134	5400938_R_F_5
10871	7134	24206.1986625	5400938_G_F_1
10265	7135	29176.8557625	5400934_G_F_1
24679	7136	23491.5057375	5400935_G_F_1
12323	7137	30171.63105	5400933_R_F_1
10289	7138	21868.9596375	5400931_G_F_1
24835	7139	10536.8916375	5401045_G_F_1
24203	7140	8869.2748125	5401044_G_F_2
24697	7141	24982.059	5401040_R_F_2
24699	7142	4616.529975	5401040_G_F_2
24701	7143	8231.8459875	5401042_R_F_2
2427	7144	328.372425	5401162_G_F_1
2429	7145	12288.2112375	5401160_G_F_1
4305	7146	5443.8997125	5401161_R_F_1
4371	7147	8998.0483125	5401658_R_F_1
4373	7148	6525.5971125	5401658_G_F_1
4375	7149	17287.842375	5401658_G_F_2
4809	7150	914.29185	5401652_R_F_1
4811	7151	11431.8674625	5401652_R_F_3
4813	7152	24959.5236375	5401653_R_F_1
4815	7153	16785.625725	5401655_R_F_1
4817	7154	2594.786025	5401656_R_F_1
4819	7155	12954.6141	5401656_G_F_1
4821	7156	17371.54515	5401657_G_F_1
4839	7157	18591.6740625	5400699_R_F_1
4841	7158	10224.6159	5400699_R_F_2
4843	7159	4632.6266625	5400699_G_F_1
4845	7160	10804.09665	5400698_G_F_1
4857	7161	9786.786	5400697_R_F_1
4859	7162	7620.1718625	5400696_G_F_1
4861	7163	12465.2748	5400695_R_F_1
10597	7164	5617.7439375	5400741_G_F_1
10955	7165	7391.5989	5400740_R_F_1
10957	7166	28050.0876375	5400740_G_F_1
2129	7167	11917.987425	5400638_G_F_1
9231	7168	31114.8969375	5400886_R_F_1
9233	7169	26475.8316	5400885_R_F_1
6401	7170	29711.2657875	5401273_G_F_1
9235	7171	14647.985625	5400880_R_F_2
9237	7172	12101.4896625	5400880_G_F_1
9239	7173	16721.238975	5400881_R_F_1
9241	7174	830.589075	5400881_G_F_1
2627	7175	11795.6526	5401570_R_F_1
2629	7176	1600.0107375	5401570_G_F_2
9245	7177	15729.683025	5400888_G_F_1
12381	7178	10108.71975	5401379_R_F_1
12383	7179	14174.7430125	5401379_R_F_4
2637	7180	14657.6436375	5401378_R_F_1
2639	7181	5524.38315	5401378_R_F_2
2641	7182	10997.2569	5401378_G_F_1
2643	7183	11290.2166125	5401378_G_F_4
9257	7184	1989.550575	5401377_R_F_1
9259	7185	11460.8415	5401377_R_F_3
9261	7186	263.985675	5401377_G_F_1
2647	7187	17336.1324375	5401376_R_F_1
2611	7188	21125.292675	5401578_G_F_1
6403	7189	14380.7806125	5401270_R_F_3
6405	7190	6902.2596	5401270_G_F_2
6407	7191	15349.8012	5401270_G_F_4
12399	7192	24193.3213125	5400972_R_F_1
12401	7193	22693.1100375	5400972_G_F_1
12403	7194	21617.8513125	5400971_G_F_1
12405	7195	19213.0062	5400977_R_F_1
12407	7196	16878.9865125	5400977_G_F_1
12409	7197	48.2900625	5400977_G_F_2
12411	7198	775.8603375	5400974_G_F_1
12413	7199	21685.4574	5400978_R_F_2
12415	7200	14213.3750625	5400978_G_F_2
12417	7201	6010.5031125	5400979_R_F_1
12419	7202	12500.6875125	5400979_G_F_1
11807	7203	1732.003575	5400879_R_F_1
11809	7204	7072.8844875	5400879_R_F_2
11811	7205	14409.75465	5400879_G_F_1
24863	7206	7993.6150125	5400878_G_F_2
9265	7207	5096.2112625	5401282_G_F_2
9271	7208	18475.7779125	5401280_G_F_3
9273	7209	1323.1477125	5401287_G_F_5
25423	7210	14847.58455	5400876_R_F_2
25425	7211	3257.96955	5400876_G_F_1
24873	7212	17825.4717375	5400875_G_F_1
24875	7213	8466.857625	5400874_R_F_1
24877	7214	15301.5111375	5400874_R_F_2
4965	7215	6470.868375	5401127_R_F_1
4967	7216	12581.17095	5401127_G_F_1
4969	7217	5669.2533375	5401124_G_F_1
4971	7218	5083.3339125	5401124_G_F_4
24891	7219	10430.6535	5401080_R_F_1
24893	7220	13144.5550125	5401080_G_F_1
4973	7221	3943.6884375	5401128_R_F_4
4975	7222	0.0	5401128_G_F_2
4977	7223	6010.5031125	5401128_G_F_4
24895	7224	15497.890725	5401082_G_F_1
6483	7225	23739.394725	5401694_G_F_1
6485	7226	5958.9937125	5401695_R_F_1
6487	7227	21788.4762	5401695_G_F_1
6489	7228	23208.2040375	5401696_G_F_1
6497	7229	981.8979375	5401692_R_F_1
6499	7230	24186.8826375	5401692_R_F_2
4169	7231	13315.1799	5401693_G_F_1
4171	7232	15523.645425	5401693_G_F_3
6509	7233	1236.2256	5401459_R_F_1
6511	7234	21778.8181875	5401459_G_F_1
11271	7235	17912.39385	5401450_G_F_1
5875	7236	10253.5899375	5401017_G_F_1
8209	7237	2755.7529	5401159_G_F_1
12455	7238	1815.70635	5401622_R_F_1
12457	7239	5006.0698125	5401622_G_F_1
10199	7240	2729.9982	5401471_R_F_1
10201	7241	18784.8343125	5401471_G_F_1
5053	7242	5723.982075	5401332_G_F_1
8225	7243	5086.55325	5401230_R_F_4
8227	7244	3332.0143125	5401230_G_F_3
2841	7245	14400.0966375	5400716_R_F_2
2315	7246	24679.441275	5400718_G_F_2
11433	7247	14348.5872375	5401529_R_F_1
11441	7248	10066.8683625	5401249_G_F_1
11443	7249	1233.0062625	5401249_G_F_6
10635	7250	26009.0276625	5401248_R_F_2
10637	7251	141.65085	5401248_G_F_1
10731	7252	16038.739425	5401247_R_F_1
11485	7253	11187.1978125	5401799_G_F_1
10607	7254	6113.5219125	5401793_G_F_3
11497	7255	5624.1826125	5401794_R_F_3
11499	7256	14860.4619	5401794_G_F_2
11501	7257	3180.70545	5401797_R_F_2
11503	7258	15806.947125	5401797_G_F_1
6941	7259	505.4359875	5401426_G_F_1
5153	7260	804.834375	5400827_G_F_2
5155	7261	5843.0975625	5400821_R_F_2
5157	7262	17654.84685	5400821_G_F_1
5159	7263	2292.1683	5400822_G_F_2
5161	7264	1072.0393875	5400823_G_F_1
8287	7265	24470.1843375	5400942_G_F_1
8289	7266	0.0	5400940_R_F_1
5163	7267	6139.2766125	5400828_R_F_1
9383	7268	9133.2604875	5401116_R_F_1
9385	7269	17806.1557125	5401116_G_F_1
6737	7270	9094.6284375	5401053_R_F_2
6739	7271	19196.9095125	5401056_R_F_4
6741	7272	5958.9937125	5401056_G_F_1
6743	7273	7903.4735625	5401057_G_F_1
6745	7274	7230.632025	5401055_R_F_1
25217	7275	27889.1207625	5401665_G_F_1
25219	7276	29389.3320375	5401664_R_F_1
3047	7277	6654.3706125	5401118_G_F_4
3465	7278	26743.0366125	5401662_R_F_1
9387	7279	14754.2237625	5401115_G_F_1
5207	7280	25146.2452125	5401463_R_F_1
7097	7281	29740.239825	5401460_R_F_1
5265	7282	10826.6320125	5401809_G_F_1
5271	7283	10095.8424	5401801_G_F_1
5273	7284	3097.002675	5401800_R_F_1
5275	7285	3595.9999875	5401800_G_F_1
3135	7286	6721.9767	5401562_G_F_1
3965	7287	8524.8057	5401567_G_F_1
24419	7288	7124.3938875	5401361_R_F_1
24421	7289	21012.6158625	5401361_G_F_1
9275	7290	3515.51655	5401286_G_F_1
10875	7291	14284.2004875	5401891_R_F_1
10877	7292	18385.6364625	5401891_G_F_1
24865	7293	4829.00625	5400870_R_F_1
24867	7294	24145.03125	5400870_G_F_1
24869	7295	12127.2443625	5400877_G_F_1
7873	7296	3454.3491375	5401533_R_F_4
7875	7297	21366.7429875	5401533_G_F_1
11801	7298	17136.5335125	5401096_R_F_2
25437	7299	6866.8468875	5401097_R_F_4
25439	7300	2916.719775	5401097_G_F_1
25411	7301	2778.2882625	5401095_R_F_1
9277	7302	20281.82625	5401284_R_F_1
3275	7303	7398.037575	5401584_R_F_1
3277	7304	927.1692	5401584_G_F_1
4393	7305	15314.3884875	5401581_G_F_1
3279	7306	5012.5084875	5401582_R_F_1
12597	7307	5199.2300625	5401583_R_F_1
12599	7308	6036.2578125	5401583_G_F_1
6943	7309	1799.6096625	5401424_R_F_1
6945	7310	7591.197825	5401424_G_F_1
10555	7311	25.7547	5401382_R_F_2
10557	7312	16408.9632375	5401382_G_F_4
10559	7313	12722.8218	5401383_R_F_1
11869	7314	7092.2005125	5400644_R_F_2
11871	7315	10160.22915	5400645_R_F_3
11873	7316	4230.209475	5400645_G_F_3
11875	7317	12107.9283375	5400646_R_F_1
11877	7318	22310.008875	5400646_G_F_1
11879	7319	21852.86295	5400640_G_F_1
11881	7320	12990.0268125	5400641_R_F_1
11883	7321	16685.8262625	5400641_G_F_1
11885	7322	1384.315125	5400642_G_F_2
11887	7323	6216.5407125	5400642_G_F_3
11889	7324	9194.4279	5400643_R_F_1
11891	7325	2604.4440375	5400643_G_F_2
6991	7326	15752.2183875	5401737_R_F_2
6993	7327	16241.5576875	5401735_R_F_1
6995	7328	4626.1879875	5401735_G_F_1
6997	7329	10575.5236875	5401734_R_F_4
6999	7330	5147.7206625	5401734_G_F_1
7001	7331	23134.159275	5401734_G_F_2
7003	7332	12658.43505	5401733_R_F_1
7005	7333	16515.201375	5401733_G_F_1
7007	7334	27963.165525	5401730_R_F_1
7009	7335	31169.625675	5401730_G_F_1
7027	7336	15436.7233125	5701486_G_F_1
8477	7337	22139.3839875	5700898_G_F_1
8479	7338	7600.8558375	5700899_R_F_1
8481	7339	23623.498575	5700899_R_F_3
8483	7340	5257.1781375	5700899_G_F_1
5523	7341	24029.1351	5700952_R_F_1
23957	7342	25390.9148625	5700959_G_F_1
3381	7343	10794.4386375	5701414_R_F_1
7061	7344	6490.1844	5701550_R_F_1
7063	7345	20571.566625	5701551_G_F_1
7065	7346	7043.91045	5701556_G_F_3
23965	7347	2672.050125	5701557_G_F_3
7071	7348	1806.0483375	5701554_R_F_2
3973	7349	19415.8244625	5701538_R_F_1
11973	7350	29073.8369625	5701328_G_F_1
3393	7351	10701.07785	5701638_R_F_4
11991	7352	18330.907725	5701323_R_F_1
11993	7353	8157.801225	5701323_G_F_3
11995	7354	21022.273875	5701322_G_F_1
11997	7355	19602.5460375	5701325_G_F_1
11999	7356	4465.2211125	5701325_G_F_2
23975	7357	21369.962325	5701324_R_F_2
23977	7358	23855.290875	5701324_G_F_1
12005	7359	6921.575625	5701327_G_F_1
12007	7360	10784.780625	5701327_G_F_2
12009	7361	16437.937275	5701326_G_F_1
12011	7362	8344.5228	5701326_G_F_2
5599	7363	1371.437775	5700820_G_F_4
5601	7364	22734.961425	5700823_R_F_1
5603	7365	405.636525	5700823_G_F_1
3985	7366	1146.08415	5701537_R_F_1
5605	7367	15166.2989625	5700825_G_F_3
5607	7368	1461.579225	5700827_G_F_1
10077	7369	10681.761825	5701523_G_F_1
3453	7370	5292.59085	5701521_G_F_2
7123	7371	8959.4162625	5700285_R_F_1
6035	7372	10282.563975	5700284_R_F_1
6037	7373	8695.4305875	5700284_R_F_2
10099	7374	21147.8280375	5700281_G_F_1
7125	7375	24621.4932	5700283_G_F_1
24001	7376	8228.62665	5701020_G_F_4
7145	7377	18272.95965	5700609_R_F_1
7147	7378	11029.450275	5700608_R_F_1
7149	7379	9410.1235125	5700605_G_F_1
7151	7380	22.5353625	5700604_G_F_1
7153	7381	11802.091275	5700604_G_F_4
10149	7382	2591.5666875	5700467_R_F_4
10151	7383	3245.0922	5700467_G_F_4
10153	7384	11995.251525	5700469_R_F_2
10155	7385	4861.199625	5700469_R_F_3
10157	7386	1542.0626625	5700468_R_F_3
24083	7387	17577.58275	5700998_R_F_1
10219	7388	8064.4404375	5700991_R_F_1
10221	7389	14129.6722875	5700991_G_F_1
24085	7390	12294.6499125	5700992_R_F_1
24087	7391	16334.918475	5700992_G_F_1
2377	7392	23301.564825	5700253_R_F_1
2379	7393	18462.9005625	5700253_G_F_2
5745	7394	2533.6186125	5701164_R_F_1
5747	7395	10012.139625	5701164_G_F_1
5749	7396	940.04655	5701163_R_F_1
5751	7397	16373.550525	5701163_G_F_1
5753	7398	12458.836125	5701162_R_F_1
6239	7399	17770.743	5700155_R_F_1
6241	7400	4603.652625	5700155_G_F_2
6247	7401	16225.461	5700157_G_F_1
3563	7402	978.6786	5700900_R_F_1
3565	7403	29566.3956	5700900_R_F_2
3567	7404	1551.720675	5700900_G_F_1
8657	7405	9416.5621875	5701118_R_F_2
10879	7406	2517.521925	5700153_G_F_2
2381	7407	29717.7044625	5700259_R_F_1
8663	7408	9641.9158125	5701116_R_F_2
8665	7409	1393.9731375	5701117_R_F_2
8667	7410	595.5774375	5701115_R_F_1
8669	7411	1873.654425	5601340_R_F_2
8671	7412	3058.370625	5601340_G_F_2
5809	7413	9532.4583375	5700766_G_F_4
5813	7414	54.7287375	5700761_R_F_1
1625	7415	2562.59265	5700643_R_F_1
1627	7416	2350.116375	5700643_G_F_4
1629	7417	2234.220225	5700643_G_F_7
5817	7418	843.466425	5700769_G_F_5
10471	7419	16817.8191	5701365_R_F_1
24167	7420	10958.62485	5701360_R_F_1
23949	7421	5955.774375	5700208_R_F_1
5843	7422	4519.94985	5701017_G_F_8
5845	7423	30554.7322125	5701016_G_F_1
5847	7424	6387.1656	5701015_G_F_2
24177	7425	18894.2917875	5700542_R_F_2
5859	7426	0.0	5701018_R_F_5
5811	7427	8544.121725	5700762_R_F_2
23979	7428	16299.5057625	5701634_G_F_1
5865	7429	23971.187025	5700496_R_F_1
5867	7430	9648.3544875	5700498_R_F_1
3225	7431	3959.785125	5701069_G_F_1
11677	7432	8012.9310375	5700855_G_F_1
11679	7433	721.1316	5700855_G_F_2
5901	7434	7185.5613	5700943_R_F_1
12159	7435	9191.2085625	5701403_R_F_1
12161	7436	189.9409125	5701403_G_F_1
12163	7437	115.89615	5701404_R_F_1
12165	7438	331.5917625	5701404_G_F_1
12167	7439	18041.16735	5701405_R_F_1
12169	7440	5031.8245125	5701406_G_F_1
12171	7441	9149.357175	5701407_G_F_1
12173	7442	7633.0492125	5701407_G_F_2
12175	7443	10916.7734625	5701409_G_F_1
3923	7444	5086.55325	5701628_R_F_2
3925	7445	67.6060875	5701628_G_F_2
7543	7446	6747.7314	5701239_R_F_1
7545	7447	9171.8925375	5701239_G_F_4
7547	7448	14177.96235	5701237_G_F_1
7549	7449	10710.7358625	5701588_R_F_1
7551	7450	12851.5953	5701234_R_F_1
7553	7451	209.2569375	5701233_R_F_2
7555	7452	21299.1369	5701233_G_F_1
3935	7453	0.0	5701625_R_F_1
3937	7454	24576.422475	5701625_R_F_3
3939	7455	3055.1512875	5701625_G_F_2
7557	7456	20742.1915125	5701231_R_F_1
7599	7457	3003.6418875	5701121_R_F_3
7601	7458	14689.8370125	5701120_R_F_1
7603	7459	13930.0733625	5701120_G_F_1
7605	7460	1580.6947125	5701127_G_F_2
3979	7461	9001.26765	5701242_R_F_1
3981	7462	24998.1556875	5701242_G_F_1
24337	7463	18208.5729	5701240_R_F_2
24339	7464	16186.82895	5701240_G_F_1
1143	7465	24611.8351875	5701241_G_F_1
1147	7466	6165.0313125	5701246_R_F_3
1149	7467	13337.7152625	5701246_G_F_1
1161	7468	0.0	5701247_R_F_1
1163	7469	16463.691975	5701247_G_F_1
1165	7470	0.0	5701247_G_F_2
8523	7471	22899.1476375	5701244_G_F_1
3993	7472	3328.794975	5700119_R_F_2
7619	7473	4384.737675	5700293_R_F_1
7621	7474	10025.016975	5700293_G_F_1
7623	7475	11895.4520625	5700293_G_F_2
7625	7476	8676.1145625	5700290_R_F_2
7627	7477	15774.75375	5700290_G_F_1
7629	7478	28426.750125	5700291_R_F_1
10825	7479	21585.6579375	5700294_G_F_1
1273	7480	7018.15575	5701053_R_F_1
1279	7481	5482.5317625	5701052_R_F_1
1281	7482	1171.83885	5701052_G_F_2
7639	7483	14979.5773875	5701055_G_F_1
7641	7484	6052.3545	5601339_R_F_2
7643	7485	5414.925675	5601339_G_F_2
24179	7486	14522.4314625	5700540_R_F_3
10605	7487	12674.5317375	5700612_G_F_5
4031	7488	10392.02145	5701335_R_F_3
4033	7489	7443.1083	5701335_G_F_2
24407	7490	0.0	5700759_R_F_1
4035	7491	4973.8764375	5700204_G_F_1
4037	7492	6042.6964875	5700207_R_F_1
4039	7493	6744.5120625	5700207_R_F_4
4041	7494	2137.6401	5700206_G_F_1
25471	7495	9184.7698875	5700079_G_F_1
4049	7496	8840.300775	5701339_G_F_1
1793	7497	0.0	5700474_G_F_2
1817	7498	6371.0689125	5700472_R_F_1
1819	7499	3277.285575	5700472_G_F_2
1821	7500	5060.79855	5700472_G_F_3
3435	7501	2617.3213875	5700473_R_F_1
3445	7502	251.108325	5700473_G_F_1
4219	7503	2520.7412625	5700473_G_F_3
1849	7504	10276.1253	5700471_G_F_3
4043	7505	4545.70455	5701338_R_F_1
4045	7506	8412.1288875	5701338_G_F_1
4047	7507	6081.3285375	5701338_G_F_3
24451	7508	10079.7457125	5700505_R_F_3
24453	7509	18549.822675	5700508_R_F_1
23999	7510	5192.7913875	5701024_G_F_1
24467	7511	30554.7322125	5700986_R_F_1
24469	7512	7546.1271	5700987_G_F_1
7745	7513	22763.9354625	5700985_R_F_5
24471	7514	8746.9399875	5700982_R_F_1
24473	7515	4011.294525	5700982_G_F_2
24475	7516	6377.5075875	5700981_R_F_1
24477	7517	4416.93105	5700981_G_F_1
7757	7518	11193.6364875	5700988_R_F_1
7759	7519	10659.2264625	5700988_R_F_3
10695	7520	20095.104675	5700288_G_F_1
8375	7521	2366.2130625	5701105_R_F_4
1209	7522	8556.999075	5700292_R_F_2
1211	7523	13556.6302125	5700292_G_F_1
4593	7524	14268.1038	5700375_G_F_1
4595	7525	22461.3177375	5700376_R_F_1
4597	7526	17400.5191875	5700376_G_F_1
4599	7527	10945.7475	5700376_G_F_4
4601	7528	8547.3410625	5700371_R_F_1
4603	7529	4593.9946125	5700371_G_F_1
4605	7530	7150.1485875	5700371_G_F_2
4349	7531	6371.0689125	5700370_R_F_1
4351	7532	4223.7708	5700370_G_F_1
4609	7533	14573.9408625	5700373_R_F_1
4611	7534	8122.3885125	5700373_G_F_1
4613	7535	18829.9050375	5700372_R_F_1
4615	7536	2900.6230875	5700372_R_F_2
2719	7537	949.7045625	5700870_G_F_1
8385	7538	1851.1190625	5601350_G_F_1
12469	7539	3206.46015	5701468_G_F_1
9333	7540	21250.8468375	5701469_R_F_2
9335	7541	13582.3849125	5701469_G_F_1
24539	7542	10665.6651375	5701574_G_F_6
24545	7543	3447.9104625	5700975_R_F_1
24547	7544	14779.9784625	5700975_G_F_1
2223	7545	12899.8853625	5701471_R_F_1
2225	7546	16402.5245625	5701471_R_F_2
2227	7547	11641.1244	5701471_G_F_1
1677	7548	12903.1047	5701066_G_F_1
2231	7549	17313.597075	5701473_G_F_1
2233	7550	8399.2515375	5701472_G_F_2
8759	7551	5482.5317625	5701067_G_F_1
12289	7552	6866.8468875	5701653_G_F_1
2253	7553	12848.3759625	5700784_R_F_1
2255	7554	17590.4601	5700784_G_F_1
2257	7555	109.457475	5700786_G_F_1
2259	7556	9365.0527875	5700787_G_F_1
4679	7557	325.1530875	5700805_R_F_2
4681	7558	0.0	5700804_R_F_2
4683	7559	157.7475375	5700804_G_F_1
25293	7560	7620.1718625	5700717_R_F_1
24091	7561	3045.493275	5700718_R_F_2
6177	7562	26591.72775	5701378_R_F_1
9119	7563	2005.6472625	5701276_G_F_1
8103	7564	22648.0393125	5701372_R_F_1
8105	7565	13959.0474	5701372_G_F_2
6179	7566	9580.7484	5701373_R_F_1
6181	7567	18398.5138125	5701373_G_F_1
9125	7568	8225.4073125	5701279_G_F_1
9127	7569	8408.90955	5701278_R_F_1
9129	7570	14860.4619	5701278_G_F_1
10807	7571	25159.1225625	5701376_G_F_2
6187	7572	16795.2837375	5701374_R_F_3
6189	7573	17661.285525	5701374_G_F_1
6191	7574	25815.8674125	5701375_R_F_1
7075	7575	7404.47625	5700533_R_F_1
3061	7576	5414.925675	5700532_R_F_1
3063	7577	936.8272125	5700532_G_F_1
6201	7578	16734.116325	5700535_G_F_1
6203	7579	12983.5881375	5701395_R_F_1
6205	7580	9526.0196625	5701395_R_F_3
6207	7581	14377.561275	5701395_G_F_1
6209	7582	2391.9677625	5701395_G_F_3
6211	7583	6709.09935	5701396_R_F_1
6213	7584	16379.9892	5701396_G_F_1
6215	7585	1274.85765	5701397_R_F_1
6217	7586	8412.1288875	5701397_R_F_4
6219	7587	14499.8961	5701397_G_F_1
6221	7588	11641.1244	5701392_R_F_1
6223	7589	11760.2398875	5701392_G_F_1
6225	7590	9149.357175	5701393_R_F_3
6227	7591	19280.6122875	5701393_G_F_2
6229	7592	7217.754675	5701398_R_F_1
6231	7593	18266.520975	5701398_R_F_2
6233	7594	21257.2855125	5701399_G_F_1
3405	7595	28581.278325	5701637_R_F_1
3407	7596	16772.748375	5701637_G_F_1
6235	7597	8247.942675	5700159_G_F_1
6237	7598	18907.1691375	5700158_R_F_1
6243	7599	16199.7063	5700154_R_F_1
6245	7600	2707.4628375	5700154_G_F_1
6259	7601	1674.0555	5700150_G_F_1
10881	7602	6026.5998	5700152_R_F_2
10883	7603	2768.63025	5700152_G_F_1
10885	7604	5173.4753625	5700152_G_F_2
9177	7605	2427.380475	5700326_G_F_5
9179	7606	0.0	5700327_G_F_1
9181	7607	15929.28195	5700324_G_F_1
9183	7608	4693.794075	5700322_G_F_2
3409	7609	1938.041175	5701636_R_F_1
3411	7610	15472.136025	5701636_R_F_4
2433	7611	80.4834375	5700432_R_F_4
2435	7612	7884.1575375	5700432_G_F_3
2437	7613	302.617725	5700433_R_F_2
2439	7614	10372.705425	5700433_G_F_2
2441	7615	470.023275	5700436_R_F_6
2443	7616	5292.59085	5700436_G_F_1
4007	7617	27245.2532625	5700437_R_F_1
2449	7618	11476.9381875	5700434_G_F_1
2451	7619	14895.8746125	5700435_R_F_2
4313	7620	31836.0285375	5700438_R_F_1
4315	7621	9171.8925375	5700438_G_F_2
4879	7622	10952.186175	5701181_G_F_1
4871	7623	6113.5219125	5701431_G_F_1
4873	7624	2086.1307	5701432_R_F_1
24769	7625	17039.9533875	5701228_R_F_1
7979	7626	14950.60335	5701596_R_F_1
7981	7627	5418.1450125	5701596_G_F_1
10119	7628	29720.9238	5701597_G_F_1
25443	7629	12462.0554625	5701594_G_F_1
24785	7630	18118.43145	5701227_R_F_1
11041	7631	6480.5263875	5701189_R_F_2
11043	7632	9912.3401625	5701189_R_F_4
11045	7633	9139.6991625	5701189_G_F_1
11047	7634	13176.7483875	5701189_G_F_4
7985	7635	26829.958725	5701593_G_F_2
7989	7636	17593.6794375	5701591_G_F_1
6413	7637	9674.1091875	5700849_R_F_1
6415	7638	8598.8504625	5700849_G_F_1
6417	7639	2720.3401875	5700848_R_F_3
6419	7640	4790.3742	5700848_G_F_1
11083	7641	1728.7842375	5700920_G_F_1
2635	7642	15063.2801625	5700922_G_F_1
6421	7643	18186.0375375	5700843_R_F_1
6423	7644	7488.179025	5700842_R_F_1
6425	7645	3183.9247875	5700846_G_F_1
24837	7646	25329.74745	5701042_G_F_1
24841	7647	0.0	5701047_G_F_1
24843	7648	6593.2032	5701047_G_F_2
8077	7649	28925.7474375	5700661_R_F_1
8079	7650	25571.1977625	5700661_G_F_1
8081	7651	23217.86205	5700660_R_F_1
8083	7652	16486.2273375	5700660_G_F_1
11145	7653	0.0	5700585_R_F_1
11147	7654	0.0	5700585_G_F_1
11163	7655	21823.8889125	5700409_R_F_1
11865	7656	7311.1154625	5700400_G_F_1
11247	7657	22284.254175	5700106_G_F_4
11249	7658	13122.01965	5700104_R_F_1
24039	7659	811.27305	5700069_G_F_1
11251	7660	13505.1208125	5700103_R_F_2
11253	7661	23858.5102125	5700103_G_F_2
11255	7662	5118.746625	5700100_R_F_1
11257	7663	25548.6624	5700100_G_F_1
10159	7664	3985.539825	5700101_R_F_1
10161	7665	18768.737625	5700101_G_F_1
10163	7666	5360.1969375	5700101_G_F_2
8141	7667	5308.6875375	5700085_G_F_1
8143	7668	11718.3885	5700084_R_F_1
8145	7669	3257.96955	5700084_G_F_2
8147	7670	898.1951625	5700083_R_F_11
8149	7671	6055.5738375	5700083_G_F_1
8151	7672	5794.8075	5700082_G_F_1
8153	7673	16.0966875	5700081_G_F_1
10419	7674	5682.1306875	5700363_G_F_2
11311	7675	4687.3554	5700360_G_F_2
2795	7676	2665.61145	5700136_R_F_1
8223	7677	10977.940875	5700886_R_F_1
6049	7678	23478.6283875	5700885_G_F_1
12465	7679	14235.910425	5701467_G_F_1
6573	7680	17384.4225	5701549_R_F_1
6575	7681	14255.22645	5701548_R_F_1
6577	7682	679.2802125	5701548_G_F_2
12467	7683	6750.9507375	5701460_G_F_1
11381	7684	10633.4717625	5701545_R_F_2
6581	7685	4542.4852125	5701544_G_F_2
6583	7686	17332.9131	5701547_G_F_1
11387	7687	10707.516525	5701543_R_F_1
11389	7688	5031.8245125	5701543_G_F_2
6585	7689	18021.851325	5701542_R_F_1
2865	7690	24251.2693875	5701649_R_F_1
2867	7691	17262.087675	5701649_G_F_1
2869	7692	24074.205825	5701646_R_F_1
2871	7693	9938.0948625	5701646_G_F_1
2873	7694	10289.00265	5701645_R_F_2
6619	7695	19316.025	5700701_R_F_1
6621	7696	13595.2622625	5700702_R_F_1
6623	7697	3480.1038375	5700703_G_F_1
6625	7698	16795.2837375	5700704_G_F_1
6627	7699	7552.565775	5700707_R_F_1
2895	7700	22281.0348375	5701263_R_F_1
2897	7701	7208.0966625	5701265_R_F_1
2919	7702	3605.658	5700680_G_F_1
2921	7703	11682.9757875	5700680_G_F_4
9363	7704	12172.3150875	5700137_R_F_1
2229	7705	3241.8728625	5701470_G_F_1
12505	7706	6274.4887875	5700223_R_F_1
12507	7707	180.2829	5700222_R_F_1
12509	7708	80.4834375	5700221_R_F_1
2997	7709	3946.907775	5701087_G_F_3
2999	7710	15140.5442625	5701080_R_F_1
3001	7711	13141.335675	5701080_G_F_1
9099	7712	18765.5182875	5701651_R_F_2
2991	7713	12616.5836625	5701084_R_F_1
4945	7714	927.1692	5700589_R_F_1
4947	7715	273.6436875	5700589_G_F_1
2995	7716	5035.04385	5701086_R_F_1
5251	7717	3731.2121625	5701429_R_F_1
25303	7718	688.938225	5701423_G_F_1
25309	7719	5917.142325	5701427_G_F_1
3003	7720	11602.49235	5701083_R_F_1
11657	7721	5530.821825	5701193_R_F_3
11659	7722	12246.35985	5701194_R_F_4
3927	7723	2594.786025	5701629_R_F_1
5287	7724	16882.20585	5701516_R_F_1
5289	7725	5385.9516375	5701517_R_F_3
5291	7726	18997.3105875	5701517_G_F_1
5293	7727	12809.7439125	5701514_R_F_1
5295	7728	2993.983875	5701515_R_F_2
5297	7729	19383.6310875	5701515_G_F_1
24861	7730	12565.0742625	5701341_G_F_1
8371	7731	11274.119925	5701459_G_F_1
10513	7732	6219.76005	5701236_R_F_1
10515	7733	8470.0769625	5701236_R_F_2
10517	7734	3116.3187	5701236_G_F_2
8377	7735	6657.58995	5701104_R_F_1
8379	7736	144.8701875	5701104_R_F_2
8381	7737	3995.1978375	5601351_R_F_2
8383	7738	1361.7797625	5601351_G_F_2
3929	7739	11155.0044375	5701623_G_F_1
8387	7740	24167.5666125	5700278_R_F_1
8389	7741	8080.537125	5700279_G_F_1
8391	7742	12375.13335	5700279_G_F_2
8393	7743	22622.2846125	5700274_R_F_1
8395	7744	4088.558625	5700274_G_F_1
4549	7745	10028.2363125	5701624_R_F_1
4551	7746	14631.8889375	5701624_R_F_2
4553	7747	5524.38315	5701624_G_F_1
8397	7748	20140.1754	5700277_G_F_1
8399	7749	869.221125	5700277_G_F_2
8401	7750	9693.4252125	5700270_G_F_1
8403	7751	26060.5370625	5700271_G_F_1
8405	7752	9068.8737375	5700272_G_F_2
8407	7753	7926.008925	5700273_G_F_1
3941	7754	370.2238125	5701626_R_F_2
10923	7755	20748.6301875	5700673_G_F_1
11771	7756	13305.5218875	5700674_G_F_1
11773	7757	4983.53445	5700675_R_F_1
7929	7758	3879.3016875	5700679_G_F_1
5375	7759	2330.80035	5701603_G_F_1
6435	7760	9925.2175125	5701353_R_F_1
11785	7761	30403.42335	5701606_G_F_1
11787	7762	4909.4896875	5701604_G_F_2
5379	7763	54.7287375	5701608_G_F_1
5381	7764	10359.828075	5701608_G_F_3
10809	7765	13273.3285125	5700620_R_F_1
10811	7766	15697.48965	5700620_R_F_2
10813	7767	1751.3196	5700620_G_F_1
10815	7768	18424.2685125	5700620_G_F_2
5399	7769	8878.932825	5700480_R_F_1
5401	7770	5569.453875	5700480_R_F_3
11851	7771	32.193375	5701075_G_F_1
11853	7772	24351.06885	5701074_R_F_1
11855	7773	9583.9677375	5701071_G_F_1
11859	7774	22631.942625	5701079_G_F_1
7983	7775	17670.9435375	5701592_G_F_1
11899	7776	23929.3356375	5700091_R_F_1
5473	7777	6934.452975	5700399_R_F_1
25485	7778	16318.8217875	5700398_R_F_1
5475	7779	14934.5066625	5700397_R_F_1
5477	7780	13621.0169625	5700397_G_F_1
5479	7781	6734.85405	5700396_G_F_1
5481	7782	20230.31685	5700395_R_F_1
5483	7783	553.72605	5700395_G_F_2
5485	7784	11051.9856375	5700394_R_F_1
5487	7785	19947.01515	5700392_R_F_1
7029	7786	3016.5192375	5901177_R_F_2
7031	7787	6152.1539625	5901177_R_F_3
7033	7788	4783.935525	5901177_G_F_2
23951	7789	9960.630225	5802040_R_F_2
23997	7790	8537.68305	5802042_R_F_1
11957	7791	6216.5407125	5802165_G_F_1
11959	7792	12722.8218	5802164_R_F_1
7049	7793	7163.0259375	5900436_R_F_1
7051	7794	2523.9606	5900430_G_F_1
7053	7795	8672.895225	5900430_G_F_2
7055	7796	17719.2336	5900431_R_F_1
7057	7797	10334.073375	5900431_G_F_1
9597	7798	11138.90775	5901079_G_F_2
7059	7799	15906.7465875	5900433_G_F_1
3383	7800	24737.38935	5900711_R_F_1
7073	7801	14899.09395	5802196_G_F_1
10899	7802	7060.0071375	5900206_R_F_4
10901	7803	6226.198725	5900206_G_F_1
10233	7804	4130.4100125	5900205_R_F_1
10235	7805	17545.389375	5900205_R_F_3
10027	7806	29740.239825	5900808_R_F_1
10029	7807	4651.9426875	5900808_G_F_1
10033	7808	5778.7108125	5900804_R_F_2
10035	7809	4642.284675	5900807_G_F_2
3413	7810	17674.162875	5900614_R_F_1
3415	7811	4342.8862875	5900614_R_F_2
3417	7812	13704.7197375	5900614_G_F_1
3419	7813	5476.0930875	5900614_G_F_4
3421	7814	5640.2793	5900615_G_F_1
3423	7815	9986.384925	5900615_G_F_3
3425	7816	6139.2766125	5900616_G_F_1
3427	7817	14277.7618125	5900616_G_F_3
3429	7818	3650.728725	5900617_G_F_4
7035	7819	27380.4654375	5901174_R_F_1
7037	7820	23758.71075	5901175_R_F_1
12017	7821	8321.9874375	5901183_R_F_1
12019	7822	22284.254175	5901183_G_F_1
12021	7823	553.72605	5901181_R_F_1
12023	7824	15806.947125	5901181_R_F_2
12025	7825	18437.1458625	5901181_G_F_1
12027	7826	90.14145	5901180_R_F_1
12029	7827	20433.1351125	5901180_R_F_2
12031	7828	6293.8048125	5901180_G_F_1
12033	7829	7829.4288	5901180_G_F_4
12035	7830	10604.497725	5901185_G_F_1
12037	7831	21997.7331375	5901184_R_F_1
12039	7832	4787.1548625	5901184_G_F_1
12041	7833	7517.1530625	5901184_G_F_4
1227	7834	22004.1718125	5900890_R_F_1
1229	7835	2977.8871875	5900890_G_F_1
1231	7836	3386.74305	5900890_G_F_2
1233	7837	15011.7707625	5900891_R_F_1
1235	7838	16753.43235	5900891_G_F_1
1237	7839	17963.90325	5900896_R_F_1
1239	7840	2127.9820875	5900896_G_F_1
1241	7841	9200.866575	5900897_R_F_1
1243	7842	7137.2712375	5900897_R_F_2
1245	7843	16141.758225	5900897_G_F_1
1247	7844	16235.1190125	5900895_R_F_1
1249	7845	12635.8996875	5900895_G_F_1
1251	7846	5901.0456375	5900895_G_F_2
1257	7847	17133.314175	5900898_R_F_1
1259	7848	12149.779725	5900898_G_F_1
5643	7849	6802.4601375	5901229_G_F_2
5645	7850	9239.498625	5901229_G_F_7
4425	7851	3177.4861125	5900100_R_F_1
4427	7852	695.3769	5900100_G_F_1
7039	7853	10295.441325	5901178_R_F_2
7041	7854	10643.129775	5901179_G_F_2
24043	7855	212.476275	5900975_R_F_5
24045	7856	4053.1459125	5900975_G_F_1
24047	7857	4130.4100125	5900977_R_F_1
24049	7858	3718.3348125	5900970_G_F_2
8567	7859	0.0	5901257_R_F_4
8569	7860	8466.857625	5901257_G_F_1
8571	7861	7665.2425875	5901256_R_F_4
9285	7862	14342.1485625	5901255_R_F_1
11287	7863	5505.067125	5901319_R_F_2
11289	7864	7430.23095	5901319_G_F_1
11291	7865	8685.772575	5901319_G_F_3
10185	7866	782.2990125	5901313_G_F_4
10191	7867	16515.201375	5901311_R_F_2
7785	7868	21746.6248125	5900250_R_F_1
7787	7869	12613.364325	5900250_G_F_1
9645	7870	10627.0330875	5900030_G_F_3
9647	7871	4883.7349875	5900031_G_F_1
8597	7872	22619.065275	5901133_R_F_1
8599	7873	898.1951625	5901133_G_F_1
8601	7874	199.598925	5901130_R_F_1
8603	7875	4854.76095	5901130_G_F_1
8605	7876	6741.292725	5901131_R_F_2
8607	7877	15192.0536625	5901131_G_F_1
5717	7878	2037.8406375	5900570_G_F_1
5719	7879	20191.6848	5900572_R_F_1
5721	7880	3744.0895125	5900575_G_F_1
5723	7881	10604.497725	5900577_R_F_2
5725	7882	12004.9095375	5900576_R_F_1
1401	7883	24103.1798625	5900471_R_F_1
1403	7884	24409.016925	5900472_R_F_1
1405	7885	5472.87375	5900472_R_F_2
8609	7886	21128.5120125	5900473_G_F_1
1407	7887	3982.3204875	5900474_R_F_1
1409	7888	11493.034875	5900474_R_F_4
1411	7889	18990.8719125	5900474_G_F_1
12561	7890	18736.54425	5900325_R_F_1
12087	7891	20700.340125	5802097_R_F_1
12569	7892	7349.7475125	5802096_R_F_1
12571	7893	14947.3840125	5802095_R_F_2
12095	7894	11557.421625	5802094_R_F_1
10245	7895	13756.2291375	5802098_G_F_1
8313	7896	27441.63285	5900468_R_F_2
8315	7897	6036.2578125	5900468_G_F_1
8317	7898	811.27305	5900468_G_F_2
1487	7899	18662.4994875	5900715_R_F_1
1489	7900	8965.8549375	5900715_R_F_2
1491	7901	2211.6848625	5900715_G_F_2
1493	7902	0.0	5900715_G_F_3
1495	7903	77.2641	5900714_R_F_1
1497	7904	19560.69465	5900714_R_F_2
1499	7905	2742.87555	5900714_G_F_1
1501	7906	5205.6687375	5802138_R_F_1
1503	7907	27963.165525	5802138_G_F_1
1505	7908	30718.918425	5900713_R_F_1
1507	7909	2552.9346375	5900713_G_F_1
1509	7910	1699.8102	5900712_R_F_1
24121	7911	9030.2416875	5901148_G_F_1
2757	7912	9355.394775	5900456_R_F_1
2759	7913	6493.4037375	5900456_R_F_2
2761	7914	7266.0447375	5900456_R_F_4
2763	7915	4133.62935	5900456_G_F_1
2765	7916	3148.512075	5900456_G_F_5
3607	7917	6583.5451875	5900854_R_F_1
5797	7918	10672.1038125	5900145_G_F_2
4475	7919	12851.5953	5900149_R_F_3
10305	7920	6570.6678375	5900782_R_F_1
10307	7921	24846.846825	5900787_R_F_1
10309	7922	1571.0367	5900787_G_F_1
8709	7923	19322.463675	5900660_R_F_1
10315	7924	0.0	5900789_G_F_1
3677	7925	18791.2729875	5900581_R_F_1
3679	7926	25094.7358125	5900581_G_F_1
3681	7927	19077.794025	5900582_R_F_2
3683	7928	3080.9059875	5900582_G_F_1
3685	7929	16302.7251	5900582_G_F_2
3687	7930	23085.8692125	5900583_G_F_1
24197	7931	28188.51915	5900489_R_F_1
12121	7932	22062.1198875	5901217_R_F_1
7485	7933	13347.373275	5900533_G_F_1
12139	7934	6792.802125	5900921_R_F_2
3791	7935	28249.6865625	5901324_R_F_1
3793	7936	7005.2784	5901324_G_F_3
4505	7937	26623.921125	5901322_R_F_2
4507	7938	7655.584575	5901322_G_F_1
3799	7939	325.1530875	5901321_R_F_1
3801	7940	15623.4448875	5901321_R_F_2
3803	7941	466.8039375	5901321_G_F_1
3805	7942	18182.8182	5901321_G_F_2
3807	7943	24141.8119125	5901320_R_F_1
3809	7944	9564.6517125	5901320_G_F_4
8847	7945	25200.97395	5900287_R_F_1
8849	7946	4001.6365125	5900287_G_F_1
1775	7947	9432.658875	5900040_R_F_1
1777	7948	9181.55055	5900040_R_F_2
1779	7949	21044.8092375	5900043_R_F_2
1781	7950	8125.60785	5900042_R_F_4
1783	7951	12185.1924375	5900042_R_F_6
1785	7952	0.0	5900042_G_F_3
1787	7953	2511.08325	5900044_R_F_1
1789	7954	17300.719725	5900044_R_F_3
1791	7955	0.0	5900048_R_F_1
24255	7956	15826.26315	5900362_R_F_4
7515	7957	14496.6767625	5802073_R_F_1
3879	7958	5018.9471625	5802174_G_F_1
3881	7959	5955.774375	5802175_G_F_2
12155	7960	14831.4878625	5802177_R_F_1
12157	7961	1815.70635	5802177_G_F_2
10479	7962	11470.4995125	5900401_R_F_1
10481	7963	1200.8128875	5900400_G_F_1
10483	7964	19093.8907125	5900403_R_F_2
11483	7965	15935.720625	5900404_R_F_1
3901	7966	11473.71885	5901067_R_F_1
5907	7967	5134.8433125	5900214_R_F_3
5909	7968	9377.9301375	5900215_R_F_3
5911	7969	9757.8119625	5900215_G_F_1
24595	7970	28249.6865625	5900179_G_F_1
24287	7971	10449.969525	5900219_R_F_1
4793	7972	54.7287375	5901338_R_F_3
4795	7973	544.0680375	5901338_G_F_2
11605	7974	5450.3383875	5901339_R_F_1
11607	7975	16965.908625	5901339_R_F_2
11609	7976	14441.948025	5901339_G_F_1
7569	7977	25674.2165625	5900742_R_F_1
10523	7978	12111.147675	5900743_R_F_1
10525	7979	2852.333025	5900743_R_F_2
10527	7980	8338.084125	5900743_R_F_4
10529	7981	12645.5577	5900743_G_F_1
10531	7982	7690.9972875	5900743_G_F_3
7575	7983	11618.5890375	5900740_R_F_1
7577	7984	13350.5926125	5900740_R_F_2
10537	7985	11814.968625	5900741_R_F_1
3875	7986	4825.7869125	5802179_G_F_1
9745	7987	218.91495	5900627_R_F_2
3987	7988	1896.1897875	5901194_R_F_2
3989	7989	17155.8495375	5901195_R_F_1
3991	7990	302.617725	5901195_G_F_2
5633	7991	21617.8513125	5901226_R_F_1
5635	7992	318.7144125	5901226_G_F_1
3053	7993	12185.1924375	5900130_R_F_1
3055	7994	9893.0241375	5900130_G_F_1
4023	7995	11319.19065	5900133_R_F_1
5637	7996	3035.8352625	5901227_G_F_1
8411	7997	7346.528175	5900095_G_F_1
2047	7998	17748.2076375	5901245_G_F_1
6555	7999	15269.3177625	5802059_G_F_1
12259	8000	10691.4198375	5802035_G_F_1
11357	8001	2565.8119875	5900427_R_F_1
11359	8002	9229.8406125	5900427_R_F_2
11361	8003	10813.7546625	5900427_G_F_2
9051	8004	14203.71705	5802039_G_F_1
6113	8005	29634.0016875	5901026_R_F_1
6115	8006	2742.87555	5901027_R_F_8
12245	8007	16602.1234875	5900919_R_F_1
12247	8008	13608.1396125	5900919_G_F_1
7781	8009	12191.6311125	5900259_R_F_3
7895	8010	18311.5917	5802084_G_F_1
4607	8011	582.7000875	5900314_G_F_1
6131	8012	32087.1368625	5802088_G_F_1
6133	8013	12996.4654875	5802089_R_F_1
7789	8014	12220.60515	5900254_G_F_3
7791	8015	24293.120775	5900255_R_F_1
7793	8016	3254.7502125	5900255_G_F_1
7795	8017	12645.5577	5900256_R_F_1
7797	8018	23481.847725	5900257_R_F_1
2193	8019	18575.577375	5900700_R_F_1
2195	8020	135.212175	5900700_G_F_1
12275	8021	1651.5201375	5900706_G_F_1
6149	8022	1426.1665125	5901159_G_F_1
9083	8023	6557.7904875	5901093_R_F_1
6155	8024	6824.9955	5901155_R_F_3
3239	8025	2614.10205	5901156_R_F_1
3241	8026	2565.8119875	5901156_G_F_1
3243	8027	4725.98745	5901156_G_F_3
6161	8028	3325.5756375	5901151_G_F_1
3377	8029	12458.836125	5901153_R_F_1
3379	8030	5833.43955	5901153_G_F_1
9895	8031	0.0	5900829_R_F_1
9897	8032	0.0	5900829_G_F_1
2261	8033	12455.6167875	5900677_G_F_2
2263	8034	15233.90505	5900674_R_F_2
2265	8035	5447.11905	5900674_G_F_1
2267	8036	14812.1718375	5900674_G_F_2
2269	8037	463.5846	5900672_R_F_5
2271	8038	8177.11725	5900672_G_F_1
2273	8039	12471.713475	5900672_G_F_5
2275	8040	19277.39295	5900671_R_F_1
2277	8041	13627.4556375	5900671_G_F_1
25357	8042	26002.5889875	5900174_G_F_1
24601	8043	27705.618525	5900176_R_F_1
24603	8044	9583.9677375	5900176_G_F_1
24605	8045	13682.184375	5900176_G_F_2
24607	8046	21849.6436125	5900171_R_F_1
2279	8047	1113.890775	5900678_R_F_1
24611	8048	14210.155725	5900172_R_F_1
24613	8049	4526.388525	5900172_R_F_2
24615	8050	7214.5353375	5900172_G_F_1
12241	8051	9529.239	5900917_R_F_1
12243	8052	24875.8208625	5900917_G_F_1
25427	8053	22928.121675	5900776_R_F_1
5095	8054	2617.3213875	5900830_R_F_1
5097	8055	1564.598025	5900831_R_F_3
5099	8056	5653.15665	5900831_G_F_1
5101	8057	634.2094875	5900832_R_F_2
5103	8058	2726.7788625	5900832_G_F_2
7959	8059	9941.3142	5900413_G_F_2
11413	8060	22213.42875	5900882_R_F_1
6249	8061	15842.3598375	5900680_R_F_1
6251	8062	11138.90775	5900680_G_F_1
7143	8063	29611.466325	5900687_R_F_2
24691	8064	22319.6668875	5900522_R_F_1
24695	8065	14235.910425	5900521_R_F_1
4787	8066	27097.1637375	5900956_R_F_1
24173	8067	9635.4771375	5901335_G_F_1
24175	8068	3679.7027625	5901335_G_F_2
10933	8069	20413.8190875	5901337_R_F_2
10935	8070	7971.07965	5901337_G_F_2
24713	8071	6992.40105	5900359_R_F_4
6319	8072	3718.3348125	5900358_G_F_3
2431	8073	19093.8907125	5900293_R_F_1
11319	8074	10285.7833125	5900193_G_F_1
10579	8075	16054.8361125	5900191_G_F_2
10111	8076	14332.49055	5900190_G_F_2
9213	8077	14998.8934125	5900055_R_F_1
9215	8078	6316.340175	5900055_G_F_1
7487	8079	25171.9999125	5900532_G_F_1
7943	8080	7826.2094625	5901115_R_F_1
7947	8081	8125.60785	5901115_G_F_1
7949	8082	4358.982975	5900418_G_F_3
11005	8083	8061.2211	5901051_R_F_2
11007	8084	19975.9891875	5901050_R_F_1
11009	8085	10746.148575	5901050_G_F_1
7951	8086	25255.7026875	5900414_G_F_2
7953	8087	25361.940825	5900415_R_F_2
7955	8088	20201.3428125	5900415_G_F_3
7957	8089	23214.6427125	5900412_G_F_1
11011	8090	12783.9892125	5901054_R_F_1
10835	8091	2581.908675	5901056_R_F_2
11013	8092	9764.2506375	5900221_R_F_1
11015	8093	26340.619425	5900223_R_F_1
11017	8094	17403.738525	5900222_R_F_1
11019	8095	12220.60515	5900222_R_F_2
11021	8096	3393.181725	5900222_G_F_1
11023	8097	498.9973125	5900222_G_F_2
11025	8098	20391.283725	5900229_R_F_2
7991	8099	10366.26675	5900733_G_F_1
4617	8100	10305.0993375	5900319_R_F_2
11055	8101	8643.9211875	5900638_G_F_1
7997	8102	5778.7108125	5900737_G_F_1
7999	8103	21012.6158625	5900734_R_F_1
8001	8104	10108.71975	5900738_G_F_3
4893	8105	3592.78065	5900637_R_F_1
8843	8106	14219.8137375	5900289_R_F_1
8845	8107	11006.9149125	5900289_G_F_1
8071	8108	6412.9203	5900084_R_F_1
4943	8109	9062.4350625	5900129_R_F_1
8085	8110	10446.7501875	5900642_R_F_1
8087	8111	13337.7152625	5900640_R_F_1
25481	8112	13820.6158875	5900993_R_F_1
24885	8113	9033.461025	5900992_R_F_1
24887	8114	8344.5228	5900991_G_F_1
8109	8115	24734.1700125	5900399_R_F_1
2709	8116	1342.4637375	5901277_R_F_1
2711	8117	6583.5451875	5901277_G_F_1
12431	8118	5775.491475	5901276_R_F_2
12433	8119	5913.9229875	5901276_R_F_3
12435	8120	2334.0196875	5901276_R_F_5
12437	8121	4500.633825	5901278_R_F_3
12439	8122	7047.1297875	5901278_G_F_1
10079	8123	24714.8539875	5900018_R_F_1
10081	8124	17043.172725	5900018_G_F_1
8117	8125	2668.8307875	5900397_G_F_1
2767	8126	276.863025	5900455_R_F_1
2769	8127	13067.2909125	5900455_G_F_1
11283	8128	9332.8594125	5901017_R_F_3
11285	8129	23320.88085	5901010_R_F_2
6519	8130	23159.913975	5900519_R_F_1
6521	8131	2572.2506625	5900518_G_F_2
6523	8132	2160.1754625	5900512_G_F_1
6525	8133	17889.8584875	5900511_R_F_1
6527	8134	11216.17185	5900510_G_F_1
6529	8135	2192.3688375	5900517_R_F_1
1705	8136	10105.5004125	5900515_R_F_1
1707	8137	7359.405525	5900515_G_F_1
24983	8138	11248.365225	5900303_R_F_3
2807	8139	11264.4619125	5900290_G_F_2
11355	8140	8611.7278125	5802058_G_F_1
3873	8141	2401.625775	5802178_R_F_1
2827	8142	2266.4136	5901080_G_F_5
2087	8143	27766.7859375	5901081_R_F_1
2089	8144	21125.292675	5901081_G_F_1
2833	8145	6486.9650625	5901086_G_F_1
2835	8146	18450.0232125	5901087_G_F_2
2837	8147	17500.31865	5901084_G_F_1
2839	8148	16679.3875875	5901085_G_F_1
25017	8149	3167.8281	5901161_G_F_1
25019	8150	2037.8406375	5901160_G_F_4
25033	8151	12.87735	5901280_R_F_1
25035	8152	13379.56665	5901281_R_F_1
25037	8153	3856.766325	5901282_R_F_1
25039	8154	9587.187075	5901282_G_F_1
5105	8155	19045.60065	5900833_R_F_1
5107	8156	254.3276625	5900833_R_F_2
8253	8157	14899.09395	5901287_R_F_1
6159	8158	4825.7869125	5901150_R_F_1
24269	8159	1947.6991875	5901104_G_F_1
9337	8160	22696.329375	5900602_R_F_1
9339	8161	1461.579225	5900602_G_F_1
9341	8162	11699.072475	5900607_R_F_1
9343	8163	2462.7931875	5900607_G_F_1
9345	8164	14158.646325	5900606_R_F_1
9347	8165	8833.8621	5900606_G_F_1
11437	8166	9474.5102625	5900768_G_F_1
11445	8167	2189.1495	5900764_G_F_1
11447	8168	16293.0670875	5900765_R_F_1
11449	8169	10800.8773125	5900762_R_F_1
5123	8170	21904.37235	5802203_G_F_1
5125	8171	18771.9569625	5802201_R_F_2
5127	8172	4616.529975	5802201_G_F_1
5129	8173	3235.4341875	5802201_G_F_2
5131	8174	1831.8030375	5802201_G_F_4
5133	8175	482.900625	5802204_R_F_1
25125	8176	5498.62845	5901232_R_F_1
2981	8177	8189.9946	5900119_R_F_1
2489	8178	2668.8307875	5900878_R_F_1
25183	8179	16029.0814125	5900696_R_F_2
25185	8180	5044.7018625	5900696_G_F_2
25187	8181	67.6060875	5900697_G_F_1
5165	8182	18366.3204375	5900494_R_F_2
5167	8183	9854.3920875	5900495_R_F_1
5171	8184	11760.2398875	5900499_R_F_1
5173	8185	9126.8218125	5900499_G_F_4
11737	8186	289.740375	5900098_G_F_1
11739	8187	6116.74125	5900098_G_F_2
5309	8188	3402.8397375	5901301_R_F_5
5311	8189	4333.228275	5901301_G_F_1
11545	8190	241.4503125	5900340_G_F_1
3057	8191	2041.059975	5900029_G_F_1
3385	8192	5279.7135	5900028_G_F_1
6765	8193	7523.5917375	5900181_R_F_2
6767	8194	19866.5317125	5900182_R_F_1
6769	8195	25642.0231875	5900182_G_F_1
6771	8196	14039.5308375	5900183_R_F_2
6777	8197	6612.519225	5900189_R_F_1
6779	8198	12906.3240375	5900189_G_F_2
24075	8199	10929.6508125	5901128_R_F_2
25285	8200	9699.8638875	5901127_G_F_1
25287	8201	21456.8844375	5901126_R_F_1
25289	8202	6998.839725	5901126_G_F_1
5247	8203	18675.3768375	5901049_R_F_2
11619	8204	3905.0563875	5900469_G_F_2
25295	8205	22751.0581125	5900540_R_F_1
25297	8206	4175.4807375	5900541_G_F_3
25299	8207	10430.6535	5900541_G_F_4
25301	8208	15684.6123	5900543_R_F_1
11627	8209	12919.2013875	5900467_R_F_1
11629	8210	734.00895	5900467_R_F_2
7347	8211	4194.7967625	5900466_R_F_2
11637	8212	5228.2041	5900465_R_F_2
11363	8213	12046.760925	5900426_R_F_1
11365	8214	5939.6776875	5900426_R_F_2
11367	8215	11084.1790125	5900426_G_F_1
11663	8216	18083.0187375	5900727_G_F_1
12085	8217	16911.1798875	5802092_R_F_1
25389	8218	18443.5845375	5900173_R_F_1
12563	8219	17281.4037	5900320_R_F_1
2281	8220	7993.6150125	5900679_R_F_2
2283	8221	3451.1298	5900679_G_F_2
2285	8222	11274.119925	5900679_G_F_5
12089	8223	28436.4081375	5900321_R_F_1
12091	8224	4323.5702625	5900321_G_F_1
12093	8225	20590.88265	5900322_R_F_1
12573	8226	15571.9354875	5900323_R_F_1
12575	8227	15720.0250125	5900323_G_F_1
9497	8228	2842.6750125	5900849_R_F_2
25407	8229	4014.5138625	5900151_G_F_1
5353	8230	6609.2998875	5900155_R_F_2
5355	8231	2620.540725	5900154_R_F_2
5939	8232	3756.9668625	5900815_G_F_1
10841	8233	54.7287375	5900096_R_F_2
9963	8234	3711.8961375	5900094_G_F_3
3193	8235	228.5729625	5900846_R_F_1
3195	8236	5402.048325	5900846_G_F_1
5363	8237	5253.9588	5900795_R_F_1
5365	8238	18008.973975	5900794_R_F_2
5367	8239	634.2094875	5900794_G_F_1
5369	8240	21885.056325	5900791_G_F_1
5371	8241	212.476275	5900792_G_F_1
25417	8242	9493.8262875	5900654_R_F_1
25419	8243	3328.794975	5900655_G_F_1
25421	8244	14123.2336125	5900656_R_F_2
6873	8245	25455.3016125	5900984_G_F_1
6875	8246	2797.6042875	5900980_G_F_2
6887	8247	11744.1432	5901341_G_F_1
6889	8248	8029.027725	5901340_G_F_1
6891	8249	3689.360775	5901343_R_F_2
6893	8250	315.495075	5901343_G_F_1
6895	8251	5083.3339125	5901342_R_F_1
6897	8252	15974.352675	5901342_R_F_2
6899	8253	12726.0411375	5901342_G_F_1
6901	8254	2932.8164625	5901342_G_F_2
3269	8255	8688.9919125	5901266_G_F_1
3271	8256	16293.0670875	5901266_G_F_2
3273	8257	48.2900625	5901264_R_F_2
5191	8258	6515.9391	5901300_R_F_3
25313	8259	8193.2139375	5901009_G_F_1
6985	8260	4590.775275	5901003_G_F_1
5307	8261	505.4359875	5901004_R_F_4
8409	8262	16016.2040625	5900276_G_F_1
25415	8263	27889.1207625	5900274_R_F_2
24901	8264	13225.03845	5900504_G_F_1
11829	8265	511.8746625	5900075_R_F_1
11831	8266	7633.0492125	5900075_G_F_1
11931	8267	10913.554125	5900076_G_F_1
1955	8268	3895.398375	5001067_R_F_2
1957	8269	5031.8245125	5001067_G_F_1
1959	8270	2858.7717	5001067_G_F_3
2091	8271	7191.999975	5001066_R_F_2
4419	8272	5157.378675	5001060_R_F_4
3353	8273	18475.7779125	5001069_R_F_1
10011	8274	24730.950675	5001012_R_F_1
10013	8275	695.3769	5001013_G_F_1
3387	8276	705.0349125	5001461_R_F_1
8517	8277	12243.1405125	5000015_G_F_1
8519	8278	12915.98205	5000014_G_F_1
8931	8279	12130.4637	5000016_R_F_1
5211	8280	15829.4824875	5000506_R_F_4
5217	8281	7642.707225	5000504_G_F_1
2543	8282	18820.247025	5000502_R_F_1
24009	8283	13833.4932375	5000641_G_F_2
11583	8284	9332.8594125	5001191_R_F_1
11585	8285	20780.8235625	5001191_G_F_1
24015	8286	12082.1736375	5000647_R_F_1
24017	8287	9130.04115	5000647_G_F_1
24019	8288	9316.762725	5000648_R_F_1
24021	8289	7343.3088375	5000648_G_F_2
24637	8290	7945.32495	5000649_R_F_5
24639	8291	7726.41	5000649_G_F_1
7137	8292	1925.163825	5000500_G_F_1
7139	8293	3216.1181625	5000500_G_F_2
10123	8294	6287.3661375	5000337_R_F_1
5667	8295	22062.1198875	5000086_R_F_1
1283	8296	13875.344625	5000161_R_F_1
1285	8297	6477.30705	5000160_G_F_1
8543	8298	2839.455675	5000741_R_F_1
8545	8299	8682.5532375	5000741_R_F_2
8547	8300	16041.9587625	5000741_G_F_1
8549	8301	6087.7672125	5000740_R_F_1
8551	8302	11895.4520625	5000743_R_F_2
8553	8303	7391.5989	5000743_G_F_1
2519	8304	3628.1933625	5000742_R_F_3
2521	8305	9522.800325	5000742_G_F_1
2523	8306	4632.6266625	5000742_G_F_2
8555	8307	16499.1046875	5000745_R_F_1
8557	8308	2478.889875	5000744_R_F_1
8559	8309	25329.74745	5000744_G_F_1
5671	8310	12668.0930625	5000460_R_F_3
1317	8311	18881.4144375	5001692_G_F_1
1319	8312	9001.26765	5001693_G_F_1
1321	8313	16698.7036125	5001695_G_F_1
5227	8314	11383.5774	5000509_R_F_1
1327	8315	0.0	5000346_G_F_1
1329	8316	460.3652625	5000340_R_F_1
1331	8317	3579.9033	5000340_R_F_2
1333	8318	11219.3911875	5000340_G_F_1
10181	8319	19338.5603625	5000831_G_F_1
10183	8320	14969.919375	5000837_G_F_2
10187	8321	5955.774375	5000835_R_F_2
10189	8322	6985.962375	5000835_R_F_3
8587	8323	4938.463725	5001765_R_F_1
8589	8324	3.2193375	5001765_R_F_6
8591	8325	0.0	5001765_G_F_6
5675	8326	6628.6159125	5000264_R_F_1
5677	8327	7307.896125	5000264_G_F_1
5681	8328	13089.826275	5000262_R_F_1
5683	8329	20497.5218625	5000262_G_F_1
5687	8330	6451.55235	5000260_G_F_3
5689	8331	544.0680375	5000261_G_F_1
5691	8332	15459.258675	5000261_G_F_4
10209	8333	15072.938175	5000510_R_F_1
10211	8334	17046.3920625	5000511_G_F_1
24097	8335	5128.4046375	5001114_G_F_2
24099	8336	16328.4798	5001113_R_F_2
7425	8337	7369.0635375	5000220_G_F_1
5781	8338	19361.095725	5000889_R_F_1
3653	8339	22622.2846125	5000121_G_F_1
3655	8340	2736.436875	5000120_R_F_3
3657	8341	24138.592575	5000120_G_F_1
3723	8342	20053.2532875	5000383_G_F_1
12117	8343	3953.34645	5001720_R_F_1
12119	8344	5804.4655125	5001722_G_F_1
7427	8345	7549.3464375	5000221_R_F_1
7429	8346	80.4834375	5000226_R_F_1
24957	8347	6219.76005	5000967_R_F_1
24959	8348	20275.387575	5000967_R_F_2
24961	8349	2797.6042875	5000967_G_F_2
24205	8350	13215.3804375	5000851_R_F_1
7435	8351	788.7376875	5000228_R_F_1
7437	8352	12439.5201	5000228_R_F_2
7439	8353	0.0	5000228_G_F_2
4497	8354	186.721575	5000385_R_F_1
3725	8355	6274.4887875	5000386_R_F_1
7483	8356	37032.0392625	5000550_G_F_1
10789	8357	35019.953325	5000551_G_F_1
4187	8358	1806.0483375	5000902_G_F_3
1763	8359	10546.54965	5000900_R_F_1
1765	8360	14744.56575	5000900_G_F_1
3395	8361	21263.7241875	5000905_R_F_1
3397	8362	8627.8245	5000905_G_F_2
4525	8363	13427.8567125	5000257_R_F_1
4527	8364	9094.6284375	5000257_R_F_3
4529	8365	3322.3563	5000257_G_F_2
4531	8366	9561.432375	5000256_R_F_2
3825	8367	589.1387625	5000255_G_F_1
3827	8368	16289.84775	5000255_G_F_5
3829	8369	21598.5352875	5000254_R_F_1
3831	8370	9097.847775	5000254_G_F_3
3833	8371	6902.2596	5000253_R_F_1
3835	8372	7806.8934375	5000253_R_F_4
3837	8373	15829.4824875	5000253_G_F_2
3839	8374	7513.933725	5001659_G_F_2
9729	8375	17773.9623375	5000709_G_F_1
7495	8376	3937.2497625	5000313_R_F_3
7497	8377	12323.62395	5000310_R_F_2
7499	8378	12487.8101625	5000311_R_F_3
7501	8379	4497.4144875	5000311_G_F_2
3851	8380	12413.7654	5001074_R_F_1
3853	8381	19679.8101375	5001075_R_F_1
9733	8382	18659.28015	5001076_G_F_2
9735	8383	8376.716175	5001077_R_F_1
9737	8384	1300.61235	5001077_G_F_1
3861	8385	17970.341925	5001071_R_F_1
3863	8386	10398.460125	5001071_G_F_1
3865	8387	2816.9203125	5001071_G_F_3
7923	8388	11161.4431125	5001141_R_F_7
9739	8389	15797.2891125	5001078_R_F_1
6305	8390	7484.9596875	5000852_R_F_4
6549	8391	9664.451175	5000339_R_F_1
9741	8392	19251.63825	5001478_G_F_1
9743	8393	28388.118075	5001479_G_F_1
3915	8394	2932.8164625	5001472_R_F_5
3917	8395	1455.14055	5001472_G_F_1
3919	8396	2926.3777875	5001474_R_F_1
3921	8397	17345.79045	5001474_G_F_1
4227	8398	5434.2417	5000008_G_F_1
1945	8399	12896.666025	5000002_G_F_2
1947	8400	10137.6937875	5000003_G_F_1
4801	8401	1712.68755	5000246_R_F_1
4803	8402	22786.470825	5000246_G_F_3
1953	8403	0.0	5000004_G_F_1
24345	8404	29965.59345	5000183_G_F_1
24519	8405	28632.787725	5000187_R_F_2
24915	8406	10340.51205	5000186_G_F_2
9011	8407	22953.876375	5000174_R_F_1
9013	8408	2861.9910375	5000174_G_F_2
9015	8409	6351.7528875	5000172_G_F_2
11125	8410	10208.5192125	5000074_R_F_2
10385	8411	17435.9319	5000073_R_F_1
7739	8412	10157.0098125	5000822_R_F_1
10059	8413	19116.426075	5000071_R_F_1
10629	8414	2926.3777875	5000070_R_F_1
7735	8415	247.8889875	5000820_G_F_1
7737	8416	8212.5299625	5000820_G_F_5
2053	8417	6509.500425	5001758_R_F_2
2055	8418	4400.8343625	5001758_R_F_3
2057	8419	3167.8281	5001758_G_F_2
10677	8420	4304.2542375	5000218_G_F_1
2059	8421	54.7287375	5001750_R_F_1
2069	8422	5730.42075	5001757_R_F_1
6087	8423	7639.4878875	5001039_G_F_1
6089	8424	15468.9166875	5000523_R_F_1
6091	8425	20101.54335	5000523_G_F_1
6093	8426	16331.6991375	5000522_R_F_1
6095	8427	1358.560425	5000522_G_F_1
6097	8428	4136.8486875	5000525_R_F_2
6099	8429	2504.644575	5000525_G_F_3
6101	8430	20806.5782625	5000524_R_F_1
6103	8431	19090.671375	5000527_R_F_1
6105	8432	3167.8281	5000527_R_F_2
6107	8433	20278.6069125	5000527_G_F_1
6109	8434	11934.0841125	5000526_R_F_2
6111	8435	18459.681225	5000526_G_F_1
10693	8436	6477.30705	5001035_G_F_1
2093	8437	16190.0482875	5001535_G_F_1
2097	8438	17535.7313625	5001537_R_F_6
2403	8439	17155.8495375	5000957_R_F_2
2405	8440	15005.3320875	5000957_G_F_1
4259	8441	7369.0635375	5001531_R_F_1
2309	8442	7832.6481375	5000953_R_F_1
2311	8443	8396.0322	5000953_R_F_2
2313	8444	22255.2801375	5000953_G_F_2
24057	8445	20465.3284875	5000958_R_F_1
3719	8446	4568.2399125	5000381_G_F_1
6373	8447	17355.4484625	5000457_R_F_1
12255	8448	0.0	5000595_R_F_1
12257	8449	8904.687525	5000595_G_F_1
9069	8450	5933.2390125	5000597_R_F_1
24513	8451	12291.430575	5000459_R_F_1
9899	8452	3766.624875	5000138_G_F_1
9901	8453	22332.5442375	5000138_G_F_2
9903	8454	15835.9211625	5000139_G_F_1
9907	8455	12349.37865	5000136_R_F_3
9909	8456	10952.186175	5000136_G_F_1
9911	8457	16930.4959125	5000137_R_F_2
9913	8458	14844.3652125	5000134_G_F_1
9915	8459	9027.02235	5000135_G_F_1
9937	8460	0.0	5000390_G_F_1
24661	8461	6226.198725	5000626_R_F_1
25127	8462	22168.358025	5000627_R_F_1
25129	8463	1963.795875	5000627_G_F_1
24055	8464	476.46195	5000625_R_F_2
4737	8465	20500.7412	5001718_R_F_1
4739	8466	18891.07245	5001718_G_F_1
9947	8467	3164.6087625	5001715_G_F_1
24251	8468	22602.9685875	5001714_R_F_1
4761	8469	15217.8083625	5001716_R_F_1
24681	8470	7169.4646125	5000142_R_F_1
24683	8471	12201.289125	5000142_R_F_3
24685	8472	1171.83885	5000141_R_F_3
24687	8473	9658.0125	5000140_R_F_4
24489	8474	32071.040175	5000954_R_F_2
3631	8475	31816.7125125	5000764_R_F_1
7909	8476	399.19785	5000763_R_F_2
7911	8477	12822.6212625	5000763_G_F_1
3641	8478	12239.921175	5000762_G_F_1
3643	8479	11554.2022875	5000762_G_F_2
7913	8480	7504.2757125	5000761_R_F_1
24491	8481	5308.6875375	5000956_R_F_2
24493	8482	10401.6794625	5000956_R_F_3
2099	8483	1983.1119	5001536_R_F_1
2101	8484	17458.4672625	5001536_G_F_1
2103	8485	2630.1987375	5001536_G_F_2
7765	8486	8820.98475	5000950_G_F_1
7767	8487	0.0	5000950_G_F_2
10831	8488	8650.3598625	5000850_R_F_1
3877	8489	2498.2059	5001143_R_F_1
24275	8490	5334.4422375	5000855_G_F_1
24281	8491	11341.7260125	5000856_R_F_4
9191	8492	119.1154875	5000910_R_F_1
9193	8493	1657.9588125	5000910_R_F_2
2421	8494	235.0116375	5000911_G_F_1
9195	8495	5163.81735	5000912_R_F_1
2423	8496	6380.726925	5000913_R_F_2
2425	8497	6165.0313125	5000913_G_F_2
9199	8498	4893.393	5000914_G_F_1
4797	8499	7687.77795	5000712_R_F_1
9747	8500	5179.9140375	5001668_R_F_2
10959	8501	8447.5416	5000710_R_F_1
10961	8502	16634.3168625	5000710_G_F_1
10963	8503	5675.6920125	5000240_R_F_3
4807	8504	927.1692	5000241_G_F_1
10965	8505	0.0	5000242_R_F_1
10967	8506	431.391225	5000715_G_F_1
4017	8507	4912.709025	5000248_R_F_4
4019	8508	10501.478925	5000248_G_F_1
4021	8509	13047.9748875	5000248_G_F_3
4029	8510	9654.7931625	5000249_R_F_1
4823	8511	18952.2398625	5001041_R_F_1
4829	8512	16531.2980625	5001042_R_F_1
4831	8513	3979.10115	5001042_G_F_1
1311	8514	10131.2551125	5001690_G_F_1
12251	8515	7066.4458125	5000599_R_F_2
12253	8516	1889.7511125	5000599_G_F_1
1137	8517	19718.4421875	5000452_G_F_1
1769	8518	1300.61235	5000906_R_F_1
12385	8519	9319.9820625	5000292_G_F_1
12387	8520	1667.616825	5000291_R_F_2
12389	8521	20362.3096875	5000294_R_F_2
12391	8522	22850.857575	5000294_G_F_2
9725	8523	9815.7600375	5000704_R_F_1
8435	8524	15974.352675	5000809_G_F_1
9727	8525	3032.615925	5000707_R_F_2
6469	8526	6670.4673	5000060_G_F_1
24871	8527	24853.2855	5000061_G_F_1
9283	8528	7971.07965	5000723_G_F_1
9287	8529	965.80125	5000724_R_F_1
9289	8530	3966.2238	5000724_G_F_2
8097	8531	25262.1413625	5000817_R_F_1
8099	8532	18337.3464	5000816_R_F_1
8101	8533	14338.929225	5000811_G_F_1
11219	8534	23398.14495	5000810_R_F_1
10001	8535	875.6598	5000819_G_F_6
3845	8536	0.0	5001657_R_F_1
3847	8537	5218.5460875	5001657_G_F_4
10177	8538	582.7000875	5000838_R_F_3
11259	8539	6.438675	5000832_R_F_1
12443	8540	23517.2604375	5000432_G_F_1
12445	8541	8222.187975	5000431_G_F_1
12447	8542	11525.22825	5000430_R_F_1
12449	8543	18404.9524875	5000430_G_F_1
10263	8544	4407.2730375	5000530_G_F_1
24951	8545	8672.895225	5000960_R_F_1
12451	8546	3087.3446625	5001521_R_F_1
24963	8547	24598.9578375	5000966_R_F_1
24965	8548	19196.9095125	5000968_R_F_3
24967	8549	843.466425	5000968_G_F_4
11301	8550	4246.3061625	5000334_R_F_1
11303	8551	585.919425	5000334_G_F_3
6533	8552	4336.4476125	5000336_R_F_1
6535	8553	2057.1566625	5000336_G_F_2
3483	8554	26124.9238125	5000330_R_F_1
6545	8555	6036.2578125	5000332_R_F_1
11323	8556	6361.4109	5000338_R_F_1
2829	8557	0.0	5000265_R_F_2
2831	8558	1442.2632	5000265_G_F_2
8593	8559	0.0	5001760_R_F_1
8595	8560	0.0	5001760_G_F_1
6589	8561	18846.001725	5001007_R_F_1
6591	8562	12587.609625	5001007_G_F_1
6593	8563	19724.8808625	5001006_R_F_1
6595	8564	12777.5505375	5001006_G_F_1
8275	8565	35084.340075	5000799_G_F_1
8277	8566	23658.9112875	5000792_R_F_1
8279	8567	21405.3750375	5000793_G_F_1
8283	8568	27467.38755	5000794_G_F_1
11507	8569	7774.7000625	5000158_R_F_1
11509	8570	688.938225	5000159_G_F_2
11511	8571	2890.965075	5000154_G_F_1
11513	8572	2343.6777	5000155_G_F_1
11515	8573	22.5353625	5000156_G_F_1
11517	8574	1113.890775	5000157_G_F_1
11519	8575	1925.163825	5000153_G_F_1
25189	8576	8473.2963	5000774_G_F_1
4255	8577	3158.1700875	5001756_R_F_2
4257	8578	9735.2766	5001756_G_F_2
11521	8579	7449.546975	5001689_R_F_1
11525	8580	3534.832575	5001683_G_F_1
23939	8581	18971.5558875	5000476_R_F_1
23941	8582	9049.5577125	5000476_G_F_2
24693	8583	19505.9659125	5000475_G_F_1
8281	8584	10163.4484875	5000797_G_F_1
3005	8585	6908.698275	5000925_G_F_1
3007	8586	22757.4967875	5000924_R_F_1
3015	8587	5340.8809125	5000923_G_F_2
11543	8588	8151.36255	5000486_R_F_2
3183	8589	3373.8657	5000849_R_F_5
3309	8590	5704.66605	5000846_R_F_2
3311	8591	1516.3079625	5000846_G_F_2
6759	8592	7581.5398125	5000847_R_F_2
6761	8593	2762.191575	5000847_G_F_1
6763	8594	7381.9408875	5000845_R_F_1
8303	8595	7179.122625	5001776_G_F_2
8305	8596	14007.3374625	5001775_R_F_1
11571	8597	25262.1413625	5001197_G_F_1
11573	8598	16077.371475	5001196_R_F_1
11575	8599	13260.4511625	5001196_G_F_1
5213	8600	6821.7761625	5000505_R_F_1
5215	8601	9381.149475	5000505_R_F_2
11577	8602	99.7994625	5001194_G_F_1
11579	8603	12880.5693375	5001194_G_F_2
5219	8604	3174.266775	5000503_R_F_1
11581	8605	7166.245275	5001192_G_F_1
10121	8606	4796.812875	5001058_G_F_4
11587	8607	28500.7948875	5001190_R_F_1
11589	8608	25336.186125	5001190_G_F_1
11591	8609	22268.1574875	5001056_G_F_3
11593	8610	15855.2371875	5001057_R_F_1
11595	8611	10874.922075	5001199_G_F_2
6965	8612	28.9740375	5000546_R_F_4
6967	8613	25117.271175	5000546_G_F_1
10261	8614	598.796775	5001451_G_F_3
5253	8615	4983.53445	5001456_R_F_1
7313	8616	138.4315125	5001454_G_F_1
6981	8617	22606.187925	5001495_G_F_1
8341	8618	6973.085025	5001513_R_F_1
2983	8619	24167.5666125	5001510_R_F_1
2985	8620	30921.7366875	5001510_G_F_1
25191	8621	20111.2013625	5000775_R_F_1
2113	8622	8875.7134875	5001532_G_F_3
11913	8623	11930.864775	5000976_R_F_1
25349	8624	6306.6821625	5000776_G_F_1
25403	8625	67.6060875	5000890_R_F_1
11533	8626	8373.4968375	5001684_G_F_1
9499	8627	5637.0599625	5000114_G_F_1
9501	8628	0.0	5000115_G_F_1
9503	8629	13753.0098	5000117_R_F_1
9505	8630	7909.9122375	5000117_G_F_1
10069	8631	112.6768125	5000118_G_F_1
3213	8632	11270.9005875	5000119_G_F_1
11267	8633	27544.65165	5001666_R_F_1
11781	8634	17886.63915	5000059_G_F_1
11783	8635	13769.1064875	5000058_R_F_1
11799	8636	15736.1217	5000057_G_F_3
3227	8637	3499.4198625	5000738_R_F_2
3229	8638	15118.0089	5000738_R_F_5
3231	8639	1992.7699125	5000738_G_F_1
3233	8640	13282.986525	5000738_G_F_3
3235	8641	11145.346425	5000739_R_F_1
3237	8642	22763.9354625	5000739_G_F_3
4389	8643	13804.5192	5000737_R_F_1
4391	8644	15868.1145375	5000737_G_F_2
8427	8645	11879.355375	5000803_R_F_1
8429	8646	19538.1592875	5000806_R_F_1
8431	8647	21630.7286625	5000807_G_F_1
8433	8648	6354.972225	5000808_G_F_1
11839	8649	1216.909575	5000239_R_F_1
11841	8650	708.25425	5000239_R_F_2
11843	8651	7468.863	5000238_G_F_1
11845	8652	2955.351825	5000238_G_F_2
5221	8653	20404.161075	5000501_R_F_1
12601	8654	5385.9516375	5000600_G_F_1
12603	8655	141.65085	5000601_G_F_1
12605	8656	4951.341075	5000602_R_F_4
12607	8657	93.3607875	5000602_G_F_2
12609	8658	10646.3491125	5000603_G_F_1
6953	8659	12970.7107875	5000549_G_F_1
6955	8660	9181.55055	5000548_R_F_4
6957	8661	5775.491475	5000548_G_F_1
11821	8662	12436.3007625	5001129_R_F_1
11823	8663	3550.9292625	5001129_G_F_1
6963	8664	360.5658	5000542_R_F_1
3293	8665	17194.4815875	5000428_G_F_1
4409	8666	10530.4529625	5000429_G_F_1
5245	8667	17719.2336	5000544_G_F_1
6973	8668	22512.8271375	5001496_R_F_1
6975	8669	3080.9059875	5001496_G_F_2
6977	8670	24827.5308	5001497_R_F_1
6979	8671	13270.109175	5001494_G_F_1
6983	8672	25906.0088625	5001491_R_F_1
5199	8673	16425.059925	5001672_R_F_1
5201	8674	26643.23715	5001672_G_F_2
6987	8675	3035.8352625	5001498_G_F_2
6989	8676	18958.6785375	5001499_G_F_1
11741	8677	1818.9256875	5000874_R_F_8
11915	8678	12738.9184875	5000974_R_F_1
11917	8679	4510.2918375	5000975_R_F_1
11919	8680	25110.8325	5000972_R_F_1
11921	8681	170.6248875	5000972_G_F_3
11923	8682	11679.75645	5000973_G_F_3
11925	8683	8389.593525	5000971_R_F_2
11927	8684	4774.2775125	5000971_G_F_5
25477	8685	6908.698275	5000304_R_F_1
25509	8686	837.02775	5000307_R_F_4
25511	8687	19361.095725	5000306_R_F_2
25487	8688	6741.292725	5000309_G_F_4
25489	8689	11051.9856375	5000308_G_F_3
9587	8690	14696.2756875	5001644_R_F_2
9589	8691	12452.39745	5001644_G_F_3
9591	8692	8264.0393625	5001643_G_F_1
3335	8693	12030.6642375	5001642_R_F_3
9965	8694	10749.3679125	5600078_R_F_1
9967	8695	7510.7143875	5600078_G_F_1
24003	8696	109.457475	5600677_R_F_1
24005	8697	12333.2819625	5600677_G_F_1
23955	8698	9880.1467875	5600674_R_F_1
24023	8699	6100.6445625	5600673_R_F_1
24027	8700	16930.4959125	5600672_G_F_1
23959	8701	8724.404625	5600671_G_F_2
11975	8702	3576.6839625	5600807_R_F_3
11977	8703	441.0492375	5600807_G_F_1
11979	8704	3032.615925	5600807_G_F_2
11981	8705	14992.4547375	5600807_G_F_3
11983	8706	6741.292725	5600800_R_F_1
11985	8707	338.0304375	5600800_R_F_2
11987	8708	16087.0294875	5600800_G_F_1
11989	8709	8035.4664	5600800_G_F_2
12001	8710	3125.9767125	5600809_R_F_1
12003	8711	19344.9990375	5600809_R_F_2
23983	8712	6045.915825	5600414_R_F_1
8113	8713	23085.8692125	5600341_R_F_1
8115	8714	5212.1074125	5600341_G_F_1
7127	8715	15076.1575125	5600527_G_F_2
7129	8716	22528.923825	5600521_R_F_1
7131	8717	13472.9274375	5600521_G_F_2
7133	8718	11666.8791	5600528_G_F_2
7135	8719	27930.97215	5600091_G_F_1
24025	8720	6931.2336375	5501523_G_F_3
24659	8721	22110.40995	5501522_G_F_1
8127	8722	9236.2792875	5501490_R_F_1
5225	8723	6087.7672125	5600720_G_F_1
1595	8724	14087.8209	5600563_G_F_1
3499	8725	25332.9667875	5501621_G_F_4
24067	8726	3103.44135	5601230_R_F_1
7191	8727	16238.33835	5601231_G_F_1
11269	8728	11975.9355	5601232_G_F_2
2863	8729	3541.27125	5600633_G_F_1
3849	8730	11522.0089125	5600632_G_F_1
3997	8731	13753.0098	5600631_R_F_2
2883	8732	4410.492375	5600630_G_F_1
2885	8733	18279.398325	5600637_R_F_1
2887	8734	2478.889875	5600637_G_F_1
3955	8735	13595.2622625	5600636_G_F_1
1363	8736	0.0	5600635_R_F_2
1365	8737	10662.4458	5600635_G_F_1
1367	8738	2559.3733125	5600635_G_F_2
5707	8739	6979.5237	5600732_R_F_1
1369	8740	21740.1861375	5600639_R_F_1
1371	8741	15893.8692375	5600639_G_F_1
1373	8742	14313.174525	5600638_R_F_1
1375	8743	6985.962375	5600638_G_F_1
24081	8744	15227.466375	5600736_G_F_3
8769	8745	7501.056375	5501477_R_F_2
8771	8746	9648.3544875	5501477_G_F_1
7253	8747	12841.9372875	5601122_G_F_1
1455	8748	9181.55055	5600184_R_F_2
1457	8749	7014.9364125	5600184_G_F_1
1459	8750	17989.65795	5600184_G_F_2
1463	8751	6412.9203	5600181_R_F_2
1465	8752	23446.4350125	5600181_G_F_1
3295	8753	6226.198725	5600180_R_F_1
3297	8754	16257.654375	5600180_G_F_1
5755	8755	86.9221125	5600028_R_F_1
1477	8756	6583.5451875	5600182_R_F_3
1479	8757	0.0	5600182_G_F_2
1481	8758	20236.755525	5600182_G_F_3
1587	8759	9967.0689	5600569_R_F_1
1589	8760	31353.1279125	5600569_G_F_1
5793	8761	5334.4422375	5600111_G_F_1
7673	8762	10720.393875	5501533_R_F_1
7675	8763	2330.80035	5501533_G_F_1
24391	8764	14741.3464125	5600127_R_F_1
7685	8765	6866.8468875	5501537_R_F_1
5789	8766	10057.21035	5600112_G_F_1
1591	8767	940.04655	5600568_R_F_5
1593	8768	25577.6364375	5600568_G_F_1
8689	8769	1014.0913125	5600291_R_F_1
8691	8770	1828.5837	5600291_R_F_3
1597	8771	7697.4359625	5600562_R_F_1
1599	8772	31575.2622	5600562_G_F_1
1601	8773	21299.1369	5600561_R_F_1
1603	8774	5572.6732125	5600295_R_F_1
1605	8775	4983.53445	5600295_R_F_4
1607	8776	1052.7233625	5600295_G_F_1
1609	8777	11860.03935	5600295_G_F_3
3659	8778	4062.803925	5600294_R_F_1
1613	8779	20188.4654625	5600565_R_F_1
1615	8780	14248.787775	5600565_G_F_1
4429	8781	22606.187925	5501449_R_F_1
5815	8782	1142.8648125	5501407_R_F_1
1611	8783	11470.4995125	5600566_R_F_1
8697	8784	10263.24795	5600297_R_F_1
8715	8785	978.6786	5501582_G_F_1
8717	8786	5315.1262125	5501582_G_F_7
8719	8787	1178.277525	5501580_R_F_1
8721	8788	495.777975	5501580_R_F_4
8723	8789	2044.2793125	5501587_R_F_1
8725	8790	3322.3563	5501587_G_F_1
8727	8791	8685.772575	5501584_G_F_7
1653	8792	27470.6068875	5600360_G_F_1
8739	8793	11821.4073	5600167_R_F_2
10379	8794	23900.3616	5600166_G_F_1
8743	8795	11953.4001375	5600165_G_F_1
10383	8796	26572.411725	5600206_R_F_1
6675	8797	13460.0500875	5501516_R_F_2
6677	8798	940.04655	5501516_R_F_6
8761	8799	1316.7090375	5501479_R_F_1
8763	8800	15156.64095	5501479_G_F_1
8765	8801	2511.08325	5501478_R_F_2
8767	8802	16869.3285	5501478_G_F_1
8773	8803	328.372425	5501476_R_F_1
8775	8804	18060.483375	5501476_G_F_1
8777	8805	7246.7287125	5501475_R_F_3
8779	8806	11988.81285	5501475_G_F_1
8781	8807	7333.650825	5501474_R_F_2
8783	8808	4996.4118	5501474_G_F_1
8785	8809	6132.8379375	5501473_R_F_2
8787	8810	14776.759125	5501473_G_F_3
3779	8811	5604.8665875	5600943_G_F_1
5877	8812	22912.0249875	5601087_G_F_1
24237	8813	3303.040275	5601085_R_F_1
5879	8814	9574.309725	5601082_G_F_2
5881	8815	14918.409975	5601081_G_F_1
8835	8816	23507.602425	5601169_G_F_1
4189	8817	0.0	5601165_R_F_1
4191	8818	11161.4431125	5601165_R_F_2
4193	8819	15758.6570625	5601166_G_F_1
4197	8820	6744.5120625	5601167_G_F_1
8859	8821	22767.1548	5501619_G_F_1
8873	8822	18617.4287625	5501614_R_F_1
7503	8823	5414.925675	5600063_R_F_1
7505	8824	22780.03215	5600063_G_F_1
7507	8825	20883.8423625	5600060_G_F_1
7509	8826	24000.1610625	5600061_R_F_1
7511	8827	6036.2578125	5600066_G_F_1
8229	8828	11654.00175	5600065_G_F_1
8895	8829	14396.8773	5601015_R_F_1
8897	8830	16.0966875	5601015_G_F_1
8903	8831	8859.6168	5601018_G_F_1
8905	8832	9622.5997875	5601019_G_F_1
4547	8833	16119.2228625	5600831_R_F_1
10575	8834	727.570275	5600497_R_F_3
3975	8835	29434.4027625	5600496_R_F_1
1101	8836	8779.1333625	5600495_R_F_1
1103	8837	1760.9776125	5600495_R_F_4
1105	8838	16360.673175	5600495_G_F_1
1107	8839	402.4171875	5600495_G_F_2
1109	8840	0.0	5600495_G_F_3
1111	8841	1748.1002625	5600495_G_F_4
3983	8842	13691.8423875	5600499_G_F_1
4557	8843	14863.6812375	5600498_R_F_1
24341	8844	11921.2067625	5600883_G_F_4
1335	8845	11071.3016625	5600243_R_F_1
1337	8846	28404.2147625	5600243_G_F_1
7645	8847	3274.0662375	5600240_R_F_1
7647	8848	13695.061725	5600240_G_F_1
7649	8849	20945.009775	5600241_G_F_1
7655	8850	4896.6123375	5601337_R_F_1
7657	8851	3386.74305	5601337_R_F_2
7659	8852	4677.6973875	5601337_G_F_1
7661	8853	3418.936425	5601337_G_F_2
24103	8854	779.079675	5600086_R_F_1
24105	8855	5241.08145	5600086_G_F_1
24041	8856	9477.7296	5600087_G_F_1
7669	8857	12738.9184875	5501532_R_F_1
7671	8858	9722.39925	5501532_G_F_1
7677	8859	10469.28555	5501530_G_F_3
7679	8860	64.38675	5501531_R_F_2
7681	8861	5028.605175	5501531_G_F_1
7683	8862	9139.6991625	5501536_G_F_1
12197	8863	14841.145875	5600089_R_F_2
7687	8864	7745.726025	5501535_G_F_1
9813	8865	6924.7949625	5501384_R_F_1
9815	8866	5540.4798375	5501384_G_F_1
9019	8867	3464.00715	5501383_G_F_1
11353	8868	3386.74305	5600688_R_F_2
4099	8869	6985.962375	5600237_R_F_1
9807	8870	8930.442225	5600236_R_F_1
4101	8871	2636.6374125	5501388_G_F_2
24435	8872	26028.3436875	5600338_R_F_1
24395	8873	23356.2935625	5600339_R_F_1
24397	8874	4841.8836	5600339_G_F_1
24439	8875	7362.6248625	5600336_R_F_1
24441	8876	9123.602475	5600336_G_F_1
24409	8877	11068.082325	5600337_R_F_2
24411	8878	5366.6356125	5600337_G_F_3
25269	8879	13208.9417625	5600334_R_F_3
25271	8880	10652.7877875	5600334_G_F_1
24443	8881	8711.527275	5600335_R_F_2
12233	8882	22403.3696625	5600333_R_F_1
4105	8883	9619.38045	5600239_G_F_1
9021	8884	2623.7600625	5501382_G_F_1
24461	8885	20169.1494375	5501543_R_F_1
9043	8886	8489.3929875	5600991_G_F_4
4127	8887	14084.6015625	5501362_G_F_1
8745	8888	19869.75105	5600164_R_F_1
9209	8889	11489.8155375	5601051_R_F_1
9211	8890	15208.15035	5601051_G_F_1
4579	8891	785.51835	5601052_G_F_1
9845	8892	14287.419825	5601053_R_F_2
4583	8893	13492.2434625	5601055_G_F_1
9847	8894	23349.8548875	5601056_R_F_1
9229	8895	20693.90145	5601057_R_F_1
6143	8896	21131.73135	5600056_G_F_1
4125	8897	14078.1628875	5501364_R_F_2
12265	8898	14258.4457875	5600758_R_F_1
12269	8899	4249.5255	5600756_G_F_1
12271	8900	2424.1611375	5600756_G_F_3
12273	8901	5627.40195	5600757_R_F_1
4129	8902	8621.385825	5501360_R_F_3
4131	8903	2588.34735	5501360_G_F_1
12285	8904	4120.752	5600286_R_F_5
12287	8905	1876.8737625	5600287_R_F_2
12291	8906	428.1718875	5600285_G_F_1
9103	8907	6982.7430375	5600579_R_F_1
2073	8908	8183.555925	5600990_G_F_1
12299	8909	27531.7743	5600577_G_F_1
25475	8910	12809.7439125	5501489_R_F_1
6185	8911	151.3088625	5600878_G_F_1
2323	8912	27460.948875	5501599_R_F_1
11743	8913	4236.64815	5600451_G_F_1
2325	8914	3267.6275625	5501591_R_F_2
2327	8915	1892.97045	5501592_R_F_1
2329	8916	14316.3938625	5501592_R_F_2
2331	8917	11808.52995	5501592_G_F_2
2333	8918	2581.908675	5501593_R_F_2
2335	8919	1812.4870125	5501593_G_F_1
2337	8920	14969.919375	5501596_R_F_1
2339	8921	8769.47535	5501597_R_F_1
2341	8922	4516.7305125	5600373_R_F_3
2343	8923	17023.8567	5600373_R_F_4
2345	8924	647.0868375	5600371_R_F_1
2347	8925	11193.6364875	5600371_G_F_1
2349	8926	4780.7161875	5600371_G_F_3
4287	8927	4004.85585	5600376_R_F_1
4289	8928	3360.98835	5600376_R_F_2
4291	8929	4114.313325	5600376_G_F_1
4293	8930	8537.68305	5600376_G_F_2
4295	8931	782.2990125	5600376_G_F_3
4297	8932	16811.380425	5600378_R_F_1
4299	8933	5366.6356125	5600378_R_F_3
4301	8934	26070.195075	5600379_R_F_4
4303	8935	15555.8388	5600379_G_F_1
12325	8936	11998.4708625	5601154_R_F_1
12327	8937	8009.7117	5601154_G_F_1
12331	8938	1738.44225	5601150_R_F_1
12333	8939	6483.745725	5601150_G_F_1
12335	8940	4841.8836	5601152_G_F_1
6297	8941	4033.8298875	5600307_G_F_3
6299	8942	2137.6401	5600306_G_F_4
6301	8943	1303.8316875	5600305_R_F_1
6303	8944	9078.53175	5600305_R_F_2
4405	8945	9799.66335	5601253_G_F_1
24717	8946	11560.6409625	5601251_G_F_2
2455	8947	18617.4287625	5501601_R_F_1
2457	8948	3567.02595	5501601_G_F_3
4103	8949	363.7851375	5600717_R_F_1
24727	8950	10478.9435625	5600718_R_F_1
25429	8951	12243.1405125	5600719_G_F_1
24731	8952	4094.9973	5600659_G_F_1
24733	8953	13984.8021	5600658_G_F_1
4343	8954	0.0	5601023_R_F_1
4345	8955	4413.7117125	5601023_G_F_1
2537	8956	6139.2766125	5601022_R_F_1
2539	8957	9818.979375	5601022_G_F_1
2541	8958	630.99015	5601025_G_F_1
24429	8959	3769.8442125	5600433_G_F_1
4453	8960	3225.776175	5600110_R_F_2
24725	8961	5427.803025	5600434_G_F_1
24773	8962	18907.1691375	5600828_G_F_1
24465	8963	2742.87555	5600432_R_F_1
24775	8964	14393.6579625	5600826_G_F_1
24777	8965	3373.8657	5600826_G_F_2
24779	8966	3814.9149375	5600827_R_F_2
24781	8967	13749.7904625	5600824_R_F_1
24783	8968	12500.6875125	5600824_G_F_1
4887	8969	10517.5756125	5600823_G_F_2
4889	8970	3492.9811875	5600823_G_F_3
11113	8971	14815.391175	5601327_G_F_1
11425	8972	1448.701875	5601325_G_F_1
4939	8973	508.655325	5601280_R_F_1
4941	8974	15185.6149875	5601280_R_F_2
8061	8975	13575.9462375	5600501_G_F_2
8063	8976	4075.681275	5600503_R_F_1
8065	8977	6441.8943375	5600502_R_F_1
8067	8978	9068.8737375	5600502_G_F_1
8069	8979	27258.1306125	5600504_R_F_1
4949	8980	7719.971325	5501427_R_F_1
4951	8981	7143.7099125	5501427_G_F_1
4953	8982	9944.5335375	5600130_R_F_1
4955	8983	6210.1020375	5600130_G_F_3
4957	8984	7616.952525	5600131_R_F_1
4959	8985	13421.4180375	5600131_G_F_1
6147	8986	11760.2398875	5600059_G_F_1
11231	8987	19563.9139875	5600220_R_F_1
8119	8988	8827.423425	5501497_G_F_1
8121	8989	4886.954325	5501497_G_F_3
8123	8990	0.0	5501491_R_F_1
8125	8991	2977.8871875	5501491_G_F_1
4997	8992	13363.4699625	5501559_R_F_3
4999	8993	16608.5621625	5501559_G_F_1
5001	8994	614.8934625	5501559_G_F_2
5003	8995	14258.4457875	5501554_G_F_1
5005	8996	12761.45385	5501555_R_F_1
5007	8997	6789.5827875	5501555_R_F_3
5009	8998	13118.8003125	5501555_G_F_1
5011	8999	21550.245225	5501556_R_F_1
5013	9000	12964.2721125	5501557_R_F_2
12267	9001	13633.8943125	5600759_R_F_1
24069	9002	8766.2560125	5601233_R_F_1
24071	9003	15336.92385	5601233_G_F_1
2755	9004	18350.22375	5600960_G_F_1
5015	9005	30847.691925	5601060_G_F_1
5017	9006	7967.8603125	5601063_R_F_4
5019	9007	14290.6391625	5601063_G_F_3
25447	9008	8737.281975	5600359_R_F_1
25449	9009	15945.3786375	5600359_G_F_1
2811	9010	4490.9758125	5600761_G_F_1
2813	9011	13733.693775	5600760_R_F_1
2815	9012	14673.740325	5600760_R_F_2
2817	9013	8077.3177875	5600760_G_F_1
2819	9014	22818.6642	5600763_R_F_1
2821	9015	17236.332975	5600762_R_F_1
2823	9016	24447.648975	5600764_R_F_1
2825	9017	24788.89875	5600764_G_F_1
4563	9018	946.485225	5501577_G_F_1
24383	9019	16074.1521375	5600128_G_F_1
1345	9020	0.0	5600985_R_F_2
1347	9021	14412.9739875	5600985_G_F_1
12473	9022	3251.530875	5600810_G_F_1
11117	9023	24949.865625	5601323_G_F_1
1349	9024	16289.84775	5600984_R_F_1
1351	9025	0.0	5600984_G_F_3
1353	9026	3798.81825	5600984_G_F_4
25089	9027	5501.8477875	5501480_R_F_1
25091	9028	20957.887125	5501480_G_F_1
25103	9029	4960.9990875	5600860_G_F_1
1377	9030	18491.8746	5600989_G_F_1
1355	9031	9249.1566375	5600987_G_F_1
6663	9032	11206.5138375	5601319_R_F_1
6665	9033	11232.2685375	5601319_G_F_1
6667	9034	6519.1584375	5601317_G_F_1
6669	9035	1934.8218375	5601315_G_F_1
9365	9036	12774.3312	5600380_G_F_2
6673	9037	28336.608675	5501514_G_F_1
12501	9038	11084.1790125	5600147_R_F_2
12503	9039	2842.6750125	5600147_R_F_3
6679	9040	8534.4637125	5501517_R_F_1
6681	9041	8672.895225	5501517_G_F_1
6683	9042	18781.614975	5501517_G_F_2
10299	9043	19019.84595	5600262_G_F_1
9367	9044	283.3017	5501450_R_F_2
9369	9045	11979.1548375	5501450_R_F_3
9371	9046	5292.59085	5501450_G_F_4
3009	9047	2346.8970375	5601147_R_F_1
3011	9048	14071.7242125	5601147_R_F_3
3013	9049	5073.6759	5601147_G_F_1
3021	9050	1735.2229125	5601148_R_F_1
3023	9051	8701.8692625	5601148_R_F_2
3025	9052	1741.6615875	5601148_G_F_1
2749	9053	2559.3733125	5600610_R_F_1
2751	9054	2833.017	5600610_G_F_1
2753	9055	2288.9489625	5600610_G_F_2
10089	9056	17294.28105	5600646_R_F_1
10091	9057	0.0	5600646_R_F_2
10093	9058	26598.166425	5600646_G_F_1
10113	9059	7259.6060625	5600643_R_F_1
11429	9060	9416.5621875	5600641_R_F_1
25061	9061	18939.3625125	5600648_R_F_1
25063	9062	18131.3088	5600648_G_F_1
9441	9063	2958.5711625	5601033_G_F_1
10817	9064	9796.4440125	5601071_R_F_2
10819	9065	23514.0411	5601071_G_F_1
5267	9066	14873.33925	5600859_G_F_1
5269	9067	14358.24525	5600858_R_F_1
7513	9068	17806.1557125	5600856_G_F_1
11667	9069	18350.22375	5600032_G_F_1
11905	9070	15011.7707625	5600034_R_F_1
11907	9071	11930.864775	5600034_G_F_1
10577	9072	11283.7779375	5600036_R_F_1
5313	9073	26720.50125	5601298_R_F_1
5315	9074	5878.510275	5601298_G_F_1
5317	9075	698.5962375	5601292_R_F_1
5319	9076	0.0	5601292_R_F_2
5321	9077	10208.5192125	5601293_R_F_2
5323	9078	1223.34825	5601290_R_F_1
5325	9079	25278.23805	5601291_R_F_1
5327	9080	0.0	5601291_R_F_2
5329	9081	13592.042925	5601291_G_F_1
5331	9082	4635.846	5601296_R_F_1
5333	9083	7581.5398125	5601296_R_F_2
5335	9084	9963.8495625	5601297_R_F_1
5337	9085	16289.84775	5601297_R_F_3
5339	9086	24817.8727875	5601294_R_F_1
5341	9087	515.094	5601294_G_F_1
5343	9088	64.38675	5601295_R_F_1
5345	9089	4835.444925	5601295_G_F_3
10787	9090	26797.76535	5600457_G_F_1
5347	9091	22435.5630375	5600456_R_F_1
5349	9092	2694.5854875	5600456_G_F_1
5351	9093	5942.897025	5600454_G_F_3
11745	9094	10530.4529625	5600519_G_F_2
10827	9095	5630.6212875	5600516_R_F_2
10829	9096	8074.09845	5600516_G_F_2
11751	9097	9062.4350625	5600517_R_F_3
5359	9098	22638.3813	5600109_R_F_1
25413	9099	10923.2121375	5600108_G_F_1
10975	9100	9522.800325	5600459_R_F_1
11775	9101	4948.1217375	5501415_G_F_1
11777	9102	14689.8370125	5501411_R_F_1
11779	9103	23472.1897125	5501410_R_F_1
12329	9104	8959.4162625	5601151_G_F_1
25445	9105	24473.403675	5600358_G_F_1
5397	9106	31040.852175	5600210_R_F_1
25463	9107	15118.0089	5600356_R_F_1
25465	9108	11451.1834875	5501482_R_F_1
25467	9109	12198.0697875	5501483_R_F_1
25469	9110	16869.3285	5501483_G_F_1
25105	9111	17854.445775	5501481_G_F_1
3289	9112	5221.765425	5600608_R_F_1
3291	9113	15539.7421125	5600608_G_F_1
9579	9114	12320.4046125	5600600_G_F_1
6747	9115	7926.008925	5601229_G_F_2
9581	9116	17799.7170375	5600604_R_F_3
9583	9117	4027.3912125	5600604_G_F_1
9585	9118	4577.897925	5600605_G_F_1
11617	9119	14367.9032625	5601072_R_F_3
11631	9120	3972.662475	5601070_R_F_4
11633	9121	5736.859425	5601070_G_F_1
11635	9122	296.17905	5601070_G_F_3
1473	9123	9812.5407	5600183_R_F_3
1475	9124	582.7000875	5600183_G_F_2
25495	9125	64.38675	5601271_R_F_1
5467	9126	8074.09845	5601278_G_F_2
24379	9127	14609.353575	5600129_R_F_1
24381	9128	4829.00625	5600129_G_F_2
25249	9129	10260.0286125	5500219_G_F_1
10015	9130	28475.0401875	5501189_R_F_1
5545	9131	5382.7323	5501188_G_F_1
5547	9132	25906.0088625	5501187_R_F_1
5549	9133	3377.0850375	5501185_R_F_3
5551	9134	3888.9597	5501184_R_F_2
5553	9135	8830.6427625	5501183_R_F_1
5555	9136	6853.9695375	5501181_R_F_3
5589	9137	8862.8361375	5500162_R_F_1
10051	9138	16953.031275	5401993_G_F_6
10053	9139	3480.1038375	5401991_G_F_1
10055	9140	15204.9310125	5401990_G_F_5
10057	9141	22293.9121875	5401994_R_F_1
11569	9142	18668.9381625	5500602_G_F_1
5625	9143	4980.3151125	5500291_R_F_1
5627	9144	17365.106475	5500291_G_F_1
5629	9145	13002.9041625	5500292_R_F_1
5631	9146	6422.5783125	5500293_R_F_2
2143	9147	18269.7403125	5500294_G_F_1
2155	9148	16048.3974375	5500295_R_F_1
5639	9149	531.1906875	5500297_R_F_2
5641	9150	28.9740375	5500298_G_F_1
10109	9151	5527.6024875	5402077_G_F_1
5647	9152	30075.050925	5500760_G_F_1
8539	9153	15246.7824	5500440_R_F_2
2417	9154	18759.0796125	5500442_R_F_1
2419	9155	22216.6480875	5500442_G_F_1
4733	9156	14454.825375	5500704_R_F_1
9305	9157	31546.2881625	5500888_R_F_1
9307	9158	27380.4654375	5500888_G_F_1
4735	9159	23172.791325	5500705_R_F_1
8613	9160	8260.820025	5500531_R_F_1
8615	9161	12584.3902875	5500531_G_F_1
7255	9162	9558.2130375	5501304_G_F_2
1623	9163	1345.683075	5501307_R_F_3
8619	9164	8679.3339	5500532_G_F_1
8621	9165	9480.9489375	5500532_G_F_3
7263	9166	4729.2067875	5501303_G_F_1
11723	9167	164.1862125	5501302_R_F_1
11725	9168	1242.664275	5501302_R_F_4
1437	9169	6139.2766125	5402154_R_F_1
12577	9170	11332.068	5402155_G_F_1
1439	9171	5627.40195	5402153_R_F_1
8535	9172	25471.3983	5402151_R_F_1
8537	9173	28230.3705375	5402151_G_F_1
8639	9174	972.239925	5401950_R_F_1
8641	9175	22345.4215875	5401950_G_F_1
7303	9176	1129.9874625	5500126_G_F_1
6909	9177	12133.6830375	5500643_G_F_1
7349	9178	9580.7484	5500016_R_F_1
7351	9179	8009.7117	5500016_G_F_1
7353	9180	26208.6265875	5500017_R_F_1
7355	9181	8399.2515375	5500017_G_F_1
7357	9182	7227.4126875	5500014_G_F_2
3639	9183	19750.6355625	5500396_R_F_1
9689	9184	18079.7994	5500408_R_F_2
9691	9185	8019.3697125	5500408_G_F_2
4107	9186	12883.788675	5500500_R_F_6
10773	9187	1261.9803	5500501_R_F_2
10775	9188	1052.7233625	5500501_G_F_1
3699	9189	8792.0107125	5402026_G_F_3
3701	9190	3979.10115	5402026_G_F_4
3703	9191	1117.1101125	5402025_R_F_1
3705	9192	14599.6955625	5402025_R_F_6
3707	9193	13695.061725	5402022_R_F_1
3709	9194	0.0	5402022_R_F_4
3715	9195	3048.7126125	5402021_G_F_1
1665	9196	10607.7170625	5501279_R_F_4
7431	9197	2620.540725	5500655_G_F_1
11535	9198	7822.990125	5500658_R_F_2
11537	9199	2520.7412625	5500658_R_F_5
11539	9200	6441.8943375	5500658_G_F_3
24209	9201	4220.5514625	5500496_R_F_1
12123	9202	3048.7126125	5500710_R_F_1
12125	9203	28108.0357125	5500710_G_F_1
3755	9204	17023.8567	5500712_R_F_1
3757	9205	7410.914925	5500712_G_F_1
12127	9206	6612.519225	5500715_G_F_2
12129	9207	814.4923875	5500715_G_F_4
12131	9208	20755.0688625	5500714_R_F_1
12133	9209	18965.1172125	5500714_G_F_1
3759	9210	24135.3732375	5500971_R_F_1
3765	9211	15008.551425	5500973_G_F_2
3767	9212	10395.2407875	5500972_G_F_1
1691	9213	1619.3267625	5501293_R_F_1
1693	9214	450.70725	5501293_G_F_1
1695	9215	4123.9713375	5501293_G_F_3
3769	9216	9493.8262875	5500974_R_F_1
3771	9217	5543.699175	5500974_G_F_1
3773	9218	21849.6436125	5500977_R_F_1
3775	9219	18092.67675	5500979_G_F_2
3777	9220	3515.51655	5500979_G_F_5
7585	9221	20355.8710125	5401984_R_F_1
12141	9222	22583.6525625	5500574_G_F_4
3785	9223	8611.7278125	5402110_R_F_1
3787	9224	379.881825	5402110_R_F_5
3789	9225	14132.891625	5402110_G_F_3
1135	9226	10524.0142875	5500046_R_F_2
4533	9227	16444.37595	5500375_R_F_1
3963	9228	14815.391175	5500257_R_F_1
4535	9229	8122.3885125	5500373_G_F_3
3843	9230	5015.727825	5500370_R_F_2
4203	9231	14522.4314625	5501121_G_F_2
1799	9232	9638.696475	5501125_R_F_1
1801	9233	5012.5084875	5501124_R_F_3
4209	9234	3483.323175	5501127_R_F_6
4211	9235	17461.6866	5501127_G_F_1
4213	9236	54.7287375	5501126_R_F_1
4215	9237	2955.351825	5501126_R_F_4
4217	9238	15031.0867875	5501126_G_F_1
1811	9239	17452.0285875	5501129_R_F_2
1813	9240	5141.2819875	5501129_R_F_3
1815	9241	6689.783325	5501129_G_F_1
9171	9242	25419.8889	5501282_R_F_2
9173	9243	13218.599775	5501282_G_F_1
24981	9244	28008.23625	5500258_G_F_1
11325	9245	4226.9901375	5500259_R_F_1
11327	9246	13472.9274375	5500259_G_F_1
8907	9247	7088.981175	5501055_R_F_2
8911	9248	5089.7725875	5501056_G_F_2
8925	9249	2945.6938125	5501058_G_F_1
10503	9250	6232.6374	5501192_G_F_2
7563	9251	19802.1449625	5401988_R_F_1
7565	9252	20536.1539125	5401989_R_F_2
7567	9253	23749.0527375	5401989_G_F_1
3961	9254	11296.6552875	5401980_G_F_1
7579	9255	1516.3079625	5401981_R_F_1
7581	9256	17390.861175	5401981_G_F_1
7583	9257	15485.013375	5401981_G_F_2
8941	9258	103.0188	5500051_R_F_1
8943	9259	23295.12615	5500056_R_F_1
7587	9260	4114.313325	5401985_R_F_3
7589	9261	16379.9892	5401985_G_F_1
7591	9262	14396.8773	5401985_G_F_2
7593	9263	2453.135175	5401986_R_F_1
7595	9264	33120.5442	5401986_G_F_1
24371	9265	6953.769	5402060_R_F_1
7933	9266	2929.597125	5500201_R_F_2
23961	9267	27840.8307	5500759_G_F_1
6019	9268	5183.133375	5500758_G_F_1
24387	9269	3963.0044625	5500755_R_F_6
24145	9270	18536.945325	5500756_R_F_2
24393	9271	21292.698225	5500020_R_F_1
2049	9272	24228.734025	5402016_G_F_1
10663	9273	8054.782425	5501228_R_F_3
10665	9274	4774.2775125	5501228_G_F_1
10667	9275	2494.9865625	5501228_G_F_6
10653	9276	6525.5971125	5501227_R_F_5
10655	9277	11914.7680875	5501227_G_F_1
10657	9278	5965.4323875	5501224_R_F_1
9031	9279	8154.5818875	5402018_R_F_2
9033	9280	7465.6436625	5402018_G_F_2
9035	9281	8090.1951375	5402017_G_F_2
9037	9282	6673.6866375	5402013_G_F_1
9039	9283	8998.0483125	5402012_R_F_1
2051	9284	3963.0044625	5402011_G_F_1
10669	9285	17023.8567	5501229_R_F_1
10671	9286	3389.9623875	5501229_G_F_1
10673	9287	8144.923875	5501229_G_F_2
10675	9288	3489.76185	5501229_G_F_5
6075	9289	4835.444925	5500333_G_F_4
6077	9290	1703.0295375	5500331_R_F_1
6079	9291	0.0	5500330_R_F_2
6081	9292	2269.6329375	5500330_G_F_3
2217	9293	22763.9354625	5501009_R_F_1
2219	9294	0.0	5501009_R_F_2
7751	9295	20925.69375	5501007_R_F_1
7753	9296	13794.8611875	5501004_R_F_1
7755	9297	23176.0106625	5501005_R_F_1
7433	9298	1432.6051875	5500657_G_F_1
12249	9299	0.0	5402128_R_F_1
3883	9300	1744.880925	5402081_R_F_3
3885	9301	10214.9578875	5402081_G_F_3
9065	9302	7716.7519875	5500528_R_F_1
9067	9303	10858.8253875	5500529_R_F_2
4263	9304	27299.982	5500524_R_F_2
6085	9305	1680.494175	5500334_G_F_2
4541	9306	1204.032225	5402088_R_F_2
2151	9307	1216.909575	5402126_R_F_1
9071	9308	1059.1620375	5402125_R_F_2
4265	9309	3702.238125	5500521_R_F_1
4267	9310	8251.1620125	5500521_R_F_2
4269	9311	8672.895225	5500521_G_F_1
2159	9312	13765.88715	5401948_G_F_1
2161	9313	11522.0089125	5401949_R_F_1
2163	9314	8898.24885	5401945_R_F_1
2165	9315	13295.863875	5401946_G_F_1
2167	9316	14248.787775	5401941_G_F_1
2169	9317	1815.70635	5401942_R_F_1
2171	9318	19412.605125	5401943_G_F_1
24589	9319	9828.6373875	5500063_G_F_1
24591	9320	1059.1620375	5500062_R_F_2
24593	9321	3267.6275625	5500062_G_F_1
24597	9322	29048.0822625	5500066_R_F_1
24599	9323	3599.219325	5500065_G_F_1
25441	9324	3319.1369625	5500068_G_F_1
9155	9325	11837.5039875	5501263_R_F_2
9157	9326	8457.1996125	5501263_G_F_1
7477	9327	16386.427875	5500879_R_F_1
24657	9328	869.221125	5402052_R_F_2
9609	9329	7507.49505	5402051_R_F_1
9611	9330	11563.8603	5402051_G_F_1
9939	9331	5276.4941625	5402054_R_F_1
9941	9332	17519.634675	5402059_G_F_1
10837	9333	14026.6534875	5500517_G_F_1
2373	9334	0.0	5501268_R_F_5
2375	9335	11576.73765	5501268_G_F_1
9153	9336	16254.4350375	5501269_G_F_1
4431	9337	22419.46635	5500701_R_F_1
12317	9338	3647.5093875	5501264_R_F_1
12319	9339	2791.1656125	5501264_G_F_1
12321	9340	7040.6911125	5501265_G_F_1
7967	9341	18421.049175	5500841_G_F_1
7343	9342	0.0	5501329_R_F_1
7345	9343	5231.4234375	5501329_G_F_1
9165	9344	11744.1432	5501280_G_F_1
9167	9345	16367.11185	5501281_R_F_2
9169	9346	4568.2399125	5501281_G_F_1
9175	9347	12726.0411375	5501283_G_F_1
6287	9348	9365.0527875	5501323_R_F_2
6289	9349	26932.977525	5501323_G_F_1
7975	9350	9690.205875	5500842_R_F_2
7417	9351	86.9221125	5501325_R_F_1
7419	9352	6268.0501125	5501325_G_F_1
4789	9353	0.0	5500562_R_F_1
1133	9354	7797.235425	5500049_R_F_1
4791	9355	0.0	5500561_G_F_1
8541	9356	21881.8369875	5500445_R_F_1
3211	9357	15819.824475	5500438_R_F_1
7931	9358	12774.3312	5500202_G_F_1
10977	9359	9773.90865	5501032_R_F_1
10979	9360	26083.072425	5501031_G_F_1
10981	9361	11100.2757	5501030_R_F_1
10983	9362	25207.412625	5501030_G_F_1
9225	9363	16920.8379	5501131_R_F_1
9227	9364	13662.86835	5501131_G_F_1
6123	9365	18710.78955	5402084_G_F_1
6125	9366	12497.468175	5402086_G_F_1
4725	9367	170.6248875	5500845_R_F_1
4727	9368	186.721575	5500845_R_F_3
4729	9369	9761.0313	5500845_G_F_2
4731	9370	6087.7672125	5500845_G_F_4
24671	9371	4571.45925	5500516_G_F_1
4769	9372	8685.772575	5500846_R_F_2
7969	9373	16170.7322625	5500840_G_F_1
7971	9374	13666.0876875	5500843_R_F_1
7973	9375	4957.77975	5500843_G_F_2
11029	9376	24103.1798625	5500849_G_F_1
11031	9377	19419.0438	5500848_G_F_2
6129	9378	7842.30615	5500932_G_F_4
4501	9379	18685.03485	5402111_R_F_1
4503	9380	13888.221975	5402111_G_F_6
2153	9381	14532.089475	5500520_G_F_1
10659	9382	1992.7699125	5501223_R_F_1
4537	9383	4346.105625	5500372_R_F_1
4539	9384	2723.559525	5500372_G_F_6
3841	9385	5331.2229	5500371_R_F_1
8111	9386	2852.333025	5501251_R_F_7
2717	9387	1815.70635	5402007_G_F_2
6503	9388	9580.7484	5500329_G_F_5
24215	9389	8840.300775	5500970_R_F_2
24217	9390	9854.3920875	5500970_G_F_3
5021	9391	2907.0617625	5501084_R_F_1
5023	9392	8705.0886	5501085_G_F_1
24973	9393	4255.964175	5500922_R_F_1
24977	9394	10739.7099	5500925_G_F_1
24979	9395	1883.3124375	5500925_G_F_2
9311	9396	12278.553225	5500881_G_F_1
9313	9397	22361.518275	5500880_R_F_1
25433	9398	20136.9560625	5500928_R_F_1
25435	9399	3747.30885	5500928_R_F_5
12459	9400	7958.2023	5500882_G_F_1
12463	9401	24621.4932	5401979_G_F_1
5045	9402	9027.02235	5500315_R_F_1
12453	9403	28703.61315	5500889_R_F_1
6919	9404	824.1504	5500646_R_F_1
6921	9405	2092.569375	5500646_G_F_1
6923	9406	3715.115475	5500646_G_F_2
5135	9407	28619.910375	5402040_R_F_2
5137	9408	7768.2613875	5402040_G_F_1
6083	9409	0.0	5500335_R_F_1
6925	9410	4899.831675	5500645_G_F_1
6927	9411	0.0	5500645_G_F_3
6933	9412	1303.8316875	5500649_R_F_1
11401	9413	2961.7905	5501011_R_F_2
6935	9414	2018.5246125	5500319_R_F_1
6937	9415	12487.8101625	5500319_G_F_1
8259	9416	8167.4592375	5500076_G_F_1
8261	9417	6570.6678375	5500076_G_F_2
8263	9418	12729.260475	5500077_R_F_1
8265	9419	90.14145	5500078_R_F_2
11431	9420	1503.4306125	5500078_G_F_2
25133	9421	8904.687525	5500773_G_F_2
25135	9422	5096.2112625	5500772_R_F_1
25137	9423	11563.8603	5500772_G_F_1
6655	9424	24724.512	5500771_R_F_1
6657	9425	25796.5513875	5500771_G_F_1
5145	9426	14525.6508	5500770_R_F_1
5147	9427	23018.263125	5500770_G_F_1
25143	9428	4072.4619375	5500777_R_F_4
25145	9429	26804.204025	5500777_G_F_1
25147	9430	22097.5326	5500776_R_F_1
25149	9431	15034.306125	5500776_G_F_1
25151	9432	25194.535275	5500775_G_F_1
25153	9433	22783.2514875	5500774_G_F_1
5149	9434	17155.8495375	5500778_R_F_1
5151	9435	24225.5146875	5500778_G_F_1
25193	9436	17117.2174875	5500696_R_F_1
25195	9437	1989.550575	5500697_R_F_2
25197	9438	22074.9972375	5500697_G_F_1
25201	9439	13910.7573375	5501332_G_F_3
25203	9440	27271.0079625	5501333_R_F_2
25205	9441	12091.83165	5501333_G_F_3
25207	9442	173.844225	5501334_G_F_1
25209	9443	18372.7591125	5501334_G_F_2
25211	9444	1348.9024125	5501335_G_F_2
25261	9445	5067.237225	5500215_R_F_3
8307	9446	3486.5425125	5501063_R_F_2
8309	9447	2813.700975	5501063_G_F_1
24975	9448	672.8415375	5500927_R_F_1
8617	9449	9735.2766	5500533_R_F_1
2545	9450	21885.056325	5501191_G_F_1
8329	9451	0.0	5500853_G_F_2
6479	9452	13843.15125	5500850_G_F_1
3511	9453	26688.307875	5500851_G_F_1
8331	9454	19229.1028875	5500856_R_F_1
8333	9455	3312.6982875	5500856_G_F_1
8335	9456	8824.2040875	5500857_G_F_1
8337	9457	12780.769875	5500854_G_F_1
8339	9458	9062.4350625	5500855_G_F_1
11643	9459	5975.0904	5402148_R_F_1
11645	9460	23436.777	5402148_G_F_1
3267	9461	9365.0527875	5402039_G_F_1
11669	9462	9300.6660375	5500131_R_F_2
11671	9463	5212.1074125	5500131_G_F_2
25199	9464	24370.384875	5501330_G_F_1
6831	9465	21926.9077125	5501306_G_F_1
7261	9466	9925.2175125	5501301_R_F_6
12461	9467	3605.658	5500885_G_F_1
12611	9468	8296.2327375	5402105_G_F_1
12613	9469	5971.8710625	5402105_G_F_3
25401	9470	18965.1172125	5500698_G_F_1
25405	9471	19209.7868625	5500699_G_F_1
25213	9472	10569.0850125	5501336_G_F_1
11747	9473	15984.0106875	5401896_R_F_1
11749	9474	8792.0107125	5401896_G_F_1
11753	9475	20207.7814875	5401894_R_F_1
11755	9476	13289.4252	5401895_R_F_1
11757	9477	15043.9641375	5401895_G_F_1
11759	9478	14599.6955625	5401892_R_F_2
11761	9479	7571.8818	5401893_R_F_6
11763	9480	10028.2363125	5401893_G_F_1
11765	9481	12227.043825	5401893_G_F_2
3203	9482	23430.338325	5500435_R_F_1
3205	9483	5183.133375	5500436_R_F_1
10661	9484	6551.3518125	5501221_R_F_3
6855	9485	698.5962375	5501308_G_F_1
4695	9486	6728.415375	5500145_G_F_2
11803	9487	15996.8880375	5500797_G_F_1
11805	9488	18099.115425	5500798_G_F_1
1903	9489	12359.0366625	5500052_R_F_1
1905	9490	11460.8415	5500052_R_F_2
1907	9491	21273.3822	5500053_R_F_1
8437	9492	5746.5174375	5501240_G_F_1
8439	9493	17432.7125625	5501241_R_F_1
6911	9494	0.0	5500641_G_F_2
6913	9495	6126.3992625	5500640_G_F_1
6915	9496	1590.352725	5500647_R_F_2
6917	9497	3113.0993625	5500647_G_F_2
6929	9498	1516.3079625	5500644_G_F_1
10839	9499	27927.7528125	5500844_R_F_1
9561	9500	28375.240725	5402033_R_F_1
9563	9501	5067.237225	5402033_G_F_1
9565	9502	16061.2747875	5402032_R_F_3
9567	9503	22178.0160375	5402035_R_F_2
9569	9504	10852.3867125	5402035_G_F_1
9571	9505	3332.0143125	5402037_R_F_4
9573	9506	28236.8092125	5402037_G_F_1
3281	9507	2968.229175	5500099_G_F_1
3283	9508	13598.4816	5500099_G_F_2
3285	9509	6403.2622875	5500097_R_F_1
3287	9510	9323.2014	5500095_G_F_1
5417	9511	389.5398375	5501343_R_F_3
11541	9512	4870.8576375	5501061_R_F_1
8445	9513	11538.1056	5501062_G_F_1
8451	9514	7269.264075	5501065_G_F_2
11713	9515	3544.4905875	5501067_R_F_1
3299	9516	2849.1136875	5500896_G_F_1
25397	9517	4059.5845875	5500897_G_F_1
12615	9518	0.0	5402106_R_F_1
4411	9519	3908.275725	5500892_G_F_1
5361	9520	7359.405525	5500893_G_F_1
3301	9521	27892.3401	5500890_R_F_1
3303	9522	13772.325825	5500890_G_F_1
12617	9523	27663.7671375	5402102_R_F_2
25497	9524	3467.2264875	5402102_G_F_5
25503	9525	3888.9597	5402108_G_F_1
9975	9526	2047.49865	5301773_G_F_1
9981	9527	10585.1817	5301771_R_F_2
9983	9528	3106.6606875	5301771_G_F_2
9987	9529	16692.2649375	5301776_G_F_3
8485	9530	10157.0098125	5301777_R_F_1
9969	9531	4829.00625	5301774_R_F_1
9971	9532	8379.9355125	5301774_R_F_2
9973	9533	5691.7887	5301774_G_F_2
9979	9534	1876.8737625	5301778_R_F_1
5519	9535	119.1154875	5301571_R_F_2
5521	9536	8508.7090125	5301571_G_F_2
5543	9537	2301.8263125	5300778_R_F_2
1631	9538	7333.650825	5300494_R_F_1
1633	9539	1062.381375	5300494_G_F_6
1635	9540	16788.8450625	5300495_R_F_1
1637	9541	14754.2237625	5300495_G_F_1
1119	9542	19515.623925	5300490_G_F_1
1121	9543	1329.5863875	5300491_G_F_5
1123	9544	2398.4064375	5300492_R_F_1
1125	9545	24833.969475	5300492_G_F_3
1127	9546	22522.48515	5300493_R_F_1
1129	9547	0.0	5300493_G_F_2
10039	9548	21617.8513125	5300797_G_F_1
10041	9549	9461.6329125	5300796_G_F_1
1131	9550	0.0	5301704_R_F_4
10043	9551	32299.6131375	5300793_G_F_1
10045	9552	10266.4672875	5300792_G_F_2
10047	9553	20191.6848	5300791_G_F_1
10049	9554	23636.375925	5300790_G_F_1
8507	9555	8631.0438375	5300654_G_F_1
8509	9556	11148.5657625	5300654_G_F_2
1275	9557	5234.642775	5300655_G_F_1
1277	9558	2462.7931875	5300655_G_F_2
1139	9559	11361.0420375	5300653_R_F_1
1141	9560	16718.0196375	5300653_G_F_1
8513	9561	9326.4207375	5300650_R_F_1
8515	9562	14602.9149	5300651_R_F_2
4423	9563	18182.8182	5301258_R_F_2
9621	9564	943.2658875	5301257_R_F_9
9623	9565	22042.8038625	5301257_G_F_2
10179	9566	1889.7511125	5300423_G_F_1
11867	9567	80.4834375	5300422_G_F_1
1001	9568	22213.42875	5300424_R_F_1
1003	9569	3364.2076875	5300424_G_F_1
1005	9570	4397.615025	5300424_G_F_2
10107	9571	1271.6383125	5300426_G_F_1
24007	9572	31494.7787625	5300429_R_F_1
10165	9573	2923.15845	5301401_R_F_3
10167	9574	14358.24525	5301401_G_F_1
12535	9575	23910.0196125	5300734_G_F_1
7183	9576	12169.09575	5301080_G_F_4
7185	9577	6235.8567375	5301081_R_F_1
7187	9578	1281.296325	5301082_R_F_5
7189	9579	4123.9713375	5301082_G_F_7
9425	9580	11431.8674625	5301487_R_F_1
9427	9581	6834.6535125	5301487_G_F_1
12063	9582	4033.8298875	5301100_R_F_1
12065	9583	3808.4762625	5301100_G_F_1
12067	9584	4346.105625	5301100_G_F_2
12069	9585	12954.6141	5301100_G_F_3
7293	9586	6409.7009625	5301623_G_F_1
12071	9587	14709.1530375	5301102_G_F_1
12073	9588	5643.4986375	5301107_R_F_1
12075	9589	4259.1835125	5301106_R_F_1
12077	9590	10105.5004125	5301106_R_F_3
12079	9591	1522.7466375	5301109_R_F_3
12081	9592	3351.3303375	5301109_G_F_2
9431	9593	9355.394775	5301488_G_F_1
9669	9594	2649.5147625	5301031_R_F_1
9671	9595	10050.771675	5301031_G_F_6
3533	9596	12227.043825	5300614_R_F_1
3535	9597	5311.906875	5300615_G_F_2
7285	9598	4072.4619375	5301625_G_F_2
7287	9599	743.6669625	5301626_G_F_2
7289	9600	4758.180825	5301621_G_F_1
7291	9601	2826.578325	5301622_R_F_1
23967	9602	2076.4726875	5300958_G_F_1
7331	9603	981.8979375	5300860_R_F_1
7333	9604	8991.6096375	5300860_G_F_1
7335	9605	18472.558575	5300685_R_F_1
25399	9606	13698.2810625	5300662_R_F_1
1617	9607	0.0	5301848_G_F_5
1619	9608	19731.3195375	5301849_R_F_1
1621	9609	13817.39655	5301849_G_F_1
24879	9610	21885.056325	5301363_R_F_2
5855	9611	672.8415375	5301367_R_F_2
5857	9612	2173.0528125	5301367_G_F_4
4001	9613	6316.340175	5301366_R_F_2
4003	9614	0.0	5301366_G_F_1
4005	9615	17175.1655625	5301366_G_F_2
1681	9616	10012.139625	5301703_R_F_3
1689	9617	1126.768125	5301702_G_F_2
24129	9618	10449.969525	5300890_R_F_1
24131	9619	6892.6015875	5300890_G_F_1
24729	9620	8338.084125	5300897_R_F_2
10313	9621	2591.5666875	5300798_G_F_1
5903	9622	21865.7403	5301546_G_F_1
5905	9623	1220.1289125	5301549_R_F_4
1867	9624	6841.0921875	5300396_G_F_5
5915	9625	4342.8862875	5300948_R_F_1
5229	9626	7349.7475125	5300762_R_F_2
5231	9627	1561.3786875	5300762_G_F_2
5233	9628	1062.381375	5300762_G_F_3
7083	9629	1332.805725	5300943_R_F_1
7085	9630	30026.7608625	5300943_G_F_1
5261	9631	13443.9534	5300940_G_F_1
5941	9632	15233.90505	5300784_R_F_2
5943	9633	20957.887125	5300784_G_F_2
5945	9634	8408.90955	5300785_R_F_1
5947	9635	20516.8378875	5300786_R_F_1
24301	9636	22998.9471	5300780_R_F_2
2877	9637	12455.6167875	5300781_R_F_2
2879	9638	9497.045625	5300781_R_F_4
5955	9639	3534.832575	5300782_R_F_1
5957	9640	10630.252425	5300782_R_F_4
5959	9641	1284.5156625	5300782_G_F_1
5961	9642	4236.64815	5300782_G_F_2
5963	9643	24901.5755625	5300783_R_F_1
5965	9644	7610.51385	5300783_G_F_5
3945	9645	14071.7242125	5301809_R_F_1
3947	9646	7639.4878875	5301809_G_F_1
5977	9647	17918.832525	5300789_R_F_2
5979	9648	17001.3213375	5300789_G_F_1
9473	9649	1947.6991875	5301733_R_F_3
9475	9650	9068.8737375	5301733_G_F_1
9163	9651	25867.3768125	5301639_G_F_1
10473	9652	21447.226425	5301638_G_F_1
5853	9653	23449.65435	5301362_G_F_1
6017	9654	20635.953375	5300430_R_F_1
7711	9655	8737.281975	5301430_R_F_1
7713	9656	8772.6946875	5301430_G_F_1
7715	9657	711.4735875	5301433_R_F_5
7717	9658	4346.105625	5301432_R_F_1
7719	9659	10897.4574375	5301435_R_F_1
7721	9660	1078.4780625	5301435_G_F_2
7723	9661	19963.1118375	5301434_R_F_1
7725	9662	1162.1808375	5301434_G_F_1
7727	9663	23813.4394875	5301434_G_F_2
24423	9664	3785.9409	5300998_R_F_1
4559	9665	21041.5899	5301242_R_F_2
4561	9666	9084.970425	5301240_R_F_1
2081	9667	11753.8012125	5301241_R_F_3
2083	9668	7681.339275	5301241_R_F_4
2085	9669	6354.972225	5301241_G_F_3
24485	9670	14950.60335	5301324_G_F_1
24487	9671	10237.49325	5301327_R_F_1
24455	9672	14107.136925	5301326_R_F_1
24457	9673	8650.3598625	5301326_R_F_3
24459	9674	16701.92295	5301326_G_F_1
24089	9675	11860.03935	5301323_G_F_2
2189	9676	4503.8531625	5301501_R_F_3
2191	9677	6416.1396375	5301501_G_F_2
7749	9678	3956.5657875	5301502_G_F_5
2237	9679	23613.8405625	5301114_G_F_1
4569	9680	6915.13695	5301113_R_F_1
4571	9681	9274.9113375	5301113_G_F_1
4573	9682	13237.9158	5301111_G_F_1
7761	9683	21743.405475	5300901_R_F_2
7763	9684	17590.4601	5300901_G_F_2
9849	9685	6039.47715	5301025_G_F_1
24101	9686	12333.2819625	5301322_G_F_3
10729	9687	10797.657975	5301611_R_F_1
9857	9688	11914.7680875	5301750_R_F_1
9859	9689	14915.1906375	5301750_R_F_2
9861	9690	11779.5559125	5301750_G_F_3
24549	9691	30055.7349	5300977_R_F_1
4659	9692	26347.0581	5300976_R_F_1
4661	9693	1358.560425	5300976_G_F_1
25111	9694	1506.64995	5300756_R_F_2
25113	9695	1319.928375	5300756_G_F_1
10763	9696	8592.4117875	5300878_R_F_2
10765	9697	1973.4538875	5300879_R_F_1
10767	9698	25883.4735	5300879_R_F_2
10769	9699	28780.87725	5300879_G_F_1
10821	9700	9358.6141125	5300960_G_F_1
2525	9701	1252.3222875	5301498_R_F_1
2527	9702	16930.4959125	5301498_R_F_2
2529	9703	344.4691125	5301498_G_F_2
2531	9704	354.127125	5301498_G_F_4
10771	9705	7797.235425	5300696_R_F_3
7847	9706	83.702775	5300476_R_F_1
7849	9707	19985.6472	5300475_R_F_1
7851	9708	25815.8674125	5300475_G_F_1
4565	9709	12227.043825	5301112_R_F_1
4567	9710	4078.9006125	5301112_G_F_1
24723	9711	1986.3312375	5300583_G_F_1
25455	9712	3303.040275	5300588_R_F_1
25459	9713	24750.2667	5300588_G_F_1
9131	9714	7311.1154625	5301276_G_F_2
9133	9715	7246.7287125	5301275_R_F_4
9135	9716	24804.9954375	5301274_R_F_1
9137	9717	13282.986525	5301274_G_F_1
9139	9718	6789.5827875	5301273_G_F_3
9141	9719	11048.7663	5301272_R_F_1
9143	9720	1538.843325	5301272_R_F_2
9145	9721	11747.3625375	5301272_G_F_3
9147	9722	4117.5326625	5301271_G_F_1
9149	9723	10057.21035	5301270_R_F_1
9151	9724	9744.9346125	5301270_G_F_1
9933	9725	2437.0384875	5300405_R_F_1
9935	9726	0.0	5300404_R_F_2
24755	9727	2362.993725	5300939_R_F_4
24757	9728	2713.9015125	5300939_G_F_4
6253	9729	4481.3178	5301206_R_F_1
6255	9730	7362.6248625	5301206_R_F_2
6257	9731	2739.6562125	5301206_G_F_1
6261	9732	17973.5612625	5301204_R_F_1
6263	9733	2189.1495	5301204_G_F_1
6265	9734	21936.565725	5301204_G_F_2
9185	9735	26520.902325	5301389_G_F_1
12337	9736	7674.9006	5301385_G_F_1
12339	9737	2581.908675	5301385_G_F_3
6323	9738	18446.803875	5301375_R_F_1
6325	9739	16705.1422875	5301375_G_F_1
9207	9740	6303.462825	5301478_G_F_1
7637	9741	6268.0501125	5301371_G_F_3
12483	9742	7150.1485875	5300644_R_F_4
12341	9743	2820.13965	5301655_R_F_2
2481	9744	23906.800275	5300708_R_F_1
2483	9745	1625.7654375	5300708_G_F_1
2485	9746	18292.275675	5300708_G_F_2
2487	9747	24260.9274	5300709_R_F_1
12343	9748	7942.1056125	5301653_G_F_1
12345	9749	18392.0751375	5301653_G_F_2
4323	9750	15897.088575	5300704_R_F_1
4325	9751	6651.151275	5300704_G_F_2
4327	9752	0.0	5300706_R_F_2
4329	9753	12874.1306625	5300707_R_F_1
4331	9754	7021.3750875	5300707_R_F_2
4333	9755	22403.3696625	5300707_G_F_1
2667	9756	20655.2694	5300700_R_F_1
12347	9757	8370.2775	5301658_G_F_1
12349	9758	18276.1789875	5301658_G_F_2
4335	9759	16116.003525	5300702_R_F_6
4337	9760	6731.6347125	5300702_G_F_2
4339	9761	11889.0133875	5300703_G_F_2
4341	9762	4024.171875	5301496_R_F_1
6375	9763	6348.53355	5301152_R_F_2
6377	9764	9915.5595	5301150_R_F_2
6379	9765	7948.5442875	5301150_G_F_2
6381	9766	3473.6651625	5301150_G_F_3
1961	9767	4149.7260375	5301156_R_F_1
1963	9768	13102.703625	5301156_G_F_1
6387	9769	9664.451175	5301157_R_F_1
6389	9770	5141.2819875	5301154_R_F_2
6391	9771	20516.8378875	5301155_R_F_1
6395	9772	5997.6257625	5301158_R_F_2
6397	9773	9094.6284375	5301158_G_F_1
24759	9774	24953.0849625	5300937_R_F_1
24761	9775	482.900625	5300936_R_F_1
24763	9776	25928.544225	5300936_G_F_1
1547	9777	7520.3724	5301688_R_F_1
4355	9778	22074.9972375	5300638_R_F_1
4357	9779	7913.131575	5300639_R_F_4
4359	9780	28014.674925	5301723_R_F_1
2605	9781	0.0	5301722_R_F_1
2607	9782	8808.1074	5301722_R_F_2
2609	9783	16338.1378125	5301722_G_F_1
23985	9784	22689.8907	5301725_R_F_2
23987	9785	8251.1620125	5301725_G_F_2
24831	9786	8862.8361375	5301727_G_F_1
4361	9787	8418.5675625	5301726_G_F_1
2623	9788	19074.5746875	5301728_G_F_1
9243	9789	25011.0330375	5300635_G_F_1
24793	9790	17426.2738875	5301833_R_F_1
24795	9791	16518.4207125	5301833_G_F_1
24797	9792	8115.9498375	5301832_R_F_1
11049	9793	15427.0653	5300847_G_F_1
24811	9794	18311.5917	5300845_R_F_1
24813	9795	7539.688425	5300845_G_F_3
24815	9796	3032.615925	5300844_R_F_2
2617	9797	14718.81105	5301729_R_F_1
2619	9798	12835.4986125	5301729_G_F_1
2621	9799	7034.2524375	5301729_G_F_2
12393	9800	1960.5765375	5300528_R_F_2
8073	9801	2285.729625	5301359_R_F_2
8075	9802	16927.276575	5301359_G_F_1
24859	9803	10665.6651375	5301830_R_F_3
24883	9804	2997.2032125	5301344_R_F_5
11221	9805	8956.196925	5300982_G_F_1
11223	9806	27982.48155	5300980_R_F_1
11261	9807	13469.7081	5301239_R_F_1
11263	9808	21846.424275	5301239_G_F_1
11265	9809	19.316025	5301238_R_F_1
24925	9810	0.0	5301690_G_F_1
24927	9811	3428.5944375	5301692_R_F_2
24929	9812	540.8487	5301692_G_F_1
24931	9813	10762.2452625	5301696_R_F_2
24933	9814	2430.5998125	5301696_R_F_3
24935	9815	10327.6347	5301696_G_F_2
5077	9816	9078.53175	5301568_R_F_1
5079	9817	9677.328525	5301568_R_F_2
5081	9818	3956.5657875	5301568_G_F_1
2925	9819	13885.0026375	5301269_R_F_1
2927	9820	14441.948025	5301269_G_F_1
5863	9821	3016.5192375	5301192_R_F_1
5899	9822	2552.9346375	5301789_R_F_9
6871	9823	4066.0232625	5301191_R_F_2
11315	9824	20481.425175	5301589_R_F_1
11317	9825	2295.3876375	5301588_G_F_1
11321	9826	6928.0143	5301584_R_F_1
5051	9827	22116.848625	5301567_G_F_1
5057	9828	7623.3912	5301563_G_F_2
5059	9829	18746.2022625	5301560_G_F_1
5087	9830	1355.3410875	5300740_R_F_1
5089	9831	19322.463675	5300741_G_F_1
25025	9832	6396.8236125	5300961_G_F_2
8243	9833	3963.0044625	5300801_G_F_1
8245	9834	11924.4261	5300800_G_F_1
8247	9835	3692.5801125	5300807_G_F_2
8249	9836	4207.6741125	5300806_R_F_1
11415	9837	11174.3204625	5300483_G_F_1
11417	9838	8293.0134	5300482_G_F_1
8257	9839	19270.954275	5300480_G_F_1
25045	9840	12954.6141	5300641_R_F_1
25047	9841	13028.6588625	5300641_R_F_2
25049	9842	13118.8003125	5300641_G_F_1
10759	9843	18491.8746	5300698_R_F_1
10761	9844	22281.0348375	5300699_R_F_1
24555	9845	482.900625	5300757_R_F_5
24557	9846	6676.905975	5300757_G_F_2
24559	9847	7858.4028375	5300757_G_F_7
2923	9848	7868.06085	5301268_G_F_5
25257	9849	917.5111875	5300755_R_F_1
25259	9850	18977.9945625	5300755_G_F_1
2929	9851	8289.7940625	5301264_R_F_1
2931	9852	8798.4493875	5301266_R_F_1
2933	9853	7217.754675	5301266_G_F_3
2935	9854	1142.8648125	5301267_R_F_1
2937	9855	8499.051	5301267_R_F_2
2939	9856	1084.9167375	5301267_R_F_3
2941	9857	7948.5442875	5301267_G_F_1
2943	9858	8486.17365	5301260_R_F_3
2945	9859	10488.601575	5301262_R_F_1
2947	9860	923.9498625	5301262_R_F_2
2949	9861	167.40555	5301262_G_F_3
2951	9862	1014.0913125	5301263_R_F_1
2953	9863	4539.265875	5301263_G_F_5
4179	9864	8779.1333625	5300414_R_F_3
4181	9865	4114.313325	5300414_R_F_4
5139	9866	5830.2202125	5300415_G_F_1
5141	9867	15462.4780125	5300416_G_F_1
5143	9868	15369.117225	5300412_G_F_1
24575	9869	1448.701875	5300758_R_F_1
24577	9870	12674.5317375	5300758_R_F_2
9263	9871	15124.447575	5300527_G_F_1
6705	9872	9526.0196625	5301419_G_F_1
6707	9873	173.844225	5301418_R_F_1
6709	9874	8392.8128625	5301418_R_F_6
6711	9875	801.6150375	5301418_G_F_2
6713	9876	7092.2005125	5301418_G_F_4
6715	9877	21376.401	5301417_R_F_1
6717	9878	80.4834375	5301417_R_F_2
6719	9879	10260.0286125	5301416_R_F_5
6721	9880	10784.780625	5301416_G_F_4
3179	9881	10556.2076625	5301415_G_F_2
3181	9882	5459.9964	5301414_R_F_1
3185	9883	9126.8218125	5301413_R_F_1
3187	9884	3322.3563	5301413_R_F_4
3189	9885	2678.4888	5301413_G_F_4
3191	9886	0.0	5301413_G_F_13
6731	9887	10855.60605	5301412_G_F_4
3197	9888	0.0	5301398_R_F_1
3199	9889	21727.3087875	5301398_R_F_3
3201	9890	6013.72245	5301398_G_F_1
3207	9891	727.570275	5301399_R_F_4
3209	9892	10295.441325	5301399_G_F_5
3027	9893	6963.4270125	5301394_R_F_1
3029	9894	5640.2793	5301395_G_F_5
3031	9895	289.740375	5301396_R_F_1
3033	9896	6670.4673	5301396_R_F_4
3035	9897	5852.755575	5301396_G_F_1
3037	9898	15996.8880375	5301396_G_F_3
3039	9899	692.1575625	5301397_R_F_2
3041	9900	0.0	5301397_R_F_4
3043	9901	13308.741225	5301397_G_F_1
3045	9902	8396.0322	5301397_G_F_2
10475	9903	550.5067125	5301093_R_F_1
10477	9904	1268.418975	5301093_G_F_1
11547	9905	6673.6866375	5301097_R_F_1
11549	9906	7127.613225	5301097_G_F_1
6749	9907	3212.898825	5301096_R_F_1
6751	9908	2494.9865625	5301096_R_F_2
6753	9909	9297.4467	5301096_G_F_1
6755	9910	3579.9033	5301096_G_F_2
10203	9911	2478.889875	5301094_G_F_1
10205	9912	4928.8057125	5301094_G_F_2
9593	9913	3084.125325	5301099_R_F_1
9595	9914	5308.6875375	5301099_G_F_2
11557	9915	6354.972225	5301098_G_F_2
12395	9916	8363.838825	5300529_R_F_1
12397	9917	7256.386725	5300529_G_F_3
9601	9918	11341.7260125	5301307_R_F_2
9603	9919	16888.644525	5301307_G_F_1
9605	9920	2459.57385	5301307_G_F_4
10037	9921	1043.06535	5301304_R_F_2
12521	9922	15629.8835625	5300739_R_F_1
12523	9923	26891.1261375	5300739_G_F_1
3075	9924	24025.9157625	5301643_G_F_1
3077	9925	11608.931025	5301640_G_F_1
3079	9926	13009.3428375	5301641_G_F_3
3095	9927	8756.598	5301644_R_F_1
3097	9928	15031.0867875	5301644_G_F_1
12525	9929	18424.2685125	5300731_G_F_1
12527	9930	27367.5880875	5300730_G_F_1
12529	9931	9381.149475	5300733_G_F_1
12531	9932	24582.86115	5300732_R_F_1
12533	9933	2362.993725	5300735_G_F_1
12539	9934	19847.2156875	5300736_G_F_1
6931	9935	31314.4958625	5300946_G_F_1
9423	9936	10221.3965625	5301486_R_F_1
9429	9937	7507.49505	5301480_G_F_1
25281	9938	8763.036675	5300754_G_F_1
25283	9939	2643.0760875	5300754_G_F_2
5923	9940	15053.62215	5300947_R_F_2
6785	9941	12442.7394375	5301527_G_F_1
6787	9942	20162.7107625	5301524_R_F_1
5277	9943	1770.635625	5301828_G_F_1
10505	9944	28275.4412625	5301632_R_F_1
6815	9945	17207.3589375	5301631_G_F_1
6817	9946	12159.4377375	5301630_R_F_1
9465	9947	10095.8424	5301736_R_F_2
9467	9948	5224.9847625	5301736_R_F_3
9469	9949	2134.4207625	5301734_G_F_13
9471	9950	17825.4717375	5301735_G_F_2
5279	9951	9171.8925375	5301827_G_F_2
5281	9952	80.4834375	5301824_R_F_2
5283	9953	5688.5693625	5301824_R_F_3
5285	9954	13740.13245	5301825_R_F_1
9673	9955	2514.3025875	5301030_R_F_3
6853	9956	1802.829	5300454_R_F_2
12183	9957	19905.1637625	5301801_R_F_1
10295	9958	19567.133325	5301854_R_F_1
10297	9959	18514.4099625	5301854_G_F_1
5263	9960	2482.1092125	5301358_G_F_1
3943	9961	14744.56575	5301806_R_F_1
5385	9962	5785.1494875	5301355_G_F_1
5387	9963	18401.73315	5301356_G_F_1
5389	9964	6119.9605875	5301357_G_F_1
3017	9965	8721.1852875	5301391_G_F_1
3019	9966	13122.01965	5301391_G_F_2
8945	9967	9435.8782125	5301719_G_F_1
3073	9968	3016.5192375	5301642_R_F_1
4665	9969	16405.7439	5300978_G_F_1
25479	9970	11953.4001375	5301077_G_F_1
10707	9971	4970.6571	5301079_R_F_8
5431	9972	4407.2730375	5300881_R_F_4
5433	9973	4214.1127875	5300880_R_F_1
5435	9974	27190.524525	5300887_R_F_1
5437	9975	24750.2667	5300885_R_F_1
5449	9976	9291.008025	5300889_G_F_1
5451	9977	10800.8773125	5300888_R_F_1
5453	9978	16447.5952875	5300888_R_F_3
8471	9979	1300.61235	5301452_R_F_3
8473	9980	940.04655	5301451_R_F_1
5471	9981	5466.435075	5301599_G_F_1
12237	9982	13685.4037125	5301329_R_F_8
4719	9983	621.3321375	5301596_G_F_1
8469	9984	6905.4789375	5301597_G_F_1
1019	9985	16904.7412125	5800398_R_F_1
3355	9986	17674.162875	5702217_R_F_2
3357	9987	10939.308825	5702217_G_F_1
9993	9988	2755.7529	5702283_R_F_1
9995	9989	3026.17725	5702283_G_F_2
9997	9990	177.0635625	5702282_R_F_1
9999	9991	3756.9668625	5702282_G_F_2
2691	9992	21125.292675	5800308_R_F_1
1527	9993	1020.5299875	5800305_R_F_1
1529	9994	12130.4637	5800305_G_F_1
1543	9995	18363.1011	5800304_G_F_1
1089	9996	10037.894325	5800649_R_F_1
1091	9997	15053.62215	5800649_G_F_1
5587	9998	1213.6902375	5800168_G_F_1
8505	9999	9696.64455	5800646_G_F_4
10293	10000	15900.3079125	5800634_G_F_3
3463	10001	0.0	5701748_R_F_2
10131	10002	26743.0366125	5701730_G_F_1
10133	10003	28513.6722375	5701731_R_F_1
8577	10004	6097.425225	5702136_G_F_1
8579	10005	2462.7931875	5702136_G_F_3
8581	10006	74.0447625	5702131_R_F_1
2893	10007	23510.8217625	5702096_G_F_2
1453	10008	131.9928375	5800290_G_F_1
8675	10009	6863.62755	5701667_R_F_1
7341	10010	22068.5585625	5800635_R_F_1
3513	10011	408.8558625	5800260_G_F_1
3537	10012	3595.9999875	5800042_R_F_1
3539	10013	7439.8889625	5800042_G_F_1
1583	10014	4239.8674875	5701669_R_F_2
1585	10015	5749.736775	5701669_G_F_1
3545	10016	10105.5004125	5800191_G_F_1
8643	10017	14693.05635	5701688_R_F_1
8645	10018	6693.0026625	5701688_G_F_1
8647	10019	16985.22465	5701689_R_F_1
8649	10020	3457.568475	5701689_G_F_1
8651	10021	11035.88895	5701689_G_F_2
3547	10022	3235.4341875	5800194_R_F_1
3549	10023	7134.0519	5800195_G_F_1
8653	10024	4059.5845875	5701686_R_F_1
8655	10025	16701.92295	5701686_G_F_1
1541	10026	10865.2640625	5701687_G_F_1
3473	10027	2797.6042875	5702311_G_F_1
10291	10028	4919.1477	5800631_G_F_1
8673	10029	4983.53445	5701665_R_F_1
5779	10030	1429.38585	5701709_G_F_1
3505	10031	8640.70185	5701708_G_F_1
8681	10032	15874.5532125	5701845_R_F_1
5783	10033	193.16025	5701701_G_F_1
5785	10034	12668.0930625	5701700_G_F_1
5787	10035	6953.769	5701700_G_F_2
7379	10036	11734.4851875	5800127_R_F_1
7381	10037	15971.1333375	5800127_G_F_1
7383	10038	9558.2130375	5800127_G_F_2
10431	10039	4703.4520875	5800126_G_F_1
10433	10040	12442.7394375	5800126_G_F_2
7389	10041	24219.0760125	5800123_R_F_1
7391	10042	27766.7859375	5800123_G_F_1
7393	10043	2939.2551375	5800122_R_F_2
7395	10044	26923.3195125	5800122_G_F_1
24195	10045	11019.7922625	5701961_G_F_1
9711	10046	2794.38495	5702193_G_F_1
9713	10047	0.0	5702192_R_F_1
9715	10048	2053.937325	5702192_G_F_1
9717	10049	437.8299	5702191_R_F_2
9719	10050	2527.1799375	5702191_G_F_3
25337	10051	14873.33925	5702250_G_F_1
3795	10052	2478.889875	5702048_R_F_1
3797	10053	14512.77345	5702048_G_F_1
4899	10054	4226.9901375	5701947_G_F_2
3811	10055	6757.3894125	5702045_R_F_1
3813	10056	4948.1217375	5702044_R_F_1
3815	10057	12252.798525	5702044_G_F_1
4513	10058	28201.3965	5702047_R_F_1
4515	10059	1777.0743	5702047_G_F_1
4517	10060	19911.6024375	5702047_G_F_2
25341	10061	4613.3106375	5702253_R_F_3
25343	10062	10375.9247625	5702253_G_F_2
3821	10063	5975.0904	5702041_R_F_3
10425	10064	12436.3007625	5800227_G_F_2
7489	10065	13347.373275	5702169_R_F_1
8883	10066	12474.9328125	5800412_G_F_1
8885	10067	16473.3499875	5800415_G_F_1
10833	10068	247.8889875	5702341_G_F_1
7517	10069	4136.8486875	5702295_R_F_1
7519	10070	225.353625	5702297_G_F_2
7521	10071	573.042075	5702298_G_F_1
1873	10072	463.5846	5800097_R_F_3
1875	10073	6615.7385625	5800097_G_F_3
1877	10074	19010.1879375	5800091_G_F_1
1881	10075	23462.5317	5800092_R_F_1
1883	10076	20365.529025	5800092_G_F_1
8915	10077	4938.463725	5800259_G_F_1
8917	10078	4890.1736625	5800258_G_F_1
12177	10079	7761.8227125	5800257_R_F_1
12179	10080	19522.0626	5800257_G_F_1
1887	10081	3724.7734875	5800255_G_F_1
8923	10082	6667.2479625	5800254_G_F_1
1889	10083	8920.7842125	5800253_R_F_1
7927	10084	3373.8657	5702119_G_F_5
24289	10085	14451.6060375	5800176_R_F_4
24291	10086	13157.4323625	5800174_R_F_2
12181	10087	753.324975	5800173_R_F_1
5967	10088	8882.1521625	5800486_R_F_1
24303	10089	9242.7179625	5800484_G_F_1
10543	10090	1979.8925625	5800485_R_F_1
10545	10091	23201.7653625	5800485_G_F_1
24307	10092	556.9453875	5800482_G_F_1
24309	10093	5611.3052625	5800483_R_F_2
24311	10094	9902.68215	5800483_G_F_4
10551	10095	5707.8853875	5800480_R_F_1
10553	10096	8618.1664875	5800480_G_F_1
9751	10097	9101.0671125	5702225_R_F_1
9753	10098	3354.549675	5702225_R_F_2
9755	10099	10169.8871625	5702225_R_F_5
9757	10100	9081.7510875	5702225_G_F_1
3967	10101	27367.5880875	5702224_R_F_1
3969	10102	17545.389375	5702224_G_F_3
9759	10103	19975.9891875	5702227_R_F_1
9761	10104	0.0	5702227_R_F_5
9763	10105	21440.78775	5702227_G_F_2
9765	10106	10556.2076625	5702226_G_F_1
9767	10107	151.3088625	5702221_R_F_1
9769	10108	17526.07335	5702221_G_F_5
9771	10109	21904.37235	5702220_R_F_1
9773	10110	20136.9560625	5702220_G_F_1
9775	10111	8273.697375	5702220_G_F_3
8501	10112	2813.700975	5702222_R_F_4
8503	10113	16869.3285	5702222_G_F_2
9783	10114	23150.2559625	5702228_R_F_2
10599	10115	3013.2999	5701830_G_F_4
10643	10116	1165.400175	5701904_R_F_1
12231	10117	2849.1136875	5701906_R_F_1
24479	10118	608.4547875	5800280_G_F_1
24481	10119	3657.1674	5800281_R_F_1
12565	10120	10919.9928	5800479_G_F_1
9053	10121	6754.170075	5702016_G_F_2
9839	10122	218.91495	5800211_R_F_1
9841	10123	10926.431475	5800210_R_F_1
2107	10124	0.0	5702013_G_F_1
7769	10125	18578.7967125	5800353_G_F_2
7771	10126	9947.752875	5800350_G_F_1
7773	10127	19.316025	5800351_G_F_1
24511	10128	14889.4359375	5702154_G_F_1
4387	10129	21540.5872125	5702153_R_F_1
10719	10130	16766.3097	5702152_G_F_1
6135	10131	11100.2757	5702151_G_F_1
24515	10132	17197.700925	5702150_G_F_1
4625	10133	25728.9453	5800528_G_F_1
6137	10134	3438.25245	5702374_R_F_1
6139	10135	4912.709025	5702374_G_F_1
6141	10136	3418.936425	5702374_G_F_2
4627	10137	257.547	5800031_G_F_2
4629	10138	9616.1611125	5800527_G_F_1
4631	10139	6515.9391	5800034_R_F_4
11715	10140	3406.059075	5701670_R_F_1
11717	10141	4877.2963125	5701670_G_F_1
12277	10142	7114.735875	5702302_R_F_3
4663	10143	12056.4189375	5800326_G_F_1
24579	10144	28751.9032125	5800451_R_F_1
25161	10145	10205.299875	5800322_R_F_1
25163	10146	2707.4628375	5800322_G_F_1
24581	10147	8505.489675	5800452_R_F_1
4667	10148	8215.7493	5800144_R_F_1
4669	10149	21534.1485375	5800143_R_F_1
4671	10150	10163.4484875	5800142_R_F_1
4673	10151	6148.934625	5800141_G_F_1
10777	10152	981.8979375	5701711_G_F_1
12293	10153	12120.8056875	5701877_R_F_3
12295	10154	2849.1136875	5701877_G_F_6
10783	10155	18417.8298375	5701876_G_F_1
4277	10156	10675.32315	5701871_G_F_3
12297	10157	9825.41805	5701870_G_F_4
9101	10158	4233.4288125	5701873_G_F_1
8055	10159	6029.8191375	5701824_R_F_2
4401	10160	11473.71885	5701783_G_F_1
4403	10161	4207.6741125	5701783_G_F_3
4281	10162	27042.435	5701787_R_F_1
9109	10163	16389.6472125	5701786_G_F_1
9113	10164	24376.82355	5701789_G_F_1
24635	10165	21151.047375	5800137_G_F_1
24641	10166	29772.4332	5800138_R_F_1
25241	10167	10179.545175	5701926_R_F_1
25243	10168	17992.8772875	5701926_G_F_1
25239	10169	11016.572925	5701927_R_F_1
12567	10170	23359.5129	5800478_G_F_1
4783	10171	13540.533525	5702181_R_F_3
8255	10172	21060.905925	5800656_G_F_1
9055	10173	5073.6759	5702012_R_F_1
10931	10174	18797.7116625	5702113_G_F_1
6313	10175	3921.153075	5701956_G_F_2
10595	10176	21672.58005	5702050_R_F_2
7559	10177	12919.2013875	5701953_G_F_2
7561	10178	6641.4932625	5701953_G_F_5
6321	10179	9358.6141125	5701950_R_F_1
2559	10180	17603.33745	5800242_R_F_1
2561	10181	9806.102025	5800242_R_F_2
2563	10182	18279.398325	5800242_G_F_2
24765	10183	12542.5389	5702247_G_F_2
11035	10184	24924.110925	5702243_R_F_2
24745	10185	11818.1879625	5800366_R_F_1
24747	10186	1226.5675875	5800366_G_F_1
24749	10187	10086.1843875	5800365_G_F_4
2555	10188	23472.1897125	5800244_G_F_1
2565	10189	13885.0026375	5800243_R_F_1
2567	10190	10021.7976375	5800243_G_F_1
2569	10191	13540.533525	5800243_G_F_2
24767	10192	28317.29265	5702246_R_F_1
24737	10193	12623.0223375	5702244_R_F_3
24739	10194	14078.1628875	5702244_G_F_1
24771	10195	14338.929225	5702242_G_F_1
11039	10196	17802.936375	5702241_G_F_1
7987	10197	1146.08415	5702249_G_F_1
4891	10198	14467.702725	5702248_G_F_1
6431	10199	10337.2927125	5800564_R_F_1
6433	10200	14045.9695125	5800564_G_F_1
24819	10201	7884.1575375	5800561_R_F_1
8051	10202	157.7475375	5701826_G_F_1
8053	10203	15681.3929625	5701827_G_F_1
4931	10204	15687.8316375	5701763_R_F_2
8057	10205	653.5255125	5701825_R_F_2
8059	10206	8106.291825	5701825_G_F_2
4933	10207	8009.7117	5701989_R_F_1
4935	10208	347.68845	5701989_R_F_2
10421	10209	16586.0268	5800226_R_F_3
10423	10210	23430.338325	5800226_G_F_3
24845	10211	10507.9176	5800584_R_F_4
24847	10212	14429.070675	5800584_G_F_1
24849	10213	16650.41355	5800581_R_F_2
24851	10214	29064.17895	5800580_R_F_1
24853	10215	17577.58275	5800580_G_F_2
5895	10216	17587.2407625	5800225_G_F_2
8573	10217	12388.0107	5702134_G_F_1
8575	10218	7855.1835	5702137_R_F_1
8585	10219	10897.4574375	5702132_R_F_1
24953	10220	18256.8629625	5701965_G_F_1
2773	10221	8592.4117875	5702067_R_F_2
2775	10222	6618.9579	5702067_G_F_1
2777	10223	5482.5317625	5702067_G_F_2
24955	10224	11682.9757875	5701962_G_F_1
5029	10225	6068.4511875	5800206_R_F_1
5031	10226	8006.4923625	5800206_G_F_1
5033	10227	6860.4082125	5800206_G_F_2
5035	10228	3264.408225	5800208_G_F_1
5037	10229	0.0	5800209_G_F_2
2783	10230	11106.714375	5702068_R_F_1
2785	10231	7472.0823375	5702068_R_F_2
2787	10232	10282.563975	5702068_G_F_1
8877	10233	2540.0572875	5800411_R_F_1
8879	10234	12912.7627125	5800411_G_F_1
6541	10235	14184.401025	5702148_R_F_1
6543	10236	23198.546025	5702149_G_F_1
10507	10237	2414.503125	5800028_G_F_6
8215	10238	19930.9184625	5800385_R_F_1
8217	10239	2240.6589	5800385_R_F_2
8219	10240	21901.1530125	5800385_G_F_1
24651	10241	8370.2775	5800384_R_F_1
24653	10242	14293.8585	5800384_R_F_2
24655	10243	3512.2972125	5800384_G_F_1
10031	10244	9204.0859125	5800438_R_F_1
11339	10245	2034.6213	5800437_G_F_1
24999	10246	13971.92475	5800388_G_F_1
11341	10247	5163.81735	5800435_R_F_3
8887	10248	5553.3571875	5800414_G_F_1
10929	10249	9809.3213625	5800416_G_F_1
24821	10250	6786.36345	5800560_R_F_4
24823	10251	7761.8227125	5800560_G_F_2
5091	10252	11840.723325	5800449_R_F_1
6439	10253	16933.71525	5800563_G_F_1
6441	10254	2317.923	5800563_G_F_2
6315	10255	2697.804825	5701957_R_F_2
6317	10256	4742.0841375	5701957_G_F_5
6169	10257	1204.032225	5800440_R_F_1
6443	10258	3409.2784125	5800562_G_F_2
5093	10259	28970.8181625	5800446_R_F_1
2653	10260	5289.3715125	5800400_R_F_3
25041	10261	643.8675	5800151_R_F_3
11409	10262	18076.5800625	5800653_R_F_2
11411	10263	19937.3571375	5800653_G_F_1
25043	10264	6255.1727625	5800651_G_F_1
10893	10265	17722.4529375	5800650_G_F_1
11419	10266	7616.952525	5800655_R_F_1
6293	10267	7288.5801	5800654_R_F_1
6295	10268	8940.1002375	5800654_G_F_5
11115	10269	7977.518325	5800614_G_F_1
2889	10270	17864.1037875	5701794_R_F_1
11451	10271	5411.7063375	5800534_G_F_1
11453	10272	13299.0832125	5800535_G_F_1
11455	10273	8489.3929875	5800530_R_F_1
11457	10274	4152.945375	5800530_G_F_1
24565	10275	3348.111	5800455_R_F_1
24567	10276	12391.2300375	5800455_G_F_1
24569	10277	16357.4538375	5800454_R_F_1
24571	10278	1390.7538	5800454_G_F_1
24573	10279	9345.7367625	5800454_G_F_2
10573	10280	299.3983875	5800550_R_F_1
25139	10281	463.5846	5800456_R_F_1
25141	10282	11824.6266375	5800456_R_F_3
6687	10283	5080.114575	5701724_R_F_1
6689	10284	7716.7519875	5701724_G_F_1
6691	10285	3975.8818125	5701724_G_F_3
11505	10286	27013.4609625	5701727_G_F_1
3059	10287	27753.9085875	5701726_G_F_1
6699	10288	7060.0071375	5701721_R_F_1
6701	10289	23269.37145	5701721_G_F_1
25221	10290	6255.1727625	5701929_R_F_2
25223	10291	920.730525	5701928_R_F_1
25229	10292	19831.119	5701923_G_F_1
25231	10293	4239.8674875	5701922_G_F_2
25233	10294	21051.2479125	5701921_R_F_1
25235	10295	3673.2640875	5701921_G_F_1
25237	10296	11422.20945	5701920_R_F_1
25245	10297	5624.1826125	5701924_R_F_1
25247	10298	11148.5657625	5701924_G_F_1
10415	10299	0.0	5800348_R_F_1
10417	10300	8328.4261125	5800348_G_F_2
6789	10301	23665.3499625	5800370_R_F_1
6791	10302	321.93375	5800371_G_F_1
6793	10303	1091.3554125	5800372_G_F_1
10927	10304	6258.3921	5800373_G_F_1
3557	10305	8328.4261125	5800377_R_F_1
3559	10306	9187.989225	5800377_G_F_1
3561	10307	7446.3276375	5800377_G_F_2
9445	10308	15716.805675	5800279_R_F_3
9447	10309	6213.321375	5800278_R_F_1
9449	10310	7980.7376625	5800278_G_F_1
11641	10311	24676.2219375	5702039_R_F_1
1869	10312	17078.5854375	5800095_R_F_1
1871	10313	4909.4896875	5800095_R_F_3
3105	10314	8556.999075	5800273_R_F_1
3107	10315	212.476275	5800275_G_F_1
3109	10316	3843.888975	5800274_G_F_1
3111	10317	19283.831625	5800277_R_F_2
3113	10318	15465.69735	5800277_G_F_1
9451	10319	8315.5487625	5800276_G_F_1
25335	10320	13814.1772125	5702254_G_F_1
3115	10321	18829.9050375	5800053_R_F_1
3117	10322	11605.7116875	5800053_R_F_2
3977	10323	5057.5792125	5800055_G_F_1
3999	10324	833.8084125	5800054_R_F_1
25339	10325	22992.508425	5702252_G_F_1
3817	10326	202.8182625	5800056_R_F_1
3819	10327	354.127125	5800056_G_F_1
3123	10328	12841.9372875	5800506_R_F_1
3125	10329	13942.9507125	5800503_R_F_1
25367	10330	15774.75375	5701699_R_F_1
25369	10331	8650.3598625	5701699_G_F_1
23963	10332	12574.732275	5701698_G_F_1
24399	10333	14828.268525	5701695_R_F_1
8363	10334	8875.7134875	5701694_G_F_1
25305	10335	14525.6508	5701697_G_F_1
25307	10336	7076.103825	5701697_G_F_2
8365	10337	7542.9077625	5701691_G_F_1
25395	10338	11071.3016625	5701690_R_F_1
10647	10339	6206.8827	5701692_R_F_3
10649	10340	1348.9024125	5701692_G_F_1
10651	10341	4928.8057125	5701692_G_F_2
11681	10342	10810.535325	5800579_G_F_1
6167	10343	8917.564875	5800576_G_F_1
11707	10344	7497.8370375	5701677_G_F_1
11709	10345	9204.0859125	5701676_R_F_1
11711	10346	19808.5836375	5701674_R_F_1
11719	10347	14934.5066625	5701990_R_F_1
11721	10348	14561.0635125	5701990_G_F_1
11729	10349	20916.0357375	5701995_G_F_1
4449	10350	8940.1002375	5800510_R_F_1
11813	10351	13627.4556375	5800230_G_F_1
11815	10352	9722.39925	5800230_G_F_2
11929	10353	7005.2784	5702179_R_F_2
5497	10354	3763.4055375	5300318_R_F_1
1027	10355	1036.626675	5003844_R_F_1
1029	10356	1313.4897	5003844_G_F_2
1155	10357	936.8272125	5300089_G_F_1
5525	10358	2755.7529	5300083_G_F_1
5527	10359	5208.888075	5300083_G_F_4
5529	10360	10449.969525	5300082_G_F_1
5531	10361	5212.1074125	5300080_R_F_4
5533	10362	3013.2999	5300080_G_F_1
5535	10363	23951.871	5300087_R_F_1
5537	10364	19557.4753125	5300086_R_F_2
5539	10365	2659.172775	5300085_R_F_5
5541	10366	9120.3831375	5300085_G_F_1
1395	10367	24856.5048375	5300084_R_F_1
1397	10368	650.306175	5300084_R_F_2
1399	10369	341.249775	5300084_G_F_1
1057	10370	9551.7743625	5004311_R_F_4
8487	10371	15456.0393375	5003686_G_F_1
8489	10372	3286.9435875	5003686_G_F_4
10017	10373	5150.94	5003833_R_F_2
8495	10374	2478.889875	5003689_G_F_1
8497	10375	4140.068025	5003688_G_F_2
5565	10376	3010.0805625	5300227_R_F_1
5567	10377	16386.427875	5300226_R_F_1
5569	10378	7423.792275	5300226_G_F_1
5571	10379	12671.3124	5300225_R_F_1
5573	10380	917.5111875	5300225_G_F_1
5575	10381	1558.15935	5300224_R_F_1
5577	10382	231.7923	5300224_G_F_1
5579	10383	12239.921175	5300224_G_F_2
5581	10384	4980.3151125	5300222_G_F_1
5583	10385	7266.0447375	5300220_R_F_2
5585	10386	9574.309725	5300220_G_F_2
5515	10387	5688.5693625	5300315_R_F_1
5517	10388	9303.885375	5300314_G_F_1
12013	10389	0.0	5300252_R_F_1
12015	10390	2936.0358	5300252_R_F_3
7315	10391	8775.914025	5003784_R_F_2
7317	10392	19081.0133625	5003784_G_F_1
1175	10393	13434.2953875	5300256_R_F_1
1177	10394	1767.4162875	5300256_R_F_3
1179	10395	2073.25335	5300257_R_F_1
1181	10396	2469.2318625	5300257_R_F_3
1183	10397	14976.35805	5300257_R_F_4
1185	10398	814.4923875	5300257_R_F_5
1187	10399	4275.2802	5300257_G_F_6
1195	10400	5884.94895	5300259_R_F_5
1197	10401	12964.2721125	5300259_R_F_6
1199	10402	885.3178125	5300259_R_F_7
1201	10403	8244.7233375	5300259_G_F_1
12105	10404	13814.1772125	5004045_R_F_1
24123	10405	1600.0107375	5003418_R_F_1
24125	10406	5463.2157375	5003418_G_F_1
24127	10407	5305.4682	5003419_R_F_1
7171	10408	1648.3008	5003364_R_F_1
7173	10409	18318.030375	5003362_G_F_1
7175	10410	8573.0957625	5003363_G_F_1
7179	10411	0.0	5003369_R_F_5
7181	10412	5099.4306	5003369_G_F_1
5673	10413	4886.954325	5004211_G_F_1
12061	10414	0.0	5004210_G_F_1
7225	10415	19071.35535	5003965_R_F_1
7227	10416	1210.4709	5003965_G_F_2
7229	10417	4803.25155	5003967_R_F_2
7231	10418	882.098475	5003967_R_F_3
7233	10419	5598.4279125	5003967_G_F_1
7235	10420	13820.6158875	5003967_G_F_2
7237	10421	14837.9265375	5003960_R_F_2
7239	10422	4874.076975	5003960_G_F_2
7241	10423	8650.3598625	5003961_R_F_1
7243	10424	8779.1333625	5003961_R_F_2
7245	10425	10256.809275	5003961_G_F_1
7247	10426	10095.8424	5003961_G_F_4
10223	10427	14622.230925	5003565_R_F_1
10225	10428	29360.358	5003566_R_F_1
10231	10429	4462.001775	5003568_R_F_1
8611	10430	96.580125	5003931_R_F_1
3525	10431	9249.1566375	5003399_G_F_2
3531	10432	2607.663375	5003645_G_F_1
8423	10433	13318.3992375	5300269_R_F_1
8425	10434	12008.128875	5300269_G_F_1
7281	10435	13923.6346875	5300268_R_F_1
9675	10436	17992.8772875	5300340_R_F_1
7295	10437	8969.074275	5003890_G_F_1
7297	10438	11087.39835	5003891_G_F_1
7299	10439	6374.28825	5003892_R_F_2
7301	10440	17406.9578625	5003892_G_F_2
12101	10441	11618.5890375	5004049_R_F_4
10269	10442	22100.7519375	5003788_G_F_1
10271	10443	5167.0366875	5003789_G_F_1
10019	10444	13431.07605	5003836_R_F_2
10277	10445	15530.0841	5003786_G_F_1
10279	10446	21485.858475	5003787_G_F_1
4451	10447	7562.2237875	5004046_R_F_1
3571	10448	20423.4771	5003803_R_F_2
3573	10449	21357.084975	5003803_G_F_1
3575	10450	15275.7564375	5003807_R_F_1
3577	10451	12503.90685	5003807_G_F_1
3579	10452	26359.93545	5003806_R_F_1
3581	10453	21386.0590125	5003806_G_F_1
3583	10454	2356.55505	5003804_R_F_1
4463	10455	25097.95515	5003809_R_F_1
4465	10456	10791.2193	5003809_G_F_1
4467	10457	13492.2434625	5003808_G_F_1
24139	10458	5080.114575	5003411_G_F_1
24141	10459	27110.0410875	5003412_R_F_2
10561	10460	602.0161125	5004178_R_F_2
10563	10461	11354.6033625	5004178_G_F_1
9683	10462	3019.738575	5004134_R_F_1
9685	10463	498.9973125	5004134_R_F_2
9687	10464	5952.5550375	5004134_G_F_3
3645	10465	9864.0501	5004132_G_F_1
3647	10466	15839.1405	5004133_G_F_1
9693	10467	7304.6767875	5004131_G_F_1
3663	10468	11959.8388125	5003735_R_F_1
10337	10469	914.29185	5004030_R_F_1
1061	10470	19499.5272375	5300077_R_F_2
1063	10471	14696.2756875	5300077_G_F_1
10281	10472	6586.764525	5003783_R_F_1
5557	10473	975.4592625	5003523_R_F_1
5559	10474	9651.573825	5003523_R_F_2
5561	10475	3341.672325	5003523_G_F_1
5563	10476	25258.922025	5003523_G_F_2
10389	10477	17896.2971625	5004250_R_F_1
10391	10478	9429.4395375	5300169_G_F_2
10393	10479	12610.1449875	5300164_R_F_1
10395	10480	7626.6105375	5300164_G_F_1
10397	10481	14667.30165	5300165_G_F_1
10399	10482	28191.7384875	5300167_R_F_1
10401	10483	7909.9122375	5300167_G_F_1
10403	10484	8038.6857375	5300162_R_F_1
10405	10485	18025.0706625	5300162_G_F_1
12549	10486	5035.04385	5003491_R_F_3
24267	10487	13814.1772125	5300218_G_F_2
10443	10488	17419.8352125	5003995_G_F_2
10445	10489	14982.796725	5003994_R_F_2
10447	10490	10739.7099	5003994_R_F_3
10449	10491	1049.504025	5003994_G_F_2
10451	10492	16161.07425	5003997_R_F_2
10453	10493	2160.1754625	5003996_R_F_1
8875	10494	14522.4314625	5003858_R_F_1
10457	10495	4590.775275	5003990_G_F_1
10459	10496	16315.60245	5003993_R_F_1
10461	10497	6799.2408	5003854_R_F_1
10463	10498	3982.3204875	5003854_G_F_1
8881	10499	4568.2399125	5003855_R_F_1
10465	10500	86.9221125	5003857_G_F_1
24271	10501	16148.1969	5300090_G_F_3
24273	10502	7233.8513625	5300095_G_F_1
4223	10503	8450.7609375	5003450_R_F_3
1857	10504	3154.95075	5003451_R_F_1
1859	10505	9751.3732875	5003451_R_F_2
1861	10506	21688.6767375	5003451_G_F_1
8899	10507	20565.12795	5003453_R_F_1
8901	10508	4046.7072375	5003454_R_F_4
4225	10509	1393.9731375	5003455_R_F_2
8909	10510	5511.5058	5300002_R_F_1
10489	10511	22580.433225	5003691_R_F_1
10491	10512	24708.4153125	5003691_G_F_1
8913	10513	4568.2399125	5300006_G_F_1
11847	10514	19512.4045875	5003694_R_F_2
11849	10515	7420.5729375	5003694_G_F_1
1885	10516	15771.5344125	5300004_R_F_1
5917	10517	26810.6427	5003511_R_F_1
5919	10518	20310.8002875	5003511_G_F_1
5921	10519	0.0	5003511_G_F_3
24285	10520	6309.9015	5003512_R_F_1
5925	10521	8132.046525	5003514_R_F_2
5927	10522	5456.7770625	5003514_G_F_2
5929	10523	4481.3178	5003514_G_F_4
5931	10524	6490.1844	5003517_G_F_1
5933	10525	2153.7367875	5003516_R_F_1
5935	10526	2791.1656125	5003516_G_F_1
5937	10527	26652.8951625	5003516_G_F_2
1929	10528	24776.0214	5004070_R_F_1
1931	10529	177.0635625	5004070_G_F_2
1933	10530	334.8111	5004070_G_F_3
25505	10531	2546.4959625	5003770_G_F_1
5983	10532	7530.0304125	5003773_R_F_3
5985	10533	11637.9050625	5003773_G_F_1
5987	10534	10524.0142875	5003773_G_F_4
6835	10535	18227.888925	5003404_R_F_1
6837	10536	24718.073325	5003404_G_F_1
10571	10537	2144.078775	5004175_G_F_1
10569	10538	20446.0124625	5004177_G_F_1
12191	10539	1416.5085	5004299_G_F_3
11623	10540	9503.4843	5004298_G_F_3
12195	10541	946.485225	5004297_G_F_4
12199	10542	18047.606025	5004291_G_F_1
1977	10543	13321.618575	5004109_G_F_1
1979	10544	8354.1808125	5004109_G_F_2
1981	10545	4703.4520875	5004108_R_F_1
1983	10546	14957.042025	5004108_R_F_2
1985	10547	12252.798525	5004108_G_F_3
1987	10548	27734.5925625	5004107_R_F_1
1989	10549	8363.838825	5004107_G_F_2
1991	10550	2089.3500375	5004106_R_F_1
1993	10551	6184.3473375	5004106_R_F_2
1995	10552	86.9221125	5004106_R_F_3
1997	10553	347.68845	5004106_G_F_1
1999	10554	14693.05635	5004106_G_F_3
2001	10555	19055.2586625	5004105_R_F_1
2003	10556	6573.887175	5004105_R_F_2
2005	10557	0.0	5004105_R_F_3
2007	10558	1439.0438625	5004105_G_F_1
2009	10559	27155.1118125	5004104_R_F_1
2011	10560	18949.020525	5004104_G_F_1
2013	10561	4983.53445	5004103_R_F_1
2015	10562	6000.8451	5004103_G_F_1
2017	10563	18755.860275	5004102_G_F_1
2019	10564	4069.2426	5004101_R_F_2
2475	10565	9200.866575	5003869_R_F_1
2477	10566	11541.3249375	5003869_G_F_1
6827	10567	13736.9131125	5003792_R_F_1
6829	10568	15996.8880375	5003792_G_F_1
6067	10569	7742.5066875	5004204_R_F_1
6069	10570	41.8513875	5004204_G_F_1
24445	10571	26788.1073375	5004205_R_F_1
24447	10572	14081.382225	5004206_G_F_1
6071	10573	6889.38225	5004203_R_F_1
6073	10574	86.9221125	5004203_G_F_1
24463	10575	4700.23275	5004209_R_F_1
10689	10576	4851.5416125	5003951_R_F_1
1087	10577	23301.564825	5300078_R_F_2
24483	10578	6348.53355	5300050_G_F_2
25013	10579	5315.1262125	5003432_G_F_1
6833	10580	10485.3822375	5003405_R_F_2
4575	10581	2691.36615	5003655_G_F_2
3127	10582	6985.962375	5003551_R_F_1
11377	10583	12394.449375	5300123_G_F_1
11379	10584	1329.5863875	5300123_G_F_3
10739	10585	0.0	5300124_R_F_11
10741	10586	14731.6884	5300124_G_F_3
7783	10587	21872.178975	5300125_G_F_1
10709	10588	23076.2112	5300126_R_F_1
10711	10589	22763.9354625	5300126_G_F_1
4619	10590	801.6150375	5003381_R_F_4
4621	10591	7027.8137625	5003381_G_F_1
4623	10592	11460.8415	5003382_G_F_1
24517	10593	10211.73855	5300279_G_F_1
9855	10594	8708.3079375	5300372_R_F_1
24521	10595	8312.329425	5300270_G_F_1
24523	10596	19457.67585	5300271_R_F_1
24525	10597	31784.5191375	5300272_R_F_1
24527	10598	106.2381375	5300272_G_F_1
24529	10599	5830.2202125	5300275_G_F_1
24531	10600	24138.592575	5300276_R_F_1
24533	10601	6889.38225	5300276_G_F_1
24535	10602	9828.6373875	5300277_R_F_1
24537	10603	10952.186175	5300277_R_F_2
12239	10604	19586.44935	5300058_G_F_1
9873	10605	6915.13695	5003810_G_F_1
9875	10606	14673.740325	5003811_R_F_1
9877	10607	12117.58635	5003812_R_F_1
9879	10608	144.8701875	5003812_G_F_2
7839	10609	5653.15665	5003421_R_F_1
7841	10610	6982.7430375	5003421_G_F_1
24881	10611	1641.862125	5003420_G_F_1
9887	10612	10292.2219875	5004093_G_F_1
9373	10613	12816.1825875	5004094_R_F_1
9375	10614	1561.3786875	5004094_R_F_2
9889	10615	6268.0501125	5004097_R_F_1
9891	10616	9645.13515	5004097_G_F_1
9377	10617	5067.237225	5004096_G_F_1
9893	10618	10002.4816125	5004098_R_F_2
4675	10619	11605.7116875	5004143_R_F_1
4677	10620	6210.1020375	5004142_R_F_1
4685	10621	7082.5425	5004147_R_F_1
4687	10622	8473.2963	5004146_G_F_1
4689	10623	14451.6060375	5004146_G_F_5
4691	10624	4326.7896	5004144_R_F_1
4693	10625	2127.9820875	5004144_G_F_1
9905	10626	7256.386725	5004149_R_F_1
9927	10627	10994.0375625	5003723_R_F_1
9929	10628	7114.735875	5003720_R_F_1
7885	10629	5527.6024875	5004248_R_F_1
7887	10630	26038.0017	5004249_G_F_1
7897	10631	7285.3607625	5004242_G_F_1
7899	10632	9683.7672	5004243_R_F_1
7901	10633	1934.8218375	5004243_G_F_1
7903	10634	1384.315125	5004244_G_F_1
3569	10635	2858.7717	5004245_G_F_1
7337	10636	11180.7591375	5300159_R_F_2
7339	10637	7600.8558375	5300159_G_F_2
6271	10638	17445.5899125	5300158_R_F_1
6273	10639	1236.2256	5300158_G_F_1
6275	10640	180.2829	5300158_G_F_5
6291	10641	11525.22825	5300157_G_F_3
6341	10642	5286.152175	5003983_R_F_1
6343	10643	17329.6937625	5003983_G_F_1
6345	10644	16769.5290375	5003986_G_F_1
6347	10645	22796.1288375	5003987_R_F_1
6349	10646	12555.41625	5003987_G_F_1
7733	10647	23623.498575	5003984_G_F_1
6355	10648	14676.9596625	5003985_G_F_1
2493	10649	25043.2264125	5003861_R_F_1
2495	10650	11357.8227	5003861_G_F_1
2497	10651	7591.197825	5003863_R_F_1
6361	10652	17162.2882125	5003989_R_F_3
6363	10653	9915.5595	5003989_G_F_1
6365	10654	19019.84595	5003989_G_F_3
2499	10655	4993.1924625	5003865_R_F_1
2501	10656	3206.46015	5003865_G_F_3
2503	10657	11898.6714	5003864_R_F_1
2505	10658	5820.5622	5003864_G_F_1
2507	10659	2137.6401	5003867_G_F_1
2509	10660	4787.1548625	5003867_G_F_2
2511	10661	10192.422525	5003866_R_F_1
2513	10662	7101.858525	5003866_G_F_3
2547	10663	24331.752825	5300012_G_F_1
12355	10664	7610.51385	5003919_R_F_1
12357	10665	4806.4708875	5003919_R_F_2
2553	10666	2417.7224625	5300017_R_F_1
2571	10667	24148.2505875	5003486_R_F_1
2573	10668	4049.926575	5003485_R_F_3
2575	10669	12832.279275	5003484_R_F_1
6399	10670	16772.748375	5300207_G_F_1
24799	10671	4275.2802	5003767_G_F_1
2645	10672	12812.96325	5004068_G_F_2
11091	10673	5018.9471625	5003769_G_F_4
6427	10674	20893.500375	5300335_R_F_1
6429	10675	19103.548725	5300333_G_F_3
6437	10676	8099.85315	5300338_R_F_2
9851	10677	10910.3347875	5300370_R_F_3
9853	10678	5875.2909375	5300370_G_F_4
2669	10679	27441.63285	5004289_G_F_1
2671	10680	9252.375975	5004285_G_F_1
2673	10681	4812.9095625	5004282_R_F_1
2675	10682	14400.0966375	5004282_G_F_1
2677	10683	212.476275	5004283_R_F_1
2679	10684	32431.605975	5004283_G_F_1
2681	10685	3306.2596125	5003717_G_F_1
2683	10686	0.0	5003716_G_F_1
9267	10687	19985.6472	5004116_R_F_1
9269	10688	10089.403725	5004116_G_F_3
2685	10689	7108.2972	5004117_R_F_1
2687	10690	833.8084125	5004117_G_F_1
12421	10691	15362.67855	5004111_R_F_3
12423	10692	2482.1092125	5004111_G_F_1
2689	10693	17397.29985	5004112_R_F_1
2549	10694	8354.1808125	5300014_R_F_6
1943	10695	1583.91405	5300253_R_F_1
5469	10696	7317.5541375	5003302_G_F_2
8107	10697	11399.6740875	5003308_G_F_1
9251	10698	22512.8271375	5004065_R_F_1
9253	10699	299.3983875	5004065_G_F_1
9255	10700	12291.430575	5004065_G_F_2
8139	10701	17571.144075	5300061_G_F_1
10455	10702	3699.0187875	5003991_G_F_1
11295	10703	1628.984775	5003546_R_F_2
11297	10704	14947.3840125	5003546_G_F_1
11299	10705	3402.8397375	5003547_G_F_1
11769	10706	10884.5800875	5300303_R_F_1
11335	10707	8135.2658625	5300368_R_F_2
11337	10708	24074.205825	5300368_G_F_2
10469	10709	28916.089425	5300306_R_F_1
8231	10710	1126.768125	5004304_R_F_4
8233	10711	5643.4986375	5004304_G_F_1
8235	10712	3267.6275625	5004301_G_F_2
8241	10713	6094.2058875	5004303_R_F_1
5897	10714	9732.0572625	5300308_R_F_1
11057	10715	5633.840625	5004153_G_F_1
11067	10716	14995.674075	5004154_G_F_1
11439	10717	18012.1933125	5004155_G_F_1
7221	10718	5138.06265	5003964_R_F_2
7223	10719	11344.94535	5003964_G_F_5
11459	10720	1593.5720625	5300249_R_F_4
8269	10721	30007.4448375	5004275_R_F_1
8271	10722	29418.306075	5004275_G_F_1
8273	10723	14171.523675	5004277_G_F_1
6661	10724	9896.243475	5004276_G_F_1
6735	10725	5807.68485	5004278_R_F_1
11559	10726	10289.00265	5003377_R_F_4
11561	10727	10887.799425	5003377_G_F_3
11625	10728	1129.9874625	5003567_R_F_1
12547	10729	1464.7985625	5003494_G_F_2
3119	10730	6905.4789375	5300354_G_F_1
3781	10731	15353.0205375	5300353_G_F_1
3783	10732	3760.1862	5300352_G_F_1
3121	10733	22641.6006375	5300351_G_F_1
12551	10734	2411.2837875	5003493_G_F_1
25345	10735	7552.565775	5300214_R_F_3
25347	10736	5212.1074125	5300214_G_F_3
11661	10737	4471.6597875	5300213_R_F_1
12553	10738	11470.4995125	5300211_R_F_2
12555	10739	11264.4619125	5300211_G_F_1
6813	10740	26308.42605	5003888_R_F_1
25359	10741	12858.033975	5003882_R_F_1
25361	10742	23758.71075	5003882_G_F_1
24335	10743	17365.106475	5003886_R_F_1
25363	10744	27824.7340125	5003885_R_F_1
6823	10745	24428.33295	5003794_G_F_1
6825	10746	8556.999075	5003793_G_F_1
9481	10747	3905.0563875	5300281_G_F_1
9483	10748	27856.9273875	5300280_R_F_1
9485	10749	956.1432375	5300280_G_F_1
9487	10750	676.060875	5300283_G_F_1
9489	10751	7249.94805	5300283_G_F_2
9491	10752	9255.5953125	5300282_R_F_1
6839	10753	25023.9103875	5003403_R_F_1
9493	10754	949.7045625	5300284_R_F_1
6841	10755	17088.24345	5003401_R_F_1
6843	10756	173.844225	5003401_G_F_1
6847	10757	26240.8199625	5003401_G_F_2
10283	10758	22879.8316125	5003400_R_F_2
9513	10759	2134.4207625	5003704_R_F_1
9515	10760	849.9051	5003704_G_F_1
3217	10761	5315.1262125	5004128_G_F_1
3219	10762	1220.1289125	5003706_G_F_1
3221	10763	11914.7680875	5003706_G_F_4
9517	10764	1078.4780625	5003707_R_F_1
9519	10765	3454.3491375	5003707_G_F_1
3223	10766	8833.8621	5003703_R_F_1
7283	10767	10939.308825	5300260_G_F_1
11599	10768	11679.75645	5300171_R_F_1
11601	10769	14837.9265375	5300171_G_F_1
11033	10770	11486.5962	5300170_G_F_1
5463	10771	3145.2927375	5003637_R_F_1
5465	10772	2073.25335	5003639_G_F_2
5989	10773	460.3652625	5003772_G_F_1
25515	10774	10437.092175	5300105_G_F_1
1007	10775	11042.327625	6100734_R_F_1
1009	10776	14599.6955625	6100734_G_F_1
5495	10777	25229.9479875	6100735_R_F_1
1033	10778	32090.3562	6100736_R_F_2
4143	10779	12085.392975	6100041_G_F_1
1043	10780	1873.654425	6100730_R_F_2
1045	10781	11315.9713125	6100730_G_F_5
1047	10782	17912.39385	6100047_R_F_2
4145	10783	17181.6042375	6100044_R_F_1
4147	10784	14992.4547375	6100044_G_F_1
4149	10785	10002.4816125	6100045_G_F_1
5513	10786	21015.8352	6100049_R_F_1
5507	10787	1522.7466375	6100732_G_F_1
10003	10788	7282.141425	6000418_R_F_1
10005	10789	1303.8316875	6000418_G_F_1
10007	10790	18691.473525	6000419_R_F_1
10009	10791	444.268575	6000419_G_F_1
11229	10792	280.0823625	5901379_R_F_2
11567	10793	4883.7349875	6100439_R_F_2
8863	10794	1802.829	6100039_R_F_1
7119	10795	5099.4306	6000110_R_F_1
1167	10796	5720.7627375	6000467_R_F_1
1169	10797	7369.0635375	6000467_G_F_1
1171	10798	5147.7206625	6000466_R_F_1
1173	10799	8283.3553875	6000466_R_F_2
1207	10800	9020.583675	6000468_R_F_1
24997	10801	10656.007125	6100050_G_F_1
1253	10802	8180.3365875	5901381_R_F_2
1255	10803	9941.3142	5901381_G_F_1
8527	10804	21151.047375	5901380_R_F_1
8529	10805	5266.83615	5901380_G_F_1
9079	10806	16608.5621625	5901383_R_F_2
9081	10807	6071.670525	5901383_G_F_1
1261	10808	0.0	5901382_R_F_1
1263	10809	3821.3536125	5901382_R_F_3
1265	10810	862.78245	5901382_G_F_1
10115	10811	1223.34825	6000027_R_F_1
10117	10812	4944.9024	6000026_R_F_2
3099	10813	10907.11545	6100315_R_F_4
10125	10814	1355.3410875	6000029_R_F_1
10127	10815	5279.7135	6000029_R_F_2
10129	10816	714.692925	6000028_R_F_3
9629	10817	0.0	6100495_R_F_1
3475	10818	80.4834375	6100494_R_F_1
3477	10819	453.9265875	6100494_G_F_2
3479	10820	7645.9265625	6100494_G_F_3
9631	10821	13305.5218875	6100497_R_F_2
3481	10822	2868.4297125	6100496_G_F_2
7159	10823	1812.4870125	6100559_G_F_2
9637	10824	592.3581	6100493_R_F_1
7161	10825	31475.4627375	6100557_R_F_1
7163	10826	26285.8906875	6100550_R_F_1
7165	10827	6699.4413375	6100550_G_F_1
9639	10828	12194.85045	6000203_R_F_1
9643	10829	10437.092175	6000209_G_F_1
7193	10830	8434.66425	6000363_R_F_1
7195	10831	453.9265875	6100420_G_F_1
7197	10832	15501.1100625	6100421_R_F_1
7199	10833	18485.435925	6100421_G_F_1
6537	10834	10459.6275375	6100423_R_F_1
6539	10835	13704.7197375	6100423_G_F_1
7201	10836	3315.917625	6100424_G_F_1
7203	10837	15942.1593	6100425_R_F_1
7205	10838	15549.400125	6100425_G_F_1
7209	10839	7665.2425875	6100427_R_F_1
7211	10840	20938.5711	6100427_G_F_1
6551	10841	6992.40105	6100429_G_F_1
9649	10842	2028.182625	6100671_R_F_1
9651	10843	8122.3885125	6100671_G_F_1
9653	10844	228.5729625	6100673_R_F_1
9655	10845	23353.074225	6100672_R_F_1
9657	10846	25313.6507625	6100672_G_F_1
24721	10847	1538.843325	6000291_G_F_1
6861	10848	2762.191575	6100394_G_F_1
7279	10849	8399.2515375	6100170_G_F_2
5743	10850	9062.4350625	6000092_R_F_1
10609	10851	12767.892525	5901353_R_F_3
10611	10852	11834.28465	5901353_G_F_2
24107	10853	3850.32765	6100372_R_F_2
24111	10854	28468.6015125	6100072_R_F_1
24113	10855	21756.282825	6100072_G_F_1
12097	10856	23478.6283875	6100071_R_F_1
24115	10857	5987.96775	6100070_R_F_1
24117	10858	11270.9005875	6100070_G_F_1
24119	10859	8460.41895	6100379_R_F_1
3585	10860	2082.9113625	6000421_R_F_1
3587	10861	1480.89525	6000420_R_F_1
3589	10862	180.2829	6000420_R_F_2
3591	10863	10668.884475	6000420_G_F_1
3593	10864	13321.618575	6000427_R_F_1
3595	10865	29617.905	6000426_R_F_1
3597	10866	3689.360775	6000426_G_F_1
3599	10867	1590.352725	6000425_R_F_4
3601	10868	8637.4825125	6000425_G_F_2
3603	10869	12478.15215	6000424_R_F_1
3605	10870	21585.6579375	6000424_G_F_1
3629	10871	7864.8415125	6100106_G_F_2
3633	10872	15655.6382625	6100103_R_F_1
3635	10873	3016.5192375	6100102_G_F_1
3637	10874	10504.6982625	6100101_R_F_1
9707	10875	119.1154875	6000063_R_F_1
10311	10876	13286.2058625	6000062_R_F_1
9709	10877	3486.5425125	6000061_G_F_1
10345	10878	9860.8307625	6100450_R_F_1
10347	10879	3843.888975	6100450_G_F_1
8729	10880	1854.3384	6000320_R_F_2
8731	10881	4133.62935	6000320_G_F_1
8733	10882	1413.2891625	6000321_R_F_1
8735	10883	4278.4995375	6000321_G_F_1
10353	10884	16734.116325	5901350_R_F_1
10355	10885	18990.8719125	5901350_G_F_1
10357	10886	7884.1575375	5901351_R_F_1
10359	10887	13366.6893	5901351_R_F_2
10361	10888	17854.445775	5901351_G_F_1
8737	10889	16447.5952875	6000324_R_F_1
10363	10890	653.5255125	5901357_R_F_1
10367	10891	6796.0214625	5901358_R_F_1
10369	10892	3286.9435875	5901358_G_F_1
10371	10893	15256.4404125	5901359_R_F_1
10373	10894	2501.4252375	5901359_G_F_1
12545	10895	3383.5237125	6100228_G_F_4
8789	10896	0.0	6100208_G_F_1
8791	10897	3183.9247875	6100208_G_F_2
1697	10898	9384.3688125	6100209_R_F_3
1699	10899	4362.2023125	6100209_G_F_1
1701	10900	11682.9757875	6100209_G_F_2
8795	10901	1918.72515	6100204_G_F_2
8797	10902	13122.01965	6100206_G_F_3
8799	10903	3602.4386625	6100207_R_F_2
8801	10904	4725.98745	6100201_G_F_1
8803	10905	7658.8039125	6100202_R_F_1
8805	10906	1674.0555	6100202_G_F_1
8807	10907	5517.944475	6100203_R_F_1
8809	10908	1551.720675	6100203_G_F_1
8821	10909	13163.8710375	6000492_R_F_1
8823	10910	7452.7663125	6000493_R_F_1
8825	10911	1062.381375	6000493_G_F_1
8827	10912	21588.877275	6000490_R_F_1
8829	10913	19341.7797	6000491_R_F_2
1723	10914	8486.17365	6100683_R_F_1
1725	10915	1461.579225	6100683_R_F_2
1727	10916	15301.5111375	6100683_R_F_3
1729	10917	3312.6982875	6100683_G_F_1
1731	10918	13543.7528625	6100683_G_F_2
5883	10919	296.17905	6000391_G_F_1
1741	10920	24186.8826375	6100685_R_F_1
1743	10921	1200.8128875	6100685_R_F_2
1745	10922	24689.0992875	6100685_G_F_2
1747	10923	2375.871075	6100685_G_F_3
5887	10924	6158.5926375	6000393_R_F_1
5889	10925	341.249775	6000393_R_F_2
5891	10926	595.5774375	6000393_G_F_1
24241	10927	1979.8925625	6000392_G_F_1
1753	10928	13788.4225125	6100688_R_F_1
1755	10929	5060.79855	6100688_R_F_3
1757	10930	7697.4359625	6100688_R_F_4
1759	10931	6618.9579	6100688_G_F_1
1761	10932	11528.4475875	6100688_G_F_2
1767	10933	9497.045625	6000250_R_F_1
1771	10934	6400.04295	6000252_R_F_1
1773	10935	0.0	6000253_R_F_3
8855	10936	21225.0921375	6100510_R_F_1
10427	10937	11493.034875	6100511_R_F_1
10429	10938	3760.1862	6100511_G_F_1
4199	10939	22989.2890875	6100513_R_F_1
4201	10940	4606.8719625	6100513_G_F_1
8861	10941	15201.711675	6100514_G_F_2
9731	10942	10070.0877	6000193_G_F_1
1839	10943	170.6248875	6100338_R_F_2
1841	10944	5524.38315	6100338_G_F_4
1843	10945	2887.7457375	6100338_G_F_5
1845	10946	21151.047375	6100339_R_F_1
1847	10947	3557.3679375	6100339_G_F_2
5509	10948	16.0966875	6100733_R_F_2
5511	10949	4944.9024	6100733_G_F_1
1851	10950	29943.0580875	6100336_R_F_2
4221	10951	10250.3706	6100337_G_F_3
5913	10952	15227.466375	6100636_R_F_1
11127	10953	12906.3240375	6100639_R_F_1
11129	10954	11039.1082875	6100639_G_F_2
1897	10955	11412.5514375	6100020_R_F_1
3049	10956	18401.73315	6100141_R_F_1
5975	10957	15211.3696875	6100140_G_F_1
5403	10958	14554.6248375	6100146_G_F_1
24313	10959	6525.5971125	6100145_G_F_1
5409	10960	99.7994625	6100144_R_F_1
5411	10961	1880.0931	6100144_G_F_1
11861	10962	5337.661575	6000108_R_F_1
11863	10963	9274.9113375	6000108_G_F_1
12559	10964	7146.92925	6100005_G_F_1
24329	10965	17426.2738875	6000104_R_F_1
24331	10966	8215.7493	6000104_G_F_1
24245	10967	5138.06265	6000107_R_F_1
8971	10968	28.9740375	6000475_R_F_1
8973	10969	17876.9811375	6000475_G_F_1
4009	10970	12603.7063125	6100001_G_F_1
8975	10971	24994.93635	6000479_R_F_1
2445	10972	23378.828925	6100528_R_F_1
2447	10973	8830.6427625	6100528_G_F_1
8977	10974	7507.49505	5901394_R_F_1
8979	10975	21247.6275	5901394_G_F_1
8981	10976	12117.58635	5901392_R_F_2
7663	10977	4532.8272	6000030_R_F_1
7665	10978	988.3366125	6000030_G_F_1
7667	10979	1010.871975	6000033_R_F_1
4051	10980	16254.4350375	6100480_R_F_1
4053	10981	2144.078775	6100480_G_F_1
4055	10982	13666.0876875	6100481_R_F_1
4057	10983	4960.9990875	6100481_G_F_1
10435	10984	23072.9918625	6100560_R_F_2
10437	10985	1902.6284625	6100560_G_F_1
4063	10986	5917.142325	6000212_R_F_6
4065	10987	5170.256025	6000212_G_F_1
4067	10988	8518.367025	6000212_G_F_4
4069	10989	7887.376875	6000213_G_F_4
4071	10990	148.089525	6000213_G_F_5
4073	10991	12577.9516125	6000214_R_F_1
4075	10992	8421.7869	6000214_G_F_1
4077	10993	6831.434175	6000214_G_F_2
4079	10994	0.0	6000215_R_F_2
4081	10995	10939.308825	6000215_G_F_2
4083	10996	753.324975	6000216_G_F_3
4085	10997	5675.6920125	6000217_G_F_1
4087	10998	6210.1020375	6000217_G_F_2
4089	10999	0.0	6000218_R_F_1
4091	11000	15201.711675	6000218_G_F_2
4093	11001	0.0	6000219_G_F_1
4095	11002	7591.197825	6000219_G_F_4
4097	11003	138.4315125	6000219_G_F_5
7731	11004	4152.945375	6000359_R_F_1
6055	11005	2095.7887125	5901363_R_F_2
6057	11006	11174.3204625	5901362_R_F_1
6063	11007	18176.379525	5901365_R_F_2
6065	11008	16341.35715	5901364_R_F_1
2211	11009	5598.4279125	6100668_R_F_1
2213	11010	3051.93195	6100668_R_F_2
2215	11011	7958.2023	6100668_G_F_1
9823	11012	13907.538	6100669_G_F_1
9825	11013	20394.5030625	6100666_R_F_1
9827	11014	1593.5720625	6100667_R_F_1
9829	11015	20600.5406625	6100667_G_F_1
9831	11016	20503.9605375	6100664_G_F_1
4137	11017	1690.1521875	6100665_R_F_1
4139	11018	14380.7806125	6100665_R_F_2
9833	11019	6251.953425	6100663_G_F_1
9835	11020	5147.7206625	6100661_R_F_1
9223	11021	1648.3008	6100659_G_F_1
4585	11022	737.2282875	6000502_R_F_5
4587	11023	6789.5827875	6000502_G_F_1
4589	11024	682.49955	6000503_R_F_1
4591	11025	7227.4126875	6000503_G_F_1
24497	11026	15394.871925	6100245_R_F_1
24499	11027	965.80125	6100245_G_F_1
24501	11028	8096.6338125	6100246_R_F_1
24059	11029	10240.7125875	6100247_R_F_1
24503	11030	9365.0527875	6100248_R_F_1
24505	11031	2221.342875	6100248_G_F_1
24507	11032	643.8675	6100249_R_F_2
24509	11033	737.2282875	6100249_G_F_1
7807	11034	1690.1521875	6100186_R_F_1
7809	11035	7182.3419625	6100184_G_F_1
7811	11036	11637.9050625	6100183_R_F_1
7813	11037	16041.9587625	6100183_G_F_1
2701	11038	10269.686625	6100068_R_F_3
2703	11039	15507.5487375	6100068_G_F_1
7817	11040	13753.0098	6100342_G_F_1
7819	11041	6860.4082125	6100345_R_F_2
7821	11042	2501.4252375	6100345_G_F_1
24551	11043	4210.89345	6100747_R_F_1
24553	11044	16763.0903625	6100747_G_F_1
25115	11045	2932.8164625	6100743_R_F_4
9881	11046	6319.5595125	6000430_G_F_1
9883	11047	1294.173675	6000430_G_F_2
9885	11048	11779.5559125	6000431_G_F_2
6061	11049	8367.0581625	5901367_G_F_1
6175	11050	57.948075	6000179_G_F_1
2351	11051	28636.0070625	6000319_R_F_1
2353	11052	6606.08055	6000318_R_F_1
2355	11053	5704.66605	6000315_R_F_1
2357	11054	9300.6660375	6000315_G_F_1
2359	11055	30213.4824375	6000314_R_F_1
2361	11056	12101.4896625	6000317_R_F_1
2363	11057	3631.4127	6000317_G_F_1
2365	11058	29830.381275	6000316_R_F_1
2367	11059	12449.1781125	6000311_G_F_1
2383	11060	11006.9149125	6100239_R_F_1
2385	11061	4532.8272	6100239_G_F_1
2387	11062	23919.677625	6100238_R_F_1
2389	11063	14091.0402375	6100238_G_F_1
2391	11064	23703.9820125	6100235_R_F_1
2393	11065	24737.38935	6100235_G_F_1
2395	11066	24148.2505875	6100234_R_F_1
2397	11067	18475.7779125	6100234_G_F_1
2399	11068	23552.67315	6100236_R_F_1
2401	11069	23256.4941	6100236_G_F_1
12475	11070	14342.1485625	6000045_R_F_1
12477	11071	6709.09935	6000045_G_F_1
10485	11072	4223.7708	6000384_R_F_2
9197	11073	22451.659725	6000262_G_F_1
9201	11074	29820.7232625	6000264_R_F_1
9203	11075	0.0	6000267_R_F_1
9205	11076	10343.7313875	6000267_G_F_1
2735	11077	2997.2032125	6000266_R_F_4
2737	11078	3589.5613125	6000266_G_F_1
6327	11079	0.0	6100442_G_F_1
7615	11080	2266.4136	6100443_R_F_1
2453	11081	21627.509325	6100525_R_F_1
4311	11082	12719.6024625	6100524_G_F_2
6337	11083	0.0	6100449_R_F_2
6339	11084	859.5631125	6100449_R_F_3
4317	11085	7156.5872625	6100657_R_F_1
4319	11086	4275.2802	6100657_R_F_2
4825	11087	1580.6947125	6000181_R_F_1
4827	11088	5060.79855	6000181_G_F_1
10973	11089	93.3607875	6000182_R_F_1
4321	11090	13386.005325	6100653_R_F_2
12485	11091	6364.6302375	6000043_R_F_2
9217	11092	621.3321375	6100302_G_F_1
10985	11093	6165.0313125	6000188_G_F_1
10987	11094	17323.2550875	6000189_R_F_1
6367	11095	6934.452975	6100712_R_F_2
6369	11096	3451.1298	6100710_G_F_1
4407	11097	9329.640075	6100658_G_F_1
24293	11098	10971.5022	6000125_R_F_2
24295	11099	11486.5962	6000125_G_F_2
1717	11100	2916.719775	6100682_R_F_2
1719	11101	7954.9829625	6100682_G_F_1
1721	11102	12075.7349625	6100682_G_F_2
4895	11103	6589.9838625	6000135_R_F_2
4897	11104	11322.4099875	6000135_G_F_1
7993	11105	2024.9632875	6000134_G_F_1
4905	11106	6.438675	6000137_R_F_1
4907	11107	199.598925	6000137_G_F_1
7995	11108	1609.66875	6000136_G_F_1
4925	11109	8164.2399	6000131_R_F_3
11119	11110	15874.5532125	6100016_R_F_1
1733	11111	13421.4180375	6100684_R_F_1
1735	11112	13865.6866125	6100684_R_F_2
1737	11113	267.2050125	6100684_R_F_3
1739	11114	1403.63115	6100684_G_F_1
8003	11115	6561.009825	6000139_R_F_1
8005	11116	3180.70545	6000139_R_F_2
8007	11117	3940.4691	6000139_G_F_1
24791	11118	20024.27925	6100155_R_F_3
11071	11119	13305.5218875	6100156_R_F_1
11073	11120	1014.0913125	6100156_G_F_1
5885	11121	6020.161125	6000390_G_F_1
1749	11122	508.655325	6100687_R_F_1
1751	11123	14313.174525	6100687_R_F_2
2649	11124	15066.4995	6000443_R_F_1
2651	11125	3132.4153875	6000445_R_F_1
2655	11126	7774.7000625	6000449_G_F_1
5893	11127	28938.6247875	6000399_R_F_1
11131	11128	20043.595275	6000002_R_F_1
11611	11129	41.8513875	6000004_R_F_1
11613	11130	418.513875	6000004_R_F_2
11615	11131	2601.2247	6000004_G_F_1
11069	11132	2256.7555875	6000138_G_F_1
11075	11133	2903.842425	6100157_G_F_1
11077	11134	2427.380475	6100157_G_F_2
11167	11135	1014.0913125	6100478_R_F_1
11169	11136	1757.758275	6100478_R_F_2
11171	11137	0.0	6100478_R_F_3
11173	11138	13666.0876875	6100477_R_F_1
11175	11139	0.0	6100477_R_F_2
11177	11140	405.636525	6100477_R_F_3
11179	11141	1001.2139625	6100476_R_F_3
11181	11142	15211.3696875	6100475_R_F_1
11183	11143	22100.7519375	6100475_G_F_1
11185	11144	18002.5353	6100474_R_F_1
11187	11145	23626.7179125	6100473_R_F_1
11189	11146	779.079675	6100473_R_F_2
11191	11147	0.0	6100473_R_F_3
11193	11148	2672.050125	6100473_G_F_1
11195	11149	0.0	6100472_R_F_2
11197	11150	0.0	6100471_R_F_1
11199	11151	0.0	6100471_R_F_2
11201	11152	0.0	6100471_G_F_1
11203	11153	86.9221125	6100471_G_F_3
11205	11154	3087.3446625	6000347_R_F_1
11207	11155	4323.5702625	6000347_G_F_1
11209	11156	2997.2032125	6000344_G_F_1
11211	11157	3843.888975	6000344_G_F_3
11213	11158	3451.1298	6000345_R_F_5
11215	11159	4201.2354375	6000345_G_F_1
11217	11160	782.2990125	6000342_G_F_4
9989	11161	22506.3884625	6000227_R_F_1
10023	11162	5537.2605	5901378_R_F_3
10025	11163	12053.1996	5901378_G_F_1
7815	11164	21044.8092375	6100341_R_F_1
11237	11165	1667.616825	5901375_R_F_1
11239	11166	3399.6204	5901375_R_F_3
11241	11167	4999.6311375	5901375_G_F_1
12441	11168	21350.6463	5901376_R_F_1
6501	11169	5022.1665	5901377_G_F_1
8129	11170	14889.4359375	6100402_R_F_1
8131	11171	7414.1342625	6100402_G_F_1
8133	11172	10337.2927125	6100400_G_F_1
8135	11173	6689.783325	6100406_G_F_1
8137	11174	7398.037575	6100404_G_F_1
24941	11175	6219.76005	6100589_G_F_1
24943	11176	6174.689325	6100581_R_F_2
5395	11177	93.3607875	6000237_R_F_3
8211	11178	0.0	6100577_G_F_1
5043	11179	5559.7958625	6100277_R_F_1
8213	11180	2704.2435	6100579_G_F_1
24985	11181	12503.90685	6100055_R_F_1
24987	11182	7642.707225	6100055_G_F_1
24993	11183	1162.1808375	6100057_R_F_3
24995	11184	4416.93105	6100056_R_F_2
5047	11185	3270.8469	6100722_R_F_1
5049	11186	820.9310625	6100722_G_F_1
25001	11187	26640.0178125	6100354_R_F_1
25003	11188	2028.182625	6100353_R_F_2
25005	11189	8779.1333625	6100353_G_F_1
25007	11190	30590.144925	6100350_R_F_1
25009	11191	241.4503125	6100351_R_F_1
25011	11192	6126.3992625	6100351_R_F_2
5083	11193	772.641	6000401_R_F_7
5085	11194	4075.681275	6000401_G_F_1
11375	11195	305.8370625	6000400_R_F_8
6171	11196	1300.61235	6100759_R_F_4
6173	11197	13640.3329875	6100759_G_F_1
12479	11198	25941.421575	6000044_R_F_1
12481	11199	3003.6418875	6000041_R_F_4
5109	11200	5839.878225	6100127_R_F_2
12487	11201	13865.6866125	6000042_R_F_2
24011	11202	18794.492325	6000164_R_F_1
24013	11203	3715.115475	6000164_G_F_1
24825	11204	12281.7725625	6000165_R_F_1
24827	11205	13064.071575	6000165_G_F_1
12499	11206	21289.4788875	6000309_R_F_1
25371	11207	1944.47985	6100549_G_F_1
6723	11208	2961.7905	6100545_R_F_5
6725	11209	2804.0429625	6100545_G_F_1
6727	11210	20159.491425	6100543_R_F_1
6729	11211	5595.208575	6100543_G_F_1
10021	11212	15691.050975	6100542_R_F_1
11531	11213	5930.019675	6100541_G_F_1
1203	11214	10868.4834	6100540_R_F_2
1205	11215	2089.3500375	6100540_G_F_2
4377	11216	20043.595275	6000277_R_F_1
8441	11217	24235.1727	6100216_R_F_1
8443	11218	923.9498625	6100216_G_F_1
6757	11219	10025.016975	6000378_R_F_2
9389	11220	3911.4950625	6100538_G_F_1
9391	11221	135.212175	6100539_R_F_1
9393	11222	8012.9310375	6100532_G_F_2
9395	11223	17738.549625	6100530_G_F_1
9397	11224	2485.32855	6100531_R_F_1
9399	11225	4143.2873625	6100531_R_F_2
9401	11226	817.711725	6100531_G_F_1
9403	11227	2369.4324	6100536_R_F_1
9405	11228	2981.106525	6100536_G_F_1
9407	11229	0.0	6100537_R_F_1
9409	11230	2726.7788625	6100537_G_F_1
9411	11231	714.692925	6100534_R_F_1
9413	11232	1316.7090375	6100534_G_F_1
9415	11233	9777.1279875	6100534_G_F_2
9417	11234	4239.8674875	6100535_R_F_1
9419	11235	144.8701875	6100535_R_F_3
9421	11236	3695.79945	6100535_G_F_1
3461	11237	550.5067125	6100645_R_F_2
3081	11238	24125.715225	6100640_R_F_1
3083	11239	3496.200525	6100640_G_F_1
3085	11240	5637.0599625	6100640_G_F_3
3087	11241	10910.3347875	6100317_R_F_1
3089	11242	19769.9515875	6100317_R_F_2
3091	11243	4903.0510125	6100317_G_F_1
3093	11244	13147.77435	6100317_G_F_2
4379	11245	1484.1145875	6100643_R_F_7
12045	11246	13791.64185	6100761_R_F_1
12047	11247	21431.1297375	6100761_G_F_1
9633	11248	4490.9758125	6100760_R_F_1
9635	11249	16711.5809625	6100760_G_F_1
3101	11250	3921.153075	6100648_R_F_1
8447	11251	27605.8190625	6100214_R_F_1
8449	11252	2791.1656125	6100214_G_F_1
12541	11253	5955.774375	6100226_G_F_1
12543	11254	21640.386675	6100227_G_F_1
11647	11255	10279.3446375	6000281_R_F_1
3761	11256	167.40555	6100165_R_F_2
3763	11257	5572.6732125	6100165_G_F_1
4499	11258	14783.1978	6100167_G_F_3
6799	11259	6400.04295	6100161_R_F_3
6801	11260	10031.45565	6100160_G_F_1
6803	11261	6664.028625	6100160_G_F_3
6805	11262	15430.2846375	6100163_R_F_1
6807	11263	25291.1154	6100163_G_F_1
6809	11264	11808.52995	6100162_G_F_1
24297	11265	13637.11365	6000122_R_F_2
25351	11266	3286.9435875	6000088_R_F_4
3907	11267	9342.517425	6100364_R_F_2
3909	11268	4825.7869125	6100364_G_F_1
3911	11269	7127.613225	6100364_G_F_2
25353	11270	26298.7680375	6000124_R_F_1
25355	11271	20014.6212375	6000124_G_F_2
12557	11272	13988.0214375	6100007_R_F_1
25493	11273	10720.393875	6000128_R_F_2
24857	11274	16576.3687875	6000129_R_F_3
6819	11275	2478.889875	6100368_R_F_1
6821	11276	840.2470875	6100368_G_F_1
3173	11277	27274.2273	6000454_R_F_1
11689	11278	3666.8254125	6000455_R_F_2
3175	11279	6406.481625	6000452_R_F_2
3177	11280	5862.4135875	6000452_G_F_1
9495	11281	9899.4628125	6000451_G_F_1
7267	11282	12825.8406	6100393_R_F_1
8413	11283	11306.3133	6000012_R_F_1
8415	11284	2504.644575	6000010_R_F_2
8417	11285	7069.66515	6000010_G_F_1
8419	11286	3080.9059875	6000011_R_F_1
8421	11287	2195.588175	6000011_G_F_1
11165	11288	2292.1683	6100467_R_F_2
5391	11289	280.0823625	6100461_R_F_1
5393	11290	444.268575	6100462_R_F_1
6877	11291	8956.196925	5901344_G_F_1
6879	11292	15491.45205	5901347_R_F_2
6881	11293	11177.5398	5901347_G_F_1
6883	11294	8576.3151	5901346_R_F_2
6885	11295	1284.5156625	5901346_G_F_1
6903	11296	8763.036675	5901348_R_F_2
6905	11297	8775.914025	5901348_R_F_3
6907	11298	7890.5962125	5901348_G_F_2
25273	11299	2424.1611375	6100095_R_F_1
25275	11300	180.2829	6100095_G_F_2
4433	11301	9.6580125	6100608_R_F_2
5413	11302	21453.6651	6100609_R_F_1
5415	11303	8189.9946	6100609_G_F_1
5421	11304	23153.4753	6100602_R_F_1
5423	11305	22889.489625	6100603_R_F_1
5425	11306	7069.66515	6100605_R_F_2
5427	11307	14374.3419375	6100605_G_F_1
5429	11308	11718.3885	6100606_G_F_1
8453	11309	7143.7099125	6000489_G_F_1
5439	11310	8418.5675625	6100590_R_F_1
5441	11311	0.0	6100590_R_F_2
5443	11312	2874.8683875	6100590_G_F_1
5445	11313	621.3321375	6100591_R_F_1
5447	11314	21308.7949125	6100591_G_F_1
8357	11315	5038.2631875	6100592_R_F_1
8359	11316	10478.9435625	6100592_G_F_1
8361	11317	14087.8209	6100593_G_F_1
5455	11318	6647.9319375	6100594_R_F_2
5457	11319	4001.6365125	6100594_G_F_1
5459	11320	19505.9659125	6100595_R_F_1
5461	11321	6374.28825	6100596_R_F_2
11901	11322	5517.944475	6100693_R_F_1
8457	11323	8180.3365875	6100694_R_F_1
25507	11324	21064.1252625	6100507_R_F_1
25513	11325	12236.7018375	6100508_G_F_1
3359	11326	21988.075125	5302470_R_F_1
3361	11327	13913.976675	5302470_G_F_4
3363	11328	21608.1933	5302471_G_F_1
3365	11329	14947.3840125	5302472_G_F_1
3367	11330	4066.0232625	5302473_R_F_3
3369	11331	9596.8450875	5302474_G_F_3
3371	11332	9873.7081125	5302475_R_F_1
7043	11333	14892.655275	5302579_G_F_1
7045	11334	3705.4574625	5302578_R_F_2
7047	11335	23816.658825	5302578_G_F_1
10375	11336	20854.868325	5303001_R_F_1
10377	11337	3148.512075	5303001_R_F_2
5685	11338	9319.9820625	5302573_R_F_1
4173	11339	5392.3903125	5302572_R_F_1
4175	11340	2598.0053625	5302572_R_F_2
4177	11341	17654.84685	5302572_G_F_1
7067	11342	9390.8074875	5302574_R_F_1
7069	11343	10527.233625	5302574_R_F_2
5715	11344	5575.89255	5302576_G_F_1
3971	11345	16811.380425	5302598_R_F_1
7103	11346	25510.03035	5302682_G_F_2
7111	11347	19312.8056625	5302685_G_F_1
23981	11348	26697.9658875	5301951_G_F_1
7113	11349	463.5846	5301954_G_F_1
7115	11350	6284.1468	5302372_G_F_1
3431	11351	357.3464625	5302278_G_F_1
3433	11352	20790.481575	5302279_R_F_1
7117	11353	4774.2775125	5302374_G_F_1
4421	11354	22480.6337625	5302270_R_F_1
3447	11355	24544.2291	5302271_G_F_1
3449	11356	3734.4315	5303077_R_F_1
9613	11357	12085.392975	5302074_R_F_1
9615	11358	26160.336525	5302070_R_F_1
9617	11359	13408.5406875	5302070_G_F_5
9619	11360	5163.81735	5302073_R_F_1
1535	11361	3660.3867375	5303139_R_F_1
1537	11362	8746.9399875	5303139_R_F_4
1539	11363	3856.766325	5303139_G_F_2
3467	11364	6020.161125	5301929_R_F_1
3469	11365	23501.16375	5301926_R_F_1
6193	11366	6503.06175	5302194_R_F_1
6195	11367	1625.7654375	5302194_R_F_3
6197	11368	35.4127125	5302194_G_F_2
7141	11369	3953.34645	5302193_G_F_4
10823	11370	5125.1853	5302192_R_F_2
2987	11371	14100.69825	5302190_R_F_1
9625	11372	27287.10465	5302619_G_F_1
9627	11373	7140.490575	5302611_G_F_1
10143	11374	15063.2801625	5302976_R_F_1
10147	11375	23694.324	5303002_G_F_2
24913	11376	20967.5451375	5302640_G_F_1
7167	11377	15398.0912625	5302997_R_F_1
7169	11378	16833.9157875	5302997_G_F_1
10173	11379	7352.96685	5302994_R_F_1
3491	11380	1696.5908625	5302859_R_F_1
12057	11381	13241.1351375	5302100_R_F_2
12059	11382	13080.1682625	5302100_G_F_2
1379	11383	701.815575	5302531_G_F_1
9159	11384	12706.7251125	5302678_G_F_1
9161	11385	8547.3410625	5302674_G_F_3
1511	11386	18347.0044125	5303137_R_F_1
1513	11387	5170.256025	5303137_R_F_3
1515	11388	2015.305275	5303137_G_F_1
1517	11389	1725.5649	5303134_R_F_1
1519	11390	5421.36435	5303134_R_F_4
1521	11391	12404.1073875	5303135_R_F_1
1523	11392	5630.6212875	5303135_G_F_1
1525	11393	4548.9238875	5303135_G_F_5
10273	11394	20127.29805	5302038_G_F_1
10275	11395	8750.159325	5302039_G_F_1
1531	11396	9516.36165	5303138_R_F_1
1533	11397	9748.15395	5303138_G_F_1
1553	11398	8598.8504625	5302391_G_F_2
1555	11399	9625.819125	5302390_R_F_1
1557	11400	13183.1870625	5302390_G_F_1
12111	11401	3045.493275	5302393_R_F_1
1559	11402	12571.5129375	5302392_R_F_1
1561	11403	13659.6490125	5302392_R_F_2
1563	11404	1001.2139625	5302392_G_F_1
8677	11405	25149.46455	5302395_G_F_1
8679	11406	2195.588175	5302395_G_F_2
1565	11407	12993.24615	5302394_R_F_2
1567	11408	843.466425	5302394_G_F_1
1569	11409	6676.905975	5302394_G_F_3
1571	11410	7027.8137625	5302397_R_F_1
1573	11411	238.230975	5302397_R_F_2
1575	11412	9326.4207375	5302397_G_F_3
12113	11413	11737.704525	5302396_G_F_1
1581	11414	7095.41985	5302399_G_F_1
8683	11415	357.3464625	5302398_R_F_1
5795	11416	16711.5809625	5301967_G_F_1
8699	11417	21077.0026125	5302714_R_F_1
8701	11418	24038.7931125	5302714_G_F_1
9695	11419	15858.456525	5302711_R_F_2
9699	11420	1384.315125	5302246_G_F_1
8705	11421	7539.688425	5302245_G_F_3
8711	11422	11956.619475	5302249_G_F_4
8713	11423	12845.156625	5302248_G_F_1
5819	11424	717.9122625	5303143_G_F_1
5821	11425	4143.2873625	5303143_G_F_3
5823	11426	5624.1826125	5303142_R_F_1
5825	11427	643.8675	5303142_R_F_3
5827	11428	1088.136075	5303142_G_F_1
5829	11429	10575.5236875	5303142_G_F_3
5831	11430	3341.672325	5303141_R_F_1
5833	11431	9571.0903875	5303141_R_F_2
5835	11432	45.070725	5303141_G_F_1
25393	11433	21115.6346625	5302325_G_F_1
5849	11434	2024.9632875	5302817_R_F_2
5851	11435	3438.25245	5302817_R_F_6
10343	11436	7697.4359625	5302815_R_F_2
3995	11437	12275.3338875	5302819_R_F_4
1649	11438	20130.5173875	5302214_R_F_1
1651	11439	0.0	5302214_G_F_2
10623	11440	13530.8755125	5302744_G_F_1
8703	11441	14396.8773	5302710_R_F_1
9701	11442	13047.9748875	5302713_R_F_1
9703	11443	0.0	5302713_R_F_2
9705	11444	2282.5102875	5302713_G_F_2
1673	11445	19316.025	5302211_R_F_1
1675	11446	23224.300725	5302211_G_F_1
24207	11447	22767.1548	5302148_R_F_1
5869	11448	3943.6884375	5302922_R_F_2
5871	11449	4304.2542375	5302922_G_F_2
7707	11450	27760.3472625	5302964_G_F_1
1683	11451	8286.574725	5302741_R_F_1
1685	11452	9815.7600375	5302741_R_F_2
1687	11453	10704.2971875	5302741_G_F_1
24213	11454	4259.1835125	5302144_G_F_1
8811	11455	21518.05185	5302867_R_F_1
8813	11456	23546.234475	5302866_G_F_1
8815	11457	28842.0446625	5302862_G_F_1
8817	11458	6647.9319375	5302861_R_F_1
8819	11459	1950.918525	5302860_R_F_1
12137	11460	3444.691125	5303080_G_F_1
8831	11461	18008.973975	5302869_R_F_1
8833	11462	19892.2864125	5302868_R_F_1
1655	11463	1493.7726	5302960_R_F_1
7701	11464	6222.9793875	5302961_R_F_1
7703	11465	17010.97935	5302961_G_F_1
12153	11466	11286.997275	5302440_G_F_1
7705	11467	1052.7233625	5302967_R_F_1
24299	11468	28970.8181625	5302691_G_F_1
10519	11469	29910.8647125	5302693_G_F_1
10521	11470	23072.9918625	5302694_G_F_2
7571	11471	21431.1297375	5302695_R_F_1
7573	11472	32277.077775	5302695_G_F_1
10533	11473	16740.555	5302696_R_F_1
10535	11474	31716.91305	5302696_G_F_1
10539	11475	2276.0716125	5302698_R_F_1
10541	11476	23842.413525	5302698_G_F_1
24319	11477	8228.62665	5302361_R_F_2
25491	11478	3853.5469875	5302364_G_F_1
24321	11479	9918.7788375	5302366_R_F_1
24323	11480	4445.9050875	5302366_R_F_2
24325	11481	5833.43955	5302366_G_F_1
1059	11482	11122.8110625	5303109_G_F_3
8491	11483	17471.3446125	5303060_R_F_2
8493	11484	10298.6606625	5303060_G_F_2
8499	11485	4484.5371375	5303061_R_F_1
4163	11486	9938.0948625	5303100_R_F_1
4165	11487	8070.8791125	5303104_G_F_3
9785	11488	13357.0312875	5302914_R_F_3
9787	11489	12307.5272625	5302913_R_F_1
9789	11490	8853.178125	5302913_R_F_2
25365	11491	10581.9623625	5302348_R_F_2
9791	11492	8086.9758	5302910_R_F_2
9793	11493	4915.9283625	5302910_G_F_2
4011	11494	8775.914025	5302624_R_F_1
24385	11495	15024.6481125	5302188_R_F_2
4013	11496	26462.95425	5302623_G_F_1
4015	11497	27116.4797625	5302622_G_F_1
24389	11498	11930.864775	5302185_G_F_1
4025	11499	9622.5997875	5302629_R_F_1
8685	11500	17075.3661	5301931_G_F_3
7689	11501	14908.7519625	5302969_R_F_2
7691	11502	11882.5747125	5302969_G_F_1
7693	11503	8260.820025	5302219_R_F_1
7695	11504	22535.3625	5302962_G_F_1
7697	11505	16450.814625	5302216_R_F_1
7699	11506	1938.041175	5302216_G_F_1
1663	11507	10614.1557375	5302217_G_F_1
10625	11508	19470.5532	5302743_R_F_4
10627	11509	21009.396525	5302743_G_F_1
1679	11510	31819.93185	5302212_G_F_1
7709	11511	12545.7582375	5302965_G_F_1
24169	11512	19184.0321625	5302430_G_F_1
24171	11513	8701.8692625	5302430_G_F_2
10641	11514	7298.2381125	5301886_R_F_2
24427	11515	2131.201425	5302820_R_F_6
12235	11516	11402.893425	5301981_R_F_1
4109	11517	7819.7707875	5302133_R_F_2
4111	11518	4207.6741125	5302133_G_F_2
4113	11519	13234.6964625	5302132_G_F_1
4115	11520	1088.136075	5302135_R_F_5
4117	11521	23501.16375	5302135_G_F_1
24449	11522	21595.31595	5301984_R_F_1
4119	11523	11077.7403375	5302134_R_F_1
4121	11524	10243.931925	5302136_G_F_1
4123	11525	12870.911325	5302136_G_F_2
24375	11526	730.7896125	5302433_R_F_1
24377	11527	10524.0142875	5302433_G_F_1
2201	11528	2890.965075	5302418_G_F_1
2203	11529	9123.602475	5302419_R_F_1
2205	11530	4993.1924625	5302419_G_F_1
24543	11531	13530.8755125	5302556_G_F_1
6157	11532	12928.8594	5302555_G_F_3
10757	11533	9818.979375	5303029_G_F_2
5873	11534	14277.7618125	5302923_G_F_1
1189	11535	344.4691125	5302389_R_F_1
1191	11536	2424.1611375	5302389_R_F_2
1193	11537	7146.92925	5302389_G_F_2
2247	11538	80.4834375	5302387_R_F_2
2249	11539	9171.8925375	5302387_G_F_1
2251	11540	18427.48785	5302387_G_F_2
4279	11541	9770.6893125	5302250_G_F_1
9105	11542	5540.4798375	5302252_G_F_5
9107	11543	10324.4153625	5302253_G_F_1
2297	11544	21662.9220375	5302706_G_F_1
2299	11545	4574.6785875	5301871_R_F_1
9111	11546	10469.28555	5301870_G_F_1
2303	11547	6606.08055	5302709_R_F_3
2305	11548	17674.162875	5302709_G_F_1
24631	11549	16222.2416625	5303154_R_F_1
24633	11550	10897.4574375	5303154_G_F_1
9115	11551	11734.4851875	5302093_R_F_1
9117	11552	10346.950725	5302096_R_F_1
2625	11553	18121.6507875	5302097_G_F_1
9121	11554	7974.2989875	5302094_G_F_2
24787	11555	8560.2184125	5303153_G_F_1
2317	11556	9979.94625	5302098_R_F_2
2319	11557	0.0	5302098_G_F_2
6183	11558	27316.0786875	5302312_G_F_1
24643	11559	3022.9579125	5303158_G_F_1
3471	11560	5566.2345375	5301925_G_F_4
10847	11561	8045.1244125	5302952_R_F_2
10849	11562	5431.0223625	5302952_G_F_1
10873	11563	1403.63115	5302959_G_F_2
10267	11564	2449.9158375	5302958_R_F_1
10285	11565	2752.5335625	5302779_R_F_9
9187	11566	21865.7403	5302871_G_F_3
9189	11567	24679.441275	5302873_G_F_2
7155	11568	1905.8478	5302972_G_F_1
7157	11569	379.881825	5302972_G_F_3
10139	11570	19982.4278625	5302974_R_F_2
10141	11571	13569.5075625	5302974_G_F_2
10995	11572	1184.7162	5302515_G_F_1
10997	11573	3682.9221	5302452_R_F_1
4847	11574	7581.5398125	5302453_R_F_1
4849	11575	13492.2434625	5302453_R_F_2
4851	11576	23803.781475	5302453_G_F_1
10999	11577	18353.4430875	5302456_R_F_1
4863	11578	10948.9668375	5302455_R_F_2
4865	11579	16041.9587625	5302455_G_F_2
2287	11580	15742.560375	5302700_R_F_1
2289	11581	701.815575	5302700_R_F_4
2291	11582	16611.7815	5302700_G_F_1
11087	11583	9384.3688125	5302429_R_F_1
8009	11584	17435.9319	5302429_G_F_1
8011	11585	14020.2148125	5302428_R_F_1
8013	11586	3177.4861125	5302428_R_F_2
8015	11587	7285.3607625	5302428_G_F_1
8017	11588	8299.452075	5302428_G_F_2
8019	11589	13791.64185	5302425_R_F_1
8021	11590	8585.9731125	5302425_R_F_2
8023	11591	3821.3536125	5302425_G_F_1
8025	11592	11344.94535	5302424_R_F_1
8027	11593	18495.0939375	5302424_R_F_2
8037	11594	5047.9212	5302422_R_F_1
11095	11595	22641.6006375	5302058_R_F_1
4909	11596	14441.948025	5303051_R_F_2
4911	11597	28.9740375	5303051_R_F_3
4913	11598	4001.6365125	5303051_G_F_2
11313	11599	11473.71885	5303052_R_F_2
11099	11600	653.5255125	5302580_R_F_3
11101	11601	6528.81645	5302580_G_F_2
1713	11602	276.863025	5303058_R_F_4
11103	11603	12262.4565375	5302582_G_F_1
11105	11604	8090.1951375	5302583_R_F_1
11107	11605	17548.6087125	5302583_G_F_1
11109	11606	798.3957	5302584_G_F_2
5837	11607	3686.1414375	5303140_R_F_1
5839	11608	3711.8961375	5303140_G_F_2
5841	11609	4062.803925	5303140_G_F_3
4937	11610	12915.98205	5302907_R_F_1
10145	11611	20883.8423625	5302973_R_F_1
11597	11612	2221.342875	5302631_R_F_6
11037	11613	16003.3267125	5302637_R_F_5
11143	11614	15588.032175	5302639_G_F_2
11149	11615	19914.821775	5302739_G_F_1
11151	11616	11393.2354125	5302738_G_F_1
7177	11617	21257.2855125	5302999_G_F_2
11155	11618	4252.7448375	5302221_G_F_1
11157	11619	22371.1762875	5302222_G_F_1
11159	11620	19975.9891875	5302737_R_F_1
11161	11621	9799.66335	5302737_G_F_1
8095	11622	4500.633825	5302226_G_F_1
4961	11623	12887.0080125	5302838_G_F_2
4963	11624	4078.9006125	5302839_G_F_2
4979	11625	13830.2739	5302834_R_F_1
4981	11626	16985.22465	5302835_G_F_1
4983	11627	9171.8925375	5302836_R_F_4
4985	11628	7768.2613875	5302836_G_F_1
4987	11629	13421.4180375	5302836_G_F_4
4989	11630	17548.6087125	5302837_G_F_1
4991	11631	4008.0751875	5302837_G_F_7
24903	11632	7134.0519	5302644_G_F_1
24905	11633	17954.2452375	5302643_R_F_3
24907	11634	7175.9032875	5302643_G_F_2
24909	11635	14747.7850875	5302643_G_F_3
24911	11636	2044.2793125	5302642_G_F_1
24919	11637	12606.92565	5302649_R_F_1
24921	11638	11518.789575	5302649_G_F_1
24923	11639	10057.21035	5302648_R_F_1
8029	11640	11467.280175	5302423_R_F_1
8031	11641	14071.7242125	5302423_R_F_2
8033	11642	2604.4440375	5302423_G_F_1
8035	11643	1117.1101125	5302423_G_F_4
11093	11644	2520.7412625	5302350_R_F_2
8039	11645	1271.6383125	5302421_R_F_1
8041	11646	3972.662475	5302421_G_F_1
11347	11647	653.5255125	5302581_R_F_1
11349	11648	8869.2748125	5302581_G_F_1
11351	11649	11531.666925	5302783_G_F_1
9325	11650	33629.199525	5302469_R_F_1
9327	11651	10089.403725	5302469_G_F_1
6553	11652	12990.0268125	5302781_G_F_1
6557	11653	24412.2362625	5302785_G_F_1
3451	11654	6956.9883375	5303073_R_F_1
11391	11655	2176.27215	5302543_R_F_1
11393	11656	3953.34645	5302543_G_F_3
2515	11657	12130.4637	5301945_R_F_1
2517	11658	25229.9479875	5301945_G_F_2
6613	11659	0.0	5301944_R_F_3
6615	11660	1828.5837	5301941_G_F_3
6617	11661	29231.5845	5301940_R_F_2
2551	11662	8495.8316625	5301943_G_F_3
12489	11663	11322.4099875	5302269_G_F_2
12491	11664	17976.7806	5302264_G_F_1
12493	11665	15410.9686125	5302266_R_F_3
12495	11666	16222.2416625	5302266_G_F_3
6629	11667	17667.7242	5303161_R_F_1
4363	11668	1046.2846875	5303160_R_F_4
6635	11669	11602.49235	5303163_R_F_2
6637	11670	20719.65615	5303163_G_F_1
6639	11671	1558.15935	5303162_G_F_1
6641	11672	2810.4816375	5303162_G_F_2
6643	11673	1332.805725	5303165_R_F_2
6645	11674	19850.435025	5303165_G_F_1
6647	11675	12478.15215	5303164_G_F_1
2899	11676	6293.8048125	5302069_G_F_1
2901	11677	13212.1611	5302068_R_F_1
2903	11678	1049.504025	5302068_G_F_1
2905	11679	70.825425	5302067_R_F_1
2907	11680	11634.685725	5302066_R_F_1
2909	11681	5543.699175	5302064_G_F_1
2911	11682	11167.8817875	5302062_R_F_1
2913	11683	5360.1969375	5302062_G_F_2
2915	11684	26472.6122625	5302061_R_F_1
2917	11685	4178.700075	5302060_G_F_1
9357	11686	16209.3643125	5302283_G_F_1
9359	11687	22242.4027875	5302282_R_F_1
9361	11688	2514.3025875	5302280_R_F_1
6685	11689	48.2900625	5302764_G_F_4
6693	11690	15385.2139125	5302766_R_F_1
6695	11691	5231.4234375	5302766_G_F_1
6697	11692	6870.066225	5302767_G_F_2
3067	11693	6242.2954125	5302945_R_F_4
3069	11694	4896.6123375	5302945_G_F_2
3071	11695	13730.4744375	5302945_G_F_3
25175	11696	25555.101075	5302947_G_F_1
11621	11697	16080.5908125	5301890_G_F_1
2989	11698	12642.3383625	5302609_G_F_1
25165	11699	28681.0777875	5302943_G_F_1
25171	11700	7587.9784875	5302946_R_F_2
25173	11701	20719.65615	5302946_G_F_1
3455	11702	6841.0921875	5303078_R_F_1
3457	11703	943.2658875	5303078_G_F_1
3459	11704	2247.097575	5303078_G_F_3
6703	11705	10137.6937875	5302948_R_F_3
11141	11706	4806.4708875	5302638_R_F_2
25373	11707	8189.9946	5302434_G_F_3
25375	11708	1554.9400125	5302435_R_F_1
24829	11709	2089.3500375	5302431_R_F_1
25383	11710	5376.293625	5302432_G_F_1
25385	11711	23935.7743125	5302432_G_F_2
10781	11712	9065.6544	5302934_R_F_1
11727	11713	11129.2497375	5302937_R_F_3
2293	11714	4893.393	5302701_R_F_1
2295	11715	2672.050125	5302701_R_F_5
11767	11716	28143.448425	5301919_R_F_1
5373	11717	14802.513825	5302481_G_F_1
5377	11718	3077.68665	5302482_G_F_1
5383	11719	2652.7341	5302333_G_F_1
2301	11720	21366.7429875	5302708_G_F_1
24833	11721	7980.7376625	5302804_R_F_2
25473	11722	3080.9059875	5302650_R_F_2
11857	11723	9468.0715875	5302651_R_F_1
9123	11724	17831.9104125	5302095_R_F_1
4283	11725	32161.181625	5302099_R_F_1
4285	11726	5962.21305	5302099_G_F_1
1021	11727	3026.17725	5800832_G_F_1
1011	11728	14197.278375	5800938_R_F_1
1013	11729	5012.5084875	5800938_R_F_2
1015	11730	0.0	5800938_R_F_3
1017	11731	16206.144975	5800938_G_F_1
9991	11732	814.4923875	5800836_G_F_1
1053	11733	2150.51745	5800835_R_F_4
1055	11734	4841.8836	5800835_G_F_1
1023	11735	959.362575	5800932_G_F_1
1025	11736	22464.537075	5800933_R_F_1
1093	11737	1525.965975	5800931_R_F_1
1095	11738	3708.6768	5800931_R_F_3
1097	11739	2871.64905	5800931_G_F_1
1099	11740	10881.36075	5800931_G_F_3
1031	11741	7285.3607625	5800936_R_F_2
24645	11742	16157.8549125	5801663_R_F_1
8475	11743	19016.6266125	5800934_R_F_1
1035	11744	14763.881775	5800935_R_F_1
1037	11745	19122.86475	5800935_G_F_2
24647	11746	1261.9803	5801664_R_F_1
24649	11747	1709.4682125	5801664_G_F_1
1393	11748	7491.3983625	5800731_R_F_1
1065	11749	0.0	5800732_R_F_2
1067	11750	0.0	5800732_G_F_1
1069	11751	2276.0716125	5800735_R_F_1
1075	11752	7394.8182375	5800736_R_F_8
1071	11753	2652.7341	5800736_R_F_1
1073	11754	13305.5218875	5800736_R_F_2
1077	11755	22062.1198875	5800736_G_F_2
11965	11756	23687.885325	5800737_R_F_1
1083	11757	16109.56485	5800738_G_F_1
1085	11758	20700.340125	5800739_R_F_1
1113	11759	13566.288225	5801067_G_F_1
1115	11760	24808.214775	5801066_G_F_1
1117	11761	16508.7627	5801065_R_F_1
8793	11762	7826.2094625	5800949_R_F_3
8521	11763	4378.299	5801468_R_F_1
10071	11764	20442.793125	5801018_R_F_1
10073	11765	25207.412625	5801018_G_F_1
10075	11766	6222.9793875	5801544_G_F_1
23991	11767	11953.4001375	5801546_R_F_1
23993	11768	17796.4977	5801016_R_F_1
23995	11769	27644.4511125	5801015_G_F_1
5613	11770	0.0	5801765_R_F_1
5615	11771	6647.9319375	5801765_G_F_1
5617	11772	6612.519225	5801765_G_F_2
1213	11773	23063.33385	5801609_R_F_1
1215	11774	24489.5003625	5801609_G_F_1
5619	11775	9629.0384625	5801767_R_F_2
5621	11776	0.0	5801767_G_F_1
5623	11777	6873.2855625	5801763_G_F_1
10585	11778	23163.1333125	5801975_G_F_1
12043	11779	2240.6589	5801304_R_F_1
8989	11780	15884.211225	5801612_R_F_1
1291	11781	3232.21485	5801115_G_F_1
1293	11782	20993.2998375	5801114_R_F_1
1295	11783	267.2050125	5801114_G_F_2
1297	11784	769.4216625	5801113_G_F_1
1299	11785	1954.1378625	5801113_G_F_3
1301	11786	6934.452975	5801112_R_F_1
1303	11787	11480.157525	5801111_R_F_1
1305	11788	18507.9712875	5801111_G_F_1
1307	11789	4217.332125	5801110_G_F_1
1309	11790	956.1432375	5801110_G_F_4
8995	11791	9551.7743625	5801614_G_F_1
24349	11792	5360.1969375	5801202_G_F_1
24351	11793	0.0	5801202_G_F_2
8561	11794	8238.2846625	5801282_R_F_1
8563	11795	16550.6140875	5801282_G_F_1
8565	11796	0.0	5801280_R_F_3
10213	11797	13849.589925	5800741_G_F_1
10215	11798	5933.2390125	5800741_G_F_3
6649	11799	13321.618575	5800740_R_F_1
6651	11800	13939.731375	5800743_G_F_1
6653	11801	21440.78775	5800745_G_F_2
6659	11802	11644.3437375	5800744_G_F_1
10217	11803	6235.8567375	5800747_G_F_1
10227	11804	16238.33835	5801714_R_F_3
10229	11805	9728.837925	5801714_G_F_1
3619	11806	18037.9480125	5801486_R_F_2
3621	11807	19921.26045	5801486_G_F_1
10867	11808	9963.8495625	5801710_G_F_1
10251	11809	3750.5281875	5800907_R_F_1
10253	11810	24856.5048375	5800907_G_F_1
5949	11811	9802.8826875	5800958_G_F_1
10257	11812	10256.809275	5800909_G_F_1
12099	11813	6525.5971125	5800860_G_F_1
4469	11814	14815.391175	5801481_R_F_1
4471	11815	16653.6328875	5801480_R_F_1
4473	11816	11666.8791	5801480_G_F_1
3609	11817	4838.6642625	5801482_R_F_1
3611	11818	17712.794925	5801482_G_F_1
3613	11819	2620.540725	5801482_G_F_3
3615	11820	17522.8540125	5801485_R_F_1
3617	11821	6107.0832375	5801485_G_F_1
3623	11822	17178.3849	5801337_R_F_1
3625	11823	14969.919375	5801337_R_F_2
3627	11824	1867.21575	5801337_G_F_1
12115	11825	6119.9605875	5801336_G_F_1
3649	11826	4397.615025	5800990_R_F_1
3651	11827	14470.9220625	5800991_R_F_1
12207	11828	10762.2452625	5800677_R_F_2
12209	11829	5704.66605	5800677_G_F_2
3661	11830	502.21665	5801020_R_F_1
4477	11831	25590.5137875	5800684_R_F_2
4479	11832	19196.9095125	5800684_G_F_1
4481	11833	7275.70275	5800685_G_F_1
3665	11834	23549.4538125	5800686_R_F_2
3667	11835	2379.0904125	5800680_G_F_1
3669	11836	26965.1709	5800681_R_F_1
3671	11837	10520.79495	5800681_G_F_1
3673	11838	25085.0778	5800682_R_F_1
3675	11839	225.353625	5800683_R_F_1
4483	11840	4800.0322125	5801159_R_F_1
4485	11841	2520.7412625	5801158_G_F_1
7405	11842	18726.8862375	5801650_G_F_1
7597	11843	3480.1038375	5801651_G_F_3
3689	11844	328.372425	5801157_R_F_1
3691	11845	20342.9936625	5801157_G_F_1
3693	11846	25033.5684	5801156_G_F_1
3695	11847	5859.19425	5801154_R_F_1
3697	11848	2115.1047375	5801154_G_F_1
3717	11849	2034.6213	5801930_G_F_2
9697	11850	22705.9873875	5801932_R_F_1
8367	11851	93.3607875	5801234_R_F_1
7451	11852	7214.5353375	5801235_R_F_1
7453	11853	5395.60965	5801235_R_F_2
7455	11854	13585.60425	5801235_R_F_3
7457	11855	16611.7815	5801235_G_F_4
7843	11856	16965.908625	5801232_G_F_1
7845	11857	20722.8754875	5801233_R_F_1
7469	11858	15794.069775	5801230_G_F_1
7853	11859	19074.5746875	5801231_R_F_1
11793	11860	5395.60965	5801357_G_F_1
12135	11861	4829.00625	5801800_G_F_1
24257	11862	9390.8074875	5800820_G_F_1
10335	11863	14239.1297625	5801434_R_F_1
1891	11864	6715.538025	5800700_R_F_1
8933	11865	280.0823625	5801079_R_F_1
8935	11866	10182.7645125	5801079_G_F_1
8937	11867	77.2641	5800891_R_F_1
8939	11868	6882.943575	5800891_G_F_1
5951	11869	2002.427925	5800959_R_F_1
5953	11870	5308.6875375	5800959_G_F_1
1899	11871	13453.6114125	5800893_R_F_1
1901	11872	19167.935475	5800893_G_F_1
5969	11873	25461.7402875	5800955_R_F_3
5971	11874	20239.9748625	5800955_G_F_3
5973	11875	24943.42695	5800956_G_F_1
24305	11876	25906.0088625	5800957_R_F_1
10547	11877	21633.948	5800951_R_F_1
10549	11878	11116.3723875	5800951_G_F_1
5981	11879	19454.4565125	5800952_R_F_2
24315	11880	4870.8576375	5800953_R_F_1
24317	11881	2758.9722375	5800953_G_F_2
1919	11882	10633.4717625	5801470_R_F_1
1921	11883	35.4127125	5801471_R_F_3
1923	11884	12539.3195625	5801471_R_F_5
1925	11885	4458.7824375	5801471_G_F_1
1927	11886	3876.08235	5801472_G_F_1
6869	11887	8215.7493	5801352_G_F_1
1935	11888	4896.6123375	5801475_R_F_1
1937	11889	26710.8432375	5801475_G_F_1
1939	11890	4960.9990875	5801476_R_F_1
1941	11891	19119.6454125	5801476_G_F_2
4229	11892	6522.377775	5801478_R_F_1
4231	11893	18714.0088875	5801479_R_F_1
4233	11894	8090.1951375	5801479_G_F_1
10581	11895	9146.1378375	5801208_R_F_2
10583	11896	13179.967725	5801208_G_F_2
8985	11897	23044.017825	5801610_R_F_1
8987	11898	19238.7609	5801611_R_F_1
10587	11899	11390.016075	5801205_G_F_1
8991	11900	6728.415375	5801613_R_F_2
8993	11901	15919.6239375	5801613_G_F_4
24347	11902	244.66965	5801203_G_F_1
8997	11903	12845.156625	5801615_R_F_1
8999	11904	13917.1960125	5801615_G_F_1
9001	11905	24872.601525	5801616_R_F_1
10593	11906	9487.3876125	5801972_G_F_2
12201	11907	30664.1896875	5800675_R_F_1
12203	11908	22767.1548	5800675_G_F_2
12205	11909	13331.2765875	5800674_R_F_1
1975	11910	3473.6651625	5801278_R_F_2
12211	11911	21469.7617875	5800676_R_F_1
12213	11912	6670.4673	5800670_G_F_1
6027	11913	19988.8665375	5801378_R_F_1
12215	11914	15069.7188375	5800679_G_F_1
12217	11915	2543.276625	5800678_R_F_1
12219	11916	10224.6159	5800678_G_F_1
12223	11917	8695.4305875	5801105_R_F_1
12225	11918	12484.590825	5801105_G_F_1
12227	11919	23066.5531875	5801106_G_F_1
12229	11920	21144.6087	5801108_R_F_1
2035	11921	354.127125	5801296_R_F_1
2037	11922	25361.940825	5801297_R_F_1
2043	11923	7256.386725	5801293_G_F_1
2045	11924	6194.00535	5801298_G_F_1
6117	11925	20136.9560625	5801195_G_F_2
2109	11926	17326.474425	5801858_R_F_1
2111	11927	4603.652625	5801858_G_F_1
2115	11928	1439.0438625	5801856_R_F_3
7799	11929	6474.0877125	5800910_R_F_4
7801	11930	2192.3688375	5800910_G_F_1
7803	11931	14583.598875	5800911_R_F_1
7805	11932	20870.9650125	5800911_G_F_1
4633	11933	4754.9614875	5800859_G_F_3
4635	11934	479.6812875	5800858_R_F_1
4637	11935	6303.462825	5800858_G_F_1
4639	11936	3154.95075	5800855_R_F_1
4641	11937	1835.022375	5800855_R_F_3
4643	11938	5978.3097375	5800855_G_F_1
4645	11939	6892.6015875	5800855_G_F_2
4647	11940	8640.70185	5800854_R_F_1
4649	11941	1876.8737625	5800857_G_F_2
4651	11942	3206.46015	5800856_G_F_1
7827	11943	14519.212125	5801530_R_F_1
7829	11944	7420.5729375	5801530_R_F_2
7831	11945	3544.4905875	5801530_G_F_1
12279	11946	5006.0698125	5800752_R_F_6
12281	11947	6226.198725	5800752_G_F_4
24583	11948	9075.3124125	5801086_R_F_1
24163	11949	5324.784225	5801082_R_F_2
24165	11950	12520.0035375	5801082_G_F_2
9917	11951	5144.501325	5801035_G_F_1
9919	11952	28713.2711625	5801036_R_F_1
9921	11953	10791.2193	5801036_G_F_1
9923	11954	17287.842375	5801037_R_F_1
9925	11955	29653.3177125	5801037_G_F_1
7877	11956	2308.2649875	5801400_G_F_2
7879	11957	9786.786	5801403_G_F_1
4697	11958	15893.8692375	5801926_G_F_1
4699	11959	5575.89255	5801927_G_F_1
4701	11960	4471.6597875	5801924_R_F_1
4703	11961	7050.349125	5801924_G_F_1
4705	11962	5604.8665875	5801925_R_F_1
4707	11963	21482.6391375	5801925_G_F_1
4709	11964	28500.7948875	5801922_R_F_1
4711	11965	24119.27655	5801923_R_F_1
4713	11966	23797.3428	5801920_R_F_1
4715	11967	544.0680375	5801921_R_F_1
4717	11968	8363.838825	5801921_G_F_1
4721	11969	6750.9507375	5801928_R_F_1
4723	11970	12738.9184875	5801928_G_F_1
10845	11971	24286.6821	5801715_G_F_1
10851	11972	20549.0312625	5801717_R_F_1
10853	11973	1587.1333875	5801717_G_F_1
10855	11974	6322.77885	5801716_R_F_1
10857	11975	12191.6311125	5801716_R_F_2
10859	11976	11998.4708625	5801716_G_F_1
10861	11977	14593.2568875	5801711_R_F_1
10863	11978	6264.830775	5801711_G_F_1
10865	11979	2340.4583625	5801711_G_F_2
7889	11980	15658.8576	5801246_R_F_3
7891	11981	4462.001775	5801245_R_F_4
24037	11982	3370.6463625	5801303_G_F_1
4785	11983	10958.62485	5801811_R_F_2
6867	11984	22757.4967875	5801353_G_F_1
7729	11985	11621.808375	5800819_G_F_1
6351	11986	15787.6311	5800769_R_F_1
6353	11987	6490.1844	5800769_G_F_1
6357	11988	13299.0832125	5800767_R_F_1
6359	11989	4783.935525	5800767_G_F_1
2881	11990	9336.07875	5800811_G_F_1
10791	11991	3364.2076875	5801860_R_F_2
10793	11992	11438.3061375	5801860_R_F_3
12585	11993	5434.2417	5800699_R_F_1
2579	11994	3859.9856625	5801041_R_F_1
2581	11995	21192.8987625	5801041_G_F_1
2583	11996	26681.8692	5801040_R_F_1
2585	11997	17014.1986875	5801040_G_F_1
2587	11998	18369.539775	5801591_R_F_1
2589	11999	4140.068025	5801591_R_F_2
2591	12000	25786.893375	5801042_G_F_1
2593	12001	576.2614125	5801597_G_F_1
4353	12002	10501.478925	5801595_G_F_1
12363	12003	22606.187925	5800882_R_F_1
12365	12004	13064.071575	5800882_G_F_1
12367	12005	251.108325	5800886_G_F_1
12369	12006	6982.7430375	5800887_R_F_1
12371	12007	15346.5818625	5800884_G_F_1
12373	12008	13221.8191125	5800885_R_F_3
12375	12009	8228.62665	5800885_G_F_2
11061	12010	7037.471775	5800961_R_F_2
11063	12011	624.551475	5800961_G_F_1
11065	12012	16058.05545	5800961_G_F_2
12377	12013	6696.222	5800889_R_F_1
12379	12014	6686.5639875	5800889_G_F_2
6409	12015	20742.1915125	5800964_R_F_1
6411	12016	23887.48425	5800964_G_F_2
11079	12017	48.2900625	5801564_R_F_1
9247	12018	9928.43685	5801449_R_F_3
9249	12019	4375.0796625	5801449_G_F_3
11225	12020	10997.2569	5801448_R_F_2
11227	12021	3908.275725	5801448_G_F_1
11089	12022	16164.2935875	5801561_R_F_2
6445	12023	3483.323175	5801968_R_F_1
6447	12024	11666.8791	5801969_R_F_1
25097	12025	22866.9542625	5801962_R_F_1
25099	12026	9715.960575	5801962_G_F_1
25101	12027	16505.5433625	5801962_G_F_3
6449	12028	2353.3357125	5801963_R_F_1
25109	12029	3924.3724125	5801960_G_F_2
24839	12030	1097.7940875	5801742_R_F_9
11121	12031	4146.5067	5801967_R_F_1
6455	12032	8978.7322875	5801212_R_F_2
24855	12033	10768.6839375	5800962_G_F_2
11133	12034	21794.914875	5801695_R_F_1
11135	12035	10231.054575	5801695_G_F_1
11137	12036	9593.62575	5801696_R_F_1
11139	12037	21563.122575	5801697_G_F_1
2693	12038	0.0	5801139_R_F_7
5115	12039	14503.1154375	5801005_R_F_1
9291	12040	8202.87195	5801918_R_F_1
9293	12041	2382.30975	5801917_G_F_1
5117	12042	14837.9265375	5801007_R_F_1
5119	12043	14619.0115875	5801007_G_F_1
10083	12044	6960.207675	5801543_R_F_1
10085	12045	4165.822725	5801543_G_F_2
2727	12046	5534.0411625	5801629_R_F_1
2729	12047	5653.15665	5801628_R_F_1
2731	12048	9345.7367625	5801628_G_F_1
2733	12049	6345.3142125	5801628_G_F_3
11085	12050	14280.98115	5801563_G_F_1
11469	12051	11167.8817875	5801771_G_F_1
11471	12052	5714.3240625	5801771_G_F_2
11369	12053	2462.7931875	5801528_R_F_2
11371	12054	5241.08145	5801529_R_F_2
11373	12055	4384.737675	5801529_G_F_1
11383	12056	13933.2927	5801526_R_F_4
11385	12057	14081.382225	5801527_R_F_1
25023	12058	19905.1637625	5800721_R_F_1
25065	12059	1822.145025	5801417_R_F_6
11435	12060	26112.0464625	5801385_G_F_1
25069	12061	4542.4852125	5801799_G_F_2
25071	12062	3132.4153875	5801799_G_F_4
25073	12063	7056.7878	5801798_G_F_2
25077	12064	1178.277525	5801795_R_F_4
25079	12065	2150.51745	5801797_G_F_2
25081	12066	9880.1467875	5801796_G_F_1
25083	12067	2623.7600625	5801796_G_F_5
25085	12068	0.0	5801791_R_F_4
25087	12069	969.0205875	5801791_G_F_1
25093	12070	2169.833475	5801793_G_F_4
25095	12071	579.48075	5801792_R_F_1
11461	12072	4201.2354375	5801552_G_F_2
11463	12073	3934.030425	5801552_G_F_4
5121	12074	7716.7519875	5801002_R_F_1
11467	12075	1287.735	5801774_R_F_1
6451	12076	8183.555925	5801210_R_F_2
6453	12077	12941.73675	5801210_G_F_2
11473	12078	8251.1620125	5801959_G_F_1
8267	12079	1928.3831625	5801964_R_F_1
6457	12080	5598.4279125	5801213_G_F_2
11479	12081	3773.06355	5801383_G_F_1
11481	12082	23739.394725	5801380_R_F_1
8285	12083	30625.5576375	5801258_G_F_1
6783	12084	21939.7850625	5801259_R_F_1
6795	12085	19435.1404875	5801709_G_F_2
10589	12086	540.8487	5801971_G_F_1
25431	12087	14657.6436375	5801421_R_F_1
10591	12088	7604.075175	5801970_R_F_1
5205	12089	17584.021425	5801174_G_F_1
5209	12090	20980.4224875	5801172_R_F_1
6781	12091	7407.6955875	5800770_G_F_1
12537	12092	8730.8433	5800772_G_F_1
8319	12093	26050.87905	5801870_G_F_1
8321	12094	28404.2147625	5801871_R_F_1
8323	12095	28912.8700875	5801873_R_F_1
8325	12096	25.7547	5801879_G_F_2
6797	12097	8927.2228875	5800974_G_F_1
6811	12098	9542.11635	5800978_G_F_2
3129	12099	2427.380475	5800879_G_F_1
3131	12100	20796.92025	5800878_R_F_3
3133	12101	5067.237225	5800878_G_F_2
3137	12102	0.0	5800875_R_F_3
3139	12103	12677.751075	5800875_R_F_4
3141	12104	7053.5684625	5800874_R_F_1
3143	12105	18089.4574125	5800872_R_F_3
3145	12106	19963.1118375	5800871_R_F_1
3147	12107	12178.7537625	5800871_G_F_1
3149	12108	2305.04565	5801452_R_F_1
3151	12109	3753.747525	5801452_G_F_1
3153	12110	9065.6544	5801452_G_F_2
3155	12111	9426.2202	5801453_R_F_2
3157	12112	0.0	5801450_R_F_3
3159	12113	3335.23365	5801450_G_F_1
3161	12114	3193.5828	5801451_R_F_2
3163	12115	13611.35895	5801451_G_F_1
3165	12116	15990.4493625	5801454_R_F_1
3167	12117	11277.3392625	5801454_G_F_1
10723	12118	254.3276625	5801229_R_F_1
10725	12119	18681.8155125	5801229_G_F_1
10727	12120	2549.7153	5801229_G_F_2
9507	12121	23900.3616	5800983_R_F_1
9509	12122	19795.7062875	5800981_R_F_1
9511	12123	21115.6346625	5800985_R_F_1
12589	12124	4487.756475	5800696_G_F_1
6857	12125	16012.984725	5801359_G_F_1
6859	12126	7645.9265625	5801359_G_F_2
4875	12127	7478.5210125	5801358_G_F_1
12587	12128	7829.4288	5800698_R_F_1
11789	12129	4835.444925	5801355_G_F_1
11791	12130	6129.6186	5801355_G_F_2
6863	12131	14074.94355	5801354_R_F_1
6865	12132	19383.6310875	5801354_G_F_1
11795	12133	26462.95425	5801356_G_F_1
11797	12134	23781.2461125	5801351_G_F_1
24063	12135	24289.9014375	5801646_G_F_1
3245	12136	90.14145	5801908_R_F_1
3247	12137	14103.9175875	5801908_R_F_6
3249	12138	12265.675875	5801908_G_F_1
3251	12139	12545.7582375	5801908_G_F_2
3253	12140	19695.906825	5801909_G_F_1
3255	12141	11286.997275	5801905_R_F_2
3257	12142	0.0	5801905_R_F_3
3259	12143	10823.412675	5801905_G_F_4
3261	12144	18028.29	5801906_G_F_1
3263	12145	0.0	5801901_R_F_3
3265	12146	29321.72595	5801902_R_F_1
9575	12147	4880.51565	5801636_R_F_1
9577	12148	11064.8629875	5801635_R_F_1
11465	12149	12120.8056875	5801550_G_F_1
5491	12150	7481.74035	5002901_G_F_1
5493	12151	8086.9758	5002901_G_F_2
9951	12152	5434.2417	5002900_R_F_1
9953	12153	8502.2703375	5002900_G_F_1
9955	12154	6316.340175	5002900_G_F_5
4141	12155	2936.0358	5002903_G_F_2
1039	12156	8450.7609375	5002902_R_F_1
1041	12157	17967.1225875	5002902_G_F_1
5499	12158	22332.5442375	5002905_R_F_2
5501	12159	18340.5657375	5002905_G_F_1
5503	12160	5331.2229	5002905_G_F_3
5505	12161	30075.050925	5002904_G_F_2
10241	12162	7716.7519875	5002831_R_F_1
10243	12163	6016.9417875	5002831_G_F_1
1449	12164	12941.73675	5002428_R_F_1
1079	12165	1645.0814625	5002429_R_F_2
1081	12166	13891.4413125	5002429_R_F_3
1483	12167	11570.298975	5002426_R_F_4
1485	12168	27019.8996375	5002427_R_F_1
3399	12169	9419.781525	5002595_R_F_1
3401	12170	20487.86385	5002595_R_F_2
3403	12171	23488.2864	5002595_G_F_1
3065	12172	730.7896125	5002613_R_F_4
4205	12173	2874.8683875	5001904_R_F_1
4207	12174	14770.32045	5001904_R_F_3
1827	12175	0.0	5001906_R_F_1
1829	12176	14683.3983375	5001906_G_F_1
5609	12177	19637.95875	5001908_R_F_2
10103	12178	6309.9015	5002163_G_F_1
10105	12179	994.7752875	5002161_G_F_1
10705	12180	6158.5926375	5002160_G_F_1
2245	12181	843.466425	5001848_G_F_4
5649	12182	3251.530875	5001841_G_F_1
5651	12183	23903.5809375	5001840_R_F_1
5653	12184	4355.7636375	5001843_G_F_4
5655	12185	20040.3759375	5001845_G_F_5
5657	12186	8775.914025	5001844_G_F_2
5659	12187	7829.4288	5001844_G_F_3
5661	12188	25542.223725	5001847_R_F_3
5663	12189	9397.2461625	5001847_G_F_1
5665	12190	23906.800275	5001846_G_F_1
3485	12191	2797.6042875	5003249_R_F_1
3487	12192	3966.2238	5003249_G_F_1
3489	12193	16685.8262625	5003249_G_F_2
12051	12194	17442.370575	5003245_G_F_1
9641	12195	6593.2032	5003244_R_F_1
12053	12196	14129.6722875	5003246_R_F_1
12055	12197	2214.9042	5003246_G_F_1
4743	12198	3116.3187	5001868_R_F_3
4745	12199	21704.773425	5001868_G_F_1
4747	12200	4020.9525375	5001868_G_F_2
11281	12201	18478.99725	5002763_R_F_2
7329	12202	1554.9400125	5002945_G_F_1
7207	12203	11312.751975	5002569_R_F_5
24073	12204	8637.4825125	5002568_R_F_2
7213	12205	14280.98115	5002566_R_F_1
7215	12206	23111.6239125	5002566_G_F_1
10207	12207	9706.3025625	5002786_G_F_1
10495	12208	10247.1512625	5002829_G_F_1
9659	12209	10037.894325	5002862_R_F_3
9661	12210	9751.3732875	5002863_G_F_1
9663	12211	10752.58725	5002860_R_F_2
9665	12212	154.5282	5002860_G_F_2
9667	12213	26411.44485	5002861_G_F_1
3521	12214	3035.8352625	5002264_R_F_3
3523	12215	5527.6024875	5002264_G_F_3
7257	12216	16573.14945	5002308_G_F_2
7259	12217	4191.577425	5002308_G_F_5
3529	12218	6792.802125	5002263_G_F_3
7265	12219	20796.92025	5002303_R_F_1
6851	12220	21463.3231125	5002302_R_F_2
7269	12221	1416.5085	5002301_G_F_2
7271	12222	17893.077825	5002300_R_F_1
7273	12223	1181.4968625	5002300_G_F_1
7275	12224	8367.0581625	5002307_G_F_2
7277	12225	27351.4914	5002304_R_F_1
7305	12226	2752.5335625	5001949_R_F_1
7307	12227	11998.4708625	5001949_R_F_2
7309	12228	15765.0957375	5001949_G_F_1
7311	12229	13260.4511625	5001949_G_F_2
7319	12230	7510.7143875	5001941_R_F_1
7321	12231	1609.66875	5001941_R_F_2
7323	12232	12590.8289625	5001946_G_F_1
7325	12233	1010.871975	5001946_G_F_2
7327	12234	1393.9731375	5001947_G_F_1
24133	12235	1603.230075	5003146_R_F_2
24135	12236	12806.524575	5003146_G_F_1
24137	12237	7523.5917375	5003145_G_F_1
12107	12238	23353.074225	5003142_G_F_1
12109	12239	19496.3079	5003143_R_F_1
24143	12240	15494.6713875	5003141_G_F_1
24147	12241	7616.952525	5002002_G_F_1
24149	12242	7034.2524375	5002003_R_F_2
24151	12243	11522.0089125	5002004_R_F_2
24153	12244	11785.9945875	5002006_R_F_2
24155	12245	3190.3634625	5002006_G_F_1
24157	12246	0.0	5002008_G_F_1
24159	12247	0.0	5002009_R_F_1
24161	12248	35.4127125	5002009_G_F_3
8175	12249	2868.4297125	5002896_R_F_1
8177	12250	12539.3195625	5002896_R_F_4
8179	12251	676.060875	5002896_G_F_1
8181	12252	15439.94265	5002896_G_F_3
1657	12253	12861.2533125	5002523_G_F_1
1659	12254	6416.1396375	5002522_R_F_2
1661	12255	26701.185225	5002522_G_F_1
24199	12256	6857.188875	5001890_G_F_1
8747	12257	20243.1942	5002527_R_F_1
8749	12258	0.0	5002527_R_F_2
8751	12259	17716.0142625	5002527_G_F_1
1669	12260	10672.1038125	5002524_R_F_2
1671	12261	18475.7779125	5002524_G_F_1
8757	12262	15391.6525875	5002528_R_F_2
5039	12263	17967.1225875	5002487_R_F_1
24971	12264	13353.81195	5002328_G_F_4
10407	12265	10948.9668375	5003217_R_F_2
1703	12266	2701.0241625	5003215_G_F_1
4183	12267	2926.3777875	5003213_R_F_2
4185	12268	4088.558625	5003213_G_F_1
1709	12269	3631.4127	5003211_R_F_6
1711	12270	8756.598	5003211_G_F_1
1715	12271	3789.1602375	5003219_G_F_3
8857	12272	10398.460125	5002180_R_F_1
8865	12273	6136.057275	5002186_G_F_1
8871	12274	13308.741225	5002188_G_F_1
1795	12275	26685.0885375	5002857_G_F_1
1797	12276	837.02775	5002857_G_F_2
1803	12277	9751.3732875	5002851_G_F_1
1805	12278	3937.2497625	5002851_G_F_3
1807	12279	386.3205	5002850_R_F_3
1809	12280	9976.7269125	5002850_G_F_1
24263	12281	11901.8907375	5002916_G_F_1
1831	12282	21875.3983125	5002859_R_F_1
1833	12283	22818.6642	5002859_G_F_2
1835	12284	392.759175	5002858_R_F_2
1837	12285	26984.486925	5002858_G_F_1
1853	12286	0.0	5003102_R_F_1
1855	12287	17239.5523125	5003102_R_F_2
1863	12288	5266.83615	5003100_R_F_2
1865	12289	5556.576525	5003100_R_F_3
10487	12290	1072.0393875	5002459_G_F_1
10493	12291	8312.329425	5002827_R_F_3
8919	12292	29112.4690125	5002453_R_F_1
8921	12293	2443.4771625	5002452_G_F_1
10501	12294	18562.700025	5002359_R_F_1
8927	12295	17059.2694125	5002454_R_F_1
8929	12296	263.985675	5002454_G_F_1
25499	12297	1393.9731375	5001936_R_F_4
25501	12298	0.0	5001936_G_F_1
5991	12299	12829.0599375	5003177_R_F_4
5993	12300	12468.4941375	5003177_G_F_3
5995	12301	11216.17185	5003176_R_F_2
5997	12302	12249.5791875	5003176_G_F_1
5999	12303	14522.4314625	5003176_G_F_2
6001	12304	12101.4896625	5003175_R_F_1
6003	12305	22181.235375	5003175_G_F_2
6005	12306	14004.118125	5003173_G_F_1
6007	12307	260.7663375	5003172_G_F_1
6009	12308	13543.7528625	5003170_R_F_1
6011	12309	15794.069775	5003170_G_F_1
6013	12310	5582.331225	5003179_R_F_1
6015	12311	9171.8925375	5003179_R_F_2
24735	12312	14129.6722875	5001853_R_F_1
7651	12313	3212.898825	5002625_R_F_4
7653	12314	734.00895	5002625_G_F_2
4027	12315	18140.9668125	5002074_G_F_1
10969	12316	820.9310625	5002191_G_F_1
10971	12317	3789.1602375	5002191_G_F_2
4059	12318	23497.9444125	5002383_G_F_1
4061	12319	18140.9668125	5002382_G_F_1
1879	12320	3064.8093	5002381_G_F_2
2771	12321	505.4359875	5002380_G_F_1
2809	12322	20655.2694	5002386_G_F_1
1893	12323	17159.068875	5002385_G_F_1
1895	12324	276.863025	5002384_G_F_1
24425	12325	15079.37685	5003250_R_F_1
9817	12326	1835.022375	5002679_R_F_1
10679	12327	103.0188	5002574_R_F_1
10681	12328	2900.6230875	5002574_G_F_1
7741	12329	18784.8343125	5002576_R_F_1
7743	12330	2990.7645375	5002576_G_F_1
10287	12331	13118.8003125	5002570_R_F_1
10683	12332	8991.6096375	5002571_R_F_1
10685	12333	31591.3588875	5002573_R_F_1
7747	12334	13109.1423	5002791_G_F_1
4133	12335	8775.914025	5002811_R_F_1
4135	12336	3109.880025	5002811_G_F_1
1667	12337	5762.614125	5002526_R_F_2
4577	12338	28143.448425	5002496_R_F_1
2479	12339	5157.378675	5003224_G_F_4
7775	12340	8048.34375	5003223_R_F_1
24495	12341	8862.8361375	5002492_G_F_1
7779	12342	3100.2220125	5003221_G_F_6
10703	12343	24241.611375	5002318_R_F_1
24751	12344	5817.3428625	5002253_G_F_1
4347	12345	1796.390325	5002252_G_F_1
2557	12346	193.16025	5002255_G_F_1
4235	12347	399.19785	5002254_G_F_1
4237	12348	8341.3034625	5002254_G_F_3
2577	12349	9983.1655875	5002257_G_F_1
2613	12350	3731.2121625	5002258_R_F_4
2615	12351	6152.1539625	5002258_G_F_3
10713	12352	19815.0223125	5002313_R_F_1
8753	12353	11689.4144625	5002529_R_F_1
8755	12354	4912.709025	5002529_G_F_3
4653	12355	15526.8647625	5003036_G_F_2
4655	12356	5717.5434	5003035_R_F_2
4657	12357	7665.2425875	5003038_R_F_1
7833	12358	1303.8316875	5003138_R_F_1
7835	12359	3344.8916625	5003138_G_F_1
7837	12360	602.0161125	5003138_G_F_2
25107	12361	0.0	5002400_G_F_1
10797	12362	408.8558625	5003045_G_F_1
10799	12363	17709.5755875	5003044_G_F_1
10801	12364	16846.7931375	5003042_G_F_1
10803	12365	20838.7716375	5003041_G_F_1
10805	12366	28516.891575	5003040_G_F_1
11909	12367	15617.0062125	5002335_R_F_1
11911	12368	9625.819125	5002335_G_F_3
24585	12369	30644.8736625	5002043_R_F_1
24587	12370	25970.3956125	5002043_G_F_1
2369	12371	14110.3562625	5002531_R_F_1
2371	12372	17967.1225875	5002531_G_F_1
12307	12373	4986.7537875	5002532_G_F_1
12309	12374	2668.8307875	5002533_R_F_4
12311	12375	61.1674125	5002533_G_F_1
12313	12376	21943.0044	5002534_R_F_1
12315	12377	25757.9193375	5002534_G_F_3
4741	12378	16080.5908125	5001869_G_F_1
4749	12379	0.0	5001867_R_F_6
4751	12380	3.2193375	5001867_G_F_1
4753	12381	25706.4099375	5001866_G_F_2
4755	12382	3351.3303375	5001865_R_F_3
4757	12383	3567.02595	5001865_G_F_2
4759	12384	1625.7654375	5001865_G_F_3
10843	12385	3821.3536125	5002107_R_F_1
6267	12386	8486.17365	5002691_R_F_2
6269	12387	28217.4931875	5002691_G_F_2
6277	12388	7114.735875	5002693_R_F_1
6279	12389	15195.273	5002693_G_F_1
6281	12390	14071.7242125	5002695_R_F_2
6283	12391	10440.3115125	5002695_G_F_2
6285	12392	148.089525	5002696_R_F_2
2407	12393	6802.4601375	5003266_G_F_2
2409	12394	17976.7806	5003268_R_F_1
2411	12395	28.9740375	5003268_R_F_2
2413	12396	9851.17275	5003268_G_F_1
2415	12397	4661.6007	5003268_G_F_3
24703	12398	18433.926525	5002217_R_F_1
24705	12399	17957.464575	5002216_R_F_1
6307	12400	2855.5523625	5002747_R_F_2
24077	12401	22538.5818375	5002746_G_F_1
6309	12402	14854.023225	5002745_G_F_1
6311	12403	15163.079625	5002744_R_F_1
1145	12404	7771.480725	5002749_G_F_1
24709	12405	1519.5273	5002748_R_F_1
24711	12406	2952.1324875	5002748_R_F_2
24715	12407	18701.1315375	5002218_R_F_1
4307	12408	1078.4780625	5002628_G_F_2
4309	12409	20738.972175	5002624_R_F_1
2459	12410	5994.406425	5002626_R_F_1
2461	12411	846.6857625	5002626_R_F_2
2463	12412	8479.734975	5002626_R_F_3
2465	12413	4886.954325	5002626_R_F_4
2467	12414	6763.8280875	5002627_R_F_2
2469	12415	5550.13785	5002627_G_F_1
6329	12416	16006.54605	5002589_R_F_2
6331	12417	3.2193375	5002589_G_F_4
6333	12418	16051.616775	5002588_R_F_1
6335	12419	5695.0080375	5002588_G_F_1
1971	12420	3998.417175	5002190_R_F_1
1973	12421	9490.60695	5002190_G_F_1
2471	12422	10990.818225	5002623_R_F_1
2473	12423	10099.0617375	5002623_R_F_3
4581	12424	6132.8379375	5002494_R_F_2
2491	12425	13434.2953875	5002843_G_F_1
7777	12426	3438.25245	5003222_G_F_2
12351	12427	4613.3106375	5002994_R_F_1
12353	12428	350.9077875	5002994_G_F_2
1577	12429	16933.71525	5002363_R_F_1
1579	12430	26469.392925	5002363_G_F_1
6383	12431	26121.704475	5002362_R_F_1
6385	12432	16518.4207125	5002365_R_F_1
8741	12433	33143.0795625	5002364_G_F_1
6393	12434	24875.8208625	5002368_R_F_1
10301	12435	10128.035775	5001809_G_F_1
8867	12436	891.7564875	5002189_R_F_1
8869	12437	6290.585475	5002189_G_F_1
24609	12438	4529.6078625	5002399_G_F_2
11273	12439	5015.727825	5002808_G_F_4
11275	12440	3866.4243375	5002809_G_F_1
10087	12441	1187.9355375	5002801_G_F_1
10249	12442	6210.1020375	5002803_G_F_1
11277	12443	6892.6015875	5002805_R_F_1
11279	12444	23520.479775	5002806_G_F_1
10565	12445	5936.45835	5002762_G_F_1
10567	12446	15485.013375	5002762_G_F_2
8155	12447	18842.7823875	5002893_R_F_1
8157	12448	21347.4269625	5002893_G_F_3
8159	12449	12136.902375	5002892_R_F_1
8161	12450	8038.6857375	5002892_R_F_2
8163	12451	14120.014275	5002892_G_F_1
8165	12452	6094.2058875	5002892_G_F_3
5861	12453	1915.5058125	5002890_R_F_2
8167	12454	5424.5836875	5002897_R_F_1
8169	12455	15897.088575	5002897_R_F_2
8171	12456	5910.70365	5002897_G_F_1
8173	12457	13675.7457	5002897_G_F_3
5025	12458	26347.0581	5002489_R_F_1
5027	12459	6841.0921875	5002489_G_F_1
8183	12460	15559.0581375	5002895_R_F_1
8185	12461	769.4216625	5002895_R_F_2
8187	12462	13569.5075625	5002895_G_F_1
8189	12463	1976.673225	5002895_G_F_2
8191	12464	7716.7519875	5002894_R_F_1
8193	12465	12075.7349625	5002894_R_F_3
8195	12466	2321.1423375	5002894_G_F_1
8197	12467	17500.31865	5002894_G_F_3
8199	12468	9265.253325	5002899_R_F_1
8201	12469	8518.367025	5002898_R_F_1
8203	12470	7520.3724	5002898_R_F_2
8205	12471	10369.4860875	5002898_G_F_1
8207	12472	12037.1029125	5002898_G_F_2
24265	12473	17719.2336	5002910_R_F_1
8221	12474	0.0	5001965_R_F_1
24095	12475	18153.8441625	5003168_R_F_1
25021	12476	13614.5782875	5003169_G_F_2
6151	12477	6638.273925	5003280_R_F_3
6153	12478	25812.648075	5003280_G_F_1
6163	12479	7311.1154625	5003282_R_F_3
6165	12480	21015.8352	5003282_G_F_1
25029	12481	6152.1539625	5003122_R_F_4
11399	12482	2684.927475	5002125_G_F_1
25031	12483	9184.7698875	5003126_R_F_1
11403	12484	7134.0519	5002124_R_F_1
11405	12485	1831.8030375	5002124_G_F_1
10691	12486	4841.8836	5002123_R_F_1
25051	12487	1529.1853125	5002022_R_F_3
25053	12488	0.0	5002022_G_F_2
25055	12489	8537.68305	5002023_R_F_1
25057	12490	17030.295375	5002023_R_F_3
24743	12491	12252.798525	5002021_R_F_4
25059	12492	2424.1611375	5002027_R_F_1
25067	12493	25841.6221125	5001914_R_F_1
25075	12494	3550.9292625	5001911_G_F_1
6671	12495	7626.6105375	5002119_R_F_2
25117	12496	11950.1808	5002320_R_F_1
2955	12497	9027.02235	5002299_G_F_2
2957	12498	24718.073325	5002298_R_F_1
2959	12499	14541.7474875	5002298_G_F_1
2961	12500	3338.4529875	5002295_R_F_3
2963	12501	8347.7421375	5002295_G_F_1
2965	12502	11219.3911875	5002297_G_F_1
2967	12503	21943.0044	5002296_G_F_1
2969	12504	23069.772525	5002291_G_F_1
2971	12505	19074.5746875	5002290_R_F_1
2973	12506	3428.5944375	5002290_G_F_1
2975	12507	10694.639175	5002290_G_F_2
2977	12508	11618.5890375	5002293_G_F_1
2979	12509	2807.2623	5002292_G_F_1
25131	12510	18578.7967125	5001879_G_F_1
25155	12511	10681.761825	5001870_R_F_1
25157	12512	14058.8468625	5001870_G_F_1
25159	12513	13282.986525	5001872_R_F_1
25215	12514	14396.8773	5001873_G_F_1
11523	12515	18147.4054875	5002688_G_F_2
25381	12516	9342.517425	5002689_G_F_2
3169	12517	2588.34735	5002686_R_F_2
11527	12518	17217.01695	5002687_G_F_2
11529	12519	18160.2828375	5002684_G_F_1
6733	12520	18833.124375	5002680_R_F_2
12513	12521	17641.9695	5003274_R_F_2
12515	12522	4185.13875	5003274_G_F_1
12517	12523	28240.02855	5003276_R_F_1
12519	12524	3956.5657875	5003279_G_F_1
4413	12525	4510.2918375	5002756_R_F_1
4415	12526	18105.5541	5002756_R_F_2
4417	12527	18173.1601875	5002756_G_F_1
1467	12528	20082.227325	5002757_R_F_3
1469	12529	17864.1037875	5002757_G_F_1
1471	12530	10121.5971	5002757_G_F_2
11551	12531	17423.05455	5002758_G_F_1
11553	12532	7816.55145	5002759_R_F_2
11555	12533	14554.6248375	5002759_G_F_2
11563	12534	23723.2980375	5002592_G_F_1
11565	12535	17954.2452375	5002593_R_F_1
3389	12536	466.8039375	5002597_R_F_2
3391	12537	27119.6991	5002597_G_F_1
8301	12538	1973.4538875	5001778_R_F_2
6773	12539	24782.460075	5002598_R_F_1
6775	12540	22783.2514875	5002598_G_F_1
10795	12541	17983.219275	5003046_G_F_1
25267	12542	5279.7135	5002972_R_F_4
25277	12543	972.239925	5002977_G_F_1
25279	12544	17799.7170375	5003087_G_F_1
25377	12545	215.6956125	5001951_R_F_4
25379	12546	3657.1674	5001951_G_F_1
25387	12547	7443.1083	5001954_G_F_3
3527	12548	20027.4985875	5002267_R_F_5
3171	12549	2485.32855	5003011_R_F_2
11903	12550	0.0	5002333_G_F_1
3497	12551	11570.298975	5002013_R_F_2
7881	12552	12719.6024625	5002015_R_F_4
25409	12553	27605.8190625	5001839_R_F_1
5357	12554	1802.829	5002019_G_F_1
11833	12555	7961.4216375	5002655_R_F_1
11835	12556	3312.6982875	5002657_R_F_1
11837	12557	31134.2129625	5002656_R_F_1
11427	12558	10916.7734625	5002121_R_F_1
8455	12559	727.570275	5002232_R_F_1
11825	12560	943.2658875	5002658_R_F_1
11827	12561	4378.299	5002658_G_F_1
8459	12562	1867.21575	5003200_R_F_3
8461	12563	3344.8916625	5003200_G_F_3
8463	12564	8930.442225	5003203_G_F_1
8465	12565	8399.2515375	5003205_G_F_1
8467	12566	1348.9024125	5003204_G_F_4
8327	12567	17342.5711125	5002230_R_F_1
5489	12568	16231.899675	5002235_R_F_1
11933	12569	24412.2362625	6200274_R_F_1
11935	12570	10855.60605	6200275_R_F_4
9957	12571	151.3088625	6200179_R_F_1
9959	12572	16856.45115	6200179_R_F_3
9961	12573	9365.0527875	6200179_G_F_3
3337	12574	14429.070675	6200277_R_F_1
11941	12575	740.447625	6200272_R_F_2
11943	12576	1703.0295375	6200272_G_F_1
3345	12577	3061.5899625	6200273_R_F_1
3347	12578	0.0	6200273_R_F_2
3349	12579	0.0	6200273_G_F_1
7023	12580	6271.26945	6200177_R_F_2
7025	12581	3447.9104625	6200176_G_F_2
5591	12582	16222.2416625	6200175_R_F_1
5593	12583	6084.547875	6200175_R_F_2
5595	12584	14612.5729125	6200175_G_F_1
5597	12585	10623.81375	6200175_G_F_2
8297	12586	1851.1190625	6200811_G_F_1
11961	12587	9255.5953125	6200180_G_F_1
11963	12588	4416.93105	6200188_G_F_2
24109	12589	3975.8818125	6200778_R_F_1
7087	12590	5517.944475	6200007_R_F_1
7089	12591	15578.3741625	6200004_G_F_1
7091	12592	6068.4511875	6200003_R_F_1
3351	12593	650.306175	6200278_R_F_1
23945	12594	19966.331175	6200279_R_F_2
6481	12595	14805.7331625	6201431_G_F_1
24897	12596	8605.2891375	6200430_R_F_3
24899	12597	437.8299	6200430_G_F_3
8525	12598	18279.398325	6200959_G_F_3
4167	12599	22606.187925	6200958_R_F_1
8531	12600	20964.3258	6200957_R_F_1
8533	12601	25452.082275	6200957_G_F_1
10135	12602	10008.9202875	6100762_R_F_1
10137	12603	16334.918475	6100762_G_F_1
5669	12604	8019.3697125	6201097_G_F_1
9943	12605	18903.9498	6200508_G_F_1
24051	12606	8164.2399	6201099_G_F_1
24053	12607	18060.483375	6201099_G_F_2
9945	12608	15037.5254625	6200509_G_F_3
11111	12609	18846.001725	6200785_R_F_1
10175	12610	11444.7448125	6200787_R_F_3
9279	12611	254.3276625	6200829_G_F_1
9281	12612	3950.1271125	6200829_G_F_2
8583	12613	1014.0913125	6200827_G_F_1
9303	12614	1645.0814625	6200826_G_F_1
1339	12615	2511.08325	6200559_G_F_1
3503	12616	2440.257825	6100810_R_F_3
5679	12617	3457.568475	6201410_G_F_2
1341	12618	16032.30075	6200555_R_F_1
1343	12619	16193.267625	6200557_R_F_3
11407	12620	7085.7618375	6100779_R_F_1
24079	12621	9352.1754375	6201329_G_F_1
11477	12622	1207.2515625	6100777_R_F_3
2747	12623	7565.443125	6201227_G_F_1
12083	12624	19277.39295	6200734_R_F_2
1387	12625	14953.8226875	6200737_R_F_2
1389	12626	1078.4780625	6200737_G_F_1
1391	12627	18913.6078125	6200736_R_F_1
1413	12628	10015.3589625	6200738_R_F_1
1415	12629	144.8701875	6200738_G_F_1
10237	12630	24019.4770875	6201255_G_F_1
10239	12631	15282.1951125	6201254_G_F_2
24093	12632	9925.2175125	6201525_G_F_7
9479	12633	17178.3849	6201524_R_F_1
8623	12634	11258.0232375	6201395_G_F_1
5731	12635	5550.13785	6200300_G_F_1
5733	12636	8267.2587	6200301_G_F_1
5735	12637	1921.9444875	6200302_G_F_7
5737	12638	15150.202275	6200303_R_F_1
5739	12639	0.0	6200303_G_F_1
5741	12640	5958.9937125	6200303_G_F_2
10247	12641	167.40555	6200124_R_F_1
11819	12642	6113.5219125	6200120_R_F_1
10255	12643	11528.4475875	6200122_G_F_1
8637	12644	811.27305	6200041_R_F_2
1461	12645	511.8746625	6200040_R_F_2
10259	12646	17767.5236625	6200128_G_F_1
8659	12647	466.8039375	6200609_R_F_7
8661	12648	4738.8648	6200609_G_F_1
10913	12649	8463.6382875	6201178_R_F_1
24181	12650	9036.6803625	6200906_R_F_2
24183	12651	9838.2954	6200904_R_F_1
24185	12652	441.0492375	6200905_G_F_2
24187	12653	2623.7600625	6200902_G_F_1
24189	12654	22226.3061	6200900_G_F_1
10639	12655	5936.45835	6200901_R_F_2
10919	12656	21231.5308125	6201274_R_F_4
10921	12657	7191.999975	6201274_G_F_1
24193	12658	9973.507575	6200908_R_F_1
3721	12659	26247.2586375	6200514_G_F_1
7441	12660	6593.2032	6201180_R_F_1
7443	12661	2053.937325	6201180_G_F_4
7445	12662	6232.6374	6201180_G_F_6
24211	12663	18179.5988625	6201381_R_F_1
25333	12664	12188.411775	6200707_G_F_1
7479	12665	3927.59175	6201165_G_F_2
7481	12666	0.0	6201160_G_F_1
1313	12667	8048.34375	6201169_R_F_1
1315	12668	360.5658	6201169_G_F_3
6531	12669	2507.8639125	6200328_G_F_1
3823	12670	14841.145875	6200468_G_F_4
24247	12671	473.2426125	6201440_R_F_1
24249	12672	8959.4162625	6201440_G_F_1
12143	12673	7172.68395	6201114_R_F_4
12145	12674	11051.9856375	6201115_R_F_1
12147	12675	3744.0895125	6201115_R_F_2
10439	12676	12590.8289625	6201292_G_F_4
9309	12677	12233.4825	6200449_G_F_1
24261	12678	5427.803025	6200477_G_F_2
10467	12679	9374.7108	6200164_R_F_3
2797	12680	2916.719775	6200447_G_F_1
3887	12681	4342.8862875	6200641_G_F_2
3889	12682	3241.8728625	6200640_G_F_2
3891	12683	4774.2775125	6200643_R_F_3
3893	12684	11019.7922625	6200643_G_F_1
3895	12685	10137.6937875	6200643_G_F_3
3897	12686	11489.8155375	6200642_R_F_1
3899	12687	21096.3186375	6200642_G_F_1
3903	12688	17651.6275125	6200649_R_F_1
3905	12689	12510.345525	6200648_G_F_1
24817	12690	7011.717075	6201365_G_F_6
25225	12691	9226.621275	6201364_R_F_3
25227	12692	22203.7707375	6201364_G_F_1
25251	12693	25912.4475375	6201366_R_F_1
25253	12694	17287.842375	6201366_G_F_1
24283	12695	4478.0984625	6201361_G_F_4
24969	12696	10968.2828625	6201360_G_F_6
10509	12697	22419.46635	6200010_R_F_1
10511	12698	19637.95875	6200010_G_F_1
9777	12699	18375.97845	6200088_G_F_3
9779	12700	7346.528175	6200087_R_F_2
9781	12701	19689.46815	6200087_G_F_2
8511	12702	20017.840575	6200085_G_F_1
9023	12703	9126.8218125	6200547_G_F_2
9003	12704	6789.5827875	6201497_G_F_1
9005	12705	7369.0635375	6201497_G_F_2
9007	12706	3666.8254125	6201494_R_F_1
9009	12707	11241.92655	6201494_G_F_1
1965	12708	373.44315	6200942_R_F_4
1967	12709	22902.366975	6200942_G_F_1
6051	12710	3251.530875	6200429_R_F_2
6053	12711	11618.5890375	6200429_G_F_3
1969	12712	12848.3759625	6201498_G_F_1
6029	12713	26205.40725	6201085_R_F_1
6031	12714	14068.504875	6201080_G_F_1
6033	12715	3624.974025	6201082_G_F_2
2021	12716	23478.6283875	6201123_G_F_1
2023	12717	1760.9776125	6201122_R_F_1
2025	12718	22812.225525	6201120_G_F_1
2027	12719	24106.3992	6201125_R_F_1
2029	12720	3550.9292625	6201124_R_F_3
2031	12721	11934.0841125	6201124_G_F_1
2033	12722	12832.279275	6201124_G_F_3
9819	12723	6136.057275	6100808_R_F_2
9821	12724	10495.04025	6100808_R_F_3
2039	12725	1461.579225	6200830_R_F_1
2041	12726	3132.4153875	6200830_R_F_2
8983	12727	32145.0849375	6100807_R_F_2
9809	12728	1432.6051875	6100804_G_F_1
9025	12729	17126.8755	6200542_R_F_2
9027	12730	12172.3150875	6200542_G_F_1
9029	12731	5695.0080375	6200542_G_F_4
9811	12732	5311.906875	6100803_G_F_4
6021	12733	4458.7824375	6200937_R_F_1
4833	12734	9423.0008625	6200259_R_F_2
9041	12735	10453.1888625	6200548_R_F_1
24431	12736	9464.85225	6201408_R_F_1
24433	12737	698.5962375	6201408_G_F_1
2067	12738	12491.0295	6201012_G_F_1
24065	12739	727.570275	6201406_R_F_4
2071	12740	6090.98655	6201010_G_F_1
2075	12741	17439.1512375	6201234_R_F_1
2077	12742	2456.3545125	6201233_R_F_3
7411	12743	17661.285525	6201338_R_F_1
7413	12744	14599.6955625	6201338_G_F_1
5111	12745	13344.1539375	6201339_R_F_1
5113	12746	11412.5514375	6201339_G_F_1
2061	12747	17303.9390625	6201015_R_F_1
2063	12748	14094.259575	6201015_G_F_1
2105	12749	12172.3150875	6200726_G_F_1
9057	12750	4661.6007	6200727_R_F_1
6119	12751	24605.3965125	6200681_G_F_1
6199	12752	3019.738575	6200683_G_F_1
6121	12753	27898.778775	6200682_G_F_1
10699	12754	24505.59705	6200684_R_F_1
10701	12755	27058.5316875	6200684_G_F_1
6371	12756	11975.9355	6200686_R_F_1
11003	12757	16392.86655	6200338_G_F_2
4251	12758	17558.266725	6201011_R_F_1
4253	12759	12983.5881375	6201011_G_F_1
11051	12760	19454.4565125	6200331_R_F_1
11053	12761	9728.837925	6200331_G_F_1
11059	12762	23546.234475	6200330_G_F_1
10617	12763	8653.5792	6200333_G_F_1
11081	12764	11003.695575	6200332_G_F_1
10715	12765	18121.6507875	6200335_R_F_1
10717	12766	11138.90775	6200335_G_F_1
10721	12767	7191.999975	6200337_G_F_1
2095	12768	5659.595325	6200723_R_F_1
25325	12769	14998.8934125	6200704_G_F_1
6145	12770	4655.162025	6200119_R_F_2
9045	12771	19679.8101375	6201231_R_F_1
9047	12772	10350.1700625	6201231_G_F_1
2849	12773	20085.4466625	6200668_G_F_1
12511	12774	0.0	6200610_R_F_2
2855	12775	0.0	6200667_G_F_1
2857	12776	3257.96955	6200666_G_F_1
10387	12777	21901.1530125	6200090_G_F_1
7883	12778	21707.9927625	6200977_G_F_3
24663	12779	3982.3204875	6201198_R_F_1
24665	12780	3283.72425	6201198_G_F_1
24667	12781	10614.1557375	6201199_R_F_2
24669	12782	23140.59795	6201199_G_F_2
3501	12783	8267.2587	6201055_R_F_1
24673	12784	2173.0528125	6201193_G_F_1
24675	12785	8782.3527	6201196_R_F_1
24677	12786	11666.8791	6201197_R_F_2
9949	12787	4046.7072375	6200505_R_F_1
10887	12788	22039.584525	6201174_R_F_1
10889	12789	11254.8039	6201174_G_F_1
10891	12790	13009.3428375	6201176_R_F_1
10895	12791	12014.56755	6201170_R_F_1
10897	12792	15243.5630625	6201170_G_F_1
10303	12793	27377.2461	6201171_G_F_1
10903	12794	685.7188875	6201172_G_F_3
10905	12795	7813.3321125	6201172_G_F_4
10907	12796	16293.0670875	6201173_R_F_1
10909	12797	8244.7233375	6201173_R_F_2
10911	12798	7227.4126875	6201270_G_F_7
11731	12799	1175.0581875	6201277_R_F_1
11733	12800	6712.3186875	6201277_G_F_1
11735	12801	106.2381375	6201277_G_F_4
7915	12802	12233.4825	6200486_R_F_4
10917	12803	13395.6633375	6201275_G_F_2
7917	12804	30126.560325	6200484_R_F_1
7925	12805	7124.3938875	6201285_R_F_2
10937	12806	14078.1628875	6200379_R_F_1
10939	12807	18926.4851625	6200379_G_F_1
10941	12808	14383.99995	6200378_R_F_1
10943	12809	18984.4332375	6200378_G_F_1
10945	12810	13852.8092625	6200809_R_F_1
24707	12811	25300.7734125	6200471_R_F_1
10947	12812	11654.00175	6200377_R_F_1
10949	12813	29192.95245	6200376_R_F_1
10951	12814	16943.3732625	6200802_G_F_1
3949	12815	13949.3893875	6201471_R_F_1
3051	12816	22091.093925	6201470_G_F_1
4805	12817	22635.1619625	6201472_G_F_2
24719	12818	12793.647225	6200573_R_F_1
7935	12819	16421.8405875	6200396_R_F_1
7937	12820	21138.170025	6200396_G_F_1
7939	12821	18363.1011	6200395_G_F_2
7941	12822	15185.6149875	6200394_R_F_1
4835	12823	15304.730475	6200254_R_F_1
4837	12824	28098.3777	6200254_G_F_1
11001	12825	27390.12345	6200651_R_F_1
6059	12826	186.721575	6200934_R_F_1
7963	12827	5588.7699	6201372_G_F_1
7965	12828	5756.17545	6201371_G_F_1
7977	12829	10382.3634375	6200713_R_F_1
24191	12830	3386.74305	6100780_R_F_3
6127	12831	4339.66695	6201531_G_F_1
8043	12832	8247.942675	6200155_G_F_2
8045	12833	13028.6588625	6200157_R_F_1
8047	12834	22915.244325	6200156_G_F_1
11343	12835	11644.3437375	6200094_R_F_1
11345	12836	3.2193375	6200094_R_F_2
8049	12837	16354.2345	6200159_G_F_1
4927	12838	19663.71345	6200093_G_F_1
4929	12839	5546.9185125	6200093_G_F_2
2657	12840	6239.076075	6201483_G_F_1
2659	12841	10775.1226125	6201484_R_F_2
2661	12842	18623.8674375	6201484_G_F_1
2663	12843	5463.2157375	6201487_R_F_1
2665	12844	22599.74925	6201488_G_F_1
7491	12845	6715.538025	6200582_R_F_1
7493	12846	7307.896125	6200583_R_F_1
12425	12847	12603.7063125	6201138_R_F_1
12427	12848	1561.3786875	6201138_G_F_1
12429	12849	1619.3267625	6201139_G_F_1
24253	12850	10420.9954875	6201443_G_F_1
11233	12851	12.87735	6200925_G_F_1
11235	12852	13630.674975	6200926_G_F_1
11243	12853	0.0	6200923_R_F_1
11245	12854	746.8863	6200923_G_F_1
9295	12855	3634.6320375	6201008_G_F_1
9297	12856	3995.1978375	6201004_R_F_1
2745	12857	3122.757375	6201226_G_F_2
24937	12858	5266.83615	6200697_G_F_1
24939	12859	2385.5290875	6200697_G_F_4
24947	12860	17735.3302875	6200698_G_F_1
24949	12861	23961.5290125	6200699_G_F_1
6517	12862	11547.7636125	6200326_G_F_2
2781	12863	14284.2004875	6200284_G_F_1
2789	12864	2894.1844125	6200281_R_F_1
2791	12865	6.438675	6200280_G_F_1
2793	12866	22103.971275	6200991_R_F_1
11305	12867	4201.2354375	6201500_R_F_2
11307	12868	3541.27125	6201500_G_F_1
11309	12869	7317.5541375	6201500_G_F_2
1823	12870	0.0	6200448_R_F_1
1825	12871	16528.078725	6200448_G_F_1
9315	12872	9777.1279875	6200445_R_F_1
1913	12873	22425.905025	6200262_R_F_1
1915	12874	3425.3751	6200262_G_F_1
1917	12875	24402.57825	6200262_G_F_2
9535	12876	5324.784225	6200524_R_F_1
9537	12877	0.0	6200524_R_F_4
9539	12878	8125.60785	6200524_G_F_1
9541	12879	0.0	6200524_G_F_2
9547	12880	4210.89345	6200526_G_F_1
9549	12881	9342.517425	6200526_G_F_2
9551	12882	48.2900625	6200528_R_F_3
9553	12883	70.825425	6200528_G_F_1
9555	12884	8325.206775	6200528_G_F_2
2843	12885	148.089525	6200669_R_F_4
2845	12886	19483.43055	6200669_G_F_1
2847	12887	11093.837025	6200669_G_F_2
10915	12888	15085.815525	6200740_R_F_3
2851	12889	7613.7331875	6200663_G_F_1
6599	12890	6168.25065	6200218_R_F_2
6601	12891	12159.4377375	6200218_G_F_2
6603	12892	1113.890775	6200219_R_F_1
6605	12893	5601.64725	6200219_G_F_1
11397	12894	16186.82895	6200748_R_F_1
2859	12895	12378.3526875	6200665_R_F_1
2861	12896	3431.813775	6200664_R_F_1
9059	12897	16077.371475	6200729_R_F_1
9061	12898	16144.9775625	6200729_G_F_1
9355	12899	3418.936425	6200068_G_F_4
24889	12900	25735.383975	6200960_R_F_1
25015	12901	20632.7340375	6200961_R_F_1
25119	12902	14557.844175	6200962_G_F_1
25121	12903	7929.2282625	6200962_G_F_3
25123	12904	3579.9033	6200964_R_F_1
5405	12905	15266.098425	6200591_R_F_1
5407	12906	24441.2103	6200591_G_F_1
11487	12907	13881.7833	6201042_R_F_1
11489	12908	6248.7340875	6201042_G_F_3
11491	12909	11557.421625	6201047_R_F_5
11493	12910	19476.991875	6201049_R_F_4
11495	12911	8286.574725	6201049_G_F_1
12283	12912	14641.54695	6200618_R_F_1
5187	12913	13672.5263625	6200403_R_F_1
5189	12914	7037.471775	6200403_G_F_1
6959	12915	19831.119	6200402_R_F_1
6961	12916	22042.8038625	6200402_G_F_1
5193	12917	16392.86655	6200401_R_F_1
5195	12918	19847.2156875	6200400_R_F_1
5197	12919	23365.951575	6200400_G_F_2
5203	12920	16058.05545	6200405_R_F_1
24259	12921	1596.7914	6200476_G_F_1
8299	12922	28304.4153	6200812_R_F_1
10925	12923	3460.7878125	6201317_R_F_1
25263	12924	5656.3759875	6200380_R_F_1
8311	12925	9239.498625	6200381_R_F_1
25265	12926	14976.35805	6200222_G_F_1
9433	12927	23027.9211375	6100796_R_F_1
9435	12928	23938.99365	6100797_R_F_2
9437	12929	4832.2255875	6100797_G_F_1
9439	12930	19695.906825	6100795_R_F_1
3103	12931	20635.953375	6100798_R_F_1
9443	12932	17284.6230375	6100799_R_F_2
11639	12933	6416.1396375	6200709_R_F_1
8295	12934	2379.0904125	6200815_R_F_1
9017	12935	8521.5863625	6200700_G_F_2
25321	12936	15752.2183875	6200702_R_F_1
25327	12937	11212.9525125	6200706_R_F_1
25329	12938	14986.0160625	6200706_R_F_2
25331	12939	9503.4843	6200706_G_F_1
8369	12940	17345.79045	6200147_R_F_1
6849	12941	34025.1780375	6200144_G_F_1
8373	12942	27805.4179875	6200145_G_F_1
25391	12943	11084.1790125	6201522_G_F_3
8625	12944	1381.0957875	6201390_R_F_2
8627	12945	1233.0062625	6201391_R_F_1
8629	12946	1619.3267625	6201391_R_F_2
8631	12947	9764.2506375	6201392_R_F_1
8633	12948	28030.7716125	6201393_R_F_1
8635	12949	3261.1888875	6201393_G_F_2
11817	12950	408.8558625	6200127_R_F_1
24989	12951	24727.7313375	6201422_R_F_1
24991	12952	4919.1477	6201422_G_F_1
9525	12953	1622.5461	6200522_G_F_1
9527	12954	560.164725	6200523_R_F_1
9529	12955	5994.406425	6200523_R_F_2
9531	12956	634.2094875	6200523_G_F_1
9533	12957	7195.2193125	6200523_G_F_3
25451	12958	10466.0662125	6201426_G_F_2
9543	12959	7404.47625	6200525_G_F_1
9545	12960	9551.7743625	6200525_G_F_5
25453	12961	4848.322275	6201424_G_F_1
9557	12962	48.2900625	6200529_G_F_1
9559	12963	7208.0966625	6200529_G_F_2
25517	12964	13746.571125	6201428_G_F_1
25461	12965	24930.5496	6201429_G_F_1
6939	12966	135.212175	6200917_G_F_1
3313	12967	29550.2989125	6201100_R_F_1
3333	12968	14419.4126625	6201100_G_F_1
6947	12969	13263.6705	6201358_R_F_2
6949	12970	13978.363425	6201359_R_F_1
6951	12971	13176.7483875	6201359_G_F_4
6969	12972	1339.2444	6201357_R_F_3
6971	12973	27889.1207625	6201357_G_F_1
7017	12974	23610.621225	6201515_R_F_1
7019	12975	9136.479825	6201515_G_F_3
10381	12976	20587.6633125	6200314_R_F_1
3305	12977	13704.7197375	6200291_G_F_2
3307	12978	10498.2595875	6200297_R_F_1
5419	12979	9670.88985	6201518_G_F_1
4275	12980	18575.577375	6201519_G_F_2
7011	12981	8824.2040875	6201516_G_F_1
7013	12982	12388.0107	6201517_G_F_6
7015	12983	12201.289125	6201514_G_F_2
9749	12984	997.994625	6200985_R_F_1
24437	12985	11995.251525	6200981_R_F_5
7473	12986	437.8299	6201746_G_F_1
8969	12987	8650.3598625	6201946_G_F_1
24239	12988	19811.802975	6201893_R_F_1
4493	12989	8563.43775	6201592_R_F_3
4763	12990	6548.132475	6201694_R_F_1
4765	12991	27586.5030375	6201694_R_F_2
4767	12992	19963.1118375	6201697_R_F_1
4771	12993	11837.5039875	6201691_R_F_1
4773	12994	3348.111	6201691_G_F_2
4775	12995	5080.114575	6201693_R_F_1
4777	12996	2424.1611375	6201693_G_F_4
4779	12997	5843.0975625	6201692_G_F_1
7893	12998	6995.6203875	6201754_R_F_2
3215	12999	24035.573775	6201698_R_F_1
1151	13000	57.948075	6201600_G_F_2
1153	13001	0.0	6201606_R_F_1
1909	13002	4909.4896875	6201605_R_F_1
1911	13003	12088.6123125	6201605_G_F_1
25167	13004	2385.5290875	6201686_G_F_5
25169	13005	14615.79225	6201687_R_F_1
8291	13006	6071.670525	6201766_G_F_1
8293	13007	7362.6248625	6201766_G_F_2
1157	13008	11895.4520625	6201604_G_F_1
1159	13009	9474.5102625	6201604_G_F_2
25519	13010	10524.0142875	6201623_R_F_1
4853	13011	22277.8155	6201649_R_F_1
4855	13012	5450.3383875	6201649_G_F_1
2535	13013	1001.2139625	6201830_G_F_1
1267	13014	2234.220225	6201770_R_F_1
1269	13015	4993.1924625	6201770_G_F_1
1271	13016	3805.256925	6201770_G_F_2
8961	13017	8228.62665	6201943_R_F_1
8963	13018	12313.9659375	6201942_R_F_3
8965	13019	1825.3643625	6201944_R_F_5
8967	13020	4120.752	6201944_G_F_4
24617	13021	13463.269425	6201625_R_F_1
24619	13022	13868.90595	6201625_G_F_1
2595	13023	885.3178125	6201956_R_F_8
2597	13024	10237.49325	6201957_R_F_1
2599	13025	5356.9776	6201954_R_F_1
2601	13026	9728.837925	6201954_G_F_1
2603	13027	1484.1145875	6201954_G_F_2
25291	13028	19422.2631375	6201688_G_F_2
2631	13029	5476.0930875	6201958_R_F_1
2633	13030	2420.9418	6201958_G_F_1
25177	13031	11544.544275	6201689_R_F_1
25179	13032	11148.5657625	6201689_R_F_2
25181	13033	7942.1056125	6201689_G_F_1
12187	13034	9509.922975	6201707_R_F_2
12189	13035	3476.8845	6201706_R_F_1
12193	13036	15584.8128375	6201704_R_F_1
4487	13037	11734.4851875	6201595_R_F_2
4489	13038	14136.1109625	6201595_G_F_1
4491	13039	8746.9399875	6201595_G_F_2
24401	13040	14751.004425	6201668_G_F_1
24403	13041	19776.3902625	6201669_R_F_1
24405	13042	11135.6884125	6201669_G_F_6
8947	13043	1596.7914	6201948_R_F_2
8949	13044	10511.1369375	6201948_G_F_2
24413	13045	3905.0563875	6201660_G_F_1
24415	13046	431.391225	6201661_R_F_1
24417	13047	4812.9095625	6201661_G_F_1
3711	13048	11026.2309375	6201593_R_F_1
3713	13049	10350.1700625	6201593_G_F_1
9453	13050	19258.076925	6201923_G_F_1
9455	13051	5907.4843125	6201922_G_F_2
9457	13052	19683.029475	6201922_G_F_3
9459	13053	6866.8468875	6201926_R_F_3
9461	13054	3061.5899625	6201926_G_F_2
9463	13055	14023.43415	6201926_G_F_3
4381	13056	30097.5862875	6201924_R_F_1
4383	13057	13517.9981625	6201924_G_F_1
4385	13058	21959.1010875	6201928_R_F_2
3507	13059	27003.80295	6201859_R_F_1
3509	13060	3991.9785	6201859_G_F_1
3515	13061	949.7045625	6201850_G_F_2
3519	13062	15369.117225	6201856_R_F_1
6459	13063	29856.135975	6201659_G_F_1
6463	13064	5389.170975	6201653_R_F_2
6465	13065	12140.1217125	6201653_G_F_1
6467	13066	20008.1825625	6201652_G_F_1
6471	13067	286.5210375	6201654_R_F_1
6473	13068	6239.076075	6201656_R_F_1
6475	13069	3425.3751	6201656_G_F_2
6477	13070	15884.211225	6201656_G_F_3
3541	13071	2910.2811	6201933_G_F_2
6461	13072	10733.271225	6201650_G_F_1
2697	13073	22.5353625	6201557_R_F_1
2699	13074	0.0	6201557_R_F_3
9837	13075	19167.935475	6201848_R_F_1
9843	13076	9419.781525	6201840_G_F_1
3551	13077	10977.940875	6201750_R_F_3
3553	13078	18131.3088	6201750_G_F_1
3555	13079	9822.1987125	6201750_G_F_2
12583	13080	1892.97045	6201726_R_F_1
7905	13081	14957.042025	6201751_R_F_1
12579	13082	26807.4233625	6201725_R_F_1
12581	13083	965.80125	6201725_R_F_2
7907	13084	14342.1485625	6201752_R_F_1
2533	13085	61.1674125	6201831_G_F_3
4781	13086	7008.4977375	6201699_R_F_2
9299	13087	10794.4386375	6201905_R_F_4
9301	13088	8141.7045375	6201905_G_F_2
9863	13089	8824.2040875	6201904_R_F_3
9865	13090	17239.5523125	6201901_R_F_2
9867	13091	8122.3885125	6201903_R_F_1
9869	13092	13637.11365	6201903_G_F_1
9871	13093	1635.42345	6201902_R_F_4
12595	13094	11396.45475	6201585_G_F_3
12591	13095	14792.8558125	6201589_R_F_3
12593	13096	18894.2917875	6201589_G_F_1
10779	13097	4111.0939875	6201748_G_F_1
11893	13098	23530.1377875	6201862_R_F_1
11895	13099	6673.6866375	6201860_R_F_1
11897	13100	7523.5917375	6201861_R_F_2
4495	13101	14097.4789125	6201591_R_F_4
5061	13102	22593.310575	6201913_R_F_1
5067	13103	8743.72065	6201916_R_F_4
5069	13104	10565.865675	6201916_G_F_4
5071	13105	18791.2729875	6201917_G_F_1
5073	13106	11505.912225	6201917_G_F_2
5075	13107	19135.7421	6201914_R_F_2
12301	13108	16779.18705	6201991_R_F_1
24621	13109	6503.06175	6201627_R_F_1
24623	13110	22351.8602625	6201627_R_F_2
24625	13111	9191.2085625	6201628_R_F_1
24627	13112	2855.5523625	6201629_G_F_4
3727	13113	21334.5496125	6202003_R_F_1
3729	13114	4336.4476125	6202003_G_F_1
3731	13115	27267.788625	6202002_R_F_1
3733	13116	772.641	6202005_R_F_1
3735	13117	22770.3741375	6202005_R_F_2
3737	13118	20001.7438875	6202004_R_F_1
3739	13119	29695.1691	6202007_R_F_2
3741	13120	0.0	6202007_G_F_1
3743	13121	5572.6732125	6202006_G_F_1
3745	13122	2936.0358	6202006_G_F_2
3747	13123	3093.7833375	6202006_G_F_3
7855	13124	25011.0330375	6201747_R_F_1
7857	13125	7185.5613	6201747_G_F_1
3749	13126	16219.022325	6202008_R_F_1
3751	13127	11583.176325	6202008_G_F_1
3753	13128	2446.6965	6202008_G_F_4
7475	13129	23243.61675	6201745_R_F_1
23864	0	894.975825	5400006_G__1
22158	1	3792.379575	5400007_G__1
21992	2	5047.9212	5400004_R__1
22150	3	1680.494175	5400005_G__2
14354	4	4085.3392875	5303484_G__5
21442	5	7977.518325	5400161_R__1
21444	6	9445.536225	5400160_G__1
22152	7	7066.4458125	5400003_R__1
22154	8	7513.933725	5400003_G__1
22156	9	2942.474475	5400003_G__2
22168	10	2514.3025875	5303552_R__2
20022	11	12838.71795	5303557_R__1
20024	12	10449.969525	5303559_G__1
21998	13	769.4216625	5303820_R__1
17206	14	11679.75645	5400488_G__1
17208	15	1104.2327625	5400488_G__2
22422	16	7439.8889625	5303823_R__1
22000	17	4349.3249625	5303826_G__1
21462	18	11435.0868	5303410_G__2
21464	19	2498.2059	5303417_G__1
20756	20	3055.1512875	5303498_G__1
22224	21	5901.0456375	5400008_R__1
13572	22	2430.5998125	5400503_R__2
13574	23	2623.7600625	5400503_R__6
13576	24	1825.3643625	5400503_G__2
13578	25	2523.9606	5400502_G__1
13580	26	3142.0734	5400501_R__1
13582	27	4545.70455	5400501_R__2
13584	28	10060.4296875	5400501_G__1
13586	29	5543.699175	5400500_G__2
13588	30	5962.21305	5400500_G__3
13590	31	6731.6347125	5400507_R__2
13592	32	8051.5630875	5400505_R__1
13594	33	2826.578325	5400505_R__2
13596	34	3567.02595	5400505_G__1
13598	35	0.0	5400504_R__1
13600	36	19.316025	5400504_R__2
13602	37	1596.7914	5400504_G__1
13604	38	3360.98835	5400504_G__2
21486	39	1950.918525	5303675_G__1
21488	40	186.721575	5303677_G__1
21490	41	1522.7466375	5303676_G__1
21492	42	4590.775275	5303679_G__3
21494	43	8408.90955	5303678_R__1
22004	44	466.8039375	5303175_R__1
16160	45	6786.36345	5400212_R__1
16162	46	3892.1790375	5400212_G__1
16164	47	2868.4297125	5400211_G__1
16166	48	350.9077875	5400211_G__2
16168	49	2314.7036625	5400218_G__1
18662	50	2639.85675	5400186_R__3
18664	51	4703.4520875	5400188_G__1
21724	52	1020.5299875	5303860_R__2
21726	53	2939.2551375	5303860_G__5
14412	54	5064.0178875	5303521_G__2
17972	55	547.287375	5303353_R__2
17974	56	3979.10115	5303353_R__3
17976	57	6834.6535125	5303350_G__1
17978	58	4870.8576375	5303356_G__1
17980	59	6512.7197625	5303356_G__2
13270	60	9535.677675	5303354_G__1
21446	61	10330.8540375	5400163_R__1
21448	62	7832.6481375	5400162_R__1
12776	63	4265.6221875	5400047_R__1
12778	64	2185.9301625	5400047_R__3
12780	65	2224.5622125	5400047_G__8
12782	66	2453.135175	5400044_G__1
12784	67	2295.3876375	5400044_G__4
12790	68	3154.95075	5303755_G__1
12792	69	0.0	5303752_R__1
23718	70	4957.77975	5303458_R__2
22416	71	5334.4422375	5303457_R__1
17210	72	12214.166475	5400489_R__1
18520	73	16328.4798	5400607_R__1
13506	74	1393.9731375	5303284_G__2
12822	75	12.87735	5303285_R__2
12824	76	2018.5246125	5303285_R__3
12826	77	904.6338375	5303285_G__1
12828	78	296.17905	5303285_G__2
12830	79	1101.013425	5303285_G__3
15646	80	4011.294525	5400136_R__2
16582	81	35.4127125	5303461_G__1
15648	82	3241.8728625	5400138_R__2
22188	83	10034.6749875	5303828_R__1
22190	84	5366.6356125	5303828_G__1
17216	85	11760.2398875	5400483_G__1
15658	86	6866.8468875	5400424_R__1
15660	87	10997.2569	5400425_R__1
15662	88	4664.8200375	5400425_G__2
15666	89	12664.873725	5303912_R__1
14414	90	1722.3455625	5303520_R__2
22476	91	7027.8137625	5303523_R__2
22478	92	3888.9597	5303523_G__3
14416	93	363.7851375	5303522_R__3
14418	94	0.0	5303522_R__6
14420	95	2758.9722375	5303522_R__7
22480	96	656.74485	5303524_G__1
18046	97	218.91495	5400552_R__2
18048	98	48.2900625	5400552_G__4
17820	99	3138.8540625	5303749_R__2
17822	100	4626.1879875	5303749_G__3
17824	101	4481.3178	5303299_R__3
15706	102	6309.9015	5303622_G__2
15708	103	8940.1002375	5303620_R__1
15710	104	6445.113675	5303620_G__1
23466	105	4120.752	5303301_G__2
13570	106	1764.19695	5400508_G__1
17378	107	0.0	5400072_R__4
17380	108	1300.61235	5400071_R__4
17382	109	5263.6168125	5400071_G__1
17384	110	7938.886275	5400070_R__1
17386	111	5563.0152	5400077_R__1
17388	112	1606.4494125	5400077_R__3
17390	113	0.0	5400076_G__2
17392	114	4484.5371375	5400079_R__1
17394	115	756.5443125	5400079_G__1
17396	116	3396.4010625	5400078_R__1
17398	117	1558.15935	5400078_R__3
17400	118	2176.27215	5400078_R__5
17402	119	4571.45925	5400078_G__1
16306	120	6696.222	5400177_G__1
18776	121	988.3366125	5400374_G__2
18778	122	9423.0008625	5400375_G__1
18780	123	972.239925	5400372_R__2
16308	124	7427.0116125	5303407_G__2
22682	125	0.0	5303400_R__1
22684	126	0.0	5303400_G__1
15072	127	3370.6463625	5303560_R__2
16310	128	395.9785125	5303408_G__1
15074	129	5917.142325	5303562_R__1
17454	130	4049.926575	5303769_R__1
17456	131	109.457475	5303769_G__1
17458	132	7220.9740125	5303769_G__2
17460	133	553.72605	5303768_R__3
23744	134	1448.701875	5303586_R__2
23746	135	3966.2238	5303586_G__1
23758	136	7365.8442	5303584_R__4
23760	137	1554.9400125	5303582_R__2
23762	138	7439.8889625	5303581_R__2
17486	139	2974.66785	5400298_G__1
17488	140	1088.136075	5400297_R__1
23772	141	8479.734975	5400294_R__1
22714	142	5112.30795	5303589_G__1
22716	143	4973.8764375	5303589_G__2
22718	144	148.089525	5303588_G__1
16398	145	2411.2837875	5400450_R__1
17492	146	7410.914925	5400120_R__1
17900	147	782.2990125	5400510_G__4
18790	148	5556.576525	5400514_R__1
16318	149	2160.1754625	5303666_R__1
16320	150	321.93375	5303667_R__1
16322	151	257.547	5303667_G__1
16324	152	51.5094	5303668_R__1
12998	153	2224.5622125	5303499_G__1
22736	154	3251.530875	5400207_G__1
13852	155	756.5443125	5400194_G__1
13854	156	6432.236325	5400196_R__2
13856	157	605.23545	5400190_R__1
13858	158	3502.6392	5400191_R__1
13860	159	296.17905	5400191_G__2
20288	160	296.17905	5303616_G__1
20290	161	19.316025	5303615_R__1
20292	162	1889.7511125	5303619_R__2
20294	163	8598.8504625	5303619_G__2
23154	164	10401.6794625	5400066_R__1
23162	165	14422.632	5400068_R__1
23164	166	3161.389425	5400068_G__3
23166	167	1387.5344625	5400069_G__1
23168	168	1120.32945	5400069_G__2
19168	169	1165.400175	5303518_R__2
19524	170	5881.7296125	5400333_R__1
19526	171	2791.1656125	5400333_G__2
19528	172	5508.2864625	5400334_G__1
22838	173	1390.7538	5400336_G__1
19532	174	1793.1709875	5400339_G__1
19176	175	627.7708125	5303516_R__2
19178	176	2034.6213	5303516_G__3
18910	177	13257.231825	5303183_R__2
18912	178	3.2193375	5303183_G__1
18214	179	2395.1871	5303720_R__1
18216	180	582.7000875	5303720_G__1
16908	181	8470.0769625	5303338_R__1
16912	182	7266.0447375	5303337_R__1
21878	183	6358.1915625	5400029_G__1
21880	184	6580.32585	5400024_G__4
21882	185	8083.7564625	5400025_G__1
21884	186	3605.658	5400025_G__2
18926	187	801.6150375	5303189_R__1
21888	188	5373.0742875	5400022_R__1
21890	189	6062.0125125	5400022_G__6
21892	190	5044.7018625	5400023_R__1
22964	191	6818.556825	5303845_R__1
21074	192	4890.1736625	5303929_R__4
21076	193	1155.7421625	5303929_G__4
19816	194	11927.6454375	5303928_R__4
21078	195	10478.9435625	5303925_G__1
21080	196	4342.8862875	5303924_G__5
23292	197	2765.4109125	5303927_G__5
22972	198	4233.4288125	5303926_R__1
22974	199	7559.00445	5303926_R__3
22976	200	4239.8674875	5303926_G__1
21088	201	3866.4243375	5303921_R__1
21090	202	4806.4708875	5303921_R__2
21092	203	1690.1521875	5303921_G__1
21094	204	7436.669625	5303921_G__2
22980	205	6306.6821625	5303922_G__1
22982	206	338.0304375	5303922_G__2
13122	207	566.6034	5400563_R__1
13124	208	0.0	5400565_R__1
13126	209	927.1692	5400565_G__2
13128	210	10182.7645125	5400564_G__2
13130	211	225.353625	5400566_R__6
13132	212	9451.9749	5400569_R__3
13134	213	1081.6974	5400569_G__2
23532	214	4539.265875	5400496_G__1
23534	215	10694.639175	5400490_G__1
21120	216	93.3607875	5303658_R__2
21122	217	3512.2972125	5303658_G__3
16002	218	11927.6454375	5303422_R__1
21124	219	6580.32585	5303652_R__1
21126	220	1590.352725	5303650_R__1
21128	221	4020.9525375	5303655_R__1
21130	222	373.44315	5303654_R__2
23092	223	215.6956125	5400221_R__2
16910	224	4207.6741125	5303339_G__1
15996	225	2044.2793125	5303425_R__1
23548	226	2063.5953375	5303771_R__1
23550	227	4169.0420625	5303771_R__2
23146	228	4307.473575	5400063_R__2
23148	229	6870.066225	5400063_R__3
23150	230	4542.4852125	5400064_R__3
23152	231	6734.85405	5400065_R__1
16426	232	5118.746625	5303879_G__1
23156	233	13862.467275	5400067_R__2
23158	234	1381.0957875	5400067_G__1
23160	235	3879.3016875	5400067_G__2
16428	236	338.0304375	5303877_R__2
16430	237	9751.3732875	5303876_G__1
16432	238	4291.3768875	5303875_G__1
16486	239	7359.405525	5303874_G__1
16434	240	7636.26855	5303873_G__1
13986	241	1525.965975	5400349_G__1
18914	242	7945.32495	5303186_R__1
18916	243	0.0	5303186_R__2
18918	244	1938.041175	5303186_G__1
18920	245	1628.984775	5303185_R__1
18922	246	656.74485	5303185_R__2
18924	247	25.7547	5303184_R__3
13990	248	1355.3410875	5400340_G__1
13992	249	2620.540725	5400343_R__2
13994	250	885.3178125	5400345_R__1
13996	251	1854.3384	5400345_R__2
13998	252	0.0	5400345_R__4
14000	253	6023.3804625	5400345_G__1
14002	254	4088.558625	5400344_R__1
14004	255	724.3509375	5400347_G__3
17614	256	263.985675	5303591_G__1
20386	257	4829.00625	5303579_R__1
23204	258	5823.7815375	5303778_G__1
22128	259	5836.6588875	5303779_G__1
21664	260	6210.1020375	5303777_R__1
22552	261	7050.349125	5303806_G__3
23212	262	0.0	5303807_R__3
14012	263	1397.192475	5400526_R__2
17610	264	151.3088625	5303590_R__1
17612	265	3158.1700875	5303590_R__2
14014	266	0.0	5400520_G__3
14016	267	2272.852275	5400522_R__1
15318	268	7153.367925	5400119_R__1
15320	269	7472.0823375	5400448_G__2
23250	270	138.4315125	5400449_R__1
15322	271	8080.537125	5400447_G__2
15324	272	3766.624875	5400116_G__2
14042	273	547.287375	5303503_R__1
14044	274	10804.09665	5303503_G__1
16450	275	0.0	5400231_R__3
16452	276	1062.381375	5400231_G__1
16004	277	4680.916725	5303423_G__1
15354	278	9084.970425	5303605_R__1
15356	279	4639.0653375	5303605_G__1
19696	280	6747.7314	5303239_R__1
19698	281	4339.66695	5303239_G__1
17376	282	3834.2309625	5400073_R__2
16304	283	9213.743925	5400179_G__1
22528	284	3296.6016	5303308_R__2
13318	285	5997.6257625	5303733_G__1
13320	286	106.2381375	5303735_R__1
13322	287	8447.5416	5303735_G__1
23468	288	1741.6615875	5303302_R__5
23470	289	6136.057275	5303307_R__1
20208	290	5472.87375	5400629_R__2
20286	291	0.0	5400623_G__1
21260	292	0.0	5400626_G__1
21262	293	0.0	5400627_R__1
21264	294	7864.8415125	5400627_G__2
21266	295	6277.708125	5400624_R__1
15972	296	1822.145025	5400151_R__1
15974	297	8000.0536875	5400151_G__1
20946	298	0.0	5400152_G__4
20948	299	2511.08325	5400401_R__1
20950	300	9876.92745	5400401_G__1
12992	301	7311.1154625	5303494_R__1
12994	302	8051.5630875	5303497_R__1
15976	303	2704.2435	5400157_R__1
15978	304	9477.7296	5400158_R__1
15980	305	9461.6329125	5400158_G__1
15982	306	11261.242575	5400159_R__1
17068	307	9365.0527875	5400018_R__2
17070	308	10656.007125	5400018_G__1
15810	309	8914.3455375	5400395_R__1
17084	310	6561.009825	5400016_R__1
17086	311	2391.9677625	5400016_G__1
14786	312	10025.016975	5303547_R__1
14788	313	1554.9400125	5303547_G__1
14790	314	4581.1172625	5303547_G__3
14792	315	10697.8585125	5303546_R__1
13082	316	1104.2327625	5303545_G__1
14794	317	1352.12175	5303549_R__2
16670	318	5566.2345375	5303830_R__1
23516	319	5717.5434	5400499_R__1
23518	320	7468.863	5400499_R__2
23520	321	6647.9319375	5400499_G__2
23522	322	8206.0912875	5400498_R__3
23524	323	2314.7036625	5400498_G__1
15864	324	51.5094	5303782_R__1
23526	325	527.97135	5400495_G__1
14358	326	1509.8692875	5303397_R__1
23528	327	1451.9212125	5400497_R__2
23530	328	5009.28915	5400497_G__1
16000	329	8540.9023875	5303421_R__1
23536	330	6644.7126	5400493_R__1
17094	331	569.8227375	5400270_R__1
17096	332	6271.26945	5400270_R__4
19812	333	0.0	5400474_R__2
12786	334	1088.136075	5400045_R__1
12788	335	1181.4968625	5400045_G__1
21114	336	3818.134275	5303931_G__1
23824	337	1274.85765	5303349_G__1
23638	338	12088.6123125	5303348_R__2
19984	339	5611.3052625	5303261_R__1
23646	340	9770.6893125	5303345_R__1
23648	341	6709.09935	5303347_G__1
23650	342	5186.3527125	5303340_G__1
17798	343	1155.7421625	5400059_R__1
17800	344	5318.34555	5400059_G__1
21722	345	866.0017875	5303865_R__2
14240	346	5949.3357	5303193_R__3
13116	347	4082.11995	5400561_R__2
13118	348	4088.558625	5400561_R__3
13120	349	952.9239	5400561_G__1
17836	350	2701.0241625	5303747_R__1
20216	351	6635.0545875	5400538_R__1
19164	352	7926.008925	5400539_G__1
20566	353	6499.8424125	5400432_R__1
20568	354	1435.824525	5400432_G__1
20570	355	1863.9964125	5400432_G__3
17496	356	328.372425	5400123_G__2
20572	357	1892.97045	5400437_G__1
17502	358	67.6060875	5400436_G__2
20578	359	2520.7412625	5400126_R__1
20516	360	1525.965975	5400600_R__1
18500	361	0.0	5400601_R__2
16584	362	4156.1647125	5303685_R__1
16586	363	7639.4878875	5303685_G__1
16588	364	869.221125	5303680_G__1
16590	365	11905.110075	5303681_G__1
16592	366	8795.23005	5303682_R__1
16594	367	904.6338375	5303682_G__1
20592	368	1310.2703625	5303907_R__1
20594	369	527.97135	5303907_G__1
19170	370	3338.4529875	5303519_G__2
19172	371	4555.3625625	5303519_G__3
20596	372	5344.10025	5303909_R__1
20598	373	292.9597125	5303908_R__2
20600	374	4320.350925	5303908_G__1
23778	375	1983.1119	5400547_R__1
23780	376	1091.3554125	5400546_G__2
23782	377	9616.1611125	5400544_G__1
23050	378	3042.2739375	5400543_R__1
23052	379	2169.833475	5400542_G__1
23788	380	3589.5613125	5400227_G__1
23790	381	7983.957	5400227_G__2
23792	382	6335.6562	5400290_R__3
21740	383	9503.4843	5400223_G__1
23796	384	1043.06535	5400549_G__2
23798	385	0.0	5400548_R__4
23800	386	482.900625	5400548_G__4
16616	387	5968.651725	5303700_R__1
20810	388	254.3276625	5400608_G__1
23652	389	0.0	5303343_R__1
17188	390	7272.4834125	5303317_G__1
17190	391	4088.558625	5303319_G__1
18584	392	705.0349125	5303705_G__2
18586	393	3814.9149375	5303704_G__1
16612	394	3779.502225	5303706_R__1
18588	395	15700.7089875	5303252_G__2
22452	396	2031.4019625	5400787_R__1
22166	397	1876.8737625	5401323_R__1
18594	398	112.6768125	5400761_R__5
18598	399	4803.25155	5400765_R__1
18600	400	228.5729625	5400765_R__2
18602	401	0.0	5400765_G__5
12686	402	5659.595325	5401553_R__1
22228	403	10279.3446375	5401492_G__2
22230	404	131.9928375	5401492_G__3
22232	405	2070.0340125	5401491_G__2
24242	406	1641.862125	5401497_G__1
22234	407	1513.088625	5401494_R__1
22236	408	16.0966875	5401495_R__1
22238	409	1049.504025	5401495_G__1
18082	410	9435.8782125	5401391_G__1
14360	411	8914.3455375	5401259_R__2
18088	412	1847.899725	5401392_R__1
15576	413	11415.770775	5401399_R__1
15578	414	8099.85315	5401399_G__3
15580	415	3888.9597	5401398_R__1
20044	416	3135.634725	5401196_R__6
20046	417	1413.2891625	5401196_G__2
17044	418	4011.294525	5401690_R__1
17046	419	6171.4699875	5401690_R__3
17048	420	8746.9399875	5401690_G__1
17050	421	1384.315125	5401690_G__2
20048	422	5469.6544125	5401199_G__1
14374	423	3560.587275	5401788_R__2
22296	424	4014.5138625	5400817_R__1
21806	425	969.0205875	5400816_R__1
18286	426	5595.208575	5400950_R__2
18288	427	1397.192475	5400950_G__1
18290	428	1551.720675	5400952_R__1
18292	429	10491.8209125	5400952_G__1
16718	430	4243.086825	5401673_G__1
16720	431	1072.0393875	5401673_G__2
16722	432	10163.4484875	5401670_G__1
16724	433	13150.9936875	5401677_G__1
17052	434	1142.8648125	5401102_R__2
17054	435	952.9239	5401102_R__3
13642	436	4558.5819	5401103_R__1
13644	437	0.0	5401103_R__3
13646	438	798.3957	5401103_R__5
13648	439	988.3366125	5401105_R__1
13650	440	6155.3733	5401105_G__1
13652	441	7150.1485875	5401106_G__1
13654	442	3853.5469875	5401106_G__3
19748	443	11315.9713125	5401453_R__1
19330	444	3274.0662375	5401474_G__1
19332	445	402.4171875	5401475_R__3
19334	446	6503.06175	5401475_G__1
19336	447	3769.8442125	5401476_G__1
19338	448	3624.974025	5401477_G__1
12768	449	77.2641	5400909_R__1
19340	450	2279.29095	5401472_G__2
22370	451	3357.7690125	5401479_R__1
22372	452	669.6222	5401479_G__1
22374	453	1200.8128875	5401479_G__2
21544	454	7127.613225	5400994_R__1
13340	455	12227.043825	5400735_R__2
13342	456	6989.1817125	5400735_G__1
13348	457	820.9310625	5400736_G__2
15142	458	1593.5720625	5400737_G__1
13356	459	2729.9982	5400730_R__1
15154	460	8283.3553875	5400731_G__1
13360	461	1902.6284625	5400732_R__1
13362	462	2858.7717	5400732_G__1
13364	463	9207.30525	5400733_R__2
16210	464	7845.5254875	5401034_R__1
16212	465	7517.1530625	5401035_R__1
16214	466	4825.7869125	5401035_R__2
16216	467	4829.00625	5401031_R__1
16218	468	1113.890775	5401032_G__2
16220	469	0.0	5401033_G__1
16818	470	14715.5917125	5401607_R__1
16820	471	7114.735875	5401607_G__3
16828	472	15423.8459625	5401606_R__1
20804	473	13179.967725	5401605_R__2
15746	474	15375.5559	5401603_R__1
16892	475	14937.726	5401602_R__1
20808	476	16167.512925	5401601_R__1
16932	477	13328.05725	5401600_R__1
14982	478	531.1906875	5401216_G__2
14984	479	5057.5792125	5401218_R__3
14986	480	8660.017875	5401218_G__2
14988	481	16.0966875	5401219_G__1
14990	482	8637.4825125	5401219_G__2
16238	483	12384.7913625	5401351_R__1
22494	484	3492.9811875	5400855_G__1
22496	485	460.3652625	5400855_G__2
22498	486	9503.4843	5400854_G__1
22500	487	4764.6195	5400857_G__1
22502	488	112.6768125	5400857_G__2
22504	489	1516.3079625	5400857_G__3
22506	490	14161.8656625	5400856_R__1
22508	491	10169.8871625	5400851_R__1
22536	492	9516.36165	5400850_G__2
22510	493	160.966875	5400853_G__1
22048	494	3106.6606875	5400852_R__1
22050	495	2701.0241625	5400852_R__2
22052	496	6429.0169875	5400852_G__2
21546	497	4297.8155625	5400995_G__1
21548	498	331.5917625	5400996_R__1
21550	499	2205.2461875	5400997_G__1
19394	500	1133.2068	5401816_R__1
19396	501	5002.850475	5401817_R__1
19398	502	5305.4682	5401817_G__1
21540	503	1091.3554125	5400998_R__1
21542	504	2359.7743875	5400998_G__1
17680	505	273.6436875	5401151_R__1
17682	506	6438.675	5401151_G__1
20180	507	1345.683075	5401439_R__3
20182	508	592.3581	5401439_G__2
20184	509	1732.003575	5401439_G__3
15032	510	8367.0581625	5400927_R__1
15192	511	11306.3133	5401430_R__1
15194	512	5675.6920125	5401430_G__1
15196	513	2295.3876375	5401431_G__1
22554	514	1252.3222875	5401432_R__1
22638	515	2295.3876375	5401433_R__3
22640	516	6779.924775	5401433_G__2
15200	517	370.2238125	5401434_R__2
22556	518	466.8039375	5401436_R__2
15244	519	7381.9408875	5400670_G__1
22560	520	5006.0698125	5400673_G__1
15036	521	1200.8128875	5400672_G__1
15038	522	8305.89075	5400675_R__1
15040	523	9310.32405	5400674_R__1
22576	524	14815.391175	5400858_R__1
21552	525	12243.1405125	5400992_G__1
18060	526	6670.4673	5401171_R__1
18062	527	13102.703625	5401171_G__1
18064	528	5456.7770625	5401170_R__1
18066	529	743.6669625	5401170_R__2
18068	530	1168.6195125	5401170_R__3
18070	531	305.8370625	5401173_G__2
18072	532	3087.3446625	5401177_R__1
16780	533	0.0	5401072_R__1
16782	534	86.9221125	5401074_G__2
13820	535	3032.615925	5400770_R__1
13822	536	6915.13695	5400770_G__1
13824	537	4191.577425	5400771_R__2
13826	538	10240.7125875	5400771_G__1
13828	539	1165.400175	5400772_R__1
13830	540	10153.790475	5400775_G__1
14306	541	51.5094	5401541_R__2
14308	542	386.3205	5401541_R__3
14310	543	338.0304375	5401541_R__4
14312	544	2266.4136	5401541_R__5
14316	545	4648.72335	5401547_G__2
20958	546	5910.70365	5401386_R__1
20960	547	2890.965075	5401386_G__4
20276	548	6042.6964875	5401850_G__2
15080	549	1638.6427875	5401183_R__2
15082	550	5221.765425	5401185_R__2
15800	551	3699.0187875	5400966_R__1
15802	552	6709.09935	5400960_R__1
16844	553	6190.7860125	5400802_R__1
16846	554	0.0	5400802_G__1
16848	555	2517.521925	5400803_R__1
16850	556	3483.323175	5400803_G__1
16852	557	0.0	5400803_G__2
16854	558	2697.804825	5400800_R__1
16856	559	7803.6741	5400800_G__1
16858	560	7568.6624625	5400801_R__2
16860	561	5511.5058	5400801_G__1
13074	562	1184.7162	5401768_R__1
13076	563	827.3697375	5401768_G__1
22796	564	9909.120825	5401689_R__2
22798	565	3708.6768	5401689_G__1
21866	566	5530.821825	5401688_R__1
21868	567	489.3393	5401688_R__2
21870	568	8077.3177875	5401688_G__1
22800	569	2137.6401	5401687_R__1
22802	570	5904.264975	5401687_G__1
22804	571	4523.1691875	5401687_G__2
22394	572	7179.122625	5401686_R__1
22396	573	141.65085	5401686_G__1
22398	574	9658.0125	5401686_G__2
22806	575	8012.9310375	5401685_G__2
22808	576	3550.9292625	5401685_G__3
23666	577	6374.28825	5401684_G__1
22810	578	1818.9256875	5401683_R__1
22812	579	7220.9740125	5401683_G__1
22814	580	5334.4422375	5401683_G__2
21872	581	5843.0975625	5401682_G__2
21874	582	2520.7412625	5401682_G__3
21876	583	421.7332125	5401682_G__4
22818	584	550.5067125	5401681_R__2
22420	585	7484.9596875	5401680_R__1
22822	586	1297.3930125	5401441_G__5
14564	587	3125.9767125	5401445_R__1
14566	588	206.0376	5401445_G__2
18204	589	57.948075	5400705_R__1
22824	590	2288.9489625	5401449_R__2
22826	591	3753.747525	5401449_R__3
23116	592	7072.8844875	5401002_R__1
22866	593	3328.794975	5401004_R__1
15824	594	2604.4440375	5400634_R__1
15826	595	3360.98835	5400634_G__1
15828	596	1989.550575	5400631_G__2
15830	597	3837.4503	5400630_R__1
15832	598	7974.2989875	5400630_G__1
22918	599	10588.4010375	5401346_R__3
22920	600	3328.794975	5401347_R__3
22922	601	1313.4897	5401347_G__4
22692	602	7446.3276375	5401344_R__1
22694	603	11676.5371125	5401344_G__1
22924	604	911.0725125	5401345_R__5
21644	605	1883.3124375	5401343_R__1
21646	606	8151.36255	5401343_G__1
22776	607	12629.4610125	5401341_R__1
17058	608	866.0017875	5400792_R__1
17060	609	2137.6401	5400792_R__2
20328	610	19.316025	5401220_R__2
22160	611	2626.9794	5401349_R__1
22162	612	8647.140525	5401349_R__2
22164	613	3991.9785	5401349_G__2
18932	614	12500.6875125	5400748_R__1
18934	615	476.46195	5400748_G__1
17550	616	894.975825	5400848_R__3
17552	617	8511.92835	5400848_G__1
17554	618	4239.8674875	5400849_R__2
23032	619	0.0	5401537_R__1
23034	620	270.42435	5401537_R__3
23036	621	3022.9579125	5401537_G__3
23038	622	0.0	5401537_G__4
23040	623	685.7188875	5401537_G__6
14612	624	9313.5433875	5401868_G__1
15224	625	2598.0053625	5401406_G__1
15226	626	9664.451175	5401401_R__1
15228	627	8035.4664	5401401_G__1
15230	628	6045.915825	5401403_G__1
15232	629	3.2193375	5401402_G__1
15234	630	5402.048325	5401409_G__1
23084	631	3805.256925	5400833_R__1
23086	632	434.6105625	5400833_R__2
23088	633	672.8415375	5400830_R__1
18928	634	3325.5756375	5400749_R__1
18930	635	177.0635625	5400749_G__1
13154	636	2353.3357125	5401167_G__1
17588	637	1181.4968625	5401710_R__4
17592	638	11792.4332625	5401712_G__2
21920	639	4233.4288125	5401303_G__2
21922	640	0.0	5401300_R__2
14976	641	2800.823625	5401214_G__1
20390	642	6161.811975	5400666_G__1
20392	643	13234.6964625	5400667_G__1
20394	644	7372.282875	5400664_G__1
20396	645	9081.7510875	5400665_R__1
20398	646	2816.9203125	5400665_G__1
20400	647	0.0	5400662_G__1
20402	648	12059.638275	5400663_R__1
20404	649	460.3652625	5400663_G__1
20406	650	801.6150375	5400660_G__1
23206	651	7681.339275	5400661_G__1
18936	652	289.740375	5400745_G__1
18938	653	1207.2515625	5400745_G__3
18940	654	144.8701875	5400747_R__3
18942	655	431.391225	5400747_R__6
18944	656	795.1763625	5400747_G__1
18946	657	13778.7645	5401831_R__1
15880	658	2823.3589875	5401371_R__1
15882	659	4307.473575	5401371_G__3
15884	660	1686.93285	5401370_G__3
22208	661	4281.718875	5401885_G__1
22240	662	6911.9176125	5401884_R__1
23632	663	0.0	5401886_G__2
17032	664	5344.10025	5401698_R__1
17034	665	753.324975	5401698_G__3
18364	666	5234.642775	5401753_R__2
18366	667	5814.123525	5401753_G__1
18368	668	2884.5264	5401759_G__1
18370	669	125.5541625	5401758_R__1
21236	670	6351.7528875	5401597_R__1
21238	671	2729.9982	5401593_R__1
21240	672	4066.0232625	5401592_G__1
20788	673	2449.9158375	5401591_R__1
20790	674	5031.8245125	5401591_G__1
16726	675	1039.8460125	5401678_R__1
21244	676	3821.3536125	5401598_R__1
16728	677	1545.282	5401679_R__2
14744	678	12655.2157125	5400659_R__1
14746	679	5601.64725	5400659_G__1
12798	680	4478.0984625	5400658_G__1
14748	681	1841.46105	5400657_G__1
12814	682	1728.7842375	5400656_G__1
22850	683	9741.715275	5400799_R__1
22852	684	5150.94	5400799_G__1
14750	685	77.2641	5400653_R__1
14752	686	2414.503125	5400653_G__1
14754	687	4059.5845875	5400652_R__1
17676	688	2646.295425	5401155_R__1
17678	689	2070.0340125	5401155_G__1
21886	690	1158.9615	5400795_R__1
13424	691	8299.452075	5401018_G__1
16476	692	13698.2810625	5401019_R__1
16478	693	4226.9901375	5401019_G__1
16480	694	4207.6741125	5401015_G__2
13556	695	4449.124425	5401011_G__1
13558	696	7517.1530625	5401011_G__2
22304	697	2939.2551375	5401348_R__1
21258	698	5260.397475	5401628_R__1
15406	699	5823.7815375	5401238_R__2
15410	700	1307.051025	5401237_G__3
18210	701	2900.6230875	5401234_G__2
15416	702	2990.7645375	5401235_R__1
15418	703	1841.46105	5401235_R__4
13332	704	4027.3912125	5400715_G__1
13334	705	6090.98655	5400712_R__1
13336	706	2147.2981125	5400710_R__1
21914	707	405.636525	5401526_R__1
21916	708	4529.6078625	5401526_G__1
17740	709	1364.9991	5401527_R__1
21918	710	8132.046525	5401524_G__1
16530	711	759.76365	5401489_R__2
16532	712	4742.0841375	5401488_R__3
23552	713	7243.509375	5401520_G__2
16534	714	10031.45565	5401485_G__1
16536	715	9918.7788375	5401484_R__1
16538	716	1567.8173625	5401486_G__1
16540	717	3406.059075	5401481_R__3
16542	718	7787.5774125	5401481_G__1
19088	719	4104.6553125	5401243_G__1
14878	720	2572.2506625	5401429_R__1
14880	721	2308.2649875	5401429_G__1
19090	722	77.2641	5401240_R__1
19814	723	1426.1665125	5401878_R__3
20004	724	10205.299875	5400911_G__1
20488	725	5121.9659625	5401412_R__1
20490	726	5147.7206625	5401412_G__1
20492	727	9184.7698875	5401410_R__1
20494	728	2041.059975	5401410_G__1
20496	729	2659.172775	5401414_R__1
20498	730	3792.379575	5401414_G__2
19486	731	2623.7600625	5401260_G__4
15422	732	6062.0125125	5400949_G__1
17104	733	5656.3759875	5401051_G__2
23668	734	1587.1333875	5401669_G__1
23670	735	1123.5487875	5401669_G__2
21716	736	5868.8522625	5401668_G__1
21718	737	5978.3097375	5401668_G__2
15424	738	11657.2210875	5400948_R__1
22206	739	0.0	5401708_R__1
25254	740	231.7923	5401708_G__3
23680	741	2749.314225	5401704_G__1
23682	742	5707.8853875	5401705_R__1
23684	743	2923.15845	5401705_R__2
23686	744	7491.3983625	5401703_R__1
23688	745	3241.8728625	5401703_G__1
23690	746	2527.1799375	5401703_G__2
23692	747	4993.1924625	5401700_R__1
23694	748	3740.870175	5401701_G__2
17802	749	2015.305275	5400729_R__3
21298	750	13678.9650375	5401027_R__1
21300	751	10073.3070375	5401026_R__1
21302	752	6226.198725	5401025_G__1
21304	753	8048.34375	5401025_G__2
21306	754	11341.7260125	5401024_G__1
21308	755	7311.1154625	5401023_G__2
21310	756	8540.9023875	5401022_G__1
21312	757	10028.2363125	5401021_R__1
21314	758	12526.4422125	5401020_R__1
15428	759	1735.2229125	5400947_R__1
15430	760	8035.4664	5400947_G__1
21316	761	10153.790475	5401029_R__1
21318	762	1838.2417125	5401029_G__1
21320	763	10240.7125875	5401029_G__2
21322	764	6638.273925	5401028_R__1
21324	765	10311.5380125	5401028_G__1
21326	766	2581.908675	5401028_G__2
14254	767	441.0492375	5400758_G__3
14256	768	1129.9874625	5400759_G__4
14258	769	12.87735	5400752_R__1
14260	770	2498.2059	5400752_R__2
14262	771	173.844225	5400752_G__1
14264	772	515.094	5400752_G__3
14266	773	189.9409125	5400753_G__1
14268	774	1123.5487875	5400753_G__2
14270	775	6049.1351625	5400750_R__3
14272	776	0.0	5400751_R__1
14274	777	215.6956125	5400751_R__3
14276	778	479.6812875	5400751_G__1
14278	779	0.0	5400751_G__2
14280	780	1899.409125	5400756_G__4
19888	781	1638.6427875	5401202_G__4
19898	782	5031.8245125	5401205_R__2
19900	783	4214.1127875	5401205_R__4
19902	784	4120.752	5401205_G__1
19904	785	2414.503125	5401204_G__2
23018	786	482.900625	5401539_R__1
23020	787	2379.0904125	5401539_G__2
22096	788	1393.9731375	5401538_R__1
22098	789	1503.4306125	5401538_G__2
22100	790	235.0116375	5401538_G__3
23810	791	6857.188875	5401510_G__1
13508	792	4651.9426875	5401298_R__2
13510	793	576.2614125	5401298_G__2
17170	794	634.2094875	5400863_G__1
17172	795	2488.5478875	5400864_R__1
17896	796	2321.1423375	5401099_R__1
17898	797	6464.4297	5401099_R__2
13538	798	8338.084125	5401743_R__1
13540	799	3164.6087625	5401741_G__2
13542	800	4519.94985	5401746_G__1
13544	801	5385.9516375	5401748_R__1
13546	802	3106.6606875	5401749_R__1
13548	803	527.97135	5401749_G__1
16088	804	3879.3016875	5401586_R__1
16090	805	2437.0384875	5401586_G__1
16092	806	4284.9382125	5401587_R__1
20002	807	86.9221125	5400910_G__2
16094	808	0.0	5401589_R__1
16096	809	22.5353625	5401589_G__2
16110	810	1210.4709	5401639_G__4
22254	811	4088.558625	5401145_R__1
22256	812	1307.051025	5401145_G__3
23886	813	6303.462825	5401147_G__1
23888	814	9027.02235	5401140_R__1
23890	815	2594.786025	5401140_G__1
22856	816	6206.8827	5401142_R__2
23898	817	4317.1315875	5401061_R__2
23580	818	7095.41985	5401261_R__2
21242	819	13028.6588625	5401599_R__1
23068	820	3125.9767125	5401638_R__4
16112	821	3689.360775	5401637_R__1
23934	822	2646.295425	5401635_G__4
23918	823	218.91495	5401630_R__2
23920	824	592.3581	5401630_G__3
14978	825	2115.1047375	5401215_G__1
14980	826	2971.4485125	5401215_G__5
20726	827	9899.4628125	5700894_R__1
20728	828	6889.38225	5700891_G__1
20730	829	5163.81735	5700892_R__1
20732	830	12719.6024625	5700892_G__1
17964	831	8257.6006875	5700893_R__1
16114	832	11554.2022875	5701411_R__1
16116	833	7378.72155	5701410_R__1
21472	834	952.9239	5701321_R__2
22212	835	1628.984775	5701632_G__1
14362	836	8965.8549375	5700828_G__1
20042	837	6297.02415	5701150_R__1
18614	838	131.9928375	5701527_R__2
17224	839	3695.79945	5701526_G__2
16834	840	12149.779725	5701257_R__1
16836	841	640.6481625	5701256_R__2
16838	842	1741.6615875	5701256_R__3
16840	843	2269.6329375	5701256_G__1
16842	844	6020.161125	5701256_G__3
18632	845	3734.4315	5700699_R__1
18634	846	7211.316	5700699_G__1
18636	847	4510.2918375	5700696_R__1
18638	848	4046.7072375	5700696_R__2
18640	849	2385.5290875	5700696_G__1
18642	850	6007.283775	5700696_G__2
18644	851	3641.0707125	5700125_R__1
18646	852	0.0	5700126_G__1
16890	853	2704.2435	5700695_G__1
18652	854	7365.8442	5700693_R__1
14934	855	321.93375	5700600_R__1
20104	856	4120.752	5700461_G__4
20106	857	2784.7269375	5700460_R__2
20108	858	3373.8657	5700460_G__2
20110	859	3969.4431375	5700463_G__1
20112	860	4059.5845875	5700463_G__2
20114	861	10791.2193	5700462_R__1
14662	862	2620.540725	5700465_R__1
14664	863	3071.247975	5700465_G__1
14666	864	5614.5246	5700465_G__2
14668	865	2884.5264	5700464_G__1
20118	866	2218.1235375	5700466_R__1
14912	867	5459.9964	5701558_G__2
22742	868	67.6060875	5700191_R__2
22324	869	2079.692025	5700195_R__1
22326	870	1944.47985	5700195_G__2
22328	871	3824.57295	5700195_G__3
13850	872	8418.5675625	5700117_R__1
17258	873	3338.4529875	5700516_R__1
17260	874	8389.593525	5700046_G__3
17264	875	444.268575	5700519_G__1
14404	876	3966.2238	5701167_R__1
14406	877	112.6768125	5701167_R__3
22450	878	12181.9731	5700866_R__1
14904	879	1371.437775	5700863_G__2
18816	880	10070.0877	5700599_G__2
19376	881	5424.5836875	5701563_R__1
19378	882	4281.718875	5701561_R__1
19380	883	3367.427025	5701561_R__2
19382	884	7565.443125	5701560_G__1
19384	885	2713.9015125	5701567_R__2
19386	886	3251.530875	5701567_R__3
19388	887	3705.4574625	5701565_R__2
20856	888	6625.396575	5700792_R__1
20858	889	431.391225	5700791_G__1
16618	890	1226.5675875	5700790_R__2
16620	891	5637.0599625	5700790_G__2
15690	892	67.6060875	5700649_G__2
18770	893	2395.1871	5700640_R__1
13788	894	90.14145	5701205_R__5
13790	895	3988.7591625	5701205_G__1
21828	896	7378.72155	5701368_G__1
13800	897	6528.81645	5701201_R__1
12892	898	927.1692	5701208_G__1
17504	899	746.8863	5701057_G__3
16774	900	199.598925	5701012_R__3
22530	901	4693.794075	5700547_R__1
22532	902	2552.9346375	5700545_R__2
21842	903	7819.7707875	5700012_R__1
19422	904	4194.7967625	5701386_G__1
19424	905	93.3607875	5701385_R__2
19426	906	959.362575	5701385_G__2
19428	907	10855.60605	5701384_R__1
19430	908	1725.5649	5701384_G__1
19432	909	4455.5631	5701383_G__1
19434	910	3145.2927375	5701382_R__2
19436	911	1255.541625	5701381_R__3
19438	912	11863.2586875	5701388_R__1
19446	913	318.7144125	5700162_R__1
19448	914	940.04655	5700162_G__5
19450	915	3605.658	5700163_R__1
19452	916	131.9928375	5700163_G__2
19454	917	1728.7842375	5700164_G__2
21658	918	2775.068925	5700165_G__2
19460	919	10749.3679125	5700166_R__1
13946	920	1403.63115	5701065_G__2
19462	921	1480.89525	5700168_G__1
18630	922	11258.0232375	5700698_R__1
20900	923	12423.4234125	5700425_R__1
20902	924	6792.802125	5700424_R__1
20904	925	6821.7761625	5700424_G__1
20906	926	6747.7314	5700426_G__1
20908	927	5379.5129625	5700426_G__2
19162	928	930.3885375	5701198_G__1
22672	929	1390.7538	5700946_R__1
22674	930	3499.4198625	5700947_R__2
16798	931	6512.7197625	5700944_R__2
16880	932	9744.9346125	5700697_R__1
16882	933	4590.775275	5700697_G__1
22676	934	891.7564875	5700948_R__1
16800	935	1738.44225	5700949_G__1
21610	936	11312.751975	5701400_R__1
21612	937	1104.2327625	5701401_G__2
16888	938	9905.9014875	5700694_R__1
17478	939	3892.1790375	5701580_G__2
18702	940	3109.880025	5701582_R__2
17482	941	9291.008025	5701585_R__2
17484	942	6284.1468	5701584_R__1
20580	943	7259.6060625	5701586_R__1
21838	944	14094.259575	5700018_R__2
21840	945	13334.495925	5700018_G__1
23922	946	669.6222	5700837_R__1
23924	947	7443.1083	5700837_G__1
22726	948	1545.282	5700835_G__2
19488	949	321.93375	5700833_R__2
19490	950	12265.675875	5700830_G__2
14772	951	4346.105625	5701140_R__2
14774	952	5189.57205	5701140_G__1
17960	953	4439.4664125	5701533_G__3
15592	954	0.0	5700296_R__1
20344	955	13637.11365	5700297_R__1
20346	956	7285.3607625	5700297_G__1
15084	957	5363.416275	5700298_R__1
15086	958	12381.572025	5700299_R__1
15088	959	6145.7152875	5700299_G__1
13846	960	6853.9695375	5700115_R__1
13848	961	5865.632925	5700114_R__1
18672	962	11425.4287875	5701524_R__1
18820	963	28.9740375	5700594_R__1
18822	964	128.7735	5700597_R__1
18824	965	965.80125	5700597_R__3
14300	966	7507.49505	5701511_G__1
18628	967	5717.5434	5701253_R__1
16332	968	1828.5837	5701331_R__1
21624	969	3209.6794875	5700201_G__2
21626	970	8521.5863625	5700203_R__1
21628	971	7861.622175	5700203_G__1
16334	972	15884.211225	5700577_R__1
16336	973	11480.157525	5700576_R__2
16338	974	4117.5326625	5700575_G__1
16340	975	3492.9811875	5700570_R__1
16342	976	1854.3384	5700570_R__2
16344	977	1851.1190625	5700579_R__1
17508	978	5720.7627375	5700184_R__1
17510	979	3132.4153875	5700185_G__1
17512	980	6222.9793875	5700185_G__2
17514	981	2388.748425	5700182_G__2
17516	982	4259.1835125	5700182_G__3
17518	983	5373.0742875	5700181_R__1
17520	984	109.457475	5700181_G__1
22266	985	7169.4646125	5701028_R__1
22268	986	11296.6552875	5701029_R__1
22270	987	9078.53175	5701029_G__1
15452	988	7381.9408875	5701458_G__2
15456	989	431.391225	5701107_R__2
14324	990	67.6060875	5700170_R__2
14326	991	1010.871975	5700170_G__3
20322	992	2411.2837875	5700875_R__2
20324	993	3042.2739375	5700875_G__3
22946	994	7040.6911125	5701571_G__1
14586	995	28.9740375	5701572_G__1
14588	996	5752.9561125	5701572_G__2
14592	997	4899.831675	5701576_R__1
22950	998	13353.81195	5701577_R__1
22952	999	3612.096675	5700972_R__1
23540	1000	12024.2255625	5700970_R__1
13928	1001	508.655325	5701061_R__1
15834	1002	0.0	5700788_R__1
19838	1003	1822.145025	5701657_G__1
22272	1004	3969.4431375	5701027_G__1
16948	1005	8792.0107125	5700029_G__1
16950	1006	2845.89435	5700023_R__1
16952	1007	5263.6168125	5700022_R__2
16954	1008	1609.66875	5700022_G__1
16956	1009	10437.092175	5700022_G__2
16958	1010	14313.174525	5700026_R__1
14620	1011	5244.3007875	5701390_G__2
22010	1012	2997.2032125	5701391_R__1
22012	1013	241.4503125	5701391_G__1
23576	1014	930.3885375	5700520_G__1
18258	1015	6412.9203	5701099_R__2
18260	1016	231.7923	5701099_G__1
18262	1017	3660.3867375	5701097_G__1
18264	1018	3100.2220125	5701097_G__2
18268	1019	4507.0725	5701095_R__1
18270	1020	3097.002675	5701095_R__2
14996	1021	5012.5084875	5701094_R__1
14998	1022	3.2193375	5701093_G__2
15000	1023	4661.6007	5701091_G__1
19610	1024	476.46195	5700445_R__1
19612	1025	1175.0581875	5700444_R__1
19614	1026	1577.475375	5700443_R__1
19616	1027	859.5631125	5700442_R__1
19618	1028	3.2193375	5700441_R__4
19620	1029	463.5846	5700448_R__1
15862	1030	1522.7466375	5700431_G__1
16604	1031	4709.8907625	5701351_R__1
16440	1032	3531.6132375	5701437_G__2
13844	1033	5865.632925	5700113_G__2
23220	1034	4944.9024	5701224_R__1
23222	1035	5807.68485	5701225_G__1
23224	1036	1609.66875	5701225_G__2
23226	1037	8672.895225	5701226_R__1
23228	1038	1429.38585	5701226_G__3
14018	1039	4471.6597875	5701356_R__3
14020	1040	1149.3034875	5701356_G__1
23230	1041	1310.2703625	5701222_R__2
23232	1042	312.2757375	5701223_R__1
15876	1043	1059.1620375	5700924_G__2
18992	1044	12539.3195625	5701505_R__1
18284	1045	6976.3043625	5701506_R__1
23300	1046	9864.0501	5701041_R__1
16454	1047	10021.7976375	5701296_G__1
22758	1048	634.2094875	5700751_G__1
19154	1049	4970.6571	5700580_R__1
23336	1050	286.5210375	5701343_R__3
23338	1051	2546.4959625	5701343_G__4
21678	1052	11734.4851875	5701614_R__1
21680	1053	1751.3196	5701617_G__1
23342	1054	7143.7099125	5701616_G__1
16466	1055	14693.05635	5700748_R__1
23344	1056	7620.1718625	5701610_R__1
23346	1057	3235.4341875	5701610_R__3
23348	1058	1303.8316875	5701610_G__1
23350	1059	13002.9041625	5701345_R__3
16468	1060	1191.154875	5700747_R__1
23356	1061	6171.4699875	5701619_G__1
23358	1062	560.164725	5701618_R__2
23362	1063	1345.683075	5700565_R__2
23364	1064	3914.7144	5700565_G__4
20424	1065	2691.36615	5700403_G__2
22382	1066	1313.4897	5700315_R__1
22384	1067	521.532675	5700315_G__5
23374	1068	418.513875	5700314_R__3
23428	1069	5360.1969375	5700313_R__1
23430	1070	6519.1584375	5700311_R__1
15002	1071	2633.418075	5701090_G__2
19056	1072	5524.38315	5700367_R__1
19058	1073	7481.74035	5700367_G__1
19060	1074	872.4404625	5700368_R__1
19062	1075	4439.4664125	5700368_G__1
14770	1076	582.7000875	5701149_G__2
13000	1077	6029.8191375	5701492_R__1
14776	1078	2459.57385	5701142_G__2
14778	1079	656.74485	5701142_G__3
13002	1080	5157.378675	5701145_G__1
13004	1081	9175.111875	5701147_R__1
14782	1082	8283.3553875	5701146_R__1
16870	1083	6770.2667625	5700888_G__1
15408	1084	3579.9033	5700887_G__2
16876	1085	4082.11995	5700882_G__1
15412	1086	8936.8809	5700881_R__1
15414	1087	4829.00625	5700881_G__2
21824	1088	3882.521025	5700880_R__1
16498	1089	2276.0716125	5700968_R__3
21132	1090	0.0	5701318_R__2
21134	1091	1091.3554125	5701318_G__1
13344	1092	3756.9668625	5701269_R__2
13346	1093	3525.1745625	5701269_G__2
17100	1094	8437.8835875	5701033_G__2
13352	1095	3039.0546	5700682_G__1
13354	1096	3905.0563875	5700687_G__1
23578	1097	1693.371525	5700521_G__1
23494	1098	2736.436875	5700523_G__1
23582	1099	2147.2981125	5700525_G__1
13358	1100	0.0	5700130_G__3
13838	1101	1934.8218375	5701530_G__1
19826	1102	2066.814675	5700638_G__1
13366	1103	11509.1315625	5701089_R__1
19828	1104	3808.4762625	5700634_R__1
19830	1105	4848.322275	5700634_G__1
13412	1106	367.004475	5700635_R__1
13414	1107	4458.7824375	5700635_G__1
19832	1108	4545.70455	5700636_G__1
19834	1109	1841.46105	5700147_G__2
13450	1110	2153.7367875	5700633_R__1
14822	1111	1458.3598875	5700457_G__1
14824	1112	6654.3706125	5700458_R__1
13368	1113	0.0	5700354_R__2
13370	1114	1461.579225	5700354_R__3
14622	1115	3051.93195	5700148_R__1
23672	1116	14773.5397875	5700034_R__1
23674	1117	9963.8495625	5700032_G__1
23676	1118	10285.7833125	5700033_R__1
23678	1119	12697.0671	5700031_R__2
23814	1120	270.42435	5700778_R__1
14780	1121	11975.9355	5701495_G__2
23728	1122	885.3178125	5701422_R__1
17850	1123	6454.7716875	5701213_R__1
17852	1124	2913.5004375	5701215_G__3
17854	1125	2639.85675	5701214_G__1
17856	1126	3158.1700875	5701214_G__2
17858	1127	4616.529975	5701217_R__2
17860	1128	2958.5711625	5701217_G__1
17862	1129	3328.794975	5701217_G__2
17864	1130	4436.247075	5701217_G__3
17866	1131	3753.747525	5701217_G__4
21340	1132	5859.19425	5700915_G__1
14296	1133	2089.3500375	5701513_R__1
14298	1134	10189.2031875	5701513_G__1
23340	1135	4387.9570125	5701342_R__1
22704	1136	6725.1960375	5701620_G__1
15448	1137	231.7923	5701109_R__4
15450	1138	35.4127125	5701108_R__2
15454	1139	11927.6454375	5701457_R__1
17530	1140	8869.2748125	5701455_G__1
17532	1141	12854.8146375	5701454_R__1
13802	1142	11979.1548375	5701450_G__1
21728	1143	479.6812875	5701288_R__1
21730	1144	14590.03755	5701288_G__1
21732	1145	9686.9865375	5701284_G__2
21734	1146	8602.0698	5701285_R__1
21736	1147	6.438675	5701285_G__2
21738	1148	4352.5443	5701285_G__3
23794	1149	6152.1539625	5701282_R__3
15236	1150	2662.3921125	5701283_G__1
15238	1151	283.3017	5701283_G__2
23812	1152	1593.5720625	5700779_R__4
15348	1153	157.7475375	5700552_R__1
16614	1154	3100.2220125	5700554_G__1
15494	1155	3087.3446625	5700412_G__1
15496	1156	1233.0062625	5700413_G__1
15498	1157	6670.4673	5700417_G__3
14322	1158	144.8701875	5700171_R__1
17906	1159	2929.597125	5701076_G__4
23590	1160	624.551475	5700073_G__1
23592	1161	64.38675	5700073_G__2
23298	1162	6928.0143	5700074_G__1
23916	1163	0.0	5700075_G__2
17914	1164	6615.7385625	5700305_R__1
17916	1165	7526.811075	5700301_G__1
20686	1166	1084.9167375	5700094_G__1
20688	1167	1612.8880875	5700095_R__1
20690	1168	144.8701875	5700095_G__1
20692	1169	3518.7358875	5700096_R__1
20694	1170	122.334825	5700097_G__1
20696	1171	6245.51475	5700093_R__1
16944	1172	4075.681275	5701370_G__1
22244	1173	1435.824525	5802046_G__1
22246	1174	2292.1683	5802046_G__3
22260	1175	6512.7197625	5802047_R__1
22262	1176	466.8039375	5802047_G__1
21450	1177	4687.3554	5802163_R__1
21452	1178	7510.7143875	5802161_R__1
21454	1179	11708.7304875	5802161_G__1
21456	1180	3731.2121625	5802160_R__1
21994	1181	1406.8504875	5802048_G__2
21996	1182	1097.7940875	5802049_R__2
18590	1183	985.117275	5901071_G__4
18592	1184	7668.461925	5901070_G__1
17212	1185	4819.3482375	5802191_R__1
17214	1186	6036.2578125	5802191_G__1
13568	1187	11892.232725	5900611_R__1
22242	1188	5981.529075	5900751_G__1
14916	1189	0.0	5900750_R__2
14918	1190	2424.1611375	5900752_R__1
14920	1191	6509.500425	5900752_G__4
17204	1192	6155.3733	5901172_R__1
16170	1193	692.1575625	5900108_R__3
16172	1194	537.6293625	5900104_G__5
16180	1195	64.38675	5900101_G__1
21458	1196	292.9597125	5802166_R__1
21460	1197	2211.6848625	5802166_G__1
22310	1198	4101.435975	5900976_G__1
20800	1199	9088.1897625	5901254_R__1
20126	1200	2150.51745	5901043_G__1
19364	1201	28.9740375	5901032_R__1
18002	1202	3309.47895	5901139_R__2
18004	1203	289.740375	5901137_G__1
18006	1204	0.0	5901134_R__1
18008	1205	1307.051025	5901134_R__2
15650	1206	9677.328525	5900719_R__2
15652	1207	312.2757375	5900719_G__1
15654	1208	321.93375	5900716_R__1
15656	1209	10350.1700625	5900716_G__1
19390	1210	8637.4825125	5900784_R__1
18050	1211	11676.5371125	5900667_R__1
13750	1212	7381.9408875	5900588_G__2
21564	1213	846.6857625	5901211_R__1
16282	1214	4812.9095625	5900929_G__1
16284	1215	1525.965975	5900926_G__1
16286	1216	3200.021475	5900924_R__1
16288	1217	10485.3822375	5900924_G__1
16290	1218	1979.8925625	5900925_R__1
16292	1219	9390.8074875	5900923_R__1
13778	1220	1545.282	5901327_G__1
13780	1221	12384.7913625	5901326_R__1
13782	1222	9175.111875	5901325_G__1
20892	1223	3441.4717875	5900286_R__1
20894	1224	824.1504	5900285_G__1
20896	1225	3557.3679375	5900283_G__1
20898	1226	1706.248875	5900282_G__1
13784	1227	9938.0948625	5901328_G__1
22842	1228	3026.17725	5900368_G__1
22728	1229	7275.70275	5900365_R__1
16968	1230	1883.3124375	5900354_R__3
16970	1231	5875.2909375	5900354_G__1
17404	1232	3315.917625	5802071_R__1
17406	1233	2417.7224625	5802071_R__2
17408	1234	1474.456575	5802071_G__4
17410	1235	6068.4511875	5802070_R__1
17412	1236	1941.2605125	5802070_G__5
17414	1237	3354.549675	5802077_R__2
17416	1238	618.1128	5802077_G__3
17418	1239	643.8675	5802077_G__4
17420	1240	1220.1289125	5802077_G__5
17422	1241	2150.51745	5802076_R__1
17424	1242	2623.7600625	5802076_G__2
17426	1243	1667.616825	5802079_R__2
17428	1244	3138.8540625	5802079_R__3
17430	1245	4239.8674875	5802079_G__3
17432	1246	817.711725	5802078_R__1
17434	1247	1371.437775	5802078_R__2
17436	1248	1004.4333	5802078_G__1
17438	1249	1600.0107375	5802078_G__2
17440	1250	3599.219325	5802078_G__3
22678	1251	4890.1736625	5901108_R__1
22680	1252	6062.0125125	5901108_G__1
13808	1253	17088.24345	5901064_R__1
13810	1254	0.0	5901065_R__2
13812	1255	5543.699175	5901065_G__1
13814	1256	3.2193375	5901065_G__2
13816	1257	167.40555	5901061_G__1
13818	1258	2768.63025	5901062_G__2
20258	1259	3241.8728625	5900747_R__1
17568	1260	1242.664275	5900625_G__3
17570	1261	4500.633825	5900625_G__4
20260	1262	231.7923	5900748_G__3
21496	1263	3985.539825	5901188_R__3
16326	1264	5186.3527125	5901191_R__1
16328	1265	0.0	5901191_G__1
16330	1266	41.8513875	5901191_G__2
18304	1267	2797.6042875	5900058_R__1
13878	1268	0.0	5900004_G__1
21412	1269	6232.6374	5900938_R__3
21414	1270	1741.6615875	5900938_G__1
18136	1271	3808.4762625	5900869_R__2
18138	1272	5707.8853875	5900864_R__1
18140	1273	605.23545	5900864_R__2
18142	1274	0.0	5900864_R__3
18144	1275	83.702775	5900864_G__1
22748	1276	2987.5452	5900138_G__1
21618	1277	3747.30885	5900135_R__1
21620	1278	470.023275	5900135_G__1
21622	1279	5295.8101875	5900136_G__1
16862	1280	299.3983875	5900963_G__2
16864	1281	4226.9901375	5900964_R__3
16866	1282	3901.83705	5900965_R__1
16868	1283	4117.5326625	5900965_G__1
13880	1284	6863.62755	5900001_R__1
13884	1285	5434.2417	5900002_G__1
23506	1286	2437.0384875	5901168_R__2
14568	1287	93.3607875	5901020_G__1
21004	1288	1670.8361625	5900444_R__1
21006	1289	2955.351825	5900444_G__1
14570	1290	10420.9954875	5901024_R__1
21010	1291	3985.539825	5900440_R__1
21012	1292	6226.198725	5900440_G__1
14572	1293	2317.923	5901029_R__1
21030	1294	1468.0179	5900449_R__1
21032	1295	6564.2291625	5900449_R__3
21034	1296	734.00895	5900449_G__1
21036	1297	502.21665	5900448_R__1
21038	1298	5843.0975625	5900448_R__2
21040	1299	280.0823625	5900448_G__1
22258	1300	576.2614125	5900566_G__1
14576	1301	1265.1996375	5802081_R__3
14578	1302	911.0725125	5802081_G__4
22872	1303	2739.6562125	5802082_R__2
22874	1304	202.8182625	5802082_R__3
22876	1305	3068.0286375	5802082_R__4
22878	1306	695.3769	5802082_R__5
22880	1307	2514.3025875	5802082_G__3
17374	1308	154.5282	5900708_G__1
21070	1309	2900.6230875	5802106_R__1
21072	1310	9915.5595	5802108_R__1
18230	1311	10701.07785	5901097_G__1
18232	1312	550.5067125	5901096_R__3
18234	1313	5031.8245125	5901099_G__2
14606	1314	3653.9480625	5900774_R__1
14608	1315	6638.273925	5900772_R__1
23042	1316	1139.645475	5900770_G__1
21014	1317	3682.9221	5900442_R__2
21016	1318	7536.4690875	5900442_G__1
16182	1319	196.3795875	5900103_G__1
16184	1320	51.5094	5900103_G__2
16186	1321	167.40555	5900103_G__4
20644	1322	4426.5890625	5900091_G__1
20646	1323	1764.19695	5900091_G__2
13666	1324	61.1674125	5901207_G__2
16960	1325	1493.7726	5900686_R__5
23110	1326	1661.17815	5900959_G__1
23112	1327	0.0	5900959_G__2
23114	1328	875.6598	5900959_G__3
23118	1329	2598.0053625	5900528_G__1
16964	1330	2337.239025	5900355_R__1
16966	1331	743.6669625	5900355_R__2
16976	1332	3599.219325	5900351_R__1
18876	1333	10256.809275	5901331_G__1
18878	1334	7530.0304125	5901332_R__2
18880	1335	1902.6284625	5901332_G__1
17448	1336	5810.9041875	5900352_G__1
15854	1337	3808.4762625	5900294_R__1
15856	1338	5318.34555	5900294_G__1
15858	1339	331.5917625	5900295_G__1
15860	1340	350.9077875	5900297_G__2
19640	1341	6332.4368625	5900197_R__1
19642	1342	1049.504025	5900195_R__2
23144	1343	5289.3715125	5802145_G__1
16280	1344	2932.8164625	5900928_G__1
23808	1345	2488.5478875	5900651_G__1
17604	1346	5846.3169	5901110_G__1
22910	1347	3538.0519125	5802068_R__1
22912	1348	1976.673225	5802068_R__5
22914	1349	4655.162025	5802068_G__2
22916	1350	2681.7081375	5802068_G__3
23172	1351	5791.5881625	5802069_R__1
23174	1352	3071.247975	5802069_R__4
23176	1353	463.5846	5802069_G__2
23178	1354	1371.437775	5802069_G__3
23180	1355	1596.7914	5802069_G__4
23182	1356	4680.916725	5802069_G__5
22580	1357	4008.0751875	5802066_G__2
22582	1358	653.5255125	5802066_G__3
22584	1359	753.324975	5802066_G__5
22116	1360	1722.3455625	5802067_G__3
22844	1361	981.8979375	5802064_G__2
22846	1362	267.2050125	5802064_G__3
22848	1363	3782.7215625	5802064_G__4
22118	1364	0.0	5802065_R__1
22120	1365	6374.28825	5802065_R__2
22122	1366	251.108325	5802065_R__4
22124	1367	10128.035775	5802065_G__1
22616	1368	5427.803025	5802062_R__1
22618	1369	2288.9489625	5802062_R__3
22620	1370	3164.6087625	5802062_G__1
22622	1371	2437.0384875	5802062_G__2
22624	1372	328.372425	5802062_G__4
22652	1373	3631.4127	5802063_R__3
22654	1374	3808.4762625	5802063_R__4
22656	1375	1741.6615875	5802063_R__5
22658	1376	1451.9212125	5802063_G__1
22660	1377	531.1906875	5802063_G__2
22662	1378	486.1199625	5802063_G__5
22686	1379	724.3509375	5802060_G__1
22126	1380	3.2193375	5802061_R__1
16436	1381	4317.1315875	5900550_G__1
16438	1382	2057.1566625	5900550_G__3
15850	1383	5414.925675	5900299_R__2
15852	1384	1648.3008	5900299_G__1
16544	1385	4845.1029375	5900089_R__2
13240	1386	122.334825	5900870_G__1
23366	1387	3022.9579125	5900999_G__1
23368	1388	3341.672325	5900998_G__1
23370	1389	698.5962375	5900997_R__1
23372	1390	2649.5147625	5900997_G__1
22664	1391	412.0752	5901102_R__4
17644	1392	3557.3679375	5900392_R__1
17646	1393	4404.0537	5900395_G__1
13300	1394	6561.009825	5802023_G__1
13302	1395	6242.2954125	5802021_G__4
23432	1396	1883.3124375	5802181_R__1
23434	1397	5958.9937125	5802180_G__1
23876	1398	7359.405525	5802182_R__1
23878	1399	7024.594425	5802182_G__1
21950	1400	3364.2076875	5802185_R__1
21952	1401	12.87735	5802184_G__1
23438	1402	4059.5845875	5802187_R__1
23440	1403	3380.304375	5802187_G__1
15952	1404	444.268575	5900451_G__1
19752	1405	10198.8612	5901019_G__3
19754	1406	1178.277525	5901011_G__1
19756	1407	676.060875	5901013_R__1
19758	1408	949.7045625	5901013_G__1
19760	1409	4893.393	5901012_R__1
19762	1410	5958.9937125	5901012_R__2
19764	1411	7993.6150125	5901012_G__1
19766	1412	1194.3742125	5901012_G__2
23476	1413	5756.17545	5900063_G__1
18146	1414	5263.6168125	5802054_G__1
17076	1415	705.0349125	5802052_R__1
17078	1416	1822.145025	5802052_R__2
17080	1417	3187.144125	5802052_R__3
17082	1418	2060.376	5802050_R__4
15984	1419	1220.1289125	5802115_R__1
15986	1420	7011.717075	5802115_G__1
15988	1421	7758.603375	5802112_R__1
15990	1422	4107.87465	5802112_G__1
15992	1423	7182.3419625	5802110_R__1
15994	1424	10359.828075	5802110_G__1
23504	1425	804.834375	5901169_G__1
22666	1426	0.0	5901101_R__1
22668	1427	9027.02235	5901101_R__3
17730	1428	61.1674125	5901284_R__1
17732	1429	3644.29005	5901284_G__4
17734	1430	3963.0044625	5901285_R__1
21284	1431	1220.1289125	5900118_G__1
21286	1432	51.5094	5900118_G__3
21288	1433	405.636525	5900117_G__1
16546	1434	160.966875	5900492_G__2
16548	1435	3943.6884375	5900493_R__1
16550	1436	2688.1468125	5900493_G__1
16560	1437	6329.217525	5900949_R__1
23654	1438	1468.0179	5900343_G__2
23656	1439	367.004475	5900343_G__3
23658	1440	138.4315125	5900346_R__3
23660	1441	1612.8880875	5900344_R__2
23662	1442	2404.8451125	5900345_G__3
14836	1443	3483.323175	5900188_G__2
16574	1444	1732.003575	5802151_R__1
16576	1445	2044.2793125	5802154_R__2
15632	1446	8882.1521625	5900479_R__1
14936	1447	4152.945375	5802159_G__1
20120	1448	7816.55145	5901046_R__1
20122	1449	5936.45835	5901046_G__1
20124	1450	0.0	5901046_G__2
14242	1451	10243.931925	5901040_R__2
14244	1452	2269.6329375	5901040_G__1
14246	1453	4478.0984625	5901040_G__2
14248	1454	6606.08055	5901041_R__1
14250	1455	1258.7609625	5901041_G__1
22390	1456	1146.08415	5901124_G__1
17804	1457	3055.1512875	5802017_G__1
17806	1458	2936.0358	5802017_G__2
17810	1459	4008.0751875	5802016_G__2
23716	1460	1484.1145875	5901123_R__1
23726	1461	13112.3616375	5900547_G__1
20532	1462	1963.795875	5900460_R__1
21402	1463	8585.9731125	5900932_R__3
14850	1464	0.0	5900236_G__1
14852	1465	164.1862125	5900237_R__2
14854	1466	80.4834375	5900235_G__1
20556	1467	0.0	5900720_R__2
20558	1468	5012.5084875	5900721_G__1
20560	1469	0.0	5900722_R__2
20562	1470	11979.1548375	5900724_R__1
20564	1471	1197.59355	5900724_G__1
20642	1472	3154.95075	5900092_G__1
14302	1473	2124.76275	5900796_R__1
14304	1474	2282.5102875	5900796_G__1
23866	1475	2173.0528125	5900650_G__3
23514	1476	621.3321375	5900423_G__1
16084	1477	9371.4914625	5901262_R__1
16086	1478	5176.6947	5901261_G__1
18792	1479	22.5353625	5900623_G__1
21400	1480	9358.6141125	5900933_G__1
21404	1481	637.428825	5900934_R__1
21406	1482	1255.541625	5900934_G__1
21408	1483	8476.5156375	5900937_R__3
21410	1484	1812.4870125	5900937_G__1
14894	1485	1619.3267625	5901000_R__1
23900	1486	1403.63115	5900507_R__2
16650	1487	9413.34285	5900371_G__2
16652	1488	5936.45835	5900370_R__1
16654	1489	2263.1942625	5900374_G__1
20028	1490	11190.41715	5001546_R__1
18596	1491	4358.982975	5001468_R__1
20030	1492	341.249775	5001016_G__1
20032	1493	1645.0814625	5001542_G__2
18604	1494	3219.3375	5001467_G__1
19714	1495	0.0	5001628_R__2
20764	1496	14876.5585875	5000011_R__1
20766	1497	8180.3365875	5000013_R__1
20768	1498	447.4879125	5000013_G__1
12758	1499	6673.6866375	5000168_R__1
12760	1500	8408.90955	5000165_R__1
12762	1501	9442.3168875	5000167_R__1
22430	1502	0.0	5001111_R__2
14738	1503	7185.5613	5000201_R__1
12766	1504	8949.75825	5000344_R__1
17992	1505	3663.606075	5001163_R__1
17998	1506	3180.70545	5001161_G__1
18000	1507	656.74485	5001165_G__1
20350	1508	3595.9999875	5000785_G__1
20352	1509	8492.612325	5000784_R__1
15948	1510	11087.39835	5000610_R__1
19350	1511	119.1154875	5000514_R__1
19352	1512	3702.238125	5000514_G__1
19354	1513	0.0	5000515_G__1
19356	1514	6303.462825	5000515_G__2
15620	1515	4072.4619375	5001187_R__1
15622	1516	7375.5022125	5001187_R__3
15624	1517	189.9409125	5001187_G__2
19358	1518	6934.452975	5000512_G__1
19360	1519	12455.6167875	5000518_R__1
14396	1520	856.343775	5001024_R__3
22388	1521	3370.6463625	5000628_R__3
21662	1522	7581.5398125	5000628_G__1
22400	1523	0.0	5000947_R__1
22402	1524	457.145925	5000945_R__1
22404	1525	0.0	5000945_G__3
22406	1526	0.0	5000944_R__2
22408	1527	734.00895	5000944_G__2
22410	1528	19.316025	5000943_R__2
22412	1529	0.0	5000943_G__2
22414	1530	244.66965	5000941_G__1
20812	1531	1023.749325	5001501_R__1
20816	1532	8370.2775	5001506_R__1
20818	1533	193.16025	5001506_G__1
22432	1534	9522.800325	5001110_R__3
22434	1535	7047.1297875	5001110_G__3
17994	1536	6976.3043625	5001160_R__1
17996	1537	11126.0304	5001160_G__1
16746	1538	7388.3795625	5000882_R__1
16748	1539	3824.57295	5000882_G__2
16750	1540	3670.04475	5000883_G__1
16752	1541	3283.72425	5000880_G__1
16754	1542	2466.012525	5000880_G__2
15012	1543	2836.2363375	5000047_R__1
15014	1544	13501.901475	5000047_G__1
15016	1545	9117.1638	5000044_G__1
15018	1546	4912.709025	5000045_R__1
15020	1547	11843.9426625	5000045_G__1
15022	1548	3422.1557625	5000042_R__1
15024	1549	8293.0134	5000042_G__1
15026	1550	7327.21215	5000043_R__1
15028	1551	7198.43865	5000043_G__2
15030	1552	11975.9355	5000040_R__1
13736	1553	1558.15935	5000125_R__1
23460	1554	808.0537125	5000962_G__1
21562	1555	3367.427025	5001728_R__1
16278	1556	15523.645425	5000633_R__1
21568	1557	402.4171875	5000411_R__2
20198	1558	2900.6230875	5000559_R__6
20200	1559	2752.5335625	5000559_G__1
20202	1560	5913.9229875	5000559_G__2
21570	1561	1239.4449375	5000413_R__2
21572	1562	804.834375	5000413_G__1
21574	1563	5205.6687375	5000412_R__3
20204	1564	4738.8648	5000556_G__1
20206	1565	2350.116375	5000557_R__1
22590	1566	6889.38225	5001152_G__1
14484	1567	608.4547875	5000866_R__1
14486	1568	8904.687525	5000866_G__3
14488	1569	4941.6830625	5000867_R__1
14490	1570	32.193375	5000867_G__2
22596	1571	2562.59265	5001157_R__2
22598	1572	5073.6759	5001156_G__1
22600	1573	5505.067125	5001154_G__1
22608	1574	11093.837025	5000868_G__1
22610	1575	11998.4708625	5000869_G__1
18772	1576	4709.8907625	5000703_R__2
18774	1577	299.3983875	5000702_G__1
13792	1578	6850.7502	5001654_R__1
13794	1579	8312.329425	5001654_G__1
17358	1580	3174.266775	5000317_R__2
17360	1581	0.0	5000317_R__3
17362	1582	2369.4324	5000317_G__1
17364	1583	3022.9579125	5000317_G__2
17366	1584	4838.6642625	5000314_R__1
17368	1585	2739.6562125	5000314_G__1
17370	1586	2536.83795	5000314_G__3
17372	1587	302.617725	5000315_G__4
15780	1588	12561.854925	5000001_R__1
18148	1589	13823.835225	5000353_R__1
21616	1590	0.0	5000491_R__1
22112	1591	3869.643675	5000367_R__1
22754	1592	15079.37685	5000494_R__1
14550	1593	7719.971325	5000697_R__1
14552	1594	3470.445825	5000696_R__1
14554	1595	11200.0751625	5000695_G__1
14556	1596	3905.0563875	5000694_G__1
14558	1597	12809.7439125	5000692_R__1
13022	1598	3927.59175	5000758_G__7
13024	1599	4552.143225	5000757_R__1
13026	1600	4671.2587125	5000755_R__3
13028	1601	2086.1307	5000755_G__1
13030	1602	9790.0053375	5000753_R__2
13032	1603	64.38675	5000753_G__3
13034	1604	1960.5765375	5000753_G__4
13036	1605	0.0	5000750_G__3
13038	1606	389.5398375	5000750_G__4
13040	1607	6274.4887875	5000751_R__3
13042	1608	0.0	5000751_R__4
13044	1609	3080.9059875	5000751_G__1
15116	1610	11377.138725	5000829_G__1
18150	1611	12.87735	5000350_G__1
18152	1612	2536.83795	5000350_G__2
18154	1613	7320.773475	5000350_G__3
18156	1614	1210.4709	5000356_R__2
18158	1615	4800.0322125	5000356_G__1
18160	1616	2662.3921125	5000357_G__1
18162	1617	614.8934625	5000354_R__1
18164	1618	5585.5505625	5000354_G__2
18166	1619	2675.2694625	5000358_R__1
18168	1620	3145.2927375	5000358_R__2
18170	1621	6132.8379375	5000358_G__2
18172	1622	131.9928375	5000359_R__3
15124	1623	7459.2049875	5000824_R__1
15126	1624	2388.748425	5000824_G__1
15128	1625	2234.220225	5000826_R__1
15130	1626	1207.2515625	5000826_G__1
15132	1627	7163.0259375	5000827_R__2
19514	1628	1113.890775	5000213_G__1
19516	1629	8453.980275	5000211_G__1
15814	1630	1979.8925625	5001754_R__1
19520	1631	5192.7913875	5000214_G__1
16918	1632	7375.5022125	5001108_R__1
16920	1633	10240.7125875	5001109_R__1
22890	1634	2723.559525	5000321_R__1
22892	1635	6419.358975	5000321_R__3
22894	1636	3212.898825	5000321_G__1
22896	1637	3660.3867375	5000320_R__1
16922	1638	7391.5989	5001104_R__1
16924	1639	1319.928375	5001104_R__3
16930	1640	9490.60695	5001106_R__1
21056	1641	1413.2891625	5000591_R__1
21058	1642	2569.031325	5000591_G__1
21060	1643	717.9122625	5000592_G__1
21062	1644	6673.6866375	5000592_G__2
21064	1645	225.353625	5000593_R__1
21066	1646	782.2990125	5000593_R__2
21068	1647	550.5067125	5000593_G__2
20340	1648	12777.5505375	5000035_R__2
20342	1649	4198.0161	5000035_G__3
15122	1650	9.6580125	5000823_G__2
20814	1651	936.8272125	5001503_R__1
14614	1652	717.9122625	5000980_R__1
14616	1653	6406.481625	5000987_G__1
14618	1654	10305.0993375	5000985_R__1
18868	1655	573.042075	5000398_G__3
20354	1656	350.9077875	5000780_G__1
20356	1657	4967.4377625	5000783_G__1
22436	1658	3418.936425	5000149_R__1
22438	1659	4600.4332875	5000149_G__2
22442	1660	1992.7699125	5000148_G__1
22444	1661	0.0	5000148_G__2
23090	1662	1513.088625	5000147_R__1
23094	1663	4062.803925	5000143_G__1
17574	1664	7111.5165375	5000767_G__1
16412	1665	2298.606975	5000404_G__1
16414	1666	0.0	5000405_R__1
17576	1667	11161.4431125	5000769_R__1
17578	1668	9545.3356875	5000768_G__1
18294	1669	2742.87555	5000918_G__1
18300	1670	7365.8442	5000917_R__2
18302	1671	5350.538925	5000917_G__1
18904	1672	321.93375	5001661_G__1
13980	1673	724.3509375	5000718_G__1
23140	1674	1886.531775	5000360_R__1
22114	1675	5585.5505625	5000364_R__2
13982	1676	5305.4682	5001044_G__2
13984	1677	4481.3178	5001046_G__2
15308	1678	1339.2444	5000560_R__3
15310	1679	5575.89255	5000560_G__2
22882	1680	2398.4064375	5000323_R__3
22884	1681	1506.64995	5000323_G__2
22886	1682	1925.163825	5000323_G__3
22218	1683	8627.8245	5001151_G__1
23244	1684	8904.687525	5001150_G__1
16926	1685	4349.3249625	5001105_G__1
16928	1686	6429.0169875	5001105_G__4
19970	1687	2836.2363375	5000052_G__1
21052	1688	7259.6060625	5000590_G__1
21054	1689	2717.12085	5000590_G__2
19256	1690	8643.9211875	5000878_G__1
17006	1691	0.0	5000198_G__2
22204	1692	1889.7511125	5001158_R__2
17064	1693	7098.6391875	5000444_R__5
17008	1694	5962.21305	5000193_G__1
21214	1695	2343.6777	5000297_G__1
21216	1696	183.5022375	5000299_R__1
21218	1697	2742.87555	5000299_R__2
21220	1698	379.881825	5000298_R__1
21222	1699	901.4145	5000298_G__1
21224	1700	5099.4306	5000298_G__2
13242	1701	241.4503125	5000103_R__1
13244	1702	1925.163825	5000103_G__1
23326	1703	10353.3894	5000668_G__1
13246	1704	189.9409125	5000107_G__2
13248	1705	862.78245	5000107_G__3
13250	1706	10565.865675	5000106_R__1
13252	1707	0.0	5000105_R__3
23332	1708	4210.89345	5000663_G__1
13262	1709	10543.3303125	5000109_R__1
13264	1710	7697.4359625	5000109_G__1
14708	1711	5308.6875375	5000064_R__2
14710	1712	10517.5756125	5000064_G__1
14712	1713	7559.00445	5000065_R__1
14718	1714	1612.8880875	5000062_R__1
14720	1715	8041.905075	5000062_G__1
14722	1716	1909.0671375	5000063_R__1
14724	1717	1915.5058125	5000063_R__2
14726	1718	3161.389425	5000063_G__1
18350	1719	13849.589925	5000729_R__1
17344	1720	1397.192475	5000318_R__1
17346	1721	2659.172775	5000318_R__2
17348	1722	1603.230075	5000318_R__3
17350	1723	2018.5246125	5000318_R__5
17352	1724	4272.0608625	5000318_G__3
17354	1725	9583.9677375	5000319_R__1
17356	1726	389.5398375	5000319_R__2
18352	1727	14400.0966375	5000727_R__1
18354	1728	5411.7063375	5000725_G__1
20426	1729	1136.4261375	5000815_R__2
20428	1730	1995.98925	5000815_G__1
20430	1731	3859.9856625	5000812_G__2
21234	1732	1416.5085	5001743_R__2
19720	1733	969.0205875	5001625_R__1
19724	1734	199.598925	5001627_G__1
19728	1735	1777.0743	5001620_G__1
19730	1736	25.7547	5001620_G__2
12754	1737	0.0	5001623_R__1
12756	1738	2684.927475	5001623_G__1
14736	1739	7816.55145	5000209_G__3
15934	1740	4526.388525	5000616_G__1
15936	1741	9.6580125	5000615_R__2
15938	1742	2923.15845	5000615_G__2
15940	1743	7105.0778625	5000614_G__1
15942	1744	7874.499525	5000613_G__1
15944	1745	569.8227375	5000612_R__1
15946	1746	4593.9946125	5000612_G__1
14742	1747	5347.3195875	5000207_G__1
19518	1748	19.316025	5000215_G__2
19750	1749	0.0	5000533_G__3
22526	1750	2034.6213	5000961_R__3
23458	1751	2807.2623	5000963_R__1
23462	1752	28.9740375	5000964_R__1
21250	1753	276.863025	5001524_G__1
19768	1754	3824.57295	5001481_G__3
19772	1755	7053.5684625	5001486_G__2
17062	1756	2907.0617625	5000441_G__1
18078	1757	3151.7314125	5000331_R__2
17066	1758	7945.32495	5000445_G__2
23490	1759	12404.1073875	5001134_R__1
14796	1760	585.919425	5001550_R__2
14798	1761	8956.196925	5001550_G__1
15614	1762	7304.6767875	5001184_R__3
15616	1763	7897.0348875	5001184_G__2
15618	1764	10781.5612875	5001185_R__3
23602	1765	1133.2068	5001708_G__1
22202	1766	4294.596225	5001707_G__1
17758	1767	1168.6195125	5000150_G__1
17760	1768	7803.6741	5000151_R__1
23630	1769	827.3697375	5000777_R__1
17776	1770	10958.62485	5001682_R__2
17778	1771	2005.6472625	5001682_G__4
17780	1772	1339.2444	5001680_R__1
13380	1773	16579.588125	5000920_R__1
14214	1774	3335.23365	5001677_R__1
17782	1775	4362.2023125	5000485_R__1
17784	1776	11992.0321875	5000482_G__1
17786	1777	1519.5273	5000480_R__1
17788	1778	6126.3992625	5000480_G__1
14218	1779	4645.5040125	5001678_R__1
14220	1780	10163.4484875	5001679_R__1
17790	1781	7926.008925	5000378_R__3
17792	1782	6760.60875	5000378_G__2
17794	1783	5147.7206625	5000370_R__1
14252	1784	160.966875	5001450_G__1
13254	1785	6.438675	5000104_R__1
13256	1786	6303.462825	5000104_R__2
13258	1787	869.221125	5000104_G__1
13260	1788	2588.34735	5000104_G__2
20534	1789	3605.658	5000573_R__1
20536	1790	2710.682175	5000573_R__2
20538	1791	6734.85405	5000573_G__1
20540	1792	5553.3571875	5000573_G__2
20542	1793	4867.6383	5000576_G__1
20544	1794	630.99015	5000575_G__2
20548	1795	10816.974	5000578_G__1
13796	1796	10974.7215375	5001655_R__1
23628	1797	6348.53355	5000479_G__1
14740	1798	5311.906875	5000204_G__1
23774	1799	12497.468175	5000895_G__1
23776	1800	415.2945375	5000892_R__3
16072	1801	12774.3312	5000283_R__1
16074	1802	10688.2005	5000283_G__2
16076	1803	6918.3562875	5000284_G__1
21660	1804	4500.633825	5000286_R__1
18522	1805	508.655325	5000110_R__1
18524	1806	450.70725	5000110_R__3
18526	1807	12.87735	5000110_R__6
18528	1808	7559.00445	5000110_G__1
15638	1809	1648.3008	5000584_G__3
15640	1810	6522.377775	5000581_G__1
15642	1811	1194.3742125	5000581_G__2
18866	1812	1950.918525	5000133_G__5
19960	1813	13144.5550125	5000051_G__1
19962	1814	0.0	5000050_R__1
19964	1815	1744.880925	5000050_G__1
19966	1816	8811.3267375	5000053_R__2
19968	1817	5830.2202125	5000053_G__1
15644	1818	5855.9749125	5000580_R__5
19972	1819	12845.156625	5000055_G__1
19974	1820	12082.1736375	5000056_R__1
19976	1821	8441.102925	5000056_G__2
13522	1822	7819.7707875	5000730_G__1
13524	1823	4993.1924625	5000732_G__2
13526	1824	8849.9587875	5000734_R__1
13528	1825	923.9498625	5000734_R__2
13530	1826	7005.2784	5000734_G__1
13532	1827	2185.9301625	5000735_R__1
13534	1828	10562.6463375	5000735_G__1
19580	1829	5530.821825	5000800_R__1
19582	1830	447.4879125	5000800_G__2
17648	1831	1542.0626625	5000801_G__1
20550	1832	3267.6275625	5000579_R__2
20552	1833	2578.6893375	5000579_G__1
20554	1834	3679.7027625	5000579_G__2
23842	1835	8605.2891375	5000235_R__1
19988	1836	2057.1566625	5000234_R__2
19990	1837	746.8863	5000236_G__1
19992	1838	627.7708125	5000231_R__1
19994	1839	267.2050125	5000231_G__1
21702	1840	2958.5711625	5001736_R__1
19996	1841	508.655325	5000233_R__1
19998	1842	1522.7466375	5000232_R__1
20000	1843	1715.9068875	5000232_G__1
14870	1844	418.513875	5001632_R__1
14872	1845	7752.1647	5001632_G__1
14874	1846	11048.7663	5001633_R__1
14876	1847	1709.4682125	5001631_R__1
21394	1848	5405.2676625	5000608_G__2
14216	1849	0.0	5001675_R__1
14892	1850	5714.3240625	5001490_R__1
18576	1851	7684.5586125	5000113_R__1
18578	1852	1793.1709875	5000113_R__2
18580	1853	2234.220225	5000113_G__1
19240	1854	5147.7206625	5000870_G__1
19242	1855	10192.422525	5000870_G__2
16098	1856	10427.4341625	5001085_R__1
16100	1857	8614.94715	5001085_G__1
19252	1858	6589.9838625	5000879_R__2
19254	1859	4661.6007	5000879_G__1
23844	1860	679.2802125	5000301_R__1
23906	1861	2391.9677625	5000303_G__1
23908	1862	482.900625	5000303_G__2
23280	1863	5218.5460875	5000302_G__1
20020	1864	7182.3419625	5600076_R__1
12764	1865	0.0	5601006_R__2
12650	1866	0.0	5601005_R__1
12652	1867	0.0	5601005_G__1
21466	1868	412.0752	5600804_G__1
21468	1869	505.4359875	5600806_G__3
22458	1870	5736.859425	5600554_R__1
22460	1871	1413.2891625	5600554_R__2
22210	1872	1760.9776125	5600555_R__1
22214	1873	5736.859425	5600558_R__1
22220	1874	302.617725	5600419_G__1
22566	1875	975.4592625	5600413_G__2
22568	1876	186.721575	5600413_G__3
22570	1877	109.457475	5600413_G__4
22572	1878	2305.04565	5600413_G__5
22578	1879	1976.673225	5600411_R__2
22594	1880	2327.5810125	5600410_R__1
14914	1881	3283.72425	5600789_G__2
14922	1882	12075.7349625	5600787_G__1
19028	1883	10008.9202875	5600228_G__1
14924	1884	4252.7448375	5600526_G__1
14926	1885	7047.1297875	5600525_G__1
13624	1886	383.1011625	5600390_G__1
17222	1887	2556.153975	5600097_G__1
21908	1888	10163.4484875	5600156_R__1
16174	1889	0.0	5600157_R__1
16176	1890	2346.8970375	5600157_G__1
21910	1891	11312.751975	5600154_R__1
21912	1892	6622.1772375	5600154_G__1
16178	1893	3534.832575	5600155_G__1
22288	1894	13733.693775	5600152_R__1
22290	1895	6187.566675	5600152_G__2
22292	1896	5740.0787625	5600152_G__3
22294	1897	4832.2255875	5600153_G__1
14624	1898	3389.9623875	5600279_R__1
14626	1899	14290.6391625	5600279_G__1
17026	1900	4037.049225	5501626_G__5
13638	1901	6702.660675	5501625_R__1
13640	1902	1010.871975	5501625_G__4
17056	1903	9519.5809875	5501629_G__4
22340	1904	1139.645475	5601234_G__1
22342	1905	7436.669625	5601235_R__1
22344	1906	1210.4709	5601236_R__1
22346	1907	4336.4476125	5601236_G__2
22348	1908	1503.4306125	5601237_R__1
14954	1909	5894.6069625	5601124_R__1
17116	1910	1558.15935	5601049_G__1
17118	1911	6171.4699875	5601049_G__2
17120	1912	6606.08055	5601049_G__3
17122	1913	3084.125325	5601048_R__1
17124	1914	3699.0187875	5601048_R__2
17126	1915	3254.7502125	5601048_G__2
17128	1916	4246.3061625	5601048_G__3
14960	1917	5038.2631875	5601123_R__1
14962	1918	2099.00805	5601123_R__2
13680	1919	8257.6006875	5601043_R__2
13682	1920	7642.707225	5601043_G__2
13684	1921	1336.0250625	5601043_G__3
13686	1922	5076.8952375	5601042_R__2
13688	1923	4220.5514625	5601041_G__2
13690	1924	10343.7313875	5601041_G__3
17144	1925	4825.7869125	5601040_R__3
17146	1926	347.68845	5601040_G__3
13692	1927	4651.9426875	5601047_R__1
13694	1928	5746.5174375	5601047_R__2
13696	1929	2775.068925	5601047_R__3
17148	1930	9893.0241375	5601045_R__1
13698	1931	11335.2873375	5601044_R__1
14402	1932	3814.9149375	5600022_G__2
12834	1933	7990.395675	5600188_R__1
12836	1934	1017.31065	5600188_G__1
22440	1935	853.1244375	5600840_R__1
12838	1936	4407.2730375	5600187_R__1
12840	1937	2569.031325	5600187_R__2
12842	1938	4555.3625625	5600187_G__1
17506	1939	3125.9767125	5501539_R__1
16756	1940	10363.0474125	5600444_R__1
22752	1941	418.513875	5600120_G__3
16758	1942	6.438675	5600445_R__1
16760	1943	186.721575	5600446_R__5
16762	1944	61.1674125	5600446_G__1
16764	1945	5540.4798375	5600116_R__1
16766	1946	3679.7027625	5600116_G__1
16768	1947	1062.381375	5600117_G__3
16770	1948	6776.7054375	5600115_G__3
16772	1949	1049.504025	5600119_R__1
21470	1950	434.6105625	5600802_R__1
18052	1951	0.0	5600367_R__2
18054	1952	38.63205	5600367_R__4
16358	1953	4387.9570125	5501575_R__1
20874	1954	994.7752875	5600163_R__1
20876	1955	5759.3947875	5600163_G__1
16360	1956	3972.662475	5501573_G__2
20878	1957	4915.9283625	5600160_G__1
19440	1958	1796.390325	5600202_R__1
20880	1959	3435.0331125	5600169_R__1
21688	1960	9155.79585	5501379_R__4
21690	1961	8299.452075	5501379_G__1
22562	1962	11531.666925	5501350_R__1
22564	1963	7365.8442	5501350_G__1
23120	1964	0.0	5501351_G__2
14476	1965	840.2470875	5601089_R__1
15732	1966	57.948075	5601160_R__1
15734	1967	3177.4861125	5601160_R__2
15736	1968	1580.6947125	5601160_G__1
21150	1969	2147.2981125	5601159_R__1
15738	1970	4204.454775	5601162_R__1
15740	1971	1448.701875	5601163_R__1
15742	1972	0.0	5601164_R__1
15744	1973	672.8415375	5601164_R__2
14086	1974	1413.2891625	5501612_G__1
15070	1975	3280.5049125	5600068_R__1
20466	1976	3319.1369625	5600664_G__1
20468	1977	2755.7529	5600665_G__4
17442	1978	2353.3357125	5600666_G__2
18084	1979	4278.4995375	5601010_G__2
14184	1980	1216.909575	5601011_R__1
16314	1981	3122.757375	5600839_G__1
16316	1982	3702.238125	5600838_R__1
16984	1983	4548.9238875	5600308_G__1
17498	1984	395.9785125	5600406_G__5
17500	1985	0.0	5600406_G__6
20262	1986	8717.96595	5600790_G__1
20264	1987	705.0349125	5600792_R__2
20266	1988	8679.3339	5600794_R__1
20268	1989	978.6786	5600795_R__1
20270	1990	2919.9391125	5600795_G__1
20272	1991	1844.6803875	5600796_R__1
20274	1992	1220.1289125	5600797_R__1
13832	1993	637.428825	5600493_R__1
17268	1994	9590.4064125	5600492_R__1
15096	1995	1284.5156625	5601333_R__2
18818	1996	1532.40465	5501436_G__1
22750	1997	730.7896125	5600122_G__1
22854	1998	4165.822725	5501546_R__1
22830	1999	3917.9337375	5501544_R__1
14584	2000	3386.74305	5600620_R__2
18174	2001	7111.5165375	5600621_R__1
18176	2002	3283.72425	5600621_R__2
18178	2003	4455.5631	5600621_G__1
18180	2004	3373.8657	5600622_R__1
18182	2005	3560.587275	5600624_G__3
18188	2006	186.721575	5600626_G__1
18190	2007	7555.7851125	5600626_G__2
18192	2008	3303.040275	5600627_R__1
18194	2009	2247.097575	5600627_G__4
18196	2010	962.5819125	5600628_R__5
18198	2011	3415.7170875	5600628_G__3
18200	2012	6493.4037375	5600629_R__4
18202	2013	5695.0080375	5600629_G__1
21970	2014	292.9597125	5600313_R__1
20308	2015	11032.6696125	5601111_R__1
20310	2016	41.8513875	5601111_G__1
20868	2017	3905.0563875	5601112_G__1
20870	2018	5888.1682875	5601112_G__2
20314	2019	11447.96415	5601115_R__1
20316	2020	12687.4090875	5601114_G__1
20318	2021	238.230975	5601119_R__2
23126	2022	4162.6033875	5501648_G__1
18222	2023	8637.4825125	5600190_R__1
18224	2024	19.316025	5600191_G__1
18226	2025	148.089525	5600197_R__1
19442	2026	1474.456575	5600200_R__1
19444	2027	1847.899725	5600200_G__1
18184	2028	3963.0044625	5600625_R__4
18186	2029	3370.6463625	5600625_G__1
19836	2030	3232.21485	5600282_G__2
22996	2031	6.438675	5501488_R__1
22998	2032	5170.256025	5501488_G__1
23000	2033	2652.7341	5600473_R__3
23004	2034	2182.710825	5600476_G__1
21102	2035	10121.5971	5600571_R__1
21104	2036	12.87735	5600571_G__2
21106	2037	8173.8979125	5600572_R__1
21108	2038	11003.695575	5600573_G__1
19908	2039	11380.3580625	5600575_R__1
15688	2040	12941.73675	5600299_G__1
23070	2041	1735.2229125	5501502_R__1
23072	2042	3785.9409	5501502_G__1
15838	2043	6351.7528875	5600176_R__1
15840	2044	231.7923	5600176_G__1
23074	2045	3145.2927375	5501506_R__1
23076	2046	7191.999975	5501506_G__2
15842	2047	3744.0895125	5600172_G__1
14628	2048	1213.6902375	5600275_R__2
13136	2049	3338.4529875	5501468_R__1
13138	2050	5743.2981	5501464_G__6
13140	2051	4700.23275	5501465_R__1
13142	2052	1216.909575	5501466_R__1
13144	2053	7410.914925	5501466_G__1
13146	2054	3847.1083125	5501460_G__7
13148	2055	9625.819125	5501462_G__1
13150	2056	363.7851375	5501462_G__2
13152	2057	10198.8612	5501463_G__2
21138	2058	6129.6186	5601156_R__1
19622	2059	13746.571125	5601098_R__1
19624	2060	4635.846	5601094_R__2
19626	2061	11982.374175	5601090_G__1
19628	2062	3306.2596125	5601092_R__1
19630	2063	0.0	5601092_G__1
17444	2064	2050.7179875	5600302_R__1
17446	2065	2298.606975	5600302_G__1
16978	2066	4777.49685	5600300_G__1
16982	2067	766.202325	5600309_G__3
13156	2068	2697.804825	5501608_R__1
23334	2069	4185.13875	5601118_G__2
21614	2070	357.3464625	5501605_R__1
13172	2071	0.0	5501607_R__2
13174	2072	25.7547	5501607_G__1
21666	2073	11917.987425	5600711_G__1
21668	2074	9394.026825	5600713_G__3
22928	2075	7014.9364125	5600650_R__1
13196	2076	6448.3330125	5601026_R__1
13198	2077	3315.917625	5601029_G__3
13200	2078	5662.8146625	5601028_R__1
18962	2079	0.0	5600483_R__1
18964	2080	7674.9006	5600483_R__2
18966	2081	5656.3759875	5600483_G__1
18968	2082	4146.5067	5600483_G__3
18970	2083	0.0	5600484_R__2
18972	2084	1838.2417125	5600485_R__2
18974	2085	1944.47985	5600485_R__3
18976	2086	1123.5487875	5600485_G__2
18978	2087	2420.9418	5600485_G__4
18980	2088	74.0447625	5600486_R__2
18982	2089	2936.0358	5600486_G__1
18984	2090	4381.5183375	5600486_G__2
18986	2091	6841.0921875	5600488_G__1
18988	2092	1625.7654375	5600489_R__1
18990	2093	3905.0563875	5600489_R__2
18996	2094	6087.7672125	5601288_G__2
18998	2095	7884.1575375	5601285_G__1
19000	2096	4687.3554	5601285_G__2
19002	2097	16843.5738	5601287_G__1
19004	2098	5514.7251375	5601286_G__2
19006	2099	7124.3938875	5601283_R__2
19008	2100	820.9310625	5601282_G__1
19010	2101	2140.8594375	5601282_G__4
15350	2102	0.0	5600505_G__3
16456	2103	35.4127125	5600138_G__3
16458	2104	2221.342875	5600139_R__1
14064	2105	640.6481625	5501422_G__1
16460	2106	1841.46105	5600134_R__1
16462	2107	2334.0196875	5600136_R__1
16464	2108	180.2829	5600136_G__1
21682	2109	7575.1011375	5601191_R__3
21684	2110	5228.2041	5601191_G__1
21686	2111	11975.9355	5601190_R__1
23388	2112	7835.867475	5601193_G__1
17642	2113	4317.1315875	5600348_G__3
14098	2114	4371.860325	5501390_G__1
14100	2115	4114.313325	5501391_R__1
14102	2116	8386.3741875	5501391_G__1
22216	2117	3196.8021375	5600347_G__1
22278	2118	4320.350925	5600345_R__1
17650	2119	0.0	5501492_G__1
21814	2120	592.3581	5501499_G__1
22906	2121	13759.448475	5501498_G__1
15634	2122	8737.281975	5600968_R__1
15636	2123	8289.7940625	5600968_G__1
13306	2124	10340.51205	5600615_R__1
13308	2125	1297.3930125	5600614_R__1
13310	2126	3917.9337375	5600962_R__1
13312	2127	7671.6812625	5600962_G__1
13314	2128	11528.4475875	5600613_R__1
13316	2129	4568.2399125	5600613_G__1
16470	2130	1384.315125	5601267_R__2
15394	2131	11361.0420375	5601102_R__1
15396	2132	7967.8603125	5601103_G__2
16484	2133	1055.9427	5601268_G__1
21002	2134	309.0564	5600767_G__1
16006	2135	2807.2623	5600813_G__1
21818	2136	1213.6902375	5600738_R__1
18386	2137	13031.8782	5600387_R__1
12770	2138	135.212175	5600981_R__1
18392	2139	6100.6445625	5600385_R__1
18394	2140	4519.94985	5600385_R__2
18396	2141	1281.296325	5600385_G__1
23854	2142	0.0	5501569_G__1
23856	2143	447.4879125	5501568_R__1
18400	2144	1732.003575	5600383_G__1
18402	2145	2070.0340125	5600383_G__2
23564	2146	6119.9605875	5600866_G__1
18408	2147	2501.4252375	5600381_G__1
18410	2148	3235.4341875	5600381_G__2
23566	2149	1068.82005	5600864_R__1
23568	2150	2024.9632875	5600864_G__1
23570	2151	1741.6615875	5600865_G__1
20408	2152	1252.3222875	5601328_R__1
18388	2153	12774.3312	5600386_R__1
18390	2154	4825.7869125	5600386_G__1
18398	2155	3290.162925	5600384_G__3
14808	2156	14084.6015625	5601313_G__1
18404	2157	54.7287375	5600382_R__3
18406	2158	4072.4619375	5600382_G__1
14810	2159	7005.2784	5601311_R__1
21278	2160	6796.0214625	5600141_R__1
17102	2161	0.0	5501511_G__1
21280	2162	3937.2497625	5600142_R__3
21282	2163	1703.0295375	5600144_G__1
18414	2164	3315.917625	5501458_R__2
16036	2165	534.410025	5601146_R__1
18416	2166	13991.240775	5501635_R__2
21964	2167	4094.9973	5600315_R__1
18418	2168	0.0	5501637_R__1
18420	2169	3673.2640875	5501637_G__2
18574	2170	5064.0178875	5601228_R__1
12772	2171	6258.3921	5600980_R__1
12774	2172	1812.4870125	5600980_G__1
21968	2173	3464.00715	5600311_G__1
18426	2174	3406.059075	5501632_G__1
18428	2175	862.78245	5501632_G__2
17112	2176	10614.1557375	5601223_R__1
18430	2177	3821.3536125	5501638_G__1
17114	2178	7996.83435	5601224_R__1
14956	2179	4104.6553125	5601126_R__1
13882	2180	10903.8961125	5600231_G__1
19864	2181	10021.7976375	5601137_R__1
19866	2182	3567.02595	5601136_R__1
19868	2183	8016.150375	5601136_G__1
19870	2184	6004.0644375	5601132_R__1
19872	2185	12764.6731875	5601132_G__1
14958	2186	10337.2927125	5601127_R__1
17838	2187	6084.547875	5600422_G__1
17840	2188	10581.9623625	5600423_G__1
17842	2189	7539.688425	5600426_R__1
17844	2190	5643.4986375	5600427_R__3
17846	2191	1078.4780625	5600424_G__1
17848	2192	4339.66695	5600425_G__1
14964	2193	3480.1038375	5601128_R__1
19166	2194	8611.7278125	5600039_R__1
23786	2195	5733.6400875	5600103_G__4
20648	2196	2269.6329375	5600511_G__2
19212	2197	2636.6374125	5501417_R__2
15360	2198	3721.55415	5601189_G__2
12832	2199	0.0	5600189_R__1
14318	2200	13608.1396125	5600217_R__2
23850	2201	14638.3276125	5600352_G__1
23852	2202	1960.5765375	5600354_R__1
23062	2203	1435.824525	5600102_R__2
23858	2204	11190.41715	5501486_G__1
23860	2205	5270.0554875	5501487_G__1
22888	2206	1999.2085875	5501485_R__1
23862	2207	328.372425	5501563_R__1
21756	2208	795.1763625	5501562_R__1
16564	2209	6287.3661375	5600978_R__1
16566	2210	4848.322275	5600978_G__1
16570	2211	151.3088625	5600974_G__1
18422	2212	2050.7179875	5501636_R__1
18424	2213	5595.208575	5501636_R__2
20546	2214	22.5353625	5601076_G__1
21966	2215	2037.8406375	5600310_G__3
20574	2216	167.40555	5601078_R__1
20576	2217	6251.953425	5601078_G__1
21758	2218	10617.375075	5601273_G__1
20716	2219	7893.81555	5601173_G__1
20718	2220	1683.7135125	5601172_G__1
15586	2221	241.4503125	5601171_G__1
15588	2222	13559.84955	5601170_R__1
15590	2223	1410.069825	5601170_G__1
20720	2224	8280.13605	5601176_G__1
20722	2225	643.8675	5601175_R__2
20724	2226	5865.632925	5601174_R__1
17918	2227	9757.8119625	5501114_R__3
17920	2228	7327.21215	5501115_R__3
17922	2229	2691.36615	5501115_G__1
17924	2230	7700.6553	5501113_R__3
17926	2231	2501.4252375	5501113_G__2
17928	2232	1954.1378625	5501113_G__5
17930	2233	814.4923875	5501118_G__1
17932	2234	5820.5622	5501118_G__2
17934	2235	3460.7878125	5501119_R__1
20034	2236	1828.5837	5500357_G__1
19704	2237	5801.246175	5500637_G__1
19706	2238	9970.2882375	5500634_R__1
20036	2239	1806.0483375	5401999_G__1
20038	2240	2430.5998125	5500606_G__1
12690	2241	173.844225	5500044_R__1
12692	2242	0.0	5500044_G__3
14492	2243	5827.000875	5401997_G__1
12694	2244	521.532675	5500040_R__1
20040	2245	270.42435	5401995_R__1
16138	2246	2610.8827125	5401964_R__1
16140	2247	5546.9185125	5401964_R__3
16142	2248	444.268575	5401964_G__2
16144	2249	798.3957	5401964_G__4
16146	2250	6853.9695375	5401962_R__1
16148	2251	3837.4503	5401962_R__2
16150	2252	3022.9579125	5401962_G__2
16152	2253	466.8039375	5401962_G__3
16154	2254	2288.9489625	5401962_G__4
16156	2255	3219.3375	5401963_G__1
16158	2256	5878.510275	5401968_G__1
19140	2257	5028.605175	5500827_R__1
16694	2258	2382.30975	5500762_R__2
16696	2259	11109.9337125	5500763_G__1
16698	2260	9410.1235125	5500764_R__1
20058	2261	6107.0832375	5500821_G__1
16700	2262	7481.74035	5500766_G__1
16702	2263	9857.611425	5500767_G__1
20064	2264	4857.9802875	5500820_R__1
17966	2265	1410.069825	5500197_R__2
17968	2266	11264.4619125	5500197_G__1
17970	2267	4259.1835125	5500194_G__3
17984	2268	41.8513875	5500993_G__1
17986	2269	837.02775	5500990_R__1
17988	2270	10961.8441875	5500990_R__2
17990	2271	4610.0913	5500990_G__1
22364	2272	2717.12085	5500349_G__1
19342	2273	2861.9910375	5500346_G__1
19344	2274	534.410025	5500347_R__1
19346	2275	8431.4449125	5500345_G__2
19348	2276	3090.564	5500610_R__2
14384	2277	8019.3697125	5500834_R__1
14386	2278	2816.9203125	5500835_R__1
14388	2279	251.108325	5500835_R__2
14390	2280	6235.8567375	5500830_R__1
14392	2281	7678.1199375	5500831_R__1
14394	2282	2012.0859375	5500833_R__1
22380	2283	5798.0268375	5501019_R__6
14910	2284	321.93375	5500839_R__1
16916	2285	11731.26585	5500936_R__2
20806	2286	3319.1369625	5500535_R__1
16738	2287	1902.6284625	5402092_G__1
20820	2288	11992.0321875	5401959_R__1
20822	2289	9738.4959375	5401958_R__1
20824	2290	4796.812875	5401958_R__2
20826	2291	5543.699175	5401958_G__1
20828	2292	2115.1047375	5401957_R__1
20830	2293	2575.47	5401957_R__2
20832	2294	6020.161125	5401957_R__3
20834	2295	16.0966875	5401957_G__1
20836	2296	389.5398375	5401957_G__2
20838	2297	605.23545	5401957_G__4
20840	2298	109.457475	5401957_G__5
20842	2299	6007.283775	5401956_R__1
20844	2300	1793.1709875	5401956_R__2
20846	2301	3888.9597	5401956_R__3
20848	2302	4120.752	5401956_G__2
20850	2303	4938.463725	5401956_G__3
14756	2304	1863.9964125	5500810_R__1
14992	2305	5360.1969375	5500121_G__1
14994	2306	5859.19425	5500121_G__2
16740	2307	325.1530875	5401922_R__1
16742	2308	547.287375	5401922_G__1
23098	2309	12378.3526875	5500686_G__1
16736	2310	2543.276625	5402094_G__1
23100	2311	1777.0743	5500685_R__1
23102	2312	814.4923875	5500685_G__1
23104	2313	3354.549675	5500684_G__2
17294	2314	1278.0769875	5500010_G__1
18734	2315	746.8863	5500409_G__1
15438	2316	7269.264075	5500505_G__2
18736	2317	6090.98655	5500155_R__1
17336	2318	8270.4780375	5500150_G__1
15440	2319	5138.06265	5500503_R__3
15442	2320	4088.558625	5500503_G__1
23108	2321	9.6580125	5500689_R__1
20168	2322	2053.937325	5500302_R__1
20170	2323	4581.1172625	5500302_G__5
13486	2324	0.0	5500651_R__2
20172	2325	3956.5657875	5500300_R__1
20174	2326	5308.6875375	5500304_R__1
20176	2327	2762.191575	5500305_R__1
20178	2328	5849.5362375	5500308_G__2
15722	2329	6145.7152875	5501273_G__2
23030	2330	112.6768125	5500147_R__1
12942	2331	7401.2569125	5501296_R__2
12944	2332	1300.61235	5501296_G__2
15034	2333	11116.3723875	5500872_R__1
12948	2334	231.7923	5501299_R__1
21596	2335	4857.9802875	5500571_R__1
16294	2336	566.6034	5402117_R__2
16296	2337	8067.659775	5402115_G__1
21598	2338	3180.70545	5500579_R__1
21256	2339	894.975825	5500559_R__1
13786	2340	3641.0707125	5500377_G__1
12696	2341	2942.474475	5500043_R__2
22626	2342	1880.0931	5500278_G__1
22628	2343	14065.2855375	5500276_R__1
22630	2344	3528.3939	5500276_G__2
22632	2345	10041.1136625	5500274_G__1
12698	2346	54.7287375	5500042_R__1
12700	2347	2144.078775	5500042_G__1
22636	2348	3167.8281	5500273_R__1
13798	2349	8650.3598625	5500378_G__1
21954	2350	4822.567575	5500254_G__2
16556	2351	10919.9928	5500917_R__2
20940	2352	4764.6195	5500552_G__1
15960	2353	8392.8128625	5402132_G__1
23472	2354	19.316025	5500255_R__2
22908	2355	1838.2417125	5501197_R__6
19474	2356	1001.2139625	5500111_G__2
19476	2357	22.5353625	5500110_R__1
19478	2358	0.0	5500110_R__2
19480	2359	0.0	5500110_G__2
19482	2360	3006.861225	5500117_R__3
19484	2361	1458.3598875	5500116_G__3
17590	2362	5781.93015	5500209_R__1
13048	2363	4507.0725	5500981_R__1
13050	2364	7877.7188625	5500981_G__1
14532	2365	8479.734975	5402068_G__1
22744	2366	199.598925	5402064_R__1
22746	2367	7005.2784	5402065_R__2
21862	2368	3740.870175	5500751_G__3
21864	2369	4600.4332875	5500750_G__2
13012	2370	2939.2551375	5500188_G__3
13066	2371	3203.2408125	5500988_R__2
13014	2372	13022.2201875	5500180_R__1
13016	2373	13463.269425	5500181_R__1
13018	2374	1912.286475	5500183_G__2
13020	2375	4622.96865	5500183_G__6
13752	2376	350.9077875	5402023_G__1
13052	2377	0.0	5500983_R__1
13054	2378	721.1316	5500983_G__1
13056	2379	9.6580125	5500984_R__1
13058	2380	11415.770775	5500984_G__1
13060	2381	3653.9480625	5500985_G__2
13068	2382	2182.710825	5500989_R__2
13070	2383	537.6293625	5500989_G__1
13072	2384	3502.6392	5500989_G__3
14560	2385	2932.8164625	5500628_R__1
14562	2386	96.580125	5500628_G__2
22832	2387	6667.2479625	5500627_R__2
22834	2388	1558.15935	5500627_G__2
22836	2389	820.9310625	5500626_R__1
13480	2390	0.0	5500650_G__2
19522	2391	0.0	5500803_R__1
13488	2392	0.0	5500652_R__2
15144	2393	318.7144125	5500654_G__2
22086	2394	0.0	5501312_R__1
16914	2395	9.6580125	5500937_R__1
19530	2396	3776.2828875	5500806_R__1
13926	2397	112.6768125	5501164_R__1
13930	2398	8753.3786625	5501160_G__1
23006	2399	2066.814675	5500383_G__1
23008	2400	598.796775	5500383_G__3
23010	2401	2646.295425	5500380_G__2
23012	2402	7726.41	5500384_R__1
23014	2403	502.21665	5500384_R__3
23016	2404	6277.708125	5500384_G__1
13950	2405	1287.735	5500412_G__2
13952	2406	54.7287375	5500413_R__1
13954	2407	1487.333925	5500413_G__1
13956	2408	3843.888975	5500411_G__1
13958	2409	5186.3527125	5500416_G__1
13960	2410	556.9453875	5500414_R__1
13062	2411	3843.888975	5500987_R__1
13064	2412	1603.230075	5500987_R__2
17572	2413	13237.9158	5500469_R__1
23096	2414	6255.1727625	5500687_R__3
18276	2415	576.2614125	5501285_R__1
18278	2416	3795.5989125	5501287_R__1
23106	2417	4458.7824375	5500968_G__5
16422	2418	9130.04115	5500565_G__1
18890	2419	2543.276625	5500366_R__1
18892	2420	4967.4377625	5500360_R__1
18894	2421	811.27305	5500360_G__1
18896	2422	2984.3258625	5500360_G__3
18898	2423	1657.9588125	5500360_G__5
18900	2424	8222.187975	5500361_G__1
18902	2425	12516.7842	5500362_G__1
14656	2426	6982.7430375	5501215_R__1
14658	2427	1300.61235	5501215_G__1
18906	2428	3831.011625	5500369_R__1
18908	2429	3737.6508375	5500369_G__4
19644	2430	775.8603375	5501039_R__2
15868	2431	3116.3187	5501040_R__2
16408	2432	2362.993725	5500513_R__2
16410	2433	1126.768125	5500513_R__4
18870	2434	5540.4798375	5500510_R__2
18872	2435	408.8558625	5500510_R__4
15872	2436	482.900625	5501048_R__1
21594	2437	8180.3365875	5500577_R__1
23234	2438	0.0	5500100_R__1
23236	2439	1178.277525	5500100_R__2
23238	2440	431.391225	5500101_R__1
23240	2441	489.3393	5500101_G__2
23242	2442	3692.5801125	5500102_G__1
23826	2443	3985.539825	5500104_R__1
23828	2444	1284.5156625	5500104_G__1
14676	2445	415.2945375	5500105_R__1
23294	2446	611.674125	5500106_R__1
23296	2447	1397.192475	5500106_R__2
14678	2448	103.0188	5500108_R__1
14680	2449	0.0	5500108_R__2
14682	2450	1387.5344625	5500109_R__1
14684	2451	0.0	5500109_R__2
14686	2452	1995.98925	5500109_R__3
14688	2453	0.0	5500109_G__1
21048	2454	2585.1280125	5402121_G__1
21050	2455	4500.633825	5402120_R__1
21634	2456	11023.0116	5501095_R__1
21636	2457	3979.10115	5501095_G__1
13230	2458	737.2282875	5501094_R__2
13232	2459	2952.1324875	5501094_G__2
16444	2460	12053.1996	5401907_G__1
16446	2461	872.4404625	5401908_R__1
16448	2462	2968.229175	5401908_G__1
21640	2463	1567.8173625	5501096_R__5
21642	2464	4526.388525	5501096_G__2
17016	2465	10095.8424	5500749_G__1
17018	2466	196.3795875	5500038_R__3
18338	2467	9394.026825	5500426_G__1
18340	2468	2317.923	5500424_R__5
17024	2469	10134.47445	5500742_G__1
17826	2470	61.1674125	5500035_R__2
17828	2471	0.0	5500035_R__3
18342	2472	6802.4601375	5500429_R__1
18344	2473	4107.87465	5500429_G__3
17232	2474	0.0	5500037_G__3
23450	2475	2433.81915	5501212_G__2
19702	2476	6847.5308625	5500636_R__1
15362	2477	2768.63025	5501252_G__2
22634	2478	943.2658875	5500275_G__1
19708	2479	1078.4780625	5500632_R__2
19710	2480	956.1432375	5500632_G__1
19712	2481	1715.9068875	5500632_G__3
22148	2482	4381.5183375	5500633_R__1
19716	2483	4719.548775	5500630_R__1
19718	2484	8537.68305	5500631_R__1
13290	2485	5839.878225	5402002_G__1
13292	2486	1342.4637375	5402003_R__2
13294	2487	7707.093975	5402003_G__1
20794	2488	8318.7681	5500738_G__1
19744	2489	2726.7788625	5500320_G__1
20432	2490	8695.4305875	5501078_G__1
20434	2491	2488.5478875	5501075_G__1
14438	2492	0.0	5501086_R__7
14440	2493	2739.6562125	5501086_G__1
14442	2494	2456.3545125	5501086_G__2
14444	2495	1641.862125	5501087_R__8
14446	2496	866.0017875	5501087_R__7
14448	2497	2021.74395	5501087_G__4
16472	2498	5517.944475	5501082_G__1
16474	2499	1677.2748375	5501080_G__1
16482	2500	148.089525	5501088_R__6
20888	2501	3161.389425	5402139_R__2
20890	2502	6071.670525	5402139_G__1
21956	2503	0.0	5500256_R__1
23474	2504	9931.6561875	5500921_G__2
21958	2505	766.202325	5500251_G__2
21960	2506	70.825425	5500252_R__1
20942	2507	4565.020575	5402134_G__1
20944	2508	4449.124425	5402135_G__1
20988	2509	19.316025	5401977_G__2
20990	2510	734.00895	5401977_G__4
20992	2511	2604.4440375	5401976_R__1
20994	2512	412.0752	5401976_G__1
15866	2513	5144.501325	5501043_R__1
19070	2514	2276.0716125	5501173_R__1
19072	2515	244.66965	5501173_R__2
19074	2516	824.1504	5501173_R__3
19076	2517	624.551475	5501176_G__1
19078	2518	1078.4780625	5501174_R__1
18556	2519	8544.121725	5402030_G__1
19080	2520	2057.1566625	5501178_R__1
17738	2521	1732.003575	5500070_G__1
19082	2522	14718.81105	5500178_R__1
19084	2523	1332.805725	5500178_G__1
14804	2524	10176.3258375	5501016_R__1
17182	2525	0.0	5500482_R__1
19112	2526	682.49955	5500283_R__4
23586	2527	1757.758275	5500282_R__1
19114	2528	672.8415375	5500281_R__1
19116	2529	3505.8585375	5500281_G__1
19118	2530	379.881825	5500280_G__2
19804	2531	5231.4234375	5402044_R__2
19806	2532	10556.2076625	5402044_G__2
19808	2533	1290.9543375	5500286_G__1
19810	2534	90.14145	5500286_G__3
14182	2535	7327.21215	5402046_R__2
19126	2536	4194.7967625	5500289_R__1
19128	2537	3979.10115	5500289_R__4
19130	2538	3554.1486	5500288_R__1
19132	2539	2758.9722375	5500288_R__5
19134	2540	0.0	5500288_G__4
20500	2541	5978.3097375	5500673_R__1
20502	2542	695.3769	5500673_G__1
20504	2543	2842.6750125	5500676_R__1
20506	2544	9020.583675	5500677_G__2
23620	2545	2742.87555	5500475_G__1
23622	2546	4922.3670375	5500477_G__1
23624	2547	8267.2587	5500471_G__1
23626	2548	6931.2336375	5500472_R__1
17762	2549	8212.5299625	5500694_R__2
15716	2550	5035.04385	5501277_R__1
15718	2551	3489.76185	5501277_G__1
15720	2552	7240.2900375	5501277_G__2
17764	2553	9059.215725	5500691_R__1
17766	2554	115.89615	5500691_G__1
17768	2555	2092.569375	5500691_G__2
17770	2556	1410.069825	5500691_G__3
17772	2557	988.3366125	5500692_G__3
17774	2558	878.8791375	5500693_G__3
16552	2559	2498.2059	5500913_R__2
16554	2560	2391.9677625	5500912_R__1
16558	2561	2427.380475	5500915_R__2
20008	2562	9368.272125	5500868_R__1
15870	2563	321.93375	5501045_G__1
23664	2564	3898.6177125	5500597_R__1
21714	2565	2604.4440375	5500594_R__2
14222	2566	3531.6132375	5500351_R__1
14224	2567	395.9785125	5500351_G__4
14226	2568	9319.9820625	5500350_R__1
14228	2569	4977.095775	5500353_R__1
14230	2570	9377.9301375	5500353_G__1
14232	2571	788.7376875	5500353_G__2
14234	2572	1564.598025	5500609_G__2
14236	2573	2028.182625	5500607_G__1
14238	2574	228.5729625	5500358_R__1
22540	2575	10221.3965625	5500213_R__1
14838	2576	630.99015	5501024_R__1
19142	2577	1886.531775	5500825_R__3
20050	2578	3245.0922	5500824_R__1
20054	2579	1909.0671375	5500823_R__1
19144	2580	3280.5049125	5500822_R__1
19146	2581	1590.352725	5500822_G__1
14840	2582	10218.177225	5501022_G__1
14842	2583	0.0	5501023_G__1
14844	2584	0.0	5501029_G__1
14846	2585	804.834375	5501029_G__3
19152	2586	2543.276625	5500828_R__1
17020	2587	0.0	5500039_R__1
15436	2588	3129.19605	5500504_R__2
15444	2589	2710.682175	5500508_R__5
15446	2590	8376.716175	5500508_G__1
19890	2591	5215.32675	5500139_R__2
19892	2592	8154.5818875	5500139_G__2
19894	2593	9348.9561	5500138_R__1
19896	2594	6155.3733	5500138_G__1
19906	2595	7790.79675	5500137_R__3
16734	2596	2253.53625	5402095_G__1
13492	2597	48.2900625	5500430_R__2
13494	2598	1580.6947125	5500430_R__3
13496	2599	6966.64635	5500431_R__2
13498	2600	6271.26945	5500431_G__1
13500	2601	5904.264975	5500432_R__1
13502	2602	1403.63115	5500432_G__3
13504	2603	7906.6929	5500434_R__1
23128	2604	3.2193375	5500001_G__3
21988	2605	5582.331225	5500007_R__2
19978	2606	6132.8379375	5500790_G__1
19980	2607	4066.0232625	5500792_R__1
19982	2608	7127.613225	5500796_G__4
14868	2609	8486.17365	5500310_R__1
20664	2610	5701.4467125	5501246_R__2
23390	2611	7571.8818	5501093_G__1
23392	2612	1538.843325	5501093_G__2
23394	2613	573.042075	5501093_G__3
17178	2614	10166.667825	5500484_G__1
17180	2615	2729.9982	5500483_G__1
21396	2616	4172.2614	5500947_G__2
21398	2617	1062.381375	5500940_G__2
16630	2618	4703.4520875	5501347_R__1
16632	2619	10710.7358625	5501347_G__1
16634	2620	2375.871075	5501346_R__1
16636	2621	4014.5138625	5501346_R__3
23256	2622	1332.805725	5501092_R__7
16102	2623	4629.407325	5500548_G__5
17192	2624	1384.315125	5500263_G__1
17194	2625	1471.2372375	5500263_G__3
17196	2626	189.9409125	5500265_R__2
17198	2627	2849.1136875	5500265_G__1
17200	2628	3727.992825	5500264_R__1
17202	2629	5891.387625	5500266_G__1
19260	2630	8608.508475	5301779_R__1
21768	2631	6367.849575	5301575_R__1
21770	2632	424.95255	5301575_R__2
21772	2633	717.9122625	5301575_G__1
21774	2634	4977.095775	5301576_R__1
21776	2635	7002.0590625	5301577_R__3
21778	2636	3248.3115375	5301577_G__1
21780	2637	7204.877325	5301577_G__2
21782	2638	1983.1119	5301572_G__1
21784	2639	4626.1879875	5301572_G__2
21786	2640	2346.8970375	5301573_R__1
21788	2641	103.0188	5301578_R__2
21790	2642	9896.243475	5301578_G__4
21792	2643	218.91495	5301579_R__1
21794	2644	8392.8128625	5301579_G__1
17962	2645	14660.862975	5301675_R__1
20734	2646	9030.2416875	5301674_G__1
22174	2647	2060.376	5300951_R__1
22176	2648	5006.0698125	5300950_R__1
22178	2649	4922.3670375	5300953_R__1
22180	2650	717.9122625	5300953_R__2
22182	2651	8038.6857375	5300955_R__1
22186	2652	5392.3903125	5300956_R__1
22446	2653	0.0	5300775_R__1
22448	2654	843.466425	5300775_R__2
21796	2655	3853.5469875	5300774_G__3
22192	2656	12503.90685	5300777_R__1
22194	2657	7530.0304125	5300777_G__1
22456	2658	9928.43685	5300776_R__1
22196	2659	1342.4637375	5300771_R__1
22198	2660	7610.51385	5300771_R__3
22200	2661	11934.0841125	5300771_G__1
22464	2662	1748.1002625	5300773_R__2
22466	2663	2562.59265	5300773_G__1
21798	2664	9941.3142	5300772_R__3
17022	2665	8334.8647875	5300554_R__1
15546	2666	0.0	5300497_R__1
15548	2667	2868.4297125	5300497_R__2
15550	2668	128.7735	5300497_G__2
15552	2669	6696.222	5300497_G__3
21474	2670	2823.3589875	5301811_R__1
16562	2671	4391.17635	5301252_R__1
18648	2672	4989.973125	5301255_R__1
18650	2673	4529.6078625	5301255_G__3
16902	2674	1204.032225	5301254_G__1
16904	2675	9474.5102625	5301254_G__3
19324	2676	12075.7349625	5300428_R__1
20116	2677	1101.013425	5301409_G__6
22314	2678	6116.74125	5301405_R__1
17656	2679	1364.9991	5301331_R__1
17658	2680	602.0161125	5301331_G__1
14938	2681	13611.35895	5301084_R__3
14940	2682	0.0	5301087_R__1
14942	2683	8660.017875	5301087_G__1
14944	2684	4639.0653375	5301088_G__2
23426	2685	1564.598025	5301169_G__1
22392	2686	5827.000875	5301530_R__1
22034	2687	3518.7358875	5300917_R__1
22036	2688	2462.7931875	5300917_R__2
22038	2689	6921.575625	5300916_R__2
22040	2690	3737.6508375	5300916_G__1
22042	2691	3679.7027625	5300919_G__4
22044	2692	6789.5827875	5300918_R__1
18700	2693	0.0	5301035_R__4
15798	2694	10073.3070375	5300539_G__1
22184	2695	5089.7725875	5300954_R__1
20006	2696	2024.9632875	5300593_R__1
17272	2697	2530.399275	5300595_G__1
17274	2698	0.0	5300594_R__1
17276	2699	7822.990125	5300594_G__1
14896	2700	3879.3016875	5301620_R__1
14898	2701	3470.445825	5301620_G__1
14900	2702	2214.9042	5301620_G__2
13716	2703	270.42435	5301743_G__1
13718	2704	9477.7296	5301743_G__3
13720	2705	4101.435975	5301741_G__1
13722	2706	5807.68485	5301741_G__2
13724	2707	96.580125	5301740_G__2
13726	2708	4140.068025	5301747_G__1
13728	2709	2205.2461875	5301744_G__2
20754	2710	1104.2327625	5300813_R__1
22462	2711	3344.8916625	5300725_R__1
22018	2712	2247.097575	5300723_R__2
22020	2713	2240.6589	5300723_R__3
16246	2714	0.0	5300720_R__1
16250	2715	2153.7367875	5300729_G__4
20152	2716	1175.0581875	5300461_R__1
21526	2717	2794.38495	5300509_R__2
21528	2718	3927.59175	5300506_R__1
21530	2719	914.29185	5300502_G__1
21532	2720	0.0	5300503_R__1
21534	2721	2961.7905	5300503_G__1
21536	2722	3051.93195	5300500_R__2
21538	2723	495.777975	5300500_G__2
15692	2724	846.6857625	5301845_G__2
15694	2725	1648.3008	5301846_G__4
15696	2726	383.1011625	5301847_R__1
15698	2727	10945.7475	5301840_R__1
15700	2728	2424.1611375	5301840_G__1
15702	2729	8746.9399875	5301841_G__1
15704	2730	367.004475	5301843_R__3
20750	2731	6219.76005	5300811_R__1
20752	2732	1567.8173625	5300811_G__3
12894	2733	4874.076975	5301283_G__1
12896	2734	7546.1271	5301287_R__2
12898	2735	13456.83075	5301287_G__2
12900	2736	9200.866575	5301289_G__1
12688	2737	45.070725	5301706_R__1
21476	2738	19.316025	5301810_G__1
19456	2739	1954.1378625	5301218_R__1
19458	2740	7150.1485875	5301218_G__1
21482	2741	7877.7188625	5301815_R__2
21484	2742	238.230975	5301814_R__1
12946	2743	630.99015	5301062_R__1
21812	2744	4458.7824375	5301441_G__1
19012	2745	32.193375	5301443_R__2
19014	2746	5115.5272875	5301443_G__2
19016	2747	0.0	5301443_G__4
12950	2748	3583.1226375	5301709_R__1
12952	2749	1435.824525	5301709_G__1
20910	2750	3174.266775	5301446_R__1
20912	2751	2723.559525	5301446_R__2
20914	2752	5727.2014125	5301446_G__1
20916	2753	2311.484325	5301446_G__2
20918	2754	13601.7009375	5301447_G__1
20450	2755	569.8227375	5301422_G__2
23478	2756	302.617725	5301423_R__1
23480	2757	6870.066225	5301423_R__2
20924	2758	325.1530875	5300719_G__1
20926	2759	576.2614125	5300718_G__1
20928	2760	338.0304375	5300717_G__1
20930	2761	2047.49865	5300716_R__1
14498	2762	1992.7699125	5301784_R__1
14500	2763	12574.732275	5301784_G__1
20932	2764	6837.87285	5300713_R__1
20934	2765	9996.0429375	5300712_R__2
14506	2766	315.495075	5301780_R__1
14508	2767	3956.5657875	5301780_R__2
16796	2768	13711.1584125	5301541_G__1
15748	2769	0.0	5300392_R__2
15750	2770	1187.9355375	5300392_G__1
15752	2771	5398.8289875	5300392_G__4
15760	2772	5550.13785	5300821_R__1
15762	2773	4088.558625	5300821_G__1
15768	2774	1101.013425	5300822_G__2
15770	2775	0.0	5300822_G__3
15772	2776	0.0	5300829_R__1
19136	2777	3187.144125	5300828_G__1
19138	2778	1867.21575	5300828_G__4
16804	2779	5331.2229	5300769_R__1
16806	2780	1200.8128875	5300769_R__3
16808	2781	3673.2640875	5300949_R__2
16810	2782	2797.6042875	5300763_R__1
16812	2783	4658.3813625	5300765_R__5
16814	2784	1107.4521	5300765_G__7
22698	2785	9667.6705125	5300542_G__1
22700	2786	2079.692025	5300546_R__1
22702	2787	12851.5953	5300547_R__1
22706	2788	1921.9444875	5300549_R__1
22708	2789	4185.13875	5300549_G__2
12990	2790	2794.38495	5300620_G__1
15796	2791	7610.51385	5300537_G__1
14534	2792	920.730525	5300437_R__2
14536	2793	8798.4493875	5300434_R__1
14538	2794	2662.3921125	5300435_R__2
21826	2795	4262.40285	5300433_R__1
15114	2796	14612.5729125	5301439_G__1
13866	2797	2997.2032125	5300995_R__1
13868	2798	2494.9865625	5300995_G__1
21156	2799	2990.7645375	5301651_R__1
13870	2800	1789.95165	5300997_R__1
13872	2801	1967.0152125	5300997_G__1
13874	2802	177.0635625	5300996_R__1
13876	2803	357.3464625	5300992_G__1
13886	2804	2189.1495	5301247_G__1
13888	2805	2894.1844125	5301249_G__2
17524	2806	1204.032225	5301052_R__1
17526	2807	6119.9605875	5301509_R__1
17528	2808	6432.236325	5301509_R__2
22898	2809	9136.479825	5301181_G__1
13188	2810	0.0	5301491_G__1
20320	2811	3431.813775	5301614_G__1
15950	2812	3438.25245	5301616_R__4
20326	2813	4539.265875	5301618_R__3
18846	2814	6158.5926375	5301752_G__1
18848	2815	5405.2676625	5301754_G__5
18850	2816	2475.6705375	5301756_R__1
18852	2817	611.674125	5301757_R__1
18854	2818	8231.8459875	5301757_G__1
23574	2819	923.9498625	5300751_G__1
21650	2820	5144.501325	5300974_R__1
15426	2821	5872.0716	5300973_R__2
20330	2822	724.3509375	5300692_G__1
20332	2823	0.0	5300690_R__1
16506	2824	3512.2972125	5300745_G__1
16396	2825	3779.502225	5300578_R__1
22784	2826	801.6150375	5300994_R__2
16512	2827	2102.2273875	5300968_R__1
16514	2828	7636.26855	5300968_R__2
18280	2829	688.938225	5301012_G__2
18282	2830	3972.662475	5301017_R__1
20582	2831	4233.4288125	5301016_G__2
21140	2832	5263.6168125	5301383_R__4
21142	2833	5447.11905	5301381_R__3
21144	2834	3853.5469875	5301380_R__1
21146	2835	724.3509375	5301380_G__2
21148	2836	5817.3428625	5301380_G__3
21152	2837	2913.5004375	5301384_R__1
21154	2838	3979.10115	5301125_G__1
21158	2839	415.2945375	5301652_R__2
21160	2840	801.6150375	5301652_G__1
13176	2841	0.0	5301495_R__1
13178	2842	186.721575	5301495_G__1
13180	2843	0.0	5301494_R__1
13182	2844	518.3133375	5301494_G__1
13184	2845	8479.734975	5301493_R__1
13186	2846	6129.6186	5301492_R__1
23170	2847	7600.8558375	5301558_G__4
13190	2848	8627.8245	5301490_R__1
23184	2849	8276.9167125	5301556_R__1
23186	2850	1870.4350875	5301554_G__1
23188	2851	2784.7269375	5301555_G__1
23190	2852	6725.1960375	5301552_R__1
23192	2853	11966.2774875	5301553_G__1
23194	2854	6477.30705	5301551_R__1
23196	2855	1883.3124375	5301551_G__3
21166	2856	11277.3392625	5300830_G__2
23208	2857	878.8791375	5300933_R__1
23248	2858	4989.973125	5301838_R__1
22730	2859	2053.937325	5300630_G__3
23254	2860	4146.5067	5301837_G__2
23328	2861	959.362575	5301836_R__1
23330	2862	769.4216625	5301836_G__2
23246	2863	6338.8755375	5301839_R__6
19670	2864	5057.5792125	5300449_G__1
19672	2865	0.0	5300449_G__2
19674	2866	0.0	5300448_R__1
23252	2867	7781.1387375	5301834_G__1
19676	2868	1223.34825	5300443_R__1
19678	2869	5408.487	5300443_R__2
19680	2870	11750.581875	5300442_G__2
19682	2871	3995.1978375	5300446_G__3
19684	2872	3386.74305	5300445_R__1
21478	2873	5286.152175	5301816_R__2
21480	2874	1065.6007125	5301816_R__3
19018	2875	0.0	5300989_G__1
19030	2876	6255.1727625	5301230_R__1
22322	2877	2929.597125	5301332_R__1
22330	2878	6441.8943375	5301333_G__1
17664	2879	727.570275	5301334_G__1
22368	2880	7897.0348875	5301335_G__1
22142	2881	67.6060875	5301510_R__1
22144	2882	8321.9874375	5301510_R__2
23584	2883	9416.5621875	5301751_G__1
14496	2884	9435.8782125	5301786_R__1
19064	2885	6.438675	5301580_R__1
19066	2886	7584.75915	5301580_R__2
20452	2887	6239.076075	5301428_R__2
22688	2888	3940.4691	5301429_G__2
14114	2889	6300.2434875	5301765_R__1
14116	2890	41.8513875	5301765_G__1
14118	2891	1390.7538	5301764_G__1
14120	2892	11950.1808	5301767_G__1
14502	2893	10073.3070375	5301783_R__1
14122	2894	2359.7743875	5301769_R__1
14124	2895	808.0537125	5301768_G__3
14504	2896	4020.9525375	5301782_R__3
23502	2897	170.6248875	5301604_R__1
16878	2898	3753.747525	5301600_R__5
16884	2899	692.1575625	5301601_R__2
16886	2900	5012.5084875	5301601_R__4
16500	2901	4130.4100125	5300966_R__1
16502	2902	3589.5613125	5300967_G__1
16504	2903	3158.1700875	5300744_R__1
16508	2904	1693.371525	5300748_G__2
16510	2905	894.975825	5300749_G__1
16012	2906	2321.1423375	5301864_R__4
16014	2907	3019.738575	5301864_G__1
16016	2908	1722.3455625	5301864_G__2
16018	2909	5591.9892375	5301865_G__1
16020	2910	7710.3133125	5301863_R__1
16022	2911	489.3393	5301860_R__3
16024	2912	1387.5344625	5301860_G__3
16026	2913	4288.15755	5301861_G__1
23560	2914	2604.4440375	5300752_G__1
21648	2915	4455.5631	5300975_G__1
19110	2916	22.5353625	5300824_R__1
19122	2917	408.8558625	5300397_R__3
19124	2918	1854.3384	5300397_G__4
15764	2919	0.0	5300820_R__1
15766	2920	727.570275	5300820_G__2
20336	2921	135.212175	5300695_G__1
14826	2922	6586.764525	5301411_G__1
13350	2923	3840.6696375	5300972_R__1
21296	2924	4548.9238875	5301464_R__1
21498	2925	589.1387625	5301130_G__1
21502	2926	8560.2184125	5301130_G__3
23702	2927	6010.5031125	5301131_R__2
20334	2928	10971.5022	5300691_R__1
18678	2929	5424.5836875	5301528_G__2
17130	2930	14065.2855375	5301523_G__1
18686	2931	13955.8280625	5301522_R__1
18688	2932	212.476275	5301522_G__1
17134	2933	8907.9068625	5301521_G__1
17140	2934	2353.3357125	5300920_G__1
17142	2935	1989.550575	5300924_G__1
13804	2936	0.0	5301636_R__4
13806	2937	7224.19335	5301636_G__2
18492	2938	3341.672325	5301737_G__3
19916	2939	164.1862125	5300851_G__1
19920	2940	9732.0572625	5300853_R__1
20650	2941	1963.795875	5301859_R__2
20652	2942	3464.00715	5301859_G__2
20654	2943	2369.4324	5301857_R__2
18126	2944	486.1199625	5301710_G__1
17888	2945	3.2193375	5301297_R__1
17890	2946	8492.612325	5301297_R__2
17892	2947	1493.7726	5301296_G__2
17894	2948	779.079675	5301293_R__1
14320	2949	7365.8442	5301220_R__1
20470	2950	273.6436875	5301222_R__1
20472	2951	7002.0590625	5301222_G__1
20476	2952	4304.2542375	5301223_G__1
17910	2953	7842.30615	5301071_R__2
17912	2954	6103.8639	5301071_G__2
18128	2955	6219.76005	5301713_R__1
15520	2956	7291.7994375	5301453_R__1
15522	2957	1464.7985625	5301455_G__4
14334	2958	0.0	5301592_R__1
14336	2959	4178.700075	5301592_R__2
14338	2960	5611.3052625	5301593_R__1
14340	2961	3129.19605	5301590_R__3
15524	2962	0.0	5301458_R__5
14342	2963	4249.5255	5301594_R__1
15528	2964	4233.4288125	5800428_G__1
15530	2965	3576.6839625	5800429_R__1
15532	2966	5646.717975	5800429_G__1
13560	2967	8936.8809	5702211_G__1
13562	2968	6338.8755375	5702212_R__1
15534	2969	424.95255	5800427_G__1
15536	2970	1439.0438625	5800420_R__4
15538	2971	2623.7600625	5800420_G__3
15540	2972	4339.66695	5800420_G__5
17944	2973	3930.8110875	5800421_R__1
17946	2974	5649.9373125	5800421_G__1
15542	2975	3190.3634625	5800422_G__3
14382	2976	2086.1307	5702286_G__1
20026	2977	3502.6392	5702288_G__1
22490	2978	347.68845	5800162_G__3
19550	2979	5984.7484125	5701712_R__1
19286	2980	3647.5093875	5800493_R__2
19288	2981	5662.8146625	5800493_G__3
19290	2982	811.27305	5800493_G__4
19292	2983	5772.2721375	5800494_R__1
19294	2984	3602.4386625	5800494_R__2
19296	2985	6660.8092875	5800497_R__1
19298	2986	3013.2999	5800497_R__2
22226	2987	6261.6114375	5800496_R__1
19300	2988	927.1692	5800496_G__2
19302	2989	6.438675	5800496_G__3
19840	2990	1522.7466375	5701657_G__2
20886	2991	1921.9444875	5800498_G__2
15544	2992	2108.6660625	5800423_G__3
21720	2993	1522.7466375	5702082_R__2
14928	2994	2259.974925	5701807_R__1
14930	2995	9979.94625	5701800_G__2
14932	2996	180.2829	5701803_G__2
20066	2997	6239.076075	5701733_G__1
20082	2998	11364.261375	5701735_R__1
20084	2999	7784.358075	5701735_G__1
16244	3000	12858.033975	5800464_R__2
20802	3001	12520.0035375	5702138_G__1
17242	3002	4239.8674875	5701930_R__3
17244	3003	5897.8263	5701931_R__1
17246	3004	7372.282875	5701932_G__1
17254	3005	19.316025	5701936_G__1
17256	3006	1091.3554125	5701937_R__1
16732	3007	8460.41895	5702092_G__3
17266	3008	6206.8827	5800294_G__1
15672	3009	32.193375	5701661_G__1
15078	3010	5012.5084875	5800265_R__1
17132	3011	1944.47985	5800262_R__1
15674	3012	338.0304375	5701662_R__1
15676	3013	553.72605	5701662_R__2
15678	3014	4996.4118	5701662_G__1
12800	3015	1345.683075	5702009_R__1
12802	3016	853.1244375	5702009_R__3
12804	3017	1577.475375	5702009_G__1
12806	3018	489.3393	5702009_G__2
12808	3019	218.91495	5702008_R__2
12810	3020	4330.0089375	5702008_R__3
12812	3021	2111.8854	5702008_R__4
14426	3022	3595.9999875	5701702_R__1
14428	3023	3167.8281	5701702_R__2
14430	3024	4787.1548625	5701702_R__3
14432	3025	1815.70635	5701702_G__1
12816	3026	3969.4431375	5702000_G__1
13490	3027	10382.3634375	5702003_G__1
12818	3028	3882.521025	5702005_R__1
12820	3029	1873.654425	5702005_R__2
13512	3030	1532.40465	5702007_R__2
13514	3031	614.8934625	5702007_R__3
13516	3032	128.7735	5702006_R__1
13518	3033	3682.9221	5702006_G__1
18024	3034	4664.8200375	5702260_R__2
13536	3035	1960.5765375	5702262_R__1
18714	3036	2932.8164625	5800519_G__3
18718	3037	560.164725	5800049_R__1
18720	3038	3599.219325	5800049_G__1
13550	3039	45.070725	5702268_G__3
18722	3040	1928.3831625	5800516_R__2
18724	3041	131.9928375	5800516_G__1
18726	3042	5260.397475	5800045_G__1
18730	3043	7922.7895875	5800511_R__1
18732	3044	9030.2416875	5800511_G__1
13618	3045	7375.5022125	5701681_G__1
16240	3046	8373.4968375	5800460_R__1
22014	3047	8041.905075	5800462_R__1
22016	3048	11254.8039	5800462_G__1
16242	3049	80.4834375	5800463_R__2
22022	3050	8437.8835875	5800466_R__1
15668	3051	3158.1700875	5702312_G__1
16248	3052	4658.3813625	5800469_G__1
15670	3053	4516.7305125	5701660_R__1
18690	3054	5125.1853	5701846_R__1
18692	3055	6090.98655	5701846_R__2
18694	3056	859.5631125	5701846_G__1
18696	3057	0.0	5701846_G__2
18698	3058	8631.0438375	5701846_G__3
15680	3059	1690.1521875	5701848_R__1
15682	3060	350.9077875	5701848_R__2
15684	3061	13141.335675	5701848_G__1
15686	3062	10404.8988	5701849_G__1
14434	3063	4094.9973	5701706_R__1
14436	3064	4967.4377625	5701706_R__2
23082	3065	6049.1351625	5701967_R__1
13978	3066	5540.4798375	5702187_G__1
17830	3067	7224.19335	5702030_R__3
17832	3068	3876.08235	5702030_G__5
17834	3069	0.0	5702030_G__6
22558	3070	10939.308825	5800118_R__1
18766	3071	8576.3151	5702198_G__1
18768	3072	360.5658	5702190_R__2
23742	3073	9088.1897625	5702256_G__3
22588	3074	1519.5273	5701941_R__1
23820	3075	0.0	5701940_R__1
23874	3076	2272.852275	5701945_R__1
20920	3077	4091.7779625	5800419_R__1
20922	3078	4783.935525	5800418_R__1
20224	3079	7488.179025	5702346_R__1
23748	3080	1255.541625	5702258_R__1
20226	3081	11212.9525125	5702344_R__2
15404	3082	7565.443125	5702343_R__1
20936	3083	10874.922075	5800417_G__1
20938	3084	1390.7538	5800417_G__2
23750	3085	2565.8119875	5800116_G__1
23752	3086	2807.2623	5800116_G__2
23754	3087	3196.8021375	5800117_G__1
16802	3088	7684.5586125	5800317_R__1
15774	3089	22.5353625	5800090_R__1
18102	3090	9435.8782125	5800250_R__1
12978	3091	148.089525	5800076_G__1
12980	3092	5855.9749125	5800075_R__2
12982	3093	3840.6696375	5800074_R__1
12984	3094	0.0	5800074_G__1
12986	3095	1281.296325	5800073_R__1
12988	3096	6905.4789375	5800071_R__1
18888	3097	2636.6374125	5702057_R__1
22720	3098	8170.678575	5800488_G__1
19780	3099	10965.063525	5702361_G__1
19784	3100	0.0	5702363_G__1
19492	3101	8576.3151	5800556_R__1
19494	3102	8360.6194875	5800556_G__5
19496	3103	7909.9122375	5800009_R__2
18810	3104	15394.871925	5702229_R__1
18812	3105	80.4834375	5701755_R__1
18814	3106	3161.389425	5701758_R__3
20278	3107	856.343775	5701838_R__1
20280	3108	5183.133375	5701838_R__3
20282	3109	2311.484325	5701838_G__1
20284	3110	57.948075	5701838_G__2
18502	3111	1101.013425	5800189_G__1
21354	3112	5524.38315	5800470_R__1
18212	3113	2311.484325	5702017_G__1
18830	3114	3834.2309625	5800217_R__1
18832	3115	209.2569375	5800217_G__3
18218	3116	2266.4136	5702010_R__1
18220	3117	2932.8164625	5702011_R__1
17534	3118	112.6768125	5800356_R__2
17536	3119	5617.7439375	5800356_G__1
17538	3120	2202.02685	5800357_R__2
19542	3121	1281.296325	5702158_G__2
20610	3122	1184.7162	5701852_R__1
20612	3123	5733.6400875	5701852_R__2
20614	3124	7829.4288	5701852_G__1
20616	3125	263.985675	5701852_G__2
18346	3126	5749.736775	5800521_G__2
13090	3127	2282.5102875	5702277_R__1
20626	3128	9152.5765125	5701850_R__1
20628	3129	0.0	5701850_R__2
21652	3130	553.72605	5800329_R__2
21654	3131	3344.8916625	5800328_G__1
21656	3132	9709.5219	5800327_R__2
21082	3133	1703.0295375	5702308_G__1
21084	3134	305.8370625	5702309_G__1
21086	3135	6367.849575	5702309_G__3
19544	3136	2494.9865625	5701718_G__1
19546	3137	7166.245275	5701718_G__3
19548	3138	3354.549675	5701718_G__4
15180	3139	9873.7081125	5800626_R__1
15182	3140	9200.866575	5800626_G__1
19564	3141	2041.059975	5701717_G__1
19566	3142	6387.1656	5701717_G__2
15836	3143	0.0	5701780_R__2
14604	3144	6635.0545875	5800330_G__1
14610	3145	7011.717075	5800331_G__1
23046	3146	206.0376	5800134_G__1
23048	3147	9281.3500125	5800134_G__2
13962	3148	122.334825	5702188_R__1
18828	3149	640.6481625	5800213_G__1
13964	3150	1728.7842375	5702183_R__2
13966	3151	6293.8048125	5702183_G__1
13968	3152	878.8791375	5702184_R__1
13970	3153	466.8039375	5702184_G__1
13972	3154	762.9829875	5702185_R__1
13974	3155	5212.1074125	5702185_G__1
13976	3156	1551.720675	5702186_G__1
22858	3157	0.0	5800359_R__1
22860	3158	0.0	5800359_G__1
22862	3159	1242.664275	5800359_G__2
22864	3160	6828.2148375	5800359_G__3
18874	3161	1760.9776125	5702058_G__1
22670	3162	569.8227375	5702059_G__1
18296	3163	0.0	5701893_R__3
18298	3164	0.0	5701893_G__4
18834	3165	1123.5487875	5800215_R__2
18836	3166	1551.720675	5800215_R__3
18838	3167	3280.5049125	5800215_G__2
23210	3168	1400.4118125	5702023_G__1
18882	3169	4413.7117125	5702051_R__1
18884	3170	2807.2623	5702056_R__1
18886	3171	2826.578325	5702056_G__2
23218	3172	3296.6016	5702020_R__1
18840	3173	8312.329425	5800219_R__1
18842	3174	1422.947175	5800219_R__2
18844	3175	1954.1378625	5800219_G__1
20604	3176	10894.2381	5701853_R__1
20606	3177	3299.8209375	5701853_G__1
20608	3178	1806.0483375	5701853_G__3
15266	3179	1551.720675	5702338_R__1
15268	3180	1245.8836125	5702338_G__1
18312	3181	6367.849575	5800065_R__1
15270	3182	251.108325	5702333_R__5
15272	3183	160.966875	5702333_R__6
15274	3184	3631.4127	5702333_R__7
15276	3185	3325.5756375	5702333_G__5
15278	3186	3618.53535	5702331_R__5
15280	3187	3859.9856625	5702331_G__2
15282	3188	3151.7314125	5702330_R__2
15284	3189	3647.5093875	5702330_G__2
15286	3190	4565.020575	5702336_R__1
15288	3191	3438.25245	5702335_R__1
15290	3192	2794.38495	5702335_G__1
15292	3193	6226.198725	5702335_G__2
15294	3194	8682.5532375	5702334_R__4
15296	3195	54.7287375	5702334_G__3
18314	3196	1020.5299875	5800067_G__1
18318	3197	3795.5989125	5800061_R__1
23198	3198	1017.31065	5800361_R__2
21168	3199	6090.98655	5800089_R__2
21172	3200	6589.9838625	5800082_R__1
21174	3201	482.900625	5800082_G__3
20348	3202	1068.82005	5800083_G__2
21176	3203	2111.8854	5800081_G__1
21178	3204	2285.729625	5800081_G__2
21180	3205	7697.4359625	5800087_R__1
21182	3206	814.4923875	5800087_G__2
21184	3207	1651.5201375	5800084_R__3
13208	3208	6139.2766125	5800249_R__1
13210	3209	566.6034	5800249_G__1
13212	3210	5688.5693625	5800245_G__1
15254	3211	0.0	5800246_G__1
13214	3212	1892.97045	5800247_G__1
13216	3213	2340.4583625	5800240_G__1
23214	3214	28.9740375	5702021_R__1
23216	3215	4198.0161	5702021_G__1
18310	3216	1986.3312375	5800064_R__1
16992	3217	6911.9176125	5800109_R__1
18316	3218	1371.437775	5800060_G__1
18320	3219	846.6857625	5800063_R__1
16994	3220	6042.6964875	5800100_R__5
18322	3221	8251.1620125	5800069_R__1
15326	3222	5134.8433125	5702160_G__1
14022	3223	2787.946275	5702232_R__2
14024	3224	7436.669625	5702233_R__1
14026	3225	13134.897	5702233_G__1
14028	3226	540.8487	5702230_R__1
14030	3227	13617.797625	5702231_R__1
14032	3228	7130.8325625	5702231_G__1
14034	3229	4252.7448375	5702236_G__2
14694	3230	4687.3554	5800568_R__1
14696	3231	582.7000875	5800568_G__1
14698	3232	2147.2981125	5800568_G__3
14036	3233	6361.4109	5702234_R__1
14700	3234	724.3509375	5800567_R__2
14494	3235	891.7564875	5800220_G__3
15896	3236	5231.4234375	5800408_R__1
15898	3237	2060.376	5800408_G__2
15900	3238	885.3178125	5800409_R__1
15342	3239	11422.20945	5701823_R__2
15344	3240	1233.0062625	5701820_R__1
15346	3241	7829.4288	5701821_R__1
14048	3242	830.589075	5701987_G__1
19120	3243	2575.47	5701983_R__1
14060	3244	131.9928375	5701982_G__1
23304	3245	4574.6785875	5800587_G__1
23308	3246	3380.304375	5800585_G__1
23312	3247	280.0823625	5800589_G__1
23314	3248	3821.3536125	5800588_R__1
23316	3249	3415.7170875	5800588_R__2
23318	3250	1091.3554125	5800588_R__4
23320	3251	2807.2623	5800588_R__5
23322	3252	7423.792275	5800588_G__1
15922	3253	15472.136025	5800666_R__1
15924	3254	3106.6606875	5800666_G__4
15928	3255	11567.0796375	5800664_R__1
13922	3256	6274.4887875	5800520_G__1
13924	3257	3573.464625	5800523_R__1
17632	3258	0.0	5701912_R__2
17634	3259	1445.4825375	5701913_R__1
17636	3260	1406.8504875	5701917_R__1
17638	3261	762.9829875	5701914_G__1
17640	3262	6297.02415	5701918_G__1
17248	3263	402.4171875	5701933_R__1
17250	3264	9281.3500125	5701933_G__1
17252	3265	9893.0241375	5701934_G__2
14108	3266	3261.1888875	5800200_R__1
15886	3267	1815.70635	5800406_R__1
14110	3268	7607.2945125	5800203_R__1
14112	3269	0.0	5800203_G__2
15888	3270	1142.8648125	5800407_R__1
13324	3271	10701.07785	5702069_R__1
15890	3272	3013.2999	5800404_G__1
15892	3273	1941.2605125	5800405_R__1
15894	3274	3315.917625	5800405_R__2
14766	3275	5659.595325	5702144_G__4
14692	3276	9835.0760625	5800569_R__2
14768	3277	4111.0939875	5702146_R__2
20454	3278	9719.1799125	5800380_R__2
18380	3279	476.46195	5702209_G__1
16824	3280	6.438675	5800433_R__1
16826	3281	1896.1897875	5800433_G__2
16830	3282	2086.1307	5800431_R__1
16832	3283	6622.1772375	5800431_G__1
16516	3284	11441.525475	5800447_G__1
16518	3285	6309.9015	5800332_R__1
16520	3286	7317.5541375	5800333_R__1
23538	3287	6261.6114375	5800156_R__3
23544	3288	2449.9158375	5800158_G__4
23546	3289	32.193375	5800159_R__3
21270	3290	2981.106525	5701796_G__1
21272	3291	7800.4547625	5701799_G__3
19818	3292	8453.980275	5701819_R__2
19820	3293	106.2381375	5701815_G__2
19822	3294	0.0	5701812_R__1
14046	3295	611.674125	5701761_G__3
13382	3296	2775.068925	5701885_R__4
13384	3297	1451.9212125	5701880_R__4
15178	3298	1239.4449375	5800628_R__1
13386	3299	498.9973125	5701882_G__1
13388	3300	1419.7278375	5701882_G__4
13390	3301	698.5962375	5701883_R__2
13392	3302	1220.1289125	5701888_R__1
13394	3303	1072.0393875	5701888_R__2
13396	3304	949.7045625	5701888_G__1
13398	3305	119.1154875	5701888_G__3
13400	3306	25.7547	5701889_R__3
15188	3307	466.8039375	5800625_R__1
15184	3308	4787.1548625	5800624_R__1
15186	3309	8315.5487625	5800624_G__1
22248	3310	4632.6266625	5701713_R__2
22250	3311	4661.6007	5701713_G__3
22252	3312	6673.6866375	5701713_G__4
19556	3313	5144.501325	5701714_G__4
19558	3314	5308.6875375	5701715_R__1
19560	3315	7150.1485875	5701715_G__3
19562	3316	11512.3509	5701716_R__2
17136	3317	4342.8862875	5800378_R__1
17138	3318	3682.9221	5800378_G__1
15190	3319	3621.7546875	5800623_G__1
16270	3320	12487.8101625	5800271_R__1
16272	3321	1667.616825	5800271_G__2
16274	3322	2701.0241625	5800270_G__2
18464	3323	1806.0483375	5800272_R__1
18466	3324	1822.145025	5800272_R__2
13454	3325	5109.0886125	5800059_G__1
13456	3326	4964.218425	5800502_R__2
13458	3327	109.457475	5800502_R__3
13460	3328	2127.9820875	5800502_G__1
13462	3329	2266.4136	5800502_G__2
13464	3330	51.5094	5800502_G__3
13466	3331	598.796775	5800502_G__4
13468	3332	5511.5058	5800501_R__1
13470	3333	3663.606075	5800501_G__2
13472	3334	1352.12175	5800500_R__2
13474	3335	4339.66695	5800500_R__3
13476	3336	2140.8594375	5800500_G__1
13478	3337	2668.8307875	5800500_G__2
18494	3338	5067.237225	5800183_R__1
18496	3339	734.00895	5800182_R__1
18498	3340	650.306175	5800180_R__1
22778	3341	2414.503125	5701693_R__1
21344	3342	7472.0823375	5800473_G__1
21346	3343	2932.8164625	5800473_G__2
21348	3344	3087.3446625	5800472_G__3
21350	3345	2878.087725	5800471_R__2
21352	3346	2723.559525	5800471_G__1
21356	3347	3599.219325	5800477_G__2
21358	3348	11390.016075	5800476_G__2
21360	3349	4761.4001625	5800474_G__1
19922	3350	891.7564875	5800572_R__1
19924	3351	1171.83885	5800572_G__1
19926	3352	2919.9391125	5800573_R__2
19928	3353	6628.6159125	5800573_G__1
19930	3354	2105.446725	5800573_G__2
19932	3355	9857.611425	5800570_R__1
19934	3356	10636.6911	5800571_R__1
19936	3357	8206.0912875	5800571_G__1
19938	3358	4751.74215	5800574_G__1
19940	3359	5102.6499375	5800574_G__2
20618	3360	12494.2488375	5701851_R__1
20620	3361	57.948075	5701851_G__1
20622	3362	492.5586375	5701851_G__2
20624	3363	3164.6087625	5701851_G__3
20630	3364	3.2193375	5701855_G__1
20632	3365	3682.9221	5701854_R__1
20634	3366	6702.660675	5701854_R__2
20636	3367	489.3393	5701854_G__1
20638	3368	8956.196925	5701854_G__2
20640	3369	9088.1897625	5701679_G__3
17154	3370	12188.411775	5800595_R__1
17156	3371	4536.0465375	5800590_R__1
17158	3372	3892.1790375	5800590_R__2
17160	3373	3876.08235	5800590_R__3
17162	3374	5199.2300625	5800590_G__1
17164	3375	1068.82005	5800591_G__2
16596	3376	0.0	5702074_G__1
16598	3377	10070.0877	5702075_R__1
21990	3378	0.0	5702078_G__1
16648	3379	3692.5801125	5701979_R__1
18032	3380	0.0	5702266_R__3
18034	3381	12.87735	5702266_G__2
21930	3382	4581.1172625	5800515_R__1
17184	3383	5427.803025	5800517_G__1
16640	3384	1213.6902375	5701974_R__1
18582	3385	4281.718875	5702071_G__1
19234	3386	2804.0429625	5800239_R__1
19236	3387	5092.991925	5800238_R__1
19238	3388	1400.4118125	5800238_G__1
19244	3389	4201.2354375	5800235_R__1
19246	3390	9159.0151875	5800237_R__2
19248	3391	9831.856725	5800236_R__1
19250	3392	10723.6132125	5800231_R__1
20656	3393	6168.25065	5800233_G__1
20658	3394	10411.337475	5800232_R__1
12618	3395	0.0	5003593_R__1
12620	3396	2024.9632875	5003849_G__1
12622	3397	4371.860325	5003846_R__1
12624	3398	2791.1656125	5003845_G__1
12626	3399	7262.8254	5003845_G__2
12628	3400	9152.5765125	5003843_R__1
12630	3401	5212.1074125	5003841_R__2
12632	3402	1072.0393875	5003840_R__2
12634	3403	22.5353625	5003840_R__4
12636	3404	872.4404625	5003840_R__7
17940	3405	9152.5765125	5003447_R__1
18010	3406	0.0	5003933_R__1
18012	3407	4294.596225	5003933_G__1
20736	3408	22.5353625	5003684_R__1
20738	3409	640.6481625	5003684_G__2
19276	3410	3795.5989125	5003838_R__2
20740	3411	0.0	5003681_G__1
20742	3412	3393.181725	5003680_R__2
20744	3413	9915.5595	5003683_R__1
20746	3414	0.0	5003683_G__1
20748	3415	180.2829	5003682_G__1
20852	3416	8486.17365	5003527_G__1
19282	3417	395.9785125	5003290_G__1
19284	3418	1744.880925	5003291_R__2
16672	3419	6554.57115	5300229_R__1
13730	3420	9094.6284375	5300293_R__1
15554	3421	2041.059975	5004006_R__1
15556	3422	659.9641875	5004006_G__1
15558	3423	11164.66245	5004006_G__2
15560	3424	10008.9202875	5004007_R__1
15562	3425	2488.5478875	5004007_G__3
15564	3426	0.0	5004005_R__1
15566	3427	0.0	5004002_G__1
15568	3428	4342.8862875	5004003_G__1
15570	3429	2707.4628375	5004000_R__1
15572	3430	7175.9032875	5004000_G__1
15574	3431	927.1692	5004000_G__2
14364	3432	1175.0581875	5004161_R__5
15582	3433	1818.9256875	5004009_R__2
15584	3434	0.0	5004009_R__3
19316	3435	7021.3750875	5003746_R__1
22276	3436	1590.352725	5004181_G__2
21800	3437	0.0	5004180_G__1
22274	3438	846.6857625	5004188_R__2
20474	3439	553.72605	5004018_R__1
16048	3440	0.0	5003679_R__2
16050	3441	6818.556825	5003679_G__1
16052	3442	0.0	5003679_G__3
22350	3443	1213.6902375	5004216_R__1
22352	3444	395.9785125	5004215_R__2
22354	3445	3277.285575	5004215_G__5
22356	3446	1239.4449375	5004214_R__1
22358	3447	3406.059075	5004214_G__2
22362	3448	83.702775	5004212_R__4
20132	3449	1706.248875	5003560_R__1
20134	3450	11122.8110625	5003560_G__1
20136	3451	1200.8128875	5003561_G__6
20138	3452	386.3205	5003562_R__3
20140	3453	1957.3572	5003562_G__2
19222	3454	4365.42165	5003932_G__1
20142	3455	6026.5998	5003569_R__1
21514	3456	10552.988325	5003649_R__1
13702	3457	15108.3508875	5300039_R__1
14968	3458	1703.0295375	5300137_G__1
13704	3459	189.9409125	5300032_G__1
13706	3460	9342.517425	5300032_G__2
12656	3461	8505.489675	5300072_R__2
21520	3462	11048.7663	5003391_R__1
22426	3463	4954.5604125	5003390_R__2
22428	3464	2324.361675	5003390_G__2
18022	3465	61.1674125	5003936_R__1
18704	3466	3206.46015	5300344_R__1
18706	3467	1532.40465	5300344_G__1
18708	3468	3557.3679375	5300345_G__1
12660	3469	13707.939075	5300070_R__1
18716	3470	5617.7439375	5300342_G__1
18036	3471	2752.5335625	5003934_G__1
18728	3472	2311.484325	5300348_G__1
13416	3473	479.6812875	5003478_R__1
13418	3474	5083.3339125	5003478_G__1
17278	3475	4014.5138625	5003898_G__1
17280	3476	4458.7824375	5003899_R__1
17282	3477	3035.8352625	5003895_R__2
22002	3478	10552.988325	5004042_R__1
20854	3479	7394.8182375	5003293_G__1
13732	3480	11177.5398	5003802_R__1
13734	3481	67.6060875	5003800_R__1
13430	3482	1896.1897875	5003471_R__2
13432	3483	2919.9391125	5003471_R__3
14344	3484	0.0	5300311_R__1
20154	3485	4423.369725	5004039_R__2
21556	3486	4577.897925	5003903_G__1
18056	3487	5492.189775	5003327_G__1
18058	3488	2742.87555	5003327_G__2
21558	3489	3228.9955125	5003901_R__2
20186	3490	3241.8728625	5004258_G__1
20188	3491	7716.7519875	5004258_G__2
20190	3492	11480.157525	5004253_G__1
20192	3493	9432.658875	5004252_G__1
20194	3494	9535.677675	5004257_R__1
20196	3495	11589.615	5004254_G__1
21336	3496	5340.8809125	5003497_G__1
21846	3497	3406.059075	5003357_R__2
21848	3498	4577.897925	5003357_G__3
22604	3499	1200.8128875	5003356_R__1
22606	3500	6309.9015	5003355_G__1
22332	3501	605.23545	5003352_R__1
22334	3502	3251.530875	5003352_G__1
22336	3503	1104.2327625	5003352_G__2
22612	3504	5598.4279125	5003351_R__2
12658	3505	3505.8585375	5300073_G__2
18080	3506	5247.520125	5003852_R__2
15754	3507	0.0	5300391_R__2
21852	3508	3950.1271125	5300234_R__1
21854	3509	1194.3742125	5300234_G__2
21856	3510	431.391225	5300234_G__4
21858	3511	1477.6759125	5300235_R__1
21860	3512	312.2757375	5300235_R__2
23734	3513	1075.258725	5300237_G__1
23756	3514	3389.9623875	5300230_R__1
23122	3515	12812.96325	5300232_R__1
23124	3516	8241.504	5300232_G__1
22646	3517	3068.0286375	5300233_G__3
22710	3518	177.0635625	5300238_R__1
22712	3519	2037.8406375	5300239_R__1
14510	3520	16.0966875	5003775_R__2
19310	3521	86.9221125	5003748_R__1
14512	3522	9429.4395375	5003777_G__1
20970	3523	267.2050125	5004074_R__1
20972	3524	1995.98925	5004074_G__2
19258	3525	10214.9578875	5004079_R__1
14516	3526	4565.020575	5003779_R__1
14518	3527	4700.23275	5003778_R__1
16822	3528	3917.9337375	5004192_R__1
13710	3529	9236.2792875	5300031_R__1
20996	3530	2594.786025	5004295_G__1
21342	3531	1835.022375	5004056_R__1
19278	3532	4217.332125	5003837_R__1
19280	3533	1268.418975	5003837_G__1
22078	3534	6548.132475	5003314_R__1
22080	3535	3888.9597	5003314_R__2
22082	3536	2024.9632875	5003314_G__3
22084	3537	2958.5711625	5003314_G__4
19910	3538	4877.2963125	5300322_R__2
18508	3539	8103.0724875	5003874_R__2
18510	3540	8344.5228	5003874_G__1
13890	3541	0.0	5300191_G__3
13892	3542	4761.4001625	5300191_G__4
13894	3543	2028.182625	5300190_R__5
13896	3544	4094.9973	5300192_G__2
22840	3545	1432.6051875	5300056_G__1
15146	3546	13472.9274375	5003559_R__1
16364	3547	1377.87645	5003650_R__1
16366	3548	9983.1655875	5003650_G__1
16376	3549	997.994625	5003659_R__1
16378	3550	6754.170075	5003388_R__3
16380	3551	6100.6445625	5003389_R__4
16382	3552	4268.841525	5003386_R__2
16384	3553	5649.9373125	5003387_R__1
16386	3554	3228.9955125	5003387_R__3
13916	3555	5189.57205	5300377_R__1
13918	3556	0.0	5300377_R__3
13920	3557	0.0	5300377_G__3
18858	3558	6889.38225	5003814_R__2
18860	3559	11724.827175	5003816_G__1
22978	3560	7707.093975	5003427_R__2
17548	3561	0.0	5003426_G__1
19646	3562	4613.3106375	5003506_R__2
19648	3563	1464.7985625	5003504_R__2
19650	3564	3808.4762625	5003505_G__4
19654	3565	5437.4610375	5003501_R__1
15202	3566	2813.700975	5004028_G__1
16234	3567	772.641	5004241_R__2
16236	3568	3872.8630125	5004241_G__1
14636	3569	894.975825	5300152_R__2
16056	3570	5463.2157375	5003677_G__2
16972	3571	1873.654425	5003618_G__1
16974	3572	3093.7833375	5003619_G__1
17452	3573	11998.4708625	5003612_G__1
20882	3574	13357.0312875	5003613_R__1
20884	3575	12854.8146375	5003613_G__1
17480	3576	3666.8254125	5003611_G__1
16980	3577	8041.905075	5003616_G__1
17490	3578	6509.500425	5003614_G__1
17494	3579	14071.7242125	5003615_G__1
14660	3580	602.0161125	5003982_G__1
21162	3581	1986.3312375	5300380_R__1
21164	3582	1010.871975	5300380_R__3
22170	3583	408.8558625	5300382_R__3
22172	3584	1854.3384	5300382_G__4
20338	3585	3241.8728625	5300383_R__4
19652	3586	1574.2560375	5003502_R__1
15874	3587	4526.388525	5003481_R__1
21170	3588	0.0	5300387_R__3
19656	3589	1590.352725	5003508_R__2
21186	3590	1261.9803	5003667_G__1
21188	3591	3418.936425	5003664_G__1
21190	3592	154.5282	5003911_R__1
21192	3593	8685.772575	5003911_G__1
21194	3594	2961.7905	5003661_R__1
21196	3595	2285.729625	5003661_R__2
21198	3596	5823.7815375	5003660_G__3
20420	3597	3811.6956	5004060_R__1
20422	3598	3180.70545	5004061_R__1
15878	3599	10668.884475	5004062_R__1
22602	3600	1928.3831625	5003605_G__3
23492	3601	12722.8218	5300330_G__2
17744	3602	177.0635625	5300244_R__1
13266	3603	3576.6839625	5003715_R__1
13268	3604	5791.5881625	5003715_R__2
20366	3605	6599.641875	5003663_R__2
18348	3606	1532.40465	5004119_G__2
13272	3607	1017.31065	5003710_R__2
18378	3608	0.0	5003935_R__1
15492	3609	7726.41	5003757_R__2
19734	3610	3103.44135	5004230_R__1
19736	3611	1474.456575	5004230_G__1
19738	3612	7597.6365	5004232_R__1
19740	3613	7127.613225	5004235_R__1
19742	3614	6641.4932625	5004235_G__1
19746	3615	4716.3294375	5004238_R__2
23816	3616	1403.63115	5300182_R__3
17666	3617	15230.6857125	5300068_R__1
19362	3618	5257.1781375	5300180_G__1
19032	3619	479.6812875	5300181_R__4
19034	3620	2041.059975	5300181_G__1
19036	3621	6441.8943375	5300181_G__3
19038	3622	4780.7161875	5300187_G__2
19040	3623	2694.5854875	5300184_R__2
19042	3624	3193.5828	5300184_G__1
19044	3625	0.0	5300185_G__1
17668	3626	10008.9202875	5300063_G__1
22298	3627	6316.340175	5300189_R__1
22300	3628	370.2238125	5300189_R__2
22302	3629	1406.8504875	5300189_G__3
17670	3630	1973.4538875	5300065_R__1
17672	3631	3531.6132375	5300064_G__1
17674	3632	1764.19695	5300067_R__4
21692	3633	2652.7341	5003623_G__1
23066	3634	5402.048325	5003622_R__1
21694	3635	3283.72425	5003621_R__1
21696	3636	0.0	5003627_G__2
21698	3637	151.3088625	5003625_G__3
22544	3638	1313.4897	5003624_G__1
16776	3639	2050.7179875	5003542_R__1
16778	3640	2527.1799375	5003540_R__2
20440	3641	4516.7305125	5003541_R__3
15398	3642	10231.054575	5300114_R__1
15400	3643	12832.279275	5300113_G__1
15402	3644	5695.0080375	5300112_R__1
19068	3645	846.6857625	5300361_G__2
16350	3646	196.3795875	5003876_G__1
17694	3647	15056.8414875	5004309_R__1
17696	3648	3641.0707125	5004309_G__3
17698	3649	11026.2309375	5004308_R__1
17700	3650	9783.5666625	5004308_G__1
17702	3651	106.2381375	5004307_R__1
14142	3652	1732.003575	5003287_R__1
19552	3653	12967.49145	5003538_R__1
19554	3654	1410.069825	5003538_G__2
19568	3655	2932.8164625	5003537_R__1
14146	3656	0.0	5003288_R__2
14148	3657	7375.5022125	5003288_G__2
14150	3658	4693.794075	5003534_R__2
14152	3659	12.87735	5003534_G__1
14154	3660	3705.4574625	5003533_R__1
14156	3661	12880.5693375	5003531_R__1
14158	3662	1175.0581875	5004084_R__2
14160	3663	177.0635625	5004082_R__2
14162	3664	7130.8325625	5004083_R__2
14164	3665	222.1342875	5004080_G__4
14166	3666	1609.66875	5004081_R__1
17540	3667	8218.9686375	5003429_R__1
17542	3668	1419.7278375	5003429_G__1
23324	3669	12838.71795	5004157_R__1
19086	3670	5952.5550375	5004158_R__1
17742	3671	8405.6902125	5300245_R__1
17746	3672	9107.5057875	5300246_G__1
17748	3673	2082.9113625	5300240_R__1
17750	3674	4655.162025	5300243_G__1
19694	3675	1484.1145875	5003753_G__1
14176	3676	4114.313325	5003752_R__1
14178	3677	428.1718875	5003752_G__3
19700	3678	4806.4708875	5003751_R__1
20478	3679	3763.4055375	5004012_G__2
19732	3680	1651.5201375	5003756_R__1
15756	3681	695.3769	5300390_R__1
15758	3682	3592.78065	5300390_R__3
15458	3683	837.02775	5003712_R__1
15460	3684	5981.529075	5003712_G__1
20480	3685	202.8182625	5004015_R__1
18562	3686	131.9928375	5003379_R__3
14328	3687	817.711725	5300178_G__2
19850	3688	12462.0554625	5003976_R__1
19852	3689	1545.282	5003976_G__1
19854	3690	4458.7824375	5003975_G__1
19856	3691	7233.8513625	5003974_R__1
19858	3692	0.0	5003972_G__2
19860	3693	8144.923875	5003970_R__2
19862	3694	4243.086825	5003970_G__4
14848	3695	12375.13335	5003571_R__1
13420	3696	0.0	5003479_R__1
13422	3697	12629.4610125	5003479_G__1
13426	3698	8305.89075	5003470_R__2
13428	3699	10717.1745375	5003470_G__1
13434	3700	7050.349125	5003476_R__1
13436	3701	15246.7824	5003476_G__1
13438	3702	3599.219325	5003477_G__1
13440	3703	4098.2166375	5003477_G__2
13442	3704	1055.9427	5003474_R__1
13444	3705	962.5819125	5003474_G__2
13446	3706	0.0	5003475_R__1
13448	3707	1197.59355	5003475_G__1
16044	3708	6824.9955	5003908_R__2
16046	3709	5743.2981	5003909_R__1
18460	3710	6271.26945	5300028_G__1
16054	3711	4806.4708875	5003902_R__3
18462	3712	7414.1342625	5300024_G__1
16276	3713	7237.0707	5300026_G__1
18468	3714	0.0	5300020_R__1
16058	3715	2643.0760875	5003904_G__3
13452	3716	1197.59355	5300356_G__3
21334	3717	6113.5219125	5003496_G__1
21338	3718	5508.2864625	5003498_G__1
14966	3719	7427.0116125	5300133_R__2
14862	3720	10157.0098125	5003798_R__2
14864	3721	4194.7967625	5003797_R__1
14866	3722	15021.428775	5003795_R__1
13700	3723	13460.0500875	5300038_G__1
18504	3724	228.5729625	5300289_R__1
18506	3725	1342.4637375	5300289_G__1
19912	3726	2839.455675	5300323_R__2
19914	3727	2668.8307875	5300320_G__2
19918	3728	4494.19515	5300324_R__1
23770	3729	2588.34735	5300325_R__2
21516	3730	4278.4995375	5003392_R__2
21518	3731	2388.748425	5003392_R__5
13708	3732	11917.987425	5300030_G__1
14970	3733	1245.8836125	5300138_G__1
18544	3734	4964.218425	5003702_G__2
13520	3735	959.362575	5004127_G__1
13914	3736	5047.9212	5300328_R__1
23834	3737	482.900625	5300183_R__7
18710	3738	0.0	5300347_R__1
18712	3739	4249.5255	5300347_G__1
23836	3740	1210.4709	5003331_R__4
23838	3741	3418.936425	5003333_R__2
23840	3742	2556.153975	5003332_R__3
14882	3743	7076.103825	5004228_R__1
14884	3744	2359.7743875	5004227_R__1
14886	3745	5231.4234375	5004227_G__2
14888	3746	1712.68755	5004224_R__1
14890	3747	383.1011625	5004220_G__1
20952	3748	0.0	5004073_R__1
20954	3749	4410.492375	5004073_R__4
20956	3750	1561.3786875	5004073_G__5
19218	3751	11364.261375	5004072_R__1
19220	3752	19.316025	5004072_R__2
14330	3753	8199.6526125	5300177_R__2
14332	3754	341.249775	5300172_G__2
14514	3755	6004.0644375	5003776_G__1
20962	3756	869.221125	5004076_R__2
20964	3757	0.0	5004076_R__4
20966	3758	0.0	5004076_R__5
20968	3759	2237.4395625	5004076_G__1
16642	3760	498.9973125	5003631_G__2
15462	3761	1847.899725	5003632_R__1
15464	3762	9677.328525	5003633_R__1
16644	3763	10089.403725	5003634_R__1
16646	3764	11718.3885	5003634_G__1
23892	3765	13930.0733625	5003636_R__1
16666	3766	2243.8782375	6100739_R__1
16668	3767	0.0	6100739_G__1
19262	3768	8563.43775	6100287_G__1
19264	3769	5917.142325	6100287_G__2
19266	3770	1854.3384	6000413_R__1
19268	3771	5585.5505625	6000413_G__1
19270	3772	5627.40195	6000410_R__1
19272	3773	354.127125	6000416_R__1
19274	3774	5086.55325	6000416_G__1
19844	3775	10581.9623625	6100431_R__1
19846	3776	7732.848675	6100431_G__1
16118	3777	363.7851375	6000052_R__1
16120	3778	0.0	6000053_G__1
20758	3779	32.193375	6100034_R__1
16122	3780	2070.0340125	6000056_R__1
16124	3781	2630.1987375	6000056_R__2
16126	3782	2507.8639125	6000056_G__1
20760	3783	16982.0053125	6100032_R__1
20762	3784	12330.062625	6100031_R__1
15502	3785	2359.7743875	6000484_G__1
15504	3786	4420.1503875	6000484_G__2
15506	3787	1757.758275	6000484_G__3
17936	3788	4767.8388375	6100328_G__1
12716	3789	10466.0662125	6000463_R__2
12718	3790	10701.07785	6000463_G__1
12720	3791	4020.9525375	6000462_R__1
12722	3792	7758.603375	6000462_R__2
12724	3793	3840.6696375	6000462_G__1
12726	3794	8695.4305875	6000461_G__2
12728	3795	4526.388525	6000460_R__1
12730	3796	3937.2497625	6000469_R__1
20060	3797	9.6580125	6000020_R__1
20062	3798	1036.626675	6000020_G__1
17234	3799	2968.229175	6100555_R__1
18680	3800	2066.814675	6100679_G__1
18682	3801	8540.9023875	6100678_R__1
18684	3802	10350.1700625	6100678_G__1
22868	3803	8074.09845	6000298_R__1
22418	3804	9873.7081125	6100252_G__1
16228	3805	9722.39925	6100250_R__1
16230	3806	8479.734975	6100250_G__1
23768	3807	5299.029525	6100254_G__1
16232	3808	1693.371525	6100259_R__1
14972	3809	6821.7761625	6100397_R__1
14974	3810	10965.063525	6100397_G__1
22046	3811	3058.370625	6000297_G__1
20144	3812	3953.34645	6100178_R__4
20146	3813	6445.113675	6100178_G__2
22468	3814	7996.83435	6100080_R__2
22470	3815	3032.615925	6100080_R__4
17288	3816	12336.5013	6100081_R__2
17290	3817	2272.852275	6100081_G__2
17292	3818	2894.1844125	6100081_G__3
22512	3819	614.8934625	6000148_R__1
22514	3820	1342.4637375	6000149_R__2
22516	3821	5849.5362375	6000149_G__2
20864	3822	1004.4333	6000065_G__1
20866	3823	4613.3106375	6000064_G__1
19400	3824	1155.7421625	6100458_R__1
19402	3825	4970.6571	6100458_R__2
19404	3826	193.16025	6100458_R__3
19406	3827	2826.578325	6100458_G__2
19408	3828	1233.0062625	6100458_G__3
19410	3829	3924.3724125	6100453_R__1
19412	3830	3264.408225	6100453_R__2
19414	3831	1004.4333	6100453_R__3
19416	3832	527.97135	6100453_G__1
19418	3833	3332.0143125	6100453_G__2
19420	3834	2729.9982	6100453_G__3
20872	3835	331.5917625	6000328_G__3
15726	3836	3724.7734875	6100680_G__1
15728	3837	7922.7895875	6100681_R__1
15730	3838	856.343775	6100681_G__1
22592	3839	6937.6723125	6000397_G__1
21850	3840	2794.38495	6100704_G__1
12964	3841	2391.9677625	6100331_G__1
19472	3842	4565.020575	6100630_R__1
17150	3843	7427.0116125	6100360_G__1
15776	3844	9200.866575	6100028_G__1
22072	3845	1065.6007125	6000100_G__1
18130	3846	4220.5514625	6000470_R__1
18132	3847	5875.2909375	6000470_G__1
18134	3848	4960.9990875	6000472_G__1
20974	3849	1863.9964125	5901397_R__2
20976	3850	344.4691125	5901395_R__1
20978	3851	985.117275	5901395_G__1
20980	3852	1088.136075	5901390_G__2
20982	3853	9027.02235	5901398_R__2
20984	3854	2604.4440375	5901398_G__1
20986	3855	379.881825	5901399_R__2
15100	3856	5302.2488625	6000035_R__1
15102	3857	13308.741225	6000036_R__1
13862	3858	7407.6955875	6100482_R__1
13864	3859	1667.616825	6100482_G__2
22760	3860	7562.2237875	6100568_R__1
22764	3861	3612.096675	6100561_G__1
22768	3862	6338.8755375	6100565_G__1
22770	3863	5472.87375	6100564_G__1
22772	3864	0.0	6100564_G__2
22074	3865	7301.45745	6100566_R__1
22076	3866	2701.0241625	6100566_G__2
15118	3867	8714.7466125	6000353_R__1
15120	3868	13414.9793625	6000353_G__1
13552	3869	8389.593525	6000352_G__1
15806	3870	8959.4162625	6000355_R__1
15808	3871	12278.553225	6000355_G__1
20302	3872	321.93375	6100410_R__1
20304	3873	2305.04565	6100410_G__1
20306	3874	518.3133375	6100413_R__1
22900	3875	679.2802125	6100412_G__1
16128	3876	482.900625	6000054_G__1
16362	3877	3753.747525	6000509_G__1
16368	3878	2140.8594375	6000504_G__1
16370	3879	1081.6974	6000505_R__5
16372	3880	4384.737675	6000507_G__1
16374	3881	1818.9256875	6000500_R__1
15916	3882	1957.3572	6100188_R__1
15918	3883	6045.915825	6100188_R__3
15920	3884	3831.011625	6100188_G__1
15152	3885	837.02775	6100180_G__1
16390	3886	6023.3804625	6100065_G__1
16392	3887	721.1316	6100067_R__2
16394	3888	2379.0904125	6100067_G__1
18862	3889	3167.8281	6100110_R__2
18864	3890	5064.0178875	6100110_G__1
19634	3891	3512.2972125	6000386_G__1
19636	3892	1751.3196	6000387_R__1
19638	3893	11605.7116875	6000385_R__2
15076	3894	3119.5380375	6000260_R__1
14646	3895	22.5353625	6100447_R__4
14648	3896	383.1011625	6100444_G__1
14650	3897	379.881825	6100444_G__2
16986	3898	849.9051	6100718_G__2
16602	3899	7887.376875	6000159_R__1
14670	3900	811.27305	6100626_R__4
14672	3901	1358.560425	6100627_G__1
19660	3902	12970.7107875	6100152_R__1
19662	3903	13823.835225	6100153_R__1
21200	3904	244.66965	6100010_R__1
21202	3905	3702.238125	6100010_R__2
19020	3906	7333.650825	6000225_R__4
19022	3907	9120.3831375	6000221_R__1
19024	3908	3084.125325	6000223_R__2
19026	3909	1863.9964125	6000223_R__3
12712	3910	1812.4870125	5901370_R__2
12714	3911	6503.06175	5901370_G__2
19722	3912	482.900625	5901371_G__1
19726	3913	2420.9418	5901373_G__2
15376	3914	5118.746625	6100408_G__1
16730	3915	2643.0760875	6100407_R__1
19366	3916	7829.4288	6100618_R__3
19368	3917	7880.9382	6100618_G__1
19046	3918	2089.3500375	6100613_R__2
19048	3919	5218.5460875	6100612_R__1
19050	3920	2797.6042875	6100612_R__3
19052	3921	1255.541625	6100612_G__1
15500	3922	2633.418075	6000485_G__1
19054	3923	1406.8504875	6100614_R__2
23452	3924	904.6338375	6100586_R__2
23454	3925	251.108325	6100585_R__1
23456	3926	1303.8316875	6100585_G__1
16488	3927	6982.7430375	6100276_G__1
16490	3928	3167.8281	6100273_G__2
20456	3929	759.76365	6100194_G__1
14126	3930	3930.8110875	6100291_G__1
23498	3931	11280.5586	6100359_G__1
23500	3932	12690.628425	6100357_G__1
14128	3933	1921.9444875	6000404_R__1
14130	3934	12.87735	6000404_R__2
14132	3935	2948.91315	6000404_G__1
14134	3936	3956.5657875	6000407_R__1
14136	3937	7169.4646125	6000407_G__1
14138	3938	489.3393	6000409_R__2
17704	3939	112.6768125	6100756_R__1
17706	3940	222.1342875	6100756_R__2
17708	3941	1564.598025	6100756_G__1
17710	3942	2768.63025	6100757_R__1
17712	3943	4201.2354375	6100754_G__2
14168	3944	2858.7717	6100121_G__1
21268	3945	5270.0554875	6000047_R__1
21274	3946	7005.2784	6000303_G__1
21276	3947	2298.606975	6000301_G__1
13372	3948	10018.5783	6000276_R__2
13374	3949	1818.9256875	6000272_R__1
13376	3950	3982.3204875	6000272_R__3
13378	3951	228.5729625	6000272_G__1
16078	3952	965.80125	6000273_G__1
14828	3953	1181.4968625	6000374_G__1
14830	3954	2701.0241625	6000373_R__1
14832	3955	837.02775	6000373_R__3
14834	3956	3248.3115375	6000373_G__2
19842	3957	10855.60605	6100432_G__1
19848	3958	5801.246175	6100434_G__3
13402	3959	122.334825	6100312_R__1
13404	3960	86.9221125	6100312_G__1
13406	3961	1419.7278375	6100311_R__1
19876	3962	5939.6776875	6100384_G__1
19882	3963	1142.8648125	6100381_G__2
19884	3964	5292.59085	6100383_G__1
19886	3965	10144.1324625	6100382_G__1
18782	3966	7146.92925	6100362_R__1
18784	3967	4497.4144875	6100362_G__1
18786	3968	946.485225	6100362_G__2
16060	3969	3357.7690125	6100009_R__2
15508	3970	6165.0313125	6000487_R__1
15510	3971	5807.68485	6000487_G__1
15512	3972	2247.097575	6000486_G__1
15514	3973	3740.870175	6000483_R__2
15516	3974	4394.3956875	6000483_R__3
18512	3975	12606.92565	6000458_R__1
18514	3976	1851.1190625	6000456_R__1
18516	3977	8998.0483125	6000456_R__2
18518	3978	8206.0912875	6000457_R__1
16600	3979	8981.951625	6000155_R__4
17580	3980	5852.755575	6000018_R__1
17582	3981	1921.9444875	6000018_G__1
17584	3982	12597.2676375	6000019_R__1
17586	3983	2243.8782375	6000019_G__1
15472	3984	7179.122625	6000016_R__1
15474	3985	1580.6947125	6000016_R__2
15476	3986	6119.9605875	6000016_G__1
15478	3987	125.5541625	6000017_R__1
15480	3988	7858.4028375	6000017_R__2
15482	3989	1348.9024125	6000017_G__1
15484	3990	3389.9623875	6000017_G__2
15486	3991	737.2282875	6000013_G__1
19958	3992	0.0	6000070_G__1
14314	3993	3763.4055375	6100465_R__2
15778	3994	2456.3545125	6100029_G__3
20518	3995	7597.6365	6100601_R__1
20520	3996	1477.6759125	6100601_R__2
20522	3997	4793.5935375	6100601_G__1
16638	3998	6895.820925	6100598_G__1
15518	3999	19.316025	6000482_G__1
23894	4000	1368.2184375	6000247_R__2
23896	4001	3280.5049125	6000247_R__4
23846	4002	3122.757375	6000245_R__3
23848	4003	3972.662475	6000245_G__1
23902	4004	5202.4494	6100502_R__2
23904	4005	86.9221125	6100502_G__2
23910	4006	573.042075	6100500_G__1
23912	4007	3750.5281875	6100500_G__2
23914	4008	1622.5461	6100500_G__4
21762	4009	2601.2247	6100263_R__1
21764	4010	6956.9883375	6100263_G__1
23930	4011	1477.6759125	6100260_G__1
23932	4012	5421.36435	6100260_G__2
24688	4013	1719.126225	6100264_R__1
13564	4014	2311.484325	5302476_G__3
12844	4015	1696.5908625	5303132_R__3
18038	4016	14557.844175	5302408_G__1
22222	4017	2894.1844125	5301959_G__1
13834	4018	2327.5810125	5302592_R__4
23380	4019	11000.4762375	5301950_G__1
17950	4020	901.4145	5302591_R__2
17218	4021	14792.8558125	5302377_R__1
16130	4022	7330.4314875	5302272_G__1
16132	4023	7478.5210125	5302273_G__2
16134	4024	4365.42165	5302276_G__1
16136	4025	10540.110975	5302275_G__1
18606	4026	4948.1217375	5302078_R__1
18608	4027	840.2470875	5302078_R__2
18610	4028	2314.7036625	5302078_R__3
18612	4029	489.3393	5302079_R__2
13608	4030	10449.969525	5303070_R__2
18616	4031	244.66965	5302075_R__1
18618	4032	6886.1629125	5302075_R__2
18620	4033	7987.1763375	5302076_R__2
18622	4034	6000.8451	5302076_R__3
18624	4035	3013.2999	5302076_G__5
18626	4036	6654.3706125	5302077_G__1
22006	4037	5311.906875	5303173_R__1
22008	4038	1744.880925	5303173_R__2
13610	4039	0.0	5302295_R__1
13612	4040	115.89615	5302295_G__1
13614	4041	3515.51655	5302296_R__1
13616	4042	5901.0456375	5302296_R__2
13620	4043	8032.2470625	5302298_G__1
13622	4044	12326.8432875	5302299_R__1
17226	4045	0.0	5302197_G__1
17230	4046	656.74485	5302195_G__4
20068	4047	35.4127125	5302753_R__2
20070	4048	6596.4225375	5302753_G__1
20072	4049	4832.2255875	5302753_G__2
20074	4050	808.0537125	5302752_G__2
20076	4051	6628.6159125	5302755_G__1
14634	4052	8003.273025	5302754_R__3
20078	4053	3695.79945	5302757_R__1
20080	4054	7665.2425875	5302757_R__3
14630	4055	15031.0867875	5302756_R__1
14632	4056	357.3464625	5302756_G__1
20086	4057	334.8111	5302759_R__1
20088	4058	5627.40195	5302759_R__2
20090	4059	3113.0993625	5302759_G__3
20092	4060	3924.3724125	5302759_G__4
20094	4061	1564.598025	5302203_G__1
20096	4062	164.1862125	5302202_R__1
20098	4063	4455.5631	5302202_G__2
18674	4064	8656.7985375	5302616_G__1
20102	4065	4400.8343625	5302200_R__1
17236	4066	3785.9409	5302992_R__1
17238	4067	2205.2461875	5302991_G__3
16188	4068	157.7475375	5302854_R__1
16190	4069	0.0	5302852_R__1
16192	4070	2276.0716125	5302852_G__1
16194	4071	2607.663375	5302852_G__2
23404	4072	888.53715	5302124_G__1
16202	4073	3908.275725	5302850_R__1
16204	4074	2144.078775	5302851_G__2
18382	4075	1522.7466375	5302460_R__1
15628	4076	3795.5989125	5302535_G__1
15630	4077	6644.7126	5302537_R__2
22026	4078	0.0	5302777_R__1
22028	4079	1451.9212125	5302777_R__3
22030	4080	5218.5460875	5302777_G__2
22032	4081	331.5917625	5302777_G__4
19588	4082	0.0	5302776_G__4
19594	4083	965.80125	5302774_R__1
22454	4084	3586.341975	5302030_R__1
19578	4085	3200.021475	5302031_R__1
12848	4086	4413.7117125	5303130_G__2
18040	4087	13588.8235875	5302402_R__1
18042	4088	1503.4306125	5302407_G__1
18044	4089	9851.17275	5302406_G__1
14408	4090	10961.8441875	5303039_R__2
14410	4091	3158.1700875	5303038_G__4
14422	4092	7668.461925	5303037_R__4
14424	4093	8998.0483125	5303034_R__3
17228	4094	2836.2363375	5302196_G__1
20860	4095	11895.4520625	5302241_G__1
20862	4096	1448.701875	5302718_R__1
12850	4097	7526.811075	5302085_R__1
12852	4098	6847.5308625	5302085_R__2
12854	4099	4317.1315875	5302084_R__1
12856	4100	7127.613225	5302084_G__2
12858	4101	173.844225	5302087_R__1
12860	4102	5247.520125	5302087_R__2
12862	4103	1967.0152125	5302087_R__3
12864	4104	9432.658875	5302087_G__2
12866	4105	11998.4708625	5302086_R__2
12878	4106	1474.456575	5302082_G__1
12880	4107	2095.7887125	5302089_R__2
12882	4108	4136.8486875	5302089_R__5
12884	4109	782.2990125	5302089_G__2
12886	4110	6580.32585	5302089_G__3
12888	4111	11493.034875	5302088_R__1
12890	4112	4336.4476125	5302088_G__3
21834	4113	608.4547875	5302490_R__1
21836	4114	9996.0429375	5302490_G__2
18738	4115	11097.0563625	5302717_R__1
18740	4116	0.0	5302717_G__1
15112	4117	189.9409125	5302745_G__3
12902	4118	2501.4252375	5302660_G__2
12904	4119	6589.9838625	5302663_R__1
12906	4120	4867.6383	5302663_R__3
12908	4121	0.0	5302662_G__2
12912	4122	0.0	5302667_R__1
12914	4123	2736.436875	5302667_G__1
12916	4124	3122.757375	5302667_G__2
12918	4125	1303.8316875	5302666_R__1
12920	4126	0.0	5302666_R__3
12922	4127	911.0725125	5302666_G__1
12924	4128	1535.6239875	5302666_G__2
12926	4129	6.438675	5302666_G__3
12928	4130	2836.2363375	5302666_G__4
12930	4131	2900.6230875	5302669_R__1
12932	4132	189.9409125	5302669_R__2
12934	4133	2610.8827125	5302669_G__1
12936	4134	4365.42165	5302668_G__2
12938	4135	0.0	5302887_R__2
12940	4136	4616.529975	5302887_G__1
14470	4137	4249.5255	5302928_R__1
14472	4138	5608.085925	5302928_G__2
14474	4139	4378.299	5302929_R__1
22104	4140	8399.2515375	5303088_G__1
22106	4141	1133.2068	5303089_R__1
22108	4142	3744.0895125	5303089_R__2
22110	4143	241.4503125	5303089_G__1
12868	4144	5463.2157375	5302081_R__1
12870	4145	2881.3070625	5302080_R__1
12872	4146	1806.0483375	5302080_R__4
12874	4147	1355.3410875	5302080_G__4
12876	4148	8492.612325	5302083_R__1
21830	4149	8064.4404375	5302499_R__1
21832	4150	10131.2551125	5302499_G__2
20240	4151	6805.679475	5302566_R__1
20242	4152	10208.5192125	5302567_R__1
20244	4153	9332.8594125	5302567_G__4
20246	4154	11286.997275	5302565_R__2
20248	4155	9851.17275	5302562_R__3
20250	4156	2153.7367875	5302563_R__3
20252	4157	6673.6866375	5302560_G__1
20254	4158	7851.9641625	5302561_G__1
20256	4159	7259.6060625	5302569_R__1
22788	4160	5534.0411625	5302988_R__1
17938	4161	8103.0724875	5302049_R__1
18796	4162	441.0492375	5303065_R__2
18798	4163	2346.8970375	5303065_G__5
18800	4164	160.966875	5303065_G__6
18804	4165	4767.8388375	5303067_R__3
18806	4166	3827.7922875	5303067_G__4
18808	4167	9416.5621875	5303063_R__2
17948	4168	2675.2694625	5302593_R__2
15420	4169	2205.2461875	5302040_R__1
13836	4170	11061.64365	5302043_R__1
17958	4171	7954.9829625	5302045_R__1
13840	4172	9696.64455	5302044_R__1
22264	4173	9941.3142	5303174_R__1
22492	4174	4104.6553125	5302182_G__1
15104	4175	5266.83615	5302748_R__1
15106	4176	4793.5935375	5302748_R__2
15108	4177	2569.031325	5302748_G__2
15110	4178	386.3205	5302749_R__1
22766	4179	2024.9632875	5302437_G__2
18384	4180	582.7000875	5302464_G__2
22774	4181	11383.5774	5302987_R__1
23766	4182	9191.2085625	5302344_G__1
22780	4183	592.3581	5302982_R__2
21630	4184	901.4145	5302821_R__1
22284	4185	0.0	5302827_R__1
22286	4186	7504.2757125	5302827_G__1
22794	4187	12349.37865	5302825_G__1
16352	4188	3676.483425	5302131_G__2
16354	4189	8862.8361375	5302130_R__1
18802	4190	7011.717075	5303066_R__4
16356	4191	1165.400175	5302138_G__1
19576	4192	392.759175	5302528_G__1
21008	4193	527.97135	5302529_G__1
21018	4194	640.6481625	5302522_R__1
19790	4195	1274.85765	5302548_G__1
21020	4196	193.16025	5302520_R__1
21022	4197	2166.6141375	5302520_R__2
21024	4198	1767.4162875	5302520_R__4
21026	4199	103.0188	5302520_G__1
21028	4200	3074.4673125	5302520_G__3
19584	4201	0.0	5302527_G__1
21042	4202	5656.3759875	5302525_R__2
21044	4203	0.0	5302525_R__4
21046	4204	724.3509375	5302525_G__1
15298	4205	2482.1092125	5302517_G__1
15300	4206	453.9265875	5302517_G__2
18794	4207	534.410025	5303064_G__2
13106	4208	347.68845	5302416_R__1
13108	4209	12111.147675	5302416_G__1
13110	4210	0.0	5302415_R__1
13112	4211	4703.4520875	5302415_G__1
22926	4212	5125.1853	5302798_G__1
13114	4213	676.060875	5302410_R__1
22930	4214	1078.4780625	5302795_R__2
22932	4215	222.1342875	5302795_G__5
22934	4216	1422.947175	5302791_R__2
22936	4217	283.3017	5302791_G__1
22938	4218	595.5774375	5302791_G__4
22940	4219	25.7547	5302790_R__1
22942	4220	334.8111	5302790_G__2
15306	4221	5379.5129625	5302518_G__3
14590	4222	489.3393	5302009_R__1
21962	4223	11631.4663875	5302005_G__1
22954	4224	4490.9758125	5302554_R__1
14598	4225	5788.368825	5302001_R__4
22962	4226	12294.6499125	5302551_G__1
13932	4227	4159.38405	5302665_R__1
13934	4228	3715.115475	5302665_R__2
21096	4229	10656.007125	5302385_G__1
21098	4230	14709.1530375	5302383_R__1
21100	4231	1101.013425	5302383_G__2
21844	4232	914.29185	5302141_G__3
19570	4233	4510.2918375	5301978_R__1
19572	4234	1136.4261375	5301979_R__1
21112	4235	1934.8218375	5301878_R__2
19574	4236	6338.8755375	5302199_G__1
19956	4237	1905.8478	5302256_R__2
21116	4238	5035.04385	5301873_R__2
21118	4239	424.95255	5301875_G__1
18250	4240	5199.2300625	5302090_R__3
18252	4241	1406.8504875	5302091_R__1
18254	4242	2227.78155	5302091_G__4
16946	4243	183.5022375	5302316_G__1
19824	4244	1815.70635	5301899_R__1
19586	4245	3895.398375	5302953_R__1
19590	4246	173.844225	5302775_R__1
19592	4247	1876.8737625	5302775_G__2
18256	4248	5096.2112625	5302899_G__3
19596	4249	10192.422525	5302957_R__1
19598	4250	2717.12085	5302957_R__2
19600	4251	4832.2255875	5302957_G__1
19602	4252	0.0	5302956_R__1
19604	4253	6457.991025	5302956_R__2
19606	4254	302.617725	5302956_G__1
19608	4255	12140.1217125	5302955_R__1
18266	4256	4040.2685625	5302893_R__1
18272	4257	608.4547875	5302897_R__2
18274	4258	2269.6329375	5302895_R__2
19632	4259	11126.0304	5303068_R__2
20100	4260	38.63205	5302201_G__1
14638	4261	3206.46015	5302758_R__2
13988	4262	3905.0563875	5302459_R__1
15302	4263	8254.38135	5302516_R__1
15304	4264	9.6580125	5302519_R__1
18856	4265	328.372425	5302451_R__1
22586	4266	318.7144125	5303085_R__1
16606	4267	1458.3598875	5302487_R__1
16608	4268	8170.678575	5302338_R__1
15490	4269	4362.2023125	5302720_R__2
18954	4270	2948.91315	5302053_G__1
23258	4271	6219.76005	5302355_G__1
17622	4272	22.5353625	5302354_R__1
17624	4273	8788.791375	5302354_G__1
17628	4274	5733.6400875	5302351_R__1
23266	4275	10243.931925	5302352_G__1
18956	4276	6882.943575	5302589_R__2
18958	4277	1155.7421625	5302589_G__4
18960	4278	1152.522825	5302589_G__5
18994	4279	866.0017875	5302585_R__3
23286	4280	10469.28555	5303116_G__1
23288	4281	6374.28825	5303117_R__1
23290	4282	16775.9677125	5303117_G__1
14050	4283	8544.121725	5302901_R__2
14052	4284	2008.8666	5302901_G__1
14054	4285	1017.31065	5302902_R__8
14056	4286	476.46195	5302902_R__5
14058	4287	4127.190675	5302902_G__1
14062	4288	6544.9131375	5301909_R__1
19148	4289	7671.6812625	5301908_R__1
19150	4290	6828.2148375	5301908_G__1
14066	4291	0.0	5301900_G__1
14068	4292	4957.77975	5301903_R__1
14070	4293	10353.3894	5301905_R__1
14072	4294	7887.376875	5301905_G__1
14074	4295	10343.7313875	5301907_R__1
14076	4296	8814.546075	5301907_G__1
14078	4297	3148.512075	5301906_R__1
14080	4298	1101.013425	5301906_R__3
14082	4299	3525.1745625	5301906_G__1
14084	4300	1326.36705	5301906_G__3
20418	4301	6470.868375	5302228_G__1
23360	4302	3808.4762625	5302227_G__2
23412	4303	180.2829	5302129_G__1
17652	4304	7729.6293375	5301994_R__1
17654	4305	11773.1172375	5301994_G__1
22338	4306	8647.140525	5302125_G__1
17660	4307	2202.02685	5301992_G__2
17662	4308	6429.0169875	5301993_R__1
17626	4309	724.3509375	5302356_G__1
23268	4310	1806.0483375	5303118_R__1
23464	4311	6361.4109	5303119_R__1
22944	4312	0.0	5302793_R__3
17072	4313	981.8979375	5302789_G__2
17074	4314	1709.4682125	5302789_G__4
14784	4315	4458.7824375	5303015_R__1
23282	4316	10253.5899375	5303113_R__2
13080	4317	1825.3643625	5303011_R__1
19792	4318	11032.6696125	5302549_G__1
19794	4319	9915.5595	5302012_R__1
23284	4320	7568.6624625	5303114_R__1
19796	4321	10639.9104375	5302546_R__1
19798	4322	8801.668725	5302547_G__1
12846	4323	4706.671425	5303133_R__2
19800	4324	769.4216625	5302017_R__2
13606	4325	5563.0152	5303072_G__2
14594	4326	10569.0850125	5302006_R__1
14596	4327	5453.557725	5302006_G__1
22956	4328	10443.53085	5302553_R__1
22958	4329	0.0	5302553_R__2
22960	4330	1455.14055	5302553_G__1
16008	4331	7027.8137625	5301866_G__2
16010	4332	9365.0527875	5301867_R__2
14800	4333	7604.075175	5301949_R__1
14600	4334	7314.3348	5302003_R__1
14602	4335	4362.2023125	5302003_G__1
14802	4336	991.55595	5301947_G__2
23604	4337	2156.956125	5302167_G__3
14812	4338	3116.3187	5302760_R__1
14814	4339	2800.823625	5302760_G__1
14818	4340	5579.1118875	5302762_R__3
14820	4341	5775.491475	5302762_G__1
13408	4342	2649.5147625	5301893_R__1
13410	4343	128.7735	5301893_G__1
14690	4344	51.5094	5301892_G__1
14728	4345	231.7923	5301897_R__1
14730	4346	1873.654425	5301897_G__1
23634	4347	2337.239025	5302845_G__2
23636	4348	0.0	5302845_G__3
21290	4349	4519.94985	5302847_G__2
23640	4350	199.598925	5302846_R__2
23642	4351	3901.83705	5302846_G__2
23644	4352	894.975825	5302846_G__3
21292	4353	2755.7529	5302848_R__1
21294	4354	0.0	5302848_R__3
16038	4355	57.948075	5302117_R__2
13842	4356	6251.953425	5302046_R__1
16040	4357	5775.491475	5302119_G__4
14816	4358	11541.3249375	5302761_R__2
20524	4359	9857.611425	5302506_R__1
20526	4360	8151.36255	5302506_G__2
20528	4361	2643.0760875	5302507_G__2
20530	4362	7475.301675	5302507_G__3
17868	4363	608.4547875	5303125_R__3
17870	4364	3206.46015	5303124_R__1
17872	4365	1451.9212125	5303127_G__2
22762	4366	5469.6544125	5302341_G__2
17874	4367	5910.70365	5303129_R__1
17876	4368	3579.9033	5303129_G__2
22786	4369	7072.8844875	5302345_G__1
19174	4370	2224.5622125	5303046_R__2
20312	4371	1957.3572	5303045_G__1
19180	4372	5685.350025	5303043_G__2
19182	4373	10440.3115125	5303041_R__2
19184	4374	1413.2891625	5302930_G__1
19186	4375	2449.9158375	5302930_G__4
19188	4376	0.0	5301916_R__2
19190	4377	7349.7475125	5301916_G__1
19192	4378	8363.838825	5301917_R__3
19194	4379	5495.4091125	5301917_G__1
19196	4380	2411.2837875	5301917_G__2
19198	4381	7143.7099125	5301912_R__1
19200	4382	4584.3366	5301912_G__1
19202	4383	1252.3222875	5301913_G__1
19204	4384	2501.4252375	5301913_G__2
19206	4385	573.042075	5301910_R__2
19208	4386	6644.7126	5301911_R__1
19210	4387	5785.1494875	5301911_G__1
15468	4388	5035.04385	5302234_G__1
15470	4389	10456.4082	5302235_R__3
15488	4390	12149.779725	5302239_G__1
15312	4391	11068.082325	5302339_R__1
15314	4392	2746.0948875	5302339_G__4
15316	4393	2272.852275	5302486_R__2
12910	4394	6396.8236125	5302888_R__1
16610	4395	2211.6848625	5302336_R__2
17630	4396	3689.360775	5302727_G__1
16196	4397	7526.811075	5302853_R__1
16198	4398	801.6150375	5302853_G__2
16200	4399	10565.865675	5302853_G__3
23832	4400	2041.059975	5302803_G__2
16042	4401	4626.1879875	5302118_G__2
17902	4402	2910.2811	5302655_G__2
17904	4403	4867.6383	5302656_R__1
22146	4404	8344.5228	5302657_R__1
17908	4405	14322.8325375	5302652_R__1
16622	4406	553.72605	5302153_R__1
16624	4407	1439.0438625	5302153_R__2
16626	4408	1706.248875	5302153_G__1
16628	4409	10272.9059625	5302152_R__1
17240	4410	13015.7815125	5302990_R__2
16656	4411	1400.4118125	5800786_G__5
16664	4412	3637.851375	5800839_R__1
15526	4413	8775.914025	5800939_R__1
12662	4414	4098.2166375	5801069_R__1
12664	4415	969.0205875	5801069_R__2
12666	4416	4829.00625	5801069_R__3
12668	4417	2346.8970375	5801069_G__1
12670	4418	1603.230075	5801069_G__2
12672	4419	8296.2327375	5801068_R__1
12674	4420	531.1906875	5801068_G__2
12676	4421	6557.7904875	5801062_R__1
12678	4422	9268.4726625	5801062_G__1
12680	4423	6609.2998875	5801061_R__1
12682	4424	8988.3903	5801061_R__2
12684	4425	8614.94715	5801060_G__1
23064	4426	3402.8397375	5801883_G__1
19304	4427	4835.444925	5800943_G__1
19306	4428	10214.9578875	5800941_R__1
19308	4429	15398.0912625	5800940_R__1
17952	4430	2285.729625	5801461_R__1
16678	4431	5279.7135	5801789_G__4
17954	4432	772.641	5801466_R__2
17956	4433	6931.2336375	5801466_G__1
16682	4434	1516.3079625	5801783_R__1
16684	4435	8988.3903	5801783_G__1
16686	4436	1944.47985	5801786_R__1
16688	4437	4700.23275	5801787_G__1
16690	4438	2366.2130625	5801784_R__1
16692	4439	6297.02415	5801785_G__1
14368	4440	2910.2811	5801946_R__3
12732	4441	10965.063525	5801603_G__1
12734	4442	0.0	5801602_R__1
12736	4443	14676.9596625	5801602_R__2
12738	4444	10095.8424	5801601_R__1
12740	4445	2562.59265	5801601_R__3
12742	4446	3438.25245	5801601_G__2
12744	4447	1606.4494125	5801601_G__3
12746	4448	4565.020575	5801601_G__4
12748	4449	2778.2882625	5801606_R__2
12750	4450	11889.0133875	5801604_R__1
12752	4451	2704.2435	5801604_G__1
21802	4452	4104.6553125	5801306_R__1
21804	4453	2057.1566625	5801305_R__2
20784	4454	1484.1145875	5801268_G__1
19508	4455	28.9740375	5801758_R__1
20786	4456	2823.3589875	5801266_R__2
22306	4457	6969.8656875	5801308_R__2
22308	4458	5431.0223625	5801309_R__1
15606	4459	3502.6392	5801117_R__1
15608	4460	2784.7269375	5801117_R__3
15610	4461	241.4503125	5801117_R__4
17982	4462	341.249775	5801289_R__1
22360	4463	8956.196925	5801166_R__1
23712	4464	10865.2640625	5801167_G__3
21816	4465	8856.3974625	5801164_R__1
22366	4466	9255.5953125	5801168_G__2
15004	4467	61.1674125	5801729_R__1
15006	4468	8663.2372125	5801721_G__2
15010	4469	7220.9740125	5801725_G__1
21522	4470	370.2238125	5800867_G__3
20148	4471	3151.7314125	5801508_R__1
20150	4472	344.4691125	5801508_G__2
16252	4473	766.202325	5801339_G__1
16254	4474	180.2829	5801338_G__1
15008	4475	4275.2802	5801722_R__1
16256	4476	14165.085	5801332_G__1
16258	4477	0.0	5801330_R__1
13738	4478	2443.4771625	5801023_R__1
13740	4479	4941.6830625	5801023_G__1
17338	4480	13508.34015	5801021_R__2
17340	4481	8737.281975	5801021_G__1
16262	4482	2305.04565	5800688_R__1
16264	4483	5714.3240625	5800689_G__1
13744	4484	11396.45475	5801025_G__1
13746	4485	3927.59175	5801024_G__1
13748	4486	3332.0143125	5801028_G__2
18742	4487	312.2757375	5801938_R__1
18744	4488	196.3795875	5801938_G__1
18746	4489	2105.446725	5801938_G__2
18748	4490	3335.23365	5801935_R__1
18750	4491	4323.5702625	5801934_R__2
18752	4492	2237.4395625	5801937_G__1
18754	4493	273.6436875	5801936_G__1
18756	4494	3798.81825	5801936_G__3
21576	4495	2111.8854	5801804_R__2
21578	4496	11274.119925	5801804_G__1
21580	4497	3779.502225	5801807_R__4
21582	4498	5086.55325	5801807_G__3
21584	4499	3586.341975	5801801_R__2
21586	4500	618.1128	5801809_R__1
21588	4501	4001.6365125	5801808_R__1
21590	4502	6284.1468	5801808_G__1
21592	4503	0.0	5801808_G__2
17752	4504	1983.1119	5801678_R__1
13742	4505	1039.8460125	5801027_R__2
22642	4506	51.5094	5800822_R__1
22644	4507	4944.9024	5800823_R__1
22650	4508	80.4834375	5800798_G__2
16674	4509	2723.559525	5801788_R__1
16676	4510	9583.9677375	5801788_G__1
22520	4511	15153.4216125	5801340_R__1
22522	4512	3563.8066125	5801341_R__1
22056	4513	8331.64545	5801430_G__1
22524	4514	4725.98745	5801431_G__1
17220	4515	5321.5648875	5800707_R__1
18104	4516	3888.9597	5801075_R__1
18106	4517	1464.7985625	5801075_R__3
18108	4518	11299.874625	5801076_R__1
18110	4519	6657.58995	5801077_R__2
18112	4520	6380.726925	5801071_R__1
18114	4521	48.2900625	5801072_R__1
18116	4522	3576.6839625	5801072_G__1
18118	4523	1226.5675875	5801072_G__2
18120	4524	7259.6060625	5801073_R__1
18122	4525	2440.257825	5801073_R__2
18124	4526	6390.3849375	5801073_G__3
14520	4527	11270.9005875	5801579_R__1
14522	4528	447.4879125	5801579_G__1
14524	4529	7765.04205	5801578_G__1
14526	4530	3016.5192375	5801571_G__1
22732	4531	672.8415375	5801576_R__2
19498	4532	115.89615	5801751_G__1
19500	4533	3808.4762625	5801751_G__2
19502	4534	2948.91315	5801750_R__1
19504	4535	3071.247975	5801750_R__2
19506	4536	77.2641	5801750_G__1
14540	4537	9519.5809875	5801683_G__2
14542	4538	11863.2586875	5801681_R__1
14544	4539	1583.91405	5801685_R__1
14546	4540	817.711725	5801684_R__1
14548	4541	11293.43595	5801684_G__1
19312	4542	2485.32855	5801540_R__2
19314	4543	222.1342875	5801540_G__2
22518	4544	2362.993725	5801438_R__1
20998	4545	8489.3929875	5800671_R__1
22756	4546	566.6034	5801375_R__2
21000	4547	14319.6132	5800672_R__1
14366	4548	5344.10025	5801942_R__1
13046	4549	2327.5810125	5801299_R__1
21972	4550	0.0	5800802_R__2
14370	4551	1995.98925	5801948_R__1
14372	4552	656.74485	5801948_R__3
17450	4553	5443.8997125	5800760_G__1
15816	4554	3164.6087625	5801854_R__1
15818	4555	5453.557725	5801855_R__1
15820	4556	5173.4753625	5801852_R__1
15822	4557	2948.91315	5801853_R__1
15148	4558	9902.68215	5800914_R__1
15150	4559	5798.0268375	5800916_G__1
15156	4560	1043.06535	5801539_R__2
15158	4561	1696.5908625	5801539_R__3
15160	4562	2382.30975	5801539_R__4
15162	4563	5862.4135875	5801535_R__1
15164	4564	630.99015	5801534_R__1
15166	4565	6602.8612125	5801534_R__2
15168	4566	2279.29095	5801537_R__2
15170	4567	3412.49775	5801537_R__4
15172	4568	1381.0957875	5801537_G__1
15174	4569	3319.1369625	5801536_R__1
15176	4570	1088.136075	5801536_G__1
22054	4571	3982.3204875	5801437_R__1
22986	4572	1725.5649	5801324_G__1
22988	4573	6274.4887875	5801325_R__2
22990	4574	270.42435	5801326_G__2
22992	4575	2391.9677625	5801089_G__2
22994	4576	6899.0402625	5801321_G__2
17556	4577	4796.812875	5801409_R__2
17558	4578	11760.2398875	5801407_R__2
17560	4579	6750.9507375	5801406_R__1
16816	4580	775.8603375	5800928_G__1
15208	4581	2594.786025	5801390_R__1
15210	4582	96.580125	5801390_G__1
15212	4583	5080.114575	5801390_G__2
15214	4584	3087.3446625	5801393_R__2
15216	4585	444.268575	5801393_G__1
15218	4586	4490.9758125	5801394_R__1
15220	4587	2781.5076	5801397_G__2
20358	4588	7665.2425875	5801242_R__1
20360	4589	3521.955225	5801242_G__1
20362	4590	6596.4225375	5801719_G__1
20364	4591	1001.2139625	5801718_G__3
16416	4592	1014.0913125	5801813_G__1
16418	4593	4297.8155625	5801814_R__2
16420	4594	6110.302575	5801814_G__1
18374	4595	5414.925675	5800814_R__2
18376	4596	1393.9731375	5800814_G__2
18412	4597	4619.7493125	5800812_R__4
20384	4598	199.598925	5801866_R__2
20388	4599	3203.2408125	5801868_R__1
13206	4600	173.844225	5800718_R__3
15260	4601	231.7923	5800716_G__1
22130	4602	13134.897	5800968_R__1
23556	4603	5337.661575	5801412_G__1
19664	4604	6496.623075	5800965_R__1
19666	4605	7533.24975	5801567_G__1
18952	4606	8357.40015	5801424_G__1
19668	4607	1606.4494125	5801560_R__2
18324	4608	9847.9534125	5801445_R__1
18326	4609	418.513875	5801447_G__4
18328	4610	9828.6373875	5801446_R__2
18330	4611	1609.66875	5801441_R__1
18332	4612	4700.23275	5801441_G__1
18334	4613	7465.6436625	5801443_G__4
18336	4614	3740.870175	5801442_G__1
21382	4615	6097.425225	5800691_R__2
18552	4616	12220.60515	5801059_G__1
14702	4617	67.6060875	5801748_G__1
14704	4618	99.7994625	5801749_R__1
14706	4619	8019.3697125	5801217_G__1
23302	4620	10736.4905625	5801741_G__1
19686	4621	734.00895	5801690_R__1
19688	4622	2008.8666	5801690_R__2
19692	4623	2527.1799375	5801694_G__1
23764	4624	7662.02325	5801361_G__1
21932	4625	196.3795875	5801362_G__1
21934	4626	7266.0447375	5801362_G__2
21936	4627	2646.295425	5801363_R__1
21938	4628	5794.8075	5801363_G__1
23720	4629	1577.475375	5801364_R__2
23722	4630	2617.3213875	5801364_G__1
23724	4631	1410.069825	5801364_G__3
15926	4632	12098.270325	5800667_R__1
23054	4633	5192.7913875	5801366_R__1
23056	4634	1950.918525	5801366_R__2
23058	4635	6271.26945	5801366_G__2
23352	4636	6113.5219125	5801367_G__1
23354	4637	669.6222	5801367_G__4
21940	4638	45.070725	5801368_R__1
21942	4639	6796.0214625	5801368_R__2
21944	4640	7880.9382	5801369_R__1
21946	4641	5695.0080375	5801369_G__2
15930	4642	9921.998175	5800668_R__1
15932	4643	2755.7529	5800668_R__2
16266	4644	0.0	5800687_R__2
16268	4645	2127.9820875	5800687_G__1
18356	4646	7211.316	5801915_G__1
18358	4647	9732.0572625	5801914_R__1
18360	4648	3866.4243375	5801911_R__1
18362	4649	1999.2085875	5801910_R__1
19950	4650	254.3276625	5801223_R__1
13296	4651	135.212175	5801620_G__2
13298	4652	4255.964175	5801623_R__1
23414	4653	6541.6938	5801184_G__4
23416	4654	11454.402825	5801185_R__2
23418	4655	2768.63025	5801186_G__3
23420	4656	4037.049225	5801187_R__2
23422	4657	4606.8719625	5801187_G__3
23424	4658	466.8039375	5801183_G__1
19952	4659	3299.8209375	5801222_R__1
21246	4660	5791.5881625	5801828_R__1
21248	4661	5202.4494	5801828_G__2
21252	4662	7530.0304125	5801827_R__1
21254	4663	1493.7726	5801827_R__2
17754	4664	1055.9427	5801677_R__1
17756	4665	3338.4529875	5801677_G__1
23496	4666	4870.8576375	5800842_R__1
21700	4667	1323.1477125	5800843_R__1
20458	4668	4056.36525	5800924_R__1
20460	4669	0.0	5800924_G__2
20462	4670	6689.783325	5800927_R__1
13554	4671	8998.0483125	5800926_R__2
20464	4672	3718.3348125	5800923_G__1
17168	4673	7533.24975	5801426_G__1
17714	4674	1899.409125	5800729_R__1
17716	4675	267.2050125	5800729_R__2
17718	4676	1838.2417125	5800729_G__2
17720	4677	6657.58995	5801090_R__1
17722	4678	263.985675	5801090_R__3
17724	4679	1043.06535	5801090_G__2
17726	4680	1934.8218375	5801090_G__4
17728	4681	595.5774375	5801090_G__5
17736	4682	956.1432375	5801094_R__5
16522	4683	2775.068925	5801313_R__2
16524	4684	10195.6418625	5801312_R__1
16526	4685	1059.1620375	5801312_R__2
16528	4686	8582.753775	5801312_G__1
23554	4687	80.4834375	5801414_R__1
23558	4688	2694.5854875	5801410_R__2
23262	4689	0.0	5801411_R__1
23264	4690	4519.94985	5801411_R__2
23562	4691	12635.8996875	5801790_G__1
14170	4692	8795.23005	5801559_R__1
14172	4693	2102.2273875	5801558_G__1
14174	4694	10031.45565	5801557_R__1
14180	4695	154.5282	5801555_R__1
19092	4696	4668.039375	5801952_G__1
19094	4697	10392.02145	5801952_G__2
19096	4698	9815.7600375	5801951_R__1
19098	4699	2224.5622125	5801951_R__2
19100	4700	9535.677675	5801957_G__1
19102	4701	7079.3231625	5801956_R__2
19104	4702	2813.700975	5801956_G__1
19106	4703	2733.2175375	5801956_G__2
19108	4704	9841.5147375	5801955_R__1
19770	4705	7295.018775	5801954_R__1
20482	4706	1435.824525	5801389_R__1
20484	4707	1596.7914	5801386_G__1
20486	4708	57.948075	5801387_R__2
16568	4709	1532.40465	5801175_R__1
16572	4710	14329.2712125	5801176_R__1
23508	4711	3715.115475	5800778_G__1
23510	4712	1789.95165	5800778_G__2
23512	4713	2066.814675	5800778_G__3
22280	4714	7156.5872625	5800779_R__1
22282	4715	3328.794975	5800779_R__3
18666	4716	1107.4521	5800774_R__5
18668	4717	0.0	5800774_R__6
18670	4718	13534.09485	5800774_G__1
21974	4719	9.6580125	5800775_R__1
21976	4720	3885.7403625	5800775_G__1
21978	4721	7369.0635375	5800777_R__1
21980	4722	5006.0698125	5800777_G__1
19690	4723	1513.088625	5801693_G__1
17808	4724	6020.161125	5802016_R__1
17812	4725	5080.114575	5802015_G__1
17814	4726	13460.0500875	5802014_R__1
17816	4727	12462.0554625	5802014_G__1
17818	4728	2713.9015125	5802014_G__2
15432	4729	5331.2229	5801875_G__1
15434	4730	5904.264975	5801876_G__1
18470	4731	2292.1683	5801580_R__1
18472	4732	782.2990125	5801580_G__1
18474	4733	1274.85765	5801580_G__2
18476	4734	1735.2229125	5801581_G__1
18478	4735	672.8415375	5801582_R__1
18480	4736	2221.342875	5801583_R__1
18482	4737	99.7994625	5801583_G__1
18484	4738	3264.408225	5801585_G__1
18486	4739	2955.351825	5801585_G__2
18488	4740	7787.5774125	5801587_R__1
18490	4741	1274.85765	5801587_G__1
14856	4742	11895.4520625	5801513_R__1
13482	4743	1265.1996375	5801459_R__2
14858	4744	8280.13605	5801515_R__2
14860	4745	6.438675	5801515_G__2
13484	4746	7459.2049875	5801456_R__1
23822	4747	3499.4198625	5801365_R__1
19942	4748	8550.5604	5801739_G__1
19944	4749	2778.2882625	5801738_G__1
19946	4750	563.3840625	5801732_R__1
19948	4751	0.0	5801732_G__1
13936	4752	1841.46105	5801731_R__1
13938	4753	0.0	5801731_G__2
13940	4754	1113.890775	5801730_R__1
13942	4755	96.580125	5801730_G__1
13944	4756	2253.53625	5801730_G__2
19954	4757	273.6436875	5801227_R__6
13948	4758	0.0	5801734_G__3
18530	4759	12146.5603875	5800989_G__1
18532	4760	453.9265875	5800987_R__1
18534	4761	0.0	5801057_R__2
18536	4762	10272.9059625	5801057_G__1
18538	4763	3293.3822625	5801057_G__2
18540	4764	534.410025	5801054_G__1
18542	4765	10334.073375	5801054_G__2
17166	4766	9081.7510875	5801429_G__1
18948	4767	6303.462825	5801425_R__1
18950	4768	2755.7529	5801425_R__2
21380	4769	8618.1664875	5800692_R__2
18546	4770	6577.1065125	5801058_R__1
18548	4771	5563.0152	5801058_R__2
18550	4772	5740.0787625	5801058_G__1
21384	4773	11779.5559125	5800690_R__1
21386	4774	1818.9256875	5801125_G__1
21372	4775	904.6338375	5800695_G__1
21374	4776	7517.1530625	5800695_G__2
21388	4777	3319.1369625	5801120_G__2
21376	4778	11206.5138375	5800694_R__1
21378	4779	621.3321375	5800694_G__1
18558	4780	7620.1718625	5801637_R__1
18560	4781	4999.6311375	5801638_R__1
21742	4782	9339.2980875	5801830_R__1
21744	4783	12027.4449	5801830_G__1
21746	4784	5537.2605	5801833_G__1
21748	4785	15530.0841	5801835_R__2
21750	4786	12774.3312	5801835_G__1
21752	4787	11615.3697	5801837_R__1
16658	4788	11361.0420375	5002906_R__1
16660	4789	8676.1145625	5002909_R__1
16662	4790	2462.7931875	5002908_R__1
23384	4791	5131.623975	5002397_R__3
12638	4792	2530.399275	5001999_G__1
12640	4793	6.438675	5001999_G__3
12642	4794	0.0	5001998_G__1
12644	4795	4217.332125	5001997_G__1
12646	4796	2137.6401	5001996_G__2
18432	4797	1899.409125	5002619_R__2
18434	4798	8280.13605	5002619_R__5
18436	4799	7024.594425	5002618_R__1
17942	4800	115.89615	5003119_R__3
14346	4801	5115.5272875	5002346_G__3
14348	4802	1062.381375	5002345_R__1
14350	4803	7214.5353375	5002345_R__5
14352	4804	775.8603375	5002342_R__3
14356	4805	4249.5255	5002348_R__1
16680	4806	9674.1091875	5001903_G__1
16208	4807	2031.4019625	5002432_R__2
20770	4808	1812.4870125	5003065_G__1
20772	4809	801.6150375	5003065_G__4
15794	4810	843.466425	5003070_G__1
20774	4811	2034.6213	5003067_G__1
20776	4812	2343.6777	5003067_G__2
20778	4813	10189.2031875	5003066_R__1
20780	4814	595.5774375	5003066_G__1
20782	4815	1461.579225	5003066_G__3
20052	4816	1072.0393875	5002167_G__2
18656	4817	4223.7708	5002283_R__1
18658	4818	2871.64905	5002280_G__1
20056	4819	1242.664275	5002168_G__1
18660	4820	1480.89525	5002285_G__1
22542	4821	109.457475	5001898_G__1
22472	4822	782.2990125	5003149_R__2
21566	4823	1638.6427875	5001899_G__2
13626	4824	4635.846	5002606_R__1
13628	4825	4510.2918375	5002606_R__4
13630	4826	1892.97045	5002607_R__2
13632	4827	3409.2784125	5002607_G__3
13634	4828	2971.4485125	5002604_G__3
13636	4829	196.3795875	5002604_G__4
17028	4830	6602.8612125	5002603_R__3
17038	4831	5511.5058	5002601_R__5
17040	4832	4349.3249625	5002601_G__2
17042	4833	2263.1942625	5002601_G__5
13656	4834	1226.5675875	5002609_R__1
13658	4835	2295.3876375	5002609_G__2
13660	4836	4069.2426	5002609_G__3
14946	4837	3125.9767125	5002565_G__2
14948	4838	1783.512975	5002564_G__2
14950	4839	5379.5129625	5002561_G__1
14952	4840	6383.9462625	5002560_R__1
20128	4841	57.948075	5002782_G__1
20130	4842	421.7332125	5002780_R__1
16402	4843	4851.5416125	5001861_R__1
16404	4844	2511.08325	5001861_R__2
16406	4845	3457.568475	5001861_G__2
13668	4846	762.9829875	5002461_G__1
13670	4847	6770.2667625	5002466_G__5
13672	4848	2913.5004375	5002464_R__1
13674	4849	1088.136075	5002464_G__2
13676	4850	8804.8880625	5002465_R__2
13678	4851	1896.1897875	5002465_G__3
16222	4852	1979.8925625	5002265_R__1
16224	4853	2115.1047375	5002265_G__2
16226	4854	10710.7358625	5002266_R__3
21524	4855	1609.66875	5003022_R__1
17284	4856	9744.9346125	5002417_R__1
17286	4857	138.4315125	5002941_G__1
16744	4858	7826.2094625	5002940_R__1
22312	4859	1979.8925625	5003148_R__1
17566	4860	1480.89525	5002410_G__1
22474	4861	2984.3258625	5003147_G__1
22482	4862	0.0	5002000_R__1
22484	4863	1065.6007125	5002001_G__1
22486	4864	0.0	5002001_G__2
22488	4865	35.4127125	5002001_G__3
17296	4866	7591.197825	5001801_G__3
17298	4867	5150.94	5001800_R__1
15714	4868	7381.9408875	5002520_G__1
14450	4869	0.0	5002139_G__2
21560	4870	3721.55415	5001894_G__1
14452	4871	3595.9999875	5002134_R__1
14454	4872	1535.6239875	5002134_R__2
14456	4873	1732.003575	5002640_R__3
14462	4874	6593.2032	5002646_R__2
14464	4875	1628.984775	5002646_G__1
22546	4876	2810.4816375	5002131_R__1
22548	4877	4519.94985	5002131_R__3
14468	4878	2166.6141375	5002644_G__1
22550	4879	8820.98475	5002133_G__2
21332	4880	4378.299	5002279_R__1
21638	4881	4864.4189625	5002136_R__1
19464	4882	8866.055475	5003195_R__1
19466	4883	1242.664275	5003195_R__2
16442	4884	5250.7394625	5002736_G__1
15062	4885	5817.3428625	5001795_R__1
15064	4886	9410.1235125	5001795_G__2
15066	4887	592.3581	5001793_R__4
16788	4888	6554.57115	5002220_G__1
14088	4889	1458.3598875	5002635_R__1
16790	4890	2823.3589875	5002223_R__1
16792	4891	6435.4556625	5002224_R__1
15068	4892	8080.537125	5001798_G__2
12954	4893	2678.4888	5002856_R__1
12956	4894	1571.0367	5002855_R__2
12958	4895	0.0	5002855_R__3
12960	4896	4462.001775	5002854_R__3
12962	4897	8260.820025	5002852_R__1
22648	4898	6831.434175	5002917_R__1
12966	4899	1300.61235	5003106_R__1
12968	4900	11383.5774	5003105_R__2
12970	4901	5253.9588	5003105_G__1
12972	4902	2488.5478875	5003105_G__2
12974	4903	5427.803025	5003109_G__1
18094	4904	17226.6749625	5002982_R__1
18096	4905	7806.8934375	5002985_R__1
15782	4906	5038.2631875	5003077_R__1
15784	4907	4082.11995	5003075_R__1
15786	4908	6232.6374	5003075_R__2
15788	4909	9368.272125	5003072_R__1
15790	4910	3106.6606875	5003072_R__2
15792	4911	672.8415375	5003073_G__2
14652	4912	2150.51745	5002583_R__2
14654	4913	5099.4306	5002583_G__1
17522	4914	521.532675	5002778_R__1
22734	4915	2272.852275	5001856_G__1
15092	4916	9.6580125	5002174_R__1
15094	4917	2485.32855	5002174_G__2
15626	4918	4291.3768875	5002179_R__1
15098	4919	4626.1879875	5002194_G__2
22424	4920	2591.5666875	5001858_G__1
13166	4921	45.070725	5002192_R__1
13168	4922	5282.9328375	5002192_R__2
13170	4923	5131.623975	5002192_G__1
16346	4924	2424.1611375	5002387_R__3
22782	4925	2453.135175	5003252_G__2
16348	4926	6245.51475	5002388_R__2
22790	4927	4030.61055	5003257_R__3
22792	4928	5080.114575	5003257_G__2
18826	4929	4857.9802875	5002671_G__2
22816	4930	11351.384025	5002777_R__1
22820	4931	656.74485	5002775_R__3
20296	4932	3341.672325	5002578_R__1
20298	4933	5479.312425	5002578_R__2
20300	4934	7726.41	5002579_R__1
15134	4935	4165.822725	5002795_R__1
15136	4936	5395.60965	5002795_G__1
15138	4937	3692.5801125	5002793_R__2
15140	4938	511.8746625	5002793_G__2
13898	4939	1825.3643625	5002816_R__1
13900	4940	524.7520125	5002816_R__2
13902	4941	527.97135	5002816_G__2
13904	4942	8843.5201125	5002816_G__3
13906	4943	270.42435	5002815_R__1
13908	4944	1120.32945	5002815_G__1
13910	4945	0.0	5002814_R__1
13912	4946	1921.9444875	5002814_R__2
21632	4947	2884.5264	5002642_G__2
23260	4948	8344.5228	5002703_R__1
22902	4949	1468.0179	5002701_R__1
22904	4950	3541.27125	5002701_G__1
16388	4951	3418.936425	5002927_R__2
14458	4952	8898.24885	5002641_R__1
14460	4953	3489.76185	5002641_G__1
14466	4954	1252.3222875	5002647_G__1
23436	4955	1046.2846875	5001972_G__1
16934	4956	1503.4306125	5002281_G__4
22968	4957	3483.323175	5002957_G__1
22088	4958	4375.0796625	5002954_R__1
22090	4959	3869.643675	5002954_G__1
17544	4960	9954.19155	5003132_R__2
23872	4961	2910.2811	5002959_G__1
17546	4962	3515.51655	5003135_G__1
23730	4963	13762.6678125	5001818_R__1
23732	4964	3682.9221	5001818_G__3
23002	4965	6850.7502	5001819_G__1
16936	4966	3125.9767125	5002036_R__1
16938	4967	3447.9104625	5002036_R__2
16940	4968	4204.454775	5002031_R__2
16942	4969	2350.116375	5002032_R__1
21504	4970	5830.2202125	5002512_R__1
21506	4971	13704.7197375	5002510_R__3
21508	4972	4548.9238875	5002516_G__1
21510	4973	13192.845075	5002517_G__1
21136	4974	1593.5720625	5002537_G__1
16962	4975	3515.51655	5002698_G__1
15844	4976	0.0	5003261_R__1
15846	4977	1271.6383125	5003265_G__3
15848	4978	737.2282875	5003264_G__1
14640	4979	5492.189775	5003186_G__1
14642	4980	341.249775	5003187_G__3
22060	4981	5936.45835	5002585_R__2
22062	4982	1171.83885	5002585_R__4
22064	4983	3013.2999	5002585_R__5
22066	4984	424.95255	5002585_G__3
22068	4985	779.079675	5002585_G__5
22070	4986	64.38675	5002584_G__3
23130	4987	4162.6033875	5002587_R__2
23132	4988	3528.3939	5002587_R__3
13158	4989	11026.2309375	5002198_R__2
13160	4990	563.3840625	5002199_G__1
13162	4991	5134.8433125	5002199_G__2
13164	4992	9410.1235125	5002197_R__2
18306	4993	1384.315125	5002845_G__2
18308	4994	2942.474475	5002840_G__1
15198	4995	3129.19605	5002992_G__1
13194	4996	10919.9928	5002993_R__1
13202	4997	6667.2479625	5002448_R__1
13204	4998	2540.0572875	5002449_G__1
14674	4999	5588.7699	5002369_R__1
20212	5000	11238.7072125	5002444_R__1
19802	5001	2362.993725	5002445_R__1
13222	5002	0.0	5002447_R__2
16996	5003	12809.7439125	5001925_R__1
16998	5004	5453.557725	5001922_R__2
17000	5005	11183.978475	5001923_R__1
17002	5006	12912.7627125	5001921_R__1
17004	5007	3022.9579125	5001921_G__2
23270	5008	1036.626675	5003165_G__1
23272	5009	965.80125	5003165_G__2
23274	5010	3274.0662375	5003166_R__2
21204	5011	4967.4377625	5003008_R__1
21206	5012	1728.7842375	5003008_G__1
23276	5013	1142.8648125	5003160_G__1
23278	5014	8521.5863625	5003161_R__1
21208	5015	2453.135175	5003007_R__1
21210	5016	2639.85675	5003006_R__3
21212	5017	6429.0169875	5003005_R__4
23594	5018	325.1530875	5002066_R__2
23596	5019	2681.7081375	5002066_R__3
23598	5020	1062.381375	5002066_G__1
23600	5021	0.0	5002066_G__2
17010	5022	6931.2336375	5001822_R__1
23606	5023	7478.5210125	5002064_R__1
17014	5024	8141.7045375	5001820_R__2
20410	5025	6464.4297	5002148_G__1
23310	5026	2845.89435	5002061_G__1
20412	5027	6747.7314	5002145_G__1
20414	5028	206.0376	5002144_R__1
20416	5029	0.0	5002142_R__1
16784	5030	11512.3509	5002228_R__1
16786	5031	6197.2246875	5002229_R__2
15090	5032	1236.2256	5002170_R__1
18074	5033	2433.81915	5002638_G__1
23376	5034	1104.2327625	5002390_G__2
23382	5035	6477.30705	5002396_G__5
18076	5036	0.0	5002636_R__2
23386	5037	3502.6392	5002398_R__1
14090	5038	10327.6347	5002661_R__1
14092	5039	2546.4959625	5002663_G__1
14094	5040	6683.34465	5002664_G__1
14096	5041	2987.5452	5002668_G__3
16794	5042	981.8979375	5002225_R__1
15368	5043	11911.54875	5002549_R__1
15370	5044	80.4834375	5002549_G__1
15372	5045	13311.9605625	5002548_R__1
15374	5046	3180.70545	5002548_G__2
15378	5047	7105.0778625	5002541_G__1
15380	5048	962.5819125	5002540_G__1
15382	5049	2005.6472625	5002091_G__1
13566	5050	7179.122625	5002090_G__1
15384	5051	6950.5496625	5002545_R__2
15386	5052	6210.1020375	5002545_R__3
15388	5053	3228.9955125	5002545_G__1
15390	5054	1735.2229125	5002545_G__2
15392	5055	878.8791375	5002547_G__1
22024	5056	750.1056375	5002766_R__1
19370	5057	4091.7779625	5002800_R__2
20442	5058	9677.328525	5003230_R__1
20444	5059	4455.5631	5003231_R__1
20446	5060	7665.2425875	5003232_R__2
20448	5061	4310.6929125	5003233_G__1
23484	5062	0.0	5002716_R__2
23486	5063	2485.32855	5002716_G__3
23488	5064	8099.85315	5002717_R__2
20436	5065	392.759175	5003239_R__1
20438	5066	318.7144125	5003239_R__3
17684	5067	486.1199625	5001963_R__1
17686	5068	2900.6230875	5001966_G__1
17690	5069	975.4592625	5001969_R__2
17692	5070	6058.793175	5002553_G__1
20666	5071	4107.87465	5002551_R__1
20668	5072	3435.0331125	5002551_G__2
21894	5073	737.2282875	5002433_R__2
14140	5074	367.004475	5003284_R__2
14144	5075	521.532675	5003286_R__1
21704	5076	1638.6427875	5001919_R__2
21706	5077	1545.282	5001919_G__1
21708	5078	2681.7081375	5001919_G__2
21710	5079	12452.39745	5001918_R__2
21712	5080	6271.26945	5001918_G__1
23134	5081	1001.2139625	5002581_G__1
23136	5082	2829.7976625	5002581_G__2
23588	5083	0.0	5002115_G__1
14806	5084	5939.6776875	5002110_R__1
16028	5085	5521.1638125	5002509_R__1
16030	5086	4024.171875	5002509_G__1
23306	5087	4378.299	5002067_G__3
16032	5088	1928.3831625	5002055_R__1
16034	5089	13984.8021	5002506_R__1
17012	5090	2726.7788625	5001821_G__5
17106	5091	6879.7242375	5002202_R__1
19658	5092	2115.1047375	5002201_G__1
17110	5093	663.183525	5002755_R__1
19468	5094	4049.926575	5002820_R__2
19470	5095	5076.8952375	5002820_G__1
18090	5096	515.094	5002981_G__1
22318	5097	4407.2730375	5003085_G__2
22320	5098	1249.10295	5003085_G__3
18092	5099	9828.6373875	5002980_R__2
15352	5100	10163.4484875	5002450_R__1
18442	5101	125.5541625	5002471_G__4
18444	5102	6799.2408	5002473_R__2
18446	5103	837.02775	5002473_G__1
18098	5104	2633.418075	5002984_R__1
18100	5105	1175.0581875	5002984_R__2
21328	5106	1641.862125	5002275_G__1
21330	5107	3592.78065	5002272_G__1
19874	5108	12075.7349625	5002379_G__1
13754	5109	7066.4458125	5002377_G__1
19878	5110	0.0	5002375_R__1
19880	5111	2012.0859375	5002375_G__1
20796	5112	9371.4914625	5002372_R__1
20798	5113	10478.9435625	5002372_G__1
13758	5114	0.0	5002373_R__1
13760	5115	5125.1853	5002373_R__3
13762	5116	6960.207675	5002373_G__1
13770	5117	537.6293625	5002370_R__1
13772	5118	0.0	5002370_G__1
13774	5119	1577.475375	5002371_R__1
16062	5120	331.5917625	5003018_G__2
17152	5121	3985.539825	5003154_R__1
23060	5122	8225.4073125	5001815_R__1
16064	5123	3483.323175	5003014_G__2
16066	5124	2523.9606	5003014_G__4
16068	5125	5295.8101875	5003017_G__1
16070	5126	309.0564	5003017_G__2
23044	5127	6928.0143	5001833_R__2
23784	5128	1892.97045	5001834_R__2
15466	5129	9622.5997875	5002154_G__4
20708	5130	8698.649925	5002337_R__1
20710	5131	1696.5908625	5002337_G__1
20712	5132	8808.1074	5002887_R__1
20714	5133	1690.1521875	5002887_R__2
17886	5134	7153.367925	5002338_R__1
18654	5135	11528.4475875	5002289_R__2
20660	5136	5627.40195	5002556_G__1
20662	5137	3039.0546	5002556_G__2
17688	5138	13485.8047875	5002552_R__1
16080	5139	524.7520125	5001880_G__1
16082	5140	1194.3742125	5001882_R__2
23542	5141	9213.743925	5001889_R__1
19214	5142	11357.8227	5002650_R__1
19216	5143	0.0	5002650_G__1
20670	5144	6464.4297	5002559_R__1
20672	5145	3547.709925	5002559_G__2
20674	5146	421.7332125	5002559_G__3
20676	5147	3663.606075	5002559_G__4
20678	5148	6773.4861	5002089_G__1
20680	5149	1712.68755	5002084_R__1
20682	5150	3042.2739375	5002085_R__1
20684	5151	3190.3634625	5002086_R__1
21512	5152	10028.2363125	5002515_G__1
17108	5153	3183.9247875	5002753_R__1
16206	5154	1052.7233625	5002986_G__4
20698	5155	5788.368825	5002881_R__1
20700	5156	2404.8451125	5002882_R__1
20702	5157	9632.2578	5002882_R__2
20704	5158	12259.2372	5002884_R__1
20706	5159	2031.4019625	5002884_G__1
17880	5160	2684.927475	5002885_G__1
23378	5161	0.0	5002391_R__3
17882	5162	1451.9212125	5002888_G__3
17884	5163	3599.219325	5002888_G__4
23926	5164	4507.0725	5002721_G__1
23928	5165	2337.239025	5002720_G__1
21766	5166	1571.0367	5002725_G__2
14906	5167	1535.6239875	6200173_G__1
14908	5168	225.353625	6200170_R__1
21924	5169	1088.136075	6201537_R__4
21926	5170	8927.2228875	6201537_G__2
23818	5171	6947.330325	6200679_R__1
19156	5172	441.0492375	6200311_G__3
13278	5173	463.5846	6200532_G__1
23396	5174	2082.9113625	6200438_R__1
23402	5175	4523.1691875	6200433_G__1
22738	5176	6255.1727625	6200387_R__1
22740	5177	4442.68575	6200387_G__1
23410	5178	2742.87555	6200435_G__2
14376	5179	2639.85675	6201078_R__1
14378	5180	12349.37865	6201075_G__1
14380	5181	1542.0626625	6201076_R__1
21808	5182	2160.1754625	6201093_R__1
21810	5183	12738.9184875	6201092_R__2
20792	5184	3744.0895125	6201157_R__1
15222	5185	5923.581	6100789_R__1
22316	5186	7233.8513625	6200389_R__1
19326	5187	0.0	6200781_R__1
19328	5188	3016.5192375	6200789_R__2
13664	5189	392.759175	6100814_R__4
21820	5190	1561.3786875	6201322_R__1
21822	5191	695.3769	6201322_G__1
22376	5192	11541.3249375	6201324_R__1
22378	5193	2308.2649875	6201326_G__2
12794	5194	0.0	6200730_G__1
12796	5195	1876.8737625	6200733_G__1
19372	5196	6953.769	6201250_G__1
14398	5197	5121.9659625	6200306_R__1
14400	5198	4230.209475	6200307_R__3
18026	5199	1532.40465	6200049_R__1
18028	5200	3924.3724125	6200049_G__2
18030	5201	1979.8925625	6200048_G__3
19374	5202	4252.7448375	6200129_R__1
22140	5203	1020.5299875	6201447_G__2
15664	5204	498.9973125	6200600_R__3
18676	5205	32.193375	6200604_R__5
16492	5206	4526.388525	6200153_R__1
16494	5207	0.0	6200153_R__2
18758	5208	0.0	6201025_G__2
13756	5209	1397.192475	6200519_R__1
17318	5210	4400.8343625	6201185_R__2
17320	5211	2305.04565	6201185_G__2
17324	5212	1538.843325	6201186_R__1
17326	5213	2804.0429625	6201186_R__3
17328	5214	93.3607875	6201181_G__2
17330	5215	1567.8173625	6201183_R__1
17332	5216	5450.3383875	6201183_G__2
17334	5217	109.457475	6201182_R__1
15042	5218	1294.173675	6200340_R__4
15044	5219	4400.8343625	6200340_G__1
15046	5220	4072.4619375	6200340_G__2
15048	5221	3003.6418875	6200341_G__1
15050	5222	8933.6615625	6200341_G__2
15052	5223	8199.6526125	6200342_R__1
15054	5224	10936.0894875	6200342_G__3
15056	5225	1055.9427	6200346_R__1
15058	5226	6280.9274625	6200346_R__2
15060	5227	4989.973125	6200346_R__3
15328	5228	1187.9355375	6200347_G__1
15330	5229	6206.8827	6200347_G__2
22614	5230	2144.078775	6201444_G__2
22132	5231	1152.522825	6201446_R__1
22134	5232	131.9928375	6201446_G__1
22136	5233	7819.7707875	6201446_G__2
22138	5234	1361.7797625	6201446_G__3
21606	5235	0.0	6201111_G__4
20214	5236	2398.4064375	6201290_G__3
16298	5237	3402.8397375	6200463_R__1
16300	5238	5772.2721375	6200464_G__1
16302	5239	16154.635575	6200467_G__1
20220	5240	6013.72245	6200168_G__1
20222	5241	3267.6275625	6200169_R__2
20228	5242	3299.8209375	6200165_R__1
20230	5243	8280.13605	6200165_R__2
20232	5244	7462.424325	6200166_R__1
20234	5245	3715.115475	6200167_R__1
20236	5246	2021.74395	6200167_R__2
20238	5247	3061.5899625	6200167_G__1
14294	5248	370.2238125	6200139_R__1
17462	5249	292.9597125	6200766_R__1
17464	5250	4413.7117125	6200767_R__1
17466	5251	283.3017	6200764_R__1
17468	5252	1210.4709	6200764_R__2
17470	5253	1432.6051875	6200765_R__3
17472	5254	321.93375	6200763_R__1
17474	5255	45.070725	6200763_R__2
17476	5256	1986.3312375	6200760_G__1
22696	5257	418.513875	6200761_R__1
14644	5258	5398.8289875	6200083_R__2
13006	5259	0.0	6200940_R__4
13008	5260	3341.672325	6200945_R__1
13010	5261	2771.8495875	6200945_G__4
19510	5262	13833.4932375	6201062_G__1
19512	5263	109.457475	6201064_G__1
21554	5264	4523.1691875	6200869_G__1
15804	5265	1461.579225	6201128_R__2
15812	5266	4693.794075	6201127_G__2
16872	5267	0.0	6200938_R__1
16874	5268	1422.947175	6200938_R__4
13078	5269	9384.3688125	6201018_R__1
22828	5270	1142.8648125	6201402_R__1
19986	5271	218.91495	6201237_G__1
16894	5272	11006.9149125	6201334_R__1
16896	5273	3151.7314125	6201334_G__1
16898	5274	32.193375	6201335_R__2
16900	5275	51.5094	6201335_G__1
18206	5276	8041.905075	6201239_G__1
18208	5277	9104.28645	6201238_R__1
16906	5278	9175.111875	6200688_G__1
16988	5279	1178.277525	6200687_R__1
16990	5280	556.9453875	6200687_G__2
14574	5281	8450.7609375	6201242_G__2
14580	5282	2362.993725	6201241_G__2
23830	5283	7851.9641625	6201246_R__2
17322	5284	4020.9525375	6201184_R__2
14582	5285	186.721575	6201539_R__4
13084	5286	35.4127125	6200058_R__1
13086	5287	624.551475	6200058_G__1
14714	5288	2588.34735	6200052_G__2
14716	5289	77.2641	6200052_G__5
13092	5290	692.1575625	6200053_R__1
13094	5291	1081.6974	6200053_R__2
13096	5292	4101.435975	6200053_R__3
13098	5293	933.607875	6200053_G__2
14732	5294	1567.8173625	6200054_G__1
14734	5295	1310.2703625	6200055_R__1
13100	5296	0.0	6200056_R__1
13102	5297	4445.9050875	6200056_G__1
13104	5298	788.7376875	6200057_R__1
18760	5299	2601.2247	6201029_R__1
18762	5300	611.674125	6201029_R__3
18764	5301	0.0	6201029_G__3
21896	5302	4561.8012375	6200756_R__2
21898	5303	6905.4789375	6200755_R__1
17098	5304	5846.3169	6200754_R__2
21904	5305	3164.6087625	6200753_R__1
23572	5306	7278.9220875	6200752_G__1
22970	5307	698.5962375	6200203_G__1
17088	5308	3966.2238	6200742_G__1
17090	5309	3505.8585375	6200742_G__2
22984	5310	3483.323175	6200653_R__1
21110	5311	109.457475	6200661_G__1
15998	5312	3080.9059875	6200660_R__1
23022	5313	5698.227375	6200388_R__1
23024	5314	11383.5774	6200388_G__1
23026	5315	1010.871975	6200388_G__2
21422	5316	16331.6991375	6200989_G__2
15954	5317	1835.022375	6200990_G__1
17562	5318	6361.4109	6200971_R__1
17564	5319	3586.341975	6200971_G__1
16400	5320	8482.9543125	6200874_G__1
14006	5321	2842.6750125	6200894_G__4
23078	5322	1931.6025	6201190_G__1
23080	5323	4854.76095	6201191_R__1
14008	5324	7884.1575375	6200897_R__1
13776	5325	0.0	6201200_R__1
15256	5326	2829.7976625	6201286_G__2
15258	5327	9831.856725	6201287_G__2
16312	5328	1538.843325	6200374_G__1
20368	5329	2707.4628375	6200371_R__1
20370	5330	2842.6750125	6200371_R__2
20372	5331	3718.3348125	6200371_R__3
20374	5332	782.2990125	6200371_G__1
20376	5333	1368.2184375	6200373_R__1
20378	5334	1741.6615875	6200373_G__2
20380	5335	9307.1047125	6200372_R__1
20382	5336	624.551475	6200372_R__2
23138	5337	3557.3679375	6200579_G__2
16424	5338	1986.3312375	6201479_G__1
18788	5339	11596.053675	6100786_R__2
23142	5340	4114.313325	6200570_R__1
17594	5341	3689.360775	6200392_G__4
17596	5342	569.8227375	6200391_R__1
17598	5343	2530.399275	6200390_R__1
17600	5344	2292.1683	6200390_R__2
17602	5345	5405.2676625	6200390_G__3
21672	5346	7175.9032875	6200652_R__2
21674	5347	3125.9767125	6200652_G__1
19534	5348	61.1674125	6200339_R__1
19536	5349	682.49955	6200339_R__4
19538	5350	6200.444025	6200339_G__1
19540	5351	3570.2452875	6200339_G__2
21676	5352	1088.136075	6200656_G__1
22870	5353	12.87735	6201535_R__2
18014	5354	6142.49595	6201399_G__2
23200	5355	3219.3375	6200659_R__1
17606	5356	0.0	6201370_R__1
17608	5357	785.51835	6201376_G__1
14010	5358	225.353625	6200892_R__1
13218	5359	1226.5675875	6100787_R__1
13220	5360	9471.290925	6100787_R__2
23202	5361	6425.79765	6200719_R__1
17618	5362	6490.1844	6200028_G__2
17620	5363	1799.6096625	6200028_G__3
21928	5364	2939.2551375	6201533_G__1
23482	5365	1374.6571125	6200623_G__2
15334	5366	6020.161125	6200622_G__1
15336	5367	827.3697375	6200621_R__1
15338	5368	6602.8612125	6200621_G__1
16496	5369	3708.6768	6200152_R__1
14038	5370	7639.4878875	6200095_R__1
14040	5371	3251.530875	6200096_G__2
13234	5372	4960.9990875	6201480_R__2
13236	5373	90.14145	6201480_G__2
13238	5374	1072.0393875	6201481_G__1
17342	5375	4181.9194125	6200580_G__3
13088	5376	4362.2023125	6200050_G__2
21602	5377	4027.3912125	6201110_R__1
21604	5378	2195.588175	6201110_G__1
17616	5379	11927.6454375	6200026_G__2
21226	5380	4011.294525	6201130_R__1
21228	5381	1229.786925	6201130_G__2
21232	5382	6245.51475	6201134_G__1
21608	5383	2153.7367875	6201118_R__1
13274	5384	1175.0581875	6200533_R__1
13276	5385	7169.4646125	6200533_G__2
17030	5386	2002.427925	6201434_G__1
13280	5387	17281.4037	6200531_R__1
23398	5388	12790.4278875	6200439_R__1
23400	5389	4928.8057125	6200928_R__1
13284	5390	9461.6329125	6200536_G__1
17036	5391	5827.000875	6201433_G__1
13286	5392	772.641	6200534_R__1
13288	5393	7591.197825	6200534_G__1
21948	5394	2231.0008875	6200921_R__1
23406	5395	13440.7340625	6200434_R__2
23408	5396	6953.769	6200434_G__2
18372	5397	4619.7493125	6201000_G__1
22386	5398	2485.32855	6201348_R__1
13304	5399	12478.15215	6201221_R__1
23442	5400	3637.851375	6201344_R__1
23444	5401	2581.908675	6200696_G__1
23446	5402	6245.51475	6200694_R__1
23448	5403	283.3017	6200693_G__2
15332	5404	0.0	6200627_R__1
14758	5405	4416.93105	6200324_R__2
14760	5406	4565.020575	6200325_R__1
14762	5407	1094.57475	6200325_G__2
15712	5408	4407.2730375	6200288_R__1
14764	5409	0.0	6200321_G__1
15724	5410	495.777975	6200287_R__1
13326	5411	57.948075	6200286_G__1
13328	5412	9036.6803625	6200283_R__1
13330	5413	173.844225	6200282_G__1
15956	5414	2472.4512	6200995_R__3
19774	5415	1493.7726	6201504_R__1
15958	5416	6155.3733	6200997_R__3
19778	5417	6490.1844	6201509_R__1
15962	5418	7211.316	6200443_R__1
15964	5419	4201.2354375	6200443_R__2
15966	5420	3068.0286375	6200443_G__1
15968	5421	894.975825	6200443_G__2
15970	5422	7777.9194	6200441_R__1
18554	5423	3013.2999	6200520_R__4
19782	5424	4014.5138625	6200108_R__1
12996	5425	2147.2981125	6200109_G__2
19786	5426	193.16025	6200106_G__2
15340	5427	2546.4959625	6200620_R__1
19788	5428	6068.4511875	6200103_G__1
13282	5429	975.4592625	6200537_R__1
18228	5430	5485.7511	6200212_G__2
18236	5431	0.0	6200211_R__1
18238	5432	5247.520125	6200211_G__1
18240	5433	1307.051025	6200214_G__1
18242	5434	1583.91405	6200743_R__1
18244	5435	1284.5156625	6200743_R__2
18246	5436	3972.662475	6200743_G__1
18248	5437	3850.32765	6200743_G__2
17092	5438	10656.007125	6200749_R__1
19776	5439	1625.7654375	6201507_R__1
13662	5440	3051.93195	6100819_G__3
21900	5441	1307.051025	6200206_G__1
21902	5442	5485.7511	6200206_G__3
22966	5443	766.202325	6200201_R__2
21906	5444	9007.706325	6200751_R__1
21424	5445	14535.3088125	6200454_R__1
21426	5446	13753.0098	6200454_G__1
21428	5447	3068.0286375	6200455_R__1
21430	5448	5859.19425	6200455_R__2
14186	5449	3531.6132375	6201268_G__1
14188	5450	4136.8486875	6201260_R__1
14190	5451	8898.24885	6201260_G__2
14192	5452	2031.4019625	6201260_G__3
14194	5453	3396.4010625	6201261_G__2
14196	5454	1915.5058125	6201261_G__3
14198	5455	10784.780625	6201262_G__1
14200	5456	5479.312425	6201264_R__2
14202	5457	4986.7537875	6201267_R__1
14204	5458	930.3885375	6200793_R__1
14206	5459	10369.4860875	6200793_G__1
21432	5460	4619.7493125	6200456_R__2
21434	5461	12462.0554625	6200456_G__1
14208	5462	6190.7860125	6200791_R__1
14210	5463	286.5210375	6200790_R__1
14212	5464	2591.5666875	6200790_G__1
20512	5465	13646.7716625	6201548_R__1
20514	5466	6532.0357875	6201548_G__1
21436	5467	959.362575	6200457_R__1
17796	5468	2037.8406375	6200565_G__1
18438	5469	0.0	6100820_G__2
18440	5470	122.334825	6100821_G__2
22690	5471	1503.4306125	6200384_G__1
22722	5472	3415.7170875	6200385_R__2
22724	5473	8405.6902125	6200385_G__2
23696	5474	6190.7860125	6200386_R__1
23698	5475	437.8299	6200386_G__2
23700	5476	849.9051	6200386_G__3
23704	5477	3360.98835	6200382_R__1
23706	5478	5901.0456375	6200382_G__1
23708	5479	2311.484325	6200382_G__2
23710	5480	312.2757375	6200383_G__1
16578	5481	209.2569375	6201318_G__1
16580	5482	1410.069825	6201319_G__1
22058	5483	8193.2139375	6201386_R__1
22538	5484	5221.765425	6201384_R__1
23736	5485	7298.2381125	6201383_R__1
23738	5486	544.0680375	6201383_G__2
23740	5487	2160.1754625	6201382_G__1
19158	5488	717.9122625	6200310_R__2
19160	5489	1847.899725	6200310_G__1
14282	5490	6055.5738375	6200137_R__1
14284	5491	38.63205	6200137_G__1
14286	5492	566.6034	6200135_G__1
14288	5493	653.5255125	6200135_G__2
14290	5494	3576.6839625	6200133_G__1
14292	5495	6882.943575	6200132_G__1
22948	5496	16569.9301125	6200030_R__1
21670	5497	2182.710825	6201301_G__1
21438	5498	11283.7779375	6200453_R__1
21440	5499	2144.078775	6200453_G__1
20584	5500	7076.103825	6200142_G__1
20586	5501	3396.4010625	6200140_R__1
20588	5502	0.0	6200637_R__1
20590	5503	3412.49775	6200637_R__2
20602	5504	0.0	6200638_R__1
15612	5505	4207.6741125	6201552_R__1
20016	5506	605.23545	6200350_R__2
18016	5507	3338.4529875	6201396_G__1
18018	5508	2649.5147625	6201396_G__2
18020	5509	392.759175	6201396_G__3
17174	5510	1023.749325	6200911_G__1
17176	5511	907.853175	6200914_G__1
21416	5512	6979.5237	6200458_R__1
21418	5513	6303.462825	6200458_G__2
18564	5514	5546.9185125	6201213_G__1
21230	5515	10099.0617375	6201133_R__3
18566	5516	5131.623975	6201215_G__1
21420	5517	3045.493275	6200988_R__1
18568	5518	4172.2614	6201216_R__1
18570	5519	5514.7251375	6201219_G__1
18572	5520	2675.2694625	6201218_R__1
23868	5521	7861.622175	6201450_G__1
23870	5522	1442.2632	6201450_G__2
17186	5523	1242.664275	6201354_R__1
20510	5524	2842.6750125	6201547_R__1
23880	5525	9989.6042625	6200986_G__1
23882	5526	10198.8612	6200987_R__2
23884	5527	64.38675	6200987_G__1
21754	5528	4394.3956875	6201101_G__2
20010	5529	41.8513875	6200353_R__1
20012	5530	682.49955	6200353_R__2
20014	5531	627.7708125	6200353_G__2
20018	5532	1500.211275	6200355_G__3
23936	5533	2820.13965	6200599_R__1
21600	5534	656.74485	6201112_R__1
16104	5535	15629.8835625	6201454_R__1
16106	5536	9889.8048	6201453_R__1
16108	5537	170.6248875	6201452_G__2
21760	5538	3068.0286375	6201109_G__1
23714	5539	2379.0904125	6200598_R__1
14902	5540	8264.0393625	6201510_G__3
22574	5541	2607.663375	6201898_G__1
14478	5542	640.6481625	6201896_R__1
14480	5543	9200.866575	6201896_G__1
14482	5544	218.91495	6201895_R__1
12648	5545	0.0	6201816_G__1
12654	5546	3592.78065	6201818_G__3
15358	5547	11280.5586	6201568_R__2
15242	5548	8029.027725	6201759_G__1
15246	5549	5804.4655125	6201755_R__1
15248	5550	8367.0581625	6201755_G__1
15250	5551	350.9077875	6201756_G__2
15252	5552	7404.47625	6201757_R__2
15364	5553	12114.3670125	6201567_R__2
15366	5554	4925.586375	6201567_G__1
20218	5555	6911.9176125	6201565_R__1
21982	5556	1313.4897	6201646_G__1
12702	5557	109.457475	6201978_G__2
12704	5558	1854.3384	6201602_G__1
12706	5559	0.0	6201603_R__1
12708	5560	4619.7493125	6201977_G__2
12710	5561	3283.72425	6201972_G__2
23608	5562	8965.8549375	6201682_R__1
23610	5563	1828.5837	6201682_G__1
15262	5564	952.9239	6201579_R__1
23614	5565	2253.53625	6201680_G__1
23616	5566	5131.623975	6201681_R__2
23618	5567	4899.831675	6201684_G__2
15264	5568	7153.367925	6201572_G__2
20508	5569	8705.0886	6201762_R__1
12976	5570	383.1011625	6201974_G__3
19318	5571	717.9122625	6201780_G__1
19320	5572	6953.769	6201784_R__1
19322	5573	3789.1602375	6201784_G__1
15594	5574	457.145925	6201776_R__1
15596	5575	10453.1888625	6201774_G__1
13192	5576	11612.1503625	6201835_R__1
23612	5577	11051.9856375	6201683_R__1
15204	5578	309.0564	6201838_R__1
15206	5579	5234.642775	6201838_G__1
15604	5580	4214.1127875	6201779_G__1
20210	5581	3444.691125	6201569_R__1
16704	5582	1265.1996375	6201678_R__2
16706	5583	8856.3974625	6201677_R__1
16708	5584	553.72605	6201676_R__1
16710	5585	814.4923875	6201671_R__2
16712	5586	3859.9856625	6201671_G__2
16714	5587	598.796775	6201671_G__4
16716	5588	3125.9767125	6201670_R__2
14528	5589	0.0	6201798_G__1
14530	5590	618.1128	6201796_G__2
13224	5591	5150.94	6201952_G__1
13226	5592	5041.482525	6201953_G__1
13228	5593	5282.9328375	6201950_G__1
18448	5594	6966.64635	6201826_R__3
18450	5595	5447.11905	6201826_G__2
18452	5596	2890.965075	6201824_G__2
18454	5597	2868.4297125	6201825_R__3
16260	5598	1345.683075	6201820_G__3
18456	5599	3010.0805625	6201821_R__5
18458	5600	3039.0546	6201821_G__3
22534	5601	35.4127125	6201664_G__2
15902	5602	5588.7699	6201710_R__1
15904	5603	3087.3446625	6201711_R__1
15906	5604	8132.046525	6201714_R__1
15908	5605	3467.2264875	6201714_G__2
15910	5606	5749.736775	6201715_G__1
15912	5607	1213.6902375	6201717_R__2
15914	5608	4870.8576375	6201718_G__2
15240	5609	2559.3733125	6201758_G__1
17314	5610	1548.5013375	6201635_R__1
13712	5611	6335.6562	6201936_R__1
13714	5612	6577.1065125	6201936_G__1
23802	5613	5398.8289875	6201647_R__2
23804	5614	5843.0975625	6201644_R__3
23806	5615	7211.316	6201643_R__1
21984	5616	2771.8495875	6201641_G__1
21986	5617	280.0823625	6201641_G__3
21362	5618	5743.2981	6201721_R__2
21364	5619	283.3017	6201721_R__3
21366	5620	1410.069825	6201721_R__6
21368	5621	7237.0707	6201721_G__2
21370	5622	1967.0152125	6201723_R__2
14104	5623	186.721575	6201871_R__4
14106	5624	5431.0223625	6201870_G__1
20156	5625	473.2426125	6201985_G__1
20158	5626	1104.2327625	6201984_G__3
17304	5627	3119.5380375	6201631_R__1
17306	5628	2321.1423375	6201631_R__2
20164	5629	0.0	6201981_R__2
20166	5630	3579.9033	6201981_R__4
17308	5631	2150.51745	6201636_R__1
17310	5632	2111.8854	6201636_R__2
17312	5633	12.87735	6201636_G__4
17878	5634	1690.1521875	6201983_R__1
21390	5635	8164.2399	6201580_R__2
21392	5636	2063.5953375	6201580_G__2
17316	5637	1670.8361625	6201638_R__1
17300	5638	1384.315125	6201632_R__1
17302	5639	16.0966875	6201632_R__3
20160	5640	3373.8657	6201987_R__1
20162	5641	4249.5255	6201987_R__2
19224	5642	12925.6400625	6201866_R__1
19226	5643	8766.2560125	6201867_G__1
19228	5644	9818.979375	6201864_R__3
19230	5645	8309.1100875	6201864_G__1
19232	5646	11193.6364875	6201868_R__1
22092	5647	8914.3455375	6201992_R__1
22094	5648	5363.416275	6201992_G__1
22102	5649	4796.812875	6201997_G__1
23028	5650	9120.3831375	6201994_R__2
15598	5651	5791.5881625	6201771_R__2
15600	5652	5875.2909375	6201771_G__1
15602	5653	8602.0698	6201771_G__2
13764	5654	2594.786025	6202001_R__4
13766	5655	4284.9382125	6202001_G__1
13768	5656	8753.3786625	6202000_R__1
23865	5657	1001.2139625	5400006_G_F_1
22159	5658	3531.6132375	5400007_G_F_1
21993	5659	5157.378675	5400004_R_F_1
22151	5660	1793.1709875	5400005_G_F_2
14355	5661	3724.7734875	5303484_G_F_5
21443	5662	7275.70275	5400161_R_F_1
21445	5663	8830.6427625	5400160_G_F_1
22153	5664	7124.3938875	5400003_R_F_1
22155	5665	7739.28735	5400003_G_F_1
22157	5666	2839.455675	5400003_G_F_2
22169	5667	2240.6589	5303552_R_F_2
20023	5668	13093.0456125	5303557_R_F_1
20025	5669	10800.8773125	5303559_G_F_1
21999	5670	714.692925	5303820_R_F_1
17207	5671	11383.5774	5400488_G_F_1
17209	5672	1204.032225	5400488_G_F_2
22423	5673	6393.604275	5303823_R_F_1
22001	5674	4123.9713375	5303826_G_F_1
21463	5675	12346.1593125	5303410_G_F_2
21465	5676	2507.8639125	5303417_G_F_1
20757	5677	3219.3375	5303498_G_F_1
22225	5678	5672.472675	5400008_R_F_1
13573	5679	2121.5434125	5400503_R_F_2
13575	5680	2733.2175375	5400503_R_F_6
13577	5681	2057.1566625	5400503_G_F_2
13579	5682	2520.7412625	5400502_G_F_1
13581	5683	3354.549675	5400501_R_F_1
13583	5684	4664.8200375	5400501_R_F_2
13585	5685	10482.1629	5400501_G_F_1
13587	5686	5920.3616625	5400500_G_F_2
13589	5687	6123.179925	5400500_G_F_3
13591	5688	6486.9650625	5400507_R_F_2
13593	5689	7954.9829625	5400505_R_F_1
13595	5690	3106.6606875	5400505_R_F_2
13597	5691	3454.3491375	5400505_G_F_1
13599	5692	0.0	5400504_R_F_1
13601	5693	0.0	5400504_R_F_2
13603	5694	1728.7842375	5400504_G_F_1
13605	5695	2929.597125	5400504_G_F_2
21487	5696	1561.3786875	5303675_G_F_1
21489	5697	202.8182625	5303677_G_F_1
21491	5698	1397.192475	5303676_G_F_1
21493	5699	4703.4520875	5303679_G_F_3
21495	5700	8518.367025	5303678_R_F_1
22005	5701	428.1718875	5303175_R_F_1
16161	5702	6918.3562875	5400212_R_F_1
16163	5703	3676.483425	5400212_G_F_1
16165	5704	3309.47895	5400211_G_F_1
16167	5705	286.5210375	5400211_G_F_2
16169	5706	2533.6186125	5400218_G_F_1
18663	5707	2466.012525	5400186_R_F_3
18665	5708	5649.9373125	5400188_G_F_1
21725	5709	1204.032225	5303860_R_F_2
21727	5710	3116.3187	5303860_G_F_5
14413	5711	5002.850475	5303521_G_F_2
17973	5712	717.9122625	5303353_R_F_2
17975	5713	4210.89345	5303353_R_F_3
17977	5714	7275.70275	5303350_G_F_1
17979	5715	5649.9373125	5303356_G_F_1
17981	5716	6818.556825	5303356_G_F_2
13271	5717	9864.0501	5303354_G_F_1
21447	5718	9213.743925	5400163_R_F_1
21449	5719	7311.1154625	5400162_R_F_1
12777	5720	4336.4476125	5400047_R_F_1
12779	5721	2041.059975	5400047_R_F_3
12781	5722	2292.1683	5400047_G_F_8
12783	5723	2166.6141375	5400044_G_F_1
12785	5724	2115.1047375	5400044_G_F_4
12791	5725	3068.0286375	5303755_G_F_1
12793	5726	0.0	5303752_R_F_1
23719	5727	5241.08145	5303458_R_F_2
22417	5728	5730.42075	5303457_R_F_1
17211	5729	12033.883575	5400489_R_F_1
18521	5730	16444.37595	5400607_R_F_1
13507	5731	1471.2372375	5303284_G_F_2
12823	5732	22.5353625	5303285_R_F_2
12825	5733	2288.9489625	5303285_R_F_3
12827	5734	1110.6714375	5303285_G_F_1
12829	5735	325.1530875	5303285_G_F_2
12831	5736	1107.4521	5303285_G_F_3
15647	5737	4330.0089375	5400136_R_F_2
16583	5738	235.0116375	5303461_G_F_1
15649	5739	3563.8066125	5400138_R_F_2
22189	5740	9210.5245875	5303828_R_F_1
22191	5741	4915.9283625	5303828_G_F_1
17217	5742	11003.695575	5400483_G_F_1
15659	5743	7140.490575	5400424_R_F_1
15661	5744	11241.92655	5400425_R_F_1
15663	5745	4780.7161875	5400425_G_F_2
15667	5746	13691.8423875	5303912_R_F_1
14415	5747	1600.0107375	5303520_R_F_2
22477	5748	6908.698275	5303523_R_F_2
22479	5749	3595.9999875	5303523_G_F_3
14417	5750	309.0564	5303522_R_F_3
14419	5751	0.0	5303522_R_F_6
14421	5752	2836.2363375	5303522_R_F_7
22481	5753	489.3393	5303524_G_F_1
18047	5754	231.7923	5400552_R_F_2
18049	5755	6.438675	5400552_G_F_4
17821	5756	3142.0734	5303749_R_F_2
17823	5757	4983.53445	5303749_G_F_3
17825	5758	4120.752	5303299_R_F_3
15707	5759	5897.8263	5303622_G_F_2
15709	5760	8228.62665	5303620_R_F_1
15711	5761	4593.9946125	5303620_G_F_1
23467	5762	3905.0563875	5303301_G_F_2
13571	5763	1909.0671375	5400508_G_F_1
17379	5764	0.0	5400072_R_F_4
17381	5765	1216.909575	5400071_R_F_4
17383	5766	5196.010725	5400071_G_F_1
17385	5767	8502.2703375	5400070_R_F_1
17387	5768	6103.8639	5400077_R_F_1
17389	5769	1435.824525	5400077_R_F_3
17391	5770	0.0	5400076_G_F_2
17393	5771	4861.199625	5400079_R_F_1
17395	5772	911.0725125	5400079_G_F_1
17397	5773	3396.4010625	5400078_R_F_1
17399	5774	1506.64995	5400078_R_F_3
17401	5775	2494.9865625	5400078_R_F_5
17403	5776	4896.6123375	5400078_G_F_1
16307	5777	6165.0313125	5400177_G_F_1
18777	5778	1004.4333	5400374_G_F_2
18779	5779	8885.3715	5400375_G_F_1
18781	5780	1026.9686625	5400372_R_F_2
16309	5781	7977.518325	5303407_G_F_2
22683	5782	0.0	5303400_R_F_1
22685	5783	0.0	5303400_G_F_1
15073	5784	3219.3375	5303560_R_F_2
16311	5785	418.513875	5303408_G_F_1
15075	5786	5601.64725	5303562_R_F_1
17455	5787	4236.64815	5303769_R_F_1
17457	5788	109.457475	5303769_G_F_1
17459	5789	7375.5022125	5303769_G_F_2
17461	5790	647.0868375	5303768_R_F_3
23745	5791	1400.4118125	5303586_R_F_2
23747	5792	3734.4315	5303586_G_F_1
23759	5793	7014.9364125	5303584_R_F_4
23761	5794	1760.9776125	5303582_R_F_2
23763	5795	7584.75915	5303581_R_F_2
17487	5796	3267.6275625	5400298_G_F_1
17489	5797	785.51835	5400297_R_F_1
23773	5798	8817.7654125	5400294_R_F_1
22715	5799	5524.38315	5303589_G_F_1
22717	5800	4796.812875	5303589_G_F_2
22719	5801	112.6768125	5303588_G_F_1
16399	5802	2401.625775	5400450_R_F_1
17493	5803	7552.565775	5400120_R_F_1
17901	5804	750.1056375	5400510_G_F_4
18791	5805	5859.19425	5400514_R_F_1
16319	5806	1686.93285	5303666_R_F_1
16321	5807	119.1154875	5303667_R_F_1
16323	5808	296.17905	5303667_G_F_1
16325	5809	22.5353625	5303668_R_F_1
12999	5810	2385.5290875	5303499_G_F_1
22737	5811	3328.794975	5400207_G_F_1
13853	5812	837.02775	5400194_G_F_1
13855	5813	7166.245275	5400196_R_F_2
13857	5814	724.3509375	5400190_R_F_1
13859	5815	3370.6463625	5400191_R_F_1
13861	5816	489.3393	5400191_G_F_2
20289	5817	215.6956125	5303616_G_F_1
20291	5818	3.2193375	5303615_R_F_1
20293	5819	1686.93285	5303619_R_F_2
20295	5820	7307.896125	5303619_G_F_2
23155	5821	9361.83345	5400066_R_F_1
23163	5822	14371.1226	5400068_R_F_1
23165	5823	3319.1369625	5400068_G_F_3
23167	5824	1519.5273	5400069_G_F_1
23169	5825	1007.6526375	5400069_G_F_2
19169	5826	1136.4261375	5303518_R_F_2
19525	5827	5228.2041	5400333_R_F_1
19527	5828	2391.9677625	5400333_G_F_2
19529	5829	3927.59175	5400334_G_F_1
22839	5830	1525.965975	5400336_G_F_1
19533	5831	1892.97045	5400339_G_F_1
19177	5832	563.3840625	5303516_R_F_2
19179	5833	2008.8666	5303516_G_F_3
18911	5834	14435.50935	5303183_R_F_2
18913	5835	0.0	5303183_G_F_1
18215	5836	2185.9301625	5303720_R_F_1
18217	5837	669.6222	5303720_G_F_1
16909	5838	7900.254225	5303338_R_F_1
16913	5839	6715.538025	5303337_R_F_1
21879	5840	6509.500425	5400029_G_F_1
21881	5841	6628.6159125	5400024_G_F_4
21883	5842	7919.57025	5400025_G_F_1
21885	5843	3483.323175	5400025_G_F_2
18927	5844	766.202325	5303189_R_F_1
21889	5845	5711.104725	5400022_R_F_1
21891	5846	6116.74125	5400022_G_F_6
21893	5847	5347.3195875	5400023_R_F_1
22965	5848	6322.77885	5303845_R_F_1
21075	5849	5237.8621125	5303929_R_F_4
21077	5850	1374.6571125	5303929_G_F_4
19817	5851	12503.90685	5303928_R_F_4
21079	5852	10414.5568125	5303925_G_F_1
21081	5853	4703.4520875	5303924_G_F_5
23293	5854	3045.493275	5303927_G_F_5
22973	5855	4449.124425	5303926_R_F_1
22975	5856	7987.1763375	5303926_R_F_3
22977	5857	3119.5380375	5303926_G_F_1
21089	5858	3676.483425	5303921_R_F_1
21091	5859	5311.906875	5303921_R_F_2
21093	5860	1789.95165	5303921_G_F_1
21095	5861	7581.5398125	5303921_G_F_2
22981	5862	6129.6186	5303922_G_F_1
22983	5863	434.6105625	5303922_G_F_2
13123	5864	544.0680375	5400563_R_F_1
13125	5865	0.0	5400565_R_F_1
13127	5866	985.117275	5400565_G_F_2
13129	5867	9027.02235	5400564_G_F_2
13131	5868	209.2569375	5400566_R_F_6
13133	5869	10092.6230625	5400569_R_F_3
13135	5870	1432.6051875	5400569_G_F_2
23533	5871	5247.520125	5400496_G_F_1
23535	5872	11016.572925	5400490_G_F_1
21121	5873	167.40555	5303658_R_F_2
21123	5874	3360.98835	5303658_G_F_3
16003	5875	11898.6714	5303422_R_F_1
21125	5876	7169.4646125	5303652_R_F_1
21127	5877	1419.7278375	5303650_R_F_1
21129	5878	4284.9382125	5303655_R_F_1
21131	5879	350.9077875	5303654_R_F_2
23093	5880	144.8701875	5400221_R_F_2
16911	5881	3750.5281875	5303339_G_F_1
15997	5882	2350.116375	5303425_R_F_1
23549	5883	1854.3384	5303771_R_F_1
23551	5884	4507.0725	5303771_R_F_2
23147	5885	4841.8836	5400063_R_F_2
23149	5886	6815.3374875	5400063_R_F_3
23151	5887	4465.2211125	5400064_R_F_3
23153	5888	6847.5308625	5400065_R_F_1
16427	5889	5070.4565625	5303879_G_F_1
23157	5890	14551.4055	5400067_R_F_2
23159	5891	1493.7726	5400067_G_F_1
23161	5892	4220.5514625	5400067_G_F_2
16429	5893	189.9409125	5303877_R_F_2
16431	5894	9117.1638	5303876_G_F_1
16433	5895	3631.4127	5303875_G_F_1
16487	5896	7256.386725	5303874_G_F_1
16435	5897	7385.160225	5303873_G_F_1
13987	5898	1162.1808375	5400349_G_F_1
18915	5899	8367.0581625	5303186_R_F_1
18917	5900	0.0	5303186_R_F_2
18919	5901	2024.9632875	5303186_G_F_1
18921	5902	2044.2793125	5303185_R_F_1
18923	5903	1046.2846875	5303185_R_F_2
18925	5904	0.0	5303184_R_F_3
13991	5905	1535.6239875	5400340_G_F_1
13993	5906	2259.974925	5400343_R_F_2
13995	5907	985.117275	5400345_R_F_1
13997	5908	1812.4870125	5400345_R_F_2
13999	5909	206.0376	5400345_R_F_4
14001	5910	5798.0268375	5400345_G_F_1
14003	5911	3792.379575	5400344_R_F_1
14005	5912	553.72605	5400347_G_F_3
17615	5913	386.3205	5303591_G_F_1
20387	5914	4954.5604125	5303579_R_F_1
23205	5915	6351.7528875	5303778_G_F_1
22129	5916	5855.9749125	5303779_G_F_1
21665	5917	5930.019675	5303777_R_F_1
22553	5918	6892.6015875	5303806_G_F_3
23213	5919	0.0	5303807_R_F_3
14013	5920	1236.2256	5400526_R_F_2
17611	5921	251.108325	5303590_R_F_1
17613	5922	3393.181725	5303590_R_F_2
14015	5923	0.0	5400520_G_F_3
14017	5924	2124.76275	5400522_R_F_1
15319	5925	8077.3177875	5400119_R_F_1
15321	5926	7478.5210125	5400448_G_F_2
23251	5927	164.1862125	5400449_R_F_1
15323	5928	7681.339275	5400447_G_F_2
15325	5929	3766.624875	5400116_G_F_2
14043	5930	582.7000875	5303503_R_F_1
14045	5931	10923.2121375	5303503_G_F_1
16451	5932	0.0	5400231_R_F_3
16453	5933	1023.749325	5400231_G_F_1
16005	5934	4471.6597875	5303423_G_F_1
15355	5935	9529.239	5303605_R_F_1
15357	5936	4471.6597875	5303605_G_F_1
19697	5937	6715.538025	5303239_R_F_1
19699	5938	4507.0725	5303239_G_F_1
17377	5939	3840.6696375	5400073_R_F_2
16305	5940	9490.60695	5400179_G_F_1
22529	5941	3396.4010625	5303308_R_F_2
13319	5942	5675.6920125	5303733_G_F_1
13321	5943	80.4834375	5303735_R_F_1
13323	5944	8814.546075	5303735_G_F_1
23469	5945	1500.211275	5303302_R_F_5
23471	5946	6293.8048125	5303307_R_F_1
20209	5947	5975.0904	5400629_R_F_2
20287	5948	83.702775	5400623_G_F_1
21261	5949	0.0	5400626_G_F_1
21263	5950	0.0	5400627_R_F_1
21265	5951	7777.9194	5400627_G_F_2
21267	5952	6725.1960375	5400624_R_F_1
15973	5953	1178.277525	5400151_R_F_1
15975	5954	8080.537125	5400151_G_F_1
20947	5955	0.0	5400152_G_F_4
20949	5956	2469.2318625	5400401_R_F_1
20951	5957	10276.1253	5400401_G_F_1
12993	5958	7179.122625	5303494_R_F_1
12995	5959	8170.678575	5303497_R_F_1
15977	5960	1976.673225	5400157_R_F_1
15979	5961	8650.3598625	5400158_R_F_1
15981	5962	8820.98475	5400158_G_F_1
15983	5963	10656.007125	5400159_R_F_1
17069	5964	9377.9301375	5400018_R_F_2
17071	5965	10150.5711375	5400018_G_F_1
15811	5966	8898.24885	5400395_R_F_1
17085	5967	6570.6678375	5400016_R_F_1
17087	5968	2655.9534375	5400016_G_F_1
14787	5969	10205.299875	5303547_R_F_1
14789	5970	1587.1333875	5303547_G_F_1
14791	5971	4973.8764375	5303547_G_F_3
14793	5972	8682.5532375	5303546_R_F_1
13083	5973	1493.7726	5303545_G_F_1
14795	5974	1284.5156625	5303549_R_F_2
16671	5975	5701.4467125	5303830_R_F_1
23517	5976	5369.85495	5400499_R_F_1
23519	5977	7938.886275	5400499_R_F_2
23521	5978	6818.556825	5400499_G_F_2
23523	5979	8293.0134	5400498_R_F_3
23525	5980	2482.1092125	5400498_G_F_1
15865	5981	67.6060875	5303782_R_F_1
23527	5982	424.95255	5400495_G_F_1
14359	5983	1410.069825	5303397_R_F_1
23529	5984	1754.5389375	5400497_R_F_2
23531	5985	5434.2417	5400497_G_F_1
16001	5986	8653.5792	5303421_R_F_1
23537	5987	6709.09935	5400493_R_F_1
17095	5988	518.3133375	5400270_R_F_1
17097	5989	6387.1656	5400270_R_F_4
19813	5990	0.0	5400474_R_F_2
12787	5991	1168.6195125	5400045_R_F_1
12789	5992	1191.154875	5400045_G_F_1
21115	5993	3602.4386625	5303931_G_F_1
23825	5994	1155.7421625	5303349_G_F_1
23639	5995	10247.1512625	5303348_R_F_2
19985	5996	6155.3733	5303261_R_F_1
23647	5997	8969.074275	5303345_R_F_1
23649	5998	6622.1772375	5303347_G_F_1
23651	5999	4619.7493125	5303340_G_F_1
17799	6000	994.7752875	5400059_R_F_1
17801	6001	4915.9283625	5400059_G_F_1
21723	6002	705.0349125	5303865_R_F_2
14241	6003	5875.2909375	5303193_R_F_3
13117	6004	5096.2112625	5400561_R_F_2
13119	6005	4117.5326625	5400561_R_F_3
13121	6006	1010.871975	5400561_G_F_1
17837	6007	2523.9606	5303747_R_F_1
20217	6008	6519.1584375	5400538_R_F_1
19165	6009	7848.744825	5400539_G_F_1
20567	6010	7101.858525	5400432_R_F_1
20569	6011	1474.456575	5400432_G_F_1
20571	6012	2279.29095	5400432_G_F_3
17497	6013	421.7332125	5400123_G_F_2
20573	6014	1780.2936375	5400437_G_F_1
17503	6015	51.5094	5400436_G_F_2
20579	6016	2259.974925	5400126_R_F_1
20517	6017	1468.0179	5400600_R_F_1
18501	6018	0.0	5400601_R_F_2
16585	6019	4452.3437625	5303685_R_F_1
16587	6020	8154.5818875	5303685_G_F_1
16589	6021	730.7896125	5303680_G_F_1
16591	6022	11821.4073	5303681_G_F_1
16593	6023	8556.999075	5303682_R_F_1
16595	6024	1110.6714375	5303682_G_F_1
20593	6025	914.29185	5303907_R_F_1
20595	6026	531.1906875	5303907_G_F_1
19171	6027	3547.709925	5303519_G_F_2
19173	6028	4668.039375	5303519_G_F_3
20597	6029	5627.40195	5303909_R_F_1
20599	6030	254.3276625	5303908_R_F_2
20601	6031	4829.00625	5303908_G_F_1
23779	6032	1889.7511125	5400547_R_F_1
23781	6033	1789.95165	5400546_G_F_2
23783	6034	9712.7412375	5400544_G_F_1
23051	6035	2704.2435	5400543_R_F_1
23053	6036	2243.8782375	5400542_G_F_1
23789	6037	3969.4431375	5400227_G_F_1
23791	6038	8486.17365	5400227_G_F_2
23793	6039	6982.7430375	5400290_R_F_3
21741	6040	9429.4395375	5400223_G_F_1
23797	6041	901.4145	5400549_G_F_2
23799	6042	0.0	5400548_R_F_4
23801	6043	515.094	5400548_G_F_4
16617	6044	6010.5031125	5303700_R_F_1
20811	6045	209.2569375	5400608_G_F_1
23653	6046	0.0	5303343_R_F_1
17189	6047	6866.8468875	5303317_G_F_1
17191	6048	4004.85585	5303319_G_F_1
18585	6049	695.3769	5303705_G_F_2
18587	6050	4027.3912125	5303704_G_F_1
16613	6051	4049.926575	5303706_R_F_1
18589	6052	15639.541575	5303252_G_F_2
22453	6053	2127.9820875	5400787_R_F_1
22167	6054	2018.5246125	5401323_R_F_1
18595	6055	0.0	5400761_R_F_5
18599	6056	4690.5747375	5400765_R_F_1
18601	6057	315.495075	5400765_R_F_2
18603	6058	51.5094	5400765_G_F_5
12687	6059	6100.6445625	5401553_R_F_1
22229	6060	10823.412675	5401492_G_F_2
22231	6061	189.9409125	5401492_G_F_3
22233	6062	2498.2059	5401491_G_F_2
24243	6063	1513.088625	5401497_G_F_1
22235	6064	1310.2703625	5401494_R_F_1
22237	6065	74.0447625	5401495_R_F_1
22239	6066	1010.871975	5401495_G_F_1
18083	6067	8965.8549375	5401391_G_F_1
14361	6068	8524.8057	5401259_R_F_2
18089	6069	1419.7278375	5401392_R_F_1
15577	6070	11679.75645	5401399_R_F_1
15579	6071	8251.1620125	5401399_G_F_3
15581	6072	3927.59175	5401398_R_F_1
20045	6073	3113.0993625	5401196_R_F_6
20047	6074	1393.9731375	5401196_G_F_2
17045	6075	4816.1289	5401690_R_F_1
17047	6076	6020.161125	5401690_R_F_3
17049	6077	8450.7609375	5401690_G_F_1
17051	6078	1889.7511125	5401690_G_F_2
20049	6079	5472.87375	5401199_G_F_1
14375	6080	3470.445825	5401788_R_F_2
22297	6081	4558.5819	5400817_R_F_1
21807	6082	878.8791375	5400816_R_F_1
18287	6083	5946.1163625	5400950_R_F_2
18289	6084	1493.7726	5400950_G_F_1
18291	6085	1738.44225	5400952_R_F_1
18293	6086	10169.8871625	5400952_G_F_1
16719	6087	3866.4243375	5401673_G_F_1
16721	6088	1265.1996375	5401673_G_F_2
16723	6089	11013.3535875	5401670_G_F_1
16725	6090	15214.589025	5401677_G_F_1
17053	6091	1181.4968625	5401102_R_F_2
17055	6092	766.202325	5401102_R_F_3
13643	6093	4671.2587125	5401103_R_F_1
13645	6094	0.0	5401103_R_F_3
13647	6095	769.4216625	5401103_R_F_5
13649	6096	746.8863	5401105_R_F_1
13651	6097	6184.3473375	5401105_G_F_1
13653	6098	6979.5237	5401106_G_F_1
13655	6099	3492.9811875	5401106_G_F_3
19749	6100	11988.81285	5401453_R_F_1
19331	6101	3290.162925	5401474_G_F_1
19333	6102	360.5658	5401475_R_F_3
19335	6103	6660.8092875	5401475_G_F_1
19337	6104	3998.417175	5401476_G_F_1
19339	6105	3270.8469	5401477_G_F_1
12769	6106	35.4127125	5400909_R_F_1
19341	6107	2108.6660625	5401472_G_F_2
22371	6108	3550.9292625	5401479_R_F_1
22373	6109	624.551475	5401479_G_F_1
22375	6110	1200.8128875	5401479_G_F_2
21545	6111	7005.2784	5400994_R_F_1
13339	6112	3779.502225	5400734_R_F_1
13341	6113	11760.2398875	5400735_R_F_2
13343	6114	7047.1297875	5400735_G_F_1
13349	6115	808.0537125	5400736_G_F_2
15143	6116	1690.1521875	5400737_G_F_1
13357	6117	2945.6938125	5400730_R_F_1
15155	6118	8235.065325	5400731_G_F_1
13361	6119	1941.2605125	5400732_R_F_1
13363	6120	3042.2739375	5400732_G_F_1
13365	6121	9104.28645	5400733_R_F_2
16211	6122	7954.9829625	5401034_R_F_1
16213	6123	7304.6767875	5401035_R_F_1
16215	6124	4693.794075	5401035_R_F_2
16217	6125	4993.1924625	5401031_R_F_1
16219	6126	1065.6007125	5401032_G_F_2
16221	6127	0.0	5401033_G_F_1
16819	6128	14045.9695125	5401607_R_F_1
16821	6129	6770.2667625	5401607_G_F_3
16829	6130	15050.4028125	5401606_R_F_1
20805	6131	12903.1047	5401605_R_F_2
15747	6132	16386.427875	5401603_R_F_1
16893	6133	15909.965925	5401602_R_F_1
20809	6134	17416.615875	5401601_R_F_1
16933	6135	13917.1960125	5401600_R_F_1
14983	6136	634.2094875	5401216_G_F_2
14985	6137	5324.784225	5401218_R_F_3
14987	6138	8222.187975	5401218_G_F_2
14989	6139	115.89615	5401219_G_F_1
14991	6140	8824.2040875	5401219_G_F_2
16239	6141	12803.3052375	5401351_R_F_1
22495	6142	3470.445825	5400855_G_F_1
22497	6143	453.9265875	5400855_G_F_2
22499	6144	10031.45565	5400854_G_F_1
22501	6145	4494.19515	5400857_G_F_1
22503	6146	160.966875	5400857_G_F_2
22505	6147	1496.9919375	5400857_G_F_3
22507	6148	15060.060825	5400856_R_F_1
22509	6149	9191.2085625	5400851_R_F_1
22537	6150	10028.2363125	5400850_G_F_2
22511	6151	189.9409125	5400853_G_F_1
22049	6152	3045.493275	5400852_R_F_1
22051	6153	2881.3070625	5400852_R_F_2
22053	6154	6438.675	5400852_G_F_2
21547	6155	3866.4243375	5400995_G_F_1
21549	6156	363.7851375	5400996_R_F_1
21551	6157	1712.68755	5400997_G_F_1
19395	6158	1091.3554125	5401816_R_F_1
19397	6159	5501.8477875	5401817_R_F_1
19399	6160	6110.302575	5401817_G_F_1
21541	6161	1107.4521	5400998_R_F_1
21543	6162	2494.9865625	5400998_G_F_1
17681	6163	199.598925	5401151_R_F_1
17683	6164	6023.3804625	5401151_G_F_1
20181	6165	1281.296325	5401439_R_F_3
20183	6166	498.9973125	5401439_G_F_2
20185	6167	1580.6947125	5401439_G_F_3
15033	6168	8148.1432125	5400927_R_F_1
15193	6169	11924.4261	5401430_R_F_1
15195	6170	5653.15665	5401430_G_F_1
15197	6171	1847.899725	5401431_G_F_1
22555	6172	1358.560425	5401432_R_F_1
22639	6173	2263.1942625	5401433_R_F_3
22641	6174	6937.6723125	5401433_G_F_2
15201	6175	354.127125	5401434_R_F_2
22557	6176	412.0752	5401436_R_F_2
15245	6177	7372.282875	5400670_G_F_1
22561	6178	5057.5792125	5400673_G_F_1
15037	6179	669.6222	5400672_G_F_1
15039	6180	8350.961475	5400675_R_F_1
15041	6181	8927.2228875	5400674_R_F_1
22577	6182	14767.1011125	5400858_R_F_1
21553	6183	12864.47265	5400992_G_F_1
18061	6184	7391.5989	5401171_R_F_1
18063	6185	13179.967725	5401171_G_F_1
18065	6186	5994.406425	5401170_R_F_1
18067	6187	833.8084125	5401170_R_F_2
18069	6188	679.2802125	5401170_R_F_3
18071	6189	254.3276625	5401173_G_F_2
18073	6190	2420.9418	5401177_R_F_1
16781	6191	19.316025	5401072_R_F_1
16783	6192	61.1674125	5401074_G_F_2
13821	6193	2736.436875	5400770_R_F_1
13823	6194	6589.9838625	5400770_G_F_1
13825	6195	4587.5559375	5400771_R_F_2
13827	6196	9825.41805	5400771_G_F_1
13829	6197	1168.6195125	5400772_R_F_1
13831	6198	10102.281075	5400775_G_F_1
14307	6199	61.1674125	5401541_R_F_2
14309	6200	196.3795875	5401541_R_F_3
14311	6201	257.547	5401541_R_F_4
14313	6202	2253.53625	5401541_R_F_5
14317	6203	5105.869275	5401547_G_F_2
20959	6204	5421.36435	5401386_R_F_1
20961	6205	2907.0617625	5401386_G_F_4
20277	6206	5901.0456375	5401850_G_F_2
15081	6207	1645.0814625	5401183_R_F_2
15083	6208	5862.4135875	5401185_R_F_2
15801	6209	4075.681275	5400966_R_F_1
15803	6210	6953.769	5400960_R_F_1
16845	6211	6055.5738375	5400802_R_F_1
16847	6212	0.0	5400802_G_F_1
16849	6213	2765.4109125	5400803_R_F_1
16851	6214	3795.5989125	5400803_G_F_1
16853	6215	0.0	5400803_G_F_2
16855	6216	2977.8871875	5400800_R_F_1
16857	6217	8244.7233375	5400800_G_F_1
16859	6218	8177.11725	5400801_R_F_2
16861	6219	6242.2954125	5400801_G_F_1
13075	6220	1606.4494125	5401768_R_F_1
13077	6221	1065.6007125	5401768_G_F_1
22797	6222	9825.41805	5401689_R_F_2
22799	6223	3219.3375	5401689_G_F_1
21867	6224	5704.66605	5401688_R_F_1
21869	6225	672.8415375	5401688_R_F_2
21871	6226	7897.0348875	5401688_G_F_1
22801	6227	2153.7367875	5401687_R_F_1
22803	6228	6683.34465	5401687_G_F_1
22805	6229	4639.0653375	5401687_G_F_2
22395	6230	7871.2801875	5401686_R_F_1
22397	6231	180.2829	5401686_G_F_1
22399	6232	9635.4771375	5401686_G_F_2
22807	6233	8804.8880625	5401685_G_F_2
22809	6234	3534.832575	5401685_G_F_3
23667	6235	6438.675	5401684_G_F_1
22811	6236	2008.8666	5401683_R_F_1
22813	6237	8041.905075	5401683_G_F_1
22815	6238	5563.0152	5401683_G_F_2
21873	6239	6367.849575	5401682_G_F_2
21875	6240	2494.9865625	5401682_G_F_3
21877	6241	283.3017	5401682_G_F_4
22819	6242	589.1387625	5401681_R_F_2
22421	6243	7604.075175	5401680_R_F_1
22823	6244	1548.5013375	5401441_G_F_5
14565	6245	3254.7502125	5401445_R_F_1
14567	6246	399.19785	5401445_G_F_2
18205	6247	115.89615	5400705_R_F_1
22825	6248	2243.8782375	5401449_R_F_2
22827	6249	3779.502225	5401449_R_F_3
23117	6250	6754.170075	5401002_R_F_1
22867	6251	3222.5568375	5401004_R_F_1
15825	6252	2527.1799375	5400634_R_F_1
15827	6253	3200.021475	5400634_G_F_1
15829	6254	2337.239025	5400631_G_F_2
15831	6255	3573.464625	5400630_R_F_1
15833	6256	8048.34375	5400630_G_F_1
22919	6257	10781.5612875	5401346_R_F_3
22921	6258	3708.6768	5401347_R_F_3
22923	6259	1458.3598875	5401347_G_F_4
22693	6260	7645.9265625	5401344_R_F_1
22695	6261	12140.1217125	5401344_G_F_1
22925	6262	1265.1996375	5401345_R_F_5
21645	6263	1818.9256875	5401343_R_F_1
21647	6264	7726.41	5401343_G_F_1
22777	6265	12787.20855	5401341_R_F_1
17059	6266	801.6150375	5400792_R_F_1
17061	6267	2221.342875	5400792_R_F_2
20329	6268	3.2193375	5401220_R_F_2
22161	6269	2150.51745	5401349_R_F_1
22163	6270	8920.7842125	5401349_R_F_2
22165	6271	4326.7896	5401349_G_F_2
18933	6272	13640.3329875	5400748_R_F_1
18935	6273	511.8746625	5400748_G_F_1
17551	6274	621.3321375	5400848_R_F_3
17553	6275	7919.57025	5400848_G_F_1
17555	6276	4352.5443	5400849_R_F_2
23033	6277	0.0	5401537_R_F_1
23035	6278	309.0564	5401537_R_F_3
23037	6279	2697.804825	5401537_G_F_3
23039	6280	41.8513875	5401537_G_F_4
23041	6281	421.7332125	5401537_G_F_6
14613	6282	9142.9185	5401868_G_F_1
15225	6283	2681.7081375	5401406_G_F_1
15227	6284	10047.5523375	5401401_R_F_1
15229	6285	8305.89075	5401401_G_F_1
15231	6286	5843.0975625	5401403_G_F_1
15233	6287	0.0	5401402_G_F_1
15235	6288	5572.6732125	5401409_G_F_1
23085	6289	4094.9973	5400833_R_F_1
23087	6290	463.5846	5400833_R_F_2
23089	6291	679.2802125	5400830_R_F_1
18929	6292	3750.5281875	5400749_R_F_1
18931	6293	302.617725	5400749_G_F_1
13155	6294	2185.9301625	5401167_G_F_1
17589	6295	1464.7985625	5401710_R_F_4
17593	6296	11843.9426625	5401712_G_F_2
21921	6297	3908.275725	5401303_G_F_2
21923	6298	0.0	5401300_R_F_2
14977	6299	3119.5380375	5401214_G_F_1
20391	6300	5662.8146625	5400666_G_F_1
20393	6301	13556.6302125	5400667_G_F_1
20395	6302	7146.92925	5400664_G_F_1
20397	6303	8711.527275	5400665_R_F_1
20399	6304	2823.3589875	5400665_G_F_1
20401	6305	0.0	5400662_G_F_1
20403	6306	11309.5326375	5400663_R_F_1
20405	6307	296.17905	5400663_G_F_1
20407	6308	849.9051	5400660_G_F_1
23207	6309	6673.6866375	5400661_G_F_1
18937	6310	289.740375	5400745_G_F_1
18939	6311	1600.0107375	5400745_G_F_3
18941	6312	315.495075	5400747_R_F_3
18943	6313	241.4503125	5400747_R_F_6
18945	6314	962.5819125	5400747_G_F_1
18947	6315	13540.533525	5401831_R_F_1
15881	6316	2469.2318625	5401371_R_F_1
15883	6317	4223.7708	5401371_G_F_3
15885	6318	1648.3008	5401370_G_F_3
22209	6319	4845.1029375	5401885_G_F_1
22241	6320	7146.92925	5401884_R_F_1
23633	6321	0.0	5401886_G_F_2
17033	6322	5292.59085	5401698_R_F_1
17035	6323	930.3885375	5401698_G_F_3
18365	6324	5459.9964	5401753_R_F_2
18367	6325	6293.8048125	5401753_G_F_1
18369	6326	3399.6204	5401759_G_F_1
18371	6327	32.193375	5401758_R_F_1
21237	6328	7098.6391875	5401597_R_F_1
21239	6329	3142.0734	5401593_R_F_1
21241	6330	4690.5747375	5401592_G_F_1
20789	6331	2459.57385	5401591_R_F_1
20791	6332	4996.4118	5401591_G_F_1
16727	6333	1374.6571125	5401678_R_F_1
21245	6334	3679.7027625	5401598_R_F_1
16729	6335	1551.720675	5401679_R_F_2
14745	6336	11522.0089125	5400659_R_F_1
14747	6337	5411.7063375	5400659_G_F_1
12799	6338	4478.0984625	5400658_G_F_1
14749	6339	1815.70635	5400657_G_F_1
12815	6340	1699.8102	5400656_G_F_1
22851	6341	10044.333	5400799_R_F_1
22853	6342	5356.9776	5400799_G_F_1
14751	6343	35.4127125	5400653_R_F_1
14753	6344	2411.2837875	5400653_G_F_1
14755	6345	3785.9409	5400652_R_F_1
17677	6346	2507.8639125	5401155_R_F_1
17679	6347	1867.21575	5401155_G_F_1
21887	6348	978.6786	5400795_R_F_1
13425	6349	8399.2515375	5401018_G_F_1
16477	6350	13836.712575	5401019_R_F_1
16479	6351	4020.9525375	5401019_G_F_1
16481	6352	3876.08235	5401015_G_F_2
13557	6353	5141.2819875	5401011_G_F_1
13559	6354	7610.51385	5401011_G_F_2
22305	6355	3113.0993625	5401348_R_F_1
21259	6356	5839.878225	5401628_R_F_1
15407	6357	5611.3052625	5401238_R_F_2
15411	6358	1480.89525	5401237_G_F_3
18211	6359	2829.7976625	5401234_G_F_2
15417	6360	2684.927475	5401235_R_F_1
15419	6361	1493.7726	5401235_R_F_4
13333	6362	4059.5845875	5400715_G_F_1
13335	6363	5775.491475	5400712_R_F_1
13337	6364	2224.5622125	5400710_R_F_1
21915	6365	148.089525	5401526_R_F_1
21917	6366	4484.5371375	5401526_G_F_1
17741	6367	1278.0769875	5401527_R_F_1
21919	6368	7964.640975	5401524_G_F_1
16531	6369	659.9641875	5401489_R_F_2
16533	6370	5015.727825	5401488_R_F_3
23553	6371	7356.1861875	5401520_G_F_2
16535	6372	10543.3303125	5401485_G_F_1
16537	6373	10681.761825	5401484_R_F_1
16539	6374	1683.7135125	5401486_G_F_1
16541	6375	3570.2452875	5401481_R_F_3
16543	6376	8637.4825125	5401481_G_F_1
19089	6377	4053.1459125	5401243_G_F_1
14879	6378	2636.6374125	5401429_R_F_1
14881	6379	2047.49865	5401429_G_F_1
19091	6380	41.8513875	5401240_R_F_1
19815	6381	1419.7278375	5401878_R_F_3
20005	6382	10559.427	5400911_G_F_1
20489	6383	5643.4986375	5401412_R_F_1
20491	6384	5443.8997125	5401412_G_F_1
20493	6385	8827.423425	5401410_R_F_1
20495	6386	1863.9964125	5401410_G_F_1
20497	6387	2729.9982	5401414_R_F_1
20499	6388	3457.568475	5401414_G_F_2
19487	6389	2672.050125	5401260_G_F_4
15423	6390	6020.161125	5400949_G_F_1
17105	6391	5836.6588875	5401051_G_F_2
23669	6392	1503.4306125	5401669_G_F_1
23671	6393	1210.4709	5401669_G_F_2
21717	6394	5907.4843125	5401668_G_F_1
21719	6395	6187.566675	5401668_G_F_2
15425	6396	11789.213925	5400948_R_F_1
22207	6397	0.0	5401708_R_F_1
25255	6398	251.108325	5401708_G_F_3
23681	6399	3203.2408125	5401704_G_F_1
23683	6400	6303.462825	5401705_R_F_1
23685	6401	2681.7081375	5401705_R_F_2
23687	6402	7034.2524375	5401703_R_F_1
23689	6403	2952.1324875	5401703_G_F_1
23691	6404	2540.0572875	5401703_G_F_2
23693	6405	5459.9964	5401700_R_F_1
23695	6406	3930.8110875	5401701_G_F_2
17803	6407	1445.4825375	5400729_R_F_3
21299	6408	13566.288225	5401027_R_F_1
21301	6409	10082.96505	5401026_R_F_1
21303	6410	6480.5263875	5401025_G_F_1
21305	6411	8231.8459875	5401025_G_F_2
21307	6412	11538.1056	5401024_G_F_1
21309	6413	7127.613225	5401023_G_F_2
21311	6414	8859.6168	5401022_G_F_1
21313	6415	10221.3965625	5401021_R_F_1
21315	6416	12162.657075	5401020_R_F_1
15429	6417	2018.5246125	5400947_R_F_1
15431	6418	8505.489675	5400947_G_F_1
21317	6419	10546.54965	5401029_R_F_1
21319	6420	1967.0152125	5401029_G_F_1
21321	6421	10401.6794625	5401029_G_F_2
21323	6422	6847.5308625	5401028_R_F_1
21325	6423	10488.601575	5401028_G_F_1
21327	6424	2424.1611375	5401028_G_F_2
14255	6425	518.3133375	5400758_G_F_3
14257	6426	1294.173675	5400759_G_F_4
14259	6427	38.63205	5400752_R_F_1
14261	6428	2350.116375	5400752_R_F_2
14263	6429	299.3983875	5400752_G_F_1
14265	6430	489.3393	5400752_G_F_3
14267	6431	360.5658	5400753_G_F_1
14269	6432	1175.0581875	5400753_G_F_2
14271	6433	6470.868375	5400750_R_F_3
14273	6434	0.0	5400751_R_F_1
14275	6435	70.825425	5400751_R_F_3
14277	6436	518.3133375	5400751_G_F_1
14279	6437	0.0	5400751_G_F_2
14281	6438	1812.4870125	5400756_G_F_4
19889	6439	1683.7135125	5401202_G_F_4
19899	6440	5614.5246	5401205_R_F_2
19901	6441	3924.3724125	5401205_R_F_4
19903	6442	5118.746625	5401205_G_F_1
19905	6443	2401.625775	5401204_G_F_2
23019	6444	328.372425	5401539_R_F_1
23021	6445	1654.739475	5401539_G_F_2
22097	6446	962.5819125	5401538_R_F_1
22099	6447	1799.6096625	5401538_G_F_2
22101	6448	148.089525	5401538_G_F_3
23811	6449	7060.0071375	5401510_G_F_1
13509	6450	3901.83705	5401298_R_F_2
13511	6451	775.8603375	5401298_G_F_2
17171	6452	711.4735875	5400863_G_F_1
17173	6453	2282.5102875	5400864_R_F_1
17897	6454	2578.6893375	5401099_R_F_1
17899	6455	6174.689325	5401099_R_F_2
13539	6456	8283.3553875	5401743_R_F_1
13541	6457	2961.7905	5401741_G_F_2
13543	6458	5038.2631875	5401746_G_F_1
13545	6459	6152.1539625	5401748_R_F_1
13547	6460	2620.540725	5401749_R_F_1
13549	6461	589.1387625	5401749_G_F_1
16089	6462	4465.2211125	5401586_R_F_1
16091	6463	2800.823625	5401586_G_F_1
16093	6464	3908.275725	5401587_R_F_1
20003	6465	54.7287375	5400910_G_F_2
16095	6466	0.0	5401589_R_F_1
16097	6467	0.0	5401589_G_F_2
16111	6468	988.3366125	5401639_G_F_4
22255	6469	3756.9668625	5401145_R_F_1
22257	6470	1255.541625	5401145_G_F_3
23887	6471	6184.3473375	5401147_G_F_1
23889	6472	9554.9937	5401140_R_F_1
23891	6473	2948.91315	5401140_G_F_1
22857	6474	5936.45835	5401142_R_F_2
23899	6475	4400.8343625	5401061_R_F_2
23581	6476	7169.4646125	5401261_R_F_2
21243	6477	12523.222875	5401599_R_F_1
23069	6478	3303.040275	5401638_R_F_4
16113	6479	3811.6956	5401637_R_F_1
23935	6480	2736.436875	5401635_G_F_4
23919	6481	177.0635625	5401630_R_F_2
23921	6482	872.4404625	5401630_G_F_3
14979	6483	2060.376	5401215_G_F_1
14981	6484	2807.2623	5401215_G_F_5
20727	6485	11338.506675	5700894_R_F_1
20729	6486	7468.863	5700891_G_F_1
20731	6487	5311.906875	5700892_R_F_1
20733	6488	12037.1029125	5700892_G_F_1
17965	6489	7842.30615	5700893_R_F_1
16115	6490	11283.7779375	5701411_R_F_1
16117	6491	7494.6177	5701410_R_F_1
21473	6492	589.1387625	5701321_R_F_2
22213	6493	1732.003575	5701632_G_F_1
14363	6494	9625.819125	5700828_G_F_1
20043	6495	5975.0904	5701150_R_F_1
18615	6496	228.5729625	5701527_R_F_2
17225	6497	3612.096675	5701526_G_F_2
16835	6498	11470.4995125	5701257_R_F_1
16837	6499	975.4592625	5701256_R_F_2
16839	6500	1773.8549625	5701256_R_F_3
16841	6501	2269.6329375	5701256_G_F_1
16843	6502	6107.0832375	5701256_G_F_3
18633	6503	3766.624875	5700699_R_F_1
18635	6504	7510.7143875	5700699_G_F_1
18637	6505	4693.794075	5700696_R_F_1
18639	6506	3731.2121625	5700696_R_F_2
18641	6507	2253.53625	5700696_G_F_1
18643	6508	6074.8898625	5700696_G_F_2
18645	6509	3216.1181625	5700125_R_F_1
18647	6510	0.0	5700126_G_F_1
16891	6511	3087.3446625	5700695_G_F_1
18653	6512	7452.7663125	5700693_R_F_1
14935	6513	624.551475	5700600_R_F_1
20105	6514	4040.2685625	5700461_G_F_4
20107	6515	2665.61145	5700460_R_F_2
20109	6516	3129.19605	5700460_G_F_2
20111	6517	4001.6365125	5700463_G_F_1
20113	6518	4175.4807375	5700463_G_F_2
20115	6519	11171.101125	5700462_R_F_1
14663	6520	2594.786025	5700465_R_F_1
14665	6521	2990.7645375	5700465_G_F_1
14667	6522	5762.614125	5700465_G_F_2
14669	6523	3103.44135	5700464_G_F_1
20119	6524	2527.1799375	5700466_R_F_1
14913	6525	5488.9704375	5701558_G_F_2
22743	6526	38.63205	5700191_R_F_2
22325	6527	2462.7931875	5700195_R_F_1
22327	6528	1593.5720625	5700195_G_F_2
22329	6529	3576.6839625	5700195_G_F_3
13851	6530	8692.21125	5700117_R_F_1
17259	6531	3959.785125	5700516_R_F_1
17261	6532	8579.5344375	5700046_G_F_3
17265	6533	898.1951625	5700519_G_F_1
14405	6534	4284.9382125	5701167_R_F_1
14407	6535	77.2641	5701167_R_F_3
22451	6536	12304.307925	5700866_R_F_1
14905	6537	1255.541625	5700863_G_F_2
18817	6538	9471.290925	5700599_G_F_2
19377	6539	5791.5881625	5701563_R_F_1
19379	6540	4487.756475	5701561_R_F_1
19381	6541	3315.917625	5701561_R_F_2
19383	6542	8093.414475	5701560_G_F_1
19385	6543	2800.823625	5701567_R_F_2
19387	6544	3241.8728625	5701567_R_F_3
19389	6545	3586.341975	5701565_R_F_2
20857	6546	6445.113675	5700792_R_F_1
20859	6547	309.0564	5700791_G_F_1
16619	6548	1162.1808375	5700790_R_F_2
16621	6549	5514.7251375	5700790_G_F_2
15691	6550	109.457475	5700649_G_F_2
18771	6551	2639.85675	5700640_R_F_1
13789	6552	273.6436875	5701205_R_F_5
13791	6553	3924.3724125	5701205_G_F_1
21829	6554	6374.28825	5701368_G_F_1
13801	6555	6815.3374875	5701201_R_F_1
12893	6556	830.589075	5701208_G_F_1
17505	6557	698.5962375	5701057_G_F_3
16775	6558	321.93375	5701012_R_F_3
22531	6559	5476.0930875	5700547_R_F_1
22533	6560	3805.256925	5700545_R_F_2
21843	6561	8354.1808125	5700012_R_F_1
19423	6562	4362.2023125	5701386_G_F_1
19425	6563	135.212175	5701385_R_F_2
19427	6564	1294.173675	5701385_G_F_2
19429	6565	11006.9149125	5701384_R_F_1
19431	6566	1706.248875	5701384_G_F_1
19433	6567	4433.0277375	5701383_G_F_1
19435	6568	3042.2739375	5701382_R_F_2
19437	6569	1204.032225	5701381_R_F_3
19439	6570	11972.7161625	5701388_R_F_1
19447	6571	189.9409125	5700162_R_F_1
19449	6572	1113.890775	5700162_G_F_5
19451	6573	3641.0707125	5700163_R_F_1
19453	6574	289.740375	5700163_G_F_2
19455	6575	1628.984775	5700164_G_F_2
21659	6576	2910.2811	5700165_G_F_2
19461	6577	10826.6320125	5700166_R_F_1
13947	6578	1699.8102	5701065_G_F_2
19463	6579	1516.3079625	5700168_G_F_1
18631	6580	11196.855825	5700698_R_F_1
20901	6581	12867.6919875	5700425_R_F_1
20903	6582	7127.613225	5700424_R_F_1
20905	6583	7011.717075	5700424_G_F_1
20907	6584	6818.556825	5700426_G_F_1
20909	6585	5891.387625	5700426_G_F_2
19163	6586	743.6669625	5701198_G_F_1
22673	6587	1361.7797625	5700946_R_F_1
22675	6588	3425.3751	5700947_R_F_2
16799	6589	6686.5639875	5700944_R_F_2
16881	6590	10214.9578875	5700697_R_F_1
16883	6591	4648.72335	5700697_G_F_1
22677	6592	882.098475	5700948_R_F_1
16801	6593	1909.0671375	5700949_G_F_1
21611	6594	11885.79405	5701400_R_F_1
21613	6595	1088.136075	5701401_G_F_2
16889	6596	9950.9722125	5700694_R_F_1
17479	6597	3763.4055375	5701580_G_F_2
18703	6598	2794.38495	5701582_R_F_2
17483	6599	9200.866575	5701585_R_F_2
17485	6600	6902.2596	5701584_R_F_1
20581	6601	6973.085025	5701586_R_F_1
21839	6602	13714.37775	5700018_R_F_2
21841	6603	12887.0080125	5700018_G_F_1
23923	6604	608.4547875	5700837_R_F_1
23925	6605	8257.6006875	5700837_G_F_1
22727	6606	1542.0626625	5700835_G_F_2
19489	6607	251.108325	5700833_R_F_2
19491	6608	12571.5129375	5700830_G_F_2
14773	6609	4336.4476125	5701140_R_F_2
14775	6610	5009.28915	5701140_G_F_1
17961	6611	4500.633825	5701533_G_F_3
15593	6612	0.0	5700296_R_F_1
20345	6613	11409.3321	5700297_R_F_1
20347	6614	7748.9453625	5700297_G_F_1
15085	6615	6313.1208375	5700298_R_F_1
15087	6616	12838.71795	5700299_R_F_1
15089	6617	6535.255125	5700299_G_F_1
13847	6618	7407.6955875	5700115_R_F_1
13849	6619	5408.487	5700114_R_F_1
18673	6620	11254.8039	5701524_R_F_1
18821	6621	45.070725	5700594_R_F_1
18823	6622	12.87735	5700597_R_F_1
18825	6623	1152.522825	5700597_R_F_3
14301	6624	8367.0581625	5701511_G_F_1
18629	6625	5849.5362375	5701253_R_F_1
16333	6626	2134.4207625	5701331_R_F_1
21625	6627	3344.8916625	5700201_G_F_2
21627	6628	8544.121725	5700203_R_F_1
21629	6629	8309.1100875	5700203_G_F_1
16335	6630	15984.0106875	5700577_R_F_1
16337	6631	11077.7403375	5700576_R_F_2
16339	6632	4597.21395	5700575_G_F_1
16341	6633	3927.59175	5700570_R_F_1
16343	6634	1789.95165	5700570_R_F_2
16345	6635	1744.880925	5700579_R_F_1
17509	6636	5012.5084875	5700184_R_F_1
17511	6637	3138.8540625	5700185_G_F_1
17513	6638	6354.972225	5700185_G_F_2
17515	6639	1719.126225	5700182_G_F_2
17517	6640	4194.7967625	5700182_G_F_3
17519	6641	5070.4565625	5700181_R_F_1
17521	6642	247.8889875	5700181_G_F_1
22267	6643	7040.6911125	5701028_R_F_1
22269	6644	11167.8817875	5701029_R_F_1
22271	6645	9281.3500125	5701029_G_F_1
15453	6646	7356.1861875	5701458_G_F_2
15457	6647	421.7332125	5701107_R_F_2
14325	6648	57.948075	5700170_R_F_2
14327	6649	956.1432375	5700170_G_F_3
20323	6650	2334.0196875	5700875_R_F_2
20325	6651	2945.6938125	5700875_G_F_3
22947	6652	7201.6579875	5701571_G_F_1
14587	6653	6.438675	5701572_G_F_1
14589	6654	5395.60965	5701572_G_F_2
14593	6655	4748.5228125	5701576_R_F_1
22951	6656	14612.5729125	5701577_R_F_1
22953	6657	4829.00625	5700972_R_F_1
23541	6658	9992.8236	5700970_R_F_1
13929	6659	418.513875	5701061_R_F_1
15835	6660	38.63205	5700788_R_F_1
19839	6661	1851.1190625	5701657_G_F_1
22273	6662	3154.95075	5701027_G_F_1
16949	6663	9216.9632625	5700029_G_F_1
16951	6664	2926.3777875	5700023_R_F_1
16953	6665	5273.274825	5700022_R_F_2
16955	6666	1809.267675	5700022_G_F_1
16957	6667	10994.0375625	5700022_G_F_2
16959	6668	14493.457425	5700026_R_F_1
14621	6669	5237.8621125	5701390_G_F_2
22011	6670	3274.0662375	5701391_R_F_1
22013	6671	215.6956125	5701391_G_F_1
23577	6672	1136.4261375	5700520_G_F_1
18259	6673	6602.8612125	5701099_R_F_2
18261	6674	238.230975	5701099_G_F_1
18263	6675	3595.9999875	5701097_G_F_1
18265	6676	4085.3392875	5701097_G_F_2
18269	6677	4462.001775	5701095_R_F_1
18271	6678	3068.0286375	5701095_R_F_2
14997	6679	4474.879125	5701094_R_F_1
14999	6680	16.0966875	5701093_G_F_2
15001	6681	4697.0134125	5701091_G_F_1
19611	6682	547.287375	5700445_R_F_1
19613	6683	1168.6195125	5700444_R_F_1
19615	6684	1844.6803875	5700443_R_F_1
19617	6685	849.9051	5700442_R_F_1
19619	6686	3.2193375	5700441_R_F_4
19621	6687	418.513875	5700448_R_F_1
15863	6688	1468.0179	5700431_G_F_1
16605	6689	3950.1271125	5701351_R_F_1
16441	6690	3068.0286375	5701437_G_F_2
13845	6691	6483.745725	5700113_G_F_2
23221	6692	5427.803025	5701224_R_F_1
23223	6693	6139.2766125	5701225_G_F_1
23225	6694	1468.0179	5701225_G_F_2
23227	6695	8447.5416	5701226_R_F_1
23229	6696	1194.3742125	5701226_G_F_3
14019	6697	4062.803925	5701356_R_F_3
14021	6698	1178.277525	5701356_G_F_1
23231	6699	1200.8128875	5701222_R_F_2
23233	6700	354.127125	5701223_R_F_1
15877	6701	1178.277525	5700924_G_F_2
18993	6702	11985.5935125	5701505_R_F_1
18285	6703	7240.2900375	5701506_R_F_1
23301	6704	10652.7877875	5701041_R_F_1
16455	6705	10237.49325	5701296_G_F_1
22759	6706	981.8979375	5700751_G_F_1
19155	6707	5057.5792125	5700580_R_F_1
23337	6708	376.6624875	5701343_R_F_3
23339	6709	2414.503125	5701343_G_F_4
21679	6710	12645.5577	5701614_R_F_1
21681	6711	2675.2694625	5701617_G_F_1
23343	6712	7166.245275	5701616_G_F_1
16467	6713	13913.976675	5700748_R_F_1
23345	6714	7942.1056125	5701610_R_F_1
23347	6715	3470.445825	5701610_R_F_3
23349	6716	1387.5344625	5701610_G_F_1
23351	6717	13936.5120375	5701345_R_F_3
16469	6718	1255.541625	5700747_R_F_1
23357	6719	5846.3169	5701619_G_F_1
23359	6720	566.6034	5701618_R_F_2
23363	6721	1229.786925	5700565_R_F_2
23365	6722	3731.2121625	5700565_G_F_4
20425	6723	2684.927475	5700403_G_F_2
22383	6724	1120.32945	5700315_R_F_1
22385	6725	611.674125	5700315_G_F_5
23375	6726	386.3205	5700314_R_F_3
23429	6727	4790.3742	5700313_R_F_1
23431	6728	6515.9391	5700311_R_F_1
15003	6729	2643.0760875	5701090_G_F_2
19057	6730	5643.4986375	5700367_R_F_1
19059	6731	7729.6293375	5700367_G_F_1
19061	6732	489.3393	5700368_R_F_1
19063	6733	3847.1083125	5700368_G_F_1
14771	6734	734.00895	5701149_G_F_2
13001	6735	5624.1826125	5701492_R_F_1
14777	6736	2041.059975	5701142_G_F_2
14779	6737	595.5774375	5701142_G_F_3
13003	6738	4655.162025	5701145_G_F_1
13005	6739	8866.055475	5701147_R_F_1
14783	6740	8286.574725	5701146_R_F_1
16871	6741	6680.1253125	5700888_G_F_1
15409	6742	3756.9668625	5700887_G_F_2
16877	6743	3979.10115	5700882_G_F_1
15413	6744	8363.838825	5700881_R_F_1
15415	6745	4516.7305125	5700881_G_F_2
21825	6746	3454.3491375	5700880_R_F_1
16499	6747	2147.2981125	5700968_R_F_3
21133	6748	0.0	5701318_R_F_2
21135	6749	1065.6007125	5701318_G_F_1
13345	6750	3959.785125	5701269_R_F_2
13347	6751	3869.643675	5701269_G_F_2
17101	6752	9387.58815	5701033_G_F_2
13353	6753	2588.34735	5700682_G_F_1
13355	6754	3525.1745625	5700687_G_F_1
23579	6755	1545.282	5700521_G_F_1
23495	6756	3035.8352625	5700523_G_F_1
23583	6757	2057.1566625	5700525_G_F_1
13359	6758	0.0	5700130_G_F_3
13839	6759	1944.47985	5701530_G_F_1
19827	6760	2218.1235375	5700638_G_F_1
13367	6761	11921.2067625	5701089_R_F_1
19829	6762	3766.624875	5700634_R_F_1
19831	6763	4880.51565	5700634_G_F_1
13413	6764	402.4171875	5700635_R_F_1
13415	6765	4355.7636375	5700635_G_F_1
19833	6766	4352.5443	5700636_G_F_1
19835	6767	1751.3196	5700147_G_F_2
13451	6768	1947.6991875	5700633_R_F_1
14823	6769	1719.126225	5700457_G_F_1
14825	6770	6316.340175	5700458_R_F_1
13369	6771	0.0	5700354_R_F_2
13371	6772	1590.352725	5700354_R_F_3
14623	6773	2833.017	5700148_R_F_1
23673	6774	14651.2049625	5700034_R_F_1
23675	6775	9754.592625	5700032_G_F_1
23677	6776	9587.187075	5700033_R_F_1
23679	6777	13122.01965	5700031_R_F_2
23815	6778	379.881825	5700778_R_F_1
14781	6779	12787.20855	5701495_G_F_2
23729	6780	788.7376875	5701422_R_F_1
17851	6781	6361.4109	5701213_R_F_1
17853	6782	3084.125325	5701215_G_F_3
17855	6783	2668.8307875	5701214_G_F_1
17857	6784	2826.578325	5701214_G_F_2
17859	6785	4700.23275	5701217_R_F_2
17861	6786	3013.2999	5701217_G_F_1
17863	6787	3528.3939	5701217_G_F_2
17865	6788	4420.1503875	5701217_G_F_3
17867	6789	3888.9597	5701217_G_F_4
21341	6790	5250.7394625	5700915_G_F_1
14297	6791	2736.436875	5701513_R_F_1
14299	6792	10742.9292375	5701513_G_F_1
23341	6793	4552.143225	5701342_R_F_1
22705	6794	7050.349125	5701620_G_F_1
15449	6795	193.16025	5701109_R_F_4
15451	6796	67.6060875	5701108_R_F_2
15455	6797	12848.3759625	5701457_R_F_1
17531	6798	9526.0196625	5701455_G_F_1
17533	6799	13489.024125	5701454_R_F_1
13803	6800	12619.803	5701450_G_F_1
21729	6801	283.3017	5701288_R_F_1
21731	6802	14261.665125	5701288_G_F_1
21733	6803	10182.7645125	5701284_G_F_2
21735	6804	8592.4117875	5701285_R_F_1
21737	6805	225.353625	5701285_G_F_2
21739	6806	4465.2211125	5701285_G_F_3
23795	6807	6963.4270125	5701282_R_F_3
15237	6808	2581.908675	5701283_G_F_1
15239	6809	215.6956125	5701283_G_F_2
23813	6810	1168.6195125	5700779_R_F_4
15349	6811	202.8182625	5700552_R_F_1
16615	6812	2990.7645375	5700554_G_F_1
15495	6813	3367.427025	5700412_G_F_1
15497	6814	1300.61235	5700413_G_F_1
15499	6815	6902.2596	5700417_G_F_3
14323	6816	151.3088625	5700171_R_F_1
17907	6817	3090.564	5701076_G_F_4
23591	6818	663.183525	5700073_G_F_1
23593	6819	93.3607875	5700073_G_F_2
23299	6820	6702.660675	5700074_G_F_1
23917	6821	0.0	5700075_G_F_2
17915	6822	7047.1297875	5700305_R_F_1
17917	6823	8096.6338125	5700301_G_F_1
20687	6824	1084.9167375	5700094_G_F_1
20689	6825	1677.2748375	5700095_R_F_1
20691	6826	115.89615	5700095_G_F_1
20693	6827	3612.096675	5700096_R_F_1
20695	6828	177.0635625	5700097_G_F_1
20697	6829	6486.9650625	5700093_R_F_1
16945	6830	3415.7170875	5701370_G_F_1
22245	6831	1290.9543375	5802046_G_F_1
22247	6832	2485.32855	5802046_G_F_3
22261	6833	6969.8656875	5802047_R_F_1
22263	6834	444.268575	5802047_G_F_1
21451	6835	4758.180825	5802163_R_F_1
21453	6836	7806.8934375	5802161_R_F_1
21455	6837	11464.0608375	5802161_G_F_1
21457	6838	3718.3348125	5802160_R_F_1
21995	6839	1113.890775	5802048_G_F_2
21997	6840	1323.1477125	5802049_R_F_2
18591	6841	882.098475	5901071_G_F_4
18593	6842	7636.26855	5901070_G_F_1
17213	6843	5427.803025	5802191_R_F_1
17215	6844	6387.1656	5802191_G_F_1
13569	6845	12021.006225	5900611_R_F_1
22243	6846	5662.8146625	5900751_G_F_1
14917	6847	0.0	5900750_R_F_2
14919	6848	2276.0716125	5900752_R_F_1
14921	6849	6480.5263875	5900752_G_F_4
17205	6850	5447.11905	5901172_R_F_1
16171	6851	640.6481625	5900108_R_F_3
16173	6852	457.145925	5900104_G_F_5
16181	6853	80.4834375	5900101_G_F_1
21459	6854	260.7663375	5802166_R_F_1
21461	6855	2288.9489625	5802166_G_F_1
22311	6856	4088.558625	5900976_G_F_1
20801	6857	8582.753775	5901254_R_F_1
20127	6858	2137.6401	5901043_G_F_1
19365	6859	0.0	5901032_R_F_1
18003	6860	3344.8916625	5901139_R_F_2
18005	6861	93.3607875	5901137_G_F_1
18007	6862	0.0	5901134_R_F_1
18009	6863	1474.456575	5901134_R_F_2
15651	6864	9876.92745	5900719_R_F_2
15653	6865	90.14145	5900719_G_F_1
15655	6866	318.7144125	5900716_R_F_1
15657	6867	11245.1458875	5900716_G_F_1
19391	6868	8466.857625	5900784_R_F_1
18051	6869	11113.15305	5900667_R_F_1
13751	6870	7198.43865	5900588_G_F_2
21565	6871	997.994625	5901211_R_F_1
16283	6872	5083.3339125	5900929_G_F_1
16285	6873	1442.2632	5900926_G_F_1
16287	6874	3183.9247875	5900924_R_F_1
16289	6875	10569.0850125	5900924_G_F_1
16291	6876	1754.5389375	5900925_R_F_1
16293	6877	8830.6427625	5900923_R_F_1
13779	6878	1651.5201375	5901327_G_F_1
13781	6879	12529.66155	5901326_R_F_1
13783	6880	9039.8997	5901325_G_F_1
20893	6881	3657.1674	5900286_R_F_1
20895	6882	901.4145	5900285_G_F_1
20897	6883	3560.587275	5900283_G_F_1
20899	6884	1989.550575	5900282_G_F_1
13785	6885	8785.5720375	5901328_G_F_1
22843	6886	3064.8093	5900368_G_F_1
22729	6887	7233.8513625	5900365_R_F_1
16969	6888	1941.2605125	5900354_R_F_3
16971	6889	5662.8146625	5900354_G_F_1
17405	6890	3200.021475	5802071_R_F_1
17407	6891	2295.3876375	5802071_R_F_2
17409	6892	1496.9919375	5802071_G_F_4
17411	6893	5759.3947875	5802070_R_F_1
17413	6894	2041.059975	5802070_G_F_5
17415	6895	3248.3115375	5802077_R_F_2
17417	6896	247.8889875	5802077_G_F_3
17419	6897	779.079675	5802077_G_F_4
17421	6898	994.7752875	5802077_G_F_5
17423	6899	2356.55505	5802076_R_F_1
17425	6900	2227.78155	5802076_G_F_2
17427	6901	1590.352725	5802079_R_F_2
17429	6902	2981.106525	5802079_R_F_3
17431	6903	4140.068025	5802079_G_F_3
17433	6904	846.6857625	5802078_R_F_1
17435	6905	1345.683075	5802078_R_F_2
17437	6906	927.1692	5802078_G_F_1
17439	6907	1290.9543375	5802078_G_F_2
17441	6908	3277.285575	5802078_G_F_3
22679	6909	5488.9704375	5901108_R_F_1
22681	6910	6725.1960375	5901108_G_F_1
13809	6911	17236.332975	5901064_R_F_1
13811	6912	0.0	5901065_R_F_2
13813	6913	5627.40195	5901065_G_F_1
13815	6914	25.7547	5901065_G_F_2
13817	6915	276.863025	5901061_G_F_1
13819	6916	2556.153975	5901062_G_F_2
20259	6917	3476.8845	5900747_R_F_1
17569	6918	1364.9991	5900625_G_F_3
17571	6919	4738.8648	5900625_G_F_4
20261	6920	231.7923	5900748_G_F_3
21497	6921	3908.275725	5901188_R_F_3
16327	6922	5485.7511	5901191_R_F_1
16329	6923	64.38675	5901191_G_F_1
16331	6924	109.457475	5901191_G_F_2
18305	6925	2771.8495875	5900058_R_F_1
13879	6926	0.0	5900004_G_F_1
21413	6927	5997.6257625	5900938_R_F_3
21415	6928	1857.5577375	5900938_G_F_1
18137	6929	3769.8442125	5900869_R_F_2
18139	6930	5904.264975	5900864_R_F_1
18141	6931	737.2282875	5900864_R_F_2
18143	6932	32.193375	5900864_R_F_3
18145	6933	70.825425	5900864_G_F_1
22749	6934	3171.0474375	5900138_G_F_1
21619	6935	4932.02505	5900135_R_F_1
21621	6936	350.9077875	5900135_G_F_1
21623	6937	5025.3858375	5900136_G_F_1
16863	6938	441.0492375	5900963_G_F_2
16865	6939	4333.228275	5900964_R_F_3
16867	6940	4336.4476125	5900965_R_F_1
16869	6941	4471.6597875	5900965_G_F_1
13881	6942	8067.659775	5900001_R_F_1
13885	6943	5601.64725	5900002_G_F_1
23507	6944	2086.1307	5901168_R_F_2
14569	6945	164.1862125	5901020_G_F_1
21005	6946	1680.494175	5900444_R_F_1
21007	6947	3119.5380375	5900444_G_F_1
14571	6948	9722.39925	5901024_R_F_1
21011	6949	4262.40285	5900440_R_F_1
21013	6950	6406.481625	5900440_G_F_1
14573	6951	2205.2461875	5901029_R_F_1
21031	6952	1558.15935	5900449_R_F_1
21033	6953	6915.13695	5900449_R_F_3
21035	6954	875.6598	5900449_G_F_1
21037	6955	544.0680375	5900448_R_F_1
21039	6956	5395.60965	5900448_R_F_2
21041	6957	167.40555	5900448_G_F_1
22259	6958	412.0752	5900566_G_F_1
14577	6959	933.607875	5802081_R_F_3
14579	6960	1175.0581875	5802081_G_F_4
22873	6961	2514.3025875	5802082_R_F_2
22875	6962	131.9928375	5802082_R_F_3
22877	6963	3200.021475	5802082_R_F_4
22879	6964	621.3321375	5802082_R_F_5
22881	6965	2089.3500375	5802082_G_F_3
17375	6966	157.7475375	5900708_G_F_1
21071	6967	2366.2130625	5802106_R_F_1
21073	6968	10301.88	5802108_R_F_1
18231	6969	11097.0563625	5901097_G_F_1
18233	6970	592.3581	5901096_R_F_3
18235	6971	5051.1405375	5901099_G_F_2
14607	6972	3608.8773375	5900774_R_F_1
14609	6973	6664.028625	5900772_R_F_1
23043	6974	1500.211275	5900770_G_F_1
21015	6975	3470.445825	5900442_R_F_2
21017	6976	7629.829875	5900442_G_F_1
16183	6977	247.8889875	5900103_G_F_1
16185	6978	9.6580125	5900103_G_F_2
16187	6979	244.66965	5900103_G_F_4
20645	6980	4487.756475	5900091_G_F_1
20647	6981	1760.9776125	5900091_G_F_2
13667	6982	103.0188	5901207_G_F_2
16961	6983	1455.14055	5900686_R_F_5
23111	6984	2041.059975	5900959_G_F_1
23113	6985	0.0	5900959_G_F_2
23115	6986	930.3885375	5900959_G_F_3
23119	6987	2366.2130625	5900528_G_F_1
16965	6988	2655.9534375	5900355_R_F_1
16967	6989	621.3321375	5900355_R_F_2
16977	6990	3702.238125	5900351_R_F_1
18877	6991	10501.478925	5901331_G_F_1
18879	6992	8228.62665	5901332_R_F_2
18881	6993	1867.21575	5901332_G_F_1
17449	6994	5881.7296125	5900352_G_F_1
15855	6995	4503.8531625	5900294_R_F_1
15857	6996	5134.8433125	5900294_G_F_1
15859	6997	354.127125	5900295_G_F_1
15861	6998	341.249775	5900297_G_F_2
19641	6999	7678.1199375	5900197_R_F_1
19643	7000	1133.2068	5900195_R_F_2
23145	7001	5431.0223625	5802145_G_F_1
16281	7002	3238.653525	5900928_G_F_1
23809	7003	2073.25335	5900651_G_F_1
17605	7004	4754.9614875	5901110_G_F_1
22911	7005	4120.752	5802068_R_F_1
22913	7006	2082.9113625	5802068_R_F_5
22915	7007	4661.6007	5802068_G_F_2
22917	7008	2948.91315	5802068_G_F_3
23173	7009	5360.1969375	5802069_R_F_1
23175	7010	3209.6794875	5802069_R_F_4
23177	7011	470.023275	5802069_G_F_2
23179	7012	1303.8316875	5802069_G_F_3
23181	7013	1162.1808375	5802069_G_F_4
23183	7014	4758.180825	5802069_G_F_5
22581	7015	3859.9856625	5802066_G_F_2
22583	7016	585.919425	5802066_G_F_3
22585	7017	862.78245	5802066_G_F_5
22117	7018	1896.1897875	5802067_G_F_3
22845	7019	824.1504	5802064_G_F_2
22847	7020	318.7144125	5802064_G_F_3
22849	7021	3670.04475	5802064_G_F_4
22119	7022	0.0	5802065_R_F_1
22121	7023	6329.217525	5802065_R_F_2
22123	7024	119.1154875	5802065_R_F_4
22125	7025	10066.8683625	5802065_G_F_1
22617	7026	5389.170975	5802062_R_F_1
22619	7027	2057.1566625	5802062_R_F_3
22621	7028	3409.2784125	5802062_G_F_1
22623	7029	2346.8970375	5802062_G_F_2
22625	7030	408.8558625	5802062_G_F_4
22653	7031	3473.6651625	5802063_R_F_3
22655	7032	3866.4243375	5802063_R_F_4
22657	7033	1693.371525	5802063_R_F_5
22659	7034	1319.928375	5802063_G_F_1
22661	7035	389.5398375	5802063_G_F_2
22663	7036	367.004475	5802063_G_F_5
22687	7037	1316.7090375	5802060_G_F_1
22127	7038	16.0966875	5802061_R_F_1
16437	7039	4268.841525	5900550_G_F_1
16439	7040	2259.974925	5900550_G_F_3
15851	7041	5495.4091125	5900299_R_F_2
15853	7042	1844.6803875	5900299_G_F_1
16545	7043	4864.4189625	5900089_R_F_2
13241	7044	131.9928375	5900870_G_F_1
23367	7045	2955.351825	5900999_G_F_1
23369	7046	3048.7126125	5900998_G_F_1
23371	7047	521.532675	5900997_R_F_1
23373	7048	2044.2793125	5900997_G_F_1
22665	7049	296.17905	5901102_R_F_4
17645	7050	4233.4288125	5900392_R_F_1
17647	7051	4433.0277375	5900395_G_F_1
13301	7052	6631.83525	5802023_G_F_1
13303	7053	6287.3661375	5802021_G_F_4
23433	7054	1725.5649	5802181_R_F_1
23435	7055	5955.774375	5802180_G_F_1
23877	7056	7504.2757125	5802182_R_F_1
23879	7057	7272.4834125	5802182_G_F_1
21951	7058	3476.8845	5802185_R_F_1
21953	7059	0.0	5802184_G_F_1
23439	7060	4787.1548625	5802187_R_F_1
23441	7061	3892.1790375	5802187_G_F_1
15953	7062	766.202325	5900451_G_F_1
19753	7063	10398.460125	5901019_G_F_3
19755	7064	1036.626675	5901011_G_F_1
19757	7065	811.27305	5901013_R_F_1
19759	7066	1075.258725	5901013_G_F_1
19761	7067	5431.0223625	5901012_R_F_1
19763	7068	5466.435075	5901012_R_F_2
19765	7069	8579.5344375	5901012_G_F_1
19767	7070	1368.2184375	5901012_G_F_2
23477	7071	6148.934625	5900063_G_F_1
18147	7072	4977.095775	5802054_G_F_1
17077	7073	653.5255125	5802052_R_F_1
17079	7074	1896.1897875	5802052_R_F_2
17081	7075	3441.4717875	5802052_R_F_3
17083	7076	2401.625775	5802050_R_F_4
15985	7077	1387.5344625	5802115_R_F_1
15987	7078	7169.4646125	5802115_G_F_1
15989	7079	8479.734975	5802112_R_F_1
15991	7080	4143.2873625	5802112_G_F_1
15993	7081	7375.5022125	5802110_R_F_1
15995	7082	10575.5236875	5802110_G_F_1
23505	7083	936.8272125	5901169_G_F_1
22667	7084	0.0	5901101_R_F_1
22669	7085	9316.762725	5901101_R_F_3
17731	7086	93.3607875	5901284_R_F_1
17733	7087	3821.3536125	5901284_G_F_4
17735	7088	3750.5281875	5901285_R_F_1
21285	7089	1336.0250625	5900118_G_F_1
21287	7090	167.40555	5900118_G_F_3
21289	7091	627.7708125	5900117_G_F_1
16547	7092	251.108325	5900492_G_F_2
16549	7093	3206.46015	5900493_R_F_1
16551	7094	2121.5434125	5900493_G_F_1
16561	7095	6725.1960375	5900949_R_F_1
23655	7096	1403.63115	5900343_G_F_2
23657	7097	309.0564	5900343_G_F_3
23659	7098	135.212175	5900346_R_F_3
23661	7099	1609.66875	5900344_R_F_2
23663	7100	1590.352725	5900345_G_F_3
14837	7101	3415.7170875	5900188_G_F_2
16575	7102	1732.003575	5802151_R_F_1
16577	7103	2012.0859375	5802154_R_F_2
15633	7104	7929.2282625	5900479_R_F_1
14937	7105	4893.393	5802159_G_F_1
20121	7106	8099.85315	5901046_R_F_1
20123	7107	6338.8755375	5901046_G_F_1
20125	7108	0.0	5901046_G_F_2
14243	7109	10562.6463375	5901040_R_F_2
14245	7110	2459.57385	5901040_G_F_1
14247	7111	4738.8648	5901040_G_F_2
14249	7112	5897.8263	5901041_R_F_1
14251	7113	1229.786925	5901041_G_F_1
22391	7114	1210.4709	5901124_G_F_1
17805	7115	3058.370625	5802017_G_F_1
17807	7116	2588.34735	5802017_G_F_2
17811	7117	3802.0375875	5802016_G_F_2
23717	7118	1377.87645	5901123_R_F_1
23727	7119	13318.3992375	5900547_G_F_1
20533	7120	2041.059975	5900460_R_F_1
21403	7121	8338.084125	5900932_R_F_3
14851	7122	0.0	5900236_G_F_1
14853	7123	148.089525	5900237_R_F_2
14855	7124	6.438675	5900235_G_F_1
20557	7125	0.0	5900720_R_F_2
20559	7126	4165.822725	5900721_G_F_1
20561	7127	0.0	5900722_R_F_2
20563	7128	10076.526375	5900724_R_F_1
20565	7129	1062.381375	5900724_G_F_1
20643	7130	3550.9292625	5900092_G_F_1
14303	7131	1947.6991875	5900796_R_F_1
14305	7132	2137.6401	5900796_G_F_1
23867	7133	2156.956125	5900650_G_F_3
23515	7134	605.23545	5900423_G_F_1
16085	7135	9142.9185	5901262_R_F_1
16087	7136	5086.55325	5901261_G_F_1
18793	7137	0.0	5900623_G_F_1
21401	7138	9545.3356875	5900933_G_F_1
21405	7139	585.919425	5900934_R_F_1
21407	7140	949.7045625	5900934_G_F_1
21409	7141	8222.187975	5900937_R_F_3
21411	7142	1748.1002625	5900937_G_F_1
14895	7143	1628.984775	5901000_R_F_1
23901	7144	1500.211275	5900507_R_F_2
16651	7145	8679.3339	5900371_G_F_2
16653	7146	5978.3097375	5900370_R_F_1
16655	7147	2243.8782375	5900374_G_F_1
20029	7148	10932.87015	5001546_R_F_1
18597	7149	3660.3867375	5001468_R_F_1
20031	7150	421.7332125	5001016_G_F_1
20033	7151	1532.40465	5001542_G_F_2
18605	7152	3212.898825	5001467_G_F_1
19715	7153	0.0	5001628_R_F_2
20765	7154	14561.0635125	5000011_R_F_1
20767	7155	8151.36255	5000013_R_F_1
20769	7156	524.7520125	5000013_G_F_1
12759	7157	6583.5451875	5000168_R_F_1
12761	7158	8247.942675	5000165_R_F_1
12763	7159	9326.4207375	5000167_R_F_1
22431	7160	0.0	5001111_R_F_2
14739	7161	7085.7618375	5000201_R_F_1
12767	7162	8408.90955	5000344_R_F_1
17993	7163	3898.6177125	5001163_R_F_1
17999	7164	3029.3965875	5001161_G_F_1
18001	7165	692.1575625	5001165_G_F_1
20351	7166	3599.219325	5000785_G_F_1
20353	7167	8869.2748125	5000784_R_F_1
15949	7168	11061.64365	5000610_R_F_1
19351	7169	231.7923	5000514_R_F_1
19353	7170	3824.57295	5000514_G_F_1
19355	7171	0.0	5000515_G_F_1
19357	7172	6844.311525	5000515_G_F_2
15621	7173	4239.8674875	5001187_R_F_1
15623	7174	7942.1056125	5001187_R_F_3
15625	7175	215.6956125	5001187_G_F_2
19359	7176	7034.2524375	5000512_G_F_1
19361	7177	12252.798525	5000518_R_F_1
14397	7178	817.711725	5001024_R_F_3
22389	7179	3167.8281	5000628_R_F_3
21663	7180	7108.2972	5000628_G_F_1
22401	7181	0.0	5000947_R_F_1
22403	7182	321.93375	5000945_R_F_1
22405	7183	0.0	5000945_G_F_3
22407	7184	0.0	5000944_R_F_2
22409	7185	676.060875	5000944_G_F_2
22411	7186	0.0	5000943_R_F_2
22413	7187	0.0	5000943_G_F_2
22415	7188	186.721575	5000941_G_F_1
20813	7189	994.7752875	5001501_R_F_1
20817	7190	8244.7233375	5001506_R_F_1
20819	7191	228.5729625	5001506_G_F_1
22433	7192	9690.205875	5001110_R_F_3
22435	7193	7584.75915	5001110_G_F_3
17995	7194	6525.5971125	5001160_R_F_1
17997	7195	11682.9757875	5001160_G_F_1
16747	7196	7320.773475	5000882_R_F_1
16749	7197	3699.0187875	5000882_G_F_2
16751	7198	3621.7546875	5000883_G_F_1
16753	7199	3167.8281	5000880_G_F_1
16755	7200	2437.0384875	5000880_G_F_2
15013	7201	2762.191575	5000047_R_F_1
15015	7202	13482.58545	5000047_G_F_1
15017	7203	9381.149475	5000044_G_F_1
15019	7204	5092.991925	5000045_R_F_1
15021	7205	11895.4520625	5000045_G_F_1
15023	7206	3303.040275	5000042_R_F_1
15025	7207	8231.8459875	5000042_G_F_1
15027	7208	7295.018775	5000043_R_F_1
15029	7209	7127.613225	5000043_G_F_2
15031	7210	12001.6902	5000040_R_F_1
13737	7211	1496.9919375	5000125_R_F_1
23461	7212	576.2614125	5000962_G_F_1
21563	7213	4355.7636375	5001728_R_F_1
16279	7214	16016.2040625	5000633_R_F_1
21569	7215	170.6248875	5000411_R_F_2
20199	7216	2916.719775	5000559_R_F_6
20201	7217	2111.8854	5000559_G_F_1
20203	7218	5917.142325	5000559_G_F_2
21571	7219	891.7564875	5000413_R_F_2
21573	7220	952.9239	5000413_G_F_1
21575	7221	5089.7725875	5000412_R_F_3
20205	7222	4822.567575	5000556_G_F_1
20207	7223	2449.9158375	5000557_R_F_1
22591	7224	6374.28825	5001152_G_F_1
14485	7225	473.2426125	5000866_R_F_1
14487	7226	8965.8549375	5000866_G_F_3
14489	7227	5585.5505625	5000867_R_F_1
14491	7228	64.38675	5000867_G_F_2
22597	7229	2649.5147625	5001157_R_F_2
22599	7230	5321.5648875	5001156_G_F_1
22601	7231	5707.8853875	5001154_G_F_1
22609	7232	13028.6588625	5000868_G_F_1
22611	7233	11769.8979	5000869_G_F_1
18773	7234	4632.6266625	5000703_R_F_2
18775	7235	370.2238125	5000702_G_F_1
13793	7236	7726.41	5001654_R_F_1
13795	7237	9348.9561	5001654_G_F_1
17359	7238	3216.1181625	5000317_R_F_2
17361	7239	0.0	5000317_R_F_3
17363	7240	2340.4583625	5000317_G_F_1
17365	7241	3187.144125	5000317_G_F_2
17367	7242	4420.1503875	5000314_R_F_1
17369	7243	3029.3965875	5000314_G_F_1
17371	7244	2501.4252375	5000314_G_F_3
17373	7245	424.95255	5000315_G_F_4
15781	7246	13373.127975	5000001_R_F_1
18149	7247	14332.49055	5000353_R_F_1
21617	7248	0.0	5000491_R_F_1
22113	7249	3760.1862	5000367_R_F_1
22755	7250	15381.994575	5000494_R_F_1
14551	7251	7629.829875	5000697_R_F_1
14553	7252	3550.9292625	5000696_R_F_1
14555	7253	10015.3589625	5000695_G_F_1
14557	7254	3885.7403625	5000694_G_F_1
14559	7255	13241.1351375	5000692_R_F_1
13023	7256	3911.4950625	5000758_G_F_7
13025	7257	4928.8057125	5000757_R_F_1
13027	7258	4404.0537	5000755_R_F_3
13029	7259	1931.6025	5000755_G_F_1
13031	7260	9864.0501	5000753_R_F_2
13033	7261	154.5282	5000753_G_F_3
13035	7262	2198.8075125	5000753_G_F_4
13037	7263	0.0	5000750_G_F_3
13039	7264	727.570275	5000750_G_F_4
13041	7265	6467.6490375	5000751_R_F_3
13043	7266	0.0	5000751_R_F_4
13045	7267	2968.229175	5000751_G_F_1
15117	7268	11557.421625	5000829_G_F_1
18151	7269	0.0	5000350_G_F_1
18153	7270	2308.2649875	5000350_G_F_2
18155	7271	7755.3840375	5000350_G_F_3
18157	7272	1265.1996375	5000356_R_F_2
18159	7273	5105.869275	5000356_G_F_1
18161	7274	2501.4252375	5000357_G_F_1
18163	7275	576.2614125	5000354_R_F_1
18165	7276	5746.5174375	5000354_G_F_2
18167	7277	2691.36615	5000358_R_F_1
18169	7278	3418.936425	5000358_R_F_2
18171	7279	6361.4109	5000358_G_F_2
18173	7280	167.40555	5000359_R_F_3
15125	7281	7072.8844875	5000824_R_F_1
15127	7282	2665.61145	5000824_G_F_1
15129	7283	2115.1047375	5000826_R_F_1
15131	7284	1519.5273	5000826_G_F_1
15133	7285	6348.53355	5000827_R_F_2
19515	7286	1052.7233625	5000213_G_F_1
19517	7287	9342.517425	5000211_G_F_1
15815	7288	2182.710825	5001754_R_F_1
19521	7289	5170.256025	5000214_G_F_1
16919	7290	8038.6857375	5001108_R_F_1
16921	7291	9110.725125	5001109_R_F_1
22891	7292	2404.8451125	5000321_R_F_1
22893	7293	6313.1208375	5000321_R_F_3
22895	7294	2852.333025	5000321_G_F_1
22897	7295	3216.1181625	5000320_R_F_1
16923	7296	7018.15575	5001104_R_F_1
16925	7297	1809.267675	5001104_R_F_3
16931	7298	9455.1942375	5001106_R_F_1
21057	7299	1413.2891625	5000591_R_F_1
21059	7300	2530.399275	5000591_G_F_1
21061	7301	965.80125	5000592_G_F_1
21063	7302	6538.4744625	5000592_G_F_2
21065	7303	244.66965	5000593_R_F_1
21067	7304	956.1432375	5000593_R_F_2
21069	7305	640.6481625	5000593_G_F_2
20341	7306	13019.00085	5000035_R_F_2
20343	7307	4510.2918375	5000035_G_F_3
15123	7308	41.8513875	5000823_G_F_2
20815	7309	965.80125	5001503_R_F_1
14615	7310	756.5443125	5000980_R_F_1
14617	7311	5930.019675	5000987_G_F_1
14619	7312	10697.8585125	5000985_R_F_1
18869	7313	412.0752	5000398_G_F_3
20355	7314	247.8889875	5000780_G_F_1
20357	7315	4680.916725	5000783_G_F_1
22437	7316	3389.9623875	5000149_R_F_1
22439	7317	5099.4306	5000149_G_F_2
22443	7318	2276.0716125	5000148_G_F_1
22445	7319	0.0	5000148_G_F_2
23091	7320	1171.83885	5000147_R_F_1
23095	7321	3518.7358875	5000143_G_F_1
17575	7322	7233.8513625	5000767_G_F_1
16413	7323	2482.1092125	5000404_G_F_1
16415	7324	0.0	5000405_R_F_1
17577	7325	11724.827175	5000769_R_F_1
17579	7326	9583.9677375	5000768_G_F_1
18295	7327	2321.1423375	5000918_G_F_1
18301	7328	6953.769	5000917_R_F_2
18303	7329	5334.4422375	5000917_G_F_1
18905	7330	373.44315	5001661_G_F_1
13981	7331	901.4145	5000718_G_F_1
23141	7332	1931.6025	5000360_R_F_1
22115	7333	5031.8245125	5000364_R_F_2
13983	7334	5482.5317625	5001044_G_F_2
13985	7335	4510.2918375	5001046_G_F_2
15309	7336	1339.2444	5000560_R_F_3
15311	7337	5022.1665	5000560_G_F_2
22883	7338	2182.710825	5000323_R_F_3
22885	7339	1461.579225	5000323_G_F_2
22887	7340	2131.201425	5000323_G_F_3
22219	7341	8817.7654125	5001151_G_F_1
23245	7342	8453.980275	5001150_G_F_1
16927	7343	4513.511175	5001105_G_F_1
16929	7344	6728.415375	5001105_G_F_4
19971	7345	2768.63025	5000052_G_F_1
21053	7346	7942.1056125	5000590_G_F_1
21055	7347	2511.08325	5000590_G_F_2
19257	7348	8447.5416	5000878_G_F_1
17007	7349	0.0	5000198_G_F_2
22205	7350	1938.041175	5001158_R_F_2
17065	7351	7375.5022125	5000444_R_F_5
17009	7352	6142.49595	5000193_G_F_1
21215	7353	2388.748425	5000297_G_F_1
21217	7354	16.0966875	5000299_R_F_1
21219	7355	2723.559525	5000299_R_F_2
21221	7356	424.95255	5000298_R_F_1
21223	7357	962.5819125	5000298_G_F_1
21225	7358	4983.53445	5000298_G_F_2
13243	7359	199.598925	5000103_R_F_1
13245	7360	1970.23455	5000103_G_F_1
23327	7361	10292.2219875	5000668_G_F_1
13247	7362	144.8701875	5000107_G_F_2
13249	7363	820.9310625	5000107_G_F_3
13251	7364	8940.1002375	5000106_R_F_1
13253	7365	0.0	5000105_R_F_3
23333	7366	4159.38405	5000663_G_F_1
13263	7367	9516.36165	5000109_R_F_1
13265	7368	6731.6347125	5000109_G_F_1
14709	7369	5389.170975	5000064_R_F_2
14711	7370	10981.1602125	5000064_G_F_1
14713	7371	7459.2049875	5000065_R_F_1
14719	7372	2060.376	5000062_R_F_1
14721	7373	8428.225575	5000062_G_F_1
14723	7374	1818.9256875	5000063_R_F_1
14725	7375	2060.376	5000063_R_F_2
14727	7376	3521.955225	5000063_G_F_1
18351	7377	14049.18885	5000729_R_F_1
17345	7378	1229.786925	5000318_R_F_1
17347	7379	2379.0904125	5000318_R_F_2
17349	7380	1754.5389375	5000318_R_F_3
17351	7381	2127.9820875	5000318_R_F_5
17353	7382	4326.7896	5000318_G_F_3
17355	7383	8846.73945	5000319_R_F_1
17357	7384	373.44315	5000319_R_F_2
18353	7385	13946.17005	5000727_R_F_1
18355	7386	5759.3947875	5000725_G_F_1
20427	7387	801.6150375	5000815_R_F_2
20429	7388	1854.3384	5000815_G_F_1
20431	7389	3702.238125	5000812_G_F_2
21235	7390	1651.5201375	5001743_R_F_2
19721	7391	556.9453875	5001625_R_F_1
19725	7392	80.4834375	5001627_G_F_1
19729	7393	1525.965975	5001620_G_F_1
19731	7394	19.316025	5001620_G_F_2
12755	7395	0.0	5001623_R_F_1
12757	7396	2781.5076	5001623_G_F_1
14737	7397	7919.57025	5000209_G_F_3
15935	7398	4552.143225	5000616_G_F_1
15937	7399	0.0	5000615_R_F_2
15939	7400	3296.6016	5000615_G_F_2
15941	7401	7198.43865	5000614_G_F_1
15943	7402	7790.79675	5000613_G_F_1
15945	7403	550.5067125	5000612_R_F_1
15947	7404	4561.8012375	5000612_G_F_1
14743	7405	5575.89255	5000207_G_F_1
19519	7406	0.0	5000215_G_F_2
19751	7407	0.0	5000533_G_F_3
22527	7408	2250.3169125	5000961_R_F_3
23459	7409	2804.0429625	5000963_R_F_1
23463	7410	119.1154875	5000964_R_F_1
21251	7411	292.9597125	5001524_G_F_1
19769	7412	3464.00715	5001481_G_F_3
19773	7413	7079.3231625	5001486_G_F_2
17063	7414	2926.3777875	5000441_G_F_1
18079	7415	3299.8209375	5000331_R_F_2
17067	7416	7990.395675	5000445_G_F_2
23491	7417	12400.88805	5001134_R_F_1
14797	7418	785.51835	5001550_R_F_2
14799	7419	9101.0671125	5001550_G_F_1
15615	7420	7233.8513625	5001184_R_F_3
15617	7421	8473.2963	5001184_G_F_2
15619	7422	11534.8862625	5001185_R_F_3
23603	7423	1113.890775	5001708_G_F_1
22203	7424	4178.700075	5001707_G_F_1
17759	7425	1120.32945	5000150_G_F_1
17761	7426	7781.1387375	5000151_R_F_1
23631	7427	808.0537125	5000777_R_F_1
17777	7428	11193.6364875	5001682_R_F_2
17779	7429	2211.6848625	5001682_G_F_4
17781	7430	1525.965975	5001680_R_F_1
13381	7431	16843.5738	5000920_R_F_1
14215	7432	3106.6606875	5001677_R_F_1
17783	7433	4297.8155625	5000485_R_F_1
17785	7434	11097.0563625	5000482_G_F_1
17787	7435	1329.5863875	5000480_R_F_1
17789	7436	5881.7296125	5000480_G_F_1
14219	7437	4606.8719625	5001678_R_F_1
14221	7438	10086.1843875	5001679_R_F_1
17791	7439	7591.197825	5000378_R_F_3
17793	7440	7217.754675	5000378_G_F_2
17795	7441	5022.1665	5000370_R_F_1
14253	7442	74.0447625	5001450_G_F_1
13255	7443	45.070725	5000104_R_F_1
13257	7444	6548.132475	5000104_R_F_2
13259	7445	1207.2515625	5000104_G_F_1
13261	7446	2559.3733125	5000104_G_F_2
20535	7447	3650.728725	5000573_R_F_1
20537	7448	2575.47	5000573_R_F_2
20539	7449	6535.255125	5000573_G_F_1
20541	7450	5398.8289875	5000573_G_F_2
20543	7451	5070.4565625	5000576_G_F_1
20545	7452	688.938225	5000575_G_F_2
20549	7453	10926.431475	5000578_G_F_1
13797	7454	11525.22825	5001655_R_F_1
23629	7455	6902.2596	5000479_G_F_1
14741	7456	5855.9749125	5000204_G_F_1
23775	7457	12165.8764125	5000895_G_F_1
23777	7458	325.1530875	5000892_R_F_3
16073	7459	13411.760025	5000283_R_F_1
16075	7460	10987.5988875	5000283_G_F_2
16077	7461	6712.3186875	5000284_G_F_1
21661	7462	4423.369725	5000286_R_F_1
18523	7463	627.7708125	5000110_R_F_1
18525	7464	502.21665	5000110_R_F_3
18527	7465	0.0	5000110_R_F_6
18529	7466	7816.55145	5000110_G_F_1
15639	7467	1474.456575	5000584_G_F_3
15641	7468	6216.5407125	5000581_G_F_1
15643	7469	785.51835	5000581_G_F_2
18867	7470	2166.6141375	5000133_G_F_5
19961	7471	12597.2676375	5000051_G_F_1
19963	7472	0.0	5000050_R_F_1
19965	7473	1751.3196	5000050_G_F_1
19967	7474	8560.2184125	5000053_R_F_2
19969	7475	5962.21305	5000053_G_F_1
15645	7476	5942.897025	5000580_R_F_5
19973	7477	11847.162	5000055_G_F_1
19975	7478	11753.8012125	5000056_R_F_1
19977	7479	7662.02325	5000056_G_F_2
13523	7480	8154.5818875	5000730_G_F_1
13525	7481	5189.57205	5000732_G_F_2
13527	7482	9030.2416875	5000734_R_F_1
13529	7483	1332.805725	5000734_R_F_2
13531	7484	7819.7707875	5000734_G_F_1
13533	7485	2037.8406375	5000735_R_F_1
13535	7486	10105.5004125	5000735_G_F_1
19581	7487	5723.982075	5000800_R_F_1
19583	7488	547.287375	5000800_G_F_2
17649	7489	1976.673225	5000801_G_F_1
20553	7490	3003.6418875	5000579_G_F_1
20555	7491	4210.89345	5000579_G_F_2
23843	7492	8740.5013125	5000235_R_F_1
19989	7493	2408.06445	5000234_R_F_2
19991	7494	766.202325	5000236_G_F_1
19993	7495	560.164725	5000231_R_F_1
19995	7496	350.9077875	5000231_G_F_1
21703	7497	2874.8683875	5001736_R_F_1
19997	7498	405.636525	5000233_R_F_1
19999	7499	1442.2632	5000232_R_F_1
20001	7500	1789.95165	5000232_G_F_1
14871	7501	399.19785	5001632_R_F_1
14873	7502	8070.8791125	5001632_G_F_1
14875	7503	11660.440425	5001633_R_F_1
14877	7504	1732.003575	5001631_R_F_1
21395	7505	5472.87375	5000608_G_F_2
14217	7506	0.0	5001675_R_F_1
14893	7507	5798.0268375	5001490_R_F_1
18577	7508	7121.17455	5000113_R_F_1
18579	7509	1979.8925625	5000113_R_F_2
18581	7510	2266.4136	5000113_G_F_1
19241	7511	4912.709025	5000870_G_F_1
19243	7512	10408.1181375	5000870_G_F_2
16099	7513	10185.98385	5001085_R_F_1
16101	7514	8305.89075	5001085_G_F_1
19253	7515	6448.3330125	5000879_R_F_2
19255	7516	4490.9758125	5000879_G_F_1
23845	7517	637.428825	5000301_R_F_1
23907	7518	2282.5102875	5000303_G_F_1
23909	7519	489.3393	5000303_G_F_2
23281	7520	4870.8576375	5000302_G_F_1
20021	7521	7060.0071375	5600076_R_F_1
12765	7522	0.0	5601006_R_F_2
12651	7523	0.0	5601005_R_F_1
12653	7524	0.0	5601005_G_F_1
21467	7525	537.6293625	5600804_G_F_1
21469	7526	379.881825	5600806_G_F_3
22459	7527	5241.08145	5600554_R_F_1
22461	7528	1400.4118125	5600554_R_F_2
22211	7529	1567.8173625	5600555_R_F_1
22215	7530	5659.595325	5600558_R_F_1
22221	7531	122.334825	5600419_G_F_1
22567	7532	1252.3222875	5600413_G_F_2
22569	7533	141.65085	5600413_G_F_3
22571	7534	125.5541625	5600413_G_F_4
22573	7535	2256.7555875	5600413_G_F_5
22579	7536	1815.70635	5600411_R_F_2
22595	7537	1899.409125	5600410_R_F_1
14915	7538	3209.6794875	5600789_G_F_2
14923	7539	12697.0671	5600787_G_F_1
19029	7540	10266.4672875	5600228_G_F_1
14925	7541	4648.72335	5600526_G_F_1
14927	7542	6573.887175	5600525_G_F_1
13625	7543	415.2945375	5600390_G_F_1
17223	7544	2939.2551375	5600097_G_F_1
21909	7545	10388.8021125	5600156_R_F_1
16175	7546	0.0	5600157_R_F_1
16177	7547	2633.418075	5600157_G_F_1
21911	7548	12001.6902	5600154_R_F_1
21913	7549	7060.0071375	5600154_G_F_1
16179	7550	3396.4010625	5600155_G_F_1
22289	7551	14731.6884	5600152_R_F_1
22291	7552	6097.425225	5600152_G_F_2
22293	7553	5295.8101875	5600152_G_F_3
22295	7554	5244.3007875	5600153_G_F_1
14625	7555	3441.4717875	5600279_R_F_1
14627	7556	13868.90595	5600279_G_F_1
17027	7557	4590.775275	5501626_G_F_5
13639	7558	7201.6579875	5501625_R_F_1
13641	7559	933.607875	5501625_G_F_4
17057	7560	9648.3544875	5501629_G_F_4
22341	7561	1113.890775	5601234_G_F_1
22343	7562	7674.9006	5601235_R_F_1
22345	7563	1290.9543375	5601236_R_F_1
22347	7564	4307.473575	5601236_G_F_2
22349	7565	1265.1996375	5601237_R_F_1
14955	7566	5923.581	5601124_R_F_1
17117	7567	1664.3974875	5601049_G_F_1
17119	7568	6280.9274625	5601049_G_F_2
17121	7569	7552.565775	5601049_G_F_3
17123	7570	2903.842425	5601048_R_F_1
17125	7571	3802.0375875	5601048_R_F_2
17127	7572	3679.7027625	5601048_G_F_2
17129	7573	5138.06265	5601048_G_F_3
14961	7574	5205.6687375	5601123_R_F_1
14963	7575	2655.9534375	5601123_R_F_2
13681	7576	8138.4852	5601043_R_F_2
13683	7577	8006.4923625	5601043_G_F_2
13685	7578	1458.3598875	5601043_G_F_3
13687	7579	5923.581	5601042_R_F_2
13689	7580	4474.879125	5601041_G_F_2
13691	7581	10237.49325	5601041_G_F_3
17145	7582	5675.6920125	5601040_R_F_3
17147	7583	328.372425	5601040_G_F_3
13693	7584	5047.9212	5601047_R_F_1
13695	7585	5646.717975	5601047_R_F_2
13697	7586	2936.0358	5601047_R_F_3
17149	7587	9329.640075	5601045_R_F_1
13699	7588	11357.8227	5601044_R_F_1
14403	7589	3872.8630125	5600022_G_F_2
12835	7590	7951.763625	5600188_R_F_1
12837	7591	1207.2515625	5600188_G_F_1
22441	7592	856.343775	5600840_R_F_1
12839	7593	4307.473575	5600187_R_F_1
12841	7594	2659.172775	5600187_R_F_2
12843	7595	4442.68575	5600187_G_F_1
17507	7596	2369.4324	5501539_R_F_1
16757	7597	10810.535325	5600444_R_F_1
22753	7598	508.655325	5600120_G_F_3
16759	7599	12.87735	5600445_R_F_1
16761	7600	173.844225	5600446_R_F_5
16763	7601	125.5541625	5600446_G_F_1
16765	7602	5105.869275	5600116_R_F_1
16767	7603	3348.111	5600116_G_F_1
16769	7604	891.7564875	5600117_G_F_3
16771	7605	5682.1306875	5600115_G_F_3
16773	7606	1136.4261375	5600119_R_F_1
21471	7607	537.6293625	5600802_R_F_1
18053	7608	0.0	5600367_R_F_2
18055	7609	154.5282	5600367_R_F_4
16359	7610	5501.8477875	5501575_R_F_1
20875	7611	759.76365	5600163_R_F_1
20877	7612	5286.152175	5600163_G_F_1
16361	7613	3963.0044625	5501573_G_F_2
20879	7614	4548.9238875	5600160_G_F_1
19441	7615	2298.606975	5600202_R_F_1
20881	7616	3480.1038375	5600169_R_F_1
21689	7617	9619.38045	5501379_R_F_4
21691	7618	8952.9775875	5501379_G_F_1
22563	7619	11109.9337125	5501350_R_F_1
22565	7620	7977.518325	5501350_G_F_1
23121	7621	0.0	5501351_G_F_2
14477	7622	688.938225	5601089_R_F_1
15733	7623	70.825425	5601160_R_F_1
15735	7624	3200.021475	5601160_R_F_2
15737	7625	1648.3008	5601160_G_F_1
21151	7626	2269.6329375	5601159_R_F_1
15739	7627	4082.11995	5601162_R_F_1
15741	7628	1635.42345	5601163_R_F_1
15743	7629	0.0	5601164_R_F_1
15745	7630	701.815575	5601164_R_F_2
14087	7631	1352.12175	5501612_G_F_1
15071	7632	3280.5049125	5600068_R_F_1
20467	7633	3251.530875	5600664_G_F_1
20469	7634	2659.172775	5600665_G_F_4
17443	7635	1252.3222875	5600666_G_F_2
18085	7636	4375.0796625	5601010_G_F_2
14185	7637	1216.909575	5601011_R_F_1
18087	7638	9068.8737375	5601013_R_F_1
16315	7639	2919.9391125	5600839_G_F_1
16317	7640	3789.1602375	5600838_R_F_1
16985	7641	4133.62935	5600308_G_F_1
17499	7642	630.99015	5600406_G_F_5
17501	7643	0.0	5600406_G_F_6
20263	7644	9091.4091	5600790_G_F_1
20265	7645	759.76365	5600792_R_F_2
20267	7646	8885.3715	5600794_R_F_1
20269	7647	762.9829875	5600795_R_F_1
20271	7648	2556.153975	5600795_G_F_1
20273	7649	1593.5720625	5600796_R_F_1
20275	7650	1014.0913125	5600797_R_F_1
13833	7651	611.674125	5600493_R_F_1
17269	7652	8969.074275	5600492_R_F_1
15097	7653	1612.8880875	5601333_R_F_2
18819	7654	1828.5837	5501436_G_F_1
22751	7655	843.466425	5600122_G_F_1
22855	7656	4313.91225	5501546_R_F_1
22831	7657	4053.1459125	5501544_R_F_1
14585	7658	3254.7502125	5600620_R_F_2
18175	7659	7410.914925	5600621_R_F_1
18177	7660	3412.49775	5600621_R_F_2
18179	7661	4259.1835125	5600621_G_F_1
18181	7662	3370.6463625	5600622_R_F_1
18183	7663	3567.02595	5600624_G_F_3
18189	7664	122.334825	5600626_G_F_1
18191	7665	7043.91045	5600626_G_F_2
18193	7666	3048.7126125	5600627_R_F_1
18195	7667	2298.606975	5600627_G_F_4
18197	7668	891.7564875	5600628_R_F_5
18199	7669	3573.464625	5600628_G_F_3
18201	7670	6821.7761625	5600629_R_F_4
18203	7671	5514.7251375	5600629_G_F_1
21971	7672	315.495075	5600313_R_F_1
20309	7673	9468.0715875	5601111_R_F_1
20311	7674	144.8701875	5601111_G_F_1
20869	7675	3676.483425	5601112_G_F_1
20871	7676	5897.8263	5601112_G_F_2
20315	7677	11090.6176875	5601115_R_F_1
20317	7678	12645.5577	5601114_G_F_1
20319	7679	260.7663375	5601119_R_F_2
23127	7680	4413.7117125	5501648_G_F_1
18223	7681	8531.244375	5600190_R_F_1
18225	7682	0.0	5600191_G_F_1
18227	7683	122.334825	5600197_R_F_1
19443	7684	1255.541625	5600200_R_F_1
19445	7685	1754.5389375	5600200_G_F_1
18185	7686	4159.38405	5600625_R_F_4
18187	7687	2810.4816375	5600625_G_F_1
19837	7688	3428.5944375	5600282_G_F_2
22997	7689	0.0	5501488_R_F_1
22999	7690	5221.765425	5501488_G_F_1
23001	7691	2636.6374125	5600473_R_F_3
23005	7692	2189.1495	5600476_G_F_1
21103	7693	10128.035775	5600571_R_F_1
21105	7694	0.0	5600571_G_F_2
21107	7695	8425.0062375	5600572_R_F_1
21109	7696	10952.186175	5600573_G_F_1
19909	7697	11992.0321875	5600575_R_F_1
15689	7698	12735.69915	5600299_G_F_1
23071	7699	1950.918525	5501502_R_F_1
23073	7700	3837.4503	5501502_G_F_1
15839	7701	7027.8137625	5600176_R_F_1
15841	7702	273.6436875	5600176_G_F_1
23075	7703	3557.3679375	5501506_R_F_1
23077	7704	7629.829875	5501506_G_F_2
15843	7705	4040.2685625	5600172_G_F_1
14629	7706	1223.34825	5600275_R_F_2
13137	7707	3299.8209375	5501468_R_F_1
13139	7708	6200.444025	5501464_G_F_6
13141	7709	3702.238125	5501465_R_F_1
13143	7710	1339.2444	5501466_R_F_1
13145	7711	7806.8934375	5501466_G_F_1
13147	7712	4239.8674875	5501460_G_F_7
13149	7713	10028.2363125	5501462_G_F_1
13151	7714	428.1718875	5501462_G_F_2
13153	7715	9954.19155	5501463_G_F_2
21139	7716	6045.915825	5601156_R_F_1
19623	7717	15259.65975	5601098_R_F_1
19625	7718	4700.23275	5601094_R_F_2
19627	7719	11541.3249375	5601090_G_F_1
19629	7720	3254.7502125	5601092_R_F_1
19631	7721	90.14145	5601092_G_F_1
17445	7722	2089.3500375	5600302_R_F_1
17447	7723	2140.8594375	5600302_G_F_1
16979	7724	5221.765425	5600300_G_F_1
16983	7725	598.796775	5600309_G_F_3
13157	7726	2961.7905	5501608_R_F_1
23335	7727	4593.9946125	5601118_G_F_2
21615	7728	341.249775	5501605_R_F_1
13173	7729	0.0	5501607_R_F_2
13175	7730	12.87735	5501607_G_F_1
21667	7731	12735.69915	5600711_G_F_1
21669	7732	9751.3732875	5600713_G_F_3
22929	7733	7198.43865	5600650_R_F_1
13197	7734	6148.934625	5601026_R_F_1
13199	7735	3209.6794875	5601029_G_F_3
13201	7736	5134.8433125	5601028_R_F_1
18963	7737	0.0	5600483_R_F_1
18965	7738	7575.1011375	5600483_R_F_2
18967	7739	5946.1163625	5600483_G_F_1
18969	7740	3460.7878125	5600483_G_F_3
18971	7741	0.0	5600484_R_F_2
18973	7742	1773.8549625	5600485_R_F_2
18975	7743	2156.956125	5600485_R_F_3
18977	7744	1364.9991	5600485_G_F_2
18979	7745	2707.4628375	5600485_G_F_4
18981	7746	96.580125	5600486_R_F_2
18983	7747	2717.12085	5600486_G_F_1
18985	7748	4474.879125	5600486_G_F_2
18987	7749	6702.660675	5600488_G_F_1
18989	7750	1371.437775	5600489_R_F_1
18991	7751	3863.205	5600489_R_F_2
18997	7752	6612.519225	5601288_G_F_2
18999	7753	7993.6150125	5601285_G_F_1
19001	7754	5250.7394625	5601285_G_F_2
19003	7755	17670.9435375	5601287_G_F_1
19005	7756	5517.944475	5601286_G_F_2
19007	7757	7971.07965	5601283_R_F_2
19009	7758	676.060875	5601282_G_F_1
19011	7759	2395.1871	5601282_G_F_4
15351	7760	48.2900625	5600505_G_F_3
16457	7761	9.6580125	5600138_G_F_3
16459	7762	2498.2059	5600139_R_F_1
14065	7763	721.1316	5501422_G_F_1
16461	7764	1912.286475	5600134_R_F_1
16463	7765	2240.6589	5600136_R_F_1
16465	7766	41.8513875	5600136_G_F_1
21683	7767	7671.6812625	5601191_R_F_3
21685	7768	5257.1781375	5601191_G_F_1
21687	7769	12684.18975	5601190_R_F_1
23389	7770	7233.8513625	5601193_G_F_1
17643	7771	4536.0465375	5600348_G_F_3
14099	7772	4996.4118	5501390_G_F_1
14101	7773	4252.7448375	5501391_R_F_1
14103	7774	8508.7090125	5501391_G_F_1
22217	7775	3235.4341875	5600347_G_F_1
22279	7776	3924.3724125	5600345_R_F_1
17651	7777	0.0	5501492_G_F_1
21815	7778	727.570275	5501499_G_F_1
22907	7779	13746.571125	5501498_G_F_1
15635	7780	9374.7108	5600968_R_F_1
15637	7781	8901.4681875	5600968_G_F_1
13307	7782	9136.479825	5600615_R_F_1
13309	7783	1123.5487875	5600614_R_F_1
13311	7784	4088.558625	5600962_R_F_1
13313	7785	7794.0160875	5600962_G_F_1
13315	7786	11483.3768625	5600613_R_F_1
13317	7787	4732.426125	5600613_G_F_1
16471	7788	1851.1190625	5601267_R_F_2
15395	7789	12845.156625	5601102_R_F_1
15397	7790	7507.49505	5601103_G_F_2
16485	7791	1097.7940875	5601268_G_F_1
21003	7792	280.0823625	5600767_G_F_1
16007	7793	2572.2506625	5600813_G_F_1
21819	7794	959.362575	5600738_R_F_1
18387	7795	13572.7269	5600387_R_F_1
12771	7796	9.6580125	5600981_R_F_1
18393	7797	5955.774375	5600385_R_F_1
18395	7798	4999.6311375	5600385_R_F_2
18397	7799	1165.400175	5600385_G_F_1
23855	7800	28.9740375	5501569_G_F_1
23857	7801	656.74485	5501568_R_F_1
18401	7802	1651.5201375	5600383_G_F_1
18403	7803	1967.0152125	5600383_G_F_2
23565	7804	5469.6544125	5600866_G_F_1
18409	7805	2247.097575	5600381_G_F_1
18411	7806	3818.134275	5600381_G_F_2
23567	7807	1129.9874625	5600864_R_F_1
23569	7808	1960.5765375	5600864_G_F_1
23571	7809	1522.7466375	5600865_G_F_1
20409	7810	1252.3222875	5601328_R_F_1
18389	7811	13244.354475	5600386_R_F_1
18391	7812	4358.982975	5600386_G_F_1
18399	7813	3322.3563	5600384_G_F_3
14809	7814	15201.711675	5601313_G_F_1
18405	7815	41.8513875	5600382_R_F_3
18407	7816	4465.2211125	5600382_G_F_1
14811	7817	7703.8746375	5601311_R_F_1
21279	7818	6689.783325	5600141_R_F_1
17103	7819	0.0	5501511_G_F_1
21281	7820	4455.5631	5600142_R_F_3
21283	7821	1278.0769875	5600144_G_F_1
18415	7822	3344.8916625	5501458_R_F_2
16037	7823	920.730525	5601146_R_F_1
18417	7824	14074.94355	5501635_R_F_2
21965	7825	3711.8961375	5600315_R_F_1
18419	7826	0.0	5501637_R_F_1
18421	7827	4297.8155625	5501637_G_F_2
18575	7828	4819.3482375	5601228_R_F_1
12773	7829	5971.8710625	5600980_R_F_1
12775	7830	1970.23455	5600980_G_F_1
21969	7831	3818.134275	5600311_G_F_1
18427	7832	3692.5801125	5501632_G_F_1
18429	7833	727.570275	5501632_G_F_2
17113	7834	10581.9623625	5601223_R_F_1
18431	7835	3905.0563875	5501638_G_F_1
17115	7836	8521.5863625	5601224_R_F_1
14957	7837	3963.0044625	5601126_R_F_1
13883	7838	11834.28465	5600231_G_F_1
19865	7839	10813.7546625	5601137_R_F_1
19867	7840	3547.709925	5601136_R_F_1
19869	7841	8354.1808125	5601136_G_F_1
19871	7842	5923.581	5601132_R_F_1
19873	7843	12664.873725	5601132_G_F_1
14959	7844	10182.7645125	5601127_R_F_1
17839	7845	6477.30705	5600422_G_F_1
17841	7846	10292.2219875	5600423_G_F_1
17843	7847	7455.98565	5600426_R_F_1
17845	7848	5846.3169	5600427_R_F_3
17847	7849	1026.9686625	5600424_G_F_1
17849	7850	4568.2399125	5600425_G_F_1
14965	7851	3489.76185	5601128_R_F_1
19167	7852	8998.0483125	5600039_R_F_1
23787	7853	6132.8379375	5600103_G_F_4
20649	7854	1896.1897875	5600511_G_F_2
19213	7855	2578.6893375	5501417_R_F_2
15361	7856	3850.32765	5601189_G_F_2
12833	7857	0.0	5600189_R_F_1
14319	7858	13875.344625	5600217_R_F_2
23851	7859	15555.8388	5600352_G_F_1
23853	7860	2169.833475	5600354_R_F_1
23063	7861	1249.10295	5600102_R_F_2
23859	7862	11512.3509	5501486_G_F_1
23861	7863	5398.8289875	5501487_G_F_1
22889	7864	2079.692025	5501485_R_F_1
23863	7865	225.353625	5501563_R_F_1
21757	7866	843.466425	5501562_R_F_1
16565	7867	6499.8424125	5600978_R_F_1
16567	7868	5385.9516375	5600978_G_F_1
16571	7869	83.702775	5600974_G_F_1
18423	7870	2163.3948	5501636_R_F_1
18425	7871	5817.3428625	5501636_R_F_2
20547	7872	77.2641	5601076_G_F_1
21967	7873	1983.1119	5600310_G_F_3
20575	7874	212.476275	5601078_R_F_1
20577	7875	6602.8612125	5601078_G_F_1
21759	7876	11013.3535875	5601273_G_F_1
20717	7877	8103.0724875	5601173_G_F_1
20719	7878	1622.5461	5601172_G_F_1
15587	7879	235.0116375	5601171_G_F_1
15589	7880	13875.344625	5601170_R_F_1
15591	7881	1368.2184375	5601170_G_F_1
20721	7882	8006.4923625	5601176_G_F_1
20723	7883	791.957025	5601175_R_F_2
20725	7884	5733.6400875	5601174_R_F_1
17919	7885	9500.2649625	5501114_R_F_3
17921	7886	6068.4511875	5501115_R_F_3
17923	7887	3212.898825	5501115_G_F_1
17925	7888	7063.226475	5501113_R_F_3
17927	7889	2375.871075	5501113_G_F_2
17929	7890	1577.475375	5501113_G_F_5
17931	7891	1001.2139625	5501118_G_F_1
17933	7892	6515.9391	5501118_G_F_2
17935	7893	3145.2927375	5501119_R_F_1
20035	7894	2105.446725	5500357_G_F_1
19705	7895	5476.0930875	5500637_G_F_1
19707	7896	9394.026825	5500634_R_F_1
20037	7897	1381.0957875	5401999_G_F_1
20039	7898	2923.15845	5500606_G_F_1
12691	7899	90.14145	5500044_R_F_1
12693	7900	0.0	5500044_G_F_3
14493	7901	5253.9588	5401997_G_F_1
12695	7902	222.1342875	5500040_R_F_1
20041	7903	296.17905	5401995_R_F_1
16139	7904	2169.833475	5401964_R_F_1
16141	7905	5785.1494875	5401964_R_F_3
16143	7906	280.0823625	5401964_G_F_2
16145	7907	1261.9803	5401964_G_F_4
16147	7908	7227.4126875	5401962_R_F_1
16149	7909	3341.672325	5401962_R_F_2
16151	7910	3515.51655	5401962_G_F_2
16153	7911	785.51835	5401962_G_F_3
16155	7912	2472.4512	5401962_G_F_4
16157	7913	2617.3213875	5401963_G_F_1
16159	7914	6242.2954125	5401968_G_F_1
19141	7915	4294.596225	5500827_R_F_1
16695	7916	2295.3876375	5500762_R_F_2
16697	7917	11322.4099875	5500763_G_F_1
16699	7918	9764.2506375	5500764_R_F_1
20059	7919	6177.9086625	5500821_G_F_1
16701	7920	9104.28645	5500766_G_F_1
16703	7921	10858.8253875	5500767_G_F_1
20065	7922	3988.7591625	5500820_R_F_1
17967	7923	1377.87645	5500197_R_F_2
17969	7924	11058.4243125	5500197_G_F_1
17971	7925	3924.3724125	5500194_G_F_3
17985	7926	19.316025	5500993_G_F_1
17987	7927	843.466425	5500990_R_F_1
17989	7928	10678.5424875	5500990_R_F_2
17991	7929	4677.6973875	5500990_G_F_1
22365	7930	2491.767225	5500349_G_F_1
19343	7931	3000.42255	5500346_G_F_1
19345	7932	502.21665	5500347_R_F_1
19347	7933	8209.310625	5500345_G_F_2
19349	7934	3203.2408125	5500610_R_F_2
14385	7935	8244.7233375	5500834_R_F_1
14387	7936	2929.597125	5500835_R_F_1
14389	7937	96.580125	5500835_R_F_2
14391	7938	5669.2533375	5500830_R_F_1
14393	7939	7237.0707	5500831_R_F_1
14395	7940	2334.0196875	5500833_R_F_1
22381	7941	5778.7108125	5501019_R_F_6
14911	7942	498.9973125	5500839_R_F_1
16917	7943	12075.7349625	5500936_R_F_2
20807	7944	3415.7170875	5500535_R_F_1
16739	7945	1464.7985625	5402092_G_F_1
20821	7946	11882.5747125	5401959_R_F_1
20823	7947	9761.0313	5401958_R_F_1
20825	7948	4977.095775	5401958_R_F_2
20827	7949	6094.2058875	5401958_G_F_1
20829	7950	1725.5649	5401957_R_F_1
20831	7951	2417.7224625	5401957_R_F_2
20833	7952	6155.3733	5401957_R_F_3
20835	7953	103.0188	5401957_G_F_1
20837	7954	228.5729625	5401957_G_F_2
20839	7955	573.042075	5401957_G_F_4
20841	7956	19.316025	5401957_G_F_5
20843	7957	5952.5550375	5401956_R_F_1
20845	7958	1854.3384	5401956_R_F_2
20847	7959	3821.3536125	5401956_R_F_3
20849	7960	3982.3204875	5401956_G_F_2
20851	7961	5282.9328375	5401956_G_F_3
14757	7962	1638.6427875	5500810_R_F_1
14993	7963	5405.2676625	5500121_G_F_1
14995	7964	5588.7699	5500121_G_F_2
16741	7965	473.2426125	5401922_R_F_1
16743	7966	746.8863	5401922_G_F_1
23099	7967	13202.5030875	5500686_G_F_1
16737	7968	2198.8075125	5402094_G_F_1
23101	7969	1818.9256875	5500685_R_F_1
23103	7970	759.76365	5500685_G_F_1
23105	7971	2993.983875	5500684_G_F_2
17295	7972	1274.85765	5500010_G_F_1
18735	7973	486.1199625	5500409_G_F_1
15439	7974	7491.3983625	5500505_G_F_2
18737	7975	6171.4699875	5500155_R_F_1
17337	7976	8280.13605	5500150_G_F_1
15441	7977	5299.029525	5500503_R_F_3
15443	7978	4304.2542375	5500503_G_F_1
23109	7979	0.0	5500689_R_F_1
20169	7980	2008.8666	5500302_R_F_1
20171	7981	4700.23275	5500302_G_F_5
13487	7982	0.0	5500651_R_F_2
20173	7983	4017.7332	5500300_R_F_1
20175	7984	5186.3527125	5500304_R_F_1
20177	7985	2749.314225	5500305_R_F_1
20179	7986	5196.010725	5500308_G_F_2
15723	7987	6213.321375	5501273_G_F_2
23031	7988	164.1862125	5500147_R_F_1
12943	7989	7903.4735625	5501296_R_F_2
12945	7990	1168.6195125	5501296_G_F_2
15035	7991	11666.8791	5500872_R_F_1
12949	7992	309.0564	5501299_R_F_1
21597	7993	4909.4896875	5500571_R_F_1
16295	7994	550.5067125	5402117_R_F_2
16297	7995	7897.0348875	5402115_G_F_1
21599	7996	3154.95075	5500579_R_F_1
21257	7997	721.1316	5500559_R_F_1
13787	7998	3699.0187875	5500377_G_F_1
12697	7999	2610.8827125	5500043_R_F_2
22627	8000	1947.6991875	5500278_G_F_1
22629	8001	15240.343725	5500276_R_F_1
22631	8002	3914.7144	5500276_G_F_2
22633	8003	10649.56845	5500274_G_F_1
12699	8004	41.8513875	5500042_R_F_1
12701	8005	1683.7135125	5500042_G_F_1
22637	8006	2562.59265	5500273_R_F_1
13799	8007	8985.1709625	5500378_G_F_1
21955	8008	4655.162025	5500254_G_F_2
16557	8009	11534.8862625	5500917_R_F_2
20941	8010	4462.001775	5500552_G_F_1
15961	8011	9117.1638	5402132_G_F_1
23473	8012	0.0	5500255_R_F_2
22909	8013	1828.5837	5501197_R_F_6
19475	8014	923.9498625	5500111_G_F_2
19477	8015	19.316025	5500110_R_F_1
19479	8016	0.0	5500110_R_F_2
19481	8017	0.0	5500110_G_F_2
19483	8018	3093.7833375	5500117_R_F_3
19485	8019	1751.3196	5500116_G_F_3
17591	8020	5746.5174375	5500209_R_F_1
13049	8021	4774.2775125	5500981_R_F_1
13051	8022	8763.036675	5500981_G_F_1
14533	8023	8161.0205625	5402068_G_F_1
22745	8024	260.7663375	5402064_R_F_1
22747	8025	7182.3419625	5402065_R_F_2
21863	8026	4066.0232625	5500751_G_F_3
21865	8027	5218.5460875	5500750_G_F_2
13013	8028	3100.2220125	5500188_G_F_3
13067	8029	2401.625775	5500988_R_F_2
13015	8030	14049.18885	5500180_R_F_1
13017	8031	13971.92475	5500181_R_F_1
13019	8032	2057.1566625	5500183_G_F_2
13021	8033	4915.9283625	5500183_G_F_6
13753	8034	531.1906875	5402023_G_F_1
13053	8035	0.0	5500983_R_F_1
13055	8036	614.8934625	5500983_G_F_1
13057	8037	86.9221125	5500984_R_F_1
13059	8038	11631.4663875	5500984_G_F_1
13061	8039	3058.370625	5500985_G_F_2
13069	8040	2024.9632875	5500989_R_F_2
13071	8041	527.97135	5500989_G_F_1
13073	8042	4555.3625625	5500989_G_F_3
14561	8043	2678.4888	5500628_R_F_1
14563	8044	173.844225	5500628_G_F_2
22833	8045	6908.698275	5500627_R_F_2
22835	8046	2050.7179875	5500627_G_F_2
22837	8047	531.1906875	5500626_R_F_1
13481	8048	0.0	5500650_G_F_2
19523	8049	0.0	5500803_R_F_1
13489	8050	0.0	5500652_R_F_2
15145	8051	399.19785	5500654_G_F_2
22087	8052	0.0	5501312_R_F_1
16915	8053	57.948075	5500937_R_F_1
19531	8054	3277.285575	5500806_R_F_1
13927	8055	96.580125	5501164_R_F_1
13931	8056	9091.4091	5501160_G_F_1
23007	8057	2411.2837875	5500383_G_F_1
23009	8058	476.46195	5500383_G_F_3
23011	8059	2372.6517375	5500380_G_F_2
23013	8060	8231.8459875	5500384_R_F_1
23015	8061	318.7144125	5500384_R_F_3
23017	8062	6268.0501125	5500384_G_F_1
13951	8063	962.5819125	5500412_G_F_2
13953	8064	45.070725	5500413_R_F_1
13955	8065	1345.683075	5500413_G_F_1
13957	8066	3583.1226375	5500411_G_F_1
13959	8067	5241.08145	5500416_G_F_1
13961	8068	338.0304375	5500414_R_F_1
13063	8069	3731.2121625	5500987_R_F_1
13065	8070	1770.635625	5500987_R_F_2
17573	8071	12474.9328125	5500469_R_F_1
23097	8072	6509.500425	5500687_R_F_3
18277	8073	611.674125	5501285_R_F_1
18279	8074	3473.6651625	5501287_R_F_1
23107	8075	4378.299	5500968_G_F_5
16423	8076	8283.3553875	5500565_G_F_1
18891	8077	2446.6965	5500366_R_F_1
18893	8078	4944.9024	5500360_R_F_1
18895	8079	630.99015	5500360_G_F_1
18897	8080	2971.4485125	5500360_G_F_3
18899	8081	1896.1897875	5500360_G_F_5
18901	8082	9242.7179625	5500361_G_F_1
18903	8083	12278.553225	5500362_G_F_1
14657	8084	6966.64635	5501215_R_F_1
14659	8085	1194.3742125	5501215_G_F_1
18907	8086	4024.171875	5500369_R_F_1
18909	8087	3679.7027625	5500369_G_F_4
19645	8088	582.7000875	5501039_R_F_2
15869	8089	3209.6794875	5501040_R_F_2
16409	8090	2488.5478875	5500513_R_F_2
16411	8091	1249.10295	5500513_R_F_4
18871	8092	5588.7699	5500510_R_F_2
18873	8093	476.46195	5500510_R_F_4
15873	8094	379.881825	5501048_R_F_1
21595	8095	7810.112775	5500577_R_F_1
23235	8096	0.0	5500100_R_F_1
23237	8097	1175.0581875	5500100_R_F_2
23239	8098	367.004475	5500101_R_F_1
23241	8099	383.1011625	5500101_G_F_2
23243	8100	3280.5049125	5500102_G_F_1
23827	8101	4037.049225	5500104_R_F_1
23829	8102	1371.437775	5500104_G_F_1
14677	8103	131.9928375	5500105_R_F_1
23295	8104	431.391225	5500106_R_F_1
23297	8105	994.7752875	5500106_R_F_2
14679	8106	32.193375	5500108_R_F_1
14681	8107	0.0	5500108_R_F_2
14683	8108	1284.5156625	5500109_R_F_1
14685	8109	0.0	5500109_R_F_2
14687	8110	2111.8854	5500109_R_F_3
14689	8111	0.0	5500109_G_F_1
21049	8112	2630.1987375	5402121_G_F_1
21051	8113	4445.9050875	5402120_R_F_1
21635	8114	10984.37955	5501095_R_F_1
21637	8115	3859.9856625	5501095_G_F_1
13231	8116	708.25425	5501094_R_F_2
13233	8117	2936.0358	5501094_G_F_2
16445	8118	11174.3204625	5401907_G_F_1
16447	8119	1371.437775	5401908_R_F_1
16449	8120	3212.898825	5401908_G_F_1
21641	8121	1468.0179	5501096_R_F_5
21643	8122	4693.794075	5501096_G_F_2
17017	8123	9291.008025	5500749_G_F_1
17019	8124	119.1154875	5500038_R_F_3
18339	8125	9957.4108875	5500426_G_F_1
18341	8126	2173.0528125	5500424_R_F_5
17025	8127	10610.9364	5500742_G_F_1
17827	8128	41.8513875	5500035_R_F_2
17829	8129	0.0	5500035_R_F_3
18343	8130	6696.222	5500429_R_F_1
18345	8131	4548.9238875	5500429_G_F_3
17233	8132	3.2193375	5500037_G_F_3
23451	8133	2334.0196875	5501212_G_F_2
19703	8134	7372.282875	5500636_R_F_1
15363	8135	2861.9910375	5501252_G_F_2
22635	8136	859.5631125	5500275_G_F_1
19709	8137	1191.154875	5500632_R_F_2
19711	8138	917.5111875	5500632_G_F_1
19713	8139	1857.5577375	5500632_G_F_3
22149	8140	4336.4476125	5500633_R_F_1
19717	8141	4706.671425	5500630_R_F_1
19719	8142	8405.6902125	5500631_R_F_1
13291	8143	5904.264975	5402002_G_F_1
13293	8144	930.3885375	5402003_R_F_2
13295	8145	8115.9498375	5402003_G_F_1
20795	8146	8621.385825	5500738_G_F_1
19745	8147	3100.2220125	5500320_G_F_1
20433	8148	9287.7886875	5501078_G_F_1
20435	8149	2620.540725	5501075_G_F_1
14439	8150	0.0	5501086_R_F_7
14441	8151	2878.087725	5501086_G_F_1
14443	8152	3190.3634625	5501086_G_F_2
14445	8153	1503.4306125	5501087_R_F_8
14447	8154	1168.6195125	5501087_R_F_7
14449	8155	2530.399275	5501087_G_F_4
16473	8156	5524.38315	5501082_G_F_1
16475	8157	1780.2936375	5501080_G_F_1
16483	8158	12.87735	5501088_R_F_6
20889	8159	3212.898825	5402139_R_F_2
20891	8160	6145.7152875	5402139_G_F_1
21957	8161	0.0	5500256_R_F_1
23475	8162	10301.88	5500921_G_F_2
21959	8163	692.1575625	5500251_G_F_2
21961	8164	57.948075	5500252_R_F_1
20943	8165	4513.511175	5402134_G_F_1
20945	8166	4220.5514625	5402135_G_F_1
20989	8167	103.0188	5401977_G_F_2
20991	8168	1065.6007125	5401977_G_F_4
20993	8169	2511.08325	5401976_R_F_1
20995	8170	334.8111	5401976_G_F_1
15867	8171	4903.0510125	5501043_R_F_1
19071	8172	2356.55505	5501173_R_F_1
19073	8173	347.68845	5501173_R_F_2
19075	8174	894.975825	5501173_R_F_3
19077	8175	489.3393	5501176_G_F_1
19079	8176	1168.6195125	5501174_R_F_1
18557	8177	8660.017875	5402030_G_F_1
19081	8178	2089.3500375	5501178_R_F_1
17739	8179	1928.3831625	5500070_G_F_1
19083	8180	16669.729575	5500178_R_F_1
19085	8181	914.29185	5500178_G_F_1
14805	8182	10514.356275	5501016_R_F_1
17183	8183	0.0	5500482_R_F_1
19113	8184	753.324975	5500283_R_F_4
23587	8185	1812.4870125	5500282_R_F_1
19115	8186	637.428825	5500281_R_F_1
19117	8187	3142.0734	5500281_G_F_1
19119	8188	135.212175	5500280_G_F_2
19805	8189	5234.642775	5402044_R_F_2
19807	8190	11142.1270875	5402044_G_F_2
19809	8191	1181.4968625	5500286_G_F_1
19811	8192	260.7663375	5500286_G_F_3
14183	8193	7530.0304125	5402046_R_F_2
19127	8194	3785.9409	5500289_R_F_1
19129	8195	4111.0939875	5500289_R_F_4
19131	8196	3032.615925	5500288_R_F_1
19133	8197	2823.3589875	5500288_R_F_5
19135	8198	0.0	5500288_G_F_4
20501	8199	5273.274825	5500673_R_F_1
20503	8200	489.3393	5500673_G_F_1
20505	8201	2742.87555	5500676_R_F_1
20507	8202	9059.215725	5500677_G_F_2
23621	8203	2694.5854875	5500475_G_F_1
23623	8204	4362.2023125	5500477_G_F_1
23625	8205	7285.3607625	5500471_G_F_1
23627	8206	6287.3661375	5500472_R_F_1
17763	8207	8083.7564625	5500694_R_F_2
15717	8208	5836.6588875	5501277_R_F_1
15719	8209	3599.219325	5501277_G_F_1
15721	8210	6876.5049	5501277_G_F_2
17765	8211	8264.0393625	5500691_R_F_1
17767	8212	135.212175	5500691_G_F_1
17769	8213	1963.795875	5500691_G_F_2
17771	8214	1332.805725	5500691_G_F_3
17773	8215	1020.5299875	5500692_G_F_3
17775	8216	1149.3034875	5500693_G_F_3
16553	8217	2672.050125	5500913_R_F_2
16555	8218	2820.13965	5500912_R_F_1
16559	8219	2729.9982	5500915_R_F_2
20009	8220	9870.488775	5500868_R_F_1
15871	8221	209.2569375	5501045_G_F_1
23665	8222	3827.7922875	5500597_R_F_1
21715	8223	2543.276625	5500594_R_F_2
14223	8224	3563.8066125	5500351_R_F_1
14225	8225	367.004475	5500351_G_F_4
14227	8226	9542.11635	5500350_R_F_1
14229	8227	4829.00625	5500353_R_F_1
14231	8228	8959.4162625	5500353_G_F_1
14233	8229	808.0537125	5500353_G_F_2
14235	8230	1313.4897	5500609_G_F_2
14237	8231	1583.91405	5500607_G_F_1
14239	8232	212.476275	5500358_R_F_1
22541	8233	10739.7099	5500213_R_F_1
14839	8234	627.7708125	5501024_R_F_1
19143	8235	1719.126225	5500825_R_F_3
20051	8236	3228.9955125	5500824_R_F_1
20055	8237	1835.022375	5500823_R_F_1
19145	8238	3940.4691	5500822_R_F_1
19147	8239	1419.7278375	5500822_G_F_1
14841	8240	10546.54965	5501022_G_F_1
14843	8241	0.0	5501023_G_F_1
14845	8242	0.0	5501029_G_F_1
14847	8243	1046.2846875	5501029_G_F_3
19153	8244	2723.559525	5500828_R_F_1
17021	8245	0.0	5500039_R_F_1
15437	8246	3174.266775	5500504_R_F_2
15445	8247	3068.0286375	5500508_R_F_5
15447	8248	7980.7376625	5500508_G_F_1
19891	8249	5196.010725	5500139_R_F_2
19893	8250	8016.150375	5500139_G_F_2
19895	8251	9616.1611125	5500138_R_F_1
19897	8252	6319.5595125	5500138_G_F_1
19907	8253	7491.3983625	5500137_R_F_3
16735	8254	1863.9964125	5402095_G_F_1
13493	8255	12.87735	5500430_R_F_2
13495	8256	1529.1853125	5500430_R_F_3
13497	8257	7195.2193125	5500431_R_F_2
13499	8258	5649.9373125	5500431_G_F_1
13501	8259	5830.2202125	5500432_R_F_1
13503	8260	1496.9919375	5500432_G_F_3
13505	8261	8170.678575	5500434_R_F_1
23129	8262	0.0	5500001_G_F_3
21989	8263	5260.397475	5500007_R_F_2
19979	8264	5794.8075	5500790_G_F_1
19981	8265	3937.2497625	5500792_R_F_1
19983	8266	6979.5237	5500796_G_F_4
14869	8267	8189.9946	5500310_R_F_1
20665	8268	6110.302575	5501246_R_F_2
23391	8269	8985.1709625	5501093_G_F_1
23393	8270	2053.937325	5501093_G_F_2
23395	8271	647.0868375	5501093_G_F_3
17179	8272	10234.2739125	5500484_G_F_1
17181	8273	2787.946275	5500483_G_F_1
21397	8274	4291.3768875	5500947_G_F_2
21399	8275	1210.4709	5500940_G_F_2
16631	8276	4400.8343625	5501347_R_F_1
16633	8277	11599.2730125	5501347_G_F_1
16635	8278	2066.814675	5501346_R_F_1
16637	8279	4243.086825	5501346_R_F_3
23257	8280	1326.36705	5501092_R_F_7
16103	8281	4536.0465375	5500548_G_F_5
17193	8282	1358.560425	5500263_G_F_1
17195	8283	1529.1853125	5500263_G_F_3
17197	8284	199.598925	5500265_R_F_2
17199	8285	2852.333025	5500265_G_F_1
17201	8286	3525.1745625	5500264_R_F_1
17203	8287	5946.1163625	5500266_G_F_1
19261	8288	8161.0205625	5301779_R_F_1
21769	8289	7249.94805	5301575_R_F_1
21771	8290	791.957025	5301575_R_F_2
21773	8291	730.7896125	5301575_G_F_1
21775	8292	4993.1924625	5301576_R_F_1
21777	8293	6899.0402625	5301577_R_F_3
21779	8294	3206.46015	5301577_G_F_1
21781	8295	7191.999975	5301577_G_F_2
21783	8296	2028.182625	5301572_G_F_1
21785	8297	4793.5935375	5301572_G_F_2
21787	8298	2527.1799375	5301573_R_F_1
21789	8299	222.1342875	5301578_R_F_2
21791	8300	10768.6839375	5301578_G_F_4
21793	8301	267.2050125	5301579_R_F_1
21795	8302	8656.7985375	5301579_G_F_1
17963	8303	14548.1861625	5301675_R_F_1
20735	8304	9526.0196625	5301674_G_F_1
22175	8305	1992.7699125	5300951_R_F_1
22177	8306	5543.699175	5300950_R_F_1
22179	8307	4922.3670375	5300953_R_F_1
22181	8308	682.49955	5300953_R_F_2
22183	8309	7343.3088375	5300955_R_F_1
22187	8310	4915.9283625	5300956_R_F_1
22447	8311	0.0	5300775_R_F_1
22449	8312	878.8791375	5300775_R_F_2
21797	8313	4069.2426	5300774_G_F_3
22193	8314	11699.072475	5300777_R_F_1
22195	8315	6606.08055	5300777_G_F_1
22457	8316	9793.224675	5300776_R_F_1
22197	8317	1548.5013375	5300771_R_F_1
22199	8318	8305.89075	5300771_R_F_3
22201	8319	12632.68035	5300771_G_F_1
22465	8320	1619.3267625	5300773_R_F_2
22467	8321	2063.5953375	5300773_G_F_1
21799	8322	10305.0993375	5300772_R_F_3
17023	8323	7945.32495	5300554_R_F_1
15547	8324	0.0	5300497_R_F_1
15549	8325	2659.172775	5300497_R_F_2
15551	8326	93.3607875	5300497_G_F_2
15553	8327	7117.9552125	5300497_G_F_3
21475	8328	2936.0358	5301811_R_F_1
16563	8329	4536.0465375	5301252_R_F_1
18649	8330	5183.133375	5301255_R_F_1
18651	8331	4690.5747375	5301255_G_F_3
16903	8332	1084.9167375	5301254_G_F_1
16905	8333	10173.1065	5301254_G_F_3
19325	8334	12133.6830375	5300428_R_F_1
20117	8335	952.9239	5301409_G_F_6
22315	8336	6338.8755375	5301405_R_F_1
17657	8337	1480.89525	5301331_R_F_1
17659	8338	682.49955	5301331_G_F_1
14939	8339	12742.137825	5301084_R_F_3
14941	8340	0.0	5301087_R_F_1
14943	8341	9027.02235	5301087_G_F_1
14945	8342	4149.7260375	5301088_G_F_2
23427	8343	1461.579225	5301169_G_F_1
22393	8344	5849.5362375	5301530_R_F_1
22035	8345	3943.6884375	5300917_R_F_1
22037	8346	2070.0340125	5300917_R_F_2
22039	8347	7629.829875	5300916_R_F_2
22041	8348	3776.2828875	5300916_G_F_1
22043	8349	3212.898825	5300919_G_F_4
22045	8350	5727.2014125	5300918_R_F_1
18701	8351	0.0	5301035_R_F_4
15799	8352	9696.64455	5300539_G_F_1
22185	8353	4864.4189625	5300954_R_F_1
20007	8354	1535.6239875	5300593_R_F_1
17273	8355	2417.7224625	5300595_G_F_1
17275	8356	0.0	5300594_R_F_1
17277	8357	9001.26765	5300594_G_F_1
14897	8358	4310.6929125	5301620_R_F_1
14899	8359	3190.3634625	5301620_G_F_1
14901	8360	2272.852275	5301620_G_F_2
13717	8361	135.212175	5301743_G_F_1
13719	8362	9532.4583375	5301743_G_F_3
13721	8363	4014.5138625	5301741_G_F_1
13723	8364	6132.8379375	5301741_G_F_2
13725	8365	177.0635625	5301740_G_F_2
13727	8366	4358.982975	5301747_G_F_1
13729	8367	2041.059975	5301744_G_F_2
20755	8368	1645.0814625	5300813_R_F_1
22463	8369	3077.68665	5300725_R_F_1
22019	8370	2424.1611375	5300723_R_F_2
22021	8371	2086.1307	5300723_R_F_3
16247	8372	0.0	5300720_R_F_1
16251	8373	2301.8263125	5300729_G_F_4
20153	8374	1175.0581875	5300461_R_F_1
21527	8375	2575.47	5300509_R_F_2
21529	8376	3303.040275	5300506_R_F_1
21531	8377	866.0017875	5300502_G_F_1
21533	8378	0.0	5300503_R_F_1
21535	8379	3264.408225	5300503_G_F_1
21537	8380	2729.9982	5300500_R_F_2
21539	8381	292.9597125	5300500_G_F_2
15693	8382	965.80125	5301845_G_F_2
15695	8383	1715.9068875	5301846_G_F_4
15697	8384	347.68845	5301847_R_F_1
15699	8385	10308.318675	5301840_R_F_1
15701	8386	2424.1611375	5301840_G_F_1
15703	8387	8843.5201125	5301841_G_F_1
15705	8388	154.5282	5301843_R_F_3
20751	8389	6496.623075	5300811_R_F_1
20753	8390	1339.2444	5300811_G_F_3
12895	8391	5128.4046375	5301283_G_F_1
12897	8392	7736.0680125	5301287_R_F_2
12899	8393	13762.6678125	5301287_G_F_2
12901	8394	9703.083225	5301289_G_F_1
12689	8395	0.0	5301706_R_F_1
21477	8396	0.0	5301810_G_F_1
19457	8397	1229.786925	5301218_R_F_1
19459	8398	6461.2103625	5301218_G_F_1
21483	8399	7491.3983625	5301815_R_F_2
21485	8400	302.617725	5301814_R_F_1
12947	8401	486.1199625	5301062_R_F_1
21813	8402	4574.6785875	5301441_G_F_1
19013	8403	45.070725	5301443_R_F_2
19015	8404	5018.9471625	5301443_G_F_2
19017	8405	0.0	5301443_G_F_4
12951	8406	3821.3536125	5301709_R_F_1
12953	8407	1381.0957875	5301709_G_F_1
20911	8408	3328.794975	5301446_R_F_1
20913	8409	2987.5452	5301446_R_F_2
20915	8410	6023.3804625	5301446_G_F_1
20917	8411	2263.1942625	5301446_G_F_2
20919	8412	13762.6678125	5301447_G_F_1
20451	8413	547.287375	5301422_G_F_2
23479	8414	309.0564	5301423_R_F_1
23481	8415	6570.6678375	5301423_R_F_2
20925	8416	508.655325	5300719_G_F_1
20927	8417	705.0349125	5300718_G_F_1
20929	8418	247.8889875	5300717_G_F_1
20931	8419	2144.078775	5300716_R_F_1
14499	8420	1867.21575	5301784_R_F_1
14501	8421	12416.9847375	5301784_G_F_1
20933	8422	7014.9364125	5300713_R_F_1
20935	8423	10997.2569	5300712_R_F_2
14507	8424	157.7475375	5301780_R_F_1
14509	8425	3628.1933625	5301780_R_F_2
16797	8426	13505.1208125	5301541_G_F_1
15749	8427	0.0	5300392_R_F_2
15751	8428	1081.6974	5300392_G_F_1
15753	8429	5769.0528	5300392_G_F_4
15761	8430	5215.32675	5300821_R_F_1
15763	8431	3637.851375	5300821_G_F_1
15769	8432	1252.3222875	5300822_G_F_2
15771	8433	0.0	5300822_G_F_3
15773	8434	0.0	5300829_R_F_1
19137	8435	3338.4529875	5300828_G_F_1
19139	8436	2427.380475	5300828_G_F_4
16805	8437	4684.1360625	5300769_R_F_1
16807	8438	1084.9167375	5300769_R_F_3
16809	8439	3853.5469875	5300949_R_F_2
16811	8440	2456.3545125	5300763_R_F_1
16813	8441	4680.916725	5300765_R_F_5
16815	8442	997.994625	5300765_G_F_7
22699	8443	9342.517425	5300542_G_F_1
22701	8444	1986.3312375	5300546_R_F_1
22703	8445	12503.90685	5300547_R_F_1
22707	8446	1542.0626625	5300549_R_F_1
22709	8447	4117.5326625	5300549_G_F_2
12991	8448	2894.1844125	5300620_G_F_1
15797	8449	7266.0447375	5300537_G_F_1
14535	8450	1165.400175	5300437_R_F_2
14537	8451	8309.1100875	5300434_R_F_1
14539	8452	2485.32855	5300435_R_F_2
21827	8453	3576.6839625	5300433_R_F_1
15115	8454	14525.6508	5301439_G_F_1
13867	8455	2984.3258625	5300995_R_F_1
13869	8456	2395.1871	5300995_G_F_1
21157	8457	3061.5899625	5301651_R_F_1
13871	8458	1635.42345	5300997_R_F_1
13873	8459	1947.6991875	5300997_G_F_1
13875	8460	189.9409125	5300996_R_F_1
13877	8461	331.5917625	5300992_G_F_1
13887	8462	2182.710825	5301247_G_F_1
13889	8463	2675.2694625	5301249_G_F_2
17525	8464	972.239925	5301052_R_F_1
17527	8465	5965.4323875	5301509_R_F_1
17529	8466	6712.3186875	5301509_R_F_2
22899	8467	9786.786	5301181_G_F_1
13189	8468	0.0	5301491_G_F_1
20321	8469	4281.718875	5301614_G_F_1
15951	8470	3415.7170875	5301616_R_F_4
20327	8471	4854.76095	5301618_R_F_3
18847	8472	5385.9516375	5301752_G_F_1
18849	8473	5707.8853875	5301754_G_F_5
18851	8474	2343.6777	5301756_R_F_1
18853	8475	598.796775	5301757_R_F_1
18855	8476	8151.36255	5301757_G_F_1
23575	8477	1168.6195125	5300751_G_F_1
21651	8478	5057.5792125	5300974_R_F_1
15427	8479	6010.5031125	5300973_R_F_2
20331	8480	753.324975	5300692_G_F_1
20333	8481	0.0	5300690_R_F_1
16507	8482	2958.5711625	5300745_G_F_1
16397	8483	4635.846	5300578_R_F_1
22785	8484	679.2802125	5300994_R_F_2
16513	8485	3006.861225	5300968_R_F_1
16515	8486	7349.7475125	5300968_R_F_2
18281	8487	376.6624875	5301012_G_F_2
18283	8488	3599.219325	5301017_R_F_1
20583	8489	3975.8818125	5301016_G_F_2
21141	8490	5131.623975	5301383_R_F_4
21143	8491	5408.487	5301381_R_F_3
21145	8492	3869.643675	5301380_R_F_1
21147	8493	605.23545	5301380_G_F_2
21149	8494	5849.5362375	5301380_G_F_3
21153	8495	3087.3446625	5301384_R_F_1
21155	8496	3930.8110875	5301125_G_F_1
21159	8497	495.777975	5301652_R_F_2
21161	8498	666.4028625	5301652_G_F_1
13177	8499	0.0	5301495_R_F_1
13179	8500	154.5282	5301495_G_F_1
13181	8501	0.0	5301494_R_F_1
13183	8502	717.9122625	5301494_G_F_1
13185	8503	7996.83435	5301493_R_F_1
13187	8504	6319.5595125	5301492_R_F_1
23171	8505	7864.8415125	5301558_G_F_4
13191	8506	7803.6741	5301490_R_F_1
23185	8507	7880.9382	5301556_R_F_1
23187	8508	1474.456575	5301554_G_F_1
23189	8509	2984.3258625	5301555_G_F_1
23191	8510	6454.7716875	5301552_R_F_1
23193	8511	11167.8817875	5301553_G_F_1
23195	8512	7031.0331	5301551_R_F_1
23197	8513	2095.7887125	5301551_G_F_3
21167	8514	11502.6928875	5300830_G_F_2
23209	8515	920.730525	5300933_R_F_1
23249	8516	5279.7135	5301838_R_F_1
22731	8517	2250.3169125	5300630_G_F_3
23255	8518	4172.2614	5301837_G_F_2
23329	8519	1113.890775	5301836_R_F_1
23331	8520	779.079675	5301836_G_F_2
23247	8521	7008.4977375	5301839_R_F_6
19671	8522	4680.916725	5300449_G_F_1
19673	8523	0.0	5300449_G_F_2
19675	8524	0.0	5300448_R_F_1
23253	8525	7839.0868125	5301834_G_F_1
19677	8526	1036.626675	5300443_R_F_1
19679	8527	5534.0411625	5300443_R_F_2
19681	8528	12037.1029125	5300442_G_F_2
19683	8529	3940.4691	5300446_G_F_3
19685	8530	3389.9623875	5300445_R_F_1
21479	8531	6264.830775	5301816_R_F_2
21481	8532	943.2658875	5301816_R_F_3
19019	8533	45.070725	5300989_G_F_1
19031	8534	5421.36435	5301230_R_F_1
22323	8535	3290.162925	5301332_R_F_1
22331	8536	6435.4556625	5301333_G_F_1
17665	8537	1010.871975	5301334_G_F_1
22369	8538	8096.6338125	5301335_G_F_1
22143	8539	151.3088625	5301510_R_F_1
22145	8540	8090.1951375	5301510_R_F_2
23585	8541	9580.7484	5301751_G_F_1
14497	8542	9365.0527875	5301786_R_F_1
19065	8543	0.0	5301580_R_F_1
19067	8544	6837.87285	5301580_R_F_2
20453	8545	6071.670525	5301428_R_F_2
22689	8546	4094.9973	5301429_G_F_2
14115	8547	5926.8003375	5301765_R_F_1
14117	8548	48.2900625	5301765_G_F_1
14119	8549	1554.9400125	5301764_G_F_1
14121	8550	12581.17095	5301767_G_F_1
14503	8551	9670.88985	5301783_R_F_1
14123	8552	1841.46105	5301769_R_F_1
14125	8553	692.1575625	5301768_G_F_3
14505	8554	3763.4055375	5301782_R_F_3
23503	8555	479.6812875	5301604_R_F_1
16879	8556	3138.8540625	5301600_R_F_5
16885	8557	959.362575	5301601_R_F_2
16887	8558	4697.0134125	5301601_R_F_4
16501	8559	4610.0913	5300966_R_F_1
16503	8560	3402.8397375	5300967_G_F_1
16505	8561	3534.832575	5300744_R_F_1
16509	8562	1600.0107375	5300748_G_F_2
16511	8563	894.975825	5300749_G_F_1
16013	8564	2498.2059	5301864_R_F_4
16015	8565	3296.6016	5301864_G_F_1
16017	8566	1448.701875	5301864_G_F_2
16019	8567	5849.5362375	5301865_G_F_1
16021	8568	7945.32495	5301863_R_F_1
16023	8569	537.6293625	5301860_R_F_3
16025	8570	1284.5156625	5301860_G_F_3
16027	8571	3969.4431375	5301861_G_F_1
23561	8572	2227.78155	5300752_G_F_1
21649	8573	3946.907775	5300975_G_F_1
19111	8574	25.7547	5300824_R_F_1
19123	8575	338.0304375	5300397_R_F_3
19125	8576	1709.4682125	5300397_G_F_4
15765	8577	0.0	5300820_R_F_1
15767	8578	759.76365	5300820_G_F_2
20337	8579	299.3983875	5300695_G_F_1
14827	8580	6419.358975	5301411_G_F_1
13351	8581	3064.8093	5300972_R_F_1
21297	8582	4494.19515	5301464_R_F_1
21499	8583	679.2802125	5301130_G_F_1
21503	8584	9268.4726625	5301130_G_F_3
23703	8585	5543.699175	5301131_R_F_2
20335	8586	11454.402825	5300691_R_F_1
18679	8587	5575.89255	5301528_G_F_2
17131	8588	14274.542475	5301523_G_F_1
18687	8589	13936.5120375	5301522_R_F_1
18689	8590	218.91495	5301522_G_F_1
17135	8591	8952.9775875	5301521_G_F_1
17141	8592	2182.710825	5300920_G_F_1
17143	8593	1728.7842375	5300924_G_F_1
13805	8594	0.0	5301636_R_F_4
13807	8595	7581.5398125	5301636_G_F_2
18493	8596	3093.7833375	5301737_G_F_3
19917	8597	247.8889875	5300851_G_F_1
19921	8598	9909.120825	5300853_R_F_1
20651	8599	2150.51745	5301859_R_F_2
20653	8600	3209.6794875	5301859_G_F_2
20655	8601	2530.399275	5301857_R_F_2
18127	8602	498.9973125	5301710_G_F_1
17889	8603	35.4127125	5301297_R_F_1
17891	8604	8688.9919125	5301297_R_F_2
17893	8605	1168.6195125	5301296_G_F_2
17895	8606	1097.7940875	5301293_R_F_1
14321	8607	8962.6356	5301220_R_F_1
20471	8608	618.1128	5301222_R_F_1
20473	8609	6280.9274625	5301222_G_F_1
20477	8610	5134.8433125	5301223_G_F_1
17911	8611	7665.2425875	5301071_R_F_2
17913	8612	5978.3097375	5301071_G_F_2
18129	8613	7716.7519875	5301713_R_F_1
15521	8614	6837.87285	5301453_R_F_1
15523	8615	1548.5013375	5301455_G_F_4
14335	8616	0.0	5301592_R_F_1
14337	8617	3724.7734875	5301592_R_F_2
14339	8618	5653.15665	5301593_R_F_1
14341	8619	3238.653525	5301590_R_F_3
15525	8620	0.0	5301458_R_F_5
14343	8621	4072.4619375	5301594_R_F_1
15529	8622	4494.19515	5800428_G_F_1
15531	8623	3583.1226375	5800429_R_F_1
15533	8624	5614.5246	5800429_G_F_1
13561	8625	8624.6051625	5702211_G_F_1
13563	8626	6126.3992625	5702212_R_F_1
15535	8627	585.919425	5800427_G_F_1
15537	8628	1445.4825375	5800420_R_F_4
15539	8629	2855.5523625	5800420_G_F_3
15541	8630	4365.42165	5800420_G_F_5
17945	8631	3715.115475	5800421_R_F_1
17947	8632	5608.085925	5800421_G_F_1
15543	8633	3631.4127	5800422_G_F_3
14383	8634	2176.27215	5702286_G_F_1
20027	8635	4268.841525	5702288_G_F_1
22491	8636	418.513875	5800162_G_F_3
19551	8637	5730.42075	5701712_R_F_1
19287	8638	3435.0331125	5800493_R_F_2
19289	8639	5250.7394625	5800493_G_F_3
19291	8640	1004.4333	5800493_G_F_4
19293	8641	5897.8263	5800494_R_F_1
19295	8642	4194.7967625	5800494_R_F_2
19297	8643	7056.7878	5800497_R_F_1
19299	8644	2733.2175375	5800497_R_F_2
22227	8645	6721.9767	5800496_R_F_1
19301	8646	753.324975	5800496_G_F_2
19303	8647	41.8513875	5800496_G_F_3
19841	8648	1558.15935	5701657_G_F_2
20887	8649	1780.2936375	5800498_G_F_2
15545	8650	2231.0008875	5800423_G_F_3
21721	8651	988.3366125	5702082_R_F_2
14929	8652	2330.80035	5701807_R_F_1
14931	8653	10285.7833125	5701800_G_F_2
14933	8654	254.3276625	5701803_G_F_2
20067	8655	6004.0644375	5701733_G_F_1
20083	8656	11312.751975	5701735_R_F_1
20085	8657	7761.8227125	5701735_G_F_1
16245	8658	13302.30255	5800464_R_F_2
20803	8659	12175.534425	5702138_G_F_1
17243	8660	3953.34645	5701930_R_F_3
17245	8661	6084.547875	5701931_R_F_1
17247	8662	7246.7287125	5701932_G_F_1
17255	8663	12.87735	5701936_G_F_1
17257	8664	1274.85765	5701937_R_F_1
16733	8665	9419.781525	5702092_G_F_3
17267	8666	5859.19425	5800294_G_F_1
15673	8667	77.2641	5701661_G_F_1
15079	8668	5299.029525	5800265_R_F_1
17133	8669	1593.5720625	5800262_R_F_1
15675	8670	820.9310625	5701662_R_F_1
15677	8671	614.8934625	5701662_R_F_2
15679	8672	4722.7681125	5701662_G_F_1
12801	8673	991.55595	5702009_R_F_1
12803	8674	756.5443125	5702009_R_F_3
12805	8675	1313.4897	5702009_G_F_1
12807	8676	415.2945375	5702009_G_F_2
12809	8677	199.598925	5702008_R_F_2
12811	8678	4027.3912125	5702008_R_F_3
12813	8679	2140.8594375	5702008_R_F_4
14427	8680	3515.51655	5701702_R_F_1
14429	8681	2968.229175	5701702_R_F_2
14431	8682	4693.794075	5701702_R_F_3
14433	8683	1963.795875	5701702_G_F_1
12817	8684	3657.1674	5702000_G_F_1
13491	8685	8962.6356	5702003_G_F_1
12819	8686	3760.1862	5702005_R_F_1
12821	8687	1867.21575	5702005_R_F_2
13513	8688	1323.1477125	5702007_R_F_2
13515	8689	820.9310625	5702007_R_F_3
13517	8690	86.9221125	5702006_R_F_1
13519	8691	3673.2640875	5702006_G_F_1
18025	8692	4185.13875	5702260_R_F_2
13537	8693	2031.4019625	5702262_R_F_1
18715	8694	2739.6562125	5800519_G_F_3
18719	8695	721.1316	5800049_R_F_1
18721	8696	4149.7260375	5800049_G_F_1
13551	8697	6.438675	5702268_G_F_3
18723	8698	1921.9444875	5800516_R_F_2
18725	8699	67.6060875	5800516_G_F_1
18727	8700	5711.104725	5800045_G_F_1
18731	8701	7700.6553	5800511_R_F_1
18733	8702	9004.4869875	5800511_G_F_1
13619	8703	7887.376875	5701681_G_F_1
16241	8704	8299.452075	5800460_R_F_1
22015	8705	7568.6624625	5800462_R_F_1
22017	8706	11682.9757875	5800462_G_F_1
16243	8707	115.89615	5800463_R_F_2
22023	8708	8067.659775	5800466_R_F_1
15669	8709	3228.9955125	5702312_G_F_1
16249	8710	4169.0420625	5800469_G_F_1
15671	8711	4494.19515	5701660_R_F_1
18691	8712	4861.199625	5701846_R_F_1
18693	8713	6348.53355	5701846_R_F_2
18695	8714	737.2282875	5701846_G_F_1
18697	8715	0.0	5701846_G_F_2
18699	8716	8177.11725	5701846_G_F_3
15681	8717	1889.7511125	5701848_R_F_1
15683	8718	534.410025	5701848_R_F_2
15685	8719	13501.901475	5701848_G_F_1
15687	8720	10630.252425	5701849_G_F_1
14435	8721	3959.785125	5701706_R_F_1
14437	8722	5031.8245125	5701706_R_F_2
23083	8723	5759.3947875	5701967_R_F_1
13979	8724	5150.94	5702187_G_F_1
17831	8725	7790.79675	5702030_R_F_3
17833	8726	4349.3249625	5702030_G_F_5
17835	8727	0.0	5702030_G_F_6
22559	8728	10791.2193	5800118_R_F_1
18767	8729	8550.5604	5702198_G_F_1
18769	8730	573.042075	5702190_R_F_2
23743	8731	9184.7698875	5702256_G_F_3
22589	8732	1622.5461	5701941_R_F_1
23821	8733	3.2193375	5701940_R_F_1
23875	8734	2594.786025	5701945_R_F_1
20921	8735	4474.879125	5800419_R_F_1
20923	8736	5047.9212	5800418_R_F_1
20225	8737	7410.914925	5702346_R_F_1
23749	8738	1390.7538	5702258_R_F_1
20227	8739	10919.9928	5702344_R_F_2
15405	8740	7378.72155	5702343_R_F_1
20937	8741	10646.3491125	5800417_G_F_1
20939	8742	1612.8880875	5800417_G_F_2
23751	8743	2861.9910375	5800116_G_F_1
23753	8744	2823.3589875	5800116_G_F_2
23755	8745	2919.9391125	5800117_G_F_1
16803	8746	7600.8558375	5800317_R_F_1
15775	8747	41.8513875	5800090_R_F_1
18103	8748	8895.0295125	5800250_R_F_1
12979	8749	128.7735	5800076_G_F_1
12981	8750	5678.91135	5800075_R_F_2
12983	8751	3760.1862	5800074_R_F_1
12985	8752	0.0	5800074_G_F_1
12987	8753	1236.2256	5800073_R_F_1
12989	8754	6551.3518125	5800071_R_F_1
18889	8755	2466.012525	5702057_R_F_1
22721	8756	7996.83435	5800488_G_F_1
19781	8757	11077.7403375	5702361_G_F_1
19785	8758	0.0	5702363_G_F_1
19493	8759	7697.4359625	5800556_R_F_1
19495	8760	9323.2014	5800556_G_F_5
19497	8761	7851.9641625	5800009_R_F_2
18811	8762	16434.7179375	5702229_R_F_1
18813	8763	235.0116375	5701755_R_F_1
18815	8764	3470.445825	5701758_R_F_3
20279	8765	956.1432375	5701838_R_F_1
20281	8766	4706.671425	5701838_R_F_3
20283	8767	2195.588175	5701838_G_F_1
20285	8768	99.7994625	5701838_G_F_2
18503	8769	1249.10295	5800189_G_F_1
21355	8770	5579.1118875	5800470_R_F_1
18213	8771	2556.153975	5702017_G_F_1
18831	8772	5064.0178875	5800217_R_F_1
18833	8773	453.9265875	5800217_G_F_3
18219	8774	2218.1235375	5702010_R_F_1
18221	8775	2871.64905	5702011_R_F_1
17535	8776	112.6768125	5800356_R_F_2
17537	8777	5839.878225	5800356_G_F_1
17539	8778	2224.5622125	5800357_R_F_2
19543	8779	1274.85765	5702158_G_F_2
20611	8780	1117.1101125	5701852_R_F_1
20613	8781	5170.256025	5701852_R_F_2
20615	8782	7713.53265	5701852_G_F_1
20617	8783	222.1342875	5701852_G_F_2
18347	8784	5289.3715125	5800521_G_F_2
13091	8785	2395.1871	5702277_R_F_1
20627	8786	9052.77705	5701850_R_F_1
20629	8787	0.0	5701850_R_F_2
21653	8788	589.1387625	5800329_R_F_2
21655	8789	3428.5944375	5800328_G_F_1
21657	8790	10192.422525	5800327_R_F_2
21083	8791	1892.97045	5702308_G_F_1
21085	8792	569.8227375	5702309_G_F_1
21087	8793	6119.9605875	5702309_G_F_3
19545	8794	2498.2059	5701718_G_F_1
19547	8795	7600.8558375	5701718_G_F_3
19549	8796	3470.445825	5701718_G_F_4
15181	8797	10012.139625	5800626_R_F_1
15183	8798	8830.6427625	5800626_G_F_1
19565	8799	2024.9632875	5701717_G_F_1
19567	8800	5987.96775	5701717_G_F_2
15837	8801	0.0	5701780_R_F_2
14605	8802	6841.0921875	5800330_G_F_1
14611	8803	7388.3795625	5800331_G_F_1
23047	8804	328.372425	5800134_G_F_1
23049	8805	9291.008025	5800134_G_F_2
13963	8806	51.5094	5702188_R_F_1
18829	8807	727.570275	5800213_G_F_1
13965	8808	1564.598025	5702183_R_F_2
13967	8809	5820.5622	5702183_G_F_1
13969	8810	1101.013425	5702184_R_F_1
13971	8811	235.0116375	5702184_G_F_1
13973	8812	679.2802125	5702185_R_F_1
13975	8813	4709.8907625	5702185_G_F_1
13977	8814	1261.9803	5702186_G_F_1
22859	8815	0.0	5800359_R_F_1
22861	8816	0.0	5800359_G_F_1
22863	8817	969.0205875	5800359_G_F_2
22865	8818	6966.64635	5800359_G_F_3
18875	8819	1516.3079625	5702058_G_F_1
22671	8820	524.7520125	5702059_G_F_1
18297	8821	0.0	5701893_R_F_3
18299	8822	0.0	5701893_G_F_4
18835	8823	1158.9615	5800215_R_F_2
18837	8824	1480.89525	5800215_R_F_3
18839	8825	3364.2076875	5800215_G_F_2
23211	8826	1361.7797625	5702023_G_F_1
18883	8827	3946.907775	5702051_R_F_1
18885	8828	2643.0760875	5702056_R_F_1
18887	8829	2965.0098375	5702056_G_F_2
23219	8830	3183.9247875	5702020_R_F_1
18841	8831	7987.1763375	5800219_R_F_1
18843	8832	1522.7466375	5800219_R_F_2
18845	8833	2420.9418	5800219_G_F_1
20605	8834	11113.15305	5701853_R_F_1
20607	8835	3296.6016	5701853_G_F_1
20609	8836	1825.3643625	5701853_G_F_3
15267	8837	1525.965975	5702338_R_F_1
15269	8838	1284.5156625	5702338_G_F_1
18313	8839	6638.273925	5800065_R_F_1
15271	8840	215.6956125	5702333_R_F_5
15273	8841	122.334825	5702333_R_F_6
15275	8842	3441.4717875	5702333_R_F_7
15277	8843	3257.96955	5702333_G_F_5
15279	8844	3525.1745625	5702331_R_F_5
15281	8845	3769.8442125	5702331_G_F_2
15283	8846	3068.0286375	5702330_R_F_2
15285	8847	3425.3751	5702330_G_F_2
15287	8848	4532.8272	5702336_R_F_1
15289	8849	3435.0331125	5702335_R_F_1
15291	8850	2800.823625	5702335_G_F_1
15293	8851	6332.4368625	5702335_G_F_2
15295	8852	8128.8271875	5702334_R_F_4
15297	8853	167.40555	5702334_G_F_3
18315	8854	837.02775	5800067_G_F_1
18319	8855	4014.5138625	5800061_R_F_1
23199	8856	969.0205875	5800361_R_F_2
21169	8857	5930.019675	5800089_R_F_2
21173	8858	6644.7126	5800082_R_F_1
21175	8859	521.532675	5800082_G_F_3
20349	8860	1104.2327625	5800083_G_F_2
21177	8861	2585.1280125	5800081_G_F_1
21179	8862	2401.625775	5800081_G_F_2
21181	8863	7546.1271	5800087_R_F_1
21183	8864	1026.9686625	5800087_G_F_2
21185	8865	1818.9256875	5800084_R_F_3
13209	8866	6110.302575	5800249_R_F_1
13211	8867	769.4216625	5800249_G_F_1
13213	8868	6049.1351625	5800245_G_F_1
15255	8869	0.0	5800246_G_F_1
13215	8870	1719.126225	5800247_G_F_1
13217	8871	2649.5147625	5800240_G_F_1
23215	8872	25.7547	5702021_R_F_1
23217	8873	4294.596225	5702021_G_F_1
18311	8874	2511.08325	5800064_R_F_1
16993	8875	6879.7242375	5800109_R_F_1
18317	8876	1319.928375	5800060_G_F_1
18321	8877	672.8415375	5800063_R_F_1
16995	8878	5865.632925	5800100_R_F_5
18323	8879	8444.3222625	5800069_R_F_1
15327	8880	4790.3742	5702160_G_F_1
14023	8881	2936.0358	5702232_R_F_2
14025	8882	8315.5487625	5702233_R_F_1
14027	8883	12687.4090875	5702233_G_F_1
14029	8884	553.72605	5702230_R_F_1
14031	8885	14161.8656625	5702231_R_F_1
14033	8886	7269.264075	5702231_G_F_1
14035	8887	4622.96865	5702236_G_F_2
14695	8888	4906.27035	5800568_R_F_1
14697	8889	534.410025	5800568_G_F_1
14699	8890	2787.946275	5800568_G_F_3
14037	8891	5604.8665875	5702234_R_F_1
14701	8892	914.29185	5800567_R_F_2
14495	8893	907.853175	5800220_G_F_3
15897	8894	4816.1289	5800408_R_F_1
15899	8895	1786.7323125	5800408_G_F_2
15901	8896	820.9310625	5800409_R_F_1
15343	8897	11782.77525	5701823_R_F_2
15345	8898	1416.5085	5701820_R_F_1
15347	8899	8412.1288875	5701821_R_F_1
14049	8900	830.589075	5701987_G_F_1
19121	8901	2115.1047375	5701983_R_F_1
14061	8902	96.580125	5701982_G_F_1
23305	8903	4462.001775	5800587_G_F_1
23309	8904	3624.974025	5800585_G_F_1
23313	8905	383.1011625	5800589_G_F_1
23315	8906	3695.79945	5800588_R_F_1
23317	8907	3119.5380375	5800588_R_F_2
23319	8908	1336.0250625	5800588_R_F_4
23321	8909	2781.5076	5800588_R_F_5
23323	8910	7220.9740125	5800588_G_F_1
15923	8911	15823.0438125	5800666_R_F_1
15925	8912	2887.7457375	5800666_G_F_4
15929	8913	11785.9945875	5800664_R_F_1
13923	8914	7024.594425	5800520_G_F_1
13925	8915	3125.9767125	5800523_R_F_1
17633	8916	0.0	5701912_R_F_2
17635	8917	1928.3831625	5701913_R_F_1
17637	8918	1316.7090375	5701917_R_F_1
17639	8919	756.5443125	5701914_G_F_1
17641	8920	6045.915825	5701918_G_F_1
17249	8921	457.145925	5701933_R_F_1
17251	8922	9339.2980875	5701933_G_F_1
17253	8923	10047.5523375	5701934_G_F_2
14109	8924	2936.0358	5800200_R_F_1
15887	8925	1748.1002625	5800406_R_F_1
14111	8926	7436.669625	5800203_R_F_1
14113	8927	0.0	5800203_G_F_2
15889	8928	1149.3034875	5800407_R_F_1
13325	8929	10775.1226125	5702069_R_F_1
15891	8930	2305.04565	5800404_G_F_1
15893	8931	2324.361675	5800405_R_F_1
15895	8932	3985.539825	5800405_R_F_2
14767	8933	5398.8289875	5702144_G_F_4
14693	8934	9677.328525	5800569_R_F_2
14769	8935	4252.7448375	5702146_R_F_2
20455	8936	9661.2318375	5800380_R_F_2
18381	8937	470.023275	5702209_G_F_1
16825	8938	12.87735	5800433_R_F_1
16827	8939	1696.5908625	5800433_G_F_2
16831	8940	2028.182625	5800431_R_F_1
16833	8941	6554.57115	5800431_G_F_1
16517	8942	9677.328525	5800447_G_F_1
16519	8943	6280.9274625	5800332_R_F_1
16521	8944	6837.87285	5800333_R_F_1
23539	8945	6457.991025	5800156_R_F_3
23545	8946	2250.3169125	5800158_G_F_4
23547	8947	22.5353625	5800159_R_F_3
21271	8948	2936.0358	5701796_G_F_1
21273	8949	7765.04205	5701799_G_F_3
19819	8950	8357.40015	5701819_R_F_2
19821	8951	54.7287375	5701815_G_F_2
19823	8952	0.0	5701812_R_F_1
14047	8953	698.5962375	5701761_G_F_3
13383	8954	2855.5523625	5701885_R_F_4
13385	8955	1686.93285	5701880_R_F_4
15179	8956	1175.0581875	5800628_R_F_1
13387	8957	357.3464625	5701882_G_F_1
13389	8958	1928.3831625	5701882_G_F_4
13391	8959	811.27305	5701883_R_F_2
13393	8960	1010.871975	5701888_R_F_1
13395	8961	923.9498625	5701888_R_F_2
13397	8962	769.4216625	5701888_G_F_1
13399	8963	83.702775	5701888_G_F_3
13401	8964	32.193375	5701889_R_F_3
15189	8965	212.476275	5800625_R_F_1
15185	8966	4516.7305125	5800624_R_F_1
15187	8967	8502.2703375	5800624_G_F_1
22249	8968	4597.21395	5701713_R_F_2
22251	8969	4593.9946125	5701713_G_F_3
22253	8970	6638.273925	5701713_G_F_4
19557	8971	5459.9964	5701714_G_F_4
19559	8972	5337.661575	5701715_R_F_1
19561	8973	7484.9596875	5701715_G_F_3
19563	8974	11428.648125	5701716_R_F_2
17137	8975	4397.615025	5800378_R_F_1
17139	8976	3859.9856625	5800378_G_F_1
15191	8977	3203.2408125	5800623_G_F_1
16271	8978	11692.6338	5800271_R_F_1
16273	8979	1622.5461	5800271_G_F_2
16275	8980	2839.455675	5800270_G_F_2
18465	8981	1287.735	5800272_R_F_1
18467	8982	1802.829	5800272_R_F_2
13455	8983	5463.2157375	5800059_G_F_1
13457	8984	5379.5129625	5800502_R_F_2
13459	8985	80.4834375	5800502_R_F_3
13461	8986	2243.8782375	5800502_G_F_1
13463	8987	2272.852275	5800502_G_F_2
13465	8988	141.65085	5800502_G_F_3
13467	8989	470.023275	5800502_G_F_4
13469	8990	5508.2864625	5800501_R_F_1
13471	8991	3872.8630125	5800501_G_F_2
13473	8992	1287.735	5800500_R_F_2
13475	8993	3863.205	5800500_R_F_3
13477	8994	1889.7511125	5800500_G_F_1
13479	8995	2868.4297125	5800500_G_F_2
18495	8996	5682.1306875	5800183_R_F_1
18497	8997	1355.3410875	5800182_R_F_1
18499	8998	769.4216625	5800180_R_F_1
22779	8999	2301.8263125	5701693_R_F_1
21345	9000	7449.546975	5800473_G_F_1
21347	9001	2829.7976625	5800473_G_F_2
21349	9002	3138.8540625	5800472_G_F_3
21351	9003	2900.6230875	5800471_R_F_2
21353	9004	3071.247975	5800471_G_F_1
21357	9005	3554.1486	5800477_G_F_2
21359	9006	11753.8012125	5800476_G_F_2
21361	9007	4819.3482375	5800474_G_F_1
19923	9008	746.8863	5800572_R_F_1
19925	9009	1004.4333	5800572_G_F_1
19927	9010	2961.7905	5800573_R_F_2
19929	9011	6696.222	5800573_G_F_1
19931	9012	2144.078775	5800573_G_F_2
19933	9013	10066.8683625	5800570_R_F_1
19935	9014	11522.0089125	5800571_R_F_1
19937	9015	7269.264075	5800571_G_F_1
19939	9016	4471.6597875	5800574_G_F_1
19941	9017	5047.9212	5800574_G_F_2
20619	9018	12471.713475	5701851_R_F_1
20621	9019	122.334825	5701851_G_F_1
20623	9020	518.3133375	5701851_G_F_2
20625	9021	3621.7546875	5701851_G_F_3
20631	9022	12.87735	5701855_G_F_1
20633	9023	4355.7636375	5701854_R_F_1
20635	9024	7455.98565	5701854_R_F_2
20637	9025	698.5962375	5701854_G_F_1
20639	9026	9097.847775	5701854_G_F_2
20641	9027	9754.592625	5701679_G_F_3
17155	9028	11039.1082875	5800595_R_F_1
17157	9029	4703.4520875	5800590_R_F_1
17159	9030	4178.700075	5800590_R_F_2
17161	9031	3724.7734875	5800590_R_F_3
17163	9032	5212.1074125	5800590_G_F_1
17165	9033	1091.3554125	5800591_G_F_2
16597	9034	51.5094	5702074_G_F_1
16599	9035	9928.43685	5702075_R_F_1
21991	9036	0.0	5702078_G_F_1
16649	9037	4011.294525	5701979_R_F_1
18033	9038	0.0	5702266_R_F_3
18035	9039	6.438675	5702266_G_F_2
21931	9040	4516.7305125	5800515_R_F_1
17185	9041	5096.2112625	5800517_G_F_1
16641	9042	1245.8836125	5701974_R_F_1
18583	9043	4600.4332875	5702071_G_F_1
19235	9044	2826.578325	5800239_R_F_1
19237	9045	5218.5460875	5800238_R_F_1
19239	9046	1313.4897	5800238_G_F_1
19245	9047	4304.2542375	5800235_R_F_1
19247	9048	9954.19155	5800237_R_F_2
19249	9049	10646.3491125	5800236_R_F_1
19251	9050	11982.374175	5800231_R_F_1
20657	9051	6564.2291625	5800233_G_F_1
20659	9052	11071.3016625	5800232_R_F_1
12619	9053	0.0	5003593_R_F_1
12621	9054	2305.04565	5003849_G_F_1
12623	9055	4223.7708	5003846_R_F_1
12625	9056	2614.10205	5003845_G_F_1
12627	9057	7439.8889625	5003845_G_F_2
12629	9058	9786.786	5003843_R_F_1
12631	9059	5669.2533375	5003841_R_F_2
12633	9060	1158.9615	5003840_R_F_2
12635	9061	38.63205	5003840_R_F_4
12637	9062	833.8084125	5003840_R_F_7
17941	9063	9027.02235	5003447_R_F_1
18011	9064	0.0	5003933_R_F_1
18013	9065	4059.5845875	5003933_G_F_1
20737	9066	64.38675	5003684_R_F_1
20739	9067	550.5067125	5003684_G_F_2
19277	9068	3827.7922875	5003838_R_F_2
20741	9069	0.0	5003681_G_F_1
20743	9070	3579.9033	5003680_R_F_2
20745	9071	9577.5290625	5003683_R_F_1
20747	9072	0.0	5003683_G_F_1
20749	9073	112.6768125	5003682_G_F_1
20853	9074	8537.68305	5003527_G_F_1
19283	9075	167.40555	5003290_G_F_1
19285	9076	2124.76275	5003291_R_F_2
16673	9077	6928.0143	5300229_R_F_1
13731	9078	9474.5102625	5300293_R_F_1
15555	9079	2031.4019625	5004006_R_F_1
15557	9080	576.2614125	5004006_G_F_1
15559	9081	11480.157525	5004006_G_F_2
15561	9082	10218.177225	5004007_R_F_1
15563	9083	2659.172775	5004007_G_F_3
15565	9084	0.0	5004005_R_F_1
15567	9085	0.0	5004002_G_F_1
15569	9086	4313.91225	5004003_G_F_1
15571	9087	2443.4771625	5004000_R_F_1
15573	9088	7224.19335	5004000_G_F_1
15575	9089	837.02775	5004000_G_F_2
14365	9090	1194.3742125	5004161_R_F_5
15583	9091	1525.965975	5004009_R_F_2
15585	9092	0.0	5004009_R_F_3
19317	9093	6738.0733875	5003746_R_F_1
22277	9094	1934.8218375	5004181_G_F_2
21801	9095	0.0	5004180_G_F_1
22275	9096	962.5819125	5004188_R_F_2
20475	9097	830.589075	5004018_R_F_1
16049	9098	0.0	5003679_R_F_2
16051	9099	7295.018775	5003679_G_F_1
16053	9100	0.0	5003679_G_F_3
22351	9101	1120.32945	5004216_R_F_1
22353	9102	424.95255	5004215_R_F_2
22355	9103	3074.4673125	5004215_G_F_5
22357	9104	1310.2703625	5004214_R_F_1
22359	9105	3270.8469	5004214_G_F_2
22363	9106	154.5282	5004212_R_F_4
20133	9107	1410.069825	5003560_R_F_1
20135	9108	10733.271225	5003560_G_F_1
20137	9109	1200.8128875	5003561_G_F_6
20139	9110	45.070725	5003562_R_F_3
20141	9111	1300.61235	5003562_G_F_2
19223	9112	4323.5702625	5003932_G_F_1
20143	9113	6548.132475	5003569_R_F_1
21515	9114	10742.9292375	5003649_R_F_1
13703	9115	16012.984725	5300039_R_F_1
14969	9116	1596.7914	5300137_G_F_1
13705	9117	180.2829	5300032_G_F_1
13707	9118	10424.214825	5300032_G_F_2
12657	9119	9001.26765	5300072_R_F_2
21521	9120	11834.28465	5003391_R_F_1
22427	9121	4671.2587125	5003390_R_F_2
22429	9122	2813.700975	5003390_G_F_2
18023	9123	67.6060875	5003936_R_F_1
18705	9124	3322.3563	5300344_R_F_1
18707	9125	1429.38585	5300344_G_F_1
18709	9126	3724.7734875	5300345_G_F_1
12661	9127	12294.6499125	5300070_R_F_1
18717	9128	6322.77885	5300342_G_F_1
18037	9129	2874.8683875	5003934_G_F_1
18729	9130	2234.220225	5300348_G_F_1
13417	9131	463.5846	5003478_R_F_1
13419	9132	5237.8621125	5003478_G_F_1
17279	9133	4027.3912125	5003898_G_F_1
17281	9134	4577.897925	5003899_R_F_1
17283	9135	2945.6938125	5003895_R_F_2
22003	9136	10279.3446375	5004042_R_F_1
20855	9137	7674.9006	5003293_G_F_1
13733	9138	11090.6176875	5003802_R_F_1
13735	9139	41.8513875	5003800_R_F_1
13431	9140	2414.503125	5003471_R_F_2
13433	9141	2758.9722375	5003471_R_F_3
14345	9142	45.070725	5300311_R_F_1
20155	9143	4333.228275	5004039_R_F_2
21557	9144	4687.3554	5003903_G_F_1
18057	9145	5788.368825	5003327_G_F_1
18059	9146	2755.7529	5003327_G_F_2
21559	9147	3251.530875	5003901_R_F_2
20187	9148	3409.2784125	5004258_G_F_1
20189	9149	7623.3912	5004258_G_F_2
20191	9150	11402.893425	5004253_G_F_1
20193	9151	10340.51205	5004252_G_F_1
20195	9152	9963.8495625	5004257_R_F_1
20197	9153	11296.6552875	5004254_G_F_1
21337	9154	5308.6875375	5003497_G_F_1
21847	9155	3116.3187	5003357_R_F_2
21849	9156	4362.2023125	5003357_G_F_3
22605	9157	1928.3831625	5003356_R_F_1
22607	9158	6796.0214625	5003355_G_F_1
22333	9159	595.5774375	5003352_R_F_1
22335	9160	3360.98835	5003352_G_F_1
22337	9161	1287.735	5003352_G_F_2
22613	9162	5540.4798375	5003351_R_F_2
12659	9163	3322.3563	5300073_G_F_2
18081	9164	5476.0930875	5003852_R_F_2
15755	9165	0.0	5300391_R_F_2
21853	9166	4117.5326625	5300234_R_F_1
21855	9167	1252.3222875	5300234_G_F_2
21857	9168	470.023275	5300234_G_F_4
21859	9169	1410.069825	5300235_R_F_1
21861	9170	492.5586375	5300235_R_F_2
23735	9171	1004.4333	5300237_G_F_1
23757	9172	3251.530875	5300230_R_F_1
23123	9173	13859.2479375	5300232_R_F_1
23125	9174	8241.504	5300232_G_F_1
22647	9175	3026.17725	5300233_G_F_3
22711	9176	135.212175	5300238_R_F_1
22713	9177	2099.00805	5300239_R_F_1
14511	9178	0.0	5003775_R_F_2
19311	9179	83.702775	5003748_R_F_1
14513	9180	9200.866575	5003777_G_F_1
20971	9181	254.3276625	5004074_R_F_1
20973	9182	2018.5246125	5004074_G_F_2
19259	9183	10639.9104375	5004079_R_F_1
14517	9184	4938.463725	5003779_R_F_1
14519	9185	3711.8961375	5003778_R_F_1
16823	9186	4149.7260375	5004192_R_F_1
13711	9187	8824.2040875	5300031_R_F_1
20997	9188	2807.2623	5004295_G_F_1
21343	9189	1464.7985625	5004056_R_F_1
19279	9190	4462.001775	5003837_R_F_1
19281	9191	1255.541625	5003837_G_F_1
22079	9192	7320.773475	5003314_R_F_1
22081	9193	4310.6929125	5003314_R_F_2
22083	9194	1954.1378625	5003314_G_F_3
22085	9195	3003.6418875	5003314_G_F_4
19911	9196	5057.5792125	5300322_R_F_2
18509	9197	7562.2237875	5003874_R_F_2
18511	9198	8627.8245	5003874_G_F_1
13891	9199	0.0	5300191_G_F_3
13893	9200	5047.9212	5300191_G_F_4
13895	9201	2041.059975	5300190_R_F_5
13897	9202	4201.2354375	5300192_G_F_2
22841	9203	1451.9212125	5300056_G_F_1
15147	9204	13144.5550125	5003559_R_F_1
16365	9205	1416.5085	5003650_R_F_1
16367	9206	9783.5666625	5003650_G_F_1
16377	9207	920.730525	5003659_R_F_1
16379	9208	7134.0519	5003388_R_F_3
16381	9209	6441.8943375	5003389_R_F_4
16383	9210	4613.3106375	5003386_R_F_2
16385	9211	6264.830775	5003387_R_F_1
16387	9212	3145.2927375	5003387_R_F_3
13917	9213	5086.55325	5300377_R_F_1
13919	9214	0.0	5300377_R_F_3
13921	9215	0.0	5300377_G_F_3
18859	9216	7520.3724	5003814_R_F_2
18861	9217	12143.34105	5003816_G_F_1
22979	9218	7478.5210125	5003427_R_F_2
17549	9219	19.316025	5003426_G_F_1
19647	9220	4645.5040125	5003506_R_F_2
19649	9221	1310.2703625	5003504_R_F_2
19651	9222	4214.1127875	5003505_G_F_4
19655	9223	5253.9588	5003501_R_F_1
15203	9224	2861.9910375	5004028_G_F_1
16235	9225	1023.749325	5004241_R_F_2
16237	9226	3782.7215625	5004241_G_F_1
14637	9227	862.78245	5300152_R_F_2
16057	9228	5337.661575	5003677_G_F_2
16973	9229	2478.889875	5003618_G_F_1
16975	9230	3183.9247875	5003619_G_F_1
17453	9231	11908.3294125	5003612_G_F_1
20883	9232	13386.005325	5003613_R_F_1
20885	9233	13282.986525	5003613_G_F_1
17481	9234	3721.55415	5003611_G_F_1
16981	9235	8376.716175	5003616_G_F_1
17491	9236	6477.30705	5003614_G_F_1
17495	9237	14277.7618125	5003615_G_F_1
14661	9238	537.6293625	5003982_G_F_1
21163	9239	1751.3196	5300380_R_F_1
21165	9240	1101.013425	5300380_R_F_3
22171	9241	338.0304375	5300382_R_F_3
22173	9242	1709.4682125	5300382_G_F_4
20339	9243	2987.5452	5300383_R_F_4
19653	9244	1529.1853125	5003502_R_F_1
15875	9245	5006.0698125	5003481_R_F_1
21171	9246	0.0	5300387_R_F_3
19657	9247	1345.683075	5003508_R_F_2
21187	9248	1249.10295	5003667_G_F_1
21189	9249	3602.4386625	5003664_G_F_1
21191	9250	170.6248875	5003911_R_F_1
21193	9251	9142.9185	5003911_G_F_1
21195	9252	3228.9955125	5003661_R_F_1
21197	9253	2102.2273875	5003661_R_F_2
21199	9254	6293.8048125	5003660_G_F_3
20421	9255	3670.04475	5004060_R_F_1
20423	9256	3055.1512875	5004061_R_F_1
15879	9257	10739.7099	5004062_R_F_1
22603	9258	2079.692025	5003605_G_F_3
23493	9259	12790.4278875	5300330_G_F_2
17745	9260	144.8701875	5300244_R_F_1
13267	9261	3586.341975	5003715_R_F_1
13269	9262	6190.7860125	5003715_R_F_2
20367	9263	6477.30705	5003663_R_F_2
18349	9264	1406.8504875	5004119_G_F_2
13273	9265	1171.83885	5003710_R_F_2
18379	9266	0.0	5003935_R_F_1
15493	9267	7301.45745	5003757_R_F_2
19735	9268	2878.087725	5004230_R_F_1
19737	9269	1506.64995	5004230_G_F_1
19739	9270	7887.376875	5004232_R_F_1
19741	9271	7323.9928125	5004235_R_F_1
19743	9272	6139.2766125	5004235_G_F_1
19747	9273	4639.0653375	5004238_R_F_2
23817	9274	1464.7985625	5300182_R_F_3
17667	9275	14029.872825	5300068_R_F_1
19363	9276	5125.1853	5300180_G_F_1
19033	9277	502.21665	5300181_R_F_4
19035	9278	2330.80035	5300181_G_F_1
19037	9279	6348.53355	5300181_G_F_3
19039	9280	4999.6311375	5300187_G_F_2
19041	9281	2791.1656125	5300184_R_F_2
19043	9282	3097.002675	5300184_G_F_1
19045	9283	48.2900625	5300185_G_F_1
17669	9284	9703.083225	5300063_G_F_1
22299	9285	6155.3733	5300189_R_F_1
22301	9286	347.68845	5300189_R_F_2
22303	9287	1226.5675875	5300189_G_F_3
17671	9288	808.0537125	5300065_R_F_1
17673	9289	3711.8961375	5300064_G_F_1
17675	9290	1764.19695	5300067_R_F_4
21693	9291	2620.540725	5003623_G_F_1
23067	9292	4288.15755	5003622_R_F_1
21695	9293	2530.399275	5003621_R_F_1
21697	9294	0.0	5003627_G_F_2
21699	9295	22.5353625	5003625_G_F_3
22545	9296	1567.8173625	5003624_G_F_1
16777	9297	2205.2461875	5003542_R_F_1
16779	9298	2414.503125	5003540_R_F_2
20441	9299	4690.5747375	5003541_R_F_3
15399	9300	9806.102025	5300114_R_F_1
15401	9301	11934.0841125	5300113_G_F_1
15403	9302	5476.0930875	5300112_R_F_1
19069	9303	856.343775	5300361_G_F_2
16351	9304	247.8889875	5003876_G_F_1
17695	9305	15153.4216125	5004309_R_F_1
17697	9306	3705.4574625	5004309_G_F_3
17699	9307	11418.9901125	5004308_R_F_1
17701	9308	10511.1369375	5004308_G_F_1
17703	9309	183.5022375	5004307_R_F_1
14143	9310	1677.2748375	5003287_R_F_1
19553	9311	13440.7340625	5003538_R_F_1
19555	9312	1831.8030375	5003538_G_F_2
19569	9313	3206.46015	5003537_R_F_1
14147	9314	0.0	5003288_R_F_2
14149	9315	7040.6911125	5003288_G_F_2
14151	9316	4581.1172625	5003534_R_F_2
14153	9317	25.7547	5003534_G_F_1
14155	9318	3460.7878125	5003533_R_F_1
14157	9319	12954.6141	5003531_R_F_1
14159	9320	1158.9615	5004084_R_F_2
14161	9321	151.3088625	5004082_R_F_2
14163	9322	7600.8558375	5004083_R_F_2
14165	9323	267.2050125	5004080_G_F_4
14167	9324	1667.616825	5004081_R_F_1
17541	9325	8296.2327375	5003429_R_F_1
17543	9326	1490.5532625	5003429_G_F_1
23325	9327	11969.496825	5004157_R_F_1
19087	9328	5994.406425	5004158_R_F_1
17743	9329	9072.093075	5300245_R_F_1
17747	9330	9300.6660375	5300246_G_F_1
17749	9331	2047.49865	5300240_R_F_1
17751	9332	4719.548775	5300243_G_F_1
19695	9333	1532.40465	5003753_G_F_1
14177	9334	4700.23275	5003752_R_F_1
14179	9335	569.8227375	5003752_G_F_3
19701	9336	4948.1217375	5003751_R_F_1
20479	9337	3212.898825	5004012_G_F_2
19733	9338	1487.333925	5003756_R_F_1
15757	9339	669.6222	5300390_R_F_1
15759	9340	3502.6392	5300390_R_F_3
15459	9341	769.4216625	5003712_R_F_1
15461	9342	5930.019675	5003712_G_F_1
20481	9343	363.7851375	5004015_R_F_1
18563	9344	119.1154875	5003379_R_F_3
14329	9345	730.7896125	5300178_G_F_2
19851	9346	12674.5317375	5003976_R_F_1
19853	9347	1448.701875	5003976_G_F_1
19855	9348	4352.5443	5003975_G_F_1
19857	9349	8254.38135	5003974_R_F_1
19859	9350	0.0	5003972_G_F_2
19861	9351	8408.90955	5003970_R_F_2
19863	9352	4233.4288125	5003970_G_F_4
14849	9353	12964.2721125	5003571_R_F_1
13421	9354	0.0	5003479_R_F_1
13423	9355	12078.9543	5003479_G_F_1
13427	9356	8128.8271875	5003470_R_F_2
13429	9357	10224.6159	5003470_G_F_1
13435	9358	7185.5613	5003476_R_F_1
13437	9359	15288.6337875	5003476_G_F_1
13439	9360	3657.1674	5003477_G_F_1
13441	9361	4255.964175	5003477_G_F_2
13443	9362	869.221125	5003474_R_F_1
13445	9363	791.957025	5003474_G_F_2
13447	9364	0.0	5003475_R_F_1
13449	9365	1281.296325	5003475_G_F_1
16045	9366	6834.6535125	5003908_R_F_2
16047	9367	5923.581	5003909_R_F_1
18461	9368	6538.4744625	5300028_G_F_1
16055	9369	5054.359875	5003902_R_F_3
18463	9370	7449.546975	5300024_G_F_1
16277	9371	8025.8083875	5300026_G_F_1
18469	9372	0.0	5300020_R_F_1
16059	9373	2588.34735	5003904_G_F_3
13453	9374	1026.9686625	5300356_G_F_3
21335	9375	6245.51475	5003496_G_F_1
21339	9376	5414.925675	5003498_G_F_1
14967	9377	7604.075175	5300133_R_F_2
14863	9378	8792.0107125	5003798_R_F_2
14865	9379	4178.700075	5003797_R_F_1
14867	9380	14129.6722875	5003795_R_F_1
13701	9381	14016.995475	5300038_G_F_1
18505	9382	177.0635625	5300289_R_F_1
18507	9383	1728.7842375	5300289_G_F_1
19913	9384	2874.8683875	5300323_R_F_2
19915	9385	3193.5828	5300320_G_F_2
19919	9386	4043.4879	5300324_R_F_1
23771	9387	2176.27215	5300325_R_F_2
21517	9388	4127.190675	5003392_R_F_2
21519	9389	1989.550575	5003392_R_F_5
13709	9390	10276.1253	5300030_G_F_1
14971	9391	1123.5487875	5300138_G_F_1
18545	9392	5321.5648875	5003702_G_F_2
13521	9393	1226.5675875	5004127_G_F_1
13915	9394	4259.1835125	5300328_R_F_1
23835	9395	492.5586375	5300183_R_F_7
18711	9396	0.0	5300347_R_F_1
18713	9397	3927.59175	5300347_G_F_1
23837	9398	1429.38585	5003331_R_F_4
23839	9399	3602.4386625	5003333_R_F_2
23841	9400	2691.36615	5003332_R_F_3
14883	9401	6615.7385625	5004228_R_F_1
14885	9402	2298.606975	5004227_R_F_1
14887	9403	5170.256025	5004227_G_F_2
14889	9404	1793.1709875	5004224_R_F_1
14891	9405	424.95255	5004220_G_F_1
20953	9406	0.0	5004073_R_F_1
20955	9407	4513.511175	5004073_R_F_4
20957	9408	1397.192475	5004073_G_F_5
19219	9409	11473.71885	5004072_R_F_1
19221	9410	12.87735	5004072_R_F_2
14331	9411	7951.763625	5300177_R_F_2
14333	9412	383.1011625	5300172_G_F_2
14515	9413	5801.246175	5003776_G_F_1
20963	9414	798.3957	5004076_R_F_2
20965	9415	0.0	5004076_R_F_4
20967	9416	0.0	5004076_R_F_5
20969	9417	2691.36615	5004076_G_F_1
16643	9418	444.268575	5003631_G_F_2
15463	9419	1883.3124375	5003632_R_F_1
15465	9420	9474.5102625	5003633_R_F_1
16645	9421	9928.43685	5003634_R_F_1
16647	9422	11280.5586	5003634_G_F_1
23893	9423	13563.0688875	5003636_R_F_1
16667	9424	2263.1942625	6100739_R_F_1
16669	9425	0.0	6100739_G_F_1
19263	9426	9529.239	6100287_G_F_1
19265	9427	5714.3240625	6100287_G_F_2
19267	9428	1857.5577375	6000413_R_F_1
19269	9429	5608.085925	6000413_G_F_1
19271	9430	5501.8477875	6000410_R_F_1
19273	9431	251.108325	6000416_R_F_1
19275	9432	5002.850475	6000416_G_F_1
19845	9433	10298.6606625	6100431_R_F_1
19847	9434	7275.70275	6100431_G_F_1
16119	9435	740.447625	6000052_R_F_1
16121	9436	0.0	6000053_G_F_1
20759	9437	54.7287375	6100034_R_F_1
16123	9438	1979.8925625	6000056_R_F_1
16125	9439	2446.6965	6000056_R_F_2
16127	9440	2385.5290875	6000056_G_F_1
20761	9441	18382.417125	6100032_R_F_1
20763	9442	12204.5084625	6100031_R_F_1
15503	9443	2701.0241625	6000484_G_F_1
15505	9444	4272.0608625	6000484_G_F_2
15507	9445	1674.0555	6000484_G_F_3
17937	9446	5775.491475	6100328_G_F_1
12717	9447	10990.818225	6000463_R_F_2
12719	9448	10057.21035	6000463_G_F_1
12721	9449	3950.1271125	6000462_R_F_1
12723	9450	7713.53265	6000462_R_F_2
12725	9451	3847.1083125	6000462_G_F_1
12727	9452	9307.1047125	6000461_G_F_2
12729	9453	4404.0537	6000460_R_F_1
12731	9454	3708.6768	6000469_R_F_1
20061	9455	0.0	6000020_R_F_1
20063	9456	833.8084125	6000020_G_F_1
17235	9457	2749.314225	6100555_R_F_1
18681	9458	2127.9820875	6100679_G_F_1
18683	9459	8524.8057	6100678_R_F_1
18685	9460	9999.262275	6100678_G_F_1
22869	9461	7423.792275	6000298_R_F_1
22419	9462	9577.5290625	6100252_G_F_1
16229	9463	8994.828975	6100250_R_F_1
16231	9464	7916.3509125	6100250_G_F_1
23769	9465	5009.28915	6100254_G_F_1
16233	9466	1957.3572	6100259_R_F_1
14973	9467	8122.3885125	6100397_R_F_1
14975	9468	11167.8817875	6100397_G_F_1
22047	9469	2362.993725	6000297_G_F_1
20145	9470	3975.8818125	6100178_R_F_4
20147	9471	6380.726925	6100178_G_F_2
22469	9472	8119.169175	6100080_R_F_2
22471	9473	3360.98835	6100080_R_F_4
17289	9474	11473.71885	6100081_R_F_2
17291	9475	2388.748425	6100081_G_F_2
17293	9476	2549.7153	6100081_G_F_3
22513	9477	917.5111875	6000148_R_F_1
22515	9478	1384.315125	6000149_R_F_2
22517	9479	6129.6186	6000149_G_F_2
20865	9480	952.9239	6000065_G_F_1
20867	9481	4690.5747375	6000064_G_F_1
19401	9482	1371.437775	6100458_R_F_1
19403	9483	4803.25155	6100458_R_F_2
19405	9484	367.004475	6100458_R_F_3
19407	9485	2993.983875	6100458_G_F_2
19409	9486	1245.8836125	6100458_G_F_3
19411	9487	3521.955225	6100453_R_F_1
19413	9488	3113.0993625	6100453_R_F_2
19415	9489	721.1316	6100453_R_F_3
19417	9490	434.6105625	6100453_G_F_1
19419	9491	3589.5613125	6100453_G_F_2
19421	9492	2614.10205	6100453_G_F_3
20873	9493	235.0116375	6000328_G_F_3
15727	9494	3805.256925	6100680_G_F_1
15729	9495	8492.612325	6100681_R_F_1
15731	9496	962.5819125	6100681_G_F_1
22593	9497	7559.00445	6000397_G_F_1
21851	9498	2823.3589875	6100704_G_F_1
12965	9499	2366.2130625	6100331_G_F_1
19473	9500	5199.2300625	6100630_R_F_1
17151	9501	7668.461925	6100360_G_F_1
15777	9502	9432.658875	6100028_G_F_1
22073	9503	981.8979375	6000100_G_F_1
18131	9504	4342.8862875	6000470_R_F_1
18133	9505	6123.179925	6000470_G_F_1
18135	9506	5215.32675	6000472_G_F_1
20975	9507	1986.3312375	5901397_R_F_2
20977	9508	489.3393	5901395_R_F_1
20979	9509	1104.2327625	5901395_G_F_1
20981	9510	959.362575	5901390_G_F_2
20983	9511	9252.375975	5901398_R_F_2
20985	9512	2626.9794	5901398_G_F_1
20987	9513	408.8558625	5901399_R_F_2
15101	9514	5202.4494	6000035_R_F_1
15103	9515	12858.033975	6000036_R_F_1
13863	9516	7214.5353375	6100482_R_F_1
13865	9517	1538.843325	6100482_G_F_2
22761	9518	8025.8083875	6100568_R_F_1
22765	9519	3760.1862	6100561_G_F_1
22769	9520	6486.9650625	6100565_G_F_1
22771	9521	5253.9588	6100564_G_F_1
22773	9522	0.0	6100564_G_F_2
22075	9523	8029.027725	6100566_R_F_1
22077	9524	3438.25245	6100566_G_F_2
15119	9525	8933.6615625	6000353_R_F_1
15121	9526	13566.288225	6000353_G_F_1
13553	9527	8634.263175	6000352_G_F_1
15807	9528	8389.593525	6000355_R_F_1
15809	9529	11695.8531375	6000355_G_F_1
20303	9530	222.1342875	6100410_R_F_1
20305	9531	2118.324075	6100410_G_F_1
20307	9532	547.287375	6100413_R_F_1
22901	9533	482.900625	6100412_G_F_1
16129	9534	569.8227375	6000054_G_F_1
16363	9535	3624.974025	6000509_G_F_1
16369	9536	2266.4136	6000504_G_F_1
16371	9537	1216.909575	6000505_R_F_5
16373	9538	4980.3151125	6000507_G_F_1
16375	9539	1896.1897875	6000500_R_F_1
15917	9540	1670.8361625	6100188_R_F_1
15919	9541	5820.5622	6100188_R_F_3
15921	9542	3393.181725	6100188_G_F_1
15153	9543	721.1316	6100180_G_F_1
16391	9544	6145.7152875	6100065_G_F_1
16393	9545	602.0161125	6100067_R_F_2
16395	9546	2198.8075125	6100067_G_F_1
18863	9547	3299.8209375	6100110_R_F_2
18865	9548	5440.680375	6100110_G_F_1
19635	9549	3615.3160125	6000386_G_F_1
19637	9550	1770.635625	6000387_R_F_1
19639	9551	11486.5962	6000385_R_F_2
15077	9552	2865.210375	6000260_R_F_1
14647	9553	35.4127125	6100447_R_F_4
14649	9554	328.372425	6100444_G_F_1
14651	9555	379.881825	6100444_G_F_2
16987	9556	923.9498625	6100718_G_F_2
16603	9557	8550.5604	6000159_R_F_1
14671	9558	753.324975	6100626_R_F_4
14673	9559	1268.418975	6100627_G_F_1
19661	9560	12655.2157125	6100152_R_F_1
19663	9561	13785.203175	6100153_R_F_1
21201	9562	289.740375	6100010_R_F_1
21203	9563	4111.0939875	6100010_R_F_2
19021	9564	7298.2381125	6000225_R_F_4
19023	9565	9126.8218125	6000221_R_F_1
19025	9566	3644.29005	6000223_R_F_2
19027	9567	1777.0743	6000223_R_F_3
12713	9568	1496.9919375	5901370_R_F_2
12715	9569	5769.0528	5901370_G_F_2
19723	9570	305.8370625	5901371_G_F_1
19727	9571	2337.239025	5901373_G_F_2
15377	9572	5601.64725	6100408_G_F_1
16731	9573	2707.4628375	6100407_R_F_1
19367	9574	7919.57025	6100618_R_F_3
19369	9575	7813.3321125	6100618_G_F_1
19047	9576	2169.833475	6100613_R_F_2
19049	9577	5228.2041	6100612_R_F_1
19051	9578	2630.1987375	6100612_R_F_3
19053	9579	1142.8648125	6100612_G_F_1
15501	9580	3203.2408125	6000485_G_F_1
19055	9581	1403.63115	6100614_R_F_2
23453	9582	1052.7233625	6100586_R_F_2
23455	9583	138.4315125	6100585_R_F_1
23457	9584	1374.6571125	6100585_G_F_1
16489	9585	6277.708125	6100276_G_F_1
16491	9586	2929.597125	6100273_G_F_2
20457	9587	717.9122625	6100194_G_F_1
14127	9588	4687.3554	6100291_G_F_1
23499	9589	11724.827175	6100359_G_F_1
23501	9590	13254.0124875	6100357_G_F_1
14129	9591	2053.937325	6000404_R_F_1
14131	9592	93.3607875	6000404_R_F_2
14133	9593	3270.8469	6000404_G_F_1
14135	9594	3744.0895125	6000407_R_F_1
14137	9595	6969.8656875	6000407_G_F_1
14139	9596	627.7708125	6000409_R_F_2
17705	9597	80.4834375	6100756_R_F_1
17707	9598	202.8182625	6100756_R_F_2
17709	9599	1422.947175	6100756_G_F_1
17711	9600	3061.5899625	6100757_R_F_1
17713	9601	3950.1271125	6100754_G_F_2
14169	9602	3319.1369625	6100121_G_F_1
21269	9603	4381.5183375	6000047_R_F_1
21275	9604	6480.5263875	6000303_G_F_1
21277	9605	2334.0196875	6000301_G_F_1
13373	9606	10466.0662125	6000276_R_F_2
13375	9607	2053.937325	6000272_R_F_1
13377	9608	4214.1127875	6000272_R_F_3
13379	9609	247.8889875	6000272_G_F_1
16079	9610	1007.6526375	6000273_G_F_1
14829	9611	1107.4521	6000374_G_F_1
14831	9612	2559.3733125	6000373_R_F_1
14833	9613	862.78245	6000373_R_F_3
14835	9614	3328.794975	6000373_G_F_2
19843	9615	10359.828075	6100432_G_F_1
19849	9616	4890.1736625	6100434_G_F_3
13403	9617	193.16025	6100312_R_F_1
13405	9618	157.7475375	6100312_G_F_1
13407	9619	1551.720675	6100311_R_F_1
19877	9620	6226.198725	6100384_G_F_1
19883	9621	1191.154875	6100381_G_F_2
19885	9622	4970.6571	6100383_G_F_1
19887	9623	10240.7125875	6100382_G_F_1
18783	9624	7356.1861875	6100362_R_F_1
18785	9625	4767.8388375	6100362_G_F_1
18787	9626	814.4923875	6100362_G_F_2
16061	9627	3531.6132375	6100009_R_F_2
15509	9628	6403.2622875	6000487_R_F_1
15511	9629	5984.7484125	6000487_G_F_1
15513	9630	2256.7555875	6000486_G_F_1
15515	9631	3589.5613125	6000483_R_F_2
15517	9632	4352.5443	6000483_R_F_3
18513	9633	12507.1261875	6000458_R_F_1
18515	9634	2082.9113625	6000456_R_F_1
18517	9635	9339.2980875	6000456_R_F_2
18519	9636	8254.38135	6000457_R_F_1
16601	9637	8920.7842125	6000155_R_F_4
17581	9638	6078.1092	6000018_R_F_1
17583	9639	2095.7887125	6000018_G_F_1
17585	9640	12883.788675	6000019_R_F_1
17587	9641	2070.0340125	6000019_G_F_1
15473	9642	6393.604275	6000016_R_F_1
15475	9643	1506.64995	6000016_R_F_2
15477	9644	5566.2345375	6000016_G_F_1
15479	9645	99.7994625	6000017_R_F_1
15481	9646	8093.414475	6000017_R_F_2
15483	9647	1332.805725	6000017_G_F_1
15485	9648	3554.1486	6000017_G_F_2
15487	9649	788.7376875	6000013_G_F_1
19959	9650	0.0	6000070_G_F_1
14315	9651	3531.6132375	6100465_R_F_2
15779	9652	3042.2739375	6100029_G_F_3
20519	9653	7752.1647	6100601_R_F_1
20521	9654	1516.3079625	6100601_R_F_2
20523	9655	4716.3294375	6100601_G_F_1
16639	9656	6377.5075875	6100598_G_F_1
15519	9657	0.0	6000482_G_F_1
23895	9658	1313.4897	6000247_R_F_2
23897	9659	3261.1888875	6000247_R_F_4
23847	9660	3190.3634625	6000245_R_F_3
23849	9661	3953.34645	6000245_G_F_1
23903	9662	5563.0152	6100502_R_F_2
23905	9663	28.9740375	6100502_G_F_2
23911	9664	669.6222	6100500_G_F_1
23913	9665	3624.974025	6100500_G_F_2
23915	9666	1532.40465	6100500_G_F_4
21763	9667	2588.34735	6100263_R_F_1
21765	9668	7298.2381125	6100263_G_F_1
23931	9669	1503.4306125	6100260_G_F_1
23933	9670	5440.680375	6100260_G_F_2
24689	9671	1938.041175	6100264_R_F_1
13565	9672	2034.6213	5302476_G_F_3
12845	9673	1690.1521875	5303132_R_F_3
18039	9674	15929.28195	5302408_G_F_1
22223	9675	3045.493275	5301959_G_F_1
13835	9676	2462.7931875	5302592_R_F_4
23381	9677	11470.4995125	5301950_G_F_1
17951	9678	1258.7609625	5302591_R_F_2
17219	9679	15761.8764	5302377_R_F_1
16131	9680	7768.2613875	5302272_G_F_1
16133	9681	7420.5729375	5302273_G_F_2
16135	9682	4745.303475	5302276_G_F_1
16137	9683	11760.2398875	5302275_G_F_1
18607	9684	5421.36435	5302078_R_F_1
18609	9685	907.853175	5302078_R_F_2
18611	9686	2173.0528125	5302078_R_F_3
18613	9687	466.8039375	5302079_R_F_2
13609	9688	10948.9668375	5303070_R_F_2
18617	9689	131.9928375	5302075_R_F_1
18619	9690	6857.188875	5302075_R_F_2
18621	9691	8022.58905	5302076_R_F_2
18623	9692	6226.198725	5302076_R_F_3
18625	9693	2858.7717	5302076_G_F_5
18627	9694	6612.519225	5302077_G_F_1
22007	9695	5340.8809125	5303173_R_F_1
22009	9696	1741.6615875	5303173_R_F_2
13611	9697	0.0	5302295_R_F_1
13613	9698	38.63205	5302295_G_F_1
13615	9699	3464.00715	5302296_R_F_1
13617	9700	5176.6947	5302296_R_F_2
13621	9701	8585.9731125	5302298_G_F_1
13623	9702	12004.9095375	5302299_R_F_1
17227	9703	9.6580125	5302197_G_F_1
17231	9704	746.8863	5302195_G_F_4
20069	9705	22.5353625	5302753_R_F_2
20071	9706	6998.839725	5302753_G_F_1
20073	9707	4899.831675	5302753_G_F_2
20075	9708	750.1056375	5302752_G_F_2
20077	9709	6284.1468	5302755_G_F_1
14635	9710	8209.310625	5302754_R_F_3
20079	9711	3901.83705	5302757_R_F_1
20081	9712	7578.320475	5302757_R_F_3
14631	9713	15105.13155	5302756_R_F_1
14633	9714	437.8299	5302756_G_F_1
20087	9715	286.5210375	5302759_R_F_1
20089	9716	6226.198725	5302759_R_F_2
20091	9717	3328.794975	5302759_G_F_3
20093	9718	4536.0465375	5302759_G_F_4
20095	9719	1052.7233625	5302203_G_F_1
20097	9720	334.8111	5302202_R_F_1
20099	9721	4140.068025	5302202_G_F_2
18675	9722	8283.3553875	5302616_G_F_1
20103	9723	5057.5792125	5302200_R_F_1
17237	9724	3744.0895125	5302992_R_F_1
17239	9725	1738.44225	5302991_G_F_3
16189	9726	74.0447625	5302854_R_F_1
16191	9727	0.0	5302852_R_F_1
16193	9728	2018.5246125	5302852_G_F_1
16195	9729	2733.2175375	5302852_G_F_2
23405	9730	640.6481625	5302124_G_F_1
16203	9731	3232.21485	5302850_R_F_1
16205	9732	2295.3876375	5302851_G_F_2
18383	9733	1593.5720625	5302460_R_F_1
15629	9734	3731.2121625	5302535_G_F_1
15631	9735	6306.6821625	5302537_R_F_2
22027	9736	0.0	5302777_R_F_1
22029	9737	1603.230075	5302777_R_F_3
22031	9738	5025.3858375	5302777_G_F_2
22033	9739	212.476275	5302777_G_F_4
19589	9740	25.7547	5302776_G_F_4
19595	9741	833.8084125	5302774_R_F_1
22455	9742	3995.1978375	5302030_R_F_1
19579	9743	2259.974925	5302031_R_F_1
12849	9744	4294.596225	5303130_G_F_2
18041	9745	14293.8585	5302402_R_F_1
18043	9746	1632.2041125	5302407_G_F_1
18045	9747	10334.073375	5302406_G_F_1
14409	9748	10527.233625	5303039_R_F_2
14411	9749	3354.549675	5303038_G_F_4
14423	9750	7542.9077625	5303037_R_F_4
14425	9751	9097.847775	5303034_R_F_3
17229	9752	2446.6965	5302196_G_F_1
20861	9753	11579.9569875	5302241_G_F_1
20863	9754	1548.5013375	5302718_R_F_1
12851	9755	7472.0823375	5302085_R_F_1
12853	9756	6818.556825	5302085_R_F_2
12855	9757	4033.8298875	5302084_R_F_1
12857	9758	7217.754675	5302084_G_F_2
12859	9759	19.316025	5302087_R_F_1
12861	9760	5418.1450125	5302087_R_F_2
12863	9761	2005.6472625	5302087_R_F_3
12865	9762	9970.2882375	5302087_G_F_2
12867	9763	13395.6633375	5302086_R_F_2
12879	9764	1664.3974875	5302082_G_F_1
12881	9765	2218.1235375	5302089_R_F_2
12883	9766	3766.624875	5302089_R_F_5
12885	9767	853.1244375	5302089_G_F_2
12887	9768	6248.7340875	5302089_G_F_3
12889	9769	11167.8817875	5302088_R_F_1
12891	9770	3943.6884375	5302088_G_F_3
21835	9771	782.2990125	5302490_R_F_1
21837	9772	9728.837925	5302490_G_F_2
18739	9773	11837.5039875	5302717_R_F_1
18741	9774	0.0	5302717_G_F_1
15113	9775	267.2050125	5302745_G_F_3
12903	9776	2156.956125	5302660_G_F_2
12905	9777	6689.783325	5302663_R_F_1
12907	9778	4967.4377625	5302663_R_F_3
12909	9779	54.7287375	5302662_G_F_2
12913	9780	0.0	5302667_R_F_1
12915	9781	2894.1844125	5302667_G_F_1
12917	9782	3190.3634625	5302667_G_F_2
12919	9783	1184.7162	5302666_R_F_1
12921	9784	0.0	5302666_R_F_3
12923	9785	1210.4709	5302666_G_F_1
12925	9786	1410.069825	5302666_G_F_2
12927	9787	90.14145	5302666_G_F_3
12929	9788	3026.17725	5302666_G_F_4
12931	9789	2826.578325	5302669_R_F_1
12933	9790	57.948075	5302669_R_F_2
12935	9791	2433.81915	5302669_G_F_1
12937	9792	4809.690225	5302668_G_F_2
12939	9793	0.0	5302887_R_F_2
12941	9794	4243.086825	5302887_G_F_1
14471	9795	3827.7922875	5302928_R_F_1
14473	9796	6293.8048125	5302928_G_F_2
14475	9797	4378.299	5302929_R_F_1
22105	9798	8344.5228	5303088_G_F_1
22107	9799	1384.315125	5303089_R_F_1
22109	9800	4542.4852125	5303089_R_F_2
22111	9801	292.9597125	5303089_G_F_1
12869	9802	6000.8451	5302081_R_F_1
12871	9803	2910.2811	5302080_R_F_1
12873	9804	1538.843325	5302080_R_F_4
12875	9805	1252.3222875	5302080_G_F_4
12877	9806	9200.866575	5302083_R_F_1
21831	9807	8244.7233375	5302499_R_F_1
21833	9808	10569.0850125	5302499_G_F_2
20241	9809	7002.0590625	5302566_R_F_1
20243	9810	10160.22915	5302567_R_F_1
20245	9811	10137.6937875	5302567_G_F_4
20247	9812	11650.7824125	5302565_R_F_2
20249	9813	10527.233625	5302562_R_F_3
20251	9814	2202.02685	5302563_R_F_3
20253	9815	6767.047425	5302560_G_F_1
20255	9816	7220.9740125	5302561_G_F_1
20257	9817	7990.395675	5302569_R_F_1
22789	9818	5579.1118875	5302988_R_F_1
17939	9819	7633.0492125	5302049_R_F_1
18797	9820	550.5067125	5303065_R_F_2
18799	9821	2173.0528125	5303065_G_F_5
18801	9822	247.8889875	5303065_G_F_6
18805	9823	5047.9212	5303067_R_F_3
18807	9824	4098.2166375	5303067_G_F_4
18809	9825	9419.781525	5303063_R_F_2
17949	9826	2775.068925	5302593_R_F_2
15421	9827	2556.153975	5302040_R_F_1
13837	9828	11998.4708625	5302043_R_F_1
17959	9829	8000.0536875	5302045_R_F_1
13841	9830	9477.7296	5302044_R_F_1
22265	9831	9854.3920875	5303174_R_F_1
22493	9832	5002.850475	5302182_G_F_1
15105	9833	5115.5272875	5302748_R_F_1
15107	9834	4497.4144875	5302748_R_F_2
15109	9835	2440.257825	5302748_G_F_2
15111	9836	350.9077875	5302749_R_F_1
22767	9837	2021.74395	5302437_G_F_2
18385	9838	460.3652625	5302464_G_F_2
22775	9839	11116.3723875	5302987_R_F_1
23767	9840	9912.3401625	5302344_G_F_1
22781	9841	521.532675	5302982_R_F_2
21631	9842	1191.154875	5302821_R_F_1
22285	9843	86.9221125	5302827_R_F_1
22287	9844	7616.952525	5302827_G_F_1
22795	9845	12181.9731	5302825_G_F_1
16353	9846	3534.832575	5302131_G_F_2
16355	9847	9010.9256625	5302130_R_F_1
18803	9848	7024.594425	5303066_R_F_4
16357	9849	830.589075	5302138_G_F_1
19577	9850	370.2238125	5302528_G_F_1
21009	9851	498.9973125	5302529_G_F_1
21019	9852	956.1432375	5302522_R_F_1
19791	9853	1303.8316875	5302548_G_F_1
21021	9854	750.1056375	5302520_R_F_1
21023	9855	2021.74395	5302520_R_F_2
21025	9856	1979.8925625	5302520_R_F_4
21027	9857	148.089525	5302520_G_F_1
21029	9858	3119.5380375	5302520_G_F_3
19585	9859	0.0	5302527_G_F_1
21043	9860	5723.982075	5302525_R_F_2
21045	9861	0.0	5302525_R_F_4
21047	9862	589.1387625	5302525_G_F_1
15299	9863	2288.9489625	5302517_G_F_1
15301	9864	441.0492375	5302517_G_F_2
18795	9865	338.0304375	5303064_G_F_2
13107	9866	373.44315	5302416_R_F_1
13109	9867	12967.49145	5302416_G_F_1
13111	9868	0.0	5302415_R_F_1
13113	9869	5160.5980125	5302415_G_F_1
22927	9870	5575.89255	5302798_G_F_1
13115	9871	814.4923875	5302410_R_F_1
22931	9872	685.7188875	5302795_R_F_2
22933	9873	331.5917625	5302795_G_F_5
22935	9874	1390.7538	5302791_R_F_2
22937	9875	608.4547875	5302791_G_F_1
22939	9876	672.8415375	5302791_G_F_4
22941	9877	70.825425	5302790_R_F_1
22943	9878	434.6105625	5302790_G_F_2
15307	9879	5376.293625	5302518_G_F_3
14591	9880	505.4359875	5302009_R_F_1
21963	9881	12433.081425	5302005_G_F_1
22955	9882	5150.94	5302554_R_F_1
14599	9883	5340.8809125	5302001_R_F_4
22963	9884	11927.6454375	5302551_G_F_1
13933	9885	4474.879125	5302665_R_F_1
13935	9886	3689.360775	5302665_R_F_2
21097	9887	10717.1745375	5302385_G_F_1
21099	9888	14660.862975	5302383_R_F_1
21101	9889	1252.3222875	5302383_G_F_2
21845	9890	923.9498625	5302141_G_F_3
19571	9891	4513.511175	5301978_R_F_1
19573	9892	1139.645475	5301979_R_F_1
21113	9893	1744.880925	5301878_R_F_2
19575	9894	6596.4225375	5302199_G_F_1
19957	9895	2066.814675	5302256_R_F_2
21117	9896	4957.77975	5301873_R_F_2
21119	9897	405.636525	5301875_G_F_1
18251	9898	4500.633825	5302090_R_F_3
18253	9899	2115.1047375	5302091_R_F_1
18255	9900	2337.239025	5302091_G_F_4
16947	9901	67.6060875	5302316_G_F_1
19825	9902	1252.3222875	5301899_R_F_1
19587	9903	3969.4431375	5302953_R_F_1
19591	9904	131.9928375	5302775_R_F_1
19593	9905	1590.352725	5302775_G_F_2
18257	9906	5540.4798375	5302899_G_F_3
19597	9907	10269.686625	5302957_R_F_1
19599	9908	2855.5523625	5302957_R_F_2
19601	9909	4613.3106375	5302957_G_F_1
19603	9910	0.0	5302956_R_F_1
19605	9911	5656.3759875	5302956_R_F_2
19607	9912	286.5210375	5302956_G_F_1
19609	9913	11863.2586875	5302955_R_F_1
18267	9914	4114.313325	5302893_R_F_1
18273	9915	911.0725125	5302897_R_F_2
18275	9916	2147.2981125	5302895_R_F_2
19633	9917	10569.0850125	5303068_R_F_2
20101	9918	51.5094	5302201_G_F_1
14639	9919	3428.5944375	5302758_R_F_2
13989	9920	3843.888975	5302459_R_F_1
15303	9921	7681.339275	5302516_R_F_1
15305	9922	19.316025	5302519_R_F_1
18857	9923	389.5398375	5302451_R_F_1
22587	9924	701.815575	5303085_R_F_1
16607	9925	1281.296325	5302487_R_F_1
16609	9926	8177.11725	5302338_R_F_1
15491	9927	4436.247075	5302720_R_F_2
18955	9928	2662.3921125	5302053_G_F_1
23259	9929	6245.51475	5302355_G_F_1
17623	9930	41.8513875	5302354_R_F_1
17625	9931	9020.583675	5302354_G_F_1
17629	9932	5859.19425	5302351_R_F_1
23267	9933	10620.5944125	5302352_G_F_1
18957	9934	7159.8066	5302589_R_F_2
18959	9935	1442.2632	5302589_G_F_4
18961	9936	1261.9803	5302589_G_F_5
18995	9937	952.9239	5302585_R_F_3
23287	9938	11010.13425	5303116_G_F_1
23289	9939	8122.3885125	5303117_R_F_1
23291	9940	17010.97935	5303117_G_F_1
14051	9941	8560.2184125	5302901_R_F_2
14053	9942	2311.484325	5302901_G_F_1
14055	9943	1065.6007125	5302902_R_F_8
14057	9944	511.8746625	5302902_R_F_5
14059	9945	4645.5040125	5302902_G_F_1
14063	9946	7040.6911125	5301909_R_F_1
19149	9947	6380.726925	5301908_R_F_1
19151	9948	5749.736775	5301908_G_F_1
14067	9949	0.0	5301900_G_F_1
14069	9950	5176.6947	5301903_R_F_1
14071	9951	11441.525475	5301905_R_F_1
14073	9952	8775.914025	5301905_G_F_1
14075	9953	10430.6535	5301907_R_F_1
14077	9954	8827.423425	5301907_G_F_1
14079	9955	3370.6463625	5301906_R_F_1
14081	9956	1104.2327625	5301906_R_F_3
14083	9957	3740.870175	5301906_G_F_1
14085	9958	1303.8316875	5301906_G_F_3
20419	9959	6400.04295	5302228_G_F_1
23361	9960	4207.6741125	5302227_G_F_2
23413	9961	296.17905	5302129_G_F_1
17653	9962	7662.02325	5301994_R_F_1
17655	9963	11824.6266375	5301994_G_F_1
22339	9964	8482.9543125	5302125_G_F_1
17661	9965	2205.2461875	5301992_G_F_2
17663	9966	6461.2103625	5301993_R_F_1
17627	9967	878.8791375	5302356_G_F_1
23269	9968	1529.1853125	5303118_R_F_1
23465	9969	6628.6159125	5303119_R_F_1
22945	9970	0.0	5302793_R_F_3
17073	9971	933.607875	5302789_G_F_2
17075	9972	1484.1145875	5302789_G_F_4
14785	9973	4593.9946125	5303015_R_F_1
23283	9974	10478.9435625	5303113_R_F_2
13081	9975	1931.6025	5303011_R_F_1
19793	9976	11615.3697	5302549_G_F_1
19795	9977	10198.8612	5302012_R_F_1
23285	9978	7282.141425	5303114_R_F_1
19797	9979	10279.3446375	5302546_R_F_1
19799	9980	8582.753775	5302547_G_F_1
12847	9981	4629.407325	5303133_R_F_2
19801	9982	698.5962375	5302017_R_F_2
13607	9983	5952.5550375	5303072_G_F_2
14595	9984	11087.39835	5302006_R_F_1
14597	9985	5968.651725	5302006_G_F_1
22957	9986	10549.7689875	5302553_R_F_1
22959	9987	0.0	5302553_R_F_2
22961	9988	1500.211275	5302553_G_F_1
16009	9989	7172.68395	5301866_G_F_2
16011	9990	9471.290925	5301867_R_F_2
14801	9991	7037.471775	5301949_R_F_1
14601	9992	7098.6391875	5302003_R_F_1
14603	9993	4294.596225	5302003_G_F_1
14803	9994	1146.08415	5301947_G_F_2
23605	9995	2366.2130625	5302167_G_F_3
14813	9996	3193.5828	5302760_R_F_1
14815	9997	3187.144125	5302760_G_F_1
14819	9998	6042.6964875	5302762_R_F_3
14821	9999	5946.1163625	5302762_G_F_1
13409	10000	2559.3733125	5301893_R_F_1
13411	10001	99.7994625	5301893_G_F_1
14691	10002	51.5094	5301892_G_F_1
14729	10003	292.9597125	5301897_R_F_1
14731	10004	2092.569375	5301897_G_F_1
23635	10005	2372.6517375	5302845_G_F_2
23637	10006	0.0	5302845_G_F_3
21291	10007	3988.7591625	5302847_G_F_2
23641	10008	54.7287375	5302846_R_F_2
23643	10009	3702.238125	5302846_G_F_2
23645	10010	692.1575625	5302846_G_F_3
21293	10011	2292.1683	5302848_R_F_1
21295	10012	0.0	5302848_R_F_3
16039	10013	0.0	5302117_R_F_2
13843	10014	6229.4180625	5302046_R_F_1
16041	10015	5051.1405375	5302119_G_F_4
14817	10016	11538.1056	5302761_R_F_2
20525	10017	9445.536225	5302506_R_F_1
20527	10018	7990.395675	5302506_G_F_2
20529	10019	2652.7341	5302507_G_F_2
20531	10020	7774.7000625	5302507_G_F_3
17869	10021	782.2990125	5303125_R_F_3
17871	10022	2816.9203125	5303124_R_F_1
17873	10023	1538.843325	5303127_G_F_2
22763	10024	5247.520125	5302341_G_F_2
17875	10025	5730.42075	5303129_R_F_1
17877	10026	3113.0993625	5303129_G_F_2
22787	10027	7285.3607625	5302345_G_F_1
19175	10028	2288.9489625	5303046_R_F_2
20313	10029	2050.7179875	5303045_G_F_1
19181	10030	6129.6186	5303043_G_F_2
19183	10031	10868.4834	5303041_R_F_2
19185	10032	1622.5461	5302930_G_F_1
19187	10033	2437.0384875	5302930_G_F_4
19189	10034	0.0	5301916_R_F_2
19191	10035	7687.77795	5301916_G_F_1
19193	10036	8502.2703375	5301917_R_F_3
19195	10037	5888.1682875	5301917_G_F_1
19197	10038	2527.1799375	5301917_G_F_2
19199	10039	7803.6741	5301912_R_F_1
19201	10040	4565.020575	5301912_G_F_1
19203	10041	1590.352725	5301913_G_F_1
19205	10042	2469.2318625	5301913_G_F_2
19207	10043	482.900625	5301910_R_F_2
19209	10044	6689.783325	5301911_R_F_1
15469	10045	5109.0886125	5302234_G_F_1
15471	10046	10050.771675	5302235_R_F_3
15489	10047	11686.195125	5302239_G_F_1
15313	10048	10804.09665	5302339_R_F_1
15315	10049	2614.10205	5302339_G_F_4
15317	10050	2041.059975	5302486_R_F_2
12911	10051	6322.77885	5302888_R_F_1
16611	10052	2037.8406375	5302336_R_F_2
17631	10053	4149.7260375	5302727_G_F_1
16197	10054	6148.934625	5302853_R_F_1
16199	10055	772.641	5302853_G_F_2
16201	10056	11969.496825	5302853_G_F_3
23833	10057	1654.739475	5302803_G_F_2
16043	10058	5231.4234375	5302118_G_F_2
17903	10059	3228.9955125	5302655_G_F_2
17905	10060	5006.0698125	5302656_R_F_1
22147	10061	7929.2282625	5302657_R_F_1
17909	10062	14400.0966375	5302652_R_F_1
16623	10063	563.3840625	5302153_R_F_1
16625	10064	1493.7726	5302153_R_F_2
16627	10065	1670.8361625	5302153_G_F_1
16629	10066	10646.3491125	5302152_R_F_1
17241	10067	12413.7654	5302990_R_F_2
16657	10068	1426.1665125	5800786_G_F_5
16665	10069	3393.181725	5800839_R_F_1
15527	10070	8627.8245	5800939_R_F_1
12663	10071	4024.171875	5801069_R_F_1
12665	10072	1104.2327625	5801069_R_F_2
12667	10073	5105.869275	5801069_R_F_3
12669	10074	2910.2811	5801069_G_F_1
12671	10075	1651.5201375	5801069_G_F_2
12673	10076	8425.0062375	5801068_R_F_1
12675	10077	431.391225	5801068_G_F_2
12677	10078	7098.6391875	5801062_R_F_1
12679	10079	9368.272125	5801062_G_F_1
12681	10080	6515.9391	5801061_R_F_1
12683	10081	8837.0814375	5801061_R_F_2
12685	10082	8721.1852875	5801060_G_F_1
23065	10083	3003.6418875	5801883_G_F_1
19305	10084	4436.247075	5800943_G_F_1
19307	10085	10437.092175	5800941_R_F_1
19309	10086	17213.7976125	5800940_R_F_1
17953	10087	2231.0008875	5801461_R_F_1
16679	10088	4806.4708875	5801789_G_F_4
17955	10089	563.3840625	5801466_R_F_2
17957	10090	6171.4699875	5801466_G_F_1
16683	10091	1802.829	5801783_R_F_1
16685	10092	9175.111875	5801783_G_F_1
16687	10093	1806.0483375	5801786_R_F_1
16689	10094	4864.4189625	5801787_G_F_1
16691	10095	2263.1942625	5801784_R_F_1
16693	10096	6515.9391	5801785_G_F_1
14369	10097	2839.455675	5801946_R_F_3
12733	10098	10997.2569	5801603_G_F_1
12735	10099	3.2193375	5801602_R_F_1
12737	10100	14580.3795375	5801602_R_F_2
12739	10101	10411.337475	5801601_R_F_1
12741	10102	2504.644575	5801601_R_F_3
12743	10103	3821.3536125	5801601_G_F_2
12745	10104	1706.248875	5801601_G_F_3
12747	10105	4310.6929125	5801601_G_F_4
12749	10106	2800.823625	5801606_R_F_2
12751	10107	11995.251525	5801604_R_F_1
12753	10108	2523.9606	5801604_G_F_1
21803	10109	4436.247075	5801306_R_F_1
21805	10110	1696.5908625	5801305_R_F_2
20785	10111	1506.64995	5801268_G_F_1
19509	10112	35.4127125	5801758_R_F_1
20787	10113	3148.512075	5801266_R_F_2
22307	10114	7092.2005125	5801308_R_F_2
22309	10115	5833.43955	5801309_R_F_1
15607	10116	3554.1486	5801117_R_F_1
15609	10117	2849.1136875	5801117_R_F_3
15611	10118	164.1862125	5801117_R_F_4
17983	10119	222.1342875	5801289_R_F_1
22361	10120	8833.8621	5801166_R_F_1
23713	10121	10511.1369375	5801167_G_F_3
21817	10122	8115.9498375	5801164_R_F_1
22367	10123	8785.5720375	5801168_G_F_2
15005	10124	35.4127125	5801729_R_F_1
15007	10125	8901.4681875	5801721_G_F_2
15011	10126	7166.245275	5801725_G_F_1
21523	10127	276.863025	5800867_G_F_3
20149	10128	3628.1933625	5801508_R_F_1
20151	10129	325.1530875	5801508_G_F_2
16253	10130	701.815575	5801339_G_F_1
16255	10131	347.68845	5801338_G_F_1
15009	10132	4545.70455	5801722_R_F_1
16257	10133	13714.37775	5801332_G_F_1
16259	10134	0.0	5801330_R_F_1
13739	10135	1873.654425	5801023_R_F_1
13741	10136	4983.53445	5801023_G_F_1
17339	10137	14094.259575	5801021_R_F_2
17341	10138	9104.28645	5801021_G_F_1
16263	10139	3164.6087625	5800688_R_F_1
16265	10140	6280.9274625	5800689_G_F_1
13745	10141	11290.2166125	5801025_G_F_1
13747	10142	3879.3016875	5801024_G_F_1
13749	10143	4008.0751875	5801028_G_F_2
18743	10144	231.7923	5801938_R_F_1
18745	10145	99.7994625	5801938_G_F_1
18747	10146	2562.59265	5801938_G_F_2
18749	10147	3612.096675	5801935_R_F_1
18751	10148	4941.6830625	5801934_R_F_2
18753	10149	2214.9042	5801937_G_F_1
18755	10150	392.759175	5801936_G_F_1
18757	10151	4188.3580875	5801936_G_F_3
21577	10152	2118.324075	5801804_R_F_2
21579	10153	12320.4046125	5801804_G_F_1
21581	10154	3624.974025	5801807_R_F_4
21583	10155	4703.4520875	5801807_G_F_3
21585	10156	3863.205	5801801_R_F_2
21587	10157	866.0017875	5801809_R_F_1
21589	10158	4651.9426875	5801808_R_F_1
21591	10159	6796.0214625	5801808_G_F_1
21593	10160	0.0	5801808_G_F_2
17753	10161	1835.022375	5801678_R_F_1
13743	10162	1236.2256	5801027_R_F_2
22643	10163	0.0	5800822_R_F_1
22645	10164	4593.9946125	5800823_R_F_1
22651	10165	209.2569375	5800798_G_F_2
16675	10166	3113.0993625	5801788_R_F_1
16677	10167	10636.6911	5801788_G_F_1
22521	10168	15578.3741625	5801340_R_F_1
22523	10169	3087.3446625	5801341_R_F_1
22057	10170	7839.0868125	5801430_G_F_1
22525	10171	4400.8343625	5801431_G_F_1
17221	10172	5765.8334625	5800707_R_F_1
18105	10173	4020.9525375	5801075_R_F_1
18107	10174	1496.9919375	5801075_R_F_3
18109	10175	11303.0939625	5801076_R_F_1
18111	10176	6821.7761625	5801077_R_F_2
18113	10177	6602.8612125	5801071_R_F_1
18115	10178	25.7547	5801072_R_F_1
18117	10179	3525.1745625	5801072_G_F_1
18119	10180	1271.6383125	5801072_G_F_2
18121	10181	7330.4314875	5801073_R_F_1
18123	10182	2240.6589	5801073_R_F_2
18125	10183	6767.047425	5801073_G_F_3
14521	10184	11863.2586875	5801579_R_F_1
14523	10185	444.268575	5801579_G_F_1
14525	10186	8144.923875	5801578_G_F_1
14527	10187	2955.351825	5801571_G_F_1
22733	10188	563.3840625	5801576_R_F_2
19499	10189	77.2641	5801751_G_F_1
19501	10190	3853.5469875	5801751_G_F_2
19503	10191	2639.85675	5801750_R_F_1
19505	10192	3180.70545	5801750_R_F_2
19507	10193	51.5094	5801750_G_F_1
14541	10194	9979.94625	5801683_G_F_2
14543	10195	11602.49235	5801681_R_F_1
14545	10196	1551.720675	5801685_R_F_1
14547	10197	975.4592625	5801684_R_F_1
14549	10198	11544.544275	5801684_G_F_1
19313	10199	2533.6186125	5801540_R_F_2
19315	10200	96.580125	5801540_G_F_2
22519	10201	2620.540725	5801438_R_F_1
20999	10202	9046.338375	5800671_R_F_1
22757	10203	585.919425	5801375_R_F_2
21001	10204	15027.86745	5800672_R_F_1
14367	10205	5917.142325	5801942_R_F_1
13047	10206	1986.3312375	5801299_R_F_1
21973	10207	0.0	5800802_R_F_2
14371	10208	2195.588175	5801948_R_F_1
14373	10209	705.0349125	5801948_R_F_3
17451	10210	5836.6588875	5800760_G_F_1
15817	10211	3377.0850375	5801854_R_F_1
15819	10212	6074.8898625	5801855_R_F_1
15821	10213	5534.0411625	5801852_R_F_1
15823	10214	3917.9337375	5801853_R_F_1
15149	10215	10185.98385	5800914_R_F_1
15151	10216	6235.8567375	5800916_G_F_1
15157	10217	1200.8128875	5801539_R_F_2
15159	10218	1255.541625	5801539_R_F_3
15161	10219	2163.3948	5801539_R_F_4
15163	10220	5373.0742875	5801535_R_F_1
15165	10221	408.8558625	5801534_R_F_1
15167	10222	6850.7502	5801534_R_F_2
15169	10223	2105.446725	5801537_R_F_2
15171	10224	3489.76185	5801537_R_F_4
15173	10225	1464.7985625	5801537_G_F_1
15175	10226	3438.25245	5801536_R_F_1
15177	10227	734.00895	5801536_G_F_1
22055	10228	4413.7117125	5801437_R_F_1
22987	10229	1992.7699125	5801324_G_F_1
22989	10230	5975.0904	5801325_R_F_2
22991	10231	270.42435	5801326_G_F_2
22993	10232	2449.9158375	5801089_G_F_2
22995	10233	6979.5237	5801321_G_F_2
17557	10234	4330.0089375	5801409_R_F_2
17559	10235	11625.0277125	5801407_R_F_2
17561	10236	7079.3231625	5801406_R_F_1
16817	10237	833.8084125	5800928_G_F_1
15209	10238	2681.7081375	5801390_R_F_1
15211	10239	74.0447625	5801390_G_F_1
15213	10240	5051.1405375	5801390_G_F_2
15215	10241	2977.8871875	5801393_R_F_2
15217	10242	328.372425	5801393_G_F_1
15219	10243	5002.850475	5801394_R_F_1
15221	10244	3129.19605	5801397_G_F_2
20359	10245	7488.179025	5801242_R_F_1
20361	10246	3682.9221	5801242_G_F_1
20363	10247	6824.9955	5801719_G_F_1
20365	10248	1036.626675	5801718_G_F_3
16417	10249	1117.1101125	5801813_G_F_1
16419	10250	4049.926575	5801814_R_F_2
16421	10251	5971.8710625	5801814_G_F_1
18375	10252	5559.7958625	5800814_R_F_2
18377	10253	1429.38585	5800814_G_F_2
18413	10254	4835.444925	5800812_R_F_4
20385	10255	241.4503125	5801866_R_F_2
20389	10256	3763.4055375	5801868_R_F_1
13207	10257	80.4834375	5800718_R_F_3
15261	10258	122.334825	5800716_G_F_1
22131	10259	12912.7627125	5800968_R_F_1
23557	10260	5147.7206625	5801412_G_F_1
19665	10261	5511.5058	5800965_R_F_1
19667	10262	7491.3983625	5801567_G_F_1
18953	10263	8093.414475	5801424_G_F_1
19669	10264	1661.17815	5801560_R_F_2
18325	10265	9893.0241375	5801445_R_F_1
18327	10266	576.2614125	5801447_G_F_4
18329	10267	11058.4243125	5801446_R_F_2
18331	10268	1358.560425	5801441_R_F_1
18333	10269	5092.991925	5801441_G_F_1
18335	10270	7163.0259375	5801443_G_F_4
18337	10271	3624.974025	5801442_G_F_1
21383	10272	6171.4699875	5800691_R_F_2
18553	10273	12310.7466	5801059_G_F_1
14703	10274	41.8513875	5801748_G_F_1
14705	10275	90.14145	5801749_R_F_1
14707	10276	8634.263175	5801217_G_F_1
23303	10277	9490.60695	5801741_G_F_1
19687	10278	714.692925	5801690_R_F_1
19689	10279	2176.27215	5801690_R_F_2
19693	10280	2588.34735	5801694_G_F_1
23765	10281	8235.065325	5801361_G_F_1
21933	10282	276.863025	5801362_G_F_1
21935	10283	7195.2193125	5801362_G_F_2
21937	10284	3200.021475	5801363_R_F_1
21939	10285	6618.9579	5801363_G_F_1
23721	10286	1751.3196	5801364_R_F_2
23723	10287	3051.93195	5801364_G_F_1
23725	10288	1300.61235	5801364_G_F_3
15927	10289	12246.35985	5800667_R_F_1
23055	10290	5434.2417	5801366_R_F_1
23057	10291	1925.163825	5801366_R_F_2
23059	10292	6396.8236125	5801366_G_F_2
23353	10293	6335.6562	5801367_G_F_1
23355	10294	727.570275	5801367_G_F_4
21941	10295	70.825425	5801368_R_F_1
21943	10296	7562.2237875	5801368_R_F_2
21945	10297	7658.8039125	5801369_R_F_1
21947	10298	5620.963275	5801369_G_F_2
15931	10299	9880.1467875	5800668_R_F_1
15933	10300	2919.9391125	5800668_R_F_2
16267	10301	6.438675	5800687_R_F_2
16269	10302	2247.097575	5800687_G_F_1
18357	10303	7455.98565	5801915_G_F_1
18359	10304	10552.988325	5801914_R_F_1
18361	10305	3744.0895125	5801911_R_F_1
18363	10306	2041.059975	5801910_R_F_1
19951	10307	263.985675	5801223_R_F_1
13297	10308	186.721575	5801620_G_F_2
13299	10309	4558.5819	5801623_R_F_1
23415	10310	6583.5451875	5801184_G_F_4
23417	10311	11750.581875	5801185_R_F_2
23419	10312	3006.861225	5801186_G_F_3
23421	10313	3631.4127	5801187_R_F_2
23423	10314	4098.2166375	5801187_G_F_3
23425	10315	441.0492375	5801183_G_F_1
19953	10316	3383.5237125	5801222_R_F_1
21247	10317	5395.60965	5801828_R_F_1
21249	10318	4867.6383	5801828_G_F_2
21253	10319	7938.886275	5801827_R_F_1
21255	10320	1535.6239875	5801827_R_F_2
17755	10321	1049.504025	5801677_R_F_1
17757	10322	3464.00715	5801677_G_F_1
23497	10323	4532.8272	5800842_R_F_1
21701	10324	952.9239	5800843_R_F_1
20459	10325	4397.615025	5800924_R_F_1
20461	10326	0.0	5800924_G_F_2
20463	10327	6741.292725	5800927_R_F_1
13555	10328	9442.3168875	5800926_R_F_2
20465	10329	3309.47895	5800923_G_F_1
17169	10330	7140.490575	5801426_G_F_1
17715	10331	1986.3312375	5800729_R_F_1
17717	10332	106.2381375	5800729_R_F_2
17719	10333	1777.0743	5800729_G_F_2
17721	10334	6699.4413375	5801090_R_F_1
17723	10335	231.7923	5801090_R_F_3
17725	10336	1165.400175	5801090_G_F_2
17727	10337	1838.2417125	5801090_G_F_4
17729	10338	505.4359875	5801090_G_F_5
17737	10339	1265.1996375	5801094_R_F_5
16523	10340	2903.842425	5801313_R_F_2
16525	10341	9793.224675	5801312_R_F_1
16527	10342	1065.6007125	5801312_R_F_2
16529	10343	9384.3688125	5801312_G_F_1
23555	10344	70.825425	5801414_R_F_1
23559	10345	2971.4485125	5801410_R_F_2
23263	10346	0.0	5801411_R_F_1
23265	10347	4526.388525	5801411_R_F_2
23563	10348	12600.486975	5801790_G_F_1
14171	10349	8396.0322	5801559_R_F_1
14173	10350	1883.3124375	5801558_G_F_1
14175	10351	9600.064425	5801557_R_F_1
14181	10352	90.14145	5801555_R_F_1
19093	10353	4642.284675	5801952_G_F_1
19095	10354	10945.7475	5801952_G_F_2
19097	10355	9632.2578	5801951_R_F_1
19099	10356	2102.2273875	5801951_R_F_2
19101	10357	9416.5621875	5801957_G_F_1
19103	10358	7137.2712375	5801956_R_F_2
19105	10359	3158.1700875	5801956_G_F_1
19107	10360	2646.295425	5801956_G_F_2
19109	10361	9567.87105	5801955_R_F_1
19771	10362	7095.41985	5801954_R_F_1
20483	10363	1403.63115	5801389_R_F_1
20485	10364	1503.4306125	5801386_G_F_1
20487	10365	51.5094	5801387_R_F_2
16569	10366	1973.4538875	5801175_R_F_1
16573	10367	14432.2900125	5801176_R_F_1
23509	10368	3744.0895125	5800778_G_F_1
23511	10369	1899.409125	5800778_G_F_2
23513	10370	2346.8970375	5800778_G_F_3
22281	10371	6618.9579	5800779_R_F_1
22283	10372	3373.8657	5800779_R_F_3
18667	10373	1088.136075	5800774_R_F_5
18669	10374	0.0	5800774_R_F_6
18671	10375	13460.0500875	5800774_G_F_1
21975	10376	41.8513875	5800775_R_F_1
21977	10377	3773.06355	5800775_G_F_1
21979	10378	6940.89165	5800777_R_F_1
21981	10379	4803.25155	5800777_G_F_1
19691	10380	1484.1145875	5801693_G_F_1
17809	10381	6119.9605875	5802016_R_F_1
17813	10382	5086.55325	5802015_G_F_1
17815	10383	13237.9158	5802014_R_F_1
17817	10384	12487.8101625	5802014_G_F_1
17819	10385	2813.700975	5802014_G_F_2
15433	10386	5398.8289875	5801875_G_F_1
15435	10387	5746.5174375	5801876_G_F_1
18471	10388	2250.3169125	5801580_R_F_1
18473	10389	753.324975	5801580_G_F_1
18475	10390	1252.3222875	5801580_G_F_2
18477	10391	1683.7135125	5801581_G_F_1
18479	10392	647.0868375	5801582_R_F_1
18481	10393	2411.2837875	5801583_R_F_1
18483	10394	160.966875	5801583_G_F_1
18485	10395	3383.5237125	5801585_G_F_1
18487	10396	2778.2882625	5801585_G_F_2
18489	10397	8450.7609375	5801587_R_F_1
18491	10398	1252.3222875	5801587_G_F_1
14857	10399	12632.68035	5801513_R_F_1
13483	10400	1355.3410875	5801459_R_F_2
14859	10401	8038.6857375	5801515_R_F_2
14861	10402	12.87735	5801515_G_F_2
13485	10403	7842.30615	5801456_R_F_1
23823	10404	3354.549675	5801365_R_F_1
19943	10405	8103.0724875	5801739_G_F_1
19945	10406	2707.4628375	5801738_G_F_1
19947	10407	470.023275	5801732_R_F_1
19949	10408	0.0	5801732_G_F_1
13937	10409	1802.829	5801731_R_F_1
13939	10410	0.0	5801731_G_F_2
13941	10411	1165.400175	5801730_R_F_1
13943	10412	103.0188	5801730_G_F_1
13945	10413	2259.974925	5801730_G_F_2
19955	10414	331.5917625	5801227_R_F_6
13949	10415	0.0	5801734_G_F_3
18531	10416	12932.0787375	5800989_G_F_1
18533	10417	437.8299	5800987_R_F_1
18535	10418	0.0	5801057_R_F_2
18537	10419	10804.09665	5801057_G_F_1
18539	10420	3512.2972125	5801057_G_F_2
18541	10421	737.2282875	5801054_G_F_1
18543	10422	10759.025925	5801054_G_F_2
17167	10423	7822.990125	5801429_G_F_1
18949	10424	5907.4843125	5801425_R_F_1
18951	10425	3164.6087625	5801425_R_F_2
21381	10426	8978.7322875	5800692_R_F_2
18547	10427	7098.6391875	5801058_R_F_1
18549	10428	5785.1494875	5801058_R_F_2
18551	10429	5556.576525	5801058_G_F_1
21385	10430	11708.7304875	5800690_R_F_1
21387	10431	1876.8737625	5801125_G_F_1
21373	10432	734.00895	5800695_G_F_1
21375	10433	7468.863	5800695_G_F_2
21389	10434	3325.5756375	5801120_G_F_2
21377	10435	11679.75645	5800694_R_F_1
21379	10436	466.8039375	5800694_G_F_1
18559	10437	7478.5210125	5801637_R_F_1
18561	10438	4178.700075	5801638_R_F_1
21743	10439	9278.130675	5801830_R_F_1
21745	10440	11901.8907375	5801830_G_F_1
21747	10441	6477.30705	5801833_G_F_1
21749	10442	13534.09485	5801835_R_F_2
21751	10443	12326.8432875	5801835_G_F_1
21753	10444	11003.695575	5801837_R_F_1
16659	10445	11785.9945875	5002906_R_F_1
16661	10446	8309.1100875	5002909_R_F_1
16663	10447	2697.804825	5002908_R_F_1
23385	10448	5022.1665	5002397_R_F_3
12639	10449	2269.6329375	5001999_G_F_1
12641	10450	12.87735	5001999_G_F_3
12643	10451	0.0	5001998_G_F_1
12645	10452	4011.294525	5001997_G_F_1
12647	10453	2127.9820875	5001996_G_F_2
18433	10454	1999.2085875	5002619_R_F_2
18435	10455	8296.2327375	5002619_R_F_5
18437	10456	6989.1817125	5002618_R_F_1
17943	10457	83.702775	5003119_R_F_3
14347	10458	4835.444925	5002346_G_F_3
14349	10459	882.098475	5002345_R_F_1
14351	10460	7124.3938875	5002345_R_F_5
14353	10461	589.1387625	5002342_R_F_3
14357	10462	4429.8084	5002348_R_F_1
16681	10463	9976.7269125	5001903_G_F_1
16209	10464	2037.8406375	5002432_R_F_2
20771	10465	1699.8102	5003065_G_F_1
20773	10466	904.6338375	5003065_G_F_4
15795	10467	785.51835	5003070_G_F_1
20775	10468	2066.814675	5003067_G_F_1
20777	10469	2140.8594375	5003067_G_F_2
20779	10470	10028.2363125	5003066_R_F_1
20781	10471	576.2614125	5003066_G_F_1
20783	10472	1393.9731375	5003066_G_F_3
20053	10473	946.485225	5002167_G_F_2
18657	10474	4043.4879	5002283_R_F_1
18659	10475	2787.946275	5002280_G_F_1
20057	10476	1043.06535	5002168_G_F_1
18661	10477	1571.0367	5002285_G_F_1
22543	10478	83.702775	5001898_G_F_1
22473	10479	589.1387625	5003149_R_F_2
21567	10480	1767.4162875	5001899_G_F_2
13627	10481	4706.671425	5002606_R_F_1
13629	10482	4864.4189625	5002606_R_F_4
13631	10483	1938.041175	5002607_R_F_2
13633	10484	3415.7170875	5002607_G_F_3
13635	10485	3222.5568375	5002604_G_F_3
13637	10486	338.0304375	5002604_G_F_4
17029	10487	6747.7314	5002603_R_F_3
17039	10488	5585.5505625	5002601_R_F_5
17041	10489	3908.275725	5002601_G_F_2
17043	10490	2272.852275	5002601_G_F_5
13657	10491	1152.522825	5002609_R_F_1
13659	10492	2466.012525	5002609_G_F_2
13661	10493	4175.4807375	5002609_G_F_3
14947	10494	3328.794975	5002565_G_F_2
14949	10495	1954.1378625	5002564_G_F_2
14951	10496	5994.406425	5002561_G_F_1
14953	10497	6670.4673	5002560_R_F_1
20129	10498	0.0	5002782_G_F_1
20131	10499	434.6105625	5002780_R_F_1
16403	10500	5009.28915	5001861_R_F_1
16405	10501	2878.087725	5001861_R_F_2
16407	10502	3756.9668625	5001861_G_F_2
13669	10503	634.2094875	5002461_G_F_1
13671	10504	6071.670525	5002466_G_F_5
13673	10505	3132.4153875	5002464_R_F_1
13675	10506	956.1432375	5002464_G_F_2
13677	10507	8466.857625	5002465_R_F_2
13679	10508	1825.3643625	5002465_G_F_3
16223	10509	1841.46105	5002265_R_F_1
16225	10510	1976.673225	5002265_G_F_2
16227	10511	11039.1082875	5002266_R_F_3
21525	10512	1648.3008	5003022_R_F_1
17285	10513	9786.786	5002417_R_F_1
17287	10514	189.9409125	5002941_G_F_1
16745	10515	7266.0447375	5002940_R_F_1
22313	10516	1760.9776125	5003148_R_F_1
17567	10517	1039.8460125	5002410_G_F_1
22475	10518	2575.47	5003147_G_F_1
22483	10519	0.0	5002000_R_F_1
22485	10520	1007.6526375	5002001_G_F_1
22487	10521	0.0	5002001_G_F_2
22489	10522	19.316025	5002001_G_F_3
17297	10523	6889.38225	5001801_G_F_3
17299	10524	5669.2533375	5001800_R_F_1
15715	10525	7333.650825	5002520_G_F_1
14451	10526	0.0	5002139_G_F_2
21561	10527	3847.1083125	5001894_G_F_1
14453	10528	3946.907775	5002134_R_F_1
14455	10529	1686.93285	5002134_R_F_2
14457	10530	1461.579225	5002640_R_F_3
14463	10531	7191.999975	5002646_R_F_2
14465	10532	2044.2793125	5002646_G_F_1
22547	10533	2836.2363375	5002131_R_F_1
22549	10534	4111.0939875	5002131_R_F_3
14469	10535	2420.9418	5002644_G_F_1
22551	10536	8969.074275	5002133_G_F_2
21333	10537	3917.9337375	5002279_R_F_1
21639	10538	4719.548775	5002136_R_F_1
19465	10539	8357.40015	5003195_R_F_1
19467	10540	1072.0393875	5003195_R_F_2
16443	10541	5099.4306	5002736_G_F_1
15063	10542	5958.9937125	5001795_R_F_1
15065	10543	8746.9399875	5001795_G_F_2
15067	10544	978.6786	5001793_R_F_4
16789	10545	6248.7340875	5002220_G_F_1
14089	10546	1619.3267625	5002635_R_F_1
16791	10547	2491.767225	5002223_R_F_1
16793	10548	6245.51475	5002224_R_F_1
15069	10549	9365.0527875	5001798_G_F_2
12955	10550	2398.4064375	5002856_R_F_1
12957	10551	1345.683075	5002855_R_F_2
12959	10552	0.0	5002855_R_F_3
12961	10553	4693.794075	5002854_R_F_3
12963	10554	8540.9023875	5002852_R_F_1
22649	10555	6313.1208375	5002917_R_F_1
12967	10556	1506.64995	5003106_R_F_1
12969	10557	11306.3133	5003105_R_F_2
12971	10558	5080.114575	5003105_G_F_1
12973	10559	2701.0241625	5003105_G_F_2
12975	10560	5270.0554875	5003109_G_F_1
18095	10561	17529.2926875	5002982_R_F_1
18097	10562	6319.5595125	5002985_R_F_1
15783	10563	4809.690225	5003077_R_F_1
15785	10564	4265.6221875	5003075_R_F_1
15787	10565	5859.19425	5003075_R_F_2
15789	10566	9358.6141125	5003072_R_F_1
15791	10567	3103.44135	5003072_R_F_2
15793	10568	640.6481625	5003073_G_F_2
14653	10569	2243.8782375	5002583_R_F_2
14655	10570	5022.1665	5002583_G_F_1
17523	10571	247.8889875	5002778_R_F_1
22735	10572	2118.324075	5001856_G_F_1
15093	10573	0.0	5002174_R_F_1
15095	10574	2459.57385	5002174_G_F_2
15627	10575	3911.4950625	5002179_R_F_1
15099	10576	4774.2775125	5002194_G_F_2
22425	10577	2742.87555	5001858_G_F_1
13167	10578	16.0966875	5002192_R_F_1
13169	10579	6683.34465	5002192_R_F_2
13171	10580	5640.2793	5002192_G_F_1
16347	10581	2398.4064375	5002387_R_F_3
22783	10582	2475.6705375	5003252_G_F_2
16349	10583	6609.2998875	5002388_R_F_2
22791	10584	4436.247075	5003257_R_F_3
22793	10585	5627.40195	5003257_G_F_2
18827	10586	5382.7323	5002671_G_F_2
22817	10587	11171.101125	5002777_R_F_1
22821	10588	808.0537125	5002775_R_F_3
20297	10589	2861.9910375	5002578_R_F_1
20299	10590	5662.8146625	5002578_R_F_2
20301	10591	7491.3983625	5002579_R_F_1
15135	10592	3744.0895125	5002795_R_F_1
15137	10593	5205.6687375	5002795_G_F_1
15139	10594	3505.8585375	5002793_R_F_2
15141	10595	386.3205	5002793_G_F_2
13899	10596	1857.5577375	5002816_R_F_1
13901	10597	753.324975	5002816_R_F_2
13903	10598	170.6248875	5002816_G_F_2
13905	10599	8643.9211875	5002816_G_F_3
13907	10600	260.7663375	5002815_R_F_1
13909	10601	923.9498625	5002815_G_F_1
13911	10602	0.0	5002814_R_F_1
13913	10603	2530.399275	5002814_R_F_2
21633	10604	3335.23365	5002642_G_F_2
23261	10605	8840.300775	5002703_R_F_1
22903	10606	1825.3643625	5002701_R_F_1
22905	10607	4043.4879	5002701_G_F_1
16389	10608	3332.0143125	5002927_R_F_2
14459	10609	9600.064425	5002641_R_F_1
14461	10610	3534.832575	5002641_G_F_1
14467	10611	1313.4897	5002647_G_F_1
23437	10612	911.0725125	5001972_G_F_1
16935	10613	1410.069825	5002281_G_F_4
22969	10614	3332.0143125	5002957_G_F_1
22089	10615	4059.5845875	5002954_R_F_1
22091	10616	3538.0519125	5002954_G_F_1
17545	10617	9796.4440125	5003132_R_F_2
23873	10618	4098.2166375	5002959_G_F_1
17547	10619	3534.832575	5003135_G_F_1
23731	10620	13891.4413125	5001818_R_F_1
23733	10621	3892.1790375	5001818_G_F_3
23003	10622	6786.36345	5001819_G_F_1
16937	10623	3309.47895	5002036_R_F_1
16939	10624	3653.9480625	5002036_R_F_2
16941	10625	4394.3956875	5002031_R_F_2
16943	10626	2243.8782375	5002032_R_F_1
21505	10627	6158.5926375	5002512_R_F_1
21507	10628	13923.6346875	5002510_R_F_3
21509	10629	4552.143225	5002516_G_F_1
21511	10630	13530.8755125	5002517_G_F_1
21137	10631	1332.805725	5002537_G_F_1
16963	10632	3705.4574625	5002698_G_F_1
15845	10633	0.0	5003261_R_F_1
15847	10634	1329.5863875	5003265_G_F_3
15849	10635	917.5111875	5003264_G_F_1
14641	10636	5141.2819875	5003186_G_F_1
14643	10637	408.8558625	5003187_G_F_3
22061	10638	5385.9516375	5002585_R_F_2
22063	10639	1187.9355375	5002585_R_F_4
22065	10640	3171.0474375	5002585_R_F_5
22067	10641	473.2426125	5002585_G_F_3
22069	10642	846.6857625	5002585_G_F_5
22071	10643	32.193375	5002584_G_F_3
23131	10644	4120.752	5002587_R_F_2
23133	10645	3473.6651625	5002587_R_F_3
13159	10646	11158.223775	5002198_R_F_2
13161	10647	734.00895	5002199_G_F_1
13163	10648	5376.293625	5002199_G_F_2
13165	10649	8669.6758875	5002197_R_F_2
18307	10650	1281.296325	5002845_G_F_2
18309	10651	2865.210375	5002840_G_F_1
15199	10652	2826.578325	5002992_G_F_1
13195	10653	10266.4672875	5002993_R_F_1
13203	10654	7549.3464375	5002448_R_F_1
13205	10655	2099.00805	5002449_G_F_1
14675	10656	5691.7887	5002369_R_F_1
20213	10657	11805.3106125	5002444_R_F_1
19803	10658	2021.74395	5002445_R_F_1
13223	10659	0.0	5002447_R_F_2
16997	10660	12809.7439125	5001925_R_F_1
16999	10661	5369.85495	5001922_R_F_2
17001	10662	11319.19065	5001923_R_F_1
17003	10663	13559.84955	5001921_R_F_1
17005	10664	2488.5478875	5001921_G_F_2
23271	10665	1152.522825	5003165_G_F_1
23273	10666	1345.683075	5003165_G_F_2
23275	10667	3174.266775	5003166_R_F_2
21205	10668	4404.0537	5003008_R_F_1
21207	10669	1522.7466375	5003008_G_F_1
23277	10670	1316.7090375	5003160_G_F_1
23279	10671	8753.3786625	5003161_R_F_1
21209	10672	2507.8639125	5003007_R_F_1
21211	10673	2578.6893375	5003006_R_F_3
21213	10674	5843.0975625	5003005_R_F_4
23595	10675	479.6812875	5002066_R_F_2
23597	10676	2414.503125	5002066_R_F_3
23599	10677	1535.6239875	5002066_G_F_1
23601	10678	0.0	5002066_G_F_2
17011	10679	7275.70275	5001822_R_F_1
23607	10680	7839.0868125	5002064_R_F_1
17015	10681	7935.6669375	5001820_R_F_2
20411	10682	6165.0313125	5002148_G_F_1
23311	10683	3106.6606875	5002061_G_F_1
20413	10684	6203.6633625	5002145_G_F_1
20415	10685	141.65085	5002144_R_F_1
20417	10686	0.0	5002142_R_F_1
16785	10687	11901.8907375	5002228_R_F_1
16787	10688	5717.5434	5002229_R_F_2
15091	10689	1432.6051875	5002170_R_F_1
18075	10690	2617.3213875	5002638_G_F_1
23377	10691	1123.5487875	5002390_G_F_2
23383	10692	6882.943575	5002396_G_F_5
18077	10693	0.0	5002636_R_F_2
23387	10694	3422.1557625	5002398_R_F_1
14091	10695	9979.94625	5002661_R_F_1
14093	10696	2243.8782375	5002663_G_F_1
14095	10697	6103.8639	5002664_G_F_1
14097	10698	2945.6938125	5002668_G_F_3
16795	10699	920.730525	5002225_R_F_1
15369	10700	12407.326725	5002549_R_F_1
15371	10701	115.89615	5002549_G_F_1
15373	10702	13495.4628	5002548_R_F_1
15375	10703	3129.19605	5002548_G_F_2
15379	10704	7719.971325	5002541_G_F_1
15381	10705	1052.7233625	5002540_G_F_1
15383	10706	2028.182625	5002091_G_F_1
13567	10707	8058.0017625	5002090_G_F_1
15385	10708	7449.546975	5002545_R_F_2
15387	10709	6194.00535	5002545_R_F_3
15389	10710	3235.4341875	5002545_G_F_1
15391	10711	1947.6991875	5002545_G_F_2
15393	10712	878.8791375	5002547_G_F_1
22025	10713	737.2282875	5002766_R_F_1
19371	10714	3975.8818125	5002800_R_F_2
20443	10715	9426.2202	5003230_R_F_1
20445	10716	4223.7708	5003231_R_F_1
20447	10717	8325.206775	5003232_R_F_2
20449	10718	4320.350925	5003233_G_F_1
23485	10719	0.0	5002716_R_F_2
23487	10720	2878.087725	5002716_G_F_3
23489	10721	8415.348225	5002717_R_F_2
20437	10722	286.5210375	5003239_R_F_1
20439	10723	386.3205	5003239_R_F_3
17685	10724	357.3464625	5001963_R_F_1
17687	10725	2861.9910375	5001966_G_F_1
17691	10726	1026.9686625	5001969_R_F_2
17693	10727	6261.6114375	5002553_G_F_1
20667	10728	3657.1674	5002551_R_F_1
20669	10729	3174.266775	5002551_G_F_2
21895	10730	692.1575625	5002433_R_F_2
14141	10731	325.1530875	5003284_R_F_2
14145	10732	492.5586375	5003286_R_F_1
21705	10733	1686.93285	5001919_R_F_2
21707	10734	1777.0743	5001919_G_F_1
21709	10735	2945.6938125	5001919_G_F_2
21711	10736	13289.4252	5001918_R_F_2
21713	10737	6345.3142125	5001918_G_F_1
23135	10738	914.29185	5002581_G_F_1
23137	10739	2878.087725	5002581_G_F_2
23589	10740	0.0	5002115_G_F_1
14807	10741	5624.1826125	5002110_R_F_1
16029	10742	6284.1468	5002509_R_F_1
16031	10743	3560.587275	5002509_G_F_1
23307	10744	4416.93105	5002067_G_F_3
16033	10745	1970.23455	5002055_R_F_1
16035	10746	14013.7761375	5002506_R_F_1
17013	10747	3042.2739375	5001821_G_F_5
17107	10748	6973.085025	5002202_R_F_1
19659	10749	2565.8119875	5002201_G_F_1
17111	10750	775.8603375	5002755_R_F_1
19469	10751	3859.9856625	5002820_R_F_2
19471	10752	5057.5792125	5002820_G_F_1
18091	10753	569.8227375	5002981_G_F_1
22319	10754	4445.9050875	5003085_G_F_2
22321	10755	1088.136075	5003085_G_F_3
18093	10756	8888.5908375	5002980_R_F_2
15353	10757	11167.8817875	5002450_R_F_1
18443	10758	12.87735	5002471_G_F_4
18445	10759	6702.660675	5002473_R_F_2
18447	10760	1136.4261375	5002473_G_F_1
18099	10761	2694.5854875	5002984_R_F_1
18101	10762	1239.4449375	5002984_R_F_2
21329	10763	1577.475375	5002275_G_F_1
21331	10764	3686.1414375	5002272_G_F_1
19875	10765	12787.20855	5002379_G_F_1
13755	10766	7475.301675	5002377_G_F_1
19879	10767	0.0	5002375_R_F_1
19881	10768	2086.1307	5002375_G_F_1
20797	10769	9593.62575	5002372_R_F_1
20799	10770	10398.460125	5002372_G_F_1
13759	10771	0.0	5002373_R_F_1
13761	10772	4928.8057125	5002373_R_F_3
13763	10773	7005.2784	5002373_G_F_1
13771	10774	682.49955	5002370_R_F_1
13773	10775	0.0	5002370_G_F_1
13775	10776	1345.683075	5002371_R_F_1
16063	10777	283.3017	5003018_G_F_2
17153	10778	4156.1647125	5003154_R_F_1
23061	10779	8086.9758	5001815_R_F_1
16065	10780	3373.8657	5003014_G_F_2
16067	10781	2430.5998125	5003014_G_F_4
16069	10782	5540.4798375	5003017_G_F_1
16071	10783	296.17905	5003017_G_F_2
23045	10784	7848.744825	5001833_R_F_2
23785	10785	2176.27215	5001834_R_F_2
15467	10786	9432.658875	5002154_G_F_4
20709	10787	7919.57025	5002337_R_F_1
20711	10788	1574.2560375	5002337_G_F_1
20713	10789	8782.3527	5002887_R_F_1
20715	10790	1529.1853125	5002887_R_F_2
17887	10791	6519.1584375	5002338_R_F_1
18655	10792	11306.3133	5002289_R_F_2
20661	10793	5769.0528	5002556_G_F_1
20663	10794	3193.5828	5002556_G_F_2
17689	10795	13820.6158875	5002552_R_F_1
16081	10796	811.27305	5001880_G_F_1
16083	10797	1616.107425	5001882_R_F_2
23543	10798	9245.9373	5001889_R_F_1
19215	10799	11692.6338	5002650_R_F_1
19217	10800	0.0	5002650_G_F_1
20671	10801	6544.9131375	5002559_R_F_1
20673	10802	3773.06355	5002559_G_F_2
20675	10803	302.617725	5002559_G_F_3
20677	10804	3773.06355	5002559_G_F_4
20679	10805	6271.26945	5002089_G_F_1
20681	10806	1657.9588125	5002084_R_F_1
20683	10807	2762.191575	5002085_R_F_1
20685	10808	3061.5899625	5002086_R_F_1
21513	10809	10511.1369375	5002515_G_F_1
17109	10810	2836.2363375	5002753_R_F_1
16207	10811	1084.9167375	5002986_G_F_4
20699	10812	5556.576525	5002881_R_F_1
20701	10813	2202.02685	5002882_R_F_1
20703	10814	9046.338375	5002882_R_F_2
20705	10815	12864.47265	5002884_R_F_1
20707	10816	2240.6589	5002884_G_F_1
17881	10817	2729.9982	5002885_G_F_1
23379	10818	0.0	5002391_R_F_3
17883	10819	1628.984775	5002888_G_F_3
17885	10820	3306.2596125	5002888_G_F_4
23927	10821	4265.6221875	5002721_G_F_1
23929	10822	2192.3688375	5002720_G_F_1
21767	10823	1155.7421625	5002725_G_F_2
14907	10824	1249.10295	6200173_G_F_1
14909	10825	64.38675	6200170_R_F_1
21925	10826	991.55595	6201537_R_F_4
21927	10827	9168.6732	6201537_G_F_2
23819	10828	7233.8513625	6200679_R_F_1
19157	10829	367.004475	6200311_G_F_3
13279	10830	666.4028625	6200532_G_F_1
23397	10831	1863.9964125	6200438_R_F_1
23403	10832	4893.393	6200433_G_F_1
22739	10833	6245.51475	6200387_R_F_1
22741	10834	4140.068025	6200387_G_F_1
23411	10835	3212.898825	6200435_G_F_2
14377	10836	2153.7367875	6201078_R_F_1
14379	10837	12181.9731	6201075_G_F_1
14381	10838	1065.6007125	6201076_R_F_1
21809	10839	2665.61145	6201093_R_F_1
21811	10840	13804.5192	6201092_R_F_2
20793	10841	3734.4315	6201157_R_F_1
15223	10842	5711.104725	6100789_R_F_1
22317	10843	6915.13695	6200389_R_F_1
19327	10844	0.0	6200781_R_F_1
19329	10845	3193.5828	6200789_R_F_2
13665	10846	386.3205	6100814_R_F_4
21821	10847	1326.36705	6201322_R_F_1
21823	10848	637.428825	6201322_G_F_1
22377	10849	11570.298975	6201324_R_F_1
22379	10850	2256.7555875	6201326_G_F_2
12795	10851	0.0	6200730_G_F_1
12797	10852	1300.61235	6200733_G_F_1
19373	10853	6477.30705	6201250_G_F_1
14399	10854	4896.6123375	6200306_R_F_1
14401	10855	3991.9785	6200307_R_F_3
18027	10856	1522.7466375	6200049_R_F_1
18029	10857	3866.4243375	6200049_G_F_2
18031	10858	1870.4350875	6200048_G_F_3
19375	10859	3876.08235	6200129_R_F_1
22141	10860	875.6598	6201447_G_F_2
15665	10861	547.287375	6200600_R_F_3
18677	10862	61.1674125	6200604_R_F_5
16493	10863	4462.001775	6200153_R_F_1
16495	10864	0.0	6200153_R_F_2
18759	10865	0.0	6201025_G_F_2
13757	10866	1651.5201375	6200519_R_F_1
17319	10867	4304.2542375	6201185_R_F_2
17321	10868	2746.0948875	6201185_G_F_2
17325	10869	1374.6571125	6201186_R_F_1
17327	10870	2665.61145	6201186_R_F_3
17329	10871	0.0	6201181_G_F_2
17331	10872	1468.0179	6201183_R_F_1
17333	10873	5839.878225	6201183_G_F_2
17335	10874	151.3088625	6201182_R_F_1
15043	10875	1274.85765	6200340_R_F_4
15045	10876	4326.7896	6200340_G_F_1
15047	10877	3924.3724125	6200340_G_F_2
15049	10878	2675.2694625	6200341_G_F_1
15051	10879	9239.498625	6200341_G_F_2
15053	10880	8202.87195	6200342_R_F_1
15055	10881	11180.7591375	6200342_G_F_3
15057	10882	882.098475	6200346_R_F_1
15059	10883	6676.905975	6200346_R_F_2
15061	10884	5305.4682	6200346_R_F_3
15329	10885	1287.735	6200347_G_F_1
15331	10886	6171.4699875	6200347_G_F_2
22615	10887	2231.0008875	6201444_G_F_2
22133	10888	1200.8128875	6201446_R_F_1
22135	10889	128.7735	6201446_G_F_1
22137	10890	8135.2658625	6201446_G_F_2
22139	10891	1384.315125	6201446_G_F_3
21607	10892	32.193375	6201111_G_F_4
20215	10893	2250.3169125	6201290_G_F_3
16299	10894	3222.5568375	6200463_R_F_1
16301	10895	5862.4135875	6200464_G_F_1
16303	10896	16634.3168625	6200467_G_F_1
20221	10897	5981.529075	6200168_G_F_1
20223	10898	3167.8281	6200169_R_F_2
20229	10899	3309.47895	6200165_R_F_1
20231	10900	8244.7233375	6200165_R_F_2
20233	10901	6651.151275	6200166_R_F_1
20235	10902	3544.4905875	6200167_R_F_1
20237	10903	2063.5953375	6200167_R_F_2
20239	10904	2771.8495875	6200167_G_F_1
14295	10905	373.44315	6200139_R_F_1
17463	10906	537.6293625	6200766_R_F_1
17465	10907	4123.9713375	6200767_R_F_1
17467	10908	283.3017	6200764_R_F_1
17469	10909	1120.32945	6200764_R_F_2
17471	10910	1381.0957875	6200765_R_F_3
17473	10911	399.19785	6200763_R_F_1
17475	10912	131.9928375	6200763_R_F_2
17477	10913	2031.4019625	6200760_G_F_1
22697	10914	389.5398375	6200761_R_F_1
14645	10915	5872.0716	6200083_R_F_2
13007	10916	0.0	6200940_R_F_4
13009	10917	3795.5989125	6200945_R_F_1
13011	10918	2787.946275	6200945_G_F_4
19511	10919	14071.7242125	6201062_G_F_1
19513	10920	131.9928375	6201064_G_F_1
21555	10921	5559.7958625	6200869_G_F_1
15805	10922	1484.1145875	6201128_R_F_2
15813	10923	4774.2775125	6201127_G_F_2
16873	10924	3.2193375	6200938_R_F_1
16875	10925	1619.3267625	6200938_R_F_4
13079	10926	9564.6517125	6201018_R_F_1
22829	10927	1168.6195125	6201402_R_F_1
19987	10928	267.2050125	6201237_G_F_1
16895	10929	11016.572925	6201334_R_F_1
16897	10930	3357.7690125	6201334_G_F_1
16899	10931	16.0966875	6201335_R_F_2
16901	10932	28.9740375	6201335_G_F_1
18207	10933	9049.5577125	6201239_G_F_1
18209	10934	10095.8424	6201238_R_F_1
16907	10935	8325.206775	6200688_G_F_1
16989	10936	1336.0250625	6200687_R_F_1
16991	10937	611.674125	6200687_G_F_2
14575	10938	8779.1333625	6201242_G_F_2
14581	10939	2713.9015125	6201241_G_F_2
23831	10940	8328.4261125	6201246_R_F_2
17323	10941	3843.888975	6201184_R_F_2
14583	10942	257.547	6201539_R_F_4
13085	10943	22.5353625	6200058_R_F_1
13087	10944	766.202325	6200058_G_F_1
14715	10945	2540.0572875	6200052_G_F_2
14717	10946	128.7735	6200052_G_F_5
13093	10947	624.551475	6200053_R_F_1
13095	10948	1165.400175	6200053_R_F_2
13097	10949	3895.398375	6200053_R_F_3
13099	10950	840.2470875	6200053_G_F_2
14733	10951	1616.107425	6200054_G_F_1
14735	10952	1213.6902375	6200055_R_F_1
13101	10953	0.0	6200056_R_F_1
13103	10954	4352.5443	6200056_G_F_1
13105	10955	634.2094875	6200057_R_F_1
18761	10956	2430.5998125	6201029_R_F_1
18763	10957	373.44315	6201029_R_F_3
18765	10958	0.0	6201029_G_F_3
21897	10959	4275.2802	6200756_R_F_2
21899	10960	8627.8245	6200755_R_F_1
17099	10961	5653.15665	6200754_R_F_2
21905	10962	4275.2802	6200753_R_F_1
23573	10963	7195.2193125	6200752_G_F_1
22971	10964	492.5586375	6200203_G_F_1
17089	10965	3547.709925	6200742_G_F_1
17091	10966	3972.662475	6200742_G_F_2
22985	10967	4046.7072375	6200653_R_F_1
21111	10968	131.9928375	6200661_G_F_1
15999	10969	2977.8871875	6200660_R_F_1
23023	10970	5810.9041875	6200388_R_F_1
23025	10971	10987.5988875	6200388_G_F_1
23027	10972	1059.1620375	6200388_G_F_2
21423	10973	17239.5523125	6200989_G_F_2
15955	10974	1912.286475	6200990_G_F_1
17563	10975	6490.1844	6200971_R_F_1
17565	10976	3789.1602375	6200971_G_F_1
16401	10977	9554.9937	6200874_G_F_1
14007	10978	2945.6938125	6200894_G_F_4
23079	10979	2079.692025	6201190_G_F_1
23081	10980	4922.3670375	6201191_R_F_1
14009	10981	7394.8182375	6200897_R_F_1
13777	10982	0.0	6201200_R_F_1
15257	10983	3077.68665	6201286_G_F_2
15259	10984	10234.2739125	6201287_G_F_2
16313	10985	1583.91405	6200374_G_F_1
20369	10986	2504.644575	6200371_R_F_1
20371	10987	2591.5666875	6200371_R_F_2
20373	10988	4185.13875	6200371_R_F_3
20375	10989	296.17905	6200371_G_F_1
20377	10990	1381.0957875	6200373_R_F_1
20379	10991	2012.0859375	6200373_G_F_2
20381	10992	9448.7555625	6200372_R_F_1
20383	10993	595.5774375	6200372_R_F_2
23139	10994	3789.1602375	6200579_G_F_2
16425	10995	1806.0483375	6201479_G_F_1
18789	10996	10742.9292375	6100786_R_F_2
23143	10997	4301.0349	6200570_R_F_1
17595	10998	3760.1862	6200392_G_F_4
17597	10999	614.8934625	6200391_R_F_1
17599	11000	2288.9489625	6200390_R_F_1
17601	11001	2218.1235375	6200390_R_F_2
17603	11002	5669.2533375	6200390_G_F_3
21673	11003	6847.5308625	6200652_R_F_2
21675	11004	3135.634725	6200652_G_F_1
19535	11005	151.3088625	6200339_R_F_1
19537	11006	676.060875	6200339_R_F_4
19539	11007	5984.7484125	6200339_G_F_1
19541	11008	4172.2614	6200339_G_F_2
21677	11009	972.239925	6200656_G_F_1
22871	11010	12.87735	6201535_R_F_2
18015	11011	6503.06175	6201399_G_F_2
23201	11012	3599.219325	6200659_R_F_1
17607	11013	0.0	6201370_R_F_1
17609	11014	856.343775	6201376_G_F_1
14011	11015	0.0	6200892_R_F_1
13219	11016	1158.9615	6100787_R_F_1
13221	11017	9909.120825	6100787_R_F_2
23203	11018	5698.227375	6200719_R_F_1
17619	11019	5946.1163625	6200028_G_F_2
17621	11020	1947.6991875	6200028_G_F_3
21929	11021	3489.76185	6201533_G_F_1
23483	11022	1432.6051875	6200623_G_F_2
15335	11023	6853.9695375	6200622_G_F_1
15337	11024	756.5443125	6200621_R_F_1
15339	11025	6168.25065	6200621_G_F_1
16497	11026	3364.2076875	6200152_R_F_1
14039	11027	7868.06085	6200095_R_F_1
14041	11028	3045.493275	6200096_G_F_2
13235	11029	5649.9373125	6201480_R_F_2
13237	11030	144.8701875	6201480_G_F_2
13239	11031	1255.541625	6201481_G_F_1
17343	11032	4857.9802875	6200580_G_F_3
13089	11033	4774.2775125	6200050_G_F_2
21603	11034	4069.2426	6201110_R_F_1
21605	11035	1767.4162875	6201110_G_F_1
17617	11036	11702.2918125	6200026_G_F_2
21227	11037	4239.8674875	6201130_R_F_1
21229	11038	1345.683075	6201130_G_F_2
21233	11039	6538.4744625	6201134_G_F_1
21609	11040	2250.3169125	6201118_R_F_1
13275	11041	1204.032225	6200533_R_F_1
13277	11042	7530.0304125	6200533_G_F_2
17031	11043	2095.7887125	6201434_G_F_1
13281	11044	16460.4726375	6200531_R_F_1
23399	11045	12961.052775	6200439_R_F_1
23401	11046	5769.0528	6200928_R_F_1
13285	11047	9921.998175	6200536_G_F_1
17037	11048	4957.77975	6201433_G_F_1
13287	11049	614.8934625	6200534_R_F_1
13289	11050	7021.3750875	6200534_G_F_1
21949	11051	1970.23455	6200921_R_F_1
23407	11052	13849.589925	6200434_R_F_2
23409	11053	6686.5639875	6200434_G_F_2
18373	11054	4845.1029375	6201000_G_F_1
22387	11055	2356.55505	6201348_R_F_1
13305	11056	11985.5935125	6201221_R_F_1
23443	11057	4397.615025	6201344_R_F_1
23445	11058	2160.1754625	6200696_G_F_1
23447	11059	7253.1673875	6200694_R_F_1
23449	11060	347.68845	6200693_G_F_2
15333	11061	0.0	6200627_R_F_1
14759	11062	4365.42165	6200324_R_F_2
14761	11063	4320.350925	6200325_R_F_1
14763	11064	1110.6714375	6200325_G_F_2
15713	11065	3232.21485	6200288_R_F_1
14765	11066	0.0	6200321_G_F_1
15725	11067	193.16025	6200287_R_F_1
13327	11068	0.0	6200286_G_F_1
13329	11069	7481.74035	6200283_R_F_1
13331	11070	19.316025	6200282_G_F_1
15957	11071	2517.521925	6200995_R_F_3
19775	11072	1265.1996375	6201504_R_F_1
15959	11073	6033.038475	6200997_R_F_3
19779	11074	6264.830775	6201509_R_F_1
15963	11075	7385.160225	6200443_R_F_1
15965	11076	4117.5326625	6200443_R_F_2
15967	11077	3290.162925	6200443_G_F_1
15969	11078	1168.6195125	6200443_G_F_2
15971	11079	8003.273025	6200441_R_F_1
18555	11080	3206.46015	6200520_R_F_4
19783	11081	3418.936425	6200108_R_F_1
12997	11082	2507.8639125	6200109_G_F_2
19787	11083	112.6768125	6200106_G_F_2
15341	11084	2343.6777	6200620_R_F_1
19789	11085	6074.8898625	6200103_G_F_1
13283	11086	981.8979375	6200537_R_F_1
18229	11087	5414.925675	6200212_G_F_2
18237	11088	0.0	6200211_R_F_1
18239	11089	5398.8289875	6200211_G_F_1
18241	11090	1152.522825	6200214_G_F_1
18243	11091	1162.1808375	6200743_R_F_1
18245	11092	1455.14055	6200743_R_F_2
18247	11093	3615.3160125	6200743_G_F_1
18249	11094	4429.8084	6200743_G_F_2
17093	11095	10681.761825	6200749_R_F_1
19777	11096	1554.9400125	6201507_R_F_1
13663	11097	2993.983875	6100819_G_F_3
21901	11098	1336.0250625	6200206_G_F_1
21903	11099	5408.487	6200206_G_F_3
22967	11100	663.183525	6200201_R_F_2
21907	11101	9741.715275	6200751_R_F_1
21425	11102	14377.561275	6200454_R_F_1
21427	11103	13482.58545	6200454_G_F_1
21429	11104	2990.7645375	6200455_R_F_1
21431	11105	5672.472675	6200455_R_F_2
14187	11106	3480.1038375	6201268_G_F_1
14189	11107	3769.8442125	6201260_R_F_1
14191	11108	9194.4279	6201260_G_F_2
14193	11109	2272.852275	6201260_G_F_3
14195	11110	3650.728725	6201261_G_F_2
14197	11111	2076.4726875	6201261_G_F_3
14199	11112	11145.346425	6201262_G_F_1
14201	11113	5392.3903125	6201264_R_F_2
14203	11114	5035.04385	6201267_R_F_1
14205	11115	1139.645475	6200793_R_F_1
14207	11116	10404.8988	6200793_G_F_1
21433	11117	3979.10115	6200456_R_F_2
21435	11118	13340.9346	6200456_G_F_1
14209	11119	6145.7152875	6200791_R_F_1
14211	11120	260.7663375	6200790_R_F_1
14213	11121	2420.9418	6200790_G_F_1
20513	11122	13839.9319125	6201548_R_F_1
20515	11123	6445.113675	6201548_G_F_1
21437	11124	1020.5299875	6200457_R_F_1
17797	11125	2462.7931875	6200565_G_F_1
18439	11126	0.0	6100820_G_F_2
18441	11127	154.5282	6100821_G_F_2
22691	11128	1719.126225	6200384_G_F_1
22723	11129	3232.21485	6200385_R_F_2
22725	11130	7845.5254875	6200385_G_F_2
23697	11131	5666.034	6200386_R_F_1
23699	11132	392.759175	6200386_G_F_2
23701	11133	1078.4780625	6200386_G_F_3
23705	11134	3212.898825	6200382_R_F_1
23707	11135	5546.9185125	6200382_G_F_1
23709	11136	2369.4324	6200382_G_F_2
23711	11137	402.4171875	6200383_G_F_1
16579	11138	222.1342875	6201318_G_F_1
16581	11139	1461.579225	6201319_G_F_1
22059	11140	7745.726025	6201386_R_F_1
22539	11141	4996.4118	6201384_R_F_1
23737	11142	7700.6553	6201383_R_F_1
23739	11143	547.287375	6201383_G_F_2
23741	11144	1883.3124375	6201382_G_F_1
19159	11145	920.730525	6200310_R_F_2
19161	11146	1802.829	6200310_G_F_1
14283	11147	6168.25065	6200137_R_F_1
14285	11148	28.9740375	6200137_G_F_1
14287	11149	618.1128	6200135_G_F_1
14289	11150	598.796775	6200135_G_F_2
14291	11151	3464.00715	6200133_G_F_1
14293	11152	6985.962375	6200132_G_F_1
22949	11153	16701.92295	6200030_R_F_1
21671	11154	2440.257825	6201301_G_F_1
21439	11155	10939.308825	6200453_R_F_1
21441	11156	2070.0340125	6200453_G_F_1
20585	11157	7243.509375	6200142_G_F_1
20587	11158	3389.9623875	6200140_R_F_1
20589	11159	0.0	6200637_R_F_1
20591	11160	4001.6365125	6200637_R_F_2
20603	11161	0.0	6200638_R_F_1
15613	11162	4639.0653375	6201552_R_F_1
20017	11163	585.919425	6200350_R_F_2
18017	11164	3737.6508375	6201396_G_F_1
18019	11165	3032.615925	6201396_G_F_2
18021	11166	389.5398375	6201396_G_F_3
17175	11167	1110.6714375	6200911_G_F_1
17177	11168	727.570275	6200914_G_F_1
21417	11169	7304.6767875	6200458_R_F_1
21419	11170	6470.868375	6200458_G_F_2
18565	11171	4822.567575	6201213_G_F_1
21231	11172	9825.41805	6201133_R_F_3
18567	11173	4754.9614875	6201215_G_F_1
21421	11174	3328.794975	6200988_R_F_1
18569	11175	4127.190675	6201216_R_F_1
18571	11176	5740.0787625	6201219_G_F_1
18573	11177	2945.6938125	6201218_R_F_1
23869	11178	8576.3151	6201450_G_F_1
23871	11179	1397.192475	6201450_G_F_2
17187	11180	1345.683075	6201354_R_F_1
20511	11181	2575.47	6201547_R_F_1
23881	11182	10585.1817	6200986_G_F_1
23883	11183	10272.9059625	6200987_R_F_2
23885	11184	83.702775	6200987_G_F_1
21755	11185	4169.0420625	6201101_G_F_2
20011	11186	32.193375	6200353_R_F_1
20013	11187	740.447625	6200353_R_F_2
20015	11188	688.938225	6200353_G_F_2
20019	11189	1200.8128875	6200355_G_F_3
23937	11190	2778.2882625	6200599_R_F_1
21601	11191	679.2802125	6201112_R_F_1
16105	11192	16344.5764875	6201454_R_F_1
16107	11193	10292.2219875	6201453_R_F_1
16109	11194	80.4834375	6201452_G_F_2
21761	11195	3077.68665	6201109_G_F_1
23715	11196	2224.5622125	6200598_R_F_1
14903	11197	8676.1145625	6201510_G_F_3
22575	11198	2301.8263125	6201898_G_F_1
14479	11199	412.0752	6201896_R_F_1
14481	11200	9242.7179625	6201896_G_F_1
14483	11201	209.2569375	6201895_R_F_1
12649	11202	0.0	6201816_G_F_1
12655	11203	3274.0662375	6201818_G_F_3
15359	11204	11286.997275	6201568_R_F_2
15243	11205	9522.800325	6201759_G_F_1
15247	11206	6499.8424125	6201755_R_F_1
15249	11207	8978.7322875	6201755_G_F_1
15251	11208	283.3017	6201756_G_F_2
15253	11209	7311.1154625	6201757_R_F_2
15365	11210	12445.958775	6201567_R_F_2
15367	11211	5250.7394625	6201567_G_F_1
20219	11212	7488.179025	6201565_R_F_1
21983	11213	1194.3742125	6201646_G_F_1
12703	11214	96.580125	6201978_G_F_2
12705	11215	1571.0367	6201602_G_F_1
12707	11216	0.0	6201603_R_F_1
12709	11217	5054.359875	6201977_G_F_2
12711	11218	3650.728725	6201972_G_F_2
23609	11219	9439.09755	6201682_R_F_1
23611	11220	2469.2318625	6201682_G_F_1
15263	11221	923.9498625	6201579_R_F_1
23615	11222	2491.767225	6201680_G_F_1
23617	11223	4886.954325	6201681_R_F_2
23619	11224	4970.6571	6201684_G_F_2
15265	11225	6747.7314	6201572_G_F_2
20509	11226	6767.047425	6201762_R_F_1
12977	11227	466.8039375	6201974_G_F_3
19319	11228	824.1504	6201780_G_F_1
19321	11229	7208.0966625	6201784_R_F_1
19323	11230	4123.9713375	6201784_G_F_1
15595	11231	447.4879125	6201776_R_F_1
15597	11232	10221.3965625	6201774_G_F_1
13193	11233	11995.251525	6201835_R_F_1
23613	11234	11860.03935	6201683_R_F_1
15205	11235	183.5022375	6201838_R_F_1
15207	11236	4407.2730375	6201838_G_F_1
15605	11237	4175.4807375	6201779_G_F_1
20211	11238	4249.5255	6201569_R_F_1
16705	11239	1683.7135125	6201678_R_F_2
16707	11240	8109.5111625	6201677_R_F_1
16709	11241	579.48075	6201676_R_F_1
16711	11242	894.975825	6201671_R_F_2
16713	11243	3795.5989125	6201671_G_F_2
16715	11244	669.6222	6201671_G_F_4
16717	11245	3386.74305	6201670_R_F_2
14529	11246	0.0	6201798_G_F_1
14531	11247	782.2990125	6201796_G_F_2
13225	11248	4883.7349875	6201952_G_F_1
13227	11249	4648.72335	6201953_G_F_1
13229	11250	5067.237225	6201950_G_F_1
18449	11251	7616.952525	6201826_R_F_3
18451	11252	5479.312425	6201826_G_F_2
18453	11253	2636.6374125	6201824_G_F_2
18455	11254	2466.012525	6201825_R_F_3
16261	11255	1496.9919375	6201820_G_F_3
18457	11256	2202.02685	6201821_R_F_5
18459	11257	3045.493275	6201821_G_F_3
22535	11258	64.38675	6201664_G_F_2
15903	11259	5437.4610375	6201710_R_F_1
15905	11260	3612.096675	6201711_R_F_1
15907	11261	7121.17455	6201714_R_F_1
15909	11262	3399.6204	6201714_G_F_2
15911	11263	5891.387625	6201715_G_F_1
15913	11264	1117.1101125	6201717_R_F_2
15915	11265	4439.4664125	6201718_G_F_2
15241	11266	3209.6794875	6201758_G_F_1
17315	11267	1709.4682125	6201635_R_F_1
13713	11268	6107.0832375	6201936_R_F_1
13715	11269	6177.9086625	6201936_G_F_1
23803	11270	4812.9095625	6201647_R_F_2
23805	11271	4809.690225	6201644_R_F_3
23807	11272	7826.2094625	6201643_R_F_1
21985	11273	3106.6606875	6201641_G_F_1
21987	11274	376.6624875	6201641_G_F_3
21363	11275	6007.283775	6201721_R_F_2
21365	11276	186.721575	6201721_R_F_3
21367	11277	1381.0957875	6201721_R_F_6
21369	11278	7703.8746375	6201721_G_F_2
21371	11279	1574.2560375	6201723_R_F_2
14105	11280	247.8889875	6201871_R_F_4
14107	11281	5311.906875	6201870_G_F_1
20157	11282	621.3321375	6201985_G_F_1
20159	11283	1097.7940875	6201984_G_F_3
17305	11284	3093.7833375	6201631_R_F_1
17307	11285	2053.937325	6201631_R_F_2
20165	11286	0.0	6201981_R_F_2
20167	11287	3521.955225	6201981_R_F_4
17309	11288	1899.409125	6201636_R_F_1
17311	11289	2140.8594375	6201636_R_F_2
17313	11290	54.7287375	6201636_G_F_4
17879	11291	1548.5013375	6201983_R_F_1
21391	11292	8025.8083875	6201580_R_F_2
21393	11293	2182.710825	6201580_G_F_2
17317	11294	1516.3079625	6201638_R_F_1
17301	11295	1129.9874625	6201632_R_F_1
17303	11296	83.702775	6201632_R_F_3
20161	11297	3248.3115375	6201987_R_F_1
20163	11298	4371.860325	6201987_R_F_2
19225	11299	13270.109175	6201866_R_F_1
19227	11300	9204.0859125	6201867_G_F_1
19229	11301	9055.9963875	6201864_R_F_3
19231	11302	8338.084125	6201864_G_F_1
19233	11303	11544.544275	6201868_R_F_1
22093	11304	8775.914025	6201992_R_F_1
22095	11305	5311.906875	6201992_G_F_1
22103	11306	4310.6929125	6201997_G_F_1
23029	11307	9542.11635	6201994_R_F_2
15599	11308	5878.510275	6201771_R_F_2
15601	11309	5653.15665	6201771_G_F_1
15603	11310	8376.716175	6201771_G_F_2
13765	11311	3193.5828	6202001_R_F_4
13767	11312	4284.9382125	6202001_G_F_1
13769	11313	9001.26765	6202000_R_F_1
