####
#
# OBJ File Generated by Meshlab
#
####
# Object Volume_058.obj
#
# Vertices: 2284
# Faces: 4594
#
####
v 202.154037 77.937210 136.223724
v 191.438446 71.611465 133.391190
v 201.396011 77.935982 119.290192
v 187.059082 74.507347 119.762611
v 206.216019 80.009529 122.659477
v 176.740280 81.166435 124.236786
v 208.838745 86.223763 126.942596
v 201.286774 68.502495 122.004265
v 93.173134 75.887039 117.527008
v 198.052521 92.297806 130.868027
v 207.715195 84.004280 123.531982
v 180.206390 81.967697 129.308426
v 97.831924 69.192780 120.079903
v 96.270569 66.885246 122.489548
v 195.780960 67.251724 133.564240
v 191.916031 88.192780 131.548523
v 75.972313 66.576248 125.840454
v 109.270706 73.798126 123.366623
v 193.982437 71.839508 134.770370
v 200.939804 93.124512 129.877228
v 175.790283 71.858063 127.013695
v 179.285294 92.475861 122.166191
v 96.976044 82.035866 131.404327
v 191.922455 94.346130 117.597733
v 87.049248 65.282143 122.674011
v 83.217903 67.901031 121.051147
v 181.976028 100.440399 126.322319
v 87.814995 93.999054 128.291214
v 86.761208 102.799263 120.502365
v 210.559631 73.686493 129.224991
v 202.174744 64.995850 132.664261
v 210.137405 75.915932 132.763489
v 195.496063 103.731018 120.821037
v 191.926834 82.040054 117.628143
v 78.905220 77.918434 121.119858
v 180.570480 96.387413 121.596237
v 198.136520 100.456345 118.820000
v 187.984558 69.105515 126.255791
v 183.124802 102.544922 120.004700
v 85.091087 100.512253 120.597824
v 175.015823 77.473778 129.841415
v 181.933914 96.362015 120.901108
v 87.052307 66.531563 120.711983
v 91.070755 71.779732 134.381622
v 91.071846 65.750977 132.821930
v 209.799057 69.741348 129.493942
v 208.327881 71.754349 133.676285
v 86.584778 75.876587 136.018204
v 198.080475 66.428810 123.306633
v 209.242706 73.842056 125.404007
v 95.930351 75.884621 117.950043
v 201.360565 95.259315 128.100967
v 87.422913 100.399582 118.167931
v 84.074661 88.174141 118.063385
v 205.493713 91.784348 123.322769
v 83.284340 64.687912 123.752480
v 181.450607 73.829826 122.494308
v 205.568680 65.351395 132.449280
v 94.836479 86.145630 117.865364
v 191.932632 75.890549 117.675034
v 181.964218 71.883347 131.078720
v 184.261459 70.360008 130.428192
v 83.968536 96.781479 119.718559
v 94.930962 84.090233 131.471634
v 93.020897 65.593590 131.556900
v 74.575203 71.739632 124.433167
v 87.021645 75.887047 117.524384
v 105.175201 75.883598 122.599396
v 105.166473 80.009079 123.004967
v 205.042053 84.097992 122.038490
v 180.327957 105.116402 122.906013
v 203.213226 78.979584 136.029709
v 196.016693 84.090981 117.515137
v 78.249283 73.726158 122.145378
v 72.994995 71.793892 127.014870
v 101.069557 102.803856 125.424217
v 99.089554 92.260948 129.105606
v 190.076920 67.890915 129.450226
v 107.395859 73.816338 122.956505
v 183.526871 94.362404 129.484390
v 74.036865 81.667206 126.233009
v 204.588715 92.311958 122.602715
v 80.820251 82.187035 133.579132
v 93.172920 88.191467 131.416260
v 87.065353 77.930664 135.458252
v 202.189911 73.812767 135.553574
v 81.623878 83.950737 119.328568
v 75.253555 73.752724 134.115509
v 111.174835 71.959473 123.998817
v 181.989685 79.973518 131.189056
v 208.029633 85.880157 131.016800
v 96.879852 98.449890 117.929222
v 76.633354 79.986328 122.324928
v 186.366882 88.277344 119.328987
v 190.048813 84.162727 117.918053
v 179.815796 77.875755 122.681259
v 196.566284 102.821480 122.188599
v 180.051819 100.226463 125.775818
v 200.570236 77.939819 118.550102
v 202.146240 92.306450 120.576523
v 103.525307 82.148933 127.868568
v 115.060104 74.148026 124.589996
v 104.351860 88.166313 123.445595
v 196.289154 68.149368 134.348587
v 191.915100 90.243195 131.473099
v 111.197647 70.399414 129.771729
v 202.214661 64.153839 129.205002
v 208.246399 69.771782 133.257629
v 82.390198 90.943642 127.979836
v 76.837158 75.820435 122.449745
v 102.279129 104.816475 122.005623
v 202.198502 65.595177 124.402039
v 177.439758 94.616463 122.770752
v 193.674576 95.624062 130.073700
v 190.463730 70.075020 119.770630
v 186.585648 86.101051 119.333229
v 81.297028 70.139763 121.537834
v 100.429001 92.303146 128.385498
v 89.342491 101.725693 125.753525
v 83.942261 74.006836 118.048988
v 96.706268 66.523285 127.697426
v 94.929878 102.547958 117.576012
v 116.071938 74.613914 125.773567
v 91.427238 65.206436 124.490601
v 101.106972 94.346802 120.948326
v 201.913422 91.569870 130.516037
v 91.123024 79.989029 117.502296
v 85.051704 62.348904 127.189857
v 195.980392 66.116882 124.684326
v 193.966080 79.989029 117.514977
v 79.334686 83.174164 132.302216
v 87.021767 86.142029 117.527145
v 80.178001 71.024170 121.941063
v 204.851761 79.875160 122.026299
v 181.922256 90.283722 121.141396
v 95.825455 89.158463 118.009331
v 198.045181 88.234749 131.778870
v 94.912773 98.638466 127.205414
v 94.254478 68.948425 118.197861
v 97.148422 67.842659 120.740257
v 175.586044 78.461349 129.071228
v 91.064461 65.673866 122.904312
v 100.883537 77.874939 121.258430
v 186.080627 102.269394 125.969780
v 174.602295 79.107956 126.127174
v 181.176483 77.939102 122.173195
v 181.244858 84.060432 129.288742
v 202.052750 94.168198 128.725952
v 101.011406 105.112541 122.112671
v 76.710945 73.803123 122.884789
v 203.648697 90.247978 121.474152
v 203.958710 84.091957 121.449043
v 115.059311 74.810707 128.504272
v 97.007401 73.837135 118.473404
v 89.307037 103.383217 124.126244
v 86.995514 69.752373 135.251816
v 79.069725 62.675079 130.987579
v 80.792610 92.284897 120.862907
v 94.869614 90.214439 131.123810
v 84.988503 84.981796 132.031952
v 188.101761 94.379822 130.908005
v 179.984756 94.334297 126.851295
v 89.072044 79.989044 117.500008
v 180.063461 104.827263 123.541054
v 102.615150 100.794960 121.499611
v 188.080597 71.771057 131.696915
v 208.779175 77.961639 124.502403
v 92.934967 64.700783 129.461060
v 74.320854 69.642982 133.402664
v 94.898468 79.955795 131.891022
v 89.109940 103.721153 118.269127
v 178.029999 79.443039 129.558380
v 210.776184 77.927589 130.518311
v 193.966125 84.091003 117.515747
v 199.693024 100.049187 124.612114
v 194.627258 68.646561 134.034546
v 90.721397 92.579063 131.207138
v 94.948685 94.624992 129.311554
v 108.984344 70.942474 124.050797
v 200.209442 64.887108 132.651016
v 183.955185 73.882454 121.189606
v 192.563126 66.709999 129.464676
v 200.453384 90.319748 118.824211
v 82.059883 97.709892 121.611443
v 82.233406 92.382812 119.952042
v 182.243073 101.767052 125.880493
v 110.677658 76.804344 125.333519
v 101.432053 69.219780 122.607788
v 103.887955 78.607506 129.972214
v 78.097603 91.379776 124.298424
v 100.852837 68.098000 129.171844
v 208.009293 69.898476 125.213615
v 207.335861 66.678444 127.229942
v 94.942154 92.156952 130.724625
v 93.706894 105.607910 118.624001
v 73.695053 79.860558 126.775162
v 94.713341 69.812111 117.975677
v 72.709587 69.676140 131.351898
v 91.122902 96.397095 117.500313
v 92.828392 64.869522 127.822891
v 92.642700 64.901398 130.798859
v 101.979431 104.909782 121.382690
v 172.430573 74.562202 124.162430
v 184.266174 98.467850 119.471184
v 186.189392 94.327553 130.885635
v 191.927780 77.938210 117.634270
v 91.123337 95.483009 128.451447
v 209.936554 77.850525 132.554153
v 202.615448 84.092392 120.425735
v 79.434097 62.910252 127.972137
v 189.385773 71.575844 132.062439
v 89.189537 75.887680 135.088379
v 97.199753 77.887932 118.719353
v 102.380684 80.644745 121.822922
v 78.842506 67.708237 134.785934
v 205.450623 89.281448 130.378159
v 102.385704 90.244873 121.768982
v 93.166702 86.142220 117.602180
v 93.048187 65.708015 124.547264
v 87.015587 67.641533 134.882996
v 179.964859 96.402519 126.493874
v 91.123741 100.498322 117.536667
v 206.238113 82.041107 122.594109
v 186.084442 90.241028 131.255402
v 102.610542 102.535042 121.375893
v 204.360794 73.797203 135.121902
v 92.117172 105.074532 118.157944
v 197.524185 102.001953 122.996758
v 199.602798 86.121468 118.075928
v 205.804901 92.134293 126.952209
v 199.335312 75.100708 135.816025
v 97.323517 104.900681 123.525169
v 198.672607 101.058472 124.019844
v 95.481567 69.521980 118.465279
v 83.868805 91.301270 128.257446
v 76.809082 67.684052 134.339813
v 112.907867 71.089485 124.907402
v 78.906578 84.110558 121.113396
v 78.676430 71.653816 122.514603
v 206.614990 69.595245 133.940460
v 208.652878 67.603165 129.510742
v 190.165665 68.451141 122.694016
v 84.860016 81.502045 134.231766
v 90.979088 94.324974 129.320587
v 210.306793 70.586395 131.810150
v 196.014267 94.345184 117.556519
v 81.901497 97.624153 123.798340
v 111.153465 70.879059 124.832695
v 184.048569 86.192589 130.961929
v 83.062958 98.382217 121.064522
v 183.138901 88.182701 130.221756
v 198.802994 65.033127 132.433670
v 180.363647 86.155357 121.906509
v 191.749298 103.365738 125.668175
v 203.457642 76.647743 135.941116
v 179.019714 95.506958 125.878693
v 202.620987 82.039062 120.420128
v 117.012276 74.640839 128.083466
v 204.085388 67.735497 123.340622
v 196.483276 104.789513 119.630592
v 96.871895 104.127762 124.649216
v 94.881294 88.200630 117.793518
v 177.841293 71.704010 126.717484
v 79.942032 95.602531 122.642029
v 179.285385 104.496162 123.266617
v 203.264481 75.191566 121.703522
v 195.647156 101.594559 125.875351
v 200.952911 71.458389 120.429962
v 93.252960 104.778305 122.756302
v 189.176315 72.916847 132.183899
v 96.966217 88.192093 130.807205
v 105.416817 85.516640 124.320091
v 103.224014 84.239998 127.692558
v 178.814926 90.418922 123.138069
v 178.116287 71.075546 127.966736
v 78.823128 88.183609 121.563103
v 83.231102 90.303787 118.832611
v 196.016708 79.989021 117.515099
v 180.100143 79.839073 130.628433
v 93.108543 67.670891 119.076820
v 112.902252 75.508141 125.035294
v 104.082336 103.194801 124.157829
v 193.981491 80.050690 134.874771
v 190.295822 71.910469 132.722183
v 98.004288 105.211670 118.300880
v 196.016769 75.887001 117.514763
v 72.281425 71.778854 130.813828
v 82.651176 86.197762 118.763504
v 80.863869 65.826233 134.627243
v 209.825302 82.015602 131.287216
v 208.068207 67.932625 132.670822
v 114.085167 73.134354 130.051407
v 91.225342 104.647346 118.720207
v 188.086761 102.521156 117.673149
v 73.535751 69.899078 132.660797
v 89.112297 69.787567 134.815079
v 175.540771 78.872818 127.644295
v 82.810318 88.350449 129.525406
v 177.919067 77.916985 130.693298
v 198.548859 100.332680 120.741623
v 206.858383 89.534698 123.463020
v 92.869110 105.185829 120.495934
v 75.528343 72.040359 123.830643
v 76.096748 67.002754 133.680664
v 200.209824 92.290482 118.865837
v 99.093376 90.119400 129.298187
v 104.430466 94.313522 124.559952
v 73.684288 68.290222 127.479591
v 78.778732 92.338936 124.837860
v 111.157585 76.034477 129.081390
v 105.812401 81.950333 125.336250
v 180.123001 92.174484 121.756355
v 193.966232 82.040031 117.518394
v 191.898865 104.258324 117.771362
v 191.904663 86.155968 131.701736
v 96.071228 66.650375 130.399170
v 181.863541 98.442741 120.843147
v 85.820152 101.991676 122.627457
v 89.072853 96.384705 127.657372
v 196.667679 104.102692 118.332420
v 192.069656 81.920418 132.866928
v 96.983543 96.622849 127.966110
v 184.018387 71.844879 131.170135
v 187.108475 70.814941 121.354004
v 208.885727 68.808334 127.204453
v 196.036423 79.974060 135.369217
v 86.728943 90.448753 129.668533
v 203.329071 93.685074 128.158997
v 202.169067 88.232475 131.665924
v 202.331909 92.762909 129.529724
v 88.876900 79.229675 134.274368
v 90.972519 63.829227 129.482422
v 181.954559 77.939316 131.393677
v 196.730896 65.064308 127.607613
v 198.039764 73.838921 117.707260
v 78.877205 73.819458 135.229950
v 94.929428 102.419220 126.080460
v 171.083374 77.323898 124.857155
v 73.389442 69.699615 127.050232
v 204.827591 90.777893 129.575577
v 189.866943 102.550476 117.582245
v 78.916946 81.968002 133.204239
v 202.067581 94.278847 120.987747
v 202.188797 71.765068 135.189972
v 79.610855 64.748825 134.000122
v 96.956024 102.405014 126.049377
v 87.021408 79.989029 117.519447
v 112.262306 76.504059 126.641640
v 182.001434 92.285248 121.024254
v 210.818741 73.846375 131.506836
v 198.944962 70.895409 118.346947
v 186.042084 75.886597 131.648239
v 98.954048 105.249069 122.539276
v 85.710281 68.792534 118.396843
v 181.955750 73.840401 131.400848
v 210.689667 77.927010 131.378159
v 175.926544 77.847176 130.233429
v 202.222519 90.238617 130.969193
v 195.392822 65.236450 131.342880
v 178.535629 78.992630 130.329163
v 180.147781 98.404610 126.175850
v 80.117165 95.378967 122.065773
v 187.227478 101.945801 118.001335
v 96.960594 104.266495 117.828796
v 80.888962 81.297295 134.195160
v 75.915680 85.734238 126.144485
v 89.072014 90.244049 117.505013
v 76.915382 87.986366 124.706230
v 192.671463 66.812775 127.610344
v 201.500534 88.193085 119.575554
v 207.278915 72.442711 134.101410
v 106.664383 69.230721 129.905701
v 189.385300 77.941002 118.232346
v 75.276985 69.818123 134.071457
v 179.774216 83.962471 127.414169
v 204.750351 88.199524 122.006790
v 191.102112 82.749847 132.167221
v 89.303391 63.476940 131.781555
v 188.133728 104.296013 117.763100
v 96.930763 66.546196 129.332855
v 191.923172 86.142334 117.611755
v 201.711349 98.123413 124.572105
v 200.130020 79.589874 136.094315
v 80.510040 75.818542 120.346733
v 89.072052 82.040031 117.500031
v 201.324966 97.588943 125.901428
v 72.669113 73.749741 131.180145
v 201.414169 84.090790 119.272438
v 186.064789 106.126839 120.573952
v 77.203278 87.802429 126.446754
v 85.087311 91.631851 128.444290
v 191.928085 100.493668 127.015160
v 181.954346 75.887383 131.450272
v 191.926422 79.989044 117.627213
v 84.779778 98.702377 125.306534
v 210.698792 75.886757 129.493759
v 111.163963 75.183662 129.925659
v 82.964523 94.230057 126.649933
v 103.358124 100.397232 122.270950
v 183.220856 97.152161 127.874489
v 89.072014 75.887032 117.499992
v 202.537506 77.921059 120.529152
v 196.222610 94.972054 129.916168
v 77.555344 76.851028 121.886215
v 80.470657 81.971703 120.120239
v 84.486893 98.617088 119.973930
v 203.852859 80.096390 121.446304
v 107.054276 69.965134 130.275986
v 103.257858 98.446693 122.292725
v 97.732712 92.334618 129.694290
v 103.418823 68.809906 126.196503
v 197.946259 96.331024 117.990799
v 210.588394 71.535812 130.976074
v 185.201767 86.135620 120.058678
v 175.800339 73.839905 130.398209
v 186.384491 82.040756 119.559349
v 100.859184 69.850800 121.447212
v 95.745560 71.210854 118.142365
v 96.595558 75.563957 132.257782
v 73.662872 72.077896 125.334946
v 207.315979 72.009972 123.993736
v 196.016769 77.938004 117.515114
v 102.550163 79.134491 130.445297
v 180.926071 105.061691 122.067978
v 107.161819 75.798882 130.478607
v 99.948540 84.695358 130.034241
v 205.239883 66.685501 124.258652
v 88.665306 83.142311 132.369507
v 184.003616 75.887009 131.515701
v 103.184731 90.244705 127.054214
v 193.651688 66.811615 124.680038
v 195.881119 84.248932 133.310287
v 185.255417 82.039459 120.129051
v 191.924820 84.091606 117.618980
v 185.497971 77.888924 120.129356
v 87.269470 102.215080 124.520966
v 180.072205 73.897247 123.335144
v 85.067375 82.289139 133.684158
v 112.099747 70.626839 129.716522
v 180.008148 90.251465 121.846260
v 174.280167 78.858734 124.344444
v 195.963058 97.689346 128.222122
v 193.904282 94.227554 130.707672
v 206.192169 90.208900 123.140816
v 97.247017 66.913750 126.517868
v 79.824577 63.005337 132.293472
v 209.324905 68.647003 129.525040
v 203.960770 82.038963 121.447014
v 99.013008 79.972610 131.284119
v 208.609543 67.498215 131.241333
v 86.889565 102.454979 118.995560
v 102.988129 102.688713 125.292564
v 84.358009 92.252457 118.310570
v 205.035263 93.452538 125.904541
v 193.966187 94.346008 117.515923
v 98.946526 67.254906 129.252853
v 78.715607 79.992096 121.164253
v 201.527023 69.744621 121.571274
v 199.157715 99.471046 125.922905
v 91.122910 82.039993 117.512390
v 85.402817 69.912811 118.116348
v 103.180458 71.854065 122.081909
v 90.788292 92.630409 131.198837
v 104.751907 83.967247 126.299759
v 82.594200 84.189148 118.657280
v 94.949043 73.830971 132.953979
v 197.015411 102.082275 120.785278
v 89.105049 102.500984 117.892975
v 98.426941 92.849457 119.500000
v 83.705429 77.942734 118.023285
v 89.026932 104.090935 118.801888
v 189.827774 97.871483 128.518814
v 186.081131 100.515137 118.552483
v 91.224602 67.563660 133.686005
v 179.809341 80.012665 122.665588
v 188.339828 88.196785 118.420898
v 72.567711 69.764961 129.061340
v 91.123016 73.835938 117.499977
v 106.522041 79.498154 123.839470
v 91.089294 66.553535 120.743179
v 177.837524 75.891983 123.406693
v 174.555832 72.737915 124.754112
v 82.867912 63.978760 124.666878
v 80.864365 62.334763 131.305893
v 200.131073 69.749123 135.048431
v 96.234329 94.384033 117.979187
v 111.331841 76.076820 124.753937
v 191.915421 100.499252 117.522774
v 191.787659 67.367859 126.674377
v 114.257782 71.358681 124.999031
v 196.016739 82.040024 117.515114
v 97.662140 96.416351 118.348114
v 75.335114 68.004692 125.460602
v 97.082474 71.759743 118.745811
v 189.354156 79.993080 118.187263
v 84.167976 89.863213 118.096619
v 183.965897 98.483131 127.521667
v 83.761238 69.888603 119.369102
v 117.994904 74.574852 127.765137
v 91.119720 86.146835 131.531754
v 204.704010 92.867165 127.577362
v 202.407379 69.709198 122.117249
v 84.986549 62.942600 125.952682
v 98.290726 70.451317 119.768280
v 89.075020 65.527000 133.653244
v 87.563271 103.501404 120.700714
v 93.165932 84.091026 117.608994
v 105.104980 75.804657 130.947266
v 81.957146 72.918297 119.915070
v 109.286591 73.823837 130.491043
v 91.880363 69.727058 133.891342
v 185.228012 106.115051 118.783669
v 177.768753 103.069000 123.838638
v 173.814285 77.834717 123.908348
v 98.377190 77.886406 119.576584
v 189.960983 90.243889 117.894318
v 114.645927 71.055893 127.367821
v 88.745857 95.235916 128.022141
v 191.922318 88.192932 117.603020
v 181.957733 104.064644 124.653564
v 82.867966 77.968376 135.703766
v 73.533119 71.793404 132.899628
v 81.236298 93.976227 125.966019
v 89.069763 66.403702 120.839592
v 86.987297 63.816536 124.780602
v 198.097107 83.193153 134.587936
v 202.174988 86.170769 132.551163
v 182.481033 92.314186 129.049713
v 91.111984 64.297455 127.066788
v 83.031281 81.531204 134.217377
v 86.776581 62.556255 127.184952
v 209.773483 79.796417 132.355148
v 181.924606 86.141754 121.338867
v 85.519493 94.267967 118.123108
v 174.061325 79.145836 124.957611
v 201.243195 76.103004 119.250114
v 195.864304 104.973198 119.777344
v 80.842407 67.691727 135.066971
v 101.921524 88.236267 127.945007
v 96.901207 103.106728 125.624672
v 90.530022 64.792969 124.926239
v 103.054756 73.853119 121.964485
v 208.326355 71.776962 124.775467
v 202.106018 69.799080 134.863251
v 191.487808 80.178894 133.298096
v 109.213776 70.218506 129.796860
v 203.724152 77.929611 136.010056
v 205.029739 82.834549 133.893463
v 96.953468 84.073303 131.240707
v 87.030022 92.294952 117.626572
v 189.724960 105.859398 118.109253
v 101.577034 82.198685 129.566025
v 103.316528 84.087181 122.235420
v 191.992065 67.611664 122.857422
v 73.895889 66.472069 130.698486
v 182.491653 94.313698 128.703293
v 82.790695 82.337555 133.711090
v 177.830582 72.602379 125.462486
v 184.297638 92.262596 130.521011
v 210.429199 80.138985 129.422897
v 84.961754 77.637856 136.033127
v 190.128067 68.473480 130.781784
v 190.037186 68.066589 127.076698
v 99.034660 104.270424 118.496223
v 77.631248 86.137802 121.962234
v 187.084259 103.003433 117.939064
v 73.749016 79.510010 129.394043
v 188.105057 75.859734 119.001976
v 185.012802 94.956886 130.398575
v 204.609818 78.040337 135.586731
v 101.086243 73.836487 131.548309
v 94.829620 68.032906 119.128868
v 203.384003 95.912750 124.744164
v 84.599693 94.404030 118.642815
v 184.392365 72.614975 121.553032
v 186.017395 103.175789 125.521385
v 76.847145 71.842018 123.230453
v 115.354340 71.388618 126.597160
v 101.015747 90.262047 121.064583
v 196.010345 96.393921 117.609741
v 199.993546 92.123238 130.638977
v 171.336884 73.761719 128.605896
v 182.023544 105.560928 122.749802
v 107.046104 70.845818 123.672218
v 196.010513 77.937172 135.582855
v 196.558990 82.832230 134.539291
v 196.016159 92.294945 117.526947
v 79.790497 72.465950 121.682541
v 192.396408 77.817703 134.507858
v 183.913315 92.149170 120.137657
v 181.456253 94.363922 127.854469
v 98.944069 81.993484 131.052917
v 92.971062 71.780991 133.664795
v 196.044708 71.811066 135.211349
v 183.381592 96.203133 120.097084
v 91.121994 69.769562 117.727081
v 83.041832 90.113602 128.638992
v 88.938431 64.144882 132.725754
v 103.177910 68.477264 129.273422
v 197.875290 86.989929 132.085938
v 74.433060 65.707703 129.075439
v 88.943527 77.895966 134.794098
v 99.059288 103.100212 125.431557
v 107.237259 69.267220 127.203392
v 197.800644 102.363411 119.070885
v 198.044144 75.825684 135.871185
v 89.063820 63.472580 126.995033
v 200.659317 98.750137 125.260864
v 94.933594 103.162636 125.663353
v 96.938858 67.742943 130.893066
v 209.414459 77.942596 125.372704
v 208.423340 77.926590 133.674408
v 185.513351 70.658272 124.721725
v 204.113495 94.238716 126.897324
v 186.571091 70.585655 122.598755
v 72.491806 74.835075 129.962402
v 193.786926 104.015594 124.444862
v 73.064186 75.882248 127.051834
v 179.841522 82.002892 122.485756
v 93.162170 66.708549 120.679642
v 77.967720 84.954170 129.879608
v 194.575943 81.442375 134.551697
v 94.939545 100.534798 126.677582
v 184.091522 105.747780 122.776550
v 82.112869 76.695580 135.773636
v 81.813232 89.101120 119.825294
v 206.391800 67.630898 124.551140
v 83.524559 87.234276 130.387375
v 77.325134 85.715622 128.636307
v 93.193344 104.262405 117.786270
v 171.861282 73.864418 128.947861
v 190.052200 77.905365 132.868637
v 200.091736 67.370979 122.432770
v 188.092789 82.042336 131.660263
v 76.643768 77.938499 122.333183
v 204.145370 66.521385 123.952324
v 73.991280 70.546066 125.424911
v 202.603989 79.985466 120.448334
v 116.760033 72.771919 128.296616
v 176.498291 71.329468 129.086716
v 182.059860 70.727783 130.369827
v 205.804901 65.069839 131.519150
v 73.354538 77.962128 127.118530
v 179.986694 103.925659 124.387306
v 210.509583 75.154205 132.560608
v 105.324944 69.009506 126.588394
v 102.387054 92.295807 121.748466
v 114.103317 71.124435 128.662369
v 98.708359 68.495453 121.243904
v 201.418304 79.988953 119.268829
v 179.966995 71.883377 130.967331
v 181.158463 82.979454 129.884140
v 209.494736 83.904152 127.182411
v 192.583481 68.887367 119.825035
v 91.132256 84.110283 131.772583
v 86.520805 100.993423 118.842255
v 94.508080 66.161964 130.952621
v 78.013687 82.818832 131.896317
v 86.440842 74.111649 135.987167
v 171.396606 73.049782 127.694649
v 171.140045 74.767914 125.219589
v 83.430420 99.617928 122.751945
v 93.167854 94.592560 129.340332
v 95.322937 78.295471 132.139450
v 207.604599 87.912216 129.204102
v 188.284668 73.959351 119.294853
v 74.625648 76.002029 133.347473
v 92.913849 79.446815 132.562134
v 92.918945 75.873291 133.536377
v 184.003387 77.938423 131.507217
v 187.974991 80.010628 118.800522
v 101.054504 77.907578 131.212570
v 192.602737 83.395432 132.462112
v 185.980988 69.641922 126.855942
v 80.808449 86.668709 129.942978
v 191.902542 73.817368 117.806038
v 116.204086 73.670189 125.373695
v 186.054184 82.040581 131.507706
v 83.395950 92.198738 119.009041
v 174.887009 72.761246 124.748436
v 74.678856 79.983070 131.283630
v 104.102882 94.335907 123.391968
v 91.113220 96.589584 127.828583
v 93.679962 105.653282 118.576538
v 174.356125 73.259544 124.171921
v 78.130066 90.716682 125.373878
v 89.072044 84.090996 117.500008
v 100.137985 105.064934 119.633125
v 98.959518 67.998955 122.693405
v 75.409279 81.914635 123.479866
v 102.471451 98.451752 121.589447
v 94.080330 65.253433 129.512466
v 97.543892 94.322823 129.423538
v 177.819977 77.942093 123.302147
v 83.713104 77.365082 135.981781
v 94.796631 66.954857 120.808075
v 78.904800 65.732803 124.478638
v 75.513878 81.444542 130.808533
v 84.992371 77.938515 117.680229
v 91.123047 90.244041 117.500046
v 179.001022 90.244080 125.910881
v 210.763565 75.892570 131.501633
v 186.417633 80.005547 119.607964
v 186.085358 73.899849 120.314873
v 182.493027 83.773521 130.537643
v 192.058411 95.593506 130.313217
v 100.305237 81.875702 130.591904
v 83.671089 94.028595 119.222572
v 202.584137 86.145050 120.469315
v 207.830383 78.042435 123.675278
v 177.598160 97.843124 122.725151
v 100.388664 94.334709 128.233124
v 186.838013 69.038452 130.233490
v 199.249268 71.932526 118.212669
v 97.166328 67.172539 122.829803
v 78.829948 69.716705 135.074371
v 85.006538 73.841835 117.738770
v 188.104156 97.828751 128.465240
v 184.159805 69.747490 129.298218
v 100.037392 97.802422 119.860733
v 88.762520 66.247101 134.100159
v 189.863693 92.280647 131.341537
v 196.629227 64.833229 129.541183
v 80.756729 84.602127 131.556549
v 97.072151 80.004631 118.759850
v 204.660156 77.833168 122.098061
v 101.070625 92.296783 121.041695
v 102.425377 82.040436 121.782181
v 204.290817 71.703178 122.676994
v 174.929962 73.530647 129.968979
v 101.664032 90.281975 127.926498
v 194.105301 104.738358 122.608955
v 103.117477 75.865845 131.261581
v 178.136703 102.527634 123.336967
v 85.651161 98.350136 118.850029
v 104.525421 86.106926 126.080696
v 101.020996 86.133713 128.901581
v 74.437103 82.048141 124.716911
v 205.658722 64.909828 129.284119
v 87.650833 102.630081 118.210793
v 109.145927 69.628441 129.070801
v 106.825821 79.711922 124.787125
v 108.909821 77.466110 124.785057
v 210.669907 77.937996 129.499771
v 189.864365 88.192665 131.507874
v 104.319168 100.466782 124.530479
v 104.080643 98.450485 123.391922
v 72.303215 70.409851 130.768158
v 80.878899 69.745056 135.337646
v 88.360420 91.009727 130.025589
v 95.712990 82.037567 118.169586
v 100.980583 68.805008 130.395065
v 84.851265 64.442352 134.116913
v 94.924843 93.268669 130.239853
v 205.087906 93.646896 124.655846
v 116.727287 72.471138 127.080841
v 89.072128 71.785767 117.527649
v 179.903168 88.191811 127.016716
v 97.413376 76.314896 131.979156
v 87.048874 94.343513 117.715034
v 85.185066 100.294113 124.457565
v 91.122597 88.198952 131.366547
v 75.085083 77.941628 123.514008
v 184.124268 70.088020 127.432632
v 90.776154 69.752869 134.316544
v 72.338120 73.773819 130.007111
v 177.949524 71.905724 130.483871
v 88.067505 101.416191 125.560577
v 102.892601 70.022171 122.776405
v 101.241913 84.121948 129.287735
v 175.833313 75.885818 130.440659
v 81.624092 79.988998 119.269829
v 100.617577 90.168663 128.505157
v 89.067574 65.396423 122.867935
v 89.072647 96.398819 117.565125
v 82.910370 86.119621 130.950424
v 83.792603 99.388855 121.255562
v 102.396301 94.347137 121.726532
v 104.855766 84.046722 123.374924
v 81.103935 96.140411 124.435699
v 99.093521 67.781212 124.479294
v 94.939018 82.047081 131.625717
v 190.694824 74.353661 118.050285
v 73.050659 75.718590 131.202606
v 198.836487 76.590469 136.031738
v 87.021400 77.937988 117.520126
v 206.404190 77.933815 122.916641
v 196.002090 88.224670 131.685654
v 90.994652 64.234787 131.300156
v 76.783043 77.912804 134.309494
v 186.043274 102.502342 118.329903
v 183.995712 100.530487 126.569756
v 209.421249 81.589821 132.122635
v 113.530396 74.227509 129.750443
v 200.113190 66.272148 123.478539
v 99.039330 96.583740 127.871605
v 103.117722 79.875542 122.143280
v 94.926445 100.499329 117.587845
v 171.573135 73.427658 126.268616
v 99.508362 86.212044 129.943314
v 186.194489 71.918861 121.154327
v 191.422729 105.777199 118.666748
v 189.198380 82.106049 118.070770
v 208.474304 75.883522 133.773743
v 196.016388 88.192924 117.523422
v 204.358734 84.306458 133.404480
v 197.037125 105.601540 117.938400
v 82.966095 61.668510 129.310394
v 98.949196 75.801346 131.711441
v 84.983055 79.992416 134.970413
v 186.071365 88.191521 131.318192
v 102.418945 96.400452 121.681747
v 195.996918 98.444901 117.673920
v 82.916763 62.745029 132.723373
v 99.640411 71.556984 120.266655
v 176.336258 72.228935 129.980850
v 102.982872 68.467667 127.415672
v 84.989639 82.039917 117.668945
v 75.591530 75.663071 134.078125
v 197.806412 93.679001 130.351807
v 206.553146 65.444183 129.554565
v 100.036179 98.761414 119.690819
v 97.711311 97.600395 118.283920
v 101.082726 75.885147 131.474060
v 89.069702 68.604645 118.156212
v 200.579391 82.039162 118.540825
v 201.597015 95.935143 121.314552
v 188.145706 106.671280 118.238525
v 76.271400 69.474243 124.117302
v 89.072021 88.192955 117.499992
v 186.050674 73.833733 131.585373
v 82.669846 79.990662 118.522705
v 208.612808 75.870491 124.471680
v 198.812180 66.551689 133.993851
v 98.448029 94.475403 119.233727
v 72.712318 75.742340 129.243820
v 87.025658 71.788696 117.593773
v 74.325226 82.212097 127.157028
v 82.672745 82.036148 118.525208
v 117.949799 74.614288 127.893097
v 191.917175 98.448769 117.551201
v 204.129868 82.005104 134.743378
v 78.967392 67.838867 123.498070
v 80.065063 65.490707 124.167175
v 179.460403 102.540207 122.246964
v 91.200890 103.668945 124.364670
v 72.386719 71.789131 128.987061
v 190.316177 77.939293 117.927124
v 101.939911 80.828209 129.905045
v 86.518402 102.495926 123.314690
v 207.187027 89.871155 124.444809
v 86.921021 79.787163 134.692642
v 200.732147 99.195755 124.212540
v 81.224297 96.263168 121.572708
v 178.542282 88.189865 124.629242
v 193.960693 102.541573 117.628685
v 88.990112 88.280693 131.058487
v 79.229294 87.671410 128.519958
v 210.054428 77.922737 126.984634
v 97.841988 72.965797 131.999222
v 77.473122 88.079895 122.861572
v 82.918907 63.553474 133.606033
v 78.874985 82.055641 121.097382
v 206.259598 75.892601 123.038033
v 204.156097 64.572998 131.227646
v 202.044067 83.176079 134.552444
v 207.505829 68.133705 125.598824
v 189.912781 69.751938 131.763168
v 93.168022 96.634354 127.936096
v 181.848694 86.181252 129.299911
v 78.837822 86.099396 121.255203
v 190.113525 73.871986 132.931717
v 209.316772 68.465622 131.471405
v 96.989182 79.995216 131.601013
v 98.706429 105.307144 118.947197
v 198.704742 100.440979 119.721062
v 191.998581 69.745850 133.131317
v 186.648102 97.779030 128.408630
v 198.089951 81.946121 135.196213
v 99.040298 90.230095 120.013649
v 111.303780 73.815079 123.719429
v 99.425873 94.269333 119.974777
v 208.337845 67.856071 127.179749
v 190.115082 94.257011 117.841087
v 191.604828 67.189316 129.492111
v 109.199249 75.653481 130.020248
v 95.826202 79.262703 118.012413
v 203.635208 83.140480 134.202805
v 203.764404 65.248795 125.255623
v 179.950165 92.291916 126.925270
v 191.922607 92.294968 117.609184
v 104.896729 70.507179 123.431366
v 171.123276 74.021851 126.908821
v 177.438095 95.942863 122.771805
v 200.116196 81.967438 135.327408
v 85.014740 85.008049 131.978531
v 181.192505 75.888405 122.207703
v 80.634567 86.184273 120.216728
v 76.620140 82.092323 122.434677
v 91.122932 88.192917 117.508194
v 78.225204 67.090942 124.151939
v 90.310524 64.709114 132.471329
v 102.004539 78.018562 121.843857
v 176.592148 81.311569 124.602386
v 188.161392 75.890198 132.075729
v 94.878738 75.877655 132.803772
v 197.852112 102.339546 119.961311
v 76.941322 75.821426 134.624069
v 181.824692 100.516953 120.789780
v 188.113739 106.610626 118.958405
v 80.785713 90.369331 127.715538
v 198.037674 70.727684 118.190704
v 188.117538 106.232353 118.013901
v 98.941345 69.823448 120.347733
v 99.035210 77.939072 131.529572
v 100.332153 102.573029 119.358986
v 209.091125 68.843719 132.432587
v 177.875107 101.630394 123.904594
v 84.959549 78.434242 135.709427
v 207.982422 82.048447 123.547401
v 95.754265 80.576546 118.106010
v 103.057114 77.947632 130.740082
v 202.181580 96.520439 122.647339
v 78.863968 71.789909 135.201538
v 185.237885 84.089653 120.097366
v 191.648270 105.623528 120.594551
v 189.973846 86.146439 117.928719
v 185.281754 79.985649 120.176765
v 101.066765 69.848999 131.038361
v 73.099312 67.907547 129.309097
v 74.816597 69.791840 124.930450
v 196.202499 85.701485 132.448181
v 193.965454 88.199287 131.627136
v 99.520622 75.894272 120.212021
v 201.911896 66.319176 123.645424
v 195.110596 104.920090 119.712524
v 206.618698 65.479607 131.161057
v 111.325027 73.811943 130.299698
v 196.491531 105.133827 118.921471
v 181.842880 102.550713 120.811066
v 89.065002 86.149681 131.496948
v 198.063141 73.832680 135.593552
v 91.097008 73.836143 134.435577
v 203.816498 86.061775 121.413605
v 204.250137 75.823433 135.540146
v 186.530212 68.765594 129.385452
v 94.908112 71.774178 117.782478
v 107.172935 70.098312 124.649750
v 104.206909 92.197762 123.481735
v 189.915100 96.429489 117.811127
v 99.016525 103.975052 124.578537
v 76.645744 82.277428 131.426025
v 86.537712 100.781311 125.178406
v 202.345779 80.492188 135.763214
v 97.056091 88.244553 118.814980
v 87.021965 88.193031 117.536568
v 103.193253 77.918709 122.216568
v 188.197464 105.387833 123.813164
v 178.720978 71.062172 130.303833
v 203.425385 91.164276 130.182083
v 107.301865 75.850220 123.118385
v 209.138870 82.026741 124.644920
v 207.274567 79.339203 134.135727
v 82.935699 79.994774 134.923218
v 95.008507 65.717453 129.351700
v 85.993263 96.239594 118.224472
v 83.243095 74.194023 136.007217
v 189.859634 104.287201 117.684235
v 191.818512 84.200180 131.977325
v 103.962059 94.341774 126.165817
v 94.920525 96.397163 117.628700
v 196.540451 105.111938 118.917786
v 197.938278 100.070816 126.107895
v 81.036293 75.817131 135.618912
v 78.410103 63.327412 131.860718
v 106.931305 68.980591 129.271088
v 89.072006 77.937988 117.500000
v 189.307220 83.269562 118.081161
v 81.933739 90.284767 119.898766
v 204.206940 79.999352 135.340652
v 194.052429 86.011139 131.940674
v 181.103867 73.139618 123.201973
v 195.459702 103.273300 124.052505
v 78.724129 63.776340 126.854408
v 80.859482 88.208534 128.993469
v 198.243179 64.734520 127.058502
v 98.425186 85.933472 130.603256
v 204.077927 65.869896 133.243088
v 182.133377 105.228790 123.631630
v 183.791489 71.369652 124.596893
v 200.106567 90.205452 131.260010
v 75.648643 83.447563 128.738815
v 84.356926 71.238518 118.315948
v 173.188431 75.892670 129.331619
v 90.343445 68.200623 134.170242
v 205.591827 65.065048 128.074112
v 89.737267 95.365891 128.234146
v 188.109024 92.281937 131.322556
v 91.123337 68.605125 118.161560
v 94.489120 68.051262 132.349030
v 208.888885 79.984825 124.383720
v 199.240829 90.221970 118.100357
v 200.117828 86.188034 132.573700
v 96.583633 71.880058 132.354401
v 84.500160 69.725044 118.725586
v 89.084023 98.446976 117.631584
v 85.181335 87.597038 130.573715
v 207.562881 73.856796 123.852562
v 74.357819 67.500908 127.020065
v 189.435425 75.895348 118.327835
v 172.602020 78.597488 124.747108
v 97.239342 92.275459 118.672768
v 81.631081 82.039955 119.277412
v 194.730591 66.464165 132.275375
v 95.897751 77.930733 117.971092
v 79.822563 66.332100 123.789337
v 198.053436 79.989029 117.646416
v 183.843399 86.135078 120.650597
v 206.389481 82.151199 133.831757
v 82.867279 88.134186 118.857933
v 179.485977 88.126823 122.323280
v 202.995361 73.696266 121.756065
v 106.129639 80.886337 125.590004
v 191.904755 105.512810 122.590881
v 93.236366 65.300102 126.576401
v 189.207077 68.902184 122.487228
v 191.966553 102.375610 126.200348
v 89.072098 92.294991 117.511497
v 184.022415 71.956429 122.717484
v 198.552826 100.316772 120.745560
v 98.192497 87.415688 130.412140
v 197.038391 103.848480 119.675850
v 192.080414 68.182747 120.997902
v 171.926590 73.889259 124.944183
v 76.116753 86.116814 124.100906
v 200.567108 84.083534 118.552734
v 73.970589 80.764771 127.859444
v 103.256302 88.187798 122.315521
v 198.007416 96.320679 128.644409
v 101.163956 96.389618 120.843559
v 109.172585 71.860832 123.566895
v 204.555313 67.139221 133.790314
v 89.911018 66.827591 133.911713
v 206.099899 75.876427 134.794769
v 179.284622 90.253036 122.347725
v 183.155319 90.257164 129.970139
v 82.687737 73.395042 135.886459
v 105.266396 69.770676 124.550217
v 99.030907 95.417221 128.341705
v 172.027710 75.547813 128.828903
v 79.287514 92.205574 121.917091
v 204.138855 64.423592 129.552795
v 200.127060 66.411705 134.114243
v 111.042786 75.183945 124.039909
v 196.018753 75.885284 135.536545
v 188.115173 84.145721 118.623154
v 177.563400 102.578888 123.936974
v 191.145447 69.056206 131.976318
v 105.249481 86.066017 124.679115
v 93.042580 77.924217 133.040802
v 80.595757 84.088333 120.098633
v 182.884338 73.002831 121.963547
v 200.609314 73.845703 118.891281
v 189.866653 94.397835 130.905334
v 98.989182 88.188927 120.068222
v 188.113724 102.304840 126.087624
v 171.406906 73.119072 128.475327
v 82.919250 65.756744 134.709946
v 84.904022 92.650467 127.931419
v 106.774147 79.351166 126.214958
v 196.598404 104.993370 118.897202
v 103.042587 100.427589 126.225128
v 81.063622 89.625900 128.234253
v 199.713211 100.035591 123.054535
v 196.023880 73.840057 135.414368
v 196.260178 66.139999 132.809677
v 97.014229 105.725327 120.743881
v 77.477966 68.675156 123.848114
v 200.181015 76.042160 136.070572
v 173.793961 73.920921 124.015816
v 89.073418 69.770790 117.731339
v 94.948891 71.797386 132.921371
v 202.195587 75.136559 135.846161
v 89.093246 100.431526 126.229881
v 96.980156 95.522240 128.573853
v 87.020905 86.137825 131.472427
v 174.871658 73.310516 124.162949
v 104.388275 96.389130 124.550453
v 86.871147 62.144794 131.061676
v 184.328354 104.448135 119.436577
v 96.211815 67.248802 121.036003
v 96.247055 68.109688 119.904030
v 194.148804 96.651581 129.348221
v 203.981125 68.059074 134.163315
v 82.650101 69.682709 120.558708
v 91.122986 77.937988 117.500000
v 209.700104 69.975708 132.444565
v 73.721077 75.666252 132.426346
v 186.106430 98.452690 118.683136
v 190.654739 68.512939 124.620461
v 88.751015 62.670021 129.585754
v 193.123230 104.927406 118.152367
v 190.282364 80.017822 117.888771
v 80.358658 79.987793 120.207687
v 97.682304 71.619019 131.990601
v 102.957314 98.525803 126.661621
v 204.153366 65.100578 132.552841
v 198.393921 98.404099 118.652046
v 198.192337 100.852356 125.211136
v 93.171593 95.572723 128.572983
v 177.502243 82.159897 124.986732
v 104.536537 92.143578 124.693535
v 171.117126 77.079689 125.811729
v 103.109680 103.560722 124.191902
v 198.072037 71.796059 135.375549
v 207.337265 73.838333 134.234711
v 193.966217 77.937981 117.517822
v 178.024979 70.977531 129.420303
v 209.402771 80.032379 125.337570
v 208.261444 79.988014 133.499008
v 200.579285 79.989182 118.540886
v 200.560883 98.835701 122.475014
v 105.178352 73.836838 122.546249
v 83.833420 86.026649 118.084160
v 200.276169 96.876457 127.428452
v 189.864151 90.243652 131.476913
v 84.254562 67.832756 120.158661
v 198.084366 64.525345 129.416428
v 182.215012 90.128311 129.083817
v 188.179214 94.256172 118.299858
v 104.351677 98.438683 124.539993
v 192.832245 66.889305 130.830658
v 84.180069 72.572540 118.090973
v 178.704544 84.058556 123.520012
v 204.213776 92.252441 129.030502
v 200.981232 74.486435 119.186401
v 75.855843 85.874825 124.804352
v 80.748039 63.626316 133.444214
v 103.228584 92.294350 122.345291
v 80.906174 85.715073 130.742340
v 191.256607 71.143867 118.801598
v 84.913757 90.249352 129.108521
v 189.406906 68.663399 125.923157
v 73.537689 73.883148 125.160332
v 101.530914 94.349106 127.794975
v 201.425949 89.882202 119.634705
v 94.911453 94.346420 117.672508
v 74.156601 71.795349 133.537689
v 198.043304 88.191696 117.685081
v 87.185074 98.377083 118.064453
v 171.658310 76.435219 127.628059
v 80.685463 94.549637 125.263535
v 188.810867 106.494873 118.154823
v 103.075470 86.145828 127.430199
v 103.331886 82.029800 122.203506
v 188.383865 68.541237 127.606491
v 178.190598 102.450035 124.279938
v 78.256851 91.419220 122.922760
v 198.048462 86.141083 117.670502
v 193.966293 75.887077 117.520279
v 185.945358 95.169701 130.534668
v 97.044235 82.042000 118.920326
v 81.063766 65.825554 123.512093
v 103.130928 73.835060 131.406357
v 206.165619 88.025856 130.821335
v 94.859856 105.092842 122.589737
v 194.036530 77.928444 135.128647
v 105.119095 82.035149 123.244728
v 78.847221 75.960281 121.347183
v 198.233948 94.744194 129.633438
v 83.319099 95.707657 126.055794
v 81.641373 77.937645 119.309090
v 184.004730 73.837471 131.462189
v 116.760681 74.835266 127.214119
v 200.118561 88.246719 131.750610
v 194.562576 66.524841 124.474045
v 195.957672 102.358940 124.974876
v 87.021667 73.836037 117.526894
v 93.158783 93.287514 130.375916
v 190.571732 68.531372 124.602379
v 98.911743 100.532211 118.714859
v 183.627762 94.218269 120.124916
v 76.974808 69.755852 134.661011
v 89.072029 86.142014 117.500000
v 188.079224 95.445328 130.394669
v 185.592911 75.875656 120.218628
v 188.100266 96.673271 129.415207
v 198.894470 97.142815 127.825432
v 103.209229 102.022812 125.701248
v 194.177551 66.222656 127.088585
v 98.801918 71.942268 119.685349
v 198.784073 77.933777 136.137512
v 77.985001 90.112946 122.983238
v 83.374725 71.890366 118.862312
v 199.125046 93.499062 130.181473
v 96.117073 69.920197 132.247040
v 209.194519 72.219635 125.747414
v 193.417908 69.207100 133.731079
v 193.012970 67.242073 122.494598
v 200.117523 84.964676 133.389969
v 177.479477 94.542305 122.758751
v 200.073929 83.381462 134.516983
v 84.878601 88.736732 129.892838
v 93.155556 69.774300 117.784370
v 191.914276 102.547874 117.552490
v 94.834702 82.032364 117.866158
v 193.842560 102.220360 125.948143
v 97.114319 69.617607 131.789032
v 80.906998 94.373817 121.155029
v 97.601486 94.278130 129.500549
v 171.090546 76.908615 124.238525
v 79.847260 81.167381 134.011398
v 106.989761 77.841270 123.398994
v 188.106796 88.192894 131.469177
v 86.944115 94.553291 127.831520
v 82.711250 96.632912 125.282822
v 112.912468 72.033943 130.117874
v 200.146744 65.658890 133.507584
v 179.789368 84.064812 122.387238
v 96.969872 105.401100 118.227280
v 84.190918 90.799347 118.162491
v 199.932281 71.974365 118.826881
v 78.741791 86.159523 129.409409
v 100.490295 68.660378 122.601135
v 204.112701 85.973961 132.433212
v 94.574554 77.601784 132.509323
v 93.331848 80.477272 132.124756
v 188.030106 77.937492 118.867920
v 75.179779 83.987968 126.889114
v 181.945908 104.260223 121.014297
v 180.007874 70.943031 130.485382
v 98.853836 98.504333 118.854988
v 191.940231 67.762909 131.397888
v 88.984337 64.443962 124.699181
v 98.849243 102.533493 118.349075
v 89.836273 63.337360 130.841995
v 101.453720 100.404808 120.545609
v 111.056442 70.083328 129.206955
v 179.629410 96.408974 122.007256
v 191.918686 96.399216 117.583366
v 109.395042 69.721649 127.010162
v 87.116158 104.250862 118.071510
v 184.004410 79.989769 131.447403
v 182.787750 95.904770 128.284698
v 182.018631 70.272453 129.296463
v 103.160896 69.774368 130.847733
v 199.108200 98.427078 119.586861
v 190.112167 71.947105 119.029930
v 79.024536 62.574142 129.379166
v 112.993088 70.542175 127.064690
v 87.047409 68.629921 118.195274
v 114.651947 72.336411 124.434349
v 95.709007 86.146988 118.176064
v 204.349228 94.543854 124.737679
v 104.009125 102.503433 123.305763
v 195.838928 86.545280 132.079391
v 102.936333 96.367706 126.968674
v 186.521942 106.431297 118.190430
v 179.923676 75.884628 131.284851
v 176.624146 71.277725 128.178711
v 199.972214 95.905045 128.347549
v 207.314438 89.591171 126.834763
v 87.014503 71.782959 135.513245
v 105.047745 69.057701 130.116180
v 209.966644 71.890923 132.585938
v 101.525612 102.532913 120.340874
v 188.360779 70.192604 121.141418
v 98.937103 68.336800 130.509689
v 206.177780 88.178810 122.747116
v 77.609268 90.038261 124.679787
v 183.990967 104.140030 124.803162
v 115.000160 71.761627 124.955742
v 188.237549 73.806816 131.986557
v 84.993942 84.090485 117.687805
v 76.575821 84.254471 129.363785
v 74.203476 80.382828 129.535645
v 200.558380 88.203278 118.777687
v 99.030052 100.534546 126.620415
v 90.997551 102.864876 125.333130
v 188.315094 90.247932 118.368553
v 89.072289 94.346329 117.523697
v 184.008072 82.043518 131.316925
v 197.016037 102.511024 118.230789
v 195.998764 69.636101 118.801514
v 178.300674 83.977440 124.829437
v 200.182343 64.186905 129.505066
v 74.692810 65.803627 131.381332
v 78.898933 64.110939 133.152817
v 195.493210 103.692169 122.631905
v 176.135986 78.876465 129.972473
v 206.115509 73.821426 123.181221
v 101.585442 92.298676 127.917091
v 105.390724 80.116547 127.217026
v 98.175507 66.901680 129.131699
v 180.404099 100.687996 121.640015
v 208.197815 82.059814 132.841843
v 75.502342 79.384377 132.636185
v 103.210625 88.188034 127.116669
v 197.264526 65.282387 126.092018
v 107.379768 78.354820 127.307686
v 190.389633 68.821800 121.262314
v 207.579910 66.373734 129.519196
v 180.132431 70.570465 129.377808
v 98.986824 105.531609 120.727875
v 93.173447 90.243614 117.537231
v 76.460716 65.339653 126.630371
v 86.043388 81.253311 134.161530
v 117.879402 73.017593 127.632202
v 204.016327 64.662453 127.214058
v 106.005424 81.869720 124.419205
v 86.542480 64.729523 133.998047
v 94.881355 65.898903 127.099968
v 206.742157 90.406609 127.049812
v 96.604240 90.118027 130.602463
v 93.033821 102.524330 126.016884
v 107.219215 73.805443 130.850021
v 84.967155 71.796776 117.847687
v 79.014931 90.150253 126.723228
v 197.997864 94.327927 117.815491
v 91.190720 90.263969 131.214966
v 206.780823 88.767540 129.569962
v 179.575623 86.153664 122.404839
v 103.226883 94.345711 122.341911
v 93.170052 90.229942 131.296356
v 94.749481 69.768913 132.764191
v 178.519821 100.579071 124.290329
v 98.654732 73.789902 119.496887
v 107.240990 77.310410 129.387451
v 198.007233 68.113190 120.988174
v 72.278122 69.767662 130.052170
v 171.013290 76.479034 124.218712
v 184.444427 96.531113 119.515709
v 105.007149 77.205467 130.485870
v 91.126205 102.529053 117.681824
v 94.934273 95.593346 128.598114
v 89.207146 80.219971 133.682343
v 206.293716 83.965210 132.905502
v 187.928589 98.336754 118.084915
v 194.054596 73.871956 135.059967
v 186.026657 96.582382 129.250839
v 111.219772 70.094528 127.148956
v 176.857330 79.349709 128.056061
v 102.360756 71.156921 121.780525
v 183.904205 88.251198 120.532639
v 77.175743 83.443268 130.635223
v 201.960159 73.799133 120.757286
v 72.429237 73.830101 128.990479
v 117.113144 73.785263 126.572365
v 207.134552 71.232170 133.972504
v 188.368042 68.917145 130.576324
v 103.215790 80.021355 129.299301
v 210.532700 73.933037 132.586868
v 98.783142 96.516060 119.160744
v 196.049484 100.518509 126.418648
v 104.004822 101.839500 125.323952
v 188.870071 98.511520 117.872696
v 186.363724 84.094284 119.526520
v 190.559128 81.348419 132.336288
v 177.972015 81.888306 126.328476
v 102.924744 68.900948 130.245743
v 189.855972 96.831505 129.389328
v 179.843124 86.140511 127.087097
v 96.946220 77.898643 131.831940
v 180.885025 81.334908 130.463989
v 85.035294 61.350193 129.659760
v 175.985901 79.850082 126.294144
v 82.769539 94.431236 119.978157
v 201.792648 72.044922 121.151726
v 87.281754 73.572159 135.786194
v 188.369385 86.148010 118.475578
v 76.784836 63.909626 131.312363
v 179.691071 73.027542 124.510445
v 195.896790 65.515656 126.784378
v 103.906151 96.381958 126.124741
v 178.197662 94.382828 124.598358
v 206.274292 65.731392 126.927834
v 200.214935 64.445076 127.058037
v 181.125366 79.761734 122.071022
v 196.015884 73.837494 117.552147
v 193.966003 92.294968 117.511963
v 180.858307 86.138046 128.129898
v 98.964180 83.973755 130.716995
v 202.051041 64.962837 125.372475
v 82.934547 83.646126 132.760925
v 99.010872 69.784386 131.294144
v 84.963394 64.574707 123.605354
v 208.886398 81.188194 124.268684
v 210.549820 80.177284 131.036957
v 193.403046 105.103210 122.993080
v 188.228302 77.961472 131.984451
v 187.426437 73.350937 119.915886
v 189.877853 105.839600 122.440620
v 80.995789 64.316498 124.934326
v 115.009102 73.706512 129.298737
v 183.883163 82.039726 120.754265
v 197.614105 101.733948 124.358482
v 80.810158 96.631683 122.814781
v 198.051926 75.887108 117.659126
v 186.619644 70.234406 124.517723
v 191.293182 105.794388 118.684303
v 105.049309 68.615112 129.213043
v 185.664719 104.320175 118.539307
v 96.907516 86.109314 131.054642
v 198.064194 90.229080 131.371292
v 100.321915 100.665398 119.583099
v 190.573639 70.378304 132.352646
v 171.999832 77.466026 124.243202
v 196.016281 90.244057 117.525558
v 82.919609 69.738762 135.451447
v 81.517532 85.535858 119.553749
v 206.269592 71.775322 134.396408
v 196.009308 70.658043 118.121666
v 184.244995 105.529701 120.618027
v 93.127342 103.910194 124.665703
v 191.812347 98.836555 127.949265
v 200.113373 67.871063 134.604446
v 112.764954 70.609047 129.121735
v 173.765976 75.896294 123.748825
v 95.614708 66.611137 124.817894
v 180.553467 84.288849 121.899033
v 188.039520 100.391708 126.942497
v 182.131912 70.500854 127.661957
v 193.841461 100.497665 126.879929
v 183.271500 104.239113 120.214439
v 76.139084 78.322342 133.770706
v 186.064987 71.800804 131.354187
v 210.056686 75.897255 126.989738
v 200.091644 80.744835 135.778717
v 100.314598 95.375427 128.048416
v 75.890900 77.175873 133.965500
v 188.294479 92.298157 118.315460
v 182.041245 81.992943 130.889236
v 205.694077 66.477463 124.903404
v 86.013466 99.988647 119.034515
v 181.908722 88.193115 121.253952
v 189.764221 69.594513 120.490311
v 87.031479 64.626884 123.701393
v 84.967117 63.841576 124.654099
v 78.839088 69.725410 122.976273
v 181.923737 82.029083 121.519257
v 179.929520 90.241951 126.976372
v 203.343231 76.479424 121.500687
v 189.958755 92.290321 117.878746
v 93.108353 98.551147 127.169868
v 178.942169 94.351120 125.927658
v 171.908356 77.458099 126.543579
v 209.051483 84.861656 126.172218
v 103.857475 98.426697 126.003418
v 196.041870 96.405251 129.084167
v 203.697678 88.194450 121.399002
v 94.909126 73.839691 117.690163
v 100.433556 104.267685 119.432549
v 178.017975 82.029900 123.785255
v 178.964462 86.122368 125.945610
v 191.911255 92.278229 131.320099
v 189.753098 106.057259 120.624748
v 200.135773 77.938751 136.215164
v 86.174805 77.344490 135.921967
v 181.908020 96.542656 127.669846
v 85.101837 92.272614 117.974495
v 104.285507 90.246590 125.953079
v 103.127113 71.799454 131.312500
v 96.574684 92.236488 130.298584
v 76.919128 73.897774 134.735703
v 89.217911 90.184937 130.745636
v 195.977097 92.208305 131.072250
v 82.879768 96.405258 120.409302
v 103.055183 69.192543 124.586197
v 85.095528 63.592342 133.470703
v 181.971024 94.335381 120.950256
v 193.297256 84.882141 132.113953
v 179.926178 73.842278 131.252548
v 76.872932 71.785431 134.756744
v 186.131210 96.418053 118.818451
v 104.268097 102.530884 124.627693
v 179.627060 100.380844 122.196251
v 101.045052 73.796196 121.016434
v 87.070366 67.662659 119.058937
v 181.093491 90.371498 127.998055
v 76.063820 84.871872 127.897278
v 101.835403 68.511810 125.926605
v 108.935524 76.583618 129.345169
v 92.228096 105.056061 118.056297
v 192.855392 79.498100 134.442429
v 189.863602 86.142502 131.570480
v 75.947426 80.819740 131.942490
v 208.847458 84.148224 124.773148
v 89.095261 100.495979 117.692299
v 180.008133 70.855225 127.791763
v 101.082253 71.788490 131.458893
v 105.129257 71.859962 122.771683
v 193.939987 67.696136 133.145950
v 182.331512 75.887970 121.665070
v 113.073647 74.577461 124.239807
v 180.949799 88.206467 128.054291
v 189.959824 104.303093 125.005730
v 75.243065 83.877205 124.704384
v 115.800560 72.537117 125.221390
v 194.076065 98.830330 127.806290
v 192.608109 68.367477 132.490463
v 186.112900 105.907433 122.692299
v 193.978043 69.624878 118.810570
v 89.146202 103.850899 122.607597
v 181.909058 71.998940 124.872437
v 109.122070 77.510750 126.958145
v 79.714073 94.176003 122.029556
v 204.316864 69.698006 122.950218
v 195.180725 82.881927 133.955765
v 85.019081 84.924522 132.028442
v 191.921982 90.244041 117.602180
v 180.560333 98.450867 121.581856
v 89.077240 81.951408 132.881287
v 202.127243 81.925545 135.186905
v 80.897369 64.405022 134.085007
v 193.966019 90.244019 117.511360
v 184.074844 84.078026 131.123917
v 193.965485 98.447975 117.519608
v 195.986282 100.496361 117.709160
v 198.035751 90.243446 117.712349
v 183.902573 79.989853 120.812706
v 179.889328 71.655388 126.348434
v 97.308540 94.378548 118.526413
v 194.099747 102.943398 125.426727
v 77.369568 79.299454 134.000229
v 198.026154 71.831139 117.857178
v 207.741180 80.065071 123.483620
v 77.250160 64.589043 132.634003
v 99.394188 77.960587 120.293320
v 79.435844 85.423637 130.351318
v 189.895386 98.458771 117.688698
v 83.691528 79.990280 118.002762
v 102.398529 84.091316 121.776871
v 191.676804 105.186035 118.099152
v 92.981293 73.835449 133.702148
v 182.430099 73.866676 121.817123
v 98.957657 86.139961 120.117012
v 77.064537 66.062614 125.398750
v 198.784729 101.774872 119.847801
v 186.048111 77.938492 131.612717
v 86.403526 63.196018 125.775047
v 94.908592 75.886841 117.674156
v 197.240555 105.652649 117.786522
v 74.852509 67.733253 133.112045
v 202.534912 88.198875 120.520752
v 183.952942 75.884064 120.918304
v 177.427917 96.146332 122.774788
v 208.034073 83.802414 132.190399
v 99.031395 67.461288 127.063469
v 77.371056 66.248848 133.994324
v 189.852417 100.462639 127.019997
v 204.259125 73.821289 122.419960
v 184.104935 90.114555 130.711411
v 87.577316 89.684898 130.266907
v 80.974724 83.474327 132.606003
v 189.902481 73.715309 118.558121
v 186.734406 75.895035 119.648148
v 186.629654 104.424179 118.017059
v 198.027328 92.292297 117.737381
v 118.047859 73.838882 127.510452
v 97.479149 94.314888 129.483948
v 204.136810 90.038200 130.665955
v 193.969604 73.839569 117.586319
v 82.946083 84.897766 131.842346
v 175.595154 71.902527 129.282364
v 81.618675 97.959602 122.686890
v 84.990089 73.892822 136.132446
v 186.019135 94.343216 119.006905
v 74.998749 73.940720 123.740471
v 101.027184 68.105011 127.046982
v 184.563232 94.540535 119.615234
v 175.808731 77.916611 123.672920
v 102.175949 70.239075 121.983269
v 93.173477 86.142189 131.493042
v 170.956314 76.014458 124.747787
v 91.240852 102.162834 125.856621
v 188.106384 86.141624 131.500580
v 80.869804 71.786728 135.490891
v 80.987976 73.908806 135.613617
v 117.855080 73.018257 127.931190
v 189.853058 105.302910 123.882919
v 87.438225 100.234802 125.880157
v 193.905701 105.225380 118.704552
v 191.406204 69.048088 120.169853
v 93.207840 82.074829 131.799744
v 193.390823 67.025627 131.833801
v 205.755402 69.923843 134.154251
v 199.638763 79.989037 118.033318
v 73.270256 77.864204 129.340500
v 198.053375 77.937943 117.646088
v 198.027618 65.856094 133.217026
v 207.693069 76.005722 123.768402
v 193.378510 66.703400 126.127899
v 187.704239 100.282478 118.012192
v 97.034882 86.139633 118.930634
v 87.055748 104.234734 118.013603
v 87.096634 96.361801 117.827980
v 177.809235 73.847939 130.873840
v 95.690483 84.091202 118.205521
v 196.023315 69.712708 134.799789
v 93.123283 92.113838 130.971848
v 93.170631 88.193123 117.570351
v 179.953827 102.445717 125.116066
v 179.340668 82.182747 127.860237
v 205.539246 91.364265 128.255722
v 94.904266 77.935631 117.698425
v 198.781555 101.787224 119.754181
v 178.399338 103.657310 123.799232
v 209.993622 73.844040 127.052986
v 85.183578 68.025742 119.256775
v 102.395630 86.142059 121.766273
v 87.014946 96.418121 127.082008
v 114.981171 72.058899 128.945831
v 180.363907 94.235703 121.686035
v 190.774872 68.456619 124.625008
v 102.970078 94.344704 127.132126
v 88.863052 92.605568 129.608383
v 95.947472 73.837883 117.930984
v 179.944122 72.275703 125.316650
v 196.011765 98.768074 127.525490
v 178.997482 88.191650 125.920113
v 174.366928 75.942848 129.928131
v 104.954269 82.026169 126.639076
v 114.064186 72.799385 130.041061
v 210.595261 79.554626 131.376648
v 84.989632 79.989128 117.667450
v 188.109390 69.448746 122.730438
v 94.924026 98.448166 117.610939
v 78.791359 75.935768 135.088531
v 100.950523 75.847687 121.161041
v 104.755638 86.061249 123.470222
v 94.909096 88.181740 131.271255
v 103.289467 86.139488 122.275459
v 90.733521 77.715759 134.126129
v 80.997818 71.798767 121.121376
v 186.057510 84.090912 131.436783
v 179.491287 94.466011 122.032547
v 192.818588 70.762535 118.250198
v 87.183853 84.785736 131.942673
v 207.533310 66.371750 131.562332
v 174.557236 77.344025 129.393234
v 180.300430 102.553497 121.662697
v 207.966675 88.026993 126.986664
v 196.016739 71.821701 117.733879
v 98.256226 104.276161 117.991608
v 111.319832 71.815346 130.262192
v 193.670242 66.883003 123.505531
v 199.541916 96.161613 119.062584
v 183.980469 102.876259 125.543594
v 89.097656 98.295593 126.899445
v 188.196548 106.322350 120.576591
v 206.141266 77.930016 134.841995
v 209.031586 83.114189 124.757736
v 202.426117 96.907478 124.974930
v 84.937813 61.550739 128.953705
v 193.089096 70.221970 134.038361
v 175.805283 75.895920 123.619766
v 74.119812 78.336617 131.711288
v 90.688751 92.657761 131.152618
v 185.625336 69.186417 129.418716
v 75.228363 65.932762 127.313591
v 81.075356 62.869373 132.642136
v 97.124298 67.106689 124.489182
v 188.264633 96.380157 118.164116
v 200.186905 64.970146 125.418312
v 97.018684 84.090965 118.952621
v 74.352737 73.924263 133.508743
v 87.844063 80.824471 133.865494
v 199.976944 98.263023 126.498550
v 190.156265 79.992813 132.464767
v 185.481186 71.219490 122.701004
v 87.021378 82.040031 117.519066
v 99.164108 88.324165 129.657074
v 98.872025 73.822441 131.822617
v 82.410667 67.163300 122.085419
v 96.917572 73.837425 132.302658
v 203.922302 94.178612 122.952477
v 191.346481 105.820839 118.650795
v 79.036484 90.224976 121.798775
v 204.218964 65.735924 124.604485
v 189.848755 84.105782 131.711884
v 207.475784 86.090523 123.564140
v 96.987175 98.631416 127.244492
v 179.896927 101.390182 125.465294
v 78.854225 65.697113 134.274139
v 198.211609 68.929955 120.016678
v 96.000374 92.489136 118.024529
v 188.069946 71.702484 120.236572
v 87.072830 92.194695 128.899170
v 193.965775 90.241791 131.458618
v 185.972443 98.674667 127.702515
v 190.329514 75.901451 117.964478
v 78.904099 77.957993 134.833664
v 91.244904 104.052551 118.111626
v 80.923737 62.160931 129.292877
v 93.078377 67.679169 132.865250
v 182.308350 77.939697 121.615860
v 200.117737 87.084602 132.150055
v 192.010559 97.827484 128.659821
v 87.114983 104.254601 118.115471
v 187.895554 69.556679 124.681908
v 86.780418 62.854553 132.255966
v 84.763115 100.780579 122.753426
v 192.226364 75.949272 134.453461
v 106.023392 81.411842 123.924736
v 179.812195 75.895454 122.868935
v 87.030273 98.280579 126.468117
v 192.393326 105.304466 120.650543
v 186.052658 92.284981 119.129974
v 107.125595 71.918800 123.158897
v 196.220688 67.012878 122.253754
v 173.865082 72.320442 127.050636
v 99.631668 74.010338 120.157753
v 199.125870 99.599136 120.735741
v 189.863937 82.008820 131.951691
v 174.763870 74.497696 130.116318
v 187.016434 68.873978 128.031677
v 184.008087 70.706688 126.006989
v 73.913849 78.911560 130.814789
v 200.141220 94.357880 129.309448
v 196.001205 103.134018 120.815269
v 209.284058 69.990898 127.125778
v 103.231354 96.398064 122.333740
v 189.265289 80.029655 132.059479
v 178.987915 92.297516 125.908340
v 93.173111 77.937912 117.529251
v 113.337471 71.400658 129.646729
v 206.231201 84.090240 122.600487
v 183.317184 92.184715 129.840424
v 202.590042 71.713615 121.836319
v 73.809120 66.422890 129.697586
v 79.219734 64.781868 125.317551
v 193.927780 104.190147 117.982086
v 101.144798 82.029198 121.249786
v 190.130325 75.915031 133.065460
v 207.702164 88.162010 124.631348
v 95.889153 90.250687 117.981667
v 109.832092 76.676468 128.939117
v 198.014389 98.340317 127.276680
v 183.169861 98.450394 120.067284
v 210.011490 79.852051 127.116669
v 202.175034 67.679108 134.379807
v 87.021461 84.091011 117.521187
v 203.593460 92.238838 121.729454
v 186.053284 79.988518 131.564133
v 86.966881 65.769882 134.411667
v 77.509598 77.939293 121.795280
v 87.690399 102.999847 123.775925
v 82.917976 71.780151 135.680038
v 199.250717 70.564095 118.875603
v 188.601196 72.522316 119.654106
v 173.603958 78.063278 127.213806
v 199.629257 75.891396 118.064636
v 75.176018 71.784218 134.124207
v 91.145828 80.017242 133.036011
v 89.139252 104.136978 120.489311
v 190.650467 68.484070 124.597801
v 189.128616 82.106453 118.109352
v 98.460648 75.877213 119.455948
v 175.765945 73.938751 124.021790
v 204.309357 75.845093 122.176147
v 78.889397 79.904526 134.331360
v 113.029175 73.769157 123.976379
v 196.869553 105.231613 118.339485
v 78.819107 84.156448 131.217712
v 103.054642 92.220680 127.121002
v 210.043671 81.951866 129.551636
v 171.939163 72.764229 127.107841
v 107.711746 69.228615 129.290359
v 77.783653 89.607834 125.827690
v 210.843140 75.885956 130.512878
v 196.890976 101.376579 125.536835
v 195.633545 65.262825 129.514404
v 93.132805 68.631828 118.181221
v 77.010925 64.341827 127.489067
v 104.651543 90.195938 124.804504
v 176.884933 79.110527 128.927795
v 206.384521 86.279739 131.719223
v 209.525574 84.054588 129.426559
v 191.183029 78.278343 133.642044
v 84.034576 66.787209 121.297112
v 202.369019 90.342514 120.482536
v 200.526642 96.631081 120.410149
v 75.047096 75.960930 123.636139
v 208.531082 73.858864 124.557190
v 181.860947 102.571487 125.492401
v 104.485497 79.572662 128.678802
v 93.757256 105.386917 120.605370
v 180.870667 83.037354 129.559799
v 104.013435 80.815445 128.150528
v 208.635559 84.506126 131.439453
v 101.013092 79.872276 130.754990
v 75.577110 64.761116 130.921112
v 183.912888 90.232948 120.341942
v 188.207123 68.471001 129.375336
v 205.043640 82.034058 122.038033
v 75.413795 64.678719 129.460083
v 200.536987 86.333359 118.616943
v 185.159882 87.656021 119.985626
v 189.875412 100.505684 117.627190
v 209.358444 75.887466 125.428085
v 83.002869 65.721130 122.850807
v 102.481628 83.475662 128.421997
v 111.168388 76.920128 126.751701
v 184.046127 88.127029 130.793457
v 101.078979 98.583847 127.080627
v 202.164307 67.663834 122.773499
v 80.740562 63.314217 126.466309
v 86.272385 61.635460 129.932144
v 78.651855 92.265968 122.718880
v 89.142509 94.307938 128.665695
v 197.528549 98.384758 118.076431
v 171.454773 74.975143 128.426132
v 200.185410 64.416344 131.372482
v 100.095863 83.402985 130.334412
v 91.122841 84.090981 117.511795
v 186.574478 78.024422 119.601875
v 84.968475 75.882637 136.154800
v 89.736549 83.010384 132.210052
v 198.831161 94.235107 118.145943
v 101.178459 79.958588 121.327484
v 76.691315 65.681984 133.409973
v 104.084251 96.395485 123.397041
v 99.173927 82.043251 120.254288
v 209.109131 85.439346 127.608505
v 178.330139 92.311165 124.560844
v 184.227829 100.495613 119.398392
v 94.668625 66.299004 124.554604
v 79.563477 94.024719 124.416145
v 91.123039 75.887032 117.499992
v 193.988937 71.820717 117.774208
v 210.377457 71.832520 129.531326
v 205.716492 81.535507 134.225189
v 74.000153 67.230934 131.757950
v 89.574593 63.127121 128.873398
v 93.173813 98.447968 117.512321
v 200.154343 69.681114 120.618629
v 85.012283 88.187263 117.752777
v 99.816574 96.175720 119.937248
v 188.062180 80.013641 131.771088
v 208.849121 85.095322 130.679825
v 181.984421 98.473396 126.931831
v 198.204071 64.711487 131.245117
v 73.477127 77.637794 131.163498
v 84.968338 69.740242 135.433990
v 94.925064 86.138550 131.387314
v 103.963326 100.368805 125.600601
v 83.714088 61.452190 129.924347
v 114.978928 74.951729 125.330505
v 193.965958 88.192940 117.511353
v 101.239441 98.397362 120.644806
v 73.569000 73.726540 132.741791
v 186.053955 104.220856 124.867157
v 193.965851 96.396973 117.523277
v 198.120239 100.766861 120.759529
v 194.013153 66.026375 129.433411
v 188.486069 100.800346 117.803093
v 105.446999 84.190086 125.219757
v 206.124329 90.148376 129.133713
v 195.995956 81.987350 134.888519
v 177.556137 93.461609 122.734749
v 199.638138 82.039726 118.034798
v 96.933701 105.292488 122.649544
v 186.070099 105.283371 123.880920
v 100.760658 88.099457 128.676865
v 209.121124 85.413528 129.489838
v 204.823837 86.195862 121.977997
v 177.877411 80.005882 123.419258
v 206.125305 69.848076 123.714455
v 209.740158 71.934319 127.007912
v 83.043167 61.869736 131.139496
v 82.967766 63.076157 126.047539
v 93.384308 103.087906 125.655685
v 91.050301 75.885117 134.361298
v 103.651489 103.694695 123.322632
v 189.924805 102.449142 126.148880
v 101.015923 84.147705 121.164818
v 96.889778 100.505074 117.892181
v 198.726974 96.522789 118.447243
v 177.907028 74.346130 123.916458
v 193.949982 92.259262 131.214050
v 194.132278 69.827461 134.495544
v 184.637100 94.236679 130.485245
v 93.171570 79.988281 117.557777
v 203.316925 95.424698 126.084984
v 207.246872 66.717361 132.509171
v 201.469131 66.465332 134.044296
v 104.867409 68.695663 127.854889
v 178.532883 86.107262 124.663780
v 85.019844 90.246788 117.826797
v 209.691666 82.022011 126.853210
v 78.099236 80.684944 133.619156
v 206.205399 86.138260 122.665367
v 198.053299 82.040031 117.646423
v 103.018005 75.835533 122.101753
v 183.132614 100.499298 120.022438
v 190.493576 103.298744 125.774628
v 189.966431 88.193489 117.908798
v 95.165497 105.643700 120.468491
v 91.118149 67.593246 119.016129
v 85.056290 66.726738 120.911522
v 99.035118 98.620285 127.215492
v 178.690109 83.903488 126.059128
v 104.069466 100.499443 123.360695
v 171.975281 72.988007 128.572891
v 74.917526 77.864822 133.049652
v 96.560158 96.431335 117.966560
v 82.484444 98.711868 122.793350
v 196.024689 68.797615 119.705742
v 93.172844 92.294960 117.530991
v 87.088806 63.884354 133.299622
v 181.857269 71.207016 126.248642
v 100.989586 86.139961 121.132149
v 72.573837 68.881905 130.008118
v 89.076118 67.604973 119.016708
v 97.901489 90.551476 129.981903
v 204.200378 88.158218 131.382126
v 90.197006 93.212776 129.936020
v 203.657043 77.935898 121.487000
v 83.908279 99.490105 124.036285
v 76.978317 69.903397 123.683067
v 206.165192 65.941147 132.655075
v 100.012787 69.037857 121.529556
v 200.119415 71.792152 135.375183
v 204.428040 86.791626 131.984344
v 102.974632 104.219345 122.704025
v 192.878677 105.031815 123.733543
v 180.240051 88.309540 121.865555
v 193.962982 68.743782 119.659958
v 204.928223 65.293190 126.200134
v 198.839142 79.279678 136.022949
v 96.958298 105.642052 118.812767
v 202.119537 84.681450 133.473663
v 193.913818 105.200905 118.713585
v 91.123009 94.346016 117.500015
v 199.302383 88.151863 118.055626
v 94.800423 66.478020 122.601280
v 101.091415 96.361244 127.646904
v 83.069687 75.828537 136.050217
v 80.506882 77.993652 120.138474
v 91.105606 98.429047 127.095245
v 75.720108 83.869164 123.686646
v 186.201889 90.240089 119.242752
v 93.170174 102.551460 117.560677
v 87.022377 90.244583 117.559654
v 182.436600 105.385201 121.594337
v 178.524109 90.254700 124.613823
v 205.612167 67.918594 123.899048
v 80.844681 67.718536 122.747742
v 95.850899 72.439529 118.002899
v 189.245163 94.689987 117.978676
v 80.916031 77.886513 135.293610
v 93.173363 73.835785 117.530891
v 77.495911 63.079765 129.766632
v 177.838715 73.261620 124.675926
v 104.061882 92.318878 126.140297
v 202.189056 65.848137 133.620712
v 195.964706 102.519661 117.834015
v 87.046341 69.776146 117.795853
v 85.997292 101.982986 120.893867
v 108.210167 77.541489 123.991119
v 93.124672 66.140915 122.519135
v 74.105721 81.556450 125.139145
v 98.218719 103.257469 117.982094
v 193.964737 100.498520 117.539230
v 76.790573 86.100502 122.909538
v 91.123215 98.448029 117.514641
v 94.959343 80.009628 117.734848
v 207.156158 87.982376 123.461113
v 198.163177 67.125923 122.321846
v 74.192390 73.531425 124.393791
v 208.614365 86.261520 129.414108
v 209.325516 83.551559 130.994812
v 200.534866 75.914352 118.587608
v 101.079742 100.503792 126.524704
v 196.016235 90.238739 131.435516
v 86.392471 93.211494 128.154831
v 198.534225 100.978455 122.388809
v 195.479752 65.186676 131.338821
v 181.309845 92.329704 128.024719
v 109.209602 75.844200 123.744789
v 85.028305 65.818108 134.647644
v 185.170120 106.109070 118.784424
v 118.004433 73.840088 128.046234
v 113.094490 76.151443 127.066978
v 77.479912 63.146793 130.485428
v 180.577637 84.592072 128.215607
v 105.215630 78.292976 129.309631
v 182.010391 72.787766 122.792824
v 200.169601 73.995071 135.713242
v 174.304276 72.722847 124.727211
v 196.057373 66.611916 123.052299
v 199.886871 94.293777 118.903824
v 76.838142 67.733498 124.560623
v 180.923187 72.592621 124.312263
v 80.856026 79.807007 134.744537
v 184.077774 96.181221 128.939102
v 94.903755 92.295174 117.690941
v 76.700615 63.735966 129.201202
v 105.146400 77.931770 122.767799
v 198.070908 80.019524 135.773605
v 178.884354 80.994881 128.192062
v 189.852448 98.729240 127.928902
v 191.223633 73.370018 133.674927
v 94.997391 105.264977 118.172302
v 206.203644 73.897079 134.610519
v 76.714111 80.072739 133.345047
v 193.977859 66.944893 122.692162
v 173.773666 73.930489 129.623032
v 192.223328 71.944244 118.089157
v 175.797028 80.144333 125.100899
v 179.763596 104.289604 122.425568
v 94.929016 96.639160 127.976257
v 102.001953 87.029076 128.058960
v 82.873116 92.354904 127.437943
v 72.639389 71.782555 131.633453
v 210.623260 72.043327 131.636459
v 198.052597 84.090797 117.650734
v 105.590935 84.009247 124.559525
v 179.242691 80.609138 129.245041
v 87.054352 82.062943 133.414917
v 104.298477 90.213730 123.525452
v 178.631531 100.416054 123.418640
v 199.632568 84.087379 118.045929
v 81.016014 62.573116 127.637451
v 182.104050 88.189232 129.225113
v 210.053329 69.812378 131.307678
v 100.703545 68.387947 124.513794
v 99.059669 84.021126 120.202927
v 75.123703 79.964600 123.557617
v 195.388763 65.198471 131.303772
v 196.016739 86.142029 117.517181
v 91.123001 92.294952 117.500000
v 201.424896 82.039970 119.263016
v 90.608040 81.787888 132.424179
v 106.509209 76.844727 130.190018
v 184.146957 102.020477 125.963486
v 101.528641 104.238045 120.503090
v 183.931580 77.937843 120.877800
v 99.188072 104.897881 123.344391
v 96.981934 100.536362 126.671440
v 89.186867 71.826637 135.016983
v 198.975082 92.234940 118.048958
v 202.179153 87.063820 132.098328
v 73.898972 66.844154 128.523819
v 77.598572 84.094704 121.900002
v 84.856270 94.458771 127.147072
v 178.553696 103.831993 123.441391
v 182.206085 80.086006 121.620575
v 89.072021 73.835968 117.499992
v 99.204002 80.004974 120.240898
v 181.941788 84.091583 121.396927
v 186.112839 92.279472 131.126221
v 203.083237 93.860649 121.803673
v 75.748268 68.269257 133.970840
v 105.123505 69.768265 130.617249
v 208.225998 86.238373 124.784714
v 198.185837 65.608498 124.798782
v 192.841217 105.310257 121.947418
v 93.173416 94.345970 117.522995
v 79.379807 94.098793 122.755539
v 95.910988 66.569473 125.941963
v 189.969528 95.596260 130.289322
v 95.772324 87.875053 118.097137
v 78.509918 88.525818 127.436668
v 79.230469 73.927422 121.565643
v 191.734390 105.173599 123.903168
v 87.285675 103.172989 122.575211
v 91.211693 104.725281 120.511292
v 171.764297 75.913673 124.065102
v 102.732170 81.887260 128.777908
v 100.862854 105.133034 120.605522
v 80.853111 92.196396 126.726845
v 194.027390 84.077332 132.668640
v 72.201393 71.740005 130.068405
v 85.565178 98.150810 125.932785
v 84.911636 96.365799 118.874054
v 177.817062 75.882629 130.934341
v 89.210327 73.836639 135.143997
v 91.379295 78.299942 133.690002
v 107.155312 71.796532 130.783539
v 84.943932 67.752213 135.141510
v 89.003662 102.499229 125.091148
v 88.603310 62.787712 131.008820
v 100.998352 88.191200 121.099007
v 191.895660 96.695267 129.524765
v 194.031860 75.895416 135.150085
v 178.273758 96.435600 124.552826
v 201.083847 72.927528 119.967308
v 77.776398 87.146584 122.060165
v 206.080444 71.866241 123.362724
v 84.997482 75.887558 117.694862
v 92.708405 66.325020 132.357361
v 79.526848 91.828636 126.024529
v 96.999908 75.885300 118.473625
v 103.235786 90.241104 122.346649
v 180.439468 104.188301 121.835602
v 111.778694 76.464195 127.770676
v 207.324295 87.193314 130.636810
v 202.122299 64.371811 127.219490
v 77.507065 79.987473 121.818962
v 186.062943 86.141586 131.374130
v 202.778168 95.009315 122.117424
v 105.132034 71.815796 131.111069
v 93.134743 69.746834 133.378265
v 172.464691 73.023514 125.726936
v 199.947479 68.446320 121.451904
v 188.107880 90.243088 131.441376
v 178.513718 98.460030 124.430359
v 177.619034 80.263611 127.464836
v 76.580612 84.063324 122.709984
v 183.864059 84.089684 120.699028
v 197.185547 100.432388 118.099487
v 83.130783 98.327812 124.404144
v 91.484161 82.247345 132.089310
v 112.263969 74.701981 129.959854
v 74.969223 81.918671 129.332169
v 105.150146 73.832298 131.195084
v 87.035385 88.085342 130.780197
v 204.120789 71.793961 134.856400
v 101.059074 101.960663 125.954117
v 101.030518 104.749512 123.069572
v 206.040421 85.523460 132.218063
v 195.902573 93.972511 130.516281
v 94.931458 104.264488 117.745949
v 89.103119 84.169411 131.971680
v 195.936859 67.873909 120.884720
v 97.131454 90.246925 118.735649
v 83.773094 75.902405 118.075966
v 93.173546 96.396973 117.519035
v 99.063210 71.763252 131.680695
v 176.153534 78.852890 130.048752
v 197.824387 77.939384 135.932938
v 178.790619 86.161819 123.388107
v 113.015381 73.771538 130.183868
v 206.830246 90.591240 124.488991
v 109.278198 71.811104 130.429153
v 87.729591 75.889412 135.665649
v 94.867393 104.102196 124.553459
v 99.155708 92.187088 119.987625
v 82.261017 87.103455 130.121490
v 189.237244 69.038971 123.518814
v 93.173172 100.516762 126.610115
v 82.933159 62.400219 127.321671
v 77.218277 81.425697 132.568253
v 177.463211 96.224022 122.764259
v 206.105881 79.941902 134.607651
v 193.966003 86.142014 117.511238
v 201.023605 94.661308 120.067696
v 94.903709 90.250206 117.714569
v 81.526604 75.897293 119.580307
v 202.141769 76.260857 136.092056
v 74.124245 79.889465 124.917847
v 117.135376 73.777046 128.448853
v 84.976768 65.418320 122.623199
v 173.979568 72.586586 128.797821
v 80.875397 73.820885 120.544586
v 84.955261 72.972244 135.938614
v 80.780739 88.143234 120.388435
v 105.901382 78.856178 128.122589
v 198.054611 86.161774 132.510071
v 84.980553 71.739510 135.740570
v 91.122856 86.142029 117.511772
v 93.376717 105.117058 118.119949
v 210.193146 73.797066 132.917847
v 183.040115 85.900902 130.431320
v 84.816383 62.675892 132.566696
v 85.002899 86.141006 117.714897
v 85.090538 96.319740 126.544815
v 75.560974 66.012749 132.554993
v 93.178535 84.096024 131.605392
v 193.753433 97.854576 128.514893
v 189.286316 70.930664 119.986649
v 87.001221 61.968166 129.252396
v 112.956001 75.330383 129.063751
v 196.162567 104.194389 118.208862
v 192.459290 71.918053 134.201447
v 188.095535 104.269279 124.930328
v 82.521278 75.901131 118.806297
v 204.695953 90.244888 122.151497
v 191.849701 94.349838 130.850632
v 93.170670 71.786507 117.583603
v 192.355103 73.914612 134.438034
v 80.642769 90.292770 120.737068
v 91.372253 104.436188 122.566391
v 206.848618 69.553009 124.226830
v 189.498215 103.284912 125.707397
v 208.473679 73.830467 133.779938
v 193.666168 82.491211 133.559296
v 83.719742 84.083733 118.033798
v 76.587746 86.170708 127.360306
v 202.504990 94.819901 127.757812
v 188.038925 105.944542 122.685211
v 207.343750 77.938072 134.273758
v 114.964516 75.402695 127.060966
v 72.884949 73.836121 127.005142
v 189.126633 82.081779 118.076012
v 171.099487 75.821510 126.810524
v 197.256866 101.698219 120.792427
v 84.278114 97.366386 125.688995
v 73.232063 68.009499 131.059311
v 201.381516 86.148972 119.310944
v 98.968010 102.304382 125.908981
v 189.197586 78.849571 132.172577
v 186.024506 100.560913 126.760094
v 93.605011 105.612648 118.590492
v 191.892334 104.268562 124.964417
v 192.021774 69.856316 119.051414
v 188.106262 84.089409 131.563919
v 202.229324 64.383179 131.323563
v 83.691177 82.038696 118.002548
v 109.092323 70.331871 124.859413
v 93.168175 82.038383 117.595795
v 171.917953 78.211861 124.881287
v 88.904625 67.779068 134.571793
v 84.946693 61.791595 131.038116
v 177.453873 94.822334 122.766464
v 198.081375 69.811996 135.069321
v 86.859024 83.644180 132.577621
v 198.085251 67.868820 134.500336
v 96.985245 102.539047 117.762634
v 87.707497 63.089188 126.700287
v 207.105804 80.559128 133.919205
v 188.106827 103.222206 125.606918
v 101.696442 68.754181 124.498398
v 207.351425 75.887550 134.294189
v 103.403976 102.559807 122.370575
v 77.532082 82.040215 121.833893
v 205.982254 91.956192 124.717781
v 198.022263 84.683838 133.447159
v 85.910255 101.620468 123.847237
v 186.416016 106.339676 118.211151
v 80.051659 95.266365 123.910652
v 206.102921 67.808632 133.503906
v 101.081642 71.798439 121.056496
v 184.258606 102.550819 119.367340
v 91.127098 100.486961 126.466789
v 74.025780 77.891106 124.910110
v 175.138504 72.776016 124.775391
v 201.531250 97.998848 123.177757
v 95.269379 67.549339 131.697174
v 186.161713 69.843697 130.649902
v 199.636627 77.938164 118.037621
v 193.974228 70.628456 118.094307
v 202.311295 75.783447 120.617065
v 179.644104 98.443710 122.085167
v 176.030029 79.762863 124.198769
v 73.772575 75.703278 125.074242
v 178.782883 88.302513 123.278091
v 198.065399 69.800606 118.950638
v 179.953873 77.907326 131.104263
v 93.173630 100.499176 117.511940
v 180.704819 82.754837 121.962769
v 104.350464 88.177292 125.973572
v 80.670845 69.496147 122.165474
v 91.122849 71.785835 117.529449
v 75.737877 64.923485 128.111328
v 102.386002 88.193092 121.781532
v 188.161224 69.831314 131.162415
v 82.917145 64.358315 134.147949
v 200.165970 65.500519 124.472321
v 199.496567 73.859512 118.171730
v 96.841896 69.760201 119.130386
v 202.069321 96.157585 126.858322
v 82.253067 71.600945 120.145584
v 82.922546 67.733688 135.178146
v 104.771904 88.120346 124.787384
v 204.202606 69.749146 134.520660
v 202.083786 79.488541 136.096191
v 82.642723 77.872177 118.589676
v 94.829727 84.091125 117.888237
v 193.976959 67.862541 120.991783
v 183.912323 105.316414 123.759819
v 102.032753 76.731056 121.825134
v 82.841278 73.833374 118.899078
v 75.889412 82.634323 130.003876
v 203.187103 95.658096 123.393394
v 210.806213 73.842033 130.530212
v 101.050667 103.861267 124.400986
v 184.739868 92.669312 119.712143
v 113.024864 72.055145 124.211487
v 195.668137 103.621330 120.811554
v 114.743752 73.578285 124.291992
v 102.327194 104.203781 121.310646
v 188.108551 98.683212 127.867851
# 2284 vertices, 0 vertices normals

f 2269 470 832
f 390 2064 858
f 1927 440 1045
f 2069 203 1080
f 690 899 2110
f 931 303 66
f 2175 1071 939
f 1576 1214 1485
f 2021 2266 1775
f 2028 1876 1536
f 1037 1276 567
f 2195 1144 2247
f 1085 1210 1335
f 929 1490 1246
f 1017 2242 1587
f 1354 1109 973
f 2284 2002 472
f 1486 681 698
f 140 649 13
f 1743 1676 2053
f 981 1256 932
f 2194 1174 258
f 239 2254 133
f 1024 1389 1926
f 381 2147 519
f 2020 1509 2218
f 1135 501 230
f 574 708 453
f 2223 144 576
f 1300 1070 742
f 1155 69 1168
f 1242 1699 471
f 987 1672 800
f 119 1575 2236
f 230 454 755
f 1287 2169 1792
f 1419 2061 445
f 931 66 420
f 1379 335 286
f 1774 1953 1249
f 497 792 2204
f 1414 2138 1872
f 735 966 1150
f 1220 285 875
f 333 670 429
f 1873 1060 669
f 266 1760 1442
f 1264 372 976
f 674 38 1700
f 2225 612 804
f 429 352 831
f 378 789 1236
f 808 1847 1654
f 250 662 1907
f 2272 624 1501
f 36 1470 42
f 719 1659 674
f 1024 2058 732
f 1967 921 1206
f 1045 440 22
f 617 1289 983
f 1473 924 716
f 1126 105 16
f 1351 1789 1786
f 1291 1008 864
f 1806 636 259
f 1742 385 687
f 241 873 447
f 1663 1338 1099
f 2151 255 945
f 2020 1336 1667
f 1528 143 1820
f 650 402 638
f 379 913 2231
f 26 1127 1095
f 140 689 649
f 910 1677 1456
f 1057 734 513
f 700 1601 1305
f 1008 543 1784
f 1875 1496 1896
f 1842 252 1813
f 1812 1151 1050
f 1140 1529 1223
f 873 917 1097
f 1424 1090 1413
f 947 418 1949
f 632 905 1390
f 2078 943 44
f 1535 1062 575
f 1312 380 121
f 261 2138 1862
f 738 1229 838
f 1882 569 205
f 1084 2236 1940
f 1859 1508 586
f 2127 880 1012
f 552 2070 1351
f 100 151 1743
f 866 888 842
f 2056 1487 7
f 1992 2148 1647
f 1861 1121 826
f 2227 863 2045
f 1181 1405 916
f 1657 681 1297
f 517 1612 756
f 1496 2066 2206
f 2224 1481 411
f 876 1030 1606
f 77 118 773
f 2088 1368 1346
f 1354 1771 1109
f 1094 240 2233
f 1599 2217 2219
f 41 2131 357
f 346 609 540
f 1150 1006 53
f 354 1005 1609
f 846 2184 269
f 1972 1840 1778
f 519 2147 1849
f 85 602 212
f 402 1918 638
f 1076 1590 1842
f 483 1438 1386
f 1867 96 475
f 1366 1111 1359
f 2118 1203 327
f 530 243 810
f 1261 1125 2263
f 1077 1898 684
f 632 1669 545
f 1257 1106 1374
f 1932 527 806
f 381 174 2147
f 1205 1964 856
f 1795 223 70
f 1148 1666 88
f 77 693 118
f 948 2211 179
f 1676 1254 2276
f 704 666 4
f 1703 589 2086
f 83 1554 557
f 1823 2028 1665
f 1959 451 29
f 1178 2049 67
f 1958 837 1317
f 1826 2235 39
f 1207 1177 267
f 1401 1264 976
f 1437 1438 525
f 2045 238 565
f 317 1895 909
f 1723 1390 1839
f 604 741 1241
f 1590 2219 834
f 342 2144 952
f 1505 1737 1482
f 154 2094 51
f 1823 1665 1162
f 404 1169 1746
f 1893 1861 2017
f 1223 858 675
f 1547 1972 793
f 922 1987 1333
f 1430 908 819
f 1182 1570 595
f 354 1251 461
f 1509 160 896
f 1866 1892 376
f 212 1873 943
f 346 337 609
f 244 1179 463
f 2020 2218 1512
f 1905 1843 1657
f 655 1584 2114
f 16 933 981
f 1750 1391 1687
f 2281 1289 732
f 529 124 541
f 1104 405 457
f 1427 744 859
f 1149 229 1935
f 660 1767 893
f 926 2058 1024
f 984 2024 1807
f 577 1439 239
f 697 843 901
f 183 1277 370
f 729 1868 2090
f 945 255 570
f 1316 510 2136
f 636 427 259
f 1862 353 2039
f 95 927 1370
f 1988 990 1029
f 406 735 40
f 1803 1984 2097
f 911 597 1073
f 564 916 1452
f 892 948 584
f 647 1139 778
f 460 2212 1815
f 574 453 1460
f 1642 2056 7
f 1732 939 1582
f 2152 2029 738
f 1134 619 1219
f 854 184 1565
f 1854 1977 228
f 582 631 1904
f 1449 1170 403
f 1395 433 2111
f 1944 1460 1889
f 745 1126 16
f 1114 1925 1874
f 1351 1786 1987
f 1754 668 1060
f 125 647 778
f 281 1494 102
f 471 293 2068
f 2139 882 835
f 1040 812 1850
f 397 310 2174
f 156 2161 1263
f 2271 2126 1908
f 735 1150 1434
f 25 524 43
f 311 1310 742
f 1293 742 1070
f 1995 365 964
f 538 749 2265
f 835 882 1353
f 1437 1234 774
f 1952 947 1451
f 1367 679 708
f 687 1815 1184
f 1621 771 415
f 614 454 230
f 2040 337 346
f 1928 1908 1502
f 474 511 1695
f 780 247 1216
f 75 339 637
f 184 1467 250
f 1095 1194 2264
f 769 1048 892
f 370 1544 1146
f 907 1032 605
f 1130 1663 1474
f 639 2153 1983
f 1074 853 175
f 539 1298 1154
f 1719 148 330
f 2281 1720 1289
f 2200 198 1543
f 837 1081 757
f 1742 2167 1274
f 1170 1039 1719
f 1158 1809 190
f 605 876 1606
f 369 182 1855
f 572 2262 234
f 704 1556 1186
f 1074 382 853
f 1359 1902 1603
f 799 2105 1034
f 615 1399 1700
f 1450 1866 376
f 1940 1444 869
f 524 1899 1914
f 2207 654 1928
f 1072 1189 1846
f 946 1350 1794
f 731 1298 539
f 171 293 471
f 778 1323 812
f 1473 88 1464
f 1892 11 1681
f 1309 996 1376
f 148 52 2263
f 1561 960 1135
f 1057 1607 1157
f 177 1917 1658
f 349 590 1470
f 674 1399 613
f 1105 1208 1196
f 2235 791 1090
f 589 1484 1167
f 489 431 1756
f 815 2234 1477
f 1996 1340 1161
f 2246 904 2010
f 1678 1051 1158
f 1509 896 160
f 379 341 968
f 124 1025 219
f 800 737 770
f 274 1045 22
f 2197 1446 1151
f 898 288 2158
f 2207 2009 1141
f 91 1840 1790
f 769 892 462
f 1782 2148 343
f 2180 706 443
f 1106 1846 1448
f 1800 1608 1427
f 1201 1825 274
f 2117 508 1316
f 1289 97 228
f 1449 442 1039
f 2 2182 2176
f 2038 1186 435
f 1312 1419 1827
f 916 1266 1452
f 779 2018 1630
f 1773 572 139
f 183 1146 1781
f 1780 1900 1127
f 1434 53 656
f 74 2065 1169
f 1362 1381 1986
f 868 166 211
f 363 294 791
f 276 2183 1678
f 1123 1709 79
f 1578 1628 974
f 294 566 791
f 2241 1426 2258
f 2174 1394 794
f 1864 773 731
f 1711 21 680
f 880 579 2139
f 297 1342 1776
f 236 1183 215
f 1120 793 532
f 1114 282 1475
f 169 1753 374
f 700 1305 2032
f 1168 1310 779
f 817 599 1401
f 1444 138 2012
f 1719 1261 148
f 2246 1867 6
f 2281 936 1720
f 2152 196 2237
f 1242 471 1755
f 1970 303 1568
f 1825 1724 701
f 2016 1352 350
f 2238 558 1954
f 1286 2209 107
f 227 195 2205
f 975 1288 446
f 642 1921 937
f 424 1230 1945
f 1579 1983 1559
f 1373 986 1299
f 2141 1626 1180
f 1920 577 303
f 1315 1872 337
f 575 1670 801
f 1805 1974 1072
f 2076 534 966
f 416 1757 1056
f 1820 797 214
f 1774 1731 1537
f 242 1180 1100
f 697 1393 844
f 915 874 449
f 847 2195 1347
f 965 692 657
f 1905 1657 1297
f 1251 1958 461
f 1120 208 612
f 1607 265 164
f 2009 2243 1830
f 930 601 2044
f 373 1691 848
f 279 1364 90
f 1596 775 1150
f 1178 67 2091
f 1589 2242 1017
f 84 1324 1631
f 2241 1350 713
f 1136 2244 536
f 614 1884 573
f 974 625 1938
f 217 1038 2095
f 363 791 473
f 1256 788 137
f 1288 345 1138
f 2248 1322 1021
f 1031 1403 271
f 1642 7 1971
f 861 1193 1270
f 842 888 806
f 710 167 1526
f 1922 1224 188
f 1952 1451 9
f 1346 1729 1022
f 219 1312 1827
f 1499 1354 1619
f 283 2188 622
f 487 1803 187
f 2063 955 136
f 1639 1885 291
f 2263 573 1884
f 1295 909 1641
f 2007 129 1991
f 1590 834 1218
f 92 492 823
f 1318 686 309
f 1426 166 2258
f 1201 2216 113
f 2119 226 1411
f 1842 1813 1286
f 557 438 243
f 1983 840 499
f 347 1671 818
f 1856 1530 1799
f 1028 2032 1281
f 923 2276 573
f 2200 1833 1287
f 1344 1798 94
f 1699 171 471
f 34 313 434
f 1578 967 1047
f 987 1403 1031
f 40 1959 318
f 1553 1465 857
f 146 1696 1378
f 774 480 524
f 1457 1 2151
f 456 1294 380
f 1537 1993 493
f 1338 1593 473
f 553 1168 779
f 2196 1056 1757
f 1036 2033 388
f 1428 954 2268
f 940 39 1424
f 436 768 1581
f 2200 555 1730
f 2077 299 1259
f 1573 84 1845
f 2022 734 1057
f 164 583 989
f 1554 342 131
f 479 743 742
f 2107 2052 998
f 1853 246 580
f 476 927 1897
f 813 1811 1518
f 1301 1033 1436
f 1697 329 2043
f 834 1053 1218
f 1574 2197 893
f 1729 729 1022
f 1807 2143 1871
f 894 2145 2087
f 1882 205 2052
f 465 2189 288
f 1205 856 314
f 1842 1590 252
f 448 134 1795
f 1081 596 757
f 1270 686 1769
f 760 1281 1596
f 1100 1614 1756
f 1465 1320 762
f 261 1862 232
f 761 1919 662
f 1550 392 1415
f 1764 952 1345
f 108 47 1097
f 1746 35 2100
f 910 1650 1982
f 151 2179 1743
f 1371 1527 975
f 1745 220 721
f 2187 2164 1265
f 1473 1753 88
f 1201 113 1860
f 789 45 65
f 50 1608 1800
f 488 1517 1964
f 181 801 704
f 2250 333 393
f 40 1434 656
f 1598 1665 1594
f 1944 830 367
f 439 1217 1726
f 2205 195 1787
f 1607 644 1602
f 2047 845 2011
f 1650 389 1982
f 1030 1122 1074
f 397 2115 2134
f 483 1871 503
f 1996 569 1882
f 1309 1052 739
f 1517 580 813
f 848 60 206
f 1491 1709 1123
f 2260 935 795
f 198 169 1543
f 1765 1615 1955
f 1883 1605 1967
f 1676 55 755
f 228 233 1396
f 1452 2037 688
f 1145 1615 1765
f 377 969 673
f 1745 1981 220
f 412 1108 1811
f 1213 1960 479
f 478 1952 1829
f 3 402 650
f 2017 1861 2023
f 1303 1245 1422
f 1953 157 1249
f 675 2140 776
f 1563 896 160
f 480 1961 620
f 1266 2283 2037
f 1172 2178 2269
f 825 999 1081
f 196 567 643
f 482 1990 2238
f 1277 2201 370
f 368 861 1270
f 55 2135 2228
f 984 210 2024
f 1488 222 468
f 1211 2069 1407
f 190 1809 309
f 1890 1740 1766
f 1037 2116 1276
f 456 610 1268
f 663 178 754
f 490 578 1272
f 405 1061 238
f 1634 117 1095
f 521 919 561
f 1178 757 2049
f 1101 1834 607
f 2085 1698 1093
f 830 900 367
f 705 2165 1516
f 826 2033 1036
f 719 62 2241
f 2100 2227 899
f 577 239 150
f 638 1918 407
f 1522 1906 486
f 449 23 592
f 1858 1604 230
f 66 1144 420
f 2131 360 299
f 1268 1208 1385
f 1976 1215 28
f 1430 667 1905
f 1693 227 293
f 436 1747 2082
f 1409 1748 1844
f 1034 482 1990
f 1752 1973 2242
f 264 362 1397
f 2031 1159 805
f 890 162 1979
f 1280 516 1431
f 2220 2124 122
f 410 77 306
f 1268 752 191
f 32 702 645
f 2214 995 474
f 1085 1049 693
f 550 367 1028
f 1326 2108 2022
f 1793 94 1942
f 327 391 1688
f 1671 385 1742
f 574 2076 63
f 1862 2138 1166
f 482 685 1990
f 294 1557 566
f 1446 1751 994
f 796 1901 1937
f 288 2189 1124
f 1369 2161 2157
f 1320 1658 1324
f 1639 291 450
f 1440 1520 1395
f 1875 1027 392
f 1105 1196 1004
f 98 1683 1785
f 998 161 722
f 1411 47 1349
f 1329 1685 2249
f 898 871 238
f 507 1206 2270
f 1180 1626 1700
f 1255 746 1475
f 614 573 1254
f 754 178 1560
f 344 86 2119
f 1173 429 831
f 2205 1787 302
f 240 1411 1349
f 1838 1850 720
f 470 699 1531
f 1111 1285 1359
f 596 1773 1204
f 1831 2277 30
f 788 1975 137
f 2179 444 82
f 45 2092 65
f 199 2059 2129
f 2036 1648 576
f 318 850 2230
f 1671 1274 818
f 142 219 1961
f 826 650 2033
f 570 2146 1651
f 718 472 1361
f 1486 952 2144
f 1684 1514 345
f 930 2044 308
f 2152 2237 763
f 1031 271 1672
f 1209 185 1367
f 147 2165 705
f 833 1800 167
f 1129 1552 251
f 1997 1736 1686
f 1525 351 714
f 48 1817 561
f 277 453 679
f 1413 512 1982
f 127 1725 1883
f 884 24 950
f 1064 706 2180
f 2187 804 2164
f 1795 5 223
f 1856 294 363
f 682 307 1822
f 11 962 1652
f 1281 2032 1934
f 2093 309 2072
f 2152 738 1962
f 2268 954 72
f 1526 1001 920
f 1555 1010 568
f 1305 262 2149
f 2158 626 2183
f 978 95 1056
f 1990 680 2238
f 2220 1235 1963
f 1499 1423 1354
f 1105 2130 1385
f 1436 1267 1626
f 752 929 1360
f 343 1743 2053
f 930 477 1330
f 1970 1144 66
f 27 792 497
f 2190 1275 1480
f 1827 1419 14
f 1694 808 2024
f 895 1513 954
f 1489 1911 1521
f 2255 2181 478
f 2278 1114 452
f 986 1286 1377
f 1892 1681 1269
f 101 1293 1789
f 805 1149 1408
f 536 2244 3
f 1858 230 1313
f 1590 1218 180
f 1978 1842 1128
f 2211 1241 1341
f 2047 2011 265
f 1582 1933 936
f 736 1059 1857
f 1954 437 1879
f 831 1273 166
f 2196 1103 803
f 220 2081 1844
f 2163 2004 684
f 651 1472 61
f 1872 2138 609
f 1507 1868 729
f 1773 139 1204
f 1069 1976 1688
f 388 209 2201
f 417 769 1572
f 1265 1352 2016
f 1828 780 1152
f 2100 35 457
f 219 1827 1936
f 1368 1729 1346
f 1696 1545 2038
f 1979 556 528
f 855 1946 1620
f 817 1887 411
f 1765 1955 1461
f 752 1360 599
f 575 801 181
f 1433 1947 427
f 476 1280 1942
f 1899 1773 999
f 1068 2265 1981
f 9 1451 1541
f 1076 104 1590
f 1854 1074 1977
f 1407 441 1011
f 2109 1359 1603
f 1693 630 1483
f 2050 1528 1820
f 368 1270 390
f 1463 1560 1210
f 1911 1717 990
f 2111 433 925
f 1784 50 833
f 321 377 673
f 24 455 1240
f 809 915 824
f 390 1318 2064
f 1582 1071 1933
f 757 596 2255
f 1120 1296 793
f 593 1082 1325
f 48 1458 85
f 1524 1761 1692
f 476 1897 1280
f 441 1571 2246
f 1061 87 898
f 1520 928 1395
f 2158 1020 626
f 797 69 1155
f 2218 2125 428
f 82 444 55
f 1924 1777 2122
f 1408 1519 587
f 738 81 1962
f 380 316 610
f 444 851 2135
f 2185 867 192
f 923 1676 2276
f 1315 337 623
f 2183 626 979
f 1903 1131 746
f 2168 2075 1611
f 580 1319 412
f 410 693 77
f 217 2095 647
f 208 532 1624
f 379 968 913
f 1946 701 1620
f 1492 1198 1881
f 787 1591 710
f 1504 1988 1994
f 2046 2168 1215
f 364 1963 1644
f 1643 912 1525
f 1090 791 1402
f 261 232 2039
f 1683 1602 1785
f 1193 276 1678
f 565 871 2089
f 1621 41 771
f 1607 164 644
f 649 1224 1922
f 401 478 1829
f 1989 231 1079
f 1313 1262 665
f 257 407 448
f 129 49 1991
f 2200 1287 555
f 1063 1346 1136
f 633 1806 8
f 140 2262 1092
f 817 1401 1887
f 68 79 961
f 649 689 1224
f 646 976 604
f 120 1317 717
f 1999 961 1213
f 185 679 1367
f 1744 1839 1390
f 1581 1084 1649
f 1754 1060 2079
f 1080 1087 1759
f 178 1210 1560
f 1934 2059 199
f 1214 224 2107
f 1437 25 2154
f 1115 1923 485
f 1415 392 1499
f 707 770 552
f 1610 553 1632
f 1554 1764 724
f 795 935 1806
f 632 545 1779
f 13 914 2262
f 2145 2022 2108
f 2171 1499 442
f 45 1043 474
f 2185 192 421
f 2168 1611 1215
f 893 2197 1812
f 2120 452 1189
f 990 613 1029
f 2283 1925 111
f 1147 1686 486
f 971 1906 1627
f 1353 1838 1232
f 979 277 185
f 1042 2233 1921
f 289 538 1068
f 1379 1525 335
f 2068 302 269
f 936 537 1720
f 1717 674 613
f 12 375 147
f 751 1162 1665
f 264 2232 1828
f 2227 2045 2110
f 1734 589 1703
f 2214 474 1043
f 1331 2069 1211
f 132 687 1184
f 839 2210 465
f 294 379 1557
f 1658 1600 1324
f 1725 1605 1883
f 2164 645 1352
f 1369 2078 2041
f 758 1441 1495
f 1361 1698 2085
f 601 1796 1660
f 1797 388 2201
f 373 671 1228
f 913 1153 828
f 1417 1726 648
f 291 108 917
f 1559 1983 499
f 230 755 2228
f 1891 2144 342
f 674 1156 38
f 2172 1248 1687
f 69 1213 479
f 17 1537 493
f 2190 858 629
f 346 2202 1278
f 1515 805 1408
f 955 1736 136
f 1485 315 969
f 60 1562 1160
f 270 1273 872
f 1022 729 1551
f 464 1857 311
f 1052 642 739
f 2066 1024 1926
f 2165 249 1516
f 2284 1690 1421
f 842 1832 2146
f 198 1330 748
f 1135 1604 1858
f 467 1854 2198
f 327 750 1465
f 207 683 1110
f 392 1027 1423
f 159 194 1314
f 1472 355 61
f 269 1166 2138
f 461 1317 993
f 791 566 1402
f 761 2230 436
f 234 494 418
f 2020 1512 1336
f 1 547 255
f 246 1558 1319
f 1247 1782 300
f 1682 1901 796
f 220 1844 156
f 842 1019 1832
f 592 707 1791
f 797 1155 728
f 892 1709 1491
f 1821 304 236
f 1375 2087 1445
f 614 1254 755
f 2094 1758 213
f 676 1562 60
f 554 1199 1033
f 668 1227 170
f 1862 1898 1077
f 1993 931 493
f 1308 1579 1559
f 738 838 81
f 511 2104 1695
f 1278 2202 1974
f 447 2026 46
f 1174 1348 1559
f 1957 2112 1283
f 2282 677 102
f 1346 2244 1136
f 196 643 2237
f 1573 1845 64
f 1135 230 1604
f 1071 1542 807
f 467 1854 228
f 2118 857 941
f 1266 225 2283
f 1051 1506 2060
f 1333 1987 1328
f 1496 1580 2066
f 556 1996 80
f 619 2252 1219
f 1742 687 132
f 1658 1917 244
f 2209 1107 865
f 394 1117 130
f 12 652 1364
f 12 147 1788
f 1292 1765 430
f 1332 1474 204
f 738 2029 690
f 1915 306 1314
f 1116 2225 804
f 1001 611 1119
f 1476 1295 845
f 1183 1753 1473
f 1202 1932 866
f 1282 678 1744
f 1157 1602 1683
f 862 1469 2166
f 158 979 185
f 794 1394 292
f 814 2166 2215
f 1293 1622 1023
f 298 597 1203
f 1650 1456 1392
f 1521 1504 1618
f 42 595 1739
f 2256 1774 1660
f 1615 970 1955
f 1021 1927 1045
f 1754 1227 668
f 2196 1757 803
f 941 500 655
f 349 1793 590
f 492 1353 1232
f 2008 994 1621
f 150 1783 1568
f 434 313 174
f 1328 1505 1482
f 1380 1408 587
f 283 622 326
f 951 2278 76
f 2042 183 305
f 631 2008 2155
f 1134 1219 2133
f 489 369 1592
f 1878 1647 1247
f 585 2132 606
f 922 1351 189
f 696 14 1091
f 478 2181 1952
f 1265 2164 1352
f 742 1310 1704
f 1387 1119 962
f 86 226 2119
f 619 2048 1440
f 218 2270 59
f 1681 2056 1735
f 1365 2173 1654
f 2127 1686 1736
f 1838 125 1040
f 1992 305 100
f 976 1768 604
f 540 603 2202
f 786 1625 699
f 1668 386 2263
f 2109 2001 2019
f 154 51 1617
f 1124 2167 54
f 1074 175 233
f 1030 1538 1606
f 1702 318 2230
f 2041 2078 44
f 408 546 741
f 1729 1507 729
f 1666 667 819
f 178 1335 1210
f 85 212 2137
f 2278 1925 1114
f 1914 1899 999
f 334 1128 986
f 1307 438 2020
f 142 124 219
f 1362 758 1381
f 2218 1638 2125
f 837 1178 717
f 2020 438 1509
f 53 1488 740
f 1377 1286 107
f 1430 819 667
f 581 1719 20
f 1714 1358 1669
f 1492 176 15
f 973 175 459
f 546 106 1238
f 1948 26 2254
f 1937 1615 1145
f 748 287 2015
f 376 1269 2179
f 1722 682 1822
f 396 1770 173
f 506 1755 1503
f 703 671 1757
f 1220 1931 684
f 1943 122 630
f 220 2214 721
f 1699 468 171
f 1591 1784 833
f 1193 1158 190
f 112 636 935
f 1241 1238 1341
f 1746 1169 35
f 134 787 5
f 1436 115 2172
f 728 1155 1532
f 2244 266 1442
f 1531 1625 2210
f 1967 1015 887
f 2223 1852 2177
f 859 560 1740
f 992 1229 1275
f 598 505 902
f 852 810 243
f 1224 2027 188
f 2071 2037 2283
f 1148 88 1753
f 19 1339 594
f 1319 1819 412
f 638 407 257
f 869 2012 1335
f 1569 2224 2027
f 657 2240 316
f 2011 1641 2096
f 1679 427 636
f 262 1253 2063
f 1869 1831 1608
f 502 1507 1729
f 1434 1150 53
f 32 356 702
f 1998 1371 1985
f 1688 1976 28
f 950 24 1240
f 347 818 1625
f 1495 1129 2025
f 1995 1761 1212
f 581 126 358
f 584 1041 1709
f 814 862 2166
f 291 917 873
f 1634 2065 588
f 1375 1445 1724
f 1376 193 867
f 226 2005 1411
f 1630 2018 272
f 958 1863 2192
f 1234 541 142
f 126 330 960
f 2153 258 1983
f 1312 965 380
f 1021 253 1927
f 150 239 74
f 1019 1296 1120
f 678 1635 634
f 1194 993 1317
f 2067 506 1503
f 237 1252 2280
f 563 1756 1100
f 87 465 1410
f 1964 1518 856
f 242 1033 1301
f 1002 183 2042
f 1600 194 159
f 91 1865 1840
f 1671 163 385
f 854 1367 1467
f 1649 1084 1940
f 2028 1536 1594
f 1388 356 1624
f 37 1108 876
f 1060 668 1226
f 2087 221 256
f 1723 1669 2203
f 2158 288 1020
f 140 1091 715
f 342 952 658
f 1856 1356 1530
f 2147 73 2031
f 1603 375 12
f 768 119 1084
f 2119 1411 1586
f 242 1100 1756
f 361 1841 1459
f 2123 820 10
f 1799 488 341
f 893 1767 799
f 842 806 548
f 330 148 1135
f 1656 1879 481
f 2251 1627 798
f 475 146 1378
f 2170 1573 64
f 505 45 902
f 597 109 235
f 1033 1199 2271
f 2021 1775 949
f 1130 1443 884
f 733 922 508
f 2071 202 111
f 1639 450 1302
f 430 1765 1461
f 1875 2186 1496
f 532 793 290
f 352 905 1273
f 1612 639 756
f 1028 700 2032
f 921 1162 751
f 1605 51 1015
f 244 663 1179
f 1229 1480 1275
f 1826 473 2235
f 306 77 773
f 1916 1561 1165
f 1805 1072 1106
f 1421 2204 144
f 1437 1386 1438
f 1641 909 940
f 1660 493 1009
f 1996 1161 569
f 2254 26 1095
f 1536 1912 1065
f 951 2121 2278
f 392 1423 1499
f 923 2102 1676
f 2237 643 2247
f 430 1461 2253
f 1823 1876 2028
f 2173 1808 1089
f 1364 705 1432
f 741 1238 1241
f 567 1718 1843
f 1576 1680 2208
f 1706 953 1581
f 897 1535 1493
f 1836 268 1749
f 1492 1881 176
f 2047 265 1607
f 1330 287 748
f 2209 865 1052
f 222 2251 1334
f 858 1318 1073
f 1226 664 419
f 1260 275 263
f 1398 2261 1752
f 801 615 324
f 1490 571 1462
f 105 1455 1689
f 95 1370 1056
f 361 98 1841
f 1369 2137 2078
f 2202 76 2120
f 1547 91 1790
f 1546 894 711
f 215 538 289
f 304 2054 236
f 259 427 1947
f 632 1390 2203
f 1238 1417 1341
f 1157 1607 1602
f 2216 894 1375
f 2086 1055 1075
f 942 606 1989
f 2178 120 2128
f 792 2036 2204
f 357 299 2077
f 289 1068 2259
f 1187 718 1361
f 562 2258 868
f 338 1446 1113
f 1478 1914 825
f 1734 632 589
f 1958 825 1081
f 1178 2091 717
f 1086 2118 941
f 1461 1775 2266
f 2155 2008 1564
f 490 1272 1252
f 432 2229 526
f 1850 812 691
f 1870 1365 1847
f 2177 1496 2186
f 418 494 1949
f 1694 1870 808
f 123 1348 1174
f 1830 1643 1562
f 1105 1673 2130
f 1324 159 1631
f 1000 1196 1208
f 770 2070 552
f 186 2036 792
f 140 1092 1091
f 1774 1537 1306
f 64 1845 549
f 312 135 349
f 331 1336 1633
f 522 1851 1148
f 1330 2074 287
f 1750 1687 1248
f 1336 1512 1754
f 1537 697 1993
f 1925 2226 1255
f 562 1350 2258
f 1465 177 1320
f 1183 374 1753
f 383 1428 2268
f 1903 746 1255
f 630 2124 2163
f 584 179 1041
f 2189 818 1274
f 1371 1792 2169
f 210 1694 2024
f 1978 723 1772
f 472 2002 1698
f 559 1882 2052
f 382 1653 386
f 1969 633 2106
f 1921 1639 937
f 1351 2070 101
f 1514 289 2259
f 318 1959 29
f 1104 772 405
f 2077 1259 1472
f 40 656 1959
f 300 1782 923
f 1118 767 959
f 1760 1918 1442
f 1248 1141 2009
f 2026 1097 245
f 680 558 2238
f 1321 1313 665
f 1074 2239 382
f 1548 781 1662
f 1964 813 1518
f 1705 897 96
f 1309 1929 889
f 236 215 1684
f 806 1337 1019
f 220 156 2214
f 211 166 1273
f 778 1139 1323
f 2178 2128 2269
f 649 1922 914
f 177 1658 1320
f 1854 1713 300
f 1431 1567 1708
f 2256 1796 1774
f 1395 928 433
f 1676 755 1254
f 1742 132 2167
f 968 314 551
f 1622 464 311
f 112 1679 636
f 809 824 571
f 390 1270 1769
f 71 424 1945
f 992 2275 2116
f 1888 1454 1902
f 1760 1291 864
f 434 174 381
f 468 1334 171
f 1374 1448 1088
f 1255 1475 1874
f 841 1517 488
f 970 1374 307
f 2193 1120 612
f 1177 1396 1109
f 836 618 1588
f 1915 410 306
f 1325 1082 1196
f 1263 1369 2041
f 1751 145 297
f 2024 808 2143
f 1574 661 1034
f 1841 27 497
f 2163 2124 2004
f 79 1041 18
f 994 1640 1621
f 332 789 201
f 678 634 1839
f 909 1895 39
f 1689 1880 1975
f 868 211 284
f 605 1606 1538
f 1532 1155 553
f 600 1697 1003
f 1027 1207 1423
f 1754 2034 2114
f 1850 1237 1405
f 577 150 1568
f 1967 887 725
f 1484 283 1167
f 971 486 1906
f 2272 1863 1852
f 2281 33 1720
f 612 208 32
f 1282 1516 678
f 68 961 1999
f 2210 818 2189
f 567 681 1718
f 1831 413 2277
f 2113 1907 662
f 2096 940 1230
f 1750 666 1391
f 1743 82 1676
f 2182 19 2176
f 1218 1053 1956
f 49 795 633
f 1668 382 386
f 1914 999 825
f 1978 1128 723
f 54 1837 496
f 1312 445 2061
f 347 977 163
f 414 1357 116
f 2042 305 1819
f 1859 879 2000
f 1201 22 2216
f 249 2101 1635
f 1855 2030 1772
f 67 401 786
f 253 2051 533
f 432 586 1508
f 1853 580 1517
f 1680 969 377
f 712 1429 1937
f 1163 1801 1948
f 204 1826 1895
f 204 1099 1826
f 1969 2106 1329
f 135 1793 349
f 293 227 2205
f 1001 1119 1387
f 1233 359 1132
f 806 1019 548
f 1383 1309 889
f 182 1132 1855
f 1382 549 1403
f 239 588 74
f 611 1427 859
f 586 526 879
f 2218 428 1512
f 1358 321 545
f 563 1180 1143
f 635 2029 763
f 1215 1611 319
f 558 1618 1954
f 1384 1563 1509
f 1046 559 1552
f 1958 1317 461
f 1957 1283 2175
f 13 649 914
f 1093 1449 403
f 944 1866 1450
f 2099 107 1052
f 2107 1126 745
f 179 248 89
f 991 358 329
f 1333 1328 2035
f 283 326 585
f 134 5 1795
f 1313 2135 1262
f 2114 1584 1227
f 805 1159 1149
f 161 1185 2062
f 1137 368 390
f 1945 1413 583
f 1450 376 151
f 1194 1317 1133
f 321 283 1484
f 1271 2272 1852
f 1735 2056 1642
f 1294 121 380
f 1748 2157 2161
f 2263 386 1653
f 1130 1474 1567
f 1233 877 1500
f 1461 1955 1775
f 1896 2206 254
f 1764 131 658
f 298 1007 628
f 1565 2113 247
f 801 1267 1687
f 1670 1399 615
f 1279 846 1414
f 448 1795 152
f 1139 949 1323
f 211 872 284
f 1694 484 1870
f 718 878 1690
f 562 868 1233
f 1854 907 1030
f 973 1109 175
f 2059 1147 2129
f 829 1920 931
f 838 1229 2116
f 358 126 1561
f 2046 1171 2168
f 1764 1223 1529
f 1283 605 320
f 1101 1236 332
f 2099 1309 1383
f 37 876 605
f 1143 1180 38
f 436 850 1747
f 277 1221 453
f 1098 1843 1905
f 1402 1557 1982
f 1998 1953 1774
f 1847 1365 1654
f 1427 396 744
f 784 1098 387
f 1365 1808 2173
f 2162 507 218
f 881 1762 1054
f 740 1488 468
f 53 451 656
f 1 2268 547
f 1720 1032 907
f 1279 1414 1315
f 1186 1556 435
f 402 1442 1918
f 92 798 1627
f 416 1056 1357
f 495 1757 671
f 680 2238 1759
f 1323 949 682
f 1341 1417 1250
f 781 2027 1224
f 2050 1162 725
f 2176 1881 1655
f 1895 1826 39
f 2151 1 255
f 2127 1065 880
f 436 2082 768
f 1745 721 505
f 1615 1257 970
f 2082 155 1279
f 2283 111 202
f 2277 2016 350
f 1453 1285 1111
f 1366 2010 1111
f 43 1478 1900
f 1698 2171 1093
f 1050 1446 994
f 694 1705 96
f 966 1596 1150
f 669 1060 906
f 1571 694 2246
f 1044 2225 1116
f 1407 1011 2213
f 244 207 663
f 869 1444 2012
f 1239 36 2245
f 974 1628 1692
f 635 93 2029
f 1280 1708 1942
f 16 105 933
f 1888 855 1454
f 1548 1662 445
f 277 496 1221
f 298 1203 1007
f 600 137 1175
f 258 840 1983
f 1034 1990 1080
f 1760 864 726
f 2201 209 709
f 1931 1077 684
f 2248 274 1946
f 1734 905 632
f 2109 2019 172
f 1576 2101 811
f 1232 822 1405
f 620 572 280
f 1268 610 1208
f 1515 1408 1380
f 1305 2149 1909
f 552 1351 849
f 1326 361 2108
f 2206 617 1523
f 342 658 131
f 1819 305 1992
f 335 714 2261
f 1629 2273 143
f 1936 1827 14
f 1318 2072 911
f 950 1240 1530
f 904 6 1453
f 407 134 448
f 489 1592 431
f 229 1797 1935
f 1237 165 1266
f 643 618 2247
f 265 2011 71
f 399 747 1903
f 2202 603 76
f 1159 229 1149
f 920 962 11
f 1870 2215 1365
f 1978 2030 1076
f 1854 300 1713
f 913 968 551
f 1336 2079 1633
f 2002 1550 1415
f 1431 1130 1567
f 1236 789 332
f 1097 2016 245
f 73 1893 2017
f 1140 675 776
f 458 502 1368
f 275 1489 1521
f 832 470 1531
f 1901 1278 1974
f 828 1153 1677
f 1012 486 1686
f 1758 1528 515
f 544 2119 2267
f 2192 1650 1392
f 437 57 1705
f 475 1378 2048
f 1183 1473 716
f 904 1453 1111
f 1025 1312 219
f 354 1609 1251
f 2073 1471 981
f 482 2238 680
f 113 2216 1546
f 510 938 1645
f 1851 387 1098
f 1095 498 1194
f 1870 814 2215
f 1351 1987 189
f 1995 964 521
f 384 1169 2065
f 1071 972 1032
f 159 1314 271
f 1437 774 25
f 446 1661 484
f 1663 1099 1474
f 444 1968 301
f 29 506 2067
f 2120 1189 1072
f 1219 2252 1420
f 198 748 2015
f 1165 216 1858
f 1814 426 770
f 761 662 1702
f 154 494 1191
f 914 417 815
f 359 2030 1978
f 1213 1980 1960
f 914 815 1191
f 906 419 1675
f 721 2214 1043
f 1360 1264 1401
f 2254 117 133
f 758 1495 1381
f 736 2253 1059
f 2271 1908 1928
f 918 1057 1157
f 2197 1113 1446
f 1152 780 1216
f 1668 175 608
f 770 1802 2070
f 1972 1778 1766
f 1190 1176 431
f 2236 1575 2142
f 574 63 1367
f 343 1676 2102
f 1941 690 2110
f 7 1824 1971
f 1453 1134 1285
f 462 1491 542
f 1723 1839 634
f 365 1212 342
f 484 1661 1870
f 1778 1840 1865
f 560 744 1388
f 1619 1354 1738
f 2220 1181 1235
f 1815 2212 507
f 673 2073 2188
f 936 1071 537
f 1382 426 1814
f 1096 9 1725
f 63 250 1467
f 1177 1109 1771
f 2038 435 1520
f 883 447 325
f 877 2176 1655
f 2212 1967 1206
f 1492 15 1076
f 1327 815 1712
f 1187 1340 878
f 1750 1248 666
f 1911 990 1504
f 597 235 1142
f 659 1817 48
f 1900 1609 1127
f 1516 1635 678
f 2272 1501 1863
f 1459 1841 497
f 2044 1009 308
f 422 1589 278
f 1733 214 728
f 71 1945 583
f 1054 281 487
f 1287 601 1730
f 384 35 1169
f 877 1198 1492
f 1490 1462 1246
f 1435 1793 135
f 602 331 1633
f 1791 849 1351
f 802 2281 1707
f 836 616 1347
f 1709 1041 79
f 1440 1395 2051
f 1381 2025 870
f 942 1989 1923
f 784 1588 1843
f 1215 518 1810
f 616 766 1347
f 743 187 1803
f 859 744 560
f 456 121 1294
f 1485 745 315
f 1678 158 1051
f 1533 1933 1400
f 69 479 1168
f 1269 1968 444
f 375 1362 1986
f 592 549 1382
f 614 230 501
f 359 1585 1492
f 145 1366 297
f 1868 627 2185
f 417 188 769
f 2219 2217 1416
f 2009 1830 676
f 433 703 416
f 1079 1457 2151
f 1184 2162 830
f 300 1122 1030
f 1261 52 148
f 413 245 2016
f 1712 1477 934
f 973 459 1668
f 1024 732 1389
f 373 495 671
f 1693 1943 630
f 528 1728 1046
f 1320 1324 84
f 1793 1942 590
f 1918 726 407
f 2028 1594 1665
f 1312 121 445
f 998 722 1126
f 856 1957 1732
f 1189 452 1475
f 1741 1094 988
f 1354 267 1771
f 1094 1586 240
f 1449 1039 1170
f 1679 1376 1433
f 162 221 591
f 1495 1479 1129
f 591 1459 1244
f 1066 2223 2186
f 1799 841 488
f 771 357 2077
f 1533 1732 1102
f 147 1381 870
f 2201 709 370
f 85 810 852
f 759 419 1363
f 412 1819 1992
f 2005 1044 1116
f 345 1514 1138
f 1355 1475 746
f 772 2269 832
f 809 1363 915
f 432 932 2229
f 294 341 379
f 1587 99 1121
f 2045 863 238
f 703 1228 671
f 554 1756 431
f 1329 2106 1836
f 1248 2009 1555
f 1167 283 585
f 1214 2107 745
f 1165 2098 91
f 556 1244 1996
f 408 2080 546
f 563 885 489
f 910 1456 1650
f 1951 1692 1995
f 542 1123 1894
f 286 1398 422
f 854 1565 1397
f 912 351 1525
f 2125 655 1818
f 774 142 480
f 43 1914 1478
f 1421 1066 1550
f 531 525 1540
f 1441 1479 1495
f 613 1399 1670
f 543 1197 1784
f 319 683 207
f 551 1533 1400
f 2023 1036 229
f 864 1591 787
f 2261 1222 1063
f 128 1540 503
f 2130 1490 929
f 110 635 763
f 2022 2245 1476
f 977 1096 163
f 716 749 538
f 1477 462 542
f 1888 2133 855
f 1970 66 303
f 1134 2133 1888
f 1966 2129 1835
f 1575 1279 1315
f 2075 953 1706
f 89 2280 881
f 193 883 867
f 945 1651 1044
f 1071 1763 1542
f 775 199 1006
f 629 621 1275
f 1382 1403 987
f 1826 1099 473
f 1302 450 241
f 1119 859 1740
f 142 1961 480
f 722 1455 105
f 1338 1356 1593
f 2010 904 1111
f 2207 2243 1637
f 175 853 382
f 2090 421 1291
f 1225 1924 2122
f 1239 1613 36
f 1053 1886 1956
f 1126 722 105
f 773 1292 731
f 1812 1050 631
f 1220 1644 285
f 2006 2144 1891
f 1548 456 191
f 1086 1007 2118
f 716 924 749
f 80 1996 1882
f 949 1112 682
f 1791 1351 423
f 1401 976 646
f 521 561 695
f 1019 1337 1296
f 604 1768 741
f 449 874 23
f 563 38 1156
f 196 1037 567
f 1909 2149 1997
f 1330 477 2074
f 988 1921 58
f 1106 1448 1374
f 1027 254 1207
f 2168 1171 1216
f 1890 1766 1778
f 744 173 1388
f 441 2010 535
f 479 742 1704
f 327 1616 750
f 415 771 1597
f 1473 1464 924
f 335 2261 1398
f 1761 342 1212
f 651 61 641
f 286 335 1398
f 1856 1799 294
f 1774 1306 1660
f 1554 724 1384
f 276 2158 2183
f 1548 1569 781
f 1635 2101 2208
f 1781 1544 1450
f 132 1837 2167
f 2240 1208 610
f 603 951 76
f 1806 502 458
f 1378 1696 2048
f 1510 1515 891
f 275 1521 263
f 522 169 295
f 240 47 108
f 1392 1024 2066
f 1909 1997 2059
f 325 447 46
f 2112 37 1283
f 1734 1273 905
f 440 135 312
f 659 1566 1817
f 773 118 1292
f 405 238 863
f 195 684 1787
f 241 450 873
f 1872 609 337
f 5 1526 223
f 2282 1498 677
f 21 1564 640
f 704 1391 666
f 945 570 1651
f 1448 1846 1131
f 1533 1102 1933
f 980 842 2146
f 1621 1640 41
f 739 642 937
f 527 2043 1225
f 1747 155 2082
f 2127 1012 1686
f 411 1887 646
f 1000 1208 2240
f 49 633 1969
f 1727 920 11
f 1536 1065 955
f 893 799 1034
f 1051 2060 1809
f 1277 1797 2201
f 1691 676 60
f 2245 1511 1476
f 1695 1325 1000
f 606 2132 1192
f 1671 1742 1274
f 261 609 2138
f 1990 685 1080
f 21 558 680
f 650 638 2033
f 2180 443 1880
f 1260 1118 275
f 413 2016 2277
f 2007 1991 2126
f 1415 1499 2171
f 1751 141 1640
f 957 1999 797
f 366 2190 1229
f 1758 1712 934
f 236 2054 374
f 273 464 1622
f 910 1982 1258
f 433 416 925
f 1292 1145 1765
f 1897 381 519
f 237 490 1252
f 1975 1466 1404
f 1764 1275 621
f 709 944 1544
f 567 1843 1588
f 931 637 339
f 1493 181 1545
f 2175 1283 320
f 1283 37 605
f 1147 486 971
f 1583 654 2207
f 1376 867 627
f 531 2221 525
f 920 1001 1387
f 697 844 1163
f 118 712 1145
f 1570 2279 1708
f 383 2268 1
f 325 46 1721
f 1811 1108 2112
f 1006 199 1966
f 1965 565 861
f 175 382 608
f 474 995 511
f 2096 1230 424
f 147 870 2165
f 2048 1696 2038
f 403 1170 820
f 1448 1131 1088
f 1806 458 8
f 1608 396 1427
f 2216 894 1546
f 1382 800 426
f 1232 720 822
f 103 2266 2021
f 257 448 209
f 1968 851 301
f 1711 1564 21
f 1910 1311 1745
f 385 460 687
f 1174 499 840
f 1377 2099 1383
f 309 2060 1828
f 592 23 549
f 2000 1428 383
f 2048 2038 1520
f 1956 988 1107
f 923 382 2239
f 1104 457 35
f 589 1779 1484
f 306 773 1864
f 1189 1475 1355
f 897 1493 146
f 147 705 652
f 186 1648 2036
f 574 1460 534
f 2249 1749 351
f 724 1140 776
f 925 1357 414
f 1487 653 1447
f 806 1225 1337
f 290 1766 560
f 1436 2207 115
f 967 1938 1566
f 1558 1002 2042
f 28 1810 1616
f 760 1028 1281
f 864 1008 1591
f 2173 2221 531
f 801 1687 704
f 738 1497 1229
f 1242 740 1699
f 93 899 690
f 927 381 1897
f 2177 1852 1863
f 1383 1679 112
f 2000 383 1930
f 2233 240 291
f 931 420 637
f 375 1986 147
f 1973 536 99
f 1093 2171 1449
f 150 110 1783
f 2133 1322 2248
f 93 2100 899
f 2046 1215 1976
f 2129 1147 971
f 1578 1938 967
f 70 223 1727
f 1541 51 1605
f 192 543 421
f 2156 384 2065
f 1868 2185 421
f 341 488 1205
f 2174 153 1394
f 1109 1396 175
f 1689 1975 788
f 1104 1172 772
f 943 669 1534
f 614 755 454
f 2265 1409 2081
f 2069 1080 1418
f 1075 942 1115
f 2190 1480 1229
f 1093 403 2123
f 1816 1556 568
f 99 3 1121
f 2009 1637 2243
f 221 1459 591
f 2216 1636 894
f 371 1116 2187
f 1777 1165 91
f 657 316 380
f 242 554 1033
f 422 1398 1589
f 1816 1228 703
f 2095 103 2021
f 154 1617 494
f 1179 754 194
f 2002 1415 1698
f 803 34 95
f 1801 2154 1900
f 1939 1104 35
f 1601 262 1305
f 174 73 2147
f 390 1769 1318
f 1987 1293 2159
f 604 1241 948
f 1419 1662 715
f 409 1822 747
f 521 964 919
f 2032 1305 1909
f 1316 425 510
f 865 1107 642
f 76 2278 452
f 312 1613 1636
f 1165 1321 2098
f 958 1392 1580
f 890 1979 1479
f 310 2097 2174
f 1537 1731 697
f 252 180 1813
f 1818 2114 2034
f 559 80 1882
f 703 1757 416
f 1108 1247 876
f 1095 1609 498
f 254 1523 1207
f 401 1829 977
f 1381 1495 2025
f 2259 1068 753
f 1020 277 979
f 2172 115 1248
f 1341 1250 248
f 492 1232 823
f 997 207 244
f 1902 1454 375
f 803 1103 394
f 2109 1603 2001
f 1612 1394 639
f 550 1028 760
f 1836 8 458
f 1930 383 1457
f 1180 1756 1614
f 1862 1166 1898
f 1987 1786 1293
f 563 1143 38
f 296 2041 44
f 767 1597 651
f 48 561 1458
f 927 434 381
f 590 1942 1708
f 1293 1023 742
f 194 1463 1314
f 146 1493 1696
f 1731 1393 697
f 1436 2172 1687
f 1927 1435 440
f 1854 1030 1074
f 1053 1416 1886
f 1733 728 1876
f 488 1964 1205
f 30 2277 1770
f 915 672 824
f 1034 203 2069
f 1478 1609 1900
f 1342 2109 172
f 1574 338 2197
f 882 125 1838
f 47 371 2187
f 1580 1392 2066
f 1233 1058 877
f 1908 1329 2249
f 1300 742 743
f 886 1482 310
f 25 1900 2154
f 451 740 1242
f 1955 1112 1775
f 1518 2112 1957
f 40 735 1434
f 1377 107 2099
f 1901 1805 1937
f 1751 297 141
f 1119 1740 1890
f 1762 2282 102
f 2205 195 684
f 868 877 1058
f 476 1370 927
f 635 404 1746
f 1082 466 1004
f 1710 1969 1329
f 2162 218 900
f 789 65 201
f 2235 473 791
f 1723 2203 1390
f 2132 2000 1930
f 1177 983 1396
f 726 787 134
f 2074 766 287
f 2104 593 1325
f 1419 445 1662
f 1877 1181 2220
f 1536 1876 1912
f 432 526 586
f 1037 838 2116
f 388 257 209
f 2217 485 1416
f 1707 732 2058
f 1456 926 1024
f 11 1487 1681
f 525 2221 607
f 1546 711 2145
f 1677 1400 802
f 675 298 2140
f 1813 31 2209
f 410 1314 1463
f 952 2275 1345
f 1717 613 990
f 1410 465 288
f 1941 2110 1965
f 2146 963 2193
f 1979 591 556
f 370 709 1544
f 1723 1714 1669
f 1263 2161 1369
f 734 1476 845
f 1610 1632 2257
f 1248 115 2207
f 22 312 1636
f 1256 600 2160
f 73 2017 2031
f 268 1368 2088
f 171 1334 1693
f 1912 1610 2084
f 242 1626 2141
f 170 782 874
f 1266 165 225
f 900 1601 700
f 607 1834 332
f 1502 1412 2243
f 1720 537 1032
f 956 1889 1837
f 1673 809 571
f 1552 559 224
f 2152 1962 81
f 191 599 1569
f 1459 400 1996
f 410 1463 1210
f 2134 794 292
f 1645 1217 439
f 27 186 792
f 313 491 174
f 1249 210 984
f 156 1844 2161
f 460 1883 2212
f 437 982 1988
f 94 116 1370
f 2050 1823 1162
f 1252 1272 1498
f 2118 327 1553
f 1050 994 2008
f 1354 973 1738
f 1202 1200 1932
f 1400 1707 926
f 2223 2177 2186
f 1763 972 807
f 1810 518 997
f 1721 1869 1197
f 1991 1710 2126
f 1996 497 1340
f 2006 681 1486
f 729 2090 1551
f 1285 1134 1888
f 514 1656 1571
f 1966 1835 222
f 1618 1504 1372
f 719 2241 1659
f 167 1800 611
f 928 1816 703
f 2117 1316 2080
f 2212 1206 507
f 875 564 1452
f 911 2072 109
f 1877 2220 122
f 1774 984 1731
f 1003 1697 527
f 168 201 692
f 1821 1288 1527
f 1061 1013 87
f 1423 1207 1354
f 1418 1759 1656
f 379 2231 1557
f 148 2191 328
f 1774 1249 984
f 615 1700 1626
f 1902 375 1603
f 921 725 1162
f 47 2187 1265
f 1672 737 800
f 2050 1820 1733
f 956 830 1944
f 29 1242 506
f 1237 691 165
f 1761 1891 342
f 1584 2170 782
f 1261 1188 1125
f 192 1721 1197
f 1680 1485 969
f 1138 862 814
f 1720 97 1289
f 34 130 313
f 152 70 944
f 300 2239 1122
f 930 1730 601
f 1215 319 518
f 1295 317 909
f 1855 359 2030
f 808 1870 1847
f 1512 428 2125
f 1101 332 1834
f 222 1835 2251
f 1380 587 455
f 406 777 250
f 105 1689 933
f 319 1649 683
f 490 517 578
f 1679 1433 427
f 2268 72 547
f 1836 458 268
f 1060 1226 906
f 697 1163 1016
f 280 572 1773
f 1938 521 695
f 674 1659 946
f 147 1986 1381
f 1371 975 157
f 687 460 1815
f 1039 1188 1261
f 476 94 1370
f 374 2054 1543
f 1436 1033 1583
f 464 736 1857
f 2214 296 995
f 102 677 1848
f 364 2004 2124
f 1315 1414 1872
f 296 44 765
f 1217 1612 1726
f 2240 610 316
f 78 1233 885
f 1446 535 1751
f 1767 1904 2155
f 1632 1630 1038
f 776 1007 896
f 1257 1374 970
f 1993 697 901
f 1365 2215 1808
f 1098 1905 667
f 801 324 1267
f 2133 2248 855
f 188 2224 1468
f 1293 1300 2159
f 1850 1405 822
f 1393 483 1801
f 601 1660 1009
f 2031 2017 1159
f 312 349 1613
f 485 1923 544
f 852 1336 331
f 1175 329 1697
f 31 1956 1107
f 1630 272 1059
f 786 401 977
f 926 1707 2058
f 1953 1985 157
f 130 278 313
f 528 556 80
f 2007 1176 129
f 305 1781 100
f 487 348 1803
f 1344 94 1793
f 1651 2193 2225
f 84 1631 1845
f 2245 36 1511
f 482 1087 685
f 1554 1384 557
f 1287 1543 2169
f 2205 684 195
f 284 877 1406
f 1910 2166 1469
f 1318 309 2093
f 395 761 953
f 554 2007 1199
f 868 1058 1233
f 1873 1633 1060
f 318 29 2067
f 1071 807 972
f 1820 214 1733
f 533 2111 1018
f 2100 457 2227
f 290 560 1388
f 689 781 1224
f 1556 666 568
f 263 1618 558
f 984 1393 1731
f 797 728 214
f 572 234 197
f 873 1097 2026
f 1262 851 1735
f 1505 1803 310
f 1422 719 764
f 1421 1550 2002
f 41 357 771
f 1298 430 2253
f 1669 1358 545
f 769 462 1343
f 1727 11 1892
f 1298 2253 736
f 1578 974 1938
f 1472 1259 355
f 2182 1703 1339
f 894 2145 711
f 2087 2108 221
f 1980 487 743
f 1372 1994 437
f 417 1572 2234
f 1724 890 1441
f 2070 273 101
f 2234 1343 462
f 140 715 689
f 1121 3 650
f 1767 2105 799
f 1377 1383 1664
f 1110 1335 178
f 1268 1385 752
f 1718 681 1843
f 511 593 2104
f 2156 2274 2150
f 1322 1420 253
f 1376 821 193
f 1233 1585 359
f 1749 268 1222
f 262 136 2149
f 1791 707 552
f 1676 82 55
f 1444 2142 138
f 1823 1733 1876
f 1057 513 1607
f 161 205 1185
f 291 873 450
f 986 2057 1299
f 1475 282 1874
f 119 1279 1575
f 956 1944 1889
f 60 1160 206
f 1328 1482 886
f 1128 1842 1286
f 1262 1735 1642
f 693 1210 1560
f 2118 1553 857
f 1934 1909 2059
f 1682 138 2040
f 2051 2111 533
f 311 2018 1310
f 440 312 22
f 1571 481 694
f 559 2052 224
f 1677 926 1456
f 338 1211 1407
f 366 1229 1497
f 535 2010 145
f 727 217 647
f 1534 669 466
f 1222 268 1063
f 1164 733 2117
f 967 1566 2157
f 104 1599 2219
f 579 217 727
f 40 1702 662
f 1200 1003 1932
f 264 1397 780
f 96 146 475
f 892 1048 948
f 491 1017 1893
f 1154 1298 736
f 767 651 1231
f 1083 945 226
f 53 1006 1488
f 1334 2251 1943
f 1701 598 378
f 2007 2126 2271
f 1661 814 1870
f 476 1942 94
f 786 347 1625
f 1738 1125 1188
f 691 409 165
f 393 429 1173
f 2190 629 1275
f 1327 1712 1758
f 467 1720 33
f 910 828 1677
f 90 1243 670
f 648 1612 517
f 1230 1424 1413
f 1085 322 1049
f 894 1636 1239
f 2237 2247 1783
f 2199 2113 395
f 696 1092 572
f 1923 1989 344
f 629 858 1223
f 2071 2283 202
f 660 1904 1767
f 1877 122 798
f 1437 2154 1386
f 1803 348 1984
f 397 2174 2115
f 2254 1095 117
f 1576 1485 1680
f 1114 1874 282
f 372 408 1768
f 1989 1083 86
f 1207 1523 1177
f 759 809 419
f 1246 1462 2055
f 1988 1062 57
f 1044 1651 2225
f 1937 1805 1257
f 83 557 530
f 1741 544 1094
f 1980 881 1054
f 1080 685 1087
f 641 61 62
f 53 740 451
f 569 1161 205
f 1845 1403 549
f 762 84 1573
f 1369 2157 1566
f 1291 421 1008
f 1804 1552 811
f 218 59 1601
f 1337 2122 1547
f 2216 1375 1825
f 1309 1376 1929
f 1110 869 1335
f 279 2019 12
f 2062 1361 706
f 327 1142 391
f 2174 1984 153
f 2043 1924 1225
f 1420 2051 253
f 591 1244 556
f 468 222 1334
f 2026 245 413
f 299 2250 1259
f 1522 492 1906
f 672 1791 922
f 738 690 1497
f 1140 1764 1529
f 1417 439 1726
f 787 1526 5
f 1691 783 676
f 914 1191 504
f 1770 702 173
f 2122 1777 1547
f 872 1703 2182
f 617 983 1177
f 741 546 1238
f 258 1174 840
f 1724 1445 890
f 582 1812 631
f 1190 1772 1373
f 886 310 397
f 1798 116 94
f 1511 42 317
f 750 1616 177
f 870 251 2165
f 528 80 1728
f 1546 2145 894
f 2137 212 2078
f 21 263 558
f 1311 1981 1745
f 1598 1594 1253
f 470 2091 699
f 1149 1935 1519
f 751 1665 1598
f 1893 1587 1861
f 1116 804 2187
f 563 78 885
f 1301 1436 1626
f 643 1588 618
f 1253 955 2063
f 395 2113 761
f 1432 705 1282
f 1703 2086 1339
f 635 1746 93
f 315 16 981
f 225 399 2226
f 1185 1187 2062
f 1815 507 2162
f 839 1531 2210
f 2195 618 1347
f 784 1843 1098
f 213 515 725
f 1514 2259 862
f 2120 76 452
f 1137 1035 368
f 2275 1275 1345
f 2103 2117 2080
f 1117 422 130
f 2059 1997 1147
f 1063 1136 1973
f 90 1432 1243
f 91 665 1971
f 1941 1137 1497
f 2076 406 63
f 2032 1909 1934
f 705 1516 1282
f 523 398 2014
f 385 127 460
f 1185 1161 1340
f 1759 1879 1656
f 1574 1331 338
f 2249 1836 1749
f 1075 1055 942
f 2235 1090 1424
f 1956 1886 1741
f 1404 991 1175
f 1659 2241 946
f 1764 658 952
f 693 1049 712
f 1339 2086 1075
f 572 197 139
f 2273 1894 903
f 749 1409 2265
f 855 1620 1454
f 1421 144 1066
f 1871 128 503
f 1910 753 1311
f 1192 1457 1079
f 1948 1674 26
f 441 2246 2010
f 2149 136 1736
f 1576 2208 2101
f 127 1883 460
f 1597 1472 651
f 64 549 23
f 1818 655 2114
f 1810 997 244
f 885 1233 1132
f 1372 1504 1994
f 198 2015 522
f 620 696 572
f 2276 1254 573
f 1589 1752 2242
f 2213 1011 535
f 1500 1492 1585
f 1436 1687 1267
f 338 1407 2213
f 1691 60 848
f 915 449 672
f 1920 1078 843
f 2188 1859 622
f 1890 1778 653
f 1361 472 1698
f 165 409 399
f 126 960 1561
f 597 1142 1203
f 900 218 1601
f 583 1413 624
f 913 551 1153
f 2152 81 196
f 1648 1271 576
f 181 704 1545
f 590 1708 2279
f 1992 343 2148
f 1185 1340 1187
f 930 308 339
f 848 206 1103
f 65 2092 657
f 1438 503 525
f 877 1492 1500
f 1695 2104 1325
f 542 1491 1123
f 893 1034 661
f 1748 1047 2157
f 1938 625 521
f 1616 1810 244
f 1457 383 1
f 2046 398 1171
f 1368 502 1729
f 2257 1632 1038
f 1682 2040 1278
f 1920 1439 577
f 2257 1038 217
f 1716 1794 1156
f 2253 1461 2266
f 657 1000 2240
f 1910 1745 505
f 1593 363 473
f 79 1980 961
f 1248 2207 1141
f 672 922 733
f 92 1232 1877
f 1861 826 2023
f 1755 2068 1503
f 1759 2238 1879
f 968 1205 314
f 1851 1666 1148
f 617 1926 1389
f 631 1050 2008
f 1135 328 614
f 861 565 2089
f 1336 1754 2079
f 1516 249 1635
f 1259 393 355
f 547 980 570
f 1845 1631 1403
f 812 1722 691
f 317 1739 1895
f 1935 1797 1277
f 547 72 980
f 622 1859 326
f 281 2194 1984
f 167 611 1001
f 1574 2069 1331
f 364 1220 2004
f 2171 442 1449
f 61 355 323
f 832 1531 839
f 606 785 1079
f 545 321 1484
f 500 762 1573
f 1623 292 1394
f 509 1194 2274
f 1400 1933 1582
f 875 2071 1304
f 1654 2173 128
f 269 1787 1166
f 756 677 1498
f 1201 2216 1825
f 1240 1853 841
f 1175 991 329
f 724 1764 1140
f 1647 1782 1247
f 1476 1511 1295
f 1714 321 1358
f 406 40 777
f 1446 2213 535
f 300 1030 876
f 765 44 511
f 479 1960 743
f 67 699 2091
f 1160 286 1117
f 151 376 2179
f 1323 682 1722
f 369 1855 1190
f 534 760 966
f 1829 9 1096
f 9 1541 1725
f 1920 303 931
f 2241 713 946
f 1752 1063 1973
f 150 74 110
f 1064 2062 706
f 467 1720 907
f 595 1570 1332
f 1307 243 438
f 1762 102 1494
f 213 1758 515
f 137 1404 1175
f 1061 898 238
f 930 2200 1730
f 1146 1544 1781
f 529 1025 124
f 1862 2039 232
f 1322 253 1021
f 2126 1329 1908
f 504 1191 494
f 2177 958 1496
f 1663 1950 950
f 1688 28 1616
f 1993 901 843
f 248 1250 237
f 240 1586 1411
f 2121 149 111
f 769 1343 1572
f 2113 662 1919
f 2277 350 1770
f 2170 64 782
f 640 1118 1260
f 1876 728 1532
f 1374 1088 307
f 1204 139 197
f 964 530 810
f 242 1026 1626
f 359 1978 2030
f 594 1115 2217
f 1344 414 1798
f 534 550 760
f 1038 103 2095
f 1148 1753 169
f 526 1202 895
f 1821 236 1549
f 937 1639 1302
f 2259 753 1469
f 1568 1783 2247
f 948 1241 2211
f 1621 415 1715
f 992 1275 2275
f 782 23 874
f 1513 866 842
f 1638 1086 2125
f 867 883 325
f 1503 2184 846
f 747 1131 1903
f 665 1262 1642
f 42 1739 317
f 1523 617 1177
f 321 2188 283
f 985 1073 298
f 815 417 2234
f 1889 453 1221
f 712 1937 1145
f 1854 1030 300
f 689 715 781
f 1041 89 18
f 2008 730 1564
f 360 279 2250
f 45 474 1695
f 2234 462 1477
f 691 1722 409
f 183 370 1146
f 242 1301 1026
f 1183 716 215
f 2265 2081 1981
f 54 2167 1837
f 881 2280 1762
f 1046 1728 559
f 1462 2103 2055
f 756 1348 677
f 2281 467 33
f 163 127 385
f 581 20 126
f 824 672 733
f 398 1216 1171
f 1400 802 1707
f 1644 564 285
f 1714 2208 1680
f 627 867 2185
f 907 605 1538
f 164 989 520
f 1451 1949 1617
f 872 2182 2003
f 107 2209 1052
f 727 647 125
f 1988 982 1994
f 496 1889 1221
f 1338 473 1099
f 314 1732 1533
f 710 833 167
f 1545 1186 2038
f 2173 1101 2221
f 1242 1699 1595
f 1576 811 1214
f 1645 938 1217
f 1034 1080 203
f 2094 1015 51
f 2118 1007 1203
f 2249 351 912
f 2168 1216 2199
f 852 1667 1336
f 339 308 493
f 25 43 1900
f 770 1154 273
f 986 1377 1664
f 841 1853 1517
f 221 361 1459
f 1651 2146 2193
f 1980 1054 487
f 25 774 524
f 1805 1106 1257
f 1658 463 1600
f 114 1093 2123
f 74 588 2065
f 1767 2155 1711
f 275 1118 1303
f 338 1113 2197
f 1933 1071 936
f 2220 1963 364
f 1528 934 1629
f 989 583 624
f 980 2146 570
f 1120 532 208
f 481 1705 694
f 263 1521 1618
f 1245 62 719
f 1160 1379 286
f 204 1474 1099
f 1821 2169 1543
f 1123 79 68
f 250 777 662
f 1340 1690 878
f 737 1864 539
f 958 2192 1392
f 1791 552 849
f 1431 1443 1130
f 1825 1375 1724
f 961 1980 1213
f 467 2198 1854
f 1575 1315 2142
f 1828 2232 780
f 1207 267 1354
f 2195 2247 618
f 1526 167 1001
f 362 1209 854
f 281 1984 348
f 845 1295 1641
f 212 602 1873
f 322 138 1682
f 1470 590 1182
f 726 864 787
f 1452 1266 2037
f 2152 763 2029
f 1011 441 535
f 898 2158 871
f 914 1922 417
f 731 1292 430
f 2165 251 249
f 1008 1784 1591
f 948 179 584
f 409 747 399
f 405 772 1013
f 251 1552 1804
f 220 1981 2081
f 1875 1896 1027
f 1908 2249 1284
f 1248 1555 666
f 1287 1796 601
f 215 716 538
f 850 2067 1747
f 761 1702 2230
f 1384 1509 438
f 1252 1498 2282
f 161 2062 1064
f 533 1018 1435
f 338 2213 1446
f 1054 1762 1494
f 2069 1418 1407
f 2242 99 1587
f 443 2123 1466
f 1883 1967 2212
f 408 741 1768
f 1555 783 1691
f 790 1692 1628
f 1507 1947 1868
f 329 1916 2043
f 1013 832 839
f 574 1367 708
f 944 70 1866
f 523 1216 398
f 585 326 2132
f 836 1347 618
f 512 2231 1258
f 2145 1239 2245
f 1701 378 2083
f 2107 998 1126
f 2211 248 179
f 1014 1076 2030
f 2253 2266 1059
f 1103 206 394
f 1227 1584 170
f 2219 1053 834
f 2070 1802 273
f 895 1202 1513
f 1787 684 1898
f 1303 641 1245
f 1787 1898 1166
f 567 1276 681
f 541 124 142
f 1915 1314 410
f 1602 644 1785
f 2139 727 882
f 1371 157 1985
f 365 530 964
f 607 332 529
f 1326 98 361
f 2039 149 2121
f 737 2013 1154
f 709 152 944
f 883 241 447
f 1464 88 819
f 1563 776 896
f 128 2173 531
f 875 688 2071
f 1616 1917 177
f 675 985 298
f 1334 1943 1693
f 836 784 616
f 1558 2042 1319
f 1616 244 1917
f 1846 1355 746
f 598 902 789
f 44 593 511
f 2263 1653 573
f 2175 1763 1071
f 2127 1736 955
f 321 673 2188
f 211 1273 270
f 2270 751 1598
f 989 2272 1271
f 442 1619 1738
f 2246 694 1867
f 503 1540 525
f 2097 1984 2174
f 843 1163 1948
f 1483 630 2163
f 1234 529 541
f 1781 1450 151
f 1916 1777 1924
f 1590 180 252
f 1357 1056 116
f 1927 253 533
f 2092 1000 657
f 264 1506 362
f 1978 1772 2030
f 2207 1637 2009
f 580 412 813
f 1033 654 1583
f 1048 604 948
f 1097 1265 2016
f 294 1799 341
f 425 886 510
f 505 1043 45
f 653 1865 1824
f 480 620 280
f 125 778 1040
f 1821 1549 1684
f 572 1092 2262
f 2072 523 2014
f 1416 1741 1886
f 24 1380 455
f 2221 1101 607
f 974 1951 625
f 2086 1167 1055
f 1125 1668 2263
f 1382 1814 707
f 1369 1566 659
f 2023 826 1036
f 500 1573 2170
f 451 1242 29
f 2078 212 943
f 1270 190 309
f 213 887 1015
f 1419 715 14
f 2270 1598 59
f 790 1524 1692
f 1965 861 368
f 1459 497 400
f 1732 2175 939
f 1555 676 783
f 2094 1327 1758
f 1477 542 1629
f 808 1654 2143
f 44 1534 593
f 619 1440 2252
f 1601 59 262
f 762 1320 84
f 701 1441 758
f 354 461 1005
f 394 130 34
f 1482 1737 310
f 1464 908 1628
f 2143 128 1871
f 1369 659 2137
f 1835 971 1627
f 1243 1282 1744
f 228 1977 1074
f 2228 2135 1313
f 1640 141 1290
f 551 1677 1153
f 207 1110 663
f 946 1794 1716
f 174 491 73
f 169 374 1543
f 1339 1075 594
f 1168 1704 1310
f 1396 233 175
f 1287 1730 555
f 71 583 164
f 1261 2263 52
f 2085 1093 114
f 1721 1831 1869
f 1932 806 888
f 2068 269 2184
f 1548 121 456
f 674 1700 1399
f 1285 1888 1902
f 1105 860 1673
f 2006 1891 1761
f 804 32 2164
f 1938 1817 1566
f 1956 1741 988
f 1187 878 718
f 495 848 1103
f 322 1682 796
f 1430 1905 790
f 669 906 466
f 1197 1608 50
f 1714 377 321
f 1535 575 181
f 1904 631 2155
f 261 2039 951
f 330 1135 960
f 306 271 1314
f 718 2284 472
f 1620 758 1362
f 2188 2073 432
f 1235 564 1644
f 141 1776 1290
f 1245 641 62
f 1568 2247 1144
f 683 1940 869
f 2267 2119 1586
f 79 18 1980
f 1361 2085 706
f 2136 510 1645
f 816 415 767
f 770 273 1802
f 1468 411 646
f 1673 1675 809
f 421 543 1008
f 1551 2090 1291
f 1503 2068 2184
f 2094 213 1015
f 444 301 851
f 1422 764 1911
f 1331 1211 338
f 1744 678 1839
f 933 788 1256
f 42 1182 595
f 466 906 1675
f 868 284 1406
f 2190 390 858
f 1693 1483 227
f 1854 300 1030
f 32 208 356
f 116 1056 1370
f 2227 2110 899
f 373 848 495
f 279 12 1364
f 309 1809 2060
f 1770 350 702
f 1820 903 797
f 359 1014 2030
f 2049 478 401
f 943 1873 669
f 1433 627 1947
f 168 692 200
f 2040 138 623
f 1552 224 811
f 653 1778 1865
f 104 2219 1590
f 2024 2143 1807
f 1502 1908 1284
f 2241 2258 1350
f 1455 2180 1880
f 440 1435 135
f 770 737 1154
f 908 790 1628
f 1466 10 1404
f 132 956 1837
f 1086 941 2125
f 2057 795 49
f 2126 1710 1329
f 1591 833 710
f 358 1561 1916
f 1995 1212 365
f 1505 310 1737
f 670 1243 1539
f 106 439 1417
f 1029 1670 575
f 537 260 1032
f 956 1184 830
f 2149 1736 1997
f 1421 1690 2204
f 1980 743 1960
f 1329 1836 1685
f 1137 366 1497
f 756 1308 1348
f 1066 1875 1550
f 1763 807 1542
f 2219 1416 1053
f 1564 415 816
f 1973 1136 536
f 40 662 777
f 867 325 192
f 446 1138 1661
f 91 1971 1865
f 510 886 938
f 1481 817 411
f 2210 1625 818
f 1150 775 1006
f 2139 835 469
f 198 295 169
f 1230 1413 1945
f 171 1693 293
f 991 581 358
f 2066 1926 617
f 1711 2155 1564
f 885 1132 182
f 563 1156 78
f 780 1565 247
f 1190 1855 1772
f 305 183 1781
f 18 881 1980
f 269 302 1787
f 2095 2021 1139
f 452 1114 1475
f 2014 1069 391
f 1326 1683 98
f 1554 131 1764
f 1105 1004 860
f 879 526 895
f 1287 1792 1796
f 249 1804 2101
f 1119 1890 962
f 393 333 429
f 1470 1182 42
f 1806 259 502
f 615 1626 1267
f 152 1795 70
f 329 358 1916
f 483 503 1438
f 894 1239 2145
f 86 1083 226
f 208 1624 356
f 1393 1801 1163
f 847 477 75
f 129 1299 2057
f 1998 1774 1796
f 1522 835 1353
f 437 1988 57
f 268 2088 1063
f 1256 137 600
f 539 1154 2013
f 1636 1613 1239
f 554 431 1646
f 1180 1700 38
f 1115 942 1923
f 696 1936 14
f 1813 180 31
f 63 1467 1367
f 681 2116 698
f 1593 1856 363
f 396 173 744
f 412 1878 1108
f 1534 466 1082
f 1242 1755 506
f 602 1633 1873
f 364 1644 1220
f 1206 921 751
f 939 1071 972
f 2089 871 276
f 327 1203 1142
f 255 547 570
f 1807 483 1393
f 362 1506 1209
f 1462 1164 2103
f 1989 1079 1083
f 228 1074 233
f 1218 1956 31
f 931 339 493
f 821 937 1302
f 194 754 1463
f 1725 1541 1605
f 1242 1595 1699
f 1209 1367 854
f 1955 970 1112
f 1071 260 537
f 1000 1325 1196
f 1788 147 652
f 1715 415 730
f 148 2263 2191
f 1489 1422 1911
f 293 302 2068
f 1190 129 1176
f 1039 1738 1188
f 2107 224 2052
f 1394 153 2153
f 1010 1228 568
f 1593 1356 1856
f 694 96 1867
f 2046 1976 1069
f 1082 1004 1196
f 827 2102 923
f 790 1425 1524
f 1991 49 1969
f 946 713 1350
f 1411 371 47
f 1055 585 606
f 706 114 443
f 1789 1293 1786
f 655 500 2170
f 237 517 490
f 1019 1120 2222
f 870 2025 251
f 1132 359 1855
f 1822 1088 747
f 837 717 1317
f 1868 421 2090
f 110 74 1169
f 2209 31 1107
f 110 1169 404
f 1760 726 1918
f 242 1756 554
f 78 1794 562
f 2202 2120 1974
f 1479 528 1129
f 930 339 477
f 92 1877 798
f 45 1695 2092
f 962 653 1652
f 18 89 881
f 1398 1752 1589
f 242 2141 1180
f 1878 1992 1647
f 2196 978 1056
f 1634 239 133
f 1830 1412 1643
f 1443 1510 891
f 1464 336 924
f 1173 831 1426
f 211 270 872
f 449 1791 672
f 2197 1151 1812
f 1137 390 366
f 1748 2161 1844
f 1993 843 1078
f 487 281 348
f 1085 2012 322
f 1118 1231 1303
f 206 1160 1117
f 1468 646 1048
f 326 2000 2132
f 2183 979 158
f 2135 851 1262
f 1012 880 2139
f 508 1333 425
f 21 1260 263
f 739 937 821
f 1130 884 1950
f 1998 1796 1371
f 600 1175 1697
f 1640 2131 41
f 940 1424 1230
f 1413 1982 389
f 2224 411 1468
f 1859 586 879
f 1179 663 754
f 248 2280 89
f 236 1684 1549
f 1971 1824 1865
f 1922 188 417
f 350 645 702
f 1118 959 1231
f 2207 1502 2243
f 951 2039 2121
f 1417 648 1250
f 268 458 1368
f 1284 2249 912
f 781 1569 2027
f 847 2074 477
f 1876 1532 1912
f 1005 461 993
f 775 1934 199
f 1158 1051 1809
f 1877 1232 1181
f 1954 1372 437
f 2046 1069 398
f 491 1893 73
f 2188 432 1508
f 969 2073 673
f 1539 1390 905
f 296 765 995
f 2017 2023 1159
f 223 920 1727
f 820 1195 581
f 1020 1124 54
f 405 1013 1061
f 660 1067 1904
f 46 2026 413
f 816 767 1118
f 143 903 1820
f 1684 289 1514
f 275 1303 1489
f 200 1312 1025
f 113 1546 894
f 1894 1123 68
f 2015 1851 522
f 2150 2274 2178
f 1821 1684 1288
f 480 280 1899
f 953 436 1581
f 1271 1852 576
f 1401 646 1887
f 172 279 360
f 1076 15 104
f 449 592 1791
f 154 1327 2094
f 1975 1404 137
f 1732 1957 2175
f 2048 1520 1440
f 1084 119 2236
f 57 1535 897
f 2248 1021 1045
f 594 1075 1115
f 2150 2178 1172
f 1563 160 1509
f 1991 1969 1710
f 1881 19 1599
f 1286 1813 2209
f 1193 1678 1158
f 800 770 426
f 1879 437 481
f 1857 1059 2018
f 2014 398 1069
f 1743 2179 82
f 170 874 1363
f 240 108 291
f 1284 912 1412
f 2022 1057 918
f 498 1005 993
f 225 2226 2283
f 1767 1711 482
f 1581 768 1084
f 984 1807 1393
f 828 1258 2231
f 544 2267 1094
f 200 692 965
f 1012 469 835
f 2182 1339 19
f 2008 1621 1715
f 515 1528 725
f 1596 1281 775
f 2191 614 328
f 1706 1649 319
f 1668 608 382
f 2238 1954 1879
f 1988 575 1062
f 1512 1818 2034
f 2256 1660 1796
f 92 1906 492
f 1941 1965 1035
f 898 1410 288
f 938 397 2134
f 1550 1875 392
f 1801 56 1386
f 2133 1219 1322
f 1547 1790 1972
f 1779 545 1484
f 1714 634 2208
f 2072 2014 109
f 966 760 1596
f 1231 651 641
f 2206 1523 254
f 1749 714 351
f 857 762 500
f 2168 395 2075
f 1018 925 414
f 118 1145 1292
f 1677 1400 926
f 965 657 380
f 2251 798 1943
f 2087 256 1445
f 1901 1974 1805
f 529 168 200
f 632 1779 589
f 998 205 161
f 1664 1383 112
f 67 786 699
f 2146 1832 1019
f 2263 614 2191
f 1416 485 544
f 1864 731 539
f 837 757 1178
f 847 75 2195
f 148 328 1135
f 59 1598 1253
f 722 1064 1455
f 326 1859 2000
f 2179 1269 444
f 236 374 1183
f 2036 144 2204
f 1090 1402 1982
f 1464 819 908
f 2192 389 1650
f 93 690 2029
f 1896 254 1027
f 2084 1610 2257
f 140 13 2262
f 198 1913 1330
f 592 1382 707
f 1383 889 1679
f 1848 677 123
f 1706 1581 1649
f 1681 1735 1968
f 1564 730 415
f 759 1363 809
f 2220 364 2124
f 606 1079 231
f 843 1016 1163
f 319 997 518
f 415 1597 767
f 2127 955 1065
f 964 810 919
f 1182 2279 1570
f 797 1999 69
f 2116 2275 952
f 155 1503 846
f 198 522 295
f 2260 112 935
f 1857 2018 311
f 465 2210 2189
f 343 2102 827
f 1613 1470 36
f 1445 162 890
f 1174 1559 499
f 882 727 125
f 1972 1766 290
f 1455 1880 1689
f 55 2228 755
f 1431 516 1443
f 2072 1152 523
f 1083 2151 945
f 256 221 162
f 1995 1692 1761
f 1831 30 1608
f 120 717 2128
f 872 1734 1703
f 196 81 838
f 2244 402 3
f 1094 2267 1586
f 75 420 1144
f 467 97 1720
f 754 1560 1463
f 1800 1427 611
f 784 766 616
f 629 1223 621
f 935 636 1806
f 910 1258 828
f 21 640 1260
f 1353 882 1838
f 442 1738 1039
f 2218 160 1638
f 1684 215 289
f 720 1850 822
f 969 315 1471
f 1967 725 921
f 1393 1163 844
f 1373 723 334
f 704 1687 1391
f 297 1366 2109
f 2039 353 149
f 1038 1630 103
f 1530 841 1799
f 1356 950 1530
f 412 1992 1878
f 7 653 1824
f 1916 1165 1777
f 1561 340 1858
f 526 2229 1202
f 30 1770 396
f 2000 879 1428
f 1522 1353 492
f 2215 2166 1089
f 1086 896 1007
f 87 839 465
f 830 2162 900
f 2250 279 333
f 199 2129 1966
f 367 900 700
f 1394 2153 639
f 156 296 2214
f 642 58 1921
f 1672 271 306
f 1555 568 666
f 1940 2236 1444
f 544 344 2119
f 251 1804 249
f 2261 1063 1752
f 2073 981 932
f 780 1397 1565
f 1065 1912 2084
f 941 857 500
f 36 42 1511
f 85 919 810
f 273 1154 464
f 2175 320 1763
f 7 1487 1447
f 915 1363 874
f 962 1890 653
f 106 1645 439
f 1295 1511 317
f 1992 100 343
f 2006 1297 681
f 1620 701 758
f 891 1515 1380
f 2244 1442 402
f 1215 1810 28
f 925 416 1357
f 2215 1089 1808
f 2027 2224 188
f 1894 68 957
f 2007 1646 1176
f 1416 544 1741
f 958 1580 1496
f 1366 1359 2109
f 277 54 496
f 1634 133 117
f 906 1226 419
f 2112 1108 37
f 812 1323 1722
f 1232 1838 720
f 1728 80 559
f 665 1642 1971
f 1605 1015 1967
f 989 624 2272
f 983 228 1396
f 1658 244 463
f 846 269 1414
f 854 1467 184
f 1954 1618 1372
f 98 1785 186
f 1987 1300 1328
f 1190 431 1592
f 674 946 1716
f 376 1892 1269
f 1451 1617 1541
f 264 780 2232
f 278 1589 1017
f 327 1688 1616
f 2132 1930 1192
f 2243 1412 1830
f 2181 197 947
f 92 823 1232
f 26 1780 1127
f 617 732 1289
f 2006 1761 1524
f 154 1191 1327
f 1079 2151 1083
f 1270 1193 190
f 1050 1151 1446
f 226 1044 2005
f 6 1867 1453
f 994 1751 1640
f 532 290 1388
f 1938 695 1817
f 1781 151 100
f 1565 250 1907
f 505 721 1043
f 1202 866 1513
f 2099 1052 1309
f 2200 1543 1833
f 1923 344 544
f 1090 1982 512
f 161 1064 722
f 646 604 1048
f 1152 1216 523
f 309 1828 1152
f 1582 936 2281
f 644 164 520
f 1017 1587 1893
f 1880 1466 1975
f 437 1994 982
f 1170 1719 1195
f 315 981 1471
f 2022 1476 734
f 2211 1341 248
f 513 2047 1607
f 877 1655 1198
f 1081 999 596
f 1740 560 1766
f 1049 1429 712
f 2166 1701 1089
f 262 2063 136
f 1989 86 344
f 1679 1929 1376
f 1643 1525 1379
f 852 2020 1667
f 173 702 356
f 1512 2034 1754
f 1520 435 928
f 1663 950 1338
f 425 2035 1328
f 293 2205 302
f 1408 1149 1519
f 1521 1911 1504
f 1263 2041 296
f 893 1812 582
f 1301 1626 1026
f 764 719 674
f 1290 172 360
f 1364 652 705
f 1531 699 1625
f 1849 805 1515
f 606 1192 785
f 1889 1460 453
f 1296 1547 793
f 527 1225 806
f 2011 2096 71
f 2075 1706 1611
f 1290 1776 172
f 1569 599 817
f 192 325 1721
f 2255 1204 2181
f 1052 865 642
f 683 869 1110
f 1180 1100 1756
f 120 1133 1317
f 2139 579 727
f 1342 172 1776
f 1382 987 800
f 108 1097 917
f 2242 1973 99
f 153 258 2153
f 1376 627 1433
f 384 2150 1939
f 2234 1572 1343
f 1333 2035 425
f 1288 1684 345
f 2160 1003 1200
f 1168 479 1704
f 1478 1251 1609
f 1217 2134 1623
f 1033 1928 654
f 1801 1780 26
f 143 2273 903
f 489 182 369
f 757 2255 2049
f 48 85 2137
f 2246 6 904
f 2057 1664 2260
f 247 2113 1216
f 2134 2174 794
f 1458 561 919
f 495 1103 2196
f 1108 1878 1247
f 110 763 1783
f 1251 825 1958
f 1250 648 517
f 1201 1860 2216
f 46 413 1831
f 2236 2142 1444
f 2130 1673 1490
f 1124 1274 2167
f 156 1263 296
f 1525 714 335
f 1763 320 972
f 1232 1405 1181
f 930 1913 2200
f 999 1773 596
f 1359 1285 1902
f 1622 311 1023
f 132 1184 956
f 1927 533 1435
f 2006 1486 2144
f 1630 1059 103
f 297 1776 141
f 2274 1133 120
f 261 603 540
f 787 710 1526
f 1513 842 980
f 1407 1418 514
f 922 1333 508
f 1337 1547 1296
f 1862 1077 1304
f 180 1218 31
f 1488 1966 222
f 130 422 278
f 1190 1373 129
f 1220 875 1931
f 1635 2208 634
f 1458 919 85
f 1920 843 1439
f 992 2116 1229
f 889 1929 1679
f 1326 1157 1683
f 1303 1422 1489
f 1801 1386 2154
f 265 71 164
f 85 852 602
f 1785 1648 186
f 2033 638 257
f 1338 950 1356
f 949 1775 1112
f 2033 257 388
f 284 2 877
f 497 1690 1340
f 496 1837 1889
f 1541 1617 51
f 323 1426 2241
f 1138 1514 862
f 1135 614 501
f 455 587 246
f 1848 1174 2194
f 1777 91 1547
f 40 318 1702
f 179 89 1041
f 1707 2281 732
f 843 2254 1439
f 668 170 1226
f 1578 336 1628
f 670 1539 352
f 467 228 97
f 1502 1284 1412
f 809 1675 419
f 281 1848 2194
f 1801 1900 1780
f 1530 1240 841
f 764 674 1717
f 1326 2022 918
f 2057 2260 795
f 75 637 420
f 2143 1654 128
f 320 605 972
f 1311 753 1981
f 1324 1600 159
f 2244 1022 266
f 1080 1759 1418
f 577 1568 303
f 2147 2031 1849
f 497 2204 1690
f 2229 1200 1202
f 974 1692 1951
f 886 397 938
f 701 1724 1441
f 314 856 1732
f 1479 1979 528
f 1574 1034 2069
f 1951 521 625
f 1012 835 1522
f 1921 2233 1885
f 1194 498 993
f 1528 1629 143
f 682 1112 307
f 998 2052 205
f 237 1250 517
f 352 1539 905
f 892 584 1709
f 866 1932 888
f 1555 1691 1010
f 1054 1494 281
f 688 2037 2071
f 786 977 347
f 1613 349 1470
f 1067 582 1904
f 1191 815 1327
f 784 387 766
f 1769 686 1318
f 235 391 1142
f 1782 827 923
f 227 1483 195
f 1059 272 2018
f 856 1518 1957
f 1140 1223 675
f 512 1258 1982
f 1105 1385 1208
f 1029 613 1670
f 475 2048 619
f 855 2248 1946
f 1220 684 2004
f 2176 19 1881
f 858 2064 1318
f 1582 939 1071
f 157 975 446
f 1493 1545 1696
f 611 859 1119
f 407 726 134
f 1767 482 2105
f 362 854 1397
f 1164 2117 2103
f 2108 361 221
f 1835 1627 2251
f 350 1352 645
f 1641 940 2096
f 463 1179 1600
f 153 2194 258
f 1672 306 1864
f 930 1330 1913
f 734 845 2047
f 1226 170 664
f 894 2087 1375
f 43 524 1914
f 922 423 1351
f 914 504 2262
f 39 2235 1424
f 1785 520 1648
f 790 1905 1425
f 1987 2159 1300
f 551 1400 1677
f 821 1302 193
f 188 1468 769
f 714 1222 2261
f 1634 1095 2264
f 1726 1612 648
f 1318 2093 2072
f 2142 1315 623
f 816 1118 640
f 1290 360 2131
f 83 342 1554
f 1545 704 1186
f 1414 269 2138
f 724 1563 1384
f 776 2140 628
f 300 923 2239
f 1562 1643 1379
f 833 50 1800
f 346 540 2202
f 2001 12 2019
f 103 1059 2266
f 1413 1501 624
f 1569 1481 2224
f 1233 1500 1585
f 1804 811 2101
f 1219 1420 1322
f 309 1152 2072
f 877 2 2176
f 1412 912 1643
f 1790 1840 1972
f 1944 550 1460
f 1673 571 1490
f 98 186 27
f 647 2095 1139
f 1197 1869 1608
f 747 1088 1131
f 1106 1072 1846
f 91 2098 665
f 1321 665 2098
f 2055 408 372
f 2280 1252 1762
f 1130 1950 1663
f 674 1716 1156
f 579 2257 217
f 63 406 250
f 1970 1568 1144
f 1214 745 1485
f 1385 2130 929
f 2173 2083 1101
f 1578 1047 1748
f 1714 1680 377
f 903 1894 957
f 803 95 978
f 922 189 1987
f 772 832 1013
f 2230 850 436
f 170 1363 664
f 165 399 225
f 1564 816 640
f 957 68 1999
f 129 2057 49
f 1281 1934 775
f 1816 568 1228
f 378 598 789
f 2168 2199 395
f 2 2003 2182
f 860 1675 1673
f 273 1622 101
f 1821 1543 304
f 857 1465 762
f 771 2077 1597
f 789 902 45
f 1074 1122 2239
f 223 1526 920
f 313 278 491
f 1437 525 1234
f 1822 307 1088
f 745 16 315
f 660 582 1067
f 768 2082 119
f 1912 1532 1610
f 907 1538 1030
f 1544 944 1450
f 246 1319 580
f 332 168 529
f 1089 1701 2083
f 2146 1019 2222
f 1968 1735 851
f 2188 1508 1859
f 333 90 670
f 1910 598 1701
f 1107 988 58
f 1638 896 1086
f 1921 1885 1639
f 923 1653 382
f 1280 1897 516
f 2284 1421 2002
f 1199 2007 2271
f 2200 1913 198
f 1293 1070 1300
f 2193 963 1120
f 1518 1811 2112
f 57 1062 1535
f 737 539 2013
f 1172 2269 772
f 201 657 692
f 929 1246 1360
f 871 2158 276
f 1880 443 1466
f 1705 57 897
f 467 907 1854
f 1561 1858 216
f 481 437 1705
f 482 680 1990
f 1409 1844 2081
f 831 352 1273
f 20 330 126
f 1556 4 666
f 1346 1022 2244
f 1858 1313 1321
f 435 1556 1816
f 1548 445 121
f 477 339 75
f 761 2113 1919
f 332 201 168
f 1577 749 924
f 981 933 1256
f 1373 1772 723
f 213 725 887
f 110 404 635
f 963 2222 1120
f 1984 2194 153
f 571 1164 1462
f 1577 1748 1409
f 1910 1701 2166
f 2274 1194 1133
f 298 628 2140
f 425 1328 886
f 954 980 72
f 595 1332 1739
f 2076 966 735
f 59 1253 262
f 1023 311 742
f 707 1814 770
f 538 2265 1068
f 820 1170 1195
f 529 200 1025
f 697 1016 843
f 176 104 15
f 1364 1432 90
f 842 548 1019
f 909 39 940
f 903 957 797
f 932 2160 2229
f 1698 1415 2171
f 734 2047 513
f 1418 1656 514
f 1699 740 468
f 813 412 1811
f 78 1156 1794
f 2156 2264 509
f 1599 594 2217
f 1846 746 1131
f 1351 101 1789
f 163 1096 127
f 923 573 1653
f 1911 764 1717
f 2014 391 235
f 562 1794 1350
f 1711 680 482
f 1631 159 271
f 987 1031 1672
f 201 65 657
f 873 2026 447
f 1348 1308 1559
f 414 116 1798
f 1634 2264 2156
f 1535 181 1493
f 2084 2257 579
f 1978 1076 1842
f 2050 725 1528
f 639 1579 1308
f 2055 2103 408
f 2216 22 1636
f 2278 2121 1925
f 1135 1858 340
f 1435 1018 1344
f 2164 32 645
f 1430 790 908
f 1649 1940 683
f 230 2228 1313
f 516 1510 1443
f 969 1471 2073
f 2163 684 195
f 1154 736 464
f 1270 309 686
f 1925 1255 1874
f 44 943 1534
f 1159 2023 229
f 933 1689 788
f 1666 819 88
f 843 1948 2254
f 1300 1505 1328
f 489 885 182
f 391 1069 1688
f 845 1641 2011
f 836 1588 784
f 462 892 1491
f 1425 2006 1524
f 1201 274 22
f 2269 2128 470
f 1066 2186 1875
f 1402 566 1557
f 1664 112 2260
f 587 1519 1558
f 1899 280 1773
f 1428 895 954
f 1655 1881 1198
f 861 276 1193
f 264 1828 2060
f 607 529 1234
f 2073 932 432
f 1371 1796 1792
f 1002 1277 183
f 664 1363 419
f 1245 719 1422
f 1958 1081 837
f 554 1646 2007
f 860 1004 1675
f 2192 1863 1501
f 947 1949 1451
f 680 1759 1087
f 1094 2233 1042
f 861 2089 276
f 1947 627 1868
f 1012 1522 486
f 1506 158 1209
f 606 231 1989
f 75 1144 2195
f 200 965 1312
f 1312 2061 1419
f 185 277 679
f 319 207 997
f 731 430 1298
f 1192 1930 1457
f 743 487 187
f 1253 1594 955
f 1214 811 224
f 1496 2206 1896
f 1405 1237 916
f 655 2170 1584
f 1269 1681 1968
f 2134 292 1623
f 322 796 1049
f 532 1388 1624
f 1018 414 1344
f 1600 1179 194
f 281 102 1848
f 1487 1652 653
f 78 562 1233
f 724 776 1563
f 1181 916 1235
f 2226 1903 1255
f 1555 2009 676
f 520 1271 1648
f 1371 1821 1527
f 1782 343 827
f 1634 2156 2065
f 234 2262 494
f 1454 1362 375
f 387 287 766
f 482 680 1087
f 1561 1135 340
f 357 2131 299
f 1304 2071 149
f 872 1273 1734
f 1611 1706 319
f 525 607 1234
f 1177 1771 267
f 508 425 1316
f 581 1195 1719
f 1039 1261 1719
f 1306 1537 1660
f 1749 1222 714
f 1685 1836 2249
f 733 508 2117
f 659 48 2137
f 660 893 582
f 1656 481 1571
f 2248 1045 274
f 847 766 2074
f 1867 619 1453
f 10 820 581
f 563 489 1756
f 1235 916 564
f 226 945 1044
f 96 897 146
f 1910 1469 753
f 1738 1668 1125
f 693 1560 1210
f 304 1543 2054
f 193 241 883
f 1965 368 1035
f 209 448 152
f 916 1237 1266
f 1755 471 2068
f 1939 1172 1104
f 2229 2160 1200
f 1754 2114 1227
f 1999 1213 69
f 2136 1645 106
f 639 1983 1579
f 785 1192 1079
f 1020 979 626
f 793 1972 290
f 1732 1582 1102
f 517 756 578
f 2067 1503 155
f 620 1936 696
f 1678 2183 158
f 1512 2125 1818
f 1006 1966 1488
f 913 828 2231
f 209 152 709
f 1445 256 162
f 2049 2255 478
f 1240 455 1853
f 2083 378 1236
f 1217 1623 1612
f 2160 600 1003
f 1180 1614 1100
f 928 703 433
f 365 83 530
f 1206 751 2270
f 1009 493 308
f 530 557 243
f 977 1829 1096
f 1577 1578 1748
f 2274 120 2178
f 1866 70 1727
f 1483 2163 195
f 1993 1078 829
f 1965 2045 565
f 1129 528 1046
f 1965 2110 2045
f 2263 1884 614
f 2121 111 1925
f 1326 918 1157
f 632 2203 1669
f 767 1231 959
f 1034 2105 482
f 677 1348 123
f 1974 2120 1072
f 1738 973 1668
f 47 1265 1097
f 1629 1894 2273
f 551 314 1533
f 1454 1620 1362
f 1249 1694 210
f 681 1276 2116
f 1318 911 1073
f 706 2085 114
f 1632 779 1630
f 1139 2021 949
f 1288 1138 446
f 192 1197 543
f 802 1582 2281
f 852 331 602
f 1073 597 298
f 2189 1274 1124
f 347 163 1671
f 1478 825 1251
f 630 122 2124
f 1459 1996 1244
f 782 64 23
f 1360 2055 1264
f 1539 1744 1390
f 71 2096 424
f 1456 1024 1392
f 1465 750 177
f 12 1788 652
f 2177 1863 958
f 2145 2108 2087
f 299 360 2250
f 1091 14 715
f 2196 803 978
f 1997 1686 1147
f 2156 2150 384
f 1582 1933 1102
f 1040 778 812
f 1436 1583 2207
f 2008 1715 730
f 1612 1623 1394
f 884 891 24
f 1303 1231 641
f 2173 1089 2083
f 2237 1783 763
f 261 540 609
f 1085 693 1210
f 1584 782 170
f 95 434 927
f 898 87 1410
f 1722 1822 409
f 976 372 1768
f 1634 588 239
f 2036 576 144
f 278 1017 491
f 695 561 1817
f 796 1937 1429
f 229 1036 1797
f 1010 1691 373
f 1647 2148 1782
f 1165 1858 1321
f 1033 2271 1928
f 693 712 118
f 498 1609 1005
f 2044 601 1009
f 456 380 610
f 1360 1246 2055
f 868 1406 877
f 879 895 1428
f 574 534 2076
f 1096 1725 127
f 1235 1644 1963
f 1443 891 884
f 334 723 1128
f 970 307 1112
f 1944 367 550
f 456 1268 191
f 1941 1497 690
f 355 393 1173
f 2125 941 655
f 1249 157 484
f 676 1830 1562
f 405 863 457
f 2264 1194 509
f 920 1387 962
f 696 1091 1092
f 1881 1599 104
f 2106 8 1836
f 663 1110 178
f 1464 1628 336
f 1574 893 661
f 852 243 1307
f 852 1307 2020
f 519 1849 1510
f 1998 1985 1953
f 322 2012 138
f 2145 2245 2022
f 495 2196 1757
f 2227 457 863
f 1243 1744 1539
f 1411 2005 371
f 1064 2180 1455
f 1668 459 175
f 2181 947 1952
f 259 1947 1507
f 534 1460 550
f 1439 2254 239
f 880 2084 579
f 483 1386 56
f 435 1816 928
f 2040 346 1278
f 109 2014 235
f 1413 389 1501
f 2146 2222 963
f 1993 829 931
f 7 1447 653
f 1570 1708 1567
f 1739 204 1895
f 155 846 1279
f 1848 123 1174
f 972 605 1032
f 297 2109 1342
f 162 591 1979
f 1941 1035 1137
f 516 519 1510
f 988 1094 1042
f 285 564 875
f 522 1148 169
f 100 1743 343
f 2207 1928 1502
f 1085 1335 2012
f 157 446 484
f 1373 334 986
f 145 2010 1366
f 884 950 1950
f 261 951 603
f 384 1939 35
f 679 453 708
f 1012 2139 469
f 101 1622 1293
f 2076 735 406
f 359 1492 1014
f 1404 10 991
f 483 56 1801
f 507 2270 218
f 1640 1290 2131
f 1629 542 1894
f 1931 1304 1077
f 1638 160 896
f 1234 142 774
f 2051 1395 2111
f 756 639 1308
f 1762 1252 2282
f 1719 330 20
f 1527 1288 975
f 2217 1115 485
f 11 1652 1487
f 365 342 83
f 1187 1361 2062
f 803 394 34
f 1758 934 1528
f 1426 831 166
f 1505 743 1803
f 1425 1905 2006
f 2283 2226 1925
f 1517 813 1964
f 2080 1316 2136
f 1319 2042 1819
f 2223 576 1852
f 2067 155 1747
f 177 1658 463
f 934 1477 1629
f 149 2071 111
f 1013 839 87
f 1587 1121 1861
f 113 894 2216
f 1633 2079 1060
f 1597 2077 1472
f 947 234 418
f 599 1360 1401
f 95 34 434
f 1751 535 145
f 92 1627 1906
f 1866 1727 1892
f 172 2019 279
f 1510 1849 1515
f 2103 2080 408
f 1095 1127 1609
f 995 765 511
f 546 2136 106
f 2134 2115 2174
f 197 234 947
f 504 494 2262
f 494 1617 1949
f 2050 1733 1823
f 1721 46 1831
f 1107 58 642
f 369 1190 1592
f 429 670 352
f 274 1825 1946
f 2156 509 2274
f 1959 656 451
f 2025 1129 251
f 19 594 1599
f 2128 2091 470
f 996 821 1376
f 1536 955 1594
f 2281 1720 467
f 279 90 333
f 1117 286 422
f 61 323 62
f 2128 717 2091
f 1504 990 1988
f 367 700 1028
f 466 1675 1004
f 2111 925 1018
f 240 1349 47
f 587 1558 246
f 1562 1379 1160
f 891 1380 24
f 318 2067 850
f 2218 1509 160
f 986 1128 1286
f 983 1289 228
f 1988 1029 575
f 2043 1916 1924
f 366 390 2190
f 801 1670 615
f 158 185 1209
f 327 1465 1553
f 2082 1279 119
f 1185 205 1161
f 704 4 1556
f 1332 1567 1474
f 847 1347 766
f 593 1534 1082
f 1280 1431 1708
f 1951 1995 521
f 875 1452 688
f 206 1117 394
f 1049 796 1429
f 520 989 1271
f 177 463 1658
f 932 1256 2160
f 1829 1952 9
f 1332 1570 1567
f 455 246 1853
f 1129 1046 1552
f 2080 2136 546
f 1453 619 1134
f 1272 756 1498
f 98 27 1841
f 1577 1409 749
f 1565 1907 2113
f 1184 1815 2162
f 410 1210 693
f 193 1302 241
f 1631 271 1403
f 1385 929 752
f 2129 971 1835
f 1022 1760 266
f 1022 1551 1760
f 1577 336 1578
f 1499 1619 442
f 644 520 1785
f 1332 204 1739
f 1897 519 516
f 1010 373 1228
f 17 1660 1537
f 1548 191 1569
f 2206 2066 617
f 718 1690 2284
f 1569 817 1481
f 1432 1282 1243
f 2196 803 1757
f 862 2259 1469
f 858 1073 985
f 62 323 2241
f 191 752 599
f 341 1205 968
f 2192 1501 389
f 779 1310 2018
f 1373 1299 129
f 395 953 2075
f 2092 1695 1000
f 1791 423 922
f 1577 924 336
f 2233 291 1885
f 343 2053 1676
f 10 581 991
f 1608 30 396
f 173 356 1388
f 829 1078 1920
f 399 1903 2226
f 1935 1277 1002
f 565 238 871
f 1681 1487 2056
f 2225 2193 612
f 939 972 1071
f 1851 1098 667
f 1247 300 876
f 1838 1040 1850
f 563 1100 1180
f 1672 1864 737
f 1943 798 122
f 1797 1036 388
f 553 779 1632
f 1519 1935 1002
f 219 1936 1961
f 2001 1603 12
f 1784 1197 50
f 99 536 3
f 1264 2055 372
f 571 824 1164
f 1225 2122 1337
f 1309 739 996
f 1939 2150 1172
f 17 493 1660
f 1931 875 1304
f 1723 634 1714
f 1065 2084 880
f 1055 606 942
f 1272 578 756
f 128 531 1540
f 1867 475 619
f 1407 514 441
f 1646 431 1176
f 824 733 1164
f 1996 400 497
f 1764 1345 1275
f 443 114 2123
f 2015 287 387
f 353 1304 149
f 1519 1002 1558
f 1071 1032 260
f 2116 952 698
f 1486 698 952
f 355 1173 323
f 2015 387 1851
f 1657 1843 681
f 589 1167 2086
f 1101 2083 1236
f 2142 623 138
f 1090 512 1413
f 954 1513 980
f 1066 144 2223
f 514 1571 441
f 557 1384 438
f 1155 1168 553
f 858 985 675
f 761 436 953
f 310 1803 2097
f 1849 2031 805
f 1400 1582 802
f 1677 802 1400
f 1466 2123 10
f 2199 1216 2113
f 804 612 32
f 633 8 2106
f 2123 403 820
f 1259 2250 393
f 938 2134 1217
f 643 567 1588
f 1881 104 176
f 617 1389 732
f 1068 1981 753
f 596 1204 2255
f 620 1961 1936
f 1435 1344 1793
f 2006 1905 1297
f 284 2003 2
f 769 1468 1048
f 872 2003 284
f 815 1477 1712
f 524 480 1899
f 986 1664 2057
f 1121 650 826
f 1565 184 250
f 2005 1116 371
f 264 2060 1506
f 1189 1355 1846
f 1764 621 1223
f 288 1124 1020
f 776 628 1007
f 1238 106 1417
f 590 2279 1182
f 93 1746 2100
f 781 715 1662
f 1063 2088 1346
f 1682 1278 1901
f 1850 691 1237
f 1420 1440 2051
f 996 739 821
f 1047 967 2157
f 1051 158 1506
f 1300 743 1505
f 196 838 1037
f 323 1173 1426
f 1371 2169 1821
f 795 1806 633
f 1441 890 1479
f 1862 1304 353
f 444 2135 55
f 1287 1833 1543
f 1204 197 2181
f 1948 1801 1674
f 1003 527 1932
f 868 2258 166
f 1860 113 2216
f 1492 1076 1014
f 248 237 2280
f 1532 553 1610
f 1020 54 277
f 512 1982 2231
f 502 259 1507
f 1697 2043 527
f 1420 2252 1440
f 1801 26 1674
f 1982 1557 2231
f 2040 623 337
f 1851 667 1666
f 1561 216 1165
f 911 109 597
f 1249 484 1694
f 1946 1825 701
f 67 2049 401
f 1807 1871 483
f 1661 1138 814
f 1910 505 598
f 1937 1257 1615
f 1551 1291 1760
f 615 1267 324
f 1167 585 1055
f 988 1042 1921
# 4594 faces, 0 coords texture

# End of File