####
#
# OBJ File Generated by VirtualFlyBrain.org
#
####
v 108.394596312 276.472674927 135.747236843 0.99609375
v 108.606562433 277.132071276 135.670329679 0.99609375
v 108.674094128 277.459662325 135.879521402 0.99609375
v 108.586474283 276.752561712 134.646658062 0.99609375
v 108.866274776 276.710860465 136.032870795 0.99609375
v 109.021206279 276.700497672 135.449255601 0.99609375
v 108.527219273 277.387273724 135.68162273 0.99609375
v 109.019366283 277.72528326 135.908705028 0.99609375
v 108.538711969 278.066544639 135.757034986 0.99609375
v 109.209098666 276.84193063 134.862011112 0.99609375
v 108.916556551 276.762846453 136.748313246 0.99609375
v 109.305474524 277.114676633 134.965165147 0.99609375
v 109.323970008 276.936225559 137.332703125 0.99609375
v 109.230001413 277.263292311 135.708230949 0.99609375
v 108.751195531 277.349521273 137.205847042 0.99609375
v 108.975329934 277.593026631 135.99390649 0.99609375
v 108.927164045 277.338420292 136.24264608 0.99609375
v 109.091195644 278.003291733 135.627029285 0.99609375
v 109.044496946 278.102795941 135.028781642 0.99609375
v 109.191318177 276.688294641 134.705659936 0.99609375
v 109.534711364 276.608824833 137.229001611 0.99609375
v 109.217300935 276.679118226 135.445231601 0.99609375
v 109.380164848 277.144087281 137.960973387 0.99609375
v 109.24070169 277.475045707 135.117953199 0.99609375
v 109.190894879 277.058060192 137.881477224 0.99609375
v 109.085066 277.433499695 135.234928325 0.99609375
v 109.121751289 277.71401346 137.279699288 0.99609375
v 109.529856801 278.057985884 135.58401312 0.99609375
v 109.106298952 278.014786233 137.409686552 0.99609375
v 109.446566374 277.844172895 135.272114205 0.99609375
v 109.302504079 278.368026557 137.282302455 0.99609375
v 109.135673905 278.171767237 135.906527417 0.99609375
v 109.464013002 278.960595335 135.420574604 0.99609375
v 109.419289896 276.916711726 135.249696303 0.99609375
v 109.511329519 276.836764219 137.618486934 0.99609375
v 109.887712567 277.198550484 134.839821056 0.99609375
v 109.487330433 277.113128031 137.546638016 0.99609375
v 109.493453473 277.085919456 135.295135245 0.99609375
v 109.605375561 277.510148099 137.749118845 0.99609375
v 109.639461545 277.770547264 135.168425192 0.99609375
v 109.841437111 277.344761038 138.047523659 0.99609375
v 109.3555913 277.668530065 135.248702914 0.99609375
v 109.663142721 277.716580168 138.053181854 0.99609375
v 109.691652996 278.344221652 135.488857114 0.99609375
v 109.675738316 278.137051531 137.761291835 0.99609375
v 109.765380266 278.552565633 135.261234053 0.99609375
v 109.761643071 278.201066406 137.800796143 0.99609375
v 109.425732189 278.519320376 135.725265578 0.99609375
v 109.566281995 278.478129977 137.982965074 0.99609375
v 109.588394251 278.850821162 135.997549286 0.99609375
v 109.695398869 278.894000012 137.737703576 0.99609375
v 109.946903173 276.641085202 134.979197263 0.99609375
v 109.946111247 276.541363976 138.321515544 0.99609375
v 109.750556619 277.121306416 135.147582246 0.99609375
v 110.170302963 276.989542254 138.339588434 0.99609375
v 109.876181508 277.266981477 134.580105099 0.99609375
v 109.661315635 277.093856161 138.989119909 0.99609375
v 109.80759601 277.769386601 135.067048034 0.99609375
v 109.803240952 277.609256969 138.748867885 0.99609375
v 110.068897655 278.052357447 135.176451336 0.99609375
v 109.807065816 278.03696667 138.501275148 0.99609375
v 109.995799678 277.872079957 135.788286467 0.99609375
v 110.109797685 278.075548185 138.132002662 0.99609375
v 109.711065392 278.612856903 135.26822051 0.99609375
v 109.722017073 278.16661371 138.045667795 0.99609375
v 109.684891905 278.872833984 135.966119768 0.99609375
v 110.182836188 278.728268593 138.158822362 0.99609375
v 110.002474096 279.039177585 135.445458603 0.99609375
v 109.773787509 278.866953186 137.879603292 0.99609375
v 110.092849068 279.118447853 135.073826831 0.99609375
v 109.670728688 279.373051914 137.683381736 0.99609375
v 110.17251686 279.801779588 135.179561194 0.99609375
v 109.770988197 279.519993471 138.217726914 0.99609375
v 110.017122286 280.034408233 136.749990482 0.99609375
v 109.662438255 279.604810983 137.174592467 0.99609375
v 109.653527658 280.020900152 136.864605641 0.99609375
v 110.40774769 276.86969894 134.931027804 0.99609375
v 110.303889765 276.659344222 138.72315881 0.99609375
v 110.184410891 276.850317745 134.850425907 0.99609375
v 110.486703804 277.131440016 138.530359457 0.99609375
v 110.071720041 277.495085583 134.613123317 0.99609375
v 109.999360145 277.440302611 138.00930179 0.99609375
v 110.154123055 277.428090283 134.692214257 0.99609375
v 110.063588078 277.374193545 138.853620337 0.99609375
v 110.114326 277.537661661 135.516864488 0.99609375
v 110.115801255 277.99665341 138.569454773 0.99609375
v 110.37212602 278.193645968 135.472576078 0.99609375
v 110.317084354 278.36477104 138.543757184 0.99609375
v 110.23147263 278.295137721 135.433616044 0.99609375
v 110.394249909 278.3261752 138.48507393 0.99609375
v 110.325892576 278.880145565 135.668644897 0.99609375
v 110.022473089 278.958556884 138.809826213 0.99609375
v 109.978980989 279.112058501 135.514628742 0.99609375
v 110.471733562 278.73856551 138.945635528 0.99609375
v 110.046455024 279.290191716 135.973186456 0.99609375
v 110.393425952 278.98021888 138.362765185 0.99609375
v 109.977325378 279.449308707 135.383719409 0.99609375
v 110.220402095 279.300173228 138.633116571 0.99609375
v 110.336033973 279.988546723 135.172614429 0.99609375
v 110.059804046 280.099527927 138.688212028 0.99609375
v 109.929775546 280.191185411 136.345358137 0.99609375
v 110.251240831 280.388656835 137.871501852 0.99609375
v 110.44234364 280.371228098 136.145954529 0.99609375
v 110.328928817 280.504795129 137.529134528 0.99609375
v 109.984943844 280.63446545 135.575140354 0.99609375
v 110.417848884 280.828001416 138.436121226 0.99609375
v 110.383453318 281.150693656 136.891928833 0.99609375
v 110.447550871 281.455421879 137.435469244 0.99609375
v 110.717930828 276.45947179 134.702657 0.99609375
v 110.234023964 276.517842504 139.175063433 0.99609375
v 110.315612961 276.764864592 135.221885586 0.99609375
v 110.761029949 276.776893422 139.47926714 0.99609375
v 110.331660173 277.00564011 135.170357454 0.99609375
v 110.306920484 277.114299659 138.698851418 0.99609375
v 110.383524107 277.802624049 135.465335432 0.99609375
v 110.667158113 277.609390386 138.946334844 0.99609375
v 110.530333187 278.101834776 135.162831657 0.99609375
v 110.755771147 277.631152482 138.822709406 0.99609375
v 110.360968122 277.881380609 135.141156184 0.99609375
v 110.241019863 278.331702335 138.547135701 0.99609375
v 110.233938041 278.568973014 135.45641199 0.99609375
v 110.282538394 278.435413355 138.630043996 0.99609375
v 110.230754468 278.501742465 135.34597907 0.99609375
v 110.6021465 278.776956151 138.070412484 0.99609375
v 110.678371524 279.236004674 135.632955567 0.99609375
v 110.364932516 278.778104675 138.960606473 0.99609375
v 110.703322198 279.341100173 135.379903561 0.99609375
v 110.422173367 279.376268625 138.719819366 0.99609375
v 110.68936133 279.414391738 135.72859639 0.99609375
v 110.68399006 279.594416629 138.625673265 0.99609375
v 110.697525807 280.112848255 135.87123534 0.99609375
v 110.671850558 280.098726608 138.99906378 0.99609375
v 110.255622634 280.097580158 135.261749697 0.99609375
v 110.46025163 280.146363669 138.928164627 0.99609375
v 110.611934841 280.346598996 136.161265368 0.99609375
v 110.504092921 280.355121599 138.841899106 0.99609375
v 110.325388878 280.830667629 135.769072041 0.99609375
v 110.622117949 280.61135151 138.63053502 0.99609375
v 110.214242047 281.262809712 136.309820378 0.99609375
v 110.627469451 280.941707594 138.633405411 0.99609375
v 110.256578508 281.254858364 136.039755536 0.99609375
v 110.733185988 281.337631876 138.533776317 0.99609375
v 110.293165611 281.741805069 136.391992271 0.99609375
v 110.489527202 281.522536514 138.335971592 0.99609375
v 110.467534958 282.091640273 136.347853434 0.99609375
v 110.271373204 282.093485236 137.998971383 0.99609375
v 110.746783083 281.992812111 136.892911532 0.99609375
v 110.419529934 282.45354918 138.022420483 0.99609375
v 110.770936497 282.525790527 136.934521327 0.99609375
v 110.984801308 276.897466508 135.138622142 0.99609375
v 110.535891766 276.610055685 138.982857295 0.99609375
v 110.915667689 276.881538202 134.665068731 0.99609375
v 110.555051315 276.766531494 138.515762608 0.99609375
v 110.807023839 277.494037406 135.409696393 0.99609375
v 110.614186814 277.18376816 138.785346423 0.99609375
v 110.714145314 277.697007537 134.845464043 0.99609375
v 110.863413735 277.69095124 139.291337407 0.99609375
v 110.568432257 277.831557816 135.714584994 0.99609375
v 110.678509875 277.967866601 138.783356733 0.99609375
v 111.040498846 278.064528916 135.8887363 0.99609375
v 111.028113429 277.872416151 138.991311942 0.99609375
v 110.745747001 278.272500334 135.391319985 0.99609375
v 111.019204173 278.305769268 139.096392532 0.99609375
v 111.04157402 278.57828606 135.546532442 0.99609375
v 110.564050938 278.963383722 139.090495159 0.99609375
v 110.581069941 279.072383405 135.832475434 0.99609375
v 111.066761763 279.008085102 139.041587607 0.99609375
v 110.642063932 279.051562043 135.233939511 0.99609375
v 110.907008962 279.217959446 138.602257592 0.99609375
v 110.682243601 279.486678982 135.283732601 0.99609375
v 110.602587657 279.373227702 138.909517195 0.99609375
v 110.548022005 279.64525649 135.728484305 0.99609375
v 111.021296054 279.837512724 138.820227394 0.99609375
v 110.868492939 279.931578259 135.263630508 0.99609375
v 111.00393165 280.079654128 138.714803234 0.99609375
v 110.648415665 280.303940449 135.772493347 0.99609375
v 110.811317478 280.33046578 139.375561265 0.99609375
v 110.544484452 280.696468784 135.790660222 0.99609375
v 110.904461373 280.777883385 138.472920604 0.99609375
v 110.994343004 280.817918542 135.384799403 0.99609375
v 110.741862772 280.789224046 138.492990887 0.99609375
v 111.053254998 281.283592963 136.28032163 0.99609375
v 110.750453106 281.53193925 138.888122003 0.99609375
v 110.7186229 281.60834718 136.361159917 0.99609375
v 110.984032639 281.603504952 138.619484569 0.99609375
v 110.636675448 282.066639315 136.185746958 0.99609375
v 111.033795197 282.085592289 138.485358378 0.99609375
v 110.815397786 282.166295046 136.440381836 0.99609375
v 111.001338723 282.147978921 138.474185657 0.99609375
v 110.748903708 282.548072037 135.60371258 0.99609375
v 110.793951609 282.580700303 138.777944106 0.99609375
v 110.574763264 282.686723751 135.528411171 0.99609375
v 110.879879829 282.785181066 137.575401995 0.99609375
v 110.867159156 283.126167191 135.550939282 0.99609375
v 110.752142067 283.15611509 138.300879736 0.99609375
v 110.766442874 283.371451756 135.598112808 0.99609375
v 110.703695663 283.236488064 137.533772768 0.99609375
v 110.944255386 283.792873286 136.030768952 0.99609375
v 110.635175109 283.480603976 137.780119311 0.99609375
v 110.667294091 283.960126937 135.790868218 0.99609375
v 110.704056288 283.62020356 137.627496048 0.99609375
v 110.750700801 284.486720352 135.813021201 0.99609375
v 110.987769567 284.022238867 137.66659259 0.99609375
v 111.080565582 276.593428357 135.478809873 0.99609375
v 111.05080027 276.58957338 139.351130995 0.99609375
v 111.173029312 276.813306591 134.545769841 0.99609375
v 111.086717376 277.224193754 139.382011414 0.99609375
v 111.259985421 277.527543965 134.746423099 0.99609375
v 111.059671482 276.997736324 139.329875717 0.99609375
v 111.237087489 277.346486113 134.86046925 0.99609375
v 110.999657967 277.538501978 139.31746336 0.99609375
v 111.198382414 277.950680442 135.07427534 0.99609375
v 111.188609409 277.706926289 139.339118287 0.99609375
v 111.165429614 278.353339119 135.381905804 0.99609375
v 111.251568287 278.256865532 139.040351323 0.99609375
v 111.169221857 278.651901993 135.409702921 0.99609375
v 111.331917462 278.660441886 138.797131436 0.99609375
v 111.292593345 278.889474545 135.112579003 0.99609375
v 111.309711936 278.877857703 139.094482591 0.99609375
v 111.259918034 278.786643351 135.338507539 0.99609375
v 110.915806117 278.964997196 139.096331497 0.99609375
v 111.131085321 279.205920834 135.397343621 0.99609375
v 111.341293611 279.098230165 138.527312185 0.99609375
v 110.943521076 279.332867208 135.124493132 0.99609375
v 110.851360364 279.555272677 138.915266096 0.99609375
v 111.01919879 279.891750564 135.076328207 0.99609375
v 110.891505098 279.823489681 139.249084301 0.99609375
v 110.871716467 280.18289282 135.693851606 0.99609375
v 111.08561667 279.97113786 138.512941037 0.99609375
v 111.221623689 280.699977845 135.330368851 0.99609375
v 111.279507492 280.481353139 138.533488712 0.99609375
v 111.348999632 280.489368689 135.111047158 0.99609375
v 110.942735671 280.57826277 138.939884447 0.99609375
v 111.264157585 281.235970404 135.125984356 0.99609375
v 111.309470239 280.931909345 138.789248812 0.99609375
v 110.877658055 281.394754266 135.025332807 0.99609375
v 111.304509327 281.378301027 138.869868366 0.99609375
v 111.165497559 281.802852888 135.543010582 0.99609375
v 111.007576195 281.437772851 138.582632523 0.99609375
v 111.248298419 282.118322212 135.937934395 0.99609375
v 111.263457871 281.776794317 138.664766007 0.99609375
v 111.168163926 282.294623006 135.745905519 0.99609375
v 111.100388074 282.430165884 138.574938207 0.99609375
v 111.35897305 282.55295004 135.609393222 0.99609375
v 111.353304603 282.639333837 138.408236253 0.99609375
v 110.893909802 282.645489759 135.941030736 0.99609375
v 111.030446077 282.711537902 138.489637264 0.99609375
v 110.851733904 283.008741223 135.32680623 0.99609375
v 110.885141492 283.173516148 138.281628119 0.99609375
v 111.059574253 283.177313261 135.144777344 0.99609375
v 111.334469248 283.177745453 138.371866638 0.99609375
v 110.993831535 283.369909989 135.998927286 0.99609375
v 111.075651381 283.634000916 138.226790118 0.99609375
v 111.345022824 283.790329145 135.285362667 0.99609375
v 111.299454864 284.179986395 138.673016726 0.99609375
v 110.97540141 283.939200028 135.774575108 0.99609375
v 111.168788366 284.258383702 138.311042503 0.99609375
v 111.256220205 284.606590103 135.673817402 0.99609375
v 111.049889036 284.403001794 137.997839242 0.99609375
v 111.100038801 284.736452718 136.377687134 0.99609375
v 111.174013327 284.49459999 137.512286321 0.99609375
v 111.197715286 285.046521358 136.435661322 0.99609375
v 110.959415603 285.216956521 137.992720535 0.99609375
v 111.325828409 285.317055283 135.962253654 0.99609375
v 110.973418161 285.277234381 138.049684631 0.99609375
v 110.839158427 285.905883028 135.839442919 0.99609375
v 110.882536769 285.752284591 137.642781474 0.99609375
v 111.149971453 285.83768223 135.999349128 0.99609375
v 111.145491522 286.030395116 137.427996326 0.99609375
v 111.357702501 286.45417518 135.889488843 0.99609375
v 111.350104001 276.094168234 139.931514044 0.99609375
v 111.365997008 276.668313288 135.027707431 0.99609375
v 111.311125096 276.573936326 139.933405349 0.99609375
v 111.403212905 276.883979786 135.230424854 0.99609375
v 111.202553668 276.884627292 139.243007115 0.99609375
v 111.571112459 277.242998293 135.157603037 0.99609375
v 111.641573861 277.2595425 139.813780326 0.99609375
v 111.156216918 277.571195041 135.237276816 0.99609375
v 111.441250743 277.786914222 139.89293969 0.99609375
v 111.101021954 277.812641499 134.679529782 0.99609375
v 111.357851087 277.592490424 139.83669399 0.99609375
v 111.381778274 278.342778686 135.305490019 0.99609375
v 111.364472173 278.292274757 139.974664374 0.99609375
v 111.576504569 278.411397624 135.172823411 0.99609375
v 111.495460954 278.339745292 139.641099903 0.99609375
v 111.439612582 278.831768828 135.419795778 0.99609375
v 111.252147831 278.578345601 139.581712906 0.99609375
v 111.181799734 279.228850234 135.077117785 0.99609375
v 111.431383961 278.739181934 139.544618662 0.99609375
v 111.290594444 279.232012247 135.54897672 0.99609375
v 111.324206686 279.533290913 138.844449356 0.99609375
v 111.423980593 279.571255366 135.310133082 0.99609375
v 111.556218806 279.83288348 138.950477573 0.99609375
v 111.12148489 280.024040932 135.81823792 0.99609375
v 111.130361221 279.773079899 139.241537081 0.99609375
v 111.252989529 280.239910939 135.613136929 0.99609375
v 111.540503663 280.129701176 139.241199813 0.99609375
v 111.236540058 280.361269476 135.867652752 0.99609375
v 111.502064937 280.421492303 139.199857307 0.99609375
v 111.27686273 281.007042582 135.917467006 0.99609375
v 111.332351336 280.653405913 138.852734745 0.99609375
v 111.537483962 281.212773733 135.092987843 0.99609375
v 111.298836955 281.010130832 139.160943887 0.99609375
v 111.386337104 281.047721236 135.255430546 0.99609375
v 111.186896856 281.578662705 138.637403198 0.99609375
v 111.403940428 281.680836008 135.857113639 0.99609375
v 111.47347334 281.328425819 138.845799176 0.99609375
v 111.150577597 281.717889709 135.345831571 0.99609375
v 111.324573209 281.700049212 139.417202438 0.99609375
v 111.075502638 282.341026177 135.088757545 0.99609375
v 111.490217168 281.911861781 138.712702324 0.99609375
v 111.237677437 282.42425875 135.263122592 0.99609375
v 111.418044963 282.576274934 139.068455008 0.99609375
v 111.277023789 282.87611843 135.472219966 0.99609375
v 111.324962242 282.473170875 138.818137608 0.99609375
v 111.557407081 283.016816416 135.047938658 0.99609375
v 111.283125922 283.060837119 139.495567754 0.99609375
v 111.220978093 283.398551427 135.557482532 0.99609375
v 111.286350909 283.115815426 138.524023528 0.99609375
v 111.243197037 283.757319434 135.969978513 0.99609375
v 111.203961204 283.718199756 139.294646281 0.99609375
v 111.572701491 283.722840044 135.626360567 0.99609375
v 111.516932561 284.15645957 138.325088671 0.99609375
v 111.165986837 284.451863937 135.634105608 0.99609375
v 111.471101155 284.297476746 138.7022569 0.99609375
v 111.509789775 284.262618283 135.270955144 0.99609375
v 111.085810132 284.322234041 138.121248214 0.99609375
v 111.296633192 284.967791528 135.165581813 0.99609375
v 111.539457247 284.776030192 138.730773641 0.99609375
v 111.238590102 285.29265178 135.659099653 0.99609375
v 111.459533452 284.959623682 138.471113842 0.99609375
v 111.240761957 285.539155535 135.558369772 0.99609375
v 111.638893776 285.396318891 138.539139782 0.99609375
v 111.604855041 285.592167523 135.540718415 0.99609375
v 111.495232368 285.891977821 138.325851902 0.99609375
v 111.570971948 285.901136403 135.327917402 0.99609375
v 111.097818139 285.869667451 138.237730682 0.99609375
v 111.548930282 286.096141766 135.550158368 0.99609375
v 111.450853995 286.375277614 137.621083053 0.99609375
v 111.587416088 286.547126287 135.902280975 0.99609375
v 111.600170603 286.30593205 137.650376486 0.99609375
v 111.41006816 286.542735511 135.849886025 0.99609375
v 111.633394674 287.068225446 137.702279742 0.99609375
v 111.144757176 287.009929377 135.995417418 0.99609375
v 111.206022477 287.107667585 138.106119893 0.99609375
v 111.548809491 287.264137869 135.595421719 0.99609375
v 111.173958238 287.596970247 137.44528863 0.99609375
v 111.273668758 287.902962275 136.338770413 0.99609375
v 111.462393448 287.486227672 137.277365542 0.99609375
v 111.530013113 287.863058194 135.927557165 0.99609375
v 111.129347866 288.043834269 136.068437934 0.99609375
v 111.559823674 276.523860918 139.723140858 0.99609375
v 111.912688625 276.39901714 134.616680996 0.99609375
v 111.788954175 276.47654105 139.867160515 0.99609375
v 111.693002446 277.221397608 134.553441405 0.99609375
v 111.536072789 276.807890748 139.43915619 0.99609375
v 111.510410435 277.52195649 135.425183864 0.99609375
v 111.721554598 276.994110155 139.977144048 0.99609375
v 111.830280272 277.536294318 135.495504885 0.99609375
v 111.729490054 277.278982518 139.97224357 0.99609375
v 111.502234189 277.593837245 135.261353682 0.99609375
v 111.794754041 277.715111218 139.827034081 0.99609375
v 111.654773865 277.842879902 135.665985167 0.99609375
v 111.381977998 278.119056178 139.674620689 0.99609375
v 111.474895864 278.433819908 135.581730196 0.99609375
v 111.413550609 278.502135843 139.654665296 0.99609375
v 111.504000189 278.811426662 135.665218037 0.99609375
v 111.812630193 278.673786416 139.030913291 0.99609375
v 111.477588968 279.069327543 135.117540208 0.99609375
v 111.565546444 278.944629454 139.938176959 0.99609375
v 111.482626663 279.013028123 135.354137503 0.99609375
v 111.684229754 279.145288899 139.14064519 0.99609375
v 111.597090657 279.419646705 135.144587149 0.99609375
v 111.853086851 279.575861236 139.201124702 0.99609375
v 111.667906944 279.943322382 135.202130752 0.99609375
v 111.404473386 279.818519489 139.468558055 0.99609375
v 111.733609828 280.009686585 135.146573851 0.99609375
v 111.599931721 280.101368931 139.86673301 0.99609375
v 111.857344797 280.181048132 135.522497365 0.99609375
v 111.896188542 280.622524359 139.244924656 0.99609375
v 111.448503392 280.814772603 135.532744575 0.99609375
v 111.643617465 280.600332703 139.096510405 0.99609375
v 111.650411963 280.991096911 135.990793931 0.99609375
v 111.488241611 280.77749411 139.395824657 0.99609375
v 111.834791477 281.235803707 135.602046921 0.99609375
v 111.591881121 281.290115698 138.861032431 0.99609375
v 111.658600844 281.457473444 135.424827403 0.99609375
v 111.634885197 281.410818765 138.966211389 0.99609375
v 111.794822072 281.981684454 135.22046996 0.99609375
v 111.603322126 282.156784633 138.970938312 0.99609375
v 111.467834421 282.222511417 135.957321697 0.99609375
v 111.883661036 282.077059542 139.34563438 0.99609375
v 111.739798013 282.248791048 135.52012785 0.99609375
v 111.669888084 282.46443812 139.468205584 0.99609375
v 111.554752731 282.604265384 135.1392499 0.99609375
v 111.527165727 282.99480843 138.846635035 0.99609375
v 111.368207457 283.2984063 135.66503603 0.99609375
v 111.523623184 282.919193248 138.573969352 0.99609375
v 111.671993734 283.186584445 135.933171911 0.99609375
v 111.864895381 283.554569659 138.587351457 0.99609375
v 111.487780275 283.826716002 135.01480252 0.99609375
v 111.408840465 283.845312029 138.826277083 0.99609375
v 111.497875812 284.061769651 135.094241738 0.99609375
v 111.76587897 284.069943713 139.009936362 0.99609375
v 111.82300121 284.039696468 135.855083654 0.99609375
v 111.37532594 283.996445372 139.27527509 0.99609375
v 111.929626175 284.531451303 135.32179468 0.99609375
v 111.64202428 284.605552122 139.069568308 0.99609375
v 111.606308265 284.585924814 135.228187854 0.99609375
v 111.746451876 284.849228489 139.161406896 0.99609375
v 111.544667429 285.18628654 135.462408261 0.99609375
v 111.823160717 285.226629356 138.712469189 0.99609375
v 111.530651856 285.543078921 135.675364935 0.99609375
v 111.706878668 285.388594968 138.506864109 0.99609375
v 111.620055569 285.84196319 135.064537772 0.99609375
v 111.893055282 285.576273842 138.45723848 0.99609375
v 111.519540302 286.021275032 135.382183687 0.99609375
v 111.511331395 285.932806668 138.464056417 0.99609375
v 111.827679648 286.226792645 135.095151325 0.99609375
v 111.634475512 286.187693075 138.964481102 0.99609375
v 111.733633361 286.450221465 135.413950152 0.99609375
v 111.656750364 286.643047959 138.980981454 0.99609375
v 111.910910462 286.599501658 135.061449806 0.99609375
v 111.784345975 286.77285629 138.241410318 0.99609375
v 111.819671708 287.194199878 135.401100465 0.99609375
v 111.629441308 286.909270275 138.691809826 0.99609375
v 111.477107941 287.518283524 135.648956503 0.99609375
v 111.625357656 287.182528377 138.716802273 0.99609375
v 111.726289654 287.857823986 135.213084691 0.99609375
v 111.849645815 287.597126223 138.714431301 0.99609375
v 111.588533051 287.822539472 135.242042427 0.99609375
v 111.7601726 287.898076614 137.504974638 0.99609375
v 111.507459549 288.525632879 135.152102126 0.99609375
v 111.768294117 288.36489158 137.549886163 0.99609375
v 111.774477721 288.721114594 135.899026346 0.99609375
v 111.452128478 288.620467848 137.756639319 0.99609375
v 111.639486357 289.029485249 135.129307816 0.99609375
v 111.576258513 288.712179623 137.65927277 0.99609375
v 111.870697975 289.141920318 135.910192328 0.99609375
v 111.801735331 289.363411346 137.123568195 0.99609375
v 111.882674176 289.360781544 136.490046116 0.99609375
v 111.812735319 289.565093242 137.297306349 0.99609375
v 111.845838793 289.826933938 135.564245105 0.99609375
v 111.789098364 289.762167193 136.95927552 0.99609375
v 111.544628531 289.712882444 136.393346108 0.99609375
v 111.610844696 290.381050913 135.976887697 0.99609375
v 111.603567052 290.415732036 136.460159031 0.99609375
v 111.432234402 291.006569585 135.972717894 0.99609375
v 111.464374696 291.039131379 135.929050057 0.99609375
v 111.883816221 291.351804762 135.73230397 0.99609375
v 112.215310064 276.590522004 139.830928146 0.99609375
v 112.015120856 276.89238027 135.243863776 0.99609375
v 112.226721379 276.783425098 139.902059073 0.99609375
v 112.157142341 277.085003156 134.747449106 0.99609375
v 111.890301817 277.058918393 139.252807441 0.99609375
v 111.883084749 277.346976876 134.585976529 0.99609375
v 111.728635774 277.049193838 139.571526743 0.99609375
v 112.003424352 277.701988392 135.040696128 0.99609375
v 111.724460872 277.426335556 139.545720914 0.99609375
v 111.809590437 278.00608631 135.216244079 0.99609375
v 112.004527214 277.530546231 139.172740997 0.99609375
v 111.837689726 277.989359036 135.150780041 0.99609375
v 111.699994216 277.898168872 139.595619748 0.99609375
v 112.176388097 278.462071539 135.395550575 0.99609375
v 112.117982391 278.522454467 139.814453029 0.99609375
v 111.89797798 278.648065112 135.244823198 0.99609375
v 112.217800245 278.84945939 139.945363919 0.99609375
v 111.818699091 279.184047532 135.466755652 0.99609375
v 111.659095047 278.937957303 139.279470798 0.99609375
v 112.209363239 279.026492771 135.460801516 0.99609375
v 112.093668824 279.358332277 139.915486118 0.99609375
v 112.225383538 279.640894113 135.906906091 0.99609375
v 112.093017404 279.613934843 139.406692772 0.99609375
v 112.209369275 279.782361555 135.739952557 0.99609375
v 111.943710264 280.128585694 139.098271484 0.99609375
v 111.832270363 280.043845029 135.806421586 0.99609375
v 111.969543123 280.377153711 139.786167251 0.99609375
v 112.037879389 280.285847656 135.708741834 0.99609375
v 111.783396814 280.282665988 139.468404345 0.99609375
v 111.857073888 280.537501664 135.986856982 0.99609375
v 112.147299545 280.508572039 139.831153255 0.99609375
v 112.108359846 281.06651437 135.52652255 0.99609375
v 111.927009108 281.008075343 139.89476226 0.99609375
v 111.862261543 281.16733893 135.740839806 0.99609375
v 112.050829296 281.122627859 139.529546203 0.99609375
v 111.815742883 281.361548751 135.993659448 0.99609375
v 112.067053464 281.751682217 139.836844403 0.99609375
v 111.996474071 282.09962773 135.40633355 0.99609375
v 111.68831347 281.919927386 139.424303156 0.99609375
v 112.179048405 282.2370309 135.402586658 0.99609375
v 111.799403513 282.394739486 139.138664365 0.99609375
v 111.868994267 282.288357545 135.429283056 0.99609375
v 111.847961667 282.684689753 139.412304053 0.99609375
v 112.185923246 282.74838564 135.227748372 0.99609375
v 112.075278973 282.881865936 138.72802548 0.99609375
v 112.225302706 282.906630776 135.039546893 0.99609375
v 112.07663824 283.053695647 138.57343491 0.99609375
v 111.983506731 283.418520023 135.725315026 0.99609375
v 112.010208566 283.097128239 139.28334653 0.99609375
v 111.784779461 283.662102383 135.127793832 0.99609375
v 111.746111607 283.339576797 139.101535571 0.99609375
v 112.227716459 284.019844741 135.620335091 0.99609375
v 111.918296553 284.13712315 139.215229885 0.99609375
v 112.053821528 284.412581457 135.132060815 0.99609375
v 111.89046405 284.449566176 139.46967892 0.99609375
v 111.822155886 284.353222526 135.259841125 0.99609375
v 111.931210406 284.567849165 138.521184609 0.99609375
v 112.122359969 284.946065401 135.34554362 0.99609375
v 111.963982726 284.677146743 139.400335322 0.99609375
v 112.087434114 285.281120206 135.984248482 0.99609375
v 111.782900582 285.08328806 138.69326488 0.99609375
v 112.229610256 285.569358059 135.369699496 0.99609375
v 111.801719791 285.139290927 138.645162496 0.99609375
v 111.666216502 285.52106317 135.536299719 0.99609375
v 111.894036557 285.516846294 138.62289599 0.99609375
v 112.046035152 285.907389013 135.31498155 0.99609375
v 112.161751565 285.88742288 138.642909112 0.99609375
v 111.979441672 285.967344273 135.721927803 0.99609375
v 111.86806009 285.959183893 139.306276657 0.99609375
v 112.115391473 286.63804449 135.541233284 0.99609375
v 111.986317122 286.265251047 139.041272685 0.99609375
v 111.911884661 286.751899145 135.060993547 0.99609375
v 111.999191153 287.015872434 139.253671862 0.99609375
v 111.960351969 287.332686817 135.321875479 0.99609375
v 111.942721606 287.052441805 139.177856613 0.99609375
v 111.940389491 287.103252621 135.076924858 0.99609375
v 112.157522283 287.509438374 139.463439612 0.99609375
v 111.976943305 287.422558143 135.609686337 0.99609375
v 112.155168232 287.959437078 138.768203251 0.99609375
v 112.08025834 288.08859721 135.096984856 0.99609375
v 112.044077874 287.877941267 138.383713594 0.99609375
v 112.201636 288.475071366 135.129005131 0.99609375
v 111.655997161 288.279594552 138.646580497 0.99609375
v 111.78347635 288.508399258 135.369187259 0.99609375
v 111.992223358 288.549136288 138.16064366 0.99609375
v 111.906681726 288.947609783 135.169743462 0.99609375
v 111.930616164 288.653424116 138.635024082 0.99609375
v 111.688293737 289.262703643 135.507008122 0.99609375
v 112.065593461 288.893805044 138.087638203 0.99609375
v 111.883262862 289.278235646 135.826265262 0.99609375
v 111.966826169 289.316252888 138.329371819 0.99609375
v 111.780036303 289.446161178 135.145851006 0.99609375
v 111.740962087 289.857622673 138.319941211 0.99609375
v 111.887570955 289.772371295 135.379397027 0.99609375
v 111.865578367 290.23475295 138.210011902 0.99609375
v 111.895167406 290.075598466 135.973005462 0.99609375
v 111.759881393 290.1298721 138.051465188 0.99609375
v 112.077955279 290.542266827 135.565258867 0.99609375
v 112.010598616 290.300350738 137.46916394 0.99609375
v 111.829506115 290.984894965 135.377390742 0.99609375
v 111.989507224 290.997050863 137.354965689 0.99609375
v 111.818676333 290.993683862 135.86565479 0.99609375
v 112.104015655 291.132401447 137.118596072 0.99609375
v 111.883025409 291.505000238 135.96109682 0.99609375
v 111.838707187 291.358743063 137.831361645 0.99609375
v 112.070411466 291.976776547 135.618177013 0.99609375
v 112.108521219 291.953724593 136.749094839 0.99609375
v 111.902834061 291.919365059 135.654164441 0.99609375
v 112.169976787 291.852516227 137.116620535 0.99609375
v 111.822277534 292.11243793 135.716209338 0.99609375
v 112.165944739 292.39146348 137.133462886 0.99609375
v 111.957844002 292.42122348 135.820831678 0.99609375
v 111.753010755 292.878181346 137.257639284 0.99609375
v 112.129076672 292.797578093 135.867161382 0.99609375
v 111.885889582 293.00577415 136.067854686 0.99609375
v 111.691966592 293.3302059 135.321167933 0.99609375
v 111.863948171 292.902644585 136.813397468 0.99609375
v 111.835980335 293.478164172 135.552764761 0.99609375
v 111.718434404 293.416187373 136.072755542 0.99609375
v 112.142832638 293.867531734 135.076341845 0.99609375
v 112.093825667 293.757069841 136.127813226 0.99609375
v 111.786786066 294.13718061 135.850919965 0.99609375
v 111.77500019 294.095391816 136.004298276 0.99609375
v 111.733668037 294.528864657 135.212332902 0.99609375
v 111.846470832 294.135645586 136.250162386 0.99609375
v 111.995761442 294.922491201 135.137230327 0.99609375
v 111.896252248 294.896620845 136.757055765 0.99609375
v 112.202878136 294.661978528 135.575565081 0.99609375
v 111.962494698 295.44395368 135.023765839 0.99609375
v 111.840953873 295.681121302 135.837612488 0.99609375
v 112.123439176 295.903166583 135.435972645 0.99609375
v 111.881231031 295.990766895 135.526374358 0.99609375
v 112.060474182 296.144363127 135.66524375 0.99609375
v 111.659999761 296.732146752 135.146804896 0.99609375
v 112.105239813 297.226216376 135.025616999 0.99609375
v 111.810577622 297.341075282 135.005260119 0.99609375
v 111.897256905 297.417178454 135.607506836 0.99609375
v 111.880386329 297.698714541 135.961948137 0.99609375
v 111.704280097 298.244957569 135.906838548 0.99609375
v 112.008649161 298.154282113 135.162514002 0.99609375
v 112.224594637 298.742344067 135.646037163 0.99609375
v 112.009803298 299.002983026 135.854979975 0.99609375
v 112.00957821 299.455948511 135.947033006 0.99609375
v 112.341560794 276.099526459 139.227702076 0.99609375
v 112.362172647 276.907153809 135.267719766 0.99609375
v 112.477495801 276.728228932 139.980349116 0.99609375
v 112.389297234 276.873303692 135.414526485 0.99609375
v 112.411221336 276.791183534 139.196368702 0.99609375
v 112.088170921 277.185165862 135.082347176 0.99609375
v 112.392827117 277.45060423 139.919406418 0.99609375
v 112.515336181 277.293721897 135.328821152 0.99609375
v 112.239699648 277.429551546 139.517261186 0.99609375
v 112.140191374 277.939726535 134.624352822 0.99609375
v 112.047098359 277.578213328 139.822845963 0.99609375
v 112.290733335 277.976278864 135.020757281 0.99609375
v 112.054022362 278.398818255 139.272608678 0.99609375
v 112.044333293 278.649748718 135.427258982 0.99609375
v 112.195014362 278.197065668 139.393958223 0.99609375
v 112.200263046 278.626877832 135.222737171 0.99609375
v 112.044436097 278.960636109 139.698191384 0.99609375
v 112.231267572 278.862348195 135.64695773 0.99609375
v 112.329305304 278.886917708 139.879950071 0.99609375
v 112.192306121 279.499304076 135.972086152 0.99609375
v 112.335446008 279.270695144 139.653316733 0.99609375
v 112.360559786 279.318507074 135.467341496 0.99609375
v 112.056307853 279.763252114 139.271749404 0.99609375
v 112.198603627 279.936710258 135.040954407 0.99609375
v 112.269879924 279.80400425 139.224187656 0.99609375
v 112.150794818 280.312472439 135.807532999 0.99609375
v 112.472197753 279.95196623 139.342760072 0.99609375
v 112.141690709 280.257171545 135.855433001 0.99609375
v 111.967877894 280.279282699 139.2602787 0.99609375
v 112.234260567 280.480945593 135.301626641 0.99609375
v 111.991558179 280.792486583 139.813939569 0.99609375
v 112.465134893 281.121459802 135.742516593 0.99609375
v 112.368108554 281.264987624 139.464262515 0.99609375
v 112.428232594 281.222897247 135.057684716 0.99609375
v 112.364208903 281.381551577 139.13288465 0.99609375
v 112.447602204 281.794539611 135.15979711 0.99609375
v 112.278799766 281.463513799 139.675845915 0.99609375
v 112.330740054 282.049973746 135.890190975 0.99609375
v 112.24677611 281.680810342 139.144332676 0.99609375
v 112.108328103 281.918912469 135.800410928 0.99609375
v 112.104816492 282.32786238 139.919972604 0.99609375
v 112.296956786 282.248997348 135.685305992 0.99609375
v 112.460702722 282.664085231 139.374000757 0.99609375
v 112.472542035 282.555278493 135.144175738 0.99609375
v 111.981825054 282.994188733 139.148841273 0.99609375
v 112.498010531 282.884420044 135.379089384 0.99609375
v 112.429075598 283.12668092 139.872493083 0.99609375
v 112.316393259 283.405921605 135.09671393 0.99609375
v 112.357979432 283.434642801 139.551533914 0.99609375
v 112.106492012 283.438739527 135.479950106 0.99609375
v 112.134924073 283.400029457 139.851614702 0.99609375
v 112.490828297 283.815556509 135.92588929 0.99609375
v 112.040655477 283.853222112 139.529216118 0.99609375
v 112.408474632 284.298231042 135.382894535 0.99609375
v 112.247572192 284.375291538 139.073204432 0.99609375
v 112.162464974 284.730129064 135.87245558 0.99609375
v 111.951077335 284.343709181 139.651264017 0.99609375
v 111.966734028 284.581060743 135.548511083 0.99609375
v 112.326927619 284.587729735 139.475943117 0.99609375
v 112.321988008 285.164642918 135.414118487 0.99609375
v 112.074846163 284.926783754 139.086128528 0.99609375
v 112.353019397 285.389920094 135.788443874 0.99609375
v 112.146950596 285.192858607 138.735738339 0.99609375
v 112.479299571 285.698702309 135.990895624 0.99609375
v 112.280114335 285.680419937 139.414250076 0.99609375
v 112.472946839 286.155359193 135.906155821 0.99609375
v 112.127558753 285.939663144 138.586970593 0.99609375
v 112.516091544 285.955567784 135.404388951 0.99609375
v 111.964121678 286.369902131 138.937592781 0.99609375
v 112.256600941 286.366015811 135.967945248 0.99609375
v 112.455989102 286.7651657 138.926678269 0.99609375
v 112.478785579 286.589429783 135.601131841 0.99609375
v 112.494987003 286.69331897 138.83837068 0.99609375
v 112.097609657 286.892439131 135.926284178 0.99609375
v 111.947357502 287.193847033 138.677688256 0.99609375
v 112.507544248 287.219921766 135.327519261 0.99609375
v 112.154894303 287.33399713 138.727382133 0.99609375
v 112.319171721 287.480846269 135.243654858 0.99609375
v 112.190260534 287.546260789 138.587569792 0.99609375
v 112.420162389 287.682620805 135.057682464 0.99609375
v 112.423545958 288.033505135 138.753267755 0.99609375
v 112.120673926 288.012824359 135.950102949 0.99609375
v 112.449609669 288.116960526 139.410010515 0.99609375
v 112.019972837 288.645340561 135.760553548 0.99609375
v 112.075230176 288.771734366 139.081549473 0.99609375
v 112.348455442 288.967834827 135.203166205 0.99609375
v 112.211972604 288.723070515 139.449171059 0.99609375
v 111.998058619 289.064905694 135.573893937 0.99609375
v 112.422230434 289.14102478 138.614487943 0.99609375
v 112.477363864 289.441284257 135.873346521 0.99609375
v 111.950224171 289.288195741 138.918503113 0.99609375
v 112.294328434 289.712417836 135.382651121 0.99609375
v 112.063706961 289.949504982 138.572571216 0.99609375
v 112.076259624 289.889726738 135.061913701 0.99609375
v 111.951504338 289.767605155 138.833098804 0.99609375
v 112.386731157 290.057406843 135.033397081 0.99609375
v 112.410371139 290.335782444 138.350352738 0.99609375
v 112.133890944 290.638385004 135.217264643 0.99609375
v 112.447866078 290.820944603 138.576938153 0.99609375
v 111.944153255 291.136877962 135.667088696 0.99609375
v 112.404150086 290.660481259 138.941642187 0.99609375
v 112.171867595 291.184622471 135.330043895 0.99609375
v 112.444079748 290.969564023 138.147333396 0.99609375
v 112.077160044 291.657317931 135.283042783 0.99609375
v 112.447808458 291.394075475 138.079316639 0.99609375
v 112.058505275 291.501503451 135.09324302 0.99609375
v 112.401143452 291.848651003 138.130612802 0.99609375
v 112.460566469 292.177236647 135.774229735 0.99609375
v 112.070061394 292.128248497 137.595983609 0.99609375
v 112.385385359 292.174885784 135.376949417 0.99609375
v 112.472789298 292.195576516 137.704356576 0.99609375
v 112.254459176 292.545857616 135.590072488 0.99609375
v 111.991604649 292.321724561 137.633466125 0.99609375
v 112.091093109 292.676505346 135.06827871 0.99609375
v 112.214925632 292.850096423 137.360680186 0.99609375
v 112.037897742 293.307977427 135.595848029 0.99609375
v 112.086686685 293.21589557 137.316648632 0.99609375
v 111.985900226 293.464222531 135.258368664 0.99609375
v 112.272597292 293.461180185 137.473476481 0.99609375
v 112.120930093 293.554683964 135.066371583 0.99609375
v 112.193485492 293.814685311 137.186619502 0.99609375
v 112.010292895 294.093911088 135.741889949 0.99609375
v 112.474048304 294.083930866 137.962424025 0.99609375
v 112.006229256 294.525290039 135.324304844 0.99609375
v 112.025200645 294.202002658 137.520494548 0.99609375
v 112.018009812 294.773703295 135.869180248 0.99609375
v 112.119371996 294.750984906 137.070085257 0.99609375
v 112.390485176 295.090336077 135.188900776 0.99609375
v 112.380266065 294.851341953 137.225882435 0.99609375
v 112.400739363 295.448576501 135.295980972 0.99609375
v 112.131935124 295.438621828 137.479940912 0.99609375
v 112.042010866 295.558350331 135.297615205 0.99609375
v 112.403992654 295.447190993 137.10493687 0.99609375
v 112.104409007 295.560569494 135.075455223 0.99609375
v 111.955083061 296.005601119 137.002639252 0.99609375
v 112.391872102 296.115328381 135.073921199 0.99609375
v 112.002670741 295.929643498 136.946032911 0.99609375
v 112.403858477 296.19880507 135.059933742 0.99609375
v 112.342183949 296.628295641 136.607546012 0.99609375
v 112.253716742 296.463340411 135.35849261 0.99609375
v 111.980495615 296.95184247 136.692365453 0.99609375
v 112.458666179 297.242235756 135.699896244 0.99609375
v 112.371028197 297.005063515 136.717694808 0.99609375
v 112.363071473 297.031310921 135.317455712 0.99609375
v 112.130287902 297.177566067 137.486460121 0.99609375
v 112.507003941 297.267243812 135.900408317 0.99609375
v 112.092704683 297.304058881 136.31960028 0.99609375
v 112.010068993 297.980950494 135.372527878 0.99609375
v 112.142013125 297.726211758 136.486544826 0.99609375
v 112.203872558 298.397524431 135.541838556 0.99609375
v 112.066373864 297.860654339 136.921640578 0.99609375
v 112.228097561 298.675147099 135.084712272 0.99609375
v 112.117404177 298.652365182 136.598573076 0.99609375
v 112.464806832 298.759247178 135.165762491 0.99609375
v 112.286757175 298.646989854 136.154853241 0.99609375
v 112.200949067 298.726339101 135.382086587 0.99609375
v 112.438834771 298.88213668 136.422388347 0.99609375
v 112.382962283 299.483114514 135.020458084 0.99609375
v 112.366812147 299.01154352 136.515230961 0.99609375
v 112.193957313 299.540270991 135.080377405 0.99609375
v 112.133516832 299.536774297 136.416612969 0.99609375
v 112.373840973 299.774413697 135.474413349 0.99609375
v 112.334397305 300.115649656 136.239866595 0.99609375
v 112.062955804 300.156793728 135.193121802 0.99609375
v 111.941175208 300.373584636 135.18979489 0.99609375
v 112.146426184 300.509374529 135.250596896 0.99609375
v 112.512864525 301.009559566 135.116731755 0.99609375
v 112.308550026 301.111593428 135.79003855 0.99609375
v 112.268520148 301.537245331 135.885215636 0.99609375
v 112.098045116 301.868510108 135.275895035 0.99609375
v 112.553947422 276.239228081 139.655341213 0.99609375
v 112.591034511 276.476918836 135.145383572 0.99609375
v 112.795962175 276.43346148 140.473954905 0.99609375
v 112.366453346 277.117498681 134.637210587 0.99609375
v 112.721934492 276.791831707 140.421354947 0.99609375
v 112.303361164 277.391526046 135.330619849 0.99609375
v 112.753581085 277.485490596 140.463019139 0.99609375
v 112.743150833 277.792505787 135.448815199 0.99609375
v 112.416421389 277.599978583 139.731255717 0.99609375
v 112.40981993 277.678759731 134.889378494 0.99609375
v 112.767190504 277.775439069 139.556505532 0.99609375
v 112.232450856 277.951703945 135.991269211 0.99609375
v 112.604639274 278.232166297 139.69154323 0.99609375
v 112.411111776 278.136996045 135.314833091 0.99609375
v 112.546060856 278.19108156 139.694646689 0.99609375
v 112.515886871 278.469885173 135.158043084 0.99609375
v 112.739186734 278.856303509 140.076686491 0.99609375
v 112.718113736 279.171169674 135.211277675 0.99609375
v 112.361358451 279.237081927 140.133224381 0.99609375
v 112.460223241 279.149472862 135.544833674 0.99609375
v 112.544956536 279.185983782 139.639139696 0.99609375
v 112.477774021 279.665751506 135.11896898 0.99609375
v 112.664188654 279.510326117 139.077660832 0.99609375
v 112.387286237 279.563979035 135.423824345 0.99609375
v 112.314625668 279.585698152 139.592433677 0.99609375
v 112.679473626 279.998730871 135.063978678 0.99609375
v 112.332236471 280.251222913 139.717923599 0.99609375
v 112.335550337 280.241833826 135.285058653 0.99609375
v 112.688767001 280.47354153 139.142757653 0.99609375
v 112.350018652 280.892928495 135.963251328 0.99609375
v 112.56023271 280.577462107 139.36010538 0.99609375
v 112.72404587 280.802837583 135.848029159 0.99609375
v 112.708889841 281.239126993 139.171947855 0.99609375
v 112.785272869 281.223439101 135.400387844 0.99609375
v 112.538807811 281.209993936 139.388514401 0.99609375
v 112.558324672 281.593145744 135.000358602 0.99609375
v 112.347670904 281.322372302 139.213198405 0.99609375
v 112.411095321 281.994873014 135.314086834 0.99609375
v 112.7314211 282.075653944 139.63467884 0.99609375
v 112.531432806 281.967105829 135.929273948 0.99609375
v 112.368934572 282.027768743 139.46656868 0.99609375
v 112.680571874 282.38023367 135.19817613 0.99609375
v 112.309811373 282.456388074 139.635746932 0.99609375
v 112.299131601 282.624978963 135.336546153 0.99609375
v 112.701826345 282.587653692 139.332889146 0.99609375
v 112.626943029 283.319357333 135.098858793 0.99609375
v 112.777682688 283.041318067 139.791895287 0.99609375
v 112.247762585 283.243587055 135.617376979 0.99609375
v 112.313961363 283.617233471 139.392300842 0.99609375
v 112.553292513 283.560851017 135.315556412 0.99609375
v 112.448845114 283.395488073 139.82281041 0.99609375
v 112.348182013 283.6658493 135.184161675 0.99609375
v 112.526872627 283.843543413 139.346946534 0.99609375
v 112.409356389 284.325161258 135.962086753 0.99609375
v 112.533335941 284.256308683 139.517885519 0.99609375
v 112.437488303 284.568606326 135.677264003 0.99609375
v 112.449716413 284.477607953 139.611634567 0.99609375
v 112.4466868 284.597438273 135.478932405 0.99609375
v 112.338140184 284.919979232 139.958935503 0.99609375
v 112.451390008 284.780421483 135.860806027 0.99609375
v 112.403584735 285.325567049 139.410887223 0.99609375
v 112.397604159 285.437842618 135.292615761 0.99609375
v 112.233341303 285.641172916 139.642642744 0.99609375
v 112.799897643 285.79423276 135.656688234 0.99609375
v 112.358485749 285.362049299 139.757701413 0.99609375
v 112.417760668 285.710042805 135.739031114 0.99609375
v 112.349235597 285.978386892 139.599396164 0.99609375
v 112.29783599 286.10529931 135.725831147 0.99609375
v 112.490544842 285.953571622 139.191876208 0.99609375
v 112.766584794 286.457264626 135.86978461 0.99609375
v 112.360901793 286.304055817 139.951277633 0.99609375
v 112.618767287 286.921340192 135.072249152 0.99609375
v 112.641890363 286.621075713 139.430881698 0.99609375
v 112.536018039 287.148288266 135.380927029 0.99609375
v 112.730902022 286.835409426 139.752709521 0.99609375
v 112.754497551 287.112440111 135.656648741 0.99609375
v 112.560187761 287.209556761 139.013283056 0.99609375
v 112.495720908 287.530839323 135.847859812 0.99609375
v 112.33113124 287.777803126 138.947921382 0.99609375
v 112.619573571 287.780063205 135.789959594 0.99609375
v 112.352636183 288.206357436 138.978750899 0.99609375
v 112.473109396 288.155202352 135.477588675 0.99609375
v 112.735637574 288.033192945 139.482399304 0.99609375
v 112.25937453 288.526128971 135.919912836 0.99609375
v 112.276765318 288.690179941 139.448595071 0.99609375
v 112.542395883 288.929914696 135.2988678 0.99609375
v 112.422484019 288.686728594 139.204526511 0.99609375
v 112.57102512 289.41149799 135.475301018 0.99609375
v 112.360224221 289.087950655 139.214331905 0.99609375
v 112.333759987 289.231002998 135.35924942 0.99609375
v 112.457052606 289.559161842 139.133725291 0.99609375
v 112.34627298 289.425856628 135.993247325 0.99609375
v 112.619477991 289.685752709 139.010873851 0.99609375
v 112.442194861 290.046898595 135.970166915 0.99609375
v 112.375140161 289.828514898 139.055334789 0.99609375
v 112.453286772 290.129001896 135.250993253 0.99609375
v 112.753932103 290.212928063 139.029196114 0.99609375
v 112.382752142 290.342318486 135.243619292 0.99609375
v 112.515373759 290.674178767 138.981186198 0.99609375
v 112.659553304 290.68839236 135.318610788 0.99609375
v 112.558514257 290.671787333 138.111398304 0.99609375
v 112.243135982 291.397665911 135.213641128 0.99609375
v 112.334515963 291.110162471 138.316698468 0.99609375
v 112.484892152 291.584944218 135.39798109 0.99609375
v 112.665122753 291.229262743 138.68358195 0.99609375
v 112.593386555 291.714609626 135.441910588 0.99609375
v 112.663205329 292.010597375 138.599819137 0.99609375
v 112.588761231 291.768091171 135.785922719 0.99609375
v 112.459823279 292.02820051 138.992669005 0.99609375
v 112.691521871 292.11486565 135.668362883 0.99609375
v 112.470767976 292.477708896 138.290938806 0.99609375
v 112.708201249 292.616615777 135.319729777 0.99609375
v 112.434266454 292.701624202 138.471530468 0.99609375
v 112.433333032 292.747855702 135.673284303 0.99609375
v 112.392414358 292.813006337 138.956472683 0.99609375
v 112.275998446 292.928759236 135.663313537 0.99609375
v 112.290409241 292.980318045 138.247670207 0.99609375
v 112.431958375 293.637955423 135.412311317 0.99609375
v 112.287817739 293.361812975 137.908207942 0.99609375
v 112.79345914 293.724139138 135.014502212 0.99609375
v 112.493717685 293.777140473 137.657843008 0.99609375
v 112.736298801 293.797485967 135.610222092 0.99609375
v 112.361088628 293.811151596 137.644579964 0.99609375
v 112.579851631 294.11634372 135.585897971 0.99609375
v 112.74105401 294.12607158 138.301655712 0.99609375
v 112.289253052 294.801838176 135.114941482 0.99609375
v 112.467635013 294.65230094 138.180674153 0.99609375
v 112.594950729 294.757715979 135.432493538 0.99609375
v 112.790821294 294.931414366 138.057217524 0.99609375
v 112.722508942 295.348608472 135.960744179 0.99609375
v 112.385472912 295.419257542 138.234947494 0.99609375
v 112.496715286 295.367479465 135.21822545 0.99609375
v 112.304139253 295.686695802 137.438746732 0.99609375
v 112.705387671 296.031127729 135.266177156 0.99609375
v 112.257889969 295.649106608 137.621599626 0.99609375
v 112.65250361 295.974473411 135.141524994 0.99609375
v 112.686574859 296.140032792 137.04926404 0.99609375
v 112.448418887 296.317505317 135.593094216 0.99609375
v 112.374172859 296.106063236 137.830285093 0.99609375
v 112.299456936 296.622701913 135.397052376 0.99609375
v 112.731056143 296.812347628 137.522992604 0.99609375
v 112.435932764 296.750470216 135.559716473 0.99609375
v 112.343001781 296.876388129 137.013174324 0.99609375
v 112.807681093 297.433849325 135.751300639 0.99609375
v 112.60895586 297.276262966 137.498285084 0.99609375
v 112.669954111 297.501605882 135.370979118 0.99609375
v 112.659641159 297.829665514 137.327186572 0.99609375
v 112.732228992 297.995852253 135.160358439 0.99609375
v 112.643232812 297.857734789 137.734875035 0.99609375
v 112.283651974 298.086391989 135.323336702 0.99609375
v 112.624089201 298.156924005 137.997983211 0.99609375
v 112.465243171 298.181898815 135.233721079 0.99609375
v 112.601890106 298.578779408 137.710210954 0.99609375
v 112.587891747 298.55139782 135.935237126 0.99609375
v 112.660187817 298.72830453 137.374912142 0.99609375
v 112.440410689 299.125086424 135.924178 0.99609375
v 112.609924205 299.004794178 137.416212352 0.99609375
v 112.335908848 299.542985501 135.215555407 0.99609375
v 112.68276432 299.51717848 137.318103946 0.99609375
v 112.313247006 299.390159779 135.355988628 0.99609375
v 112.601337898 299.357645023 137.29645628 0.99609375
v 112.788209741 299.791114304 135.902392321 0.99609375
v 112.798677309 299.687805641 136.930872215 0.99609375
v 112.598935541 300.221376986 135.261258679 0.99609375
v 112.524471043 300.174401722 137.340784872 0.99609375
v 112.434973155 300.455273761 135.513501635 0.99609375
v 112.724252315 300.254096734 137.068228987 0.99609375
v 112.562498661 300.465860875 135.531200666 0.99609375
v 112.248249408 300.698228392 137.088106149 0.99609375
v 112.741896224 300.874868184 135.194910862 0.99609375
v 112.571993385 300.976187868 136.577382795 0.99609375
v 112.306208231 301.572953912 135.81197623 0.99609375
v 112.747451052 301.353281838 136.641319665 0.99609375
v 112.582390885 301.423635824 135.420395836 0.99609375
v 112.783072968 301.705577 136.089424982 0.99609375
v 112.412020629 301.732612939 135.009784377 0.99609375
v 112.722123646 301.844488883 136.064044757 0.99609375
v 112.597937469 302.37647484 135.361395343 0.99609375
v 112.316449447 301.971306638 136.966218472 0.99609375
v 112.276764754 302.394765467 135.135058781 0.99609375
v 112.359382291 302.719550947 136.612478376 0.99609375
v 112.399837589 302.924484214 135.596037853 0.99609375
v 112.589674343 302.610713847 136.600145646 0.99609375
v 112.702377296 303.21774181 135.929789031 0.99609375
v 112.665889856 303.548889363 135.827313268 0.99609375
v 112.577570396 303.600636332 136.297045645 0.99609375
v 112.456541245 303.744606188 135.666914753 0.99609375
v 112.684644726 276.570257971 139.713936879 0.99609375
v 112.564862481 276.910742558 134.596694614 0.99609375
v 112.558400946 276.863290478 140.15765819 0.99609375
v 112.813640131 277.138820687 135.125745482 0.99609375
v 112.930080632 277.075226297 140.321658018 0.99609375
v 112.849967395 277.520596962 135.440579269 0.99609375
v 112.84568904 277.020508651 139.577437694 0.99609375
v 112.831973488 277.686618822 135.157032768 0.99609375
v 113.043344574 277.588115324 139.549349425 0.99609375
v 112.962191778 277.790477443 135.32127506 0.99609375
v 112.910724181 277.598748621 140.227865749 0.99609375
v 112.901550919 278.186372325 135.980245116 0.99609375
v 112.901163182 278.36345095 140.115624435 0.99609375
v 112.765210149 278.517781004 135.600564149 0.99609375
v 112.613992556 278.399602536 139.573169687 0.99609375
v 112.904121054 278.733108072 135.71126666 0.99609375
v 112.694527448 278.750247979 140.207966736 0.99609375
v 113.032992456 278.962450041 135.024033588 0.99609375
v 112.56449994 278.937608937 140.400216123 0.99609375
v 112.546498064 279.285031992 135.717603615 0.99609375
v 112.749247063 279.067950227 139.746793203 0.99609375
v 112.712631038 279.80805292 135.031961596 0.99609375
v 112.742486614 279.746572944 140.423111473 0.99609375
v 112.660291113 279.724121115 135.658304558 0.99609375
v 112.658232836 279.641405197 140.355504245 0.99609375
v 113.087537704 279.865739185 135.382244181 0.99609375
v 112.868859577 280.129557462 140.429198468 0.99609375
v 113.099916641 280.288669482 135.249349053 0.99609375
v 112.804381391 280.348287812 139.756188253 0.99609375
v 112.773043176 280.498940055 135.065233245 0.99609375
v 112.955013923 280.868718141 139.700932995 0.99609375
v 112.764161074 281.105294511 135.571816407 0.99609375
v 112.696549931 280.867395701 140.182339826 0.99609375
v 112.853200769 281.532897153 135.690994756 0.99609375
v 112.944584146 281.239760305 140.423970933 0.99609375
v 113.079216579 281.304731779 135.428173265 0.99609375
v 112.857042859 281.470994358 139.999660641 0.99609375
v 112.862963933 282.06933622 135.044396843 0.99609375
v 112.740907086 281.759075884 139.597872537 0.99609375
v 113.020218519 282.286347599 135.487673964 0.99609375
v 113.026283788 282.390332082 139.282590393 0.99609375
v 112.68758213 282.399967092 135.225822971 0.99609375
v 112.7022212 282.275206993 139.343017496 0.99609375
v 112.522242348 282.697040829 135.404497344 0.99609375
v 112.726411182 282.943946208 139.195342806 0.99609375
v 113.01436956 282.785456904 135.89177765 0.99609375
v 112.748771177 283.145782928 139.259018953 0.99609375
v 112.730281674 283.347529831 135.387760902 0.99609375
v 112.907949411 283.223955048 139.372059635 0.99609375
v 112.909369165 283.500920778 135.467249372 0.99609375
v 113.021310819 283.385000854 139.453471737 0.99609375
v 112.705112515 283.921283295 135.62628642 0.99609375
v 113.039464005 284.034356796 139.046426011 0.99609375
v 112.89961679 284.133824716 135.476627657 0.99609375
v 112.6557732 284.322712276 139.744168196 0.99609375
v 112.914154466 284.281898596 135.065115505 0.99609375
v 112.931088661 284.597070526 139.574412443 0.99609375
v 112.826913295 284.945738045 135.146858081 0.99609375
v 112.734158319 284.744962651 139.998672216 0.99609375
v 113.043860071 285.065887436 135.00459238 0.99609375
v 112.790917487 285.255456263 139.101591465 0.99609375
v 113.038535856 285.091312314 135.731640791 0.99609375
v 112.80108245 285.471739433 139.842513554 0.99609375
v 112.60634109 285.559035286 135.913237115 0.99609375
v 112.909996504 285.408268967 139.791382989 0.99609375
v 112.936315405 285.800459442 135.661320498 0.99609375
v 113.052029067 285.8899687 139.953946838 0.99609375
v 112.925083051 286.124809986 135.643766416 0.99609375
v 112.703448846 285.977079223 139.381284393 0.99609375
v 112.528581842 286.265087358 135.280991057 0.99609375
v 112.813871839 286.327320155 139.681972536 0.99609375
v 112.55945424 286.722795215 135.931039042 0.99609375
v 112.848100493 286.963825112 139.031689933 0.99609375
v 112.729685575 287.057209122 135.869846349 0.99609375
v 112.947718229 287.075160107 139.282832697 0.99609375
v 113.062361332 287.54900391 135.627384145 0.99609375
v 112.834348701 287.466627086 139.955879654 0.99609375
v 112.784819125 287.925665741 135.647230729 0.99609375
v 113.090663958 287.866567317 139.374769885 0.99609375
v 113.01463302 287.702285387 135.105554467 0.99609375
v 112.652717816 287.911559732 139.969702975 0.99609375
v 112.592948276 288.315554161 135.949994663 0.99609375
v 112.608849387 288.339174283 139.774455168 0.99609375
v 112.532092364 288.766681412 135.904307091 0.99609375
v 113.046108742 288.807264939 139.035255099 0.99609375
v 113.031720921 289.087312768 135.184878336 0.99609375
v 112.954645028 289.08047616 139.470653123 0.99609375
v 112.741158492 289.129875666 135.573859315 0.99609375
v 112.741827303 289.017878021 138.524390837 0.99609375
v 112.66310259 289.314315342 135.647326336 0.99609375
v 112.681587889 289.233388559 139.073401873 0.99609375
v 113.043833131 289.787650591 135.502586762 0.99609375
v 112.992357543 289.85052589 138.638581248 0.99609375
v 112.648151877 290.23446051 135.119904718 0.99609375
v 113.075885019 290.0018284 138.728982867 0.99609375
v 112.894689664 290.359780379 135.164556593 0.99609375
v 113.001875211 290.024542235 138.618970831 0.99609375
v 112.970551979 290.61874985 135.758852908 0.99609375
v 113.098570968 290.844333419 138.578700552 0.99609375
v 112.617709519 291.07694039 135.483777762 0.99609375
v 112.53351785 290.940915752 139.345788854 0.99609375
v 112.687803339 291.212744096 135.719872676 0.99609375
v 112.666041172 291.399903494 139.313571059 0.99609375
v 112.631778907 291.734082493 135.276245058 0.99609375
v 112.96920516 291.610989541 138.650085104 0.99609375
v 112.578603754 291.895888893 135.389195734 0.99609375
v 112.622531499 291.987936269 138.549012164 0.99609375
v 112.619102468 292.308766886 135.533890925 0.99609375
v 112.668891367 291.940942766 138.804623079 0.99609375
v 112.964802893 292.154203562 135.0011093 0.99609375
v 112.536973978 292.218866045 139.436428567 0.99609375
v 112.627023448 292.681725634 135.430385322 0.99609375
v 112.96554045 292.763552003 139.0818989 0.99609375
v 112.649366688 292.761887505 135.025619838 0.99609375
v 112.84979236 292.895999561 138.597265165 0.99609375
v 113.024357607 293.3225306 135.452137958 0.99609375
v 112.964904277 293.237433627 138.968794802 0.99609375
v 112.789362934 293.303722478 135.083013014 0.99609375
v 112.996021965 293.584800079 138.171738576 0.99609375
v 112.632031389 293.488446648 135.023420505 0.99609375
v 112.532826182 293.793470609 138.435430395 0.99609375
v 112.645022839 293.920235928 135.411245042 0.99609375
v 112.602292076 294.106110632 138.580847018 0.99609375
v 112.527126305 294.06857866 135.234885016 0.99609375
v 112.904554099 294.285938679 138.741526868 0.99609375
v 112.827655744 294.569251578 135.806505212 0.99609375
v 112.788572876 294.364517897 138.553707266 0.99609375
v 112.707619111 295.096538787 135.578665733 0.99609375
v 112.928787684 295.038194389 138.742187766 0.99609375
v 112.761632693 294.976746125 135.731592683 0.99609375
v 112.804987366 294.977886134 138.769805181 0.99609375
v 112.539188467 295.520214863 135.022798538 0.99609375
v 112.767596328 295.774051662 137.527123648 0.99609375
v 112.620165968 295.571096019 135.83784628 0.99609375
v 112.678485251 295.83191995 138.162750139 0.99609375
v 112.693728478 296.29762818 135.364833002 0.99609375
v 112.666037838 296.148533992 138.158867528 0.99609375
v 112.928209637 296.616679142 135.789839318 0.99609375
v 112.56778437 296.249970687 137.507226966 0.99609375
v 112.973039215 296.476822566 135.868046931 0.99609375
v 112.816433343 296.540413773 138.059101544 0.99609375
v 112.994389279 297.222930554 135.465868375 0.99609375
v 112.996279844 297.205100443 138.404190393 0.99609375
v 113.014590843 297.446246391 135.25909925 0.99609375
v 112.842095058 297.266037851 137.779137063 0.99609375
v 112.910994835 297.591385501 135.961752423 0.99609375
v 112.977802568 297.744392751 137.787766268 0.99609375
v 112.693661116 298.000308735 135.183484143 0.99609375
v 112.742845995 297.578218571 137.850970577 0.99609375
v 112.909638562 298.173419067 135.202583733 0.99609375
v 112.733386306 297.882151028 138.003361172 0.99609375
v 113.016994398 298.403415237 135.951650127 0.99609375
v 112.624541626 298.501996571 137.85859642 0.99609375
v 112.928804397 298.604362938 135.568160652 0.99609375
v 112.702787882 298.911212663 137.859811064 0.99609375
v 113.040956134 298.891687177 135.226304118 0.99609375
v 112.611596064 298.851478159 137.510149964 0.99609375
v 113.092129377 299.116280618 135.983216927 0.99609375
v 112.620193501 299.430422556 137.181452799 0.99609375
v 112.622016331 299.294445408 135.608833083 0.99609375
v 112.61948082 299.282318256 137.348643952 0.99609375
v 112.85454427 299.74940947 135.15383071 0.99609375
v 112.62645264 300.149139772 137.670797146 0.99609375
v 112.562318283 300.269301314 135.756793453 0.99609375
v 112.679912641 300.059015602 137.484734807 0.99609375
v 113.054192328 300.505022216 135.461195211 0.99609375
v 112.851393558 300.340947847 137.852860568 0.99609375
v 112.901208423 300.520203 135.753695965 0.99609375
v 112.581176324 300.773090207 137.068187868 0.99609375
v 112.984497736 300.888573809 135.121621341 0.99609375
v 112.529262672 301.099420292 137.178720818 0.99609375
v 113.055355457 301.273753155 135.818435187 0.99609375
v 112.766286044 301.289488463 137.646066381 0.99609375
v 113.013630043 301.8472645 135.371871454 0.99609375
v 112.758789393 301.888152273 137.042267255 0.99609375
v 112.540582626 301.847195007 135.353082068 0.99609375
v 112.754024431 301.836942424 137.441746656 0.99609375
v 112.551651877 302.309009557 135.789942514 0.99609375
v 113.000094027 302.428677432 137.290580928 0.99609375
v 112.826465296 302.500929983 135.923020046 0.99609375
v 113.087877469 302.24569834 136.605006353 0.99609375
v 113.046818444 302.688931241 135.173708103 0.99609375
v 112.971485625 302.603043846 136.526287568 0.99609375
v 112.940745866 302.853681377 135.735202939 0.99609375
v 112.72021483 303.22295383 136.50632157 0.99609375
v 112.828070537 303.154695423 135.879390438 0.99609375
v 112.853757533 303.063165009 137.167732986 0.99609375
v 113.080269254 303.834599562 135.579149317 0.99609375
v 112.648004874 303.477769968 137.446460299 0.99609375
v 112.546647512 303.971332094 135.724424238 0.99609375
v 113.230395233 276.212977828 139.629917259 0.99609375
v 113.045667151 276.438389381 134.554533862 0.99609375
v 113.099525784 276.757809408 139.804244274 0.99609375
v 113.307681821 277.202179812 134.703017839 0.99609375
v 112.992387356 277.116064567 139.879932962 0.99609375
v 112.923353455 277.14368073 135.2042755 0.99609375
v 113.12644658 277.023642181 139.685386747 0.99609375
v 113.196116905 277.354892705 134.53028464 0.99609375
v 112.820131271 277.806780119 140.140896544 0.99609375
v 113.118221503 277.933394274 135.42703978 0.99609375
v 113.061511569 277.932143647 139.543636806 0.99609375
v 113.019323594 277.831992008 135.433093797 0.99609375
v 113.017568261 278.295579869 140.015811569 0.99609375
v 113.279715528 278.225355432 135.937730791 0.99609375
v 113.007358762 278.685370653 139.650317123 0.99609375
v 113.312933399 278.412458352 135.624060633 0.99609375
v 112.816781599 278.447556424 139.775807963 0.99609375
v 112.854992962 278.719938922 135.151760822 0.99609375
v 112.908769766 279.025978979 140.043703466 0.99609375
v 113.216560996 279.398638301 135.070792272 0.99609375
v 113.197112008 279.377798166 140.305282428 0.99609375
v 112.971940498 279.299117302 135.432926263 0.99609375
v 113.245509972 279.838676419 140.253136167 0.99609375
v 113.214373427 279.576130613 135.772805802 0.99609375
v 112.831321729 279.583864444 139.778668499 0.99609375
v 113.00490288 280.007375828 135.521163405 0.99609375
v 113.353651626 279.968561546 139.825438122 0.99609375
v 113.044920558 280.702050303 135.174163617 0.99609375
v 113.064306017 280.156739579 140.023669082 0.99609375
v 113.036676502 280.673493745 135.953661885 0.99609375
v 113.334836892 280.604834995 139.87771355 0.99609375
v 112.964859791 281.256420697 135.411137879 0.99609375
v 113.140420482 280.840510138 140.436450622 0.99609375
v 113.080712728 281.351732084 135.780120369 0.99609375
v 112.837510772 281.40800921 140.46975387 0.99609375
v 113.057966262 281.451968256 135.628201879 0.99609375
v 112.932272915 281.506130694 139.713101385 0.99609375
v 112.910135114 281.621694905 135.88827677 0.99609375
v 113.3056768 281.773365934 139.659847978 0.99609375
v 113.323388233 281.986331609 135.853248444 0.99609375
v 113.253051536 282.193245776 139.668781001 0.99609375
v 112.881200912 282.499425442 135.029983463 0.99609375
v 113.303494766 282.602850864 139.636893114 0.99609375
v 113.255433766 282.901495325 135.262390549 0.99609375
v 112.907521483 282.60659572 140.422286974 0.99609375
v 113.278034655 283.041959196 135.347049127 0.99609375
v 113.3848183 283.237049549 140.384675985 0.99609375
v 112.832370419 283.508279383 135.469499328 0.99609375
v 113.384535755 283.040265244 139.92297105 0.99609375
v 112.900693524 283.477746988 135.606048745 0.99609375
v 113.024761281 283.894178486 140.028596054 0.99609375
v 112.976300169 283.831156133 135.694235548 0.99609375
v 113.195529385 283.70142958 139.608732757 0.99609375
v 113.075395499 284.047587313 135.796407697 0.99609375
v 112.836258985 284.210863942 139.883682708 0.99609375
v 112.949453843 284.357741298 135.013400147 0.99609375
v 113.376861396 284.568328019 139.824143864 0.99609375
v 113.32596874 285.023656393 135.880863994 0.99609375
v 113.347963706 284.592703575 140.105685881 0.99609375
v 113.100288709 284.815719504 135.182807491 0.99609375
v 112.921597278 284.930106158 139.249819946 0.99609375
v 113.235940645 285.275024529 135.125999329 0.99609375
v 113.109690917 285.299817921 139.452207596 0.99609375
v 113.24507942 285.719794609 135.218960392 0.99609375
v 113.176517735 285.76573603 139.056397016 0.99609375
v 113.211572938 285.905475515 135.822288651 0.99609375
v 113.276658002 286.016699612 139.843495593 0.99609375
v 113.069151726 286.498190066 135.489659373 0.99609375
v 112.963834223 286.260006352 139.619887029 0.99609375
v 112.896225983 286.402523367 135.56667654 0.99609375
v 112.865591551 286.429351888 139.904309582 0.99609375
v 112.831881511 286.587593697 135.259311187 0.99609375
v 113.014284252 286.987589462 139.704997509 0.99609375
v 112.9758421 286.853118146 135.976772364 0.99609375
v 112.999480914 287.224439451 139.117692959 0.99609375
v 112.867634605 287.365872616 135.253275776 0.99609375
v 112.949406814 287.577378003 139.707593093 0.99609375
v 112.986106931 287.772278903 135.937658567 0.99609375
v 113.351272349 287.43667168 139.857715331 0.99609375
v 113.129583848 288.139522905 135.578993718 0.99609375
v 112.981315707 287.92235492 139.389553999 0.99609375
v 113.009396983 288.39094849 135.730864333 0.99609375
v 112.829503595 288.239182514 139.509914288 0.99609375
v 113.237086906 288.450292409 135.609222536 0.99609375
v 113.037798646 288.694112378 139.445060126 0.99609375
v 113.253628939 289.115696547 135.896948868 0.99609375
v 113.066196935 288.921032536 139.387690292 0.99609375
v 112.859354129 289.208562879 135.206749355 0.99609375
v 112.872376664 289.280584627 139.312521845 0.99609375
v 112.854204071 289.355104291 135.693622608 0.99609375
v 112.862733438 289.429779301 139.417471466 0.99609375
v 112.838196788 289.624860442 135.22100579 0.99609375
v 112.999786973 289.619679654 139.088519807 0.99609375
v 113.096818063 289.897553503 135.825693917 0.99609375
v 112.977118116 289.746519307 139.907089016 0.99609375
v 113.010507749 290.483243307 135.790767344 0.99609375
v 113.279781983 290.568975811 139.379305352 0.99609375
v 113.052701622 290.620549887 135.905510843 0.99609375
v 113.019842631 290.34532156 139.142095964 0.99609375
v 113.108100853 291.014658401 135.14414213 0.99609375
v 112.903065891 291.053956842 139.750646544 0.99609375
v 112.869216879 291.259517953 135.685719438 0.99609375
v 113.090909947 291.344427699 139.144572894 0.99609375
v 113.273461448 291.614320304 135.958245872 0.99609375
v 113.000028828 291.493242206 138.69024126 0.99609375
v 112.99621855 291.73170306 135.50667739 0.99609375
v 112.999730669 291.509220924 139.429447984 0.99609375
v 113.306203204 292.030859642 135.739279809 0.99609375
v 113.158786622 292.006061467 138.905282383 0.99609375
v 112.894755515 292.357015706 135.346780471 0.99609375
v 113.206177123 292.274102745 139.396954693 0.99609375
v 113.206191456 292.813627915 135.946778029 0.99609375
v 112.813245175 292.327050374 138.949566626 0.99609375
v 113.085726746 293.185283994 135.05192637 0.99609375
v 113.185582258 293.131355043 138.944667162 0.99609375
v 112.896905702 293.04944786 135.810614262 0.99609375
v 113.04535837 292.932724254 138.696335863 0.99609375
v 113.126331204 293.492990966 135.803486424 0.99609375
v 113.162082073 293.586167548 138.50469542 0.99609375
v 112.9625329 293.902320082 135.833779001 0.99609375
v 113.062825605 293.484338996 138.522263856 0.99609375
v 113.145915783 294.055164028 135.727993755 0.99609375
v 113.248062827 294.157121699 139.096988294 0.99609375
v 113.087682676 294.461545526 135.206004638 0.99609375
v 113.066646049 294.080108319 139.38443578 0.99609375
v 112.962164327 294.500882543 135.018035246 0.99609375
v 113.306232129 294.786397335 138.142443473 0.99609375
v 112.940600457 295.011777967 135.235419501 0.99609375
v 113.357428611 295.161013993 138.12270219 0.99609375
v 112.939619291 295.303082124 135.537869512 0.99609375
v 113.073154936 295.244436732 138.171687829 0.99609375
v 113.102762045 295.394149398 135.279393526 0.99609375
v 112.913931447 295.582647832 138.170531257 0.99609375
v 113.128779543 296.009026288 135.661108367 0.99609375
v 112.907326644 295.771803317 138.801385543 0.99609375
v 113.058857102 296.323528602 135.491149899 0.99609375
v 112.981692835 295.85377653 138.960616383 0.99609375
v 112.889587024 296.108906894 135.440036257 0.99609375
v 113.243541001 296.176536169 138.241923408 0.99609375
v 113.082800694 296.395897468 135.559675749 0.99609375
v 112.892026874 296.644538434 138.587881573 0.99609375
v 112.886495641 297.037023493 135.618882555 0.99609375
v 112.818270747 296.943074858 138.278487732 0.99609375
v 113.355495989 297.266270004 135.002385049 0.99609375
v 113.384901182 296.986904004 138.913057508 0.99609375
v 113.327380835 297.821877799 135.2981681 0.99609375
v 112.963851621 297.290149619 138.899082078 0.99609375
v 112.899221189 297.693690805 135.429685351 0.99609375
v 113.045693252 297.842614666 138.618899042 0.99609375
v 113.20749901 297.873524001 135.291109994 0.99609375
v 112.990244592 298.201273989 138.128891009 0.99609375
v 113.372233402 298.26032241 135.703431971 0.99609375
v 112.818973979 298.637028414 137.677636294 0.99609375
v 113.299612794 298.951730341 135.098760675 0.99609375
v 113.027997735 298.973906113 138.366492205 0.99609375
v 112.89517191 299.183605128 135.517818836 0.99609375
v 113.156861168 299.04030885 138.13411484 0.99609375
v 113.263315883 299.197163589 135.938503571 0.99609375
v 113.265030276 299.157324826 138.468707771 0.99609375
v 113.337474789 299.4451997 135.482321366 0.99609375
v 113.141523252 299.722583026 137.735675669 0.99609375
v 113.345015652 299.622955577 135.453483645 0.99609375
v 112.832877334 299.584613801 137.660268559 0.99609375
v 113.10176378 300.201536066 135.674391742 0.99609375
v 113.164917347 300.068129155 138.194028279 0.99609375
v 112.986289831 300.303842253 135.568778895 0.99609375
v 113.126153298 300.484885676 137.5662003 0.99609375
v 113.100456162 300.809556426 135.025116502 0.99609375
v 112.876343113 300.870385048 137.624851565 0.99609375
v 113.152260487 300.977902316 135.111681811 0.99609375
v 113.311182526 300.745424821 138.463363697 0.99609375
v 112.964438463 301.280455589 135.06703617 0.99609375
v 113.31529597 301.267816772 137.797485789 0.99609375
v 113.187826366 301.663293811 135.85605734 0.99609375
v 113.020743526 301.443042587 137.748453779 0.99609375
v 113.113527528 301.943424072 135.362949474 0.99609375
v 113.277408586 301.756507633 137.518618576 0.99609375
v 112.846008394 302.457935656 135.927748946 0.99609375
v 112.894736039 302.197848498 137.670602818 0.99609375
v 112.951447886 302.485171828 135.7686936 0.99609375
v 113.240970906 302.417790377 137.324620835 0.99609375
v 112.830461469 302.8836564 135.49378985 0.99609375
v 113.132857969 302.838398078 137.01076498 0.99609375
v 113.10544277 303.022656752 135.882498161 0.99609375
v 112.982364367 303.07717852 137.926277629 0.99609375
v 113.217950491 303.538449088 135.485218328 0.99609375
v 113.091949423 303.599030394 137.216027953 0.99609375
v 113.034175515 303.483451832 135.759940663 0.99609375
v 112.829162947 303.539633485 137.434763823 0.99609375
v 113.294063755 303.837884222 136.079471693 0.99609375
v 113.324713699 304.133138252 137.905700642 0.99609375
v 113.303254895 303.95817877 137.484552786 0.99609375
v 113.417784017 276.175900169 139.73810673 0.99609375
v 113.185922083 276.476690753 135.082184034 0.99609375
v 113.411620947 276.404517544 140.216698281 0.99609375
v 113.311131585 276.895510394 135.04472288 0.99609375
v 113.173317544 277.202670364 140.316626505 0.99609375
v 113.566611062 276.987525856 134.703739083 0.99609375
v 113.235841953 277.178650264 139.514519878 0.99609375
v 113.217289381 277.745379216 134.69163635 0.99609375
v 113.129446552 277.764521939 140.030063576 0.99609375
v 113.516313172 277.55483101 135.240301561 0.99609375
v 113.577733535 277.583670601 140.237794934 0.99609375
v 113.401349291 277.981441816 135.984037882 0.99609375
v 113.32421679 278.195007206 140.240918732 0.99609375
v 113.548380374 278.396536316 135.063316406 0.99609375
v 113.512942772 278.324158142 140.484407427 0.99609375
v 113.679058214 278.798918562 135.341223984 0.99609375
v 113.66573168 278.659236829 140.163174316 0.99609375
v 113.444699178 279.157252344 135.490851698 0.99609375
v 113.324470023 278.831104804 139.632814043 0.99609375
v 113.624558404 279.021858835 135.316794221 0.99609375
v 113.67075645 279.307816319 139.556290252 0.99609375
v 113.55672275 279.272532274 135.345514237 0.99609375
v 113.138238969 279.27209762 139.863238103 0.99609375
v 113.159202807 279.626313105 135.44604681 0.99609375
v 113.582839029 279.71692455 139.885343151 0.99609375
v 113.596341655 280.411687092 135.588178768 0.99609375
v 113.197010952 280.343562898 139.831663872 0.99609375
v 113.373820359 280.518409291 135.644119058 0.99609375
v 113.27157452 280.42392454 139.659357898 0.99609375
v 113.330056613 280.896779204 135.454112418 0.99609375
v 113.50982802 280.682113597 140.420704202 0.99609375
v 113.16408032 281.252684764 135.754659352 0.99609375
v 113.241075351 280.92977897 139.522044605 0.99609375
v 113.128093355 281.19115522 135.703126678 0.99609375
v 113.553420746 281.054396621 139.579206832 0.99609375
v 113.194792404 281.409780444 135.633829156 0.99609375
v 113.293443484 281.364217452 139.663408391 0.99609375
v 113.103517787 281.855657475 135.103672985 0.99609375
v 113.415932175 281.809521847 139.862244519 0.99609375
v 113.44617367 282.358440449 135.155846711 0.99609375
v 113.30288731 282.118753633 139.540416803 0.99609375
v 113.499099077 282.490735799 135.254293225 0.99609375
v 113.232664986 282.436679476 139.541525319 0.99609375
v 113.150512615 282.629944915 135.842390213 0.99609375
v 113.67551989 283.00584801 140.202338306 0.99609375
v 113.463411553 282.865003519 135.246811259 0.99609375
v 113.321702079 282.994383528 139.726042374 0.99609375
v 113.518238282 283.420810362 135.864298736 0.99609375
v 113.444511886 283.5353975 139.681003433 0.99609375
v 113.399710291 283.677336313 135.639142586 0.99609375
v 113.202012099 283.795224112 139.648080994 0.99609375
v 113.348990128 283.66182467 135.12144746 0.99609375
v 113.41342936 283.796477274 140.114058984 0.99609375
v 113.400104056 283.944058989 135.681009474 0.99609375
v 113.128494359 284.007621599 139.513655829 0.99609375
v 113.447692749 284.512578301 135.564904037 0.99609375
v 113.652729469 284.579232443 139.814540205 0.99609375
v 113.619254413 284.518345097 135.203464317 0.99609375
v 113.352906933 285.047336489 140.496325124 0.99609375
v 113.488314664 285.184614958 135.524993787 0.99609375
v 113.300313621 284.864882893 139.614944525 0.99609375
v 113.667583946 285.227660601 135.248065075 0.99609375
v 113.390951461 285.096322498 140.04311571 0.99609375
v 113.486652162 285.791075542 135.311179337 0.99609375
v 113.626960478 285.382617754 140.40664074 0.99609375
v 113.254789959 286.140327609 135.277700525 0.99609375
v 113.289518389 286.180630802 140.068493652 0.99609375
v 113.642321154 286.077754764 135.981934673 0.99609375
v 113.367233067 286.145046743 140.075675622 0.99609375
v 113.566025694 286.681192775 135.900541314 0.99609375
v 113.262761975 286.610591464 140.127601005 0.99609375
v 113.175935872 286.696663449 135.392968284 0.99609375
v 113.29650857 286.689746579 139.546471057 0.99609375
v 113.40146324 286.92585645 135.59633312 0.99609375
v 113.261604494 286.957794699 139.275964819 0.99609375
v 113.522915296 287.31979357 135.445432681 0.99609375
v 113.295161584 287.168306997 139.91321387 0.99609375
v 113.332291113 287.854473322 135.906815873 0.99609375
v 113.422342038 287.758749567 139.712572965 0.99609375
v 113.213264439 287.724345006 135.388291513 0.99609375
v 113.221535647 287.730187004 139.141499332 0.99609375
v 113.296001334 288.360229158 135.186854799 0.99609375
v 113.147799639 288.090348351 139.948541597 0.99609375
v 113.650826989 288.707743927 135.266300392 0.99609375
v 113.212186563 288.384475558 139.995356596 0.99609375
v 113.434574912 288.772243052 135.146356786 0.99609375
v 113.562015667 288.871652905 139.433431253 0.99609375
v 113.291231822 289.229774973 135.156403548 0.99609375
v 113.593030076 288.886168753 139.745909633 0.99609375
v 113.353789414 289.264996843 135.921329343 0.99609375
v 113.50867241 289.579993361 139.673309543 0.99609375
v 113.244619685 289.981267887 135.968118432 0.99609375
v 113.518856239 289.49261339 139.844375629 0.99609375
v 113.650254262 290.279121785 135.55794834 0.99609375
v 113.581142324 289.843051147 139.579244561 0.99609375
v 113.419820567 290.003875117 135.422411109 0.99609375
v 113.12141733 290.068506012 139.471636069 0.99609375
v 113.304427851 290.654144236 135.42912018 0.99609375
v 113.462938146 290.615552232 139.258966915 0.99609375
v 113.615579874 290.862434019 135.575245866 0.99609375
v 113.342559317 291.086681073 139.910483983 0.99609375
v 113.465002015 291.157139405 135.008713675 0.99609375
v 113.321921409 291.135021633 139.569492724 0.99609375
v 113.295308773 291.732942725 135.955098691 0.99609375
v 113.148244955 291.341758202 139.237665865 0.99609375
v 113.657661207 291.98928774 135.677648227 0.99609375
v 113.459484605 291.618299345 139.827942292 0.99609375
v 113.616065372 292.079312472 135.545513586 0.99609375
v 113.206466963 292.282524964 139.06043369 0.99609375
v 113.621215131 292.394317816 135.497639907 0.99609375
v 113.358229011 292.553571681 139.243160962 0.99609375
v 113.432923524 292.70254415 135.049783408 0.99609375
v 113.193761304 292.64399652 139.898302421 0.99609375
v 113.462814141 292.677886364 135.148173902 0.99609375
v 113.611772344 292.693200342 139.799899633 0.99609375
v 113.637527899 293.275517504 135.401076101 0.99609375
v 113.300537786 292.938814663 138.705117831 0.99609375
v 113.161852919 293.675783807 135.167770411 0.99609375
v 113.619674233 293.215914026 138.774026971 0.99609375
v 113.14635905 293.998804166 135.075490174 0.99609375
v 113.548391031 293.816726859 138.707195966 0.99609375
v 113.343357015 294.138125205 135.799503257 0.99609375
v 113.508973247 293.867997068 139.215421933 0.99609375
v 113.459895314 294.425736383 135.390496298 0.99609375
v 113.256146213 294.488333111 138.649378122 0.99609375
v 113.141894811 294.832528548 135.857339612 0.99609375
v 113.223747079 294.489190234 138.846642843 0.99609375
v 113.304816401 294.699814559 135.632479953 0.99609375
v 113.475139371 295.134192735 139.104869066 0.99609375
v 113.182185765 295.46681549 135.074569666 0.99609375
v 113.163452521 295.303292226 139.483563391 0.99609375
v 113.146278334 295.23741832 135.791503494 0.99609375
v 113.296393785 295.685653142 138.707883409 0.99609375
v 113.47693969 295.774940136 135.916197598 0.99609375
v 113.435142031 295.779807688 139.260092004 0.99609375
v 113.465179085 296.148811623 135.671192391 0.99609375
v 113.647308154 296.03293907 138.95604922 0.99609375
v 113.540460562 296.325072117 135.89796097 0.99609375
v 113.230114556 296.202108795 139.317953073 0.99609375
v 113.611572641 296.717353881 135.520946018 0.99609375
v 113.125929716 296.789447693 139.137632413 0.99609375
v 113.321402502 297.023290541 135.315936604 0.99609375
v 113.475384741 296.702885941 138.944783511 0.99609375
v 113.146543195 297.362483522 135.420720865 0.99609375
v 113.426621953 297.224497066 138.352636207 0.99609375
v 113.12078171 297.805384241 135.310482553 0.99609375
v 113.405776748 297.647179536 138.245577516 0.99609375
v 113.596074776 297.684201393 135.285525753 0.99609375
v 113.199024586 297.586833705 138.339569807 0.99609375
v 113.376275965 298.027984671 135.710690764 0.99609375
v 113.644737834 298.361151591 138.614613651 0.99609375
v 113.513968439 298.272872638 135.016193298 0.99609375
v 113.39508055 298.617201327 138.104984098 0.99609375
v 113.412722651 298.523076948 135.392696582 0.99609375
v 113.312240127 298.589685021 138.8927614 0.99609375
v 113.203135926 299.1569776 135.765518823 0.99609375
v 113.639306812 299.235890083 138.31973694 0.99609375
v 113.601578531 299.14275433 135.147757163 0.99609375
v 113.168696492 299.016138885 138.879492914 0.99609375
v 113.330682352 299.393334801 135.905697614 0.99609375
v 113.134916191 299.511101004 138.880271776 0.99609375
v 113.365484767 300.101687016 135.581460598 0.99609375
v 113.181677655 300.100189273 138.866307788 0.99609375
v 113.580524521 300.413512389 135.950458929 0.99609375
v 113.594963546 299.924798879 138.102050992 0.99609375
v 113.350059995 300.417193759 135.770105639 0.99609375
v 113.158827566 300.162448922 138.833742918 0.99609375
v 113.602837436 300.460087191 135.930930047 0.99609375
v 113.13269643 300.961399071 137.825633918 0.99609375
v 113.229999558 301.055623725 135.297205058 0.99609375
v 113.119325519 301.104454446 138.006572663 0.99609375
v 113.182063054 301.398845194 135.462054746 0.99609375
v 113.553652973 301.057911295 137.866059398 0.99609375
v 113.323023963 301.759603068 135.586385697 0.99609375
v 113.15684773 301.467912235 137.533986721 0.99609375
v 113.188899874 301.846227336 135.090735003 0.99609375
v 113.600843336 301.886356223 138.209189202 0.99609375
v 113.431087387 302.201395771 135.711373058 0.99609375
v 113.259315947 302.182732557 138.326990738 0.99609375
v 113.650509737 302.377616109 135.21752304 0.99609375
v 113.600710675 302.650727832 137.933018291 0.99609375
v 113.255108718 302.67725109 135.141989771 0.99609375
v 113.513635477 302.49562563 137.852475761 0.99609375
v 113.573187093 303.077865111 135.06897042 0.99609375
v 113.153171426 302.814225387 138.053640393 0.99609375
v 113.487467913 303.397239407 135.753855914 0.99609375
v 113.427343421 303.401009331 138.359470867 0.99609375
v 113.476336551 303.806680111 135.557212359 0.99609375
v 113.375152658 303.793481182 137.613852664 0.99609375
v 113.612366922 304.05985048 135.998351725 0.99609375
v 113.425345568 303.894615315 137.783775245 0.99609375
v 113.355707305 304.417570288 137.084831995 0.99609375
v 113.949121669 276.082108212 140.866778108 0.99609375
v 113.552803627 276.525728878 139.157189263 0.99609375
v 113.83180635 276.439109355 140.428535012 0.99609375
v 113.627713514 276.500585607 135.187804712 0.99609375
v 113.669466477 276.824416315 140.887531595 0.99609375
v 113.537674868 277.206419505 135.127975777 0.99609375
v 113.432844766 276.942232058 140.735799501 0.99609375
v 113.96919647 277.028014314 135.045233985 0.99609375
v 113.769183069 276.961737545 140.7219887 0.99609375
v 113.879442683 277.461072574 134.974071844 0.99609375
v 113.5735566 277.363935848 140.961635417 0.99609375
v 113.661321767 278.038727274 135.70946479 0.99609375
v 113.542004374 277.622378767 140.650507061 0.99609375
v 113.490796678 278.216267743 135.975009996 0.99609375
v 113.602900481 278.04971323 140.024934586 0.99609375
v 113.722676883 278.633047763 135.751015346 0.99609375
v 113.942295187 278.412538442 140.198965955 0.99609375
v 113.840937041 278.434873991 135.577802728 0.99609375
v 113.622674716 278.726369683 139.637928452 0.99609375
v 113.429814341 278.798666696 135.574879739 0.99609375
v 113.414918343 278.798983509 140.014346134 0.99609375
v 113.639084582 279.309540511 135.396610991 0.99609375
v 113.677114747 279.302994764 139.572025212 0.99609375
v 113.739914267 279.374142238 135.483359255 0.99609375
v 113.441081845 279.72159536 139.765136786 0.99609375
v 113.891907275 279.754238841 135.051043895 0.99609375
v 113.475774689 279.702909388 139.502496307 0.99609375
v 113.54106769 280.103200357 135.381635179 0.99609375
v 113.526493536 280.073169628 139.724171294 0.99609375
v 113.616817918 280.23190974 135.377651118 0.99609375
v 113.53032659 280.597939679 140.220354266 0.99609375
v 113.493559905 280.476300852 135.654583277 0.99609375
v 113.589025612 280.857418186 139.748458333 0.99609375
v 113.877439169 280.774976026 135.375748932 0.99609375
v 113.627970104 281.152588732 139.679583976 0.99609375
v 113.776041558 281.017174241 135.542921685 0.99609375
v 113.594183163 281.563547329 140.307237899 0.99609375
v 113.478757611 281.368247089 135.76783707 0.99609375
v 113.707559947 281.534854784 140.323644751 0.99609375
v 113.468180143 281.778059945 135.977557416 0.99609375
v 113.474895319 281.98990568 139.818627758 0.99609375
v 113.625603805 282.304286877 135.319633511 0.99609375
v 113.757510939 282.273572873 139.679590562 0.99609375
v 113.643975181 282.384026868 135.498176485 0.99609375
v 113.717655157 282.739968767 139.856193733 0.99609375
v 113.695459006 282.740594787 135.496183651 0.99609375
v 113.862990667 282.925513036 140.391073113 0.99609375
v 113.414159571 283.059552134 135.77480356 0.99609375
v 113.462171648 282.978999789 139.844628803 0.99609375
v 113.464847908 283.420312173 135.780280726 0.99609375
v 113.53477028 283.192001748 140.304437151 0.99609375
v 113.445360916 283.488265769 135.208832704 0.99609375
v 113.86213659 283.558829935 140.178321284 0.99609375
v 113.790380544 284.109209617 135.326441139 0.99609375
v 113.824237159 284.039947519 139.911156977 0.99609375
v 113.70010889 284.228988174 135.101018923 0.99609375
v 113.798969296 284.328512371 139.628168117 0.99609375
v 113.886003606 284.348294297 135.686685541 0.99609375
v 113.969988392 284.339800568 139.882677621 0.99609375
v 113.448473021 284.821794495 135.374016479 0.99609375
v 113.81749704 285.055671169 139.869640911 0.99609375
v 113.49168555 285.133661847 135.432070345 0.99609375
v 113.941460574 285.107761587 140.275925659 0.99609375
v 113.950867134 285.516963634 135.238883718 0.99609375
v 113.71838754 285.108985466 140.260574648 0.99609375
v 113.517946894 285.920797351 135.770748235 0.99609375
v 113.618710923 285.779707256 139.708692155 0.99609375
v 113.81492189 286.188859354 135.781069478 0.99609375
v 113.632071327 285.981753547 139.981543875 0.99609375
v 113.6122953 286.380381116 135.677443528 0.99609375
v 113.821241404 286.151971003 139.776752368 0.99609375
v 113.533863543 286.647800081 135.611505381 0.99609375
v 113.491913294 286.798731013 139.876457924 0.99609375
v 113.746152795 287.081275494 135.509234032 0.99609375
v 113.958988672 286.569869702 140.001146915 0.99609375
v 113.723284834 287.281025243 135.478001891 0.99609375
v 113.652221878 287.04908378 139.767330169 0.99609375
v 113.88509798 287.162141388 135.521049464 0.99609375
v 113.582806431 287.138263976 139.669875896 0.99609375
v 113.794753132 287.914714971 135.844804331 0.99609375
v 113.825017803 287.628609766 139.650035214 0.99609375
v 113.501026489 287.775060496 135.793919177 0.99609375
v 113.510531686 287.790501039 140.294282327 0.99609375
v 113.803351851 288.003206139 135.689141229 0.99609375
v 113.898367553 288.124720914 140.443261106 0.99609375
v 113.594767511 288.412827154 135.611707998 0.99609375
v 113.828990241 288.643210747 140.40183342 0.99609375
v 113.878267382 288.631320242 135.439283625 0.99609375
v 113.391349585 288.747170582 139.13676091 0.99609375
v 113.876651344 289.015163177 135.703338082 0.99609375
v 113.519388143 289.117785346 139.743058941 0.99609375
v 113.670023546 289.564756489 135.799315479 0.99609375
v 113.536198766 289.456791264 139.346887689 0.99609375
v 113.49149576 289.880781777 135.122266953 0.99609375
v 113.417793526 289.544515176 139.123025949 0.99609375
v 113.750792946 289.873085173 135.129305888 0.99609375
v 113.771314916 290.122314399 139.29925835 0.99609375
v 113.43248398 290.030074687 135.31612663 0.99609375
v 113.440272924 290.419018006 139.333319683 0.99609375
v 113.432622034 290.615648367 135.594773937 0.99609375
v 113.918367243 290.643206099 139.710348988 0.99609375
v 113.815593496 290.86747112 135.444726674 0.99609375
v 113.412261809 290.882322961 139.663948571 0.99609375
v 113.691622078 291.41231995 135.707580937 0.99609375
v 113.573325739 290.90363018 139.404313193 0.99609375
v 113.699020706 291.734347077 135.554971174 0.99609375
v 113.957624036 291.279636204 139.324612001 0.99609375
v 113.654124175 291.79391888 135.789371777 0.99609375
v 113.479587876 291.792507836 139.435078385 0.99609375
v 113.601161977 292.009222007 135.680236309 0.99609375
v 113.435069947 292.257773719 139.005135683 0.99609375
v 113.432896692 292.113470396 135.732783396 0.99609375
v 113.705874419 292.262607123 139.534971563 0.99609375
v 113.433612109 292.375194982 135.30900693 0.99609375
v 113.436542245 292.80331143 139.311621957 0.99609375
v 113.54430283 292.7647909 135.252601486 0.99609375
v 113.721118316 292.777539008 139.477965216 0.99609375
v 113.666405627 292.92533164 135.264259289 0.99609375
v 113.853742112 293.230560406 139.506617064 0.99609375
v 113.815754472 293.365754008 135.607601413 0.99609375
v 113.579210231 293.429175277 139.129036411 0.99609375
v 113.508033221 293.827939898 135.849368634 0.99609375
v 113.930883945 293.503323946 139.919796234 0.99609375
v 113.860227375 294.335281804 135.074663626 0.99609375
v 113.468456747 294.225282914 139.146311617 0.99609375
v 113.620019025 294.539638892 135.043328422 0.99609375
v 113.54643033 294.529434967 139.202396228 0.99609375
v 113.912338942 294.370679499 135.110428823 0.99609375
v 113.643162984 294.727882946 139.063004974 0.99609375
v 113.952878494 294.774714544 135.594100172 0.99609375
v 113.531969219 294.853367131 139.35282609 0.99609375
v 113.541922409 295.308064264 135.60087468 0.99609375
v 113.878599685 295.081770977 138.697077648 0.99609375
v 113.748007271 295.625929773 135.372234253 0.99609375
v 113.651494682 295.586616948 139.066760155 0.99609375
v 113.916626339 295.775390561 135.357777611 0.99609375
v 113.42516981 295.785230442 138.884416717 0.99609375
v 113.900564259 295.840006177 135.13257639 0.99609375
v 113.43021286 296.315424552 139.012920214 0.99609375
v 113.422354492 296.489982005 135.066683198 0.99609375
v 113.881566004 296.333493081 138.628988325 0.99609375
v 113.438746779 296.749361038 135.51220744 0.99609375
v 113.581208879 296.65545195 138.804255655 0.99609375
v 113.540734756 297.105694559 135.669038719 0.99609375
v 113.753133425 297.221110643 139.372049555 0.99609375
v 113.594854911 297.377528681 135.61648806 0.99609375
v 113.672566899 297.060800446 139.002467921 0.99609375
v 113.771240233 297.286987525 135.263258332 0.99609375
v 113.750336461 297.340071258 138.543481771 0.99609375
v 113.877512072 297.616581545 135.425343023 0.99609375
v 113.920740441 297.569957954 139.178495304 0.99609375
v 113.619035222 298.06041779 135.49258445 0.99609375
v 113.447754772 298.022543663 139.392932808 0.99609375
v 113.766723085 298.594352771 135.17900132 0.99609375
v 113.575975766 298.281239837 138.698596342 0.99609375
v 113.931285699 298.579098936 135.87748217 0.99609375
v 113.865672864 298.777798558 138.990799373 0.99609375
v 113.857806098 298.894280997 135.530864152 0.99609375
v 113.712458521 298.97283671 138.528263479 0.99609375
v 113.502462238 299.512422343 135.556102757 0.99609375
v 113.828077661 299.218451398 138.664286379 0.99609375
v 113.636900284 299.727498712 135.045365631 0.99609375
v 113.892092919 299.848878522 138.012262437 0.99609375
v 113.750536735 299.972430478 135.943921834 0.99609375
v 113.713961308 299.742962283 138.905761667 0.99609375
v 113.795652505 300.068173313 135.259652608 0.99609375
v 113.516021478 300.438236911 138.672042422 0.99609375
v 113.812371337 300.207402146 135.604263786 0.99609375
v 113.823924365 300.287965399 138.250265838 0.99609375
v 113.786918611 300.457928409 135.799883984 0.99609375
v 113.899364178 300.681689061 138.48734038 0.99609375
v 113.638947724 301.285576212 135.565521666 0.99609375
v 113.825929588 301.176408337 138.549246699 0.99609375
v 113.888192646 301.417175361 135.558686639 0.99609375
v 113.848707207 301.523400733 138.177357634 0.99609375
v 113.966937998 301.661135545 135.735825083 0.99609375
v 113.417386635 301.369955475 138.308748516 0.99609375
v 113.675124993 301.720044122 135.350187503 0.99609375
v 113.87745996 302.039288947 138.607686749 0.99609375
v 113.604766033 302.09138993 135.264259857 0.99609375
v 113.818368747 302.007842359 138.619936224 0.99609375
v 113.672270763 302.739708256 135.121588038 0.99609375
v 113.52297687 302.523524483 138.682828102 0.99609375
v 113.929196905 302.909985142 135.258980144 0.99609375
v 113.861735128 302.770061433 138.844748909 0.99609375
v 113.678941567 302.880004689 135.056094599 0.99609375
v 113.497150597 303.070785279 138.199151519 0.99609375
v 113.703709915 303.514499168 135.938393977 0.99609375
v 113.727060963 303.339635398 137.740594467 0.99609375
v 113.407626575 303.483761054 135.133005789 0.99609375
v 113.661753941 303.362461508 137.999377243 0.99609375
v 113.782763819 303.802624833 135.723892499 0.99609375
v 113.804878845 304.094507253 137.790452691 0.99609375
v 113.593408178 304.032022604 137.494323582 0.99609375
v 114.087847511 276.367831939 140.112256931 0.99609375
v 114.040142469 276.443941488 139.601977712 0.99609375
v 114.084705456 276.462117949 140.310774259 0.99609375
v 113.899836729 276.937937011 135.335275554 0.99609375
v 113.784867774 276.87748876 140.762539866 0.99609375
v 114.115995836 276.736368738 134.768231007 0.99609375
v 113.854718161 277.239783361 140.872659759 0.99609375
v 113.897725105 277.003896016 134.572932276 0.99609375
v 114.087280197 277.128762356 140.245172242 0.99609375
v 113.755549148 277.799827476 134.873736798 0.99609375
v 113.694273719 277.65130942 140.895321982 0.99609375
v 114.153767837 277.642058865 135.098696484 0.99609375
v 114.062285319 277.940204702 140.319311612 0.99609375
v 113.746838526 278.116286376 135.547509308 0.99609375
v 114.137203921 277.924565842 140.621680797 0.99609375
v 114.18493606 278.463968296 135.943061643 0.99609375
v 114.153396954 278.430516987 140.910847382 0.99609375
v 113.876152063 278.82171194 135.667769304 0.99609375
v 113.901828452 278.678116206 140.050347234 0.99609375
v 113.860225892 279.125661218 135.849123365 0.99609375
v 113.725055923 278.851919835 140.813666944 0.99609375
v 113.767129341 279.529974844 135.865388069 0.99609375
v 113.843643713 279.156751356 140.668247622 0.99609375
v 113.796825511 279.478288119 135.017195243 0.99609375
v 114.04548421 279.435088152 140.683330839 0.99609375
v 114.245061715 280.070989262 135.857888171 0.99609375
v 114.180958985 280.071983405 140.056597824 0.99609375
v 113.825849869 280.14333349 135.683379228 0.99609375
v 113.968724438 280.365849233 140.649746161 0.99609375
v 114.111185668 280.153657979 135.899129888 0.99609375
v 114.221734344 280.419112815 140.528364796 0.99609375
v 113.721942958 280.655897713 135.866599616 0.99609375
v 113.838150432 280.913852931 140.055216842 0.99609375
v 113.766108312 281.114676265 135.891796024 0.99609375
v 114.207299738 280.736021373 140.161291186 0.99609375
v 114.226275887 281.397989539 135.53644896 0.99609375
v 113.992838426 281.24335836 140.396833936 0.99609375
v 113.686023559 281.426523648 135.02713158 0.99609375
v 113.703012745 281.753175534 140.000543271 0.99609375
v 114.070689163 282.044240024 135.431661527 0.99609375
v 113.685761758 281.931173735 139.97014663 0.99609375
v 114.111511976 282.287413547 135.661586171 0.99609375
v 114.099290391 282.264549976 139.700996036 0.99609375
v 114.089461218 282.286623669 135.200607894 0.99609375
v 113.699429646 282.280902134 140.225464598 0.99609375
v 114.136259361 282.626546604 135.704186223 0.99609375
v 114.016902846 282.972883087 140.40202186 0.99609375
v 114.161727611 282.919568 135.071292007 0.99609375
v 113.934812135 282.974702101 140.365551403 0.99609375
v 113.735400518 283.259235233 135.639517117 0.99609375
v 114.097361836 283.277049509 140.497148724 0.99609375
v 114.163763746 283.583185007 135.600805529 0.99609375
v 113.962853587 283.902116461 140.148593126 0.99609375
v 114.136857894 283.939015812 135.731485931 0.99609375
v 113.744400632 283.890215192 140.222579338 0.99609375
v 113.6979602 284.224724844 135.940868881 0.99609375
v 113.818003302 284.260531224 139.598087045 0.99609375
v 113.959783763 284.234057312 135.285480464 0.99609375
v 113.857087651 284.237874474 140.155830192 0.99609375
v 114.015948034 284.970362955 135.985685773 0.99609375
v 113.868724491 284.973335453 139.630802079 0.99609375
v 113.989959904 285.279763714 135.54815316 0.99609375
v 114.245372982 284.837940965 140.169056665 0.99609375
v 113.758099339 285.601094715 135.022876256 0.99609375
v 114.157371443 285.522473843 139.813048472 0.99609375
v 113.966137541 285.796108414 135.318182777 0.99609375
v 113.773365441 285.806172424 139.795881467 0.99609375
v 113.980705176 285.854134241 135.895607849 0.99609375
v 114.134139338 285.87183921 139.814635944 0.99609375
v 113.705338561 286.347127228 135.069588589 0.99609375
v 114.075452789 286.359466234 140.25792897 0.99609375
v 114.059298615 286.5922366 135.771183675 0.99609375
v 113.930285795 286.550923321 139.535417887 0.99609375
v 113.886430567 286.52947363 135.975985161 0.99609375
v 113.75211953 286.905916069 140.29485588 0.99609375
v 114.099768694 286.872290598 135.416573459 0.99609375
v 113.774320917 287.23393887 139.91813571 0.99609375
v 114.225562637 287.589666832 135.043720091 0.99609375
v 113.956167786 287.439211942 140.220935421 0.99609375
v 113.702356426 287.784541015 135.085467114 0.99609375
v 114.096901134 287.773708714 139.952384409 0.99609375
v 114.002197369 287.766132112 135.139936677 0.99609375
v 114.033490246 287.883573065 139.501560721 0.99609375
v 114.241667721 288.513497376 135.450049459 0.99609375
v 113.713200142 288.216509451 139.772982409 0.99609375
v 114.078403332 288.7908043 135.102612307 0.99609375
v 114.11858695 288.754990231 140.023350376 0.99609375
v 114.089598697 289.094273079 135.672450237 0.99609375
v 114.003063584 288.555275999 139.787742338 0.99609375
v 114.07247007 288.98035747 135.050717487 0.99609375
v 113.910000862 289.286846256 140.017158261 0.99609375
v 113.857822494 289.402346852 135.390610572 0.99609375
v 114.229795449 289.50645835 140.094134662 0.99609375
v 114.241612326 289.500264119 135.221974657 0.99609375
v 114.227525262 289.529729467 139.72402697 0.99609375
v 113.712407692 290.202540025 135.170498797 0.99609375
v 114.163777817 290.072424197 140.249012047 0.99609375
v 113.923934502 290.226297841 135.78291574 0.99609375
v 114.231828909 290.353478625 140.331536361 0.99609375
v 113.793755158 290.649578947 135.185724575 0.99609375
v 114.043615033 290.794920003 139.762490338 0.99609375
v 113.730394755 291.093380102 135.295846112 0.99609375
v 114.171752767 290.902121286 140.140146845 0.99609375
v 113.902270967 291.337395954 135.859177143 0.99609375
v 113.844960885 291.275547262 139.866867426 0.99609375
v 113.721540398 291.682591991 135.59044602 0.99609375
v 113.788383342 291.293828036 140.429790373 0.99609375
v 114.094258664 291.984597566 135.371344228 0.99609375
v 113.932209609 291.805482502 140.30508872 0.99609375
v 113.825135271 292.116287353 135.176493865 0.99609375
v 114.129581117 291.812655503 139.968939857 0.99609375
v 114.104242434 292.045955683 135.668794054 0.99609375
v 113.686826875 292.213715389 139.805432524 0.99609375
v 114.161895863 292.693414376 135.041880185 0.99609375
v 114.07851578 292.74686714 139.146416968 0.99609375
v 114.204083985 292.877345614 135.23125495 0.99609375
v 113.9798417 292.873022341 139.023674996 0.99609375
v 113.970117221 293.225992314 135.943402819 0.99609375
v 114.121043194 293.27216716 139.308222789 0.99609375
v 113.846170832 293.216408175 135.152290894 0.99609375
v 113.770181466 293.586175972 139.453156973 0.99609375
v 113.707215005 293.480637133 135.389746408 0.99609375
v 113.737689159 293.958778756 139.453066972 0.99609375
v 113.807012899 293.851726817 135.927781805 0.99609375
v 114.094592663 293.786151846 139.438594555 0.99609375
v 113.942391413 294.226432312 135.966345935 0.99609375
v 113.880746654 294.068674949 139.416010666 0.99609375
v 114.244425503 294.385764045 135.165916344 0.99609375
v 113.966081026 294.925392563 139.463713706 0.99609375
v 113.887062835 295.083681296 135.459793516 0.99609375
v 113.914590495 294.88782701 139.165703632 0.99609375
v 113.844022166 295.459687986 135.187839565 0.99609375
v 113.974260179 295.20240671 139.762624734 0.99609375
v 113.795511754 295.74488123 135.978623993 0.99609375
v 114.100549481 295.519005526 139.712752962 0.99609375
v 113.834690204 295.837210231 135.882296847 0.99609375
v 114.140512924 295.975514132 139.390135221 0.99609375
v 114.059474093 296.370042146 135.698383114 0.99609375
v 113.900064964 295.919045013 139.444912676 0.99609375
v 113.755024986 296.436142201 135.218902412 0.99609375
v 113.912221677 296.316728308 139.947373525 0.99609375
v 113.724731722 296.921238997 135.689795792 0.99609375
v 114.127429155 296.487196681 139.876572792 0.99609375
v 114.049241955 296.828627139 135.32109463 0.99609375
v 113.797655629 296.929476063 139.524875319 0.99609375
v 114.147180091 296.967548732 135.281133609 0.99609375
v 114.014459345 297.387137129 138.600441678 0.99609375
v 113.759914783 297.807416089 135.962847614 0.99609375
v 113.686076934 297.353056219 138.899881955 0.99609375
v 114.151036426 297.795472212 135.751080518 0.99609375
v 114.176827464 298.089911603 138.896992965 0.99609375
v 113.777909996 298.399416332 135.350715513 0.99609375
v 113.920510427 298.142790829 139.185389674 0.99609375
v 114.233971509 298.140005085 135.887963547 0.99609375
v 113.775324148 298.561371534 139.255953626 0.99609375
v 113.950808617 298.594486529 135.34434172 0.99609375
v 113.984437861 298.941204353 139.496481481 0.99609375
v 114.133611243 299.272796146 135.500543378 0.99609375
v 114.120353105 299.209785989 139.169771114 0.99609375
v 114.008067241 299.474815691 135.950386309 0.99609375
v 113.961651674 299.177297675 138.736848443 0.99609375
v 113.891384652 299.360343292 135.761003897 0.99609375
v 113.852236737 299.76254432 139.481294681 0.99609375
v 114.242023838 300.092927297 135.045155346 0.99609375
v 114.112172691 299.679388088 139.456476947 0.99609375
v 114.192458073 300.405408598 135.14028166 0.99609375
v 114.003254319 300.314886115 138.677436339 0.99609375
v 113.977105421 300.430353774 135.566141364 0.99609375
v 113.727588395 300.516073027 138.963856307 0.99609375
v 113.74597307 300.786472534 135.398576144 0.99609375
v 113.756889697 300.554071682 138.547393106 0.99609375
v 113.738386723 301.207137952 135.648489672 0.99609375
v 114.076206441 301.094843775 139.36408364 0.99609375
v 114.032932791 301.114927917 135.038312826 0.99609375
v 114.107804828 301.245739706 138.352967456 0.99609375
v 113.738836288 301.877262998 135.977625551 0.99609375
v 113.730638652 301.397441037 138.447647965 0.99609375
v 114.093041451 301.942071987 135.312755626 0.99609375
v 114.077989355 302.122652345 138.523660591 0.99609375
v 114.07367267 302.176870086 135.785143297 0.99609375
v 114.028365975 302.261865622 138.030011942 0.99609375
v 113.708291519 302.722561209 135.943152602 0.99609375
v 114.061871058 302.680211623 138.953671392 0.99609375
v 114.237181834 302.555854508 135.728125475 0.99609375
v 113.826151742 302.581004437 138.200562665 0.99609375
v 113.728505574 303.256287317 135.545700967 0.99609375
v 114.174803819 303.314715125 138.465221794 0.99609375
v 113.812003279 303.379768733 135.515242017 0.99609375
v 113.859681201 303.10140783 138.871500341 0.99609375
v 113.931014807 303.772495908 135.664721584 0.99609375
v 114.06238797 303.687803367 138.407585356 0.99609375
v 113.717561135 303.832175858 136.092696299 0.99609375
v 114.060308526 303.758260516 138.228341322 0.99609375
v 113.714587296 304.285123323 137.970911529 0.99609375
v 113.893826616 304.14047747 138.356454185 0.99609375
v 114.430999632 276.047411905 140.963165819 0.99609375
v 114.014531093 276.291297219 139.304038989 0.99609375
v 114.234270107 276.09078694 140.090358779 0.99609375
v 114.3597678 276.7935203 135.461973403 0.99609375
v 114.431546895 276.638392402 140.025889221 0.99609375
v 114.084998009 277.023807283 134.748198227 0.99609375
v 114.022522851 277.016088184 140.74852216 0.99609375
v 114.479833869 277.475057873 135.213837017 0.99609375
v 114.223113567 277.267768971 140.02010316 0.99609375
v 114.46446442 277.281478187 135.0211278 0.99609375
v 114.276374642 277.813749593 140.235887209 0.99609375
v 114.062465006 277.876128939 135.630815042 0.99609375
v 114.468434575 277.782010659 140.124703964 0.99609375
v 114.102623735 278.040804107 135.532448274 0.99609375
v 114.2544639 277.921742894 140.789669654 0.99609375
v 114.119651553 278.666457015 135.039557881 0.99609375
v 114.215089348 278.291692466 140.413416632 0.99609375
v 114.49057216 278.501431794 135.561105689 0.99609375
v 114.199551388 278.941130601 140.203127293 0.99609375
v 113.994202536 278.952539606 135.191072071 0.99609375
v 114.415413067 279.110606828 140.305542231 0.99609375
v 114.111644148 279.304685618 135.743156214 0.99609375
v 114.367782204 279.409463798 140.798492866 0.99609375
v 114.440473545 279.341213077 135.952133322 0.99609375
v 114.53532695 279.495374978 140.71414285 0.99609375
v 114.342303541 279.617610621 135.891265583 0.99609375
v 114.485133798 279.857354863 140.040059813 0.99609375
v 114.379914832 279.903912764 135.620105275 0.99609375
v 114.364440794 280.31896617 140.031522052 0.99609375
v 114.518302118 280.399772355 135.327516439 0.99609375
v 114.398841065 280.607140752 140.011240337 0.99609375
v 113.995692249 280.723759129 135.291953877 0.99609375
v 114.406804532 280.51942134 140.018528655 0.99609375
v 113.999839373 281.0373968 135.447053248 0.99609375
v 114.392374065 280.881865933 140.415512746 0.99609375
v 114.434112604 281.425976668 135.518312681 0.99609375
v 114.114603576 281.189023531 140.90384587 0.99609375
v 114.343587906 281.556462071 135.486461762 0.99609375
v 113.973016819 281.320032537 140.279686628 0.99609375
v 114.51842929 281.66846198 135.665413988 0.99609375
v 114.489077569 281.792296317 140.695098689 0.99609375
v 114.152062947 282.074062355 135.49206565 0.99609375
v 114.171712711 282.299593216 140.499421142 0.99609375
v 114.129172805 282.230250721 135.598596323 0.99609375
v 114.019263411 282.384460353 140.952883097 0.99609375
v 113.991970851 282.584814091 135.554159103 0.99609375
v 113.996022807 282.607434387 140.750539619 0.99609375
v 114.500474792 283.269687501 135.351210022 0.99609375
v 114.139679136 283.143849878 140.41991127 0.99609375
v 114.41181041 283.230980104 135.109660945 0.99609375
v 114.328228024 283.11263506 140.295631905 0.99609375
v 114.087437711 283.804614915 135.80061924 0.99609375
v 114.525789494 283.894513879 139.817679627 0.99609375
v 113.970056723 283.62442746 135.358733683 0.99609375
v 114.53888814 283.820164565 139.768507573 0.99609375
v 114.386498818 284.317471629 135.774829345 0.99609375
v 114.101371592 284.468613639 139.848214626 0.99609375
v 114.191026543 284.746696267 135.224536107 0.99609375
v 114.536788535 284.370165057 140.310556822 0.99609375
v 114.116156296 284.54225837 135.159848402 0.99609375
v 114.027196157 284.618245342 139.907623707 0.99609375
v 114.277750636 284.890003425 135.307580624 0.99609375
v 114.01491236 285.02267962 139.745462948 0.99609375
v 113.972373397 285.148616783 135.16345454 0.99609375
v 114.520469979 285.289128991 139.539166936 0.99609375
v 114.46274941 285.531566124 135.189654485 0.99609375
v 114.175705691 285.369797573 140.157749234 0.99609375
v 114.113821801 286.045905695 135.423357932 0.99609375
v 114.175775899 285.69067197 140.295677785 0.99609375
v 114.124775398 286.070205118 135.819427456 0.99609375
v 114.492700075 286.109676415 140.367841544 0.99609375
v 114.034605059 286.39465403 135.98216933 0.99609375
v 114.050523243 286.613079769 140.059689914 0.99609375
v 114.150036467 287.053682078 135.383231193 0.99609375
v 113.982218783 286.69230171 140.372901997 0.99609375
v 114.241904325 286.847502437 135.657912047 0.99609375
v 114.517739054 286.895761372 139.82489145 0.99609375
v 114.463421741 287.292428611 135.799910179 0.99609375
v 114.335993464 287.590399085 139.866640048 0.99609375
v 114.422795865 287.463419539 135.026379932 0.99609375
v 114.302344691 287.702173623 140.413546592 0.99609375
v 114.23456339 288.044437928 135.661072916 0.99609375
v 114.337132755 288.129282661 140.3894483 0.99609375
v 114.220046193 288.200706654 135.374120426 0.99609375
v 114.347148201 288.027450178 140.229598084 0.99609375
v 114.260974287 288.627318601 135.338264822 0.99609375
v 114.436410561 288.538655131 139.572184682 0.99609375
v 114.279811771 288.894253295 135.684583024 0.99609375
v 114.452116176 288.622583583 139.609779142 0.99609375
v 114.366417252 288.91189469 135.979890838 0.99609375
v 114.167047785 289.0379388 139.892433381 0.99609375
v 114.267628744 289.357163522 135.007663299 0.99609375
v 114.465258898 289.264715275 139.988820333 0.99609375
v 114.085027573 289.611549218 135.555832079 0.99609375
v 114.315299961 289.654459644 139.693177851 0.99609375
v 114.04097457 289.805985991 135.662047514 0.99609375
v 114.358525062 290.191083616 140.11889174 0.99609375
v 114.2891441 290.387045085 135.215719668 0.99609375
v 114.407342825 290.537087642 139.852595376 0.99609375
v 113.97197429 290.371196439 135.318376326 0.99609375
v 114.090764471 290.46945358 140.332295109 0.99609375
v 114.522678963 290.696744668 135.186030489 0.99609375
v 114.42336435 291.105670332 139.665229992 0.99609375
v 114.130922727 291.171424538 135.168291066 0.99609375
v 114.124246872 290.952091829 140.323211869 0.99609375
v 114.266415081 291.265482362 135.133852332 0.99609375
v 114.211802876 291.450484783 139.591109809 0.99609375
v 114.163096875 291.626477778 135.025020295 0.99609375
v 114.280522844 291.853421459 140.019511277 0.99609375
v 114.02631827 291.89727558 135.142684969 0.99609375
v 114.509491531 291.922110797 140.477617884 0.99609375
v 114.458769105 292.237405529 135.173916511 0.99609375
v 114.264169688 292.388008854 140.292598103 0.99609375
v 114.34341044 292.542565779 135.336402773 0.99609375
v 114.199846214 292.535019196 140.052842645 0.99609375
v 114.540853609 292.743988709 135.821787001 0.99609375
v 114.397097405 292.616135633 140.182334729 0.99609375
v 114.185061267 293.474259933 135.729056772 0.99609375
v 114.301596585 293.172094686 139.735505786 0.99609375
v 114.333298527 293.281794171 135.829102782 0.99609375
v 114.160354478 293.200344187 139.585276273 0.99609375
v 114.459413126 293.591957751 135.784043164 0.99609375
v 114.461072288 294.029900709 139.57061115 0.99609375
v 114.481085682 293.862558731 135.749968395 0.99609375
v 114.100727774 294.167056623 139.161410365 0.99609375
v 114.509193796 294.382512721 135.421833832 0.99609375
v 114.272155418 294.373076951 139.642729948 0.99609375
v 114.008586451 294.785790512 135.319414619 0.99609375
v 114.34298908 294.845033671 139.293844779 0.99609375
v 114.349567552 294.794368598 135.5734239 0.99609375
v 114.440072739 294.896343327 139.276643839 0.99609375
v 114.212307492 294.992429877 135.246895733 0.99609375
v 114.447564693 294.980153394 139.281030511 0.99609375
v 114.302400752 295.53391553 135.938452569 0.99609375
v 114.224434692 295.230818122 139.799656065 0.99609375
v 114.492131653 295.8804892 135.686185279 0.99609375
v 113.985500857 295.921982445 139.858814191 0.99609375
v 114.455445984 295.852954553 135.125560977 0.99609375
v 114.099016365 296.121528564 139.136773276 0.99609375
v 114.073945857 296.327734331 135.050734732 0.99609375
v 114.134840299 296.539294527 139.605614594 0.99609375
v 114.10238735 296.510634343 135.76405028 0.99609375
v 114.132770281 296.68710798 139.177735598 0.99609375
v 114.181356111 297.13753513 135.027092467 0.99609375
v 114.477527623 297.197406435 139.806365846 0.99609375
v 114.038628194 297.231112432 135.884877534 0.99609375
v 114.384618997 297.409756421 139.407076791 0.99609375
v 114.448303879 297.284508377 135.561502332 0.99609375
v 114.108709133 297.404924461 139.983324464 0.99609375
v 114.34570066 297.864127187 135.599272042 0.99609375
v 114.234881873 297.618326744 139.508396636 0.99609375
v 114.40306572 298.353205547 135.623259516 0.99609375
v 113.993621005 297.918915948 139.626579869 0.99609375
v 114.367334691 298.35726295 135.103298736 0.99609375
v 114.123366084 298.441282101 139.143867022 0.99609375
v 114.109635929 298.571634191 135.962505588 0.99609375
v 114.448535933 298.950214355 139.217168476 0.99609375
v 114.150272437 299.188295581 135.486580179 0.99609375
v 113.994557287 298.920878893 139.440459239 0.99609375
v 114.5198372 299.492473579 135.511438022 0.99609375
v 114.219506015 299.246597752 138.768121187 0.99609375
v 114.535962624 299.546831552 135.831543296 0.99609375
v 114.40399829 299.283668494 139.403879087 0.99609375
v 113.991464624 299.572919501 135.341124557 0.99609375
v 114.194731905 299.978728527 138.948529233 0.99609375
v 114.121047067 300.224740128 135.973900254 0.99609375
v 114.000102558 299.905652953 139.378067788 0.99609375
v 114.364466509 300.342854218 135.860908394 0.99609375
v 114.549361838 300.479545229 138.966413385 0.99609375
v 114.005789248 300.873750824 135.821196342 0.99609375
v 114.224151225 300.654156634 138.53641922 0.99609375
v 114.133056566 301.136272205 135.166008054 0.99609375
v 114.401148048 301.256997261 138.63513722 0.99609375
v 114.536085306 301.49783527 135.806604768 0.99609375
v 114.509731095 301.056030393 139.071732737 0.99609375
v 114.347131701 301.434795996 135.450598389 0.99609375
v 114.309511605 301.448311202 139.356842342 0.99609375
v 114.09772708 302.003762747 135.868355728 0.99609375
v 114.447788208 301.792107292 139.101542794 0.99609375
v 114.393577675 302.175816956 135.913236317 0.99609375
v 114.215533565 302.247801953 138.865836415 0.99609375
v 113.972295905 302.688261246 135.443500397 0.99609375
v 114.034372483 302.353848015 138.696983629 0.99609375
v 114.314655495 302.90740001 135.298916114 0.99609375
v 114.19603743 302.990060265 138.649779447 0.99609375
v 114.372958931 303.022643807 135.106289805 0.99609375
v 113.990528497 302.766765556 138.920372548 0.99609375
v 114.460444399 303.369303869 135.235005303 0.99609375
v 114.28683927 303.451711112 138.517852682 0.99609375
v 114.46124036 303.76721426 135.564121917 0.99609375
v 114.11419034 303.648122447 138.073169354 0.99609375
v 114.309900249 303.900476563 135.650541949 0.99609375
v 114.182650989 303.952050115 138.798429518 0.99609375
v 114.260501884 304.329477056 137.933606196 0.99609375
v 114.167285608 304.410181661 138.195919007 0.99609375
v 114.612160871 275.922369691 140.71029262 0.99609375
v 114.311372578 276.236154461 139.479606624 0.99609375
v 114.788292322 276.544274182 140.036527101 0.99609375
v 114.264785762 276.386689069 135.008139013 0.99609375
v 114.674568849 276.867885109 140.045003692 0.99609375
v 114.360089721 276.722798974 135.178628648 0.99609375
v 114.324163172 277.103538998 140.10350646 0.99609375
v 114.474244349 277.459911202 134.721218335 0.99609375
v 114.657152672 277.22117841 140.586504785 0.99609375
v 114.813442834 277.559919658 134.829093802 0.99609375
v 114.515083167 277.342656138 140.508891386 0.99609375
v 114.517980876 277.584576973 135.81609114 0.99609375
v 114.706465796 277.556890438 140.008538533 0.99609375
v 114.824180018 278.054342243 135.157248571 0.99609375
v 114.569092901 277.92654011 140.716641646 0.99609375
v 114.416673036 278.347565387 135.545339537 0.99609375
v 114.729082085 278.134068168 140.970294799 0.99609375
v 114.413824228 278.44512793 135.805716483 0.99609375
v 114.444135477 278.965650414 140.453240142 0.99609375
v 114.305551489 278.981344551 135.999987633 0.99609375
v 114.335451425 278.928514161 140.348065744 0.99609375
v 114.292995042 279.052694259 135.51591404 0.99609375
v 114.372659107 279.467385201 140.816181772 0.99609375
v 114.806577592 279.820059228 135.854882373 0.99609375
v 114.629637114 279.48411948 140.358383237 0.99609375
v 114.687847972 279.686177279 135.908584636 0.99609375
v 114.294398583 279.622754554 140.239341125 0.99609375
v 114.304057279 279.987796574 135.402200541 0.99609375
v 114.612659871 279.961057078 140.445223713 0.99609375
v 114.44278184 280.622443948 135.292475301 0.99609375
v 114.309198538 280.556234306 140.659265179 0.99609375
v 114.577716662 280.716976833 135.041040723 0.99609375
v 114.794254207 280.934631513 140.87167795 0.99609375
v 114.573746129 281.112398659 135.997905669 0.99609375
v 114.707551224 280.970725577 140.110667191 0.99609375
v 114.438035713 281.094068186 135.740399764 0.99609375
v 114.480331014 281.195393841 140.271693391 0.99609375
v 114.741669682 281.407800978 135.933750681 0.99609375
v 114.376716056 281.688929357 140.180396732 0.99609375
v 114.730415463 281.68203669 135.791579393 0.99609375
v 114.4844453 281.629955616 140.202204961 0.99609375
v 114.626255553 282.196524808 135.830567244 0.99609375
v 114.803518092 282.43799476 140.655354417 0.99609375
v 114.497748544 282.462564146 135.823812496 0.99609375
v 114.370520746 282.499839527 140.147286808 0.99609375
v 114.446607612 282.977033621 135.047622656 0.99609375
v 114.476224119 282.941332513 140.673275222 0.99609375
v 114.684454844 283.09182397 135.096011219 0.99609375
v 114.699314844 282.973357183 140.007099293 0.99609375
v 114.569842865 283.369014648 135.940164989 0.99609375
v 114.8265069 283.469282866 140.748989383 0.99609375
v 114.366241266 283.42760502 135.504620807 0.99609375
v 114.452885165 283.502502861 140.368464134 0.99609375
v 114.53660689 284.179975189 135.095140502 0.99609375
v 114.389939671 283.918966628 140.086454122 0.99609375
v 114.770344057 284.369217102 135.501854903 0.99609375
v 114.691914244 283.984724679 140.374066515 0.99609375
v 114.278220462 284.372474999 135.129873323 0.99609375
v 114.535705154 284.49331724 140.041331008 0.99609375
v 114.756034372 284.983868569 135.846419002 0.99609375
v 114.450156336 284.685678561 140.748353387 0.99609375
v 114.621318219 284.995127618 135.932028507 0.99609375
v 114.459951661 285.001005374 140.886647135 0.99609375
v 114.640632014 285.266305914 135.00131848 0.99609375
v 114.838762987 285.474930706 140.453441162 0.99609375
v 114.303212851 285.370377932 135.139068511 0.99609375
v 114.437718571 285.458170825 140.767809447 0.99609375
v 114.431434625 285.675403942 135.303305247 0.99609375
v 114.368783606 285.685500861 140.689294913 0.99609375
v 114.378614731 286.226103484 135.198076879 0.99609375
v 114.713017957 286.020986357 140.448835222 0.99609375
v 114.332925166 286.553207193 135.338066023 0.99609375
v 114.634190978 286.338006889 139.739138694 0.99609375
v 114.514709857 286.994730122 135.138621862 0.99609375
v 114.656959507 286.696840516 139.631624157 0.99609375
v 114.299611255 286.93809727 135.063896185 0.99609375
v 114.450614097 287.389355701 140.495736437 0.99609375
v 114.613845436 287.389203719 135.845293732 0.99609375
v 114.603194907 287.509409287 139.671521147 0.99609375
v 114.597538302 287.867035683 135.708058534 0.99609375
v 114.605456021 287.91535275 139.681341844 0.99609375
v 114.266578989 287.849309969 135.338429545 0.99609375
v 114.343720983 287.80581619 139.933278531 0.99609375
v 114.474699339 288.20849798 135.076564884 0.99609375
v 114.517915347 288.533147074 140.186741288 0.99609375
v 114.285869928 288.545502523 135.704089472 0.99609375
v 114.710695677 288.318156567 140.179257109 0.99609375
v 114.571448437 289.081518784 135.234117703 0.99609375
v 114.671830056 289.122476168 139.781626033 0.99609375
v 114.276112674 288.886677577 135.939320225 0.99609375
v 114.832193593 289.191504919 139.619839042 0.99609375
v 114.60364299 289.652611764 135.652328238 0.99609375
v 114.28101665 289.588336172 139.696426074 0.99609375
v 114.350458541 289.975201358 135.028293186 0.99609375
v 114.310140696 289.876045022 140.069453223 0.99609375
v 114.530697826 290.247257187 135.608066906 0.99609375
v 114.595078187 290.28884671 140.269037073 0.99609375
v 114.348827418 290.281145075 135.887472151 0.99609375
v 114.298848391 290.429427892 139.737827921 0.99609375
v 114.460548485 290.679111841 135.98276248 0.99609375
v 114.618674527 290.374102309 139.78313489 0.99609375
v 114.823804724 291.009498101 135.154828383 0.99609375
v 114.28398566 290.97962901 139.72717918 0.99609375
v 114.358224977 291.254774101 135.748707773 0.99609375
v 114.285794022 291.072500427 140.115574337 0.99609375
v 114.439163779 291.664511474 135.751494919 0.99609375
v 114.792510269 291.647596824 139.671757751 0.99609375
v 114.421504871 291.740026657 135.375328793 0.99609375
v 114.663721838 291.557031788 139.845435933 0.99609375
v 114.663591441 291.807612272 135.014665234 0.99609375
v 114.698251818 292.249140466 140.244919817 0.99609375
v 114.835730284 292.226800707 135.03672659 0.99609375
v 114.799664826 292.320383709 140.268111948 0.99609375
v 114.781228293 292.898314243 135.98705337 0.99609375
v 114.774863869 292.480295929 139.734452241 0.99609375
v 114.543838453 292.673434559 135.013573283 0.99609375
v 114.627697133 293.091632256 139.760983109 0.99609375
v 114.740458307 292.99645184 135.961241066 0.99609375
v 114.710483241 293.121148203 139.751033617 0.99609375
v 114.549673859 293.71540702 135.214850889 0.99609375
v 114.387470335 293.719970686 140.42341407 0.99609375
v 114.798272775 293.975242221 135.363493215 0.99609375
v 114.418759066 293.580357703 139.737807721 0.99609375
v 114.426646929 294.11528883 135.047733558 0.99609375
v 114.487067745 293.936739696 139.89881094 0.99609375
v 114.830502241 294.62656349 135.188069749 0.99609375
v 114.359733295 294.595796334 140.029334897 0.99609375
v 114.721786542 294.508703666 135.486047152 0.99609375
v 114.640810813 294.653144029 139.5342634 0.99609375
v 114.756093143 294.75321663 135.008790929 0.99609375
v 114.572587194 295.192447283 139.941427926 0.99609375
v 114.660375251 295.060812674 135.111650543 0.99609375
v 114.410777818 295.189628967 140.401295624 0.99609375
v 114.830759547 295.301786236 135.509355798 0.99609375
v 114.488845186 295.238936185 139.666453179 0.99609375
v 114.391189236 295.910622094 135.740770658 0.99609375
v 114.488078586 295.717400822 139.595900462 0.99609375
v 114.532822979 296.009959856 135.663964315 0.99609375
v 114.311080299 296.090657936 139.947525592 0.99609375
v 114.773488345 296.361349196 135.217484228 0.99609375
v 114.561571183 296.156899483 139.97054961 0.99609375
v 114.299884393 296.710104238 135.481031308 0.99609375
v 114.625619292 296.471693411 139.231065483 0.99609375
v 114.831241348 296.912753477 135.282853206 0.99609375
v 114.490523247 297.115850475 139.129258154 0.99609375
v 114.551072479 297.20525411 135.92438132 0.99609375
v 114.56747984 297.484387188 139.929453516 0.99609375
v 114.692012513 297.585381262 135.40276399 0.99609375
v 114.699078645 297.482191195 139.11022033 0.99609375
v 114.345122737 297.9454497 135.805945919 0.99609375
v 114.779615184 297.610165105 139.702779211 0.99609375
v 114.443417386 298.018628524 135.571181666 0.99609375
v 114.735692318 298.05200481 139.159318006 0.99609375
v 114.578968066 298.217199682 135.692909978 0.99609375
v 114.677870948 298.201251889 139.778196954 0.99609375
v 114.661992676 298.887188896 135.973630789 0.99609375
v 114.297148837 298.989175997 139.704537007 0.99609375
v 114.456404296 299.202068314 135.339306099 0.99609375
v 114.668266201 299.104775943 139.430462984 0.99609375
v 114.359974667 299.435050891 135.064402004 0.99609375
v 114.587096848 299.037483637 139.018559942 0.99609375
v 114.606082895 299.439459772 135.374248747 0.99609375
v 114.573274756 299.396100176 139.593813456 0.99609375
v 114.684905826 300.099649633 135.168178948 0.99609375
v 114.727718008 299.894242348 139.952014428 0.99609375
v 114.727802103 300.167055843 135.972124951 0.99609375
v 114.35797577 300.088131096 139.467516587 0.99609375
v 114.508913638 300.21852516 135.309384135 0.99609375
v 114.558979915 300.271658464 139.329664844 0.99609375
v 114.663762504 300.876263528 135.460986191 0.99609375
v 114.656892908 300.76468442 139.18185822 0.99609375
v 114.533258859 301.112874668 135.750350497 0.99609375
v 114.593139455 301.080151392 138.970587722 0.99609375
v 114.378930408 301.282176167 135.505341621 0.99609375
v 114.362741182 301.564488651 138.796198054 0.99609375
v 114.728958777 301.562185935 135.746595574 0.99609375
v 114.637757154 301.38537547 139.037606631 0.99609375
v 114.820613727 302.037133809 135.043340752 0.99609375
v 114.558087119 301.788432052 139.161930355 0.99609375
v 114.47255198 302.064706909 135.844659758 0.99609375
v 114.828992885 302.07645382 139.20895161 0.99609375
v 114.608756846 302.69426643 135.738495784 0.99609375
v 114.830300069 302.181493135 138.97575994 0.99609375
v 114.575101734 302.70620821 135.630256767 0.99609375
v 114.407827272 302.854490018 139.26996149 0.99609375
v 114.660942819 302.806664985 135.943233633 0.99609375
v 114.804219619 303.242307921 139.08589063 0.99609375
v 114.375211479 303.51507573 135.418530174 0.99609375
v 114.432241717 303.093009996 139.087600178 0.99609375
v 114.416625973 303.615558334 135.818643047 0.99609375
v 114.396557015 303.527154961 138.918624687 0.99609375
v 114.625136404 303.990522352 136.314852788 0.99609375
v 114.529110651 303.637294114 139.043821007 0.99609375
v 114.576329895 304.23845501 137.879333229 0.99609375
v 114.511990651 304.171262418 138.577172865 0.99609375
v 114.567603136 275.854086379 140.167971827 0.99609375
v 114.713251013 276.119232604 139.218594219 0.99609375
v 114.87145701 276.246711831 140.216988136 0.99609375
v 115.022769945 276.550518152 135.378176952 0.99609375
v 114.732344184 276.401270803 140.419450907 0.99609375
v 114.732523452 276.70682972 134.943680241 0.99609375
v 114.788536726 276.88376333 140.03243788 0.99609375
v 115.039665103 277.154333899 135.35467304 0.99609375
v 114.814541377 277.402991878 140.441597088 0.99609375
v 114.6145919 277.625594135 135.240147941 0.99609375
v 115.061115441 277.297429853 140.850007499 0.99609375
v 115.026661029 277.860362215 135.199094836 0.99609375
v 114.711723366 277.805619079 140.090072625 0.99609375
v 114.82715998 278.043773491 135.093150304 0.99609375
v 115.010598497 278.073190834 140.026340118 0.99609375
v 114.995557341 278.247342742 135.113377492 0.99609375
v 115.081385702 278.148385363 140.713355145 0.99609375
v 114.708865779 278.519490665 135.171265555 0.99609375
v 115.11003496 278.404204514 140.423153824 0.99609375
v 114.986137167 278.804066428 135.756583488 0.99609375
v 115.068170861 279.124436317 140.628517264 0.99609375
v 114.801117092 279.017962857 135.646665498 0.99609375
v 115.11896975 279.1991603 140.335719277 0.99609375
v 114.753129128 279.544787882 135.189608479 0.99609375
v 114.632677868 279.81791976 140.295950088 0.99609375
v 114.693255889 279.816826727 135.312447821 0.99609375
v 114.600430409 279.633477718 140.941403978 0.99609375
v 114.662514521 279.851656149 135.97288618 0.99609375
v 114.878173363 280.381127179 140.942624078 0.99609375
v 115.116759073 280.443284491 135.031014748 0.99609375
v 114.651512821 280.445967273 140.140972282 0.99609375
v 114.881552995 280.52414747 135.412124472 0.99609375
v 114.554918998 280.952247957 140.054509757 0.99609375
v 114.975239941 280.991744212 135.518411912 0.99609375
v 114.851106378 281.146423682 140.933711124 0.99609375
v 114.695432614 281.114825851 135.94966888 0.99609375
v 114.888163513 281.560566553 140.342701434 0.99609375
v 114.850759477 281.566458688 135.832254254 0.99609375
v 115.049100044 281.342279332 140.690420575 0.99609375
v 114.934233865 281.884212301 135.376415203 0.99609375
v 114.909767032 281.915357267 140.437805517 0.99609375
v 114.848817476 282.080884765 135.633708494 0.99609375
v 114.763990469 282.45887694 140.34157988 0.99609375
v 115.011601219 282.458510952 135.781765434 0.99609375
v 114.959904349 282.207242407 140.875807669 0.99609375
v 114.653841973 282.874314756 135.692407664 0.99609375
v 114.751933484 283.020970129 140.725851385 0.99609375
v 115.068010481 282.919528818 135.324366134 0.99609375
v 115.1175447 283.315657195 140.018259974 0.99609375
v 114.927977889 283.191073716 135.006653732 0.99609375
v 114.662390006 283.271538446 140.515341267 0.99609375
v 114.633393872 283.727222912 135.828125043 0.99609375
v 115.026251264 283.777415524 140.606973044 0.99609375
v 114.781889262 283.877672863 135.208626677 0.99609375
v 114.564901973 283.950639701 140.382208995 0.99609375
v 114.929214318 284.090433347 135.637152939 0.99609375
v 114.863027992 284.414118906 140.989215133 0.99609375
v 115.12571352 284.270721953 135.612444863 0.99609375
v 114.797228783 284.61353355 140.173077314 0.99609375
v 114.653302911 284.670208471 135.560659173 0.99609375
v 115.044615689 284.711320132 140.774783975 0.99609375
v 114.776721829 285.032151649 135.842750759 0.99609375
v 115.107848714 285.319368482 140.115394623 0.99609375
v 114.999638139 285.577510028 135.053723082 0.99609375
v 114.984943973 285.237701069 140.673570873 0.99609375
v 114.839665717 285.907907968 135.300747837 0.99609375
v 115.038637606 285.47262756 140.105266071 0.99609375
v 114.872813265 286.055246197 135.256023902 0.99609375
v 114.680642051 285.675330729 140.096584186 0.99609375
v 115.113162494 286.152302386 135.487229679 0.99609375
v 114.69608116 286.113191887 140.242045219 0.99609375
v 115.071904814 286.331712551 135.96262635 0.99609375
v 114.67886042 286.308430785 140.02170015 0.99609375
v 115.049400235 286.855512724 135.398494239 0.99609375
v 115.024013754 286.933613121 140.986741826 0.99609375
v 115.077505815 287.276788629 135.418155557 0.99609375
v 114.812693815 286.941994629 140.512704559 0.99609375
v 114.743729053 287.584948223 135.112414273 0.99609375
v 114.985629131 287.354265498 140.941117277 0.99609375
v 115.026728264 287.964412704 135.583495836 0.99609375
v 114.972632221 287.67046369 140.288590457 0.99609375
v 114.633400083 287.76553969 135.156561811 0.99609375
v 115.039967537 287.708750524 140.976141812 0.99609375
v 114.83186872 288.436430872 135.250457824 0.99609375
v 114.630120802 288.031046518 140.175694598 0.99609375
v 114.996240839 288.325715625 135.978974706 0.99609375
v 114.573472545 288.581753482 140.807690418 0.99609375
v 114.945441046 288.754675514 135.884848365 0.99609375
v 114.623947381 288.942664782 140.607258946 0.99609375
v 114.622349593 288.859508081 135.112935016 0.99609375
v 114.952851037 289.191258973 140.736192398 0.99609375
v 114.775007907 289.406343588 135.579008023 0.99609375
v 114.746493684 289.663434148 140.427314797 0.99609375
v 115.11855138 289.794867439 135.163134403 0.99609375
v 114.923207142 289.969134974 140.131798426 0.99609375
v 114.613351202 289.81803643 135.675781441 0.99609375
v 114.813177859 289.969518231 139.853104626 0.99609375
v 114.889810707 290.080107983 135.390915999 0.99609375
v 115.045812255 290.068986468 139.944711072 0.99609375
v 115.019323094 290.611547992 135.041697112 0.99609375
v 115.100102274 290.650462868 139.513070473 0.99609375
v 114.898020767 290.864857049 135.835523536 0.99609375
v 114.727740343 290.93754648 140.017895709 0.99609375
v 115.051955214 291.365737458 135.243213024 0.99609375
v 114.807455487 291.187784076 140.321165807 0.99609375
v 114.849612314 291.263912824 135.17329276 0.99609375
v 115.08878097 291.478434592 140.359975179 0.99609375
v 114.665479883 291.871235177 135.567635401 0.99609375
v 114.966962616 291.556732742 139.977030589 0.99609375
v 115.013287108 291.946765961 135.083476748 0.99609375
v 114.952099443 292.23693688 139.717130061 0.99609375
v 115.113719327 292.141398594 135.314654907 0.99609375
v 114.82008668 292.266988065 140.428437226 0.99609375
v 114.80275901 292.8063413 135.123839378 0.99609375
v 114.932366106 292.432760802 140.405968491 0.99609375
v 115.129897196 292.625654934 135.328855729 0.99609375
v 114.96277557 293.097170609 140.42413585 0.99609375
v 114.876061589 292.984355121 135.220988383 0.99609375
v 115.025655518 292.919082371 140.247793209 0.99609375
v 115.024409709 293.631532414 135.99054577 0.99609375
v 114.82727925 293.235624324 139.961358635 0.99609375
v 114.910409577 293.838156063 135.19309411 0.99609375
v 114.574705668 293.737728464 139.791411696 0.99609375
v 114.954383018 294.063076424 135.730230124 0.99609375
v 114.768627698 294.003172004 140.297237327 0.99609375
v 115.110772117 294.570867717 135.159058471 0.99609375
v 114.713380319 294.541430841 140.178716445 0.99609375
v 114.977005723 294.536253734 135.899607979 0.99609375
v 114.788856367 294.518566309 139.747015641 0.99609375
v 114.850758472 294.988198604 135.529169926 0.99609375
v 114.570918511 295.07297945 139.827182499 0.99609375
v 114.591169849 295.363958766 135.683942677 0.99609375
v 114.658657665 295.473526525 139.542015755 0.99609375
v 114.917792211 295.727430285 135.525371727 0.99609375
v 115.123676754 295.280945121 140.188037991 0.99609375
v 114.675819222 296.088470616 135.448798559 0.99609375
v 114.809758981 295.612077874 139.899159933 0.99609375
v 114.673929801 296.01719879 135.065933994 0.99609375
v 114.658512429 296.00376711 139.817466252 0.99609375
v 114.609320527 296.436485496 135.410601825 0.99609375
v 114.736600292 296.597432368 140.331843027 0.99609375
v 114.957474782 296.481645772 135.769656169 0.99609375
v 114.922814779 296.774760982 140.302733854 0.99609375
v 114.659667025 297.116818628 135.337438364 0.99609375
v 114.783149573 296.842382055 140.429177729 0.99609375
v 114.68311858 297.028352162 135.853496128 0.99609375
v 114.575896717 297.014544489 140.485741678 0.99609375
v 115.113318374 297.325232363 135.153363628 0.99609375
v 114.592202103 297.455089446 139.715068045 0.99609375
v 114.977122675 297.562553271 135.836457001 0.99609375
v 114.777784795 298.096712482 140.221534523 0.99609375
v 114.908072376 298.001503249 135.758981687 0.99609375
v 114.600977131 298.117550599 139.306442732 0.99609375
v 115.008221178 298.644323644 135.786055611 0.99609375
v 115.125831257 298.460860628 139.262487966 0.99609375
v 114.907088225 298.749619846 135.869949969 0.99609375
v 114.655034554 298.618529161 139.377231658 0.99609375
v 114.739599075 298.84550864 135.506113573 0.99609375
v 114.891185877 299.021049535 139.207346457 0.99609375
v 114.598368261 299.074502812 135.041352209 0.99609375
v 114.719270361 299.052065563 139.483072309 0.99609375
v 114.998339851 299.530005596 135.61829181 0.99609375
v 115.12962792 299.343522872 139.415433301 0.99609375
v 115.059544373 299.767256433 135.247885393 0.99609375
v 115.116890794 299.705063681 139.01020632 0.99609375
v 114.903210971 299.914918098 135.54237997 0.99609375
v 114.857392639 299.984767553 139.595967228 0.99609375
v 114.907700927 300.682242311 135.087576739 0.99609375
v 114.854513971 300.515083759 139.102800414 0.99609375
v 114.948331864 300.833549829 135.336359168 0.99609375
v 115.053788612 300.870548158 139.529774979 0.99609375
v 114.643143988 301.011777078 135.02635291 0.99609375
v 115.034593968 300.80498678 139.835413296 0.99609375
v 115.045649765 301.436548852 135.865042234 0.99609375
v 114.700388328 301.257721768 139.840712011 0.99609375
v 115.100290582 301.828512028 135.350618572 0.99609375
v 114.83524362 301.513890337 139.625557595 0.99609375
v 114.841759199 301.637284454 135.76865896 0.99609375
v 114.99464312 302.120366646 139.787488526 0.99609375
v 115.042989167 302.381044048 135.068665301 0.99609375
v 114.87061717 302.059751505 139.591629328 0.99609375
v 114.557248271 302.565604357 135.219161552 0.99609375
v 114.931860623 302.359231848 139.708733521 0.99609375
v 114.747924576 302.698548767 135.28599269 0.99609375
v 114.694162126 302.969485659 139.257900064 0.99609375
v 114.82757762 303.262325604 135.566501608 0.99609375
v 114.96648997 302.842087923 139.291732763 0.99609375
v 114.903480999 303.145017479 135.499624534 0.99609375
v 115.006264017 303.569121586 139.135632939 0.99609375
v 114.656238241 303.809764413 135.637789318 0.99609375
v 115.082316207 303.843704194 139.427696548 0.99609375
v 115.028933733 303.912445998 135.506600233 0.99609375
v 114.930877761 303.840970281 138.995996105 0.99609375
v 114.962547477 304.139091553 137.063823457 0.99609375
v 114.856747705 304.307414961 139.280044528 0.99609375
v 114.878042819 276.043531601 140.98021464 0.99609375
v 115.377244802 276.290845908 139.038481653 0.99609375
v 115.007476347 276.268693204 140.431522254 0.99609375
v 114.848900828 276.849968544 134.696939185 0.99609375
v 114.980255318 276.437350299 140.980782298 0.99609375
v 115.300111371 277.179848914 134.565502947 0.99609375
v 115.29654713 276.81211286 140.999893926 0.99609375
v 115.077753082 277.045860605 134.544658922 0.99609375
v 115.184992372 277.053163244 140.398188475 0.99609375
v 115.410135394 277.26208235 135.180531556 0.99609375
v 114.848221733 277.697121648 140.634941937 0.99609375
v 114.969913271 277.818365699 135.2517567 0.99609375
v 115.007235957 277.945876274 140.566020015 0.99609375
v 115.374823983 278.217037305 135.369270557 0.99609375
v 115.005615331 278.095152443 140.728371041 0.99609375
v 114.847232 278.137798898 135.275570436 0.99609375
v 115.344259833 278.220074397 140.443490406 0.99609375
v 114.938068853 278.697357807 135.469265734 0.99609375
v 115.393461392 278.426707899 140.428965119 0.99609375
v 115.111526931 278.765989439 135.355219816 0.99609375
v 114.989186277 278.692876554 140.24849323 0.99609375
v 115.08855599 279.268483902 135.168979389 0.99609375
v 115.158065642 279.219137156 140.934589455 0.99609375
v 115.07788767 279.422748567 135.037904542 0.99609375
v 115.184472827 279.807654868 140.663955795 0.99609375
v 114.905520834 279.614521742 135.082613696 0.99609375
v 115.403260538 280.139953822 140.724838396 0.99609375
v 115.280849682 280.1162259 135.134053767 0.99609375
v 115.194755975 280.060080131 140.557671797 0.99609375
v 115.416887219 280.443189528 135.204890591 0.99609375
v 115.054187167 280.709094567 140.436554704 0.99609375
v 115.261250604 280.559188499 135.015458805 0.99609375
v 115.322235151 280.8305424 140.64738881 0.99609375
v 115.188234633 280.821466147 135.569215261 0.99609375
v 115.395500991 280.858594043 140.223009268 0.99609375
v 114.95341298 281.078914412 135.576782921 0.99609375
v 115.393635123 281.36411038 140.576524233 0.99609375
v 115.226552103 281.54249813 135.777738882 0.99609375
v 115.259586665 281.394967965 140.371744044 0.99609375
v 115.251989205 281.746910044 135.779398671 0.99609375
v 115.111691112 282.115924987 140.67671376 0.99609375
v 115.359463103 282.23569604 135.242318292 0.99609375
v 114.921621508 282.113005781 140.142056829 0.99609375
v 115.152741005 282.462788822 135.37280894 0.99609375
v 115.167229793 282.339481616 140.403828235 0.99609375
v 115.072370416 282.658238985 135.793734757 0.99609375
v 115.16708972 282.940959528 140.844078601 0.99609375
v 115.307203572 283.100890325 135.109569049 0.99609375
v 115.098139321 283.025111018 140.95954055 0.99609375
v 114.841410251 283.469840534 135.215901746 0.99609375
v 115.145453124 283.526798912 140.19642912 0.99609375
v 115.279185847 283.526329656 135.052410794 0.99609375
v 115.302384975 283.669282852 140.417250875 0.99609375
v 115.142906444 283.673859843 135.690365949 0.99609375
v 114.990081838 283.729552929 140.984857585 0.99609375
v 115.272077726 284.10426328 135.895091818 0.99609375
v 115.015013266 283.988085341 140.842856361 0.99609375
v 114.853352352 284.73421372 135.707287952 0.99609375
v 114.858618818 284.506002362 140.758506968 0.99609375
v 114.883779734 284.748785238 135.116801887 0.99609375
v 115.367321847 284.947754527 140.543253047 0.99609375
v 115.366922302 285.349060672 135.325872937 0.99609375
v 115.417926725 285.21652035 140.704683207 0.99609375
v 115.282009682 285.499518352 135.421267115 0.99609375
v 115.376103584 285.494793053 140.987925246 0.99609375
v 115.20998315 285.886710049 135.039428144 0.99609375
v 115.081122724 285.41808976 140.919537677 0.99609375
v 115.063979325 285.782469014 135.667328149 0.99609375
v 115.319498527 285.945952643 140.343701915 0.99609375
v 115.375451612 286.249725251 135.767161931 0.99609375
v 115.300383379 286.472038419 140.257148642 0.99609375
v 114.916458093 286.73589489 135.046457509 0.99609375
v 115.123795461 286.714256667 140.172251787 0.99609375
v 114.986045313 286.891362328 135.194549219 0.99609375
v 115.078055321 287.085874194 140.297115731 0.99609375
v 115.10362409 287.381300965 135.216363338 0.99609375
v 115.253499808 287.312694214 140.103864937 0.99609375
v 115.207104531 287.531736562 135.542275973 0.99609375
v 114.851533121 287.661639864 140.929087735 0.99609375
v 115.279890911 287.945954896 135.139641836 0.99609375
v 114.950974201 287.422831823 140.323516036 0.99609375
v 114.929690864 288.021061189 135.006054775 0.99609375
v 115.251035847 287.765993571 140.044745986 0.99609375
v 115.222056302 288.093011727 135.216985191 0.99609375
v 114.873283087 288.491259633 140.605858173 0.99609375
v 115.081574133 288.454292133 135.65402077 0.99609375
v 115.012227788 288.286632958 140.151421933 0.99609375
v 115.046909436 289.080966744 135.209750347 0.99609375
v 115.121760286 288.834980225 140.367675612 0.99609375
v 115.362133485 288.974089705 135.723909116 0.99609375
v 115.351512104 289.211376889 140.744221647 0.99609375
v 115.147686006 289.495200762 135.288526403 0.99609375
v 114.954493839 289.693546279 140.356223692 0.99609375
v 115.086581501 289.440405005 135.755270739 0.99609375
v 115.044347419 289.661080242 140.85704259 0.99609375
v 114.887099213 290.090472733 135.689684203 0.99609375
v 115.091958715 290.233112844 140.701117459 0.99609375
v 114.844932557 290.110740426 135.11042498 0.99609375
v 115.339959574 290.257213748 140.304088032 0.99609375
v 115.407424017 290.426492647 135.353839079 0.99609375
v 114.950918306 290.318337161 140.000619424 0.99609375
v 115.011194272 290.647943757 135.084211455 0.99609375
v 114.916547931 290.814135037 140.205243741 0.99609375
v 115.200725 291.229560715 135.718576468 0.99609375
v 115.05247307 291.099368289 140.882152975 0.99609375
v 115.102039681 291.196598401 135.748529055 0.99609375
v 115.195365011 291.32586237 140.593309345 0.99609375
v 114.878008255 292.016935945 135.40131863 0.99609375
v 115.356457348 291.981790065 140.333888642 0.99609375
v 115.003630242 291.779537653 135.999875916 0.99609375
v 114.991890867 292.205920717 140.790974121 0.99609375
v 115.038712885 292.160340735 135.779212647 0.99609375
v 115.243176362 292.341256899 140.475631556 0.99609375
v 115.171020439 292.514557372 135.850968577 0.99609375
v 115.18680577 292.827699353 140.473303314 0.99609375
v 115.114919985 292.63684853 135.254611776 0.99609375
v 114.97056717 292.668449679 139.996187581 0.99609375
v 115.01092488 293.166748187 135.672138642 0.99609375
v 115.167976898 293.042167954 139.607842353 0.99609375
v 115.382919673 293.28162909 135.295014972 0.99609375
v 114.951126129 293.470560877 140.01288253 0.99609375
v 115.219282116 293.489212787 135.242683827 0.99609375
v 115.00837252 293.702646681 140.492824959 0.99609375
v 114.993461081 294.02864635 135.768964219 0.99609375
v 114.871607415 294.069945254 140.481273808 0.99609375
v 115.09350644 294.230490899 135.049208288 0.99609375
v 114.879874907 294.296698624 140.498337938 0.99609375
v 115.180023925 294.613208312 135.806859112 0.99609375
v 115.278497472 294.69712407 140.333010521 0.99609375
v 114.995197397 295.002436162 135.300961554 0.99609375
v 115.199910804 294.83869506 139.915452133 0.99609375
v 115.007988121 295.450214297 135.16729026 0.99609375
v 115.341051603 295.172449212 139.865792547 0.99609375
v 115.146642371 295.705214697 135.985775558 0.99609375
v 115.140099316 295.399610731 140.211315987 0.99609375
v 115.047458403 295.756772691 135.006669751 0.99609375
v 115.189587356 295.78965424 139.77177715 0.99609375
v 115.375692461 295.836268478 135.66085767 0.99609375
v 115.029403184 296.182933565 139.96613774 0.99609375
v 114.845143306 296.194050558 135.442108191 0.99609375
v 115.309728998 296.269979489 139.753744606 0.99609375
v 115.288968817 296.723386608 135.097664385 0.99609375
v 114.965995898 296.771988343 139.705035122 0.99609375
v 114.951815645 297.23939624 135.010906859 0.99609375
v 115.234241825 296.714820977 140.019484613 0.99609375
v 115.19828011 297.43703017 135.672577601 0.99609375
v 115.020843709 297.493897048 140.101367851 0.99609375
v 115.273972772 297.466284664 135.946395333 0.99609375
v 115.307222949 297.31093244 140.253650994 0.99609375
v 115.156096496 297.565845992 135.065727297 0.99609375
v 115.076790894 297.621543197 140.138219011 0.99609375
v 115.262612936 298.356945597 135.72499913 0.99609375
v 115.178670684 298.204654182 139.987740401 0.99609375
v 114.94407423 298.493365108 135.243519014 0.99609375
v 115.187549456 298.169410448 140.211241776 0.99609375
v 115.303672248 298.805741887 135.868091723 0.99609375
v 115.161019164 298.461252435 140.306562196 0.99609375
v 114.989299638 299.09623971 135.26982519 0.99609375
v 114.860976939 299.070718998 139.847306863 0.99609375
v 115.139698155 299.012224703 135.040174274 0.99609375
v 115.156254902 299.414625255 140.023261632 0.99609375
v 114.996162774 299.685414586 135.87051787 0.99609375
v 115.330246548 299.664303852 139.844967074 0.99609375
v 114.898169925 300.009105182 135.138825573 0.99609375
v 115.081662181 299.854042247 139.666106594 0.99609375
v 114.985911308 299.936856271 135.152867492 0.99609375
v 115.246019606 300.047932826 139.803894445 0.99609375
v 115.355866158 300.671391691 135.772657057 0.99609375
v 115.176473364 300.199079687 139.308674711 0.99609375
v 115.141542516 300.586750559 135.653898306 0.99609375
v 115.076852039 300.620979491 139.650931221 0.99609375
v 114.991909465 300.943583173 135.327336318 0.99609375
v 115.151350821 301.181863099 139.578760938 0.99609375
v 115.151728158 301.335931024 135.15367259 0.99609375
v 115.028802278 301.11932195 139.649700131 0.99609375
v 115.15336859 301.837144743 135.690031944 0.99609375
v 115.384005963 301.337037878 139.313193523 0.99609375
v 115.385666259 301.811263107 135.344583687 0.99609375
v 115.284341712 302.124225956 139.83203437 0.99609375
v 114.902960738 302.204206949 135.91421021 0.99609375
v 115.071141627 302.36906491 139.771101021 0.99609375
v 114.890378327 302.377792626 135.674919037 0.99609375
v 115.151629343 302.353469547 139.613112883 0.99609375
v 114.961140301 302.752108482 135.827861365 0.99609375
v 114.968391077 302.541388663 139.297266554 0.99609375
v 115.264500905 303.134250154 135.569568534 0.99609375
v 115.05346619 302.968940978 139.96766976 0.99609375
v 115.390596292 303.366692285 135.740538813 0.99609375
v 115.221950112 303.244746078 139.797679392 0.99609375
v 115.056777691 303.456268879 135.519555565 0.99609375
v 115.085375886 303.761809053 139.183952298 0.99609375
v 115.418638693 304.07811805 135.656248992 0.99609375
v 115.188669254 304.054905138 139.163061589 0.99609375
v 114.916746051 304.234273766 137.060357857 0.99609375
v 114.946491083 304.401669552 139.597423911 0.99609375
v 115.297805451 276.075618264 140.891164669 0.99609375
v 115.265383532 276.536215175 139.959915333 0.99609375
v 115.703225924 276.352221307 140.613835374 0.99609375
v 115.535082111 276.573359708 135.256450433 0.99609375
v 115.54396288 276.651858118 140.167770918 0.99609375
v 115.448406148 276.763658285 135.114879225 0.99609375
v 115.683754404 277.237855339 140.63239638 0.99609375
v 115.167193325 277.328508607 135.4319959 0.99609375
v 115.392615539 277.275951019 140.374996305 0.99609375
v 115.438474124 277.408416661 135.468584987 0.99609375
v 115.185469782 277.512358616 140.88863667 0.99609375
v 115.242201574 277.705768982 135.233046181 0.99609375
v 115.556976614 278.093816116 140.97728886 0.99609375
v 115.194147775 277.829945749 135.425093727 0.99609375
v 115.543887181 277.961823299 140.772454235 0.99609375
v 115.508642369 278.397979343 135.335489659 0.99609375
v 115.414190299 278.450983637 140.911927363 0.99609375
v 115.464706246 278.749959243 135.629555405 0.99609375
v 115.235989612 278.873723681 140.057749158 0.99609375
v 115.625996866 279.150678167 135.426271914 0.99609375
v 115.152086399 279.253818593 140.686437097 0.99609375
v 115.322523738 279.186995704 135.773242695 0.99609375
v 115.448703367 279.425031346 140.148850642 0.99609375
v 115.324457713 279.825699206 135.427638754 0.99609375
v 115.294084353 279.316213075 140.282318788 0.99609375
v 115.206988631 279.724270248 135.449261986 0.99609375
v 115.695961966 279.781927825 140.348077487 0.99609375
v 115.359395173 280.275413697 135.366880244 0.99609375
v 115.393446513 280.181100807 140.722517009 0.99609375
v 115.585544935 280.448040699 135.445473464 0.99609375
v 115.402467866 280.255887548 140.586018553 0.99609375
v 115.666977769 280.944847128 135.800585494 0.99609375
v 115.516388451 280.692585398 140.567766413 0.99609375
v 115.396148801 280.962725418 135.901528169 0.99609375
v 115.663646306 281.277526902 140.173993092 0.99609375
v 115.488069248 281.063282415 135.055649632 0.99609375
v 115.208699748 281.499828911 140.586012206 0.99609375
v 115.413065629 281.604156739 135.52308912 0.99609375
v 115.607346658 281.690915027 140.065980358 0.99609375
v 115.675374436 281.79927262 135.332164909 0.99609375
v 115.656456604 281.757846985 140.717361259 0.99609375
v 115.240377769 282.358477037 135.103215861 0.99609375
v 115.389573074 282.171066194 140.58734542 0.99609375
v 115.355573301 282.506543891 135.413410935 0.99609375
v 115.186133792 282.555025433 140.771901636 0.99609375
v 115.180020439 282.840345246 135.110183287 0.99609375
v 115.596822628 282.542202097 140.282064895 0.99609375
v 115.323443948 282.863705128 135.047147674 0.99609375
v 115.133252276 282.891315908 140.92437419 0.99609375
v 115.3894219 283.433377788 135.963914376 0.99609375
v 115.20673899 283.131461016 140.358271894 0.99609375
v 115.164484638 283.533038422 135.441743421 0.99609375
v 115.6717802 283.89318319 140.898984968 0.99609375
v 115.292874276 283.896782838 135.242759275 0.99609375
v 115.220902904 283.986502842 140.287402751 0.99609375
v 115.618961508 283.982158841 135.673143002 0.99609375
v 115.604816028 284.442569685 140.064924747 0.99609375
v 115.429493785 284.342519324 135.037852948 0.99609375
v 115.348919663 284.451749606 140.023782054 0.99609375
v 115.235520061 284.709568022 135.598146979 0.99609375
v 115.133102393 284.601008376 140.11975983 0.99609375
v 115.366165061 285.165007532 135.561093912 0.99609375
v 115.213539716 285.038058036 140.613772606 0.99609375
v 115.347893489 285.550201723 135.344446302 0.99609375
v 115.183953636 285.387708413 140.347676268 0.99609375
v 115.24608492 285.842210201 135.203701704 0.99609375
v 115.589265104 285.886848869 140.995473453 0.99609375
v 115.594755311 285.974447288 135.143494939 0.99609375
v 115.148135381 286.17763202 140.642630457 0.99609375
v 115.441479487 286.034469003 135.591209258 0.99609375
v 115.326012263 286.215904895 140.011019522 0.99609375
v 115.560553645 286.570763303 135.647385282 0.99609375
v 115.70160666 286.501952971 140.309966572 0.99609375
v 115.689229315 286.789127313 135.489158348 0.99609375
v 115.294015326 287.055403996 140.489535869 0.99609375
v 115.571219193 287.072119902 135.925108271 0.99609375
v 115.598727682 286.939182641 140.155807029 0.99609375
v 115.141210662 287.107370799 135.959189992 0.99609375
v 115.267031331 287.378469285 140.286823949 0.99609375
v 115.64739581 287.568521934 135.614134061 0.99609375
v 115.255198089 287.605268535 140.838312411 0.99609375
v 115.653041901 287.702992261 135.595885208 0.99609375
v 115.301405448 287.919558062 140.566512125 0.99609375
v 115.55477368 288.392816028 135.998691851 0.99609375
v 115.653437068 288.333350422 140.875198543 0.99609375
v 115.241064928 288.296652043 135.705117664 0.99609375
v 115.138142082 288.493088844 140.973198556 0.99609375
v 115.341902886 288.636015025 135.581448039 0.99609375
v 115.177460438 288.892175718 140.799973777 0.99609375
v 115.412629775 288.911602666 135.455940382 0.99609375
v 115.305424998 289.156691837 140.575491981 0.99609375
v 115.559902543 289.157772282 135.200533463 0.99609375
v 115.541930109 289.70635083 140.3505251 0.99609375
v 115.538206873 289.664926986 135.00658164 0.99609375
v 115.605134745 289.457345454 140.897135058 0.99609375
v 115.692484051 290.054459332 135.986893852 0.99609375
v 115.286533278 290.067993561 140.034403281 0.99609375
v 115.29604919 290.26239165 135.457595026 0.99609375
v 115.251039841 290.415512281 140.672599086 0.99609375
v 115.450295352 290.843942094 135.794572358 0.99609375
v 115.250302796 290.758902504 140.442075267 0.99609375
v 115.506137308 290.938531476 135.813634626 0.99609375
v 115.694305875 290.727255225 140.560634582 0.99609375
v 115.677538045 291.121146447 135.657192632 0.99609375
v 115.601104076 291.360432209 140.897222957 0.99609375
v 115.414479199 291.325048154 135.576318057 0.99609375
v 115.339508389 291.397865403 140.936736098 0.99609375
v 115.564656536 291.717967745 135.984097917 0.99609375
v 115.6973075 291.676947724 140.961097123 0.99609375
v 115.647496103 292.093522519 135.889450969 0.99609375
v 115.686265027 291.812972928 140.983541731 0.99609375
v 115.663129437 292.201326178 135.105831428 0.99609375
v 115.308551491 292.567737667 140.612464927 0.99609375
v 115.285680668 292.864398638 135.18831193 0.99609375
v 115.686655332 292.746738694 140.194559354 0.99609375
v 115.540624801 292.826178938 135.54864878 0.99609375
v 115.383145303 292.985149064 140.399884749 0.99609375
v 115.670853963 293.12358826 135.337922324 0.99609375
v 115.268823533 292.909070058 140.260544821 0.99609375
v 115.702264406 293.629593086 135.051468808 0.99609375
v 115.68928021 293.739269407 140.154434007 0.99609375
v 115.678799153 293.552923259 135.340202348 0.99609375
v 115.502827496 293.916089914 140.936463217 0.99609375
v 115.366691772 294.056851966 135.261346955 0.99609375
v 115.629584891 294.344946963 140.366860444 0.99609375
v 115.173518054 294.532072228 135.401733018 0.99609375
v 115.54849159 294.23923417 139.707271547 0.99609375
v 115.647009404 294.667624738 135.098527518 0.99609375
v 115.458347406 294.855404681 140.043168747 0.99609375
v 115.386014144 294.936815013 135.196945027 0.99609375
v 115.134755017 295.061756126 140.116757936 0.99609375
v 115.2542489 295.217083981 135.255403054 0.99609375
v 115.266818624 295.283831496 140.287074458 0.99609375
v 115.170274172 295.362703148 135.657760846 0.99609375
v 115.292679036 295.530610144 140.009813251 0.99609375
v 115.682698659 295.744841032 135.745241613 0.99609375
v 115.54553722 295.636981132 140.260362752 0.99609375
v 115.520933616 296.033459113 135.446853608 0.99609375
v 115.130671338 296.360889244 139.941590873 0.99609375
v 115.431989393 296.371143089 135.292083633 0.99609375
v 115.285115839 296.173813619 139.881619124 0.99609375
v 115.625355553 296.411125866 135.858861744 0.99609375
v 115.664790677 296.952558561 140.339633678 0.99609375
v 115.318743557 297.091288228 135.168987091 0.99609375
v 115.468714918 296.890042129 139.686362731 0.99609375
v 115.295508712 297.089177828 135.046186246 0.99609375
v 115.337441365 297.305486819 139.564338662 0.99609375
v 115.265822058 297.684364702 135.289633719 0.99609375
v 115.616623725 297.612887437 140.47563384 0.99609375
v 115.472580035 297.726756944 135.520204479 0.99609375
v 115.636543452 297.687257311 139.982598069 0.99609375
v 115.158462113 297.875776053 135.790541418 0.99609375
v 115.283821551 297.994042771 140.182346574 0.99609375
v 115.251264166 298.264089174 135.372020839 0.99609375
v 115.513580456 298.252833018 139.749907402 0.99609375
v 115.660078642 298.684214666 135.700987475 0.99609375
v 115.570796834 298.978114498 139.930605001 0.99609375
v 115.130783126 298.701384605 135.91771873 0.99609375
v 115.175094907 299.009098082 140.327770225 0.99609375
v 115.258583599 299.12656574 135.168576435 0.99609375
v 115.34085382 299.121765039 139.631544529 0.99609375
v 115.243573336 299.580807072 135.015019204 0.99609375
v 115.323453316 299.578148335 140.064186391 0.99609375
v 115.536179976 299.843725907 135.936360017 0.99609375
v 115.693317039 299.956799613 140.39268987 0.99609375
v 115.650693035 300.332505225 135.73710737 0.99609375
v 115.318386865 300.086669362 140.201652198 0.99609375
v 115.143536889 300.713850115 135.923059813 0.99609375
v 115.445379295 300.471919208 139.899120375 0.99609375
v 115.205180304 300.841692675 135.784421899 0.99609375
v 115.535929191 300.854690394 139.832507731 0.99609375
v 115.176819313 300.830074179 135.136709111 0.99609375
v 115.656787631 300.878547429 140.043211189 0.99609375
v 115.612704176 301.202786649 135.484641163 0.99609375
v 115.643965514 301.083844822 140.250704153 0.99609375
v 115.377457518 301.857305356 135.493850742 0.99609375
v 115.187753472 301.42458084 139.660394575 0.99609375
v 115.283197962 301.700358124 135.13890397 0.99609375
v 115.559249449 302.080062399 139.298548976 0.99609375
v 115.258214615 302.334103406 135.60981455 0.99609375
v 115.593354024 302.157515978 139.410437916 0.99609375
v 115.539033907 302.537299277 135.289048601 0.99609375
v 115.552711154 302.5002478 139.280654271 0.99609375
v 115.397107283 302.54736037 135.380227549 0.99609375
v 115.517870292 302.5718958 139.617132408 0.99609375
v 115.619953119 303.246192298 135.971126844 0.99609375
v 115.545322445 303.338523855 139.187783033 0.99609375
v 115.581946835 303.111582837 135.750953104 0.99609375
v 115.68220496 303.417953454 139.671647687 0.99609375
v 115.276546268 303.741564829 135.028360702 0.99609375
v 115.478240365 303.686232453 139.70846019 0.99609375
v 115.384332207 303.755193683 135.910940419 0.99609375
v 115.557402938 303.689998947 139.524284418 0.99609375
v 115.220830002 304.030590327 137.446599022 0.99609375
v 115.270057382 303.993136047 139.441908783 0.99609375
v 115.458061391 275.944276324 140.427614916 0.99609375
v 115.618162859 276.518767493 139.842426946 0.99609375
v 115.493094018 276.194026265 140.059264393 0.99609375
v 115.816666114 276.485687539 134.917878618 0.99609375
v 115.451404525 276.460217209 140.1640115 0.99609375
v 115.635054709 277.109274573 134.65914159 0.99609375
v 115.826583374 276.869334425 140.611705012 0.99609375
v 115.913473833 277.364750877 135.299691603 0.99609375
v 115.556264592 277.294708987 140.549472091 0.99609375
v 115.779275985 277.315188858 134.988922513 0.99609375
v 115.981492294 277.511781671 140.371011764 0.99609375
v 115.721499927 277.712856729 135.918710089 0.99609375
v 115.53698075 277.94530666 140.961879968 0.99609375
v 115.923685538 278.119551351 135.218208267 0.99609375
v 115.753627087 278.112597916 140.093546591 0.99609375
v 115.918457452 278.167448089 135.703784075 0.99609375
v 115.420665769 278.206108763 140.293179093 0.99609375
v 115.780719526 278.589428463 135.962821757 0.99609375
v 115.586056508 278.692563352 140.510572509 0.99609375
v 115.961640963 279.120027011 135.558906886 0.99609375
v 115.461249169 278.711118529 140.45325431 0.99609375
v 115.717638912 279.41519551 135.055350269 0.99609375
v 115.663140129 279.215014131 140.803327039 0.99609375
v 115.634119021 279.510047459 135.255293598 0.99609375
v 115.515881305 279.799018613 140.28026583 0.99609375
v 115.525616844 279.682793693 135.175484167 0.99609375
v 115.496411813 279.790508952 140.365671911 0.99609375
v 115.717070795 280.185549194 135.378727834 0.99609375
v 115.685505126 279.979185527 140.830047216 0.99609375
v 115.886996711 280.688938235 135.527731525 0.99609375
v 115.515057555 280.596875154 140.834731462 0.99609375
v 115.49898472 280.628721232 135.842363981 0.99609375
v 115.825990148 280.516674246 140.23721936 0.99609375
v 115.515417816 280.867382449 135.718350585 0.99609375
v 115.817793422 281.090159006 140.067147287 0.99609375
v 115.549182136 281.526272953 135.599078018 0.99609375
v 115.555924489 281.152961276 140.219627131 0.99609375
v 115.826604409 281.745330722 135.264299808 0.99609375
v 115.633924304 281.506933028 140.947166106 0.99609375
v 115.735361978 282.092289902 135.457229984 0.99609375
v 115.615436752 282.12307783 140.680863965 0.99609375
v 115.81713167 282.297200241 135.767101187 0.99609375
v 115.680575007 282.07291831 140.487442385 0.99609375
v 115.920563234 282.268142253 135.64144422 0.99609375
v 115.790383639 282.652875352 140.101560342 0.99609375
v 115.530064827 282.696444924 135.352805499 0.99609375
v 115.486332739 282.900355859 140.435236991 0.99609375
v 115.518093477 283.295819666 135.417016435 0.99609375
v 115.994584518 282.77752482 140.400870827 0.99609375
v 115.726227762 283.472881446 135.484520901 0.99609375
v 115.45998976 283.365171141 140.525566415 0.99609375
v 115.518346188 283.907462342 135.901669219 0.99609375
v 115.439673216 283.88100954 140.1403704 0.99609375
v 115.486116757 283.954536277 135.180750096 0.99609375
v 115.585047693 283.733924712 140.173185254 0.99609375
v 115.505498905 284.042473569 135.664781431 0.99609375
v 115.537151147 284.149814355 140.741103011 0.99609375
v 115.784548233 284.575679235 135.256304709 0.99609375
v 115.548840097 284.384438314 140.208205537 0.99609375
v 115.58750021 284.503271875 135.677678335 0.99609375
v 115.856002166 284.826860229 140.479514136 0.99609375
v 115.742442125 284.896027144 135.90826719 0.99609375
v 115.546955031 285.090750661 140.274343921 0.99609375
v 115.720392939 285.621373839 135.805047757 0.99609375
v 115.632559478 285.245834044 140.278767752 0.99609375
v 115.559996443 285.645602629 135.326130991 0.99609375
v 115.625602804 285.426007827 140.286111982 0.99609375
v 115.696814142 285.902728023 135.979717153 0.99609375
v 115.798532209 285.751914238 140.889594827 0.99609375
v 115.554082749 286.227322928 135.842947784 0.99609375
v 115.930451365 285.958576622 140.132177948 0.99609375
v 115.980729456 286.248263391 135.919134319 0.99609375
v 115.724079381 286.377373816 140.561609364 0.99609375
v 115.462992955 286.929719258 135.074492847 0.99609375
v 115.840370917 286.690899128 140.040093448 0.99609375
v 115.490530055 286.821672216 135.172881676 0.99609375
v 115.433467525 287.065201941 140.093705138 0.99609375
v 115.628019205 287.240066066 135.688889025 0.99609375
v 115.716100036 287.408677518 140.911498301 0.99609375
v 115.917696812 287.817733705 135.728021132 0.99609375
v 115.926710487 287.911005938 140.010572664 0.99609375
v 115.971337091 287.757493811 135.174407839 0.99609375
v 115.834345881 287.74924646 140.80392663 0.99609375
v 115.46404091 288.012588167 135.774481187 0.99609375
v 115.955369592 288.004246381 140.341293015 0.99609375
v 115.719533769 288.288091354 135.077155753 0.99609375
v 115.942613463 288.702905562 140.912301837 0.99609375
v 115.933518266 288.837824085 135.069083179 0.99609375
v 115.631331613 288.845699032 140.685814292 0.99609375
v 115.886902474 289.380592314 135.535953334 0.99609375
v 115.793068643 289.181906725 140.97302518 0.99609375
v 115.886761429 289.493955539 135.920585974 0.99609375
v 115.911363685 289.440170349 140.13652974 0.99609375
v 115.824091134 289.478162668 135.852937635 0.99609375
v 115.985769703 289.583202197 140.434046277 0.99609375
v 115.485401986 289.843290179 135.941154386 0.99609375
v 115.696779522 289.828310079 140.226049646 0.99609375
v 115.559297423 290.229199435 135.571276876 0.99609375
v 115.778848188 290.221545082 140.571283431 0.99609375
v 115.796534821 290.83142402 135.732250021 0.99609375
v 115.557402518 290.634300698 140.051526893 0.99609375
v 115.925047431 291.086941993 135.087449108 0.99609375
v 115.71390452 290.891370253 140.939760115 0.99609375
v 115.665861377 291.262931026 135.943393915 0.99609375
v 115.563670713 291.113177344 140.64345801 0.99609375
v 115.919015259 291.429267125 135.969364463 0.99609375
v 115.967501787 291.508410102 140.626864622 0.99609375
v 115.622041736 291.542737082 135.533529283 0.99609375
v 115.844988877 291.647831812 140.907561508 0.99609375
v 115.977944631 292.009043116 135.341325547 0.99609375
v 115.463574052 291.967453594 140.060952806 0.99609375
v 115.483649114 292.545898702 135.030827098 0.99609375
v 115.844056102 292.293212371 140.39520753 0.99609375
v 115.942303237 292.573478041 135.490102144 0.99609375
v 115.891858568 292.51529349 140.900697688 0.99609375
v 115.667164257 292.691601221 135.025291621 0.99609375
v 115.801053698 292.888882495 140.021482836 0.99609375
v 115.881445359 292.946317622 135.917011343 0.99609375
v 115.555255515 293.326606583 140.100536693 0.99609375
v 115.900784687 293.675172121 135.350517101 0.99609375
v 115.687000854 293.677388781 140.155871682 0.99609375
v 115.778864032 293.772990181 135.858776704 0.99609375
v 115.529269853 293.85639687 140.131426252 0.99609375
v 115.565183535 293.783039255 135.84445776 0.99609375
v 115.999455784 294.102426985 140.058858169 0.99609375
v 115.95623301 294.284175025 135.94491334 0.99609375
v 115.656941014 294.229120586 140.986107338 0.99609375
v 115.631531074 294.656748613 135.427051905 0.99609375
v 115.472070397 294.615687006 140.012924302 0.99609375
v 115.71990595 295.060824045 135.396338284 0.99609375
v 115.9133854 294.959687078 140.336953282 0.99609375
v 115.470995623 295.418415226 135.372828494 0.99609375
v 115.533344783 295.216799537 140.791028207 0.99609375
v 115.460588578 295.307529934 135.696552653 0.99609375
v 115.787527877 295.471632808 140.712598605 0.99609375
v 115.605688192 295.795810796 135.274066214 0.99609375
v 115.611875588 295.751340835 140.460616958 0.99609375
v 115.473563505 296.348180059 135.238770165 0.99609375
v 115.791730912 296.13674987 140.955099664 0.99609375
v 115.476718879 296.100724846 135.760580945 0.99609375
v 115.794447397 296.361872852 140.810169135 0.99609375
v 115.681675033 296.700434757 135.884565476 0.99609375
v 115.556032234 296.667192489 140.109896042 0.99609375
v 115.45395674 296.766960686 135.996399743 0.99609375
v 115.91513252 296.819511416 140.227790424 0.99609375
v 115.736872024 297.035940345 135.824288776 0.99609375
v 115.907620219 297.468159491 140.08382624 0.99609375
v 115.71046224 297.55750521 135.869115575 0.99609375
v 115.941896897 297.305126141 140.164836584 0.99609375
v 115.901525889 298.060194219 135.092011119 0.99609375
v 115.501639577 297.929966747 139.801975675 0.99609375
v 115.48039609 298.036171342 135.57889915 0.99609375
v 115.904522621 298.179769184 139.996566699 0.99609375
v 115.552854989 298.673971552 135.334260047 0.99609375
v 115.83240763 298.337807824 140.196342263 0.99609375
v 115.517112249 298.724218781 135.628714193 0.99609375
v 115.50299709 298.869843648 139.638922841 0.99609375
v 115.868727641 299.09588772 135.278934504 0.99609375
v 115.829939934 299.270778679 140.022856581 0.99609375
v 115.499710808 299.311925877 135.712603515 0.99609375
v 115.706157689 299.149088771 140.178257042 0.99609375
v 115.481052747 299.80912171 135.111321079 0.99609375
v 115.799457244 299.604372602 140.114095735 0.99609375
v 115.450309152 299.793927864 135.244816773 0.99609375
v 115.934074675 299.62102109 139.857773391 0.99609375
v 115.556481231 300.023548495 135.811720022 0.99609375
v 115.42476475 299.877093477 139.65060152 0.99609375
v 115.579868223 300.467923733 135.341535101 0.99609375
v 115.756565887 300.30193085 139.947050463 0.99609375
v 115.846758727 300.544269027 135.127684361 0.99609375
v 115.973301722 300.958811571 140.456575004 0.99609375
v 115.93544333 301.012523833 135.59399925 0.99609375
v 115.639009991 300.884494122 140.288545595 0.99609375
v 115.586623665 301.071863296 135.091903541 0.99609375
v 115.588190335 301.588971892 139.739793398 0.99609375
v 115.521923374 301.357681664 135.955617136 0.99609375
v 115.962812304 301.374898742 139.91339088 0.99609375
v 115.845818771 301.60639241 135.709645517 0.99609375
v 115.89405655 302.035127182 140.487481683 0.99609375
v 115.442889396 301.897639096 135.810268542 0.99609375
v 115.765265929 302.301556241 140.332965107 0.99609375
v 115.988980032 302.686236365 135.22088871 0.99609375
v 115.585297312 302.620524992 140.061468912 0.99609375
v 115.938669304 302.59150552 135.232199005 0.99609375
v 115.906383494 302.927147127 140.455448002 0.99609375
v 115.942621381 303.284906632 135.549810496 0.99609375
v 115.721462846 303.077527831 140.208785629 0.99609375
v 115.805511375 303.230643991 135.634927035 0.99609375
v 115.84182792 303.285612535 139.997340874 0.99609375
v 115.512189088 303.571257072 135.126659085 0.99609375
v 115.837422447 303.677364378 140.099811175 0.99609375
v 115.732312858 304.032908375 136.439882902 0.99609375
v 115.420293869 303.691311733 139.384706776 0.99609375
v 115.748530986 304.322436971 137.605507477 0.99609375
v 115.676243177 303.975426209 139.362715678 0.99609375
v 116.041948741 276.34599745 140.780325711 0.99609375
v 116.195518796 276.136459303 139.744525984 0.99609375
v 116.262013192 276.540738488 140.111032651 0.99609375
v 115.91354296 276.416142735 134.687690833 0.99609375
v 115.711286379 276.778662576 140.216595765 0.99609375
v 116.215866455 276.935462371 135.057451353 0.99609375
v 115.754309217 276.761477106 140.103902002 0.99609375
v 115.853530289 277.456251703 134.639213474 0.99609375
v 116.08500817 277.50956305 140.148505752 0.99609375
v 116.180983928 277.737688882 134.862214791 0.99609375
v 115.711180316 277.521312186 140.951662665 0.99609375
v 115.952535966 277.936915799 135.557279677 0.99609375
v 115.788560371 277.683655768 140.408127133 0.99609375
v 116.245490341 277.945814108 135.969521183 0.99609375
v 115.912469736 277.825075208 140.421813044 0.99609375
v 115.9992656 278.556451937 135.647517407 0.99609375
v 115.847590293 278.204313103 140.938780941 0.99609375
v 116.023694428 278.931389978 135.88491153 0.99609375
v 116.284453141 278.770235948 140.415790183 0.99609375
v 116.020883201 278.953493637 135.95591729 0.99609375
v 116.185067051 279.234529003 140.465715934 0.99609375
v 115.753548663 279.159617598 135.501444673 0.99609375
v 115.93458154 279.283155553 140.296185458 0.99609375
v 115.865335093 279.3020195 135.619461117 0.99609375
v 115.887115346 279.27701597 140.344110505 0.99609375
v 116.104717285 279.824940644 135.883898884 0.99609375
v 116.133951723 279.798801351 140.674325627 0.99609375
v 115.97885737 280.304612491 135.824095785 0.99609375
v 116.231318398 279.894327336 140.941259293 0.99609375
v 116.110111344 280.161452577 135.481205058 0.99609375
v 116.025035671 280.608166873 140.310420949 0.99609375
v 115.766918092 280.472722829 135.480952126 0.99609375
v 115.872823683 280.432997145 140.869267943 0.99609375
v 116.119487693 280.848410309 135.190791139 0.99609375
v 116.176593977 281.009723564 140.835261113 0.99609375
v 115.852870683 281.013123302 135.939663739 0.99609375
v 115.734137404 281.280618015 140.286203385 0.99609375
v 115.931106628 281.633825317 135.315196413 0.99609375
v 116.067795566 281.537985035 140.434975975 0.99609375
v 116.104093981 282.119339965 135.590554283 0.99609375
v 115.720903112 282.163494751 140.089550278 0.99609375
v 115.998211517 282.445894626 135.15962785 0.99609375
v 115.972914273 282.157740411 140.157978789 0.99609375
v 115.711646366 282.471463975 135.567568263 0.99609375
v 116.047730696 282.38241581 140.728117486 0.99609375
v 115.715636706 282.505273554 135.820770253 0.99609375
v 115.760043184 283.028382328 140.416909412 0.99609375
v 115.895698335 282.911730067 135.686403026 0.99609375
v 115.828868388 282.856951386 140.770903348 0.99609375
v 116.052025201 283.614555739 135.34276815 0.99609375
v 115.896553072 283.558032225 140.453945865 0.99609375
v 116.070357599 283.441158882 135.910022331 0.99609375
v 116.233992572 283.581874991 140.955808918 0.99609375
v 116.208301772 284.101070067 135.453343616 0.99609375
v 116.035519741 284.102310232 140.990942894 0.99609375
v 116.285508519 284.090942469 135.271142985 0.99609375
v 116.01153431 284.20391162 140.049824782 0.99609375
v 116.032629137 284.692668564 135.48339936 0.99609375
v 116.053811809 284.285050858 140.688329344 0.99609375
v 116.204464858 284.873728446 135.888165878 0.99609375
v 116.109402175 284.979812234 140.570929861 0.99609375
v 115.812153748 285.27181761 135.465626812 0.99609375
v 116.059012858 284.92327691 140.71953086 0.99609375
v 116.07116605 285.353424067 135.974744479 0.99609375
v 115.938468001 285.508364346 140.542856031 0.99609375
v 116.03528919 285.782157834 135.822829301 0.99609375
v 116.043715709 285.701061438 140.912848451 0.99609375
v 116.016253757 286.130374917 135.646649516 0.99609375
v 115.819844784 285.947556045 140.706568558 0.99609375
v 116.283638636 286.249044385 135.122751811 0.99609375
v 115.935761344 285.968808816 140.250808566 0.99609375
v 115.829808115 286.280254479 135.100579359 0.99609375
v 115.851898459 286.587267066 140.677158983 0.99609375
v 116.099776998 286.92330143 135.972019312 0.99609375
v 115.884761892 286.682305602 140.560536452 0.99609375
v 115.951000396 287.326047181 135.515212996 0.99609375
v 116.222499631 287.31818904 140.316938367 0.99609375
v 115.989546108 287.489059987 135.008757853 0.99609375
v 116.287867687 287.206299837 140.841963573 0.99609375
v 115.998604666 287.757100855 135.019650402 0.99609375
v 115.88429391 287.409124121 140.410453282 0.99609375
v 116.160534367 287.981020145 135.756596541 0.99609375
v 115.794160686 288.116802293 140.91086234 0.99609375
v 116.28307195 288.01127014 135.484924377 0.99609375
v 116.024946015 288.291455726 140.708306626 0.99609375
v 116.022479046 288.447259076 135.651940602 0.99609375
v 115.966306253 288.473415213 140.054488654 0.99609375
v 115.793435007 288.637425499 135.556987391 0.99609375
v 116.166083393 288.771112451 140.881470579 0.99609375
v 115.816289438 288.887875945 135.033158471 0.99609375
v 115.927527805 289.381606892 140.540701789 0.99609375
v 116.012205653 289.402290282 135.62507512 0.99609375
v 115.878194321 289.590753967 140.125703363 0.99609375
v 115.783458997 289.605295356 135.6464901 0.99609375
v 116.156311083 289.584557043 140.353654194 0.99609375
v 116.029059484 289.919413495 135.191023788 0.99609375
v 115.820386424 289.834261365 140.914494233 0.99609375
v 116.104803547 290.363828135 135.308867844 0.99609375
v 115.8878349 290.403911449 140.773839834 0.99609375
v 116.281818167 290.537635111 135.674154893 0.99609375
v 115.730351217 290.304542695 140.52996964 0.99609375
v 116.071734178 290.580475354 135.404012128 0.99609375
v 115.726728382 290.800809293 140.043613523 0.99609375
v 116.029586331 291.428545054 135.078479539 0.99609375
v 116.135059785 290.942434198 140.005627666 0.99609375
v 115.76422204 291.44380484 135.900591184 0.99609375
v 115.771872281 291.429083934 140.24276872 0.99609375
v 115.720169207 291.556620151 135.444237323 0.99609375
v 115.926648389 291.970589855 140.091833952 0.99609375
v 115.898621772 291.805359093 135.832512461 0.99609375
v 116.177766024 292.233670834 140.007796098 0.99609375
v 116.092924663 292.195298194 135.623348833 0.99609375
v 116.264540825 292.545258308 140.953690428 0.99609375
v 115.731910561 292.362372304 135.608998837 0.99609375
v 115.921615515 292.485338246 140.808569313 0.99609375
v 116.074065475 292.746341608 135.217576684 0.99609375
v 116.05632572 292.999133786 140.889975645 0.99609375
v 116.246641108 293.293398289 135.89072528 0.99609375
v 116.235009644 293.333061455 140.9101458 0.99609375
v 116.040548019 293.253783363 135.706015794 0.99609375
v 116.126322346 293.295733117 140.125519587 0.99609375
v 115.974429487 293.608756835 135.353278098 0.99609375
v 115.991812556 293.819126753 140.392837945 0.99609375
v 116.119766022 294.111900947 135.891473454 0.99609375
v 115.830059608 293.944513717 140.566596023 0.99609375
v 115.94360867 294.628081379 135.706664921 0.99609375
v 115.809124865 294.298683747 140.816834424 0.99609375
v 115.913952892 294.416954054 135.328523318 0.99609375
v 116.092777927 294.506693069 140.14790805 0.99609375
v 116.03192642 295.149295199 135.074555079 0.99609375
v 115.859278406 295.139563393 140.429075871 0.99609375
v 115.760006856 294.93891939 135.689408721 0.99609375
v 116.215247086 295.300088357 140.786392276 0.99609375
v 116.006563224 295.361537999 135.808496332 0.99609375
v 116.021389888 295.230456672 140.54269663 0.99609375
v 115.863702007 295.770079828 135.982266591 0.99609375
v 116.090129237 295.945417753 140.002254617 0.99609375
v 115.782909157 295.977588655 135.827776573 0.99609375
v 116.155703965 296.031925303 140.17859401 0.99609375
v 116.033380915 296.633676138 135.843124939 0.99609375
v 116.191444712 296.644469767 140.828679974 0.99609375
v 116.152308187 296.706656703 135.921327197 0.99609375
v 115.863382366 296.732058449 140.709049622 0.99609375
v 116.171207797 297.075550205 135.468254018 0.99609375
v 116.064406269 296.818741133 140.731017661 0.99609375
v 116.109954993 297.298871711 135.797321959 0.99609375
v 115.766372872 297.27593355 140.814733304 0.99609375
v 115.990383185 297.762867843 135.806696389 0.99609375
v 116.038177611 297.614520912 140.581335504 0.99609375
v 115.787584597 297.896874668 135.46578457 0.99609375
v 115.839763325 298.111301093 140.781259125 0.99609375
v 116.081631489 298.001751753 135.71183016 0.99609375
v 115.849259209 297.851433123 140.310442604 0.99609375
v 115.921037795 298.534809296 135.458579248 0.99609375
v 115.972120483 298.642725244 140.669735091 0.99609375
v 115.791177728 298.664667067 135.079977911 0.99609375
v 116.220475417 298.725019918 140.717612864 0.99609375
v 115.865137624 298.862133193 135.916468149 0.99609375
v 116.044392773 299.237262279 140.31838853 0.99609375
v 116.230661262 299.195960933 135.747297623 0.99609375
v 116.095765871 299.40679761 140.297622239 0.99609375
v 116.092186998 299.42721351 135.338909241 0.99609375
v 116.080670882 299.570004933 139.954802829 0.99609375
v 116.042225924 299.74207522 135.764629846 0.99609375
v 115.727192282 299.699625739 140.212320846 0.99609375
v 115.970853023 300.176380201 135.065674007 0.99609375
v 116.124900919 300.336010797 139.929428146 0.99609375
v 115.962252771 300.508332801 135.813249828 0.99609375
v 115.934426192 300.624295612 139.722278881 0.99609375
v 116.21654589 300.583942446 135.8940166 0.99609375
v 116.238944393 300.583435746 140.404168399 0.99609375
v 116.191850112 300.845606764 135.223885808 0.99609375
v 115.918213138 300.797803997 139.703320003 0.99609375
v 115.74212834 301.193616388 135.792740223 0.99609375
v 115.889631133 301.402724181 139.910478746 0.99609375
v 115.858672386 301.792350177 135.773144101 0.99609375
v 115.904230706 301.541533589 139.582758874 0.99609375
v 115.905648818 302.03318129 135.519315439 0.99609375
v 116.210808359 301.630603065 140.26355928 0.99609375
v 116.078448887 302.118561135 135.974004532 0.99609375
v 115.797065983 301.928411583 140.47981234 0.99609375
v 115.759250323 302.737864045 135.314500487 0.99609375
v 116.106205085 302.498013295 140.226955407 0.99609375
v 116.166775182 302.506817297 135.775696743 0.99609375
v 116.170329139 303.026043862 139.579957224 0.99609375
v 115.925382771 302.906112787 135.402476906 0.99609375
v 116.073003792 303.045822772 140.228591979 0.99609375
v 115.903915887 303.076970567 135.292565953 0.99609375
v 115.967213891 303.396944248 140.129429098 0.99609375
v 116.171439461 303.823517562 135.217779277 0.99609375
v 116.00976721 303.709530368 140.379725874 0.99609375
v 116.218608679 304.126602172 136.31713807 0.99609375
v 115.81338702 303.945034773 140.264660706 0.99609375
v 116.072826174 304.004493479 137.864613375 0.99609375
v 116.274155693 304.387035758 140.455755675 0.99609375
v 116.508504256 276.111492737 140.503694147 0.99609375
v 116.236176302 276.525075507 139.084804907 0.99609375
v 116.285698629 276.158886711 140.543714635 0.99609375
v 116.121469328 276.454660426 134.702584263 0.99609375
v 116.288248296 276.442079957 140.928673503 0.99609375
v 116.302957019 276.767917921 134.87750363 0.99609375
v 116.141066264 277.017179076 140.662966507 0.99609375
v 116.545440069 277.002775583 135.130436491 0.99609375
v 116.241321635 277.164419022 140.613217187 0.99609375
v 116.304953724 277.710828914 135.264811739 0.99609375
v 116.273818491 277.747848601 140.945018637 0.99609375
v 116.243035913 278.074322268 135.349507657 0.99609375
v 116.079397997 277.861798393 140.726288894 0.99609375
v 116.206678406 277.923353001 135.295245585 0.99609375
v 116.294034426 277.952315357 140.092642189 0.99609375
v 116.117680278 278.276540696 135.807813435 0.99609375
v 116.520927163 278.339633569 140.792268805 0.99609375
v 116.158530567 278.864599777 135.982288499 0.99609375
v 116.529241526 278.893906217 140.73409663 0.99609375
v 116.382262945 278.948102774 135.664602486 0.99609375
v 116.046854553 279.17101394 140.491977924 0.99609375
v 116.064552899 279.451392473 135.594320687 0.99609375
v 116.555181475 279.205534906 140.215247398 0.99609375
v 116.180559863 279.671797608 135.038299726 0.99609375
v 116.477910526 279.658056289 140.105810788 0.99609375
v 116.339596221 279.925052568 135.918980078 0.99609375
v 116.178368039 279.999220659 140.266552359 0.99609375
v 116.020573849 280.369761275 135.232830386 0.99609375
v 116.202820669 279.882209238 140.472085769 0.99609375
v 116.008927758 280.356052904 135.682169426 0.99609375
v 116.330501416 280.282095376 140.154392325 0.99609375
v 116.269896651 280.886145741 135.453354175 0.99609375
v 116.260358531 280.898315982 140.567926505 0.99609375
v 116.356027721 280.802560218 135.914154666 0.99609375
v 116.126842868 281.030307712 140.599570091 0.99609375
v 116.347327502 281.470925673 135.324480983 0.99609375
v 116.067320187 281.541092923 140.498560368 0.99609375
v 116.030884833 281.635299476 135.514379072 0.99609375
v 116.570676885 281.652963331 140.941973878 0.99609375
v 116.530024477 281.967212193 135.618204936 0.99609375
v 116.135662456 281.651025381 140.577842178 0.99609375
v 116.457717197 281.986310703 135.919442355 0.99609375
v 116.451368703 281.901307432 140.751821776 0.99609375
v 116.088093933 282.350858553 135.836044072 0.99609375
v 116.386558965 282.314617339 140.60467966 0.99609375
v 116.430150949 282.994795043 135.65933803 0.99609375
v 116.212275658 282.849838729 140.67509982 0.99609375
v 116.294379003 282.899807138 135.166077466 0.99609375
v 116.406593689 282.788302692 140.280377768 0.99609375
v 116.045612527 283.236976206 135.106962869 0.99609375
v 116.203129301 283.134594884 140.760750883 0.99609375
v 116.294828172 283.531503888 135.946129389 0.99609375
v 116.255650013 283.481298319 140.872160191 0.99609375
v 116.22801929 283.76260808 135.014402438 0.99609375
v 116.281100627 283.940070961 140.976836697 0.99609375
v 116.077415467 284.366913744 135.485865856 0.99609375
v 116.565719916 284.059869008 140.299556199 0.99609375
v 116.03786324 284.588613926 135.422536602 0.99609375
v 116.477224237 284.303143928 140.14686911 0.99609375
v 116.142143095 285.054959207 135.87293313 0.99609375
v 116.136130167 284.710878158 140.347657083 0.99609375
v 116.419691479 284.939183816 135.859864925 0.99609375
v 116.425572294 285.035749587 140.006783577 0.99609375
v 116.487027682 285.488975023 135.492033207 0.99609375
v 116.442793888 285.38819893 140.18916097 0.99609375
v 116.057563154 285.907200348 135.572952984 0.99609375
v 116.283624244 285.475539407 140.954946556 0.99609375
v 116.13227057 286.177767625 135.573296615 0.99609375
v 116.216468896 285.825879229 140.023447203 0.99609375
v 116.214706229 286.226020794 135.075038724 0.99609375
v 116.321101088 286.115967728 140.069427618 0.99609375
v 116.293534927 286.497180954 135.512149833 0.99609375
v 116.43805482 286.759446723 140.693378759 0.99609375
v 116.234088916 286.635298199 135.346845038 0.99609375
v 116.152399287 286.657184657 140.695217064 0.99609375
v 116.481576464 286.99254263 135.441720067 0.99609375
v 116.507155657 287.072551681 140.53667326 0.99609375
v 116.211840439 287.405519551 135.595632417 0.99609375
v 116.35281259 287.184989119 140.091606324 0.99609375
v 116.102922179 287.517116685 135.832139879 0.99609375
v 116.110224373 287.516973204 140.567385419 0.99609375
v 116.216084351 288.190542618 135.079782348 0.99609375
v 116.150856563 288.165481024 140.711608125 0.99609375
v 116.497462998 288.303391165 135.927227418 0.99609375
v 116.193873076 288.114883278 140.704240636 0.99609375
v 116.538885248 288.685114157 135.333253137 0.99609375
v 116.451861581 288.592362534 140.587698884 0.99609375
v 116.481531482 288.91848912 135.989289345 0.99609375
v 116.117636704 288.707968449 140.416237526 0.99609375
v 116.223916884 289.056322943 135.960734904 0.99609375
v 116.121550566 288.860747031 140.936350166 0.99609375
v 116.223742997 289.370579705 135.559268855 0.99609375
v 116.213244441 289.277634175 140.147363091 0.99609375
v 116.160380298 289.534957526 135.59349281 0.99609375
v 116.162012376 289.786677283 140.224125477 0.99609375
v 116.548117869 289.818650795 135.27810626 0.99609375
v 116.45258772 290.211945589 140.850003278 0.99609375
v 116.490873621 290.255019087 135.87897556 0.99609375
v 116.356175855 290.401154611 140.66468121 0.99609375
v 116.490851615 290.454365895 135.840438685 0.99609375
v 116.343075778 290.639396792 140.648027122 0.99609375
v 116.563890378 291.093762081 135.644928231 0.99609375
v 116.558366436 291.085598747 140.56834953 0.99609375
v 116.547306384 290.978799212 135.1370282 0.99609375
v 116.174307334 291.245718474 140.042719876 0.99609375
v 116.300563205 291.531307042 135.709773855 0.99609375
v 116.372720903 291.183909381 140.387298106 0.99609375
v 116.565193701 291.573788981 135.379052532 0.99609375
v 116.427277547 291.946231832 140.817063385 0.99609375
v 116.337367647 292.055453342 135.057526324 0.99609375
v 116.190591986 292.132220926 140.487483927 0.99609375
v 116.114381673 292.303703903 135.441803781 0.99609375
v 116.499446587 292.568637884 140.393953798 0.99609375
v 116.167093461 292.611472196 135.07516796 0.99609375
v 116.476830149 292.779387672 140.907589543 0.99609375
v 116.022883991 293.189459402 135.778710352 0.99609375
v 116.04818754 292.960817548 140.631538921 0.99609375
v 116.270123364 293.320938672 135.764135566 0.99609375
v 116.023956612 293.327020771 140.392177583 0.99609375
v 116.097215354 293.64884592 135.898950675 0.99609375
v 116.439993634 293.689177778 140.43407585 0.99609375
v 116.440103484 293.696496168 135.608679996 0.99609375
v 116.076559019 293.804448499 140.364061387 0.99609375
v 116.317210033 293.956629898 135.870992726 0.99609375
v 116.489228428 294.143640079 140.65127566 0.99609375
v 116.550294559 294.152795426 135.368167986 0.99609375
v 116.093270814 294.276054353 140.288833438 0.99609375
v 116.066710057 294.703818625 135.819906539 0.99609375
v 116.15281761 294.661226437 140.335573195 0.99609375
v 116.263531329 295.039863095 135.830814312 0.99609375
v 116.530019076 294.842542721 140.812039768 0.99609375
v 116.360683348 295.186953171 135.157564519 0.99609375
v 116.067904318 295.342421356 140.044413308 0.99609375
v 116.352512348 295.269337358 135.092216674 0.99609375
v 116.163635957 295.454192812 140.841697313 0.99609375
v 116.250598268 295.89726493 135.794529279 0.99609375
v 116.343789077 295.760866528 140.334330275 0.99609375
v 116.523734486 296.102390308 135.783339181 0.99609375
v 116.360882759 296.129456901 140.152407583 0.99609375
v 116.130816176 296.626360387 135.464249723 0.99609375
v 116.138090204 296.237091222 140.926082736 0.99609375
v 116.555747028 296.900990006 135.710364363 0.99609375
v 116.498583016 296.932169796 140.820596089 0.99609375
v 116.306162951 296.743241728 135.002306697 0.99609375
v 116.245327101 297.141432311 140.657343086 0.99609375
v 116.565296215 297.309021634 135.359808773 0.99609375
v 116.542496975 297.002306991 140.194830624 0.99609375
v 116.077623532 297.69288568 135.864428225 0.99609375
v 116.578529418 297.417984482 140.810839797 0.99609375
v 116.056555471 298.050819008 135.39429879 0.99609375
v 116.336994884 297.660279524 140.212434884 0.99609375
v 116.164172822 298.346017818 135.779464209 0.99609375
v 116.024471868 298.224864432 140.414789311 0.99609375
v 116.0653024 298.38572626 135.681114496 0.99609375
v 116.335949068 298.673141215 140.220851445 0.99609375
v 116.460722112 298.942767187 135.691638713 0.99609375
v 116.008339384 298.926172689 140.824076221 0.99609375
v 116.225372907 299.042952985 135.488759643 0.99609375
v 116.370158197 299.198406219 140.757924824 0.99609375
v 116.257814984 299.15293663 135.849043625 0.99609375
v 116.300720385 299.432650815 140.960477834 0.99609375
v 116.073427947 299.389000834 135.439509124 0.99609375
v 116.036100042 299.718735559 140.718089277 0.99609375
v 116.513030713 300.111871548 135.275841185 0.99609375
v 116.089754798 299.888841192 140.878588292 0.99609375
v 116.300012326 300.07245788 135.295861034 0.99609375
v 116.514719877 299.871483644 140.721255343 0.99609375
v 116.326379602 300.241447886 135.331928704 0.99609375
v 116.329054936 300.557798506 140.214154086 0.99609375
v 116.41805007 300.623159411 135.10101039 0.99609375
v 116.069135776 300.555402842 140.82245768 0.99609375
v 116.055234914 300.930824716 135.944631055 0.99609375
v 116.285478705 301.043520767 140.399441781 0.99609375
v 116.545684083 301.22894968 135.201066575 0.99609375
v 116.031343344 301.135425356 140.100929029 0.99609375
v 116.473408387 301.765211832 135.226452567 0.99609375
v 116.288761245 301.467536455 140.368822907 0.99609375
v 116.040928139 302.121121866 135.443908866 0.99609375
v 116.271186241 302.104230514 139.857907425 0.99609375
v 116.007482436 302.19626863 135.651954682 0.99609375
v 116.561510432 302.115006875 140.054442523 0.99609375
v 116.575395206 302.4212369 135.910510005 0.99609375
v 116.249421914 302.70657265 140.330534398 0.99609375
v 116.166564157 302.923433498 135.074233415 0.99609375
v 116.047965711 302.592807064 140.029332896 0.99609375
v 116.446994292 302.916575074 135.946673393 0.99609375
v 116.219619516 303.335538443 139.834813065 0.99609375
v 116.145968912 303.197273042 135.694979306 0.99609375
v 116.467774223 303.524838102 140.028078677 0.99609375
v 116.060630349 303.726042651 135.097672824 0.99609375
v 116.090450905 303.830754929 140.137384934 0.99609375
v 116.079243063 303.890786798 135.718110602 0.99609375
v 116.453474789 304.105179868 140.308899546 0.99609375
v 116.57521768 303.967296351 137.277085296 0.99609375
v 116.184256445 304.093559863 139.669390237 0.99609375
v 116.377100988 276.186881134 140.110470585 0.99609375
v 116.487116546 276.545446427 139.306935455 0.99609375
v 116.678209453 276.23162477 140.932917575 0.99609375
v 116.464596207 276.782002239 135.10869576 0.99609375
v 116.501761856 276.869140333 140.605907154 0.99609375
v 116.447756866 276.692113548 134.565876953 0.99609375
v 116.573450911 276.913332302 140.774849317 0.99609375
v 116.768352315 277.235027695 135.149601316 0.99609375
v 116.293472932 277.423963233 140.716895635 0.99609375
v 116.342714778 277.6560941 135.809510493 0.99609375
v 116.413729788 277.617153846 140.860514354 0.99609375
v 116.344203639 277.703439672 135.697250693 0.99609375
v 116.406241769 277.882705534 140.625328642 0.99609375
v 116.377867187 277.83307074 135.716120804 0.99609375
v 116.868258179 278.027682702 140.244374183 0.99609375
v 116.466968877 278.444721809 135.733571496 0.99609375
v 116.538237928 278.391380398 140.954651142 0.99609375
v 116.668955717 278.473731078 135.024437289 0.99609375
v 116.802895249 278.537608391 140.70071006 0.99609375
v 116.793211604 278.765318574 135.172557093 0.99609375
v 116.395295709 278.963511103 140.291577101 0.99609375
v 116.814253563 279.137598727 135.024128674 0.99609375
v 116.383026702 279.357416951 140.310091157 0.99609375
v 116.848201808 279.546857829 135.250304734 0.99609375
v 116.522356797 279.650685297 140.220207693 0.99609375
v 116.588104407 279.987891064 135.62741214 0.99609375
v 116.500884426 279.990106937 140.207106512 0.99609375
v 116.442921528 280.347247812 135.201141332 0.99609375
v 116.303548055 279.936074992 140.522882064 0.99609375
v 116.464725552 280.653004751 135.340366451 0.99609375
v 116.466805651 280.583883137 140.576345991 0.99609375
v 116.635052151 280.940256432 135.711721059 0.99609375
v 116.720232213 280.525451137 140.699055007 0.99609375
v 116.813620264 281.22296293 135.494101807 0.99609375
v 116.768390884 281.095060958 140.415279006 0.99609375
v 116.644103523 281.4774843 135.772529362 0.99609375
v 116.684994186 281.159925182 140.461039598 0.99609375
v 116.607741372 281.878428116 135.804225449 0.99609375
v 116.797080182 281.545086527 140.885414676 0.99609375
v 116.489907154 281.94614779 135.028891809 0.99609375
v 116.748296735 281.804432918 140.026228242 0.99609375
v 116.666517689 282.414758503 135.347640518 0.99609375
v 116.500438323 282.012098832 140.778292419 0.99609375
v 116.337567441 282.465453238 135.376973846 0.99609375
v 116.664661194 282.46863272 140.492154869 0.99609375
v 116.559467555 282.61552394 135.30298702 0.99609375
v 116.737549528 282.5968944 140.501915391 0.99609375
v 116.397928749 283.263161574 135.776424828 0.99609375
v 116.379235326 283.142823798 140.030044023 0.99609375
v 116.566071179 283.095431845 135.551509273 0.99609375
v 116.51565893 283.228109385 140.186831136 0.99609375
v 116.795109254 283.696942976 135.405794805 0.99609375
v 116.563433517 283.718397346 140.709195043 0.99609375
v 116.572960292 283.823216923 135.160276266 0.99609375
v 116.341503873 283.790113321 140.230910552 0.99609375
v 116.53441652 284.28840246 135.993116627 0.99609375
v 116.650651493 284.352735569 140.895949855 0.99609375
v 116.477668057 284.546137211 135.364532987 0.99609375
v 116.57897784 284.671787317 140.140000115 0.99609375
v 116.429558917 284.619273473 135.805963825 0.99609375
v 116.720052784 284.946094256 140.390365533 0.99609375
v 116.658385034 285.265592531 135.818897333 0.99609375
v 116.771842146 285.190747072 140.431399441 0.99609375
v 116.466427349 285.440302361 135.485046244 0.99609375
v 116.7402062 285.58819083 140.11578648 0.99609375
v 116.409692951 285.752180742 135.277249372 0.99609375
v 116.46068987 285.550020365 140.979611461 0.99609375
v 116.526260915 286.194894596 135.350275445 0.99609375
v 116.864248817 285.666131111 140.934583408 0.99609375
v 116.850050941 286.398567952 135.767977883 0.99609375
v 116.459869974 286.108501819 140.319409084 0.99609375
v 116.453721521 286.738214354 135.420260896 0.99609375
v 116.458104067 286.65567692 140.807073729 0.99609375
v 116.814221558 287.036667509 135.791265915 0.99609375
v 116.589487097 287.035714893 140.257450922 0.99609375
v 116.686326158 287.064323878 135.0911438 0.99609375
v 116.299414162 286.90477126 140.286001925 0.99609375
v 116.44897686 287.256028917 135.455727076 0.99609375
v 116.637267473 287.437911556 140.741363218 0.99609375
v 116.341826464 287.501197148 135.354023638 0.99609375
v 116.52340595 287.848444767 140.519657855 0.99609375
v 116.567658667 287.873929374 135.154794904 0.99609375
v 116.571840306 287.873910869 140.487241856 0.99609375
v 116.768215486 288.052548766 135.314646699 0.99609375
v 116.708721663 288.411897876 140.216929181 0.99609375
v 116.477124739 288.749457886 135.420707891 0.99609375
v 116.667029202 288.486258767 140.86906498 0.99609375
v 116.532302886 288.686406635 135.456213045 0.99609375
v 116.461166837 288.969599837 140.763779801 0.99609375
v 116.754804173 289.013161224 135.777970472 0.99609375
v 116.705635326 289.178966907 140.181142011 0.99609375
v 116.459791277 289.318505791 135.5436942 0.99609375
v 116.359454145 289.444000347 140.811634424 0.99609375
v 116.571521754 289.449077285 135.286427299 0.99609375
v 116.758714895 289.703414631 140.12085685 0.99609375
v 116.493752885 289.767983953 135.649909962 0.99609375
v 116.533740438 289.812181015 140.564022388 0.99609375
v 116.859373303 290.306117398 135.288839437 0.99609375
v 116.348866437 290.370129593 140.193445176 0.99609375
v 116.429299962 290.565076007 135.565978922 0.99609375
v 116.510706151 290.834516908 140.053140248 0.99609375
v 116.544086697 290.723458315 135.965134967 0.99609375
v 116.707414969 290.85994074 140.293229185 0.99609375
v 116.456954859 290.941048919 135.571841785 0.99609375
v 116.602890503 291.164149096 140.588987749 0.99609375
v 116.540534668 291.421949373 135.167993779 0.99609375
v 116.76570959 291.434050995 140.114367449 0.99609375
v 116.587489331 291.935496596 135.318421575 0.99609375
v 116.538891227 291.451051506 140.484039389 0.99609375
v 116.82777929 292.038269909 135.642636822 0.99609375
v 116.6758122 291.860651881 140.16263433 0.99609375
v 116.392291947 292.226153206 135.328847604 0.99609375
v 116.518947609 292.540342621 140.648995241 0.99609375
v 116.484174135 292.38615903 135.116311608 0.99609375
v 116.627925543 292.480498643 140.615279268 0.99609375
v 116.46019235 292.679251829 135.63969677 0.99609375
v 116.301379307 293.060114156 140.978836293 0.99609375
v 116.851049117 293.282806477 135.819732836 0.99609375
v 116.546688468 293.386269486 140.714405493 0.99609375
v 116.33996221 293.317507453 135.900490701 0.99609375
v 116.560906952 293.447893927 140.577030683 0.99609375
v 116.685528554 294.033765366 135.669850042 0.99609375
v 116.582700453 294.022398823 140.597677436 0.99609375
v 116.591911676 294.168039536 135.234942624 0.99609375
v 116.459879488 294.155074421 140.479903913 0.99609375
v 116.863880515 294.066872935 135.742275257 0.99609375
v 116.705279468 294.448548723 140.943900605 0.99609375
v 116.836515493 294.422334404 135.264682063 0.99609375
v 116.607712042 294.920363952 140.414721659 0.99609375
v 116.531158066 295.024457806 135.09043137 0.99609375
v 116.39576721 295.08579591 140.181667858 0.99609375
v 116.785962325 295.267539391 135.417930334 0.99609375
v 116.866850416 295.395185983 140.225260259 0.99609375
v 116.386316498 295.467256196 135.427741471 0.99609375
v 116.766242157 295.629181356 140.866244985 0.99609375
v 116.386110889 295.713577424 135.59948839 0.99609375
v 116.629830413 295.81705665 140.070698822 0.99609375
v 116.758333818 295.975600405 135.0495248 0.99609375
v 116.65166467 296.266922394 140.515455165 0.99609375
v 116.808174772 296.133567452 135.02907485 0.99609375
v 116.580266853 296.45146725 140.65126124 0.99609375
v 116.816375043 296.655628004 135.116906682 0.99609375
v 116.450908871 296.735801119 140.489146434 0.99609375
v 116.37368471 296.835687799 135.88158071 0.99609375
v 116.867915478 296.915995034 140.791032596 0.99609375
v 116.521198514 297.446233787 135.397017131 0.99609375
v 116.627362242 297.468089174 140.178460525 0.99609375
v 116.396387413 297.565734542 135.296038105 0.99609375
v 116.784968333 297.776361211 140.179590265 0.99609375
v 116.625857391 297.701993513 135.037755355 0.99609375
v 116.686957203 297.986454789 140.551454026 0.99609375
v 116.721835847 298.303306516 135.448009137 0.99609375
v 116.757853932 298.074251511 140.992270504 0.99609375
v 116.586411968 298.677879667 135.022676119 0.99609375
v 116.599005367 298.565269691 140.401491056 0.99609375
v 116.639341217 298.876529453 135.585097492 0.99609375
v 116.696842309 298.942385301 140.341000202 0.99609375
v 116.460533449 299.26456484 135.817464169 0.99609375
v 116.306886602 298.897413627 140.656987347 0.99609375
v 116.496089021 299.457069348 135.627427531 0.99609375
v 116.715529774 299.551709438 140.074770265 0.99609375
v 116.328182751 299.590956626 135.535994469 0.99609375
v 116.322503794 299.632082353 140.154043125 0.99609375
v 116.829901251 299.972963601 135.794591001 0.99609375
v 116.685696517 299.848566105 140.908878117 0.99609375
v 116.33479254 299.86873508 135.4845083 0.99609375
v 116.312918122 300.097909587 140.374775937 0.99609375
v 116.42414552 300.571897313 135.784747697 0.99609375
v 116.462014616 300.435080556 140.716571056 0.99609375
v 116.55078274 300.492203576 135.384472893 0.99609375
v 116.749285214 300.603817072 140.096603377 0.99609375
v 116.526674798 300.877682261 135.650712928 0.99609375
v 116.355095587 301.229447549 140.525757731 0.99609375
v 116.379360468 301.186026377 135.575566935 0.99609375
v 116.402201467 301.478619663 140.75000036 0.99609375
v 116.570686834 301.390086069 135.35121025 0.99609375
v 116.775704847 301.412124686 140.115863138 0.99609375
v 116.576238549 301.720710238 135.837082604 0.99609375
v 116.510257616 302.014390968 140.914764231 0.99609375
v 116.613325234 301.893838753 135.445360546 0.99609375
v 116.426969374 301.98586462 140.155506228 0.99609375
v 116.853278043 302.531903715 135.643632295 0.99609375
v 116.865117121 302.542220651 140.270185694 0.99609375
v 116.739601976 303.009170803 135.527867156 0.99609375
v 116.444539419 302.592704609 140.212679751 0.99609375
v 116.715254153 302.853546099 135.873029801 0.99609375
v 116.68699403 303.153807764 140.152326783 0.99609375
v 116.715862678 303.081088506 135.121974157 0.99609375
v 116.375307765 303.267965526 140.408147809 0.99609375
v 116.428094039 303.622074832 135.359738973 0.99609375
v 116.331765247 303.564612037 140.454091341 0.99609375
v 116.31337755 303.844844132 135.925732473 0.99609375
v 116.801239485 303.748585098 140.526284912 0.99609375
v 116.774783054 304.449412562 137.527272086 0.99609375
v 116.736518817 304.149617735 140.828990859 0.99609375
v 116.841433722 275.88165422 140.014987328 0.99609375
v 116.763728131 276.336476662 139.146681032 0.99609375
v 116.943870847 276.644419947 140.421425396 0.99609375
v 116.673508939 276.525896916 135.015006761 0.99609375
v 117.159910199 276.371005768 140.01574955 0.99609375
v 117.15929591 277.221226813 135.079999252 0.99609375
v 116.858646378 277.179335534 140.215540503 0.99609375
v 116.955213498 277.196650471 134.596536066 0.99609375
v 116.692915952 277.082368986 140.323509831 0.99609375
v 116.694076285 277.28171711 135.324865229 0.99609375
v 116.980799464 277.303303227 140.488212945 0.99609375
v 117.155440826 277.611439324 135.626886709 0.99609375
v 116.846454263 277.869764187 140.34030963 0.99609375
v 116.812970041 277.966628998 135.100176776 0.99609375
v 116.58103767 278.300490089 140.922141756 0.99609375
v 117.021134138 278.132651336 135.86233488 0.99609375
v 116.832996608 278.204801739 140.726251797 0.99609375
v 116.777453604 278.403639513 135.522627061 0.99609375
v 117.079873029 278.505069843 140.618446613 0.99609375
v 116.860225982 279.162329657 135.02965061 0.99609375
v 116.668745373 279.255548626 141.223231433 0.99609375
v 117.086484251 279.39132666 135.740675453 0.99609375
v 116.887890583 279.441989839 141.471233718 0.99609375
v 116.942154026 279.467687023 135.249010589 0.99609375
v 116.670689299 279.620929135 141.060261755 0.99609375
v 117.0851686 279.944556377 135.489895281 0.99609375
v 116.858212569 279.920888783 141.340261217 0.99609375
v 116.962471531 279.946801245 135.695998816 0.99609375
v 117.059016287 280.150224645 140.814336944 0.99609375
v 117.113945429 280.338469187 135.317991862 0.99609375
v 116.729444366 280.382990301 140.77920019 0.99609375
v 116.67921028 280.671802543 135.727515445 0.99609375
v 116.610145446 280.928407981 140.654848626 0.99609375
v 116.600269036 281.289311602 135.875625658 0.99609375
v 116.97774222 280.948868344 140.510908164 0.99609375
v 116.956256078 281.361131843 135.220450503 0.99609375
v 116.924844774 281.518931634 140.490118877 0.99609375
v 117.112802136 281.752143447 135.364496275 0.99609375
v 116.5846585 281.357560953 140.640624569 0.99609375
v 116.962364255 281.640297678 135.335029283 0.99609375
v 117.005963966 281.670149281 140.744119051 0.99609375
v 117.110518097 282.248449056 135.396760067 0.99609375
v 116.88661643 281.913845481 140.534033265 0.99609375
v 116.681508194 282.484058052 135.748553541 0.99609375
v 116.953280386 282.667302726 140.043912681 0.99609375
v 117.084229856 282.809921618 135.350616386 0.99609375
v 116.780359666 282.806867372 140.295671937 0.99609375
v 116.832271295 282.791014837 135.737705082 0.99609375
v 117.05468933 283.166202162 140.655008464 0.99609375
v 116.854599704 283.362447476 135.100099509 0.99609375
v 116.984284291 283.235761415 140.934367142 0.99609375
v 117.15136296 283.542429739 135.803564122 0.99609375
v 116.844576771 283.882244425 140.491173636 0.99609375
v 117.135987469 284.089052424 135.556031987 0.99609375
v 116.713349114 284.153606946 140.443591794 0.99609375
v 116.876301764 284.00543839 135.301983451 0.99609375
v 116.953998567 284.469748906 140.635110733 0.99609375
v 116.668155678 284.297093231 135.93673552 0.99609375
v 116.661294079 284.776021781 140.109943682 0.99609375
v 116.596082514 284.785833175 135.553303867 0.99609375
v 116.689054343 285.014523122 140.589734612 0.99609375
v 116.913222872 285.31721273 135.858936355 0.99609375
v 116.871762351 285.279174069 140.617236637 0.99609375
v 116.586124955 285.306588622 135.833852691 0.99609375
v 116.962400326 285.116661634 140.049662147 0.99609375
v 116.627505468 285.673470315 135.746097268 0.99609375
v 116.610905473 285.73910084 140.118904796 0.99609375
v 117.15376008 285.982490709 135.551494661 0.99609375
v 117.13841488 286.123213736 140.72594462 0.99609375
v 116.708579687 286.29323214 135.726960979 0.99609375
v 116.739890365 286.152112678 140.364938401 0.99609375
v 116.673323672 286.486398518 135.629309755 0.99609375
v 116.862755842 286.790232017 140.302365117 0.99609375
v 116.759110364 286.927573185 135.06558111 0.99609375
v 116.834205167 287.068531708 140.718561233 0.99609375
v 116.655927357 286.881537943 135.404047699 0.99609375
v 117.086221206 287.376576608 140.920000944 0.99609375
v 116.830227066 287.496365528 135.136941519 0.99609375
v 117.055754545 287.328150109 140.344775104 0.99609375
v 116.830904093 287.794218056 135.179928392 0.99609375
v 116.881718511 287.836417857 140.235588744 0.99609375
v 116.597720262 288.218355845 135.749653581 0.99609375
v 116.912910767 287.951352567 140.922035941 0.99609375
v 116.883627145 288.36914862 135.643987127 0.99609375
v 116.939621994 288.438054257 140.383653801 0.99609375
v 116.710623292 288.285760647 135.604095696 0.99609375
v 116.942657872 288.393621802 140.377598818 0.99609375
v 116.795431925 288.658253272 135.420703364 0.99609375
v 117.125182919 288.590407886 140.114408902 0.99609375
v 117.106075474 289.319151442 135.809781036 0.99609375
v 116.66284502 289.143866197 140.360104056 0.99609375
v 116.737202197 289.478603799 135.942309232 0.99609375
v 116.939116951 289.629955427 140.724171102 0.99609375
v 116.815511993 289.604489632 135.659627636 0.99609375
v 116.664281928 289.680223232 140.328198901 0.99609375
v 116.666909114 289.811270225 135.967387408 0.99609375
v 117.001712478 290.02646203 140.918915639 0.99609375
v 116.916003339 290.040085741 135.764327159 0.99609375
v 116.735622929 290.430105411 140.13713802 0.99609375
v 116.671509373 290.414631461 135.708017073 0.99609375
v 116.780447759 290.630501445 140.268663009 0.99609375
v 116.736761735 290.936879619 135.159770059 0.99609375
v 116.9057831 290.634033202 140.319231483 0.99609375
v 116.887570042 291.216969865 135.322877888 0.99609375
v 117.007348028 290.880974678 140.525318386 0.99609375
v 116.876729914 291.504811196 135.648994992 0.99609375
v 116.694872603 291.348756939 140.371783701 0.99609375
v 116.775053339 291.570983152 135.065723734 0.99609375
v 117.135140322 291.723094317 140.157927695 0.99609375
v 117.038423456 292.196704035 135.673738736 0.99609375
v 116.741748859 292.229093285 140.789775188 0.99609375
v 116.665229519 292.580676928 135.300358002 0.99609375
v 116.671763052 292.482014137 140.779910274 0.99609375
v 116.864290519 292.689849448 135.180258632 0.99609375
v 117.095740738 292.601385428 140.561017212 0.99609375
v 117.09011953 293.176351271 135.724327825 0.99609375
v 117.038162095 293.090891027 140.615863789 0.99609375
v 116.905962768 293.402796611 135.93818194 0.99609375
v 116.85902165 293.029469986 140.511989359 0.99609375
v 116.894761077 293.447936647 135.746957128 0.99609375
v 117.05442217 293.656061412 140.900917693 0.99609375
v 116.785489712 293.704900608 135.880385253 0.99609375
v 117.126345583 294.05693286 140.371303488 0.99609375
v 117.025232156 293.934959727 135.741349853 0.99609375
v 116.725244671 294.041119357 140.393440213 0.99609375
v 117.017440743 294.596924719 135.200628949 0.99609375
v 116.685533429 294.114553544 140.954270121 0.99609375
v 117.148409777 294.820352539 135.871576055 0.99609375
v 116.66155392 294.474782563 140.457625365 0.99609375
v 116.955173415 295.033677399 135.229620007 0.99609375
v 117.155404391 294.690712583 140.256297013 0.99609375
v 116.887649356 295.390390796 135.703451076 0.99609375
v 116.834470181 295.406150129 140.230957522 0.99609375
v 116.623489813 295.390778139 135.709334706 0.99609375
v 117.155230257 295.501701021 140.849290404 0.99609375
v 116.762953076 295.651722845 135.117936427 0.99609375
v 116.708920922 296.032338209 140.042592014 0.99609375
v 117.072236992 296.294626496 135.176840347 0.99609375
v 116.642735106 295.999589097 140.744003386 0.99609375
v 117.113481956 296.583021943 135.720054685 0.99609375
v 116.904399152 296.641819394 140.307820502 0.99609375
v 116.720511271 296.738804807 135.904460855 0.99609375
v 116.987047711 296.876953829 140.746762986 0.99609375
v 116.625984204 296.690360658 135.812970548 0.99609375
v 116.703458255 296.732408602 140.322427496 0.99609375
v 117.054926669 297.502360251 135.177553063 0.99609375
v 116.799443099 297.062511331 140.052657732 0.99609375
v 117.034089728 297.515565502 135.525465409 0.99609375
v 116.833456557 297.321956615 140.627739524 0.99609375
v 116.986524398 298.08671779 135.667496011 0.99609375
v 116.789411324 297.840683137 140.194883389 0.99609375
v 116.93994807 298.089815601 135.577169043 0.99609375
v 116.650394933 298.367602788 140.114019875 0.99609375
v 116.870983198 298.121947076 135.592912622 0.99609375
v 116.906580272 298.145268044 140.186474306 0.99609375
v 116.962278401 298.786984137 135.16325171 0.99609375
v 116.805818355 298.938644917 140.543246204 0.99609375
v 116.639786784 299.053778689 135.344631786 0.99609375
v 116.786611191 298.921514159 140.793269702 0.99609375
v 116.78311947 299.475743692 135.866860128 0.99609375
v 116.989824007 299.398297133 140.827951734 0.99609375
v 117.094546681 299.432364328 135.380624755 0.99609375
v 116.667625865 299.532837235 140.74429145 0.99609375
v 116.680278989 299.58998778 135.600233463 0.99609375
v 116.82673027 299.688467808 140.107831863 0.99609375
v 116.986796233 300.219907909 135.889895071 0.99609375
v 117.054753815 299.905571664 140.086137434 0.99609375
v 116.983082629 300.616644677 135.188249336 0.99609375
v 116.681689919 300.34795259 140.31886657 0.99609375
v 116.984055673 301.003213423 135.85856983 0.99609375
v 116.978831389 300.732112818 140.843648234 0.99609375
v 116.914283179 301.137521745 135.131154898 0.99609375
v 116.941773423 301.089978353 140.100311755 0.99609375
v 116.955277455 301.182100605 135.834941549 0.99609375
v 116.826930521 301.174786222 140.949023801 0.99609375
v 116.919953836 301.53991117 135.339327331 0.99609375
v 117.10436215 301.314286702 140.697871632 0.99609375
v 117.047244556 301.801000127 135.219899352 0.99609375
v 116.897586726 301.84268969 140.076840051 0.99609375
v 116.936826303 301.99436854 135.881176858 0.99609375
v 116.838646779 301.923797707 140.183743628 0.99609375
v 116.780816888 302.210880119 135.652905601 0.99609375
v 116.850738633 302.482285275 140.009238596 0.99609375
v 116.589357067 302.803823906 135.151630739 0.99609375
v 116.750851295 302.612725288 140.956087481 0.99609375
v 116.681887463 303.102454321 135.978174658 0.99609375
v 116.943713463 302.975648998 140.190061689 0.99609375
v 116.767823048 303.54141203 135.385485224 0.99609375
v 116.911296246 303.180241747 140.649088142 0.99609375
v 116.964575472 303.556388617 135.203413295 0.99609375
v 116.938372898 303.579237307 140.131694535 0.99609375
v 116.824195412 303.823474888 135.932436616 0.99609375
v 116.663315094 304.166935146 140.203392803 0.99609375
v 116.820675887 304.205555524 137.580158507 0.99609375
v 116.594678562 304.007233283 140.409438931 0.99609375
v 116.885768704 276.172885963 140.974468529 0.99609375
v 117.174437468 276.336595098 139.898470848 0.99609375
v 117.223724568 276.649660636 140.644367626 0.99609375
v 117.362186127 276.783137498 134.502330113 0.99609375
v 117.438630028 276.46480707 141.045394032 0.99609375
v 117.059313809 277.009478257 135.159925258 0.99609375
v 117.089968008 277.023469391 141.426843181 0.99609375
v 116.929594672 277.375001541 134.941221205 0.99609375
v 117.049593342 277.224459076 141.381597245 0.99609375
v 117.055084157 277.801186494 135.321016134 0.99609375
v 116.951570932 277.682575588 141.10154204 0.99609375
v 117.125310868 277.903479421 135.534155612 0.99609375
v 117.260831005 278.075884885 140.975546488 0.99609375
v 117.371578818 278.359309412 135.324059381 0.99609375
v 117.039858485 278.092330685 141.486261904 0.99609375
v 117.431280035 278.57977178 135.980959553 0.99609375
v 116.969125428 278.448429744 141.455160481 0.99609375
v 116.913980803 278.609642197 135.39855303 0.99609375
v 117.434232038 278.590782622 140.797969352 0.99609375
v 117.444155312 279.045735935 135.927854693 0.99609375
v 117.036924947 278.696034628 140.65339798 0.99609375
v 116.973699292 279.552084454 135.813541483 0.99609375
v 116.887908073 279.127967562 141.278270702 0.99609375
v 116.929182983 279.773189102 135.91655237 0.99609375
v 116.939757528 279.560970631 140.893713061 0.99609375
v 117.288900462 279.685809982 135.806029381 0.99609375
v 117.219883256 279.81500299 140.700631539 0.99609375
v 116.957627087 279.882622824 135.267530746 0.99609375
v 117.415692022 280.200598993 141.361355948 0.99609375
v 117.183971377 280.481033511 135.645997694 0.99609375
v 117.418889812 280.638481702 140.54159352 0.99609375
v 117.260761239 280.905312033 135.551975348 0.99609375
v 117.073611038 280.75449558 141.060289758 0.99609375
v 117.078093219 280.724457046 135.622009535 0.99609375
v 117.09633556 281.17971723 140.805440542 0.99609375
v 117.030566477 281.209339153 135.025014673 0.99609375
v 117.346659915 281.186139584 140.831412244 0.99609375
v 117.121693965 281.512081726 135.555277405 0.99609375
v 116.886730927 281.584162346 141.071091127 0.99609375
v 117.291951145 282.088680862 135.945493624 0.99609375
v 117.409881045 282.005522628 140.643188657 0.99609375
v 117.128152626 281.88252521 135.926233625 0.99609375
v 116.891451637 281.90024351 140.74246232 0.99609375
v 116.919452498 282.723879932 135.312535853 0.99609375
v 117.431959108 282.667792999 140.676376529 0.99609375
v 117.235936679 282.58368967 135.363568079 0.99609375
v 117.108237129 282.56239788 140.517075294 0.99609375
v 117.37238045 283.195806638 135.857002834 0.99609375
v 116.874854966 282.788548946 140.644001777 0.99609375
v 117.358628022 283.281029207 135.054050832 0.99609375
v 117.04670616 283.359763774 141.186323295 0.99609375
v 117.215740633 283.654800628 135.289741256 0.99609375
v 117.283145904 283.645900985 141.285141443 0.99609375
v 117.025774929 283.885152817 135.817264377 0.99609375
v 117.054571513 283.836073791 141.489642209 0.99609375
v 117.22210496 284.241309531 135.975746522 0.99609375
v 116.909561742 284.299354059 140.756999782 0.99609375
v 117.271131497 284.577282038 135.118141244 0.99609375
v 117.016991298 284.378147405 140.647753955 0.99609375
v 116.97189043 284.834852148 135.074541208 0.99609375
v 117.261305329 284.504530975 140.583250541 0.99609375
v 117.212717493 284.998388852 135.502940413 0.99609375
v 117.254059511 284.840751145 141.274589344 0.99609375
v 117.218338011 285.374555477 135.396465436 0.99609375
v 117.213516571 285.435891666 140.724007051 0.99609375
v 117.194401645 285.803122252 135.478190832 0.99609375
v 117.251123645 285.81283209 141.416162534 0.99609375
v 117.11150773 285.671257914 135.224478452 0.99609375
v 117.43325346 286.227986244 141.212489443 0.99609375
v 117.034902231 286.24810566 135.464343934 0.99609375
v 116.906159937 285.943441149 141.435497524 0.99609375
v 117.224319133 286.741405561 135.475703238 0.99609375
v 116.974135181 286.696079599 140.763130867 0.99609375
v 117.338997463 286.981345274 135.866621571 0.99609375
v 117.080947087 287.089728115 141.269831442 0.99609375
v 117.416660629 286.863527518 135.49226131 0.99609375
v 117.137529093 286.967254326 140.75835073 0.99609375
v 116.957080025 287.402881937 135.154093451 0.99609375
v 117.286756501 287.457545088 140.797146673 0.99609375
v 117.244441811 287.718165521 135.690226367 0.99609375
v 117.218202541 287.446051713 140.853662963 0.99609375
v 117.145919142 287.924232334 135.026903206 0.99609375
v 117.386858695 287.735460611 140.565886319 0.99609375
v 117.221407562 288.019471534 135.672273198 0.99609375
v 116.94913252 288.001592483 141.141216819 0.99609375
v 116.961402091 288.694627092 135.669706034 0.99609375
v 117.346348078 288.731621834 140.56349277 0.99609375
v 116.945172028 288.976907292 135.279942706 0.99609375
v 117.273732048 288.927753069 141.267842171 0.99609375
v 116.933666185 288.89879213 135.604641318 0.99609375
v 117.075714579 289.362422362 141.329032765 0.99609375
v 117.264067346 289.479553771 135.96750723 0.99609375
v 117.420516518 289.628798462 141.403403727 0.99609375
v 117.437897416 289.890699828 135.500260251 0.99609375
v 117.17372142 289.484207261 140.177960982 0.99609375
v 117.067489179 290.269160795 135.154101553 0.99609375
v 117.032211428 289.952787418 140.834862751 0.99609375
v 116.938629021 290.553837582 135.039162359 0.99609375
v 117.434683506 290.142287688 140.659722733 0.99609375
v 117.389845471 290.67627108 135.95304428 0.99609375
v 117.095406468 290.544205203 140.821981795 0.99609375
v 117.365286281 290.963402046 135.015677937 0.99609375
v 117.365806852 290.915859044 140.655751509 0.99609375
v 117.431759359 291.049349788 135.795651944 0.99609375
v 117.021076355 291.379261646 140.641203846 0.99609375
v 117.036686803 291.194083191 135.508197816 0.99609375
v 117.374242541 291.42487295 140.001712657 0.99609375
v 116.873588948 291.810654555 135.908902076 0.99609375
v 117.140335689 291.802455236 140.656273535 0.99609375
v 117.056264536 292.06525729 135.668304032 0.99609375
v 117.160729329 292.061935626 140.353588047 0.99609375
v 117.076408776 292.536383787 135.523703164 0.99609375
v 117.200675045 292.10017569 140.749909618 0.99609375
v 117.090394401 292.375265307 135.277492943 0.99609375
v 117.428360806 292.375433242 140.651105773 0.99609375
v 117.339782109 292.776166358 135.997655137 0.99609375
v 117.254549571 293.158570751 140.837628864 0.99609375
v 117.256381828 293.404910795 135.456763859 0.99609375
v 117.194296818 292.934840558 140.046339334 0.99609375
v 117.32636935 293.216334526 135.291164436 0.99609375
v 117.085909381 293.616800132 140.472712546 0.99609375
v 116.984732074 293.701052486 135.825134062 0.99609375
v 117.407402215 293.819290225 140.90344451 0.99609375
v 117.172755397 293.858335076 135.719755851 0.99609375
v 117.261719074 293.796449175 140.873110779 0.99609375
v 117.377031118 294.411164906 135.991826325 0.99609375
v 116.961168727 294.333698896 140.872612849 0.99609375
v 117.437553386 294.354493684 135.684384321 0.99609375
v 117.434924576 294.783100826 140.115691424 0.99609375
v 116.980167257 295.123427331 135.819761231 0.99609375
v 117.371991518 294.991253959 140.394103382 0.99609375
v 117.277338801 295.371185553 135.728541891 0.99609375
v 117.425011885 295.399867114 140.893166456 0.99609375
v 117.090702472 295.271774872 135.995106067 0.99609375
v 117.426229736 295.710996647 140.691300012 0.99609375
v 117.300873247 295.727949682 135.272524939 0.99609375
v 117.268759842 295.941679798 140.995412285 0.99609375
v 117.099335335 295.98458688 135.656774757 0.99609375
v 117.315367074 296.167579161 140.517370956 0.99609375
v 117.195964349 296.095188455 135.972466419 0.99609375
v 117.423648882 296.469012227 140.591014302 0.99609375
v 117.031815821 296.88602407 135.863847022 0.99609375
v 117.029573487 296.573428522 140.441704268 0.99609375
v 116.886372411 296.995260189 135.533073883 0.99609375
v 117.430184809 297.091731382 140.017216323 0.99609375
v 116.969453177 297.51578271 135.325722904 0.99609375
v 117.392824951 297.052406181 140.732274725 0.99609375
v 116.998177769 297.504220762 135.260792025 0.99609375
v 117.232973472 297.739294843 140.579784344 0.99609375
v 117.210741556 298.044859352 135.290433632 0.99609375
v 117.113819362 297.915820578 140.888889411 0.99609375
v 117.334400474 297.84305219 135.768245042 0.99609375
v 116.955885187 298.348740017 140.541472087 0.99609375
v 117.001785033 298.636760077 135.947981404 0.99609375
v 117.040444552 298.569427887 140.968833229 0.99609375
v 117.33479964 298.663375221 135.803105557 0.99609375
v 117.171133015 298.787460683 140.340505443 0.99609375
v 117.246370448 299.076455885 135.845653389 0.99609375
v 117.220088944 299.050588761 140.869832741 0.99609375
v 117.005635857 299.13434811 135.727315088 0.99609375
v 117.233821144 299.232849938 140.903142679 0.99609375
v 117.122822958 299.430337665 135.852624491 0.99609375
v 117.344312224 299.804713284 140.627967882 0.99609375
v 117.419877134 299.739193173 135.468783039 0.99609375
v 117.40971876 299.828426812 140.998900622 0.99609375
v 116.929207705 300.261540052 135.42887643 0.99609375
v 117.291729434 300.209613646 140.45346198 0.99609375
v 117.169882625 300.161545646 135.951403471 0.99609375
v 116.914833335 300.248899742 140.60977682 0.99609375
v 117.326168069 300.503001558 135.049149066 0.99609375
v 117.047217665 300.779784908 140.095539307 0.99609375
v 117.413017079 301.030696977 135.457474844 0.99609375
v 117.10466402 301.028751923 140.819387719 0.99609375
v 117.398400713 301.354459538 135.786187085 0.99609375
v 117.272944397 301.121667795 140.602939411 0.99609375
v 117.171290598 301.668425087 135.764769638 0.99609375
v 117.17664051 301.626254615 140.141492918 0.99609375
v 117.169306788 301.983892011 135.124121371 0.99609375
v 117.218360201 301.637955787 140.777238343 0.99609375
v 116.896676642 302.08020832 135.192347826 0.99609375
v 117.092347894 302.128773964 140.059149544 0.99609375
v 117.22378802 302.450391933 135.041414678 0.99609375
v 117.016981225 302.282331295 140.962126876 0.99609375
v 117.32775424 302.49890858 135.274896756 0.99609375
v 117.020574477 302.801399159 140.75024488 0.99609375
v 117.141847914 303.270676702 135.50687906 0.99609375
v 117.35491677 303.305309198 140.081478212 0.99609375
v 116.920947078 303.500956404 135.322057233 0.99609375
v 117.094246565 303.602952372 140.90280457 0.99609375
v 117.09058049 303.819373181 135.649356125 0.99609375
v 117.003540318 303.443715743 140.97443359 0.99609375
v 116.977930436 304.019800144 136.060009458 0.99609375
v 117.308323755 303.652497252 140.192936325 0.99609375
v 117.283236484 303.992348036 137.760649592 0.99609375
v 117.136659397 304.185056603 140.510004345 0.99609375
v 117.37518826 276.332928947 140.279072456 0.99609375
v 117.288640313 276.410591764 139.298156068 0.99609375
v 117.348335031 276.364525092 141.319584629 0.99609375
v 117.17305295 276.758689741 135.210903441 0.99609375
v 117.50200573 276.477888306 141.125765239 0.99609375
v 117.248917285 277.146884966 135.361488568 0.99609375
v 117.255486883 276.800743508 140.831973714 0.99609375
v 117.535199424 277.522813646 134.706944732 0.99609375
v 117.252761082 277.110552654 141.330399882 0.99609375
v 117.412405562 277.396847712 135.409769873 0.99609375
v 117.284980538 277.694502761 140.69857087 0.99609375
v 117.286074847 277.986738279 135.712910241 0.99609375
v 117.56737092 277.605340361 140.843025435 0.99609375
v 117.693724032 278.368826671 135.806120668 0.99609375
v 117.510787396 278.218279164 140.76869523 0.99609375
v 117.167827122 278.114369589 135.932763889 0.99609375
v 117.340556483 278.145073473 140.607952044 0.99609375
v 117.360181313 278.633643671 135.207486534 0.99609375
v 117.602264269 278.401769653 140.958709423 0.99609375
v 117.459416684 279.021932722 135.549561555 0.99609375
v 117.190885315 279.185102925 140.587785009 0.99609375
v 117.568304883 279.442600249 135.634841426 0.99609375
v 117.626265122 279.10055785 140.714119691 0.99609375
v 117.313626424 279.752284682 135.715905246 0.99609375
v 117.57650571 279.333925668 141.053337511 0.99609375
v 117.602154941 279.808960353 135.420645422 0.99609375
v 117.512903044 279.71589375 141.211600783 0.99609375
v 117.607270509 280.428955022 135.113969277 0.99609375
v 117.640267383 280.030122344 141.311401115 0.99609375
v 117.184736853 280.462954484 135.786900655 0.99609375
v 117.394833753 280.418494277 141.059801028 0.99609375
v 117.192150578 280.642387934 135.70837666 0.99609375
v 117.406266281 280.589378119 140.759895217 0.99609375
v 117.589713731 281.295293034 135.150521146 0.99609375
v 117.222563703 280.783128229 140.604909759 0.99609375
v 117.736725695 281.158280801 135.659220494 0.99609375
v 117.416965753 281.144888344 141.194876341 0.99609375
v 117.349431418 281.633026234 135.073293613 0.99609375
v 117.577253998 281.822629693 140.839199884 0.99609375
v 117.463833858 282.003031119 135.63414948 0.99609375
v 117.313815465 281.911903976 141.198880659 0.99609375
v 117.582190879 282.365380403 135.231719729 0.99609375
v 117.535133249 282.156378884 141.321410363 0.99609375
v 117.382520143 282.602897395 135.963089937 0.99609375
v 117.442939952 282.470426333 140.977324427 0.99609375
v 117.499154798 282.63329262 135.690298737 0.99609375
v 117.215364107 282.579654362 141.224430267 0.99609375
v 117.285093051 283.101266474 135.252317915 0.99609375
v 117.551475898 283.291419291 140.523595465 0.99609375
v 117.17492157 283.497800268 135.694285401 0.99609375
v 117.650865831 283.148167115 140.946870132 0.99609375
v 117.605019357 283.83064941 135.011922976 0.99609375
v 117.226605965 283.602872109 140.506920542 0.99609375
v 117.396925997 284.001014179 135.396843807 0.99609375
v 117.609437341 284.075865597 141.469413803 0.99609375
v 117.219966591 284.060293017 135.573164937 0.99609375
v 117.461875979 284.152981961 140.641740799 0.99609375
v 117.210486954 284.681848604 135.014715887 0.99609375
v 117.34311363 284.539767735 141.178018272 0.99609375
v 117.73435004 284.574046504 135.401171789 0.99609375
v 117.605988314 284.66020828 141.389356149 0.99609375
v 117.666474473 284.936068981 135.898799511 0.99609375
v 117.178306675 284.838817707 140.932662576 0.99609375
v 117.611654128 285.512868482 135.088243939 0.99609375
v 117.211203885 285.299041987 140.736637552 0.99609375
v 117.52706173 285.901801751 135.164678871 0.99609375
v 117.22940558 285.576318451 141.26972256 0.99609375
v 117.198227891 285.942671847 135.616901398 0.99609375
v 117.275095273 286.229914685 141.327085886 0.99609375
v 117.604499438 286.491674062 135.329114156 0.99609375
v 117.317816514 286.374803777 140.628050664 0.99609375
v 117.482024335 286.518044674 135.12487146 0.99609375
v 117.580340603 286.439255899 141.476939008 0.99609375
v 117.212090696 286.72353447 135.253597834 0.99609375
v 117.452116346 286.779941974 141.25111399 0.99609375
v 117.382274826 287.124301765 135.79783635 0.99609375
v 117.446977616 286.978781971 141.251404713 0.99609375
v 117.552559688 287.425465962 135.924612159 0.99609375
v 117.651318602 287.142326019 141.060723592 0.99609375
v 117.166668834 287.8484231 135.282180901 0.99609375
v 117.584737918 287.417052615 141.263722297 0.99609375
v 117.547202078 288.175299408 135.990879322 0.99609375
v 117.317296384 287.801250739 141.114769628 0.99609375
v 117.646348751 288.145005569 135.887443628 0.99609375
v 117.360696591 288.189830675 141.201877785 0.99609375
v 117.383140458 288.829839418 135.19145545 0.99609375
v 117.416068053 288.743689409 141.433559478 0.99609375
v 117.242655481 288.694704365 135.043985074 0.99609375
v 117.339200506 288.763417046 141.285233683 0.99609375
v 117.453021065 288.935941759 135.802761626 0.99609375
v 117.684721752 289.287349782 141.389655289 0.99609375
v 117.731734161 289.194893352 135.90329053 0.99609375
v 117.310700517 289.363995085 141.413543436 0.99609375
v 117.522870756 289.737508426 135.327793375 0.99609375
v 117.3841738 289.581148711 141.194715201 0.99609375
v 117.362369287 289.741123768 135.034678078 0.99609375
v 117.484582115 290.130989413 140.830606119 0.99609375
v 117.639996322 290.068384509 135.135883052 0.99609375
v 117.176787106 290.523364902 140.715937304 0.99609375
v 117.240351718 290.780787646 135.050281855 0.99609375
v 117.597795699 290.518192748 140.554244034 0.99609375
v 117.201673155 290.794446068 135.804785107 0.99609375
v 117.644375057 290.819195638 141.386466577 0.99609375
v 117.49535364 290.959180554 135.852040995 0.99609375
v 117.188431913 291.429589506 140.575404808 0.99609375
v 117.695298337 291.331167223 135.012948768 0.99609375
v 117.448044207 291.429323043 141.471041335 0.99609375
v 117.352676627 291.76846725 135.707270481 0.99609375
v 117.229651918 291.471058653 141.208801779 0.99609375
v 117.64490023 292.010819531 135.200842318 0.99609375
v 117.185892242 291.767107187 140.626094708 0.99609375
v 117.620182379 292.036835955 135.368784126 0.99609375
v 117.302686779 292.350938367 141.075234534 0.99609375
v 117.443201385 292.458075512 135.295121083 0.99609375
v 117.196804138 292.761398234 140.527788154 0.99609375
v 117.59356947 292.610959477 135.118715399 0.99609375
v 117.366109966 292.691613978 140.599553485 0.99609375
v 117.691506996 293.110535211 135.969343913 0.99609375
v 117.590067094 293.288451877 140.818277761 0.99609375
v 117.548947365 293.479913319 135.048529363 0.99609375
v 117.436748414 293.201304228 140.975500607 0.99609375
v 117.226491662 293.90761506 135.934177866 0.99609375
v 117.505620872 293.77847553 140.684311313 0.99609375
v 117.168639798 293.961370466 135.701929943 0.99609375
v 117.367494156 293.886503241 140.686176423 0.99609375
v 117.332098576 294.421552071 135.217920108 0.99609375
v 117.314180781 294.435249442 140.259053272 0.99609375
v 117.191426604 294.803442558 135.700517831 0.99609375
v 117.664636824 294.474238664 140.767832057 0.99609375
v 117.399261852 295.049780317 135.483358696 0.99609375
v 117.300070702 294.817751859 140.650427668 0.99609375
v 117.364565194 295.496250112 135.96939894 0.99609375
v 117.497152161 295.167571332 140.506523485 0.99609375
v 117.279382635 295.270888685 135.719608828 0.99609375
v 117.160413985 295.35959039 140.517752717 0.99609375
v 117.531741753 295.842578393 135.84621616 0.99609375
v 117.546210639 295.654476318 140.938085901 0.99609375
v 117.301292531 296.227751111 135.680625487 0.99609375
v 117.336092016 296.03227496 140.34051762 0.99609375
v 117.729177025 296.310474327 135.00739053 0.99609375
v 117.219599819 296.525553248 140.795526243 0.99609375
v 117.590361303 296.732155817 135.007553128 0.99609375
v 117.231867534 296.557511195 140.316337956 0.99609375
v 117.353271687 296.732265345 135.822594925 0.99609375
v 117.686960736 297.113624821 140.145540085 0.99609375
v 117.378792223 297.136806641 135.707362741 0.99609375
v 117.650291041 297.537294766 140.065031459 0.99609375
v 117.365395522 297.725654594 135.802610548 0.99609375
v 117.206702598 297.675855287 140.965546435 0.99609375
v 117.389313588 298.084572982 135.087323357 0.99609375
v 117.224624655 297.655977662 140.430860482 0.99609375
v 117.636566884 298.380385599 135.476570228 0.99609375
v 117.199714641 297.905056332 140.444906189 0.99609375
v 117.489442743 298.192127625 135.523472181 0.99609375
v 117.234011872 298.504377937 140.78237949 0.99609375
v 117.57182787 298.760935781 135.188639697 0.99609375
v 117.215773623 298.932600136 140.052007299 0.99609375
v 117.66304713 298.996963066 135.070714773 0.99609375
v 117.62193744 298.985859172 140.209466186 0.99609375
v 117.404755874 299.421438442 135.85365193 0.99609375
v 117.48172909 299.467901308 140.063028125 0.99609375
v 117.333114009 299.597728788 135.022615808 0.99609375
v 117.643874337 299.598514162 140.085065184 0.99609375
v 117.73723169 299.735827374 135.113647422 0.99609375
v 117.567953042 299.927141196 140.681984115 0.99609375
v 117.210915311 300.370891038 135.650976073 0.99609375
v 117.172226837 300.067328515 140.164867048 0.99609375
v 117.446996446 300.22761736 135.209981885 0.99609375
v 117.377298049 300.240824513 140.530804902 0.99609375
v 117.341125152 300.608734089 135.949739736 0.99609375
v 117.648478863 301.010372449 141.107305298 0.99609375
v 117.313277773 301.044492953 135.57878847 0.99609375
v 117.286178211 301.260828808 141.20385022 0.99609375
v 117.258771445 301.221751154 135.699008078 0.99609375
v 117.250430026 301.378787247 141.189701271 0.99609375
v 117.362535388 301.676978387 135.19060639 0.99609375
v 117.206620767 301.473843974 141.49143029 0.99609375
v 117.512785376 301.731633333 135.862081354 0.99609375
v 117.511309738 301.740583263 140.595361897 0.99609375
v 117.206590669 302.016737203 135.428816957 0.99609375
v 117.424508376 302.072649478 141.169665601 0.99609375
v 117.392076595 302.414428096 135.517391771 0.99609375
v 117.283118658 302.332202438 140.500170122 0.99609375
v 117.161501538 302.542787706 135.859432328 0.99609375
v 117.702125816 302.472360002 141.393477663 0.99609375
v 117.330422603 303.172753674 135.809550042 0.99609375
v 117.621901234 302.970664246 141.287229172 0.99609375
v 117.254128395 303.297366866 135.256414518 0.99609375
v 117.67136444 303.433104147 141.123789595 0.99609375
v 117.445931067 303.810336342 135.922905169 0.99609375
v 117.60333422 303.664610807 140.586513203 0.99609375
v 117.470359594 303.67580734 135.520082249 0.99609375
v 117.732528059 303.804761543 140.981043355 0.99609375
v 117.683696726 304.105204342 137.060510461 0.99609375
v 117.605710705 304.07631544 140.89528123 0.99609375
v 117.666219217 276.047226945 140.022712495 0.99609375
v 117.852917936 276.477312238 139.5886005 0.99609375
v 117.714927811 276.283077808 141.246463111 0.99609375
v 117.949145744 276.856986827 134.793039821 0.99609375
v 117.540083228 276.756063811 141.468450934 0.99609375
v 117.868490652 277.02086531 135.447052013 0.99609375
v 117.810274374 276.804168734 140.619274633 0.99609375
v 117.776276274 277.415797994 135.222860065 0.99609375
v 117.856491335 277.133647236 140.593578798 0.99609375
v 117.540144371 277.463946315 135.647108149 0.99609375
v 117.889806655 277.736265049 140.755618915 0.99609375
v 117.805010385 277.860522864 135.916471713 0.99609375
v 117.490540806 277.685932398 140.937364307 0.99609375
v 117.738384319 278.290068601 135.126074089 0.99609375
v 117.769460251 278.152564178 141.138757663 0.99609375
v 117.891140931 278.372822442 135.293675316 0.99609375
v 117.976776245 278.268646908 141.335070099 0.99609375
v 117.786169812 278.804094878 135.053222728 0.99609375
v 117.922807938 278.510492966 141.446698105 0.99609375
v 117.921087301 278.700831907 135.413772897 0.99609375
v 117.821027183 278.779439241 141.259883689 0.99609375
v 117.765844535 279.066564074 135.78389415 0.99609375
v 117.922613417 279.085940008 140.855116251 0.99609375
v 117.706378064 279.50084144 135.657768643 0.99609375
v 117.617072448 279.357621859 140.774198508 0.99609375
v 118.020437316 279.788898037 135.948923887 0.99609375
v 117.605895094 279.892938834 140.510155283 0.99609375
v 117.813481473 280.042308092 135.553252356 0.99609375
v 117.752109516 280.119843882 140.96664305 0.99609375
v 117.676961189 280.185602381 135.856126909 0.99609375
v 117.925899745 280.280054448 141.179792967 0.99609375
v 117.764465992 280.969694614 135.702542604 0.99609375
v 117.551665016 280.460308169 141.272703908 0.99609375
v 117.585646552 280.952866199 135.32418156 0.99609375
v 117.754226385 281.143465169 141.335664661 0.99609375
v 117.803314409 281.268631435 135.739671586 0.99609375
v 117.791122564 281.046078455 140.686059845 0.99609375
v 117.598126343 281.83005332 135.172544696 0.99609375
v 117.505211817 281.738207834 141.300461944 0.99609375
v 117.796369206 282.095687495 135.101134236 0.99609375
v 117.546758667 281.750532001 140.789584873 0.99609375
v 117.936640133 282.012124572 135.016001251 0.99609375
v 117.465985072 282.090103112 140.943918532 0.99609375
v 117.667758455 282.495942395 135.864301541 0.99609375
v 117.687205707 282.275443765 140.593621895 0.99609375
v 117.795878285 283.026056749 135.21437339 0.99609375
v 117.898623852 283.00759006 140.52492591 0.99609375
v 117.783007145 282.817344218 135.2478459 0.99609375
v 117.515078023 283.172660987 141.211582588 0.99609375
v 117.589687987 283.351559223 135.509876264 0.99609375
v 117.462755052 283.294335088 141.106237326 0.99609375
v 117.922737245 283.897200509 135.338932328 0.99609375
v 117.622114541 283.846549802 140.963860494 0.99609375
v 117.953270586 284.137283126 135.586859282 0.99609375
v 117.863341449 284.177432393 141.202604242 0.99609375
v 117.570626733 284.042285658 135.659616503 0.99609375
v 117.906710087 283.998862186 141.177669493 0.99609375
v 117.659277172 284.365611374 135.677628009 0.99609375
v 117.559115591 284.241595406 141.205347673 0.99609375
v 117.650474308 284.821162615 135.124498148 0.99609375
v 118.010040264 284.926109906 140.580202045 0.99609375
v 117.914125529 285.115263526 135.246861428 0.99609375
v 117.892911368 284.803218954 141.205420009 0.99609375
v 117.928281346 285.248800529 135.57766028 0.99609375
v 117.709771876 285.531975476 141.161677422 0.99609375
v 117.718665127 285.655604475 135.456521266 0.99609375
v 117.973036275 285.443212354 141.441469801 0.99609375
v 117.638922258 285.673729516 135.242880117 0.99609375
v 117.472661981 286.030907332 141.195713268 0.99609375
v 117.685629698 285.990337828 135.807422228 0.99609375
v 117.710115608 286.024101674 140.859278094 0.99609375
v 117.483822575 286.805222928 135.646454478 0.99609375
v 117.480770256 286.253924448 140.50315448 0.99609375
v 117.813583267 286.908448366 135.839486457 0.99609375
v 117.591123353 286.884972133 140.500246837 0.99609375
v 117.598092719 287.159938157 135.864316664 0.99609375
v 117.51315029 287.201763478 140.92729763 0.99609375
v 118.019305648 287.422630707 135.951591185 0.99609375
v 117.589542051 287.414195529 141.216370804 0.99609375
v 117.759388272 287.841894787 135.060444845 0.99609375
v 117.970195237 287.73601439 141.39927922 0.99609375
v 117.527950761 288.115724633 135.064922096 0.99609375
v 117.993096604 287.805646334 141.18344401 0.99609375
v 117.501518526 287.979436945 135.928013973 0.99609375
v 117.933685954 288.166141742 140.993234524 0.99609375
v 117.95300263 288.748464189 135.177858125 0.99609375
v 117.521949775 288.467087894 141.100837382 0.99609375
v 117.962540047 289.019237912 135.707852294 0.99609375
v 117.654013898 288.687891676 140.54468743 0.99609375
v 117.688971985 289.38776411 135.537065987 0.99609375
v 117.705757729 289.258008763 141.046417318 0.99609375
v 117.536471967 289.258611798 135.194676766 0.99609375
v 117.653494348 289.620992188 141.306870663 0.99609375
v 117.637635308 289.723763388 135.181921853 0.99609375
v 117.836444685 289.88442011 141.389462168 0.99609375
v 117.899406195 289.887409028 135.504948815 0.99609375
v 117.900002122 290.247566513 140.653703888 0.99609375
v 117.952394509 290.528607523 135.871029291 0.99609375
v 117.572198453 290.139868215 141.459265242 0.99609375
v 117.766250954 290.698475353 135.6124337 0.99609375
v 117.744446726 290.651461012 140.543157314 0.99609375
v 118.027880246 290.988734774 135.55942517 0.99609375
v 117.93666383 290.760158699 141.099720839 0.99609375
v 117.472069364 291.253142091 135.124858234 0.99609375
v 117.880819485 291.330391204 141.409510378 0.99609375
v 117.956478266 291.49228448 135.974847127 0.99609375
v 117.803084474 291.338460997 140.597473298 0.99609375
v 117.68366082 291.602423853 135.004553469 0.99609375
v 117.915100242 291.544259409 140.525905039 0.99609375
v 117.587211337 292.275637055 135.873033882 0.99609375
v 117.560626018 292.233740644 141.009998163 0.99609375
v 117.461867448 292.52305854 135.542841143 0.99609375
v 117.645084754 292.042957211 141.216858948 0.99609375
v 117.523603596 292.659206345 135.347563575 0.99609375
v 117.822195426 292.454277116 140.768470277 0.99609375
v 117.975005425 292.985290928 135.680466936 0.99609375
v 117.930401721 292.717744484 140.641315163 0.99609375
v 117.595538235 293.204633161 135.693806351 0.99609375
v 118.008785802 293.194827623 140.72202987 0.99609375
v 117.514138485 293.729376805 135.886447667 0.99609375
v 117.872622115 293.680488096 141.093086302 0.99609375
v 117.618385952 293.799854282 135.035038921 0.99609375
v 117.521238664 293.617124066 140.66759587 0.99609375
v 117.633868516 294.099587577 135.959177601 0.99609375
v 117.64652747 293.935930919 140.936496333 0.99609375
v 117.95338372 294.476122537 135.614318129 0.99609375
v 117.564110039 294.326870123 140.532071154 0.99609375
v 117.51992889 294.74779397 135.586378697 0.99609375
v 118.005008214 294.573921213 141.460357885 0.99609375
v 117.457413566 295.208463306 135.864174443 0.99609375
v 117.881786196 295.13892794 140.987249085 0.99609375
v 117.86411339 295.185168216 135.799827923 0.99609375
v 117.646015251 295.034476385 140.991352718 0.99609375
v 117.691465583 295.447926646 135.851366644 0.99609375
v 117.79362659 295.537175417 140.751549083 0.99609375
v 117.685771427 295.569274489 135.550044777 0.99609375
v 117.905701233 295.925145243 140.839875511 0.99609375
v 117.888732035 295.863498234 135.430204866 0.99609375
v 117.714290116 296.234301541 141.343820701 0.99609375
v 117.586419977 296.32581222 135.744577451 0.99609375
v 117.621699214 296.477379068 141.358100356 0.99609375
v 117.599267435 296.479720403 135.617508038 0.99609375
v 117.728850251 296.390062928 141.443169938 0.99609375
v 117.902342768 296.704198727 135.204581493 0.99609375
v 117.791535528 296.834167762 140.817153419 0.99609375
v 117.826740766 297.278272062 135.888590693 0.99609375
v 118.000168572 297.165923999 141.039236443 0.99609375
v 117.742023005 297.442796947 135.653795255 0.99609375
v 117.853506347 297.743000525 140.932935401 0.99609375
v 117.688250222 297.726523682 135.065447576 0.99609375
v 117.873334554 297.620781359 141.488862445 0.99609375
v 117.542960419 298.306619898 135.186661924 0.99609375
v 117.961281903 298.395023782 140.780718908 0.99609375
v 117.869832329 298.144363228 135.081987664 0.99609375
v 117.836314914 298.593886163 140.607524297 0.99609375
v 117.83490254 298.673796252 135.714308917 0.99609375
v 117.716561895 298.892764795 140.885604922 0.99609375
v 117.856847997 298.965996065 135.431846771 0.99609375
v 117.936745476 299.039807168 140.75284222 0.99609375
v 117.820075564 299.363650148 135.704940207 0.99609375
v 117.854898594 299.17571865 140.986057 0.99609375
v 118.0236762 299.843790092 135.087988559 0.99609375
v 117.509934497 299.308273791 141.387492733 0.99609375
v 117.855158485 299.78867067 135.800398831 0.99609375
v 117.929040437 300.030542488 140.839587285 0.99609375
v 117.660181725 299.91756564 135.051084522 0.99609375
v 117.738306238 300.272023808 141.399676997 0.99609375
v 117.806143702 300.180124364 135.334336412 0.99609375
v 117.587583974 300.169493228 141.165254335 0.99609375
v 117.545088196 300.838388006 135.752982569 0.99609375
v 117.876494414 300.600004322 140.970387979 0.99609375
v 117.796793684 300.765144441 135.126612711 0.99609375
v 117.677470451 301.2732603 141.076676739 0.99609375
v 117.688970834 301.056617499 135.546654325 0.99609375
v 117.735070098 301.246516445 141.190134701 0.99609375
v 117.706918207 301.55586671 135.562564492 0.99609375
v 117.524074601 301.681775037 141.240292944 0.99609375
v 117.499278396 301.716877795 135.726987901 0.99609375
v 117.460560299 301.979541245 140.995956734 0.99609375
v 118.022853651 302.351447881 135.13925851 0.99609375
v 117.961952037 302.1216078 141.462846604 0.99609375
v 117.80972527 302.482924892 135.798286067 0.99609375
v 117.471038266 302.393882569 140.961490409 0.99609375
v 117.52717345 302.820867564 135.091758114 0.99609375
v 117.868839181 302.897030556 140.96256528 0.99609375
v 117.488086993 302.82696355 135.615487078 0.99609375
v 117.813244324 302.764511341 141.226363659 0.99609375
v 117.614908482 303.195171004 135.842534028 0.99609375
v 117.95989135 303.126161958 140.616321842 0.99609375
v 117.804104894 303.799648504 135.683946011 0.99609375
v 118.023946251 303.691196974 140.607150566 0.99609375
v 117.724210037 303.8486513 136.25695983 0.99609375
v 117.459630572 304.098472217 141.249329967 0.99609375
v 117.468123075 304.139041563 137.743856727 0.99609375
v 117.869822289 303.958877034 140.883053848 0.99609375
v 118.203244505 276.161281301 140.601136596 0.99609375
v 117.961920984 276.352864261 139.107137853 0.99609375
v 117.957354031 276.236256275 141.285623718 0.99609375
v 117.763771914 276.771467138 134.942443114 0.99609375
v 118.219937571 276.429447622 140.861225701 0.99609375
v 118.151718081 277.148380013 134.601012191 0.99609375
v 117.885832317 276.91905783 141.49010196 0.99609375
v 117.912902714 277.192553742 134.773088197 0.99609375
v 118.216186429 276.991909574 141.172386187 0.99609375
v 117.89999152 277.735643169 134.720925167 0.99609375
v 117.805793751 277.612957944 141.270924 0.99609375
v 118.273254484 277.873623118 135.601984627 0.99609375
v 118.150208517 277.860038702 140.821377134 0.99609375
v 118.019883347 277.943955536 135.993808146 0.99609375
v 117.946893722 278.168052804 141.120848329 0.99609375
v 117.906163327 278.528420666 135.929187675 0.99609375
v 118.241607719 278.417700869 141.490661513 0.99609375
v 117.759468597 278.90194625 135.754844742 0.99609375
v 118.19134978 278.872110893 140.813102849 0.99609375
v 117.933305568 278.770975868 135.82583419 0.99609375
v 118.126830309 278.903256699 140.670390466 0.99609375
v 118.115258215 279.524259592 135.825979959 0.99609375
v 117.961842839 279.0221047 141.272037733 0.99609375
v 117.808307008 279.674872768 135.671298716 0.99609375
v 118.245444227 279.503695887 141.337387911 0.99609375
v 117.805290439 279.906909431 135.575608756 0.99609375
v 118.137490119 279.795178592 140.563373674 0.99609375
v 117.956136644 279.93558874 135.001023099 0.99609375
v 117.81158972 280.300833964 140.9644638 0.99609375
v 118.009463746 280.351451225 135.53427353 0.99609375
v 117.80727053 280.269589341 140.923245986 0.99609375
v 118.266271045 280.998359365 135.411255724 0.99609375
v 117.857996665 280.850228635 141.026144608 0.99609375
v 118.013153737 281.272163371 135.918109706 0.99609375
v 118.125676633 281.068462062 141.380225018 0.99609375
v 118.180274873 281.402521679 135.625171169 0.99609375
v 118.315299011 281.476432123 141.238713412 0.99609375
v 118.092190829 281.530984635 135.642121439 0.99609375
v 118.225619316 281.42798122 140.544656236 0.99609375
v 118.258205758 282.109616675 135.946033514 0.99609375
v 117.990622506 281.676598105 141.481447359 0.99609375
v 118.087674488 282.295237359 135.220784706 0.99609375
v 118.052322477 281.898923185 141.382413039 0.99609375
v 118.006176926 282.216533191 135.555176269 0.99609375
v 118.192164919 282.636081562 141.429191748 0.99609375
v 118.287363406 282.964663533 135.990218868 0.99609375
v 117.803357991 282.826218407 140.82657407 0.99609375
v 118.215818652 283.20377259 135.26534126 0.99609375
v 118.070284405 283.24918216 140.846959273 0.99609375
v 117.757357147 283.248997282 135.627020032 0.99609375
v 117.892911846 283.598416952 141.139210151 0.99609375
v 117.915382363 283.644729064 135.183393531 0.99609375
v 118.275374495 283.75812986 140.550965284 0.99609375
v 117.891175716 283.729607886 135.12607522 0.99609375
v 117.877681116 283.963075503 140.597480379 0.99609375
v 117.774962421 284.327738148 135.920140316 0.99609375
v 118.269100906 284.084053872 140.88249739 0.99609375
v 117.791568849 284.337428889 135.701714546 0.99609375
v 118.261767561 284.489288399 141.395657171 0.99609375
v 118.181988875 284.528335953 135.410443878 0.99609375
v 117.804011349 284.526038327 140.853704469 0.99609375
v 117.78114991 284.950485516 135.056627337 0.99609375
v 117.879675433 284.974028311 140.707831839 0.99609375
v 118.150944812 285.486110021 135.526682765 0.99609375
v 117.961715311 285.471774755 141.081684984 0.99609375
v 117.849301074 285.822298034 135.909087386 0.99609375
v 117.78994324 285.466355534 141.160574483 0.99609375
v 117.741783821 286.020595747 135.176593147 0.99609375
v 118.202618178 286.155421844 141.434874769 0.99609375
v 118.097329628 286.259684313 135.695710233 0.99609375
v 118.249687209 286.422275442 140.75724466 0.99609375
v 118.132627871 286.677847734 135.33729186 0.99609375
v 117.975422184 286.450375581 141.435614483 0.99609375
v 118.106944666 286.785951725 135.533394682 0.99609375
v 117.82615304 286.668187089 141.481456407 0.99609375
v 117.886746987 287.051966622 135.927511367 0.99609375
v 117.76289567 287.154057904 141.369551564 0.99609375
v 117.854651741 287.467160886 135.050565327 0.99609375
v 117.870600106 287.506854657 141.410365986 0.99609375
v 117.94439657 287.805713779 135.694664596 0.99609375
v 118.110476687 287.558893501 141.321716303 0.99609375
v 117.962793132 288.106048761 135.788861847 0.99609375
v 118.090960799 288.138196394 141.192218448 0.99609375
v 118.275518515 288.523963051 135.00832022 0.99609375
v 117.764793245 288.477504909 141.186191467 0.99609375
v 118.242968899 288.335521429 135.45129706 0.99609375
v 117.851134268 288.749507261 141.1666173 0.99609375
v 117.741116889 288.674895776 135.611734775 0.99609375
v 118.294327688 288.712626888 140.999661926 0.99609375
v 118.103998681 288.95189707 135.90358898 0.99609375
v 117.969482329 289.097821946 140.873741919 0.99609375
v 118.285996099 289.448071974 135.219767055 0.99609375
v 118.191604965 289.534196843 141.013498473 0.99609375
v 117.974370913 289.997382951 135.764302491 0.99609375
v 118.218676909 289.946988725 140.988741334 0.99609375
v 118.301600814 289.992397552 135.323368969 0.99609375
v 118.019265194 290.068612722 140.851931566 0.99609375
v 118.316349192 290.044787376 135.996405677 0.99609375
v 117.779292308 290.24168669 140.825154526 0.99609375
v 117.754304263 290.576538332 135.17058324 0.99609375
v 118.253286691 290.759240168 140.745851095 0.99609375
v 118.260799063 290.612878847 135.470330435 0.99609375
v 117.870392855 290.814384364 141.453304263 0.99609375
v 117.835290188 291.247593436 135.352657374 0.99609375
v 118.318457193 290.946640468 141.290865217 0.99609375
v 117.941321148 291.723617542 135.94750026 0.99609375
v 118.004256948 291.625598396 141.171769556 0.99609375
v 117.916657508 291.938263108 135.817823201 0.99609375
v 118.102472115 291.597825744 140.703704633 0.99609375
v 118.039385501 291.740595873 135.540840867 0.99609375
v 117.889898321 291.904093891 141.009783926 0.99609375
v 117.791329134 292.319228307 135.694179767 0.99609375
v 117.84488262 292.495849711 140.664346061 0.99609375
v 117.818408159 292.848100829 135.680125125 0.99609375
v 118.221589996 292.541735199 140.603145251 0.99609375
v 118.239087226 293.115492081 135.827156227 0.99609375
v 118.155563608 293.089702079 140.687206513 0.99609375
v 117.769451779 293.219139503 135.074859807 0.99609375
v 117.761437885 292.951538799 141.019496982 0.99609375
v 118.040199095 293.765531427 135.375148551 0.99609375
v 118.147668422 293.623185738 141.090314617 0.99609375
v 118.140354933 293.771454207 135.688832175 0.99609375
v 118.275282583 294.039522474 141.042619642 0.99609375
v 118.092930751 294.251817417 135.769056406 0.99609375
v 117.989157875 294.184455468 141.241104306 0.99609375
v 117.765995259 294.09205783 135.385262152 0.99609375
v 118.029773032 294.096316503 141.325233227 0.99609375
v 118.280616018 294.638523982 135.45970749 0.99609375
v 117.897893451 294.82412367 140.835904135 0.99609375
v 118.008382793 295.09714381 135.445235317 0.99609375
v 118.113300842 294.909879038 141.018152206 0.99609375
v 117.974433895 295.360941132 135.250826528 0.99609375
v 117.89654055 295.318653409 141.130181334 0.99609375
v 118.290992561 295.531423505 135.332721781 0.99609375
v 118.126702692 295.437209103 140.547989376 0.99609375
v 118.072120344 295.793855245 135.629864764 0.99609375
v 117.943136786 295.54944056 140.942420281 0.99609375
v 118.267855839 296.044182522 135.122096668 0.99609375
v 118.106447962 296.362002413 140.662230316 0.99609375
v 118.026685496 296.162356129 135.042970597 0.99609375
v 117.817139795 296.381725182 141.018638087 0.99609375
v 117.859541988 296.6843362 135.189037949 0.99609375
v 117.862622227 296.846656959 140.634096921 0.99609375
v 118.055800419 296.875936973 135.642988092 0.99609375
v 117.862255809 296.799613554 141.459699329 0.99609375
v 118.087512547 297.221508273 135.08256381 0.99609375
v 118.049742473 297.340985039 140.545067818 0.99609375
v 117.814621508 297.639517229 135.445632421 0.99609375
v 118.01326989 297.649273241 141.351659786 0.99609375
v 117.87289167 297.663336774 135.942617956 0.99609375
v 118.150095959 298.013852364 140.668034171 0.99609375
v 118.201222332 298.378100583 135.738950186 0.99609375
v 117.937740698 297.966047138 140.725828803 0.99609375
v 117.949907131 298.211928616 135.222768802 0.99609375
v 117.810775006 298.680739129 141.070565849 0.99609375
v 118.187939649 298.894119951 135.654043664 0.99609375
v 117.831583475 298.414547705 141.246176659 0.99609375
v 118.175527856 298.928657954 135.002183621 0.99609375
v 117.868464203 298.781377839 140.538716693 0.99609375
v 118.317956834 299.383915591 135.605741792 0.99609375
v 118.002826519 299.039359497 141.049255382 0.99609375
v 117.755255574 299.382356774 135.093754579 0.99609375
v 117.746447107 299.324622476 140.756851901 0.99609375
v 118.18602508 299.724306593 135.401240578 0.99609375
v 118.206308649 299.655660729 140.573066043 0.99609375
v 118.154222434 300.203704636 135.401659601 0.99609375
v 118.20436112 300.012574194 140.563073576 0.99609375
v 117.905452355 300.636256763 135.745035762 0.99609375
v 117.857520495 300.182563756 141.074253294 0.99609375
v 118.309772264 300.680241767 135.657771986 0.99609375
v 118.294490796 300.846840404 140.952293858 0.99609375
v 118.250019382 300.857048421 135.798332713 0.99609375
v 117.978908435 301.300941216 141.143616697 0.99609375
v 118.263487566 301.122641734 135.515300408 0.99609375
v 118.004292171 301.488450583 141.093664428 0.99609375
v 118.04863636 301.687530589 135.912835083 0.99609375
v 117.780945172 301.43077238 141.427970453 0.99609375
v 118.023227998 301.666285987 135.773285776 0.99609375
v 118.299277593 301.939338124 141.050738366 0.99609375
v 118.316628699 302.410343139 135.103816029 0.99609375
v 117.777897749 302.18681137 140.805884665 0.99609375
v 118.092672678 302.242674247 135.682175027 0.99609375
v 118.009911261 302.709475694 141.164780156 0.99609375
v 118.186122507 302.569350492 135.82962845 0.99609375
v 118.149776353 302.950223092 140.925531722 0.99609375
v 118.261607726 302.789107302 135.656452881 0.99609375
v 118.015349408 303.206330603 140.535736024 0.99609375
v 118.263999435 303.604586432 135.314543266 0.99609375
v 118.051306707 303.367722375 141.0260516 0.99609375
v 118.213389793 303.839694981 135.399207939 0.99609375
v 118.20299241 303.700100826 140.76658016 0.99609375
v 118.186890069 304.1402659 135.741226711 0.99609375
v 118.173334229 304.061302761 141.008082346 0.99609375
v 118.010903044 304.310669726 137.175241468 0.99609375
v 118.287136712 304.103423965 140.549092352 0.99609375
v 118.155981115 276.089589565 140.227543474 0.99609375
v 118.142759962 276.16086986 139.169713888 0.99609375
v 118.409478855 276.481707151 141.039765667 0.99609375
v 118.042353121 276.664772067 134.890155948 0.99609375
v 118.17846099 276.879132982 140.726495886 0.99609375
v 118.437091299 276.711889772 135.125823457 0.99609375
v 118.299967108 277.084399575 140.668122015 0.99609375
v 118.156103729 277.227109875 135.098203365 0.99609375
v 118.317880994 277.271101699 141.037514813 0.99609375
v 118.139186338 277.289178417 134.666609173 0.99609375
v 118.078336089 277.506807372 141.298589082 0.99609375
v 118.166094072 277.719995025 135.863724969 0.99609375
v 118.22125042 278.00496921 140.718937942 0.99609375
v 118.150390435 278.349887257 135.502132329 0.99609375
v 118.507655785 277.820582793 140.807296231 0.99609375
v 118.193842745 278.326946304 135.332453953 0.99609375
v 118.45282055 278.165188084 141.405690947 0.99609375
v 118.331710255 278.546159074 135.626359313 0.99609375
v 118.577380242 278.681862851 140.595747553 0.99609375
v 118.503856689 279.226861263 135.026818201 0.99609375
v 118.169203527 279.230936917 141.436009665 0.99609375
v 118.303218109 279.447631059 135.268638692 0.99609375
v 118.197201067 279.296444356 141.296075097 0.99609375
v 118.165689822 279.288768585 135.32440386 0.99609375
v 118.039616978 279.711395586 140.867471925 0.99609375
v 118.390792873 280.095459228 135.484150093 0.99609375
v 118.264192909 280.1238733 141.297705303 0.99609375
v 118.233166367 280.395383814 135.16253626 0.99609375
v 118.187499488 280.05276599 141.216895494 0.99609375
v 118.107481967 280.521339765 135.045455262 0.99609375
v 118.483740097 280.228987207 141.008390022 0.99609375
v 118.072508938 280.535479602 135.729414983 0.99609375
v 118.380398721 280.551961479 140.597363069 0.99609375
v 118.275889134 280.937082166 135.670186102 0.99609375
v 118.062585446 281.261589301 140.713832156 0.99609375
v 118.409423786 281.290412173 135.533445283 0.99609375
v 118.186894303 281.355332855 141.185573649 0.99609375
v 118.2525625 281.50646001 135.502225969 0.99609375
v 118.448155391 281.51294953 140.954874238 0.99609375
v 118.260472067 281.610709865 135.155006149 0.99609375
v 118.248289208 282.087200419 140.786072404 0.99609375
v 118.148507575 282.01293407 135.661107797 0.99609375
v 118.59152985 282.297013575 140.781808945 0.99609375
v 118.145345147 282.246339884 135.481233574 0.99609375
v 118.264020418 282.277864272 140.573035705 0.99609375
v 118.221944318 282.609504258 135.688008473 0.99609375
v 118.44010438 282.827348094 140.955384605 0.99609375
v 118.44745066 282.864013974 135.624619978 0.99609375
v 118.249766504 283.282480564 140.66647197 0.99609375
v 118.136403418 283.522503738 135.743431419 0.99609375
v 118.20756042 283.46930873 140.636221437 0.99609375
v 118.583189033 283.72464369 135.273066438 0.99609375
v 118.096685944 283.515156838 140.600107617 0.99609375
v 118.352206065 283.899572216 135.135962147 0.99609375
v 118.224029439 284.15454042 140.632987183 0.99609375
v 118.407198945 284.184091511 135.040537926 0.99609375
v 118.22123331 284.074894767 141.110470872 0.99609375
v 118.342012789 284.428836357 135.82689621 0.99609375
v 118.1597846 284.317255402 141.134049848 0.99609375
v 118.223369551 284.631520244 135.39383659 0.99609375
v 118.405850016 284.930403129 141.262469444 0.99609375
v 118.367688117 285.107852105 135.357096675 0.99609375
v 118.4685947 284.920614303 140.825774842 0.99609375
v 118.452331385 285.526431495 135.418312792 0.99609375
v 118.22354891 285.153419726 140.63484428 0.99609375
v 118.143123854 285.717752429 135.241799809 0.99609375
v 118.362344659 285.376192692 141.373426737 0.99609375
v 118.209244958 286.218130472 135.208597 0.99609375
v 118.524002004 286.015801943 141.006956758 0.99609375
v 118.150933414 286.272479292 135.214650913 0.99609375
v 118.303572639 286.277883228 140.697194875 0.99609375
v 118.407171543 286.356425215 135.927333947 0.99609375
v 118.089851076 286.62016648 141.117308595 0.99609375
v 118.277993452 286.927229807 135.572589783 0.99609375
v 118.536659516 286.709576758 140.60398639 0.99609375
v 118.287015906 286.857169847 135.80999634 0.99609375
v 118.367319209 286.813001501 140.595929175 0.99609375
v 118.159853115 287.352502639 135.968291109 0.99609375
v 118.182211436 287.258992474 141.006719919 0.99609375
v 118.403916349 287.738741455 135.360835018 0.99609375
v 118.483652705 287.790708622 141.492594676 0.99609375
v 118.290322991 288.187111111 135.941439139 0.99609375
v 118.463187268 287.765844774 140.951482392 0.99609375
v 118.409202544 288.373997979 135.183743893 0.99609375
v 118.331906958 288.32190175 140.86070724 0.99609375
v 118.059950407 288.637249754 135.588081432 0.99609375
v 118.522558805 288.601942668 141.19768395 0.99609375
v 118.062988407 288.955820674 135.373438994 0.99609375
v 118.100634014 289.034687935 140.99403474 0.99609375
v 118.443061143 289.224758122 135.607229654 0.99609375
v 118.218302531 289.341111891 140.923464116 0.99609375
v 118.216383927 289.368161117 135.574806436 0.99609375
v 118.084076195 289.486835193 141.343184749 0.99609375
v 118.367873615 289.64701476 135.435341648 0.99609375
v 118.049224179 289.436853725 141.47017792 0.99609375
v 118.150676754 290.237752924 135.782886729 0.99609375
v 118.385952976 290.223835435 140.526409951 0.99609375
v 118.388775662 290.570983838 135.862028928 0.99609375
v 118.113672564 290.386220599 140.942554913 0.99609375
v 118.591277249 290.437729594 135.371334005 0.99609375
v 118.559855144 290.467837053 140.935717014 0.99609375
v 118.191473525 291.113070185 135.815591002 0.99609375
v 118.405662141 291.102782595 141.313047643 0.99609375
v 118.569944987 291.34054329 135.737382362 0.99609375
v 118.373042437 291.40360358 140.569625567 0.99609375
v 118.081706397 291.631508633 135.856396243 0.99609375
v 118.510281914 291.616187285 141.329774097 0.99609375
v 118.266388053 291.960260287 135.937448999 0.99609375
v 118.375736294 291.912286615 140.715966148 0.99609375
v 118.310244671 292.221760317 135.136283617 0.99609375
v 118.511360443 291.939852148 140.57940448 0.99609375
v 118.053747384 292.281521591 135.946548933 0.99609375
v 118.506680307 292.392087046 141.150124911 0.99609375
v 118.590125574 292.332589407 135.34438521 0.99609375
v 118.229884045 292.328009586 141.271017102 0.99609375
v 118.11842053 292.885876177 135.844667299 0.99609375
v 118.455175404 292.834869527 140.57060932 0.99609375
v 118.401300529 293.368325815 135.615283188 0.99609375
v 118.244917088 293.410733604 141.205326675 0.99609375
v 118.42198645 293.43358834 135.266333344 0.99609375
v 118.386464864 293.55923235 141.331839025 0.99609375
v 118.194666309 293.724431303 135.065540828 0.99609375
v 118.353630995 293.695085873 141.139041989 0.99609375
v 118.203738975 294.160639988 135.210628187 0.99609375
v 118.209985939 294.333056439 140.769851851 0.99609375
v 118.203145619 294.348867507 135.874035792 0.99609375
v 118.576007739 294.406567089 140.570337956 0.99609375
v 118.399469033 294.69020822 135.657785597 0.99609375
v 118.523465982 294.794885554 140.600286383 0.99609375
v 118.087299669 294.717303942 135.028393845 0.99609375
v 118.372353051 294.700567761 141.375262321 0.99609375
v 118.080142803 295.221296047 135.993437076 0.99609375
v 118.178198347 295.474920264 140.644459157 0.99609375
v 118.077003985 295.739160292 135.960512244 0.99609375
v 118.583124186 295.737253074 140.795207032 0.99609375
v 118.092882704 295.813300369 135.876129962 0.99609375
v 118.210543658 295.741044023 140.957863768 0.99609375
v 118.132966661 296.0827849 135.951017818 0.99609375
v 118.030574835 296.365045287 140.923617322 0.99609375
v 118.322962241 296.596284626 135.575625931 0.99609375
v 118.591703916 296.240035524 141.35867152 0.99609375
v 118.505357702 296.834857959 135.146088434 0.99609375
v 118.30434546 296.809347237 140.677309977 0.99609375
v 118.33504746 296.925284495 135.798668587 0.99609375
v 118.356308621 296.745177193 140.754428063 0.99609375
v 118.459825444 297.10124223 135.830882318 0.99609375
v 118.528718934 297.33878821 141.076701162 0.99609375
v 118.059885739 297.664789088 135.298393969 0.99609375
v 118.442325838 297.369232749 140.709187516 0.99609375
v 118.385513567 297.854782336 135.474974225 0.99609375
v 118.251085768 297.671396484 141.177599605 0.99609375
v 118.202916053 297.93803754 135.751289203 0.99609375
v 118.218848017 297.970496372 141.228197385 0.99609375
v 118.338837814 298.50628847 135.355633961 0.99609375
v 118.547830816 298.345497212 140.968964731 0.99609375
v 118.559142463 298.466991324 135.508986156 0.99609375
v 118.407736131 298.481749069 141.331037463 0.99609375
v 118.559698857 298.82081424 135.959664279 0.99609375
v 118.134550497 298.914408344 141.077932842 0.99609375
v 118.113865548 299.226199172 135.936746512 0.99609375
v 118.480755512 299.174803083 141.351301482 0.99609375
v 118.255964454 299.307908301 135.097159334 0.99609375
v 118.421735877 299.447610287 140.688159759 0.99609375
v 118.056920588 299.641720336 135.698088745 0.99609375
v 118.324713097 299.576944117 140.555903167 0.99609375
v 118.229482917 299.969214317 135.796913297 0.99609375
v 118.27832563 299.877661707 141.455194623 0.99609375
v 118.513667189 300.336476632 135.457919033 0.99609375
v 118.387928375 300.60728393 141.343917346 0.99609375
v 118.244464076 300.549776966 135.860671478 0.99609375
v 118.090248549 300.816777714 141.250463813 0.99609375
v 118.564249007 301.040196599 135.709746227 0.99609375
v 118.163479842 300.905739767 140.770888656 0.99609375
v 118.41524659 301.293121466 135.618963754 0.99609375
v 118.031578081 301.088223611 141.464758222 0.99609375
v 118.2584559 301.78491253 135.112074843 0.99609375
v 118.367954661 301.842649617 140.644212245 0.99609375
v 118.501115512 302.041290836 135.018871634 0.99609375
v 118.163162552 301.867793077 141.05984715 0.99609375
v 118.465087025 302.403627928 135.199767323 0.99609375
v 118.280723706 302.171433167 140.61127798 0.99609375
v 118.348992441 302.225995809 135.318561392 0.99609375
v 118.347197964 302.447040956 141.414596396 0.99609375
v 118.247558171 302.869757493 135.426988491 0.99609375
v 118.076500363 302.509128482 141.380178206 0.99609375
v 118.426615081 302.850549384 135.190175691 0.99609375
v 118.196366744 302.808109124 140.636509446 0.99609375
v 118.407194943 303.090083984 135.875178223 0.99609375
v 118.597935504 303.442901273 141.317281886 0.99609375
v 118.355720895 303.662750877 135.949482184 0.99609375
v 118.430206843 303.690878736 141.497692087 0.99609375
v 118.38067657 303.716444757 135.867588383 0.99609375
v 118.303357231 303.792240786 140.756008957 0.99609375
v 118.406389561 304.112726888 137.719149782 0.99609375
v 118.074596035 304.37848705 141.425137165 0.99609375
v 118.481820391 275.80523482 140.165296006 0.99609375
v 118.495468453 276.612814081 139.410131277 0.99609375
v 118.758316924 276.104929645 140.864458816 0.99609375
v 118.428470112 276.633457996 135.306987163 0.99609375
v 118.801913238 276.418432195 141.040647042 0.99609375
v 118.386761471 276.699899897 135.233439691 0.99609375
v 118.351152926 276.718089146 140.815898981 0.99609375
v 118.514579341 277.185650981 135.668075795 0.99609375
v 118.416485202 277.067475319 141.077404251 0.99609375
v 118.669944189 277.622026902 135.71019227 0.99609375
v 118.581997167 277.718952205 140.961042987 0.99609375
v 118.674087222 277.717000007 135.899873724 0.99609375
v 118.374003093 278.08824593 140.65456027 0.99609375
v 118.340609512 277.86771159 135.705117058 0.99609375
v 118.560851963 278.083025453 141.080909111 0.99609375
v 118.35299048 278.521884468 135.127367789 0.99609375
v 118.849687834 278.541898081 141.482877582 0.99609375
v 118.613816406 278.80823143 135.410274414 0.99609375
v 118.395621681 278.964986221 141.359460492 0.99609375
v 118.846754599 279.186002461 135.063921391 0.99609375
v 118.547085825 278.955319235 141.468114034 0.99609375
v 118.878109727 279.20782951 135.009385718 0.99609375
v 118.755793719 279.255575885 140.859680769 0.99609375
v 118.764114431 279.759488495 135.978659683 0.99609375
v 118.671442595 279.756395364 140.66057647 0.99609375
v 118.869990426 279.77330704 135.485358237 0.99609375
v 118.457677299 279.769888423 141.146022499 0.99609375
v 118.815148528 280.03729829 135.30005512 0.99609375
v 118.892138988 280.011299618 140.704265266 0.99609375
v 118.38424171 280.267738938 135.705868134 0.99609375
v 118.625296036 280.247379722 140.606864339 0.99609375
v 118.529982594 280.71907729 135.832704153 0.99609375
v 118.334247455 280.782347342 141.142283331 0.99609375
v 118.460750238 281.25400754 135.125859644 0.99609375
v 118.513994187 281.066114679 140.960548683 0.99609375
v 118.831191051 281.352655944 135.829772072 0.99609375
v 118.47122919 281.2209365 141.053900771 0.99609375
v 118.516731222 281.419786655 135.250277391 0.99609375
v 118.678814222 281.556791151 141.304657991 0.99609375
v 118.810431968 281.619542127 135.993160921 0.99609375
v 118.41078946 281.963103757 140.986979487 0.99609375
v 118.840437592 282.413224506 135.212529147 0.99609375
v 118.559355944 282.156645887 141.387479205 0.99609375
v 118.880034736 282.319538529 135.01302492 0.99609375
v 118.672854208 282.680122859 140.83003236 0.99609375
v 118.728414241 282.555820181 135.230436176 0.99609375
v 118.733464891 282.488027867 141.318566705 0.99609375
v 118.607849948 282.756988562 135.128543653 0.99609375
v 118.341040563 283.108253384 140.992591134 0.99609375
v 118.856839954 283.270538061 135.594678502 0.99609375
v 118.41246056 283.540644023 141.250311914 0.99609375
v 118.346240927 283.417635104 135.20718709 0.99609375
v 118.87299407 283.663614895 141.251577761 0.99609375
v 118.451887837 284.118743319 135.715500508 0.99609375
v 118.816621791 284.17051753 140.994068435 0.99609375
v 118.622063261 284.00295248 135.563514939 0.99609375
v 118.354421209 284.368855967 140.525780245 0.99609375
v 118.723237916 284.26426528 135.650888331 0.99609375
v 118.411092141 284.573364983 141.28082103 0.99609375
v 118.494105732 284.821601419 135.643433189 0.99609375
v 118.647516532 285.036124585 140.973530266 0.99609375
v 118.458499392 285.003322123 135.438701359 0.99609375
v 118.455075097 285.048125451 141.446147796 0.99609375
v 118.451321368 285.62399603 135.267367241 0.99609375
v 118.772318169 285.170106831 140.852533957 0.99609375
v 118.564917021 285.898779767 135.533890515 0.99609375
v 118.772905426 285.559296086 140.634203316 0.99609375
v 118.407860725 285.83297463 135.470141535 0.99609375
v 118.525748751 285.697400415 141.07948072 0.99609375
v 118.673281119 286.019276795 135.208393969 0.99609375
v 118.807664089 286.364240617 140.77245888 0.99609375
v 118.515658307 286.385490565 135.861347525 0.99609375
v 118.516408259 286.639433317 141.022481144 0.99609375
v 118.601507313 287.078569282 135.937700545 0.99609375
v 118.729714463 286.668756156 141.493545161 0.99609375
v 118.744895578 286.87984945 135.04248393 0.99609375
v 118.779963571 286.836352305 141.494387215 0.99609375
v 118.585702071 287.608824953 135.497507506 0.99609375
v 118.5220133 287.214180144 141.027715243 0.99609375
v 118.755351099 287.490398491 135.521446852 0.99609375
v 118.837974425 287.954392467 140.539950562 0.99609375
v 118.525865886 287.745462834 135.713006606 0.99609375
v 118.586461935 287.998868648 141.178745947 0.99609375
v 118.423178061 288.235776211 135.908254772 0.99609375
v 118.3466032 288.036232955 141.162902381 0.99609375
v 118.541440548 288.631368824 135.809098639 0.99609375
v 118.736477012 288.458816937 141.233580584 0.99609375
v 118.437660074 288.791979994 135.732671389 0.99609375
v 118.567202056 288.648941502 141.235136616 0.99609375
v 118.33172905 289.369012116 135.347639465 0.99609375
v 118.500903191 289.30632323 140.506161616 0.99609375
v 118.610359016 289.587716196 135.763681421 0.99609375
v 118.65774936 289.366067604 141.21397812 0.99609375
v 118.475055906 289.689698247 135.892420051 0.99609375
v 118.609696412 289.476784099 140.773868965 0.99609375
v 118.441266287 289.759018246 135.740119939 0.99609375
v 118.804697169 290.086794189 140.998561742 0.99609375
v 118.782617203 290.567498476 135.685271031 0.99609375
v 118.528358911 290.409811266 141.243953421 0.99609375
v 118.752528881 290.384183523 135.937309313 0.99609375
v 118.595097082 290.529582697 140.906632386 0.99609375
v 118.432309759 290.91191738 135.070435351 0.99609375
v 118.570782829 290.9667271 141.255332862 0.99609375
v 118.634822947 291.096555225 135.13615005 0.99609375
v 118.792725152 291.414145065 141.033141794 0.99609375
v 118.79507844 291.164231161 135.738194583 0.99609375
v 118.759000616 291.329407406 141.229640275 0.99609375
v 118.598925384 292.01276566 135.136035762 0.99609375
v 118.559784071 291.50663427 141.376997571 0.99609375
v 118.712883199 291.953328993 135.907065209 0.99609375
v 118.362313833 291.991975269 140.624118407 0.99609375
v 118.407901039 292.438297027 135.121548302 0.99609375
v 118.762666391 292.089781536 141.259453335 0.99609375
v 118.717189357 292.630317845 135.805538323 0.99609375
v 118.685954846 292.56410662 141.426982771 0.99609375
v 118.43589399 292.697322269 135.669005248 0.99609375
v 118.620774175 292.864402267 141.427784492 0.99609375
v 118.450580541 293.162057701 135.993853727 0.99609375
v 118.886005346 293.471016068 140.829483854 0.99609375
v 118.535123777 293.53988584 135.454837058 0.99609375
v 118.740409826 293.244918894 141.124940778 0.99609375
v 118.386037522 293.99004243 135.585949721 0.99609375
v 118.715335908 293.720755152 141.126769426 0.99609375
v 118.738310317 294.316661254 135.785244618 0.99609375
v 118.863384195 294.285096048 140.820497826 0.99609375
v 118.877765059 294.591326557 135.840000365 0.99609375
v 118.703098276 294.618377297 141.097642728 0.99609375
v 118.792228778 294.355957344 135.346947463 0.99609375
v 118.822443445 294.659532156 141.467611667 0.99609375
v 118.471363742 294.939437264 135.094341014 0.99609375
v 118.897492094 295.037888248 140.806857734 0.99609375
v 118.323703425 295.129788694 135.726090833 0.99609375
v 118.372722327 295.451650648 140.800863974 0.99609375
v 118.576789034 295.748962326 135.165314114 0.99609375
v 118.37959077 295.610698542 140.660620341 0.99609375
v 118.680284448 295.525909187 135.24199226 0.99609375
v 118.575635556 295.725583277 141.46427639 0.99609375
v 118.598537172 296.078095783 135.777869339 0.99609375
v 118.514585952 295.886093189 141.099159597 0.99609375
v 118.440095194 296.471565188 135.360443038 0.99609375
v 118.675214874 296.458146211 140.791342018 0.99609375
v 118.575435823 296.891640404 135.681521896 0.99609375
v 118.623682483 296.949625361 140.754589834 0.99609375
v 118.700882417 297.064039936 135.090569131 0.99609375
v 118.682894096 297.00995853 140.515028912 0.99609375
v 118.333049355 297.123873374 135.431768402 0.99609375
v 118.760683445 297.178073669 141.138777558 0.99609375
v 118.833727593 297.825532111 135.275642654 0.99609375
v 118.639473073 297.510780827 140.851592339 0.99609375
v 118.667788029 297.746585172 135.447436145 0.99609375
v 118.4616796 297.549309769 140.632782643 0.99609375
v 118.444269697 298.191361216 135.660793701 0.99609375
v 118.667029649 298.364666683 140.673945097 0.99609375
v 118.763932975 298.379826265 135.964312603 0.99609375
v 118.86171945 298.540432786 140.678871434 0.99609375
v 118.634752844 298.652007041 135.574180749 0.99609375
v 118.766325057 298.860593483 140.964886883 0.99609375
v 118.564069425 298.95375628 135.605254303 0.99609375
v 118.493978428 298.821750884 141.078601439 0.99609375
v 118.648976665 299.439307269 135.466812499 0.99609375
v 118.876358391 299.45579866 141.439519755 0.99609375
v 118.57218497 299.720426054 135.772455934 0.99609375
v 118.829887832 299.452731522 141.291190842 0.99609375
v 118.683199681 300.019321816 135.002463025 0.99609375
v 118.594962837 299.816642125 140.780784212 0.99609375
v 118.62877244 300.369921496 135.528881631 0.99609375
v 118.553231176 300.250369905 141.230206761 0.99609375
v 118.731323504 300.536308391 135.797749686 0.99609375
v 118.546664141 300.257237317 141.334220423 0.99609375
v 118.746129191 300.831985183 135.281902294 0.99609375
v 118.744294057 301.015175094 141.279546934 0.99609375
v 118.826061837 300.988119337 135.875876818 0.99609375
v 118.59158933 301.087647561 141.472900931 0.99609375
v 118.420115582 301.246541726 135.430183486 0.99609375
v 118.869799159 301.266376531 141.005985725 0.99609375
v 118.369026731 301.791023461 135.458757894 0.99609375
v 118.326836984 301.844765689 141.171534482 0.99609375
v 118.698199499 301.702512125 135.608234521 0.99609375
v 118.374032081 301.889825158 141.265430666 0.99609375
v 118.451417936 301.897950041 135.179642396 0.99609375
v 118.83638165 301.926775416 140.61348269 0.99609375
v 118.832786245 302.197052391 135.828742625 0.99609375
v 118.64081978 302.375122405 141.056990198 0.99609375
v 118.828733723 302.616317878 135.638020199 0.99609375
v 118.330043417 303.042639242 141.148630112 0.99609375
v 118.711484998 302.795601079 135.765901184 0.99609375
v 118.785160737 303.059038668 140.924163309 0.99609375
v 118.763997128 303.292214631 135.922947783 0.99609375
v 118.601341224 303.169523628 141.161202673 0.99609375
v 118.859514515 303.682050217 135.153374556 0.99609375
v 118.403564582 303.573031548 141.259648143 0.99609375
v 118.597344325 303.890432725 135.709197958 0.99609375
v 118.728531698 304.055654017 141.27784033 0.99609375
v 118.384366745 304.208605257 137.508412889 0.99609375
v 118.810254741 304.282651675 141.35232483 0.99609375
v 119.098830892 275.807403907 140.150087533 0.99609375
v 118.760280079 276.230053307 139.968931624 0.99609375
v 118.996590666 276.379019287 141.016903479 0.99609375
v 118.701073287 276.547148405 135.951639698 0.99609375
v 118.780414221 276.469901471 141.018436051 0.99609375
v 118.748594183 277.026617052 135.278280051 0.99609375
v 118.841182621 276.857413675 140.726514358 0.99609375
v 118.851931641 277.064692308 135.068699307 0.99609375
v 119.011618832 277.385828482 141.015609377 0.99609375
v 118.833326812 277.54386993 135.152204217 0.99609375
v 119.07839641 277.267012939 141.360630624 0.99609375
v 118.652526275 277.840027809 135.462940178 0.99609375
v 119.180465218 277.971289112 140.688681055 0.99609375
v 118.649509433 278.04266183 135.929759672 0.99609375
v 118.635014634 278.327972664 140.956800786 0.99609375
v 119.032699241 278.529050328 135.086915232 0.99609375
v 119.011775891 278.574413073 140.974191881 0.99609375
v 118.627700254 278.688040668 135.934461506 0.99609375
v 118.999040291 278.565770217 140.946518605 0.99609375
v 119.050902167 279.153700406 136.055153609 0.99609375
v 118.972210702 278.754722447 141.313161291 0.99609375
v 118.836898304 279.237751065 135.906816648 0.99609375
v 118.692544259 278.991292892 141.236883915 0.99609375
v 118.807926124 279.433257032 135.84153386 0.99609375
v 118.925042705 279.270264303 141.423754095 0.99609375
v 118.675480983 280.11396969 135.424210745 0.99609375
v 119.157000077 279.940170194 141.197193183 0.99609375
v 118.808160411 280.270153846 135.029158858 0.99609375
v 118.859163898 280.32116926 141.148582689 0.99609375
v 119.08497781 280.514740959 135.922897267 0.99609375
v 119.13545691 280.664368007 140.956636604 0.99609375
v 119.184611418 280.844802937 135.028361756 0.99609375
v 118.696737898 280.83035432 140.918346741 0.99609375
v 118.754230536 280.990781129 135.419415313 0.99609375
v 118.733140968 280.906009373 141.043903143 0.99609375
v 118.815419306 281.192933925 135.895352592 0.99609375
v 118.889501928 281.453593826 141.415692612 0.99609375
v 118.829038053 281.470049285 135.388483778 0.99609375
v 119.021320289 281.31268496 141.132959076 0.99609375
v 118.866200535 281.734954722 135.106071012 0.99609375
v 118.996907321 281.778073815 141.158971143 0.99609375
v 118.751257453 282.277906604 135.455521923 0.99609375
v 118.723193624 282.449460443 140.907580614 0.99609375
v 119.133588213 282.266419853 135.002488186 0.99609375
v 119.146102974 282.277892915 140.913964644 0.99609375
v 118.682167911 282.88011115 135.713878731 0.99609375
v 118.705622992 282.99589218 141.221704928 0.99609375
v 118.835306049 283.067695556 135.736498979 0.99609375
v 119.106466391 282.955274181 141.045794905 0.99609375
v 118.977353275 283.35008031 135.484166441 0.99609375
v 118.760108514 283.553033647 141.351593008 0.99609375
v 118.728572358 283.359292336 135.863542813 0.99609375
v 119.067902702 283.477595119 140.897462268 0.99609375
v 118.746527127 283.880821313 135.128279442 0.99609375
v 118.899639492 283.829230275 141.30091026 0.99609375
v 118.98432298 284.216863786 135.825940116 0.99609375
v 119.15133084 284.486950553 141.009471828 0.99609375
v 118.683645226 284.344806167 135.615867681 0.99609375
v 119.026240444 284.216074617 140.969068672 0.99609375
v 118.755715515 284.825212904 135.037483405 0.99609375
v 119.140887054 285.030074721 141.409443668 0.99609375
v 119.104007668 285.079443823 135.286482526 0.99609375
v 118.630205366 285.157052498 141.024748764 0.99609375
v 119.012348133 285.41251792 135.827743471 0.99609375
v 119.132262183 285.120805405 141.245751152 0.99609375
v 119.021744255 285.937311929 135.093473646 0.99609375
v 118.893982935 285.728842188 141.002344008 0.99609375
v 118.660807075 286.187838968 135.829003666 0.99609375
v 118.682506476 285.958816669 140.779286049 0.99609375
v 119.1160759 286.507569876 135.055012897 0.99609375
v 118.733633681 286.355928244 141.290267885 0.99609375
v 118.821422687 286.715941103 135.987846062 0.99609375
v 118.768454045 286.648143659 141.25193842 0.99609375
v 118.961593431 287.093341349 135.374838483 0.99609375
v 119.098938647 286.709045784 141.147503132 0.99609375
v 118.661313093 286.871553928 135.085233793 0.99609375
v 119.049438435 287.27744309 140.745841557 0.99609375
v 119.055244166 287.646482789 135.473507949 0.99609375
v 118.7364254 287.201233096 140.684492712 0.99609375
v 118.879722721 287.73570816 135.957434369 0.99609375
v 118.672788012 287.497792461 141.040664981 0.99609375
v 118.838442873 288.202383907 135.063695148 0.99609375
v 118.994728718 288.205574016 141.218681727 0.99609375
v 119.033262741 288.048138622 135.593359287 0.99609375
v 118.916850938 288.110857023 141.150179882 0.99609375
v 119.025224161 288.766461225 135.020927242 0.99609375
v 118.902623074 288.604302342 140.965714071 0.99609375
v 118.771772128 288.797549272 135.740981165 0.99609375
v 119.019021192 288.762335069 141.37837374 0.99609375
v 118.611163248 289.250108167 135.269626642 0.99609375
v 119.173561 289.054661858 140.572496751 0.99609375
v 119.052604246 289.275874895 135.677738629 0.99609375
v 118.979234722 289.537137434 141.329715825 0.99609375
v 118.939752372 289.512845706 135.153541257 0.99609375
v 118.885015134 289.794939896 141.274416046 0.99609375
v 118.734555717 289.79748932 135.099814709 0.99609375
v 118.665931147 289.713260249 140.825257116 0.99609375
v 118.870097046 290.062464134 135.377280987 0.99609375
v 118.75560849 290.358260229 141.373804944 0.99609375
v 118.883702752 290.786485941 135.935838063 0.99609375
v 119.00991154 290.636981335 141.138829419 0.99609375
v 118.676670098 291.155272061 135.807959908 0.99609375
v 119.153249368 290.603240996 140.824164571 0.99609375
v 119.151416999 291.141826831 135.944452256 0.99609375
v 119.177514955 291.159374537 141.087606526 0.99609375
v 119.071726944 291.549585473 135.655800587 0.99609375
v 118.938037567 291.16421975 140.565706746 0.99609375
v 118.870535561 291.605260987 135.622103481 0.99609375
v 119.01802421 291.848261224 141.001871255 0.99609375
v 118.679984296 292.074157988 135.108980686 0.99609375
v 119.017086272 291.954709648 140.65968685 0.99609375
v 119.16909632 292.400187759 135.986939531 0.99609375
v 118.713183089 292.215549803 140.980687453 0.99609375
v 119.167948705 292.86288556 135.320201632 0.99609375
v 119.106532128 292.826343024 140.77736033 0.99609375
v 118.967482662 292.637576551 135.064903606 0.99609375
v 118.970300533 292.863914693 140.636295239 0.99609375
v 119.042310195 293.340302143 135.485014685 0.99609375
v 118.691007046 293.141923031 141.218869068 0.99609375
v 118.955912708 293.587910295 135.48989444 0.99609375
v 118.760611403 293.495277282 141.454066728 0.99609375
v 118.752575511 293.678421946 135.268531049 0.99609375
v 119.088044475 293.717291273 141.36542079 0.99609375
v 118.998350799 294.020712564 135.327787926 0.99609375
v 119.090240396 294.344816564 140.816956721 0.99609375
v 118.951076729 294.618290792 135.923582771 0.99609375
v 119.181547628 294.55960642 141.182952283 0.99609375
v 118.977907229 294.687791382 135.844869493 0.99609375
v 119.15125824 294.793722297 141.183231235 0.99609375
v 119.167177969 294.733896219 135.229228165 0.99609375
v 119.188135078 294.954786879 141.123894865 0.99609375
v 118.709684718 295.441412841 135.886013222 0.99609375
v 118.867701214 295.276133162 141.188309171 0.99609375
v 119.168635517 295.373639572 135.905592252 0.99609375
v 119.069241857 295.715547925 140.716492435 0.99609375
v 118.75242651 295.512517647 135.546039911 0.99609375
v 118.712408507 295.660476873 141.129505371 0.99609375
v 118.801132589 296.102291312 135.432890887 0.99609375
v 118.660841252 295.845288661 141.17184958 0.99609375
v 119.127594117 296.462230526 135.539812967 0.99609375
v 119.13954399 296.346173538 141.341070436 0.99609375
v 118.833558361 296.395723465 135.092351304 0.99609375
v 118.815885495 296.696069468 141.496259594 0.99609375
v 118.925381672 297.130301088 135.292868209 0.99609375
v 118.763424374 297.112384605 141.454270859 0.99609375
v 118.766936298 297.502492228 135.610698025 0.99609375
v 118.675094191 297.141854564 140.797611873 0.99609375
v 118.902002094 297.432684057 135.833351048 0.99609375
v 118.964076744 297.392043743 141.112268703 0.99609375
v 118.735073207 297.91403104 135.786820266 0.99609375
v 118.840356744 297.869138339 140.951381018 0.99609375
v 119.150860262 297.95512935 135.937514684 0.99609375
v 118.944120122 298.357671213 141.031558853 0.99609375
v 118.919124668 298.309768896 135.557751361 0.99609375
v 118.755022419 298.170052893 141.488265144 0.99609375
v 118.620951182 298.427551273 135.341603762 0.99609375
v 119.121155354 298.689028179 141.131513633 0.99609375
v 118.859867365 299.120222976 135.713659531 0.99609375
v 118.849095816 298.90982186 141.1176313 0.99609375
v 119.185448358 299.293799862 135.349397284 0.99609375
v 118.924252652 299.452522024 140.56031885 0.99609375
v 118.812941785 299.504167431 135.617032161 0.99609375
v 118.918712664 299.568003174 141.145987436 0.99609375
v 118.625527357 299.72795529 135.940764042 0.99609375
v 119.110316815 299.742715074 141.098608754 0.99609375
v 119.022284112 300.003101261 135.188525951 0.99609375
v 118.969172506 300.296274716 141.184945059 0.99609375
v 119.065423022 300.482338409 135.410696156 0.99609375
v 119.130632974 300.26618447 141.079644571 0.99609375
v 119.180334778 300.623436842 135.71584534 0.99609375
v 118.935837737 300.809702593 140.852743718 0.99609375
v 118.620329176 301.081762956 135.87740575 0.99609375
v 119.175051092 300.797502676 141.452627476 0.99609375
v 119.130095712 301.503550097 135.288629284 0.99609375
v 118.679951364 301.532392267 140.738241756 0.99609375
v 118.92919118 301.665630972 135.770838349 0.99609375
v 118.673230404 301.313116815 140.949366772 0.99609375
v 118.975665961 301.63554446 135.754363981 0.99609375
v 118.782921638 301.895904392 140.971384231 0.99609375
v 118.923965289 302.057107667 135.110444423 0.99609375
v 118.748032801 302.095470846 141.350006004 0.99609375
v 119.071637882 302.367483863 135.942684362 0.99609375
v 118.612097075 302.724537366 140.674666351 0.99609375
v 118.908672419 302.951055456 135.108629198 0.99609375
v 119.033321493 302.926742095 140.902065746 0.99609375
v 119.115059399 303.287539379 135.21887315 0.99609375
v 118.721938376 303.163012756 140.678257541 0.99609375
v 118.890178242 303.089079266 135.682819218 0.99609375
v 119.082207608 303.202476121 140.68807627 0.99609375
v 118.856701459 303.365665707 135.053089099 0.99609375
v 119.10734948 303.476406778 141.091092787 0.99609375
v 118.710514816 303.9464639 135.86179004 0.99609375
v 118.826434001 303.651594023 140.809164027 0.99609375
v 118.614438265 304.115681525 137.423888319 0.99609375
v 118.81200382 304.434813387 140.887481233 0.99609375
v 119.39425852 276.131171171 140.219563593 0.99609375
v 119.248920075 276.399419818 139.200143991 0.99609375
v 119.315275247 276.40945303 140.861309979 0.99609375
v 118.973194644 276.457379345 136.156228289 0.99609375
v 119.005982595 276.705761342 141.079958139 0.99609375
v 119.427715817 276.970423203 135.922013079 0.99609375
v 119.067434592 277.16781264 141.055101573 0.99609375
v 119.210784737 277.47327187 136.062941887 0.99609375
v 119.165454701 277.175683508 140.925772824 0.99609375
v 119.14797742 277.679533582 135.891932381 0.99609375
v 119.124739668 277.557855647 141.175318552 0.99609375
v 119.09391055 277.820292215 136.342461628 0.99609375
v 118.912849804 277.942852597 141.265975289 0.99609375
v 119.432145442 278.186513832 135.524841225 0.99609375
v 118.905606919 278.1966786 140.616844715 0.99609375
v 119.1703048 278.563634445 135.966755671 0.99609375
v 119.184734222 278.220463204 141.40159066 0.99609375
v 119.007715211 278.469859744 136.321491337 0.99609375
v 118.976986431 278.668779264 141.125115156 0.99609375
v 118.972761458 278.940090883 135.831177772 0.99609375
v 119.409443744 279.008198622 140.881640588 0.99609375
v 119.211523935 279.167980389 136.137133392 0.99609375
v 119.286295853 279.252203673 141.211524361 0.99609375
v 119.236901037 279.453223549 135.805585264 0.99609375
v 119.413049023 279.754242608 141.182124046 0.99609375
v 119.067352162 279.699751466 136.374817626 0.99609375
v 119.161098092 280.125884098 141.262371277 0.99609375
v 118.93782638 280.36818041 136.130618972 0.99609375
v 119.224059881 280.122450859 140.8036453 0.99609375
v 119.219603725 280.592461452 135.531890857 0.99609375
v 119.289356078 280.694258471 141.0732226 0.99609375
v 118.950251797 280.933100128 136.145748504 0.99609375
v 119.111609436 280.930911592 141.059642957 0.99609375
v 119.273537522 280.890933127 135.824176232 0.99609375
v 118.94751227 281.170613904 141.035184509 0.99609375
v 119.020599789 281.312340707 135.679263695 0.99609375
v 119.144186262 281.200176656 140.680699767 0.99609375
v 119.195241615 281.720591865 136.313362468 0.99609375
v 119.249788707 281.589892295 141.154469701 0.99609375
v 119.046089594 281.647310662 136.135792794 0.99609375
v 119.299365338 282.167949486 140.868182875 0.99609375
v 119.202957999 282.213763761 136.368987314 0.99609375
v 119.118965044 282.175064453 141.285909682 0.99609375
v 119.245012683 282.548208268 135.836051165 0.99609375
v 119.428039774 282.675350378 140.740292158 0.99609375
v 119.397139917 282.472900306 135.926540078 0.99609375
v 118.997854848 282.696258049 140.965571188 0.99609375
v 119.100225105 283.014626283 136.281117152 0.99609375
v 119.461423097 282.786936526 140.906385595 0.99609375
v 119.319135692 283.517145474 136.491802502 0.99609375
v 118.97266638 283.130287849 141.327119964 0.99609375
v 118.969640322 283.694605993 135.984376275 0.99609375
v 118.957979344 283.574126019 140.559329584 0.99609375
v 119.214947325 284.055012193 135.888985171 0.99609375
v 118.968883605 284.092450923 141.361590008 0.99609375
v 118.913296591 284.320262717 135.681041049 0.99609375
v 119.090857264 284.472186757 140.712953618 0.99609375
v 119.037074193 284.206938905 135.760902907 0.99609375
v 119.47644716 284.709868185 140.70198963 0.99609375
v 119.216022622 284.75622049 136.299890938 0.99609375
v 119.058841824 284.543370814 141.163176938 0.99609375
v 119.086738514 284.889079784 136.011892631 0.99609375
v 119.11117315 284.959138793 141.186828759 0.99609375
v 118.992510458 285.201862889 136.153463269 0.99609375
v 119.206092037 285.575897351 140.644147913 0.99609375
v 119.015299602 285.474598076 136.493061176 0.99609375
v 118.960104753 285.861706372 140.54608283 0.99609375
v 119.069846479 285.963885905 135.959617904 0.99609375
v 119.191091321 286.049816609 141.407468068 0.99609375
v 119.340856335 286.396169682 135.747334009 0.99609375
v 119.433632062 285.962858359 140.568556219 0.99609375
v 119.10156775 286.371210366 135.679073781 0.99609375
v 119.352249038 286.540284744 141.382912772 0.99609375
v 119.098530289 286.577766931 135.725190508 0.99609375
v 118.964326708 287.062686916 141.088355887 0.99609375
v 119.07355692 286.929454465 135.539977757 0.99609375
v 119.023638819 286.877910408 141.171773297 0.99609375
v 119.327824827 287.649254443 135.937137507 0.99609375
v 119.363948529 287.280342843 140.674457415 0.99609375
v 119.137850299 287.520083293 135.379717115 0.99609375
v 119.438027734 287.473791905 141.01586208 0.99609375
v 119.234674483 287.860976043 135.157762782 0.99609375
v 119.437349717 287.811070726 141.159574952 0.99609375
v 119.254152822 288.251303973 135.112588412 0.99609375
v 119.442992809 288.455114176 141.482826857 0.99609375
v 119.407987523 288.79341172 135.60954032 0.99609375
v 118.927334666 288.471367367 140.549936397 0.99609375
v 118.933683895 288.696843991 135.369921875 0.99609375
v 119.426610781 289.000448343 141.257158753 0.99609375
v 119.446693969 289.132648518 135.800790327 0.99609375
v 119.123684443 289.191667967 141.427737415 0.99609375
v 119.160211119 289.469932723 135.755010195 0.99609375
v 119.202226493 289.265968651 141.20729631 0.99609375
v 119.222894874 289.773026395 135.82720284 0.99609375
v 119.266933881 289.569568141 140.658038827 0.99609375
v 119.121750831 289.850027805 135.489051734 0.99609375
v 118.980421007 289.907842854 141.270374408 0.99609375
v 119.128290702 290.513856278 135.777832603 0.99609375
v 119.209874732 290.375093362 141.424494353 0.99609375
v 119.267758202 290.773945122 135.818288157 0.99609375
v 119.139523314 290.490602251 140.777799181 0.99609375
v 119.298275342 290.736850086 135.633642371 0.99609375
v 119.012521323 291.095232912 141.31144433 0.99609375
v 119.353201014 291.449450917 135.469767429 0.99609375
v 119.12197064 291.189276821 140.523834762 0.99609375
v 119.138979487 291.166161573 135.055065274 0.99609375
v 119.100872087 291.722719334 140.960910034 0.99609375
v 119.437477257 291.561320878 135.47925719 0.99609375
v 119.474096954 291.918811822 141.298424857 0.99609375
v 119.090126941 291.911680148 135.151887591 0.99609375
v 119.419713293 292.067159722 140.906792234 0.99609375
v 119.338835393 292.608140545 135.74504096 0.99609375
v 119.467112325 292.574389296 140.961044173 0.99609375
v 119.222396971 292.351885801 135.203092127 0.99609375
v 119.078189383 292.512022313 141.085956464 0.99609375
v 119.025037595 292.862324505 135.469381359 0.99609375
v 119.392236908 293.001609195 141.078615884 0.99609375
v 119.261863175 293.242708472 135.457606384 0.99609375
v 119.145721722 293.309474882 141.053839067 0.99609375
v 119.061440461 293.530818285 135.476757848 0.99609375
v 119.137923778 293.444270376 140.657996497 0.99609375
v 119.031382993 294.007545066 135.113149061 0.99609375
v 119.272111617 294.006174639 141.417451402 0.99609375
v 119.43262679 293.777118897 135.729548763 0.99609375
v 119.287555274 294.324817919 140.515501253 0.99609375
v 119.404668396 294.273785061 135.611269049 0.99609375
v 118.901136185 294.099806661 141.15238769 0.99609375
v 119.085509605 294.601013325 135.64857339 0.99609375
v 119.457298061 294.543784459 140.570585091 0.99609375
v 119.355145799 294.658682876 135.534033056 0.99609375
v 119.363855307 294.995163931 141.334031369 0.99609375
v 118.947054162 295.168753721 135.548016544 0.99609375
v 119.074095244 295.056773393 141.109402379 0.99609375
v 118.919650039 295.367773786 135.902386159 0.99609375
v 118.906566528 295.326794353 140.932013816 0.99609375
v 119.018649172 295.890029757 135.986088192 0.99609375
v 119.151289058 295.605458493 140.730352398 0.99609375
v 119.396492198 296.082329924 135.998499285 0.99609375
v 119.198124815 296.080759013 141.409784239 0.99609375
v 119.1696121 296.509233315 135.551695863 0.99609375
v 119.403315636 296.53022692 141.254378808 0.99609375
v 119.456689665 296.570491333 135.84996505 0.99609375
v 119.437525987 296.569599858 141.123668992 0.99609375
v 119.32396841 297.092433688 135.046239026 0.99609375
v 119.462034946 296.798807249 140.943002101 0.99609375
v 119.460265786 297.417147311 135.565010667 0.99609375
v 118.950828799 297.157877207 141.156684808 0.99609375
v 119.109278615 297.433489962 135.224990546 0.99609375
v 119.22186972 297.729485622 141.345217042 0.99609375
v 118.991397129 297.808816553 135.403084858 0.99609375
v 119.303538308 297.894537601 141.321963096 0.99609375
v 119.172242904 298.375937574 135.65718624 0.99609375
v 118.908205599 297.855649752 141.09834528 0.99609375
v 118.913551533 298.388141093 135.626550453 0.99609375
v 119.069309973 298.49994603 140.763256167 0.99609375
v 119.213893579 298.751943172 135.955677288 0.99609375
v 119.177312168 298.518784383 141.34531575 0.99609375
v 119.208185952 299.236654671 135.430306012 0.99609375
v 118.940110064 298.866434762 141.493023457 0.99609375
v 119.318669853 299.392212496 135.865874281 0.99609375
v 119.007977194 299.119865876 140.927977044 0.99609375
v 119.025598782 299.839763215 135.537259418 0.99609375
v 119.084174208 299.689961342 140.716688823 0.99609375
v 119.476081596 299.92384011 135.915935322 0.99609375
v 119.073197439 300.097028747 140.862590829 0.99609375
v 119.314579206 300.028549289 135.300302911 0.99609375
v 118.929372242 299.899307443 141.075146393 0.99609375
v 118.901731123 300.506010654 135.19446005 0.99609375
v 119.241182295 300.251228743 140.764355551 0.99609375
v 119.406143991 300.852517475 135.326741075 0.99609375
v 119.040043773 300.479862296 141.322264832 0.99609375
v 119.086913113 301.087610604 135.638364579 0.99609375
v 119.220104151 300.861691193 141.481361325 0.99609375
v 118.965018784 301.218068983 135.456894809 0.99609375
v 119.09901447 301.142626294 140.746158827 0.99609375
v 119.126859658 301.347997624 135.911580288 0.99609375
v 119.206989638 301.618921705 141.062977138 0.99609375
v 118.915829369 302.042524376 135.980511207 0.99609375
v 119.327199357 302.092592765 141.023800761 0.99609375
v 119.38282072 302.401592162 135.449693458 0.99609375
v 118.952295533 302.380958075 141.153314163 0.99609375
v 118.912186328 302.197007067 135.568057433 0.99609375
v 119.039549303 302.687182966 141.376963142 0.99609375
v 119.351349825 303.016357677 135.656104053 0.99609375
v 119.25995905 303.002671817 141.044945031 0.99609375
v 118.968658011 302.836051928 135.444803384 0.99609375
v 119.319668343 302.945369248 140.979537014 0.99609375
v 119.293289536 303.438358767 135.26356856 0.99609375
v 119.347601089 303.105161412 140.61096918 0.99609375
v 119.344764577 303.621153771 135.433487362 0.99609375
v 119.426685292 303.860021303 140.53774655 0.99609375
v 119.003352735 304.012538544 135.7186125 0.99609375
v 119.178869409 304.156732585 140.720799521 0.99609375
v 119.365580277 304.295934108 137.402433877 0.99609375
v 119.361127815 304.428755311 140.541490327 0.99609375
v 119.23155654 276.268997093 140.061745899 0.99609375
v 119.640007903 276.242582201 139.573187513 0.99609375
v 119.370922116 276.4003848 140.981562118 0.99609375
v 119.585983054 276.793228235 135.678303734 0.99609375
v 119.594590405 276.806797708 140.789477786 0.99609375
v 119.607372112 276.773032684 135.849222367 0.99609375
v 119.262912497 276.722974123 140.52663571 0.99609375
v 119.383425054 277.415180035 135.614099416 0.99609375
v 119.20838645 277.482378634 141.208108514 0.99609375
v 119.485509148 277.240998784 136.431659364 0.99609375
v 119.603290767 277.397025899 140.827241002 0.99609375
v 119.524398691 278.09199617 136.243965038 0.99609375
v 119.653492678 277.650678521 141.272954816 0.99609375
v 119.424071026 278.305244343 136.32900767 0.99609375
v 119.467615898 278.123802944 141.335884422 0.99609375
v 119.527846611 278.302048081 135.976860681 0.99609375
v 119.585798233 278.387893702 140.793863454 0.99609375
v 119.488738528 278.513325896 136.427612147 0.99609375
v 119.591949953 278.530625564 141.156065506 0.99609375
v 119.751597776 279.03550865 136.478279634 0.99609375
v 119.214584352 279.263719383 140.932477991 0.99609375
v 119.453315643 279.132368172 136.463046277 0.99609375
v 119.560120881 279.245357966 141.496581741 0.99609375
v 119.47743487 279.617485799 136.488329715 0.99609375
v 119.511646759 279.818009751 141.159505847 0.99609375
v 119.46818548 279.888584593 136.065209812 0.99609375
v 119.194858273 279.707576137 140.583056755 0.99609375
v 119.510164875 279.904529013 136.142868871 0.99609375
v 119.286046896 280.066651975 140.59929161 0.99609375
v 119.260857079 280.271666643 135.853053971 0.99609375
v 119.282198153 280.528640083 141.036127528 0.99609375
v 119.21803824 280.965551471 135.551179891 0.99609375
v 119.716348627 280.927575274 140.506016856 0.99609375
v 119.730272783 281.165579274 136.196186469 0.99609375
v 119.318990782 281.266853007 140.922114009 0.99609375
v 119.717245444 281.404620805 136.159332928 0.99609375
v 119.280073023 281.114953757 140.767212246 0.99609375
v 119.232621842 281.464997747 135.952886985 0.99609375
v 119.360625762 281.866543216 141.170693612 0.99609375
v 119.503568074 281.772111322 136.359597998 0.99609375
v 119.331684715 281.642109376 141.13276279 0.99609375
v 119.411652438 282.183575741 135.595951407 0.99609375
v 119.645181549 282.380534451 140.961206268 0.99609375
v 119.510774702 282.34509509 135.926426929 0.99609375
v 119.487527035 282.203782942 141.390254098 0.99609375
v 119.412662046 282.62593193 135.948412532 0.99609375
v 119.352757624 282.975607775 140.899424042 0.99609375
v 119.671609464 283.187132713 136.338147307 0.99609375
v 119.641137943 283.304733598 141.446878645 0.99609375
v 119.362542587 283.56913771 136.259236764 0.99609375
v 119.28817763 283.502917814 140.954881377 0.99609375
v 119.536922765 283.507245609 135.9559507 0.99609375
v 119.397849405 283.352702 140.803197162 0.99609375
v 119.710552156 283.970811018 136.355253099 0.99609375
v 119.416086721 284.050248232 141.180108716 0.99609375
v 119.635930368 284.021282002 136.215823158 0.99609375
v 119.488956042 284.38639914 141.305019845 0.99609375
v 119.325303695 284.274845712 135.59357613 0.99609375
v 119.70909644 284.72702249 141.200351296 0.99609375
v 119.764592284 284.798390158 136.312163423 0.99609375
v 119.755090797 284.746250197 141.229783117 0.99609375
v 119.363496237 285.225511603 136.35356998 0.99609375
v 119.67268317 284.783625298 141.209298882 0.99609375
v 119.661774811 285.550889319 136.002327875 0.99609375
v 119.37178749 285.522893916 141.306823654 0.99609375
v 119.370227686 285.52253547 135.626743698 0.99609375
v 119.245572751 285.448410611 140.734360546 0.99609375
v 119.767282409 286.135892707 136.240528602 0.99609375
v 119.204273258 285.801828626 141.293318352 0.99609375
v 119.626027775 286.4215237 135.570246842 0.99609375
v 119.581008816 286.002182157 140.79215345 0.99609375
v 119.694452284 286.345966825 135.537517417 0.99609375
v 119.593172405 286.428769541 140.702317242 0.99609375
v 119.416398342 286.78174131 135.514674065 0.99609375
v 119.488756129 287.09651769 140.937858228 0.99609375
v 119.420942975 287.093213073 135.82619196 0.99609375
v 119.59806214 286.933194399 141.241298135 0.99609375
v 119.624048207 287.28358354 136.135044768 0.99609375
v 119.3179334 287.114230942 141.81631895 0.99609375
v 119.574380093 287.74777339 136.234911044 0.99609375
v 119.769314158 287.583382218 141.569922298 0.99609375
v 119.23671542 288.05757523 135.610746614 0.99609375
v 119.50251112 288.126358421 140.863618728 0.99609375
v 119.59810301 288.316050907 136.454162682 0.99609375
v 119.679456275 288.194476422 140.872864838 0.99609375
v 119.355156201 288.443884588 135.524593874 0.99609375
v 119.651571649 288.380281908 140.778096841 0.99609375
v 119.532733483 289.005847965 135.676654019 0.99609375
v 119.508706103 289.029537955 141.180915929 0.99609375
v 119.407105999 288.876545881 135.567960947 0.99609375
v 119.620446938 288.879997003 140.601304066 0.99609375
v 119.26908516 289.184240619 135.821759969 0.99609375
v 119.590830689 289.670998302 141.151576526 0.99609375
v 119.564087513 289.881869226 135.798260717 0.99609375
v 119.484152325 289.640146534 141.329437362 0.99609375
v 119.539048474 289.961565017 136.103464095 0.99609375
v 119.345477768 289.731209883 141.073485556 0.99609375
v 119.473711421 290.056161942 136.09862699 0.99609375
v 119.481261865 290.143476746 141.42619567 0.99609375
v 119.353662648 290.423430339 135.718477698 0.99609375
v 119.473410546 290.651636615 141.353406967 0.99609375
v 119.654407978 290.804451096 135.766003613 0.99609375
v 119.497029249 290.934467772 140.800833098 0.99609375
v 119.585602299 291.357178602 136.155426688 0.99609375
v 119.62365139 291.270642812 140.662612422 0.99609375
v 119.323187337 291.698026743 135.627124562 0.99609375
v 119.576975498 291.628692878 140.767171088 0.99609375
v 119.477795291 291.701838152 135.37977514 0.99609375
v 119.574388683 291.534090092 141.44720946 0.99609375
v 119.634644725 291.793180168 135.17663359 0.99609375
v 119.509336732 292.096389927 141.451696497 0.99609375
v 119.696885177 292.411436756 135.085810556 0.99609375
v 119.534527237 292.426394987 141.224159555 0.99609375
v 119.712298451 292.599907298 135.398438616 0.99609375
v 119.596315619 292.823360715 140.586928071 0.99609375
v 119.329999305 292.70048419 135.564932338 0.99609375
v 119.573458069 293.057257639 141.440644262 0.99609375
v 119.360269596 293.441709054 135.456280445 0.99609375
v 119.511180275 292.989353948 140.983190905 0.99609375
v 119.645052026 293.236580831 135.630909352 0.99609375
v 119.419768082 293.535076438 140.765998673 0.99609375
v 119.247958139 293.942943534 135.991336936 0.99609375
v 119.358853924 293.969477722 141.012321692 0.99609375
v 119.30038052 293.79084957 135.08149792 0.99609375
v 119.518039191 294.002660736 140.763290164 0.99609375
v 119.206459235 294.542944521 135.038853645 0.99609375
v 119.261255332 294.426768413 140.604936015 0.99609375
v 119.741143657 294.392950881 135.891546325 0.99609375
v 119.672997869 294.597330033 140.77059917 0.99609375
v 119.294321286 295.167311101 135.483218413 0.99609375
v 119.25883015 294.647020459 140.791383004 0.99609375
v 119.526174096 295.078798926 135.231569478 0.99609375
v 119.347867744 294.993822705 140.973684001 0.99609375
v 119.561213791 295.419824983 135.01877448 0.99609375
v 119.682904398 295.424732041 141.482482685 0.99609375
v 119.401571008 295.805798257 135.738618031 0.99609375
v 119.309434953 296.086986071 140.722804791 0.99609375
v 119.737026802 296.37830472 135.475992992 0.99609375
v 119.380196731 295.813181483 141.486511673 0.99609375
v 119.335860556 296.271181487 135.636509233 0.99609375
v 119.509489553 296.482969517 140.659658394 0.99609375
v 119.344305657 296.489229057 135.038701853 0.99609375
v 119.67554701 296.784981725 140.772847952 0.99609375
v 119.718282403 297.229983495 135.741143211 0.99609375
v 119.698587307 296.759314315 141.443176921 0.99609375
v 119.496646403 297.087771614 135.614038146 0.99609375
v 119.632185001 297.482641409 140.948195758 0.99609375
v 119.500128373 297.662778435 135.555992459 0.99609375
v 119.248870644 297.746490181 140.843213359 0.99609375
v 119.462489991 298.112075328 135.875433159 0.99609375
v 119.489788431 297.564849573 141.131951916 0.99609375
v 119.366103302 297.994044508 135.365102455 0.99609375
v 119.221556126 298.226788874 140.585491493 0.99609375
v 119.623855313 298.469560134 135.876308288 0.99609375
v 119.355354375 298.204281643 141.08793086 0.99609375
v 119.582268492 298.596792118 135.960825521 0.99609375
v 119.622158898 298.566461307 141.483359952 0.99609375
v 119.410609344 299.052669449 135.938011299 0.99609375
v 119.374949864 298.716730713 141.470661677 0.99609375
v 119.633527056 299.02703923 135.708948804 0.99609375
v 119.506176251 299.363804776 141.487822027 0.99609375
v 119.732774132 299.460002751 135.599848054 0.99609375
v 119.667291817 299.733617087 140.928271034 0.99609375
v 119.508788535 300.091116182 135.138776632 0.99609375
v 119.216085817 299.651844979 140.671266672 0.99609375
v 119.630164921 300.421397938 135.481707898 0.99609375
v 119.541824687 300.419990283 140.612128934 0.99609375
v 119.357641866 300.690174802 135.206082657 0.99609375
v 119.296328668 300.363272811 141.411550161 0.99609375
v 119.40527696 300.770509215 135.899827738 0.99609375
v 119.205738574 300.912455125 140.97167546 0.99609375
v 119.658245869 301.165554346 135.774150121 0.99609375
v 119.703433842 301.040056591 140.572629777 0.99609375
v 119.483512794 301.220075148 135.706339987 0.99609375
v 119.496864641 301.540052606 141.08155689 0.99609375
v 119.515636496 301.619069259 135.362372049 0.99609375
v 119.664152221 301.466770085 140.887250616 0.99609375
v 119.300217965 301.878994061 135.090678035 0.99609375
v 119.418642171 301.922029668 140.696464969 0.99609375
v 119.679588145 302.418105052 135.996192135 0.99609375
v 119.216624105 302.043318373 141.249552445 0.99609375
v 119.280609145 302.619613067 135.627772066 0.99609375
v 119.616806384 302.591239531 140.636326122 0.99609375
v 119.46198525 302.94342615 135.262947303 0.99609375
v 119.633746291 302.798869451 140.840944268 0.99609375
v 119.520064966 303.234068409 135.796801946 0.99609375
v 119.201814614 303.030899903 141.362122715 0.99609375
v 119.765257234 303.279177406 135.490286865 0.99609375
v 119.676040674 303.138469624 141.250239446 0.99609375
v 119.226066802 303.654255814 135.872210969 0.99609375
v 119.310323274 303.452124291 140.556119427 0.99609375
v 119.601441156 303.683509799 135.505694712 0.99609375
v 119.20954518 303.862723669 140.726212952 0.99609375
v 119.478864513 304.139988778 137.321584869 0.99609375
v 119.483661354 304.106108012 141.616442923 0.99609375
v 119.503396292 276.36472055 140.155348354 0.99609375
v 119.601548033 276.502524128 139.322290754 0.99609375
v 119.853748157 276.461511759 140.558669178 0.99609375
v 119.975834079 276.687011694 136.265634733 0.99609375
v 119.922090613 276.612343648 141.175986193 0.99609375
v 119.661898239 276.74782831 136.22551385 0.99609375
v 119.810602894 276.779080924 141.804499083 0.99609375
v 119.952531763 277.262496722 135.964281567 0.99609375
v 119.554491529 277.254025533 141.948527968 0.99609375
v 119.989200618 277.570200599 135.650898227 0.99609375
v 119.77789069 277.337490357 141.467561104 0.99609375
v 119.750595457 277.665708896 135.693601616 0.99609375
v 119.811336636 277.731987456 141.575824544 0.99609375
v 119.653373696 278.365153054 136.299001984 0.99609375
v 119.881657949 278.359093508 141.507110167 0.99609375
v 119.763693179 278.517038563 135.747468437 0.99609375
v 119.566874255 278.523459083 141.995030462 0.99609375
v 119.925670333 278.577309486 136.880882619 0.99609375
v 119.642358628 278.633209116 141.531993364 0.99609375
v 119.995679516 279.26897673 136.517668423 0.99609375
v 119.888710376 279.012136182 141.789592267 0.99609375
v 119.737646238 279.189892951 136.342250626 0.99609375
v 119.701890115 279.065326852 141.843019725 0.99609375
v 119.968607995 279.725464979 136.460265242 0.99609375
v 120.027390947 279.346375446 141.576428978 0.99609375
v 119.655966647 279.742291006 135.850982922 0.99609375
v 120.009117687 279.987277359 141.900340131 0.99609375
v 119.835652072 279.859883607 136.002435118 0.99609375
v 119.668787209 280.011662801 141.109580424 0.99609375
v 119.633873328 280.552882329 135.509074446 0.99609375
v 119.933298612 280.504815237 141.758513225 0.99609375
v 119.923197448 280.677086604 136.424039937 0.99609375
v 119.708154891 280.954072535 141.983628832 0.99609375
v 119.873820377 281.232481032 135.619747028 0.99609375
v 119.961958717 280.865365819 141.714738192 0.99609375
v 119.521686851 281.498237846 135.954701952 0.99609375
v 119.932198557 281.407802807 141.005022372 0.99609375
v 120.038130765 281.331754684 136.312655189 0.99609375
v 119.53724884 281.864295326 141.568910314 0.99609375
v 119.876983293 281.984748602 136.106775322 0.99609375
v 119.926187382 281.862366362 141.117572599 0.99609375
v 119.787463532 282.087873541 135.851356716 0.99609375
v 119.803175798 282.003144631 141.293531493 0.99609375
v 119.671930217 282.576643462 135.645653737 0.99609375
v 119.759869203 282.211987104 141.53449706 0.99609375
v 119.677567921 283.030641876 135.628363022 0.99609375
v 119.589386719 282.703038317 141.183077291 0.99609375
v 119.57954372 282.832324115 136.289558013 0.99609375
v 119.833327136 283.30469871 141.095986302 0.99609375
v 119.949455639 283.198923228 136.455449455 0.99609375
v 119.879328928 283.24494588 141.801770197 0.99609375
v 119.551224005 283.487040691 135.943617918 0.99609375
v 119.946828452 283.909356236 141.431142118 0.99609375
v 119.939071122 283.660628382 135.656197622 0.99609375
v 119.749289725 283.811125446 141.782346006 0.99609375
v 119.712915025 284.302278729 135.669811459 0.99609375
v 119.506131554 284.332743534 141.792377625 0.99609375
v 119.884405329 284.444480718 136.24561919 0.99609375
v 119.653060991 284.495496949 141.258005956 0.99609375
v 119.642864348 284.561223206 135.625996788 0.99609375
v 119.545859143 284.89123784 141.235486093 0.99609375
v 119.815505681 284.972411937 135.585256637 0.99609375
v 119.871714484 285.198924943 141.243459364 0.99609375
v 119.909305457 285.249279281 135.764100877 0.99609375
v 119.824083794 285.473626365 141.570685718 0.99609375
v 119.584384885 285.417150139 135.840638316 0.99609375
v 119.972277321 285.800133504 141.958672298 0.99609375
v 119.492842455 285.687016354 136.237942437 0.99609375
v 119.924257624 286.152353766 141.136439862 0.99609375
v 119.508811806 286.002538913 135.642723709 0.99609375
v 119.599410989 286.370794156 141.3350853 0.99609375
v 119.863705346 286.348596055 136.427599209 0.99609375
v 119.496410738 286.283999829 141.07736421 0.99609375
v 119.487940854 286.694073661 136.41197803 0.99609375
v 119.512006502 286.916224675 141.515476275 0.99609375
v 119.868467687 287.351472112 135.918317275 0.99609375
v 119.7733782 286.850514339 141.563617896 0.99609375
v 119.982310837 287.363485264 135.892869215 0.99609375
v 119.544601726 287.36938543 141.591900218 0.99609375
v 119.529352408 287.670699447 135.678781789 0.99609375
v 119.691993341 287.545574102 141.803511623 0.99609375
v 119.577389719 287.895205861 136.320882236 0.99609375
v 119.838124082 287.838955866 141.419230416 0.99609375
v 119.948154068 288.485946416 135.601851912 0.99609375
v 119.983226266 288.161687884 141.243846482 0.99609375
v 119.548875646 288.477299712 136.281590026 0.99609375
v 119.813902335 288.816355138 141.761388374 0.99609375
v 119.549542323 288.7995168 135.853436168 0.99609375
v 119.737205339 288.672717939 141.764167075 0.99609375
v 119.936452759 288.893613765 136.204095571 0.99609375
v 119.489629406 289.063861969 141.69477575 0.99609375
v 119.939000778 289.697157834 136.18808443 0.99609375
v 119.913650203 289.516096884 141.46069286 0.99609375
v 119.56551678 289.895859105 136.018103519 0.99609375
v 119.542119174 289.573583802 141.558761829 0.99609375
v 119.844711889 289.983159 135.537166366 0.99609375
v 119.691367669 289.720543369 141.562253895 0.99609375
v 119.935543973 290.338589323 135.572722336 0.99609375
v 119.810781637 290.423212088 141.723981242 0.99609375
v 120.057729436 290.392544004 136.226563005 0.99609375
v 119.649938184 290.562973566 141.458773619 0.99609375
v 119.647111352 290.891284525 135.537752123 0.99609375
v 119.73720234 290.763134242 141.600823052 0.99609375
v 119.908271241 291.314326597 135.592818318 0.99609375
v 119.487926469 291.407049902 141.073059327 0.99609375
v 119.817306943 291.163203805 135.887149302 0.99609375
v 119.702617096 291.241679315 141.34216559 0.99609375
v 119.882840902 291.596934366 135.952463844 0.99609375
v 119.823080892 291.955319829 141.833085228 0.99609375
v 119.912547433 292.142406916 135.968398783 0.99609375
v 119.925018398 291.871170319 141.101987637 0.99609375
v 119.971312561 292.077443412 135.614858617 0.99609375
v 119.671112723 292.280704472 141.098074391 0.99609375
v 119.542040245 292.597445084 135.703893576 0.99609375
v 119.837977513 292.3973797 140.723578054 0.99609375
v 119.648392467 292.684606975 135.965400666 0.99609375
v 119.916757059 292.690079134 140.704747894 0.99609375
v 119.926740643 293.434165679 135.543443655 0.99609375
v 119.505348204 293.086756146 141.405915562 0.99609375
v 119.858350397 293.633542268 135.201785091 0.99609375
v 119.64966498 293.194209159 140.990987391 0.99609375
v 120.040394307 293.908380874 135.185028407 0.99609375
v 119.946490382 293.69496712 140.741889267 0.99609375
v 119.632066531 293.9689265 135.900435795 0.99609375
v 119.948697812 293.909589303 140.577161152 0.99609375
v 119.773625652 294.109886871 135.694273221 0.99609375
v 119.749844897 294.063227976 140.963943216 0.99609375
v 119.804368705 294.352124531 135.831212891 0.99609375
v 119.833799159 294.566608572 141.047490759 0.99609375
v 119.862872933 294.78795624 135.326017899 0.99609375
v 119.983406571 294.903401672 141.210102044 0.99609375
v 119.681805592 295.462149392 135.334950414 0.99609375
v 119.843394904 295.459982512 141.259903824 0.99609375
v 120.046210439 295.603784274 135.395970144 0.99609375
v 119.708375923 295.676041426 140.577699514 0.99609375
v 119.574354106 295.884228596 135.544053159 0.99609375
v 119.632295686 295.749074695 140.624049901 0.99609375
v 119.719325701 296.044750502 135.18567736 0.99609375
v 119.56038123 295.957198488 140.592800001 0.99609375
v 119.954131881 296.480582921 135.220991705 0.99609375
v 119.670636336 296.131998857 140.820439777 0.99609375
v 119.586592743 296.881007247 135.976444774 0.99609375
v 120.040708312 296.472162226 140.508321244 0.99609375
v 119.651623984 297.053200811 135.810558574 0.99609375
v 119.96320248 296.806507981 140.901583051 0.99609375
v 119.513121702 297.020727608 135.310465744 0.99609375
v 119.838829401 297.022775752 140.625070437 0.99609375
v 120.034696989 297.54197358 135.377743484 0.99609375
v 119.893403123 297.64596104 141.474688063 0.99609375
v 119.55519056 297.786444202 135.769732242 0.99609375
v 119.777178929 297.594938003 141.407693781 0.99609375
v 119.956117768 297.914080949 135.039650965 0.99609375
v 119.542449026 298.06128615 140.661022951 0.99609375
v 119.888361568 298.269058472 135.973814218 0.99609375
v 119.86459692 298.618705354 141.116067136 0.99609375
v 119.899892777 298.41563214 135.68467206 0.99609375
v 120.005575746 298.896740551 140.955824582 0.99609375
v 119.541766642 299.021462642 135.732675739 0.99609375
v 120.045280625 299.120989316 141.409283738 0.99609375
v 119.978106435 299.264787451 135.606874059 0.99609375
v 119.693176653 299.357834007 140.698560111 0.99609375
v 119.623911256 299.792125882 135.040729627 0.99609375
v 120.012136412 299.686821488 140.519246649 0.99609375
v 119.994192745 299.866990014 135.931511328 0.99609375
v 119.622349003 300.059597815 140.561513318 0.99609375
v 119.563692904 300.281182263 135.75381259 0.99609375
v 119.745759198 300.228816391 140.77360026 0.99609375
v 119.895358531 300.507298291 135.439532407 0.99609375
v 119.505582493 300.287132976 141.091332964 0.99609375
v 120.040768844 301.017280173 135.54133132 0.99609375
v 119.727427953 300.650694826 141.435240735 0.99609375
v 119.541967184 300.766373805 135.243241509 0.99609375
v 119.851968663 301.160401613 141.775599814 0.99609375
v 119.918684025 301.13386118 135.956893746 0.99609375
v 120.054369747 301.599631806 141.426519708 0.99609375
v 119.530061979 301.750474543 135.74043786 0.99609375
v 119.926277024 301.577755932 141.153294436 0.99609375
v 119.573369575 301.908618087 135.070327033 0.99609375
v 119.643593935 301.697865554 141.873585359 0.99609375
v 119.774352666 302.196830982 135.087332677 0.99609375
v 120.012631908 302.157971621 141.615357855 0.99609375
v 119.759736536 302.654748776 135.627170012 0.99609375
v 120.017143522 302.753128501 141.914882578 0.99609375
v 119.538672677 302.820563228 135.374802849 0.99609375
v 119.511180534 303.023762878 141.005894045 0.99609375
v 119.601771432 302.926229253 135.030873767 0.99609375
v 120.014237303 302.907432035 141.175261136 0.99609375
v 119.795430369 303.186229461 135.170524804 0.99609375
v 119.870664771 303.066777716 141.071756864 0.99609375
v 120.007507016 303.702080273 135.978504726 0.99609375
v 119.944233091 303.860834729 141.520346723 0.99609375
v 119.907224156 303.845055891 135.891283626 0.99609375
v 119.936382554 303.837966896 141.110224306 0.99609375
v 120.042798935 304.136483487 137.296030372 0.99609375
v 119.617865865 304.461322584 141.300670888 0.99609375
v 120.07214637 275.627254949 141.006441765 0.99609375
v 119.784354504 275.856228906 140.02030612 0.99609375
v 120.063242911 276.130451373 141.313759006 0.99609375
v 120.086663065 276.643106227 139.980474941 0.99609375
v 119.809583819 276.242112125 141.142428324 0.99609375
v 119.983547849 276.429030163 136.691194762 0.99609375
v 120.258221476 276.814217523 141.611865395 0.99609375
v 119.929453188 277.212080696 136.938968931 0.99609375
v 119.905836286 276.773968142 141.48519333 0.99609375
v 119.775184325 277.366298436 136.253538669 0.99609375
v 120.041884083 277.184785878 141.207801602 0.99609375
v 119.827346904 277.503160039 136.182991119 0.99609375
v 119.90406039 277.466802098 141.639784787 0.99609375
v 119.909003762 277.934329472 136.759349985 0.99609375
v 119.85275169 277.590700072 141.51602172 0.99609375
v 120.146745027 277.993193884 136.204589421 0.99609375
v 120.286926421 278.289651688 141.798922127 0.99609375
v 119.816271465 278.680285781 136.016028179 0.99609375
v 119.868202853 278.259310036 141.762956174 0.99609375
v 120.061625308 278.517576445 136.689618057 0.99609375
v 119.791324215 278.971273928 141.304798503 0.99609375
v 119.985216242 279.135711496 136.061026244 0.99609375
v 120.257547948 279.117993558 141.015509159 0.99609375
v 119.943495791 279.177598779 136.994016844 0.99609375
v 120.124818357 279.215101375 141.766639689 0.99609375
v 120.123753896 279.669699259 136.383015426 0.99609375
v 120.083656621 279.512642169 141.311885823 0.99609375
v 120.158872623 279.719528953 136.672190896 0.99609375
v 120.250101609 279.94481886 141.637896806 0.99609375
v 119.882160887 280.008324032 136.043127783 0.99609375
v 119.907977979 280.068601015 141.01381761 0.99609375
v 120.051033512 280.65781147 136.614930131 0.99609375
v 120.348793435 280.385025608 141.793509933 0.99609375
v 120.303081522 280.92861774 136.434367566 0.99609375
v 119.773819478 280.51325654 141.359350954 0.99609375
v 119.851456199 280.888137574 136.039388506 0.99609375
v 120.295002162 280.727179523 141.372503004 0.99609375
v 120.295133367 281.263188296 136.409891868 0.99609375
v 120.005012191 281.208581695 141.859724951 0.99609375
v 119.902829882 281.300290931 136.758030786 0.99609375
v 120.164841102 281.687682294 141.804065218 0.99609375
v 120.034422849 282.02857065 136.673453456 0.99609375
v 120.244823233 281.952646264 141.78173498 0.99609375
v 120.133696821 281.93081419 136.100225121 0.99609375
v 120.125122045 282.26004723 141.217651755 0.99609375
v 119.815174671 282.64568779 136.364517917 0.99609375
v 120.073080785 282.663412609 141.05939462 0.99609375
v 119.803126442 282.877006374 136.169110087 0.99609375
v 120.026687383 282.975102886 141.746128525 0.99609375
v 120.044973939 283.078651617 136.491437355 0.99609375
v 120.245137322 282.975832913 141.610316932 0.99609375
v 120.015544097 283.21169251 136.839621242 0.99609375
v 119.930538684 283.561651513 141.840499064 0.99609375
v 119.98911937 283.497601636 136.942094774 0.99609375
v 120.212119631 283.871312166 141.44482076 0.99609375
v 120.215057843 283.795842796 136.818149057 0.99609375
v 120.332560169 283.828683464 141.599383232 0.99609375
v 120.045716486 284.481314148 136.701672307 0.99609375
v 119.824956738 284.487290763 141.623160879 0.99609375
v 119.817207341 284.256574112 136.347297768 0.99609375
v 119.784303868 284.290579918 141.782963547 0.99609375
v 120.307059662 284.755541049 136.93302792 0.99609375
v 119.879974834 284.715366531 141.161733857 0.99609375
v 119.829979282 284.954080968 136.507776243 0.99609375
v 120.149910547 284.788398065 141.679380204 0.99609375
v 120.134139042 285.308464165 136.607949323 0.99609375
v 120.134509688 285.163472257 141.725033401 0.99609375
v 120.178607307 285.710000512 136.064768943 0.99609375
v 120.112458609 285.626914105 141.175528755 0.99609375
v 120.217679563 285.951242818 136.90971952 0.99609375
v 120.081655143 285.721473926 141.521436084 0.99609375
v 120.34684624 286.191775605 136.383985797 0.99609375
v 120.039011949 286.348596387 141.726375325 0.99609375
v 119.94402919 286.699114447 135.517516193 0.99609375
v 120.316723995 286.762732558 141.313411317 0.99609375
v 120.074178571 287.074134685 135.732229554 0.99609375
v 119.779239489 286.968094414 141.128408968 0.99609375
v 120.133775827 286.862040901 135.973367903 0.99609375
v 120.212489525 287.14121438 141.569809526 0.99609375
v 120.288246717 287.208373787 135.656305548 0.99609375
v 120.195853525 287.35442971 141.886609565 0.99609375
v 119.967927952 287.557288519 135.590594788 0.99609375
v 119.823525212 287.8990516 141.218978693 0.99609375
v 120.146305753 287.940641087 135.964680215 0.99609375
v 119.926605857 287.831186165 141.066995484 0.99609375
v 120.149755173 288.211794872 136.45986885 0.99609375
v 120.044867625 288.127847549 141.063907321 0.99609375
v 120.10127038 288.728032339 136.387283859 0.99609375
v 120.211881999 288.52164791 141.793875654 0.99609375
v 120.08549304 288.699048544 136.312645394 0.99609375
v 120.327459605 288.921325081 141.971183388 0.99609375
v 120.14320326 289.310745113 136.278820286 0.99609375
v 120.063973288 288.953581312 141.14366117 0.99609375
v 119.814865936 289.261690455 136.312961741 0.99609375
v 120.012688823 289.390530782 141.261687441 0.99609375
v 120.344539831 289.835372005 136.34372043 0.99609375
v 119.891504694 289.759500927 141.871076316 0.99609375
v 119.853715137 289.887356094 136.205051902 0.99609375
v 119.889993384 289.914821242 141.21652556 0.99609375
v 120.077100129 290.03969094 136.235748266 0.99609375
v 120.0001679 290.485253092 141.797672773 0.99609375
v 119.835173232 290.686158838 135.920261377 0.99609375
v 119.937614379 290.765092874 141.554213135 0.99609375
v 119.858919153 290.588190678 135.670348811 0.99609375
v 119.9351602 291.159800667 141.367385818 0.99609375
v 119.786583696 290.915093818 136.346146111 0.99609375
v 120.31905114 291.135406057 141.484414086 0.99609375
v 119.772380569 291.232241026 136.267540872 0.99609375
v 120.227902221 291.251564318 141.78671421 0.99609375
v 120.204897026 291.647196008 135.827351711 0.99609375
v 119.783272374 291.837886448 141.374663424 0.99609375
v 120.181753504 292.107748676 135.542788888 0.99609375
v 119.848045228 292.109284783 141.455802781 0.99609375
v 120.0368154 292.360582849 136.049860381 0.99609375
v 119.894129379 292.589441022 141.600416196 0.99609375
v 119.925544793 292.808624359 135.500097077 0.99609375
v 119.935854701 292.57813078 141.939242443 0.99609375
v 120.251472466 293.08941587 135.879877642 0.99609375
v 119.863819881 292.863552273 141.774783906 0.99609375
v 119.831823836 293.122595841 136.406472148 0.99609375
v 119.918546382 293.44577091 141.950591448 0.99609375
v 119.895633463 293.558198653 135.978649424 0.99609375
v 120.179568828 293.394767215 141.206578917 0.99609375
v 120.069753254 293.481904695 135.71733985 0.99609375
v 119.813788686 293.493861006 141.474452533 0.99609375
v 120.005950526 294.176553358 136.020271002 0.99609375
v 119.825327237 294.034388738 141.212325153 0.99609375
v 119.983229947 294.603116344 135.9152646 0.99609375
v 120.205594016 294.396675128 141.321561109 0.99609375
v 120.19369574 294.574192734 135.742598307 0.99609375
v 120.3419562 294.787829523 141.702899427 0.99609375
v 119.973592589 295.163669107 136.488602292 0.99609375
v 120.131532722 294.879686051 141.382540118 0.99609375
v 119.929705495 295.030582775 135.536955854 0.99609375
v 120.264617418 295.06166796 141.19090686 0.99609375
v 119.79630991 295.499986612 135.097769017 0.99609375
v 120.063879144 295.413131262 141.632735478 0.99609375
v 119.841926151 296.006707589 135.947962746 0.99609375
v 119.845572842 295.578217655 141.895914095 0.99609375
v 120.205380539 296.063684329 135.593438426 0.99609375
v 120.228513157 295.832315122 141.823498413 0.99609375
v 120.237118337 296.307932872 135.810624341 0.99609375
v 119.83437039 296.424807102 141.057201149 0.99609375
v 120.042533569 296.950533459 135.665001857 0.99609375
v 119.780418639 296.767722969 141.504946731 0.99609375
v 120.042921212 297.05244064 135.762226725 0.99609375
v 119.88871917 296.993121603 141.791653932 0.99609375
v 120.244291692 297.137158529 135.377135718 0.99609375
v 119.936118264 297.08131136 141.251207199 0.99609375
v 119.828770564 297.63607194 135.805649822 0.99609375
v 120.265603345 297.367045651 141.599222793 0.99609375
v 120.219316888 297.993970017 135.194604197 0.99609375
v 120.073851424 297.723609046 141.117259059 0.99609375
v 120.112576395 298.384498856 135.361468355 0.99609375
v 120.201713841 298.113435134 141.704155449 0.99609375
v 120.349539379 298.665954565 135.859308232 0.99609375
v 119.967276109 298.163313072 141.569243845 0.99609375
v 120.283898852 298.533289873 135.835262081 0.99609375
v 119.933951286 298.703638642 141.500880772 0.99609375
v 120.022010603 299.164157468 135.571973841 0.99609375
v 120.285116084 299.240684142 141.957760219 0.99609375
v 120.090435304 299.074758075 135.458391727 0.99609375
v 119.989920016 299.39265335 141.916669398 0.99609375
v 119.920771676 299.38733906 135.879139846 0.99609375
v 120.307950264 299.802793494 141.902208054 0.99609375
v 120.334513586 299.847087984 135.547952397 0.99609375
v 120.192991002 299.81389933 141.556912788 0.99609375
v 119.885527242 300.062486673 135.973339446 0.99609375
v 120.052870862 299.93323944 141.114395575 0.99609375
v 120.21990288 300.401447438 135.803052252 0.99609375
v 119.991692473 300.203926906 141.24855977 0.99609375
v 120.105940918 300.530455653 135.35973886 0.99609375
v 119.777161037 300.778149541 141.185271168 0.99609375
v 120.210746604 301.101372007 135.331177182 0.99609375
v 119.954485177 300.757935229 141.929233872 0.99609375
v 120.205528689 301.516945294 135.712593881 0.99609375
v 119.841053881 301.220614907 141.112632631 0.99609375
v 119.869672396 301.728152281 135.534752646 0.99609375
v 120.062093447 301.682080758 141.2499718 0.99609375
v 119.985378908 301.804337981 135.885963318 0.99609375
v 120.266173517 302.015300125 141.52087822 0.99609375
v 120.108608879 302.212736421 135.966463579 0.99609375
v 119.907094075 302.134421754 141.819818776 0.99609375
v 120.128281673 302.54969495 135.81507438 0.99609375
v 120.160837095 302.549963008 141.358464061 0.99609375
v 120.318231699 302.701382758 135.321730237 0.99609375
v 119.848959646 302.585684518 141.845641847 0.99609375
v 120.293145514 303.149747756 135.108633265 0.99609375
v 120.134967999 302.849739372 141.445874108 0.99609375
v 119.942251677 303.613231181 135.368245937 0.99609375
v 120.041662502 303.502284481 141.196294291 0.99609375
v 120.304131403 303.910086957 135.12601202 0.99609375
v 119.849635661 303.866286358 141.233426912 0.99609375
v 120.030924354 304.076607805 135.98616773 0.99609375
v 119.867446004 303.66079195 141.968417932 0.99609375
v 120.177299619 304.425966076 137.426869845 0.99609375
v 119.798576749 304.361506042 141.089624452 0.99609375
v 120.181636541 275.810726095 141.33675183 0.99609375
v 120.608706825 276.050667002 140.515953466 0.99609375
v 120.412324524 276.229500514 141.467094697 0.99609375
v 120.065100749 276.613960951 139.927699411 0.99609375
v 120.328679011 276.542836227 141.184051379 0.99609375
v 120.549088053 276.794221291 136.666827494 0.99609375
v 120.246061424 276.398451423 141.532440428 0.99609375
v 120.366984242 276.964836907 136.809303237 0.99609375
v 120.204852141 276.896910656 141.461192095 0.99609375
v 120.338501947 277.119113871 136.714833954 0.99609375
v 120.610208865 276.995998574 141.589068349 0.99609375
v 120.227586674 277.545703213 136.761570754 0.99609375
v 120.323915689 277.773203751 141.008921142 0.99609375
v 120.265531738 278.007633983 136.782135217 0.99609375
v 120.188630248 277.799626757 141.787115284 0.99609375
v 120.5239982 277.881670189 136.661386077 0.99609375
v 120.521848988 278.052474538 141.372170355 0.99609375
v 120.305992235 278.318221284 136.501471511 0.99609375
v 120.546412267 278.446386581 141.976054085 0.99609375
v 120.066552264 278.835596799 136.206790849 0.99609375
v 120.452788742 278.635534561 141.454753479 0.99609375
v 120.369912536 279.028565962 136.002831077 0.99609375
v 120.063112165 279.028672706 141.054192369 0.99609375
v 120.371950897 279.018951403 136.235038517 0.99609375
v 120.236137922 279.15208866 141.941350304 0.99609375
v 120.421518889 279.741778751 136.705629339 0.99609375
v 120.215051931 279.45371984 141.711674469 0.99609375
v 120.265767795 279.928561225 136.419848886 0.99609375
v 120.445680314 279.648435863 141.495342159 0.99609375
v 120.094210734 279.913847368 136.742261791 0.99609375
v 120.617564448 279.953592146 141.48605949 0.99609375
v 120.220836015 280.333307916 136.405656574 0.99609375
v 120.080239202 280.325729551 141.396827156 0.99609375
v 120.363239781 280.684333536 136.724279212 0.99609375
v 120.174647687 280.523468168 141.470302669 0.99609375
v 120.179336744 281.159497629 136.523273434 0.99609375
v 120.234877275 280.895184043 141.250726035 0.99609375
v 120.493446824 281.53125986 136.872695747 0.99609375
v 120.340886677 281.159782694 141.607571202 0.99609375
v 120.065184124 281.721138946 136.665449499 0.99609375
v 120.258916936 281.665785984 141.970100048 0.99609375
v 120.293994245 282.077299323 136.677000264 0.99609375
v 120.104580198 281.71854103 141.264025345 0.99609375
v 120.329027157 282.242952309 136.00886854 0.99609375
v 120.117776724 282.323814402 141.059383603 0.99609375
v 120.121423083 282.235598908 136.411067506 0.99609375
v 120.233228336 282.533624126 141.473309607 0.99609375
v 120.072961295 282.719025586 136.342797978 0.99609375
v 120.20444188 282.470736161 141.77051788 0.99609375
v 120.36540724 282.892251605 136.450142834 0.99609375
v 120.616616506 283.174739986 141.975114759 0.99609375
v 120.405315362 283.441816813 136.401658468 0.99609375
v 120.541765538 283.251356043 141.648526572 0.99609375
v 120.493999687 283.558195421 136.871058646 0.99609375
v 120.092776094 283.62974696 141.848930069 0.99609375
v 120.070794074 284.140189523 136.050698971 0.99609375
v 120.507523263 283.974612788 141.665525226 0.99609375
v 120.42816035 284.214556707 136.530776623 0.99609375
v 120.493922578 283.989165813 141.558473522 0.99609375
v 120.135317749 284.336368894 136.429542858 0.99609375
v 120.331337623 284.338222597 141.221773249 0.99609375
v 120.623177579 284.939676045 136.910483483 0.99609375
v 120.123606175 284.956874889 141.945762901 0.99609375
v 120.188412063 285.12815935 136.306006597 0.99609375
v 120.492948847 285.246318898 141.731011075 0.99609375
v 120.389587155 285.337872541 136.20527906 0.99609375
v 120.418918217 285.617405107 141.763894153 0.99609375
v 120.419722978 285.366252874 136.974108422 0.99609375
v 120.545645566 285.926079759 141.584540063 0.99609375
v 120.155198571 285.964518158 136.663809224 0.99609375
v 120.147322496 285.852761508 141.00308001 0.99609375
v 120.095015197 286.265778152 136.872636244 0.99609375
v 120.574904095 286.141752114 141.45760307 0.99609375
v 120.440990391 286.613524858 136.997421783 0.99609375
v 120.274616677 286.240714891 141.690792955 0.99609375
v 120.088071813 286.591319197 136.749014538 0.99609375
v 120.385349906 287.047950604 141.562389685 0.99609375
v 120.494173346 287.13363429 136.291007868 0.99609375
v 120.33339123 286.816951496 141.10727806 0.99609375
v 120.263544475 287.338840772 136.184289679 0.99609375
v 120.576191647 287.463316797 141.074634976 0.99609375
v 120.11299173 287.673465481 136.915824537 0.99609375
v 120.420750195 287.804068446 141.027079986 0.99609375
v 120.225447709 288.143790068 136.675302579 0.99609375
v 120.110819224 287.777993263 141.907129557 0.99609375
v 120.384433708 288.478574334 136.556854609 0.99609375
v 120.255584986 288.009243667 141.071293548 0.99609375
v 120.253813379 288.317439108 136.404037005 0.99609375
v 120.477665047 288.726775933 141.700325945 0.99609375
v 120.566957709 288.919673323 136.277535889 0.99609375
v 120.188104501 288.951306432 141.803526934 0.99609375
v 120.316243134 289.173216944 136.200740024 0.99609375
v 120.626173288 289.263779711 141.495942442 0.99609375
v 120.109028082 289.584632427 136.934567811 0.99609375
v 120.070569734 289.631651336 141.222592657 0.99609375
v 120.064079186 289.700984376 136.584820584 0.99609375
v 120.080840826 289.612213518 141.675540775 0.99609375
v 120.060022584 289.790941224 136.350261528 0.99609375
v 120.150244559 290.193135377 141.251664092 0.99609375
v 120.221473802 290.047493173 136.719011256 0.99609375
v 120.307177195 290.277322729 141.433118097 0.99609375
v 120.369719462 290.464563318 136.123093701 0.99609375
v 120.38989723 290.634991671 141.945359274 0.99609375
v 120.314864919 290.592650061 136.528507544 0.99609375
v 120.299912133 290.643271186 141.258225857 0.99609375
v 120.225840617 291.302291409 136.947332403 0.99609375
v 120.15977956 291.060017144 141.877997719 0.99609375
v 120.605655658 291.727652987 136.282487034 0.99609375
v 120.385747823 291.326173107 141.183458949 0.99609375
v 120.516160996 291.812387977 135.507608499 0.99609375
v 120.549475052 291.881015635 141.404161953 0.99609375
v 120.571891754 291.897092091 136.014428397 0.99609375
v 120.244047062 291.941968936 141.503655714 0.99609375
v 120.512221013 292.439972398 136.090587549 0.99609375
v 120.307655849 292.130708274 141.805645143 0.99609375
v 120.209832074 292.827182191 135.821962205 0.99609375
v 120.603529828 292.762422371 141.422016925 0.99609375
v 120.26265644 292.729040056 136.164864723 0.99609375
v 120.488411028 292.656133936 141.808149808 0.99609375
v 120.375918387 293.205017053 136.147017461 0.99609375
v 120.34262908 293.368636787 141.637411627 0.99609375
v 120.146285662 293.332677542 135.889942724 0.99609375
v 120.472120294 293.75012668 141.202365562 0.99609375
v 120.272304496 294.01642631 136.239999173 0.99609375
v 120.570598199 293.623216327 141.726171116 0.99609375
v 120.299280166 293.946277524 136.194932683 0.99609375
v 120.390284898 293.880625123 141.814869731 0.99609375
v 120.527154062 294.3621904 135.921724105 0.99609375
v 120.638345343 294.065257216 141.692898238 0.99609375
v 120.076520584 294.750802704 136.291366012 0.99609375
v 120.392433953 294.502353911 141.845652912 0.99609375
v 120.098902008 294.64820106 135.738377362 0.99609375
v 120.312323685 294.962634409 141.522980123 0.99609375
v 120.107953396 295.053653699 136.292523635 0.99609375
v 120.290143988 295.382243943 141.05589334 0.99609375
v 120.390047409 295.45050934 136.489887793 0.99609375
v 120.207575578 295.431063608 141.579210199 0.99609375
v 120.317725848 296.057704791 136.045330185 0.99609375
v 120.585710638 295.591905707 141.588626915 0.99609375
v 120.379472134 295.893349453 135.951499674 0.99609375
v 120.340733271 296.029990378 141.728418179 0.99609375
v 120.490866745 296.335313308 136.170596709 0.99609375
v 120.454979385 296.565383502 141.775772506 0.99609375
v 120.285126013 296.676150172 136.466238459 0.99609375
v 120.561672923 296.505503044 141.541564661 0.99609375
v 120.275561335 297.111260758 136.38581146 0.99609375
v 120.25644612 297.186679101 141.159090959 0.99609375
v 120.489176837 297.466809326 135.849891088 0.99609375
v 120.254228034 297.090077301 141.05204588 0.99609375
v 120.452578639 297.413787476 136.279344794 0.99609375
v 120.139687104 297.808746421 141.358053064 0.99609375
v 120.34886072 297.62390071 135.676040907 0.99609375
v 120.254937185 298.06898218 141.575664905 0.99609375
v 120.624017057 298.288135449 135.071419989 0.99609375
v 120.405477415 297.946869187 141.34407071 0.99609375
v 120.516427858 298.343062799 135.379999602 0.99609375
v 120.164401972 298.218967032 141.187240124 0.99609375
v 120.244777735 298.627844929 135.508876354 0.99609375
v 120.563984864 298.522009542 141.673852557 0.99609375
v 120.618965547 298.988945498 135.190949408 0.99609375
v 120.099166412 299.169242705 141.507075705 0.99609375
v 120.596293094 299.029569621 135.151270532 0.99609375
v 120.551663988 299.121235782 141.659926775 0.99609375
v 120.489603363 299.712061154 135.611133252 0.99609375
v 120.125393024 299.817703524 141.539941353 0.99609375
v 120.362695611 299.866961084 135.05996431 0.99609375
v 120.107560059 299.728133328 141.025863647 0.99609375
v 120.354738138 300.289890335 135.372845376 0.99609375
v 120.600912212 299.957078534 141.154468958 0.99609375
v 120.274390875 300.463979271 135.4727446 0.99609375
v 120.320422227 300.571838275 141.75858559 0.99609375
v 120.346185412 300.628746466 135.205317662 0.99609375
v 120.342599237 300.872782696 141.116826942 0.99609375
v 120.444763736 300.908345883 135.777224911 0.99609375
v 120.10142626 301.258482562 141.135014616 0.99609375
v 120.632876295 301.332216501 135.549830968 0.99609375
v 120.435280917 301.075847516 141.191788901 0.99609375
v 120.303458193 301.315004028 135.125997047 0.99609375
v 120.625652509 301.316965183 141.554563449 0.99609375
v 120.510306696 301.653909805 135.278286787 0.99609375
v 120.228944344 301.942645713 141.87525686 0.99609375
v 120.11927627 302.015894618 135.713724027 0.99609375
v 120.277900949 302.247265171 141.604164888 0.99609375
v 120.562998687 302.475862921 135.104494497 0.99609375
v 120.611074435 302.390614549 141.93902541 0.99609375
v 120.385662281 302.745534193 135.287774923 0.99609375
v 120.604923469 302.474093946 141.670040574 0.99609375
v 120.62729476 302.864003825 135.737720289 0.99609375
v 120.32180221 302.850074535 141.217679263 0.99609375
v 120.243527303 303.576451649 135.538723758 0.99609375
v 120.287458143 303.35097235 141.247065191 0.99609375
v 120.323251693 303.673427199 135.217177535 0.99609375
v 120.249867666 303.775606013 141.802820075 0.99609375
v 120.575584389 303.928218768 136.250635679 0.99609375
v 120.320831836 304.083756246 141.773418088 0.99609375
v 120.502285962 304.175287805 137.467238744 0.99609375
v 120.221082435 304.007033797 141.258934112 0.99609375
v 120.578257001 275.737131429 141.52226569 0.99609375
v 120.893396951 276.016035758 140.367890764 0.99609375
v 120.847774166 276.085524462 141.719316258 0.99609375
v 120.480697999 276.282534366 139.562096422 0.99609375
v 120.915618841 276.438664066 141.226616303 0.99609375
v 120.756431663 276.653069584 136.464310778 0.99609375
v 120.613371316 276.868777078 141.709998655 0.99609375
v 120.399181678 277.033988285 136.921966227 0.99609375
v 120.352332716 276.95422542 141.084664883 0.99609375
v 120.872164547 277.297265754 136.14900723 0.99609375
v 120.882145314 277.306038124 141.938289131 0.99609375
v 120.856084186 277.417431172 136.634164489 0.99609375
v 120.919959904 277.303181882 141.484953039 0.99609375
v 120.376472602 277.891323552 136.622468298 0.99609375
v 120.519021673 277.877199568 141.595342261 0.99609375
v 120.852531345 277.874006006 136.205654752 0.99609375
v 120.718551809 277.841622456 141.905534395 0.99609375
v 120.869817936 278.393561025 136.868186877 0.99609375
v 120.866358416 278.491871738 141.112642638 0.99609375
v 120.633532908 278.563081669 136.199378542 0.99609375
v 120.40470078 278.973764685 141.635068511 0.99609375
v 120.710315814 278.946171756 136.506684758 0.99609375
v 120.387354098 279.195521955 141.980886958 0.99609375
v 120.551188949 279.502147478 136.327424877 0.99609375
v 120.370556833 279.045038734 141.820933678 0.99609375
v 120.416914768 279.483725376 136.372594214 0.99609375
v 120.805277434 279.472011069 141.992312694 0.99609375
v 120.728416234 279.633989914 136.242990084 0.99609375
v 120.841371091 279.653400573 141.586622982 0.99609375
v 120.510005355 279.959439895 136.458631393 0.99609375
v 120.8044203 279.867243346 141.551325192 0.99609375
v 120.580963919 280.162629958 136.980339005 0.99609375
v 120.437000426 280.378098184 141.071794263 0.99609375
v 120.769192996 280.962357885 136.419861673 0.99609375
v 120.666627328 280.859973275 141.576680612 0.99609375
v 120.805477286 281.099025792 136.112233077 0.99609375
v 120.688480073 281.02869559 141.54478373 0.99609375
v 120.83701166 281.507453091 136.014903517 0.99609375
v 120.859265675 281.065258285 141.356106862 0.99609375
v 120.535362662 281.784534985 136.36310536 0.99609375
v 120.641381823 281.797828155 141.297350362 0.99609375
v 120.698899638 281.876352591 136.084163685 0.99609375
v 120.462246516 282.023915141 141.7070723 0.99609375
v 120.388917696 281.885884759 136.248050292 0.99609375
v 120.556917741 281.964302638 141.382559122 0.99609375
v 120.477276697 282.497695177 136.134964379 0.99609375
v 120.874786004 282.665030001 141.286469352 0.99609375
v 120.485043937 283.013494941 136.842879782 0.99609375
v 120.752976731 282.81175167 141.152025799 0.99609375
v 120.460807296 283.241391124 136.606867876 0.99609375
v 120.732366871 283.22508857 141.456704201 0.99609375
v 120.668469753 283.140161001 136.956319403 0.99609375
v 120.423943207 283.420111976 141.121382322 0.99609375
v 120.45297552 283.43252057 136.011171608 0.99609375
v 120.853179685 283.539081401 141.138245648 0.99609375
v 120.657232358 283.765147385 136.185947967 0.99609375
v 120.494740705 284.15564152 141.312085454 0.99609375
v 120.76237629 284.271132151 136.390836556 0.99609375
v 120.708378205 283.994655333 141.409284698 0.99609375
v 120.62541414 284.734249328 136.73260243 0.99609375
v 120.732853886 284.543620397 141.830486401 0.99609375
v 120.636451428 284.786620653 136.755155803 0.99609375
v 120.774774122 284.512233433 141.318144106 0.99609375
v 120.703634107 284.959625059 136.056820785 0.99609375
v 120.828199328 285.223989867 141.677186111 0.99609375
v 120.816901738 285.496870057 136.858059257 0.99609375
v 120.7685069 285.522081031 141.171684441 0.99609375
v 120.912658274 285.689940931 136.776296209 0.99609375
v 120.652510675 285.48944665 141.969787683 0.99609375
v 120.82812062 285.886701594 136.784977014 0.99609375
v 120.381169144 285.882229619 141.948532299 0.99609375
v 120.686630781 286.369005146 136.404892333 0.99609375
v 120.465056174 286.308331912 141.446532292 0.99609375
v 120.794062266 286.367229527 136.52799935 0.99609375
v 120.580002113 286.524149529 141.830800542 0.99609375
v 120.830150054 286.754093356 136.626779444 0.99609375
v 120.728451615 286.867773228 141.403468382 0.99609375
v 120.766224967 287.367492417 136.408126665 0.99609375
v 120.583352568 287.252421087 141.461255657 0.99609375
v 120.723080858 287.672451644 136.829165654 0.99609375
v 120.661902137 287.668025023 141.914659092 0.99609375
v 120.417910096 287.816284989 136.886620105 0.99609375
v 120.709417638 287.755752208 141.793857247 0.99609375
v 120.761365057 287.985885539 136.242887044 0.99609375
v 120.66632085 288.066383913 141.357608816 0.99609375
v 120.653479802 288.084274657 136.758253534 0.99609375
v 120.724309987 288.459582398 141.41797554 0.99609375
v 120.392754923 288.409792395 136.554243282 0.99609375
v 120.750685641 288.57326508 141.67607659 0.99609375
v 120.562017341 288.77804575 136.051625037 0.99609375
v 120.518793981 288.617838809 141.746853061 0.99609375
v 120.405404373 289.169216858 136.822818481 0.99609375
v 120.657359011 288.852763218 141.688224858 0.99609375
v 120.829515926 289.339979494 136.979915189 0.99609375
v 120.696491028 289.261448987 141.992293928 0.99609375
v 120.706524645 289.949661936 136.407835544 0.99609375
v 120.825420425 289.968724152 141.386039048 0.99609375
v 120.436583909 289.901053253 136.497569052 0.99609375
v 120.367138435 290.234413234 141.336557589 0.99609375
v 120.670609027 290.539124157 136.786382363 0.99609375
v 120.581928391 290.390768214 141.479290671 0.99609375
v 120.424991987 290.41460633 136.310209564 0.99609375
v 120.408758951 290.410150298 141.126361032 0.99609375
v 120.911246324 290.697217373 136.441213098 0.99609375
v 120.749384696 291.006289663 141.562106616 0.99609375
v 120.918077553 291.014754032 136.082573615 0.99609375
v 120.614274175 291.209705167 141.739403587 0.99609375
v 120.885165563 291.267086697 136.639292387 0.99609375
v 120.490270532 291.33920265 141.26374941 0.99609375
v 120.368360356 291.75220195 136.854186897 0.99609375
v 120.36239662 291.859700794 141.581140032 0.99609375
v 120.466676111 292.142885296 136.902918089 0.99609375
v 120.413268146 292.025079956 141.547930537 0.99609375
v 120.770547752 292.040221447 136.472172363 0.99609375
v 120.371897942 292.163431295 141.12906261 0.99609375
v 120.588478699 292.560412531 136.674039558 0.99609375
v 120.476472283 292.515942394 141.566819113 0.99609375
v 120.756841967 292.974636384 136.794566244 0.99609375
v 120.695159087 292.999078622 141.790364794 0.99609375
v 120.411458857 293.025529271 136.106386215 0.99609375
v 120.500613637 293.18707092 141.917630302 0.99609375
v 120.629541604 293.604553007 136.40880846 0.99609375
v 120.559207823 293.401983703 141.410144906 0.99609375
v 120.395666075 293.676272436 135.829938484 0.99609375
v 120.721563519 293.843979767 141.611428712 0.99609375
v 120.921088641 294.242952064 136.010634222 0.99609375
v 120.39356536 294.236866217 141.468807273 0.99609375
v 120.43707092 294.384449674 135.834193804 0.99609375
v 120.910916436 294.265732055 141.673468296 0.99609375
v 120.763731446 294.850538493 135.994878023 0.99609375
v 120.911192231 294.779126045 141.555427 0.99609375
v 120.622182846 294.8735149 135.700367894 0.99609375
v 120.66660998 294.760645633 141.259092873 0.99609375
v 120.712901993 295.412551463 135.761601896 0.99609375
v 120.768530887 295.172566621 141.748524153 0.99609375
v 120.891180279 295.483765059 136.24329891 0.99609375
v 120.493252543 295.662945384 141.785759046 0.99609375
v 120.926397177 295.778753587 136.169232124 0.99609375
v 120.59091871 295.80655456 141.100144362 0.99609375
v 120.865642222 296.345787953 135.803920522 0.99609375
v 120.392777575 295.950193553 141.102828149 0.99609375
v 120.63899373 296.258586473 135.881437423 0.99609375
v 120.687340748 296.135752967 141.754821606 0.99609375
v 120.833812932 296.913327722 135.873870798 0.99609375
v 120.489601471 296.484303571 141.414693546 0.99609375
v 120.403283781 296.93000003 135.707916202 0.99609375
v 120.791679795 296.875498255 141.899194813 0.99609375
v 120.353149141 296.978327429 135.677487137 0.99609375
v 120.682790738 297.334736719 141.096182941 0.99609375
v 120.660155822 297.480811267 136.314554192 0.99609375
v 120.645700774 297.579334493 141.837246806 0.99609375
v 120.698198686 297.560342807 136.118744073 0.99609375
v 120.519414354 297.654610554 141.978968687 0.99609375
v 120.604027786 297.830665891 136.055124358 0.99609375
v 120.622687782 298.173837172 141.413422011 0.99609375
v 120.376776078 298.531538776 136.416018716 0.99609375
v 120.579729165 298.213081527 141.566085243 0.99609375
v 120.770227237 298.734128258 136.442459076 0.99609375
v 120.431023947 298.891564335 141.148205188 0.99609375
v 120.625363242 298.917675939 136.420032322 0.99609375
v 120.910981303 299.001272798 141.485742836 0.99609375
v 120.407162697 299.096845903 135.857671054 0.99609375
v 120.355299043 299.188865781 141.847377884 0.99609375
v 120.640567787 299.859490004 135.925671929 0.99609375
v 120.864810997 299.59631698 141.428638888 0.99609375
v 120.672862418 299.978741672 135.735504553 0.99609375
v 120.795682826 299.895225333 141.107947674 0.99609375
v 120.897992207 300.242326564 136.337006066 0.99609375
v 120.445500121 299.98300598 141.403368519 0.99609375
v 120.499378507 300.663389882 136.080140327 0.99609375
v 120.753596016 300.437621591 141.84241435 0.99609375
v 120.618452776 300.543454282 135.53932649 0.99609375
v 120.35763675 300.827357503 141.720237338 0.99609375
v 120.508707531 301.024057306 135.927052759 0.99609375
v 120.878624655 301.07634723 141.201032623 0.99609375
v 120.561692307 301.099151704 136.186212102 0.99609375
v 120.678557096 301.465492056 141.168013539 0.99609375
v 120.559962525 301.734604146 136.203021611 0.99609375
v 120.711662609 301.807363872 141.172135662 0.99609375
v 120.541177633 302.035003984 136.07542177 0.99609375
v 120.859985235 302.120359689 141.768973497 0.99609375
v 120.365684861 302.398989265 136.160850471 0.99609375
v 120.475655501 302.367836025 141.762080547 0.99609375
v 120.485307318 302.408828932 136.135968271 0.99609375
v 120.822992983 302.373479013 141.727376423 0.99609375
v 120.834833069 302.99405551 135.54585254 0.99609375
v 120.368484736 302.768019744 141.361665101 0.99609375
v 120.779743484 303.291115974 136.168242552 0.99609375
v 120.820328718 303.013159717 141.047464845 0.99609375
v 120.583643963 303.144308695 136.348221312 0.99609375
v 120.500284048 303.273188444 141.074619691 0.99609375
v 120.411435511 303.816730372 136.00912426 0.99609375
v 120.570629699 303.76924218 141.282473253 0.99609375
v 120.893022489 304.095668715 136.442556138 0.99609375
v 120.892050572 304.019097822 141.138210766 0.99609375
v 120.912684432 303.923261077 137.239417267 0.99609375
v 120.785178719 304.435681886 141.133421031 0.99609375
v 120.78865009 275.776965388 141.158803295 0.99609375
v 120.868251712 275.858022391 140.232107048 0.99609375
v 121.087460351 276.063197612 141.923284425 0.99609375
v 121.030666592 276.374172717 139.891960423 0.99609375
v 120.707369643 276.314350468 141.093367386 0.99609375
v 120.938065426 276.75646861 136.2464809 0.99609375
v 120.893636124 276.61349078 141.904009429 0.99609375
v 120.734980514 277.10764528 136.680992205 0.99609375
v 121.076023841 276.913386886 141.90079952 0.99609375
v 121.053487184 277.370384114 136.661733664 0.99609375
v 120.919192742 276.999113035 141.929202955 0.99609375
v 121.037943907 277.24451568 136.272426884 0.99609375
v 121.118074889 277.603574894 141.684341878 0.99609375
v 120.680582193 277.785096458 136.342720027 0.99609375
v 121.116765373 277.836619613 141.371808488 0.99609375
v 121.190621283 278.016320581 136.357675561 0.99609375
v 121.067035638 278.286821562 141.396818849 0.99609375
v 120.740963481 278.658116518 136.836675092 0.99609375
v 121.14224791 278.328764023 141.709969085 0.99609375
v 121.116112637 278.469631155 136.993054015 0.99609375
v 121.082897015 278.434102808 141.183605193 0.99609375
v 120.691798517 279.208095848 136.069892257 0.99609375
v 121.189923214 278.925975561 141.561608149 0.99609375
v 120.934433716 279.385053686 136.381553224 0.99609375
v 120.9276434 279.012587448 141.724744467 0.99609375
v 121.134331953 279.513119211 136.92409252 0.99609375
v 121.181689779 279.679363599 141.048381998 0.99609375
v 121.032952666 279.84237534 136.176211116 0.99609375
v 120.79053014 280.005284906 141.95019207 0.99609375
v 120.747277154 280.300768697 136.884083035 0.99609375
v 120.911154721 280.023262724 141.001340825 0.99609375
v 121.01047053 280.143882449 136.412768625 0.99609375
v 120.964612027 280.221926453 141.198912883 0.99609375
v 121.049580057 280.871685642 136.989683051 0.99609375
v 120.856388243 280.816075975 141.216490268 0.99609375
v 120.943048133 280.80361254 136.810805978 0.99609375
v 120.976822021 281.251195645 141.281558047 0.99609375
v 120.955360389 281.452143373 136.517170643 0.99609375
v 120.855187572 281.383571684 141.351264981 0.99609375
v 120.833449453 281.33997857 136.054135002 0.99609375
v 121.14404847 281.568451915 141.154080492 0.99609375
v 121.10668818 281.966365784 136.282734927 0.99609375
v 121.054322552 281.623721693 141.576295333 0.99609375
v 120.817073408 281.926578216 136.846050701 0.99609375
v 121.131962372 282.227445455 141.513082722 0.99609375
v 120.968574753 282.479016744 136.352624477 0.99609375
v 121.058854022 282.740920891 141.880769178 0.99609375
v 121.168949897 282.708535763 136.577833402 0.99609375
v 120.885057525 282.781972941 141.902132652 0.99609375
v 120.920571485 283.253110755 136.80471072 0.99609375
v 121.145610051 282.910045398 141.360472377 0.99609375
v 120.920331949 283.092054658 136.407070456 0.99609375
v 120.856685227 283.457651929 141.8736905 0.99609375
v 120.751862679 283.496967359 136.763453834 0.99609375
v 120.968817004 283.538677899 141.430581296 0.99609375
v 120.816438223 284.065244171 136.064953632 0.99609375
v 121.201833207 284.009372356 141.263215033 0.99609375
v 120.776529706 284.307563998 136.077543195 0.99609375
v 121.084911844 284.1708812 141.032056012 0.99609375
v 120.777213017 284.585417042 136.415683957 0.99609375
v 121.119528924 284.254000835 141.464409686 0.99609375
v 120.666231106 284.956072766 136.761413887 0.99609375
v 121.006388451 284.791533917 141.878812939 0.99609375
v 120.987556168 284.941844593 136.31996222 0.99609375
v 120.952782199 285.087027677 141.463334365 0.99609375
v 121.076170716 285.429131977 136.759526469 0.99609375
v 120.914464895 285.434459685 141.281344531 0.99609375
v 121.15456781 285.785100143 136.951449347 0.99609375
v 120.906657566 285.749364014 141.992331433 0.99609375
v 121.12131181 286.164372658 136.73835782 0.99609375
v 121.127918077 286.182373447 141.04214592 0.99609375
v 121.156574084 286.211145736 136.333621681 0.99609375
v 120.736956157 286.159832254 141.814709256 0.99609375
v 120.655402508 286.693805783 136.109783815 0.99609375
v 121.187613789 286.420775448 141.385186818 0.99609375
v 121.213787442 286.77587776 136.787772189 0.99609375
v 120.985240744 286.712533682 141.920854598 0.99609375
v 121.160686195 287.159342924 136.694360553 0.99609375
v 120.643812095 287.19019435 141.164552721 0.99609375
v 120.723878175 287.457391361 136.294903665 0.99609375
v 120.713056062 287.565533196 141.498826939 0.99609375
v 121.135636684 287.400709603 136.561838282 0.99609375
v 120.701846025 287.730860755 141.094586046 0.99609375
v 121.024202029 287.788216849 136.099134764 0.99609375
v 120.937891143 287.960169963 141.442359467 0.99609375
v 120.959188933 288.423097856 136.132433293 0.99609375
v 120.853882537 288.343682897 141.620387483 0.99609375
v 121.014300581 288.486041761 136.928235437 0.99609375
v 120.878352705 288.474154699 141.980193227 0.99609375
v 120.95704582 288.927639472 136.060637171 0.99609375
v 120.64803157 289.11561334 141.060949436 0.99609375
v 120.69117687 289.364954999 136.124330962 0.99609375
v 121.168981922 289.382541038 141.120416597 0.99609375
v 120.818453915 289.247975139 136.28645989 0.99609375
v 120.785979459 289.537785055 141.772685526 0.99609375
v 120.926360263 289.454820406 136.210276013 0.99609375
v 121.080731056 289.669861104 141.547173177 0.99609375
v 121.062453516 289.779103198 136.656781243 0.99609375
v 120.855023823 290.074652469 141.296385684 0.99609375
v 120.884402344 290.106521768 136.771626994 0.99609375
v 121.187004422 290.342603205 141.744445071 0.99609375
v 120.973584352 290.419709391 136.879023182 0.99609375
v 120.985209652 290.821297529 141.78785174 0.99609375
v 120.845646438 290.642059115 136.629323655 0.99609375
v 120.763208399 290.646698999 141.264680261 0.99609375
v 121.115521881 291.045506511 136.329688881 0.99609375
v 121.073377078 291.350098353 141.520535843 0.99609375
v 120.912642377 291.587843198 136.989558158 0.99609375
v 120.817547857 291.39270537 141.667911786 0.99609375
v 121.094992284 291.763648656 136.456020711 0.99609375
v 120.718739663 291.611203491 141.517482824 0.99609375
v 121.204214485 291.990948012 136.411840321 0.99609375
v 120.838503048 291.915230612 141.243976178 0.99609375
v 120.726926103 292.097164979 136.941768103 0.99609375
v 120.908901394 292.287182071 141.328529917 0.99609375
v 120.80737707 292.715835982 136.097195001 0.99609375
v 120.684533049 292.423737801 141.736344974 0.99609375
v 121.010586144 292.927628027 136.820835263 0.99609375
v 121.081829781 292.654058826 141.904377499 0.99609375
v 121.049262535 293.276970616 136.546039478 0.99609375
v 120.747543491 293.474340854 141.094146183 0.99609375
v 121.088313616 293.410601377 136.566248405 0.99609375
v 120.644193954 293.718345604 141.483695715 0.99609375
v 120.653565595 293.924696844 136.034137403 0.99609375
v 120.843814602 293.762218584 141.974984215 0.99609375
v 120.871917869 294.234645858 136.127576117 0.99609375
v 120.980058689 294.232334794 141.384572829 0.99609375
v 121.053426871 294.291202643 136.073813248 0.99609375
v 121.127016459 294.329573215 141.754768149 0.99609375
v 120.742868505 294.713211359 136.91695893 0.99609375
v 120.940689913 294.737900909 141.81346815 0.99609375
v 120.792225732 294.838237689 136.434879521 0.99609375
v 120.847896963 294.78254613 141.236498727 0.99609375
v 121.034748249 295.193415391 136.029782874 0.99609375
v 121.162830488 295.451766426 141.415730107 0.99609375
v 120.899289032 295.656947235 136.402231794 0.99609375
v 121.146396322 295.339310066 141.928133614 0.99609375
v 120.837204984 295.714032429 136.26870012 0.99609375
v 120.852738688 296.071953175 141.019678121 0.99609375
v 121.010760771 295.926813082 136.045739091 0.99609375
v 120.70051465 295.966802384 141.361560934 0.99609375
v 120.701720654 296.616490198 135.896991972 0.99609375
v 121.208669697 296.411942417 141.012527653 0.99609375
v 121.021947522 296.886744109 135.898482675 0.99609375
v 120.949501479 296.448659697 141.982843532 0.99609375
v 121.063807641 296.835099814 135.986154611 0.99609375
v 120.851010986 296.730770578 141.673377916 0.99609375
v 121.040205916 297.047315683 135.821359573 0.99609375
v 121.15394687 297.419228335 141.431247114 0.99609375
v 120.99823832 297.703690642 135.567465763 0.99609375
v 120.752458826 297.425415412 141.0307432 0.99609375
v 120.681332458 297.597327648 136.331185988 0.99609375
v 121.133985982 297.882291674 141.915531133 0.99609375
v 121.126579584 298.052733465 136.368579143 0.99609375
v 120.738660633 297.933210626 141.381110556 0.99609375
v 121.142463281 298.428420855 136.077928079 0.99609375
v 121.141376731 298.64078425 141.779166424 0.99609375
v 120.955807605 298.712156627 135.564935076 0.99609375
v 121.150512039 298.545450029 141.708526227 0.99609375
v 120.905659783 299.086086471 135.513569341 0.99609375
v 120.655703185 299.12966673 141.286335831 0.99609375
v 121.123992869 299.484098605 136.470435069 0.99609375
v 121.063827899 299.499534525 141.774400049 0.99609375
v 121.199813701 299.837935779 135.61141933 0.99609375
v 120.810225611 299.479961003 141.235705674 0.99609375
v 120.750735023 299.61935834 136.337029328 0.99609375
v 120.714036315 299.825362055 141.645511147 0.99609375
v 120.649159955 300.336205075 136.10463327 0.99609375
v 120.817537843 300.404845245 141.293747422 0.99609375
v 120.983986327 300.667360242 136.049442566 0.99609375
v 120.973443097 300.623469082 141.265727992 0.99609375
v 121.198884852 300.656932412 136.189468276 0.99609375
v 121.184396227 300.60472836 141.723940305 0.99609375
v 120.737790365 300.76598775 136.167573015 0.99609375
v 120.934851982 301.192503113 141.896846281 0.99609375
v 120.757207336 301.137679675 136.004450724 0.99609375
v 120.793623019 301.091115403 141.345899105 0.99609375
v 120.829948335 301.501851033 135.680704225 0.99609375
v 120.845763349 301.782444382 141.504137156 0.99609375
v 120.674997195 301.756422592 135.548732907 0.99609375
v 121.110785532 301.962572324 141.696163726 0.99609375
v 121.022170739 302.351203989 136.406525092 0.99609375
v 121.006707887 302.042712606 141.442913064 0.99609375
v 121.095967514 302.365676041 136.151023725 0.99609375
v 120.950131507 302.519501565 141.981083724 0.99609375
v 121.033555128 302.955199983 135.713389279 0.99609375
v 120.84119417 302.555594341 141.709867994 0.99609375
v 121.127292181 302.792812992 136.069648887 0.99609375
v 120.88615663 303.155157585 141.488510762 0.99609375
v 120.724300015 303.177921629 135.647352973 0.99609375
v 121.122431804 303.220019115 141.511904016 0.99609375
v 120.670973854 303.502837464 135.796862605 0.99609375
v 121.104104506 303.840891217 141.903526149 0.99609375
v 120.866860154 303.836993243 136.927337737 0.99609375
v 121.048672405 303.70446529 141.934435418 0.99609375
v 120.761063069 304.344410167 137.084637152 0.99609375
v 121.105478785 304.156408932 141.43631758 0.99609375
v 121.238769571 275.651673954 141.096164318 0.99609375
v 120.996958298 275.834098322 140.898411155 0.99609375
v 121.351525187 275.912388239 141.530617265 0.99609375
v 121.312047244 276.406372086 139.322708137 0.99609375
v 121.16881991 276.241267567 141.054741178 0.99609375
v 121.485683899 276.774662458 136.574238257 0.99609375
v 121.460761619 276.790719201 141.21157945 0.99609375
v 121.158460535 276.711663511 136.606920488 0.99609375
v 121.228594667 277.191013669 141.050664077 0.99609375
v 121.056351378 277.333054284 136.58823534 0.99609375
v 121.281415935 277.134272415 141.089244289 0.99609375
v 121.27268932 277.509376343 136.590216065 0.99609375
v 121.346436284 277.355072784 141.297781197 0.99609375
v 121.47544106 278.073444146 136.869515921 0.99609375
v 121.31841117 277.803004574 141.753258423 0.99609375
v 121.137667577 277.997842337 136.066415122 0.99609375
v 121.200001294 278.331437039 141.235127918 0.99609375
v 121.160079261 278.393497157 136.763652218 0.99609375
v 121.112346349 278.286227666 141.84244145 0.99609375
v 121.145857746 278.772808909 136.45435065 0.99609375
v 121.191722457 278.518275346 141.786193048 0.99609375
v 121.500638917 278.821072926 136.84312827 0.99609375
v 121.083712479 279.239510691 141.29437927 0.99609375
v 120.966184396 279.143165118 136.424046766 0.99609375
v 121.146694158 279.123826888 141.982444109 0.99609375
v 121.041332194 279.471122771 136.894868465 0.99609375
v 121.230790665 279.317608415 141.470666235 0.99609375
v 121.175171883 279.979043266 136.47618202 0.99609375
v 121.148022864 280.108660101 141.477492303 0.99609375
v 121.221715816 279.8593583 136.28125781 0.99609375
v 121.194151615 280.218079622 141.117377854 0.99609375
v 120.977006232 280.464792197 136.621998172 0.99609375
v 121.348917105 280.618991313 141.103963176 0.99609375
v 121.142642637 280.784952466 136.757245936 0.99609375
v 121.345239631 280.475087936 141.329167345 0.99609375
v 121.481257783 281.176200893 136.335414693 0.99609375
v 121.160835073 280.833001313 141.008962697 0.99609375
v 121.00795105 281.046220269 136.739902493 0.99609375
v 121.304242835 281.232352881 141.248046023 0.99609375
v 121.410818393 281.545443539 136.148450151 0.99609375
v 121.118754578 281.317094386 141.039568691 0.99609375
v 121.094738498 281.714202948 136.9010413 0.99609375
v 121.431758565 281.763259784 141.915677962 0.99609375
v 121.212547991 281.913425297 136.054217865 0.99609375
v 121.024458855 282.393156437 141.046765825 0.99609375
v 121.028517981 282.497000906 136.491502425 0.99609375
v 120.992436455 282.321743561 141.951340579 0.99609375
v 120.969977343 282.748161476 136.773795195 0.99609375
v 121.052215989 282.560392921 141.714575062 0.99609375
v 121.042819321 283.183493245 136.858290235 0.99609375
v 121.436891226 283.041713453 141.328748887 0.99609375
v 121.129011298 283.145935012 136.129665376 0.99609375
v 121.135773456 283.602242707 141.821701619 0.99609375
v 121.320598359 283.58847404 136.064736803 0.99609375
v 121.312090485 283.693646096 141.112274185 0.99609375
v 121.113204907 284.111422843 136.514565794 0.99609375
v 121.423305369 283.918765992 141.975770794 0.99609375
v 121.296114291 283.982281688 136.653295532 0.99609375
v 121.050564903 283.932932761 141.27060758 0.99609375
v 121.218262354 284.242225605 136.13379574 0.99609375
v 121.08691128 284.58680432 142.474651307 0.99609375
v 121.19735844 284.640121251 136.727474676 0.99609375
v 121.273505574 284.858100589 142.122148197 0.99609375
v 121.235354875 285.217785792 136.373070835 0.99609375
v 121.137173815 284.831589843 141.744176138 0.99609375
v 121.0689245 285.26344933 136.513113672 0.99609375
v 121.222046504 285.356953505 141.757870591 0.99609375
v 121.261700025 285.560619541 136.738736681 0.99609375
v 120.931367151 285.690693939 141.542284571 0.99609375
v 121.213132939 285.793811008 136.487084713 0.99609375
v 121.439028389 285.845007179 142.117940096 0.99609375
v 121.007670964 286.129918335 136.277397569 0.99609375
v 121.477720633 286.007432525 142.183131452 0.99609375
v 121.426511983 286.350863053 136.194054349 0.99609375
v 121.384967629 286.565130385 142.213427018 0.99609375
v 121.311916522 286.639490083 136.29900186 0.99609375
v 121.170448927 286.548602716 142.296288507 0.99609375
v 121.295685598 286.921460045 136.697392854 0.99609375
v 121.377066348 286.833188372 141.973462486 0.99609375
v 121.508434121 287.665184088 136.924949842 0.99609375
v 121.286666354 287.662721912 141.766683507 0.99609375
v 121.220596501 287.487660565 136.672828514 0.99609375
v 121.241832647 287.788326547 142.303071106 0.99609375
v 120.956667433 288.20547928 136.296158444 0.99609375
v 121.284603801 287.885494681 141.981189359 0.99609375
v 121.498011593 288.537993745 136.385127015 0.99609375
v 121.189268795 288.454455072 141.624364146 0.99609375
v 121.011067184 288.279437629 136.115435488 0.99609375
v 120.970583932 288.634358824 141.798344774 0.99609375
v 121.483938597 288.657619185 136.11954971 0.99609375
v 121.343542046 288.626677491 141.575350316 0.99609375
v 121.067549645 288.95260889 136.841869424 0.99609375
v 121.140172053 289.294216108 142.30847765 0.99609375
v 121.230433186 289.130765335 136.084074689 0.99609375
v 121.469763081 289.209913572 141.899197489 0.99609375
v 121.30749436 289.599527515 136.642650162 0.99609375
v 120.988921008 289.997045293 141.611616979 0.99609375
v 121.225858874 289.744914233 136.029367835 0.99609375
v 121.176688044 290.134007916 141.589233451 0.99609375
v 121.225086468 290.42724619 136.501261724 0.99609375
v 121.465921582 290.262106506 141.964465828 0.99609375
v 121.261949556 290.314180081 136.147606943 0.99609375
v 121.321227784 290.407269173 142.452439267 0.99609375
v 121.137029133 290.719635892 136.679750674 0.99609375
v 121.368633799 291.065487696 141.076811096 0.99609375
v 121.390317636 291.082246598 136.0670916 0.99609375
v 121.01150747 291.201192771 141.180821651 0.99609375
v 121.451528912 291.479109342 136.254577938 0.99609375
v 121.043339334 291.696730156 141.575333004 0.99609375
v 121.357326287 291.900181752 136.621674221 0.99609375
v 121.350949258 291.719326526 141.823836877 0.99609375
v 121.327041545 292.045657611 136.557491458 0.99609375
v 121.408544323 292.269883596 141.13057299 0.99609375
v 121.035115387 292.47737787 136.649119722 0.99609375
v 121.489361271 292.160385638 141.074794492 0.99609375
v 121.312544601 292.619765285 136.493008067 0.99609375
v 120.944494868 292.765414744 141.694260526 0.99609375
v 121.012886897 293.083234727 136.161366832 0.99609375
v 121.01323486 292.807193869 141.731840751 0.99609375
v 120.945632582 293.357809084 136.22895112 0.99609375
v 121.098243177 293.10375334 141.171075492 0.99609375
v 121.319509655 293.607070794 136.770623007 0.99609375
v 121.417729391 293.766885443 141.163558145 0.99609375
v 121.075019202 293.665339467 136.275498209 0.99609375
v 120.982283655 293.505255116 141.058221714 0.99609375
v 121.179340337 293.834557016 136.043339713 0.99609375
v 121.109940186 293.859578891 141.210289538 0.99609375
v 121.065300818 294.189382795 136.646881046 0.99609375
v 121.256064064 294.342098382 141.866272799 0.99609375
v 121.313801408 294.901424409 136.668795098 0.99609375
v 121.213844483 294.880909726 141.887782416 0.99609375
v 121.175718061 294.70883014 136.804520103 0.99609375
v 120.998117378 294.890069303 141.22662205 0.99609375
v 121.111363018 295.218013642 136.911751514 0.99609375
v 121.307834198 295.213380469 141.454777737 0.99609375
v 121.022610623 295.310762892 136.491888298 0.99609375
v 121.469454084 295.703430035 141.741944844 0.99609375
v 121.149299115 295.904843761 136.891339177 0.99609375
v 121.075041516 295.928388603 141.62550881 0.99609375
v 120.964228134 295.98634597 136.284727738 0.99609375
v 121.016921255 296.353171716 141.154036933 0.99609375
v 121.381350687 296.588782054 136.441555907 0.99609375
v 121.062070877 296.133025836 141.000118952 0.99609375
v 121.039449123 296.855954468 136.368606838 0.99609375
v 120.930411794 296.868916636 141.829547457 0.99609375
v 121.484769186 296.884504522 136.358630564 0.99609375
v 121.350005827 296.916809907 141.311486769 0.99609375
v 121.385008549 296.961056445 136.415342565 0.99609375
v 121.08734363 297.167350973 141.671030096 0.99609375
v 121.485378463 297.578518427 136.303785296 0.99609375
v 121.316062716 297.303548875 141.179450744 0.99609375
v 121.024062959 298.031691769 136.844381978 0.99609375
v 121.153925885 297.582906982 141.291076288 0.99609375
v 121.252104201 298.101652973 136.62661934 0.99609375
v 121.333953049 297.86610531 141.124134214 0.99609375
v 121.411243069 298.609628658 136.07817675 0.99609375
v 121.46663343 298.468623304 141.401606299 0.99609375
v 120.974558302 298.597438892 136.769585238 0.99609375
v 121.020973078 298.556442928 141.025987827 0.99609375
v 120.952270025 298.76694958 136.097671346 0.99609375
v 121.358741981 298.963037599 141.598811468 0.99609375
v 121.486001049 299.510229902 136.989604937 0.99609375
v 121.309109187 299.137858548 141.365056687 0.99609375
v 121.386765549 299.484148706 136.813579649 0.99609375
v 121.504010149 299.60783415 141.398154442 0.99609375
v 121.416050293 299.972997112 136.182380369 0.99609375
v 121.011721901 299.85790176 141.016811071 0.99609375
v 121.191477071 300.162532838 136.410162485 0.99609375
v 121.127510697 299.967572611 141.870432722 0.99609375
v 121.424932218 300.685280206 136.295013437 0.99609375
v 121.463398576 300.715285734 141.636715847 0.99609375
v 120.981689488 301.015904348 136.03473754 0.99609375
v 121.166126482 300.56947907 141.847514796 0.99609375
v 121.318791968 301.080201608 136.790511409 0.99609375
v 121.119311872 301.094062597 141.626800355 0.99609375
v 121.317097285 301.101934954 136.172764321 0.99609375
v 121.105640526 301.589182385 141.635714131 0.99609375
v 121.4566826 301.622109723 136.931263785 0.99609375
v 121.225681801 301.644045725 141.641892071 0.99609375
v 121.037834243 301.711558246 136.549957982 0.99609375
v 121.199239714 301.811751211 141.884071758 0.99609375
v 121.448451075 301.896314875 136.452339234 0.99609375
v 121.163391763 302.414262885 141.607810613 0.99609375
v 121.455129276 302.511851199 136.205026811 0.99609375
v 121.100837342 302.686485217 141.590063951 0.99609375
v 121.177355613 302.933478686 136.196485077 0.99609375
v 121.351802887 302.576667148 141.519061662 0.99609375
v 121.311961373 303.036028426 136.126300396 0.99609375
v 121.26783935 302.876041039 141.696538904 0.99609375
v 120.996690011 303.278879386 136.907001144 0.99609375
v 121.441639052 303.456792311 141.148604588 0.99609375
v 121.102272541 303.477729333 136.949115799 0.99609375
v 121.115735555 303.69399561 141.286487484 0.99609375
v 121.10384383 303.651230597 136.708744256 0.99609375
v 121.188038102 303.915229847 141.873372623 0.99609375
v 121.020347855 304.453926033 137.648031997 0.99609375
v 121.267238223 304.351814758 141.716065598 0.99609375
v 121.545144886 275.553691685 141.933367362 0.99609375
v 121.786513578 276.30384728 140.976715153 0.99609375
v 121.494432931 276.309074832 141.810892091 0.99609375
v 121.571924694 276.364529604 139.887551733 0.99609375
v 121.220306109 276.603104316 141.81784918 0.99609375
v 121.529693756 276.620717526 136.055117205 0.99609375
v 121.691362649 276.88409701 141.534658381 0.99609375
v 121.623787722 276.749494395 136.118958049 0.99609375
v 121.724439122 276.666737465 141.228014735 0.99609375
v 121.37902165 277.346130868 136.062363271 0.99609375
v 121.361497552 277.219757643 141.304964982 0.99609375
v 121.708982294 277.767419672 136.908638554 0.99609375
v 121.274119836 277.385891017 141.495687273 0.99609375
v 121.738781271 277.897700167 136.763820882 0.99609375
v 121.446754864 278.057382125 141.557351869 0.99609375
v 121.552045614 277.890960439 136.967650162 0.99609375
v 121.490836789 277.835926975 141.318758743 0.99609375
v 121.288431165 278.643915363 136.944708613 0.99609375
v 121.606639057 278.667558971 141.225792415 0.99609375
v 121.451523959 278.51018324 136.738054676 0.99609375
v 121.704347143 278.763133701 141.869217711 0.99609375
v 121.419293054 279.209972362 136.327680287 0.99609375
v 121.331916516 278.835409899 141.307244043 0.99609375
v 121.24466611 279.20791277 136.86711886 0.99609375
v 121.401655687 279.321978491 141.959972193 0.99609375
v 121.249917638 279.69326135 136.340036993 0.99609375
v 121.641790075 279.396647465 141.929551728 0.99609375
v 121.791728786 280.103087554 136.604510356 0.99609375
v 121.389211082 280.018250238 142.063934715 0.99609375
v 121.246203332 280.333996493 136.820661058 0.99609375
v 121.287599938 280.306456536 142.274022472 0.99609375
v 121.531980262 280.26419657 136.55058325 0.99609375
v 121.576022065 280.592058464 141.646722292 0.99609375
v 121.325546333 280.63029777 136.746018191 0.99609375
v 121.573111017 280.838038509 141.528322447 0.99609375
v 121.497461227 281.049348615 136.492709035 0.99609375
v 121.371999223 280.844290641 141.707844436 0.99609375
v 121.470812245 281.258206138 136.249598618 0.99609375
v 121.643081308 281.030930181 141.736451572 0.99609375
v 121.722306183 281.777027608 136.514856915 0.99609375
v 121.269253861 281.847217722 142.246368287 0.99609375
v 121.230154877 281.723637466 136.107207067 0.99609375
v 121.425250618 282.061371819 142.004364407 0.99609375
v 121.737916689 282.267866606 136.846653764 0.99609375
v 121.540437664 282.029886047 141.831726307 0.99609375
v 121.354721199 282.338096005 136.831309033 0.99609375
v 121.62813908 282.499909046 141.903566458 0.99609375
v 121.292298344 282.628707523 136.101229408 0.99609375
v 121.355943249 282.890640642 142.127481904 0.99609375
v 121.702070415 283.286246702 136.96873695 0.99609375
v 121.387692017 282.945476314 142.009882343 0.99609375
v 121.305523002 283.061497251 136.330191576 0.99609375
v 121.342871686 283.201075704 141.741996764 0.99609375
v 121.347481081 283.480139565 136.538771511 0.99609375
v 121.773674109 283.522320025 142.099999436 0.99609375
v 121.254022832 283.706606199 136.833289628 0.99609375
v 121.739868832 283.753306635 142.205302525 0.99609375
v 121.358845178 284.263358026 136.991133524 0.99609375
v 121.61868752 284.364899595 142.397520145 0.99609375
v 121.318624245 284.521993536 136.977001608 0.99609375
v 121.728013421 284.630137208 141.502075008 0.99609375
v 121.456736436 284.645547042 136.41926077 0.99609375
v 121.305606497 284.974637148 141.688369885 0.99609375
v 121.686957159 284.785224428 136.6732249 0.99609375
v 121.50156536 285.071177681 142.27455023 0.99609375
v 121.598345699 285.072949363 136.593489753 0.99609375
v 121.685177803 285.430362444 141.973845343 0.99609375
v 121.548391011 285.493900987 136.232209777 0.99609375
v 121.387269163 285.718574666 142.325778614 0.99609375
v 121.280756142 285.923798434 136.010852087 0.99609375
v 121.515009184 285.877453565 142.45304236 0.99609375
v 121.241316948 286.470826264 136.444684848 0.99609375
v 121.46008124 286.222298778 141.844714674 0.99609375
v 121.581244353 286.579683514 136.977950475 0.99609375
v 121.459405399 286.623794008 141.74817631 0.99609375
v 121.514941174 286.614759946 136.34810451 0.99609375
v 121.468411253 286.955928474 142.102579477 0.99609375
v 121.497576006 286.881394431 136.979012791 0.99609375
v 121.487015859 286.85784819 142.02305652 0.99609375
v 121.598136719 287.541773032 136.074136684 0.99609375
v 121.650196878 287.493548046 142.11036519 0.99609375
v 121.460820553 287.87913479 136.55931401 0.99609375
v 121.222916703 287.962534843 141.5704182 0.99609375
v 121.496065029 287.883367736 136.629378694 0.99609375
v 121.268477606 287.775798452 142.083469071 0.99609375
v 121.362669127 288.031024085 136.743197894 0.99609375
v 121.673654339 288.065938571 141.63244431 0.99609375
v 121.269209194 288.49310324 136.163746244 0.99609375
v 121.288269012 288.325113171 141.539655374 0.99609375
v 121.559383765 289.008905827 136.351934583 0.99609375
v 121.237583526 288.614447137 141.810302917 0.99609375
v 121.515241911 288.940364618 136.591053076 0.99609375
v 121.415930702 289.339277006 141.632966051 0.99609375
v 121.337037536 289.600415782 136.650380432 0.99609375
v 121.601980374 289.260413346 141.986919156 0.99609375
v 121.528679193 289.609616374 136.600257781 0.99609375
v 121.295238817 289.870356374 141.889828325 0.99609375
v 121.311651541 289.87727148 136.840120765 0.99609375
v 121.288213169 289.804730067 142.116411201 0.99609375
v 121.665879054 290.520890806 136.317730118 0.99609375
v 121.529456872 290.443569587 142.321762858 0.99609375
v 121.299555187 290.713298803 136.263258967 0.99609375
v 121.528055889 290.322836712 141.964068103 0.99609375
v 121.614370916 290.611749795 136.329410693 0.99609375
v 121.289512919 290.835677318 141.811667374 0.99609375
v 121.434157711 291.084940919 136.019811222 0.99609375
v 121.319911039 290.996756046 141.977875468 0.99609375
v 121.67667774 291.298064374 136.201438132 0.99609375
v 121.513966603 291.411443446 141.86301442 0.99609375
v 121.412976241 291.907810005 136.353887328 0.99609375
v 121.669513279 291.807837988 142.059644162 0.99609375
v 121.250456665 291.885638495 136.324566394 0.99609375
v 121.572944756 291.971484692 142.462836558 0.99609375
v 121.577584187 292.170726896 136.533630031 0.99609375
v 121.797300213 292.083376008 141.917789357 0.99609375
v 121.55793587 292.730994717 136.344829367 0.99609375
v 121.259654182 292.418999258 142.420402427 0.99609375
v 121.470825305 292.822762208 136.982456675 0.99609375
v 121.507689287 292.827691393 141.669208594 0.99609375
v 121.250976163 293.12294193 136.057517741 0.99609375
v 121.6897319 293.421414564 141.994171764 0.99609375
v 121.612845639 293.374600966 136.154166764 0.99609375
v 121.310672318 293.74250631 141.585917282 0.99609375
v 121.647377262 293.60472112 136.024137781 0.99609375
v 121.326725234 293.931357676 142.336330753 0.99609375
v 121.232683877 293.846384439 136.224566645 0.99609375
v 121.745395979 294.070337142 141.90373139 0.99609375
v 121.435774039 294.11876227 136.687739751 0.99609375
v 121.287766849 294.347521002 142.173629244 0.99609375
v 121.656997532 294.739382273 136.40902617 0.99609375
v 121.290960605 294.862548758 142.267390805 0.99609375
v 121.33155834 294.710975005 136.924140023 0.99609375
v 121.330727779 294.640972836 142.05861097 0.99609375
v 121.25323571 295.161356024 136.557425366 0.99609375
v 121.780948098 295.098115127 141.954555462 0.99609375
v 121.666117337 295.490242693 136.883894524 0.99609375
v 121.605331284 295.761106888 141.68641051 0.99609375
v 121.687419967 295.986542071 136.271971274 0.99609375
v 121.311291753 295.812850878 141.519537799 0.99609375
v 121.59286971 295.980945543 136.076734156 0.99609375
v 121.651343426 296.027961189 142.007335516 0.99609375
v 121.272625402 296.548841025 136.463357568 0.99609375
v 121.796624806 296.104717256 141.827899804 0.99609375
v 121.295214738 296.736117264 136.900124308 0.99609375
v 121.256249416 296.706677202 141.940421225 0.99609375
v 121.626110456 296.975850647 136.614510575 0.99609375
v 121.759071771 297.115888916 141.948445517 0.99609375
v 121.325766245 297.484332729 136.204567329 0.99609375
v 121.356012584 297.027453653 142.281637944 0.99609375
v 121.271522737 297.590290172 136.332803636 0.99609375
v 121.314780238 297.498203792 141.745789211 0.99609375
v 121.380847104 297.894921486 136.307224195 0.99609375
v 121.79648468 297.818067154 141.733275872 0.99609375
v 121.674096478 298.309362996 136.468372518 0.99609375
v 121.242201602 297.852525049 141.569024377 0.99609375
v 121.228364687 298.376773286 136.211917369 0.99609375
v 121.722117885 298.640774201 141.075838409 0.99609375
v 121.667405024 298.820056638 136.382353406 0.99609375
v 121.448000683 298.642961613 141.559844818 0.99609375
v 121.799509007 299.192966185 136.539600152 0.99609375
v 121.728532555 299.054923158 141.976265184 0.99609375
v 121.270690225 299.563760102 136.026247147 0.99609375
v 121.662409394 299.341660827 141.464108734 0.99609375
v 121.362044094 299.823002918 136.698061136 0.99609375
v 121.392529477 299.605041808 141.355534166 0.99609375
v 121.315781817 299.957382935 136.302231382 0.99609375
v 121.559846108 299.715038342 141.525613901 0.99609375
v 121.349996902 300.424186029 136.640474251 0.99609375
v 121.496381462 300.330654983 141.334876587 0.99609375
v 121.46442264 300.353921521 136.161991664 0.99609375
v 121.578672684 300.647689362 141.5692355 0.99609375
v 121.263968029 300.759229989 136.075743308 0.99609375
v 121.502135095 300.764949445 141.16223646 0.99609375
v 121.764726302 301.134641586 136.431497122 0.99609375
v 121.42425886 300.846089921 141.626462693 0.99609375
v 121.540176129 301.210688655 136.155807556 0.99609375
v 121.63677044 301.16616055 141.307554433 0.99609375
v 121.756998629 301.799558263 136.792323624 0.99609375
v 121.489904551 301.380613916 142.335199853 0.99609375
v 121.547969871 301.644694149 136.168472486 0.99609375
v 121.478043506 302.106382772 141.629574163 0.99609375
v 121.415682804 302.097009855 136.379991947 0.99609375
v 121.261426147 302.047759545 142.02523846 0.99609375
v 121.268045875 302.741969461 136.654687372 0.99609375
v 121.329712348 302.651739583 142.188501444 0.99609375
v 121.28998055 302.967710653 136.836324952 0.99609375
v 121.372890911 302.730012603 142.183056073 0.99609375
v 121.404307926 303.085377552 136.103981484 0.99609375
v 121.320233777 303.337074109 141.582247167 0.99609375
v 121.569111234 303.398479082 136.263296399 0.99609375
v 121.30410924 303.180239989 142.271274508 0.99609375
v 121.683028554 303.844860009 136.924352881 0.99609375
v 121.604277194 303.635268069 141.662337696 0.99609375
v 121.366203528 303.861063984 137.105559338 0.99609375
v 121.24492907 304.194508107 142.428720614 0.99609375
v 121.347604416 304.312177342 137.732017388 0.99609375
v 121.480101795 304.039234091 141.814195106 0.99609375
v 121.646763461 276.026302078 141.291303634 0.99609375
v 122.080574133 275.85740203 140.002283462 0.99609375
v 122.020218166 276.057019849 141.089875109 0.99609375
v 121.851389623 276.408525443 139.402570085 0.99609375
v 122.001345666 276.473780232 141.447770454 0.99609375
v 121.545552082 276.576372868 136.373802566 0.99609375
v 121.604881655 276.4238449 141.781093717 0.99609375
v 121.551828701 276.989610544 136.137119066 0.99609375
v 121.697103767 277.094911889 141.803383132 0.99609375
v 121.756047435 277.508487204 136.413581813 0.99609375
v 121.851742224 277.172277908 141.938768347 0.99609375
v 121.652033634 277.795931757 136.435954482 0.99609375
v 121.527677877 277.291523354 141.155925498 0.99609375
v 122.04956227 278.09788539 136.247330411 0.99609375
v 121.520141949 278.005377102 141.928657408 0.99609375
v 121.842678234 278.107096693 136.272248268 0.99609375
v 121.88789185 277.840215075 141.728729546 0.99609375
v 121.74100422 278.566106111 136.898981185 0.99609375
v 121.56340676 278.148069242 141.896345501 0.99609375
v 121.56809704 278.886971592 136.250950352 0.99609375
v 121.720087955 278.576250595 141.908108131 0.99609375
v 121.929642409 278.735847631 136.759734768 0.99609375
v 121.594773349 278.788962597 142.483331357 0.99609375
v 121.934611621 279.151010085 136.4758819 0.99609375
v 121.623067407 279.496093387 142.466866523 0.99609375
v 122.014116367 279.839966607 136.908433456 0.99609375
v 121.611053685 279.742228086 141.986782231 0.99609375
v 122.079614803 279.962178941 136.298488144 0.99609375
v 121.828530825 280.037530551 141.562911199 0.99609375
v 121.635252064 280.00011953 136.042289263 0.99609375
v 121.704367784 280.221098135 142.469656556 0.99609375
v 121.588628996 280.251316309 136.547396699 0.99609375
v 121.547111191 280.39409512 142.047682441 0.99609375
v 121.977848052 280.847114686 136.716191843 0.99609375
v 121.942413985 280.924067566 141.690980101 0.99609375
v 122.011859199 280.804260638 136.364949028 0.99609375
v 121.963847447 281.074824479 142.292529015 0.99609375
v 121.970136097 281.068999508 136.157072661 0.99609375
v 121.617470708 281.551318041 142.289567399 0.99609375
v 121.674912057 281.526835835 136.346375052 0.99609375
v 121.996626665 281.480969221 142.08941201 0.99609375
v 121.689987555 281.725274845 136.619409452 0.99609375
v 122.043714525 281.733117719 142.36435356 0.99609375
v 121.639028374 281.953749157 136.164008698 0.99609375
v 121.621090335 282.400714863 142.149999524 0.99609375
v 121.746039858 282.573010495 136.535079834 0.99609375
v 121.514739591 282.402022714 141.637933207 0.99609375
v 121.619215676 282.880495713 136.011925648 0.99609375
v 121.577955844 282.578530931 141.89666567 0.99609375
v 121.738498043 283.297242557 136.154785581 0.99609375
v 121.536378779 282.787745837 141.953110058 0.99609375
v 121.77801264 283.212167015 136.0468171 0.99609375
v 121.806313614 283.122473954 141.7467294 0.99609375
v 121.897529124 283.87651378 136.829353181 0.99609375
v 121.54639228 283.600862292 141.857583802 0.99609375
v 121.896999702 283.877258962 136.491054425 0.99609375
v 121.632170238 283.667924727 142.449600915 0.99609375
v 121.697114672 284.037446159 136.996826345 0.99609375
v 121.660545418 284.372755362 141.867883424 0.99609375
v 121.763435721 284.433785408 136.990429754 0.99609375
v 122.029027598 284.598568867 142.481318266 0.99609375
v 121.806861088 284.826416251 136.186976737 0.99609375
v 121.597964072 284.774936953 142.402339568 0.99609375
v 121.70937629 285.244520677 136.141712374 0.99609375
v 121.6557931 285.151144496 141.948342003 0.99609375
v 121.737184344 285.479000491 136.457028242 0.99609375
v 121.671009181 285.326604942 142.473295864 0.99609375
v 121.93402821 285.574489808 136.889905657 0.99609375
v 121.590671453 285.445689929 142.334534806 0.99609375
v 121.565784754 285.893195602 136.708365683 0.99609375
v 121.833955328 285.997138279 142.475210346 0.99609375
v 121.682086681 286.447258619 136.258610874 0.99609375
v 122.02682055 286.010974551 142.385903152 0.99609375
v 121.771881739 286.39089545 136.645229206 0.99609375
v 121.670294777 286.540352576 142.110884633 0.99609375
v 122.083703352 286.560809173 136.302964004 0.99609375
v 121.58780978 287.041800451 141.651106588 0.99609375
v 121.840518393 286.811772735 136.606053759 0.99609375
v 121.606553362 286.873836805 141.585499684 0.99609375
v 121.840217061 287.348287286 136.42916522 0.99609375
v 121.631507679 287.451405336 141.802995897 0.99609375
v 121.519822357 287.47656184 136.275334569 0.99609375
v 121.53495019 287.940966496 142.262890956 0.99609375
v 121.909033954 288.032313587 136.083385306 0.99609375
v 121.654613323 287.691377827 142.415111896 0.99609375
v 121.910435895 287.99961841 136.404142471 0.99609375
v 121.827397604 288.165837142 142.431741703 0.99609375
v 121.964725472 288.556581274 136.218565919 0.99609375
v 121.959385215 288.336148744 142.097605488 0.99609375
v 121.946635504 288.650495371 136.925684337 0.99609375
v 121.852611704 288.849359774 141.840071121 0.99609375
v 121.816089823 288.927477953 136.108067093 0.99609375
v 121.692266642 289.333064151 142.089293783 0.99609375
v 121.728811836 289.671913722 136.045335617 0.99609375
v 122.059202889 289.287543531 142.275365581 0.99609375
v 121.895086146 289.535186794 136.048397098 0.99609375
v 121.771548004 289.675401101 141.745002478 0.99609375
v 121.944673107 289.755332136 136.415303571 0.99609375
v 121.947116451 289.969409524 141.501285209 0.99609375
v 121.647627348 290.554052874 136.387844354 0.99609375
v 121.991765588 290.354220797 141.772833963 0.99609375
v 121.53824282 290.380261969 136.402425135 0.99609375
v 122.067524541 290.865129232 142.343924192 0.99609375
v 121.983263703 290.601398862 136.913124789 0.99609375
v 121.770849401 290.635135859 141.965287488 0.99609375
v 121.711486279 291.288948119 136.033546593 0.99609375
v 121.618116152 291.339694062 141.53997089 0.99609375
v 121.79708946 291.495924084 136.987011479 0.99609375
v 121.843188084 291.596262892 141.900391456 0.99609375
v 121.862111732 291.582044574 136.491675251 0.99609375
v 121.820204027 291.842473894 141.928327322 0.99609375
v 121.959305904 292.231715538 136.424530791 0.99609375
v 121.751680288 291.7469429 141.878422019 0.99609375
v 121.759312582 292.252879817 136.139265818 0.99609375
v 121.737371653 292.462549096 142.085240468 0.99609375
v 121.635802062 292.691194445 136.214489962 0.99609375
v 122.004784989 292.353365523 141.699174297 0.99609375
v 121.82386008 292.678926616 136.625676946 0.99609375
v 122.086859851 292.975914312 142.037954461 0.99609375
v 121.866862911 293.003073349 136.997359719 0.99609375
v 121.659434819 293.288433736 141.68417842 0.99609375
v 121.945045742 293.475368678 136.677325554 0.99609375
v 121.839945244 293.667297518 142.41999006 0.99609375
v 121.669411371 293.770780101 136.729957828 0.99609375
v 121.836635476 293.846188256 141.64181708 0.99609375
v 122.054052151 294.231998805 136.122231161 0.99609375
v 121.610083475 293.891124631 142.054055013 0.99609375
v 121.950637626 294.166262563 136.997270422 0.99609375
v 121.707793586 294.425093652 141.726899914 0.99609375
v 121.802661323 294.586443694 136.289300674 0.99609375
v 121.698220715 294.468906212 141.631575792 0.99609375
v 121.708969081 294.685502105 136.26350063 0.99609375
v 121.916988784 295.161745279 141.703836854 0.99609375
v 121.641006348 294.98128879 136.806427783 0.99609375
v 121.822054999 295.133921502 141.689231011 0.99609375
v 121.543503543 295.280353557 136.334747146 0.99609375
v 122.018360437 295.688171747 141.683294518 0.99609375
v 122.006299807 296.083226361 136.881722134 0.99609375
v 121.741631522 295.738099737 142.184590495 0.99609375
v 121.797114046 295.90919841 136.965694882 0.99609375
v 121.525061661 296.066133475 142.479426011 0.99609375
v 121.93312286 296.528582856 136.146040106 0.99609375
v 121.633539646 296.495305698 141.664885868 0.99609375
v 121.526363063 296.863642826 136.3097728 0.99609375
v 122.020998771 296.526761052 142.079000591 0.99609375
v 121.726814498 297.221470021 136.747878879 0.99609375
v 121.600267901 296.900650724 142.069673226 0.99609375
v 121.895346395 297.380433717 136.002865138 0.99609375
v 122.027232316 297.365966831 142.101337022 0.99609375
v 121.715006962 297.585042437 136.436669642 0.99609375
v 121.517110198 297.48998061 141.988987712 0.99609375
v 121.931484766 297.773067021 136.317199279 0.99609375
v 121.903828531 297.615294832 142.323702065 0.99609375
v 121.896807758 298.12926468 136.504367878 0.99609375
v 121.910346099 298.165461698 141.835197997 0.99609375
v 121.726637573 298.197868094 136.991348288 0.99609375
v 121.80184025 298.22240079 141.802544237 0.99609375
v 121.766856316 298.760542919 136.285134789 0.99609375
v 122.08922791 298.55547847 141.589811445 0.99609375
v 122.005959186 299.034698456 136.964891406 0.99609375
v 121.543586476 299.046672778 141.503576821 0.99609375
v 121.59686113 299.281223554 136.521504488 0.99609375
v 121.73058041 298.998655213 141.604611434 0.99609375
v 121.631767851 299.386713094 136.014635801 0.99609375
v 121.796981983 299.452789744 141.526322131 0.99609375
v 121.518050254 300.090625647 136.879172246 0.99609375
v 121.931242204 300.068199127 142.228546103 0.99609375
v 121.540518296 299.886951738 137.023766882 0.99609375
v 122.054901927 299.870796028 141.884823999 0.99609375
v 121.837935966 300.64442725 136.678301049 0.99609375
v 121.870387712 300.564822589 141.78382916 0.99609375
v 121.627721588 300.506138915 137.10412986 0.99609375
v 121.639960867 300.476136426 142.163957135 0.99609375
v 121.940743596 300.735597651 137.086311169 0.99609375
v 121.602306645 300.968686489 141.556553561 0.99609375
v 122.075553694 301.063457099 136.879791008 0.99609375
v 121.532130346 301.222221731 141.917811398 0.99609375
v 121.712491388 301.462448693 136.913486177 0.99609375
v 121.830986041 301.856365025 141.637950047 0.99609375
v 121.940673996 302.125946795 136.953963753 0.99609375
v 121.968985133 301.948542961 141.625773218 0.99609375
v 121.858350379 302.274571802 137.44738108 0.99609375
v 121.6258844 302.318659237 141.862516519 0.99609375
v 121.788651183 302.620991832 137.295997179 0.99609375
v 121.531650935 302.183901839 142.284837022 0.99609375
v 121.784372884 302.957295042 137.405187166 0.99609375
v 121.605406514 302.79530027 142.025599055 0.99609375
v 121.515928313 303.017601677 136.993150782 0.99609375
v 121.749081278 303.251528284 141.828671212 0.99609375
v 121.786530706 303.509856896 136.702590195 0.99609375
v 121.555499829 303.476112839 142.004816852 0.99609375
v 122.019408194 303.368702867 136.646751627 0.99609375
v 121.611578152 303.654512269 142.244300649 0.99609375
v 121.959941064 303.984798905 137.223004432 0.99609375
v 121.839232167 304.161953288 141.776464051 0.99609375
v 122.000111505 304.138291173 137.478528573 0.99609375
v 121.737696379 304.283831917 141.971998871 0.99609375
v 122.024469933 275.717544163 141.603934115 0.99609375
v 121.826290849 275.938037012 140.695402679 0.99609375
v 122.010001988 276.260292271 141.534444002 0.99609375
v 121.924387226 276.374660957 139.513939578 0.99609375
v 122.211557602 276.443626142 141.196107931 0.99609375
v 122.168137212 276.838467601 137.063968413 0.99609375
v 122.242049215 276.64325649 141.896668728 0.99609375
v 121.898579237 277.234802936 136.626483772 0.99609375
v 122.094503444 277.075284979 141.597638627 0.99609375
v 122.27449065 277.488215094 136.300714111 0.99609375
v 122.325069372 277.055726531 141.353706458 0.99609375
v 121.836509587 277.350795088 136.69277964 0.99609375
v 122.341763316 277.406390938 141.034911717 0.99609375
v 122.159874575 278.066695352 136.17632367 0.99609375
v 122.362279172 277.55478292 141.505054351 0.99609375
v 122.291921591 278.080617283 136.831526469 0.99609375
v 122.112176551 278.273536435 142.032014689 0.99609375
v 121.870218766 278.491865892 136.329821891 0.99609375
v 121.91569142 278.216070199 142.097139678 0.99609375
v 121.828266692 278.756986541 136.415965408 0.99609375
v 122.212997431 278.938167997 141.599529418 0.99609375
v 122.217729769 278.853702348 136.034134448 0.99609375
v 121.97970508 279.036519704 142.246384659 0.99609375
v 121.851360208 279.173517544 136.108424642 0.99609375
v 122.068157917 279.419236626 142.076011394 0.99609375
v 122.194128833 279.750312602 136.19341076 0.99609375
v 122.314183092 279.383230481 141.929436467 0.99609375
v 121.848748842 280.124222484 136.884613048 0.99609375
v 122.166520416 279.70994256 142.025145784 0.99609375
v 122.02453646 280.321909769 136.308804061 0.99609375
v 121.982276333 279.867441132 142.037875758 0.99609375
v 121.804133784 280.253623544 136.747600238 0.99609375
v 122.023596878 280.583961932 141.586594993 0.99609375
v 122.330103571 280.836823949 136.233150547 0.99609375
v 122.004274918 280.597573955 141.628893388 0.99609375
v 122.283064957 280.846836611 136.353596437 0.99609375
v 122.096513023 280.994519116 141.642176908 0.99609375
v 121.822169107 281.272078702 136.499923534 0.99609375
v 122.209576433 281.486088291 141.540865607 0.99609375
v 121.873297901 281.587327921 136.596167667 0.99609375
v 122.074596385 281.84168575 142.153288245 0.99609375
v 122.049197722 282.067816168 136.643255689 0.99609375
v 122.331984651 281.888176336 141.906145734 0.99609375
v 121.905514195 281.90449705 136.047292853 0.99609375
v 121.930878646 281.914819987 142.128052319 0.99609375
v 121.881539717 282.274455671 136.365629439 0.99609375
v 122.132228322 282.390288917 141.977020023 0.99609375
v 122.28439861 282.823138484 136.108996673 0.99609375
v 122.219307903 282.852979557 141.588762452 0.99609375
v 122.100514758 283.270214898 136.38036786 0.99609375
v 121.918832643 282.995572319 142.014291739 0.99609375
v 122.299247937 283.36618567 136.255000502 0.99609375
v 122.055216196 283.146576396 141.555676152 0.99609375
v 121.914685522 283.411643247 136.278275008 0.99609375
v 122.003923986 283.776094058 141.693387697 0.99609375
v 122.282069403 283.71130131 136.343400794 0.99609375
v 122.19260666 284.18261987 142.39380424 0.99609375
v 122.009943476 284.022541135 136.757225545 0.99609375
v 121.828304283 284.2089408 142.130120009 0.99609375
v 122.16174307 284.595346291 136.900430456 0.99609375
v 122.315120705 284.400279311 141.829609363 0.99609375
v 122.026594722 284.797388865 136.350274487 0.99609375
v 122.107086916 284.832938929 142.463310732 0.99609375
v 122.181688612 285.182789489 136.619289915 0.99609375
v 122.054069024 284.860327254 141.793343857 0.99609375
v 122.270770117 285.322283087 136.72832372 0.99609375
v 122.182225573 285.547176294 141.895126982 0.99609375
v 122.194757171 285.719430835 136.702488084 0.99609375
v 122.108760832 285.662228895 142.3206401 0.99609375
v 122.183942427 286.021503766 136.467001687 0.99609375
v 122.207254958 285.741958664 141.965267392 0.99609375
v 122.25275774 286.34414066 136.726745356 0.99609375
v 122.148007063 286.254938668 141.933495042 0.99609375
v 122.073512801 286.275860872 136.753158463 0.99609375
v 122.215088869 286.240480814 141.998827015 0.99609375
v 122.362915099 286.924055136 136.896087014 0.99609375
v 122.358691585 286.885843647 141.743943245 0.99609375
v 122.183425227 287.053373189 136.442346166 0.99609375
v 121.802097777 286.949730091 142.203941888 0.99609375
v 122.212883071 287.451000302 136.090856353 0.99609375
v 122.326936236 287.524132127 141.686209252 0.99609375
v 121.869162999 287.578208663 136.794524896 0.99609375
v 122.107008705 287.689728825 142.267726522 0.99609375
v 122.314606494 287.787430157 136.123528428 0.99609375
v 121.999649102 288.218188824 141.766805602 0.99609375
v 121.832706221 288.496696619 136.363830169 0.99609375
v 122.317327256 288.392883388 142.447773604 0.99609375
v 122.04473067 288.712374499 136.254008813 0.99609375
v 122.002386826 288.800437996 142.330954215 0.99609375
v 122.223787646 289.110692667 136.249150553 0.99609375
v 121.854796816 288.556146604 142.473297966 0.99609375
v 122.353469973 289.137841127 136.398362628 0.99609375
v 121.836603959 288.944178399 142.251598808 0.99609375
v 121.936940015 289.590080242 136.773485054 0.99609375
v 122.016025675 289.340098753 142.451046588 0.99609375
v 121.943555408 289.870774608 137.352245766 0.99609375
v 122.032459726 289.924706045 141.515993113 0.99609375
v 122.07738974 290.175339134 137.489169545 0.99609375
v 122.256743637 289.838039132 142.184397971 0.99609375
v 121.909015326 290.34407133 137.338159876 0.99609375
v 121.962368708 290.101364581 142.135748626 0.99609375
v 121.946495989 290.856921922 136.905266022 0.99609375
v 122.261772835 290.65059704 142.273530279 0.99609375
v 122.021745535 290.944749263 137.043130718 0.99609375
v 121.880129581 290.61196271 142.263362677 0.99609375
v 122.040638465 291.207009429 137.373341369 0.99609375
v 122.033414443 290.969053741 142.406641217 0.99609375
v 121.915253543 291.4180875 136.81091894 0.99609375
v 121.993859328 291.637340666 141.788444091 0.99609375
v 122.015516557 291.909208529 136.813190645 0.99609375
v 122.020006656 291.524839651 141.621778946 0.99609375
v 122.026490289 292.171967932 136.755681876 0.99609375
v 121.90471589 292.065482288 142.336598334 0.99609375
v 122.178623669 292.591162765 137.103889416 0.99609375
v 122.065692845 292.177764262 141.986727949 0.99609375
v 121.919318524 292.735727873 137.201178749 0.99609375
v 121.873300541 292.892971833 142.402125081 0.99609375
v 122.079148596 293.060649776 136.666338229 0.99609375
v 122.060238681 292.826047195 142.131972854 0.99609375
v 122.183470086 293.337693375 136.532413334 0.99609375
v 122.015539429 293.461271683 141.781277126 0.99609375
v 122.016207871 293.525840851 137.286458777 0.99609375
v 121.87588034 293.738832849 141.620739557 0.99609375
v 122.254540348 293.849104877 137.439354058 0.99609375
v 122.319574646 293.76767329 142.498201117 0.99609375
v 121.940172453 294.319915801 137.345040283 0.99609375
v 121.896826556 294.208541932 141.639814962 0.99609375
v 122.262151456 294.194297449 137.045879759 0.99609375
v 121.818812061 294.234119437 142.28612299 0.99609375
v 122.220966885 294.392757873 136.721261041 0.99609375
v 122.022850313 294.439475697 141.783141 0.99609375
v 122.065933286 294.979477638 136.826163098 0.99609375
v 122.110192566 295.15379045 142.462782352 0.99609375
v 122.021779378 295.206686932 136.52735421 0.99609375
v 121.999707533 295.346024623 142.061085681 0.99609375
v 122.358368849 295.606694547 137.479458619 0.99609375
v 122.133029009 295.569630461 142.194670718 0.99609375
v 122.093639759 295.900936259 136.876481706 0.99609375
v 122.207948118 295.819999209 142.458189879 0.99609375
v 122.136871579 295.967547538 136.983717315 0.99609375
v 122.078874188 296.17989936 141.801449448 0.99609375
v 121.800157165 296.508681478 137.147029965 0.99609375
v 121.963536783 296.621719364 142.140426562 0.99609375
v 122.250994988 296.64822298 137.215487852 0.99609375
v 121.993468683 296.893878485 142.364704681 0.99609375
v 122.098690325 297.052150518 136.556622058 0.99609375
v 122.047978258 297.180016683 141.991489066 0.99609375
v 121.910568639 297.222025116 136.792817798 0.99609375
v 122.281738085 297.451700557 142.423390075 0.99609375
v 121.930756287 297.714764488 136.908644887 0.99609375
v 122.204285988 297.57174938 142.181128148 0.99609375
v 122.0057763 297.729092904 136.702638363 0.99609375
v 122.158330585 297.817349911 141.854557741 0.99609375
v 122.378771946 298.124549662 136.69697549 0.99609375
v 122.259724221 297.838163709 142.141292331 0.99609375
v 121.918565622 298.323034683 136.68050252 0.99609375
v 121.853407801 298.213977374 142.127959224 0.99609375
v 122.319790796 298.467537566 136.864482127 0.99609375
v 122.249311572 298.792211647 142.1365214 0.99609375
v 122.204457993 298.72008981 137.347142405 0.99609375
v 121.951755506 299.213071913 142.035314879 0.99609375
v 122.006877038 299.116624358 136.77692398 0.99609375
v 121.948503956 299.221193354 142.399600824 0.99609375
v 121.868343883 299.818344878 136.858130557 0.99609375
v 121.976214686 299.289890362 141.834707911 0.99609375
v 121.899791183 299.79651823 137.481634303 0.99609375
v 121.984431104 299.750601406 142.172743793 0.99609375
v 121.873961523 300.302797472 137.048945292 0.99609375
v 121.987031686 300.220971102 142.001451021 0.99609375
v 122.325482406 300.414300789 137.041877394 0.99609375
v 121.966964305 300.479175418 141.647996417 0.99609375
v 122.050114121 300.491971617 137.135789023 0.99609375
v 122.220346563 300.987678555 142.267208888 0.99609375
v 122.322199309 301.041134697 136.890467704 0.99609375
v 122.310945463 301.213477522 141.658677249 0.99609375
v 121.848664876 301.399135688 136.547621834 0.99609375
v 122.377538217 301.283817164 142.493196972 0.99609375
v 121.981854004 301.648735632 137.111769841 0.99609375
v 122.048123843 301.795411609 141.7319093 0.99609375
v 121.817708055 301.864343782 137.199166133 0.99609375
v 121.981277941 301.665437633 142.386235735 0.99609375
v 121.976044499 302.270787021 137.034197607 0.99609375
v 122.312374456 301.977612099 142.204751855 0.99609375
v 122.371107404 302.465840184 137.105761159 0.99609375
v 122.2996959 302.187736353 142.120697658 0.99609375
v 122.166604691 302.869616551 137.18245533 0.99609375
v 122.193007987 302.732085168 142.433208844 0.99609375
v 122.004578851 302.983574839 136.772062405 0.99609375
v 122.105195264 303.27824647 141.93624331 0.99609375
v 121.805842566 303.621340485 136.82415331 0.99609375
v 122.089047278 303.556689951 142.141285592 0.99609375
v 122.330860663 303.816062981 136.950015905 0.99609375
v 122.334403224 303.757594202 141.818211568 0.99609375
v 121.821864402 304.078927167 136.753598764 0.99609375
v 122.248969772 303.808042204 141.895921568 0.99609375
v 122.368715924 304.152721879 137.474967312 0.99609375
v 121.868951675 304.469480022 142.080651375 0.99609375
v 122.417571538 275.587841949 141.71124486 0.99609375
v 122.565270545 275.816577794 140.763088799 0.99609375
v 122.643403557 276.292455312 141.913460661 0.99609375
v 122.283256373 276.164242248 139.890180765 0.99609375
v 122.461123216 276.439587396 141.460344232 0.99609375
v 122.610134868 276.38235778 137.182359615 0.99609375
v 122.374115175 276.591393344 141.256668004 0.99609375
v 122.219055733 276.711759951 136.932782748 0.99609375
v 122.659465077 277.102865012 141.870311265 0.99609375
v 122.141369541 277.047205213 137.244839129 0.99609375
v 122.159858962 277.412704133 141.175275692 0.99609375
v 122.515795138 277.736011725 137.264671638 0.99609375
v 122.621559272 277.80701234 141.814230365 0.99609375
v 122.609893102 277.913269499 136.83501124 0.99609375
v 122.637873644 277.613899611 142.405828949 0.99609375
v 122.616840123 278.104046285 136.957115409 0.99609375
v 122.216490718 277.939368485 142.418421934 0.99609375
v 122.402955226 278.396175218 136.715932104 0.99609375
v 122.496279001 278.610192835 142.281983729 0.99609375
v 122.262489797 278.97924186 136.500810977 0.99609375
v 122.360535229 278.722156703 142.195872135 0.99609375
v 122.554196515 279.210120872 136.804500907 0.99609375
v 122.417543634 278.886454869 141.837242351 0.99609375
v 122.491759009 279.407783889 136.509063006 0.99609375
v 122.328365029 279.260100111 142.324212826 0.99609375
v 122.229472122 279.683492671 136.895701077 0.99609375
v 122.1746068 279.318737321 142.271490366 0.99609375
v 122.223487598 279.989931735 136.847648179 0.99609375
v 122.336356275 279.823770506 141.62618188 0.99609375
v 122.264909052 280.2050674 136.728303169 0.99609375
v 122.432357539 280.317097817 142.379135949 0.99609375
v 122.457164232 280.333035824 136.262576184 0.99609375
v 122.603221994 280.386876983 142.020827424 0.99609375
v 122.601733406 280.5899258 136.55280886 0.99609375
v 122.422019657 280.97289277 142.354361632 0.99609375
v 122.47905511 281.298559012 136.374112681 0.99609375
v 122.622539071 281.09274712 142.368496868 0.99609375
v 122.202398371 281.45634071 136.909426037 0.99609375
v 122.271815039 281.510223331 141.541829741 0.99609375
v 122.516243626 281.329007899 136.824270341 0.99609375
v 122.553859457 281.726935044 142.300073723 0.99609375
v 122.397849338 282.059189721 136.840125761 0.99609375
v 122.62616689 281.893701887 141.530355885 0.99609375
v 122.520820603 281.942279651 136.672350129 0.99609375
v 122.397393311 282.356394863 141.875999801 0.99609375
v 122.209629524 282.375907322 136.992167146 0.99609375
v 122.512135988 282.301473132 141.875724171 0.99609375
v 122.275742649 282.841137426 136.748466298 0.99609375
v 122.357805262 282.698264258 142.064292876 0.99609375
v 122.316890588 282.92119917 137.173264192 0.99609375
v 122.226390532 283.280997809 141.795294981 0.99609375
v 122.572087272 283.4795131 137.22895476 0.99609375
v 122.559189083 283.140467557 142.049944711 0.99609375
v 122.615867211 283.560175598 137.0636087 0.99609375
v 122.197669429 283.345593747 141.963430482 0.99609375
v 122.479492677 283.774116518 137.110355429 0.99609375
v 122.305941174 283.634225639 141.733119543 0.99609375
v 122.609604277 283.976095438 137.340800051 0.99609375
v 122.301927368 284.315788539 141.619375048 0.99609375
v 122.136818819 284.647475088 136.678003182 0.99609375
v 122.293174894 284.447445935 141.847262876 0.99609375
v 122.127839969 284.911640741 136.570372946 0.99609375
v 122.309976255 284.924887449 141.530994268 0.99609375
v 122.11215751 284.88897849 137.136682922 0.99609375
v 122.478390022 284.859370676 142.489547115 0.99609375
v 122.50072201 285.123654478 136.856606721 0.99609375
v 122.34038382 285.372235869 141.623331245 0.99609375
v 122.420319015 285.673654685 137.186696715 0.99609375
v 122.272981852 285.79472527 142.223879487 0.99609375
v 122.493160844 286.081720217 137.17490174 0.99609375
v 122.339147872 286.103843691 141.944646188 0.99609375
v 122.435415172 286.114268213 137.289891009 0.99609375
v 122.607806753 286.088123464 141.752657793 0.99609375
v 122.128525693 286.648800243 136.621379975 0.99609375
v 122.219677438 286.630583634 141.850025845 0.99609375
v 122.478386091 286.828348168 136.72864712 0.99609375
v 122.482554633 286.945322052 142.434584861 0.99609375
v 122.222470378 287.18645487 137.063463953 0.99609375
v 122.59822993 287.28831909 142.313544477 0.99609375
v 122.27466768 287.541820581 137.016523774 0.99609375
v 122.196595073 287.171263689 142.386794678 0.99609375
v 122.124412505 287.460765691 137.427357734 0.99609375
v 122.226093846 287.78637109 142.308507049 0.99609375
v 122.135531162 287.824065622 136.526155023 0.99609375
v 122.609103575 288.051144852 142.258230078 0.99609375
v 122.558433141 287.986753188 137.483453286 0.99609375
v 122.465463013 288.377412292 141.795175359 0.99609375
v 122.58020936 288.31150257 136.528791476 0.99609375
v 122.365199043 288.372518235 141.82938196 0.99609375
v 122.230415834 288.938281383 137.368615397 0.99609375
v 122.361367562 288.754377761 141.566050529 0.99609375
v 122.434314171 288.908825031 137.156133347 0.99609375
v 122.262975656 289.093109951 142.060084776 0.99609375
v 122.371013814 289.226517774 137.214421396 0.99609375
v 122.186495799 289.359441144 141.753842462 0.99609375
v 122.487769347 289.941288234 136.804503211 0.99609375
v 122.220605772 289.443695833 142.427182316 0.99609375
v 122.1688591 289.810104651 137.366577855 0.99609375
v 122.375201486 290.205099207 141.52036823 0.99609375
v 122.526387786 290.193988014 136.973789531 0.99609375
v 122.398869057 290.24941715 141.674522607 0.99609375
v 122.393878336 290.508513635 137.12051795 0.99609375
v 122.240441542 290.323219259 142.471392521 0.99609375
v 122.269496818 291.107284969 136.54266088 0.99609375
v 122.570679601 290.991499221 141.903492336 0.99609375
v 122.527345757 291.345745264 137.335585109 0.99609375
v 122.591861333 291.098598258 142.21887704 0.99609375
v 122.190667503 291.345940522 137.435193127 0.99609375
v 122.549314399 291.602716666 142.423457448 0.99609375
v 122.416845708 291.518964074 136.753817049 0.99609375
v 122.162588049 291.875272383 142.406702598 0.99609375
v 122.129872883 292.264243495 136.516457912 0.99609375
v 122.633498617 291.800174522 141.519785681 0.99609375
v 122.300087259 292.219197873 137.411130094 0.99609375
v 122.147405786 292.533464831 141.530284654 0.99609375
v 122.503347845 292.683919617 136.546120504 0.99609375
v 122.55669525 292.844909277 142.061650479 0.99609375
v 122.177988293 293.05159009 136.678497065 0.99609375
v 122.159469149 293.056342422 142.098657938 0.99609375
v 122.479026316 293.316096802 137.392657992 0.99609375
v 122.244380165 292.910312855 141.543583528 0.99609375
v 122.10513591 293.527125812 137.308770448 0.99609375
v 122.389201356 293.420298905 141.628580941 0.99609375
v 122.124717502 293.991195859 136.519212701 0.99609375
v 122.273286338 294.052078471 142.345865511 0.99609375
v 122.657128653 294.185377492 136.674505708 0.99609375
v 122.203446272 294.324660952 142.356580175 0.99609375
v 122.439358631 294.433502028 136.91358504 0.99609375
v 122.42284131 294.115162788 142.339119212 0.99609375
v 122.651017488 294.797937293 136.668773556 0.99609375
v 122.535264651 294.537055244 142.483610402 0.99609375
v 122.103847453 295.108167738 136.809272073 0.99609375
v 122.283472794 294.662959015 142.01779716 0.99609375
v 122.335794768 295.141680225 136.504260374 0.99609375
v 122.634073592 295.070715957 142.449685348 0.99609375
v 122.360438038 295.430840559 137.364721066 0.99609375
v 122.330577134 295.30379552 142.196971381 0.99609375
v 122.564787802 295.525751605 137.380367495 0.99609375
v 122.459220888 295.577591214 141.838655038 0.99609375
v 122.123539882 296.312568262 136.690082893 0.99609375
v 122.486961671 296.255136466 142.378837525 0.99609375
v 122.098753543 296.475862682 136.678505826 0.99609375
v 122.588625103 296.162804812 141.535424783 0.99609375
v 122.177975424 296.513387483 136.874748654 0.99609375
v 122.414714874 296.877763444 142.397329124 0.99609375
v 122.416943094 297.031956088 137.32107785 0.99609375
v 122.318756928 296.795582526 142.419229525 0.99609375
v 122.196833432 297.177018255 136.977991595 0.99609375
v 122.278290179 297.184842557 141.854621618 0.99609375
v 122.285990044 297.605760658 136.977477359 0.99609375
v 122.301417522 297.453715322 141.91880719 0.99609375
v 122.645281497 297.568403556 137.373111946 0.99609375
v 122.235801095 298.055525314 142.215411466 0.99609375
v 122.375871777 298.389462025 136.506303474 0.99609375
v 122.407982412 298.398204503 142.450729258 0.99609375
v 122.092178471 298.256599784 137.297062718 0.99609375
v 122.128500815 298.298581476 141.692372543 0.99609375
v 122.448050568 298.414546123 136.783350589 0.99609375
v 122.43288575 298.639809916 141.536352388 0.99609375
v 122.103036208 299.114452229 136.721062394 0.99609375
v 122.422350264 298.764192126 142.480843016 0.99609375
v 122.300050329 299.433528055 137.110399341 0.99609375
v 122.252224488 299.174033979 141.891812694 0.99609375
v 122.342602006 299.707391222 136.87821 0.99609375
v 122.414422392 299.404910632 142.149461654 0.99609375
v 122.321020242 299.594716337 137.41169081 0.99609375
v 122.517612917 300.144374005 141.602773808 0.99609375
v 122.64083727 300.211667376 137.009201866 0.99609375
v 122.42621991 299.931450878 141.524208569 0.99609375
v 122.484518982 300.447553814 136.973173618 0.99609375
v 122.344985548 300.214072746 142.360777301 0.99609375
v 122.337981532 300.877031691 137.154760163 0.99609375
v 122.621996962 300.834199697 142.17805877 0.99609375
v 122.443677409 301.00877106 136.908429967 0.99609375
v 122.169969033 301.287612775 142.330457339 0.99609375
v 122.577359933 301.443505904 136.658783113 0.99609375
v 122.383634451 301.088172337 142.170699663 0.99609375
v 122.381305462 301.863335987 136.896245002 0.99609375
v 122.109014519 301.401228713 142.014791151 0.99609375
v 122.356057775 301.952410294 136.702970618 0.99609375
v 122.163519813 301.740960121 141.738256029 0.99609375
v 122.611922338 302.424696035 137.692501432 0.99609375
v 122.327025809 302.382978045 141.974979121 0.99609375
v 122.207345887 302.198121091 137.674487242 0.99609375
v 122.31697196 302.548845968 142.469441796 0.99609375
v 122.533608801 302.524905675 137.550710962 0.99609375
v 122.567141406 302.865066772 142.474488464 0.99609375
v 122.317006986 303.219500446 137.931221491 0.99609375
v 122.343222623 302.984233144 141.634070928 0.99609375
v 122.628587662 303.120076196 137.358369776 0.99609375
v 122.365414749 303.574924763 141.775658052 0.99609375
v 122.574599294 303.855258757 137.424148603 0.99609375
v 122.516016104 303.406660475 141.647204966 0.99609375
v 122.555644102 303.72980111 137.10831516 0.99609375
v 122.144050414 303.942161831 142.433506887 0.99609375
v 122.332624853 304.307857554 137.168648358 0.99609375
v 122.13724087 303.959723987 142.133754105 0.99609375
v 122.412346969 275.792012357 141.124007698 0.99609375
v 122.94900398 276.001449489 140.574933282 0.99609375
v 122.408096108 275.926852998 141.754001055 0.99609375
v 122.853351993 276.248823677 139.618670224 0.99609375
v 122.619963386 276.523868375 141.96918723 0.99609375
v 122.913965994 276.908015528 138.188917945 0.99609375
v 122.871518756 276.424086367 141.149423404 0.99609375
v 122.449255997 276.959529065 137.407722216 0.99609375
v 122.752564391 276.989531524 141.486931218 0.99609375
v 122.568769139 276.967008509 136.796565159 0.99609375
v 122.543347351 277.039419218 141.822901817 0.99609375
v 122.600703871 277.453273388 137.421847605 0.99609375
v 122.457464383 277.664061184 141.819210296 0.99609375
v 122.476174543 277.84456779 137.367414826 0.99609375
v 122.813236652 277.840462785 141.844631799 0.99609375
v 122.784127114 277.936634135 137.331033003 0.99609375
v 122.591340994 277.845750974 142.147131698 0.99609375
v 122.439288235 278.420493228 136.852929243 0.99609375
v 122.841734283 278.415724485 141.648851906 0.99609375
v 122.671001997 278.673381053 137.497256007 0.99609375
v 122.480218805 278.865062497 142.352474243 0.99609375
v 122.512748845 279.058439105 136.572303095 0.99609375
v 122.726889353 278.920801201 141.772721839 0.99609375
v 122.901342599 279.250124764 137.169584066 0.99609375
v 122.485314254 279.022711298 142.344682958 0.99609375
v 122.569672286 279.523203963 137.050184208 0.99609375
v 122.911854749 279.426496753 142.198482017 0.99609375
v 122.720721964 279.873443259 136.698756402 0.99609375
v 122.647448331 279.919734915 142.267424385 0.99609375
v 122.640506153 280.082365779 137.211759859 0.99609375
v 122.870125321 280.141284064 142.197846871 0.99609375
v 122.874380224 280.450459702 137.312087984 0.99609375
v 122.773122315 280.415959148 142.138343938 0.99609375
v 122.603642184 280.712831155 137.225833169 0.99609375
v 122.507723926 280.50008216 141.670378393 0.99609375
v 122.435509301 280.910515443 136.855355871 0.99609375
v 122.849371381 281.003654567 141.557887543 0.99609375
v 122.667884859 281.057185989 136.898861625 0.99609375
v 122.630106862 281.026163371 141.83073155 0.99609375
v 122.740809368 281.342106294 136.663392804 0.99609375
v 122.499236802 281.787119974 142.475122033 0.99609375
v 122.725510508 282.085084473 136.633751571 0.99609375
v 122.40189773 281.928573683 141.774374225 0.99609375
v 122.526029799 282.191511314 136.991500602 0.99609375
v 122.50140719 281.938417637 142.190174089 0.99609375
v 122.630288592 282.507514117 136.847833534 0.99609375
v 122.565677449 282.277967625 142.389579821 0.99609375
v 122.488630734 282.641437673 137.303030192 0.99609375
v 122.797231885 282.479137839 142.159016293 0.99609375
v 122.871084132 283.285739707 136.927300188 0.99609375
v 122.912948125 283.022517747 142.257706896 0.99609375
v 122.397459101 283.480678767 137.322454484 0.99609375
v 122.925649259 283.420694698 141.538694859 0.99609375
v 122.640190772 283.476937258 137.218448309 0.99609375
v 122.796963276 283.897970081 141.523263226 0.99609375
v 122.762469158 283.640463445 136.510751986 0.99609375
v 122.51827258 283.736810009 141.548138451 0.99609375
v 122.773076021 284.141277227 136.605877399 0.99609375
v 122.852184524 284.042722646 141.727942062 0.99609375
v 122.43619614 284.643254508 137.458726186 0.99609375
v 122.633308049 284.737016026 142.138093967 0.99609375
v 122.920763874 284.953252475 137.460126378 0.99609375
v 122.429142199 284.546506916 142.344554272 0.99609375
v 122.650173129 285.271963995 137.11738828 0.99609375
v 122.618197668 285.052157171 142.165481772 0.99609375
v 122.811833418 285.137503521 136.527520116 0.99609375
v 122.800790471 285.345372624 142.215189211 0.99609375
v 122.691324167 285.621133972 137.333298383 0.99609375
v 122.493785188 285.927973739 141.885581516 0.99609375
v 122.463005697 285.661590082 136.933392884 0.99609375
v 122.763448228 285.8228086 142.086828249 0.99609375
v 122.936621409 285.96491863 136.924316687 0.99609375
v 122.753600016 286.441219003 141.707754991 0.99609375
v 122.524922612 286.612546531 137.080110771 0.99609375
v 122.887765674 286.645226738 141.676745402 0.99609375
v 122.654506695 286.764578688 136.772655528 0.99609375
v 122.728813407 286.806583913 142.195365428 0.99609375
v 122.61923776 287.37203364 136.806286807 0.99609375
v 122.732047611 286.950520345 141.807081201 0.99609375
v 122.660033651 287.362268612 136.556438298 0.99609375
v 122.744341673 287.544216382 142.051213683 0.99609375
v 122.462798265 287.809137922 136.984172228 0.99609375
v 122.88101981 287.755643316 141.944752621 0.99609375
v 122.785124606 288.07124394 137.444277485 0.99609375
v 122.837895011 287.786222655 142.051193962 0.99609375
v 122.78599529 288.200386876 137.025361721 0.99609375
v 122.497177511 288.074800606 141.715690298 0.99609375
v 122.679988204 288.356052126 137.229473347 0.99609375
v 122.663988407 288.457663589 141.860524877 0.99609375
v 122.801637191 288.942034137 136.576238924 0.99609375
v 122.466629065 288.650999027 141.706101162 0.99609375
v 122.385319092 289.160837655 137.372611775 0.99609375
v 122.949227851 289.005524301 142.376086307 0.99609375
v 122.767980259 289.42283372 137.359946907 0.99609375
v 122.82728194 289.329077649 142.449407741 0.99609375
v 122.869606768 289.557967324 137.27505169 0.99609375
v 122.464038518 289.432324797 141.954845436 0.99609375
v 122.894601885 289.724837563 136.576674036 0.99609375
v 122.950177162 290.265839335 142.13478029 0.99609375
v 122.711966573 290.517337513 137.226576646 0.99609375
v 122.613176305 290.486933252 141.725063915 0.99609375
v 122.530337164 290.659606109 137.32433608 0.99609375
v 122.485362594 290.469637085 142.481876294 0.99609375
v 122.785503361 291.091554585 136.760535389 0.99609375
v 122.459668942 290.75299105 142.153869927 0.99609375
v 122.734903205 290.969481646 136.676492977 0.99609375
v 122.621152978 290.941297349 141.602696108 0.99609375
v 122.388714222 291.249880651 136.547658329 0.99609375
v 122.633788938 291.436308519 142.06079508 0.99609375
v 122.536133621 292.027027092 136.733154887 0.99609375
v 122.730078243 291.469560621 141.530268634 0.99609375
v 122.881535334 291.991819579 137.411188495 0.99609375
v 122.423216304 291.840531919 141.915877609 0.99609375
v 122.921859881 292.12253099 136.527667998 0.99609375
v 122.506777613 292.043398133 142.410701377 0.99609375
v 122.467262807 292.403799918 136.527448814 0.99609375
v 122.384871125 292.65498617 141.926771142 0.99609375
v 122.952859963 292.819778674 137.161472349 0.99609375
v 122.716151379 293.064127053 142.197249314 0.99609375
v 122.616396534 293.118852492 136.522325742 0.99609375
v 122.515453516 293.14291775 141.994663253 0.99609375
v 122.942441237 293.253312725 137.151698429 0.99609375
v 122.689536947 293.40163271 141.897241992 0.99609375
v 122.488917453 293.835583978 136.652132378 0.99609375
v 122.68136655 293.694131199 142.254745914 0.99609375
v 122.727410009 293.828394125 136.865723584 0.99609375
v 122.900094171 293.925994876 142.018019453 0.99609375
v 122.448550775 294.498415054 137.134877338 0.99609375
v 122.765209653 294.596912288 142.022355822 0.99609375
v 122.784655147 294.818354449 136.823823354 0.99609375
v 122.821751804 294.351212885 141.919337773 0.99609375
v 122.641541432 295.032953408 137.240889706 0.99609375
v 122.861170846 294.991326758 141.75297015 0.99609375
v 122.884590731 295.088272568 137.015223762 0.99609375
v 122.938744155 294.976464753 142.46181783 0.99609375
v 122.848205847 295.647067445 136.98915335 0.99609375
v 122.426817316 295.620289865 142.033460878 0.99609375
v 122.543083453 295.651586304 136.87267988 0.99609375
v 122.478032115 295.894716384 141.834920396 0.99609375
v 122.626138049 296.240067701 137.432086957 0.99609375
v 122.476258848 296.235175953 141.512367015 0.99609375
v 122.662440226 296.361984682 137.227886309 0.99609375
v 122.710720516 296.107503296 141.563882661 0.99609375
v 122.656913424 296.384772053 136.904524134 0.99609375
v 122.773829817 296.71662955 141.700598842 0.99609375
v 122.619500297 296.857675162 136.950086303 0.99609375
v 122.631047139 296.738662186 142.359113165 0.99609375
v 122.595855463 297.035409021 136.881906988 0.99609375
v 122.724849701 296.9995405 142.219252303 0.99609375
v 122.622987967 297.2664569 136.717609431 0.99609375
v 122.569153444 297.413732578 142.470536055 0.99609375
v 122.948077568 297.585556506 137.143672916 0.99609375
v 122.67977939 297.606961225 142.233395448 0.99609375
v 122.598511839 298.313890202 137.780320616 0.99609375
v 122.502084475 298.401480015 142.051523133 0.99609375
v 122.564714215 298.187405703 137.993263688 0.99609375
v 122.815436142 298.358973854 141.794498661 0.99609375
v 122.90652108 298.970684235 137.262831398 0.99609375
v 122.850859079 298.562670668 141.915183143 0.99609375
v 122.385156092 299.215944843 137.994607052 0.99609375
v 122.787734454 299.210273834 142.402321608 0.99609375
v 122.827059182 299.085342756 137.751042131 0.99609375
v 122.769227979 299.306373534 141.65345091 0.99609375
v 122.46392393 299.347804784 137.563456159 0.99609375
v 122.470820436 299.72055687 141.665844139 0.99609375
v 122.788480332 299.701749397 137.183139543 0.99609375
v 122.667002318 299.866541408 141.642368372 0.99609375
v 122.389644948 300.408331553 137.537411887 0.99609375
v 122.62080643 300.337283951 142.313479377 0.99609375
v 122.629030012 300.408277053 137.282583563 0.99609375
v 122.804165365 300.712824982 142.233671693 0.99609375
v 122.816282679 300.782934115 137.516508529 0.99609375
v 122.758249035 300.78068213 142.372476884 0.99609375
v 122.537265178 301.251321594 137.622943894 0.99609375
v 122.497291835 301.185969463 141.958165417 0.99609375
v 122.854770377 301.448726868 137.487455797 0.99609375
v 122.797691004 301.107987642 141.608242431 0.99609375
v 122.480086532 301.63331538 137.792255174 0.99609375
v 122.814234846 301.455060575 142.364374792 0.99609375
v 122.592626869 301.943796742 137.55433381 0.99609375
v 122.485510691 301.650009807 142.117178381 0.99609375
v 122.838314492 302.113080786 137.926275255 0.99609375
v 122.566937425 301.998056079 142.443575477 0.99609375
v 122.658734242 302.603237893 137.219999353 0.99609375
v 122.599149953 302.635746723 142.034889786 0.99609375
v 122.755200331 302.910454743 137.321202178 0.99609375
v 122.880579603 302.939823273 142.341986682 0.99609375
v 122.51937477 302.962161888 137.665545326 0.99609375
v 122.926514199 302.954767944 141.931837269 0.99609375
v 122.739982141 303.359955476 137.0056085 0.99609375
v 122.532437394 303.12398457 141.832356185 0.99609375
v 122.863559071 303.822800125 137.268884496 0.99609375
v 122.828328399 303.861164843 142.291144195 0.99609375
v 122.413416588 303.679808309 137.131529669 0.99609375
v 122.556694085 303.757915491 141.882758714 0.99609375
v 122.491315009 304.351861161 137.457426846 0.99609375
v 122.536111254 304.440110396 141.861621782 0.99609375
v 122.98925982 275.563642026 141.78128083 0.99609375
v 122.946815672 275.791750325 140.011909186 0.99609375
v 122.926832653 276.066906091 141.765578464 0.99609375
v 123.024384314 276.137208535 139.247228939 0.99609375
v 122.761906514 276.154932782 141.059935891 0.99609375
v 123.068679757 276.827899336 139.158062349 0.99609375
v 122.916084042 276.399178569 141.1628242 0.99609375
v 123.088961938 277.090789503 138.735550892 0.99609375
v 122.702211525 276.791207284 141.408110748 0.99609375
v 122.846544804 277.31661045 138.340179917 0.99609375
v 122.954559748 277.501784734 141.037488954 0.99609375
v 123.180400733 277.387653737 138.314709274 0.99609375
v 122.848497182 277.328929125 141.937823132 0.99609375
v 122.95724695 278.000788837 138.145941844 0.99609375
v 123.061039476 278.055851385 142.349815351 0.99609375
v 122.686525798 278.391832403 137.653505997 0.99609375
v 122.719428244 278.030077829 142.204453989 0.99609375
v 122.831312251 278.58439871 136.828490143 0.99609375
v 123.18229231 278.195219294 142.207904184 0.99609375
v 122.825741514 278.781268316 136.74711208 0.99609375
v 122.970933958 278.946331772 141.846383102 0.99609375
v 122.820446632 278.942747036 136.798848185 0.99609375
v 123.157567763 279.087664118 142.33776037 0.99609375
v 122.76133629 279.18538266 136.703978885 0.99609375
v 122.921885016 279.514258484 142.09458974 0.99609375
v 123.053764161 279.787625666 137.348047431 0.99609375
v 122.949915869 279.650391927 142.265330647 0.99609375
v 123.134179132 279.59425742 136.920290986 0.99609375
v 122.724152704 280.023327253 141.500276638 0.99609375
v 122.813135778 280.271138586 136.575403809 0.99609375
v 122.87668129 280.286104466 142.059857338 0.99609375
v 122.994284933 280.561883461 137.492543282 0.99609375
v 122.670676668 280.522508923 142.111645376 0.99609375
v 123.097768972 280.952265232 136.589136982 0.99609375
v 122.753887061 280.981699261 142.142661448 0.99609375
v 122.709185581 280.729514804 136.640560533 0.99609375
v 123.113913316 281.059020374 141.558811767 0.99609375
v 123.242851968 281.444397121 136.89910935 0.99609375
v 123.090035504 281.364091704 141.840343458 0.99609375
v 122.692109103 281.325816495 136.939666689 0.99609375
v 122.957477328 281.326924948 142.379732625 0.99609375
v 122.909434258 281.987118364 136.804449516 0.99609375
v 122.84814407 281.775169741 141.759174372 0.99609375
v 123.20179561 282.430710773 137.07072277 0.99609375
v 122.739935345 282.227196188 141.56048145 0.99609375
v 122.724584566 282.572442911 137.150004041 0.99609375
v 122.898387229 282.66325042 142.387664554 0.99609375
v 123.231473309 282.8136461 136.756479467 0.99609375
v 123.089145554 282.518154609 142.465718635 0.99609375
v 122.703160581 283.082226382 137.404168203 0.99609375
v 122.853121118 282.786287876 142.387800254 0.99609375
v 123.227499799 283.568829597 136.816573325 0.99609375
v 123.143798151 283.182564258 141.825705794 0.99609375
v 123.21047081 283.773524816 137.312489153 0.99609375
v 123.12868837 283.83810305 141.747125291 0.99609375
v 123.003553199 283.978340241 137.415944524 0.99609375
v 123.131274169 283.744434218 141.993705373 0.99609375
v 123.091797915 283.916638973 137.148278787 0.99609375
v 122.772347759 284.307955751 142.305779525 0.99609375
v 123.160000092 284.76036748 137.071066968 0.99609375
v 122.988285636 284.69218956 141.884700587 0.99609375
v 122.9068879 284.865316882 136.602159977 0.99609375
v 122.869239228 284.907116628 141.910439635 0.99609375
v 122.83327297 285.073283279 136.95772716 0.99609375
v 122.729690582 285.299506641 142.070582646 0.99609375
v 123.015648686 285.17324225 137.269131514 0.99609375
v 122.969111755 285.18147959 142.182052051 0.99609375
v 122.71419405 285.847383722 137.295766354 0.99609375
v 123.222845312 285.863737594 141.816084351 0.99609375
v 122.971267376 285.970485462 136.589455893 0.99609375
v 123.201591805 285.855029043 142.371643189 0.99609375
v 123.244394511 286.094377422 136.730609155 0.99609375
v 123.106587011 286.237550545 142.15849195 0.99609375
v 123.058157378 286.772129866 137.217544901 0.99609375
v 122.742444855 286.534901978 141.783210935 0.99609375
v 123.013919683 286.666296088 137.245032595 0.99609375
v 123.190378457 286.757617005 142.017782295 0.99609375
v 122.900388084 287.372735649 136.734462909 0.99609375
v 122.966684804 286.820669249 141.625559283 0.99609375
v 123.106208554 287.229064551 137.143847673 0.99609375
v 123.084876927 287.32419747 142.302746759 0.99609375
v 122.883124262 287.648879839 136.627244191 0.99609375
v 122.793747044 287.823567402 141.647097939 0.99609375
v 122.972051477 288.040773599 136.534716277 0.99609375
v 122.962270029 287.862438076 142.000052135 0.99609375
v 122.98433636 288.288034539 137.338282703 0.99609375
v 123.153395962 288.518587903 142.038504678 0.99609375
v 123.025465634 288.290506949 136.605368908 0.99609375
v 122.943105626 288.331420348 142.16965835 0.99609375
v 123.085274058 288.646361405 137.200994635 0.99609375
v 123.175857582 288.682874413 142.098834961 0.99609375
v 122.861144097 288.928116515 136.820544922 0.99609375
v 123.189649601 289.171482333 141.97324553 0.99609375
v 122.913556437 289.287787848 137.427072931 0.99609375
v 123.110433334 289.251220758 141.716565078 0.99609375
v 122.771885588 289.744666703 136.646136305 0.99609375
v 122.820012276 289.48858898 141.794634906 0.99609375
v 122.929458985 289.873658353 137.064313941 0.99609375
v 123.186565008 290.251422561 142.216585014 0.99609375
v 122.782906858 290.226486579 137.430148246 0.99609375
v 123.045304588 290.319997955 141.663052017 0.99609375
v 123.20090609 290.577744211 137.410807378 0.99609375
v 122.783928236 290.795793803 141.679089775 0.99609375
v 122.709959254 290.974263019 136.814283911 0.99609375
v 123.148502847 290.921519345 142.348282405 0.99609375
v 123.172146376 291.185791418 137.18307741 0.99609375
v 123.06133878 290.926510116 141.775617714 0.99609375
v 122.917666698 291.468823053 136.725207532 0.99609375
v 122.832623403 291.224247572 142.228446608 0.99609375
v 123.075445723 291.938272726 136.602525426 0.99609375
v 123.106077806 291.651482961 141.678381696 0.99609375
v 123.036659307 292.073943064 136.790855969 0.99609375
v 123.230083273 291.942837067 142.315761748 0.99609375
v 123.085467851 292.568204674 136.534529272 0.99609375
v 123.189484732 292.369018973 142.466946086 0.99609375
v 123.14488835 292.75550537 136.866864377 0.99609375
v 122.704417402 292.699877473 142.367187453 0.99609375
v 123.087203997 292.740489361 137.191673304 0.99609375
v 122.846301421 293.073623154 142.2030901 0.99609375
v 123.060753053 293.047212586 136.622855335 0.99609375
v 122.891652123 293.132774715 141.968315079 0.99609375
v 122.940573896 293.741465128 137.104382072 0.99609375
v 123.141494081 293.259891046 142.193815101 0.99609375
v 123.202260372 293.677607507 136.986223625 0.99609375
v 122.872486536 293.720746288 142.114714349 0.99609375
v 122.711963042 294.304393175 137.185407297 0.99609375
v 122.80773786 294.218884152 141.581029223 0.99609375
v 123.133628093 294.485224041 136.863674925 0.99609375
v 122.76612887 294.618939139 141.639128053 0.99609375
v 123.182696926 294.458252672 137.138638196 0.99609375
v 123.221317327 294.722307712 142.448375128 0.99609375
v 123.230796628 294.994876729 137.050531611 0.99609375
v 123.174862106 294.975603697 142.119342489 0.99609375
v 123.182037904 295.057027835 137.433517735 0.99609375
v 123.140822456 295.31043099 142.012042911 0.99609375
v 122.829032741 295.331215277 137.145579278 0.99609375
v 123.169803517 295.314126632 142.285436068 0.99609375
v 123.101003545 295.82896319 136.550439329 0.99609375
v 122.826956625 295.649938642 141.886705623 0.99609375
v 123.027300268 296.14077042 136.69363467 0.99609375
v 123.237249229 295.827197453 142.068802841 0.99609375
v 122.749880852 296.618206655 137.463355266 0.99609375
v 123.240606579 296.096473732 142.224117822 0.99609375
v 122.716878446 296.959074913 137.208238179 0.99609375
v 123.107590068 296.562723658 142.038420519 0.99609375
v 122.867187411 296.983249432 137.817656332 0.99609375
v 122.850974652 297.046196164 141.554904252 0.99609375
v 122.729779168 297.101069193 137.340678799 0.99609375
v 122.93116736 297.488364423 141.698597728 0.99609375
v 122.90406384 297.327807733 137.491407466 0.99609375
v 122.828817379 297.772308182 142.297099341 0.99609375
v 122.950123972 297.809169122 137.291556095 0.99609375
v 123.105680808 297.672071961 142.319591231 0.99609375
v 122.736101198 298.381541034 137.380095274 0.99609375
v 122.713502915 298.316498291 141.523692632 0.99609375
v 123.176324986 298.314410369 137.822782502 0.99609375
v 123.083105938 298.640364766 141.566888835 0.99609375
v 122.796148759 298.498810214 137.297487014 0.99609375
v 122.875965728 298.73819006 142.021745422 0.99609375
v 122.89584528 299.191321863 137.836750435 0.99609375
v 122.926903341 298.76627458 142.16882084 0.99609375
v 123.227158192 299.299719367 137.538986585 0.99609375
v 123.15286832 299.131333764 142.331903844 0.99609375
v 122.851585051 299.720528124 137.114040949 0.99609375
v 122.831391414 299.491318224 141.597214934 0.99609375
v 123.081786326 299.78365651 137.69964878 0.99609375
v 122.885822419 299.745273527 142.124733151 0.99609375
v 123.065948501 300.132613889 137.087137921 0.99609375
v 122.803407212 300.172492705 141.789772217 0.99609375
v 122.894925488 300.720961252 137.662591822 0.99609375
v 123.140202402 300.662719932 142.031980732 0.99609375
v 123.119240427 300.66449014 137.305872312 0.99609375
v 122.98914323 300.68782001 142.069704472 0.99609375
v 123.02368707 301.268622412 137.258136862 0.99609375
v 122.992799119 301.028973976 142.03841796 0.99609375
v 122.706097934 301.079272622 137.284719473 0.99609375
v 122.895306836 301.445481073 142.485487973 0.99609375
v 122.919608249 301.413263775 137.378928072 0.99609375
v 123.210975677 301.666738678 142.130653235 0.99609375
v 122.881562308 302.018650169 137.90389175 0.99609375
v 123.011025228 301.916159122 142.105449184 0.99609375
v 123.14805577 302.246679801 137.289838438 0.99609375
v 123.037995118 302.058396263 141.952588375 0.99609375
v 122.730379548 302.405304374 137.437376415 0.99609375
v 122.822849155 302.642096771 141.619036258 0.99609375
v 123.213882086 302.627895216 137.357961443 0.99609375
v 123.113779461 302.697448236 141.598603337 0.99609375
v 123.185039605 302.792545705 137.340442014 0.99609375
v 123.006642788 303.096133957 142.199175225 0.99609375
v 123.061790062 303.050862986 137.914366555 0.99609375
v 122.751691562 303.611058187 141.948949462 0.99609375
v 122.877081643 303.916040917 137.988037562 0.99609375
v 122.798982087 303.360437493 141.974166045 0.99609375
v 122.941908829 303.702476842 137.623213826 0.99609375
v 122.780550039 303.738061461 142.207342856 0.99609375
v 122.958712813 303.97994668 137.596001855 0.99609375
v 123.242951994 304.106690275 142.025913821 0.99609375
v 123.386775817 275.868483384 141.541967083 0.99609375
v 123.260316796 275.940107709 140.591859056 0.99609375
v 123.039207257 275.823731025 141.013333276 0.99609375
v 123.292962705 276.262779996 139.628616503 0.99609375
v 123.136271526 276.424576346 141.165544403 0.99609375
v 123.388682109 276.901590322 140.069219401 0.99609375
v 123.390975097 276.89233912 141.172407138 0.99609375
v 122.971882309 276.855162432 139.717831832 0.99609375
v 122.999368926 277.175494342 141.419201354 0.99609375
v 123.130980492 277.18333259 139.86122529 0.99609375
v 123.481416146 277.21447675 141.078325085 0.99609375
v 123.309441269 277.294765229 139.498602281 0.99609375
v 123.358671394 277.278254022 141.623523357 0.99609375
v 123.471637975 278.051005735 139.416098174 0.99609375
v 123.15976027 277.85814106 142.105620311 0.99609375
v 123.476320276 277.875491167 139.41037715 0.99609375
v 123.487356759 278.030416649 141.64484705 0.99609375
v 123.409640328 278.266155792 139.295471398 0.99609375
v 123.262966929 278.240178361 142.300779902 0.99609375
v 123.172685489 278.583881627 138.113071062 0.99609375
v 123.018320282 278.917877309 141.897249593 0.99609375
v 123.4694863 278.746215929 137.623333182 0.99609375
v 123.414525815 278.998875828 142.156545624 0.99609375
v 123.248435976 278.993852681 137.441257328 0.99609375
v 122.980676685 279.122102487 142.459559921 0.99609375
v 123.137921092 279.295813037 137.876412924 0.99609375
v 123.377354381 279.338430414 141.561921099 0.99609375
v 123.289679687 279.652468207 137.088409844 0.99609375
v 123.357390507 279.957691627 142.126959605 0.99609375
v 123.531228817 280.300978262 137.876228576 0.99609375
v 123.426250089 280.159458769 142.204317711 0.99609375
v 123.104028778 280.413378638 137.755722675 0.99609375
v 123.347870804 280.710874232 141.989347499 0.99609375
v 123.010773436 280.846853201 137.198552121 0.99609375
v 123.266799779 280.513133656 141.505491516 0.99609375
v 123.019290802 281.05977336 137.367424249 0.99609375
v 123.276838566 281.236762351 141.963490533 0.99609375
v 123.498310023 281.331553918 137.899140726 0.99609375
v 123.363107233 281.361610161 141.864517178 0.99609375
v 123.077413289 281.802828065 137.922917324 0.99609375
v 123.471084869 281.515498397 141.57626057 0.99609375
v 123.145164869 281.733897444 137.975937868 0.99609375
v 123.355593297 281.763898005 142.003761283 0.99609375
v 123.426903154 282.38496719 137.520297 0.99609375
v 123.409726968 282.094205088 141.872520591 0.99609375
v 123.508458835 282.716981144 137.740960451 0.99609375
v 123.538219825 282.442269776 142.035213353 0.99609375
v 123.419958926 282.793486709 137.33831503 0.99609375
v 123.251548829 282.796403796 142.258329506 0.99609375
v 123.066966875 283.289046743 137.923685638 0.99609375
v 123.3078458 283.097742414 141.585821862 0.99609375
v 123.274926546 283.587833723 137.919930555 0.99609375
v 123.34917389 283.570190994 142.48425088 0.99609375
v 123.398345965 283.606843524 137.773925823 0.99609375
v 123.295612622 283.407874619 141.530655908 0.99609375
v 123.136826445 283.893314491 137.77820397 0.99609375
v 122.983030371 284.074632992 142.465455417 0.99609375
v 123.039321688 284.418369878 137.881946335 0.99609375
v 123.05000397 284.047610112 142.120292776 0.99609375
v 123.477007834 284.722423369 138.481893922 0.99609375
v 123.093992585 284.697399833 141.798211415 0.99609375
v 123.488091214 284.902686977 137.546636048 0.99609375
v 123.03743039 284.855926942 141.504769915 0.99609375
v 123.236777278 285.241313772 137.549519353 0.99609375
v 123.219903412 284.818183943 142.198290867 0.99609375
v 123.133898645 285.454150372 138.284202206 0.99609375
v 123.403304715 285.357210001 142.017955026 0.99609375
v 123.051973926 285.797619397 138.25302163 0.99609375
v 123.235154393 285.67213938 142.022908171 0.99609375
v 123.312596587 285.685563063 138.425332961 0.99609375
v 122.983761744 286.035411752 141.840729509 0.99609375
v 122.98553099 286.299332806 137.562609625 0.99609375
v 123.292744757 286.41261244 142.354792746 0.99609375
v 123.075517515 286.432447741 137.629205597 0.99609375
v 123.000803071 286.400854036 141.54165321 0.99609375
v 123.345786206 286.803469221 137.41293249 0.99609375
v 123.168537528 286.808508772 141.701174721 0.99609375
v 123.25338578 286.931730962 137.977212352 0.99609375
v 123.509105331 287.123722296 141.755415382 0.99609375
v 123.026168046 287.37164482 137.058639352 0.99609375
v 123.413631055 287.224274407 142.436761001 0.99609375
v 123.433172487 287.676417498 137.834409524 0.99609375
v 123.462049085 287.710286916 142.350795586 0.99609375
v 123.412920747 287.839879095 136.536859614 0.99609375
v 123.398320184 287.860786026 141.908156 0.99609375
v 122.96842364 288.406257174 137.383451249 0.99609375
v 123.469924058 288.252141736 142.42921029 0.99609375
v 123.136975457 288.672300155 137.202581035 0.99609375
v 123.074865149 288.615489077 141.57165452 0.99609375
v 123.532644703 288.555974682 137.019459258 0.99609375
v 123.227127348 289.006489386 141.519292605 0.99609375
v 123.491314154 289.003205792 136.958372801 0.99609375
v 123.03812884 288.887995621 142.191492317 0.99609375
v 123.316047566 289.272111854 136.656882109 0.99609375
v 123.004829835 289.536683265 142.196033783 0.99609375
v 123.453042902 289.612922302 137.143093284 0.99609375
v 123.212735368 289.979272904 141.885872239 0.99609375
v 123.411027671 289.977371104 137.363762079 0.99609375
v 123.106827349 289.951149653 142.230827266 0.99609375
v 123.348304618 290.067389816 137.389346346 0.99609375
v 123.53698588 290.510521312 142.239958347 0.99609375
v 123.125611982 290.293674503 136.955119126 0.99609375
v 123.433789581 290.790883609 142.01073038 0.99609375
v 123.362544393 291.144235977 136.648099169 0.99609375
v 123.070997762 290.792492416 142.376236094 0.99609375
v 123.441714231 291.025516751 137.406659511 0.99609375
v 123.139447192 291.231937868 141.979428253 0.99609375
v 123.160056321 291.44466315 137.00521314 0.99609375
v 123.229699519 291.483432848 142.326581983 0.99609375
v 123.207665501 291.557548912 136.505654113 0.99609375
v 123.449142591 291.534097368 141.957173976 0.99609375
v 123.157586139 292.244852229 136.847710758 0.99609375
v 123.440665077 292.157744797 142.173890995 0.99609375
v 123.117700188 292.079191618 136.925627096 0.99609375
v 123.033600759 292.166422533 141.882770798 0.99609375
v 123.029640822 292.368597594 137.292713808 0.99609375
v 123.434125695 292.359046847 141.510374818 0.99609375
v 123.435702032 292.858838875 137.3247028 0.99609375
v 123.375085724 293.144678156 141.840896159 0.99609375
v 123.489697596 293.366067783 137.049956232 0.99609375
v 123.489928439 293.132344151 142.184588796 0.99609375
v 123.430618052 293.597560748 136.824978397 0.99609375
v 123.149147574 293.416188244 141.526575377 0.99609375
v 123.524478094 294.002687525 136.991350954 0.99609375
v 123.3310124 293.845111527 142.481653705 0.99609375
v 123.265838495 293.981851508 136.774689431 0.99609375
v 123.15155428 294.175736391 142.391398187 0.99609375
v 123.062554175 294.619563915 137.218324952 0.99609375
v 123.493136162 294.145464042 142.177797377 0.99609375
v 123.375864624 294.805213816 137.248588341 0.99609375
v 123.211223873 294.619191795 142.098141273 0.99609375
v 122.964583242 294.880669106 136.705131321 0.99609375
v 122.968010705 295.046763644 142.128915601 0.99609375
v 123.051119998 295.053707166 137.235800759 0.99609375
v 123.484331766 295.392714826 142.48901304 0.99609375
v 123.50337043 295.350812828 137.482575788 0.99609375
v 123.112503742 295.229236249 142.086317845 0.99609375
v 123.435556833 295.730334355 137.822369959 0.99609375
v 123.000973923 295.744957992 141.747445194 0.99609375
v 123.227013693 296.367811584 137.893575778 0.99609375
v 123.346825367 296.295124196 142.424711766 0.99609375
v 123.034800898 296.418084926 137.007260851 0.99609375
v 123.088588453 296.239802347 141.814529438 0.99609375
v 123.284744025 296.447059202 137.528207335 0.99609375
v 123.300829256 296.697168291 141.556681364 0.99609375
v 123.329226229 296.914538235 137.418926611 0.99609375
v 123.165960272 296.95766578 141.52827512 0.99609375
v 123.248442343 297.134609229 137.522664834 0.99609375
v 123.427305865 297.110420651 142.118257174 0.99609375
v 123.194732317 297.279651956 137.764679881 0.99609375
v 123.262718003 297.61740903 141.92749925 0.99609375
v 123.517728343 297.817465892 137.11906371 0.99609375
v 123.512755397 297.72340879 142.118556141 0.99609375
v 123.441960357 297.976719596 137.700156987 0.99609375
v 123.414627108 297.845849654 141.54583351 0.99609375
v 123.157120735 298.534537596 137.619981568 0.99609375
v 123.462695166 298.584171495 142.345261699 0.99609375
v 122.963452062 298.466089112 137.545886153 0.99609375
v 123.501236664 298.568494186 142.25219946 0.99609375
v 123.383040967 299.139357288 137.398112935 0.99609375
v 123.098111307 298.904284651 141.753697676 0.99609375
v 123.026845981 299.090117212 137.128128263 0.99609375
v 123.080399749 299.211662366 141.961597013 0.99609375
v 123.156374723 299.706330333 137.775382336 0.99609375
v 123.136363956 299.570609808 142.375824721 0.99609375
v 123.007694748 299.826159973 137.64266551 0.99609375
v 123.0865944 299.656024758 141.605387444 0.99609375
v 123.217735093 300.133891382 137.85874201 0.99609375
v 123.027156987 299.968770667 142.012958841 0.99609375
v 123.439813321 300.685847833 137.233593359 0.99609375
v 123.181232146 300.405756048 142.468744289 0.99609375
v 123.032631087 300.539980649 137.870872238 0.99609375
v 123.373958467 300.956664007 142.200964262 0.99609375
v 123.457110177 300.782202832 137.152515833 0.99609375
v 122.994830305 301.245167273 142.387952915 0.99609375
v 123.039117644 301.382867175 137.850562741 0.99609375
v 123.352834497 301.280104431 141.95283984 0.99609375
v 123.352885991 301.360207588 137.960596331 0.99609375
v 123.52257385 301.537966536 142.165260086 0.99609375
v 123.534976548 301.806136022 137.774159758 0.99609375
v 123.074525336 301.920485808 141.671908834 0.99609375
v 123.190809556 302.039564877 137.573740781 0.99609375
v 123.120427409 302.299627408 142.116790442 0.99609375
v 123.350469704 302.345682784 137.077315369 0.99609375
v 123.100156774 302.227750895 141.908102746 0.99609375
v 123.532800727 302.78720122 137.919413603 0.99609375
v 123.424276161 302.624923376 142.071902827 0.99609375
v 123.209853517 302.767212457 137.854540913 0.99609375
v 123.441853351 302.865813687 142.374276832 0.99609375
v 123.471952919 303.368900983 138.28057486 0.99609375
v 123.12341872 303.064767298 142.043866938 0.99609375
v 122.988049133 303.724942783 138.094992821 0.99609375
v 123.085127756 303.802164821 142.402559581 0.99609375
v 123.349329785 303.714186262 137.895968961 0.99609375
v 123.071736254 303.745230745 141.725168821 0.99609375
v 123.536183675 304.0933319 138.162081207 0.99609375
v 123.348419156 304.135372033 141.899050035 0.99609375
v 123.338787809 275.846458695 141.02552277 0.99609375
v 123.624063109 276.142004421 140.75042529 0.99609375
v 123.433175954 276.093053817 140.977697048 0.99609375
v 123.442622653 276.560391094 140.757009473 0.99609375
v 123.285944466 276.624357174 141.548134147 0.99609375
v 123.767179886 277.196324666 140.647134512 0.99609375
v 123.777609945 276.840693979 141.163283286 0.99609375
v 123.684789035 277.032009264 140.889412131 0.99609375
v 123.748907293 277.103039116 141.36116622 0.99609375
v 123.465274022 277.737179708 140.902818373 0.99609375
v 123.771796283 277.373836991 141.46472971 0.99609375
v 123.295541146 277.795781121 140.763362872 0.99609375
v 123.717004058 278.109859277 141.918480275 0.99609375
v 123.568000468 278.38450371 140.701752763 0.99609375
v 123.390460412 278.101707529 141.996435081 0.99609375
v 123.711383424 278.176194646 139.509594547 0.99609375
v 123.678233708 278.636729324 142.059015598 0.99609375
v 123.527506874 278.420462943 139.712175096 0.99609375
v 123.37522129 278.90992573 142.171258526 0.99609375
v 123.262777134 279.181658918 139.469666665 0.99609375
v 123.71202358 279.209307633 142.123530518 0.99609375
v 123.766321385 279.169810905 139.848014922 0.99609375
v 123.545965924 279.013917474 141.753786903 0.99609375
v 123.323176645 279.400938759 139.192393323 0.99609375
v 123.556806466 279.35575139 141.509535438 0.99609375
v 123.466599625 279.666567506 138.179679971 0.99609375
v 123.38214907 279.571767327 141.822347242 0.99609375
v 123.335818225 280.308489761 138.513611352 0.99609375
v 123.563465983 279.990123504 141.884757066 0.99609375
v 123.262445573 280.174417443 138.747066797 0.99609375
v 123.758161668 280.258746153 141.947145253 0.99609375
v 123.478361465 280.658242721 137.790345355 0.99609375
v 123.559250307 280.793015667 141.574680643 0.99609375
v 123.631248821 280.938034821 137.79023056 0.99609375
v 123.586311482 280.874894224 141.699529717 0.99609375
v 123.310210883 281.408636131 138.369553317 0.99609375
v 123.715061323 281.227254153 141.804976658 0.99609375
v 123.67003284 281.792555564 137.598955235 0.99609375
v 123.61119706 281.816078406 141.584723744 0.99609375
v 123.729785055 281.998760579 138.434418226 0.99609375
v 123.268632225 282.089892168 141.772473085 0.99609375
v 123.27185691 281.897179294 138.467596495 0.99609375
v 123.289112793 282.2820753 142.226707434 0.99609375
v 123.552083592 282.603535215 138.996391468 0.99609375
v 123.541177562 282.185818258 141.864239129 0.99609375
v 123.693878186 282.983104522 138.366135798 0.99609375
v 123.649757853 282.515204977 141.558692582 0.99609375
v 123.73937981 282.835878366 138.450613566 0.99609375
v 123.338639494 282.759720161 142.429914404 0.99609375
v 123.585602155 283.560423665 138.561147463 0.99609375
v 123.772433739 283.15496539 141.688495695 0.99609375
v 123.634577531 283.681866715 138.133570191 0.99609375
v 123.40433919 283.749542426 142.311594043 0.99609375
v 123.698932573 283.688642431 138.255494338 0.99609375
v 123.423468216 283.631901196 141.551504769 0.99609375
v 123.299342958 284.122045562 138.175622306 0.99609375
v 123.662307905 284.026941902 141.577814157 0.99609375
v 123.603058057 284.699891396 138.12592341 0.99609375
v 123.56933345 284.245039141 142.272612139 0.99609375
v 123.699014068 284.785358637 138.089028412 0.99609375
v 123.539735793 284.664759665 141.630553309 0.99609375
v 123.297416256 284.819611251 138.987282456 0.99609375
v 123.332762452 285.220539388 141.594887615 0.99609375
v 123.377907887 285.41031834 138.386865877 0.99609375
v 123.791092909 285.238434102 142.265100819 0.99609375
v 123.611426656 285.740414734 138.690293977 0.99609375
v 123.495090267 285.90447226 141.976370756 0.99609375
v 123.52663533 286.227818531 138.678590576 0.99609375
v 123.764605153 285.667124671 141.973991771 0.99609375
v 123.384294992 286.153243566 138.980905889 0.99609375
v 123.271169702 286.444751811 142.027025487 0.99609375
v 123.719827592 286.76093389 138.776286136 0.99609375
v 123.758034576 286.290100046 141.672179045 0.99609375
v 123.594549665 286.538747434 138.226086106 0.99609375
v 123.820757781 286.897630892 141.975674565 0.99609375
v 123.703264747 286.862571687 138.084810994 0.99609375
v 123.696916379 287.140223896 141.591692023 0.99609375
v 123.58408175 287.448399629 138.220472589 0.99609375
v 123.361894907 287.544823236 141.828975152 0.99609375
v 123.641609235 287.886099826 137.719575599 0.99609375
v 123.350814497 287.622089829 141.911571615 0.99609375
v 123.638304939 288.173010913 137.809808218 0.99609375
v 123.784407561 287.962928033 142.20840531 0.99609375
v 123.591790729 288.343509422 138.358470803 0.99609375
v 123.664044728 288.204453303 142.4850708 0.99609375
v 123.804574793 288.40693608 137.57168491 0.99609375
v 123.702461742 288.38357102 141.52515065 0.99609375
v 123.270209696 289.031133219 137.199968356 0.99609375
v 123.262667249 288.765207441 142.292061197 0.99609375
v 123.36948857 288.887054441 137.616692019 0.99609375
v 123.44838948 289.059211621 142.128180425 0.99609375
v 123.685454709 289.175365463 137.214318684 0.99609375
v 123.394802007 289.13030522 142.176192641 0.99609375
v 123.790152539 289.623648538 137.458577465 0.99609375
v 123.464450717 289.948101923 141.623029838 0.99609375
v 123.704919105 289.980139401 137.244262555 0.99609375
v 123.369220206 290.082337238 141.854237977 0.99609375
v 123.716156366 290.380205877 137.093485042 0.99609375
v 123.603219282 290.307310862 142.402255558 0.99609375
v 123.336638802 290.45561101 137.304306277 0.99609375
v 123.571197852 290.674077497 142.367897428 0.99609375
v 123.750792207 290.936813177 137.568820833 0.99609375
v 123.335995581 290.89273909 141.627346712 0.99609375
v 123.714038928 291.246204167 137.975529285 0.99609375
v 123.552059413 291.441940266 142.171606115 0.99609375
v 123.649565202 291.642558896 137.554569897 0.99609375
v 123.743317475 291.445140749 142.494284229 0.99609375
v 123.623102853 291.476406421 137.101518366 0.99609375
v 123.784082152 291.763340414 142.494772358 0.99609375
v 123.350428321 292.110780395 137.566078741 0.99609375
v 123.786804576 292.207436701 142.479138474 0.99609375
v 123.737927122 292.508858513 137.197526227 0.99609375
v 123.73338208 292.534133685 142.211755852 0.99609375
v 123.494148145 292.537539546 137.007928729 0.99609375
v 123.280889624 292.542974155 142.124658447 0.99609375
v 123.603329016 293.110496837 137.159652917 0.99609375
v 123.73500758 292.953153991 142.468919607 0.99609375
v 123.752520682 293.064466192 137.351926061 0.99609375
v 123.275476688 292.987735075 141.611594569 0.99609375
v 123.590700033 293.410354457 137.504281026 0.99609375
v 123.648078545 293.256213174 142.197388346 0.99609375
v 123.53162369 294.051228856 137.843906825 0.99609375
v 123.311033843 293.50842434 141.63084915 0.99609375
v 123.827011937 294.157116798 137.97225322 0.99609375
v 123.813841471 293.943183354 141.502705626 0.99609375
v 123.664706564 294.24899305 137.284884908 0.99609375
v 123.255661998 294.192997248 142.06448563 0.99609375
v 123.485296785 294.851576668 137.097241772 0.99609375
v 123.731173166 294.532860683 142.408763809 0.99609375
v 123.602002111 294.823917965 137.860540108 0.99609375
v 123.352231956 294.739747442 142.089627578 0.99609375
v 123.699983497 295.479677331 137.859571128 0.99609375
v 123.628458533 295.029613013 142.148497703 0.99609375
v 123.533666167 295.29927594 137.567199003 0.99609375
v 123.620643633 295.234426416 142.156361532 0.99609375
v 123.291432505 295.806144357 137.677928173 0.99609375
v 123.504546968 295.874517948 141.858194559 0.99609375
v 123.444583515 296.221529216 137.526323149 0.99609375
v 123.532242756 295.879073876 142.033263826 0.99609375
v 123.818604125 296.663250506 137.156098423 0.99609375
v 123.255471232 296.29721401 142.115609729 0.99609375
v 123.46617162 296.403635125 137.952543085 0.99609375
v 123.677321868 296.476390419 142.140725174 0.99609375
v 123.762991895 297.091195668 137.743335311 0.99609375
v 123.756767669 297.147696403 141.875164722 0.99609375
v 123.438377914 297.215424489 137.793101323 0.99609375
v 123.535665351 297.253922712 142.132880516 0.99609375
v 123.276782704 297.33886764 137.61337079 0.99609375
v 123.392128 297.732314134 141.549259023 0.99609375
v 123.279629826 297.615733769 137.831605016 0.99609375
v 123.60347573 298.023803378 141.773671172 0.99609375
v 123.471155737 298.36580177 137.109590973 0.99609375
v 123.275715743 298.085071633 142.285122293 0.99609375
v 123.493409273 298.124564512 137.590053155 0.99609375
v 123.262036816 298.672767469 141.813679126 0.99609375
v 123.766619073 298.501671382 137.590817024 0.99609375
v 123.569928648 298.970652503 141.988986215 0.99609375
v 123.531596204 298.727792531 138.222029333 0.99609375
v 123.618948655 298.795182591 142.268870382 0.99609375
v 123.611392856 299.18000599 138.496669421 0.99609375
v 123.629969715 299.002387198 141.580591064 0.99609375
v 123.71468637 299.818574953 138.306007841 0.99609375
v 123.284051071 299.642040034 142.285046043 0.99609375
v 123.488242244 299.618957428 137.797066285 0.99609375
v 123.555110078 299.70704784 142.472743849 0.99609375
v 123.661587585 300.431156069 137.797450579 0.99609375
v 123.524273633 300.005538559 141.757123728 0.99609375
v 123.675860664 300.542545108 137.607001011 0.99609375
v 123.390082361 300.410007343 142.259003212 0.99609375
v 123.64516737 300.513080346 137.754005681 0.99609375
v 123.337240851 300.707881965 142.028427847 0.99609375
v 123.261864186 301.03373584 137.980031448 0.99609375
v 123.576277822 301.062869806 141.89217474 0.99609375
v 123.474306362 301.224586646 137.760723318 0.99609375
v 123.424519269 301.435115256 141.744208585 0.99609375
v 123.454360012 301.529206336 138.464343848 0.99609375
v 123.336956068 301.729365745 141.618469074 0.99609375
v 123.326144146 301.725664286 138.113164031 0.99609375
v 123.693247832 301.777640543 142.012877492 0.99609375
v 123.584711867 302.433859418 137.846327234 0.99609375
v 123.547288124 302.386727338 141.977398427 0.99609375
v 123.347289883 302.455957383 138.470890254 0.99609375
v 123.817663419 302.564689229 141.871772534 0.99609375
v 123.379407656 302.761886223 138.226983506 0.99609375
v 123.570912304 302.914690233 142.431640104 0.99609375
v 123.578744629 302.816687476 137.598017068 0.99609375
v 123.573228649 302.958973834 142.344105411 0.99609375
v 123.475457305 303.477793246 137.900965912 0.99609375
v 123.482961477 303.238404455 142.220124422 0.99609375
v 123.820742768 303.536419725 138.398066257 0.99609375
v 123.682703563 303.902003639 142.424054195 0.99609375
v 123.425611877 304.103506701 138.103972918 0.99609375
v 123.494776777 303.892673756 141.757250469 0.99609375
v 123.728582022 304.221729251 138.380242242 0.99609375
v 123.393715636 304.320244595 141.773415882 0.99609375
v 124.045383612 275.91357424 141.079009475 0.99609375
v 124.005861971 276.180542998 141.162746691 0.99609375
v 123.640661606 276.496548243 141.062202825 0.99609375
v 123.899416213 276.704130246 141.395477255 0.99609375
v 124.066486176 277.113166603 141.517864127 0.99609375
v 123.91214017 277.187368204 141.14808979 0.99609375
v 123.731558281 277.444482361 141.123163247 0.99609375
v 123.872914706 277.944730324 140.674293759 0.99609375
v 123.905222676 278.370385249 141.080552677 0.99609375
v 124.024671174 278.123881091 142.21285744 0.99609375
v 123.87436822 278.148847999 140.580530871 0.99609375
v 123.644570871 278.385779075 142.469107359 0.99609375
v 123.585573425 278.798051867 141.470728048 0.99609375
v 123.745844793 278.499005881 141.737421509 0.99609375
v 124.112188277 278.768322876 140.791225567 0.99609375
v 124.038858232 279.048146396 142.075796647 0.99609375
v 123.698868792 279.387993513 140.29073017 0.99609375
v 123.636353937 278.983436407 141.718051054 0.99609375
v 123.617065845 279.814107412 140.301946785 0.99609375
v 123.99893232 279.470393943 142.452500261 0.99609375
v 124.004120112 280.065761661 140.088569719 0.99609375
v 123.772032902 280.098822831 141.741442153 0.99609375
v 123.894942246 280.000174471 139.912187044 0.99609375
v 124.049814264 280.13441629 142.010943455 0.99609375
v 123.922299519 280.413352101 139.027305201 0.99609375
v 123.549352772 280.356483397 141.607899699 0.99609375
v 123.554261039 280.652649308 139.048522729 0.99609375
v 123.82737402 280.889773549 141.941049267 0.99609375
v 123.831937661 281.175763857 139.462828177 0.99609375
v 123.88178027 281.048805318 142.40133778 0.99609375
v 123.613421565 281.372048873 139.39119907 0.99609375
v 124.04299427 281.442468961 142.436718963 0.99609375
v 124.00840684 281.338537631 139.156567233 0.99609375
v 123.611254726 281.552786431 142.259495178 0.99609375
v 123.867388464 282.130609654 139.143336213 0.99609375
v 124.034264677 282.019842495 141.672031963 0.99609375
v 123.645200394 282.403930553 139.397975105 0.99609375
v 123.980138123 282.193512188 141.764509404 0.99609375
v 123.956715197 282.420426072 138.782054039 0.99609375
v 123.704035003 282.29835397 141.807529385 0.99609375
v 123.691461591 282.63077399 139.169562876 0.99609375
v 124.060546584 282.724213408 142.314549948 0.99609375
v 123.999830297 283.246750468 139.467522185 0.99609375
v 124.059227058 282.937139515 142.304124826 0.99609375
v 124.037574706 283.152589204 138.850386433 0.99609375
v 124.075294538 283.411231814 141.875861727 0.99609375
v 123.547852662 283.384712386 139.391076849 0.99609375
v 123.592891941 283.807231591 142.469639593 0.99609375
v 123.698426487 283.913069195 138.83169913 0.99609375
v 123.635127923 283.942231816 141.969165578 0.99609375
v 123.957679962 284.35272727 139.29773507 0.99609375
v 123.788305145 284.251300446 141.806274611 0.99609375
v 123.664086191 284.417522246 139.434508907 0.99609375
v 123.962470233 284.522504545 141.515772019 0.99609375
v 123.644811552 284.839409752 139.472847644 0.99609375
v 123.974356281 284.703171612 141.84293492 0.99609375
v 124.004777675 285.250357147 138.713027527 0.99609375
v 123.730089094 284.990951624 142.021899009 0.99609375
v 123.804249972 285.156973558 139.122673244 0.99609375
v 123.737294115 285.302827089 142.232541133 0.99609375
v 123.556364017 285.620369328 139.08761943 0.99609375
v 123.610711308 285.712649985 141.847578115 0.99609375
v 124.094343202 285.962103545 138.870521484 0.99609375
v 123.989743841 286.125861395 141.591732411 0.99609375
v 123.628040544 286.484298393 139.464132957 0.99609375
v 123.598672826 286.011276291 141.54444215 0.99609375
v 123.684178025 286.60956763 139.421023513 0.99609375
v 123.861284081 286.729498342 142.41208898 0.99609375
v 123.673279921 286.946547466 139.12806024 0.99609375
v 123.547248682 286.770834028 141.566807367 0.99609375
v 123.812783185 287.17060909 138.66041157 0.99609375
v 123.913184347 286.986537834 141.751802869 0.99609375
v 123.743635201 287.166156178 139.311880693 0.99609375
v 123.563865861 287.173704123 141.912794238 0.99609375
v 123.986080319 287.964508473 139.27992458 0.99609375
v 124.086985312 287.960776842 142.296908943 0.99609375
v 124.113437473 288.150953263 138.874191604 0.99609375
v 123.883417508 288.100043633 141.922515005 0.99609375
v 123.740959154 288.335141497 138.302644625 0.99609375
v 123.950102754 288.015661135 142.196005565 0.99609375
v 124.058887935 288.477431717 138.317864967 0.99609375
v 123.877219494 288.39371511 142.478549061 0.99609375
v 123.888391959 288.969948291 138.844849962 0.99609375
v 124.072288155 288.593637863 141.579400403 0.99609375
v 123.833381517 289.117665224 138.121663901 0.99609375
v 123.77613984 289.021585085 141.762651329 0.99609375
v 123.920839413 289.572108517 137.873004469 0.99609375
v 123.578121837 289.434059248 141.714668995 0.99609375
v 123.693891248 289.864581681 137.080711786 0.99609375
v 123.644461621 289.622845433 141.747242787 0.99609375
v 123.982043819 289.842809429 137.219505267 0.99609375
v 123.585322281 290.046778059 141.564629263 0.99609375
v 123.910120076 290.413511467 137.653909796 0.99609375
v 123.933785463 290.169305486 141.982136442 0.99609375
v 123.793125341 290.770761099 137.007192542 0.99609375
v 124.077352702 290.609951851 142.4228091 0.99609375
v 123.630242853 290.810861619 137.238000456 0.99609375
v 123.88818861 290.592264845 141.872035835 0.99609375
v 123.67297976 290.968647195 137.516120735 0.99609375
v 123.713817322 291.21215531 141.861643198 0.99609375
v 123.676625692 291.316919993 137.253469092 0.99609375
v 123.85814442 291.195275841 142.087308304 0.99609375
v 123.844788524 291.737467749 137.528462304 0.99609375
v 124.053473018 291.716711165 141.596894694 0.99609375
v 123.798448886 292.104016719 137.227838476 0.99609375
v 124.053292078 292.196801228 142.186545167 0.99609375
v 123.782446871 292.357595888 137.599669144 0.99609375
v 123.800646588 292.272212009 142.008514595 0.99609375
v 123.984900872 292.400638364 137.33722816 0.99609375
v 124.065935248 292.595501121 141.816617472 0.99609375
v 123.939779057 292.978445347 137.938726903 0.99609375
v 123.8702604 293.075259732 141.701673482 0.99609375
v 123.794122719 293.042684339 137.202800411 0.99609375
v 123.571018266 293.295461123 142.487780247 0.99609375
v 124.09638858 293.340782902 137.730736709 0.99609375
v 123.70313201 293.528374489 141.718509714 0.99609375
v 123.678971405 293.974915005 137.371875332 0.99609375
v 123.647308165 293.711542041 141.625783053 0.99609375
v 123.643717875 294.009000275 137.037948263 0.99609375
v 124.099677231 294.083023609 142.131642984 0.99609375
v 123.600376864 294.149801719 137.14071019 0.99609375
v 123.912650869 294.207851463 141.928148777 0.99609375
v 123.927322505 294.727214758 137.706074134 0.99609375
v 123.796587263 294.669494222 142.471065005 0.99609375
v 123.973139094 295.082923954 137.024921343 0.99609375
v 123.805139888 294.704075002 142.355139779 0.99609375
v 123.702791845 295.100763071 137.636424662 0.99609375
v 123.726264035 295.362250885 141.830201185 0.99609375
v 123.630442871 295.775247707 137.092444549 0.99609375
v 123.587911337 295.732206723 141.754865859 0.99609375
v 123.591856937 295.91581672 137.307968718 0.99609375
v 123.560206892 295.708902168 141.596262438 0.99609375
v 124.053605791 296.012858537 137.758249727 0.99609375
v 123.756322228 296.243306963 142.444331907 0.99609375
v 123.543339436 296.509274147 137.282891209 0.99609375
v 123.745195708 296.106239848 142.361109432 0.99609375
v 123.783557944 296.731457466 137.201918782 0.99609375
v 123.990164083 296.580217752 141.981482423 0.99609375
v 124.040745161 296.868252269 137.417444554 0.99609375
v 123.638626354 296.721172285 141.955575161 0.99609375
v 123.707791025 297.482439775 137.552425534 0.99609375
v 124.045446693 297.534210198 142.324193797 0.99609375
v 124.002688204 297.360400765 137.63984514 0.99609375
v 124.071661985 297.359139091 141.601863857 0.99609375
v 124.057149589 297.633946071 137.571885061 0.99609375
v 123.666000548 297.73402476 141.957746006 0.99609375
v 123.647255337 298.409411301 138.484284276 0.99609375
v 123.668674689 298.264031861 141.672485207 0.99609375
v 123.594133108 298.120266775 138.211048763 0.99609375
v 123.569799033 298.269140654 141.674148405 0.99609375
v 123.81226203 298.931688158 137.925829693 0.99609375
v 123.967789071 298.883394109 142.443327037 0.99609375
v 123.56067641 298.779311618 138.448640389 0.99609375
v 123.874989277 298.815204997 142.116687663 0.99609375
v 124.112219654 299.143982717 137.585334036 0.99609375
v 124.046458254 299.034895879 141.916616159 0.99609375
v 123.761370536 299.63081537 137.960774118 0.99609375
v 123.918634754 299.616450367 142.135088332 0.99609375
v 123.975256671 299.817883111 137.722786497 0.99609375
v 123.878473156 299.929087911 141.639448377 0.99609375
v 124.005463575 300.164440322 138.054771809 0.99609375
v 123.802890499 300.241031239 141.760981744 0.99609375
v 124.080203225 300.539643796 137.74678514 0.99609375
v 124.011768354 300.299142296 142.375394277 0.99609375
v 123.706206965 300.925546414 138.261854496 0.99609375
v 123.866354405 300.651331354 141.56847294 0.99609375
v 123.982734996 301.300348315 138.46296155 0.99609375
v 123.962343525 301.208449282 142.329827958 0.99609375
v 123.720440272 301.385151161 137.597374072 0.99609375
v 123.705984787 301.240901634 141.939219515 0.99609375
v 123.916093161 301.524353505 138.089092295 0.99609375
v 123.95801437 301.534084171 142.334866044 0.99609375
v 123.827681655 301.99500002 137.752165115 0.99609375
v 124.044318758 301.798066144 142.428141609 0.99609375
v 123.919220763 302.157635661 138.409136633 0.99609375
v 123.699798227 302.421434075 141.596671057 0.99609375
v 124.076870444 302.194288085 137.740918248 0.99609375
v 123.847539362 302.263573785 141.921875326 0.99609375
v 124.031572968 302.837985957 138.287269567 0.99609375
v 123.95673366 302.850233945 141.620860452 0.99609375
v 123.77106692 303.029983296 138.086849141 0.99609375
v 123.795878838 302.810371133 142.409163646 0.99609375
v 124.015637375 303.57211257 138.451614586 0.99609375
v 123.85338709 303.529801608 142.22125377 0.99609375
v 123.67826078 303.878238144 137.627353513 0.99609375
v 123.916792259 303.487760477 141.983877219 0.99609375
v 123.783294222 303.932147548 137.899971218 0.99609375
v 123.878026308 303.663433548 141.687637405 0.99609375
v 123.653440214 304.225755473 138.035383414 0.99609375
v 123.975046446 303.949972253 142.183882597 0.99609375
v 124.080656055 277.380155577 141.633602878 0.99609375
v 123.924661395 277.513325649 141.126970232 0.99609375
v 124.286047251 277.881700402 141.076307657 0.99609375
v 124.045071131 278.160194301 141.552677661 0.99609375
v 123.849652842 278.30539196 141.229036031 0.99609375
v 124.291501665 278.728151428 141.588067592 0.99609375
v 124.245017078 278.831729123 140.997148855 0.99609375
v 123.89143979 279.111760053 142.362555087 0.99609375
v 123.936055952 279.408658566 141.202755676 0.99609375
v 124.381385909 279.550062696 141.657177452 0.99609375
v 123.870576384 279.641778861 140.942687151 0.99609375
v 124.384679581 279.660490056 142.211498336 0.99609375
v 124.051321221 279.630875216 141.401947545 0.99609375
v 124.335672337 279.654930319 142.271552534 0.99609375
v 124.319008367 280.063449626 140.767071128 0.99609375
v 124.194505134 280.279623822 141.915315766 0.99609375
v 123.956451128 280.531195215 140.474568813 0.99609375
v 124.14265921 280.204692619 141.589258993 0.99609375
v 124.317095734 280.672797103 140.219137558 0.99609375
v 124.109897375 280.644369277 141.846069883 0.99609375
v 124.006709467 280.860855423 140.512801866 0.99609375
v 124.393214237 281.256774528 142.432418109 0.99609375
v 124.098676017 281.225272034 140.914417085 0.99609375
v 123.867369792 281.359753953 142.252728226 0.99609375
v 123.922480377 281.565438882 140.806728015 0.99609375
v 124.276964118 281.342343258 142.014392646 0.99609375
v 124.162521793 281.77905441 140.659593128 0.99609375
v 124.342127082 282.150773123 141.559039757 0.99609375
v 124.045337549 282.292449935 139.812259103 0.99609375
v 124.199272821 281.924971073 141.685850371 0.99609375
v 123.876952013 282.337188448 140.480218885 0.99609375
v 124.255089247 282.592891389 141.794552367 0.99609375
v 124.130631224 282.832774856 139.582858246 0.99609375
v 124.007722487 282.809776311 142.257001697 0.99609375
v 124.04900444 282.946836707 140.342894378 0.99609375
v 124.37395333 283.03551511 142.271662605 0.99609375
v 123.859256503 283.272774825 140.054525796 0.99609375
v 124.151155544 283.423669134 142.273204344 0.99609375
v 123.905332772 283.549470105 139.630607693 0.99609375
v 124.202701503 283.87430437 142.463082743 0.99609375
v 124.40607049 284.160332099 140.439592361 0.99609375
v 123.880217474 283.745966309 142.395549766 0.99609375
v 124.150931585 284.472456689 139.901634597 0.99609375
v 123.955493782 284.149656987 142.433693405 0.99609375
v 123.975061358 284.449012338 139.70113868 0.99609375
v 124.091129694 284.269604591 142.285462645 0.99609375
v 123.861845754 284.530507078 140.404427154 0.99609375
v 123.987668687 285.062677285 142.497019347 0.99609375
v 124.263814539 285.123910894 140.180804959 0.99609375
v 123.967015715 284.812267918 141.502515164 0.99609375
v 123.898754516 285.141203036 139.552032058 0.99609375
v 123.854270465 285.54931718 141.843494758 0.99609375
v 123.859584621 285.936905247 140.404677665 0.99609375
v 123.922614569 285.50283316 141.808055247 0.99609375
v 123.886658944 286.077044349 139.997277415 0.99609375
v 124.319541803 285.936706313 142.257419821 0.99609375
v 124.20114739 286.255954436 140.127704982 0.99609375
v 123.87157316 286.446142356 141.771137514 0.99609375
v 123.918438083 286.358405054 140.275323104 0.99609375
v 124.196134385 286.467784708 141.744035055 0.99609375
v 124.382620033 286.533250624 139.298833804 0.99609375
v 124.312141653 286.679728643 141.638734929 0.99609375
v 124.384469459 287.25679086 139.391124806 0.99609375
v 124.064108955 286.961888045 141.866992846 0.99609375
v 124.231433565 287.521833922 139.951912063 0.99609375
v 124.005438323 287.220814239 141.770351336 0.99609375
v 124.068981282 287.855399464 139.611599082 0.99609375
v 124.16667844 287.848792608 141.700641428 0.99609375
v 124.056710161 287.728422971 139.680834329 0.99609375
v 124.404842042 288.066424449 142.123413476 0.99609375
v 124.006839967 288.522063991 139.48103884 0.99609375
v 124.192764714 288.35142738 141.529981666 0.99609375
v 124.187194147 288.350562502 139.928594785 0.99609375
v 124.161321985 288.273161957 142.240790084 0.99609375
v 124.224905468 289.01208577 138.820518207 0.99609375
v 124.142344651 288.953313599 141.631515269 0.99609375
v 123.885230567 289.138675075 138.554877216 0.99609375
v 124.401764778 289.177731743 141.636029456 0.99609375
v 124.114676069 289.582587845 138.545650089 0.99609375
v 123.884146094 289.35656983 142.291781398 0.99609375
v 124.392821465 289.497520376 138.501628365 0.99609375
v 124.308611663 289.902091177 141.741219761 0.99609375
v 124.279770017 289.750908732 138.161086026 0.99609375
v 124.07762726 290.027958149 141.861763761 0.99609375
v 124.017165589 290.493349326 138.252391075 0.99609375
v 124.321912855 290.544221376 141.991743917 0.99609375
v 124.320375469 290.844836761 138.083312688 0.99609375
v 123.940397707 290.549544267 142.094258106 0.99609375
v 123.926071849 290.803592058 137.701010465 0.99609375
v 124.383049162 291.123676465 142.351628126 0.99609375
v 124.194567927 291.044841765 137.367452467 0.99609375
v 123.956099852 291.338169063 141.849319239 0.99609375
v 124.403114731 291.343819673 137.643302552 0.99609375
v 124.14319016 291.591064564 141.551266164 0.99609375
v 124.294551036 291.815655072 137.792098683 0.99609375
v 124.289922031 291.669371313 142.105307256 0.99609375
v 123.905119232 291.858746236 137.079563836 0.99609375
v 124.167731314 291.783872195 142.06190205 0.99609375
v 123.920244814 292.586813687 137.731024003 0.99609375
v 123.9061274 292.077090813 142.425211484 0.99609375
v 124.282754459 292.802761485 137.641531478 0.99609375
v 124.1647103 292.491582552 141.667474547 0.99609375
v 124.409676193 292.633109137 137.391517018 0.99609375
v 123.984703531 292.650073199 141.533636979 0.99609375
v 123.836065192 293.351249803 137.273716283 0.99609375
v 124.245421185 293.433278022 141.875288993 0.99609375
v 124.06247913 293.637429055 137.015800608 0.99609375
v 124.218344795 293.451457072 142.00274854 0.99609375
v 124.067697526 293.669320866 137.158588089 0.99609375
v 124.339911236 293.810249786 142.181797285 0.99609375
v 123.963729586 294.29244347 137.506872244 0.99609375
v 124.2956107 293.866637338 141.955238893 0.99609375
v 124.007611187 294.50730357 137.224077321 0.99609375
v 123.896205581 294.375729433 142.346867592 0.99609375
v 124.386063287 294.41555706 137.211050349 0.99609375
v 123.830180614 294.68488756 142.265281807 0.99609375
v 123.900636792 294.736284115 137.944488639 0.99609375
v 124.322784344 295.062442049 141.904466412 0.99609375
v 124.078145529 295.342602365 137.413938708 0.99609375
v 123.987938715 295.200974897 141.950729315 0.99609375
v 123.830075624 295.649656658 137.945088997 0.99609375
v 123.87384472 295.236726489 141.514822858 0.99609375
v 123.830790207 295.905651542 137.593479819 0.99609375
v 124.170647693 295.63747272 142.163142849 0.99609375
v 124.370808006 295.94339132 137.695605532 0.99609375
v 124.16805148 295.92900163 141.657076123 0.99609375
v 123.836613433 296.517255094 137.082934683 0.99609375
v 124.370647648 296.281013698 141.509492466 0.99609375
v 124.183981254 296.790393889 138.427309363 0.99609375
v 124.213271405 296.796270055 142.165899941 0.99609375
v 123.911276512 296.760820963 137.683536809 0.99609375
v 123.872270586 296.905286251 141.687366431 0.99609375
v 124.336849505 297.448011184 138.36087266 0.99609375
v 124.223483417 297.30644996 141.799993226 0.99609375
v 124.293102822 297.701318252 137.700256683 0.99609375
v 124.160467809 297.318628331 142.195736368 0.99609375
v 124.226068486 297.594045066 137.711875703 0.99609375
v 123.844813153 298.006730417 142.020891253 0.99609375
v 124.378882422 298.106222395 138.380939312 0.99609375
v 124.278077729 298.38076419 141.603034925 0.99609375
v 124.320303717 298.452509259 138.140217297 0.99609375
v 123.914065119 298.38091072 141.502758884 0.99609375
v 123.978894949 298.833814154 138.381884225 0.99609375
v 123.887012907 298.694636792 142.34627561 0.99609375
v 123.860704801 298.931392413 137.969694565 0.99609375
v 124.116034714 298.97402072 141.522971489 0.99609375
v 124.381905336 299.324461807 138.047520711 0.99609375
v 124.019079818 299.045423773 141.619274792 0.99609375
v 124.124858792 299.500337465 137.883129057 0.99609375
v 124.066701066 299.706225831 141.622987234 0.99609375
v 124.118270096 299.693873283 137.84183248 0.99609375
v 124.348376842 300.007152304 141.529086881 0.99609375
v 124.213326382 300.03394651 138.456257384 0.99609375
v 123.889769546 300.325884716 141.754459208 0.99609375
v 123.897674227 300.521079065 137.686869957 0.99609375
v 124.18909205 300.641405758 141.70002564 0.99609375
v 123.968203205 300.758141218 138.066591129 0.99609375
v 124.042398311 300.672909869 141.546871588 0.99609375
v 124.159228756 300.972882564 138.426878233 0.99609375
v 124.373922145 301.065975737 142.299513559 0.99609375
v 123.922880493 301.142405447 138.194725669 0.99609375
v 124.194585906 301.366185952 142.385518085 0.99609375
v 124.166139466 301.805054465 137.512851238 0.99609375
v 123.961841243 301.690382887 141.884334191 0.99609375
v 123.908768345 302.174863658 138.361220323 0.99609375
v 123.879814364 301.774730125 141.847021483 0.99609375
v 123.968293333 302.406269749 138.100063679 0.99609375
v 124.170089901 302.07243822 142.234488902 0.99609375
v 124.3979017 302.308926192 137.866275006 0.99609375
v 123.959173418 302.322818324 142.136216818 0.99609375
v 124.297423587 302.500292558 137.972850707 0.99609375
v 124.390486382 302.655908401 141.585388345 0.99609375
v 123.988989728 302.971606392 138.208947591 0.99609375
v 124.392581744 302.778056101 142.423735773 0.99609375
v 124.100745063 303.351134574 138.415324758 0.99609375
v 123.974613798 303.475671042 142.474218551 0.99609375
v 124.319885107 303.606873961 137.828107742 0.99609375
v 124.012140652 303.725745412 141.62893436 0.99609375
v 124.381503967 303.661739648 138.469896866 0.99609375
v 124.102534361 304.165516326 142.472285679 0.99609375
v 124.06162166 304.1670994 137.813959645 0.99609375
v 124.302840519 304.07130444 141.759670862 0.99609375
v 124.15791262 278.466824395 142.132644452 0.99609375
v 124.365771509 279.112350988 141.484899964 0.99609375
v 124.466121625 279.085409771 141.351461534 0.99609375
v 124.379521082 279.570469227 141.326472548 0.99609375
v 124.63801145 279.727635462 141.47762628 0.99609375
v 124.490148282 280.348252275 141.210603775 0.99609375
v 124.413171798 280.357602316 141.41959187 0.99609375
v 124.18668288 280.510019953 142.221216113 0.99609375
v 124.166778467 280.903333557 140.622105932 0.99609375
v 124.601285041 280.52949587 142.291329123 0.99609375
v 124.634765728 280.875743309 141.406836314 0.99609375
v 124.451801679 281.137343174 142.1609643 0.99609375
v 124.62082661 281.222181858 141.095821087 0.99609375
v 124.253922456 281.272513467 141.771680548 0.99609375
v 124.624827293 281.467722537 140.753019396 0.99609375
v 124.395840731 281.770917401 141.748813438 0.99609375
v 124.229318752 282.134941893 141.454325343 0.99609375
v 124.539269004 281.648620737 142.076346708 0.99609375
v 124.691762869 282.015900427 141.483627791 0.99609375
v 124.616962867 281.997188225 141.692637605 0.99609375
v 124.575193589 282.447482697 141.42673976 0.99609375
v 124.575919026 282.742430307 142.439297054 0.99609375
v 124.235014791 282.721805104 141.058200354 0.99609375
v 124.599730704 282.573454641 142.437400317 0.99609375
v 124.298966636 282.938126415 141.131358241 0.99609375
v 124.197784407 283.223975778 142.335704385 0.99609375
v 124.170573642 283.294368462 141.134814635 0.99609375
v 124.396582721 283.327650515 142.313804593 0.99609375
v 124.122706026 283.833244094 141.063339125 0.99609375
v 124.67753238 283.501998429 142.24505959 0.99609375
v 124.159055571 283.71078651 141.295197736 0.99609375
v 124.442366274 283.96397553 142.322718183 0.99609375
v 124.328652024 284.447246523 140.433465728 0.99609375
v 124.485161065 284.250899694 141.58936923 0.99609375
v 124.169179819 284.231553676 140.434053922 0.99609375
v 124.247837674 284.473850548 141.709746388 0.99609375
v 124.32596308 284.623448286 140.097110215 0.99609375
v 124.363134759 285.02795716 142.301070318 0.99609375
v 124.614400645 285.306324905 140.391173369 0.99609375
v 124.682568429 285.038579576 141.976305879 0.99609375
v 124.620242597 285.321495887 140.771018102 0.99609375
v 124.388659771 285.448938246 141.520847229 0.99609375
v 124.561152504 285.715886945 140.743109109 0.99609375
v 124.454347387 285.63374449 141.724370189 0.99609375
v 124.490424383 286.088294434 140.797418379 0.99609375
v 124.204899835 285.908720586 142.310902242 0.99609375
v 124.132785392 286.295357858 140.024155519 0.99609375
v 124.534960258 286.014443127 142.306242551 0.99609375
v 124.645407416 286.402559015 140.829313199 0.99609375
v 124.255180676 286.450206583 142.199425196 0.99609375
v 124.616169325 286.735403307 140.550077293 0.99609375
v 124.675680657 286.95909538 141.602105834 0.99609375
v 124.64691366 287.01014965 140.828633874 0.99609375
v 124.583346235 286.972238177 142.341809398 0.99609375
v 124.168583222 287.667594531 140.494707094 0.99609375
v 124.174289648 287.42937086 141.521732845 0.99609375
v 124.456918602 287.466618023 140.265086484 0.99609375
v 124.16615942 287.66030733 141.670842191 0.99609375
v 124.316413924 288.109298027 140.581025298 0.99609375
v 124.654967938 288.135086422 141.524998709 0.99609375
v 124.121379197 288.496631366 140.145509153 0.99609375
v 124.25628733 288.195010806 142.353745769 0.99609375
v 124.505643881 288.75600426 139.608115747 0.99609375
v 124.188794068 288.530100602 141.745529652 0.99609375
v 124.184049656 289.121452141 140.018511671 0.99609375
v 124.616756804 288.635893762 142.389441697 0.99609375
v 124.144226792 289.058402178 139.871702677 0.99609375
v 124.224136356 289.279390524 141.91930878 0.99609375
v 124.424925721 289.569403619 140.372297195 0.99609375
v 124.50303759 289.657749995 142.066434223 0.99609375
v 124.137228936 289.848931452 139.432343523 0.99609375
v 124.406710574 289.881775484 141.543779071 0.99609375
v 124.136327211 289.865278898 139.858512105 0.99609375
v 124.623922445 290.208398479 141.694446012 0.99609375
v 124.512380399 290.0930742 139.135441524 0.99609375
v 124.662041196 290.123466689 141.607158214 0.99609375
v 124.242387061 290.586704204 138.605868749 0.99609375
v 124.316462842 290.316100155 142.028731084 0.99609375
v 124.682316611 290.67267243 138.762108117 0.99609375
v 124.488174349 291.020313392 141.891186819 0.99609375
v 124.168400236 291.117119646 138.431112338 0.99609375
v 124.610683764 291.01488644 142.126727526 0.99609375
v 124.660545012 291.562786013 138.909867877 0.99609375
v 124.600479447 291.319710074 142.238955268 0.99609375
v 124.524855151 291.868665383 138.039574875 0.99609375
v 124.45759716 291.735893404 141.984811169 0.99609375
v 124.134617588 292.213795703 138.072737757 0.99609375
v 124.350538522 292.10204417 142.495486918 0.99609375
v 124.659563005 292.295093311 138.160703481 0.99609375
v 124.421609712 292.555142341 141.609540942 0.99609375
v 124.2490008 292.444811011 137.676430847 0.99609375
v 124.359913169 292.475782191 141.538171698 0.99609375
v 124.378008545 292.615225712 138.166256019 0.99609375
v 124.398912256 292.859878427 141.662171327 0.99609375
v 124.129637906 293.354196489 137.50036281 0.99609375
v 124.543663941 293.45419794 142.053311358 0.99609375
v 124.206073431 293.386520448 138.115438302 0.99609375
v 124.292142692 293.548853243 141.945975305 0.99609375
v 124.655567382 293.537473135 138.325177774 0.99609375
v 124.128189376 293.661438358 142.227157202 0.99609375
v 124.306188725 293.95646136 137.866400807 0.99609375
v 124.248246667 294.198414379 142.463138516 0.99609375
v 124.163633068 294.311150861 138.017036917 0.99609375
v 124.157770896 294.355669491 141.804677667 0.99609375
v 124.521345772 294.616412276 137.852077989 0.99609375
v 124.678542898 294.66601658 141.544810179 0.99609375
v 124.136902723 295.091761668 137.689415243 0.99609375
v 124.39668989 294.782032831 141.763385789 0.99609375
v 124.475461739 295.225637738 137.513979483 0.99609375
v 124.451492552 295.062446421 142.024269336 0.99609375
v 124.279697861 295.723178481 137.316350976 0.99609375
v 124.679039531 295.389530919 142.37881266 0.99609375
v 124.349974482 295.585739211 137.299336816 0.99609375
v 124.2733832 295.525366096 142.116928655 0.99609375
v 124.14651484 295.998440998 137.730275164 0.99609375
v 124.5330774 295.913561156 141.676581005 0.99609375
v 124.629440682 296.445370898 137.816542564 0.99609375
v 124.648654674 296.340163705 142.096977176 0.99609375
v 124.190463453 296.563708264 138.147219564 0.99609375
v 124.675220461 296.381154296 141.520462383 0.99609375
v 124.44613562 296.932502868 138.122630747 0.99609375
v 124.653437935 296.932072923 142.418546746 0.99609375
v 124.150988478 297.326026105 137.941068065 0.99609375
v 124.23546952 297.030331485 141.772233527 0.99609375
v 124.245792818 297.782444859 137.621994709 0.99609375
v 124.551648408 297.674898802 141.70704329 0.99609375
v 124.228375994 297.571180893 138.176662111 0.99609375
v 124.221821841 297.902430218 141.872302059 0.99609375
v 124.449096569 298.11526732 137.908229878 0.99609375
v 124.298735905 297.854835463 142.100101444 0.99609375
v 124.591082777 298.336779541 138.083692328 0.99609375
v 124.299001722 298.165897771 141.669352624 0.99609375
v 124.438136539 298.86019055 137.531650118 0.99609375
v 124.656738699 298.443905503 141.667345842 0.99609375
v 124.345502056 299.267176548 137.829865972 0.99609375
v 124.658332579 298.85744637 142.02459028 0.99609375
v 124.154050533 299.515841527 137.748216666 0.99609375
v 124.369722741 299.438951767 142.44111093 0.99609375
v 124.362434964 299.851776239 138.368091766 0.99609375
v 124.591707734 299.346776949 141.947921556 0.99609375
v 124.203644497 299.571759731 137.971370689 0.99609375
v 124.631842116 299.841870429 141.811965458 0.99609375
v 124.409780076 299.948664474 137.771993892 0.99609375
v 124.382844791 300.371421849 141.83178511 0.99609375
v 124.276143564 300.523041902 138.186916062 0.99609375
v 124.168662103 300.627391244 142.291073457 0.99609375
v 124.46781357 300.773646226 138.456443457 0.99609375
v 124.157468431 300.871490356 141.707786708 0.99609375
v 124.345419258 300.835405113 137.588681823 0.99609375
v 124.156998889 301.079192864 141.861404953 0.99609375
v 124.351007124 301.52907552 138.259405361 0.99609375
v 124.211688148 301.193848603 141.72783556 0.99609375
v 124.362119205 301.616160676 137.592787078 0.99609375
v 124.389823342 301.619265613 142.379889273 0.99609375
v 124.416647439 301.639988528 138.004728872 0.99609375
v 124.335452874 301.826496672 142.438522025 0.99609375
v 124.262753033 302.348911588 137.908021844 0.99609375
v 124.478867006 302.194733062 141.91985563 0.99609375
v 124.393541509 302.443650421 137.909097068 0.99609375
v 124.157541114 302.523465361 141.931811825 0.99609375
v 124.262796846 302.481986454 137.819926696 0.99609375
v 124.147475268 302.758130046 142.451202511 0.99609375
v 124.175832678 303.125939388 137.689119595 0.99609375
v 124.567323301 302.806246274 142.256562003 0.99609375
v 124.604475161 303.372151094 137.846794549 0.99609375
v 124.189705166 303.365561339 142.201730853 0.99609375
v 124.677332017 303.817294404 138.590523218 0.99609375
v 124.198058894 303.372021299 141.837000365 0.99609375
v 124.399335211 303.799050054 138.680130947 0.99609375
v 124.608342418 304.164818242 142.096145064 0.99609375
v 124.656432648 304.218213682 138.37417757 0.99609375
v 124.357600499 304.073369178 142.160904547 0.99609375
v 124.444962507 279.776765806 142.10132094 0.99609375
v 124.657930082 279.925061781 141.576997 0.99609375
v 124.511419065 280.058955805 141.66487489 0.99609375
v 124.704292565 280.586528846 141.275179905 0.99609375
v 124.712680768 280.819185893 141.54948216 0.99609375
v 124.864753887 280.979041219 141.03722691 0.99609375
v 124.757401776 281.138452297 141.630378767 0.99609375
v 124.439406692 281.827192674 141.748816897 0.99609375
v 124.646133375 281.889158994 141.391741229 0.99609375
v 124.623239623 282.199014717 141.0307871 0.99609375
v 124.788167964 282.198907884 141.692757896 0.99609375
v 124.866032312 282.578111051 141.279104249 0.99609375
v 124.952042027 282.919005648 141.045230723 0.99609375
v 124.919502522 283.240807358 141.171798008 0.99609375
v 124.867380733 283.472064623 141.012357562 0.99609375
v 124.478198131 283.852846025 141.194466139 0.99609375
v 124.90130242 284.151966348 140.542968563 0.99609375
v 124.659017077 284.471368027 142.459751571 0.99609375
v 124.582718593 284.3041366 140.6691688 0.99609375
v 124.77435868 284.355787608 142.182404484 0.99609375
v 124.906517417 284.894758995 141.013773976 0.99609375
v 124.973914717 285.032649985 141.685071174 0.99609375
v 124.912298386 284.798462173 141.240663837 0.99609375
v 124.945597025 285.266030987 141.510273016 0.99609375
v 124.828904243 285.465599935 141.203995063 0.99609375
v 124.718625506 285.452746297 142.186526284 0.99609375
v 124.749382975 285.372949419 140.993984072 0.99609375
v 124.527495557 285.664169787 142.075540172 0.99609375
v 124.668838761 285.736646881 141.377674513 0.99609375
v 124.442510142 285.991128555 141.875526743 0.99609375
v 124.556498386 286.146615961 140.688016441 0.99609375
v 124.411929819 286.314734878 142.219821113 0.99609375
v 124.675848045 286.484357003 140.859345924 0.99609375
v 124.5111236 286.535116808 141.760953601 0.99609375
v 124.439901822 286.854475411 140.731502864 0.99609375
v 124.898605458 286.717729595 141.896251653 0.99609375
v 124.818007616 287.381839264 141.413480628 0.99609375
v 124.935744868 287.138480437 142.447822576 0.99609375
v 124.587896274 287.446945565 140.542555559 0.99609375
v 124.838214406 287.521310569 141.818584489 0.99609375
v 124.682140449 287.525902354 141.254651133 0.99609375
v 124.422749111 287.956799058 142.405083674 0.99609375
v 124.648227992 288.003749978 140.927882095 0.99609375
v 124.857063026 287.706998075 141.741549388 0.99609375
v 124.922672471 288.011559301 140.733664779 0.99609375
v 124.629579235 288.439163372 142.38988098 0.99609375
v 124.966221223 288.353277807 140.883872559 0.99609375
v 124.445943581 288.345732498 142.43755616 0.99609375
v 124.936954057 288.783195384 140.809477749 0.99609375
v 124.62122838 288.612349679 141.772429035 0.99609375
v 124.414573843 289.124644803 140.915535641 0.99609375
v 124.845350968 289.042373502 142.146555269 0.99609375
v 124.918476273 289.207346814 140.160556122 0.99609375
v 124.982987173 289.51866476 142.298204169 0.99609375
v 124.65179669 289.602879002 140.850407766 0.99609375
v 124.615405626 289.697043654 142.316018591 0.99609375
v 124.454062435 290.226838781 140.628748798 0.99609375
v 124.874333734 289.990505699 142.097228387 0.99609375
v 124.680633141 290.290470184 140.973606429 0.99609375
v 124.461320719 290.32935144 142.323681013 0.99609375
v 124.603131616 290.71735396 140.062422776 0.99609375
v 124.97655328 290.341630094 142.357885528 0.99609375
v 124.43144013 291.145385616 139.721066146 0.99609375
v 124.557933328 291.097594121 142.235521141 0.99609375
v 124.615861419 291.395436259 140.078814402 0.99609375
v 124.6264271 290.976014626 141.788321894 0.99609375
v 124.884866648 291.586212399 139.781288099 0.99609375
v 124.735334151 291.481340014 141.756739526 0.99609375
v 124.867132585 291.912090961 139.291856684 0.99609375
v 124.4263213 291.925263967 142.043206579 0.99609375
v 124.678516726 292.298109907 139.361748259 0.99609375
v 124.907572958 292.146940124 142.279660159 0.99609375
v 124.614300123 292.036581717 138.914177067 0.99609375
v 124.629041524 292.343409266 141.925451948 0.99609375
v 124.792683408 292.675575864 138.745607533 0.99609375
v 124.875523618 292.387236338 142.21767935 0.99609375
v 124.527378408 292.817225218 139.304514864 0.99609375
v 124.581453295 292.940933144 141.794538831 0.99609375
v 124.822642607 293.188713496 138.60985965 0.99609375
v 124.950576223 293.281680996 141.638903858 0.99609375
v 124.583368563 293.552300449 138.909862021 0.99609375
v 124.891749279 293.59967856 142.360819074 0.99609375
v 124.876645282 293.833608586 138.79262912 0.99609375
v 124.905050661 293.611282179 141.66663328 0.99609375
v 124.697123481 294.100502206 138.436738743 0.99609375
v 124.727707748 294.170616282 142.200797586 0.99609375
v 124.452479828 294.250852763 138.126685233 0.99609375
v 124.528729323 294.491176478 142.448214485 0.99609375
v 124.711108099 294.91724487 138.868055803 0.99609375
v 124.432657404 294.646068083 141.757764273 0.99609375
v 124.925889546 294.898717823 138.034972856 0.99609375
v 124.86472884 294.85837405 142.375101073 0.99609375
v 124.579232238 295.46921154 138.472825056 0.99609375
v 124.76206822 294.942830049 141.889824813 0.99609375
v 124.636151677 295.579106562 137.525395974 0.99609375
v 124.436807422 295.708099365 141.956918143 0.99609375
v 124.503228689 295.829797305 137.595210316 0.99609375
v 124.675196745 296.063274633 142.427303318 0.99609375
v 124.74128713 296.044937557 137.698145659 0.99609375
v 124.589357852 296.207809727 142.034391106 0.99609375
v 124.667117072 296.48009071 138.260380671 0.99609375
v 124.645417477 296.154836472 142.078329679 0.99609375
v 124.607470702 296.593447686 138.307905291 0.99609375
v 124.64345627 296.810070114 141.506645803 0.99609375
v 124.573035185 297.003469244 138.3506506 0.99609375
v 124.658367636 296.875848678 141.769736416 0.99609375
v 124.647693058 297.225328392 138.260821792 0.99609375
v 124.708815811 296.97810999 142.051875656 0.99609375
v 124.695376582 297.594149004 138.427312715 0.99609375
v 124.924953277 297.746533927 141.746245094 0.99609375
v 124.515972856 297.873375974 137.558663157 0.99609375
v 124.716065892 297.738514515 141.84861826 0.99609375
v 124.433040402 298.356154152 138.136022698 0.99609375
v 124.760931407 298.213380854 142.008938823 0.99609375
v 124.668016269 298.341445166 138.082127858 0.99609375
v 124.591666242 298.288896384 142.371436484 0.99609375
v 124.747286425 298.832736971 138.074879833 0.99609375
v 124.418218048 298.809064226 141.685491563 0.99609375
v 124.576693176 299.235710295 138.152628499 0.99609375
v 124.641603569 298.787969473 141.804781762 0.99609375
v 124.50851442 299.488390644 138.472477759 0.99609375
v 124.849422871 299.338727547 142.416459865 0.99609375
v 124.72050562 299.505768287 138.456817968 0.99609375
v 124.459741787 299.555973312 142.138104068 0.99609375
v 124.580502403 299.573558627 138.330765446 0.99609375
v 124.49647243 299.924047677 142.474177247 0.99609375
v 124.744183544 300.367904479 137.77000401 0.99609375
v 124.843744706 300.311153714 141.720289996 0.99609375
v 124.685744385 300.718717302 138.474565022 0.99609375
v 124.502317143 300.286611862 142.077848704 0.99609375
v 124.874483985 300.67433801 137.665813103 0.99609375
v 124.791134941 300.888974152 141.997848243 0.99609375
v 124.939591001 300.91791683 137.60523784 0.99609375
v 124.939156136 300.903183219 141.588393061 0.99609375
v 124.972816516 301.501481925 138.166848504 0.99609375
v 124.635024884 301.118458432 142.3682538 0.99609375
v 124.750588316 301.754984154 137.991296257 0.99609375
v 124.657536672 301.827935816 141.950909849 0.99609375
v 124.599199738 301.714220521 138.013223738 0.99609375
v 124.90968676 301.857380664 141.916563406 0.99609375
v 124.50779556 301.974232576 137.636296011 0.99609375
v 124.427164984 302.332807533 142.451572118 0.99609375
v 124.949725302 302.759623941 138.814305028 0.99609375
v 124.748686744 302.567798469 142.814925671 0.99609375
v 124.640947085 302.742592418 138.333784293 0.99609375
v 124.935911563 303.03456518 142.09460435 0.99609375
v 124.933611259 302.974550328 138.5401784 0.99609375
v 124.867125766 303.142547394 142.813553565 0.99609375
v 124.549182527 303.418092954 138.293848824 0.99609375
v 124.842989395 303.526859168 142.242818547 0.99609375
v 124.528188438 303.78191917 138.858548709 0.99609375
v 124.498493077 303.368505565 142.616891694 0.99609375
v 124.531335844 304.05160325 138.310429097 0.99609375
v 124.589214348 304.155225428 142.227483601 0.99609375
v 124.853090517 304.323541612 138.936595719 0.99609375
v 124.649849823 304.37669008 141.739370583 0.99609375
v 125.103599331 282.155034246 142.041613069 0.99609375
v 124.975757663 282.057875408 142.163877704 0.99609375
v 125.179080133 282.461700895 142.127014369 0.99609375
v 124.982276956 282.788153476 141.860886771 0.99609375
v 124.90513838 282.868271519 141.999655556 0.99609375
v 124.792473903 283.408142393 142.395124999 0.99609375
v 124.975873126 283.493999423 141.542023222 0.99609375
v 124.868867591 283.729277289 141.083694332 0.99609375
v 125.212279984 284.21845925 141.007623455 0.99609375
v 124.89684403 284.594842188 141.903616478 0.99609375
v 125.268804746 284.862416141 141.188990661 0.99609375
v 124.843781186 285.007330546 141.057580225 0.99609375
v 124.996588737 285.104836706 141.086938301 0.99609375
v 124.898073322 285.699205928 141.288831662 0.99609375
v 124.907806616 285.725998378 141.362448505 0.99609375
v 124.736338489 286.407121634 141.421089108 0.99609375
v 124.842973621 286.468471939 141.199163019 0.99609375
v 124.779524973 286.623798878 141.784931085 0.99609375
v 124.912974471 287.136509398 141.372640248 0.99609375
v 125.186732215 287.291299983 141.085120961 0.99609375
v 125.058289427 287.537753372 141.776210858 0.99609375
v 124.831812014 287.797570694 141.588332755 0.99609375
v 124.776093818 288.030853895 141.247727511 0.99609375
v 124.815469844 288.4485813 141.817665094 0.99609375
v 124.861096922 289.018588623 141.899443152 0.99609375
v 124.724820568 288.852875289 141.349628246 0.99609375
v 125.04319398 288.937993278 141.920286761 0.99609375
v 125.174767886 289.283878431 141.049908979 0.99609375
v 125.268129574 289.317737317 142.41497803 0.99609375
v 125.192589534 289.552824233 141.008355968 0.99609375
v 124.782970487 289.435247368 142.315507768 0.99609375
v 124.828990025 289.821801381 140.622888321 0.99609375
v 125.019658934 290.072752668 141.839880397 0.99609375
v 125.00840445 290.320422555 140.56938322 0.99609375
v 125.237364603 290.261167458 141.948820512 0.99609375
v 125.184847864 290.311330938 140.516776881 0.99609375
v 124.844128821 290.62721629 141.732368623 0.99609375
v 125.103379986 291.049065881 141.474209657 0.99609375
v 124.972165355 290.925470579 142.332421076 0.99609375
v 124.96558895 291.079233868 140.213637938 0.99609375
v 125.182608849 290.968184089 141.652217914 0.99609375
v 125.132417617 291.695937809 140.880334672 0.99609375
v 124.982074249 291.559316625 141.549387082 0.99609375
v 124.923368991 291.943103556 140.314735694 0.99609375
v 125.177469626 291.810440099 141.844037558 0.99609375
v 124.883449724 291.962712577 140.275713622 0.99609375
v 124.831858875 292.212888915 141.660714223 0.99609375
v 125.131033018 292.222538319 140.441341472 0.99609375
v 124.798918018 292.560238647 142.227840537 0.99609375
v 124.77335424 292.331904501 139.71642321 0.99609375
v 124.727374048 292.383080246 142.443641695 0.99609375
v 125.175511955 292.88061968 140.406369503 0.99609375
v 124.918881123 293.003573979 142.036883758 0.99609375
v 125.044277014 293.19512642 140.447278138 0.99609375
v 125.093529431 293.426828776 141.976262606 0.99609375
v 125.127066036 293.520210213 139.96374381 0.99609375
v 124.832110757 293.755843154 142.191808173 0.99609375
v 124.906671079 293.873865057 139.810941032 0.99609375
v 124.991960725 293.614284617 141.949058329 0.99609375
v 125.030549853 294.262140966 139.654304049 0.99609375
v 124.953613072 294.232279629 141.944777469 0.99609375
v 124.759039977 294.069584675 139.910384508 0.99609375
v 124.955784482 294.254330813 142.384276813 0.99609375
v 125.139103579 294.514590137 139.466605249 0.99609375
v 125.063185807 294.818724282 142.49066745 0.99609375
v 124.903640405 295.113379897 139.218839708 0.99609375
v 125.01210627 294.843713128 141.959847938 0.99609375
v 124.896131421 295.391642204 139.198160248 0.99609375
v 125.082479482 295.297428812 142.33969621 0.99609375
v 124.940882083 295.327303754 138.860620866 0.99609375
v 125.243473114 295.396872248 141.847405224 0.99609375
v 124.937758539 295.68529285 139.251082977 0.99609375
v 124.903193826 295.984473892 141.652590011 0.99609375
v 124.886364074 296.093027757 139.367689984 0.99609375
v 124.845723803 295.926103176 141.930700262 0.99609375
v 124.869822201 296.279167689 138.64633835 0.99609375
v 125.222883598 296.150239264 141.539982758 0.99609375
v 124.789278476 296.947303969 138.300981214 0.99609375
v 125.065725605 296.714362617 142.260631144 0.99609375
v 125.113138269 297.198459455 138.335109744 0.99609375
v 124.913176743 297.034031724 141.519084681 0.99609375
v 125.125163278 297.315263505 138.206310528 0.99609375
v 124.866645172 297.001974989 142.331836433 0.99609375
v 125.156720224 297.415433783 138.990520312 0.99609375
v 125.012357444 297.253301299 141.707928571 0.99609375
v 124.973011001 297.622059351 138.809621839 0.99609375
v 125.274791279 297.811470447 141.601459508 0.99609375
v 125.031866566 297.970510545 138.495296619 0.99609375
v 125.256840264 298.194149151 141.662725071 0.99609375
v 124.956573846 298.135836605 138.691059746 0.99609375
v 125.254344834 298.636177324 141.561114967 0.99609375
v 124.77513456 298.720503456 138.906960719 0.99609375
v 124.979510305 298.84522447 141.829409953 0.99609375
v 124.915858488 299.169073631 138.159982742 0.99609375
v 125.001838614 299.027973777 142.48113549 0.99609375
v 124.842330866 299.015882025 138.471523588 0.99609375
v 124.816599048 299.354527345 142.207734072 0.99609375
v 124.790177519 299.68143958 138.643592352 0.99609375
v 124.755082969 299.762392159 142.406752234 0.99609375
v 124.737968957 299.923619616 138.096589237 0.99609375
v 124.731523688 300.027902082 142.343466798 0.99609375
v 125.030233824 300.338476218 138.058284639 0.99609375
v 125.001956739 299.95778479 141.686396769 0.99609375
v 125.278012459 300.369868134 137.700723042 0.99609375
v 125.118738903 300.181857564 141.68552294 0.99609375
v 124.942945535 300.543618626 138.39958541 0.99609375
v 125.084049442 300.445110819 141.885077676 0.99609375
v 125.019342191 300.747637961 138.256369518 0.99609375
v 125.163597802 301.188604858 142.481253524 0.99609375
v 124.989657043 301.149407616 138.833737502 0.99609375
v 124.82936922 301.02329812 142.267605087 0.99609375
v 125.161376443 301.339336643 138.577809021 0.99609375
v 125.041643335 301.864284445 142.384745943 0.99609375
v 125.132796469 302.091183277 138.144298431 0.99609375
v 124.956283424 301.946316949 142.091788623 0.99609375
v 124.903413835 302.290856848 138.883886187 0.99609375
v 125.193676482 301.918422339 142.894551207 0.99609375
v 124.740498756 302.681021981 138.184693862 0.99609375
v 124.723361466 302.359838165 142.262600404 0.99609375
v 124.981022703 302.534906256 138.573722581 0.99609375
v 124.812722089 302.486242214 142.42256694 0.99609375
v 125.113508853 302.825535543 138.734618631 0.99609375
v 124.871554528 303.270536094 142.054481079 0.99609375
v 124.802450986 303.225888951 138.205374528 0.99609375
v 125.012740127 303.625326739 142.535754795 0.99609375
v 125.079545892 303.448029494 138.297590641 0.99609375
v 125.014912331 303.661100151 142.971617324 0.99609375
v 125.174531882 304.01569723 138.012243633 0.99609375
v 125.017390582 303.928271452 142.974699543 0.99609375
v 124.885340595 304.45553443 138.623637985 0.99609375
v 125.226728964 304.155684078 141.755217338 0.99609375
v 125.229300111 284.85707916 142.296099401 0.99609375
v 125.152501059 285.577541984 141.848570209 0.99609375
v 125.282488279 285.47903808 141.85514145 0.99609375
v 125.294961607 286.162529033 141.760302244 0.99609375
v 125.258669369 286.102537886 142.132314354 0.99609375
v 125.02346014 286.473810641 141.532294142 0.99609375
v 125.512255679 286.964635032 141.8327578 0.99609375
v 125.326249786 287.235908607 142.479016021 0.99609375
v 125.364514761 287.30492988 141.511377058 0.99609375
v 125.068012237 287.602665591 142.485584373 0.99609375
v 125.522194665 288.005413609 141.866135123 0.99609375
v 125.52999149 288.205952309 141.651793978 0.99609375
v 125.358283967 288.398629243 141.815131049 0.99609375
v 125.007488022 288.861440265 141.186428369 0.99609375
v 125.182918079 289.022084954 141.296244636 0.99609375
v 125.142703804 289.52395324 141.999854784 0.99609375
v 125.318603447 289.872829471 141.857902002 0.99609375
v 125.017070329 289.938795233 141.185707325 0.99609375
v 125.452647772 290.464907393 141.394318536 0.99609375
v 125.523562998 290.589448207 141.54191706 0.99609375
v 125.218888158 291.099561164 141.401253344 0.99609375
v 125.194016071 291.331563405 141.375369759 0.99609375
v 125.29898236 291.526984296 141.232226899 0.99609375
v 125.046212443 292.017676285 141.561804482 0.99609375
v 125.161818533 292.133904862 140.642718246 0.99609375
v 125.065153578 292.252606573 142.086477578 0.99609375
v 125.478669679 292.500163306 141.18148937 0.99609375
v 125.373271279 292.060619652 141.740036088 0.99609375
v 125.091476587 292.882368932 140.806356624 0.99609375
v 125.012147755 292.863855508 142.081195535 0.99609375
v 125.296414456 292.668314914 141.460700144 0.99609375
v 125.409710793 292.856357479 141.667631073 0.99609375
v 125.423043917 293.234898637 141.120901078 0.99609375
v 125.3299473 293.013697966 141.663306114 0.99609375
v 125.314127069 293.669017131 141.12460213 0.99609375
v 125.523986212 293.387301433 141.55749784 0.99609375
v 125.215905724 293.539848289 141.415863479 0.99609375
v 125.22434613 293.821968503 141.654253401 0.99609375
v 125.044813249 294.164522622 140.900365245 0.99609375
v 125.143718093 293.884714557 141.616931994 0.99609375
v 125.115464372 294.503886793 140.542832454 0.99609375
v 125.142182018 294.281112998 142.086916841 0.99609375
v 125.468103164 294.616151485 140.834353324 0.99609375
v 125.462030302 294.695436721 142.286882392 0.99609375
v 125.16393263 294.939828912 140.902274555 0.99609375
v 125.560524715 294.829547935 142.406380379 0.99609375
v 125.007776125 295.273001615 139.647655346 0.99609375
v 125.358483574 295.216230431 142.450991842 0.99609375
v 125.54831839 295.323423758 140.348770797 0.99609375
v 125.357618114 295.524054387 142.152138488 0.99609375
v 125.394285766 295.623123639 139.609966412 0.99609375
v 125.134732869 295.583720023 141.615295194 0.99609375
v 125.119351802 296.162009338 139.768904339 0.99609375
v 125.153513046 296.292449184 141.620149212 0.99609375
v 125.559788429 296.661715318 139.238923068 0.99609375
v 125.123969968 296.347684844 141.636920578 0.99609375
v 125.077368921 296.873547218 139.082594822 0.99609375
v 125.138132696 296.418858948 142.067431052 0.99609375
v 125.463009871 297.150318657 139.623567674 0.99609375
v 125.017263656 297.164264556 141.831403103 0.99609375
v 125.3123012 297.215359582 139.33062224 0.99609375
v 125.243371547 297.392506737 142.316055867 0.99609375
v 125.286427791 297.611550305 139.263723188 0.99609375
v 125.14162475 297.634644183 141.985537449 0.99609375
v 125.424063812 297.689154274 138.652620215 0.99609375
v 125.323262755 297.989364405 141.847741238 0.99609375
v 125.500467334 298.097220994 138.678729242 0.99609375
v 125.190014999 298.002418981 141.678640072 0.99609375
v 125.412979631 298.590783556 139.211487437 0.99609375
v 125.010002887 298.432774355 142.434154429 0.99609375
v 125.03184024 298.883897033 139.174387942 0.99609375
v 125.121338147 298.63669418 141.887423687 0.99609375
v 125.154761854 298.958281268 138.579030186 0.99609375
v 125.143931679 299.150254405 142.091422097 0.99609375
v 125.353516036 299.4812418 139.113680879 0.99609375
v 125.136731414 299.069014109 141.675942283 0.99609375
v 125.538982535 299.653832065 138.754619878 0.99609375
v 125.155476165 299.756920839 141.560854768 0.99609375
v 125.148897326 300.092067586 139.122699388 0.99609375
v 125.423913051 299.94680846 141.756015845 0.99609375
v 125.143751975 300.14691728 138.840233344 0.99609375
v 125.264806655 300.217670069 141.893906002 0.99609375
v 125.109787737 300.351750756 139.081936501 0.99609375
v 125.261602492 300.357662546 142.490518857 0.99609375
v 125.36177879 300.774249133 139.152181965 0.99609375
v 125.55378778 300.459557308 142.049363679 0.99609375
v 125.186952696 300.733057876 139.073117116 0.99609375
v 125.029216541 301.149314574 142.380157528 0.99609375
v 125.119753729 301.138229097 138.60058757 0.99609375
v 125.519744963 301.512647673 142.456697371 0.99609375
v 125.431492258 301.811808639 138.947969777 0.99609375
v 125.048615148 301.505503993 142.485179079 0.99609375
v 125.422222322 301.90377265 138.123075285 0.99609375
v 125.249769186 301.834527875 142.872134539 0.99609375
v 125.312923792 302.148833166 138.372634786 0.99609375
v 125.551700765 302.352069018 142.577684569 0.99609375
v 125.511322778 302.622276861 138.280256596 0.99609375
v 125.012889648 302.553539424 142.830162959 0.99609375
v 125.150905199 302.970888612 138.770143587 0.99609375
v 125.231901678 302.77824408 142.717139083 0.99609375
v 125.339694808 303.065034815 138.194903724 0.99609375
v 125.235782006 302.880314478 142.930360914 0.99609375
v 125.265684755 303.206745605 138.717753248 0.99609375
v 125.196170999 303.389512692 142.010112011 0.99609375
v 125.292823922 303.730292778 138.38985737 0.99609375
v 125.3258964 303.851063684 142.360531756 0.99609375
v 125.563252289 303.969437698 138.933584588 0.99609375
v 125.292283189 304.150752519 142.98278959 0.99609375
v 125.019631645 304.432967031 138.326404717 0.99609375
v 124.992158962 304.479003826 142.457544372 0.99609375
v 125.72411168 288.665739424 141.823507854 0.99609375
v 125.717912597 289.204634461 142.031009376 0.99609375
v 125.333743982 289.137748122 142.213641481 0.99609375
v 125.7587684 289.441749238 141.599245037 0.99609375
v 125.6365793 289.910206789 142.48074501 0.99609375
v 125.730894266 290.251315806 142.410196232 0.99609375
v 125.780918245 290.584196591 142.456656421 0.99609375
v 125.677296552 291.083032922 142.166173758 0.99609375
v 125.796086309 290.93256959 141.659032457 0.99609375
v 125.771963077 291.466275297 142.40813461 0.99609375
v 125.55067558 291.890580772 142.119059088 0.99609375
v 125.490279053 291.926859709 142.375279009 0.99609375
v 125.856415201 292.226578071 141.81422626 0.99609375
v 125.705003038 292.38360056 142.074157771 0.99609375
v 125.665523239 292.899622103 141.838331143 0.99609375
v 125.413075958 293.207582 141.015756268 0.99609375
v 125.517186446 293.753559657 141.190227669 0.99609375
v 125.647901036 294.021974963 141.119520874 0.99609375
v 125.666190422 294.139610343 141.683847843 0.99609375
v 125.725155545 294.2078109 141.187670255 0.99609375
v 125.773531568 294.663771847 141.358747574 0.99609375
v 125.693321433 295.093780275 141.40199023 0.99609375
v 125.60366518 294.743097363 142.341125052 0.99609375
v 125.688245478 295.461923628 141.090501531 0.99609375
v 125.716908486 294.930178244 142.386154853 0.99609375
v 125.400682424 295.772018145 141.190902077 0.99609375
v 125.409506864 295.40341575 142.428343538 0.99609375
v 125.691930679 295.586606675 141.196076694 0.99609375
v 125.848035927 295.972043454 141.932348288 0.99609375
v 125.553114578 296.156191392 140.79726235 0.99609375
v 125.414907523 296.252338834 142.31085442 0.99609375
v 125.785601278 296.325431356 140.375149246 0.99609375
v 125.818468295 296.315255021 141.761088426 0.99609375
v 125.644206113 296.655354222 140.557946279 0.99609375
v 125.646043254 296.877882086 142.154260932 0.99609375
v 125.297972681 297.129458426 140.702190679 0.99609375
v 125.573908739 296.920994416 141.892867482 0.99609375
v 125.527191548 297.264285255 139.655046587 0.99609375
v 125.325714735 297.011126661 142.415210172 0.99609375
v 125.674246521 297.773854486 139.662830603 0.99609375
v 125.316597617 297.389196325 142.028468992 0.99609375
v 125.308373154 298.101701939 139.58221634 0.99609375
v 125.38531968 297.776271448 142.408593824 0.99609375
v 125.619398097 297.921461079 139.546012107 0.99609375
v 125.426868941 298.013987233 141.803501821 0.99609375
v 125.636651954 298.451662595 140.325273579 0.99609375
v 125.684826313 298.220372774 142.368675301 0.99609375
v 125.680929611 298.844509506 139.979389668 0.99609375
v 125.805543145 298.828773229 142.30565842 0.99609375
v 125.526495561 298.770436714 139.992743555 0.99609375
v 125.749211371 299.276017797 141.82236487 0.99609375
v 125.369919446 299.037702958 139.777819183 0.99609375
v 125.786805097 299.25617224 141.864302687 0.99609375
v 125.49444711 299.408339618 139.830918523 0.99609375
v 125.788064358 299.694379514 141.866827034 0.99609375
v 125.79758956 300.046595316 139.591500076 0.99609375
v 125.763999851 299.60964027 142.451029778 0.99609375
v 125.728756456 300.380074276 139.505963587 0.99609375
v 125.477360851 300.276448582 142.071196615 0.99609375
v 125.484462244 300.42045684 139.572105721 0.99609375
v 125.426298827 300.562179866 141.511821765 0.99609375
v 125.564820635 300.971375658 139.06708195 0.99609375
v 125.562991545 300.768081417 141.52244028 0.99609375
v 125.582847174 300.952579019 139.290564629 0.99609375
v 125.692217825 300.747718491 142.135635433 0.99609375
v 125.469373469 301.157304618 139.19297654 0.99609375
v 125.711793371 301.169258735 142.569988036 0.99609375
v 125.464589317 301.861312036 139.458456178 0.99609375
v 125.580313954 301.584547574 142.679054652 0.99609375
v 125.314176448 302.106607888 139.850305264 0.99609375
v 125.617642679 302.100777979 142.550335502 0.99609375
v 125.487952563 302.384182586 139.819481454 0.99609375
v 125.619602978 302.374460049 142.916073097 0.99609375
v 125.330930267 302.450934316 139.179973738 0.99609375
v 125.739791916 302.690738789 142.861375678 0.99609375
v 125.575832403 302.901408264 138.604570827 0.99609375
v 125.46006934 302.641446833 142.510740963 0.99609375
v 125.580669696 302.960635178 139.211193954 0.99609375
v 125.670122851 302.792409928 142.365809825 0.99609375
v 125.807390359 303.517195384 138.937312378 0.99609375
v 125.289739504 303.235709288 142.654166423 0.99609375
v 125.720600552 303.548551555 138.948462321 0.99609375
v 125.355332528 303.788754675 142.140177087 0.99609375
v 125.347407348 304.039837266 139.409461556 0.99609375
v 125.547955953 304.149544783 142.52338072 0.99609375
v 125.841637928 304.269901154 139.477529627 0.99609375
v 125.46796146 304.321670224 141.605155854 0.99609375
v 125.835003621 294.581977739 142.330223994 0.99609375
v 125.854815792 294.824683937 142.158572792 0.99609375
v 125.841976416 295.047794468 142.385375267 0.99609375
v 125.707265515 295.391036601 141.957091183 0.99609375
v 125.91925161 295.874808898 141.866813028 0.99609375
v 125.812183828 295.999449759 141.242516175 0.99609375
v 126.052652304 296.306779134 141.7530995 0.99609375
v 125.886454955 296.748860941 141.49959323 0.99609375
v 126.027714878 296.896182292 140.964363449 0.99609375
v 125.941796209 297.214355818 142.060108952 0.99609375
v 125.884552055 297.488421174 140.962830049 0.99609375
v 125.741861087 297.353947728 141.657806847 0.99609375
v 125.781142913 297.579988736 141.434806247 0.99609375
v 125.73234601 297.461325742 142.490095102 0.99609375
v 125.687396661 298.021590365 140.833057486 0.99609375
v 126.123256378 297.623565549 141.755169985 0.99609375
v 125.815412502 297.970865907 140.585225471 0.99609375
v 125.731055203 298.29712531 142.057758854 0.99609375
v 126.027966706 298.529772437 140.139239649 0.99609375
v 126.068029124 298.557071668 141.65528339 0.99609375
v 126.084877351 298.56603496 140.620001893 0.99609375
v 125.661621704 298.959290996 142.42390905 0.99609375
v 125.618525878 299.013356651 140.479287009 0.99609375
v 125.579147334 298.979606027 142.374964322 0.99609375
v 125.818505573 299.259802011 140.471237685 0.99609375
v 125.689960827 299.401157018 141.988757086 0.99609375
v 126.059032843 299.410140516 140.732218107 0.99609375
v 125.641416471 299.737199418 141.50858649 0.99609375
v 125.586716021 300.093123086 140.285496013 0.99609375
v 125.987408256 299.573610862 142.49833946 0.99609375
v 125.782298145 300.392124203 140.374188242 0.99609375
v 125.705277268 300.173554447 141.972569381 0.99609375
v 125.606136794 300.168396099 140.897418678 0.99609375
v 125.814679765 300.396519934 141.823164043 0.99609375
v 125.617809085 300.527298183 139.737243017 0.99609375
v 125.85254187 300.862736628 141.96113328 0.99609375
v 125.930670671 300.851046103 140.102223215 0.99609375
v 125.576843714 300.854003557 142.555117024 0.99609375
v 126.082892928 301.091272709 140.182298662 0.99609375
v 125.607546632 301.454616504 142.21892891 0.99609375
v 125.57390465 301.468284828 139.683886952 0.99609375
v 126.127866877 301.331398454 142.80499574 0.99609375
v 126.101571595 301.868851003 140.130435246 0.99609375
v 125.933918381 301.858469038 142.221294733 0.99609375
v 125.687613619 301.970893665 139.564483856 0.99609375
v 126.036212916 302.054863361 142.907575331 0.99609375
v 126.084327764 302.437174747 140.238567129 0.99609375
v 125.984116065 302.181766123 142.134747483 0.99609375
v 126.075032619 302.823152135 139.524715397 0.99609375
v 126.0063736 302.780476216 142.344094881 0.99609375
v 125.906738672 302.85798681 140.287893184 0.99609375
v 125.936187308 302.902510141 142.017211605 0.99609375
v 125.809168791 303.297879829 139.785337073 0.99609375
v 126.004703387 303.538403143 142.63510236 0.99609375
v 125.732005652 303.385400476 139.107788112 0.99609375
v 125.571768045 303.567318043 142.483269667 0.99609375
v 126.029371903 303.815538508 139.96557281 0.99609375
v 125.621985816 304.077971606 142.502202219 0.99609375
v 126.075815531 303.931714295 139.793950386 0.99609375
v 125.89589998 304.416550552 142.433502387 0.99609375
v 126.146827952 296.920101205 141.865766458 0.99609375
v 126.324965769 296.699011423 142.230866254 0.99609375
v 126.180541245 297.182624212 142.228671572 0.99609375
v 126.355595003 297.778267961 141.947103422 0.99609375
v 126.112188106 297.858090468 141.684218577 0.99609375
v 126.269550019 298.399417271 141.482262972 0.99609375
v 126.230239195 298.142631764 141.16170287 0.99609375
v 126.040127018 298.575674207 141.290180121 0.99609375
v 126.333004331 298.876302327 141.219553691 0.99609375
v 126.015079227 298.820844398 142.047941519 0.99609375
v 126.372178351 299.299117342 141.398494865 0.99609375
v 126.194801608 299.376226578 142.215942171 0.99609375
v 125.957479029 299.345570743 140.616656221 0.99609375
v 126.042557139 299.435391908 142.047715759 0.99609375
v 126.331981369 299.763577072 141.306903569 0.99609375
v 125.87400767 299.620810314 142.032470128 0.99609375
v 125.928969999 300.342699595 141.045548306 0.99609375
v 126.314016612 299.932296583 142.430318378 0.99609375
v 126.111574763 300.150146794 141.344243469 0.99609375
v 126.065823515 300.589409958 141.760215666 0.99609375
v 126.195396536 300.50755568 140.941290823 0.99609375
v 126.00832314 300.741609189 142.257157112 0.99609375
v 126.024719253 301.157698267 140.997633357 0.99609375
v 126.21004315 301.000983897 142.829556067 0.99609375
v 126.235706699 301.149057253 140.538085226 0.99609375
v 125.86543131 301.051192132 142.349422087 0.99609375
v 126.01936203 301.599041174 140.580831959 0.99609375
v 126.386168384 301.597822074 142.146092222 0.99609375
v 126.036109212 301.741929346 140.627183481 0.99609375
v 126.016388443 301.84265998 142.654448062 0.99609375
v 126.093190656 301.972180188 140.642423193 0.99609375
v 126.327078046 302.167380887 142.723855929 0.99609375
v 125.900953047 302.556663677 140.230815847 0.99609375
v 126.073555961 302.286031518 142.636960791 0.99609375
v 126.317731073 303.042162445 140.125781223 0.99609375
v 126.014687064 303.024166572 142.628281988 0.99609375
v 125.9049664 303.020379356 140.626959399 0.99609375
v 125.863031428 303.277898634 142.185813944 0.99609375
v 126.053431947 303.399792879 140.315288992 0.99609375
v 126.190499414 303.593873869 142.677542559 0.99609375
v 126.426727979 303.874957133 140.434718792 0.99609375
v 125.97721457 303.626372808 142.285654251 0.99609375
v 125.881745485 303.911631529 140.18727027 0.99609375
v 126.365267364 303.74237202 142.597884565 0.99609375
v 126.336585493 304.375872209 140.364175224 0.99609375
v 126.368692539 304.012487794 141.750316383 0.99609375
v 126.629842423 297.95898001 141.74365274 0.99609375
v 126.391041918 298.550400657 142.410031646 0.99609375
v 126.45431987 298.8103165 141.878150498 0.99609375
v 126.699595911 298.922789665 141.591408267 0.99609375
v 126.709109197 299.03667293 142.486589812 0.99609375
v 126.621211628 299.630991584 141.911730902 0.99609375
v 126.635629518 299.778689452 141.084313846 0.99609375
v 126.60666472 300.3265182 141.876582437 0.99609375
v 126.287532161 300.190171703 141.074609728 0.99609375
v 126.42129855 300.912981861 141.300026869 0.99609375
v 126.455415145 300.799874905 142.408474758 0.99609375
v 126.507610521 300.856829447 141.279940414 0.99609375
v 126.196974373 301.204538936 142.19729837 0.99609375
v 126.709077327 301.20346733 140.543223922 0.99609375
v 126.530186134 301.234395586 142.559649478 0.99609375
v 126.455327739 301.524609673 141.001567458 0.99609375
v 126.574621455 301.862597431 142.90005765 0.99609375
v 126.165074915 301.996444442 140.545120078 0.99609375
v 126.724879557 301.759966809 142.74916668 0.99609375
v 126.490656613 302.410477822 141.347631223 0.99609375
v 126.590867659 302.301471105 142.088498938 0.99609375
v 126.425642717 302.746694145 140.835786522 0.99609375
v 126.236644395 302.430915421 142.559256296 0.99609375
v 126.323134343 302.777592297 140.749959546 0.99609375
v 126.614631794 302.955574152 142.858522893 0.99609375
v 126.691498461 302.762657154 141.258763967 0.99609375
v 126.342316759 302.895378982 142.023581614 0.99609375
v 126.619048751 303.476619099 141.077246207 0.99609375
v 126.434320358 303.363851145 142.953912801 0.99609375
v 126.330087405 303.390129778 140.603667996 0.99609375
v 126.623423497 303.708352808 142.07761879 0.99609375
v 126.263602787 303.977631497 141.258192802 0.99609375
v 126.704725454 303.996365865 142.063309405 0.99609375
v 126.217940507 304.066513329 141.19815888 0.99609375
v 126.714217485 304.217364968 141.693451797 0.99609375
v 126.716882223 299.975284537 142.15683573 0.99609375
v 126.725698386 300.027232665 142.342122309 0.99609375
v 126.696710458 300.270012084 141.976680399 0.99609375
v 126.9739372 300.933334508 141.960911126 0.99609375
v 126.546566339 300.906321261 142.336972757 0.99609375
v 126.556379672 301.054013975 141.981513098 0.99609375
v 126.963094131 301.809092778 141.866612679 0.99609375
v 126.663695603 301.865291334 142.083137423 0.99609375
v 126.722652988 301.933542539 141.619982884 0.99609375
v 126.889697443 301.957027585 142.34323852 0.99609375
v 126.874070812 302.440145387 141.627613464 0.99609375
v 126.957597297 302.179029773 142.038826103 0.99609375
v 126.500876209 302.515464604 141.604930112 0.99609375
v 126.964011042 302.195567445 142.212733289 0.99609375
v 126.812687547 302.62645081 141.221647614 0.99609375
v 126.694367102 302.590104886 142.215118528 0.99609375
v 126.887571138 302.970392425 141.736934638 0.99609375
v 126.718407009 303.272352323 142.369649452 0.99609375
v 126.690395575 303.493231064 141.137445784 0.99609375
v 126.484442346 303.080656019 142.413535591 0.99609375
v 126.452818624 303.863943448 141.708935574 0.99609375
v 127.009342309 303.654932015 142.288754819 0.99609375
v 126.715142515 304.019240984 141.010288143 0.99609375
v 126.824527018 303.696434511 142.644644381 0.99609375
v 126.669400739 304.394413507 141.24110205 0.99609375
v 126.604983388 303.992711437 141.988755025 0.99609375
v 127.219096492 301.384697066 142.012265711 0.99609375
v 127.105414857 301.609216903 142.182019108 0.99609375
v 127.039995833 302.299520023 141.722150686 0.99609375
v 126.820287788 302.668052943 141.990976377 0.99609375
v 126.96757125 302.572838531 142.488762783 0.99609375
v 126.914188511 303.147045148 142.157720951 0.99609375
v 126.739106524 303.621382657 141.504015296 0.99609375
v 126.953484902 303.788556105 142.16038536 0.99609375
v 127.261369998 304.043850196 142.304955265 0.99609375
v 126.847351786 303.978087432 141.276166004 0.99609375
v 127.402718819 303.056254016 142.476379957 0.99609375
v 127.420809846 303.364265802 142.940356148 0.99609375
v 127.521422378 303.605048751 142.96419761 0.99609375
v 127.125643524 303.633726911 142.049106457 0.99609375
v 108.516124005 276.653577926 135.107649123 0.99609375
v 118.119349599 276.503780809 135.244385926 0.99609375
v 108.930051205 277.118675604 135.949469457 0.99609375
v 118.379647082 276.977128648 135.556033989 0.99609375
v 109.883875089 277.479925789 135.260855103 0.99609375
v 118.113099496 277.401864094 135.496616194 0.99609375
v 110.062016912 277.673584409 135.818628 0.99609375
v 118.083953632 277.64367264 135.431297436 0.99609375
v 111.048777579 277.885157542 135.912917019 0.99609375
v 113.474616285 277.562858097 135.906459119 0.99609375
v 108.983666554 276.480393778 136.411003507 0.99609375
v 118.79920466 276.745886437 136.306009661 0.99609375
v 109.014421521 276.773215424 135.755305705 0.99609375
v 118.945333224 276.783618335 135.751576982 0.99609375
v 108.865341821 277.52706406 135.664051232 0.99609375
v 119.096917633 277.186272 135.544726746 0.99609375
v 109.1732895 277.385316114 136.302776072 0.99609375
v 118.649949868 277.646375094 135.671398684 0.99609375
v 108.913895788 277.70400941 136.168540083 0.99609375
v 118.718008945 278.01009847 136.233589946 0.99609375
v 109.543339105 278.068698342 135.947251818 0.99609375
v 118.856426359 278.366461936 135.530447625 0.99609375
v 109.104994085 278.163655571 136.181780895 0.99609375
v 118.954272722 278.465894917 135.951868733 0.99609375
v 109.507380325 278.410014676 136.31980026 0.99609375
v 119.178528273 278.717702105 135.513438444 0.99609375
v 109.398583966 279.247005882 135.882149513 0.99609375
v 118.387828185 278.87810254 136.09003615 0.99609375
v 109.668592906 279.509095561 136.250381916 0.99609375
v 118.467633611 279.339842935 136.265606102 0.99609375
v 109.837403813 279.271763704 135.861536998 0.99609375
v 118.624007818 279.718739075 135.884614328 0.99609375
v 110.435241413 279.97939087 136.287756271 0.99609375
v 119.019946691 280.019764105 135.992119103 0.99609375
v 110.654652803 280.029255778 136.210214289 0.99609375
v 118.872486016 279.99307059 135.501301095 0.99609375
v 110.844371994 280.194050281 136.490970674 0.99609375
v 118.726574406 280.645202141 135.569509138 0.99609375
v 110.605098596 280.563252807 136.417500057 0.99609375
v 118.637086302 280.788791462 136.335320067 0.99609375
v 110.76883156 280.979044972 135.595070505 0.99609375
v 118.898890386 280.808232779 136.332867434 0.99609375
v 110.948969903 281.479490001 136.185544548 0.99609375
v 118.726786126 281.230387101 135.518422341 0.99609375
v 111.235998971 281.832417297 135.888631576 0.99609375
v 118.769972412 281.659379138 136.492507158 0.99609375
v 111.134895453 281.710877462 136.242986515 0.99609375
v 118.661900408 282.161472406 135.763983137 0.99609375
v 111.174733739 282.378828213 135.839020478 0.99609375
v 119.131558045 282.384844676 136.133685366 0.99609375
v 110.809182291 282.333970376 136.064896615 0.99609375
v 119.131928067 282.382269796 136.388119483 0.99609375
v 110.998900966 282.965799948 136.22963225 0.99609375
v 119.134933646 282.727670428 136.179393087 0.99609375
v 111.169079853 282.998847884 135.584740651 0.99609375
v 118.830442077 283.045162367 135.611883931 0.99609375
v 111.210346253 283.568979336 135.843143193 0.99609375
v 118.631393476 283.409764668 135.941836181 0.99609375
v 110.868854515 283.594955134 136.100515604 0.99609375
v 119.093531686 283.596417045 136.468182442 0.99609375
v 110.955878044 283.94441766 135.660449012 0.99609375
v 119.040453428 283.804603176 135.931693813 0.99609375
v 111.078511596 283.983496129 135.616874567 0.99609375
v 118.881712908 283.961387404 136.177244433 0.99609375
v 111.218590709 284.695525283 135.938139361 0.99609375
v 119.095481291 284.565022386 136.473556227 0.99609375
v 111.282395296 284.9986299 136.41984104 0.99609375
v 118.873185043 284.612437558 135.866770435 0.99609375
v 111.605976888 285.232280759 135.621721764 0.99609375
v 119.127787228 284.897378541 136.072455991 0.99609375
v 111.639899647 285.305614849 135.665650841 0.99609375
v 119.189130569 285.32018432 135.904256726 0.99609375
v 111.317124305 285.595755208 136.384139532 0.99609375
v 119.059715128 285.780991148 136.182316774 0.99609375
v 111.100942434 285.745954307 135.629377743 0.99609375
v 119.08112484 285.703079178 135.943755432 0.99609375
v 111.341806144 286.459604075 135.617572122 0.99609375
v 118.817471761 286.386973144 135.871119766 0.99609375
v 111.473432217 286.497575571 136.395991842 0.99609375
v 118.6737478 286.552562309 136.1491513 0.99609375
v 111.188616208 286.814231307 136.347487606 0.99609375
v 119.295355758 286.816149436 136.364496154 0.99609375
v 111.909197344 287.189843646 136.416689944 0.99609375
v 119.0113096 286.868263958 136.08666944 0.99609375
v 111.367839181 287.349429284 136.243743368 0.99609375
v 118.998391115 287.279680163 136.088442092 0.99609375
v 111.922273119 287.764652034 135.896949034 0.99609375
v 119.411608102 287.755447619 135.822702348 0.99609375
v 111.759513319 287.861381667 135.713895601 0.99609375
v 118.939128654 287.925382322 136.105238334 0.99609375
v 111.738838568 288.038836213 136.035194181 0.99609375
v 119.197913698 288.549280466 136.362365891 0.99609375
v 111.573937735 288.319071221 136.021846727 0.99609375
v 119.30549462 288.583683267 136.214988526 0.99609375
v 111.556161229 288.585230269 136.026652327 0.99609375
v 119.116807809 288.5523082 136.368285314 0.99609375
v 112.094931552 289.158057495 136.120566799 0.99609375
v 119.286903829 289.365947026 135.93927964 0.99609375
v 112.163382152 289.292605002 136.002066153 0.99609375
v 119.133468673 289.461137523 135.667712975 0.99609375
v 111.930062176 289.435275311 135.663144417 0.99609375
v 119.454571721 289.662478894 135.861403706 0.99609375
v 112.131311111 290.003644452 135.533959441 0.99609375
v 119.266532159 289.973756552 136.0769259 0.99609375
v 111.958982996 290.284864638 136.044035822 0.99609375
v 119.147413563 290.434719291 136.24491832 0.99609375
v 111.804939013 290.817041376 135.893281011 0.99609375
v 119.467009838 290.837831813 136.499155123 0.99609375
v 111.870717286 290.666866033 136.428717126 0.99609375
v 119.102100811 290.877362118 136.214831519 0.99609375
v 112.096817314 291.365682064 135.930035917 0.99609375
v 119.202316879 291.097684026 136.470737189 0.99609375
v 112.206699458 291.576053462 135.709392034 0.99609375
v 118.930038025 291.226789647 136.167075162 0.99609375
v 112.158510754 291.720473588 136.140703367 0.99609375
v 119.411102387 291.740011729 136.487065312 0.99609375
v 111.808914322 291.886001693 136.454277862 0.99609375
v 119.499423733 291.873336248 135.74345486 0.99609375
v 111.885056939 292.340117645 135.717957135 0.99609375
v 119.549718867 292.245484372 136.462722403 0.99609375
v 111.924790602 292.695582762 135.635167757 0.99609375
v 119.215229158 292.696369479 136.007705892 0.99609375
v 112.108394981 292.960177048 135.52396887 0.99609375
v 119.720262254 293.157224168 136.092815899 0.99609375
v 112.150055803 293.069361725 135.781387887 0.99609375
v 119.658389134 293.31600366 136.463772766 0.99609375
v 112.111425117 293.566380128 135.941569948 0.99609375
v 119.481639533 293.656357975 135.589097432 0.99609375
v 111.799525037 293.935499304 135.60664006 0.99609375
v 120.008554751 293.88532152 136.332743274 0.99609375
v 111.786263035 293.828414331 136.492961001 0.99609375
v 119.498283719 294.111728285 136.399323038 0.99609375
v 111.713266646 294.519363257 135.722101891 0.99609375
v 119.63815179 294.14782517 136.178219937 0.99609375
v 112.04639708 294.4292216 136.233313431 0.99609375
v 119.994897796 294.846975234 135.770212306 0.99609375
v 111.880498467 294.660837831 136.472864125 0.99609375
v 119.993948414 295.188310282 136.112755623 0.99609375
v 111.891896559 295.172655417 136.183851833 0.99609375
v 120.113349208 295.286822774 136.148227461 0.99609375
v 112.103314667 295.792761988 135.63811333 0.99609375
v 120.101837632 295.571081405 136.415106402 0.99609375
v 111.706381407 295.888176123 136.247033946 0.99609375
v 119.819645085 295.621719387 135.912509492 0.99609375
v 112.092809998 296.269916406 136.042824867 0.99609375
v 120.095351182 295.99529826 136.432599086 0.99609375
v 111.816284179 296.226264402 136.015465647 0.99609375
v 119.979351547 296.64531835 136.145623536 0.99609375
v 112.1890689 296.734092536 135.811467676 0.99609375
v 119.89282025 296.607239254 135.661846971 0.99609375
v 112.039460483 296.962831933 135.896387785 0.99609375
v 120.068506723 297.227087381 136.001300494 0.99609375
v 111.728460887 297.352464942 135.519107359 0.99609375
v 119.820329357 297.191073956 135.546150676 0.99609375
v 111.990484669 297.804714851 136.332239423 0.99609375
v 119.963609991 297.251499256 135.860918505 0.99609375
v 111.809631619 297.76710934 135.796615649 0.99609375
v 120.620054007 298.036542254 135.687986107 0.99609375
v 112.128155462 298.329618946 135.917762118 0.99609375
v 120.609854026 298.294950447 136.211900754 0.99609375
v 112.102507906 298.152376186 135.878140609 0.99609375
v 120.256521083 298.246982707 136.104570303 0.99609375
v 112.303494118 298.811581674 135.817697983 0.99609375
v 120.469969792 298.638801563 136.026896113 0.99609375
v 112.051593209 298.853523806 135.704542122 0.99609375
v 120.156186636 298.914586139 136.180214689 0.99609375
v 112.501937575 299.39988608 135.850455956 0.99609375
v 120.257895006 299.009142431 136.481771639 0.99609375
v 112.37600684 299.47987353 136.44145575 0.99609375
v 120.523881583 299.460560412 136.255051172 0.99609375
v 112.302567105 299.644882505 135.546082531 0.99609375
v 120.479578338 299.679413897 136.021368329 0.99609375
v 112.422202893 299.948157783 135.514699426 0.99609375
v 120.247686282 300.210747071 136.241621993 0.99609375
v 112.364694937 300.362960942 136.315917237 0.99609375
v 120.113458147 300.654384932 135.820139106 0.99609375
v 112.342694912 300.614562185 136.373042449 0.99609375
v 120.261988622 300.942500623 136.415401796 0.99609375
v 112.304570536 300.929441639 136.368193239 0.99609375
v 120.444997397 301.232504832 136.348798301 0.99609375
v 112.418453379 301.169161104 136.057297514 0.99609375
v 120.495790381 301.567306212 135.739941853 0.99609375
v 112.494481712 301.770497897 135.733229238 0.99609375
v 120.475365624 301.359941837 136.036593403 0.99609375
v 112.656863122 302.142825209 135.714725273 0.99609375
v 120.342916882 301.757410192 136.036578814 0.99609375
v 112.705382906 302.257538671 135.547614948 0.99609375
v 120.417237807 302.243021248 136.398820974 0.99609375
v 112.302651973 302.694101183 136.178155265 0.99609375
v 120.499545915 302.658775384 135.652493972 0.99609375
v 112.581825688 302.755154875 135.64601377 0.99609375
v 120.111030234 302.902000712 136.415086903 0.99609375
v 112.586648551 303.32364864 135.806039817 0.99609375
v 120.494491342 302.988136236 136.379265513 0.99609375
v 112.570984934 303.293145136 136.185524088 0.99609375
v 120.330266493 303.482670551 136.233007246 0.99609375
v 112.618063529 303.789235916 135.592976281 0.99609375
v 120.25053728 303.846570343 135.526229287 0.99609375
v 109.324281398 276.472603396 136.072076471 0.99609375
v 119.483089913 276.622687476 136.449360026 0.99609375
v 109.282093173 276.894128141 136.390519759 0.99609375
v 119.719966135 276.805696423 136.116053676 0.99609375
v 109.038072472 277.412406393 136.029470939 0.99609375
v 119.52193255 277.263143497 136.025938592 0.99609375
v 109.458680268 277.4102013 136.442044353 0.99609375
v 119.62130552 277.614009441 136.749717251 0.99609375
v 109.257571267 277.839824835 136.414166504 0.99609375
v 119.499058889 277.893252282 136.570216829 0.99609375
v 109.397919966 278.119743452 136.866421318 0.99609375
v 119.516399599 277.875628422 136.818490483 0.99609375
v 109.529297495 278.515763388 136.850429633 0.99609375
v 119.508275869 278.302707642 136.317885658 0.99609375
v 109.492732504 278.672773032 136.597489938 0.99609375
v 119.356982436 278.735870344 136.092560201 0.99609375
v 109.425556115 278.801149683 136.016726686 0.99609375
v 119.603916961 279.121578212 136.050515821 0.99609375
v 110.001321763 279.474938824 136.756013447 0.99609375
v 119.228624396 279.414626689 136.209995591 0.99609375
v 109.78490627 279.330930754 136.695848146 0.99609375
v 119.731288878 279.421866314 136.621076523 0.99609375
v 110.166080015 279.965305438 136.08451492 0.99609375
v 119.764296768 279.85691648 136.426117013 0.99609375
v 110.027661798 280.370362001 136.165688323 0.99609375
v 119.741412972 280.066607645 136.665968878 0.99609375
v 109.913310729 280.383794923 136.301883994 0.99609375
v 119.817172744 280.23672182 136.657952649 0.99609375
v 110.429385749 280.69993434 136.267827051 0.99609375
v 119.654721079 280.785563786 136.417326776 0.99609375
v 110.54338666 280.788039546 136.301201446 0.99609375
v 119.928327543 281.109337364 136.146110466 0.99609375
v 110.24836794 281.357900912 136.235048051 0.99609375
v 120.001095206 281.100111792 136.385062112 0.99609375
v 110.478395277 281.442497791 136.179179005 0.99609375
v 119.869980165 281.516377951 136.537858043 0.99609375
v 110.389539459 281.625451509 136.234433418 0.99609375
v 120.032845224 281.680602163 136.18894076 0.99609375
v 110.79174791 281.937437905 136.824676848 0.99609375
v 119.683754226 282.232954511 136.452470828 0.99609375
v 110.765946763 282.261010135 136.660697403 0.99609375
v 119.595429594 282.603302528 136.148196072 0.99609375
v 110.911205213 282.984104868 136.697667989 0.99609375
v 119.85054638 282.569663844 136.927432776 0.99609375
v 111.06714801 282.90250747 136.029449765 0.99609375
v 119.985576484 282.950138352 136.601768295 0.99609375
v 110.524487269 283.395164459 136.567324636 0.99609375
v 119.898272464 283.174193651 136.665612111 0.99609375
v 110.611959705 283.663369061 136.565614313 0.99609375
v 119.886805942 283.848697833 136.956272869 0.99609375
v 110.776114225 283.755034597 136.3680718 0.99609375
v 119.846331021 283.748776765 136.884469233 0.99609375
v 111.039179426 284.100371561 136.816925151 0.99609375
v 119.971302142 284.377002525 136.435099833 0.99609375
v 111.282023974 284.72390359 136.8889362 0.99609375
v 119.902378103 284.531619314 136.651421662 0.99609375
v 111.091385478 284.861595558 136.649202062 0.99609375
v 119.631331596 284.761025101 136.554929622 0.99609375
v 110.843164421 284.931758244 136.028933383 0.99609375
v 119.904841409 284.999527074 136.240787729 0.99609375
v 110.864879275 285.507849807 136.007405882 0.99609375
v 119.774061138 285.352921909 136.482233631 0.99609375
v 111.036583049 285.905250852 136.737939878 0.99609375
v 119.944072665 285.630151208 136.830241777 0.99609375
v 110.829887031 285.661685059 136.971629619 0.99609375
v 119.566968529 285.751444617 136.201818801 0.99609375
v 111.60622862 286.484724545 136.72341466 0.99609375
v 119.763734382 286.477063728 136.829621656 0.99609375
v 111.600755214 286.495409316 136.635885078 0.99609375
v 120.209596428 286.295078126 136.201114568 0.99609375
v 111.211672223 286.955180272 136.032617812 0.99609375
v 120.14630864 286.999881257 136.338457751 0.99609375
v 111.586478087 287.383975864 136.329019014 0.99609375
v 120.329645606 287.244370958 136.104639539 0.99609375
v 111.631144335 287.557413643 136.21463383 0.99609375
v 119.991666804 287.538725666 136.177008189 0.99609375
v 111.194105781 287.745655243 136.282641011 0.99609375
v 119.864825024 287.631288187 136.323697407 0.99609375
v 111.153256864 288.059666363 136.88776007 0.99609375
v 120.260887876 288.098156791 136.871844673 0.99609375
v 111.521573222 288.164752849 136.102541945 0.99609375
v 120.118957305 288.06291201 136.327157972 0.99609375
v 111.646655897 288.63652344 136.241576033 0.99609375
v 119.834148729 288.548786393 136.902983161 0.99609375
v 111.704229568 289.093441264 136.17140027 0.99609375
v 120.30901459 288.605706286 136.364903674 0.99609375
v 111.885291611 288.870658477 136.732073264 0.99609375
v 119.970871747 288.866313931 136.491949371 0.99609375
v 111.773000103 289.257298041 136.610223046 0.99609375
v 119.958334003 289.316042455 136.500566556 0.99609375
v 111.360158399 289.678969589 136.732012683 0.99609375
v 120.214210434 289.989554681 136.827207863 0.99609375
v 111.429110563 289.731861858 136.030467658 0.99609375
v 120.295402203 290.19968699 136.278299976 0.99609375
v 111.840184288 290.505236125 136.454376103 0.99609375
v 120.129315835 290.345483184 136.990167027 0.99609375
v 112.021588783 290.546804973 136.585098858 0.99609375
v 120.070705784 290.394438817 136.942690846 0.99609375
v 111.79539759 291.077955919 136.402092616 0.99609375
v 120.126580405 291.059237877 136.066664251 0.99609375
v 111.742576157 291.04450489 136.006992586 0.99609375
v 120.245360057 291.009760956 136.54947487 0.99609375
v 111.674628122 291.353044234 136.436485361 0.99609375
v 120.12247827 291.194464405 136.659689736 0.99609375
v 111.77883623 291.643088249 136.847458717 0.99609375
v 120.613395835 291.672354888 136.121787239 0.99609375
v 111.997895289 291.821056401 136.534181681 0.99609375
v 120.499791939 292.153416221 136.935954938 0.99609375
v 111.912772719 292.350705393 136.26897841 0.99609375
v 120.537529008 292.41685205 136.604469748 0.99609375
v 111.940430921 292.525088745 136.192623642 0.99609375
v 120.500503535 292.867001346 136.659425789 0.99609375
v 112.475641322 293.021711251 136.108122996 0.99609375
v 120.252649649 292.863484099 136.663423375 0.99609375
v 112.375765829 293.457584406 136.136421599 0.99609375
v 120.531867567 293.324719739 136.03922055 0.99609375
v 112.070986815 293.369496391 136.579632564 0.99609375
v 120.808405977 293.4107487 136.618460185 0.99609375
v 112.346428998 293.609117708 136.428969551 0.99609375
v 120.395355711 293.576488543 136.775400334 0.99609375
v 112.429311048 293.980485638 136.379285912 0.99609375
v 120.681516647 293.846770509 136.644899381 0.99609375
v 111.996021125 294.485887204 136.540511389 0.99609375
v 120.724770035 294.461923776 136.34248357 0.99609375
v 112.34204744 294.497776434 136.640939708 0.99609375
v 120.387875338 294.673244034 136.518895417 0.99609375
v 111.988999947 294.754580004 136.939274853 0.99609375
v 120.872748671 294.743147245 136.559278339 0.99609375
v 112.252046047 295.506411558 136.083680995 0.99609375
v 120.805701977 295.393757633 136.246666227 0.99609375
v 112.498499863 295.422952115 136.576048116 0.99609375
v 120.937674166 295.409798495 136.567907635 0.99609375
v 112.01424336 295.574911551 136.517355717 0.99609375
v 120.792083093 295.874993377 136.793131397 0.99609375
v 112.392755412 296.152818861 136.683220016 0.99609375
v 120.718922139 296.01034179 136.815758977 0.99609375
v 112.404240862 296.493781563 136.207119976 0.99609375
v 121.004989535 296.546707901 136.605433121 0.99609375
v 112.021577185 296.877092972 136.67637263 0.99609375
v 120.809574681 296.613658024 136.545507438 0.99609375
v 112.477424127 297.243553436 136.720692674 0.99609375
v 120.700629292 297.171312137 136.304392825 0.99609375
v 112.185230513 297.134842311 136.101398658 0.99609375
v 121.146013668 297.44813953 136.439060665 0.99609375
v 112.745680179 297.782837975 136.945235278 0.99609375
v 120.645737838 297.523298076 136.473531457 0.99609375
v 112.404779421 297.542745797 136.724436117 0.99609375
v 120.990143412 298.049264567 136.441634954 0.99609375
v 112.679348716 297.852522978 136.485763241 0.99609375
v 120.840422965 297.95848344 136.024549053 0.99609375
v 112.752009854 298.294677706 136.089200104 0.99609375
v 121.182562124 298.153711911 136.3932453 0.99609375
v 112.444996859 298.95209837 136.375166148 0.99609375
v 120.834189822 298.514128737 136.438795133 0.99609375
v 112.457301697 299.151818307 136.524848769 0.99609375
v 121.081005737 298.761867966 136.364858093 0.99609375
v 112.676057527 299.182565459 136.837720256 0.99609375
v 120.759589114 299.095134132 136.514192339 0.99609375
v 112.524505133 299.362807905 136.936554829 0.99609375
v 121.018356681 299.62264508 136.5140536 0.99609375
v 112.468975433 299.598592669 136.071263963 0.99609375
v 120.691511639 299.711686146 136.472996188 0.99609375
v 112.501341969 300.178178177 136.397410039 0.99609375
v 121.154792787 300.15035818 136.446026896 0.99609375
v 112.794700485 300.371208537 136.929191494 0.99609375
v 120.85330151 300.70119023 136.002691666 0.99609375
v 112.273321223 300.63278199 136.252929704 0.99609375
v 120.733838076 300.99385467 136.962287183 0.99609375
v 112.717009859 300.888207818 136.069245188 0.99609375
v 121.217009734 301.229279077 136.440409086 0.99609375
v 112.949111446 301.486618915 136.763413548 0.99609375
v 120.666701614 301.18066429 136.886172768 0.99609375
v 112.714853065 301.7276992 136.410419221 0.99609375
v 120.962353866 301.60693958 136.207994478 0.99609375
v 112.936990561 301.985187354 136.503150755 0.99609375
v 121.095381107 301.740695061 136.215632938 0.99609375
v 113.02836024 302.012136404 136.051887343 0.99609375
v 120.9419459 302.245906259 136.493159986 0.99609375
v 113.055573271 302.305658643 136.743444643 0.99609375
v 121.217978665 302.703308391 136.421557352 0.99609375
v 113.06086973 302.837638307 136.047402892 0.99609375
v 120.86621129 303.026676476 136.568626162 0.99609375
v 112.864490032 302.850678287 136.683112072 0.99609375
v 120.934731871 303.126089135 136.108649164 0.99609375
v 113.0664814 303.284652805 136.194440668 0.99609375
v 121.008255788 303.308411971 136.522525914 0.99609375
v 112.628202322 303.781859751 136.309515074 0.99609375
v 121.009118987 303.623262046 136.521594152 0.99609375
v 112.929793942 303.927900264 136.689917251 0.99609375
v 120.370770071 303.902957901 136.997736855 0.99609375
v 109.526192404 276.873197892 137.137828791 0.99609375
v 121.784721886 276.776691289 136.658873727 0.99609375
v 109.335982092 277.23948559 136.769864696 0.99609375
v 121.748039475 276.7461235 136.72376456 0.99609375
v 109.374979582 277.475322963 136.709272186 0.99609375
v 122.079113222 277.159509157 136.758058527 0.99609375
v 109.128965284 277.635993254 137.279129669 0.99609375
v 121.897049686 277.470821625 136.553264849 0.99609375
v 109.310399968 277.979437099 137.428159355 0.99609375
v 121.925560666 277.942888477 137.36489777 0.99609375
v 109.517319076 278.124813142 137.308345996 0.99609375
v 122.137908477 278.080106278 136.845142673 0.99609375
v 109.480950512 278.547775937 136.778382366 0.99609375
v 122.467615872 278.643721874 136.70569364 0.99609375
v 109.530702897 278.844322201 136.52442514 0.99609375
v 122.351674773 278.761236531 136.773265208 0.99609375
v 109.530470419 278.900524726 136.99398562 0.99609375
v 122.473087123 278.943145061 137.069304651 0.99609375
v 109.642322279 279.042943519 137.209512915 0.99609375
v 122.213306071 279.279070321 136.610666628 0.99609375
v 110.182261667 279.789474468 136.737610911 0.99609375
v 122.654053888 279.551533265 137.162925911 0.99609375
v 109.633563419 279.709633984 137.443619117 0.99609375
v 122.523482649 279.975235617 137.2698237 0.99609375
v 110.051949527 279.863996926 137.441856829 0.99609375
v 122.282471911 279.852582449 136.769883575 0.99609375
v 110.117649339 280.59428615 137.013052101 0.99609375
v 122.204709523 280.684284862 136.907963663 0.99609375
v 110.308216634 280.90335061 137.490180865 0.99609375
v 122.533410894 280.445079725 136.828593446 0.99609375
v 110.696411451 280.777244316 137.17999802 0.99609375
v 122.545156866 280.983198687 136.859430457 0.99609375
v 110.34817738 281.087636182 136.74481681 0.99609375
v 122.338643767 281.013181035 136.677084405 0.99609375
v 110.721264665 281.556944227 136.855214159 0.99609375
v 122.058998102 281.32621097 137.220351268 0.99609375
v 110.241454074 282.169226828 137.30986055 0.99609375
v 121.981299265 281.710821471 137.140880812 0.99609375
v 110.35059066 282.367886433 137.308437775 0.99609375
v 122.26545566 282.044917794 136.683857785 0.99609375
v 110.819874066 282.691625556 136.773274279 0.99609375
v 122.248504894 282.181946402 137.122593458 0.99609375
v 110.763439342 282.825667602 136.564813565 0.99609375
v 121.919165756 282.524422175 136.776340184 0.99609375
v 110.897983242 282.945406853 137.329844556 0.99609375
v 121.844211698 283.239173212 136.729153719 0.99609375
v 110.983754526 283.268970236 136.992324462 0.99609375
v 122.169289754 283.290755677 137.408195443 0.99609375
v 110.864839541 283.350138887 136.572610555 0.99609375
v 122.304764889 283.580942915 136.990679017 0.99609375
v 110.503925744 283.884388393 136.881924041 0.99609375
v 121.842713181 283.678547406 137.03086466 0.99609375
v 110.663267517 283.926925423 136.687337632 0.99609375
v 122.029041732 284.466106403 137.224844056 0.99609375
v 111.309699941 284.560499977 136.569844406 0.99609375
v 122.0952734 284.609343675 136.603253135 0.99609375
v 110.839984812 284.997898795 137.487832531 0.99609375
v 122.251804688 284.558489048 136.890087849 0.99609375
v 111.208524644 284.801819644 136.610821422 0.99609375
v 121.897620871 285.103352678 137.385293571 0.99609375
v 111.216419142 285.518537554 137.44560573 0.99609375
v 122.016746452 285.406273032 136.843088775 0.99609375
v 111.031414162 285.844547886 137.386355031 0.99609375
v 122.067691777 285.727941381 136.79947386 0.99609375
v 110.943010936 286.167725727 137.385203698 0.99609375
v 122.169377101 286.184042944 137.037771766 0.99609375
v 111.5557651 285.961081395 137.427707497 0.99609375
v 122.359355108 286.460336005 136.695463828 0.99609375
v 111.316620462 286.397212755 136.969137658 0.99609375
v 121.916780293 286.245850557 136.767820261 0.99609375
v 111.164083884 286.896766193 136.586968235 0.99609375
v 122.262052251 286.868062226 137.453947422 0.99609375
v 111.442315445 287.038152858 136.652647909 0.99609375
v 121.909836909 286.965418175 137.412246581 0.99609375
v 111.33603734 287.661626615 136.636228327 0.99609375
v 122.012476546 287.574636036 136.785347834 0.99609375
v 111.435651103 287.642194749 136.664958496 0.99609375
v 121.991666469 287.900367667 137.487332835 0.99609375
v 111.73775429 287.975355807 136.944946241 0.99609375
v 122.309973503 287.793379508 136.967968069 0.99609375
v 111.44140777 288.428718316 136.564473972 0.99609375
v 121.898944995 288.272168911 136.965400809 0.99609375
v 111.62221635 288.53402393 137.4746245 0.99609375
v 122.076794788 288.769523414 136.752118961 0.99609375
v 111.685593571 288.576148003 136.556392022 0.99609375
v 122.193933467 289.098756079 136.881723985 0.99609375
v 111.768937225 289.0630041 137.098393121 0.99609375
v 121.805690085 289.142944979 136.925002199 0.99609375
v 111.369819602 289.697398219 137.409319856 0.99609375
v 122.036452174 289.272969453 136.589707022 0.99609375
v 111.709754827 289.792743535 137.449361533 0.99609375
v 121.833767829 289.559449204 136.998673515 0.99609375
v 111.740047384 290.031777695 136.73489639 0.99609375
v 121.984981864 290.176127148 137.216579436 0.99609375
v 111.829651059 290.281476138 137.003886902 0.99609375
v 121.797870912 290.217593135 136.560380203 0.99609375
v 111.692386035 290.293378681 136.945859994 0.99609375
v 121.943268166 290.423078466 137.371701337 0.99609375
v 111.79672501 290.914910427 137.0703269 0.99609375
v 121.846129476 290.777579558 136.814606127 0.99609375
v 112.181977845 290.977281923 136.654134784 0.99609375
v 121.617098358 291.396922162 137.494177685 0.99609375
v 112.095790277 291.732069161 137.182272356 0.99609375
v 121.692908161 291.666645224 137.440478693 0.99609375
v 112.185171442 291.587136826 137.457398512 0.99609375
v 121.562745829 291.842121957 136.981547847 0.99609375
v 112.206229247 291.903652529 136.663245448 0.99609375
v 121.999579684 292.292790626 136.685867283 0.99609375
v 112.516926886 292.181930512 136.562496006 0.99609375
v 121.836008096 292.27966835 136.785650605 0.99609375
v 112.063230448 292.490842079 136.915364837 0.99609375
v 121.907321282 292.345605128 137.433923387 0.99609375
v 112.067229363 292.737860461 137.01220972 0.99609375
v 121.85981 292.657371236 136.562709942 0.99609375
v 112.346742327 293.468354201 137.393611632 0.99609375
v 121.922109251 293.332755418 137.383557545 0.99609375
v 112.416325473 293.636127405 137.483058561 0.99609375
v 121.822623593 293.627826648 136.817860449 0.99609375
v 112.100946904 293.934305446 136.501228223 0.99609375
v 122.049667141 293.812361337 137.275271426 0.99609375
v 112.344320898 293.772283132 136.691969392 0.99609375
v 121.797385289 293.97151015 137.082187053 0.99609375
v 112.058238522 294.158634085 136.93603065 0.99609375
v 121.757475432 294.201009324 136.706001506 0.99609375
v 112.386433543 294.4309815 136.699192812 0.99609375
v 121.712742645 294.549406387 136.841299481 0.99609375
v 112.575011732 294.697144877 136.796907102 0.99609375
v 121.769385942 295.054153656 137.42568694 0.99609375
v 112.466048395 295.508941267 137.321283536 0.99609375
v 121.983888935 294.989365224 137.229970648 0.99609375
v 112.666100927 295.554315477 136.56377702 0.99609375
v 121.810346996 295.222095889 136.512384458 0.99609375
v 112.343433744 295.713262675 136.586998656 0.99609375
v 121.885444405 295.834917684 137.285959967 0.99609375
v 112.296903061 295.854650822 137.241537867 0.99609375
v 121.683735205 295.995143738 136.956925368 0.99609375
v 112.315245188 296.537025772 136.508066894 0.99609375
v 121.838997509 296.503682051 136.946876319 0.99609375
v 112.317371829 296.838614864 136.583555108 0.99609375
v 121.580853962 296.909565198 137.037649337 0.99609375
v 112.685397035 296.688759406 137.167482087 0.99609375
v 122.054489769 297.233690965 136.799367076 0.99609375
v 112.479072213 297.190513167 137.013365253 0.99609375
v 121.999629347 297.532000615 136.618642086 0.99609375
v 112.340581996 297.383149335 136.598811111 0.99609375
v 121.891167349 297.760432591 137.453056172 0.99609375
v 112.66341826 297.806338102 136.884473586 0.99609375
v 121.636818163 297.843163102 137.471506224 0.99609375
v 112.580891179 297.945441434 137.490400398 0.99609375
v 121.8522989 298.082469827 136.639013269 0.99609375
v 112.419791858 298.456942889 137.185243329 0.99609375
v 121.705749721 298.218673616 137.116460319 0.99609375
v 113.044593193 298.460103283 136.771238261 0.99609375
v 121.725430737 298.943629629 136.594280272 0.99609375
v 113.074876998 299.231889869 136.614182439 0.99609375
v 121.86276115 298.719520372 136.898855545 0.99609375
v 113.015276651 299.262535799 137.162164346 0.99609375
v 121.804926334 299.548248662 136.882468321 0.99609375
v 112.634125723 299.836832399 137.32698388 0.99609375
v 121.731015018 299.314129444 137.086357389 0.99609375
v 112.805866789 299.986946821 136.802130606 0.99609375
v 121.371217757 299.951172315 136.933889826 0.99609375
v 112.770716003 299.971272551 136.607787709 0.99609375
v 121.498337512 300.244769739 136.617368827 0.99609375
v 112.796615952 300.531996929 136.530341492 0.99609375
v 121.650583636 300.319004969 136.777872455 0.99609375
v 112.678356597 300.611128462 137.317845779 0.99609375
v 121.690962672 300.832805923 137.421714597 0.99609375
v 112.640545748 301.089773521 137.099130286 0.99609375
v 121.228501447 301.130787849 136.897786354 0.99609375
v 112.735903459 301.127214271 137.091091355 0.99609375
v 121.62035432 301.080042634 137.381905955 0.99609375
v 113.027322114 301.784661964 136.950314625 0.99609375
v 121.713024605 301.813363009 136.581176017 0.99609375
v 113.379629824 301.897082339 136.967304742 0.99609375
v 121.583436071 301.853438608 136.976244446 0.99609375
v 113.029971098 302.423537321 136.579742981 0.99609375
v 121.305634533 302.384832206 136.566668984 0.99609375
v 113.33949621 302.636254996 136.883122382 0.99609375
v 121.450977846 302.331702584 136.816216805 0.99609375
v 113.040993524 302.773086737 136.7147771 0.99609375
v 121.737523153 302.528888816 136.75229788 0.99609375
v 112.890967722 302.920973887 136.65865616 0.99609375
v 121.721990636 303.291196141 136.509556658 0.99609375
v 112.837124298 303.12849291 137.053110782 0.99609375
v 121.496169167 303.416198027 136.768242512 0.99609375
v 113.284595475 303.877167469 137.306790648 0.99609375
v 121.439120273 303.366411756 137.252952597 0.99609375
v 113.271729888 304.169454554 137.220810915 0.99609375
v 121.422977691 304.12026884 136.567477399 0.99609375
v 109.808540823 276.455206574 137.931533329 0.99609375
v 122.433677541 276.883759996 137.306061093 0.99609375
v 109.376379902 277.199804264 137.025880131 0.99609375
v 122.247816051 276.972612882 137.415686711 0.99609375
v 109.820691455 277.421024689 137.266185065 0.99609375
v 122.50086003 277.207158413 137.186866783 0.99609375
v 109.544493905 277.389727219 137.543529741 0.99609375
v 122.649784545 277.632302506 137.765230613 0.99609375
v 109.799765105 277.904423119 137.692839872 0.99609375
v 122.549425673 277.806497192 137.027367978 0.99609375
v 109.684463525 277.997715105 137.840440565 0.99609375
v 122.928405445 278.104379985 137.633869291 0.99609375
v 109.796829132 278.118338573 137.320850777 0.99609375
v 123.244985727 278.604110162 137.500015249 0.99609375
v 109.876747775 278.504546334 137.88954956 0.99609375
v 122.950190958 278.457082969 137.289809627 0.99609375
v 109.954857883 279.264564542 137.942806674 0.99609375
v 123.201069381 279.221062688 137.489757316 0.99609375
v 109.751617771 279.547962412 137.630870852 0.99609375
v 122.832661476 279.536673648 137.63213072 0.99609375
v 109.859995481 279.817482617 137.722010531 0.99609375
v 123.008397192 279.4704833 137.934969208 0.99609375
v 109.993220513 279.825382218 137.30688683 0.99609375
v 123.080019529 279.899374852 137.78358846 0.99609375
v 109.736191291 280.058411 137.046695331 0.99609375
v 122.953287459 280.156008296 137.441994414 0.99609375
v 110.112226433 280.501528398 137.887273493 0.99609375
v 122.689763781 280.71075435 137.321725685 0.99609375
v 109.967592958 280.914029964 137.055955575 0.99609375
v 123.031422583 280.596665238 137.881435234 0.99609375
v 110.107342749 281.196823944 137.326115997 0.99609375
v 123.141041629 280.991311408 137.442192037 0.99609375
v 110.662977342 281.454684962 137.943525431 0.99609375
v 122.676053377 281.306582735 137.784343505 0.99609375
v 110.704385061 281.553758081 137.3636982 0.99609375
v 122.970199795 281.347252762 137.518123743 0.99609375
v 110.234916337 281.677027553 137.868775064 0.99609375
v 122.705982698 281.716694481 137.37771856 0.99609375
v 110.303351597 281.957471996 137.916672047 0.99609375
v 122.749390665 282.028980313 137.240158438 0.99609375
v 110.276143076 282.341913577 137.482991807 0.99609375
v 122.769714188 282.384703168 137.054247034 0.99609375
v 110.746737284 282.73028648 137.686868264 0.99609375
v 122.933989336 282.72908687 137.971719748 0.99609375
v 110.949007438 282.925973192 137.524208187 0.99609375
v 123.146500609 283.148066505 137.401886792 0.99609375
v 110.787070071 283.155194443 137.738837618 0.99609375
v 122.858074395 283.309703359 137.074011039 0.99609375
v 110.946819689 283.745897521 137.477296688 0.99609375
v 123.0268886 283.742513672 137.875980755 0.99609375
v 111.297901148 284.003849281 137.879917119 0.99609375
v 123.00515607 284.183940333 137.867825905 0.99609375
v 111.346057328 284.282952442 137.015565277 0.99609375
v 122.70009719 283.958126481 137.166246312 0.99609375
v 111.020025395 284.677091657 137.422800953 0.99609375
v 122.98079678 284.666048795 137.934197097 0.99609375
v 110.879874431 284.98170903 137.478250978 0.99609375
v 123.146590821 284.725949318 137.24875048 0.99609375
v 111.209102252 284.973191451 137.332527027 0.99609375
v 122.698369023 285.169590376 137.688565161 0.99609375
v 111.080693087 285.580069399 137.663184324 0.99609375
v 122.954610546 285.262533427 137.843488285 0.99609375
v 111.478488839 285.864031609 137.56264188 0.99609375
v 122.948479797 285.931693831 137.862229096 0.99609375
v 111.400610595 285.692606479 137.020121437 0.99609375
v 123.072759649 285.689772869 137.343267679 0.99609375
v 111.553724948 286.473560442 137.730852842 0.99609375
v 123.227277398 286.374594993 137.255763821 0.99609375
v 111.175653778 286.57872872 137.877684168 0.99609375
v 122.716738973 286.584104343 137.937010169 0.99609375
v 111.125991297 286.73099797 137.877964671 0.99609375
v 123.235081013 286.836421462 137.868939007 0.99609375
v 111.366371209 287.388091418 137.561583259 0.99609375
v 122.783343397 287.217305178 137.321256246 0.99609375
v 111.841338356 287.600072183 137.9658494 0.99609375
v 123.000708502 287.210143897 137.842418746 0.99609375
v 111.744679751 287.702889655 137.842977791 0.99609375
v 122.983703917 287.850535265 137.561045239 0.99609375
v 111.428837411 288.143713242 137.976542184 0.99609375
v 123.510655121 288.136879327 137.682255286 0.99609375
v 111.640962332 288.233341198 137.746420274 0.99609375
v 123.246889823 288.117022633 137.85748885 0.99609375
v 111.570308253 288.403741936 137.00069521 0.99609375
v 123.265298591 288.621915312 137.879397934 0.99609375
v 112.008176044 288.697832432 137.221491022 0.99609375
v 123.012793675 288.632079692 137.758692484 0.99609375
v 112.01156229 289.296278447 137.866249163 0.99609375
v 122.981615598 289.113258165 137.772662607 0.99609375
v 111.797975908 289.199010455 137.435771666 0.99609375
v 123.464833903 289.258661935 137.519665137 0.99609375
v 111.840314026 289.980241827 137.301048706 0.99609375
v 123.308831925 289.969096735 137.214814616 0.99609375
v 111.726359121 289.721992791 137.542636839 0.99609375
v 122.998214695 289.855768704 137.095911692 0.99609375
v 112.186064274 290.107680063 137.295301989 0.99609375
v 123.364785781 290.162959747 137.541371807 0.99609375
v 112.077549472 290.298110806 137.879109657 0.99609375
v 123.4628008 290.84806551 137.08900278 0.99609375
v 112.100381819 290.71026011 137.114147244 0.99609375
v 123.327397207 290.721710431 137.111010459 0.99609375
v 112.421424277 291.33389458 137.909527998 0.99609375
v 123.0781341 290.870578793 137.904628085 0.99609375
v 112.023546075 291.332181521 137.852671383 0.99609375
v 123.124531018 291.40092328 137.203210084 0.99609375
v 112.264105648 291.537592286 137.265938235 0.99609375
v 123.15266801 291.657987644 137.388094346 0.99609375
v 112.258293794 291.770447573 137.933051367 0.99609375
v 123.067715798 292.144600344 137.989735636 0.99609375
v 112.157773847 292.180525617 137.808577191 0.99609375
v 123.313471798 292.359932922 137.809500573 0.99609375
v 112.33940422 292.702064649 137.758418722 0.99609375
v 123.141074178 292.590666975 137.752280586 0.99609375
v 112.4290558 292.621527292 137.014702037 0.99609375
v 123.537867924 293.090178011 137.967410968 0.99609375
v 112.777372313 293.046217911 137.993341955 0.99609375
v 123.197736063 293.180302162 137.848200191 0.99609375
v 112.630650733 293.541588292 137.588641356 0.99609375
v 123.523621715 293.637445878 137.575417568 0.99609375
v 112.278335413 293.712735362 137.166525778 0.99609375
v 123.200747 293.871384188 137.804656717 0.99609375
v 112.338419737 294.080313565 137.679722858 0.99609375
v 123.173755789 294.137198537 137.800215522 0.99609375
v 112.349636096 294.167505313 137.422701153 0.99609375
v 123.34064197 294.428577383 137.038975809 0.99609375
v 112.308084999 294.766277613 137.373139133 0.99609375
v 123.476402051 294.60927497 137.863611656 0.99609375
v 112.765856633 295.010525358 137.695933191 0.99609375
v 123.390151331 294.7363832 137.465677759 0.99609375
v 112.730195534 295.451725575 137.950710316 0.99609375
v 122.927614895 295.015559446 137.236895846 0.99609375
v 112.709021846 295.341557203 137.945276315 0.99609375
v 122.947995203 295.797251924 137.85255252 0.99609375
v 112.577358427 295.605388863 137.920231112 0.99609375
v 122.931816323 295.644184447 137.27466912 0.99609375
v 112.688697218 295.862415856 137.608420006 0.99609375
v 122.685365378 296.101425588 137.603127129 0.99609375
v 113.030974308 296.385928665 137.336910104 0.99609375
v 122.466582883 296.572325941 137.418041844 0.99609375
v 113.076010824 296.788057205 137.840974643 0.99609375
v 122.650848813 296.925583046 137.748251705 0.99609375
v 112.606523844 297.042909313 137.635572357 0.99609375
v 122.473851841 297.150752533 137.292943536 0.99609375
v 113.036858218 297.149346057 137.300526729 0.99609375
v 122.739305318 297.277285068 137.043133674 0.99609375
v 112.758487298 297.792222541 137.65821829 0.99609375
v 122.532476433 297.303239715 137.153580141 0.99609375
v 112.877059098 297.912732213 137.325548188 0.99609375
v 122.545732284 297.944401612 137.769178626 0.99609375
v 112.952812721 297.888172904 137.911982193 0.99609375
v 122.225651064 298.329414275 137.15095683 0.99609375
v 112.655066283 298.343798754 137.364231213 0.99609375
v 122.132646677 298.319096461 137.888997833 0.99609375
v 113.355493695 298.478263291 137.36367275 0.99609375
v 122.429807899 298.485168482 137.451280676 0.99609375
v 113.074384822 299.056141669 137.875700481 0.99609375
v 122.18084424 298.840904214 137.993644059 0.99609375
v 113.360721907 299.179267387 137.411160873 0.99609375
v 122.531145471 299.224990307 137.917860908 0.99609375
v 112.912514509 299.461427946 137.342772139 0.99609375
v 122.132100813 299.817751711 137.347805464 0.99609375
v 113.012278842 300.124535798 137.888833356 0.99609375
v 122.154757711 299.967151617 137.26345297 0.99609375
v 113.36624816 300.324861462 137.771064961 0.99609375
v 122.232796865 300.305064261 137.872980523 0.99609375
v 113.036451673 300.230808086 137.364310786 0.99609375
v 122.654157082 300.64572609 137.063182109 0.99609375
v 112.905159022 300.999839677 137.776922177 0.99609375
v 122.433593751 300.714592637 137.136136387 0.99609375
v 112.839632924 301.224115641 137.318267679 0.99609375
v 122.494511194 300.969407703 137.632180614 0.99609375
v 112.9510376 301.394407474 137.626518405 0.99609375
v 122.146641137 301.532411269 137.406313699 0.99609375
v 113.627808505 301.685030541 137.342267949 0.99609375
v 122.303048882 301.715458501 137.674076538 0.99609375
v 113.544882364 301.860763103 137.631571676 0.99609375
v 122.340847283 302.094705592 137.314676928 0.99609375
v 113.205839046 302.078661067 137.491429513 0.99609375
v 122.322875169 302.248620014 137.915609921 0.99609375
v 113.240215264 302.440443908 137.571335894 0.99609375
v 121.849202301 302.321943146 137.10780794 0.99609375
v 113.42548384 302.654899781 137.656036934 0.99609375
v 122.037850463 302.956190307 137.181161336 0.99609375
v 113.447518551 303.093736622 137.275632763 0.99609375
v 122.195652967 303.326662353 137.887505331 0.99609375
v 113.650809656 303.570382555 137.437746945 0.99609375
v 122.323925765 303.291367018 137.200609436 0.99609375
v 113.438135754 303.911383122 137.149835398 0.99609375
v 122.361704447 303.873468027 137.854055546 0.99609375
v 113.589110836 304.01541392 137.718388739 0.99609375
v 122.155506392 303.740063783 137.573612187 0.99609375
v 109.841887264 276.913670504 137.720788065 0.99609375
v 122.512504944 276.798279271 137.929031146 0.99609375
v 110.14126001 276.925782083 137.529328301 0.99609375
v 122.392264493 277.211658213 138.036124232 0.99609375
v 109.686755185 277.390861398 137.640141486 0.99609375
v 122.477916946 276.990839688 137.505689865 0.99609375
v 109.79717251 277.361507192 138.427387079 0.99609375
v 122.503153695 277.494435308 137.753344296 0.99609375
v 110.147196817 277.85987624 137.889329923 0.99609375
v 122.944027284 278.099181578 138.08503473 0.99609375
v 109.727926777 278.245538016 138.1076747 0.99609375
v 122.679409558 278.040434311 137.707425635 0.99609375
v 109.952749573 278.646601874 138.273380033 0.99609375
v 122.896071865 278.314481712 137.745239854 0.99609375
v 110.3197816 278.725680594 138.479828297 0.99609375
v 123.061307178 278.835752226 137.998332195 0.99609375
v 110.295012233 278.785652777 138.376635612 0.99609375
v 123.104467371 278.978720017 138.16288532 0.99609375
v 109.912231703 279.247045335 138.198285125 0.99609375
v 123.228417967 279.238559911 137.96948566 0.99609375
v 110.192263158 279.340301293 138.450254363 0.99609375
v 123.539644883 279.33677329 138.333559221 0.99609375
v 110.149702143 280.003103947 138.427725031 0.99609375
v 123.358562176 279.686405867 138.136745273 0.99609375
v 110.351496759 279.957772851 137.805364843 0.99609375
v 123.34800476 280.173729903 137.506116733 0.99609375
v 110.617334901 280.403157857 138.216789592 0.99609375
v 123.064444705 280.631824966 138.276508803 0.99609375
v 110.513632941 280.62019113 137.932643286 0.99609375
v 123.040499036 280.882931656 138.306245403 0.99609375
v 110.44039765 280.954127902 137.697682682 0.99609375
v 123.150477915 281.035017084 138.245838973 0.99609375
v 110.535462222 281.181013634 137.687279962 0.99609375
v 123.301794964 281.082802143 138.366412619 0.99609375
v 110.916114004 281.820736266 137.956450897 0.99609375
v 123.468659966 281.698536369 138.459412321 0.99609375
v 110.530990211 281.655474725 137.828390345 0.99609375
v 123.196244943 281.64110213 137.503709615 0.99609375
v 110.600293466 282.062628681 137.534846449 0.99609375
v 123.357507674 282.377021987 137.869532918 0.99609375
v 110.744294272 282.715777859 138.392054771 0.99609375
v 123.318989274 282.367426597 138.350352716 0.99609375
v 110.940325694 282.679388129 138.300155816 0.99609375
v 123.272958089 282.825228839 137.862063744 0.99609375
v 111.243085623 282.987602252 138.019805488 0.99609375
v 123.186234065 283.088611495 138.426416097 0.99609375
v 110.913070448 283.111567954 138.160466002 0.99609375
v 122.720404231 283.451292206 137.657211629 0.99609375
v 111.359162228 283.462469888 137.743664903 0.99609375
v 122.978903329 283.804606316 138.253307684 0.99609375
v 110.912400777 283.927044603 137.726705386 0.99609375
v 122.724969322 283.95828307 137.508068234 0.99609375
v 110.794538734 283.962210991 138.376107798 0.99609375
v 123.085002826 284.078319615 138.103849784 0.99609375
v 111.5822956 284.407914874 137.861235369 0.99609375
v 122.853619703 284.240791932 138.229914157 0.99609375
v 111.585308497 284.878592994 138.007417034 0.99609375
v 122.937082125 284.993692665 137.886187133 0.99609375
v 111.074586051 284.834092205 137.898537534 0.99609375
v 123.06540607 284.942845846 137.793894285 0.99609375
v 111.480407228 285.193362987 137.79885701 0.99609375
v 122.854274718 285.446927049 137.858386351 0.99609375
v 111.599557992 285.617083986 138.080746362 0.99609375
v 122.679662268 285.840670284 137.941381463 0.99609375
v 111.44670376 285.670972272 138.451563578 0.99609375
v 123.192930611 285.802499025 138.365244597 0.99609375
v 111.743319847 286.399353535 138.181609268 0.99609375
v 122.986782422 286.073269909 137.596496648 0.99609375
v 111.602769323 286.483303554 138.434322476 0.99609375
v 123.328119385 286.545797816 138.310837604 0.99609375
v 111.378990268 286.732220624 137.908698428 0.99609375
v 123.504799541 286.678064799 138.100907502 0.99609375
v 111.522002363 287.34571706 138.163082436 0.99609375
v 123.353840046 286.838866547 138.022388026 0.99609375
v 111.659729992 287.10164205 137.700571437 0.99609375
v 123.27596566 287.62513117 138.140417364 0.99609375
v 111.525626693 287.838175183 137.610197906 0.99609375
v 123.123562739 287.407539038 137.797083271 0.99609375
v 112.090904787 287.964343626 138.037333624 0.99609375
v 123.207088607 288.058645276 138.070138079 0.99609375
v 112.110004716 288.483180918 137.889547561 0.99609375
v 123.07832882 288.231041442 137.769720801 0.99609375
v 111.687187998 288.671424258 138.110190197 0.99609375
v 123.419905825 288.42343885 137.864229128 0.99609375
v 112.165848125 288.850390782 137.787672415 0.99609375
v 123.407376166 288.786621367 138.056118779 0.99609375
v 112.079892993 289.39643587 137.979003251 0.99609375
v 123.710992513 289.185959327 137.720409858 0.99609375
v 111.995165566 289.29760639 137.657289043 0.99609375
v 123.803847813 289.576568073 137.992693526 0.99609375
v 112.410539375 289.674044736 137.689765841 0.99609375
v 123.762889551 289.555810147 138.465168039 0.99609375
v 112.240618976 290.137741002 138.036182201 0.99609375
v 123.949813042 289.759058958 138.36990763 0.99609375
v 112.158325484 290.285123437 137.653198207 0.99609375
v 123.875567886 290.188722771 138.12520427 0.99609375
v 112.329544801 290.851272162 137.519839121 0.99609375
v 123.996727357 290.630847479 138.44924118 0.99609375
v 112.346454693 291.079295824 137.71299072 0.99609375
v 124.274183665 291.053061758 137.903134994 0.99609375
v 112.111147376 291.079674585 138.075972116 0.99609375
v 123.989084828 290.987302405 138.250227035 0.99609375
v 112.398995725 291.431055252 137.993431742 0.99609375
v 123.84584599 291.340106574 138.102284315 0.99609375
v 112.752402833 291.850446383 137.827642357 0.99609375
v 123.858113138 291.516687435 138.156646484 0.99609375
v 112.546654397 291.799456112 138.047038917 0.99609375
v 124.401121069 292.106356362 138.042002537 0.99609375
v 112.366840426 292.207713896 138.10323797 0.99609375
v 123.92266231 292.256016158 138.380313025 0.99609375
v 112.503984748 292.411493785 137.874475226 0.99609375
v 123.836998797 292.675191667 137.962435578 0.99609375
v 112.427992112 293.132691068 137.773651166 0.99609375
v 124.180575369 292.887032765 138.152166339 0.99609375
v 112.666358647 292.964835137 137.575875625 0.99609375
v 124.35451417 292.908217453 138.493885855 0.99609375
v 112.929106503 293.499879661 137.613441345 0.99609375
v 124.268849477 293.641479988 138.146625114 0.99609375
v 112.966505464 293.563502977 137.619589557 0.99609375
v 124.069387548 294.040374775 138.402957323 0.99609375
v 112.648786305 293.846430648 137.859050672 0.99609375
v 124.286975966 294.166745298 138.075771873 0.99609375
v 112.91803145 294.51838146 137.823994639 0.99609375
v 124.281246468 294.426114403 137.582972733 0.99609375
v 113.097991584 294.624036863 138.308142327 0.99609375
v 124.499239168 294.659232042 137.747298397 0.99609375
v 113.039502929 294.93250295 137.644020965 0.99609375
v 124.674075722 294.670988706 137.821200979 0.99609375
v 112.7964756 295.436532958 137.872811566 0.99609375
v 124.594466387 295.210871991 137.712818273 0.99609375
v 113.057873712 295.67383685 138.34673162 0.99609375
v 124.208777839 295.566380713 137.560878625 0.99609375
v 113.334717786 295.635317613 137.674336717 0.99609375
v 124.55484168 295.516996108 137.680760637 0.99609375
v 113.201078803 295.858555156 138.329634665 0.99609375
v 123.872820735 296.207044372 137.933006134 0.99609375
v 113.249566656 296.472488561 138.25117494 0.99609375
v 124.099936659 296.643099906 138.387180502 0.99609375
v 112.873219644 296.712425952 138.186956181 0.99609375
v 123.92549478 296.416785873 138.355979093 0.99609375
v 112.840180739 296.796639064 138.434638116 0.99609375
v 123.820699914 297.171658091 137.796521707 0.99609375
v 112.922086338 297.05086023 137.872736931 0.99609375
v 123.301714433 297.110407311 137.901056063 0.99609375
v 113.327552421 297.588721286 138.344699392 0.99609375
v 123.814083557 297.451666021 137.965582271 0.99609375
v 113.270995614 297.889057882 137.722530595 0.99609375
v 123.331237507 297.963469041 138.300575587 0.99609375
v 113.387757009 298.098913244 138.025788131 0.99609375
v 123.385167452 298.034896404 138.390220417 0.99609375
v 113.515597318 298.309523797 137.581382963 0.99609375
v 123.187117739 298.697843528 137.50951502 0.99609375
v 113.361854289 298.728750247 138.249970696 0.99609375
v 123.171624465 298.687365117 138.047226362 0.99609375
v 113.56174591 299.181613594 138.28247652 0.99609375
v 123.028502431 299.090747179 137.999777194 0.99609375
v 113.296228729 299.165669342 137.602857016 0.99609375
v 123.380245436 299.562435613 137.872204435 0.99609375
v 113.548363953 299.310118065 138.100614847 0.99609375
v 123.385098158 299.473746836 137.934736906 0.99609375
v 113.461744625 299.596755982 137.555330568 0.99609375
v 123.236654163 300.083291854 137.856126148 0.99609375
v 113.664580033 299.883280757 137.877447766 0.99609375
v 123.31930237 300.347451464 137.672290744 0.99609375
v 113.283224522 300.440503705 137.748559979 0.99609375
v 122.965746762 300.619067945 138.285511657 0.99609375
v 113.721140976 300.981164691 137.542088724 0.99609375
v 123.065597961 300.447143273 138.197058135 0.99609375
v 113.569825692 300.828095305 138.084006909 0.99609375
v 123.096129079 301.198135197 138.157133307 0.99609375
v 113.521602171 301.137184928 137.762517654 0.99609375
v 123.39553623 301.415432402 138.044896253 0.99609375
v 113.589690836 301.340013834 138.406851902 0.99609375
v 123.453841095 301.865349358 138.367738795 0.99609375
v 113.938996041 301.655644369 137.757393561 0.99609375
v 123.347166581 301.98338903 137.647143632 0.99609375
v 113.815737821 302.101003968 138.231629515 0.99609375
v 123.517602226 302.126146699 137.88098968 0.99609375
v 113.607322677 302.69841063 138.328481065 0.99609375
v 123.194963571 302.514384834 137.836614506 0.99609375
v 113.800287347 302.689335961 138.474470555 0.99609375
v 123.090593146 302.93068361 138.356338642 0.99609375
v 113.68755852 302.793795194 137.71364539 0.99609375
v 122.903246015 302.838154498 137.979905658 0.99609375
v 113.80079256 303.268492531 137.522416995 0.99609375
v 122.920469043 303.607666788 138.497686069 0.99609375
v 114.14366484 303.6615975 137.522158249 0.99609375
v 122.954553833 303.709006011 138.101799613 0.99609375
v 114.167713362 303.991438214 137.668410874 0.99609375
v 123.199778258 303.738087557 138.152451714 0.99609375
v 113.572899216 304.239732041 138.418425668 0.99609375
v 122.970075139 304.390610655 137.781843403 0.99609375
v 110.521624198 276.624699351 138.119538447 0.99609375
v 122.557719664 276.427658132 138.944928704 0.99609375
v 110.449802899 276.724602516 138.840416046 0.99609375
v 122.737177261 276.968252358 138.525845433 0.99609375
v 110.470528921 277.391740131 138.291761468 0.99609375
v 122.849051342 277.020393466 138.970425205 0.99609375
v 110.510011365 277.57229153 138.011494894 0.99609375
v 122.553896047 277.69331494 138.477964543 0.99609375
v 110.368366106 277.814147628 138.501380047 0.99609375
v 122.697878807 277.649620365 138.948120285 0.99609375
v 110.298519956 278.222260476 138.773347187 0.99609375
v 123.197253428 277.820359687 138.037797685 0.99609375
v 110.75012597 278.394121143 138.439390503 0.99609375
v 123.133081105 278.270732131 138.937858486 0.99609375
v 110.628528556 278.687427932 138.843389231 0.99609375
v 123.137848914 278.967526132 138.594682573 0.99609375
v 110.682963334 279.00933886 138.350028182 0.99609375
v 123.176264824 279.029313518 138.207002743 0.99609375
v 110.850241259 279.219864306 138.386467358 0.99609375
v 123.000411444 279.236876064 138.433953005 0.99609375
v 110.834860324 279.620705696 138.311066762 0.99609375
v 123.15688269 279.431973359 138.329588913 0.99609375
v 110.498829575 279.709689808 138.300136587 0.99609375
v 123.433075085 280.109276649 138.13844068 0.99609375
v 110.995445614 280.100234478 138.420175574 0.99609375
v 123.529448781 280.039707384 138.036462717 0.99609375
v 110.997289923 280.672202187 138.827039898 0.99609375
v 123.200214419 280.359479768 138.2150034 0.99609375
v 111.006501578 280.502210515 138.364339493 0.99609375
v 123.423730202 280.506473151 138.868752886 0.99609375
v 111.097420449 280.725339625 138.996348926 0.99609375
v 123.46705335 281.166520243 138.513415819 0.99609375
v 111.060519681 281.210965436 138.46006463 0.99609375
v 123.308294552 281.397725365 138.898111796 0.99609375
v 111.156638261 281.427091219 138.231425104 0.99609375
v 123.818344546 281.811426889 138.256935884 0.99609375
v 111.291269089 281.79396238 138.461008345 0.99609375
v 122.985558215 282.001510381 138.63932411 0.99609375
v 111.220901052 282.104445697 138.202540449 0.99609375
v 123.438509981 282.396251882 138.280039586 0.99609375
v 111.336877986 282.27303835 138.709814375 0.99609375
v 123.203383362 282.739641854 138.798914381 0.99609375
v 111.126535545 282.557649506 138.500638162 0.99609375
v 123.066718799 282.768024008 138.766520896 0.99609375
v 111.303335011 283.248881973 138.593769088 0.99609375
v 123.389253749 282.98995994 138.145414267 0.99609375
v 111.496761258 283.180310729 138.994138162 0.99609375
v 123.340796276 283.464626396 138.143377529 0.99609375
v 111.324211211 283.70818214 138.31894463 0.99609375
v 123.318200655 283.447902161 138.405672926 0.99609375
v 111.849798678 283.892343484 138.218568404 0.99609375
v 123.337957911 283.947401645 138.453689328 0.99609375
v 111.481463409 284.104393226 138.364481814 0.99609375
v 123.329553649 284.400179682 138.168188477 0.99609375
v 111.587677316 284.250874384 138.910003536 0.99609375
v 123.21683072 284.490583723 138.483302881 0.99609375
v 111.605892152 284.983293944 138.186803074 0.99609375
v 123.199640303 285.059365085 138.26947541 0.99609375
v 111.428712109 285.175578643 138.706988716 0.99609375
v 123.280133001 285.339406017 138.894000399 0.99609375
v 111.441099571 285.240781148 138.205245188 0.99609375
v 123.086703446 285.622196215 138.638687713 0.99609375
v 112.178529072 285.552692556 138.2073684 0.99609375
v 122.98169407 285.91308439 138.014222252 0.99609375
v 111.956583337 286.097375208 138.769900675 0.99609375
v 122.980577614 285.882516649 138.076271415 0.99609375
v 111.887997984 286.459229316 138.86626134 0.99609375
v 123.385709242 286.201181741 138.633754289 0.99609375
v 112.186809362 286.382400421 138.93260066 0.99609375
v 123.242011487 286.332915968 138.224543009 0.99609375
v 112.016503972 286.601845911 138.421664871 0.99609375
v 123.52989967 286.94614262 138.17192265 0.99609375
v 112.116303534 286.88943374 138.026346637 0.99609375
v 123.115861786 286.893800617 138.660666493 0.99609375
v 111.964623601 287.389718568 138.066406416 0.99609375
v 123.572442642 287.478790668 138.591236209 0.99609375
v 112.080219148 287.713932303 138.761913302 0.99609375
v 123.774464448 287.732490068 138.930151929 0.99609375
v 112.018220449 288.167185774 138.003816522 0.99609375
v 123.524275921 287.828504479 138.30771646 0.99609375
v 111.975706724 287.979525422 138.090481811 0.99609375
v 123.484832584 288.203578749 138.365255281 0.99609375
v 112.039363799 288.377619676 138.688453015 0.99609375
v 123.63072292 288.392476364 138.523828319 0.99609375
v 112.137521381 288.574627285 138.683365019 0.99609375
v 123.760940878 288.749325397 138.887334673 0.99609375
v 112.676907623 289.1111461 138.87978592 0.99609375
v 123.809952272 289.266235939 138.710435885 0.99609375
v 112.416677282 289.656714717 138.805605525 0.99609375
v 123.671762064 289.70893699 138.898256488 0.99609375
v 112.535941942 289.754719182 138.679638904 0.99609375
v 123.716556513 289.434141963 138.639244194 0.99609375
v 112.442661693 289.922911873 138.183432618 0.99609375
v 123.708942127 289.79039678 138.874672147 0.99609375
v 112.657931389 290.371614043 138.325724232 0.99609375
v 123.96407001 290.525123357 138.598396539 0.99609375
v 112.778413144 290.409850533 138.112844765 0.99609375
v 124.187836781 290.747949366 138.787429248 0.99609375
v 112.579472595 290.992128762 138.410592789 0.99609375
v 123.975164165 291.120193982 138.14976342 0.99609375
v 112.637058403 290.937111157 138.054633202 0.99609375
v 124.259817907 290.952188073 138.2521443 0.99609375
v 112.917265281 291.545083652 138.533318843 0.99609375
v 124.280218838 291.723608965 138.459950033 0.99609375
v 113.002086845 291.670960552 138.257850187 0.99609375
v 124.455383407 291.60615908 138.27738342 0.99609375
v 112.575952854 291.985039412 138.615067728 0.99609375
v 124.212263974 291.97885193 138.768620385 0.99609375
v 112.598060377 292.058289512 138.025233936 0.99609375
v 124.563691011 292.233048292 138.918446787 0.99609375
v 112.620011092 292.414103911 138.827666995 0.99609375
v 124.131603514 292.666653109 138.792095366 0.99609375
v 113.250799365 293.090667504 138.258722386 0.99609375
v 124.477663512 292.724564823 138.01175519 0.99609375
v 112.938332705 293.089797625 138.9161132 0.99609375
v 124.228016993 293.0290146 138.440029747 0.99609375
v 112.850234236 293.519237552 138.813431324 0.99609375
v 124.459284053 293.327921561 138.049773177 0.99609375
v 113.375046203 293.74507179 138.128954103 0.99609375
v 124.624804805 293.817568902 138.696990086 0.99609375
v 113.342520035 293.889780548 138.39019245 0.99609375
v 124.14722329 294.194501599 138.543403347 0.99609375
v 113.182600776 294.408513843 138.320569162 0.99609375
v 124.31180401 294.578496129 138.61499271 0.99609375
v 113.391824452 294.568984436 138.085382201 0.99609375
v 124.272619029 294.40411075 138.582048236 0.99609375
v 113.226817188 295.192996387 138.958852298 0.99609375
v 124.508242246 294.650975781 138.743333543 0.99609375
v 113.177810774 295.357433796 138.74532563 0.99609375
v 124.197023808 295.233669944 138.230079939 0.99609375
v 113.407712772 295.799018022 138.735217778 0.99609375
v 124.747058773 295.489482698 138.829749604 0.99609375
v 113.242676431 295.522807076 138.532725168 0.99609375
v 124.92989039 295.589398868 138.375994516 0.99609375
v 113.257452147 296.028213953 138.61695226 0.99609375
v 124.48779646 295.813061317 138.192632601 0.99609375
v 113.517082006 296.412443894 138.686380778 0.99609375
v 124.977533067 296.436507413 138.830258848 0.99609375
v 113.194453499 296.941203507 138.233763153 0.99609375
v 124.627434571 296.841543719 138.366636656 0.99609375
v 113.27493981 297.061505556 138.744374305 0.99609375
v 124.498702336 297.057253804 138.44452512 0.99609375
v 113.616979526 297.32882297 138.461466281 0.99609375
v 124.670883537 296.967018887 138.796823518 0.99609375
v 113.596132847 297.38271151 138.886884951 0.99609375
v 124.567575208 297.314368188 138.324181154 0.99609375
v 113.481455329 297.711483201 138.273639935 0.99609375
v 124.732741832 298.016047584 138.155528898 0.99609375
v 113.498189975 297.889637511 138.439300584 0.99609375
v 124.966084804 298.016388325 138.839178004 0.99609375
v 113.448748731 298.603565968 138.21793577 0.99609375
v 124.776775994 298.347544046 138.742289103 0.99609375
v 113.563150743 298.640283441 138.866111572 0.99609375
v 124.612343415 298.432686024 138.791296571 0.99609375
v 113.94144521 298.7191296 138.018697385 0.99609375
v 124.854456009 299.027313368 138.72132018 0.99609375
v 113.903450307 299.05969499 138.817238585 0.99609375
v 124.413851147 299.152836904 138.021436439 0.99609375
v 113.70675627 299.800736281 138.962365293 0.99609375
v 124.602672077 299.587062026 138.058803136 0.99609375
v 114.029634796 300.077801172 138.978522185 0.99609375
v 124.645598981 299.652396185 138.379028964 0.99609375
v 114.110907212 300.277422348 138.137972667 0.99609375
v 125.099720206 300.356298848 138.07166039 0.99609375
v 113.758119892 300.407266157 138.824420707 0.99609375
v 125.185304894 300.461666767 138.604509947 0.99609375
v 114.014930288 300.7756746 138.022522334 0.99609375
v 125.255149448 300.703166736 138.350711095 0.99609375
v 113.855845938 300.797124948 138.172360165 0.99609375
v 124.70456995 301.157752863 138.378298043 0.99609375
v 114.430165413 301.187616115 138.408297972 0.99609375
v 124.520686692 301.149786118 138.802024069 0.99609375
v 114.066460077 301.338424718 138.46419321 0.99609375
v 124.468905577 301.531208072 138.921852893 0.99609375
v 114.516995608 301.717280577 138.006993002 0.99609375
v 124.550487313 301.633567209 138.183002011 0.99609375
v 114.168005601 301.959613928 138.597663626 0.99609375
v 124.671284961 302.227991776 138.490764349 0.99609375
v 114.069886687 302.295404832 138.052810919 0.99609375
v 124.152292986 302.607242555 138.686835994 0.99609375
v 114.354787323 302.931918871 138.214914957 0.99609375
v 124.33816299 302.553324286 138.968998979 0.99609375
v 114.363814061 303.247441941 138.175350453 0.99609375
v 124.499465119 302.982840656 138.529188179 0.99609375
v 114.414801659 303.354392981 138.448308534 0.99609375
v 124.258984631 303.624056548 138.991980823 0.99609375
v 114.740148468 303.572886555 138.593166849 0.99609375
v 123.833473761 303.373809271 138.383020095 0.99609375
v 114.510339803 303.781915434 138.330285533 0.99609375
v 123.939986121 304.008419961 138.697824983 0.99609375
v 114.756113429 304.056609112 138.501657466 0.99609375
v 124.403047596 304.216479922 138.042583192 0.99609375
v 111.374356416 276.671166869 139.130254455 0.99609375
v 122.678531114 276.706097285 139.213142004 0.99609375
v 111.417951454 276.886568242 138.889714873 0.99609375
v 122.777391354 277.229795052 139.001086226 0.99609375
v 111.28743772 277.207119707 138.681630511 0.99609375
v 122.708061652 277.365818542 139.246129478 0.99609375
v 111.161336875 277.658816961 138.721809493 0.99609375
v 123.144168549 277.682019897 139.000847162 0.99609375
v 111.621547604 277.80904817 138.556048238 0.99609375
v 122.943713804 278.017344449 139.093748546 0.99609375
v 111.118338289 278.379310947 138.584280665 0.99609375
v 123.045558787 278.107772492 139.298418238 0.99609375
v 111.285640462 278.296457977 138.517732984 0.99609375
v 122.880439542 278.619820135 138.51305847 0.99609375
v 111.438170064 278.763859301 138.785049144 0.99609375
v 123.384647366 278.799953903 139.127605856 0.99609375
v 111.299262437 279.185662558 138.841288064 0.99609375
v 123.344849199 278.913339686 139.131999108 0.99609375
v 111.672690065 279.470991866 139.125968554 0.99609375
v 123.186667043 279.08738161 138.791583513 0.99609375
v 111.469711942 279.786113965 139.440505667 0.99609375
v 123.075966509 279.408031185 138.606416334 0.99609375
v 111.532844347 280.026602267 138.59504448 0.99609375
v 123.686210398 279.598122381 139.343305538 0.99609375
v 111.556859115 280.223217554 138.695058358 0.99609375
v 123.762918531 279.910330686 139.097343342 0.99609375
v 111.633412166 280.502854886 139.247279641 0.99609375
v 123.445867681 280.222826954 139.34823985 0.99609375
v 111.782326506 280.67394812 139.34235747 0.99609375
v 123.346685294 280.606687974 138.538587815 0.99609375
v 112.204500721 281.242814408 139.421243709 0.99609375
v 123.39953378 281.083029776 138.674999765 0.99609375
v 111.878890062 281.190695509 139.371619977 0.99609375
v 123.816600833 281.475542321 138.633184234 0.99609375
v 111.941279345 281.702605667 138.65712787 0.99609375
v 123.456763769 281.72192227 138.941791442 0.99609375
v 111.88139654 281.88748223 139.105641557 0.99609375
v 123.582919614 281.758178362 139.285151621 0.99609375
v 112.100923996 282.43767359 138.754060204 0.99609375
v 123.310592651 282.417701207 139.25356402 0.99609375
v 112.17670942 282.310987301 139.250010073 0.99609375
v 123.556668988 282.702548649 138.786736109 0.99609375
v 112.22853646 282.743055882 138.7270774 0.99609375
v 123.682219384 282.676616438 139.200039773 0.99609375
v 112.159871476 283.151822599 139.023855891 0.99609375
v 123.250135985 282.835013902 138.567130155 0.99609375
v 112.184629824 283.529584332 138.912557933 0.99609375
v 123.692537529 283.276575005 139.243137875 0.99609375
v 112.340498392 283.660779525 138.934697592 0.99609375
v 123.594730183 283.469311144 138.61669704 0.99609375
v 112.366013901 283.893062668 139.481633143 0.99609375
v 123.795363534 283.938660059 139.412332922 0.99609375
v 112.009793685 284.321722159 138.510337004 0.99609375
v 123.452988913 283.951719864 139.142664464 0.99609375
v 112.503077782 284.380352356 138.656479318 0.99609375
v 123.357523043 284.753795921 138.581510289 0.99609375
v 112.141604395 284.531684014 138.547505391 0.99609375
v 123.300583399 284.930435869 139.159004105 0.99609375
v 112.021211441 284.845565492 138.852379243 0.99609375
v 123.346487613 284.950687839 138.890450874 0.99609375
v 112.538649784 285.132599091 139.496512926 0.99609375
v 123.568960793 285.227242719 138.601213144 0.99609375
v 112.651816296 285.423660758 139.220642549 0.99609375
v 123.368872198 285.655289268 138.905206892 0.99609375
v 112.318996075 286.087571534 138.529890101 0.99609375
v 123.55232965 286.093164842 138.870069071 0.99609375
v 112.700488385 286.178640823 138.788935781 0.99609375
v 123.408175147 286.091344978 139.209473524 0.99609375
v 112.304127984 286.788202249 139.363982228 0.99609375
v 123.662008076 286.666413195 139.170982655 0.99609375
v 112.335571293 287.098204626 138.933715869 0.99609375
v 123.261246705 286.603469409 139.067730698 0.99609375
v 112.564223387 286.892936734 138.994828553 0.99609375
v 123.263511174 287.013614304 138.592883148 0.99609375
v 112.73538122 287.673296688 139.159230353 0.99609375
v 123.336195891 287.244050576 138.871951466 0.99609375
v 112.704650576 287.503105148 139.260524775 0.99609375
v 123.774221798 287.40275336 139.45005421 0.99609375
v 112.701657932 287.81797109 139.236537551 0.99609375
v 124.091111261 288.10156501 138.696805693 0.99609375
v 112.941544889 288.523782825 139.150989837 0.99609375
v 123.844872714 288.360866657 139.491445228 0.99609375
v 112.600005068 288.692516617 138.994746236 0.99609375
v 123.589406887 288.697901935 139.126054809 0.99609375
v 113.353572215 288.565770903 138.649151682 0.99609375
v 123.905452628 288.814872179 138.844619563 0.99609375
v 113.28155182 288.874490494 139.014415599 0.99609375
v 123.997062912 289.353542103 138.842623354 0.99609375
v 112.821223358 289.515608927 138.713339602 0.99609375
v 123.656831392 289.157897805 139.159545424 0.99609375
v 112.987559371 289.641484031 138.91952786 0.99609375
v 124.377391053 289.539068539 139.079830774 0.99609375
v 113.261934515 290.146304564 138.812753508 0.99609375
v 124.048503358 290.159668518 139.453694638 0.99609375
v 113.012996221 290.043244373 138.986966102 0.99609375
v 124.363295392 290.323184985 139.467315607 0.99609375
v 113.374008036 290.481816886 138.761710045 0.99609375
v 124.309530259 290.806986671 138.850042752 0.99609375
v 112.992271242 290.80927793 139.453430849 0.99609375
v 124.149924027 290.688777117 138.676713252 0.99609375
v 113.298789684 291.127133835 138.599709333 0.99609375
v 124.178425526 291.165110583 138.776347844 0.99609375
v 113.553045196 291.703447194 139.186956693 0.99609375
v 124.320047133 291.531670619 138.780606054 0.99609375
v 113.56892993 291.747944772 138.907486122 0.99609375
v 124.183237419 291.707756151 139.338859763 0.99609375
v 113.149049401 291.853492859 138.616205694 0.99609375
v 124.150677735 292.198495576 139.277902072 0.99609375
v 113.489223806 292.033967179 139.307987098 0.99609375
v 124.538048212 292.377517834 138.506385466 0.99609375
v 113.145338177 292.802107696 139.104793307 0.99609375
v 124.669052189 292.546533974 138.553231544 0.99609375
v 113.653365145 292.771318839 139.216556735 0.99609375
v 124.137662055 292.803210048 138.890637711 0.99609375
v 113.732007328 293.372356846 139.457100583 0.99609375
v 124.33504799 293.034305155 138.996812045 0.99609375
v 113.798174413 293.474048406 139.074298112 0.99609375
v 124.267949519 293.234727823 138.936201249 0.99609375
v 113.465346996 293.957351241 138.702489052 0.99609375
v 124.691855384 293.982340524 139.177613665 0.99609375
v 113.575328259 293.901824644 138.872063534 0.99609375
v 124.534136496 293.865878135 139.314976738 0.99609375
v 113.652199456 294.155697942 139.331625703 0.99609375
v 124.572962995 294.11680612 138.551467815 0.99609375
v 113.659523162 294.727152408 138.890869496 0.99609375
v 124.726486546 294.442116745 139.429101939 0.99609375
v 113.900727123 295.02181008 138.892889327 0.99609375
v 124.69612435 295.174459691 139.42009816 0.99609375
v 113.880867739 295.0186913 138.554069477 0.99609375
v 124.441259228 294.986258118 138.540473262 0.99609375
v 114.166278563 295.642779817 138.757302095 0.99609375
v 124.562864079 295.684106593 138.945350005 0.99609375
v 113.89311849 295.895808357 138.669145937 0.99609375
v 124.432959456 296.037201117 139.398558145 0.99609375
v 114.028389166 295.859831287 139.11354131 0.99609375
v 124.54223296 296.12564031 138.919456284 0.99609375
v 113.807036809 296.625841201 139.057775381 0.99609375
v 125.241577978 296.152645441 138.741080417 0.99609375
v 113.98249542 296.910091673 139.41272677 0.99609375
v 124.981749859 296.532519954 139.035470421 0.99609375
v 114.157999945 297.115024631 139.129815265 0.99609375
v 124.859949821 296.80608577 138.844182246 0.99609375
v 114.034306262 297.490576719 139.273626556 0.99609375
v 124.946643013 297.045488941 139.399120676 0.99609375
v 114.485952108 297.447741381 139.432053494 0.99609375
v 125.04175406 297.292291278 139.334692447 0.99609375
v 114.415183836 297.838841175 139.348800562 0.99609375
v 125.082290706 297.980372235 139.261659837 0.99609375
v 113.972801347 298.143794562 139.213917846 0.99609375
v 124.817416136 298.139105861 138.573365 0.99609375
v 114.215219454 298.350167402 138.629773024 0.99609375
v 125.1806832 298.289390087 139.247268695 0.99609375
v 114.424813694 298.41259777 139.053302677 0.99609375
v 124.702356329 298.946711432 138.988475451 0.99609375
v 114.71848294 298.827064262 139.225649028 0.99609375
v 125.015127434 299.267426716 139.033765063 0.99609375
v 114.295482724 299.476755985 138.921227601 0.99609375
v 125.163876835 299.066245054 138.882958701 0.99609375
v 114.392820402 299.847401816 138.743681181 0.99609375
v 124.876610816 299.529484096 139.187984978 0.99609375
v 114.278302641 299.699255248 138.811781608 0.99609375
v 124.84407418 299.718987375 138.606663232 0.99609375
v 114.652159245 300.104176684 138.915893499 0.99609375
v 124.839509117 300.176563525 139.048590776 0.99609375
v 114.384413867 300.398344781 138.921319785 0.99609375
v 125.22833102 300.264985145 138.712583718 0.99609375
v 114.294245908 300.796169587 139.124292735 0.99609375
v 125.062258233 300.863465957 138.795005721 0.99609375
v 114.801073381 300.965919397 139.30974868 0.99609375
v 125.057216077 300.903516881 139.37633416 0.99609375
v 114.632681581 301.140045507 139.364007966 0.99609375
v 124.951590696 301.185474975 139.356518755 0.99609375
v 114.952766125 301.813556466 139.042466487 0.99609375
v 125.0842232 301.856951142 139.153309543 0.99609375
v 114.612501566 301.695716497 139.493999471 0.99609375
v 125.323697546 301.914913699 138.9484875 0.99609375
v 114.590323788 301.963091607 139.157105097 0.99609375
v 125.50702247 302.280163749 138.802524551 0.99609375
v 114.836084242 302.517488535 138.803967413 0.99609375
v 125.55113726 302.309468345 139.244839374 0.99609375
v 115.348220951 302.93097058 139.00514714 0.99609375
v 125.515066329 302.557768086 138.784951843 0.99609375
v 115.232275375 303.160166109 139.44046286 0.99609375
v 125.023155866 302.938640969 138.538768355 0.99609375
v 115.154002038 303.488675014 138.629682726 0.99609375
v 125.078737713 303.487411933 139.194925328 0.99609375
v 114.883752611 303.787951997 139.117559753 0.99609375
v 125.550280281 303.656379211 139.214376643 0.99609375
v 115.1649304 303.824396277 138.972900438 0.99609375
v 124.994502836 304.187563117 139.383919114 0.99609375
v 114.892477412 304.444025662 139.352813854 0.99609375
v 125.265353063 304.303885329 138.806462853 0.99609375
v 112.40520472 276.410836973 139.13014677 0.99609375
v 122.823741905 276.844722767 139.934684255 0.99609375
v 112.714348584 276.982607405 139.000376151 0.99609375
v 122.923291433 276.959038397 139.753756069 0.99609375
v 112.688046344 277.066325668 139.669091263 0.99609375
v 123.004929457 277.44165868 139.540353663 0.99609375
v 112.698631741 277.304856916 139.104066629 0.99609375
v 122.761482724 277.579527315 139.240306248 0.99609375
v 112.439107641 277.815446942 139.266504473 0.99609375
v 122.936287061 277.648093296 139.579591028 0.99609375
v 112.486902401 277.850712346 139.411289147 0.99609375
v 123.176994875 278.030681814 139.509834259 0.99609375
v 112.26835659 278.205966152 139.618920435 0.99609375
v 123.34800469 278.144568971 139.973488759 0.99609375
v 112.258893126 278.617306985 139.503554027 0.99609375
v 123.183229934 278.821934141 139.758874425 0.99609375
v 112.366595912 278.849170591 139.244856063 0.99609375
v 123.288524419 279.221408043 139.405142687 0.99609375
v 112.525985666 279.285811084 139.566666983 0.99609375
v 123.051322558 279.354853377 139.634366565 0.99609375
v 113.042267828 279.396655955 139.970362435 0.99609375
v 123.379580819 279.773312414 139.474212778 0.99609375
v 112.602087329 279.954139675 139.764810064 0.99609375
v 123.728561139 279.680388887 139.9034421 0.99609375
v 112.783827262 280.283080088 139.804560425 0.99609375
v 123.609842927 280.190149427 139.750273402 0.99609375
v 112.637563867 280.385776637 139.603144624 0.99609375
v 123.349686538 280.516779896 139.068692961 0.99609375
v 112.84083631 280.88815479 139.792622768 0.99609375
v 123.410484067 280.973741224 139.861291067 0.99609375
v 112.753896179 281.055784202 139.447164297 0.99609375
v 123.529761674 280.782288543 139.645048878 0.99609375
v 112.680830125 281.210766878 139.366674443 0.99609375
v 123.613359423 281.056375862 139.287368316 0.99609375
v 112.99934494 281.402675125 139.591133945 0.99609375
v 123.860279363 281.766241274 139.675994559 0.99609375
v 113.291936055 281.998802451 139.893997468 0.99609375
v 124.049235567 281.631045941 139.630408827 0.99609375
v 113.326391086 282.310215123 139.756389671 0.99609375
v 123.74220267 282.187546632 139.899728579 0.99609375
v 113.010084189 282.303721189 139.787139776 0.99609375
v 124.090093067 282.732710378 139.494682144 0.99609375
v 113.002505892 282.844518833 139.646557841 0.99609375
v 123.586345965 282.658402935 139.544018082 0.99609375
v 113.071200759 283.132818917 139.843542514 0.99609375
v 123.65167416 283.136041662 139.230084515 0.99609375
v 113.007485835 283.398047487 139.81191963 0.99609375
v 123.580781143 283.350736471 139.413678327 0.99609375
v 113.047000096 283.591402002 139.25726463 0.99609375
v 124.1162962 283.852685368 139.395095587 0.99609375
v 113.077300706 284.063934779 139.410380293 0.99609375
v 123.592218454 284.175155608 139.490414395 0.99609375
v 113.095781784 284.22533065 139.715203168 0.99609375
v 124.101681907 284.184816932 139.654190164 0.99609375
v 112.882442754 284.703849033 139.551293708 0.99609375
v 123.800632616 284.400875883 139.685065089 0.99609375
v 112.814663806 284.701551141 139.578643785 0.99609375
v 124.017953869 284.526796574 139.536375257 0.99609375
v 113.204349649 285.06718704 139.152798123 0.99609375
v 123.650227858 285.007197192 139.5219012 0.99609375
v 113.363915203 285.376751422 139.901309711 0.99609375
v 123.578157247 285.296070415 139.671287358 0.99609375
v 113.330763105 285.655628304 139.420405484 0.99609375
v 123.725533505 285.777871637 139.502530945 0.99609375
v 113.162199795 286.225728704 139.37003702 0.99609375
v 123.839742619 285.864368434 139.631544038 0.99609375
v 113.223190358 286.080884819 139.557385293 0.99609375
v 123.576933115 286.500785388 139.175155098 0.99609375
v 113.552122466 286.367494944 139.056978532 0.99609375
v 123.664502925 286.735801228 139.936075351 0.99609375
v 113.3884047 286.894325501 139.110503475 0.99609375
v 123.698633865 286.552147349 139.832471506 0.99609375
v 113.636386597 287.221351999 139.714287007 0.99609375
v 123.94694084 286.893404906 139.593799338 0.99609375
v 113.912849014 287.473883142 139.889779439 0.99609375
v 123.713586927 287.398465327 139.179000353 0.99609375
v 113.71628218 287.504989769 139.117215819 0.99609375
v 123.833431362 287.747132027 139.866939848 0.99609375
v 113.465217864 287.760546222 139.526079975 0.99609375
v 123.628872814 288.03906241 139.786031827 0.99609375
v 113.681935272 288.39321321 139.700015807 0.99609375
v 124.029704313 288.285377291 139.043318873 0.99609375
v 113.456475829 288.783897299 139.906317017 0.99609375
v 123.685280168 288.266024679 139.901003477 0.99609375
v 114.02981291 288.603211422 139.783873851 0.99609375
v 124.033183033 289.078821559 139.972190769 0.99609375
v 113.908377484 289.049218311 139.086727203 0.99609375
v 124.135735355 289.094926853 139.488261311 0.99609375
v 113.728040779 289.591123674 139.746599404 0.99609375
v 124.027614843 289.312999282 139.913137496 0.99609375
v 113.823463015 289.81398124 139.055409509 0.99609375
v 124.31938932 289.660411819 139.981167874 0.99609375
v 113.866013175 290.082628719 139.418011034 0.99609375
v 124.134721425 290.114271987 139.941537719 0.99609375
v 113.94461365 290.270499422 139.697793044 0.99609375
v 124.363791738 290.356290975 139.042129467 0.99609375
v 114.248750709 290.775820988 139.629926979 0.99609375
v 124.643725098 290.514591349 139.625144621 0.99609375
v 114.239184992 290.931266114 139.757154584 0.99609375
v 124.611315968 290.763708991 139.930109132 0.99609375
v 113.801442466 290.967220036 139.829543638 0.99609375
v 124.687875223 290.920060079 139.436868819 0.99609375
v 114.163542344 291.188102807 139.695368813 0.99609375
v 124.64237219 291.183309694 139.842503837 0.99609375
v 114.08799493 291.896651744 139.313600075 0.99609375
v 124.380608497 291.661398875 139.783270111 0.99609375
v 114.320035457 292.286988444 139.336787365 0.99609375
v 124.692765944 292.298225133 139.614339206 0.99609375
v 114.345375896 292.1371926 139.258202275 0.99609375
v 124.762699227 292.123540869 139.300822283 0.99609375
v 114.286521037 292.710972639 139.228269063 0.99609375
v 124.768027476 292.823977797 139.71956491 0.99609375
v 114.139825104 292.680937922 139.293225168 0.99609375
v 124.961170673 292.783589044 139.581216951 0.99609375
v 114.083864183 292.901981894 139.148567668 0.99609375
v 124.528757362 293.409587118 139.362134856 0.99609375
v 114.081316584 293.258291357 139.761749759 0.99609375
v 124.412633652 293.407024673 139.183324831 0.99609375
v 114.578059983 293.699747193 139.645904841 0.99609375
v 124.769814971 293.604472498 139.889318891 0.99609375
v 114.765723739 294.254365434 139.86607021 0.99609375
v 124.598965196 293.910609891 139.19839137 0.99609375
v 114.781965979 294.556148425 139.027102933 0.99609375
v 124.78538927 294.499427892 139.213329523 0.99609375
v 114.449247154 294.594445196 139.013147382 0.99609375
v 124.935919365 294.673916576 139.34573087 0.99609375
v 114.44542952 294.686430579 139.281342871 0.99609375
v 124.619387082 294.649318992 139.298671921 0.99609375
v 114.784714343 294.985669272 139.682484413 0.99609375
v 124.784035944 294.952837678 139.972980331 0.99609375
v 114.651242698 295.714635288 139.992175205 0.99609375
v 124.786185896 295.572735746 139.906069776 0.99609375
v 114.995921637 295.61360002 139.542585836 0.99609375
v 124.777747736 295.806339955 139.408553677 0.99609375
v 114.880976135 296.341459644 139.054924724 0.99609375
v 124.895175398 295.879125541 139.521798566 0.99609375
v 114.934721008 296.528387389 139.351008232 0.99609375
v 124.954756991 296.457882155 139.74393456 0.99609375
v 115.078655537 296.710874224 139.576790708 0.99609375
v 125.192653483 296.486462841 139.492694742 0.99609375
v 114.636532177 296.842548125 139.786872073 0.99609375
v 124.82813416 296.831034186 139.64168876 0.99609375
v 114.57002544 297.333777342 139.104018069 0.99609375
v 124.826964315 297.186164875 139.520573064 0.99609375
v 114.578230125 297.808311687 139.617355441 0.99609375
v 125.016360618 297.3873899 139.232141811 0.99609375
v 114.948822254 297.709938389 139.855863202 0.99609375
v 125.22345965 297.589661772 139.397151952 0.99609375
v 115.116438365 298.275503302 139.166139793 0.99609375
v 125.139534924 298.09037412 139.607756679 0.99609375
v 115.381955783 298.682317963 139.093828975 0.99609375
v 125.455664108 298.555997955 139.436746352 0.99609375
v 114.86777245 298.611077258 139.436148829 0.99609375
v 125.567232637 298.965103129 139.147413892 0.99609375
v 115.252626635 299.11542266 139.301650668 0.99609375
v 125.436354381 298.893252476 139.336244699 0.99609375
v 115.250219796 299.049430308 139.974235292 0.99609375
v 125.398365798 299.077517898 139.598120371 0.99609375
v 115.388647904 299.780278318 139.740130246 0.99609375
v 125.452198501 299.812705828 139.144715397 0.99609375
v 115.466590705 299.605885944 139.705533612 0.99609375
v 125.181050482 299.574757066 139.874359301 0.99609375
v 115.28525092 300.133018338 139.215955066 0.99609375
v 125.529411593 299.998430271 139.35076876 0.99609375
v 115.179731315 300.624957692 139.51771527 0.99609375
v 125.048888838 300.299994761 139.024892483 0.99609375
v 115.159707763 300.837276704 139.857084672 0.99609375
v 125.165867355 300.50992844 139.230626318 0.99609375
v 115.158374886 300.791477489 139.983577305 0.99609375
v 125.127428194 301.274806513 139.812614175 0.99609375
v 115.150992476 301.392587412 139.885920901 0.99609375
v 125.363333826 301.501918144 139.449147474 0.99609375
v 115.476237505 301.470206145 139.862273997 0.99609375
v 125.210262139 301.702819092 139.537478784 0.99609375
v 115.986936645 302.136093462 139.538889581 0.99609375
v 125.023656755 301.80340345 139.312808472 0.99609375
v 115.53330661 302.323985061 139.489041646 0.99609375
v 125.321240888 302.05553861 139.586840622 0.99609375
v 115.933572086 302.518029997 139.305551719 0.99609375
v 125.281401236 302.231852177 139.476979821 0.99609375
v 115.439577885 302.526434166 139.171933174 0.99609375
v 125.484901367 302.877584966 139.851347533 0.99609375
v 115.504395694 302.827465005 139.28120695 0.99609375
v 125.640908321 302.845982467 139.064245907 0.99609375
v 115.596000245 303.478794609 139.562883521 0.99609375
v 125.704920662 303.596633985 139.068162145 0.99609375
v 115.736135745 303.361082306 139.413951915 0.99609375
v 125.580778616 303.399644612 139.857945845 0.99609375
v 116.137411102 303.957393647 139.742829049 0.99609375
v 125.858070847 304.159969872 139.763251274 0.99609375
v 116.128729593 304.412583875 139.57836699 0.99609375
v 125.289116749 304.160488709 139.49053721 0.99609375
v 112.368419977 276.27162185 139.814361356 0.99609375
v 122.763396441 276.441197038 140.063600585 0.99609375
v 113.466662852 276.722140487 139.526661358 0.99609375
v 123.10823209 276.873547219 139.696120033 0.99609375
v 113.501419351 276.937166831 140.359593195 0.99609375
v 123.097038205 276.748476481 139.66024332 0.99609375
v 113.633016957 277.142071016 139.834404754 0.99609375
v 123.244965064 277.209918006 140.149950767 0.99609375
v 113.927295087 277.776841475 139.937996534 0.99609375
v 123.301677497 277.587636298 139.619841326 0.99609375
v 113.414743622 277.961399862 140.07244176 0.99609375
v 123.186808798 277.77333386 139.575524883 0.99609375
v 114.112876061 278.265087043 140.056352683 0.99609375
v 123.004431333 277.993641026 140.023708515 0.99609375
v 113.830378669 278.586200564 139.574619898 0.99609375
v 123.51701771 278.669604105 139.685590348 0.99609375
v 113.688226254 278.793078393 140.419646996 0.99609375
v 123.474343656 278.83606278 140.36670807 0.99609375
v 113.990037917 278.881911464 139.639559066 0.99609375
v 123.741922701 278.735765047 140.190228179 0.99609375
v 114.172978899 279.029733269 140.178860562 0.99609375
v 123.298547402 279.310573704 139.644261859 0.99609375
v 113.786395651 279.655097571 139.843874322 0.99609375
v 123.726388811 279.761028996 139.705931091 0.99609375
v 114.246025129 279.825971941 140.177140857 0.99609375
v 123.280200888 279.91285976 139.947051803 0.99609375
v 113.934032452 279.993827175 140.447736381 0.99609375
v 123.373998667 280.169028913 140.409167763 0.99609375
v 113.837088086 280.197544189 140.241573441 0.99609375
v 123.926650826 280.638866705 140.374948412 0.99609375
v 114.23299042 280.999981539 139.586735829 0.99609375
v 123.690045156 280.783034851 140.486267103 0.99609375
v 114.109554861 281.134088931 139.90703368 0.99609375
v 123.94484843 281.110368715 140.250573919 0.99609375
v 113.983322343 281.515022556 140.096107077 0.99609375
v 123.794428032 281.070501256 140.421196465 0.99609375
v 114.458898677 281.789190953 139.656685037 0.99609375
v 123.916734537 281.318949455 140.028003684 0.99609375
v 114.24744478 281.735650829 140.115503779 0.99609375
v 123.668624757 281.868101889 140.088581028 0.99609375
v 114.015011287 282.433834916 139.592534617 0.99609375
v 123.724737226 282.006369972 140.22091781 0.99609375
v 114.427830479 282.482316009 139.751621152 0.99609375
v 123.755688285 282.338159852 140.295142429 0.99609375
v 114.467582936 282.526303973 139.546117144 0.99609375
v 123.543467054 282.525022462 139.806761188 0.99609375
v 114.133000963 282.995657181 139.930876041 0.99609375
v 123.860502336 283.067151582 139.831476605 0.99609375
v 114.063145981 283.105400182 139.517952929 0.99609375
v 123.656539161 283.504564767 140.299191739 0.99609375
v 114.78189422 283.691730451 140.072325233 0.99609375
v 123.979361426 283.708760371 139.684580977 0.99609375
v 114.703602322 283.680882117 140.03413521 0.99609375
v 123.897699347 283.681183582 139.591543919 0.99609375
v 114.562753473 284.137796199 139.513820622 0.99609375
v 123.564383184 284.33247493 139.976948947 0.99609375
v 114.791226596 284.610147638 140.179592614 0.99609375
v 123.967338618 284.596038758 139.512240255 0.99609375
v 114.783068668 284.553771068 139.645206464 0.99609375
v 123.603169347 285.031247379 140.398269756 0.99609375
v 114.556316446 285.084219052 139.64707256 0.99609375
v 123.830551673 284.996827257 140.240663945 0.99609375
v 114.493874959 285.361773829 140.09736263 0.99609375
v 123.806278676 285.508301354 140.256550104 0.99609375
v 114.748931928 285.664620106 139.903658784 0.99609375
v 123.883153086 285.928517739 140.254361684 0.99609375
v 114.311710186 285.66133728 139.658226639 0.99609375
v 123.735489887 286.07250971 140.015246421 0.99609375
v 114.377736567 286.479173126 139.710673528 0.99609375
v 123.705482451 285.961233885 139.871195173 0.99609375
v 114.55989193 286.561166611 140.126835515 0.99609375
v 124.04567193 286.403514032 139.520874668 0.99609375
v 114.959850368 286.53777828 140.246300921 0.99609375
v 124.183238511 286.87195969 139.63225299 0.99609375
v 114.681941497 286.818118459 140.270903986 0.99609375
v 123.950785884 287.198742308 139.745822527 0.99609375
v 115.03653322 287.184723547 139.702661055 0.99609375
v 123.879363296 287.600716284 140.354420661 0.99609375
v 114.585163084 287.632306536 140.079603556 0.99609375
v 124.208500289 287.775013616 139.661888622 0.99609375
v 114.816413618 287.815103763 139.605249388 0.99609375
v 123.895879832 287.794498179 140.305498616 0.99609375
v 114.67678352 288.195953425 140.320587168 0.99609375
v 124.167902899 288.474757291 139.628306118 0.99609375
v 114.681985155 288.640896828 140.498174239 0.99609375
v 123.954445578 288.463885143 139.803512243 0.99609375
v 114.960097215 288.57280029 140.47421386 0.99609375
v 123.997971488 288.780465256 140.46759668 0.99609375
v 114.775501041 289.206203812 140.066120064 0.99609375
v 124.169923455 288.905252952 139.831593057 0.99609375
v 115.118462226 289.254443016 140.253328884 0.99609375
v 124.282762875 289.14368408 139.748866428 0.99609375
v 115.200642782 289.459523955 140.027056497 0.99609375
v 124.152346671 289.693658713 139.624704316 0.99609375
v 115.392620909 289.866811848 139.547901021 0.99609375
v 124.255469031 289.920178662 139.842909721 0.99609375
v 115.002943879 290.481489677 139.768571835 0.99609375
v 124.596744771 290.160945219 140.138790652 0.99609375
v 115.284898207 290.378644459 140.289379351 0.99609375
v 124.349178853 290.643982456 140.102808015 0.99609375
v 114.869966944 290.847642682 140.436391111 0.99609375
v 124.367934374 290.63627718 139.784097918 0.99609375
v 115.241422895 291.137611682 140.196651382 0.99609375
v 124.657259932 291.165346064 140.123653158 0.99609375
v 115.204679584 291.606576596 140.318357789 0.99609375
v 124.545264857 291.576765452 139.859341853 0.99609375
v 115.279221205 291.964851836 139.647250674 0.99609375
v 124.874865977 291.911733307 140.186424785 0.99609375
v 114.966881811 292.24832843 139.792544762 0.99609375
v 124.531336597 292.06459894 140.35760991 0.99609375
v 114.902187515 292.125259934 140.196591645 0.99609375
v 124.844996114 292.09700671 140.209733491 0.99609375
v 115.388129605 292.441674878 140.438850385 0.99609375
v 124.708164857 292.862156473 140.367282102 0.99609375
v 115.414809001 293.121467918 139.523696334 0.99609375
v 124.742843505 292.977023262 139.554033415 0.99609375
v 115.392626174 293.347676541 140.494725333 0.99609375
v 124.805032971 293.184579864 140.024114052 0.99609375
v 115.243389464 293.5677171 139.961393135 0.99609375
v 124.914922205 293.621454732 140.266870161 0.99609375
v 115.19659116 293.604302769 139.89251285 0.99609375
v 124.430389768 293.723023016 140.186205592 0.99609375
v 115.603559334 294.22998997 139.575493431 0.99609375
v 124.540080695 294.306105814 139.881124511 0.99609375
v 115.721582356 294.119801515 139.581386118 0.99609375
v 125.072202389 294.351253402 139.53565425 0.99609375
v 115.738467314 294.647872914 139.649155543 0.99609375
v 124.928643613 294.579502056 140.208519954 0.99609375
v 115.930417311 294.843017557 139.876014451 0.99609375
v 124.857627713 295.047928957 139.524704926 0.99609375
v 115.558767406 295.42795217 140.141631053 0.99609375
v 124.956788026 295.482643078 139.859100628 0.99609375
v 115.896113362 295.772872637 139.921216476 0.99609375
v 124.733557841 295.62635518 139.796534396 0.99609375
v 115.800104796 295.806500193 139.816871687 0.99609375
v 124.852431838 295.680704572 140.10186697 0.99609375
v 115.684239446 296.191612806 139.73977735 0.99609375
v 125.169103052 296.24028454 140.130085639 0.99609375
v 115.580344165 296.53147474 139.857456033 0.99609375
v 125.386306205 296.603933986 140.461992195 0.99609375
v 116.092785059 296.923514945 140.351817472 0.99609375
v 125.455108326 296.881050299 140.104223192 0.99609375
v 115.868596385 297.102561513 139.753525969 0.99609375
v 125.179846996 297.140002597 139.773023849 0.99609375
v 116.088417507 297.274712024 139.96962194 0.99609375
v 125.099718958 297.053135542 140.376070652 0.99609375
v 116.136382235 297.520531194 140.379282582 0.99609375
v 125.527140797 297.467832894 140.339081849 0.99609375
v 116.1786074 297.840661866 139.810907068 0.99609375
v 125.283516035 297.666617386 139.982245217 0.99609375
v 115.958322772 297.944030797 139.697780033 0.99609375
v 125.342090489 298.345008963 140.307045598 0.99609375
v 115.805690049 298.560162388 139.951982197 0.99609375
v 125.423488154 298.444602184 139.624849762 0.99609375
v 116.017965679 298.465368125 140.12348092 0.99609375
v 125.137295676 298.957625247 139.550137348 0.99609375
v 115.759214617 298.965202959 140.060230359 0.99609375
v 125.710980736 298.975861379 139.83732016 0.99609375
v 116.026221576 299.002631756 140.263450164 0.99609375
v 125.667666304 299.537606664 140.095335261 0.99609375
v 116.091824608 299.731023689 139.577671476 0.99609375
v 125.75943084 299.366642742 140.400721193 0.99609375
v 116.346525853 299.903847589 140.484709671 0.99609375
v 125.75825802 299.776640275 139.661830127 0.99609375
v 116.17324966 300.398151388 139.792952644 0.99609375
v 125.48361586 300.03666458 140.36749474 0.99609375
v 116.361943249 300.690678198 140.065702472 0.99609375
v 125.420148908 300.606035932 139.855709323 0.99609375
v 116.418048595 300.879166169 140.110665399 0.99609375
v 125.682788063 300.565234529 139.889149098 0.99609375
v 116.508158443 301.228722423 139.531264827 0.99609375
v 125.602646604 300.798180232 140.026625107 0.99609375
v 116.196002934 301.576205826 139.939220795 0.99609375
v 125.720856103 301.489181353 140.446470339 0.99609375
v 116.533502734 301.485359687 139.524905855 0.99609375
v 125.310647138 301.425755272 139.69797205 0.99609375
v 116.403961719 301.918054501 140.048945387 0.99609375
v 125.348520441 301.623115892 139.537986729 0.99609375
v 116.658240863 302.013765705 139.598944745 0.99609375
v 125.545456764 302.302227167 139.698511834 0.99609375
v 116.331049018 302.230907683 139.902991449 0.99609375
v 125.740621297 302.75080013 139.887514128 0.99609375
v 116.424722382 302.864277816 139.676428942 0.99609375
v 125.385093208 302.641405721 139.574113787 0.99609375
v 116.302121002 302.888282831 139.742224624 0.99609375
v 125.748674378 302.958777463 139.858833741 0.99609375
v 116.375267024 303.290362046 140.13704352 0.99609375
v 125.932110576 303.268088011 139.780273921 0.99609375
v 116.780233853 303.481720275 139.740665291 0.99609375
v 125.708716274 303.434941826 140.346408158 0.99609375
v 116.296423657 304.007164494 140.414000097 0.99609375
v 125.693077767 303.959701539 139.768819603 0.99609375
v 116.655407683 304.262697631 139.910438566 0.99609375
v 126.054032539 304.207040945 140.234128168 0.99609375
v 117.022607296 276.373367501 140.575385266 0.99609375
v 122.998959629 276.650878173 140.291684307 0.99609375
v 117.163936301 276.915003586 140.420363 0.99609375
v 123.206640989 276.891934988 140.866223954 0.99609375
v 116.923771715 276.738959419 140.887517248 0.99609375
v 123.385358322 276.88736966 140.844776762 0.99609375
v 116.901664089 277.269741058 140.38180151 0.99609375
v 123.511021018 277.365410887 140.254935961 0.99609375
v 117.047573892 277.322668393 140.335149336 0.99609375
v 123.390894585 277.633539641 140.098383021 0.99609375
v 117.247798579 277.594425501 140.918310561 0.99609375
v 123.371182596 277.58504827 140.5150877 0.99609375
v 117.39322888 278.103373454 140.665568706 0.99609375
v 123.337980892 278.105747439 140.075574246 0.99609375
v 116.663383717 278.267507383 140.679027086 0.99609375
v 123.662278999 278.35272629 140.032436696 0.99609375
v 117.100960653 278.753536754 140.123838907 0.99609375
v 123.253519922 278.638556176 140.784305075 0.99609375
v 117.115106789 279.21846539 140.081227735 0.99609375
v 123.594833564 279.023789739 140.781860079 0.99609375
v 117.025714414 279.235429919 140.9729729 0.99609375
v 123.468471192 279.308511529 140.079484334 0.99609375
v 116.786362454 279.829846996 140.7801972 0.99609375
v 123.493629201 279.479969351 140.986801923 0.99609375
v 116.951090242 279.843421799 140.035855872 0.99609375
v 124.013399079 279.79430011 140.949120498 0.99609375
v 117.11958585 279.910808974 140.126978821 0.99609375
v 123.637072265 279.92801776 140.20041779 0.99609375
v 117.096618636 280.470493139 140.662784083 0.99609375
v 123.669530332 280.396781912 140.935917636 0.99609375
v 117.138782133 280.439329231 140.231116703 0.99609375
v 124.090843696 280.824455353 140.749801297 0.99609375
v 116.981799936 281.134246837 140.083337334 0.99609375
v 123.73390403 280.818557889 140.479801519 0.99609375
v 117.363507378 281.530591649 140.562340077 0.99609375
v 123.838948789 281.228304269 140.475310028 0.99609375
v 116.945535578 281.77240462 140.395131122 0.99609375
v 123.678038441 281.351790036 140.884852391 0.99609375
v 117.109120787 281.591477797 140.128425043 0.99609375
v 123.79038482 281.926764667 140.002286908 0.99609375
v 117.330733516 282.199101653 140.314270296 0.99609375
v 124.162366497 282.294733092 140.603039354 0.99609375
v 117.161391868 282.543739801 140.808380265 0.99609375
v 123.881760232 282.695328557 140.482103942 0.99609375
v 117.231597916 282.689815503 140.594941367 0.99609375
v 124.025245227 282.626666356 140.614452666 0.99609375
v 116.959833961 282.932059083 140.013941388 0.99609375
v 124.402675919 283.286626005 140.611905053 0.99609375
v 117.060585361 283.367917646 140.705384989 0.99609375
v 124.315320997 283.611666181 140.934293515 0.99609375
v 117.050411842 283.371266809 140.194766369 0.99609375
v 124.118556401 283.674485168 140.559241976 0.99609375
v 116.98270124 284.196740473 140.083656582 0.99609375
v 124.231450438 283.970974831 140.858168733 0.99609375
v 116.987887699 284.172989753 140.75823097 0.99609375
v 124.137431697 284.321101581 140.503941553 0.99609375
v 117.097675822 284.559283527 140.487350073 0.99609375
v 124.229869777 284.362652083 140.322321585 0.99609375
v 117.144169361 284.964508021 140.924656846 0.99609375
v 124.102419035 284.963896023 140.646054694 0.99609375
v 116.908110829 285.085491315 140.996346358 0.99609375
v 123.911832469 284.951174884 140.795819827 0.99609375
v 117.076542074 285.408223684 140.183001855 0.99609375
v 124.343751284 285.635878841 140.15505846 0.99609375
v 117.082218792 285.79694598 140.817668991 0.99609375
v 123.854511547 285.531618176 140.925902845 0.99609375
v 117.431354192 285.743188784 140.981789279 0.99609375
v 124.071011888 285.842311036 140.473088457 0.99609375
v 116.888165103 286.258176352 140.084630255 0.99609375
v 123.949680918 286.192995865 140.131543879 0.99609375
v 117.3070766 286.779928576 140.273321166 0.99609375
v 124.238129622 286.364537265 140.705787504 0.99609375
v 117.283414719 286.690045933 140.119142207 0.99609375
v 124.207939756 286.915538868 140.839481089 0.99609375
v 117.13404671 287.06798823 140.567967793 0.99609375
v 124.142313024 286.820541959 140.388856539 0.99609375
v 117.094491517 287.392894522 140.536962625 0.99609375
v 124.249397778 287.375597194 140.363891955 0.99609375
v 117.230504585 287.588971378 140.095655172 0.99609375
v 123.879968147 287.587093906 140.80195619 0.99609375
v 116.940812491 287.680892142 140.141181519 0.99609375
v 124.079690922 287.885330118 140.811637562 0.99609375
v 117.138320396 288.335946144 140.49776417 0.99609375
v 124.204306687 288.472864748 140.492749455 0.99609375
v 117.11695389 288.633464525 140.981412666 0.99609375
v 124.457106044 288.513917528 140.023258526 0.99609375
v 117.297381506 289.104465756 140.201126343 0.99609375
v 124.168334881 288.6889482 140.315084726 0.99609375
v 117.311916539 289.197820821 140.434844374 0.99609375
v 124.189223076 288.975630975 140.789306974 0.99609375
v 117.30946341 289.626763338 140.538090651 0.99609375
v 124.39647037 289.692168369 140.086347336 0.99609375
v 117.443428492 289.592718526 140.851572629 0.99609375
v 124.167892977 289.620987484 140.295271856 0.99609375
v 117.584988811 290.044009553 140.298307154 0.99609375
v 124.693766128 289.851965193 140.383048827 0.99609375
v 117.328163318 290.307388644 140.020568875 0.99609375
v 124.406052584 290.353661359 140.20263095 0.99609375
v 117.386288276 290.521713146 140.12620842 0.99609375
v 124.807076217 290.811159244 140.978525968 0.99609375
v 117.507081112 290.800991555 140.799480224 0.99609375
v 124.816343669 290.6017866 140.588038978 0.99609375
v 117.581246518 291.271866037 140.561399356 0.99609375
v 124.576788198 291.048011017 140.406337137 0.99609375
v 117.366711754 291.429752034 140.732999999 0.99609375
v 124.784000403 291.435565833 140.039426278 0.99609375
v 117.640588825 291.616038835 140.376664163 0.99609375
v 124.984688508 291.601247836 140.989222797 0.99609375
v 117.449007426 291.79011198 140.150067439 0.99609375
v 124.521169755 291.803020514 140.82918279 0.99609375
v 117.462501439 292.223825934 140.801934957 0.99609375
v 124.599124979 292.584882984 140.552850049 0.99609375
v 117.669938636 292.657976682 140.67031455 0.99609375
v 124.891998495 292.87153174 140.455522661 0.99609375
v 117.756013201 292.845679397 140.646610375 0.99609375
v 125.088458956 292.722921919 140.440374371 0.99609375
v 117.490672208 293.343067104 140.871061797 0.99609375
v 125.178967095 293.326023718 140.990113236 0.99609375
v 117.718752122 293.737531065 140.607300291 0.99609375
v 124.968859517 293.307175963 140.884505396 0.99609375
v 117.850053481 293.798849805 140.643182642 0.99609375
v 125.126686819 293.927858981 140.782719486 0.99609375
v 117.672321852 293.934609095 140.351483498 0.99609375
v 125.09869513 293.846391552 140.216086058 0.99609375
v 117.78250569 294.098004802 140.592469496 0.99609375
v 124.858425168 294.20324695 140.057868053 0.99609375
v 117.651057228 294.853531747 140.88486328 0.99609375
v 124.948058565 294.541634112 140.185827594 0.99609375
v 117.834480656 295.044250625 140.439434256 0.99609375
v 124.77427027 295.021372418 140.660806711 0.99609375
v 117.562379371 294.958560339 140.129075788 0.99609375
v 125.198408058 295.049309307 140.629973067 0.99609375
v 118.000824053 295.759778183 140.686526289 0.99609375
v 125.401998534 295.465128535 140.142931531 0.99609375
v 117.630836658 295.996746055 140.247957218 0.99609375
v 125.032681401 295.974203978 140.415712947 0.99609375
v 117.919666302 296.198672179 140.081711543 0.99609375
v 125.450982921 296.093016135 140.229080165 0.99609375
v 117.678947966 296.630807228 140.330045705 0.99609375
v 125.489692116 296.238940552 140.590786491 0.99609375
v 117.766184026 296.411647273 140.093241906 0.99609375
v 125.311843347 296.905769576 140.858529253 0.99609375
v 117.976314272 297.159001147 140.675990345 0.99609375
v 125.209400753 296.981155129 140.463499687 0.99609375
v 117.738033969 297.096036761 140.959528856 0.99609375
v 125.409020692 297.006011779 140.002443341 0.99609375
v 117.646861174 297.529451281 140.248380516 0.99609375
v 125.725592868 297.454383632 140.852371611 0.99609375
v 117.508736115 298.007575244 140.071053196 0.99609375
v 125.560290241 298.073537947 140.550319752 0.99609375
v 117.515927283 298.247567819 140.539445985 0.99609375
v 125.754464911 298.386077716 140.667594578 0.99609375
v 117.618727807 298.360114467 140.527685544 0.99609375
v 125.544802994 298.126051763 140.043075258 0.99609375
v 117.523928554 298.751826918 140.137809773 0.99609375
v 125.536451876 298.830853919 140.282346523 0.99609375
v 117.782093238 298.878899681 140.491600868 0.99609375
v 125.532153725 298.757237078 140.044093312 0.99609375
v 117.917840259 299.100767103 140.880895551 0.99609375
v 125.444297129 299.335652926 140.959658198 0.99609375
v 117.597574217 299.444955584 140.432686052 0.99609375
v 125.541980688 299.726487367 140.789592229 0.99609375
v 117.813839984 299.593029386 140.48901 0.99609375
v 125.556785393 299.809936844 140.474187017 0.99609375
v 118.025714249 300.0385491 140.571166459 0.99609375
v 125.421391374 300.062387162 140.82738561 0.99609375
v 117.918449577 300.433976676 140.751954956 0.99609375
v 125.333454569 300.217767598 140.029984571 0.99609375
v 117.183103766 300.97538135 140.295392338 0.99609375
v 126.060901105 300.745122283 140.171707427 0.99609375
v 117.494067841 301.301671009 140.396751655 0.99609375
v 125.605000224 300.791435924 140.032679195 0.99609375
v 117.256569985 301.291711785 140.566131288 0.99609375
v 125.96923189 301.338892095 140.823619958 0.99609375
v 117.184882947 301.659615184 140.054369116 0.99609375
v 125.741711815 301.512923656 140.506584708 0.99609375
v 117.664066133 301.606245548 140.124635069 0.99609375
v 125.749984689 302.064309326 140.167650174 0.99609375
v 117.160501987 302.383532324 140.749970625 0.99609375
v 125.985220297 302.055235561 140.538081777 0.99609375
v 117.485011914 302.558857197 140.791870896 0.99609375
v 126.096276211 302.337765792 140.490507688 0.99609375
v 117.557636172 302.6713323 140.432989572 0.99609375
v 126.081415945 302.905539691 140.206158374 0.99609375
v 117.617422839 303.199565403 140.72621506 0.99609375
v 126.095436062 303.245467446 140.496045718 0.99609375
v 117.430144546 303.375069765 140.027319628 0.99609375
v 125.790179735 303.589663073 140.572280481 0.99609375
v 117.401438982 303.87691723 140.012652394 0.99609375
v 126.236066236 303.781874605 140.420854651 0.99609375
v 117.210324345 304.151799102 140.79959386 0.99609375
v 125.893717758 303.852208855 140.842776393 0.99609375
v 117.857985043 304.131155185 140.861394488 0.99609375
v 126.097529771 304.453844329 140.232001696 0.99609375
v 117.148822818 276.17490243 141.385862446 0.99609375
v 123.164703663 276.24823796 140.990067893 0.99609375
v 119.907132771 276.503517971 140.854594823 0.99609375
v 123.539372483 276.537678743 141.381951082 0.99609375
v 119.97802724 276.89157376 141.096145588 0.99609375
v 123.546467403 276.85877485 141.175018232 0.99609375
v 119.646537746 276.933120251 141.252177959 0.99609375
v 123.669461617 277.031682337 140.822311435 0.99609375
v 119.612932187 276.969340781 140.939423303 0.99609375
v 123.507284518 277.139809968 141.191625059 0.99609375
v 120.010268964 277.577992594 141.416695231 0.99609375
v 123.526271754 277.253282329 141.245434087 0.99609375
v 120.002881344 277.798148876 140.846605305 0.99609375
v 123.655433781 277.546622616 140.708831878 0.99609375
v 119.626709887 278.05476023 140.778630355 0.99609375
v 123.812160062 277.936306837 141.163460871 0.99609375
v 119.595575339 278.386151791 141.470557325 0.99609375
v 123.394716035 278.256400627 140.853695433 0.99609375
v 119.719963268 278.882752116 141.485528383 0.99609375
v 123.532326276 278.627960537 140.914332429 0.99609375
v 119.624689914 279.077062857 141.192491861 0.99609375
v 124.106296127 278.948495341 141.113322245 0.99609375
v 120.04649884 279.256149212 140.900023965 0.99609375
v 123.741941311 279.108922428 141.061894264 0.99609375
v 119.582088524 279.678475373 141.360818649 0.99609375
v 123.95297388 279.46858565 140.829179168 0.99609375
v 119.534832362 279.602070729 140.795481423 0.99609375
v 123.961505746 280.083648876 141.460908965 0.99609375
v 119.584141372 280.405340189 141.257696045 0.99609375
v 124.082399701 280.384102718 140.637308226 0.99609375
v 119.677277013 280.383653673 140.733775753 0.99609375
v 124.122717377 280.202704324 140.552960486 0.99609375
v 119.970376934 280.811469483 140.835953317 0.99609375
v 124.282771408 280.581975986 141.328366523 0.99609375
v 119.733229697 280.946076913 141.241758933 0.99609375
v 124.239895097 280.919055549 140.621014481 0.99609375
v 119.732460329 281.262217328 141.235236366 0.99609375
v 123.958085067 281.165576208 140.811983614 0.99609375
v 119.534718161 281.417068584 141.348284982 0.99609375
v 124.356694378 281.570211614 141.357955481 0.99609375
v 119.616197129 281.680289083 140.729339371 0.99609375
v 124.084221391 281.733433041 141.444724272 0.99609375
v 119.956492781 282.29438811 140.92064387 0.99609375
v 124.056860158 281.891751137 141.335140916 0.99609375
v 119.915206063 282.696082382 140.617041932 0.99609375
v 124.243208115 282.604858418 140.96993458 0.99609375
v 119.736043005 282.538367161 141.284893974 0.99609375
v 124.401797686 282.828089751 141.075976384 0.99609375
v 119.725640994 283.103967486 140.718600888 0.99609375
v 124.32753988 282.998145345 140.625448679 0.99609375
v 119.613672314 283.542125135 140.607265625 0.99609375
v 123.98103974 283.612951798 141.084052831 0.99609375
v 120.007606156 283.489547488 140.591219872 0.99609375
v 123.888050825 283.527691894 141.304663219 0.99609375
v 119.517705844 283.974562869 141.376806567 0.99609375
v 124.350340827 284.037205791 140.646203137 0.99609375
v 119.508985682 284.113098406 141.329517696 0.99609375
v 124.207430679 284.19408093 141.175138549 0.99609375
v 119.484750734 284.228161223 140.554653782 0.99609375
v 124.36527286 284.463017538 141.295802831 0.99609375
v 119.629071674 284.686105592 141.366902035 0.99609375
v 124.396649213 284.682635432 140.692402309 0.99609375
v 119.618005608 285.0076149 141.479240186 0.99609375
v 124.204860644 285.179216229 140.627758505 0.99609375
v 119.741810753 285.379260589 141.383858826 0.99609375
v 124.578288667 285.212996535 140.732392941 0.99609375
v 119.990583447 285.667271079 141.084899506 0.99609375
v 124.386528869 285.708885107 140.978376846 0.99609375
v 119.802990344 286.195646164 141.439183806 0.99609375
v 124.485027699 285.753921052 140.775371568 0.99609375
v 119.798585834 286.411939292 141.353020411 0.99609375
v 124.177955172 286.37401885 141.402960753 0.99609375
v 119.546265782 286.39435796 140.769619223 0.99609375
v 124.283507641 286.681627708 141.390483401 0.99609375
v 119.802771167 286.71696338 141.407389433 0.99609375
v 124.134633312 286.861519911 141.184358536 0.99609375
v 119.702461703 287.296983049 140.571552771 0.99609375
v 124.504268378 286.895524527 140.654564198 0.99609375
v 119.63341622 287.611384375 141.425265916 0.99609375
v 124.602493744 287.538665228 141.181264819 0.99609375
v 119.735556212 287.404944521 140.948812019 0.99609375
v 124.483306144 287.617995102 140.515872687 0.99609375
v 119.868319317 287.980215062 140.980868545 0.99609375
v 124.19194942 288.196839783 140.513946705 0.99609375
v 119.616175103 288.371163105 140.962235633 0.99609375
v 124.428471913 288.136597831 141.495422206 0.99609375
v 119.899358252 288.642064145 140.997160027 0.99609375
v 124.32610374 288.5925764 140.709331925 0.99609375
v 119.976134028 289.091953641 141.075045547 0.99609375
v 124.574304886 288.588372491 141.008731705 0.99609375
v 119.789277145 289.014469107 140.957760173 0.99609375
v 124.632448587 289.028451305 141.016176472 0.99609375
v 119.641708688 289.249066605 141.13836373 0.99609375
v 124.913282229 289.677612768 140.788316857 0.99609375
v 119.894525749 289.741662043 140.775793404 0.99609375
v 124.53201442 289.602984329 140.73156341 0.99609375
v 119.879006314 289.948769166 140.934219304 0.99609375
v 124.535916817 289.878465488 141.419250308 0.99609375
v 119.940921231 290.515354304 141.143909294 0.99609375
v 124.809429914 290.171547911 140.983716711 0.99609375
v 119.489895546 290.319782703 141.349404375 0.99609375
v 124.42717219 290.427590564 140.604291226 0.99609375
v 119.810743943 291.064686426 141.302781421 0.99609375
v 124.965243616 291.050534751 141.39672704 0.99609375
v 119.83063858 291.061621748 140.570009382 0.99609375
v 125.169103513 291.113991178 140.938044942 0.99609375
v 119.98129638 291.334992981 141.210332916 0.99609375
v 124.810402278 291.398246221 140.734075565 0.99609375
v 119.504290964 291.76058315 141.222945353 0.99609375
v 125.195880426 291.854038765 141.456322815 0.99609375
v 119.996108992 291.947626597 141.431837325 0.99609375
v 124.875333079 292.104991548 140.625007925 0.99609375
v 120.118926877 292.185648956 140.8136909 0.99609375
v 124.968661171 292.307280691 141.2891011 0.99609375
v 119.822260095 292.463986284 141.474610795 0.99609375
v 125.084846539 292.876725145 140.864375504 0.99609375
v 120.298040899 292.67415535 141.303715236 0.99609375
v 125.129100097 293.175497406 141.476249504 0.99609375
v 119.784610296 293.052145549 141.291706373 0.99609375
v 124.887359016 293.415517294 141.037152611 0.99609375
v 120.080314915 293.605350853 140.69322447 0.99609375
v 125.103085992 293.747725932 141.395993094 0.99609375
v 120.095234722 293.638908354 140.716331564 0.99609375
v 124.786892586 294.005735439 140.868389768 0.99609375
v 120.068025516 294.317873173 141.158090913 0.99609375
v 125.202837735 294.14261556 140.650503174 0.99609375
v 120.120698198 294.625121424 141.314097023 0.99609375
v 125.55949108 294.303946822 141.443359476 0.99609375
v 119.968515188 294.439244237 140.974725135 0.99609375
v 125.407013571 294.506771151 140.757972714 0.99609375
v 119.812238848 294.778333616 141.342313726 0.99609375
v 125.243669559 294.726600736 140.65666437 0.99609375
v 120.306641938 295.034866114 141.024974203 0.99609375
v 125.568756905 294.941280595 140.710468466 0.99609375
v 120.005215278 295.677793539 141.227012583 0.99609375
v 125.373786127 295.563940495 140.755694889 0.99609375
v 120.323487766 295.675711664 140.567640049 0.99609375
v 125.43375645 295.907412658 141.393450189 0.99609375
v 120.279666934 295.81125375 141.206302115 0.99609375
v 125.440419263 296.335558329 141.232843663 0.99609375
v 120.142294085 296.520241014 140.755102562 0.99609375
v 125.792641225 296.603654642 140.665926744 0.99609375
v 119.782596126 296.538726277 141.315889231 0.99609375
v 125.645584432 296.844189062 141.203615478 0.99609375
v 119.829016121 296.966717664 140.829968215 0.99609375
v 125.52840253 296.793026763 141.346891148 0.99609375
v 120.253095593 297.446771072 141.43563864 0.99609375
v 125.299091048 297.377845755 141.045329072 0.99609375
v 120.268727743 297.828988847 140.580544656 0.99609375
v 125.345177567 297.613136321 141.18345084 0.99609375
v 119.823986374 297.757308285 141.404199704 0.99609375
v 125.733087579 297.774403892 140.788978101 0.99609375
v 120.254617116 298.220889783 141.357350724 0.99609375
v 125.588457959 298.340489543 140.780692816 0.99609375
v 119.981640353 298.403377862 140.805416558 0.99609375
v 125.634223294 298.594066099 141.176909987 0.99609375
v 119.786629669 298.573013504 141.169848977 0.99609375
v 125.746581841 298.711721123 141.258033756 0.99609375
v 120.099508126 298.783202709 141.098083255 0.99609375
v 126.077069369 299.175970569 141.346631746 0.99609375
v 119.826047725 299.414396125 141.041577007 0.99609375
v 125.768968638 299.101670989 141.020647389 0.99609375
v 119.890541201 299.661007131 140.869697443 0.99609375
v 125.975532203 299.415182134 140.936032859 0.99609375
v 119.780079414 299.852075702 141.358488015 0.99609375
v 125.852999189 299.927950373 141.261583886 0.99609375
v 119.836234584 299.970556034 141.038794322 0.99609375
v 126.024772836 300.274995108 140.548636598 0.99609375
v 119.956951113 300.440196489 140.934038033 0.99609375
v 125.87426663 300.268651059 141.228245083 0.99609375
v 119.787284145 300.73340192 140.537879911 0.99609375
v 125.908722291 300.65271491 141.419095467 0.99609375
v 119.688912485 300.752923889 140.994636442 0.99609375
v 125.843524465 300.790107819 140.578845599 0.99609375
v 119.782426214 301.033424712 140.599338391 0.99609375
v 125.697364696 301.154963107 140.701248057 0.99609375
v 120.031376884 301.543596792 141.417241183 0.99609375
v 126.342157105 301.704014392 141.1853204 0.99609375
v 119.689461015 301.802840429 141.209612288 0.99609375
v 126.38994275 302.106290375 140.651797546 0.99609375
v 120.01796974 301.968247712 140.50765043 0.99609375
v 126.392974654 302.459707513 140.547071189 0.99609375
v 120.013039059 302.341913649 141.075592538 0.99609375
v 126.01091009 302.725547662 141.495942692 0.99609375
v 119.698000761 302.874005235 140.713548404 0.99609375
v 125.887586301 302.937028317 140.779231806 0.99609375
v 119.974115167 303.148301084 140.695490333 0.99609375
v 126.385334138 303.017827535 141.472247994 0.99609375
v 120.008834417 303.425664051 140.707856792 0.99609375
v 126.220374564 303.484234038 140.535182762 0.99609375
v 119.831591466 303.371798101 140.742136125 0.99609375
v 126.381015669 303.432885952 140.838602174 0.99609375
v 119.714500434 304.160955088 141.152565078 0.99609375
v 126.162267306 303.998114117 141.120150968 0.99609375
v 119.302877499 304.455904878 140.876657524 0.99609375
v 126.337333726 304.461364782 140.730565945 0.99609375
v 123.35822539 276.270645144 141.851252672 0.99609375
v 123.470738166 276.183004493 141.567291023 0.99609375
v 124.026897614 277.186572568 141.654893706 0.99609375
v 122.316494151 277.654464252 141.516525945 0.99609375
v 124.024720133 277.605922009 141.861516781 0.99609375
v 122.118290935 277.746644114 141.847146806 0.99609375
v 123.541454709 277.970464102 141.038620334 0.99609375
v 122.033042198 278.184405045 141.316719608 0.99609375
v 123.638953002 278.264816943 141.338817546 0.99609375
v 122.033691158 278.652558159 141.609402118 0.99609375
v 124.042506519 278.142521058 141.338794015 0.99609375
v 121.547789824 278.643870622 141.096881347 0.99609375
v 123.97374581 278.915142941 141.079154893 0.99609375
v 121.536358704 279.215057574 141.856828076 0.99609375
v 124.337850824 279.234713507 141.238061606 0.99609375
v 121.765238281 279.094463815 141.911895619 0.99609375
v 124.352827706 278.982532573 141.349624027 0.99609375
v 122.060538021 279.41793324 141.306339842 0.99609375
v 124.405646223 279.693717007 141.529222069 0.99609375
v 121.500908657 279.702104735 141.186913707 0.99609375
v 124.075098266 279.814223244 141.315327842 0.99609375
v 121.368385199 280.265324831 141.345945833 0.99609375
v 124.286706655 280.064022309 141.949743801 0.99609375
v 121.534179036 280.571715065 141.216336313 0.99609375
v 124.657778108 280.381621889 141.355950627 0.99609375
v 121.597014486 280.666660254 141.81487149 0.99609375
v 124.600443361 280.526038469 141.687364209 0.99609375
v 121.267889025 280.897985806 141.198752086 0.99609375
v 124.317800304 280.808099131 141.236586521 0.99609375
v 121.627836642 281.077368953 141.424611666 0.99609375
v 124.277360984 281.220384447 141.555624616 0.99609375
v 121.533170156 281.658297614 141.674833096 0.99609375
v 124.344316135 281.438779489 141.07004681 0.99609375
v 121.728449511 282.105596958 141.29437119 0.99609375
v 124.248939382 281.63165893 141.723935065 0.99609375
v 121.574511805 282.298105102 141.195004405 0.99609375
v 124.644569559 282.220158091 141.87681118 0.99609375
v 121.720633392 282.496666921 141.101263796 0.99609375
v 124.681579041 282.690101396 141.491008457 0.99609375
v 121.669731863 282.690778731 141.870238139 0.99609375
v 124.534485003 283.035474057 141.169785986 0.99609375
v 121.79077182 282.866926933 141.625749233 0.99609375
v 124.326076934 283.300624091 141.357447189 0.99609375
v 121.35632208 283.257793681 141.609925779 0.99609375
v 124.495558315 283.171153682 141.304427784 0.99609375
v 121.546315672 283.528746238 141.392544599 0.99609375
v 124.55520556 283.40996663 141.833476129 0.99609375
v 121.787469902 283.894384192 141.687940329 0.99609375
v 124.626230924 283.965031134 141.359036135 0.99609375
v 121.51502369 283.933520407 141.305607323 0.99609375
v 124.652467678 283.913508293 141.019360899 0.99609375
v 121.12125775 284.683858723 141.016047492 0.99609375
v 124.529431544 284.269098062 141.479689509 0.99609375
v 120.957410859 284.496453337 141.458980052 0.99609375
v 124.697453408 284.742043386 141.102725803 0.99609375
v 121.301976189 285.063071475 141.076160156 0.99609375
v 124.579597987 284.91477567 141.457041084 0.99609375
v 121.478327474 285.3259466 141.236475257 0.99609375
v 124.654945729 285.598722615 141.573740289 0.99609375
v 121.295047726 285.855740519 141.156323194 0.99609375
v 124.548723397 285.683856595 141.275492438 0.99609375
v 121.390819752 285.652319473 141.382066666 0.99609375
v 124.967237028 286.107728914 141.614898059 0.99609375
v 121.274350082 285.961218066 141.145652666 0.99609375
v 124.560903204 286.440135913 141.144788014 0.99609375
v 121.365843192 286.562432864 141.480305852 0.99609375
v 124.484129952 286.326364094 141.387919728 0.99609375
v 120.980334478 286.736069749 141.167492339 0.99609375
v 124.60546989 287.021359489 141.776390712 0.99609375
v 121.367081767 287.225208676 141.467753732 0.99609375
v 124.444368324 287.247406552 141.485218544 0.99609375
v 121.187610547 287.658243774 141.954315442 0.99609375
v 124.90303215 287.497283771 141.805238247 0.99609375
v 121.000842506 287.42508714 141.795852059 0.99609375
v 124.693944431 287.736138507 141.860458558 0.99609375
v 121.256805433 288.139782678 141.065064222 0.99609375
v 124.643186757 288.004192466 141.404822568 0.99609375
v 121.156276459 288.150671244 141.571270159 0.99609375
v 124.569975796 288.537982986 141.11410401 0.99609375
v 121.07434139 288.365613054 141.671622158 0.99609375
v 124.448792965 288.35762291 141.732586728 0.99609375
v 121.241060932 289.08316299 141.798141367 0.99609375
v 124.569551033 288.670305878 141.313286906 0.99609375
v 120.965645071 289.23153619 141.96120946 0.99609375
v 125.014448292 289.261996565 141.310429634 0.99609375
v 120.954818717 289.426003733 141.987865358 0.99609375
v 124.781029836 289.260462123 141.82981538 0.99609375
v 121.316407366 289.783452154 141.091076893 0.99609375
v 124.786620583 289.762229669 141.196399131 0.99609375
v 121.330183982 290.070603332 141.149425457 0.99609375
v 124.72555322 290.126841122 141.982368516 0.99609375
v 121.301662022 290.212705541 141.814817804 0.99609375
v 125.104006278 290.474375158 141.774996865 0.99609375
v 121.32622694 290.746041075 141.300417644 0.99609375
v 125.167969741 290.451564154 141.45772645 0.99609375
v 121.660539397 290.741459129 141.21549651 0.99609375
v 124.723762726 291.128088346 141.190412039 0.99609375
v 121.274020696 291.161191523 141.631120586 0.99609375
v 125.073423261 291.433630277 141.392477592 0.99609375
v 121.250632876 291.657947093 141.409426619 0.99609375
v 124.738040075 291.171382098 141.138210265 0.99609375
v 121.495435246 291.818037437 141.84005028 0.99609375
v 125.005734516 291.464326252 141.777814314 0.99609375
v 121.339485495 292.192895433 141.935028605 0.99609375
v 125.404209477 292.040633169 141.904325501 0.99609375
v 121.228977847 292.460386595 141.709589908 0.99609375
v 125.141869968 292.412265768 141.498096959 0.99609375
v 121.658562738 292.409541476 141.761007578 0.99609375
v 125.222072908 292.65273793 141.725639327 0.99609375
v 121.416450612 293.08101525 141.625340625 0.99609375
v 125.33705972 292.861024141 141.098200254 0.99609375
v 121.326055054 293.010603162 141.682543778 0.99609375
v 125.17277334 293.346198247 141.747948876 0.99609375
v 121.66483816 293.214134848 141.062874734 0.99609375
v 125.468720547 293.614158692 141.965189205 0.99609375
v 121.239555909 293.537066809 141.906800918 0.99609375
v 125.28978142 293.760614632 141.319324452 0.99609375
v 121.698049294 294.286847655 141.023953085 0.99609375
v 125.333100573 293.951333802 141.713004615 0.99609375
v 121.29584437 294.437059148 141.945358795 0.99609375
v 125.295281609 294.37454975 141.877939682 0.99609375
v 121.624506693 294.717903403 141.992985686 0.99609375
v 125.160067359 294.815206203 141.823309753 0.99609375
v 121.242226188 295.146634489 141.889261101 0.99609375
v 125.593527472 294.641938641 141.993557312 0.99609375
v 121.279159322 294.987717373 141.281874045 0.99609375
v 125.447771179 295.468897185 141.542537655 0.99609375
v 121.341536618 295.552104301 141.435952758 0.99609375
v 125.596043392 295.363360122 141.232600061 0.99609375
v 121.420403028 295.935849738 141.055288573 0.99609375
v 125.304275132 295.939090985 141.851053463 0.99609375
v 121.696491966 295.87436352 141.832112953 0.99609375
v 125.608745228 295.955084403 141.815308813 0.99609375
v 121.51294085 296.651615429 141.996914422 0.99609375
v 125.60615884 296.646118692 141.944411329 0.99609375
v 121.700037017 296.698409714 141.174563597 0.99609375
v 125.859187305 296.447434105 141.087307097 0.99609375
v 121.540382807 297.239036541 141.474335269 0.99609375
v 125.789264673 296.700702922 141.71550444 0.99609375
v 121.640404322 297.057273505 141.608529391 0.99609375
v 126.024864668 297.042712142 141.397483833 0.99609375
v 121.584655821 297.61186208 141.646423066 0.99609375
v 125.69615832 297.756316106 141.936774265 0.99609375
v 121.588876731 297.551178349 141.230504989 0.99609375
v 125.63899593 297.6854138 141.145495697 0.99609375
v 121.356109134 297.899091745 141.142650816 0.99609375
v 125.638811338 298.078745395 141.541440217 0.99609375
v 121.61323087 298.580082088 141.559263532 0.99609375
v 125.647628203 298.293396038 141.699045004 0.99609375
v 121.939405621 298.621341047 141.245207347 0.99609375
v 125.749854493 298.434000738 141.835377624 0.99609375
v 121.549034667 298.950673657 141.352251024 0.99609375
v 125.889016995 298.825300892 141.940936244 0.99609375
v 121.798940747 299.309958547 141.651268164 0.99609375
v 126.191137849 299.254626398 141.598672332 0.99609375
v 122.045441107 299.413059625 141.608142269 0.99609375
v 126.332673518 299.485050619 141.608239455 0.99609375
v 121.643967075 300.050967919 141.495914062 0.99609375
v 126.253417281 300.087218735 141.867982259 0.99609375
v 121.724959769 299.947670044 141.374109456 0.99609375
v 126.049528312 300.027341734 141.797177089 0.99609375
v 121.997366186 300.670664612 141.021600633 0.99609375
v 125.980994566 300.615722698 141.94334674 0.99609375
v 121.967495809 300.887730383 141.87426314 0.99609375
v 126.037984593 300.745627186 141.949790666 0.99609375
v 121.527124899 300.847046319 141.164668074 0.99609375
v 126.407526901 300.744496669 141.197351852 0.99609375
v 121.655199808 301.11016227 141.759258083 0.99609375
v 126.621943346 301.244197503 141.503853336 0.99609375
v 121.434730964 301.610102026 141.792656856 0.99609375
v 126.155294042 301.883648773 141.495708984 0.99609375
v 121.45226941 302.167818591 141.133038396 0.99609375
v 126.632211719 301.743919632 141.334848697 0.99609375
v 121.252367473 301.964672666 141.560386977 0.99609375
v 126.488231666 302.101665063 141.956153514 0.99609375
v 121.38058324 302.70186743 141.69151691 0.99609375
v 126.53098589 302.188328808 141.038104538 0.99609375
v 121.573172732 302.832876697 141.611003341 0.99609375
v 126.188029532 302.50550556 141.787314248 0.99609375
v 121.659232267 302.772201024 141.845245878 0.99609375
v 126.154390327 302.763029774 141.694185092 0.99609375
v 121.521486242 303.457966403 141.669374327 0.99609375
v 126.478068497 303.472917323 141.629154743 0.99609375
v 121.251057804 303.838864575 141.680026796 0.99609375
v 126.445810236 303.46049447 141.948764742 0.99609375
v 121.696617652 303.964671013 141.622135889 0.99609375
v 126.832282606 304.187045281 141.658180632 0.99609375
v 121.762811832 304.099346653 141.296605632 0.99609375
v 126.911870997 303.933766244 141.809271825 0.99609375
v 124.38368306 278.204788988 141.818063596 0.99609375
v 123.952070346 278.596262265 141.767244234 0.99609375
v 124.609913189 278.995315855 142.138714297 0.99609375
v 124.219747243 279.263892355 142.47967575 0.99609375
v 124.285439549 279.73039187 142.179733703 0.99609375
v 124.440011223 279.606199795 141.538182529 0.99609375
v 124.328173937 280.183019053 141.511291059 0.99609375
v 124.738149078 280.205774939 142.398955715 0.99609375
v 124.459058662 280.471084655 141.804020814 0.99609375
v 124.684483127 280.924535898 141.797819383 0.99609375
v 124.730651111 281.489990445 142.199277371 0.99609375
v 124.618056947 281.504280138 142.499466927 0.99609375
v 124.477244494 281.620892023 142.066356714 0.99609375
v 124.729102244 282.157507363 142.428343404 0.99609375
v 124.530112315 282.314632525 142.234455457 0.99609375
v 124.575662621 282.486249675 142.175244868 0.99609375
v 124.834063636 283.266794831 141.572180035 0.99609375
v 124.431458087 283.580991752 141.559294578 0.99609375
v 124.676844452 283.340911499 141.857294842 0.99609375
v 124.745867053 283.784577468 142.261973484 0.99609375
v 125.091436258 284.075103559 141.552506212 0.99609375
v 124.914074792 284.500992983 142.458332144 0.99609375
v 124.87151999 284.609612728 141.645394397 0.99609375
v 125.179491962 284.963378797 141.74528258 0.99609375
v 124.934191529 285.527455712 142.125194765 0.99609375
v 125.194256674 285.479513327 141.911028168 0.99609375
v 125.124170129 285.984967275 141.595076159 0.99609375
v 125.064266002 286.373239868 142.166828798 0.99609375
v 125.07433176 286.554655406 142.466904048 0.99609375
v 125.202369354 286.994999848 142.163123484 0.99609375
v 124.773878272 287.051086119 141.696649081 0.99609375
v 124.792741545 287.42432589 141.514175384 0.99609375
v 125.264529611 287.951111168 141.94667536 0.99609375
v 125.138781544 288.144009793 141.626246717 0.99609375
v 124.993858381 287.991991388 141.758068335 0.99609375
v 124.8902484 288.327792163 142.251537307 0.99609375
v 124.707850638 288.766693915 141.824933631 0.99609375
v 125.004920761 289.250260069 141.709127301 0.99609375
v 125.301439223 289.278183063 141.515635582 0.99609375
v 125.439977149 289.774775386 141.875468645 0.99609375
v 125.380570037 290.12251576 141.619911757 0.99609375
v 125.291184766 290.423378601 142.446982211 0.99609375
v 125.151394675 290.855174638 141.548029793 0.99609375
v 125.502089247 291.011501118 141.927556153 0.99609375
v 125.101489811 290.978342523 141.571631244 0.99609375
v 125.241853558 291.621736346 141.771730612 0.99609375
v 125.15401705 291.773365564 141.833663148 0.99609375
v 125.532912191 292.895885221 141.619965682 0.99609375
v 125.630509209 292.973512206 142.402935685 0.99609375
v 125.564694322 293.434782706 142.044545112 0.99609375
v 125.692894283 293.624994682 142.066915803 0.99609375
v 125.313243049 293.851882409 142.332784331 0.99609375
v 125.394029527 294.565247323 142.061570574 0.99609375
v 125.800007219 294.73692521 142.354700729 0.99609375
v 125.809123302 295.819412206 142.454437026 0.99609375
v 125.696934357 296.563884354 141.705384774 0.99609375
v 125.796231071 296.508887865 142.221484226 0.99609375
v 126.301784715 297.892470678 142.230225163 0.99609375
v 126.4076001 298.225812589 142.043413205 0.99609375
v 126.101486135 298.42368014 141.510763043 0.99609375
v 126.284145182 298.919164126 141.782062103 0.99609375
v 126.379704514 299.773483992 142.238436976 0.99609375
v 126.693068501 299.604725405 142.080185383 0.99609375
v 126.333688597 300.260954835 141.637114541 0.99609375
v 126.33279442 300.555644571 142.405322523 0.99609375
v 126.385403204 300.640616088 141.785530572 0.99609375
v 125.439871249 301.225804209 142.319775567 0.99609375
v 126.368551798 300.912325426 142.495307537 0.99609375
v 125.474219969 301.324840297 142.171018826 0.99609375
v 126.459671523 301.544671101 142.15594498 0.99609375
v 125.22983438 301.558629945 141.919308906 0.99609375
v 126.448033062 301.474005179 141.667586025 0.99609375
v 125.163040231 301.76032271 141.601975941 0.99609375
v 126.488785651 302.018771191 141.652254688 0.99609375
v 124.828838549 302.40571018 141.501149815 0.99609375
v 126.904890528 302.395163674 141.834376154 0.99609375
v 124.904014259 302.277821861 141.74417117 0.99609375
v 126.745825713 302.586786637 142.152187023 0.99609375
v 124.534451466 302.82268682 141.844210544 0.99609375
v 126.682245001 302.926887694 141.979686837 0.99609375
v 124.872665964 302.992241694 141.847871762 0.99609375
v 126.494147973 302.980013031 142.411171789 0.99609375
v 124.722504049 303.150903331 141.584833528 0.99609375
v 126.478997252 303.305390801 142.430655708 0.99609375
v 124.965396934 303.801956614 142.135281948 0.99609375
v 126.484778336 303.377624824 142.35602275 0.99609375
v 124.598321063 303.745697929 141.788980519 0.99609375
v 126.770640283 303.795264747 142.468185819 0.99609375
v 126.929848473 304.277594725 142.179067555 0.99609375
v 126.585290919 300.874115233 142.308796441 0.99609375
v 126.497551067 301.084769211 142.954231987 0.99609375
v 126.913096001 301.391048398 142.435193287 0.99609375
v 127.184653269 302.056067022 142.217108865 0.99609375
v 126.759848781 302.357573789 142.061403989 0.99609375
v 127.002266324 302.307992111 142.767787875 0.99609375
v 126.970487623 303.01637574 142.430610964 0.99609375
v 127.121320961 303.049423956 142.668754956 0.99609375
v 127.131904608 303.151462669 142.326983054 0.99609375
v 127.149465432 303.643447601 142.040796553 0.99609375
v 126.98284058 304.061788357 142.786156373 0.99609375
v 109.313223546 276.645213928 135.799367702 0.99609375
v 109.110527013 276.481333065 135.882368438 0.99609375
v 109.690396652 276.434903163 135.220614892 0.99609375
v 109.97405433 276.380568353 135.319287907 0.99609375
v 109.987571788 277.493273968 135.559134681 0.99609375
v 110.467219429 276.533219593 135.660149553 0.99609375
v 110.197620568 277.329713634 135.39167031 0.99609375
v 110.646867089 276.724330032 135.638381706 0.99609375
v 110.370746744 277.710940931 135.098452053 0.99609375
v 110.857902156 276.501565833 135.681467238 0.99609375
v 110.685210045 277.346333062 135.075838826 0.99609375
v 111.11772402 276.522699931 135.925096165 0.99609375
v 111.183241501 277.359565351 135.40454482 0.99609375
v 111.23344601 276.466987776 135.947472542 0.99609375
v 111.209582481 278.00490918 135.259734185 0.99609375
v 111.425754729 276.473931273 135.437858418 0.99609375
v 111.671243226 277.662105451 135.329978235 0.99609375
v 112.157290387 276.664178794 135.509712847 0.99609375
v 111.820079646 277.530707796 135.605844028 0.99609375
v 112.37063453 276.64782834 135.188218738 0.99609375
v 112.167112114 277.688868855 135.35121632 0.99609375
v 112.798131619 276.389366407 135.304448996 0.99609375
v 112.486141191 277.629156208 135.683487835 0.99609375
v 112.885282769 276.814303828 135.0098943 0.99609375
v 113.069834562 277.579543734 135.267488854 0.99609375
v 112.881330425 276.94170552 135.964839965 0.99609375
v 113.081829127 277.59909109 135.889674261 0.99609375
v 113.157385734 276.732482459 135.722661468 0.99609375
v 113.132898169 277.501760556 135.793715432 0.99609375
v 113.791131732 276.867670468 135.656722137 0.99609375
v 113.700758143 277.286570083 135.389936538 0.99609375
v 113.740556888 276.732850151 135.186697789 0.99609375
v 113.905659534 277.536361191 135.482660195 0.99609375
v 114.413487393 276.903855036 135.396771153 0.99609375
v 114.209863921 277.547275352 135.17224177 0.99609375
v 114.726543722 276.479104925 135.870536673 0.99609375
v 114.505799892 277.372126155 135.236685178 0.99609375
v 114.965180403 276.654787977 135.718968583 0.99609375
v 114.689475016 277.33270382 135.879196905 0.99609375
v 115.317365484 276.548292624 135.56211401 0.99609375
v 115.315090593 277.552177493 135.869085592 0.99609375
v 115.295697625 276.554093971 135.517061719 0.99609375
v 115.509279327 277.368261139 135.965105691 0.99609375
v 115.958456767 276.864064096 135.696650833 0.99609375
v 115.496248482 277.720543542 135.220351985 0.99609375
v 115.717482232 276.779548299 135.388549684 0.99609375
v 116.230919856 277.801567753 135.155002654 0.99609375
v 116.387315466 276.571543495 135.651170384 0.99609375
v 116.329902326 277.375551329 135.722903756 0.99609375
v 116.6200777 276.507769736 135.059390466 0.99609375
v 116.526137973 277.331184236 135.614616433 0.99609375
v 117.034178307 276.568681528 135.207767668 0.99609375
v 117.086543381 277.512950411 135.225619627 0.99609375
v 117.165360907 276.67081113 135.906614822 0.99609375
v 117.445034041 276.96012415 135.757518097 0.99609375
v 117.228065825 276.456261391 135.593353987 0.99609375
v 117.206028889 277.372198104 135.278737219 0.99609375
v 117.816987248 276.9134005 135.887915597 0.99609375
v 117.542285543 277.450842138 135.795050869 0.99609375
v 117.946155032 276.773259643 135.314767123 0.99609375
v 118.241030907 277.421465634 135.222394995 0.99609375
v 109.147412547 276.94113528 135.555981248 0.99609375
v 108.910213888 277.002942509 136.2311565 0.99609375
v 109.209500608 276.671702581 136.088741413 0.99609375
v 109.470166427 277.790438951 135.637890309 0.99609375
v 109.825990864 276.833145639 135.816647321 0.99609375
v 109.694253335 278.148526979 135.853772923 0.99609375
v 109.836237693 276.698371891 135.959620004 0.99609375
v 110.168221099 278.976274812 136.352718917 0.99609375
v 110.029671712 276.498502352 136.179228078 0.99609375
v 110.287953181 279.690235187 135.555801935 0.99609375
v 110.632540965 276.387493319 136.469282109 0.99609375
v 110.687235978 279.753386258 135.702720892 0.99609375
v 110.554233735 276.572544419 135.950421376 0.99609375
v 110.981700552 280.033585756 136.085578297 0.99609375
v 111.174947677 276.931562903 135.931248272 0.99609375
v 111.136713506 281.229513569 136.350924768 0.99609375
v 111.482338305 276.478734849 135.58418354 0.99609375
v 111.35653975 283.654734959 136.295565897 0.99609375
v 111.404798505 276.746088039 136.482513669 0.99609375
v 111.737530048 286.879668586 136.141229588 0.99609375
v 112.066888635 276.803069181 135.918251666 0.99609375
v 111.761508265 288.974701211 136.129809819 0.99609375
v 112.046863569 276.724706744 136.107745982 0.99609375
v 112.49564071 297.58379541 135.653685413 0.99609375
v 112.55627371 276.498315089 136.428122439 0.99609375
v 112.594778883 301.229208785 135.578907402 0.99609375
v 112.595295692 276.602257933 135.89045609 0.99609375
v 112.904584641 303.054235387 136.014636595 0.99609375
v 112.981764212 276.61103086 135.945697208 0.99609375
v 112.899854641 303.365479753 135.529554597 0.99609375
v 113.271408677 276.801329192 135.540075589 0.99609375
v 113.444932149 303.617935987 135.587812221 0.99609375
v 113.719910318 276.85005191 135.835128133 0.99609375
v 113.723894873 303.628344063 136.192344776 0.99609375
v 113.793797951 276.405082659 136.258788951 0.99609375
v 114.045686512 303.397498648 136.078077902 0.99609375
v 114.302141994 276.661424509 136.387864427 0.99609375
v 114.330364421 303.394923023 135.975296533 0.99609375
v 114.448477993 276.89565021 136.161921644 0.99609375
v 114.572299017 303.448130451 135.634027218 0.99609375
v 114.700343722 276.77731576 135.780056691 0.99609375
v 114.904270638 303.361926986 136.342390747 0.99609375
v 115.325094542 276.588953447 136.195278499 0.99609375
v 114.85559031 303.913464047 135.530272349 0.99609375
v 115.245549047 276.475488145 135.925152709 0.99609375
v 115.504122665 303.651048314 135.660137438 0.99609375
v 115.847566163 276.888755602 136.346119114 0.99609375
v 115.868767924 303.374004077 135.657573198 0.99609375
v 116.103988591 276.920207279 135.805046147 0.99609375
v 116.023024102 303.821056379 136.348621387 0.99609375
v 116.170319982 276.849413369 136.390723914 0.99609375
v 116.342182183 303.703896275 135.729395685 0.99609375
v 116.868543806 276.692911991 136.367219907 0.99609375
v 116.79588035 303.512552704 135.576069517 0.99609375
v 116.680500152 276.383064258 135.542680581 0.99609375
v 116.590970393 303.438741312 135.803674136 0.99609375
v 117.332643156 276.541447777 136.085117068 0.99609375
v 116.896875329 303.796966717 135.926330759 0.99609375
v 117.703403651 276.578918261 135.84646297 0.99609375
v 117.453283374 303.618716929 135.930586583 0.99609375
v 117.650233607 276.488154219 135.773293001 0.99609375
v 117.599081546 303.414683841 136.073929088 0.99609375
v 117.897016279 276.428044369 135.571877573 0.99609375
v 117.982154298 303.630317517 136.189341873 0.99609375
v 118.522104428 276.530669754 135.509721323 0.99609375
v 118.401853396 303.439668409 135.976925872 0.99609375
v 118.793401585 276.601250446 135.619661356 0.99609375
v 118.672746521 303.702066662 135.817302528 0.99609375
v 118.920590669 286.66452965 136.190376773 0.99609375
v 118.97963156 303.41360404 136.127317235 0.99609375
v 119.402160465 291.666975865 136.317005642 0.99609375
v 119.054660105 303.767889779 136.203392014 0.99609375
v 119.401618299 293.468464073 136.395928465 0.99609375
v 119.617763293 303.552813813 135.511068716 0.99609375
v 120.048376398 295.055490872 136.196397904 0.99609375
v 119.67907745 303.724552879 136.22027518 0.99609375
v 119.985792981 297.900333272 136.466400526 0.99609375
v 119.792834968 303.712803252 136.37261386 0.99609375
v 109.605799549 276.68476009 136.830817243 0.99609375
v 109.119304644 277.479908438 136.476088836 0.99609375
v 109.845604459 276.374962324 136.859785142 0.99609375
v 109.376234696 277.999701057 136.686424442 0.99609375
v 109.981578294 276.864675915 136.530230339 0.99609375
v 110.192238796 279.084805061 136.123733167 0.99609375
v 110.130295077 276.571225387 136.919954099 0.99609375
v 109.945633886 279.435722271 136.303807807 0.99609375
v 110.214329289 276.527824233 136.043011403 0.99609375
v 110.56592893 280.867905508 136.314515302 0.99609375
v 111.053725002 276.808590795 136.717651822 0.99609375
v 110.875191582 282.093998028 136.802352891 0.99609375
v 111.172983005 276.399075261 136.986997268 0.99609375
v 111.316996331 284.448275902 136.699310955 0.99609375
v 111.468733711 276.905790818 136.910641817 0.99609375
v 111.644045322 286.085795218 136.188395413 0.99609375
v 111.471977449 276.544753043 136.099094235 0.99609375
v 111.608339382 287.973342417 136.318431678 0.99609375
v 111.933124164 276.371724134 136.665806911 0.99609375
v 111.912499589 290.189072047 136.770411419 0.99609375
v 111.996802182 276.777829527 136.363259161 0.99609375
v 112.180183321 292.858456006 136.977289305 0.99609375
v 112.38867192 276.896942549 136.723815545 0.99609375
v 112.419839536 297.461188254 136.218354153 0.99609375
v 112.945071067 276.888293368 136.403646854 0.99609375
v 112.662144542 301.217973738 136.72508118 0.99609375
v 112.986176012 276.87871742 136.129385002 0.99609375
v 113.193761269 303.792137508 136.263716407 0.99609375
v 113.307319112 276.791245053 136.957765622 0.99609375
v 113.599764879 303.887710464 136.259932541 0.99609375
v 113.405115088 276.723809924 136.998530925 0.99609375
v 113.424398771 304.208088812 136.624124542 0.99609375
v 114.111922122 276.49047773 136.832152686 0.99609375
v 113.835610693 304.156350473 136.270528005 0.99609375
v 114.412393597 276.67619745 136.190781697 0.99609375
v 113.994611447 304.127148704 136.973601117 0.99609375
v 114.750301125 276.409006919 136.693925299 0.99609375
v 114.452979207 304.031288587 136.039794284 0.99609375
v 115.011698947 276.740841056 136.458494471 0.99609375
v 114.66023759 303.714367192 136.853186017 0.99609375
v 114.973000796 276.542690205 136.843417847 0.99609375
v 115.014960042 304.183344383 136.015246208 0.99609375
v 115.195868467 276.73298356 136.268884265 0.99609375
v 115.356091837 304.096326361 136.633300783 0.99609375
v 115.992713037 276.751077676 136.61594603 0.99609375
v 115.680878671 303.676148149 136.792114003 0.99609375
v 115.850660048 276.579929964 136.779980334 0.99609375
v 115.979255306 303.632115003 136.238673727 0.99609375
v 116.571031873 276.643122835 136.070908758 0.99609375
v 116.015915326 304.092128774 136.696303419 0.99609375
v 116.538896131 276.875713537 136.483114475 0.99609375
v 116.754448085 303.993819201 136.410481918 0.99609375
v 116.604140211 276.918614602 136.582256281 0.99609375
v 116.839698426 303.722334545 136.122046935 0.99609375
v 117.299127997 276.8217502 136.539309385 0.99609375
v 117.011890842 303.833760031 136.91779374 0.99609375
v 117.188025301 276.699875423 136.321083505 0.99609375
v 117.34395084 303.931029607 136.782445176 0.99609375
v 117.510731703 276.459103411 136.235779314 0.99609375
v 117.92073844 304.057490007 136.614700531 0.99609375
v 118.31130283 276.553189585 136.96524891 0.99609375
v 118.192921326 304.116321224 136.160075496 0.99609375
v 118.54039873 276.928104186 136.860847916 0.99609375
v 118.342215092 303.870350603 136.909059343 0.99609375
v 118.739591423 276.371779382 136.354078992 0.99609375
v 118.432744217 303.642525206 136.85466091 0.99609375
v 118.901197617 276.698189086 136.035724943 0.99609375
v 119.004015865 303.855697788 136.190053493 0.99609375
v 119.009345324 276.698249062 136.716070325 0.99609375
v 118.910125657 303.822009891 136.31012981 0.99609375
v 119.714499546 276.84749805 136.233573697 0.99609375
v 119.729357765 304.135146961 136.150418808 0.99609375
v 119.987417396 286.588425045 136.407507178 0.99609375
v 119.522991498 304.109969374 136.266554535 0.99609375
v 119.994177048 291.498673124 136.804688255 0.99609375
v 120.347470712 303.715056388 136.708034744 0.99609375
v 120.355365752 293.156367072 136.158563875 0.99609375
v 120.635577162 303.793502642 136.065532971 0.99609375
v 120.771287203 294.933916641 136.37614728 0.99609375
v 120.858576781 303.821832529 136.304147944 0.99609375
v 109.570385141 276.464181401 136.632764508 0.99609375
v 109.544092762 277.858086992 137.060756472 0.99609375
v 109.967506451 276.620011213 136.691262051 0.99609375
v 109.947281374 279.255861986 136.700144308 0.99609375
v 110.379840733 276.380868584 136.8858546 0.99609375
v 110.348931762 279.859486783 137.224442339 0.99609375
v 110.302546377 276.391550901 136.982535854 0.99609375
v 110.639368762 280.466786684 137.472773812 0.99609375
v 110.932797269 276.488183832 137.116987849 0.99609375
v 111.0069398 282.370369332 137.078397194 0.99609375
v 111.031474235 276.387890059 136.75567367 0.99609375
v 110.824219887 284.026413708 136.830374838 0.99609375
v 111.44114099 276.678589684 137.300853561 0.99609375
v 111.387536051 285.868488232 137.289895999 0.99609375
v 111.774765015 276.585920432 136.67905205 0.99609375
v 111.366395796 287.724835059 136.897679039 0.99609375
v 111.729682311 276.913041024 137.130183504 0.99609375
v 112.003703046 289.571679655 137.383563086 0.99609375
v 112.132710811 276.756157343 137.461170203 0.99609375
v 112.136843653 291.499549514 136.516243093 0.99609375
v 112.703178548 276.655412421 136.976676877 0.99609375
v 112.308501913 294.317090503 137.474706282 0.99609375
v 112.857473664 276.71999904 137.115514097 0.99609375
v 112.619152414 298.651346655 137.039653928 0.99609375
v 113.114570169 276.428409081 137.152714072 0.99609375
v 113.190100222 301.70765731 136.699529183 0.99609375
v 113.551457194 276.649652646 136.522699639 0.99609375
v 113.29956185 304.128127254 136.781773665 0.99609375
v 113.833265039 276.723893777 137.308982777 0.99609375
v 113.796175417 303.941777283 136.732798521 0.99609375
v 114.081704841 276.925829763 137.081385282 0.99609375
v 113.706798902 303.961780832 137.269052239 0.99609375
v 114.249616219 276.855602194 137.21524598 0.99609375
v 114.251019206 303.812129461 137.351234551 0.99609375
v 114.341195336 276.448748526 136.594369809 0.99609375
v 114.625162628 304.011733465 137.187754522 0.99609375
v 114.97360666 276.841962096 136.566897908 0.99609375
v 114.659970397 303.677009332 137.327208329 0.99609375
v 115.263631089 276.633824527 136.667689924 0.99609375
v 115.368192885 304.193239635 136.620169111 0.99609375
v 115.428859823 276.687370891 136.798821041 0.99609375
v 115.304891723 304.178415594 136.891665714 0.99609375
v 115.539404081 276.674710685 136.837415156 0.99609375
v 115.754546801 303.732685619 137.075051126 0.99609375
v 115.903731925 276.608085727 137.466039425 0.99609375
v 115.752641019 303.71672717 137.33130847 0.99609375
v 116.091033299 276.527597451 136.539756416 0.99609375
v 116.370685996 303.782664662 137.400376083 0.99609375
v 116.741377975 276.385633441 137.428566941 0.99609375
v 116.603061746 304.018027729 136.630410808 0.99609375
v 116.796993793 276.446296551 137.007630859 0.99609375
v 116.783996234 303.70584872 137.08608802 0.99609375
v 117.313659706 276.633825449 137.179175337 0.99609375
v 117.236834007 303.962502434 136.663612124 0.99609375
v 117.29827208 276.482284784 137.063204196 0.99609375
v 117.395314126 303.652641454 136.739494161 0.99609375
v 117.600323358 276.511789991 136.85217752 0.99609375
v 117.813577254 303.837572849 137.264608227 0.99609375
v 117.785382278 276.610929361 137.238123646 0.99609375
v 118.313835029 303.743001526 136.653237352 0.99609375
v 118.119303037 276.889460873 137.13693073 0.99609375
v 118.293384275 304.190745678 137.074428378 0.99609375
v 118.383240343 276.825346528 136.982484464 0.99609375
v 118.584444465 304.125012255 137.029281169 0.99609375
v 119.107727934 276.928787832 137.180746003 0.99609375
v 118.734657578 303.824478459 136.522779722 0.99609375
v 118.905347804 276.911321302 136.766625771 0.99609375
v 118.980529663 304.061224984 136.979971114 0.99609375
v 119.357945282 276.393538659 136.620951113 0.99609375
v 119.501656028 304.204328786 136.884029965 0.99609375
v 119.480855861 276.378885502 136.727521958 0.99609375
v 119.903970395 303.885107454 137.037849258 0.99609375
v 120.319246895 276.423898331 137.189178787 0.99609375
v 120.280302816 304.015857917 137.206084211 0.99609375
v 120.250376733 276.467195111 137.027483501 0.99609375
v 120.438740393 303.804646863 137.485881943 0.99609375
v 120.476943371 276.729569041 136.587720539 0.99609375
v 120.768454283 304.140895177 136.768867009 0.99609375
v 120.965246043 276.715464728 136.518303966 0.99609375
v 120.72318815 303.799427201 137.343638655 0.99609375
v 120.955508632 276.411647103 137.319822923 0.99609375
v 120.954095586 303.174432441 136.628225907 0.99609375
v 121.285762037 276.677783333 136.991607502 0.99609375
v 121.553982597 299.424618876 137.498509447 0.99609375
v 121.826493046 277.508593829 136.653630145 0.99609375
v 122.071644555 289.105072052 136.709159266 0.99609375
v 122.166014777 278.153357699 136.858740449 0.99609375
v 122.322011053 281.561529398 136.631303209 0.99609375
v 109.818136725 276.726210319 137.284812108 0.99609375
v 110.193527643 278.071334547 137.700526539 0.99609375
v 110.25689966 276.600829935 137.098245922 0.99609375
v 110.26143424 279.95468539 137.677020398 0.99609375
v 110.525335834 276.429133986 137.893613964 0.99609375
v 110.779076237 281.227931719 137.596779103 0.99609375
v 110.646767571 276.44612708 137.715690775 0.99609375
v 110.792421832 282.531466884 137.09280967 0.99609375
v 111.144134144 276.409608031 137.611231243 0.99609375
v 110.872978089 283.873138489 137.616024548 0.99609375
v 111.089585058 276.401962992 137.222705371 0.99609375
v 111.446246813 285.506279702 137.579772123 0.99609375
v 111.529165472 276.493551274 137.873946121 0.99609375
v 111.403447899 287.389064226 137.422969368 0.99609375
v 111.924162115 276.922279838 137.412844636 0.99609375
v 111.662262402 288.615759552 137.064360834 0.99609375
v 112.476624421 276.413089001 137.66392741 0.99609375
v 112.367419836 290.271445997 137.205312009 0.99609375
v 112.768729629 276.421691311 137.709621641 0.99609375
v 112.426802217 292.390882215 137.134778709 0.99609375
v 112.741635304 276.714514091 137.22821219 0.99609375
v 112.860557991 295.127802233 137.656104248 0.99609375
v 112.827835108 276.625404404 137.704720176 0.99609375
v 113.212108782 298.325638966 137.355430035 0.99609375
v 113.669575344 276.737971557 137.797431491 0.99609375
v 113.266644011 301.231658114 137.192449565 0.99609375
v 113.818325384 276.877237256 137.284510825 0.99609375
v 113.796080171 303.699336515 137.848018929 0.99609375
v 113.806531965 276.508703498 137.838539898 0.99609375
v 114.11385814 304.092346582 137.657299499 0.99609375
v 114.440635194 276.798336125 137.702099579 0.99609375
v 114.047880364 303.750428547 137.404311144 0.99609375
v 114.781714267 276.884097933 137.063897503 0.99609375
v 114.640667396 303.963093215 137.559273991 0.99609375
v 115.021751171 276.896635593 137.453193879 0.99609375
v 114.897761374 303.821896427 137.70125846 0.99609375
v 115.306722779 276.734385206 137.203418331 0.99609375
v 115.083980729 304.115118763 137.163659821 0.99609375
v 115.295055975 276.422800984 137.429843183 0.99609375
v 115.367270716 304.039803702 137.828626924 0.99609375
v 115.761215073 276.440513766 137.515041848 0.99609375
v 115.986198929 303.874650497 137.62897878 0.99609375
v 115.77112332 276.90410202 137.36685295 0.99609375
v 116.049118718 304.201481779 137.801922832 0.99609375
v 116.459529123 276.434120051 137.103287562 0.99609375
v 116.151981404 304.193629118 137.684795164 0.99609375
v 116.324174681 276.928712811 137.41416635 0.99609375
v 116.317662307 303.66041626 137.57978118 0.99609375
v 116.670387138 276.502445276 137.549868751 0.99609375
v 117.011249325 303.863996588 137.513317818 0.99609375
v 117.011769822 276.809323177 137.849582164 0.99609375
v 117.279513452 303.990609254 137.903863572 0.99609375
v 117.674939818 276.795071782 137.166569653 0.99609375
v 117.654627724 304.191703454 137.636786128 0.99609375
v 117.904690932 276.618778344 137.378304665 0.99609375
v 118.022037989 303.648165591 137.400880044 0.99609375
v 117.904580935 276.893990682 137.309386469 0.99609375
v 118.103646441 303.6354993 137.550469871 0.99609375
v 118.043894086 276.607927314 137.178183597 0.99609375
v 118.579667774 303.672883012 137.900604818 0.99609375
v 118.580772888 276.557795403 137.762447251 0.99609375
v 118.775925321 304.033139908 137.889729183 0.99609375
v 118.646286365 276.608315399 137.378922417 0.99609375
v 118.802149013 304.154054416 137.638383642 0.99609375
v 119.455560157 276.812787175 137.23891254 0.99609375
v 119.05055551 303.81153636 137.576021739 0.99609375
v 119.576378308 276.916162813 137.655984863 0.99609375
v 119.532846102 303.918329509 137.882638683 0.99609375
v 119.756980482 276.607470763 137.695113373 0.99609375
v 119.570540278 304.120060547 137.823989301 0.99609375
v 119.835181768 276.82462873 137.417857965 0.99609375
v 120.099562527 304.167109934 137.018462128 0.99609375
v 120.276962123 276.457171196 137.737778615 0.99609375
v 120.200914828 303.871262434 137.15453144 0.99609375
v 120.916686996 276.707770829 137.136813152 0.99609375
v 120.439507662 304.187479603 137.42585368 0.99609375
v 120.857574057 276.603963173 137.118363771 0.99609375
v 120.765480697 303.854265457 137.061985437 0.99609375
v 120.930488948 276.741013212 137.60956465 0.99609375
v 121.414426828 303.989596837 137.117734577 0.99609375
v 121.42834252 276.4310461 137.063697661 0.99609375
v 121.355868597 304.197656507 137.964743468 0.99609375
v 121.67093648 276.832819442 137.590381106 0.99609375
v 121.689089001 303.744107583 137.978500475 0.99609375
v 121.867348965 276.703053662 137.368491223 0.99609375
v 122.063199801 302.136941246 137.563617309 0.99609375
v 122.436590382 277.320935797 137.163983381 0.99609375
v 122.458380163 297.721708442 137.788361819 0.99609375
v 122.829305081 278.656114537 137.555450163 0.99609375
v 122.765665657 295.814506189 137.518760191 0.99609375
v 123.033732811 287.928468611 137.866060895 0.99609375
v 123.16496585 294.676185296 137.195344827 0.99609375
v 110.354793613 276.645832831 138.001506695 0.99609375
v 110.170149509 278.352067291 138.103939878 0.99609375
v 110.432175487 276.715419649 137.508910756 0.99609375
v 110.602951659 280.081872766 137.908873251 0.99609375
v 110.786985294 276.599022178 137.546032553 0.99609375
v 110.969770408 281.297518208 137.516402529 0.99609375
v 111.239581318 276.577647492 138.400734465 0.99609375
v 111.26210798 282.310620497 137.54814852 0.99609375
v 111.4354508 276.854673608 137.575179448 0.99609375
v 111.477183488 284.262431347 138.423170701 0.99609375
v 111.607232346 276.861509678 137.999159185 0.99609375
v 111.64327811 285.666602481 138.338030726 0.99609375
v 111.835861943 276.852639271 138.324133673 0.99609375
v 111.954865287 287.915305025 138.036384959 0.99609375
v 112.514088868 276.730577451 137.544229609 0.99609375
v 112.288098258 289.246327283 138.139509042 0.99609375
v 112.580027543 276.447609401 137.758646205 0.99609375
v 112.458623984 290.902891903 137.638373495 0.99609375
v 112.702787032 276.706666124 137.892539229 0.99609375
v 112.84982113 293.021924199 138.11643716 0.99609375
v 112.81224223 276.426819549 137.837117054 0.99609375
v 112.94995684 295.115440074 137.73361846 0.99609375
v 113.239048689 276.856782946 137.905054919 0.99609375
v 113.312406483 298.08843947 137.643880704 0.99609375
v 113.629628913 276.539564127 137.867010872 0.99609375
v 113.487299083 300.582993067 138.0009309 0.99609375
v 114.223831279 276.4219635 137.650730156 0.99609375
v 113.872907278 304.132440038 137.861825847 0.99609375
v 114.406135183 276.83797192 138.214834299 0.99609375
v 114.190812013 303.965559669 138.118458641 0.99609375
v 114.463903587 276.589254118 138.078661362 0.99609375
v 114.303624203 303.927861298 138.243641397 0.99609375
v 114.971121596 276.52266218 137.963452428 0.99609375
v 114.663057207 304.282287779 137.516911408 0.99609375
v 115.101812932 276.719833198 137.816897198 0.99609375
v 114.858813571 304.158240293 137.801522785 0.99609375
v 115.266843686 276.536337097 138.148428967 0.99609375
v 115.673621701 304.231694875 138.343636659 0.99609375
v 115.972198007 276.695230103 138.100965509 0.99609375
v 115.973702753 304.451175376 137.720551921 0.99609375
v 116.266575328 276.493853625 138.179608627 0.99609375
v 116.012150086 304.360885118 138.10211093 0.99609375
v 116.181029103 276.74377832 137.832911168 0.99609375
v 116.456435731 304.289200016 138.090951024 0.99609375
v 116.61179852 276.522561765 137.659618587 0.99609375
v 116.416565328 304.194799677 138.24252731 0.99609375
v 116.948456887 276.5162841 138.462128075 0.99609375
v 116.905007808 304.149407883 138.323094562 0.99609375
v 116.979856115 276.869456976 137.756056086 0.99609375
v 117.166165656 304.436699364 138.108418015 0.99609375
v 117.257546211 276.915256832 138.252583127 0.99609375
v 117.484718701 304.263493537 137.819269277 0.99609375
v 117.931544896 276.700521792 137.98289536 0.99609375
v 117.612118073 304.25705079 137.733150307 0.99609375
v 117.807355609 276.947149542 137.696139281 0.99609375
v 118.092805485 304.243165901 138.265410661 0.99609375
v 118.046591914 276.869560344 138.221196706 0.99609375
v 118.447925105 304.455876267 138.186158986 0.99609375
v 118.81330191 276.456490657 137.530790935 0.99609375
v 118.475041275 304.201532951 137.583293835 0.99609375
v 118.762775917 276.919537909 137.718684418 0.99609375
v 119.010640359 304.395848 138.122054664 0.99609375
v 118.975837434 276.37470315 137.959978642 0.99609375
v 119.099758596 304.357894773 137.958846607 0.99609375
v 119.476883033 276.861237996 138.491911925 0.99609375
v 119.549152323 304.476142804 138.353603461 0.99609375
v 119.866509941 276.459202207 138.252585768 0.99609375
v 119.566769411 304.168581408 137.525446427 0.99609375
v 119.990743853 276.412483778 137.92907685 0.99609375
v 120.213657071 304.403125839 138.23800104 0.99609375
v 120.291240315 276.840343371 138.294177808 0.99609375
v 120.376320073 304.125281106 137.635998813 0.99609375
v 120.448902419 276.883145356 138.472123369 0.99609375
v 120.469759402 303.962865084 137.903609531 0.99609375
v 120.758807466 276.683779235 138.401669917 0.99609375
v 120.842916966 304.19530005 138.431219472 0.99609375
v 120.965111675 276.557475741 137.985536981 0.99609375
v 121.027268027 304.462183224 137.831310433 0.99609375
v 121.749025225 276.62494213 137.595232545 0.99609375
v 121.306110418 304.389948502 138.034761057 0.99609375
v 121.895585641 276.672290015 137.711745942 0.99609375
v 122.019422124 304.403251404 137.712734461 0.99609375
v 122.296895641 276.451501749 137.595919392 0.99609375
v 122.243543297 304.307224963 137.560848102 0.99609375
v 122.177165937 277.051975963 137.572425315 0.99609375
v 122.450033973 304.108415187 137.823485356 0.99609375
v 122.910799177 277.943324413 138.321445739 0.99609375
v 122.597908304 304.112449089 137.588210972 0.99609375
v 123.114804958 279.503107503 138.025212738 0.99609375
v 123.035620215 302.257915082 138.413321621 0.99609375
v 123.148024686 288.282456017 137.708722193 0.99609375
v 123.398309307 298.161773947 138.299768353 0.99609375
v 123.284907193 289.611746006 137.917171247 0.99609375
v 123.337219667 297.169532307 137.918410334 0.99609375
v 123.5608899 291.102961006 137.509416653 0.99609375
v 123.673381695 296.175613459 138.348671681 0.99609375
v 124.323029244 294.751650941 137.808148925 0.99609375
v 124.262427072 295.826837442 138.16140001 0.99609375
v 110.715402686 276.49743305 138.248398511 0.99609375
v 110.981789688 278.533178257 138.432013348 0.99609375
v 111.268096071 276.536830776 138.927736803 0.99609375
v 111.273471566 280.564744251 138.959703653 0.99609375
v 111.287969973 276.543730392 138.083777601 0.99609375
v 111.475239889 281.637363395 138.366779422 0.99609375
v 111.814856956 276.925919102 138.45621379 0.99609375
v 111.38319907 283.831502902 138.035569885 0.99609375
v 112.110444638 276.458418143 138.204473239 0.99609375
v 111.813200987 285.28571909 138.784512433 0.99609375
v 112.050530011 276.537555967 138.162533999 0.99609375
v 112.12132196 287.211695593 138.539856828 0.99609375
v 112.627191978 276.946614405 138.333273401 0.99609375
v 112.271169859 289.107208205 138.806884711 0.99609375
v 112.656660539 276.431940055 138.655105284 0.99609375
v 112.529247371 290.859684014 138.618435502 0.99609375
v 113.363565515 276.886312102 138.90633283 0.99609375
v 112.885509482 292.33441262 138.611189034 0.99609375
v 113.411682556 276.425217399 138.187640914 0.99609375
v 113.262875403 294.311986531 138.865369922 0.99609375
v 113.540207252 276.401009393 138.397020168 0.99609375
v 113.913438578 297.063407255 138.394840786 0.99609375
v 114.04974501 276.648979032 138.989594385 0.99609375
v 113.797364197 299.186650383 138.697989479 0.99609375
v 114.458636311 276.435159598 138.325316544 0.99609375
v 114.499781721 300.997013847 138.780989066 0.99609375
v 114.772904259 276.519073471 138.84549865 0.99609375
v 114.599178807 302.850222574 138.306337638 0.99609375
v 115.029223723 276.561988924 138.767577293 0.99609375
v 114.650595787 304.152468427 138.585592342 0.99609375
v 115.047665809 276.947601905 138.934080097 0.99609375
v 115.352178633 304.459166839 138.858468377 0.99609375
v 115.268226859 276.664571889 138.724509491 0.99609375
v 115.365257559 303.992769242 138.872994044 0.99609375
v 115.546160442 276.40451069 138.34071456 0.99609375
v 115.617446195 304.497065034 138.859565897 0.99609375
v 115.837122445 276.497864386 138.111287032 0.99609375
v 116.10148845 304.312977408 138.051389391 0.99609375
v 116.326166302 276.6058209 138.298992935 0.99609375
v 116.240370341 304.215026776 138.79106798 0.99609375
v 116.722665341 276.714995729 138.976066756 0.99609375
v 116.353367187 303.96697172 138.220364964 0.99609375
v 116.74717814 276.438007314 138.039565044 0.99609375
v 116.688473687 304.20315364 138.742368262 0.99609375
v 117.179955579 276.722577832 138.351681333 0.99609375
v 117.327908292 303.952743963 138.75029567 0.99609375
v 117.290091744 276.759921091 138.953698915 0.99609375
v 117.320164418 303.970181573 138.967107727 0.99609375
v 117.66583778 276.825561991 138.074198369 0.99609375
v 117.567479737 304.456632928 138.589881376 0.99609375
v 117.788840578 276.746190842 138.681917316 0.99609375
v 118.041396746 304.355519436 138.147451086 0.99609375
v 118.195795783 276.941084656 138.046292283 0.99609375
v 118.271647429 304.421695363 138.199434819 0.99609375
v 118.894595501 276.413951247 138.538859145 0.99609375
v 118.561709846 304.471113761 138.773904821 0.99609375
v 119.109783403 276.790719224 138.728729232 0.99609375
v 118.95459422 304.089486398 138.381050339 0.99609375
v 119.226381027 276.620945448 138.482734309 0.99609375
v 119.35852747 304.432890096 138.171749309 0.99609375
v 119.750502648 276.494204385 138.252451681 0.99609375
v 119.416968952 304.00757708 138.155068794 0.99609375
v 120.036680676 276.623384161 138.322701401 0.99609375
v 119.729529599 304.422432809 138.329540097 0.99609375
v 120.028767531 276.904138022 138.876642819 0.99609375
v 119.931384665 304.052267939 138.168904688 0.99609375
v 120.142004624 276.381243509 138.531926886 0.99609375
v 120.100200284 304.075630093 138.348517159 0.99609375
v 120.534258951 276.871269079 138.75015566 0.99609375
v 120.676767394 304.105378884 138.605314032 0.99609375
v 120.930179656 276.485944738 138.376381484 0.99609375
v 121.169716577 303.946471815 138.057968861 0.99609375
v 120.945020925 276.585879159 138.841725687 0.99609375
v 121.344173272 304.442614483 138.722592209 0.99609375
v 121.393056335 276.562258996 138.17645289 0.99609375
v 121.694134636 304.1106299 138.702575654 0.99609375
v 121.965204255 276.374529461 138.859991334 0.99609375
v 121.981501448 304.130545846 138.03872583 0.99609375
v 122.245743042 276.664436702 138.999067891 0.99609375
v 122.144715029 304.464831811 138.389897038 0.99609375
v 122.255071046 276.651689435 138.164604744 0.99609375
v 122.609084112 304.097836343 138.340004367 0.99609375
v 122.701160538 278.038903426 138.584535275 0.99609375
v 122.614812679 304.42570054 138.625839695 0.99609375
v 123.223626002 278.799910918 138.172371347 0.99609375
v 123.169054401 304.009465889 138.868690277 0.99609375
v 123.078925805 280.8671624 138.293682062 0.99609375
v 123.297352271 304.274822386 138.816840046 0.99609375
v 123.766244356 288.918459306 138.040941306 0.99609375
v 123.298466971 304.189246417 138.368456056 0.99609375
v 124.008999973 290.38137496 138.647182951 0.99609375
v 123.79131934 304.030614135 138.112672302 0.99609375
v 123.913091282 291.930924942 138.32430903 0.99609375
v 124.346570584 303.443710269 138.314300986 0.99609375
v 124.307187436 295.766118416 138.125402448 0.99609375
v 124.384728359 301.94367221 138.937633594 0.99609375
v 124.675462514 300.041345635 138.408092347 0.99609375
v 124.798578336 301.198431958 138.455441239 0.99609375
v 111.376676669 276.73315589 138.848846519 0.99609375
v 111.806303527 278.931579085 138.558464994 0.99609375
v 112.108337138 276.525508552 139.163951909 0.99609375
v 111.982038466 280.930556835 139.186398187 0.99609375
v 112.101518009 276.418522417 139.225494072 0.99609375
v 112.511118927 282.633694994 139.029371747 0.99609375
v 112.443724873 276.754550198 139.037365847 0.99609375
v 112.426478332 285.260596885 139.013498315 0.99609375
v 113.04570041 276.556428349 139.237591599 0.99609375
v 112.995818858 287.122712311 138.699346562 0.99609375
v 113.131555202 276.939969985 138.903146295 0.99609375
v 112.993464984 288.468248745 138.548641198 0.99609375
v 113.411541354 276.393064566 138.756195677 0.99609375
v 113.553739631 291.130261406 139.2282428 0.99609375
v 113.779821564 276.417603856 139.329640291 0.99609375
v 113.826688037 292.670560112 139.017242992 0.99609375
v 113.841880053 276.695471633 139.335081794 0.99609375
v 113.883250525 294.41885547 139.472965288 0.99609375
v 114.251325994 276.397493883 139.288949594 0.99609375
v 114.367790172 296.729008472 139.165401774 0.99609375
v 114.434481055 276.909005837 139.009846853 0.99609375
v 114.343590892 298.603203011 139.026545039 0.99609375
v 115.02730859 276.655645224 139.191818107 0.99609375
v 115.122296702 300.921891182 139.004205108 0.99609375
v 115.021232239 276.865575351 139.033766266 0.99609375
v 115.147456624 302.275222711 139.301212438 0.99609375
v 115.697195296 276.511721348 138.797861089 0.99609375
v 115.548134794 304.269498033 139.321956477 0.99609375
v 115.96962631 276.915828403 139.449049734 0.99609375
v 115.688097303 304.326234281 139.416661628 0.99609375
v 116.083866253 276.714484834 139.350772449 0.99609375
v 115.729262897 304.276985464 138.922346595 0.99609375
v 116.412116738 276.47726338 138.589573567 0.99609375
v 116.187320448 304.043492647 138.563394278 0.99609375
v 116.671151748 276.370381929 138.852450345 0.99609375
v 116.642752427 304.424731898 138.928237564 0.99609375
v 116.956543188 276.917739866 138.925163646 0.99609375
v 116.931304935 304.308810461 139.118880485 0.99609375
v 117.070510314 276.791263164 139.16919349 0.99609375
v 117.167444441 304.283878847 138.638587474 0.99609375
v 117.704643763 276.535048565 139.484663715 0.99609375
v 117.322987269 304.199926118 139.095743973 0.99609375
v 117.62771469 276.457337951 139.001948588 0.99609375
v 117.802372797 304.022654515 139.121035638 0.99609375
v 118.030713707 276.863305647 139.356419907 0.99609375
v 118.194665113 304.06992423 139.056115727 0.99609375
v 118.307989521 276.435688269 138.537623682 0.99609375
v 118.508133969 304.28827644 138.523183951 0.99609375
v 118.535471219 276.62756709 138.836149057 0.99609375
v 118.707736551 304.11545792 139.484096628 0.99609375
v 118.827738318 276.736625698 139.266563512 0.99609375
v 118.925033155 303.974051635 138.831572812 0.99609375
v 119.068447139 276.78046642 138.631983964 0.99609375
v 119.43096386 304.435051718 138.877858391 0.99609375
v 119.580806695 276.529365606 139.250486634 0.99609375
v 119.343499905 304.126771473 139.061048615 0.99609375
v 119.849284578 276.523055406 139.463453796 0.99609375
v 119.910921648 304.442312305 138.648817277 0.99609375
v 119.976730763 276.923150966 138.608890383 0.99609375
v 119.98649322 304.324760654 138.884287362 0.99609375
v 120.240227405 276.938100622 138.779305547 0.99609375
v 120.267970813 304.178740683 139.107772107 0.99609375
v 120.533470659 276.697639156 138.961840037 0.99609375
v 120.853355822 304.390165936 138.551938574 0.99609375
v 120.920752402 276.773878783 139.400964901 0.99609375
v 120.95393936 304.419776555 139.21530465 0.99609375
v 121.327982897 276.425290628 139.013415096 0.99609375
v 121.296157032 303.946619473 138.709763968 0.99609375
v 121.531493226 276.619058694 138.524599271 0.99609375
v 121.51607391 304.007196373 139.345981309 0.99609375
v 121.786772518 276.450180205 138.884016368 0.99609375
v 121.920147232 304.312004093 138.83428283 0.99609375
v 122.085796222 276.427744215 138.62004977 0.99609375
v 122.339020012 304.396097119 139.364922777 0.99609375
v 122.231285941 276.825465912 139.109084956 0.99609375
v 122.526664192 304.47451265 139.477425232 0.99609375
v 122.421688957 277.195226652 138.624579461 0.99609375
v 122.736444187 304.229798058 139.228901165 0.99609375
v 122.96501365 278.737958893 139.184624453 0.99609375
v 122.852401643 304.45015403 138.524778227 0.99609375
v 123.482911042 279.681173161 139.357823498 0.99609375
v 123.435762764 304.444705592 139.169019835 0.99609375
v 123.705316878 288.144037816 138.82107954 0.99609375
v 123.703288445 304.371426194 138.922189775 0.99609375
v 123.711759422 289.924478041 139.446210738 0.99609375
v 123.866006992 304.252472973 139.422772028 0.99609375
v 124.31886442 290.939555693 139.425363566 0.99609375
v 124.389610123 303.998635083 139.459943496 0.99609375
v 124.661810032 294.240063146 139.243973867 0.99609375
v 124.175217618 304.362637389 138.767593916 0.99609375
v 124.441825616 296.619283336 138.767806868 0.99609375
v 124.986505535 304.347258552 138.751494008 0.99609375
v 125.144285453 301.583414432 138.985457636 0.99609375
v 125.265298249 304.011010336 139.252768927 0.99609375
v 113.038646511 276.373457808 139.854264079 0.99609375
v 112.921945107 279.463551418 139.30020476 0.99609375
v 113.198139161 276.70819202 139.448351019 0.99609375
v 113.184134463 281.550900342 139.462307848 0.99609375
v 113.314986932 276.483487791 139.787625118 0.99609375
v 113.539490863 284.759829161 139.513338994 0.99609375
v 113.797190457 276.799373398 139.571904304 0.99609375
v 113.511915858 286.61827316 139.721492515 0.99609375
v 113.81348702 276.508669322 139.317342441 0.99609375
v 114.006430256 288.580858789 139.514419255 0.99609375
v 114.23011365 276.753975358 139.504601242 0.99609375
v 114.047433428 291.95141718 139.767137009 0.99609375
v 114.62255093 276.616416555 139.455716779 0.99609375
v 114.63210259 293.198801686 139.866111231 0.99609375
v 115.09425904 276.649697916 139.33775589 0.99609375
v 114.848022161 295.780803026 139.664221172 0.99609375
v 115.00319766 276.900161514 139.008812567 0.99609375
v 115.1128755 298.006657538 139.912122561 0.99609375
v 115.184605554 276.864848437 139.771910826 0.99609375
v 115.357083395 299.66314024 139.418367322 0.99609375
v 115.45181781 276.738513966 139.636595927 0.99609375
v 115.516371463 301.676964942 139.264704419 0.99609375
v 116.240531454 276.674662371 139.19661311 0.99609375
v 115.779726679 303.41467591 139.044877189 0.99609375
v 116.292975883 276.850363278 139.03063395 0.99609375
v 116.055812904 304.321879157 139.630491604 0.99609375
v 116.540351224 276.784205721 139.646790607 0.99609375
v 116.507713111 304.257868893 139.666258533 0.99609375
v 116.95437003 276.657556682 139.971075599 0.99609375
v 116.982662393 304.002180519 139.286772149 0.99609375
v 117.346199493 276.681077592 139.933348825 0.99609375
v 117.22234969 304.437942622 139.852032838 0.99609375
v 117.183956746 276.884025734 139.896115399 0.99609375
v 117.60036922 304.275569685 139.761902514 0.99609375
v 117.717942615 276.535518866 139.918815083 0.99609375
v 117.796861136 304.143376388 139.47361546 0.99609375
v 118.233401764 276.773404582 139.511031023 0.99609375
v 118.09450343 304.474238852 139.887937612 0.99609375
v 118.515316844 276.590250634 139.601267232 0.99609375
v 118.482624037 304.251095478 139.870085274 0.99609375
v 118.809193919 276.581001884 139.709490752 0.99609375
v 118.612151401 304.273937158 139.540000534 0.99609375
v 118.953006824 276.504120069 139.94371099 0.99609375
v 119.050499531 304.024672566 139.208409937 0.99609375
v 119.286595704 276.750750931 139.038364126 0.99609375
v 119.134876482 304.332328174 139.363806399 0.99609375
v 119.369559013 276.782211122 139.279604056 0.99609375
v 119.449646045 304.10016552 139.835970996 0.99609375
v 119.992774231 276.872537295 139.810999027 0.99609375
v 119.541859995 303.975515954 139.517834101 0.99609375
v 119.875700633 276.914613882 139.366107161 0.99609375
v 120.153339506 304.143194043 139.003010658 0.99609375
v 120.063887117 276.823592492 139.250750745 0.99609375
v 120.628339136 304.364808412 139.362021696 0.99609375
v 120.668168611 276.751678859 139.670190631 0.99609375
v 120.676905453 303.9475382 139.524364247 0.99609375
v 120.885017157 276.603392188 139.954915772 0.99609375
v 121.157452712 304.206976088 139.577680449 0.99609375
v 121.123230761 276.684646422 139.161345282 0.99609375
v 121.171096342 304.330821342 139.668971701 0.99609375
v 121.708272262 276.738115057 139.870407363 0.99609375
v 121.533186135 304.421015004 139.020853574 0.99609375
v 121.729516893 276.697084051 139.825080025 0.99609375
v 122.003652581 304.383830411 139.559016551 0.99609375
v 121.992389473 276.852175961 139.673440998 0.99609375
v 121.876167246 303.921453262 139.377686433 0.99609375
v 122.525962118 276.461341011 139.405235939 0.99609375
v 122.59327715 304.019250996 139.195447307 0.99609375
v 122.40639359 276.404656897 139.958859265 0.99609375
v 122.867880161 304.36505169 139.800679359 0.99609375
v 123.154104597 278.008082572 139.324977893 0.99609375
v 122.901671465 304.272561466 139.094883928 0.99609375
v 123.531013774 279.700538947 139.35782939 0.99609375
v 123.404710534 304.140239312 139.292178952 0.99609375
v 123.420449726 281.382447669 139.744256397 0.99609375
v 123.816585418 304.348923089 139.924981528 0.99609375
v 124.04947847 288.576517532 139.150281141 0.99609375
v 123.578468483 304.302046837 139.031913213 0.99609375
v 124.129911472 290.346571113 139.518403635 0.99609375
v 124.25528545 304.274944399 139.47497003 0.99609375
v 124.229638434 291.92278814 139.36429343 0.99609375
v 124.501396814 304.300277123 139.456121553 0.99609375
v 124.721823423 295.173456426 139.307067157 0.99609375
v 124.811215605 304.242284243 139.827397545 0.99609375
v 125.197771079 297.473614035 139.715791259 0.99609375
v 125.005055495 304.372147538 139.988211457 0.99609375
v 125.471964785 302.233130045 139.595746864 0.99609375
v 125.501192609 303.92211733 139.004622979 0.99609375
v 112.980259155 276.547778257 139.950306143 0.99609375
v 112.93656453 276.357259479 140.356662844 0.99609375
v 113.601246447 276.389718194 140.338616196 0.99609375
v 113.440134301 276.188782521 140.101280204 0.99609375
v 113.898569203 276.215324829 139.728505284 0.99609375
v 113.835041859 277.736172498 139.600566232 0.99609375
v 114.149124684 276.414252989 140.351664036 0.99609375
v 114.20909041 280.410990021 139.807130585 0.99609375
v 114.332332043 276.590130743 139.865103136 0.99609375
v 114.397426064 283.090740742 140.270286843 0.99609375
v 114.986248854 276.365534104 139.761404301 0.99609375
v 114.709601975 286.101080878 140.436339147 0.99609375
v 115.359002724 276.238928936 140.310160471 0.99609375
v 115.336846996 289.135701673 140.206995722 0.99609375
v 115.268511617 276.295801809 140.371291647 0.99609375
v 115.173172788 292.259096535 140.376989893 0.99609375
v 115.52667212 276.397939647 140.126301612 0.99609375
v 115.774121923 293.924259993 139.597493607 0.99609375
v 115.845804862 276.422514689 139.751689155 0.99609375
v 116.151250742 296.62116602 140.437903366 0.99609375
v 116.309185124 276.51155477 139.639362094 0.99609375
v 116.537237047 298.991524292 139.707111656 0.99609375
v 116.481512301 276.351903901 139.860077837 0.99609375
v 116.762546213 301.378353376 140.471079573 0.99609375
v 116.706128364 276.254945431 139.632784856 0.99609375
v 117.091274952 304.478054993 140.2039295 0.99609375
v 117.172181926 276.325311777 140.344066166 0.99609375
v 117.194921605 304.117427216 140.217299091 0.99609375
v 117.595265364 276.378945965 139.793630614 0.99609375
v 117.676066618 304.397994196 139.565102395 0.99609375
v 117.815389337 276.549715784 139.743243834 0.99609375
v 117.580505866 304.043624673 140.338377473 0.99609375
v 117.916994395 276.308310415 139.53747968 0.99609375
v 117.847672791 304.163886811 140.315475279 0.99609375
v 118.454369615 276.490780989 139.573050361 0.99609375
v 118.088392064 304.335093099 140.214683637 0.99609375
v 118.479276724 276.229962372 140.148203084 0.99609375
v 118.649253779 304.33082586 140.471215488 0.99609375
v 118.73011306 276.154305328 140.145568793 0.99609375
v 118.843614531 304.484177491 139.510302365 0.99609375
v 119.35723728 276.277924893 140.122921589 0.99609375
v 119.45217897 303.954338364 139.79367032 0.99609375
v 119.584761831 276.294555683 139.856843291 0.99609375
v 119.525518447 304.260825266 140.316148802 0.99609375
v 119.770059266 276.178044101 140.073653004 0.99609375
v 119.602854171 304.35686945 140.312547659 0.99609375
v 120.115780435 276.36103618 139.925745114 0.99609375
v 120.167084288 304.155622372 140.208100848 0.99609375
v 120.413411086 276.134966625 140.316218218 0.99609375
v 120.506258519 304.390256234 139.732885229 0.99609375
v 120.360750223 276.616482607 140.074170315 0.99609375
v 120.57787668 304.402146244 139.576995253 0.99609375
v 120.758708616 276.329264429 140.290446979 0.99609375
v 120.973057533 304.030327307 139.805891343 0.99609375
v 120.985335882 276.159975973 140.249398881 0.99609375
v 121.273319433 304.02689475 139.602002592 0.99609375
v 121.379418594 276.201692565 139.999703708 0.99609375
v 121.497964564 304.30857584 140.37229847 0.99609375
v 121.892175719 276.14545137 139.540286732 0.99609375
v 122.087574694 304.198463291 140.40898048 0.99609375
v 122.025140471 276.433349399 140.09421178 0.99609375
v 122.229166892 304.498279927 140.358458436 0.99609375
v 122.651542196 276.380329724 139.900423032 0.99609375
v 122.425509224 304.023661427 140.011577757 0.99609375
v 122.808552977 276.243839912 140.302807037 0.99609375
v 122.4785498 304.431469446 140.07879793 0.99609375
v 122.71137201 277.394160064 139.666415941 0.99609375
v 123.098067615 304.476303569 139.553097411 0.99609375
v 123.468044467 279.040909496 140.01487495 0.99609375
v 123.399933588 304.364111852 140.257257215 0.99609375
v 123.605584332 280.25819216 140.315399384 0.99609375
v 123.766298964 303.967808363 140.43776038 0.99609375
v 123.586308399 286.527598554 140.373791178 0.99609375
v 124.015273545 304.249380385 139.653693562 0.99609375
v 123.90279078 289.888786809 139.83729909 0.99609375
v 124.279521781 303.933815198 140.386247967 0.99609375
v 124.228279618 291.537519146 140.107915924 0.99609375
v 124.560058549 303.979214124 139.5244913 0.99609375
v 124.467587765 294.634431051 139.643917767 0.99609375
v 124.490947106 304.307337596 140.193442478 0.99609375
v 125.183564562 296.098564638 140.109215669 0.99609375
v 125.272957959 304.273329073 139.752482789 0.99609375
v 125.299472742 298.770192089 139.804978152 0.99609375
v 125.187511249 303.967676919 140.312819248 0.99609375
v 125.788569486 303.569983455 140.255745579 0.99609375
v 125.654387673 304.23965565 140.132474047 0.99609375
v 117.072089199 278.184500761 140.483114342 0.99609375
v 116.925748409 280.367712633 140.792588501 0.99609375
v 117.194430732 276.351372842 140.678248176 0.99609375
v 117.541152515 289.535124539 140.046810938 0.99609375
v 117.652981263 276.34121447 140.610751677 0.99609375
v 117.841772806 303.7014339 140.505756398 0.99609375
v 118.257754473 276.459174454 140.364505283 0.99609375
v 117.941983572 304.215539756 140.776589093 0.99609375
v 118.129484569 276.234722944 140.184031069 0.99609375
v 118.587850091 304.271276994 140.178359072 0.99609375
v 118.423477179 276.341859511 140.335056394 0.99609375
v 118.65603758 304.275041743 140.516558525 0.99609375
v 119.073369164 276.253160656 140.400137769 0.99609375
v 119.178120332 303.997327145 140.691669655 0.99609375
v 119.219333187 276.293876822 140.290514734 0.99609375
v 119.142642684 304.452696681 140.601062928 0.99609375
v 119.436264442 276.484833506 140.153597928 0.99609375
v 119.313802951 303.935212078 140.498575647 0.99609375
v 119.522469185 276.374258882 140.183586379 0.99609375
v 119.832204224 303.954749774 140.073028764 0.99609375
v 120.066169054 276.484102944 140.53551225 0.99609375
v 120.02837592 304.408861797 140.126965382 0.99609375
v 120.446801716 276.504792722 140.762682146 0.99609375
v 120.113694287 304.120600266 140.278606986 0.99609375
v 120.484235966 276.632550425 140.099266255 0.99609375
v 120.509127876 304.399599113 140.479857928 0.99609375
v 120.738354795 276.239818555 140.911894261 0.99609375
v 120.750464917 304.28943386 140.7766253 0.99609375
v 120.945598837 276.595395925 140.452398087 0.99609375
v 121.40908269 304.27906473 140.530467768 0.99609375
v 121.30867024 276.42662501 140.644182957 0.99609375
v 121.271018446 304.021526774 140.759961199 0.99609375
v 121.879799323 276.480162284 140.588935389 0.99609375
v 121.819337506 303.992184481 140.133152349 0.99609375
v 122.08021563 276.496259417 140.966847745 0.99609375
v 122.30935731 304.377336063 140.415259682 0.99609375
v 122.299406118 276.209757696 140.913431337 0.99609375
v 122.286367656 304.195647925 140.450743251 0.99609375
v 122.827874089 276.119897802 140.463185893 0.99609375
v 122.679669521 303.959449345 140.561408285 0.99609375
v 123.093365403 276.463814023 140.258408217 0.99609375
v 123.019496386 303.978621058 140.098670968 0.99609375
v 123.367259081 278.205298872 140.828330591 0.99609375
v 123.146814904 304.022858335 140.41549722 0.99609375
v 123.739402802 280.028070267 140.610396427 0.99609375
v 123.683068708 303.937007728 140.04385002 0.99609375
v 124.077776258 282.327501734 140.286679396 0.99609375
v 123.882594637 304.005430684 140.294276101 0.99609375
v 124.194217127 288.35589918 140.818323491 0.99609375
v 123.917546107 304.160452809 140.586264198 0.99609375
v 124.135574331 290.535133253 140.727969475 0.99609375
v 124.647841873 304.468095539 140.860053687 0.99609375
v 124.725356674 292.808096933 140.661530607 0.99609375
v 124.904392523 304.423522596 140.824055274 0.99609375
v 124.765830359 295.460117863 140.976593068 0.99609375
v 124.99251682 304.316753705 140.082371504 0.99609375
v 125.38047782 297.073738219 140.830731637 0.99609375
v 125.205521458 304.446622499 140.516415217 0.99609375
v 125.336968546 300.7754512 140.005441377 0.99609375
v 125.515209957 304.179514252 140.495838603 0.99609375
v 125.575947062 303.479496438 140.890532471 0.99609375
v 125.729155612 304.057270497 140.369125979 0.99609375
v 117.54991188 275.857158631 140.760251208 0.99609375
v 118.014451244 276.184023238 141.383798804 0.99609375
v 118.187372558 275.897859254 141.265759536 0.99609375
v 118.433029115 276.231239746 140.615415905 0.99609375
v 118.377817382 275.831081063 140.960225873 0.99609375
v 118.987745099 275.897604203 141.326279997 0.99609375
v 118.92811951 276.00738081 140.876899862 0.99609375
v 119.539216102 275.912028593 140.99398705 0.99609375
v 119.516681617 276.078444915 140.815832683 0.99609375
v 119.967608649 304.346600391 141.166008604 0.99609375
v 119.773058035 275.859056628 140.678473796 0.99609375
v 119.825460017 304.178194531 141.146967328 0.99609375
v 120.315449982 275.970679123 140.903276278 0.99609375
v 120.32258046 304.173780179 140.686400237 0.99609375
v 120.416605479 275.859046097 140.743518691 0.99609375
v 120.411527455 304.305639381 140.960446119 0.99609375
v 121.182156604 275.938595378 140.635127231 0.99609375
v 120.782899648 304.341930158 140.943959805 0.99609375
v 121.250686335 275.803163384 141.332132491 0.99609375
v 121.220714051 304.169503606 141.303350053 0.99609375
v 121.450451612 276.340311973 140.8996733 0.99609375
v 121.701417472 303.934275908 140.845601305 0.99609375
v 121.683061796 275.880772616 140.542365425 0.99609375
v 121.909720325 304.331713358 141.387555333 0.99609375
v 122.224816706 275.808277994 140.549713401 0.99609375
v 122.191539405 304.115840299 140.895977266 0.99609375
v 122.109403083 276.112861645 141.430410569 0.99609375
v 122.658926184 304.128239372 140.756641716 0.99609375
v 122.598716123 276.327029382 140.873559402 0.99609375
v 122.682050513 304.135436587 140.580192572 0.99609375
v 122.705879829 276.074885736 140.600246001 0.99609375
v 122.899535371 304.168002903 140.712870043 0.99609375
v 122.992009112 276.527785037 140.857248994 0.99609375
v 123.453610389 304.088272731 140.595571165 0.99609375
v 123.671519685 279.089142616 140.76527647 0.99609375
v 123.692132939 304.266512479 141.072278004 0.99609375
v 123.702916037 280.116854471 140.568981276 0.99609375
v 123.909443687 303.920573252 141.33656156 0.99609375
v 124.045857833 284.011588008 141.206415122 0.99609375
v 123.891852855 304.157075297 140.981603805 0.99609375
v 124.641195414 289.32223964 140.944969878 0.99609375
v 124.684587818 304.230706623 141.26341949 0.99609375
v 124.503260657 290.875944903 141.193513113 0.99609375
v 124.702078318 304.107257669 141.276827177 0.99609375
v 125.162533187 294.155945703 140.679972495 0.99609375
v 124.906711282 304.113797094 141.278124436 0.99609375
v 125.178334051 296.236975546 140.705248783 0.99609375
v 125.550404932 304.333835978 141.068895411 0.99609375
v 125.618663641 298.500911998 140.81770444 0.99609375
v 125.296698814 304.001765021 141.189452528 0.99609375
v 126.051710854 301.692540535 140.703558154 0.99609375
v 126.105317021 304.348531691 140.669984512 0.99609375
v 121.34374665 284.698277634 141.776360346 0.99609375
v 121.508052137 290.8130469 141.335980929 0.99609375
v 121.733452411 280.041582498 141.96738187 0.99609375
v 121.61364771 304.024883304 141.257845942 0.99609375
v 121.877224951 278.519196566 141.573187033 0.99609375
v 121.876161029 304.475060254 141.981957729 0.99609375
v 122.664877668 277.739930501 141.028559226 0.99609375
v 122.149141139 304.115139475 141.929462681 0.99609375
v 122.56785707 277.606285623 141.028539548 0.99609375
v 122.723599643 304.214001183 141.857816238 0.99609375
v 122.695120506 277.58058794 141.638901662 0.99609375
v 122.81620768 304.462189566 141.367614493 0.99609375
v 123.444166837 278.02683897 141.766651284 0.99609375
v 123.226537883 303.963807254 141.280329695 0.99609375
v 123.579757146 277.850169436 141.670589573 0.99609375
v 123.616414376 304.043129058 141.781174519 0.99609375
v 123.623704454 278.863696424 141.845660607 0.99609375
v 123.932990505 303.955133936 141.377120371 0.99609375
v 124.240768573 280.322700626 141.839345965 0.99609375
v 124.028056594 303.982851943 141.319036969 0.99609375
v 124.519440738 283.965704426 141.110927628 0.99609375
v 124.502520793 303.966263861 141.687658353 0.99609375
v 124.973240272 289.041358887 141.692760492 0.99609375
v 124.502921739 304.126470732 141.546017215 0.99609375
v 124.911601807 292.125398685 141.398245579 0.99609375
v 124.715169198 304.320541561 141.962102608 0.99609375
v 125.562282782 295.089460405 141.565110132 0.99609375
v 125.227168339 304.376424469 141.958487978 0.99609375
v 125.727050745 296.798820697 141.37752479 0.99609375
v 125.784913288 304.080482236 141.309798467 0.99609375
v 126.00474706 298.783259582 141.414667354 0.99609375
v 125.671525759 304.140872844 141.659660506 0.99609375
v 125.924826146 301.036726193 141.019068087 0.99609375
v 126.043038402 304.110757865 141.031289889 0.99609375
v 126.489798789 303.731639406 141.673180317 0.99609375
v 124.724641953 284.168666997 141.943079591 0.99609375
v 125.05538832 303.829944085 141.918070327 0.99609375
v 125.298880178 288.566472384 141.73419028 0.99609375
v 125.367615261 304.128214182 142.463117562 0.99609375
v 125.708868211 301.315940756 141.826073921 0.99609375
v 125.333551015 303.764298006 141.861926869 0.99609375
v 125.780273219 301.17435774 142.000201411 0.99609375
v 125.727922132 303.648355144 142.359944132 0.99609375
v 126.241146252 301.19104535 141.764541195 0.99609375
v 126.404905109 303.910643931 142.246152013 0.99609375
v 126.718401457 300.672755069 142.089062559 0.99609375
v 126.497279182 304.068302467 142.307248399 0.99609375
