####
#
# OBJ File Generated by Meshlab
#
####
# Object domain0520.obj
#
# Vertices: 2006
# Faces: 4008
#
####
v 93.803505 72.805458 153.032852
v 93.938835 72.823677 152.753250
v 93.913330 72.667107 153.031525
v 93.862778 72.763405 153.470322
v 93.725433 73.257217 153.046509
v 93.910179 73.245697 152.560059
v 93.837288 73.006729 153.973328
v 93.729401 73.329788 153.950470
v 93.840164 73.295990 154.470642
v 93.737709 73.749672 153.049606
v 93.908348 73.788216 152.573700
v 93.747635 73.751694 153.992096
v 93.877922 73.594963 154.929291
v 93.840858 73.800766 154.902176
v 94.025253 73.758064 155.062073
v 93.843849 74.081703 153.019470
v 93.870537 74.060181 154.012558
v 93.894402 73.870140 154.923248
v 94.326569 72.676292 152.485001
v 94.365028 72.388107 153.018890
v 94.407097 72.523003 153.964996
v 94.091644 72.721924 153.978058
v 94.384338 72.722755 154.477051
v 94.199585 73.305008 152.107040
v 94.541023 73.352737 151.798920
v 94.401016 72.999611 152.053192
v 94.392570 73.007240 154.953079
v 94.106529 73.298859 154.948471
v 94.483551 73.375778 155.208542
v 94.149239 73.847481 152.092194
v 94.502548 73.835220 151.766052
v 94.382179 73.708961 155.187363
v 94.278755 74.349640 152.086365
v 94.549149 74.336548 151.778061
v 93.999870 74.425659 152.989807
v 94.105637 74.383148 153.960556
v 94.410255 74.365623 154.439651
v 94.342087 74.055496 154.909714
v 94.412750 74.684341 152.038361
v 94.274994 74.897095 152.996246
v 94.403160 74.975868 152.514359
v 94.409073 74.958260 153.478333
v 94.375320 74.688957 153.984695
v 94.470993 75.200111 152.998367
v 94.712372 72.189827 153.009003
v 94.998360 72.256783 152.593857
v 95.039955 72.088181 153.019043
v 94.955872 72.132782 153.490250
v 94.683319 72.723953 152.058334
v 95.027794 72.872047 151.814682
v 94.988457 72.542725 152.117645
v 94.893013 72.257011 154.023132
v 95.008102 72.601410 154.908112
v 94.695023 72.753654 154.940475
v 95.039551 72.872101 155.192490
v 94.960762 73.283005 151.651276
v 94.958336 73.269539 155.311081
v 94.943451 73.839043 151.560608
v 94.923805 73.693878 155.238480
v 94.945587 74.414764 151.513870
v 94.931465 74.090378 154.958023
v 94.930023 74.472923 154.603882
v 94.595573 75.033806 152.002075
v 94.964630 74.948639 151.525711
v 94.676689 74.969772 153.966019
v 95.036209 74.894394 154.294571
v 94.837990 75.506081 152.039948
v 95.080650 75.530609 151.581635
v 94.718155 75.511749 152.967255
v 94.969078 75.555786 153.479431
v 94.970932 75.260559 153.962204
v 95.027809 75.811966 152.024918
v 94.997971 75.822655 152.985535
v 95.527031 72.228546 152.565262
v 95.523521 72.045036 153.045486
v 95.582176 72.067085 153.927841
v 95.241066 72.124367 153.986099
v 95.554588 72.227989 154.428543
v 95.432243 72.866058 151.801498
v 95.471825 72.522888 152.110992
v 95.504211 72.474014 154.907623
v 95.514099 72.823471 155.216049
v 95.507629 73.276093 151.607132
v 95.485588 73.233994 155.307449
v 95.509888 73.821510 151.429596
v 95.416718 73.646225 155.204636
v 95.409592 74.323685 151.278732
v 95.482697 74.044044 154.939148
v 95.543816 74.474525 154.650940
v 95.360672 75.053413 151.103745
v 95.721909 75.102287 150.810730
v 95.548851 74.736404 151.039932
v 95.537918 74.976868 154.415482
v 95.375221 75.546745 151.107605
v 95.722130 75.507248 150.804932
v 95.278221 75.523834 153.943024
v 95.620277 75.394890 154.202118
v 95.566391 75.858261 151.037628
v 95.269714 76.137161 152.009827
v 95.519699 76.180023 151.501724
v 95.291481 76.112740 152.976990
v 95.601349 76.094971 153.420212
v 95.579872 75.739349 153.894669
v 95.530449 76.454895 152.009567
v 95.590836 76.399765 152.974136
v 96.016617 72.252167 152.716202
v 95.998833 72.100830 153.067032
v 95.987396 72.104004 153.941559
v 96.000443 72.285461 154.391098
v 95.800575 72.688087 152.023529
v 96.143082 72.578423 152.352051
v 95.990852 72.565483 154.862900
v 95.903687 72.838470 155.137726
v 96.060776 73.316719 151.658310
v 96.130188 72.899834 151.975906
v 95.895592 73.156311 155.176804
v 96.075249 73.794800 151.369339
v 95.791122 73.809700 154.966385
v 96.065369 73.517059 154.950943
v 96.196053 73.925903 154.695755
v 95.828590 74.444939 151.030701
v 96.204025 74.612114 150.793610
v 96.142799 74.219551 151.068130
v 96.122444 74.426079 154.569595
v 96.137016 75.036774 150.651306
v 96.103111 74.993263 154.428162
v 96.130310 75.583694 150.611084
v 96.104568 75.446625 154.244522
v 95.771011 76.201256 151.011169
v 96.177444 76.135330 150.669601
v 96.106689 75.832558 153.943573
v 96.111160 76.212761 153.581070
v 96.001343 76.697243 151.068039
v 96.274590 76.686150 150.723923
v 95.743462 76.777946 151.987518
v 95.896950 76.683701 152.929901
v 96.192978 76.588165 153.262772
v 96.160469 77.032188 151.032089
v 96.045738 77.231033 151.990509
v 96.168808 77.314964 151.515793
v 96.207909 77.254433 152.421417
v 96.173370 76.927879 152.910934
v 96.257996 77.518982 151.987457
v 96.285179 72.232239 153.050827
v 96.166542 72.221497 153.956299
v 96.584724 72.753487 152.571167
v 96.553169 72.483170 153.010040
v 96.644981 72.688324 153.490845
v 96.490601 72.635704 154.016022
v 96.126961 72.763184 154.887985
v 96.601311 73.422173 151.734589
v 96.632721 73.080009 152.087814
v 96.660347 72.969414 153.988556
v 96.534004 73.320244 154.432739
v 96.242264 73.188148 154.868149
v 96.680084 73.801910 151.418961
v 96.640831 73.877472 154.379776
v 96.689240 74.569275 150.755096
v 96.690376 74.182808 151.057114
v 96.667374 74.430511 154.402878
v 96.691254 75.022789 150.576157
v 96.656929 74.979134 154.348541
v 96.681122 75.593201 150.453705
v 96.589813 75.403641 154.206039
v 96.658150 76.149666 150.374664
v 96.652504 75.796089 153.932327
v 96.717499 76.220741 153.630707
v 96.634537 76.766426 150.395142
v 96.732491 76.698990 153.340027
v 96.346474 77.382324 150.996170
v 96.663345 77.328506 150.512436
v 96.669022 77.112709 153.022934
v 96.647476 77.436928 152.650330
v 96.606003 77.844231 151.042542
v 96.831284 77.872810 150.576859
v 96.512726 77.793716 151.937653
v 96.770721 77.783081 152.296021
v 96.805244 78.142525 151.041306
v 96.791183 78.007271 151.943115
v 96.754654 72.780594 153.006866
v 96.899055 73.329384 152.061676
v 97.053131 73.237122 153.008682
v 96.816673 73.303658 153.944687
v 97.189964 73.920952 151.578842
v 97.206306 73.612480 152.028030
v 97.266853 73.558937 152.995728
v 97.274826 73.836266 153.499176
v 97.023384 73.803680 153.998657
v 97.173744 74.620621 150.797455
v 97.215988 74.278030 151.104294
v 97.225266 74.158768 153.962326
v 97.071678 74.507500 154.195755
v 97.255562 75.039688 150.584991
v 97.071785 74.913681 154.189056
v 97.245628 75.549980 150.357758
v 96.965332 75.570557 153.969604
v 97.244614 75.279381 153.959412
v 97.384048 75.692642 153.721298
v 97.090187 76.232834 150.089096
v 97.448494 76.352127 149.838242
v 97.328552 75.989311 150.086212
v 97.284111 76.194458 153.570358
v 97.019783 76.768341 150.039703
v 97.416908 76.778664 149.751038
v 97.286362 76.739868 153.392776
v 97.039070 77.344933 150.048859
v 97.409195 77.342842 149.724808
v 96.993874 77.328217 152.975067
v 97.361542 77.149986 153.198410
v 97.114677 77.888649 150.090897
v 97.457474 77.857079 149.741882
v 97.321785 77.515968 152.903030
v 97.292053 77.901970 152.466034
v 97.316246 78.207291 150.028702
v 97.071777 78.432793 150.998138
v 97.297592 78.506912 150.508118
v 97.296021 78.502159 151.492111
v 97.246513 78.280396 151.999878
v 97.368553 78.727333 151.000198
v 97.502914 73.902679 152.022354
v 97.523003 73.879318 152.988937
v 97.516304 74.491707 151.056503
v 97.825531 74.459557 151.520203
v 97.797264 74.193260 152.016602
v 97.765762 74.203583 152.977036
v 97.417168 74.468834 153.892960
v 97.713509 74.490601 153.415344
v 97.756935 75.120369 150.704880
v 97.823631 74.754852 151.037201
v 97.431946 74.961472 153.893005
v 97.830215 75.073074 153.477386
v 97.856789 75.540062 150.396942
v 97.848602 75.601173 153.486572
v 97.874557 76.319687 149.748932
v 97.870323 75.925293 150.045517
v 97.850639 76.176903 153.439529
v 97.873276 76.777191 149.577942
v 97.833176 76.732941 153.348648
v 97.859482 77.348053 149.477875
v 97.768051 77.150421 153.190735
v 97.853897 77.913498 149.407135
v 97.822517 77.531792 152.908081
v 97.889130 77.939392 152.581558
v 97.508919 78.559372 149.992172
v 97.844597 78.496864 149.521088
v 97.594200 78.479500 151.969742
v 97.947182 78.345985 152.261993
v 97.767807 79.023483 150.041229
v 97.999153 79.048874 149.574936
v 97.648949 79.023766 150.960159
v 97.935143 79.039803 151.433304
v 97.916573 78.701691 151.921677
v 97.958885 79.327217 150.025467
v 97.949013 79.314064 150.973831
v 98.081017 74.502274 152.029999
v 97.955864 74.504562 152.952988
v 98.119972 75.046204 151.029785
v 98.384354 75.050583 151.520325
v 98.331299 74.808632 152.001816
v 98.391716 75.039810 152.485336
v 98.193489 74.979149 153.000732
v 98.387451 75.642654 150.550201
v 98.429100 75.324524 151.018082
v 98.374802 75.334000 152.959595
v 98.244019 75.681099 153.220734
v 98.437233 76.318398 149.732147
v 98.458374 75.955582 150.079712
v 98.293045 76.181496 153.235733
v 98.444084 76.764748 149.481155
v 98.257805 76.665878 153.206375
v 98.342491 77.246109 149.275970
v 98.135574 77.325409 152.964905
v 98.425011 77.041405 152.969070
v 98.553871 77.457703 152.724243
v 98.255409 77.978088 149.077637
v 98.638443 78.038284 148.794205
v 98.471100 77.662407 149.029968
v 98.453613 77.946457 152.533981
v 98.226982 78.520111 149.064011
v 98.598717 78.523460 148.758224
v 98.488144 78.447441 152.304352
v 98.291985 79.058777 149.096039
v 98.641068 79.017441 148.786240
v 98.430222 78.861778 152.011475
v 98.404327 79.195732 151.650467
v 98.493523 79.375481 149.034363
v 98.218178 79.634132 150.012161
v 98.461731 79.684807 149.505936
v 98.246986 79.577751 150.955978
v 98.526772 79.538719 151.293396
v 98.515282 79.932495 150.029984
v 98.541885 79.775002 150.945923
v 98.523666 75.117172 152.001572
v 98.706314 75.619980 151.025864
v 98.811333 75.582336 152.008911
v 98.513168 75.667496 152.912399
v 98.935295 76.386490 149.764038
v 98.935875 76.137955 150.075485
v 99.002975 75.904617 150.987015
v 99.013237 75.910469 151.990784
v 98.971794 76.246529 152.445282
v 98.658768 76.165482 152.913712
v 99.000198 76.778938 149.435822
v 98.639153 76.718407 152.911926
v 99.028549 76.797913 152.574066
v 98.760635 77.378571 149.035995
v 99.127922 77.553665 148.809113
v 99.077171 77.176216 149.100296
v 99.036736 77.357246 152.523560
v 99.062851 77.971077 148.651459
v 99.021858 77.934822 152.438477
v 99.047989 78.525932 148.572937
v 99.018684 78.469002 152.310272
v 99.059486 79.099091 148.566910
v 98.757309 79.066628 151.954697
v 99.028061 78.846268 152.127930
v 98.702568 79.718834 149.016830
v 99.095779 79.658119 148.655014
v 99.033417 79.214012 151.862671
v 99.081818 79.620361 151.460114
v 98.967018 80.181122 149.061783
v 99.219421 80.192574 148.740143
v 98.798859 80.212814 149.969406
v 99.047966 80.265358 150.493271
v 99.007179 80.034317 150.995178
v 99.158203 80.479095 149.048401
v 99.105095 80.501312 149.985229
v 99.233459 76.305191 150.046936
v 99.309731 76.197105 150.998199
v 99.263397 76.237534 151.978149
v 99.529099 76.860786 149.585541
v 99.544342 76.553207 150.028244
v 99.603065 76.490097 151.001907
v 99.494949 76.565735 151.953979
v 99.413834 76.862823 152.237473
v 99.532249 77.558899 148.806595
v 99.566696 77.218086 149.112534
v 99.481651 77.362152 152.267242
v 99.609734 77.964401 148.611206
v 99.482903 77.928368 152.260345
v 99.619362 78.514656 148.452713
v 99.429443 78.418983 152.198486
v 99.571777 79.077469 148.341888
v 99.300529 79.061661 151.941269
v 99.594185 78.796333 151.963608
v 99.714653 79.215927 151.715942
v 99.527641 79.696770 148.351517
v 99.628098 79.679848 151.480347
v 99.577675 80.277077 148.408264
v 99.355087 80.230316 150.963867
v 99.705437 80.088318 151.224945
v 99.416519 80.781303 149.025635
v 99.704239 80.788025 148.574509
v 99.410690 80.761986 149.969757
v 99.685425 80.718513 150.416901
v 99.679428 80.421608 150.896271
v 99.706673 81.079865 149.035553
v 99.709305 80.957161 149.955444
v 99.849594 76.829926 150.022369
v 99.886192 76.803062 151.015854
v 99.662247 76.864021 151.924530
v 99.881065 77.410904 149.041992
v 100.195862 77.362144 149.504807
v 100.153900 77.110855 150.011887
v 100.153786 77.106773 150.984756
v 100.146210 77.418129 151.446289
v 99.844116 77.341415 151.920242
v 100.159256 78.011642 148.667801
v 100.229500 77.608887 149.014633
v 99.875969 77.930542 151.955841
v 100.247093 77.944984 151.589447
v 100.174423 78.492622 148.377075
v 99.824417 78.485313 151.933929
v 100.247566 78.552597 151.630768
v 100.016273 79.160690 148.084503
v 100.378502 79.282135 147.838226
v 100.260078 78.923218 148.090118
v 100.220421 79.118065 151.570145
v 99.938194 79.698029 148.028061
v 100.346840 79.708603 147.750870
v 100.204857 79.686905 151.448929
v 99.950020 80.277184 148.038574
v 100.343079 80.271530 147.740662
v 100.217010 80.140251 151.254425
v 100.042427 80.815331 148.094482
v 100.401199 80.763580 147.799301
v 100.214432 80.515221 150.948242
v 100.231331 80.890175 150.485260
v 100.276398 81.100807 148.060562
v 100.005920 81.336632 148.999344
v 100.261894 81.376579 148.528229
v 100.236229 81.399231 149.486099
v 100.177063 81.210709 150.004456
v 100.314461 81.526001 149.001480
v 100.460129 77.392952 150.009659
v 100.422432 77.423790 150.976562
v 100.698792 78.122047 148.740677
v 100.697556 77.865837 149.064545
v 100.753258 77.674736 149.988586
v 100.671425 77.736092 150.956192
v 100.607956 78.031212 151.259247
v 100.784622 78.483681 148.410889
v 100.719528 78.570457 151.332733
v 100.804550 79.249672 147.748917
v 100.800232 78.856346 148.046265
v 100.768707 79.121239 151.401978
v 100.805840 79.709747 147.606842
v 100.775696 79.682373 151.379166
v 100.804794 80.280930 147.575974
v 100.779312 80.140793 151.248108
v 100.822731 80.837685 147.640213
v 100.789688 80.537895 150.959976
v 100.791664 80.922569 150.604004
v 100.558258 81.362823 148.062454
v 100.902458 81.256958 147.791855
v 100.527748 81.391266 149.965851
v 100.871681 81.275139 150.267975
v 100.868523 81.540199 148.079575
v 100.800606 81.784416 149.001480
v 100.864029 81.526596 149.919312
v 100.993889 78.058563 149.043823
v 101.055534 77.976517 150.011444
v 100.864166 78.032448 150.935471
v 101.318161 78.575104 148.548996
v 101.317970 78.296921 149.021500
v 101.338272 78.268883 149.990448
v 101.369194 78.531189 150.495941
v 101.121811 78.500175 150.985840
v 101.365509 79.255730 147.751511
v 101.386543 78.882233 148.073090
v 101.332657 78.844757 150.965042
v 101.182991 79.204269 151.207886
v 101.380104 79.705978 147.563843
v 101.228294 79.694504 151.236023
v 101.377945 80.279129 147.474869
v 101.204498 80.109375 151.158936
v 101.376877 80.867188 147.501129
v 101.325035 80.467560 150.910599
v 101.406113 80.891777 150.613174
v 101.424713 81.398003 147.658218
v 101.387512 81.318001 150.296844
v 101.359650 81.777283 148.014664
v 101.148247 81.941528 148.991211
v 101.409317 81.978142 148.515320
v 101.427574 81.902153 149.433655
v 101.373146 81.669945 149.924377
v 101.484406 82.041367 148.985046
v 101.650833 78.541229 149.007919
v 101.634346 78.563423 149.988770
v 101.877411 79.313210 147.779709
v 101.893784 79.034706 148.085114
v 101.989792 78.728073 148.989746
v 101.937759 78.854568 149.972290
v 101.543694 79.158279 150.908859
v 101.906410 79.181480 150.437424
v 101.961655 79.711922 147.536926
v 101.623329 79.693291 150.947174
v 102.027237 79.699142 150.612564
v 101.923721 80.242584 147.339630
v 101.567375 80.229881 150.912979
v 102.012459 80.313759 150.655151
v 101.850563 80.869614 147.303726
v 101.965645 80.869843 150.515610
v 101.895538 81.456390 147.379593
v 101.963440 81.330139 150.287216
v 101.698402 81.980110 148.017731
v 102.049881 81.940979 147.585648
v 101.965454 81.686768 149.952621
v 101.968109 81.974739 149.470215
v 102.054283 82.138657 148.053528
v 101.981407 82.139091 148.966385
v 102.235207 79.160873 148.032394
v 102.566154 79.089325 148.472198
v 102.506058 78.974915 149.000320
v 102.258255 79.096558 149.995239
v 102.569328 79.087074 149.526917
v 102.483780 79.715874 147.506775
v 102.584465 79.331566 147.957458
v 102.566116 79.355103 150.022324
v 102.508728 79.750130 150.351273
v 102.360733 80.335060 147.082596
v 102.697639 80.422867 146.741882
v 102.618851 80.121201 147.095367
v 102.544228 80.287560 150.476868
v 102.254143 80.866257 146.995667
v 102.650131 80.860916 146.541138
v 102.548042 80.859970 150.444077
v 102.257683 81.452400 147.000946
v 102.588539 81.453766 146.521942
v 102.549507 81.322807 150.270752
v 102.385788 81.980057 147.077148
v 102.670204 81.992195 146.564667
v 102.549423 81.694168 149.957932
v 102.550026 82.011734 149.484787
v 102.610268 82.269073 147.052292
v 102.537582 82.401054 148.018585
v 102.551460 82.223320 148.959854
v 103.085709 79.227234 148.552338
v 103.039223 79.131752 149.000046
v 103.066849 79.258003 149.425079
v 103.132530 79.701988 147.502914
v 103.162025 79.405640 148.031174
v 103.080109 79.524742 149.915802
v 103.031754 79.880989 150.215744
v 103.114967 80.301575 146.493774
v 103.161430 80.014091 146.990982
v 103.104698 80.310928 150.357437
v 102.968582 80.918427 146.088409
v 103.287247 80.945908 145.709259
v 103.190086 80.618355 146.047928
v 103.119209 80.855148 150.376923
v 102.895012 81.456924 146.032196
v 103.227448 81.445595 145.536102
v 103.122177 81.309517 150.246140
v 102.896492 82.051300 146.051285
v 103.179596 82.042412 145.522781
v 103.128990 81.677269 149.943771
v 103.133286 82.010460 149.481140
v 103.063728 82.538757 146.049118
v 103.257454 82.580688 145.558716
v 102.880913 82.580093 146.983185
v 102.883224 82.562065 147.975952
v 103.177055 82.515503 148.443619
v 103.114731 82.312599 148.963867
v 103.232780 82.847404 146.027359
v 103.189705 82.868637 147.017670
v 103.214661 82.713844 147.954544
v 103.331329 79.246353 148.997192
v 103.716881 79.724815 147.512360
v 103.705452 79.547859 148.034561
v 103.671387 79.462433 148.947449
v 103.382103 79.752556 149.950256
v 103.699730 79.721588 149.485535
v 103.478172 80.367332 146.059616
v 103.805344 80.465630 145.729706
v 103.789131 80.251785 146.092773
v 103.722923 79.947968 146.990479
v 103.658760 80.040215 149.945740
v 103.525009 80.386528 150.198318
v 103.691246 80.838013 145.379181
v 103.567841 80.866508 150.232346
v 103.532883 81.496483 145.063583
v 103.838791 81.510178 144.570999
v 103.744301 81.177048 145.017227
v 103.543465 81.276466 150.152740
v 103.456253 82.059982 144.989716
v 103.673538 82.017601 144.467545
v 103.646400 81.592506 149.879639
v 103.725372 81.928551 149.451080
v 103.694214 82.691650 144.089844
v 103.886917 82.678841 143.586334
v 103.767517 82.351837 144.021454
v 103.433990 82.637611 145.017731
v 103.717194 82.278221 148.965378
v 103.721291 82.575897 148.471603
v 103.720520 83.126450 144.056900
v 103.891403 83.161118 143.578079
v 103.609703 83.134178 145.002380
v 103.474640 83.161308 145.981628
v 103.501701 83.113594 146.971817
v 103.772560 83.078270 147.434280
v 103.711380 82.864105 147.948944
v 103.839333 83.425529 144.026733
v 103.777054 83.465012 145.004974
v 103.774353 83.457275 146.015884
v 103.810371 83.279129 146.948624
v 104.261703 79.815460 147.553162
v 104.194817 79.688683 148.018768
v 103.998138 79.708504 148.988235
v 104.256409 79.768936 148.476517
v 104.259529 80.463745 145.574097
v 104.244423 80.245087 146.081360
v 104.312546 79.988503 147.016235
v 104.265656 80.022354 148.976242
v 103.872017 80.338013 149.900055
v 104.183258 80.333717 149.426285
v 104.037117 80.897049 145.021790
v 104.367233 81.010887 144.586441
v 104.382072 80.695793 145.097031
v 103.923233 80.866539 149.927475
v 104.255829 80.870804 149.467804
v 104.156891 81.537453 144.098328
v 104.445015 81.606087 143.738663
v 104.389320 81.324806 144.110458
v 103.858559 81.377937 149.877502
v 104.192009 81.458282 149.445190
v 103.955803 82.013451 143.963837
v 104.292870 82.002449 143.468338
v 104.149582 81.882362 149.234772
v 104.156433 82.682045 143.082245
v 104.454155 82.688049 142.587906
v 104.346466 82.363037 143.027588
v 104.234077 82.184746 148.888748
v 104.310631 82.511017 148.448944
v 104.094246 83.227936 143.063232
v 104.374161 83.214676 142.537628
v 104.301491 82.854904 147.960846
v 104.305267 83.145073 147.462006
v 104.240196 83.709831 143.051224
v 104.441559 83.747528 142.565643
v 104.052734 83.755264 143.984467
v 104.044342 83.770523 144.998474
v 104.085617 83.702072 145.972458
v 104.360329 83.649536 146.427368
v 104.292976 83.431007 146.936554
v 104.403580 84.020599 143.027328
v 104.335449 84.061623 144.001480
v 104.350746 84.053352 145.015778
v 104.397751 83.862915 145.948761
v 104.499573 79.830864 148.007538
v 104.586006 80.329109 146.016006
v 104.875191 80.318123 146.507965
v 104.803398 80.189842 147.036179
v 104.766487 80.083298 147.961548
v 104.479340 80.330788 148.929092
v 104.746933 80.346306 148.420837
v 104.893875 80.940788 144.537872
v 104.888084 80.722923 145.050095
v 104.939720 80.451981 145.969925
v 104.567947 80.870628 148.980392
v 104.856178 80.872299 148.478210
v 104.885086 81.553505 143.542160
v 104.902443 81.223686 144.038681
v 104.553482 81.448296 148.969604
v 104.872322 81.453613 148.487152
v 104.630432 82.075890 143.025330
v 104.951836 82.162300 142.572784
v 104.942291 81.859810 143.068497
v 104.450905 81.964233 148.888733
v 104.780853 82.044731 148.447311
v 104.762756 82.708984 142.111176
v 105.043419 82.764488 141.738403
v 104.976471 82.475021 142.095200
v 104.733124 82.465393 148.232376
v 104.663551 83.218086 142.037979
v 104.991318 83.204399 141.538864
v 104.809799 82.750877 147.884369
v 104.834824 83.071297 147.415588
v 104.654716 83.808929 142.050415
v 104.948845 83.795944 141.533310
v 104.846382 83.383224 146.924957
v 104.901413 83.680359 146.448486
v 104.824959 84.295502 142.051315
v 105.037422 84.323830 141.576874
v 104.648346 84.332100 142.984299
v 104.640991 84.328949 143.995041
v 104.680473 84.266670 144.973282
v 104.945503 84.212921 145.420822
v 104.877846 83.999367 145.926331
v 105.002243 84.590721 142.031006
v 104.944817 84.631142 143.018402
v 104.971817 84.496323 143.997635
v 104.979530 84.385468 144.943054
v 105.107727 80.396721 147.029602
v 104.949013 80.375504 147.937363
v 105.431664 80.998627 144.561447
v 105.391701 80.828110 145.050446
v 105.409317 80.726151 146.005630
v 105.360931 80.657867 146.963593
v 105.354950 80.918846 147.438904
v 105.136879 80.854782 147.950043
v 105.478096 81.493576 143.522766
v 105.493736 81.212807 144.048630
v 105.172379 81.453323 147.990723
v 105.449165 81.456459 147.482605
v 105.455536 81.987663 142.468491
v 105.504242 81.773270 142.992462
v 105.137749 82.033058 147.968857
v 105.443886 82.036362 147.478760
v 105.441162 82.610184 141.470413
v 105.451363 82.265427 141.960846
v 105.019699 82.537727 147.884338
v 105.340439 82.567482 147.416153
v 105.304680 83.259224 141.073715
v 105.619637 83.270096 140.582642
v 105.513565 82.945099 141.023941
v 105.166862 83.186363 146.981369
v 105.456718 82.901939 146.980942
v 105.515671 83.247719 146.626022
v 105.241547 83.797775 141.032928
v 105.546349 83.798988 140.539886
v 105.401794 83.643349 146.288177
v 105.311790 84.334167 141.072800
v 105.606926 84.331902 140.575073
v 105.420586 83.939079 145.901840
v 105.425163 84.213989 145.409912
v 105.530869 84.635170 141.028839
v 105.271530 84.861473 142.017624
v 105.529968 84.897415 141.526443
v 105.264725 84.858528 142.976974
v 105.526619 84.839668 143.439774
v 105.468201 84.672005 143.982422
v 105.414635 84.412819 144.910522
v 105.581894 85.016556 142.029526
v 105.572952 84.993027 142.951263
v 105.701859 80.970818 145.021744
v 105.713966 80.954445 146.012695
v 105.543861 80.956810 146.940399
v 106.020065 81.564354 143.552811
v 105.982590 81.378273 144.051971
v 106.015976 81.204666 144.988556
v 105.962967 81.237366 145.975571
v 105.944931 81.502190 146.440201
v 105.720749 81.440758 146.950195
v 105.789711 82.082268 142.018356
v 106.117569 82.162567 141.567001
v 106.132309 82.004547 142.078995
v 106.080132 81.751686 143.016785
v 105.736519 82.036049 146.977585
v 106.020958 82.042511 146.474152
v 105.790604 82.648438 141.012421
v 106.095177 82.660278 140.517166
v 106.114822 82.416832 141.027405
v 105.663094 82.580681 146.931595
v 105.977051 82.636993 146.463593
v 105.923935 83.271530 140.101669
v 106.243057 83.295120 139.740555
v 106.130562 82.966782 140.046997
v 105.915756 83.136818 146.293610
v 105.863487 83.798584 140.069229
v 106.199371 83.797012 139.698090
v 105.733917 83.746437 145.954773
v 106.018311 83.467461 145.955841
v 106.099693 83.808990 145.527374
v 105.913712 84.328629 140.096771
v 106.252762 84.292603 139.757233
v 105.755310 84.340485 144.979752
v 106.095184 84.155067 145.038208
v 106.088585 84.433144 144.532669
v 106.134575 84.618530 140.057541
v 105.812881 84.906799 141.023132
v 106.111771 84.897797 140.528122
v 106.045853 84.647034 144.009308
v 106.065155 84.903854 143.470901
v 106.149017 85.043411 141.050827
v 106.083252 85.151711 142.005981
v 106.076561 85.069817 142.955566
v 106.295746 81.543709 144.019501
v 106.315102 81.504883 145.010452
v 106.140717 81.537537 145.947067
v 106.634399 82.025986 141.472290
v 106.628166 82.011002 141.989090
v 106.576988 81.927040 143.005661
v 106.603806 81.788620 143.988358
v 106.561371 81.812233 144.978851
v 106.530907 82.088226 145.440247
v 106.307823 82.026535 145.951523
v 106.387962 82.654259 140.021210
v 106.727982 82.704842 139.572540
v 106.681404 82.376038 140.031921
v 106.588417 82.166840 140.960526
v 106.309471 82.619987 145.967972
v 106.605644 82.628616 145.473297
v 106.606010 83.219437 139.408005
v 106.232986 83.158821 145.913376
v 106.551842 83.220413 145.456375
v 106.581627 83.798355 139.376740
v 106.500519 83.661095 145.261810
v 106.673515 84.374931 139.453232
v 106.571754 83.949745 144.904129
v 106.592445 84.263496 144.426971
v 106.419807 84.869957 140.062424
v 106.752457 84.785606 139.743988
v 106.605980 84.564972 143.930862
v 106.654953 84.843079 143.450043
v 106.732674 84.992714 140.089691
v 106.667572 85.165985 141.010147
v 106.651581 85.182777 141.995987
v 106.638748 85.064537 142.947418
v 106.980576 82.077469 140.013275
v 107.250008 82.049934 139.505692
v 107.277039 81.784279 140.009491
v 107.220367 81.851601 141.032120
v 106.910797 81.993752 140.988251
v 107.300339 81.936584 141.530563
v 106.959045 82.034920 142.004333
v 106.914154 82.083786 142.993729
v 106.903999 82.087662 144.009552
v 106.726921 82.123436 144.947067
v 107.077347 82.676155 139.093964
v 107.429169 82.718445 138.783157
v 107.289940 82.362816 139.037399
v 107.311562 82.133049 142.049225
v 107.248756 82.337379 142.985062
v 107.150833 82.395905 143.979004
v 107.114990 82.674240 144.439224
v 106.894073 82.612587 144.951721
v 106.983170 83.214928 139.041321
v 107.375000 83.221451 138.739349
v 106.885674 83.203743 144.962448
v 107.176666 83.210701 144.465073
v 106.970230 83.794693 139.027298
v 107.380272 83.782921 138.760239
v 106.783844 83.714912 144.890381
v 107.091866 83.735977 144.412018
v 107.069618 84.316597 139.109558
v 107.402794 84.196373 138.856354
v 106.915771 84.347908 143.975571
v 107.198883 84.060501 143.972061
v 107.253716 84.422249 143.529449
v 107.305374 84.509964 139.129883
v 107.234970 84.826332 139.563889
v 107.090767 84.799194 143.251846
v 107.249153 85.068062 140.051682
v 107.238464 85.182953 141.004089
v 107.220863 85.158417 141.988693
v 107.139633 84.973198 142.901657
v 107.751289 81.548119 139.064117
v 108.003220 81.543732 138.738464
v 107.944153 81.251862 139.043488
v 107.868637 81.195770 140.013458
v 107.562523 81.494698 139.988678
v 107.923462 81.412674 140.925369
v 107.626099 81.582863 140.962402
v 107.903709 81.642426 141.261215
v 107.494270 82.016273 139.013779
v 107.884842 82.074760 138.655823
v 107.827591 81.964920 141.623611
v 107.848785 82.631561 138.567154
v 107.806282 82.296547 142.049622
v 107.549454 82.618141 143.022461
v 107.868065 82.608398 142.530869
v 107.314522 82.707649 143.944656
v 107.839706 83.207306 138.572098
v 107.798523 82.934685 142.988663
v 107.701866 83.250038 143.432709
v 107.457314 83.196175 143.940216
v 107.825630 83.765755 138.654129
v 107.391243 83.741829 143.917419
v 107.688049 83.749779 143.420792
v 107.738297 84.179131 138.810654
v 107.612610 84.418198 143.051987
v 107.827820 84.094444 143.002914
v 107.920311 84.432495 142.658951
v 107.777969 84.527603 139.109360
v 107.830551 84.840897 139.556274
v 107.379112 84.860550 142.894043
v 107.728737 84.854965 142.413269
v 107.811424 85.056763 140.051514
v 107.806412 85.149429 140.993851
v 107.730705 85.024544 141.942657
v 108.194199 80.940430 139.023529
v 108.465515 80.931183 138.551300
v 108.463661 80.624077 139.015640
v 108.482414 80.652184 139.976501
v 108.165703 80.921150 139.984589
v 108.475700 80.927238 140.446350
v 108.354233 81.459488 138.398453
v 108.398819 81.224770 140.925079
v 108.416298 81.587570 141.298981
v 108.315811 82.044914 138.348770
v 108.440063 82.004631 141.620361
v 108.363869 82.665428 138.347763
v 108.369461 82.412727 141.953476
v 108.326065 82.770493 142.287476
v 108.405029 83.216583 138.487061
v 108.002808 83.251572 142.925003
v 108.352951 83.216530 142.519501
v 108.376892 83.722748 138.691055
v 108.004089 83.755226 142.928436
v 108.373123 83.786446 142.468063
v 108.430641 84.143562 138.979401
v 108.106316 84.360176 139.023956
v 108.455956 84.474548 139.345490
v 108.276344 84.316628 142.310486
v 108.328285 84.801834 139.711365
v 108.060532 84.881050 141.960526
v 108.345604 84.623535 141.951416
v 108.347412 84.882378 141.466415
v 108.309631 84.973969 140.063568
v 108.306160 85.012512 140.970032
v 108.930023 80.370491 138.057159
v 109.154221 80.351067 137.587006
v 109.102180 80.070938 138.027878
v 109.048096 80.035042 139.010651
v 108.737053 80.326073 138.986267
v 109.093063 80.238678 139.925415
v 108.795998 80.406975 139.955368
v 109.085068 80.471977 140.254135
v 108.738365 80.851746 138.044800
v 109.054543 80.874359 137.536346
v 109.001472 80.816643 140.598038
v 108.697533 81.449173 138.000412
v 109.079483 81.477592 137.528580
v 108.992203 81.184036 140.970490
v 108.993408 81.574516 141.295792
v 108.715775 82.035988 138.011169
v 109.108704 82.021957 137.678299
v 108.999825 82.031197 141.531967
v 108.806580 82.573860 138.085449
v 109.165611 82.454552 137.819046
v 108.686432 82.647003 141.973038
v 109.106377 82.527588 141.710785
v 109.052483 82.803078 138.098816
v 108.962616 83.213043 138.420334
v 108.949303 82.944656 141.944870
v 108.742226 83.218079 142.171509
v 108.919289 83.628387 138.733826
v 108.767365 83.824486 142.037674
v 108.958206 83.491028 141.962067
v 109.084915 83.843651 141.653397
v 108.946907 83.984215 139.074066
v 108.924736 84.317093 139.563187
v 108.597542 84.334732 141.928238
v 108.927193 84.310936 141.435532
v 108.917480 84.594902 140.024429
v 108.604240 84.835159 140.042618
v 108.622414 84.862549 140.984787
v 108.922729 84.602028 140.977081
v 109.355446 79.760567 138.016312
v 109.595535 79.707039 137.505829
v 109.656532 79.467148 138.028580
v 109.667587 79.625305 138.947632
v 109.355339 79.788383 138.979782
v 109.632912 79.822136 139.437408
v 109.434898 80.335938 137.098129
v 109.762634 80.359825 136.745880
v 109.627556 80.014221 137.029602
v 109.572983 80.066551 139.921143
v 109.588356 80.408371 140.311310
v 109.382317 80.866844 137.074066
v 109.733124 80.860397 136.746613
v 109.583633 80.786690 140.637253
v 109.437149 81.384323 137.115936
v 109.760956 81.278427 136.844208
v 109.578522 81.183731 140.975266
v 109.567970 81.593391 141.252991
v 109.641975 81.630486 137.102173
v 109.565834 82.047394 137.421371
v 109.563141 82.056839 141.417664
v 109.594154 82.489380 137.708740
v 109.569756 82.623993 141.470963
v 109.582855 82.859161 138.054016
v 109.558121 83.231873 138.516068
v 109.100235 83.212547 141.863754
v 109.506569 83.164314 141.459351
v 109.617096 83.564560 138.992432
v 109.265656 83.757622 139.027634
v 109.569954 83.782867 139.506241
v 109.424965 83.719414 141.293655
v 109.225037 84.318947 140.020691
v 109.523964 84.035065 140.009811
v 109.206543 84.305252 140.975449
v 109.464447 83.999390 140.956665
v 110.088272 79.201645 137.055710
v 110.320679 79.183853 136.585709
v 110.292099 78.906563 137.041061
v 110.253387 79.021317 137.948868
v 109.947838 79.219498 137.965576
v 110.220650 79.224525 138.441391
v 109.819466 79.659538 136.992172
v 110.155327 79.731049 136.518982
v 110.153786 79.451126 138.951843
v 110.171234 79.742172 139.472488
v 110.158257 80.314423 136.416534
v 110.160988 80.060570 139.943436
v 110.158813 80.413094 140.300491
v 110.176567 80.863358 136.517609
v 110.195427 80.847664 140.607025
v 110.186501 81.321922 136.716766
v 110.114700 81.267830 140.910431
v 109.993240 81.627068 141.158035
v 110.170555 81.723305 137.025497
v 110.167610 82.118454 137.366638
v 110.012909 82.043396 141.232147
v 110.161896 82.498886 137.689926
v 109.977058 82.542877 141.226379
v 110.173958 82.838402 138.082275
v 110.117706 83.089012 138.562531
v 109.920525 83.238838 140.995346
v 110.119049 82.891731 140.965393
v 110.150993 83.198509 140.492859
v 110.083824 83.310036 139.040207
v 109.817635 83.729675 140.030106
v 110.100212 83.448349 139.969345
v 109.660950 83.704071 140.945892
v 110.548592 78.613136 136.997971
v 110.775742 78.540985 136.508301
v 110.835831 78.308006 137.003220
v 110.771004 78.545700 137.491669
v 110.606194 79.163025 136.097900
v 110.924210 79.186050 135.731384
v 110.799339 78.842201 136.028976
v 110.716316 78.762115 138.008850
v 110.779686 79.070686 138.501587
v 110.534622 79.696411 136.060944
v 110.897049 79.693535 135.713501
v 110.752228 79.415794 138.989517
v 110.775803 79.769737 139.475494
v 110.559898 80.238197 136.080032
v 110.938713 80.184402 135.776871
v 110.703468 80.116737 139.906174
v 110.655540 80.468315 140.222000
v 110.779747 80.555214 136.034088
v 110.661949 80.952866 136.321838
v 110.724220 80.895599 140.421799
v 110.759628 81.371262 136.635391
v 110.343452 81.510780 140.899307
v 110.743301 81.428802 140.570999
v 110.752457 81.734436 137.011703
v 110.754288 82.086716 137.400986
v 110.383316 82.035866 140.930695
v 110.766838 82.011612 140.476669
v 110.665794 82.433876 137.746689
v 110.313950 82.570930 140.898544
v 110.606880 82.560188 140.418854
v 110.654297 82.667366 138.072281
v 110.390366 83.117508 139.025223
v 110.700150 82.869308 138.984055
v 110.394112 83.146507 139.986923
v 110.652290 82.838722 139.969345
v 111.250336 78.023636 136.048279
v 111.486237 78.007095 135.582779
v 111.443550 77.725822 136.025909
v 111.419586 77.725067 136.972733
v 111.122681 78.023514 136.962646
v 111.429131 78.024963 137.420502
v 110.989899 78.486702 135.990784
v 111.315262 78.553421 135.510178
v 111.388672 78.360947 137.908676
v 111.072136 78.569168 137.971115
v 111.416046 78.691528 138.271103
v 111.282082 79.113686 135.394531
v 111.343834 79.051819 138.605499
v 111.324852 79.722107 135.401382
v 111.333549 79.423660 138.980026
v 111.326912 79.799095 139.342438
v 111.365135 80.256851 135.568619
v 111.021782 80.317101 139.957108
v 111.405746 80.216682 139.642624
v 111.069092 80.837250 136.038696
v 111.438812 80.680183 135.780273
v 111.301315 80.601677 139.953033
v 111.140099 80.962524 140.205582
v 111.390549 81.025299 136.099884
v 111.321198 81.354935 136.537704
v 111.145233 81.380379 140.238266
v 111.348740 81.700661 137.057190
v 111.275246 81.980194 137.559204
v 111.107124 82.074226 140.009415
v 111.290527 81.720314 139.966415
v 111.327843 82.031082 139.494858
v 111.265305 82.254845 138.023209
v 110.950905 82.500549 138.050156
v 111.015732 82.586487 139.016357
v 111.294960 82.289764 138.988800
v 110.849220 82.539948 139.956223
v 111.694374 77.410896 136.012543
v 111.938271 77.362015 135.505753
v 111.967178 77.098152 136.009583
v 112.011520 77.144264 136.959625
v 111.715195 77.436600 136.962326
v 112.037422 77.468933 137.278152
v 111.778603 77.992691 135.099426
v 112.119659 78.032181 134.789581
v 111.978241 77.674919 135.037598
v 111.935760 77.880768 137.598495
v 111.692810 78.529915 135.050720
v 112.066643 78.534027 134.743225
v 111.928139 78.265617 137.963470
v 111.930878 78.649933 138.306839
v 111.668251 79.104874 135.038559
v 112.066124 79.097092 134.750107
v 111.957787 79.087677 138.607071
v 111.739441 79.642151 135.090027
v 112.098763 79.521576 134.841232
v 111.870857 79.510887 138.909348
v 111.758286 79.864365 139.199829
v 111.979340 79.880234 135.091278
v 111.901169 80.294731 135.403122
v 111.821991 80.297760 139.340179
v 111.928658 80.717766 135.721573
v 111.484818 80.915764 139.889450
v 111.817284 80.846191 139.452347
v 111.939445 81.062050 136.095749
v 111.872162 81.305283 136.573624
v 111.471870 81.403381 139.889145
v 111.754166 81.383881 139.405853
v 111.837029 81.523674 137.049850
v 111.579697 81.983177 138.017502
v 111.880524 81.710373 137.981125
v 111.573280 81.982346 138.987701
v 111.819283 81.663788 138.968384
v 112.435951 76.856392 135.064575
v 112.711700 76.868950 134.788513
v 112.612762 76.537544 135.040588
v 112.470085 76.444275 135.998016
v 112.226738 76.784515 135.985184
v 112.570564 76.523506 136.967438
v 112.300835 76.845352 136.957916
v 112.644081 76.889374 137.241241
v 112.184837 77.330162 135.017197
v 112.591431 77.398224 134.710861
v 112.525215 77.371956 137.436371
v 112.537117 77.949951 134.612228
v 112.515739 77.836525 137.677261
v 112.524437 78.524788 134.577255
v 112.508873 78.250191 137.978592
v 112.496765 78.661324 138.266556
v 112.524780 79.093590 134.617844
v 112.503349 79.118591 138.470688
v 112.514648 79.546013 134.764252
v 112.112053 79.748817 138.911377
v 112.532005 79.665985 138.605881
v 112.510231 79.932724 135.058823
v 112.503555 80.314507 135.420395
v 112.186089 80.283119 138.968079
v 112.549492 80.279869 138.589371
v 112.422455 80.672607 135.750473
v 112.170250 80.876404 138.940964
v 112.452301 80.803368 138.440720
v 112.411995 80.906403 136.073380
v 112.146561 81.356224 137.027573
v 112.466248 81.119888 136.984177
v 112.183487 81.409286 138.018661
v 112.456879 81.109283 137.982056
v 111.989258 81.361938 138.946335
v 113.042259 75.112373 136.000748
v 113.147675 75.032990 135.512421
v 113.154823 74.758232 135.995773
v 113.147469 75.028122 136.488541
v 113.027130 75.672798 135.079727
v 113.298187 75.693138 134.788284
v 113.172890 75.333832 135.040451
v 112.870560 75.614609 136.000778
v 113.161659 75.330055 136.962326
v 113.024071 75.672104 136.923157
v 113.297882 75.690750 137.212936
v 112.817108 76.184822 135.037735
v 113.184425 76.229507 134.718216
v 112.655579 76.118645 135.999817
v 112.804581 76.180206 136.966812
v 113.183014 76.230499 137.279984
v 113.124977 76.779709 134.617645
v 113.115120 76.782333 137.400543
v 113.103844 77.355759 134.557678
v 113.098076 77.353165 137.510590
v 113.099220 77.938614 134.522003
v 113.139122 77.881142 137.678894
v 113.097855 78.522408 134.527969
v 113.047028 78.333649 137.915482
v 112.924568 78.697121 138.161926
v 113.086296 79.083839 134.616791
v 112.961060 79.125847 138.265945
v 113.004463 79.501518 134.790863
v 112.960861 79.690384 138.294434
v 113.045792 79.855492 135.096954
v 113.015846 80.197441 135.577454
v 112.905121 80.193619 138.252441
v 113.021248 80.494629 136.026764
v 112.710793 80.744736 136.049408
v 112.787285 80.849274 137.000900
v 113.079659 80.557602 136.999237
v 112.729553 80.796021 137.976379
v 112.974731 80.480759 137.950562
v 113.639984 72.769913 136.000534
v 113.735611 72.689461 135.512848
v 113.740799 72.414230 135.995773
v 113.733452 72.684113 136.488510
v 113.666046 73.328781 135.093384
v 113.896721 73.347717 134.800446
v 113.767471 72.991501 135.043716
v 113.512466 73.272903 136.001343
v 113.756256 72.987717 136.959671
v 113.659927 73.325882 136.910095
v 113.894554 73.346405 137.201248
v 113.584244 73.851570 135.067474
v 113.850098 73.849174 134.760818
v 113.413330 73.842796 136.000549
v 113.583603 73.849693 136.933289
v 113.849709 73.848534 137.239868
v 113.503242 74.432159 135.048523
v 113.821709 74.428474 134.731430
v 113.266891 74.382080 136.001160
v 113.503975 74.433655 136.950699
v 113.823204 74.426109 137.268555
v 113.346497 74.973305 135.011032
v 113.754295 75.044319 134.694931
v 113.343903 74.976509 136.990173
v 113.753990 75.042137 137.303879
v 113.709358 75.606300 134.612747
v 113.709213 75.606209 137.387558
v 113.690231 76.183998 134.559464
v 113.690346 76.184059 137.440048
v 113.685242 76.766640 134.522049
v 113.684532 76.767380 137.478149
v 113.684059 77.352058 134.506012
v 113.682632 77.352943 137.519104
v 113.683739 77.937729 134.511993
v 113.692970 77.929428 137.570633
v 113.679420 78.517654 134.561279
v 113.288200 78.574471 137.916183
v 113.726494 78.488403 137.646439
v 113.639114 79.030617 134.712509
v 113.349411 79.111038 137.954163
v 113.737274 79.104721 137.599304
v 113.704063 79.438286 135.019135
v 113.361504 79.644722 135.037354
v 113.673233 79.682144 135.506256
v 113.325531 79.701897 137.919174
v 113.623528 79.628052 137.437729
v 113.328262 80.218384 136.021851
v 113.635078 79.941513 136.009003
v 113.362236 80.244469 137.018158
v 113.628029 79.936203 136.982986
v 113.140350 80.182381 137.927963
v 114.283806 69.240356 136.000488
v 114.382515 69.194168 135.552170
v 114.356110 68.907730 135.996765
v 114.386208 69.191978 136.444565
v 114.183708 69.780098 136.000000
v 114.266396 69.721779 135.476898
v 114.266281 69.719490 136.520981
v 114.245277 70.394722 135.093933
v 114.481300 70.417061 134.799301
v 114.336845 70.053688 135.040604
v 114.089386 70.334473 136.000900
v 114.326782 70.052223 136.959702
v 114.240364 70.393303 136.910614
v 114.479713 70.415794 137.201874
v 114.189354 70.919342 135.071243
v 114.436234 70.918617 134.760635
v 114.032402 70.909584 135.999359
v 114.188408 70.918350 136.928421
v 114.435806 70.918472 137.239716
v 114.150101 71.496681 135.063660
v 114.426208 71.493195 134.749298
v 113.967392 71.491692 136.001633
v 114.150925 71.495949 136.937744
v 114.426224 71.492828 137.250854
v 114.084229 72.086166 135.046707
v 114.406715 72.083855 134.729828
v 113.852623 72.038002 136.001099
v 114.085320 72.087646 136.952408
v 114.408157 72.081581 137.270355
v 113.932480 72.629295 135.011047
v 114.340294 72.700256 134.694824
v 113.929893 72.632477 136.990189
v 114.340012 72.698097 137.303955
v 114.295341 73.261536 134.611893
v 114.295258 73.261528 137.388306
v 114.282631 73.837708 134.574860
v 114.282646 73.837715 137.425156
v 114.279495 74.422356 134.563141
v 114.279472 74.422348 137.436935
v 114.273613 75.010246 134.544632
v 114.273605 75.010246 137.455276
v 114.271240 75.594643 134.522064
v 114.271225 75.594635 137.477905
v 114.269997 76.180000 134.511993
v 114.269989 76.179977 137.488007
v 114.269829 76.765991 134.506027
v 114.269829 76.765991 137.493927
v 114.268738 77.351364 134.521988
v 114.268272 77.351875 137.478622
v 114.263741 77.933479 134.560959
v 114.262329 77.937973 137.456635
v 114.238861 78.492874 134.644043
v 114.233696 78.510345 137.409470
v 114.158401 78.907524 134.795837
v 114.150917 79.002838 137.280273
v 114.169426 79.177628 135.065475
v 113.934265 79.651665 136.010880
v 114.238792 79.379753 135.983841
v 113.910088 79.628998 136.980148
v 114.188583 79.322746 136.960861
v 114.869820 65.724365 136.000504
v 114.968475 65.678162 135.552170
v 114.942139 65.391747 135.996765
v 114.972214 65.675987 136.444580
v 114.769699 66.264069 135.999969
v 114.852394 66.205788 135.476898
v 114.852303 66.203514 136.520981
v 114.831276 66.878723 135.093918
v 115.067322 66.901054 134.799301
v 114.922821 66.537697 135.040619
v 114.675377 66.818466 136.000900
v 114.912788 66.536232 136.959732
v 114.826378 66.877327 136.910645
v 115.065712 66.899788 137.201874
v 114.775360 67.403336 135.071213
v 115.022232 67.402618 134.760590
v 114.618378 67.393570 135.999344
v 114.774406 67.402359 136.928436
v 115.021835 67.402489 137.239731
v 114.740723 67.980148 135.065399
v 115.012367 67.976959 134.749283
v 114.553879 67.975792 136.001678
v 114.741501 67.979111 136.936142
v 115.012367 67.976761 137.250748
v 114.697845 68.568947 135.056366
v 115.001717 68.563690 134.738815
v 114.450089 68.526283 135.999741
v 114.699501 68.568710 136.941376
v 115.002579 68.562737 137.260620
v 114.594452 69.131416 135.052170
v 114.980881 69.152107 134.722855
v 114.597725 69.134964 136.946732
v 114.982239 69.151123 137.275742
v 114.518677 69.709534 134.986832
v 114.922707 69.768684 134.688202
v 114.517365 69.711334 137.014694
v 114.922356 69.767838 137.312088
v 114.881424 70.331589 134.612030
v 114.881287 70.331528 137.388290
v 114.868675 70.907707 134.574936
v 114.868629 70.907692 137.425095
v 114.865715 71.492012 134.563080
v 114.865715 71.492012 137.436859
v 114.865509 72.078369 134.563110
v 114.865486 72.078362 137.436966
v 114.859612 72.666252 134.544632
v 114.859642 72.666252 137.455276
v 114.857239 73.250626 134.522003
v 114.857239 73.250641 137.477982
v 114.856079 73.835945 134.512131
v 114.856071 73.835930 137.487900
v 114.855995 74.422005 134.512085
v 114.855980 74.421997 137.487900
v 114.855934 75.008064 134.512115
v 114.855927 75.008072 137.487885
v 114.854790 75.593384 134.522034
v 114.854767 75.593376 137.477982
v 114.852379 76.177734 134.544632
v 114.852379 76.177742 137.455276
v 114.843643 76.763756 134.574997
v 114.843689 76.763786 137.425140
v 114.829666 77.339668 134.614731
v 114.829666 77.339653 137.385178
v 114.776733 77.891762 134.710403
v 114.775787 77.893578 137.286942
v 114.655228 78.410683 134.795975
v 114.654228 78.415657 137.208939
v 114.723740 78.710899 135.054840
v 114.456978 78.978951 135.056442
v 114.545227 79.091431 136.000519
v 114.831352 78.793396 135.998383
v 114.470062 79.020538 136.955460
v 114.730804 78.718910 136.947113
v 115.397995 63.393913 136.000580
v 115.493637 63.313442 135.512878
v 115.498840 63.038254 135.995789
v 115.491455 63.308113 136.488541
v 115.424072 63.952782 135.093399
v 115.654747 63.971725 134.800461
v 115.525536 63.615501 135.043747
v 115.270470 63.896908 136.001358
v 115.514275 63.611721 136.959656
v 115.417953 63.949902 136.910126
v 115.652550 63.970417 137.201248
v 115.346886 64.475288 135.069168
v 115.608269 64.472893 134.760773
v 115.171852 64.466873 136.000565
v 115.346107 64.473114 136.931610
v 115.607811 64.472473 137.239761
v 115.288994 65.054672 135.058289
v 115.588760 65.048370 134.740387
v 115.036331 65.010406 135.999908
v 115.290321 65.054497 136.939713
v 115.589630 65.047348 137.258926
v 115.180443 65.615433 135.052200
v 115.566902 65.636116 134.722870
v 115.183723 65.618965 136.946716
v 115.568253 65.635124 137.275742
v 115.104675 66.193542 134.986832
v 115.508713 66.252678 134.688187
v 115.103355 66.195335 137.014679
v 115.508347 66.251839 137.312088
v 115.467400 66.815582 134.612015
v 115.467262 66.815521 137.388275
v 115.454651 67.391685 134.574905
v 115.454620 67.391678 137.425064
v 115.451721 67.975990 134.563156
v 115.451721 67.975998 137.436813
v 115.451691 68.562027 134.563080
v 115.451691 68.562019 137.436890
v 115.450394 69.148193 134.559341
v 115.450432 69.148201 137.440536
v 115.445648 69.736275 134.544769
v 115.445641 69.736259 137.455338
v 115.443176 70.320564 134.527985
v 115.443169 70.320572 137.472000
v 115.442017 70.905998 134.512131
v 115.441986 70.905991 137.487823
v 115.441994 71.492004 134.512207
v 115.441986 71.491997 137.487778
v 115.442009 72.077995 134.512161
v 115.441994 72.078003 137.487839
v 115.441917 72.664062 134.512100
v 115.441925 72.664062 137.487900
v 115.440781 73.249374 134.522018
v 115.440765 73.249352 137.477982
v 115.438347 73.833725 134.544785
v 115.438362 73.833740 137.455353
v 115.433586 74.421799 134.559341
v 115.433556 74.421791 137.440552
v 115.429413 75.006210 134.574875
v 115.429413 75.006218 137.425156
v 115.416641 75.582443 134.611893
v 115.416756 75.582474 137.388290
v 115.370705 76.143036 134.696732
v 115.370895 76.145218 137.301849
v 115.294609 76.748756 134.743988
v 115.293488 76.751122 137.256836
v 115.230164 77.253708 134.800049
v 115.231728 77.254982 137.201248
v 115.355515 77.607635 135.046799
v 115.172081 77.953873 135.023270
v 115.375603 77.902275 135.516800
v 115.174812 77.952202 136.976654
v 115.365021 77.611191 136.956787
v 115.377563 77.904060 136.484131
v 114.922882 78.425903 135.067444
v 115.330254 78.147018 135.999405
v 115.105110 78.469398 136.001755
v 114.922340 78.422668 136.934509
v 116.041824 61.036358 136.000519
v 116.140480 60.990147 135.552231
v 116.114143 60.703735 135.996750
v 116.144211 60.987980 136.444611
v 115.928490 61.575428 135.999985
v 116.024300 61.517773 135.476883
v 116.024307 61.515522 136.521011
v 115.983055 62.189922 135.087936
v 116.238640 62.213097 134.798752
v 116.094406 61.849617 135.040451
v 115.795959 62.131172 136.000381
v 116.084770 61.848240 136.959717
v 115.979912 62.189148 136.915771
v 116.237602 62.211845 137.202057
v 115.865814 62.721172 135.053894
v 116.175484 62.719269 134.744034
v 115.634399 62.670673 136.002335
v 115.867088 62.723530 136.946320
v 116.176453 62.716862 137.256866
v 115.695297 63.256226 135.013275
v 116.099297 63.324986 134.696747
v 115.692162 63.259167 136.988190
v 116.099091 63.322769 137.301849
v 116.053368 63.885563 134.611893
v 116.053253 63.885525 137.388290
v 116.040642 64.461700 134.574936
v 116.040627 64.461693 137.425095
v 116.037674 65.046036 134.563065
v 116.037697 65.046036 137.436905
v 116.036385 65.632195 134.559311
v 116.036407 65.632202 137.440536
v 116.031631 66.220268 134.544769
v 116.031616 66.220238 137.455307
v 116.029167 66.804558 134.528000
v 116.029167 66.804558 137.472000
v 116.027985 67.389984 134.512146
v 116.028000 67.389992 137.487839
v 116.027985 67.975998 134.512192
v 116.027977 67.975990 137.487762
v 116.027969 68.561966 134.512192
v 116.027977 68.561974 137.487762
v 116.028000 69.148003 134.512131
v 116.027977 69.147987 137.487823
v 116.026810 69.733444 134.528000
v 116.026802 69.733444 137.472015
v 116.024338 70.317734 134.544739
v 116.024361 70.317749 137.455322
v 116.019592 70.905792 134.559326
v 116.019562 70.905792 137.440536
v 116.018280 71.491966 134.563065
v 116.018280 71.491966 137.436905
v 116.018257 72.078003 134.563156
v 116.018257 72.078003 137.436798
v 116.015327 72.662292 134.574936
v 116.015366 72.662292 137.425110
v 116.002579 73.238403 134.612015
v 116.002724 73.238472 137.388290
v 115.961281 73.801308 134.688187
v 115.961662 73.802177 137.312073
v 115.902061 74.417252 134.724655
v 115.900566 74.418266 137.273819
v 115.871269 74.994392 134.752686
v 115.870850 74.995384 137.247360
v 115.815804 75.496353 134.800018
v 115.817406 75.497597 137.201202
v 115.945045 75.852615 135.043579
v 115.774788 76.211830 135.013214
v 115.976479 76.154572 135.512802
v 115.777718 76.208763 136.988159
v 115.955650 75.856262 136.959641
v 115.978539 76.159897 136.488541
v 115.603996 76.746742 135.054260
v 115.971184 76.429764 135.995804
v 115.831512 76.795525 136.002808
v 115.602203 76.744186 136.946289
v 115.479706 77.274612 135.087402
v 115.651047 77.326180 135.999908
v 115.484413 77.276207 136.914169
v 115.488564 77.828354 136.000092
v 116.627823 58.106358 136.000504
v 116.726509 58.060146 135.552185
v 116.700127 57.773735 135.996750
v 116.730225 58.057968 136.444611
v 116.527710 58.646080 136.000015
v 116.610397 58.587772 135.476913
v 116.610321 58.585518 136.521057
v 116.588852 59.260784 135.094131
v 116.825287 59.283047 134.799286
v 116.680855 58.919697 135.040649
v 116.419083 59.199512 136.001144
v 116.670776 58.918224 136.959732
v 116.584366 59.259319 136.910629
v 116.823708 59.281807 137.201889
v 116.518021 59.786991 135.068893
v 116.780251 59.784882 134.760788
v 116.339249 59.777351 136.000671
v 116.518089 59.785179 136.931732
v 116.779839 59.784485 137.239731
v 116.460953 60.366665 135.058289
v 116.760773 60.360386 134.740402
v 116.208328 60.322411 135.999878
v 116.462318 60.366505 136.939728
v 116.761650 60.359356 137.258926
v 116.352478 60.927437 135.052200
v 116.738853 60.948101 134.722855
v 116.355721 60.930962 136.946732
v 116.740265 60.947124 137.275772
v 116.276672 61.505520 134.986816
v 116.680702 61.564701 134.688202
v 116.275360 61.507328 137.014709
v 116.680351 61.563839 137.312119
v 116.639397 62.127586 134.611954
v 116.639259 62.127522 137.388321
v 116.626343 62.704231 134.574982
v 116.626328 62.704216 137.425125
v 116.617607 63.290260 134.544617
v 116.617645 63.290268 137.455276
v 116.615250 63.874641 134.522018
v 116.615234 63.874638 137.477982
v 116.614067 64.459923 134.512100
v 116.614075 64.459915 137.487885
v 116.613991 65.045990 134.512146
v 116.614006 65.045990 137.487839
v 116.613998 65.632004 134.512146
v 116.613998 65.631996 137.487823
v 116.612839 66.217445 134.528000
v 116.612854 66.217445 137.471985
v 116.610352 66.801735 134.544785
v 116.610359 66.801743 137.455322
v 116.605598 67.389801 134.559311
v 116.605553 67.389793 137.440536
v 116.604301 67.975952 134.563065
v 116.604317 67.975960 137.436890
v 116.604279 68.561981 134.563141
v 116.604286 68.561996 137.436813
v 116.601341 69.146301 134.574936
v 116.601372 69.146301 137.425095
v 116.588593 69.722412 134.612000
v 116.588722 69.722488 137.388290
v 116.547264 70.285294 134.688171
v 116.547676 70.286163 137.312073
v 116.489136 70.901909 134.722855
v 116.487694 70.902870 137.275742
v 116.468109 71.490303 134.738998
v 116.467575 71.491280 137.260803
v 116.457779 72.077042 134.749100
v 116.457428 72.077225 137.250549
v 116.447632 72.651367 134.760712
v 116.448242 72.651520 137.239777
v 116.402985 73.153000 134.799088
v 116.403992 73.154160 137.201660
v 116.547676 73.516411 135.040436
v 116.365364 73.860481 134.986847
v 116.617722 73.848221 135.476852
v 116.366615 73.858673 137.014709
v 116.556671 73.517708 136.959518
v 116.617683 73.850517 136.520996
v 116.284622 74.436417 135.054382
v 116.501503 74.375832 135.552155
v 116.281525 74.432930 136.944641
v 116.497810 74.378044 136.444565
v 116.162445 74.989830 135.064270
v 116.527847 74.662262 135.996780
v 116.406143 75.033348 136.001755
v 116.159851 74.988869 136.935257
v 116.060913 75.516518 135.088959
v 116.236610 75.567986 135.999695
v 116.066032 75.518265 136.912460
v 116.085236 76.076256 136.000519
v 117.155998 55.189919 136.000565
v 117.251633 55.109447 135.512848
v 117.256828 54.834244 135.995804
v 117.249443 55.104099 136.488525
v 117.182411 55.748665 135.093124
v 117.412743 55.767715 134.800507
v 117.283493 55.411488 135.043686
v 117.042580 55.694286 136.001083
v 117.272263 55.407722 136.959671
v 117.175934 55.745880 136.910065
v 117.410553 55.766396 137.201248
v 117.120232 56.269657 135.071457
v 117.366234 56.268631 134.760620
v 116.967087 56.260639 135.999329
v 117.118355 56.268322 136.928375
v 117.365822 56.268467 137.239777
v 117.084732 56.846134 135.065369
v 117.356354 56.842941 134.749283
v 116.897903 56.841797 136.001694
v 117.085487 56.845108 136.936142
v 117.356361 56.842758 137.250763
v 117.041840 57.434929 135.056412
v 117.345741 57.429691 134.738831
v 116.794098 57.392246 135.999725
v 117.043510 57.434734 136.941452
v 117.346573 57.428734 137.260651
v 116.938446 57.997433 135.052200
v 117.324875 58.018097 134.722855
v 116.941727 58.000961 136.946716
v 117.326248 58.017113 137.275742
v 116.862648 58.575535 134.986832
v 117.266708 58.634689 134.688187
v 116.861366 58.577316 137.014725
v 117.266319 58.633820 137.312057
v 117.225395 59.197575 134.612015
v 117.225266 59.197514 137.388306
v 117.212639 59.773689 134.574936
v 117.212616 59.773682 137.425079
v 117.209679 60.358044 134.563080
v 117.209679 60.358036 137.436905
v 117.208382 60.944187 134.559341
v 117.208405 60.944202 137.440536
v 117.203644 61.532269 134.544769
v 117.203606 61.532253 137.455338
v 117.201164 62.116573 134.528000
v 117.201180 62.116581 137.472000
v 117.199989 62.702007 134.512085
v 117.199974 62.702000 137.487900
v 117.199936 63.288082 134.512115
v 117.199944 63.288078 137.487885
v 117.198738 63.873363 134.522003
v 117.198761 63.873375 137.477966
v 117.196358 64.457726 134.544617
v 117.196358 64.457748 137.455292
v 117.190468 65.045616 134.563095
v 117.190491 65.045609 137.436951
v 117.187355 65.630302 134.574860
v 117.187355 65.630302 137.425156
v 117.174606 66.206413 134.612015
v 117.174721 66.206474 137.388275
v 117.133278 66.769295 134.688202
v 117.133652 66.770164 137.312073
v 117.075104 67.385895 134.722839
v 117.073715 67.386879 137.275742
v 117.054100 67.974304 134.738983
v 117.053604 67.975281 137.260803
v 117.043800 68.561073 134.749130
v 117.043434 68.561249 137.250595
v 117.033623 69.135353 134.760712
v 117.034225 69.135490 137.239792
v 116.988953 69.636993 134.799088
v 116.989998 69.638153 137.201660
v 117.133667 70.000404 135.040436
v 116.951347 70.344475 134.986832
v 117.203712 70.332222 135.476852
v 116.952629 70.342667 137.014694
v 117.142685 70.001701 136.959549
v 117.203690 70.334473 136.520981
v 116.875519 70.922546 135.052231
v 117.087494 70.859848 135.552155
v 116.872231 70.919022 136.946762
v 117.083817 70.862061 136.444580
v 116.772705 71.486145 135.057861
v 117.113762 71.146225 135.996841
v 117.019936 71.527733 136.002716
v 116.769882 71.484161 136.942795
v 116.728653 72.074936 135.063812
v 116.916115 72.078217 135.998337
v 116.729073 72.073799 136.934540
v 116.695724 72.651382 135.071472
v 116.851593 72.660362 136.000671
v 116.694534 72.651009 136.928558
v 116.639160 73.175896 135.093033
v 116.794685 73.235474 135.999451
v 116.643188 73.176132 136.909882
v 116.700241 73.789909 135.999954
v 116.600174 74.329636 136.000504
v 117.728745 53.429737 136.000504
v 117.843262 53.354790 135.514847
v 117.867699 53.091999 135.997055
v 117.843681 53.351601 136.485703
v 117.748375 53.989555 135.087814
v 117.997887 54.010296 134.800064
v 117.873291 53.657009 135.047455
v 117.576904 53.937824 136.000626
v 117.862366 53.653091 136.956039
v 117.743538 53.987583 136.914597
v 117.996254 54.009003 137.201248
v 117.624657 54.517555 135.054214
v 117.933449 54.515263 134.744064
v 117.396530 54.468475 136.002243
v 117.625046 54.519451 136.946198
v 117.934456 54.512852 137.256897
v 117.453293 55.052227 135.013229
v 117.857315 55.120964 134.696732
v 117.450157 55.055161 136.988220
v 117.857109 55.118782 137.301910
v 117.811371 55.681549 134.611893
v 117.811256 55.681526 137.388306
v 117.798660 56.257698 134.574936
v 117.798622 56.257683 137.425110
v 117.795731 56.842003 134.563187
v 117.795746 56.841995 137.436844
v 117.795692 57.428032 134.563080
v 117.795685 57.428032 137.436920
v 117.794403 58.014202 134.559326
v 117.794441 58.014221 137.440536
v 117.789619 58.602249 134.544769
v 117.789612 58.602245 137.455322
v 117.787163 59.186554 134.528000
v 117.787163 59.186565 137.471985
v 117.785988 59.771996 134.512131
v 117.785995 59.771996 137.487854
v 117.785973 60.358006 134.512207
v 117.785988 60.358009 137.487793
v 117.785995 60.944012 134.512146
v 117.785973 60.943981 137.487839
v 117.784813 61.529427 134.527985
v 117.784821 61.529430 137.471985
v 117.782349 62.113743 134.544785
v 117.782372 62.113754 137.455322
v 117.777596 62.701786 134.559326
v 117.777565 62.701797 137.440536
v 117.773422 63.286228 134.574875
v 117.773399 63.286240 137.425156
v 117.760635 63.862446 134.611893
v 117.760742 63.862495 137.388306
v 117.715683 64.423729 134.694809
v 117.715927 64.425873 137.303940
v 117.648170 65.039482 134.731613
v 117.646950 65.041901 137.268707
v 117.619942 65.618828 134.760757
v 117.620155 65.619423 137.239761
v 117.574982 66.120987 134.799103
v 117.576004 66.122154 137.201660
v 117.719658 66.484390 135.040390
v 117.537315 66.828468 134.986801
v 117.789726 66.816238 135.476852
v 117.538620 66.826668 137.014709
v 117.728706 66.485710 136.959549
v 117.789696 66.818497 136.520981
v 117.461548 67.406563 135.052261
v 117.673500 67.343864 135.552185
v 117.458229 67.403015 136.946762
v 117.669807 67.346054 136.444595
v 117.358688 67.970139 135.057877
v 117.699768 67.630226 135.996826
v 117.605927 68.011703 136.002686
v 117.355896 67.968185 136.942810
v 117.314629 68.558937 135.063797
v 117.502098 68.562195 135.998322
v 117.315079 68.557808 136.934555
v 117.281738 69.135406 135.071503
v 117.437592 69.144356 136.000656
v 117.280540 69.135017 136.928574
v 117.225174 69.659912 135.093063
v 117.380684 69.719467 135.999466
v 117.229187 69.660133 136.909851
v 117.286209 70.273911 135.999954
v 117.186188 70.813629 136.000488
v 118.332153 52.299641 135.999542
v 118.473663 52.266014 135.534332
v 118.503502 52.179867 135.999985
v 118.472427 52.268539 136.465881
v 118.287140 52.817841 135.079666
v 118.572250 52.855789 134.805847
v 118.473198 52.516602 135.070709
v 118.040802 52.748878 136.002151
v 118.463028 52.513081 136.934570
v 118.281769 52.816193 136.924408
v 118.572166 52.852123 137.196228
v 118.055580 53.310501 135.020966
v 118.451530 53.373035 134.711502
v 118.051758 53.312153 136.980515
v 118.451324 53.371105 137.287125
v 118.398232 53.924400 134.614685
v 118.398170 53.924416 137.385315
v 118.384361 54.500225 134.574997
v 118.384300 54.500206 137.425140
v 118.375633 55.086246 134.544617
v 118.375641 55.086243 137.455292
v 118.373230 55.670628 134.522018
v 118.373215 55.670631 137.477997
v 118.372070 56.255924 134.512115
v 118.372070 56.255924 137.487915
v 118.371994 56.842003 134.512161
v 118.371994 56.842003 137.487854
v 118.371986 57.427994 134.512207
v 118.372009 57.427998 137.487793
v 118.371979 58.013996 134.512131
v 118.371994 58.013992 137.487839
v 118.370804 58.599430 134.527985
v 118.370804 58.599426 137.472000
v 118.368332 59.183739 134.544769
v 118.368385 59.183746 137.455322
v 118.363594 59.771793 134.559341
v 118.363548 59.771793 137.440552
v 118.362320 60.357971 134.563080
v 118.362305 60.357971 137.436905
v 118.359344 60.942303 134.574921
v 118.359360 60.942291 137.425095
v 118.346573 61.518402 134.612000
v 118.346725 61.518478 137.388290
v 118.305290 62.081318 134.688202
v 118.305679 62.082191 137.312088
v 118.246056 62.697247 134.724640
v 118.244568 62.698269 137.273788
v 118.215286 63.274391 134.752716
v 118.214836 63.275387 137.247360
v 118.159828 63.776352 134.800018
v 118.161392 63.777573 137.201187
v 118.289047 64.132599 135.043533
v 118.123482 64.494675 135.011093
v 118.320480 64.434586 135.512833
v 118.126060 64.491531 136.990219
v 118.299667 64.136276 136.959656
v 118.322563 64.439919 136.488556
v 117.967148 65.036789 135.049805
v 118.315125 64.709732 135.995850
v 118.203201 65.085930 136.003754
v 117.965523 65.033348 136.951889
v 117.887238 65.618561 135.066376
v 118.061165 65.626610 135.999405
v 117.885780 65.616493 136.932388
v 117.811180 66.143906 135.093048
v 117.981010 66.204414 135.999237
v 117.815506 66.144096 136.909714
v 117.872223 66.757912 135.999954
v 117.772202 67.297653 136.000504
v 118.726128 52.278637 135.077682
v 118.954697 52.441589 134.896484
v 118.943336 52.235912 135.098999
v 118.881996 52.153252 136.000000
v 118.944504 52.246037 136.898621
v 118.728386 52.286846 136.916977
v 118.954414 52.444187 137.101837
v 118.961014 52.801487 134.711151
v 118.960785 52.801533 137.289124
v 118.966393 53.332699 134.595032
v 118.966461 53.332745 137.404724
v 118.959427 53.912712 134.525116
v 118.959412 53.912701 137.474869
v 118.958038 54.497952 134.512024
v 118.958054 54.497955 137.487946
v 118.957939 55.084064 134.512054
v 118.957939 55.084057 137.487961
v 118.956741 55.669365 134.522018
v 118.956749 55.669369 137.477982
v 118.954330 56.253723 134.544785
v 118.954399 56.253754 137.455338
v 118.949608 56.841808 134.559326
v 118.949554 56.841797 137.440552
v 118.948326 57.427963 134.563080
v 118.948296 57.427956 137.436890
v 118.945335 58.012299 134.574936
v 118.945358 58.012302 137.425095
v 118.932594 58.588413 134.612015
v 118.932709 58.588467 137.388290
v 118.891281 59.151310 134.688217
v 118.891647 59.152180 137.312073
v 118.833138 59.767902 134.722855
v 118.831718 59.768867 137.275742
v 118.811096 60.355633 134.740585
v 118.810509 60.356644 137.259033
v 118.791794 60.931122 134.760712
v 118.792038 60.931488 137.239624
v 118.746994 61.433002 134.799103
v 118.748001 61.434143 137.201645
v 118.891663 61.796387 135.040405
v 118.709366 62.140495 134.986862
v 118.961716 62.128231 135.476883
v 118.710632 62.138668 137.014679
v 118.900696 61.797699 136.959503
v 118.961678 62.130489 136.520950
v 118.628593 62.716427 135.054398
v 118.845520 62.655853 135.552170
v 118.625542 62.712955 136.944672
v 118.841820 62.658062 136.444595
v 118.506454 63.269836 135.064255
v 118.871880 62.942268 135.996841
v 118.750153 63.313332 136.001740
v 118.503845 63.268864 136.935272
v 118.404922 63.796539 135.088989
v 118.580612 63.847988 135.999710
v 118.410034 63.798256 136.912491
v 118.429237 64.356270 136.000488
v 119.151497 52.309792 135.061996
v 119.190002 52.252483 135.999435
v 119.150551 52.314034 136.937164
v 119.406425 52.885757 134.780914
v 119.450127 52.546741 135.050507
v 119.520645 52.473228 135.999939
v 119.446686 52.550632 136.946869
v 119.405968 52.886906 137.217804
v 119.519180 53.351738 134.627731
v 119.519165 53.351715 137.372253
v 119.540855 53.911907 134.557571
v 119.540878 53.911907 137.442413
v 119.539978 54.496197 134.545547
v 119.539932 54.496193 137.454254
v 119.531624 55.081768 134.574966
v 119.531693 55.081799 137.425171
v 119.518600 55.658405 134.611938
v 119.518745 55.658455 137.388336
v 119.477310 56.221313 134.688232
v 119.477661 56.222172 137.312088
v 119.419151 56.837917 134.722870
v 119.417709 56.838867 137.275742
v 119.397095 57.425621 134.740570
v 119.396507 57.426662 137.259048
v 119.377792 58.001137 134.760712
v 119.378059 58.001499 137.239639
v 119.332993 58.502987 134.799088
v 119.334007 58.504147 137.201660
v 119.477654 58.866386 135.040375
v 119.295349 59.210484 134.986847
v 119.547707 59.198227 135.476868
v 119.296646 59.208679 137.014694
v 119.486702 58.867695 136.959518
v 119.547691 59.200497 136.521011
v 119.219513 59.788551 135.052246
v 119.431488 59.725849 135.552155
v 119.216232 59.785023 136.946747
v 119.427826 59.728077 136.444580
v 119.111496 60.350285 135.059631
v 119.457748 60.012234 135.996826
v 119.363724 60.393604 136.002579
v 119.109108 60.348492 136.940964
v 119.054604 60.930855 135.067993
v 119.232697 60.938545 135.999313
v 119.053314 60.929070 136.930725
v 118.983154 61.455891 135.093079
v 119.153023 61.516415 135.999237
v 118.987518 61.456104 136.909714
v 119.044205 62.069916 135.999924
v 118.944191 62.609646 136.000488
v 119.750587 52.826401 135.045120
v 119.827171 52.749828 136.000000
v 119.749954 52.827427 136.954575
v 119.984215 53.463673 134.779816
v 120.042572 53.120033 135.045425
v 120.120193 53.042839 136.000015
v 120.043602 53.119385 136.954849
v 119.985413 53.463181 137.221497
v 120.074707 53.927231 134.681427
v 120.075096 53.927147 137.319016
v 120.051826 54.464607 134.706650
v 120.051720 54.466396 137.290756
v 119.982506 55.066765 134.744064
v 119.981361 55.069157 137.256653
v 119.919403 55.572914 134.798737
v 119.920364 55.574162 137.202011
v 120.063644 55.936378 135.040390
v 119.881317 56.280460 134.986816
v 120.133720 56.268230 135.476868
v 119.882637 56.278675 137.014725
v 120.073135 55.937771 136.959717
v 120.133682 56.270481 136.521011
v 119.805519 56.858543 135.052216
v 120.017487 56.795845 135.552170
v 119.802238 56.855015 136.946777
v 120.013832 56.798069 136.444580
v 119.697510 57.420296 135.059662
v 120.043755 57.082230 135.996857
v 119.949722 57.463600 136.002563
v 119.695122 57.418495 136.941010
v 119.640602 58.000862 135.068008
v 119.818687 58.008537 135.999313
v 119.639320 57.999054 136.930725
v 119.569160 58.525883 135.093048
v 119.739029 58.586407 135.999237
v 119.573502 58.526096 136.909729
v 119.630226 59.139927 135.999954
v 119.530167 59.679630 136.000488
v 120.319542 53.423183 135.052979
v 120.396782 53.349342 136.000076
v 120.323257 53.419868 136.949524
v 120.432388 53.923355 134.884674
v 120.556465 53.719234 135.062149
v 120.617508 53.679977 136.000565
v 120.560776 53.718235 136.938858
v 120.435768 53.923054 137.118347
v 120.605553 54.172482 135.059128
v 120.456436 54.528782 135.017090
v 120.650566 54.469650 135.515305
v 120.459465 54.526100 136.983002
v 120.615471 54.174835 136.945450
v 120.652885 54.475033 136.485855
v 120.292831 55.065086 135.053848
v 120.652679 54.746349 135.996216
v 120.523598 55.115341 136.002716
v 120.289978 55.062157 136.946167
v 120.175087 55.596222 135.087601
v 120.362015 55.654850 135.999893
v 120.177940 55.596710 136.915421
v 120.229530 56.210567 135.999969
v 120.116180 56.749641 136.000504
v 120.630791 53.928219 135.099091
v 120.722626 53.988510 136.000015
v 120.638626 53.928558 136.902695
v 120.725456 54.393700 136.000320
# 2006 vertices, 0 vertices normals

f 3 2 1
f 1 4 3
f 1 2 5
f 5 2 6
f 4 1 7
f 1 8 7
f 1 5 8
f 8 9 7
f 5 6 10
f 10 6 11
f 5 12 8
f 5 10 12
f 9 8 13
f 8 14 13
f 8 12 14
f 14 15 13
f 11 16 10
f 10 16 12
f 12 16 17
f 12 17 14
f 14 17 18
f 14 18 15
f 20 19 3
f 3 19 2
f 22 21 4
f 21 3 4
f 21 20 3
f 22 23 21
f 26 25 24
f 19 26 24
f 6 19 24
f 2 19 6
f 7 22 4
f 28 27 9
f 9 27 7
f 27 23 7
f 23 22 7
f 28 29 27
f 24 25 30
f 30 25 31
f 30 11 6
f 30 6 24
f 13 28 9
f 13 15 28
f 15 29 28
f 15 32 29
f 30 31 33
f 33 31 34
f 35 16 11
f 30 35 11
f 33 35 30
f 36 17 16
f 36 16 35
f 17 36 37
f 38 17 37
f 18 17 38
f 15 18 32
f 32 18 38
f 34 39 33
f 41 40 39
f 40 33 39
f 40 35 33
f 43 36 42
f 36 40 42
f 36 35 40
f 36 43 37
f 41 44 40
f 40 44 42
f 47 46 45
f 45 48 47
f 51 50 49
f 51 49 46
f 46 49 45
f 49 19 45
f 19 20 45
f 52 48 45
f 20 52 45
f 21 52 20
f 54 53 23
f 53 21 23
f 53 52 21
f 54 55 53
f 49 50 26
f 50 25 26
f 50 56 25
f 49 26 19
f 27 54 23
f 27 29 54
f 29 55 54
f 29 57 55
f 56 31 25
f 58 31 56
f 32 57 29
f 32 59 57
f 58 34 31
f 60 34 58
f 62 61 38
f 62 38 37
f 32 38 59
f 59 38 61
f 39 34 63
f 34 64 63
f 34 60 64
f 63 41 39
f 42 65 43
f 65 66 43
f 66 37 43
f 66 62 37
f 63 64 67
f 67 64 68
f 69 44 41
f 63 69 41
f 67 69 63
f 69 70 44
f 44 70 42
f 70 71 42
f 71 65 42
f 65 71 66
f 68 72 67
f 67 72 69
f 69 72 73
f 69 73 70
f 75 74 47
f 47 74 46
f 77 76 48
f 76 47 48
f 76 75 47
f 77 78 76
f 80 79 51
f 51 79 50
f 51 46 74
f 51 74 80
f 52 77 48
f 81 78 77
f 52 81 77
f 53 81 52
f 53 55 81
f 81 55 82
f 79 56 50
f 83 56 79
f 57 82 55
f 57 84 82
f 83 58 56
f 85 58 83
f 59 84 57
f 59 86 84
f 85 60 58
f 87 60 85
f 89 88 61
f 89 61 62
f 59 61 86
f 86 61 88
f 92 91 90
f 87 92 90
f 64 87 90
f 60 87 64
f 66 89 62
f 66 93 89
f 90 91 94
f 94 91 95
f 94 68 64
f 94 64 90
f 70 96 71
f 96 97 71
f 97 66 71
f 97 93 66
f 95 98 94
f 98 100 99
f 98 99 72
f 94 98 72
f 68 94 72
f 101 73 72
f 101 72 99
f 101 102 73
f 73 102 70
f 102 103 70
f 103 96 70
f 96 103 97
f 100 104 99
f 99 104 101
f 101 104 105
f 101 105 102
f 107 106 75
f 75 106 74
f 108 75 76
f 108 107 75
f 76 78 108
f 108 78 109
f 110 79 80
f 111 110 80
f 74 111 80
f 106 111 74
f 112 109 78
f 112 78 81
f 81 82 112
f 112 82 113
f 115 114 110
f 114 79 110
f 114 83 79
f 115 110 111
f 84 113 82
f 84 116 113
f 114 85 83
f 117 85 114
f 120 119 118
f 119 116 118
f 116 86 118
f 116 84 86
f 123 122 121
f 117 123 121
f 87 117 121
f 85 117 87
f 120 118 88
f 89 120 88
f 124 120 89
f 88 118 86
f 121 122 92
f 122 91 92
f 122 125 91
f 121 92 87
f 93 124 89
f 93 126 124
f 125 95 91
f 127 95 125
f 97 126 93
f 97 128 126
f 98 95 129
f 95 130 129
f 95 127 130
f 129 100 98
f 132 131 103
f 132 103 102
f 97 103 128
f 128 103 131
f 129 130 133
f 133 130 134
f 135 104 100
f 129 135 100
f 133 135 129
f 136 105 104
f 136 104 135
f 136 137 105
f 137 102 105
f 137 132 102
f 134 138 133
f 140 139 138
f 139 133 138
f 139 135 133
f 142 136 141
f 136 139 141
f 136 135 139
f 136 142 137
f 140 143 139
f 139 143 141
f 144 106 107
f 108 145 107
f 107 145 144
f 109 145 108
f 147 146 144
f 146 106 144
f 146 111 106
f 149 148 147
f 144 149 147
f 145 149 144
f 112 150 109
f 150 145 109
f 150 149 145
f 113 150 112
f 152 151 115
f 115 151 114
f 115 111 146
f 115 146 152
f 153 148 149
f 155 154 153
f 149 155 153
f 150 155 149
f 116 155 113
f 113 155 150
f 151 117 114
f 156 117 151
f 154 155 119
f 120 154 119
f 157 154 120
f 119 155 116
f 159 158 123
f 123 158 122
f 123 117 156
f 123 156 159
f 124 157 120
f 124 160 157
f 158 125 122
f 161 125 158
f 126 160 124
f 126 162 160
f 161 127 125
f 163 127 161
f 128 162 126
f 128 164 162
f 163 130 127
f 165 130 163
f 167 166 131
f 167 131 132
f 128 131 164
f 164 131 166
f 165 134 130
f 168 134 165
f 137 167 132
f 137 169 167
f 138 134 170
f 134 171 170
f 134 168 171
f 170 140 138
f 173 172 142
f 173 142 141
f 137 142 169
f 169 142 172
f 170 171 174
f 174 171 175
f 176 143 140
f 170 176 140
f 174 176 170
f 176 177 143
f 177 141 143
f 177 173 141
f 175 178 174
f 174 178 176
f 176 178 179
f 176 179 177
f 180 146 147
f 148 180 147
f 181 151 152
f 146 180 152
f 180 181 152
f 180 182 181
f 153 183 148
f 183 180 148
f 183 182 180
f 154 183 153
f 185 184 181
f 184 151 181
f 184 156 151
f 185 181 182
f 185 182 186
f 188 187 186
f 182 188 186
f 183 188 182
f 157 188 154
f 154 188 183
f 190 189 159
f 159 189 158
f 159 156 184
f 159 184 190
f 191 187 188
f 188 157 191
f 157 192 191
f 157 160 192
f 189 161 158
f 193 161 189
f 162 192 160
f 162 194 192
f 193 163 161
f 195 163 193
f 198 197 196
f 197 194 196
f 194 164 196
f 194 162 164
f 201 200 199
f 195 201 199
f 165 195 199
f 163 195 165
f 198 196 166
f 167 198 166
f 202 198 167
f 166 196 164
f 199 200 203
f 203 200 204
f 203 168 165
f 203 165 199
f 169 202 167
f 169 205 202
f 203 204 206
f 206 204 207
f 206 171 168
f 206 168 203
f 173 208 172
f 208 209 172
f 209 169 172
f 209 205 169
f 206 207 210
f 210 207 211
f 210 175 171
f 210 171 206
f 213 212 208
f 173 213 208
f 177 213 173
f 208 212 209
f 211 214 210
f 214 216 215
f 214 215 178
f 210 214 178
f 175 210 178
f 178 215 217
f 218 178 217
f 179 178 218
f 177 179 213
f 213 179 218
f 216 219 215
f 215 219 217
f 220 184 185
f 186 221 185
f 185 221 220
f 187 221 186
f 222 189 190
f 223 222 190
f 223 190 184
f 224 223 184
f 220 224 184
f 224 220 221
f 224 221 225
f 227 225 226
f 226 225 191
f 225 221 191
f 221 187 191
f 192 226 191
f 229 228 222
f 228 189 222
f 228 193 189
f 229 222 223
f 227 226 230
f 227 230 231
f 194 230 192
f 192 230 226
f 228 195 193
f 232 195 228
f 231 230 197
f 198 231 197
f 233 231 198
f 197 230 194
f 235 234 201
f 201 234 200
f 201 195 232
f 201 232 235
f 202 233 198
f 202 236 233
f 234 204 200
f 237 204 234
f 205 236 202
f 205 238 236
f 237 207 204
f 239 207 237
f 209 238 205
f 209 240 238
f 239 211 207
f 241 211 239
f 243 242 212
f 243 212 213
f 209 212 240
f 240 212 242
f 214 211 244
f 211 245 244
f 211 241 245
f 244 216 214
f 217 246 218
f 246 247 218
f 247 213 218
f 247 243 213
f 244 245 248
f 248 245 249
f 250 219 216
f 244 250 216
f 248 250 244
f 250 251 219
f 219 251 217
f 251 252 217
f 252 246 217
f 246 252 247
f 249 253 248
f 248 253 250
f 250 253 254
f 250 254 251
f 255 223 224
f 225 256 224
f 224 256 255
f 227 256 225
f 257 228 229
f 258 257 229
f 258 229 223
f 259 258 223
f 255 259 223
f 261 260 259
f 255 261 259
f 256 261 255
f 231 261 227
f 227 261 256
f 263 262 257
f 262 228 257
f 262 232 228
f 263 257 258
f 264 260 261
f 261 231 264
f 231 265 264
f 231 233 265
f 267 266 235
f 235 266 234
f 235 232 262
f 235 262 267
f 236 265 233
f 236 268 265
f 266 237 234
f 269 237 266
f 238 268 236
f 238 270 268
f 269 239 237
f 271 239 269
f 274 273 272
f 273 270 272
f 270 240 272
f 270 238 240
f 277 276 275
f 271 277 275
f 241 271 275
f 239 271 241
f 274 272 242
f 243 274 242
f 278 274 243
f 242 272 240
f 275 276 279
f 279 276 280
f 279 245 241
f 279 241 275
f 247 278 243
f 247 281 278
f 279 280 282
f 282 280 283
f 282 249 245
f 282 245 279
f 285 284 252
f 285 252 251
f 247 252 281
f 281 252 284
f 283 286 282
f 286 288 287
f 286 287 253
f 282 286 253
f 249 282 253
f 289 254 253
f 289 253 287
f 289 290 254
f 290 251 254
f 290 285 251
f 288 291 287
f 287 291 289
f 289 291 292
f 289 292 290
f 293 258 259
f 260 293 259
f 294 262 263
f 258 293 263
f 293 294 263
f 293 295 294
f 264 296 260
f 296 293 260
f 296 295 293
f 265 296 264
f 298 297 267
f 267 297 266
f 267 262 294
f 299 267 294
f 298 267 299
f 299 294 295
f 299 295 300
f 302 301 300
f 295 302 300
f 296 302 295
f 268 302 265
f 265 302 296
f 297 269 266
f 303 269 297
f 301 302 304
f 301 304 305
f 270 304 268
f 268 304 302
f 308 307 306
f 303 308 306
f 271 303 306
f 269 303 271
f 305 304 273
f 274 305 273
f 309 305 274
f 273 304 270
f 306 307 277
f 307 276 277
f 307 310 276
f 306 277 271
f 278 309 274
f 278 311 309
f 310 280 276
f 312 280 310
f 281 311 278
f 281 313 311
f 312 283 280
f 314 283 312
f 285 315 284
f 315 316 284
f 316 281 284
f 316 313 281
f 286 283 317
f 283 318 317
f 283 314 318
f 317 288 286
f 320 319 315
f 285 320 315
f 290 320 285
f 315 319 316
f 317 318 321
f 321 318 322
f 323 291 288
f 317 323 288
f 321 323 317
f 291 323 324
f 325 291 324
f 292 291 325
f 290 292 320
f 320 292 325
f 322 326 321
f 321 326 323
f 323 326 327
f 323 327 324
f 328 297 298
f 299 329 298
f 298 329 328
f 300 330 299
f 299 330 329
f 301 330 300
f 332 331 328
f 331 297 328
f 331 303 297
f 332 328 329
f 332 329 333
f 333 329 330
f 333 330 334
f 330 301 334
f 301 335 334
f 301 305 335
f 337 336 308
f 308 336 307
f 308 303 331
f 308 331 337
f 309 335 305
f 309 338 335
f 336 310 307
f 339 310 336
f 311 338 309
f 311 340 338
f 339 312 310
f 341 312 339
f 313 340 311
f 313 342 340
f 341 314 312
f 343 314 341
f 346 345 344
f 345 342 344
f 342 316 344
f 342 313 316
f 343 318 314
f 347 318 343
f 346 344 319
f 320 346 319
f 348 346 320
f 319 344 316
f 347 322 318
f 349 322 347
f 324 350 325
f 350 351 325
f 351 320 325
f 351 348 320
f 326 322 352
f 322 353 352
f 322 349 353
f 354 327 326
f 354 326 352
f 354 355 327
f 327 355 324
f 355 356 324
f 356 350 324
f 350 356 351
f 353 357 352
f 352 357 354
f 354 357 358
f 354 358 355
f 359 331 332
f 333 360 332
f 332 360 359
f 334 361 333
f 333 361 360
f 335 361 334
f 362 336 337
f 363 362 337
f 363 337 331
f 364 363 331
f 359 364 331
f 364 359 360
f 364 360 365
f 367 366 365
f 360 367 365
f 361 367 360
f 338 367 335
f 335 367 361
f 369 368 362
f 368 336 362
f 368 339 336
f 369 362 363
f 366 367 370
f 366 370 371
f 340 370 338
f 338 370 367
f 368 341 339
f 372 341 368
f 371 370 373
f 371 373 374
f 342 373 340
f 340 373 370
f 377 376 375
f 372 377 375
f 343 372 375
f 341 372 343
f 374 373 345
f 346 374 345
f 378 374 346
f 345 373 342
f 375 376 379
f 379 376 380
f 379 347 343
f 379 343 375
f 348 378 346
f 348 381 378
f 379 380 382
f 382 380 383
f 382 349 347
f 382 347 379
f 351 381 348
f 351 384 381
f 382 383 385
f 385 383 386
f 385 353 349
f 385 349 382
f 388 387 356
f 388 356 355
f 351 356 384
f 384 356 387
f 386 389 385
f 389 391 390
f 389 390 357
f 385 389 357
f 353 385 357
f 357 390 392
f 393 357 392
f 358 357 393
f 355 358 388
f 388 358 393
f 391 394 390
f 390 394 392
f 395 363 364
f 365 396 364
f 364 396 395
f 366 396 365
f 398 397 369
f 369 397 368
f 369 363 395
f 399 369 395
f 398 369 399
f 399 395 396
f 399 396 400
f 396 366 400
f 366 401 400
f 366 371 401
f 397 372 368
f 402 372 397
f 374 401 371
f 374 403 401
f 405 404 377
f 377 404 376
f 377 372 402
f 377 402 405
f 378 403 374
f 378 406 403
f 404 380 376
f 407 380 404
f 381 406 378
f 381 408 406
f 407 383 380
f 409 383 407
f 384 408 381
f 384 410 408
f 409 386 383
f 411 386 409
f 413 412 387
f 413 387 388
f 384 387 410
f 410 387 412
f 389 386 414
f 386 415 414
f 386 411 415
f 414 391 389
f 392 416 393
f 416 417 393
f 417 388 393
f 417 413 388
f 415 418 414
f 414 418 391
f 418 394 391
f 418 419 394
f 392 394 416
f 394 420 416
f 394 419 420
f 416 420 417
f 421 397 398
f 399 422 398
f 398 422 421
f 400 423 399
f 399 423 422
f 401 423 400
f 425 424 421
f 424 397 421
f 424 402 397
f 425 421 422
f 425 422 426
f 428 427 426
f 422 428 426
f 423 428 422
f 403 428 401
f 401 428 423
f 430 429 405
f 405 429 404
f 405 402 424
f 405 424 430
f 431 427 428
f 428 403 431
f 403 432 431
f 403 406 432
f 429 407 404
f 433 407 429
f 408 432 406
f 408 434 432
f 433 409 407
f 435 409 433
f 410 434 408
f 410 436 434
f 435 411 409
f 437 411 435
f 439 438 412
f 439 412 413
f 410 412 436
f 436 412 438
f 437 415 411
f 440 415 437
f 417 439 413
f 417 441 439
f 440 442 415
f 415 442 418
f 442 444 443
f 419 442 443
f 418 442 419
f 419 443 445
f 446 419 445
f 420 419 446
f 417 420 441
f 441 420 446
f 444 447 443
f 443 447 445
f 448 424 425
f 426 449 425
f 425 449 448
f 427 449 426
f 451 450 430
f 430 450 429
f 430 424 448
f 452 430 448
f 451 430 452
f 452 448 449
f 452 449 453
f 455 453 454
f 454 453 431
f 453 449 431
f 449 427 431
f 432 454 431
f 450 433 429
f 456 433 450
f 455 454 457
f 455 457 458
f 434 457 432
f 432 457 454
f 456 435 433
f 459 435 456
f 458 457 460
f 458 460 461
f 436 460 434
f 434 460 457
f 459 437 435
f 462 437 459
f 461 460 438
f 439 461 438
f 463 461 439
f 438 460 436
f 462 440 437
f 464 440 462
f 441 463 439
f 441 465 463
f 442 440 466
f 440 467 466
f 440 464 467
f 466 444 442
f 469 468 446
f 469 446 445
f 441 446 465
f 465 446 468
f 467 470 466
f 466 470 444
f 470 447 444
f 470 471 447
f 445 447 469
f 469 447 471
f 472 450 451
f 472 451 473
f 451 474 473
f 451 452 474
f 476 474 475
f 474 453 475
f 474 452 453
f 455 475 453
f 478 477 472
f 477 450 472
f 477 456 450
f 478 472 473
f 479 476 475
f 475 455 479
f 455 480 479
f 455 458 480
f 483 482 481
f 477 483 481
f 459 477 481
f 456 477 459
f 461 480 458
f 461 484 480
f 481 482 485
f 485 482 486
f 485 462 459
f 485 459 481
f 463 484 461
f 463 487 484
f 485 486 488
f 488 486 489
f 488 464 462
f 488 462 485
f 465 487 463
f 465 490 487
f 488 489 491
f 491 489 492
f 491 467 464
f 491 464 488
f 494 493 468
f 494 468 469
f 465 468 490
f 490 468 493
f 492 495 491
f 491 495 467
f 495 470 467
f 495 496 470
f 470 497 471
f 496 497 470
f 469 471 494
f 494 471 497
f 499 498 474
f 474 498 473
f 474 476 499
f 499 476 500
f 502 501 478
f 478 501 477
f 478 473 498
f 478 498 502
f 503 500 476
f 503 476 479
f 479 480 503
f 503 480 504
f 506 505 483
f 483 505 482
f 483 477 501
f 483 501 506
f 484 504 480
f 484 507 504
f 510 509 508
f 505 510 508
f 486 505 508
f 482 505 486
f 487 507 484
f 487 511 507
f 508 509 512
f 512 509 513
f 512 489 486
f 512 486 508
f 490 511 487
f 490 514 511
f 512 513 515
f 515 513 516
f 515 492 489
f 515 489 512
f 518 517 493
f 518 493 494
f 490 493 514
f 514 493 517
f 515 516 519
f 519 516 520
f 521 495 492
f 515 521 492
f 519 521 515
f 522 496 495
f 522 495 521
f 496 522 523
f 524 496 523
f 497 496 524
f 494 497 518
f 518 497 524
f 520 525 519
f 519 525 521
f 521 525 526
f 521 526 522
f 522 526 527
f 522 527 523
f 528 498 499
f 500 528 499
f 530 529 502
f 502 529 501
f 502 498 528
f 531 502 528
f 530 502 531
f 533 531 532
f 532 531 503
f 531 528 503
f 528 500 503
f 504 532 503
f 536 535 534
f 505 506 534
f 506 536 534
f 506 537 536
f 506 501 529
f 506 529 537
f 538 533 532
f 532 504 538
f 504 539 538
f 504 507 539
f 534 535 510
f 535 509 510
f 535 540 509
f 534 510 505
f 511 539 507
f 511 541 539
f 544 543 542
f 540 544 542
f 513 540 542
f 509 540 513
f 514 541 511
f 514 545 541
f 542 543 546
f 546 543 547
f 546 516 513
f 546 513 542
f 549 548 517
f 549 517 518
f 514 517 545
f 545 517 548
f 552 551 550
f 552 550 547
f 550 546 547
f 550 553 546
f 553 520 516
f 553 516 546
f 555 554 524
f 555 524 523
f 518 524 549
f 549 524 554
f 550 551 556
f 556 551 557
f 550 558 553
f 550 556 558
f 559 525 520
f 553 559 520
f 558 559 553
f 560 526 525
f 560 525 559
f 526 560 561
f 562 526 561
f 527 526 562
f 523 527 555
f 555 527 562
f 557 563 556
f 556 563 558
f 558 563 564
f 558 564 559
f 559 564 565
f 559 565 560
f 560 565 566
f 560 566 561
f 568 567 530
f 530 567 529
f 570 568 569
f 568 531 569
f 568 530 531
f 533 569 531
f 572 571 536
f 536 571 535
f 573 536 537
f 573 572 536
f 537 529 567
f 537 567 573
f 574 570 569
f 576 574 575
f 575 574 538
f 574 569 538
f 569 533 538
f 539 575 538
f 579 578 577
f 571 579 577
f 540 571 577
f 535 571 540
f 576 575 580
f 576 580 581
f 541 580 539
f 539 580 575
f 584 583 582
f 584 582 578
f 578 582 577
f 582 543 577
f 543 544 577
f 577 544 540
f 581 580 585
f 581 585 586
f 545 585 541
f 541 585 580
f 582 583 587
f 587 583 588
f 587 547 543
f 587 543 582
f 586 585 548
f 549 586 548
f 589 586 549
f 548 585 545
f 592 591 590
f 592 590 588
f 588 590 587
f 590 551 587
f 551 552 587
f 587 552 547
f 594 593 554
f 594 554 555
f 549 554 589
f 589 554 593
f 590 591 595
f 595 591 596
f 595 557 551
f 595 551 590
f 598 597 562
f 598 562 561
f 555 562 594
f 594 562 597
f 595 596 599
f 599 596 600
f 601 563 557
f 595 601 557
f 599 601 595
f 602 564 563
f 602 563 601
f 603 565 564
f 603 564 602
f 565 603 604
f 605 565 604
f 566 565 605
f 561 566 598
f 598 566 605
f 600 606 599
f 599 606 601
f 601 606 607
f 601 607 602
f 602 607 608
f 602 608 603
f 603 608 609
f 603 609 604
f 610 567 568
f 570 610 568
f 611 571 572
f 611 572 612
f 572 613 612
f 572 573 613
f 573 567 610
f 614 573 610
f 613 573 614
f 616 614 615
f 615 614 574
f 614 610 574
f 610 570 574
f 576 615 574
f 618 617 579
f 579 617 578
f 579 571 611
f 619 579 611
f 618 579 619
f 619 611 612
f 616 615 620
f 616 620 621
f 581 620 576
f 576 620 615
f 623 622 584
f 584 622 583
f 584 578 617
f 584 617 623
f 621 620 624
f 621 624 625
f 586 624 581
f 581 624 620
f 628 627 626
f 622 628 626
f 588 622 626
f 583 622 588
f 625 624 629
f 625 629 630
f 589 629 586
f 586 629 624
f 633 632 631
f 633 631 627
f 627 631 626
f 631 591 626
f 591 592 626
f 626 592 588
f 630 629 593
f 594 630 593
f 634 630 594
f 593 629 589
f 631 632 635
f 635 632 636
f 635 596 591
f 635 591 631
f 638 637 597
f 638 597 598
f 594 597 634
f 634 597 637
f 635 636 639
f 639 636 640
f 639 600 596
f 639 596 635
f 642 641 605
f 642 605 604
f 598 605 638
f 638 605 641
f 639 640 643
f 643 640 644
f 645 606 600
f 639 645 600
f 643 645 639
f 646 607 606
f 646 606 645
f 647 608 607
f 647 607 646
f 608 647 648
f 649 608 648
f 609 608 649
f 604 609 642
f 642 609 649
f 644 650 643
f 643 650 645
f 645 650 651
f 645 651 646
f 646 651 652
f 646 652 647
f 647 652 653
f 647 653 648
f 654 612 613
f 614 655 613
f 613 655 654
f 616 655 614
f 657 656 618
f 618 656 617
f 658 618 619
f 658 657 618
f 619 612 654
f 659 619 654
f 658 619 659
f 661 660 659
f 654 661 659
f 655 661 654
f 621 661 616
f 616 661 655
f 663 662 623
f 623 662 622
f 623 617 656
f 623 656 663
f 660 661 664
f 660 664 665
f 625 664 621
f 621 664 661
f 667 666 628
f 628 666 627
f 628 622 662
f 628 662 667
f 665 664 668
f 665 668 669
f 630 668 625
f 625 668 664
f 671 670 633
f 633 670 632
f 633 627 666
f 633 666 671
f 669 668 672
f 669 672 673
f 634 672 630
f 630 672 668
f 676 675 674
f 670 676 674
f 636 670 674
f 632 670 636
f 679 678 677
f 677 678 673
f 677 673 672
f 638 677 672
f 637 638 672
f 637 672 634
f 674 675 680
f 680 675 681
f 680 640 636
f 680 636 674
f 679 677 641
f 642 679 641
f 682 679 642
f 641 677 638
f 680 681 683
f 683 681 684
f 683 644 640
f 683 640 680
f 686 685 649
f 686 649 648
f 642 649 682
f 682 649 685
f 684 687 683
f 687 689 688
f 687 688 650
f 683 687 650
f 644 683 650
f 690 651 650
f 690 650 688
f 651 690 691
f 692 651 691
f 652 651 692
f 652 693 653
f 692 693 652
f 648 653 686
f 686 653 693
f 689 694 688
f 688 694 690
f 690 694 695
f 690 695 691
f 696 656 657
f 658 697 657
f 657 697 696
f 659 698 658
f 658 698 697
f 660 698 659
f 700 699 663
f 663 699 662
f 663 656 696
f 701 663 696
f 700 663 701
f 701 696 697
f 701 697 702
f 704 703 702
f 697 704 702
f 698 704 697
f 665 704 660
f 660 704 698
f 707 706 705
f 666 667 705
f 667 707 705
f 667 708 707
f 667 662 699
f 667 699 708
f 703 704 709
f 703 709 710
f 669 709 665
f 665 709 704
f 713 712 711
f 713 711 706
f 706 711 705
f 711 670 705
f 670 671 705
f 705 671 666
f 710 709 714
f 710 714 715
f 673 714 669
f 669 714 709
f 718 717 716
f 718 716 712
f 712 716 711
f 716 675 711
f 675 676 711
f 711 676 670
f 715 714 678
f 679 715 678
f 719 715 679
f 678 714 673
f 716 717 720
f 720 717 721
f 720 681 675
f 720 675 716
f 724 723 722
f 723 719 722
f 719 682 722
f 719 679 682
f 720 721 725
f 725 721 726
f 725 684 681
f 725 681 720
f 729 728 727
f 727 728 724
f 727 724 722
f 686 727 722
f 685 686 722
f 685 722 682
f 726 730 725
f 730 732 731
f 730 731 687
f 725 730 687
f 684 725 687
f 731 689 687
f 734 733 692
f 734 692 691
f 727 693 729
f 693 733 729
f 693 692 733
f 693 727 686
f 732 735 731
f 731 735 689
f 735 694 689
f 735 736 694
f 694 737 695
f 736 737 694
f 691 695 734
f 734 695 737
f 738 699 700
f 701 739 700
f 700 739 738
f 702 740 701
f 701 740 739
f 703 740 702
f 742 741 707
f 707 741 706
f 743 707 708
f 743 742 707
f 708 699 738
f 744 708 738
f 743 708 744
f 744 738 739
f 744 739 745
f 747 746 745
f 739 747 745
f 740 747 739
f 710 747 703
f 703 747 740
f 750 749 748
f 712 713 748
f 713 750 748
f 713 751 750
f 713 706 741
f 713 741 751
f 746 747 752
f 746 752 753
f 715 752 710
f 710 752 747
f 748 749 718
f 749 717 718
f 749 754 717
f 748 718 712
f 753 752 755
f 753 755 756
f 719 755 715
f 715 755 752
f 754 721 717
f 757 721 754
f 756 755 723
f 724 756 723
f 758 756 724
f 723 755 719
f 757 726 721
f 759 726 757
f 761 760 728
f 761 728 729
f 724 728 758
f 758 728 760
f 730 726 762
f 726 763 762
f 726 759 763
f 762 732 730
f 765 764 733
f 765 733 734
f 729 733 761
f 761 733 764
f 763 766 762
f 762 766 732
f 766 735 732
f 766 767 735
f 735 768 736
f 767 768 735
f 736 769 737
f 768 769 736
f 734 737 765
f 765 737 769
f 772 771 770
f 774 773 770
f 770 773 772
f 774 741 773
f 741 742 773
f 776 775 773
f 776 773 742
f 743 777 742
f 742 777 776
f 744 778 743
f 743 778 777
f 745 779 744
f 744 779 778
f 746 779 745
f 782 781 780
f 782 780 771
f 771 780 770
f 780 749 770
f 749 750 770
f 770 750 751
f 770 751 774
f 776 783 775
f 741 774 751
f 783 776 777
f 783 777 784
f 784 777 778
f 784 778 785
f 787 786 785
f 778 787 785
f 779 787 778
f 753 787 746
f 746 787 779
f 780 781 788
f 788 781 789
f 788 754 749
f 788 749 780
f 786 787 790
f 786 790 791
f 756 790 753
f 753 790 787
f 788 789 792
f 792 789 793
f 792 757 754
f 792 754 788
f 791 790 794
f 791 794 795
f 758 794 756
f 756 794 790
f 792 793 796
f 796 793 797
f 796 759 757
f 796 757 792
f 800 799 798
f 798 799 795
f 798 795 794
f 761 798 794
f 760 761 794
f 760 794 758
f 797 801 796
f 759 796 801
f 802 759 801
f 763 759 802
f 800 798 764
f 765 800 764
f 803 800 765
f 764 798 761
f 802 804 763
f 763 804 766
f 766 805 767
f 804 805 766
f 767 806 768
f 805 806 767
f 768 807 769
f 806 807 768
f 765 769 803
f 803 769 807
f 810 809 808
f 812 811 808
f 808 811 810
f 814 813 812
f 812 813 811
f 814 815 813
f 808 809 816
f 816 809 817
f 816 771 772
f 812 816 772
f 808 816 812
f 812 772 773
f 812 773 814
f 773 775 814
f 775 815 814
f 775 818 815
f 816 817 782
f 817 781 782
f 817 819 781
f 816 782 771
f 820 818 775
f 820 775 783
f 822 820 821
f 820 784 821
f 820 783 784
f 785 823 784
f 784 823 821
f 786 823 785
f 819 789 781
f 824 789 819
f 825 822 821
f 827 826 825
f 821 827 825
f 823 827 821
f 791 827 786
f 786 827 823
f 824 793 789
f 828 793 824
f 826 827 829
f 826 829 830
f 795 829 791
f 791 829 827
f 828 797 793
f 831 797 828
f 834 833 832
f 832 833 830
f 832 830 829
f 800 832 829
f 799 800 829
f 799 829 795
f 831 835 797
f 797 835 801
f 802 801 835
f 802 835 836
f 834 832 837
f 834 837 838
f 803 837 800
f 800 837 832
f 836 839 802
f 802 839 804
f 804 840 805
f 839 840 804
f 805 841 806
f 840 841 805
f 837 807 838
f 807 841 838
f 807 806 841
f 807 837 803
f 844 843 842
f 846 845 842
f 842 845 844
f 846 847 845
f 842 843 810
f 843 809 810
f 843 848 809
f 842 810 811
f 842 811 846
f 849 847 846
f 811 849 846
f 813 849 811
f 813 815 849
f 849 815 850
f 848 817 809
f 851 817 848
f 818 850 815
f 818 852 850
f 851 819 817
f 853 819 851
f 854 852 818
f 854 818 820
f 820 822 854
f 854 822 855
f 853 824 819
f 856 824 853
f 822 825 857
f 858 822 857
f 855 822 858
f 826 857 825
f 856 828 824
f 859 828 856
f 858 857 860
f 858 860 861
f 830 860 826
f 826 860 857
f 863 831 862
f 831 859 862
f 831 828 859
f 864 863 862
f 861 860 833
f 834 861 833
f 865 861 834
f 833 860 830
f 863 835 831
f 836 835 863
f 864 836 863
f 866 836 864
f 869 868 867
f 868 865 867
f 865 838 867
f 865 834 838
f 866 870 836
f 836 870 839
f 839 871 840
f 870 871 839
f 867 841 869
f 841 871 869
f 841 840 871
f 841 867 838
f 874 873 872
f 876 875 872
f 872 875 874
f 878 877 876
f 876 877 875
f 878 879 877
f 872 873 880
f 880 873 881
f 880 843 844
f 876 880 844
f 872 880 876
f 876 844 845
f 876 845 878
f 845 847 878
f 847 879 878
f 847 882 879
f 880 881 883
f 883 881 884
f 883 848 843
f 883 843 880
f 885 882 847
f 885 847 849
f 849 850 885
f 885 850 886
f 883 884 887
f 887 884 888
f 887 851 848
f 887 848 883
f 852 886 850
f 852 889 886
f 887 888 890
f 890 888 891
f 890 853 851
f 890 851 887
f 852 854 892
f 893 852 892
f 889 852 893
f 855 892 854
f 891 894 890
f 853 890 894
f 895 853 894
f 856 853 895
f 896 893 892
f 892 855 896
f 855 897 896
f 855 858 897
f 895 859 856
f 898 859 895
f 901 900 899
f 900 897 899
f 897 861 899
f 897 858 861
f 898 902 859
f 859 902 862
f 864 862 902
f 864 902 903
f 901 899 904
f 901 904 905
f 865 904 861
f 861 904 899
f 907 866 906
f 866 903 906
f 866 864 903
f 909 908 907
f 909 907 906
f 908 909 905
f 908 905 904
f 869 908 904
f 868 869 904
f 868 904 865
f 907 870 866
f 870 907 871
f 871 907 908
f 871 908 869
f 912 911 910
f 914 913 910
f 910 913 912
f 914 915 913
f 918 917 916
f 918 916 911
f 911 916 910
f 916 873 910
f 873 874 910
f 910 874 875
f 910 875 914
f 919 915 914
f 875 919 914
f 877 919 875
f 877 879 919
f 919 879 920
f 916 917 921
f 921 917 922
f 921 881 873
f 921 873 916
f 882 920 879
f 882 923 920
f 921 922 924
f 924 922 925
f 924 884 881
f 924 881 921
f 926 923 882
f 926 882 885
f 885 886 926
f 926 886 927
f 925 928 924
f 884 924 928
f 929 884 928
f 888 884 929
f 889 927 886
f 889 930 927
f 929 891 888
f 931 891 929
f 893 930 889
f 893 932 930
f 931 933 891
f 891 933 894
f 895 894 933
f 895 933 934
f 893 896 935
f 936 893 935
f 932 893 936
f 897 935 896
f 938 898 937
f 898 934 937
f 898 895 934
f 939 938 937
f 936 935 900
f 901 936 900
f 940 936 901
f 900 935 897
f 938 902 898
f 942 941 903
f 942 903 902
f 939 942 902
f 938 939 902
f 944 943 941
f 944 941 942
f 944 940 943
f 940 905 943
f 940 901 905
f 941 906 903
f 906 941 909
f 909 941 943
f 909 943 905
f 947 946 945
f 949 948 945
f 945 948 947
f 949 950 948
f 945 946 951
f 951 946 952
f 951 911 912
f 949 951 912
f 945 951 949
f 953 950 949
f 912 953 949
f 913 953 912
f 913 915 953
f 953 915 954
f 951 952 918
f 952 917 918
f 952 955 917
f 951 918 911
f 956 954 915
f 956 915 919
f 919 920 956
f 956 920 957
f 955 922 917
f 958 922 955
f 923 957 920
f 923 959 957
f 958 925 922
f 960 925 958
f 961 959 923
f 961 923 926
f 926 927 961
f 961 927 962
f 960 963 925
f 925 963 928
f 929 928 963
f 929 963 964
f 930 962 927
f 930 965 962
f 964 931 929
f 966 931 964
f 932 965 930
f 932 967 965
f 966 968 931
f 931 968 933
f 934 933 968
f 934 968 969
f 972 971 970
f 971 967 970
f 967 936 970
f 967 932 936
f 969 973 934
f 934 973 937
f 975 974 939
f 937 975 939
f 973 975 937
f 974 975 972
f 970 974 972
f 976 974 970
f 940 976 936
f 936 976 970
f 974 942 939
f 942 974 944
f 944 974 976
f 944 976 940
f 979 978 977
f 977 980 979
f 983 982 981
f 983 981 978
f 978 981 977
f 981 946 977
f 946 947 977
f 984 980 977
f 947 984 977
f 948 984 947
f 948 950 984
f 984 950 985
f 981 982 986
f 986 982 987
f 986 952 946
f 986 946 981
f 988 985 950
f 988 950 953
f 953 954 988
f 988 954 989
f 986 987 990
f 990 987 991
f 990 955 952
f 990 952 986
f 992 989 954
f 992 954 956
f 956 957 992
f 992 957 993
f 991 994 990
f 955 990 994
f 995 955 994
f 958 955 995
f 959 993 957
f 959 996 993
f 995 960 958
f 997 960 995
f 959 961 998
f 999 959 998
f 996 959 999
f 962 998 961
f 997 1000 960
f 960 1000 963
f 964 963 1000
f 964 1000 1001
f 999 998 1002
f 999 1002 1003
f 965 1002 962
f 962 1002 998
f 1001 966 964
f 1004 966 1001
f 1003 1002 1005
f 1003 1005 1006
f 967 1005 965
f 965 1005 1002
f 1004 1007 966
f 966 1007 968
f 1009 1008 969
f 968 1009 969
f 1007 1009 968
f 1011 1010 1008
f 1011 1008 1009
f 1010 1011 1006
f 1010 1006 1005
f 972 1010 1005
f 971 972 1005
f 971 1005 967
f 1008 973 969
f 973 1008 975
f 975 1008 1010
f 975 1010 972
f 1014 1013 1012
f 1016 1015 1012
f 1012 1015 1014
f 1016 1017 1015
f 1012 1013 1018
f 1018 1013 1019
f 1018 978 979
f 1016 1018 979
f 1012 1018 1016
f 1021 1020 980
f 980 1020 979
f 1020 1017 979
f 1017 1016 979
f 1021 1022 1020
f 1018 1019 983
f 1019 982 983
f 1019 1023 982
f 1018 983 978
f 984 1021 980
f 984 985 1021
f 985 1022 1021
f 985 1024 1022
f 1023 987 982
f 1025 987 1023
f 1026 1024 985
f 1026 985 988
f 988 989 1026
f 1026 989 1027
f 1025 991 987
f 1028 991 1025
f 989 992 1029
f 1030 989 1029
f 1027 989 1030
f 993 1029 992
f 994 991 1031
f 991 1032 1031
f 991 1028 1032
f 1031 995 994
f 1033 1030 1029
f 1029 993 1033
f 993 1034 1033
f 993 996 1034
f 1032 1035 1031
f 995 1031 1035
f 1036 995 1035
f 997 995 1036
f 999 1034 996
f 999 1037 1034
f 1036 1038 997
f 997 1038 1000
f 1001 1000 1038
f 1001 1038 1039
f 1042 1041 1040
f 1041 1037 1040
f 1037 1003 1040
f 1037 999 1003
f 1044 1004 1043
f 1004 1039 1043
f 1004 1001 1039
f 1046 1045 1044
f 1046 1044 1043
f 1045 1046 1042
f 1040 1045 1042
f 1047 1045 1040
f 1006 1047 1003
f 1003 1047 1040
f 1044 1007 1004
f 1007 1044 1009
f 1009 1044 1045
f 1009 1045 1011
f 1011 1045 1047
f 1011 1047 1006
f 1050 1049 1048
f 1052 1051 1048
f 1048 1051 1050
f 1052 1053 1051
f 1056 1055 1054
f 1056 1054 1049
f 1049 1054 1048
f 1054 1013 1048
f 1013 1014 1048
f 1048 1014 1015
f 1048 1015 1052
f 1015 1017 1052
f 1017 1053 1052
f 1017 1057 1053
f 1054 1055 1058
f 1058 1055 1059
f 1058 1019 1013
f 1058 1013 1054
f 1060 1057 1017
f 1060 1017 1020
f 1020 1022 1060
f 1060 1022 1061
f 1058 1059 1062
f 1062 1059 1063
f 1062 1023 1019
f 1062 1019 1058
f 1024 1061 1022
f 1024 1064 1061
f 1062 1063 1065
f 1065 1063 1066
f 1065 1025 1023
f 1065 1023 1062
f 1067 1064 1024
f 1067 1024 1026
f 1026 1027 1067
f 1067 1027 1068
f 1066 1069 1065
f 1025 1065 1069
f 1070 1025 1069
f 1028 1025 1070
f 1030 1068 1027
f 1030 1071 1068
f 1070 1032 1028
f 1072 1032 1070
f 1030 1033 1073
f 1074 1030 1073
f 1071 1030 1074
f 1034 1073 1033
f 1072 1075 1032
f 1032 1075 1035
f 1036 1035 1075
f 1036 1075 1076
f 1074 1073 1077
f 1074 1077 1078
f 1037 1077 1034
f 1034 1077 1073
f 1076 1079 1036
f 1036 1079 1038
f 1081 1080 1039
f 1038 1081 1039
f 1079 1081 1038
f 1083 1082 1080
f 1083 1080 1081
f 1082 1083 1078
f 1082 1078 1077
f 1042 1082 1077
f 1041 1042 1077
f 1041 1077 1037
f 1080 1043 1039
f 1043 1080 1046
f 1046 1080 1082
f 1046 1082 1042
f 1086 1085 1084
f 1088 1087 1084
f 1084 1087 1086
f 1090 1089 1088
f 1088 1089 1087
f 1090 1091 1089
f 1084 1085 1092
f 1092 1085 1093
f 1092 1049 1050
f 1088 1092 1050
f 1084 1092 1088
f 1088 1050 1051
f 1088 1051 1090
f 1051 1053 1090
f 1053 1091 1090
f 1053 1094 1091
f 1092 1093 1056
f 1093 1055 1056
f 1093 1095 1055
f 1092 1056 1049
f 1057 1094 1053
f 1057 1096 1094
f 1095 1059 1055
f 1097 1059 1095
f 1098 1096 1057
f 1098 1057 1060
f 1060 1061 1098
f 1098 1061 1099
f 1097 1063 1059
f 1100 1063 1097
f 1064 1099 1061
f 1064 1101 1099
f 1100 1066 1063
f 1102 1066 1100
f 1064 1067 1103
f 1104 1064 1103
f 1101 1064 1104
f 1068 1103 1067
f 1102 1105 1066
f 1066 1105 1069
f 1070 1069 1105
f 1070 1105 1106
f 1104 1103 1107
f 1104 1107 1108
f 1071 1107 1068
f 1068 1107 1103
f 1106 1072 1070
f 1109 1072 1106
f 1108 1107 1110
f 1108 1110 1111
f 1074 1110 1071
f 1071 1110 1107
f 1109 1112 1072
f 1072 1112 1075
f 1114 1113 1076
f 1075 1114 1076
f 1112 1114 1075
f 1116 1115 1113
f 1116 1113 1114
f 1115 1116 1111
f 1110 1115 1111
f 1117 1115 1110
f 1078 1117 1074
f 1074 1117 1110
f 1113 1079 1076
f 1079 1113 1081
f 1081 1113 1115
f 1081 1115 1083
f 1083 1115 1117
f 1083 1117 1078
f 1120 1119 1118
f 1118 1121 1120
f 1124 1123 1122
f 1124 1122 1119
f 1122 1118 1119
f 1122 1125 1118
f 1121 1118 1126
f 1118 1127 1126
f 1118 1125 1127
f 1127 1128 1126
f 1122 1123 1129
f 1129 1123 1130
f 1122 1131 1125
f 1122 1129 1131
f 1125 1132 1127
f 1125 1131 1132
f 1128 1127 1133
f 1133 1127 1132
f 1129 1130 1086
f 1130 1085 1086
f 1130 1134 1085
f 1129 1086 1087
f 1129 1087 1131
f 1131 1087 1089
f 1131 1089 1132
f 1089 1091 1132
f 1091 1133 1132
f 1091 1135 1133
f 1134 1093 1085
f 1136 1093 1134
f 1094 1135 1091
f 1094 1137 1135
f 1136 1095 1093
f 1138 1095 1136
f 1096 1137 1094
f 1096 1139 1137
f 1138 1097 1095
f 1140 1097 1138
f 1141 1139 1096
f 1141 1096 1098
f 1098 1099 1141
f 1141 1099 1142
f 1140 1100 1097
f 1143 1100 1140
f 1101 1142 1099
f 1101 1144 1142
f 1143 1102 1100
f 1145 1102 1143
f 1104 1144 1101
f 1104 1146 1144
f 1145 1147 1102
f 1102 1147 1105
f 1106 1105 1147
f 1106 1147 1148
f 1108 1146 1104
f 1108 1149 1146
f 1151 1109 1150
f 1109 1148 1150
f 1109 1106 1148
f 1153 1152 1151
f 1153 1151 1150
f 1155 1154 1152
f 1155 1152 1153
f 1155 1149 1154
f 1149 1111 1154
f 1149 1108 1111
f 1151 1112 1109
f 1112 1151 1114
f 1114 1151 1152
f 1114 1152 1116
f 1116 1152 1154
f 1116 1154 1111
f 1158 1157 1156
f 1156 1159 1158
f 1162 1161 1160
f 1162 1160 1157
f 1160 1156 1157
f 1160 1163 1156
f 1159 1156 1164
f 1156 1165 1164
f 1156 1163 1165
f 1165 1166 1164
f 1160 1161 1167
f 1167 1161 1168
f 1160 1169 1163
f 1160 1167 1169
f 1163 1170 1165
f 1163 1169 1170
f 1166 1165 1171
f 1171 1165 1170
f 1167 1168 1172
f 1172 1168 1173
f 1167 1174 1169
f 1167 1172 1174
f 1169 1175 1170
f 1169 1174 1175
f 1171 1170 1176
f 1176 1170 1175
f 1172 1173 1177
f 1177 1173 1178
f 1177 1119 1120
f 1174 1177 1120
f 1172 1177 1174
f 1174 1120 1121
f 1179 1174 1121
f 1175 1174 1179
f 1176 1175 1180
f 1180 1175 1179
f 1177 1178 1124
f 1178 1123 1124
f 1178 1181 1123
f 1177 1124 1119
f 1126 1179 1121
f 1126 1128 1179
f 1128 1180 1179
f 1128 1182 1180
f 1181 1130 1123
f 1183 1130 1181
f 1133 1182 1128
f 1133 1184 1182
f 1183 1134 1130
f 1185 1134 1183
f 1135 1184 1133
f 1135 1186 1184
f 1185 1136 1134
f 1187 1136 1185
f 1137 1186 1135
f 1137 1188 1186
f 1187 1138 1136
f 1189 1138 1187
f 1139 1188 1137
f 1139 1190 1188
f 1189 1140 1138
f 1191 1140 1189
f 1139 1141 1192
f 1193 1139 1192
f 1190 1139 1193
f 1142 1192 1141
f 1191 1143 1140
f 1194 1143 1191
f 1193 1192 1195
f 1193 1195 1196
f 1144 1195 1142
f 1142 1195 1192
f 1198 1145 1197
f 1145 1194 1197
f 1145 1143 1194
f 1199 1198 1197
f 1196 1195 1200
f 1196 1200 1201
f 1146 1200 1144
f 1144 1200 1195
f 1198 1147 1145
f 1203 1202 1148
f 1203 1148 1147
f 1199 1203 1147
f 1198 1199 1147
f 1205 1204 1202
f 1205 1202 1203
f 1204 1205 1201
f 1200 1204 1201
f 1206 1204 1200
f 1149 1206 1146
f 1146 1206 1200
f 1202 1150 1148
f 1150 1202 1153
f 1153 1202 1204
f 1153 1204 1155
f 1155 1204 1206
f 1155 1206 1149
f 1209 1208 1207
f 1207 1210 1209
f 1207 1208 1211
f 1211 1208 1212
f 1210 1207 1213
f 1213 1207 1211
f 1216 1215 1214
f 1216 1214 1212
f 1214 1211 1212
f 1214 1217 1211
f 1213 1211 1218
f 1211 1219 1218
f 1211 1217 1219
f 1219 1220 1218
f 1214 1215 1221
f 1221 1215 1222
f 1214 1223 1217
f 1214 1221 1223
f 1217 1224 1219
f 1217 1223 1224
f 1220 1219 1225
f 1225 1219 1224
f 1221 1222 1226
f 1226 1222 1227
f 1221 1228 1223
f 1221 1226 1228
f 1223 1229 1224
f 1223 1228 1229
f 1225 1224 1230
f 1230 1224 1229
f 1226 1227 1231
f 1231 1227 1232
f 1226 1233 1228
f 1226 1231 1233
f 1228 1234 1229
f 1228 1233 1234
f 1230 1229 1235
f 1235 1229 1234
f 1231 1232 1236
f 1236 1232 1237
f 1236 1157 1158
f 1233 1236 1158
f 1231 1236 1233
f 1233 1158 1159
f 1238 1233 1159
f 1234 1233 1238
f 1235 1234 1239
f 1239 1234 1238
f 1236 1237 1162
f 1237 1161 1162
f 1237 1240 1161
f 1236 1162 1157
f 1164 1238 1159
f 1164 1166 1238
f 1166 1239 1238
f 1166 1241 1239
f 1240 1168 1161
f 1242 1168 1240
f 1171 1241 1166
f 1171 1243 1241
f 1242 1173 1168
f 1244 1173 1242
f 1176 1243 1171
f 1176 1245 1243
f 1244 1178 1173
f 1246 1178 1244
f 1180 1245 1176
f 1180 1247 1245
f 1246 1181 1178
f 1248 1181 1246
f 1182 1247 1180
f 1182 1249 1247
f 1248 1183 1181
f 1250 1183 1248
f 1184 1249 1182
f 1184 1251 1249
f 1250 1185 1183
f 1252 1185 1250
f 1186 1251 1184
f 1186 1253 1251
f 1252 1187 1185
f 1254 1187 1252
f 1188 1253 1186
f 1188 1255 1253
f 1254 1189 1187
f 1256 1189 1254
f 1190 1255 1188
f 1190 1257 1255
f 1256 1191 1189
f 1258 1191 1256
f 1193 1257 1190
f 1193 1259 1257
f 1258 1194 1191
f 1260 1194 1258
f 1196 1259 1193
f 1196 1261 1259
f 1260 1262 1194
f 1194 1262 1197
f 1264 1263 1199
f 1197 1264 1199
f 1262 1264 1197
f 1266 1265 1263
f 1266 1263 1264
f 1266 1261 1265
f 1261 1201 1265
f 1261 1196 1201
f 1263 1203 1199
f 1203 1263 1205
f 1205 1263 1265
f 1205 1265 1201
f 1269 1268 1267
f 1267 1270 1269
f 1267 1268 1271
f 1271 1268 1272
f 1270 1267 1273
f 1273 1267 1271
f 1276 1275 1274
f 1276 1274 1272
f 1274 1271 1272
f 1274 1277 1271
f 1273 1271 1278
f 1271 1279 1278
f 1271 1277 1279
f 1279 1280 1278
f 1274 1275 1281
f 1281 1275 1282
f 1274 1283 1277
f 1274 1281 1283
f 1277 1284 1279
f 1277 1283 1284
f 1280 1279 1285
f 1285 1279 1284
f 1281 1282 1286
f 1286 1282 1287
f 1281 1288 1283
f 1281 1286 1288
f 1283 1289 1284
f 1283 1288 1289
f 1285 1284 1290
f 1290 1284 1289
f 1286 1287 1291
f 1291 1287 1292
f 1286 1293 1288
f 1286 1291 1293
f 1288 1294 1289
f 1288 1293 1294
f 1290 1289 1295
f 1295 1289 1294
f 1291 1292 1296
f 1296 1292 1297
f 1296 1208 1209
f 1293 1296 1209
f 1291 1296 1293
f 1293 1209 1210
f 1298 1293 1210
f 1294 1293 1298
f 1295 1294 1299
f 1299 1294 1298
f 1296 1297 1300
f 1300 1297 1301
f 1300 1212 1208
f 1300 1208 1296
f 1213 1302 1298
f 1213 1298 1210
f 1299 1298 1303
f 1303 1298 1302
f 1300 1301 1216
f 1301 1215 1216
f 1301 1304 1215
f 1300 1216 1212
f 1218 1302 1213
f 1218 1220 1302
f 1220 1303 1302
f 1220 1305 1303
f 1304 1222 1215
f 1306 1222 1304
f 1225 1305 1220
f 1225 1307 1305
f 1306 1227 1222
f 1308 1227 1306
f 1230 1307 1225
f 1230 1309 1307
f 1308 1232 1227
f 1310 1232 1308
f 1235 1309 1230
f 1235 1311 1309
f 1310 1237 1232
f 1312 1237 1310
f 1239 1311 1235
f 1239 1313 1311
f 1312 1240 1237
f 1314 1240 1312
f 1241 1313 1239
f 1241 1315 1313
f 1314 1242 1240
f 1316 1242 1314
f 1243 1315 1241
f 1243 1317 1315
f 1316 1244 1242
f 1318 1244 1316
f 1245 1317 1243
f 1245 1319 1317
f 1318 1246 1244
f 1320 1246 1318
f 1247 1319 1245
f 1247 1321 1319
f 1320 1248 1246
f 1322 1248 1320
f 1249 1321 1247
f 1249 1323 1321
f 1322 1250 1248
f 1324 1250 1322
f 1251 1323 1249
f 1251 1325 1323
f 1324 1252 1250
f 1326 1252 1324
f 1253 1325 1251
f 1253 1327 1325
f 1326 1254 1252
f 1328 1254 1326
f 1255 1327 1253
f 1255 1329 1327
f 1328 1256 1254
f 1330 1256 1328
f 1257 1329 1255
f 1257 1331 1329
f 1330 1258 1256
f 1332 1258 1330
f 1259 1331 1257
f 1259 1333 1331
f 1335 1260 1334
f 1260 1332 1334
f 1260 1258 1332
f 1337 1336 1335
f 1337 1335 1334
f 1339 1338 1336
f 1339 1336 1337
f 1339 1333 1338
f 1333 1261 1338
f 1333 1259 1261
f 1335 1262 1260
f 1262 1335 1264
f 1264 1335 1336
f 1264 1336 1266
f 1266 1336 1338
f 1266 1338 1261
f 1342 1341 1340
f 1340 1343 1342
f 1346 1345 1344
f 1346 1344 1341
f 1344 1340 1341
f 1344 1347 1340
f 1343 1340 1348
f 1340 1349 1348
f 1340 1347 1349
f 1349 1350 1348
f 1344 1345 1351
f 1351 1345 1352
f 1344 1353 1347
f 1344 1351 1353
f 1347 1354 1349
f 1347 1353 1354
f 1350 1349 1355
f 1355 1349 1354
f 1351 1352 1356
f 1356 1352 1357
f 1351 1358 1353
f 1351 1356 1358
f 1353 1359 1354
f 1353 1358 1359
f 1355 1354 1360
f 1360 1354 1359
f 1356 1357 1361
f 1361 1357 1362
f 1361 1268 1269
f 1358 1361 1269
f 1356 1361 1358
f 1358 1269 1270
f 1363 1358 1270
f 1359 1358 1363
f 1360 1359 1364
f 1364 1359 1363
f 1361 1362 1365
f 1365 1362 1366
f 1365 1272 1268
f 1365 1268 1361
f 1273 1367 1363
f 1273 1363 1270
f 1364 1363 1368
f 1368 1363 1367
f 1365 1366 1276
f 1366 1275 1276
f 1366 1369 1275
f 1365 1276 1272
f 1278 1367 1273
f 1278 1280 1367
f 1280 1368 1367
f 1280 1370 1368
f 1369 1282 1275
f 1371 1282 1369
f 1285 1370 1280
f 1285 1372 1370
f 1371 1287 1282
f 1373 1287 1371
f 1290 1372 1285
f 1290 1374 1372
f 1373 1292 1287
f 1375 1292 1373
f 1295 1374 1290
f 1295 1376 1374
f 1375 1297 1292
f 1377 1297 1375
f 1299 1376 1295
f 1299 1378 1376
f 1377 1301 1297
f 1379 1301 1377
f 1303 1378 1299
f 1303 1380 1378
f 1379 1304 1301
f 1381 1304 1379
f 1305 1380 1303
f 1305 1382 1380
f 1381 1306 1304
f 1383 1306 1381
f 1307 1382 1305
f 1307 1384 1382
f 1383 1308 1306
f 1385 1308 1383
f 1309 1384 1307
f 1309 1386 1384
f 1385 1310 1308
f 1387 1310 1385
f 1311 1386 1309
f 1311 1388 1386
f 1387 1312 1310
f 1389 1312 1387
f 1313 1388 1311
f 1313 1390 1388
f 1389 1314 1312
f 1391 1314 1389
f 1315 1390 1313
f 1315 1392 1390
f 1391 1316 1314
f 1393 1316 1391
f 1317 1392 1315
f 1317 1394 1392
f 1393 1318 1316
f 1395 1318 1393
f 1319 1394 1317
f 1319 1396 1394
f 1395 1320 1318
f 1397 1320 1395
f 1321 1396 1319
f 1321 1398 1396
f 1397 1322 1320
f 1399 1322 1397
f 1323 1398 1321
f 1323 1400 1398
f 1399 1324 1322
f 1401 1324 1399
f 1325 1400 1323
f 1325 1402 1400
f 1401 1326 1324
f 1403 1326 1401
f 1327 1402 1325
f 1327 1404 1402
f 1403 1328 1326
f 1405 1328 1403
f 1329 1404 1327
f 1329 1406 1404
f 1408 1330 1407
f 1330 1405 1407
f 1330 1328 1405
f 1409 1408 1407
f 1412 1411 1410
f 1411 1406 1410
f 1406 1331 1410
f 1406 1329 1331
f 1413 1332 1408
f 1408 1332 1330
f 1408 1409 1414
f 1415 1408 1414
f 1413 1408 1415
f 1415 1414 1412
f 1410 1415 1412
f 1416 1415 1410
f 1333 1416 1331
f 1331 1416 1410
f 1413 1334 1332
f 1334 1413 1337
f 1337 1413 1415
f 1337 1415 1339
f 1339 1415 1416
f 1339 1416 1333
f 1419 1418 1417
f 1417 1420 1419
f 1417 1418 1421
f 1421 1418 1422
f 1420 1417 1423
f 1423 1417 1421
f 1426 1425 1424
f 1426 1424 1422
f 1424 1421 1422
f 1424 1427 1421
f 1423 1421 1428
f 1421 1429 1428
f 1421 1427 1429
f 1429 1430 1428
f 1424 1425 1431
f 1431 1425 1432
f 1424 1433 1427
f 1424 1431 1433
f 1427 1434 1429
f 1427 1433 1434
f 1430 1429 1435
f 1435 1429 1434
f 1431 1432 1436
f 1436 1432 1437
f 1436 1341 1342
f 1433 1436 1342
f 1431 1436 1433
f 1433 1342 1343
f 1438 1433 1343
f 1434 1433 1438
f 1435 1434 1439
f 1439 1434 1438
f 1436 1437 1346
f 1437 1345 1346
f 1437 1440 1345
f 1436 1346 1341
f 1348 1438 1343
f 1348 1350 1438
f 1350 1439 1438
f 1350 1441 1439
f 1440 1352 1345
f 1442 1352 1440
f 1355 1441 1350
f 1355 1443 1441
f 1442 1357 1352
f 1444 1357 1442
f 1360 1443 1355
f 1360 1445 1443
f 1444 1362 1357
f 1446 1362 1444
f 1364 1445 1360
f 1364 1447 1445
f 1446 1366 1362
f 1448 1366 1446
f 1368 1447 1364
f 1368 1449 1447
f 1448 1369 1366
f 1450 1369 1448
f 1370 1449 1368
f 1370 1451 1449
f 1450 1371 1369
f 1452 1371 1450
f 1372 1451 1370
f 1372 1453 1451
f 1452 1373 1371
f 1454 1373 1452
f 1374 1453 1372
f 1374 1455 1453
f 1454 1375 1373
f 1456 1375 1454
f 1376 1455 1374
f 1376 1457 1455
f 1456 1377 1375
f 1458 1377 1456
f 1378 1457 1376
f 1378 1459 1457
f 1458 1379 1377
f 1460 1379 1458
f 1380 1459 1378
f 1380 1461 1459
f 1460 1381 1379
f 1462 1381 1460
f 1382 1461 1380
f 1382 1463 1461
f 1462 1383 1381
f 1464 1383 1462
f 1384 1463 1382
f 1384 1465 1463
f 1464 1385 1383
f 1466 1385 1464
f 1386 1465 1384
f 1386 1467 1465
f 1466 1387 1385
f 1468 1387 1466
f 1388 1467 1386
f 1388 1469 1467
f 1468 1389 1387
f 1470 1389 1468
f 1390 1469 1388
f 1390 1471 1469
f 1470 1391 1389
f 1472 1391 1470
f 1392 1471 1390
f 1392 1473 1471
f 1472 1393 1391
f 1474 1393 1472
f 1394 1473 1392
f 1394 1475 1473
f 1474 1395 1393
f 1476 1395 1474
f 1396 1475 1394
f 1396 1477 1475
f 1476 1397 1395
f 1478 1397 1476
f 1398 1477 1396
f 1398 1479 1477
f 1478 1399 1397
f 1480 1399 1478
f 1400 1479 1398
f 1400 1481 1479
f 1483 1401 1482
f 1401 1480 1482
f 1401 1399 1480
f 1484 1483 1482
f 1487 1486 1485
f 1486 1481 1485
f 1481 1402 1485
f 1481 1400 1402
f 1488 1403 1483
f 1483 1403 1401
f 1483 1484 1489
f 1490 1483 1489
f 1488 1483 1490
f 1490 1489 1487
f 1485 1490 1487
f 1491 1490 1485
f 1404 1491 1402
f 1402 1491 1485
f 1492 1405 1488
f 1488 1405 1403
f 1493 1488 1490
f 1492 1488 1493
f 1494 1490 1491
f 1493 1490 1494
f 1406 1494 1404
f 1404 1494 1491
f 1492 1407 1405
f 1407 1492 1409
f 1492 1495 1409
f 1492 1493 1495
f 1412 1495 1411
f 1495 1494 1411
f 1495 1493 1494
f 1411 1494 1406
f 1495 1414 1409
f 1414 1495 1412
f 1498 1497 1496
f 1496 1499 1498
f 1496 1497 1500
f 1500 1497 1501
f 1499 1496 1502
f 1502 1496 1500
f 1505 1504 1503
f 1505 1503 1501
f 1503 1500 1501
f 1503 1506 1500
f 1502 1500 1507
f 1500 1508 1507
f 1500 1506 1508
f 1508 1509 1507
f 1503 1504 1510
f 1510 1504 1511
f 1503 1512 1506
f 1503 1510 1512
f 1506 1513 1508
f 1506 1512 1513
f 1509 1508 1514
f 1514 1508 1513
f 1510 1511 1515
f 1515 1511 1516
f 1510 1517 1512
f 1510 1515 1517
f 1512 1518 1513
f 1512 1517 1518
f 1514 1513 1519
f 1519 1513 1518
f 1515 1516 1520
f 1520 1516 1521
f 1520 1418 1419
f 1517 1520 1419
f 1515 1520 1517
f 1517 1419 1420
f 1522 1517 1420
f 1518 1517 1522
f 1519 1518 1523
f 1523 1518 1522
f 1520 1521 1524
f 1524 1521 1525
f 1524 1422 1418
f 1524 1418 1520
f 1423 1526 1522
f 1423 1522 1420
f 1523 1522 1527
f 1527 1522 1526
f 1524 1525 1426
f 1525 1425 1426
f 1525 1528 1425
f 1524 1426 1422
f 1428 1526 1423
f 1428 1430 1526
f 1430 1527 1526
f 1430 1529 1527
f 1528 1432 1425
f 1530 1432 1528
f 1435 1529 1430
f 1435 1531 1529
f 1530 1437 1432
f 1532 1437 1530
f 1439 1531 1435
f 1439 1533 1531
f 1532 1440 1437
f 1534 1440 1532
f 1441 1533 1439
f 1441 1535 1533
f 1534 1442 1440
f 1536 1442 1534
f 1443 1535 1441
f 1443 1537 1535
f 1536 1444 1442
f 1538 1444 1536
f 1445 1537 1443
f 1445 1539 1537
f 1538 1446 1444
f 1540 1446 1538
f 1447 1539 1445
f 1447 1541 1539
f 1540 1448 1446
f 1542 1448 1540
f 1449 1541 1447
f 1449 1543 1541
f 1542 1450 1448
f 1544 1450 1542
f 1451 1543 1449
f 1451 1545 1543
f 1544 1452 1450
f 1546 1452 1544
f 1453 1545 1451
f 1453 1547 1545
f 1546 1454 1452
f 1548 1454 1546
f 1455 1547 1453
f 1455 1549 1547
f 1548 1456 1454
f 1550 1456 1548
f 1457 1549 1455
f 1457 1551 1549
f 1550 1458 1456
f 1552 1458 1550
f 1459 1551 1457
f 1459 1553 1551
f 1552 1460 1458
f 1554 1460 1552
f 1461 1553 1459
f 1461 1555 1553
f 1554 1462 1460
f 1556 1462 1554
f 1463 1555 1461
f 1463 1557 1555
f 1556 1464 1462
f 1558 1464 1556
f 1465 1557 1463
f 1465 1559 1557
f 1558 1466 1464
f 1560 1466 1558
f 1467 1559 1465
f 1467 1561 1559
f 1560 1468 1466
f 1562 1468 1560
f 1469 1561 1467
f 1469 1563 1561
f 1562 1470 1468
f 1564 1470 1562
f 1471 1563 1469
f 1471 1565 1563
f 1564 1472 1470
f 1566 1472 1564
f 1473 1565 1471
f 1473 1567 1565
f 1569 1474 1568
f 1474 1566 1568
f 1474 1472 1566
f 1570 1569 1568
f 1573 1572 1571
f 1572 1567 1571
f 1567 1475 1571
f 1567 1473 1475
f 1574 1476 1569
f 1569 1476 1474
f 1569 1570 1575
f 1569 1575 1574
f 1573 1571 1576
f 1573 1576 1577
f 1477 1576 1475
f 1475 1576 1571
f 1578 1478 1574
f 1574 1478 1476
f 1574 1575 1579
f 1580 1574 1579
f 1578 1574 1580
f 1580 1579 1577
f 1576 1580 1577
f 1581 1580 1576
f 1479 1581 1477
f 1477 1581 1576
f 1582 1480 1578
f 1578 1480 1478
f 1583 1578 1580
f 1582 1578 1583
f 1584 1580 1581
f 1583 1580 1584
f 1481 1584 1479
f 1479 1584 1581
f 1582 1482 1480
f 1482 1582 1484
f 1582 1585 1484
f 1582 1583 1585
f 1487 1585 1486
f 1585 1584 1486
f 1585 1583 1584
f 1486 1584 1481
f 1585 1489 1484
f 1489 1585 1487
f 1588 1587 1586
f 1586 1589 1588
f 1592 1591 1590
f 1592 1590 1587
f 1590 1586 1587
f 1590 1593 1586
f 1589 1586 1594
f 1586 1595 1594
f 1586 1593 1595
f 1595 1596 1594
f 1590 1591 1597
f 1597 1591 1598
f 1590 1599 1593
f 1590 1597 1599
f 1593 1600 1595
f 1593 1599 1600
f 1596 1595 1601
f 1601 1595 1600
f 1597 1598 1602
f 1602 1598 1603
f 1597 1604 1599
f 1597 1602 1604
f 1599 1605 1600
f 1599 1604 1605
f 1601 1600 1606
f 1606 1600 1605
f 1602 1603 1607
f 1607 1603 1608
f 1602 1609 1604
f 1602 1607 1609
f 1604 1610 1605
f 1604 1609 1610
f 1606 1605 1611
f 1611 1605 1610
f 1607 1608 1612
f 1612 1608 1613
f 1612 1497 1498
f 1609 1612 1498
f 1607 1612 1609
f 1609 1498 1499
f 1614 1609 1499
f 1610 1609 1614
f 1611 1610 1615
f 1615 1610 1614
f 1612 1613 1616
f 1616 1613 1617
f 1616 1501 1497
f 1616 1497 1612
f 1502 1618 1614
f 1502 1614 1499
f 1615 1614 1619
f 1619 1614 1618
f 1616 1617 1505
f 1617 1504 1505
f 1617 1620 1504
f 1616 1505 1501
f 1507 1618 1502
f 1507 1509 1618
f 1509 1619 1618
f 1509 1621 1619
f 1620 1511 1504
f 1622 1511 1620
f 1514 1621 1509
f 1514 1623 1621
f 1622 1516 1511
f 1624 1516 1622
f 1519 1623 1514
f 1519 1625 1623
f 1624 1521 1516
f 1626 1521 1624
f 1523 1625 1519
f 1523 1627 1625
f 1626 1525 1521
f 1628 1525 1626
f 1527 1627 1523
f 1527 1629 1627
f 1628 1528 1525
f 1630 1528 1628
f 1529 1629 1527
f 1529 1631 1629
f 1630 1530 1528
f 1632 1530 1630
f 1531 1631 1529
f 1531 1633 1631
f 1632 1532 1530
f 1634 1532 1632
f 1533 1633 1531
f 1533 1635 1633
f 1634 1534 1532
f 1636 1534 1634
f 1535 1635 1533
f 1535 1637 1635
f 1636 1536 1534
f 1638 1536 1636
f 1537 1637 1535
f 1537 1639 1637
f 1638 1538 1536
f 1640 1538 1638
f 1539 1639 1537
f 1539 1641 1639
f 1640 1540 1538
f 1642 1540 1640
f 1541 1641 1539
f 1541 1643 1641
f 1642 1542 1540
f 1644 1542 1642
f 1543 1643 1541
f 1543 1645 1643
f 1644 1544 1542
f 1646 1544 1644
f 1545 1645 1543
f 1545 1647 1645
f 1646 1546 1544
f 1648 1546 1646
f 1547 1647 1545
f 1547 1649 1647
f 1648 1548 1546
f 1650 1548 1648
f 1549 1649 1547
f 1549 1651 1649
f 1650 1550 1548
f 1652 1550 1650
f 1551 1651 1549
f 1551 1653 1651
f 1652 1552 1550
f 1654 1552 1652
f 1553 1653 1551
f 1553 1655 1653
f 1654 1554 1552
f 1656 1554 1654
f 1555 1655 1553
f 1555 1657 1655
f 1659 1556 1658
f 1556 1656 1658
f 1556 1554 1656
f 1660 1659 1658
f 1663 1662 1661
f 1662 1657 1661
f 1657 1557 1661
f 1657 1555 1557
f 1664 1558 1659
f 1659 1558 1556
f 1659 1660 1665
f 1659 1665 1664
f 1663 1661 1666
f 1663 1666 1667
f 1559 1666 1557
f 1557 1666 1661
f 1668 1560 1664
f 1664 1560 1558
f 1664 1665 1669
f 1670 1664 1669
f 1668 1664 1670
f 1670 1669 1667
f 1666 1670 1667
f 1671 1670 1666
f 1561 1671 1559
f 1559 1671 1666
f 1672 1562 1668
f 1668 1562 1560
f 1673 1668 1670
f 1672 1668 1673
f 1674 1670 1671
f 1673 1670 1674
f 1563 1674 1561
f 1561 1674 1671
f 1675 1564 1672
f 1672 1564 1562
f 1676 1672 1673
f 1675 1672 1676
f 1677 1673 1674
f 1676 1673 1677
f 1565 1677 1563
f 1563 1677 1674
f 1678 1566 1675
f 1675 1566 1564
f 1679 1675 1676
f 1678 1675 1679
f 1680 1676 1677
f 1679 1676 1680
f 1567 1680 1565
f 1565 1680 1677
f 1678 1568 1566
f 1568 1678 1570
f 1678 1681 1570
f 1678 1679 1681
f 1573 1681 1572
f 1681 1680 1572
f 1681 1679 1680
f 1572 1680 1567
f 1682 1575 1681
f 1681 1575 1570
f 1577 1682 1573
f 1573 1682 1681
f 1682 1579 1575
f 1579 1682 1577
f 1685 1684 1683
f 1683 1686 1685
f 1689 1688 1687
f 1689 1687 1684
f 1687 1683 1684
f 1687 1690 1683
f 1686 1683 1691
f 1683 1692 1691
f 1683 1690 1692
f 1692 1693 1691
f 1687 1688 1694
f 1694 1688 1695
f 1687 1696 1690
f 1687 1694 1696
f 1690 1697 1692
f 1690 1696 1697
f 1693 1692 1698
f 1698 1692 1697
f 1694 1695 1699
f 1699 1695 1700
f 1699 1587 1588
f 1696 1699 1588
f 1694 1699 1696
f 1696 1588 1589
f 1701 1696 1589
f 1697 1696 1701
f 1698 1697 1702
f 1702 1697 1701
f 1699 1700 1592
f 1700 1591 1592
f 1700 1703 1591
f 1699 1592 1587
f 1594 1701 1589
f 1594 1596 1701
f 1596 1702 1701
f 1596 1704 1702
f 1703 1598 1591
f 1705 1598 1703
f 1601 1704 1596
f 1601 1706 1704
f 1705 1603 1598
f 1707 1603 1705
f 1606 1706 1601
f 1606 1708 1706
f 1707 1608 1603
f 1709 1608 1707
f 1611 1708 1606
f 1611 1710 1708
f 1709 1613 1608
f 1711 1613 1709
f 1615 1710 1611
f 1615 1712 1710
f 1711 1617 1613
f 1713 1617 1711
f 1619 1712 1615
f 1619 1714 1712
f 1713 1620 1617
f 1715 1620 1713
f 1621 1714 1619
f 1621 1716 1714
f 1715 1622 1620
f 1717 1622 1715
f 1623 1716 1621
f 1623 1718 1716
f 1717 1624 1622
f 1719 1624 1717
f 1625 1718 1623
f 1625 1720 1718
f 1719 1626 1624
f 1721 1626 1719
f 1627 1720 1625
f 1627 1722 1720
f 1721 1628 1626
f 1723 1628 1721
f 1629 1722 1627
f 1629 1724 1722
f 1723 1630 1628
f 1725 1630 1723
f 1631 1724 1629
f 1631 1726 1724
f 1725 1632 1630
f 1727 1632 1725
f 1633 1726 1631
f 1633 1728 1726
f 1727 1634 1632
f 1729 1634 1727
f 1635 1728 1633
f 1635 1730 1728
f 1729 1636 1634
f 1731 1636 1729
f 1637 1730 1635
f 1637 1732 1730
f 1731 1638 1636
f 1733 1638 1731
f 1639 1732 1637
f 1639 1734 1732
f 1733 1640 1638
f 1735 1640 1733
f 1641 1734 1639
f 1641 1736 1734
f 1735 1642 1640
f 1737 1642 1735
f 1643 1736 1641
f 1643 1738 1736
f 1737 1644 1642
f 1739 1644 1737
f 1645 1738 1643
f 1645 1740 1738
f 1742 1646 1741
f 1646 1739 1741
f 1646 1644 1739
f 1743 1742 1741
f 1746 1745 1744
f 1745 1740 1744
f 1740 1647 1744
f 1740 1645 1647
f 1747 1648 1742
f 1742 1648 1646
f 1742 1743 1748
f 1742 1748 1747
f 1746 1744 1749
f 1746 1749 1750
f 1649 1749 1647
f 1647 1749 1744
f 1751 1650 1747
f 1747 1650 1648
f 1747 1748 1752
f 1753 1747 1752
f 1751 1747 1753
f 1753 1752 1750
f 1749 1753 1750
f 1754 1753 1749
f 1651 1754 1649
f 1649 1754 1749
f 1755 1652 1751
f 1751 1652 1650
f 1756 1751 1753
f 1755 1751 1756
f 1757 1753 1754
f 1756 1753 1757
f 1653 1757 1651
f 1651 1757 1754
f 1758 1654 1755
f 1755 1654 1652
f 1759 1755 1756
f 1758 1755 1759
f 1760 1756 1757
f 1759 1756 1760
f 1655 1760 1653
f 1653 1760 1757
f 1761 1656 1758
f 1758 1656 1654
f 1762 1758 1759
f 1761 1758 1762
f 1763 1759 1760
f 1762 1759 1763
f 1657 1763 1655
f 1655 1763 1760
f 1761 1658 1656
f 1658 1761 1660
f 1761 1764 1660
f 1761 1762 1764
f 1663 1764 1662
f 1764 1763 1662
f 1764 1762 1763
f 1662 1763 1657
f 1765 1665 1764
f 1764 1665 1660
f 1667 1765 1663
f 1663 1765 1764
f 1765 1669 1665
f 1669 1765 1667
f 1768 1767 1766
f 1766 1769 1768
f 1772 1771 1770
f 1772 1770 1767
f 1770 1766 1767
f 1770 1773 1766
f 1769 1766 1774
f 1766 1775 1774
f 1766 1773 1775
f 1775 1776 1774
f 1770 1771 1777
f 1777 1771 1778
f 1777 1684 1685
f 1773 1777 1685
f 1770 1777 1773
f 1773 1685 1686
f 1779 1773 1686
f 1775 1773 1779
f 1776 1775 1780
f 1780 1775 1779
f 1777 1778 1689
f 1778 1688 1689
f 1778 1781 1688
f 1777 1689 1684
f 1691 1779 1686
f 1691 1693 1779
f 1693 1780 1779
f 1693 1782 1780
f 1781 1695 1688
f 1783 1695 1781
f 1698 1782 1693
f 1698 1784 1782
f 1783 1700 1695
f 1785 1700 1783
f 1702 1784 1698
f 1702 1786 1784
f 1785 1703 1700
f 1787 1703 1785
f 1704 1786 1702
f 1704 1788 1786
f 1787 1705 1703
f 1789 1705 1787
f 1706 1788 1704
f 1706 1790 1788
f 1789 1707 1705
f 1791 1707 1789
f 1708 1790 1706
f 1708 1792 1790
f 1791 1709 1707
f 1793 1709 1791
f 1710 1792 1708
f 1710 1794 1792
f 1793 1711 1709
f 1795 1711 1793
f 1712 1794 1710
f 1712 1796 1794
f 1795 1713 1711
f 1797 1713 1795
f 1714 1796 1712
f 1714 1798 1796
f 1797 1715 1713
f 1799 1715 1797
f 1716 1798 1714
f 1716 1800 1798
f 1799 1717 1715
f 1801 1717 1799
f 1718 1800 1716
f 1718 1802 1800
f 1801 1719 1717
f 1803 1719 1801
f 1720 1802 1718
f 1720 1804 1802
f 1803 1721 1719
f 1805 1721 1803
f 1722 1804 1720
f 1722 1806 1804
f 1805 1723 1721
f 1807 1723 1805
f 1724 1806 1722
f 1724 1808 1806
f 1807 1725 1723
f 1809 1725 1807
f 1726 1808 1724
f 1726 1810 1808
f 1809 1727 1725
f 1811 1727 1809
f 1728 1810 1726
f 1728 1812 1810
f 1811 1729 1727
f 1813 1729 1811
f 1730 1812 1728
f 1730 1814 1812
f 1813 1731 1729
f 1815 1731 1813
f 1732 1814 1730
f 1732 1816 1814
f 1818 1733 1817
f 1733 1815 1817
f 1733 1731 1815
f 1819 1818 1817
f 1822 1821 1820
f 1821 1816 1820
f 1816 1734 1820
f 1816 1732 1734
f 1823 1735 1818
f 1818 1735 1733
f 1818 1819 1824
f 1825 1818 1824
f 1823 1818 1825
f 1825 1824 1822
f 1820 1825 1822
f 1826 1825 1820
f 1736 1826 1734
f 1734 1826 1820
f 1827 1737 1823
f 1823 1737 1735
f 1828 1823 1825
f 1827 1823 1828
f 1829 1825 1826
f 1828 1825 1829
f 1738 1829 1736
f 1736 1829 1826
f 1830 1739 1827
f 1827 1739 1737
f 1831 1827 1828
f 1830 1827 1831
f 1832 1828 1829
f 1831 1828 1832
f 1740 1832 1738
f 1738 1832 1829
f 1830 1741 1739
f 1741 1830 1743
f 1830 1833 1743
f 1830 1831 1833
f 1746 1833 1745
f 1833 1832 1745
f 1833 1831 1832
f 1745 1832 1740
f 1834 1748 1833
f 1833 1748 1743
f 1750 1834 1746
f 1746 1834 1833
f 1834 1752 1748
f 1752 1834 1750
f 1837 1836 1835
f 1767 1768 1835
f 1768 1837 1835
f 1768 1838 1837
f 1840 1839 1769
f 1839 1768 1769
f 1839 1838 1768
f 1840 1841 1839
f 1835 1836 1772
f 1836 1771 1772
f 1836 1842 1771
f 1835 1772 1767
f 1774 1840 1769
f 1774 1776 1840
f 1776 1841 1840
f 1776 1843 1841
f 1842 1778 1771
f 1844 1778 1842
f 1780 1843 1776
f 1780 1845 1843
f 1844 1781 1778
f 1846 1781 1844
f 1782 1845 1780
f 1782 1847 1845
f 1846 1783 1781
f 1848 1783 1846
f 1784 1847 1782
f 1784 1849 1847
f 1848 1785 1783
f 1850 1785 1848
f 1786 1849 1784
f 1786 1851 1849
f 1850 1787 1785
f 1852 1787 1850
f 1788 1851 1786
f 1788 1853 1851
f 1852 1789 1787
f 1854 1789 1852
f 1790 1853 1788
f 1790 1855 1853
f 1854 1791 1789
f 1856 1791 1854
f 1792 1855 1790
f 1792 1857 1855
f 1856 1793 1791
f 1858 1793 1856
f 1794 1857 1792
f 1794 1859 1857
f 1858 1795 1793
f 1860 1795 1858
f 1796 1859 1794
f 1796 1861 1859
f 1860 1797 1795
f 1862 1797 1860
f 1798 1861 1796
f 1798 1863 1861
f 1862 1799 1797
f 1864 1799 1862
f 1800 1863 1798
f 1800 1865 1863
f 1864 1801 1799
f 1866 1801 1864
f 1802 1865 1800
f 1802 1867 1865
f 1866 1803 1801
f 1868 1803 1866
f 1804 1867 1802
f 1804 1869 1867
f 1868 1805 1803
f 1870 1805 1868
f 1806 1869 1804
f 1806 1871 1869
f 1870 1807 1805
f 1872 1807 1870
f 1808 1871 1806
f 1808 1873 1871
f 1875 1809 1874
f 1809 1872 1874
f 1809 1807 1872
f 1876 1875 1874
f 1879 1878 1877
f 1878 1873 1877
f 1873 1810 1877
f 1873 1808 1810
f 1880 1811 1875
f 1875 1811 1809
f 1875 1876 1881
f 1875 1881 1880
f 1879 1877 1882
f 1879 1882 1883
f 1812 1882 1810
f 1810 1882 1877
f 1884 1813 1880
f 1880 1813 1811
f 1880 1881 1885
f 1886 1880 1885
f 1884 1880 1886
f 1886 1885 1883
f 1882 1886 1883
f 1887 1886 1882
f 1814 1887 1812
f 1812 1887 1882
f 1888 1815 1884
f 1884 1815 1813
f 1889 1884 1886
f 1888 1884 1889
f 1890 1886 1887
f 1889 1886 1890
f 1816 1890 1814
f 1814 1890 1887
f 1888 1817 1815
f 1817 1888 1819
f 1888 1891 1819
f 1888 1889 1891
f 1822 1891 1821
f 1891 1890 1821
f 1891 1889 1890
f 1821 1890 1816
f 1891 1824 1819
f 1824 1891 1822
f 1892 1836 1837
f 1838 1893 1837
f 1837 1893 1892
f 1839 1894 1838
f 1838 1894 1893
f 1841 1894 1839
f 1896 1895 1892
f 1895 1836 1892
f 1895 1842 1836
f 1896 1892 1893
f 1896 1893 1897
f 1897 1893 1894
f 1897 1894 1898
f 1894 1841 1898
f 1841 1899 1898
f 1841 1843 1899
f 1895 1844 1842
f 1900 1844 1895
f 1845 1899 1843
f 1845 1901 1899
f 1900 1846 1844
f 1902 1846 1900
f 1847 1901 1845
f 1847 1903 1901
f 1902 1848 1846
f 1904 1848 1902
f 1849 1903 1847
f 1849 1905 1903
f 1904 1850 1848
f 1906 1850 1904
f 1851 1905 1849
f 1851 1907 1905
f 1906 1852 1850
f 1908 1852 1906
f 1853 1907 1851
f 1853 1909 1907
f 1908 1854 1852
f 1910 1854 1908
f 1855 1909 1853
f 1855 1911 1909
f 1910 1856 1854
f 1912 1856 1910
f 1857 1911 1855
f 1857 1913 1911
f 1912 1858 1856
f 1914 1858 1912
f 1859 1913 1857
f 1859 1915 1913
f 1914 1860 1858
f 1916 1860 1914
f 1861 1915 1859
f 1861 1917 1915
f 1916 1862 1860
f 1918 1862 1916
f 1863 1917 1861
f 1863 1919 1917
f 1921 1864 1920
f 1864 1918 1920
f 1864 1862 1918
f 1922 1921 1920
f 1925 1924 1923
f 1924 1919 1923
f 1919 1865 1923
f 1919 1863 1865
f 1926 1866 1921
f 1921 1866 1864
f 1921 1922 1927
f 1921 1927 1926
f 1925 1923 1928
f 1925 1928 1929
f 1867 1928 1865
f 1865 1928 1923
f 1930 1868 1926
f 1926 1868 1866
f 1926 1927 1931
f 1932 1926 1931
f 1930 1926 1932
f 1932 1931 1929
f 1928 1932 1929
f 1933 1932 1928
f 1869 1933 1867
f 1867 1933 1928
f 1934 1870 1930
f 1930 1870 1868
f 1935 1930 1932
f 1934 1930 1935
f 1936 1932 1933
f 1935 1932 1936
f 1871 1936 1869
f 1869 1936 1933
f 1937 1872 1934
f 1934 1872 1870
f 1938 1934 1935
f 1937 1934 1938
f 1939 1935 1936
f 1938 1935 1939
f 1873 1939 1871
f 1871 1939 1936
f 1937 1874 1872
f 1874 1937 1876
f 1937 1940 1876
f 1937 1938 1940
f 1879 1940 1878
f 1940 1939 1878
f 1940 1938 1939
f 1878 1939 1873
f 1941 1881 1940
f 1940 1881 1876
f 1883 1941 1879
f 1879 1941 1940
f 1941 1885 1881
f 1885 1941 1883
f 1942 1895 1896
f 1897 1943 1896
f 1896 1943 1942
f 1898 1944 1897
f 1897 1944 1943
f 1899 1944 1898
f 1946 1945 1942
f 1945 1895 1942
f 1945 1900 1895
f 1946 1942 1943
f 1946 1943 1947
f 1947 1943 1944
f 1947 1944 1948
f 1944 1899 1948
f 1899 1949 1948
f 1899 1901 1949
f 1945 1902 1900
f 1950 1902 1945
f 1903 1949 1901
f 1903 1951 1949
f 1950 1904 1902
f 1952 1904 1950
f 1905 1951 1903
f 1905 1953 1951
f 1952 1906 1904
f 1954 1906 1952
f 1907 1953 1905
f 1907 1955 1953
f 1954 1908 1906
f 1956 1908 1954
f 1909 1955 1907
f 1909 1957 1955
f 1959 1910 1958
f 1910 1956 1958
f 1910 1908 1956
f 1960 1959 1958
f 1963 1962 1961
f 1962 1957 1961
f 1957 1911 1961
f 1957 1909 1911
f 1964 1912 1959
f 1959 1912 1910
f 1959 1960 1965
f 1959 1965 1964
f 1963 1961 1966
f 1963 1966 1967
f 1913 1966 1911
f 1911 1966 1961
f 1968 1914 1964
f 1964 1914 1912
f 1964 1965 1969
f 1970 1964 1969
f 1968 1964 1970
f 1970 1969 1967
f 1966 1970 1967
f 1971 1970 1966
f 1915 1971 1913
f 1913 1971 1966
f 1972 1916 1968
f 1968 1916 1914
f 1973 1968 1970
f 1972 1968 1973
f 1974 1970 1971
f 1973 1970 1974
f 1917 1974 1915
f 1915 1974 1971
f 1975 1918 1972
f 1972 1918 1916
f 1976 1972 1973
f 1975 1972 1976
f 1977 1973 1974
f 1976 1973 1977
f 1919 1977 1917
f 1917 1977 1974
f 1975 1920 1918
f 1920 1975 1922
f 1975 1978 1922
f 1975 1976 1978
f 1925 1978 1924
f 1978 1977 1924
f 1978 1976 1977
f 1924 1977 1919
f 1979 1927 1978
f 1978 1927 1922
f 1929 1979 1925
f 1925 1979 1978
f 1979 1931 1927
f 1931 1979 1929
f 1980 1945 1946
f 1947 1981 1946
f 1946 1981 1980
f 1948 1982 1947
f 1947 1982 1981
f 1949 1982 1948
f 1984 1983 1980
f 1983 1945 1980
f 1983 1950 1945
f 1984 1980 1981
f 1984 1981 1985
f 1985 1981 1982
f 1985 1982 1986
f 1982 1949 1986
f 1949 1987 1986
f 1949 1951 1987
f 1989 1952 1988
f 1952 1983 1988
f 1952 1950 1983
f 1990 1989 1988
f 1993 1992 1991
f 1992 1987 1991
f 1987 1953 1991
f 1987 1951 1953
f 1994 1954 1989
f 1989 1954 1952
f 1989 1990 1995
f 1996 1989 1995
f 1994 1989 1996
f 1996 1995 1993
f 1991 1996 1993
f 1997 1996 1991
f 1955 1997 1953
f 1953 1997 1991
f 1998 1956 1994
f 1994 1956 1954
f 1999 1994 1996
f 1998 1994 1999
f 2000 1996 1997
f 1999 1996 2000
f 1957 2000 1955
f 1955 2000 1997
f 1998 1958 1956
f 1958 1998 1960
f 1998 2001 1960
f 1998 1999 2001
f 1963 2001 1962
f 2001 2000 1962
f 2001 1999 2000
f 1962 2000 1957
f 2002 1965 2001
f 2001 1965 1960
f 1967 2002 1963
f 1963 2002 2001
f 2002 1969 1965
f 1969 2002 1967
f 2003 1983 1984
f 1985 2004 1984
f 1984 2004 2003
f 1986 2005 1985
f 1985 2005 2004
f 1987 2005 1986
f 2003 1988 1983
f 1988 2003 1990
f 2003 2006 1990
f 2003 2004 2006
f 1993 2006 1992
f 2006 2005 1992
f 2006 2004 2005
f 1992 2005 1987
f 2006 1995 1990
f 1995 2006 1993
# 4008 faces, 0 coords texture

# End of File