####
#
# OBJ File Generated by Meshlab
#
####
# Object domain0598.obj
#
# Vertices: 2240
# Faces: 4476
#
####
v 86.732750 76.288223 106.014793
v 86.864243 76.231247 105.561409
v 86.853760 75.978409 106.007446
v 86.792030 76.212616 106.485802
v 86.673729 76.770668 106.037941
v 86.816139 76.765182 105.540726
v 86.785690 76.496979 106.979050
v 86.713142 76.832550 106.926186
v 86.895950 76.820847 107.409355
v 86.725296 77.256668 106.050797
v 86.884392 77.287476 105.582756
v 86.717445 77.271637 106.947884
v 86.862801 77.314400 107.437622
v 86.833839 77.568756 106.027641
v 86.798447 77.608772 106.987312
v 87.239258 75.678299 105.051270
v 87.418884 75.637329 104.552139
v 87.417213 75.375954 105.022774
v 87.370888 75.351723 106.009041
v 87.075218 75.659370 105.996483
v 87.436760 75.562874 106.925484
v 87.258209 75.717613 106.934105
v 87.463776 75.759346 107.256035
v 87.070908 76.165794 105.046890
v 87.335663 76.182526 104.509354
v 86.970909 76.153999 107.010231
v 87.307915 76.150604 107.523621
v 87.075127 76.759697 105.033089
v 87.392021 76.780571 104.525955
v 87.366776 76.512657 107.953751
v 87.169456 76.830429 107.908134
v 87.460197 76.849701 108.290176
v 87.153114 77.298141 105.086502
v 87.463432 77.277283 104.704880
v 87.059105 77.405762 107.981422
v 87.328453 77.327797 108.510757
v 87.369530 77.599892 105.043976
v 87.062859 77.912712 106.029396
v 87.333359 77.920425 105.511559
v 86.913628 77.973122 107.023407
v 87.056709 77.937950 107.995888
v 87.394020 77.692375 108.942184
v 87.278900 78.010956 108.908897
v 87.493950 78.032898 109.261200
v 87.315842 78.224396 106.005295
v 87.132278 78.488449 107.013145
v 87.332092 78.547264 106.483078
v 87.109978 78.509995 107.994347
v 87.243423 78.523605 108.943085
v 87.461113 78.516739 109.435608
v 87.312500 78.984947 107.065613
v 87.474510 78.944740 106.748718
v 87.249557 79.019791 107.999527
v 87.278999 79.025780 108.949829
v 87.447556 79.067169 109.437752
v 87.452057 79.152199 107.071777
v 87.399910 79.350410 107.993492
v 87.383858 79.363274 108.986649
v 87.881371 67.482521 72.049644
v 88.030540 67.438118 71.560951
v 88.004448 67.169098 72.021042
v 88.014854 67.187683 72.980782
v 87.851585 67.491272 72.971077
v 87.973045 67.442825 73.472595
v 87.816154 67.977448 72.048134
v 87.981590 67.975311 71.538635
v 87.738411 67.994087 72.997086
v 87.960510 67.722702 73.977226
v 87.831757 68.056694 73.951775
v 87.958916 68.012802 74.478073
v 87.855530 68.489639 72.071884
v 88.050003 68.503281 71.582191
v 87.737976 68.545403 73.007904
v 87.762764 68.565048 73.986778
v 87.979279 68.315369 74.964645
v 87.887619 68.630890 74.920670
v 88.062683 68.617577 75.413231
v 87.969902 68.810585 72.032600
v 87.841179 69.050735 73.029892
v 87.967979 69.100807 72.525078
v 87.819542 69.071342 73.998093
v 87.880783 69.067863 74.947227
v 88.021729 69.114166 75.446983
v 87.996368 69.368591 73.019409
v 87.932159 69.426102 74.001083
v 87.964417 69.406570 74.986801
v 87.845596 75.135811 104.039810
v 87.973633 75.078209 103.520782
v 88.028976 74.971024 104.027863
v 87.988525 74.938812 104.998962
v 87.679146 75.112846 104.991188
v 87.991112 74.980591 105.950233
v 87.678123 75.110786 105.978279
v 87.948265 75.136330 106.439598
v 87.895142 75.679626 102.055458
v 88.020699 75.630898 101.553368
v 88.006790 75.371208 102.023125
v 87.931252 75.312164 103.000877
v 87.807487 75.661293 103.027138
v 87.606888 75.591530 104.012650
v 87.893852 75.366852 106.940887
v 87.895691 75.710144 107.445549
v 87.880005 76.112778 102.075874
v 88.023003 76.143936 101.556931
v 87.742027 76.175491 103.015068
v 87.563240 76.177475 103.984512
v 87.949654 76.038055 107.887833
v 87.649910 76.236885 107.946266
v 87.985664 76.376907 108.231262
v 87.968193 76.436737 102.027466
v 87.839828 76.671295 103.034119
v 87.957314 76.730103 102.518883
v 87.668350 76.731285 104.002701
v 87.905624 76.783379 108.551582
v 87.996040 76.982887 103.021217
v 87.875267 77.084198 103.985870
v 87.856941 77.396843 104.362144
v 87.940948 77.162201 108.918304
v 87.649918 77.403831 108.950462
v 87.986641 77.523468 109.260078
v 87.656555 77.875877 105.048592
v 87.980545 77.772415 104.722229
v 87.904778 77.943771 109.566383
v 87.951042 78.079323 105.103775
v 87.631432 78.491852 106.020241
v 87.953514 78.385918 105.582260
v 87.961792 78.339203 109.908188
v 87.762405 78.598526 109.879951
v 88.060768 78.679199 110.200882
v 87.943779 78.710808 106.067635
v 87.915009 79.073746 106.528069
v 87.674011 79.142632 109.930664
v 88.017624 79.117722 110.338844
v 87.874504 79.449387 106.999153
v 87.645630 79.670242 108.025299
v 87.895836 79.700920 107.498032
v 87.535538 79.711647 109.017700
v 87.754982 79.682777 109.954849
v 88.007919 79.669525 110.456276
v 87.906830 79.979057 108.005760
v 87.799644 80.189850 109.022560
v 87.950829 80.243675 108.519417
v 87.846291 80.197174 109.948631
v 88.030991 80.237930 110.438240
v 87.984848 80.510818 109.016571
v 87.971268 80.534813 109.986816
v 88.420906 66.892685 71.057434
v 88.646706 66.874725 70.588356
v 88.600769 66.601852 71.030640
v 88.536720 66.555702 72.011971
v 88.237717 66.854736 71.988045
v 88.574913 66.739479 72.942177
v 88.283783 66.918861 72.969131
v 88.552826 66.955360 73.416962
v 88.243523 67.377029 71.048897
v 88.549561 67.395294 70.538979
v 88.545013 67.214447 73.956810
v 88.227852 67.432693 73.980141
v 88.519928 67.436615 74.479439
v 88.253189 67.968422 71.037430
v 88.599190 67.981361 70.553116
v 88.501846 67.701241 74.990395
v 88.209435 67.990311 74.991249
v 88.503891 67.993782 75.489044
v 88.348572 68.482483 71.107498
v 88.643799 68.406792 70.763420
v 88.526688 68.301727 75.978745
v 88.316719 68.627197 75.954231
v 88.538063 68.603584 76.474213
v 88.564255 68.699959 71.108955
v 88.233368 69.099380 72.028313
v 88.540504 69.019447 71.577049
v 88.172401 69.179344 75.991402
v 88.573448 68.909271 76.945618
v 88.441513 69.223305 76.914246
v 88.655052 69.230659 77.281502
v 88.535225 69.318863 72.072800
v 88.266350 69.667580 73.045349
v 88.541336 69.607185 72.574333
v 88.108856 69.761673 74.002007
v 88.088425 69.769432 75.025063
v 88.206917 69.732689 75.998444
v 88.373711 69.742134 76.948494
v 88.607285 69.728966 77.449120
v 88.539154 69.893517 73.078133
v 88.416405 70.193306 74.033699
v 88.575104 70.158478 73.583939
v 88.335190 70.267311 75.015427
v 88.281021 70.302673 75.996033
v 88.382851 70.309242 76.955292
v 88.549850 70.317780 77.469109
v 88.602318 70.362442 74.064484
v 88.527985 70.597694 74.990532
v 88.432266 70.806091 76.026680
v 88.548058 70.860527 75.522095
v 88.459976 70.813873 76.952240
v 88.593399 70.865318 77.453011
v 88.593811 71.115303 76.016769
v 88.584885 71.132454 76.981216
v 88.445312 75.110161 99.032433
v 88.559547 75.053062 98.523544
v 88.597580 74.802261 99.020470
v 88.568710 74.774963 100.001709
v 88.394615 75.088303 100.002792
v 88.550735 74.763382 101.000648
v 88.354996 75.076836 101.005692
v 88.506989 74.738937 101.998398
v 88.219635 75.041634 101.986458
v 88.499466 74.730141 103.041122
v 88.180748 74.992676 102.994553
v 88.500954 74.772346 104.000031
v 88.496483 74.796852 104.996460
v 88.495758 74.898026 105.957123
v 88.489639 75.061981 106.474319
v 88.475060 75.664856 98.078354
v 88.600082 75.627747 97.551765
v 88.560158 75.338593 98.024437
v 88.346428 75.600380 99.014481
v 88.281807 75.603249 100.005356
v 88.168808 75.583267 101.001038
v 88.485199 75.334198 106.978714
v 88.506340 75.678085 107.466286
v 88.484131 76.094986 98.055511
v 88.619308 76.138184 97.559143
v 88.398895 76.113274 99.022133
v 88.287849 76.165733 100.008926
v 88.174431 76.188744 100.999901
v 88.441017 76.024704 107.900208
v 88.413460 76.359650 108.258423
v 88.598076 76.397049 98.026482
v 88.511513 76.464653 99.001137
v 88.420311 76.670273 100.029472
v 88.534645 76.733894 99.515198
v 88.352745 76.697021 101.003822
v 88.180534 76.769958 101.976395
v 88.486824 76.719955 108.595451
v 88.590088 76.977165 100.018875
v 88.548729 77.011314 101.005562
v 88.465759 77.078087 101.994301
v 88.269997 77.253563 103.021416
v 88.519470 77.301094 102.515854
v 88.171379 77.370529 103.986900
v 88.487511 77.081604 108.978493
v 88.492569 77.446098 109.356689
v 88.583214 77.415733 103.034622
v 88.551414 77.575226 104.023956
v 88.433815 77.778999 104.564316
v 88.423004 77.808189 109.689072
v 88.441490 78.099457 105.081474
v 88.498306 78.417519 105.550026
v 88.457619 78.167213 110.035278
v 88.512360 78.577995 110.369751
v 88.485344 78.789024 106.022446
v 88.489250 79.150764 106.411217
v 88.417343 79.044479 110.654610
v 88.219284 79.650848 107.030479
v 88.561111 79.512764 106.746353
v 88.521439 79.428444 110.956779
v 88.328766 79.751106 110.899246
v 88.662613 79.790039 111.236855
v 88.533348 79.839622 107.104584
v 88.225502 80.240578 108.023155
v 88.540451 80.142769 107.583351
v 88.257591 80.313835 110.932091
v 88.593498 80.290192 111.345322
v 88.532455 80.459366 108.071495
v 88.248642 80.826836 109.034767
v 88.555977 80.799835 108.564651
v 88.123169 80.883301 110.018364
v 88.341705 80.853546 110.953445
v 88.605011 80.840385 111.448029
v 88.509178 81.133759 109.021027
v 88.385094 81.362450 110.022598
v 88.540436 81.412079 109.521332
v 88.459297 81.357002 110.942535
v 88.671272 81.381477 111.400520
v 88.576851 81.676521 110.013000
v 88.609085 81.656509 110.971100
v 88.863525 66.322166 71.018402
v 89.120277 66.279282 70.524544
v 89.167725 66.119621 71.026886
v 89.161446 66.179497 71.952057
v 88.851135 66.322510 71.978973
v 89.120422 66.346230 72.439606
v 88.931854 66.862869 70.102531
v 89.246033 66.885994 69.736565
v 89.138107 66.559875 70.047318
v 89.058456 66.555603 72.954483
v 89.076401 66.831268 73.486275
v 88.868858 67.389046 70.069565
v 89.210625 67.388062 69.703667
v 89.076996 67.072037 74.005020
v 89.142334 67.362564 74.914978
v 88.827103 67.472961 74.961678
v 89.132996 67.571175 75.403793
v 88.932556 67.902740 70.117851
v 89.250885 67.824615 69.791954
v 89.127258 67.841560 75.907066
v 88.820427 68.029221 75.967331
v 89.131012 68.135208 76.407600
v 89.144020 68.139488 70.098198
v 89.070541 68.470131 70.536446
v 89.132004 68.420830 76.900925
v 88.833305 68.628563 76.948341
v 89.151764 68.717171 77.287300
v 89.075478 68.811584 71.025146
v 89.075363 69.112244 71.520836
v 89.041824 69.116562 77.620293
v 89.074699 69.409035 72.018730
v 89.075027 69.700150 72.519814
v 89.106712 69.466225 77.964676
v 88.900475 69.787437 77.921387
v 89.203941 69.800507 78.310547
v 89.074570 69.995163 73.018967
v 89.077682 70.274315 73.526123
v 88.812035 70.347687 78.004112
v 89.072853 70.290604 78.517517
v 89.062920 70.555763 74.051254
v 88.811249 70.860901 75.020828
v 89.111259 70.804482 74.555962
v 88.755745 70.932877 77.985603
v 89.152916 70.658394 78.944412
v 89.046249 70.973045 78.906136
v 89.254097 70.987938 79.271912
v 89.120537 71.076393 75.071251
v 88.862595 71.386429 76.028458
v 89.132858 71.349464 75.577492
v 88.807259 71.469078 77.038940
v 88.865761 71.470848 77.991432
v 89.043015 71.426163 78.920311
v 89.251862 71.443779 79.426842
v 89.154800 71.566689 76.057465
v 89.073662 71.790779 76.983444
v 89.027969 71.963547 77.996613
v 89.132660 72.032463 77.519325
v 89.116768 72.057938 78.492119
v 89.120613 71.770782 78.984543
v 89.189407 72.281921 77.998360
v 88.866028 74.531242 99.020035
v 89.107262 74.474831 98.516388
v 89.170967 74.365067 99.029549
v 89.155632 74.348198 100.001411
v 88.838684 74.504242 100.001541
v 89.154892 74.346085 101.000008
v 88.836494 74.501465 101.000275
v 89.157959 74.359825 101.997940
v 88.825951 74.490372 101.999123
v 89.157829 74.420670 102.946281
v 88.847649 74.528076 102.979195
v 89.105148 74.530075 103.451279
v 89.024979 75.105392 94.030022
v 89.115128 75.025635 93.508842
v 89.172318 74.788857 94.015961
v 89.153679 74.774055 95.001274
v 88.998077 75.091675 95.001625
v 89.151245 74.772461 96.000084
v 88.977654 75.087265 96.001549
v 89.132759 74.760254 97.001869
v 88.936768 75.074860 97.005959
v 89.046967 74.691566 97.989746
v 88.765923 75.004410 97.979836
v 89.048538 74.649147 104.000648
v 89.071381 74.758698 104.995125
v 89.063309 74.886986 105.957596
v 89.066742 75.074944 106.466530
v 89.094719 75.595276 93.096855
v 89.207764 75.596268 92.572975
v 89.132332 75.312698 93.013168
v 88.957245 75.594566 94.021111
v 88.912804 75.595604 95.003723
v 88.864204 75.602837 96.004478
v 88.754730 75.583755 97.000999
v 89.064262 75.360306 106.958038
v 89.062088 75.692757 107.352409
v 89.130287 75.873245 93.015244
v 89.020958 76.084251 94.030273
v 89.117767 76.159927 93.509636
v 88.971863 76.115417 95.020287
v 88.885719 76.162369 96.010201
v 88.776855 76.183617 97.002563
v 88.774872 76.190353 107.989563
v 89.136360 76.053490 107.682747
v 89.172096 76.397064 94.018593
v 89.114105 76.452599 95.003471
v 89.038612 76.640381 96.031693
v 89.151382 76.688454 95.523544
v 88.980072 76.663879 97.007973
v 88.817879 76.721832 97.988724
v 88.750740 76.794571 98.991722
v 89.107674 76.389908 108.053543
v 89.047523 76.736206 108.492165
v 89.197449 76.834671 96.028267
v 89.166054 76.883804 97.005646
v 89.111084 77.025368 97.990746
v 89.044754 77.085358 98.992264
v 88.861084 77.246422 100.019089
v 89.107658 77.296776 99.516830
v 88.836761 77.272011 101.002998
v 88.786873 77.325340 101.999054
v 89.063927 77.106476 108.964790
v 89.063721 77.491577 109.443771
v 89.172539 77.396446 100.030907
v 89.155006 77.427284 101.002213
v 89.138687 77.447327 102.022118
v 89.086777 77.543327 103.007782
v 89.073456 77.628334 104.002975
v 88.792030 77.966667 104.981674
v 89.134865 77.864555 104.919983
v 89.137772 78.058723 105.319672
v 89.071838 77.840569 109.862434
v 88.791336 77.970924 109.965744
v 89.074997 78.175606 110.189850
v 89.006287 78.388832 105.690979
v 89.062050 78.553482 110.550606
v 89.028076 78.718399 106.068321
v 89.067451 79.089584 106.449600
v 89.114960 78.926239 110.915474
v 88.801598 79.139595 110.962822
v 89.167404 79.292259 111.226707
v 88.988144 79.501343 106.766190
v 89.086777 79.718559 111.457817
v 89.022659 79.839279 107.109558
v 89.083900 80.171753 107.552727
v 88.996010 80.200661 111.672028
v 89.069862 80.544533 108.026169
v 89.079895 80.908241 108.411507
v 89.108330 80.599846 111.954460
v 88.932663 80.916618 111.885269
v 89.277016 80.962379 112.188240
v 88.824013 81.393875 109.042854
v 89.155487 81.277946 108.738808
v 88.950409 81.398697 111.884308
v 89.275688 81.374649 112.210587
v 89.123634 81.614830 109.094162
v 88.848740 81.971344 110.022507
v 89.150093 81.959969 109.571007
v 88.843430 81.979645 110.985130
v 89.081024 82.032211 111.495636
v 89.127068 81.717537 111.960365
v 89.147476 82.252678 110.025795
v 89.113472 82.293617 110.990036
v 89.395393 66.244713 70.022926
v 89.724281 66.288139 69.564636
v 89.699638 65.983696 70.036850
v 89.643822 65.853386 71.014481
v 89.667870 66.053917 71.958771
v 89.662140 66.257294 72.479530
v 89.592888 66.806366 69.388191
v 89.657433 66.526535 72.990990
v 89.659462 66.809196 73.498688
v 89.577431 67.393089 69.367317
v 89.653244 67.067398 74.007347
v 89.592041 67.354218 74.919441
v 89.605797 67.557137 75.411926
v 89.667824 67.946960 69.521225
v 89.614540 67.816231 75.921005
v 89.618820 68.105995 76.427078
v 89.639282 68.318649 69.971375
v 89.629318 68.626465 70.459656
v 89.670555 68.350601 76.934929
v 89.649712 68.683632 77.441277
v 89.677010 68.856812 70.974670
v 89.659935 69.127502 71.508621
v 89.706291 68.998825 77.897881
v 89.392990 69.187515 77.959206
v 89.736320 69.311592 78.279350
v 89.654655 69.405487 72.020889
v 89.654396 69.698013 72.521080
v 89.623253 69.698471 78.625435
v 89.654724 69.992203 73.020386
v 89.654449 70.285240 73.520432
v 89.666412 70.036781 78.987427
v 89.388855 70.342018 78.976135
v 89.737732 70.402199 79.324715
v 89.653587 70.570396 74.025101
v 89.656517 70.852951 74.530556
v 89.618408 70.864510 79.631180
v 89.657578 71.144165 75.032654
v 89.661972 71.437065 75.532402
v 89.670334 71.208794 79.994148
v 89.465782 71.580215 79.945999
v 89.676537 71.504425 80.492516
v 89.644943 71.737968 76.046753
v 89.387558 72.044968 77.014503
v 89.697151 71.989433 76.550346
v 89.231148 72.131409 79.047958
v 89.419449 72.081314 79.994621
v 89.680138 71.791336 80.998489
v 89.554955 72.140549 80.976570
v 89.734642 71.840279 81.998077
v 89.579338 72.159973 81.999535
v 89.738533 71.843552 82.999512
v 89.569099 72.158554 82.999931
v 89.759857 71.855202 84.008064
v 89.581833 72.164261 83.999428
v 89.785309 72.023262 84.960167
v 89.627876 72.205307 84.967667
v 89.739204 72.158653 85.475929
v 89.695007 72.285126 77.052803
v 89.434830 72.587387 78.034325
v 89.726387 72.600594 77.557205
v 89.480331 72.626007 79.014465
v 89.460663 72.644348 79.994987
v 89.497215 72.661880 80.997040
v 89.493469 72.665543 82.002487
v 89.463409 72.673836 83.001053
v 89.454910 72.674339 83.999489
v 89.485268 72.683563 84.994324
v 89.699280 72.390999 85.997566
v 89.544281 72.726158 85.981590
v 89.752693 72.436089 87.004791
v 89.579079 72.749062 86.998749
v 89.776184 72.578682 87.967522
v 89.620720 72.785477 87.967613
v 89.753807 72.755875 88.466156
v 89.732414 72.877693 78.029945
v 89.661415 72.961906 78.997475
v 89.597687 73.151848 80.027695
v 89.706825 73.217751 79.515266
v 89.581581 73.167244 81.001770
v 89.557243 73.185890 82.019714
v 89.472878 73.234032 83.005287
v 89.454185 73.239845 84.000549
v 89.452110 73.242966 85.002029
v 89.452011 73.257042 85.997940
v 89.455322 73.260506 86.999649
v 89.480110 73.269341 87.990829
v 89.752937 73.018044 88.942436
v 89.629105 73.327461 88.915497
v 89.831200 73.333229 89.278252
v 89.761734 73.461494 80.018692
v 89.737091 73.485725 81.003120
v 89.687866 73.531357 82.000748
v 89.598099 73.738556 83.028969
v 89.710999 73.799576 82.517204
v 89.568977 73.755585 84.001617
v 89.544151 73.773849 85.018456
v 89.485481 73.816452 86.005867
v 89.443710 73.828415 87.002556
v 89.446030 73.834702 87.996140
v 89.576767 73.836372 88.945213
v 89.787155 73.826393 89.447273
v 89.762794 74.046677 83.017738
v 89.737061 74.071777 84.003090
v 89.698036 74.109955 85.001877
v 89.619125 74.300911 86.031929
v 89.734741 74.348099 85.523064
v 89.558578 74.355148 87.018913
v 89.489105 74.399124 87.996368
v 89.604065 74.353287 88.931465
v 89.742348 74.389465 89.461998
v 89.625725 74.554237 92.035446
v 89.741234 74.493454 91.522865
v 89.795982 74.394211 92.025688
v 89.771194 74.369087 93.002533
v 89.559082 74.534866 93.009232
v 89.743401 74.343689 93.999901
v 89.431335 74.518250 93.991539
v 89.738518 74.332947 95.000038
v 89.423515 74.502502 95.000412
v 89.738647 74.333305 96.000130
v 89.422417 74.501190 96.000061
v 89.740013 74.343742 97.000656
v 89.420120 74.498398 97.001984
v 89.722900 74.322021 98.021271
v 89.371490 74.445084 97.999641
v 89.674576 74.251022 99.007889
v 89.658936 74.261948 99.999435
v 89.657883 74.272202 100.999374
v 89.653442 74.292923 101.987785
v 89.590134 74.403275 102.922752
v 89.621918 74.545357 103.443047
v 89.773605 74.509491 86.034866
v 89.708733 74.693390 86.996109
v 89.624802 74.895264 88.001068
v 89.727844 74.958092 87.522491
v 89.682373 74.998314 88.496140
v 89.667007 74.711647 88.997276
v 89.585602 75.087799 91.048653
v 89.671524 75.012413 90.502563
v 89.709427 74.742493 91.012726
v 89.432678 75.024628 92.011703
v 89.259148 74.969048 92.971733
v 89.667717 74.687973 104.001602
v 89.640877 74.815567 104.987312
v 89.585320 74.956955 105.929016
v 89.599731 75.155388 106.419411
v 89.779007 75.210930 87.999268
v 89.693115 75.592583 90.100555
v 89.807533 75.593651 89.576393
v 89.699844 75.308846 90.008919
v 89.516907 75.595444 91.026566
v 89.333321 75.592995 92.007881
v 89.577469 75.461571 106.885544
v 89.503777 75.770020 107.215034
v 89.746284 75.850647 90.032471
v 89.583336 76.101974 91.047829
v 89.713089 76.149506 90.518990
v 89.431618 76.165024 92.013405
v 89.255547 76.219604 92.971016
v 89.604881 76.201035 107.465363
v 89.721954 76.429642 91.023193
v 89.623253 76.635384 92.033073
v 89.751991 76.669800 91.531296
v 89.557823 76.651230 93.004753
v 89.433014 76.669800 93.991470
v 89.378387 76.734741 95.000427
v 89.579247 76.593758 107.923210
v 89.572975 76.920364 108.409744
v 89.794380 76.781624 92.033424
v 89.769325 76.820892 93.004601
v 89.742805 76.850052 94.003471
v 89.712303 76.910271 95.018280
v 89.646217 77.120636 95.995605
v 89.603355 77.185371 96.982658
v 89.429443 77.258553 98.015533
v 89.674194 77.311852 97.506294
v 89.380791 77.308830 99.002609
v 89.588867 77.214661 108.899490
v 89.580093 77.510918 109.289719
v 89.752609 77.370590 98.031876
v 89.725327 77.400330 99.026108
v 89.663254 77.483719 100.009987
v 89.658180 77.501343 101.000534
v 89.657631 77.515358 102.000961
v 89.647415 77.544830 103.000092
v 89.646637 77.571609 104.003807
v 89.649223 77.697693 104.983231
v 89.640343 77.855309 105.551353
v 89.351395 77.974998 109.963943
v 89.700394 77.853561 109.649498
v 89.603218 78.195526 106.027794
v 89.327194 78.480995 106.045502
v 89.647827 78.549324 106.479042
v 89.688042 78.158363 110.046349
v 89.633377 78.508949 110.480911
v 89.517593 79.022224 106.710846
v 89.654556 78.886986 110.939995
v 89.658707 79.251213 111.288101
v 89.620949 79.376160 107.038300
v 89.334518 79.652588 107.047943
v 89.690475 79.728897 107.377785
v 89.635956 79.672997 111.604790
v 89.585983 80.135994 107.703575
v 89.695030 80.078049 111.934509
v 89.385170 80.308594 111.965912
v 89.758316 80.470848 112.208794
v 89.619789 80.491516 108.055046
v 89.681427 80.891281 108.395996
v 89.687378 80.894379 112.375969
v 89.657539 81.317123 108.708183
v 89.679771 81.448036 112.468346
v 89.656418 81.699051 109.049789
v 89.667137 82.074318 109.418289
v 89.319099 82.067192 111.998718
v 89.735130 81.990852 112.460190
v 89.458092 82.501236 110.045059
v 89.749901 82.433197 109.747223
v 89.395119 82.587097 111.010864
v 89.577118 82.535995 111.940887
v 89.822845 82.540733 112.283340
v 89.754662 82.672920 110.073341
v 89.702042 82.884567 110.986542
v 89.777634 82.825661 111.956360
v 90.024200 65.731186 70.018837
v 90.287880 65.693588 69.520401
v 90.346008 65.583252 70.028610
v 90.328896 65.598099 70.952049
v 89.991386 65.703629 70.986992
v 90.283195 65.744209 71.446709
v 90.209000 66.306702 68.055214
v 90.351349 66.258148 67.549599
v 90.352188 66.001144 68.024956
v 90.256508 65.930878 68.999199
v 90.025909 66.255272 69.010971
v 90.221825 65.950005 71.964127
v 90.243797 66.246468 72.483147
v 90.133156 66.804832 68.049339
v 90.308250 66.803398 67.525604
v 89.871201 66.801300 68.970573
v 90.238106 66.553802 72.972519
v 90.253960 66.900055 73.461082
v 90.182190 67.320763 68.073601
v 90.380211 67.337120 67.573280
v 89.877846 67.390526 68.971115
v 90.188873 67.197304 73.965271
v 89.907959 67.463135 74.966431
v 90.221741 67.420128 74.486267
v 90.322594 67.632690 68.036057
v 90.066032 67.908661 69.045189
v 90.302017 67.915291 68.527618
v 90.237579 67.689850 74.997490
v 89.944221 67.985970 75.993057
v 90.259422 67.955025 75.508560
v 90.320732 68.132759 69.055618
v 89.967125 68.526390 70.017258
v 90.296944 68.425819 69.573540
v 90.285034 68.152023 76.024162
v 90.178253 68.467812 76.933815
v 90.189148 68.711212 77.417885
v 90.311264 68.624107 70.079117
v 90.268776 68.894142 71.010704
v 90.211708 69.060692 71.548698
v 90.200142 68.993881 77.914322
v 90.190033 69.332863 78.415108
v 90.193985 69.317230 72.072014
v 90.185654 69.595085 72.581352
v 90.307365 69.592468 78.870712
v 89.979973 69.779991 78.953590
v 90.327728 69.930801 79.229988
v 90.190018 69.895042 73.078300
v 90.185646 70.181084 73.581352
v 90.243828 70.327240 79.565788
v 90.189522 70.480858 74.078308
v 90.187599 70.769119 74.580292
v 90.284431 70.685005 79.987167
v 89.952461 70.908012 79.999557
v 90.263962 70.935036 80.487999
v 90.195473 71.080635 75.073860
v 90.253296 71.393517 75.542297
v 90.240692 71.185844 81.018806
v 89.926186 71.465729 81.010490
v 90.311333 71.356956 81.994682
v 89.996330 71.552826 81.998123
v 90.325226 71.404472 82.997581
v 90.010216 71.573799 82.998573
v 90.335457 71.469551 83.950294
v 90.030724 71.605194 83.976662
v 90.287476 71.606339 84.447594
v 90.238708 71.745697 76.028107
v 90.272156 72.100822 76.509537
v 90.240181 71.776016 84.991264
v 90.306862 71.961937 85.979263
v 89.970856 72.120491 85.997147
v 90.340439 72.028587 86.969292
v 90.022499 72.174789 86.982689
v 90.265625 72.126808 87.489098
v 90.206360 72.448898 76.950874
v 90.200111 72.754036 77.347801
v 90.215790 72.280411 88.015060
v 90.317947 72.596428 88.915855
v 90.010689 72.755203 88.942635
v 90.326614 72.829567 89.282578
v 90.037239 73.135452 78.042000
v 90.325424 73.084312 77.712852
v 89.932663 73.269379 78.991295
v 90.210472 73.217270 89.623932
v 90.336143 73.307167 78.068520
v 90.243256 73.552559 78.982323
v 90.032707 73.731110 80.019257
v 90.283554 73.770538 79.521049
v 90.006432 73.759758 81.003387
v 89.955498 73.826912 82.001007
v 90.255890 73.552269 89.994835
v 90.045639 73.899559 89.973915
v 90.264717 73.853752 90.489876
v 90.342041 73.893044 80.030716
v 90.322136 73.932854 81.005127
v 90.283287 74.050957 82.010452
v 90.040962 74.303612 83.029480
v 90.299362 74.282562 82.570145
v 90.008835 74.342010 84.003159
v 89.962181 74.393837 84.999687
v 89.835060 74.442741 90.007553
v 90.223618 74.106895 91.049316
v 89.927032 74.396225 90.951088
v 90.258080 74.182091 91.999947
v 90.257790 74.226845 92.999352
v 90.253792 74.215782 93.999817
v 90.253746 74.215233 95.000023
v 90.254639 74.228271 96.000351
v 90.244743 74.258507 96.999001
v 90.243050 74.261948 98.000580
v 90.227470 74.250885 98.992157
v 90.178894 74.322479 99.978600
v 90.161179 74.346092 100.998016
v 90.145874 74.373207 101.969261
v 89.914604 74.490654 102.972404
v 90.207314 74.480995 102.480766
v 90.336998 74.439392 83.052605
v 90.326538 74.500366 84.004585
v 90.297318 74.567825 85.018784
v 90.212166 74.811684 85.981789
v 89.976341 74.972992 87.012001
v 90.253532 74.992622 86.505836
v 89.744034 75.080338 89.040749
v 89.744438 74.936569 89.957870
v 90.247955 74.702621 103.023438
v 90.169952 74.884445 103.995255
v 90.118240 74.973709 104.965927
v 89.899292 75.086868 105.964165
v 90.150108 75.102600 105.467674
v 90.297531 75.190376 87.042557
v 90.021286 75.518211 88.068344
v 90.298981 75.477974 87.568726
v 89.889610 75.577072 89.008423
v 90.163605 75.353348 105.963387
v 89.793854 75.671707 106.888748
v 90.091377 75.654419 106.416473
v 90.296822 75.773499 88.067345
v 90.182739 76.051888 89.040771
v 90.331604 76.035568 88.573967
v 89.955650 76.171593 89.986244
v 89.884552 76.216553 106.997208
v 90.164276 76.184563 106.464310
v 90.356094 76.229118 89.059746
v 90.251495 76.473885 89.986595
v 89.996895 76.695992 91.024971
v 90.274414 76.711899 90.517937
v 90.014297 76.797005 107.011360
v 90.148849 76.732704 106.451302
v 89.742088 76.859947 107.939110
v 90.327408 76.840027 91.049896
v 90.262794 76.948227 92.009499
v 90.258423 76.953964 93.001122
v 90.253410 76.979774 94.003441
v 90.254295 77.079391 95.008202
v 89.989311 77.259682 96.017029
v 90.245415 77.195862 95.579025
v 89.946053 77.311440 96.998566
v 90.065559 77.417236 106.031250
v 90.208305 77.045395 105.989494
v 90.182297 77.311249 105.489014
v 90.010551 77.352066 106.999573
v 90.025650 77.330894 107.960617
v 89.853951 77.443176 108.926941
v 90.243919 77.302559 96.057556
v 90.237083 77.332382 97.018944
v 90.171562 77.392700 98.004944
v 90.163734 77.390686 99.000877
v 90.159058 77.417313 99.999947
v 90.161171 77.428146 101.000000
v 90.161072 77.427719 101.999954
v 90.156601 77.427727 102.998367
v 90.133461 77.409904 103.997009
v 90.102615 77.426239 104.994507
v 89.795021 77.889214 106.055649
v 90.023041 77.906693 106.987907
v 90.141525 77.974442 107.550529
v 90.165833 77.688255 108.017303
v 90.128242 77.735497 108.972084
v 90.149811 78.026291 109.424614
v 89.909599 78.500534 106.990974
v 90.189468 78.522041 107.525146
v 90.187752 78.340080 109.935677
v 90.187508 78.647736 110.427544
v 89.833328 79.063103 107.081573
v 90.143265 79.115135 107.544044
v 90.189453 78.957169 110.902344
v 90.162186 79.287872 111.260651
v 90.097237 79.621170 107.705399
v 90.243912 79.655807 111.593224
v 90.218781 79.970604 108.028885
v 89.935532 80.262115 108.024490
v 90.319664 80.362526 108.328712
v 90.245018 80.028641 111.957726
v 90.253250 80.410118 112.280800
v 90.229469 80.845551 108.541832
v 90.238823 80.866974 112.524597
v 90.149086 81.272095 108.772362
v 90.140205 81.361725 112.709953
v 90.205101 81.656303 109.068092
v 90.271584 82.071960 109.381966
v 90.292412 81.773506 112.939407
v 90.147652 82.039131 112.854332
v 90.513832 82.041283 113.115013
v 90.257957 82.500946 109.692612
v 90.301834 82.301575 112.935661
v 90.205887 82.670403 112.631042
v 90.234665 82.877655 110.059799
v 89.998459 83.160286 111.014244
v 90.299393 83.172264 110.540718
v 90.039238 83.126122 111.963280
v 90.318634 83.137611 112.333702
v 90.309395 83.437843 111.019501
v 90.320816 83.429871 111.968491
v 90.812424 65.727226 66.057426
v 90.986961 65.696220 65.579735
v 90.957764 65.436455 66.031136
v 90.916336 65.398506 67.012398
v 90.717300 65.709045 67.013290
v 90.892609 65.479149 67.994995
v 90.588821 65.709023 67.988182
v 90.888878 65.503067 69.019424
v 90.550079 65.664589 69.001343
v 90.847137 65.469986 70.003479
v 90.830727 65.549210 70.952026
v 90.829292 65.713692 71.461334
v 90.729286 66.219444 66.051308
v 90.894104 66.220284 65.524574
v 90.520966 66.206131 67.006683
v 90.821800 65.980560 71.965172
v 90.835297 66.329895 72.447807
v 90.766396 66.735504 66.071762
v 90.945854 66.764404 65.556488
v 90.516861 66.797112 66.995003
v 90.754547 66.660370 72.890007
v 90.689163 66.962433 73.252876
v 90.888771 67.064018 66.025444
v 90.644913 67.333572 67.039009
v 90.858482 67.370285 66.512146
v 90.514099 67.416679 73.983665
v 90.812752 67.365906 73.519264
v 90.869827 67.648293 67.021385
v 90.581383 67.909004 68.025871
v 90.869125 67.914200 67.522972
v 90.780869 67.713264 73.978157
v 90.528488 67.982552 74.996284
v 90.780853 68.007721 74.482773
v 90.911346 68.060860 68.051903
v 90.835205 68.296646 68.993813
v 90.832642 68.493324 69.526154
v 90.778381 68.289673 75.011208
v 90.723549 68.464195 75.970482
v 90.496353 68.624199 76.971176
v 90.763069 68.635941 76.475601
v 90.829399 68.650749 70.047951
v 90.813179 68.785713 71.001411
v 90.515274 69.116325 72.015427
v 90.844360 68.869255 71.942230
v 90.784088 69.109444 72.519669
v 90.812553 68.871841 76.993378
v 90.526733 69.165955 77.988586
v 90.839630 69.134773 77.505318
v 90.490211 69.676926 73.033546
v 90.759529 69.396469 73.024094
v 90.755257 69.684372 73.529053
v 90.867744 69.330376 78.021622
v 90.758392 69.678856 78.906288
v 90.751228 69.933006 79.246391
v 90.491753 70.264671 74.033180
v 90.762550 69.983467 74.025070
v 90.779350 70.281204 74.523239
v 90.831421 70.274193 79.600899
v 90.510826 70.872917 75.024780
v 90.799904 70.589836 75.017265
v 90.846329 70.943810 75.467819
v 90.828743 70.556511 80.017792
v 90.898651 70.868263 80.919746
v 90.573296 70.977165 80.975967
v 90.863724 71.018700 81.448479
v 90.697769 71.347397 75.733047
v 90.820198 71.175476 81.998085
v 90.839691 71.293747 82.991898
v 90.830414 71.403053 83.952850
v 90.830437 71.536736 84.482994
v 90.763374 71.662376 76.098419
v 90.822701 72.019493 76.483292
v 90.829979 71.705620 85.021622
v 90.837082 71.860191 85.994469
v 90.831078 71.953110 86.978752
v 90.831139 72.099892 87.902733
v 90.551460 72.141457 87.983643
v 90.831535 72.261848 88.405693
v 90.550522 72.623383 77.035507
v 90.822586 72.412262 76.827080
v 90.830742 72.455704 88.926331
v 90.822388 72.789177 89.439575
v 90.828766 72.755188 77.143791
v 90.841774 73.103867 77.559669
v 90.876328 73.092178 89.915215
v 90.554459 73.275803 89.979774
v 90.885391 73.407043 90.407997
v 90.823875 73.465714 78.067535
v 90.575058 73.763855 79.026909
v 90.870361 73.696358 78.565475
v 90.884125 73.695381 90.913475
v 90.560684 73.879036 90.986465
v 90.859039 73.914513 91.454926
v 90.899757 73.857224 79.076721
v 90.846649 74.004257 80.011131
v 90.838303 74.058517 81.003738
v 90.830482 74.181252 81.982658
v 90.831276 74.359505 82.523544
v 90.807648 74.073212 91.999313
v 90.822701 74.191063 92.995758
v 90.820374 74.214111 93.999794
v 90.819679 74.219490 94.999611
v 90.811325 74.249794 95.992523
v 90.765121 74.321136 96.979393
v 90.747124 74.346336 97.997971
v 90.732246 74.362915 98.970749
v 90.530144 74.445259 100.000305
v 90.798187 74.470123 99.485008
v 90.479813 74.501183 100.996628
v 90.455940 74.524971 101.981178
v 90.829895 74.501518 83.046951
v 90.830872 74.585426 84.010307
v 90.838654 74.726303 85.009987
v 90.550049 74.944901 86.014641
v 90.832924 74.858543 85.578499
v 90.853821 74.692749 100.009148
v 90.766083 74.762688 100.997025
v 90.724701 74.796837 101.981041
v 90.554871 74.988922 103.005280
v 90.777443 75.042320 102.483795
v 90.478539 75.092155 104.004898
v 90.299492 75.135086 104.959930
v 90.831886 74.994873 86.100571
v 90.829239 75.295059 87.008835
v 90.861168 75.613449 87.510338
v 90.800751 75.310501 102.999374
v 90.711174 75.382309 103.973648
v 90.703270 75.634468 104.443794
v 90.529839 75.594948 104.983925
v 90.293831 75.666641 105.924339
v 90.803596 75.942497 87.967522
v 90.814362 76.207115 88.477310
v 90.576927 76.198181 104.999382
v 90.733627 76.148331 104.451431
v 90.352036 76.179611 105.948906
v 90.837761 76.431610 89.019470
v 90.572876 76.700607 90.025635
v 90.870621 76.651466 89.556152
v 90.654976 76.809486 104.033028
v 90.793587 76.461700 103.990211
v 90.792419 76.748466 103.492363
v 90.478523 76.751335 104.989349
v 90.310303 76.699425 105.933144
v 90.903915 76.806923 90.073196
v 90.845528 76.951660 91.010338
v 90.829918 76.994247 92.000137
v 90.821602 76.983589 92.998978
v 90.820892 76.980606 94.000938
v 90.823410 77.014336 95.004715
v 90.496017 77.260605 96.016823
v 90.856079 77.147781 95.984467
v 90.518440 77.293472 97.002403
v 90.862961 77.146690 97.000114
v 90.518669 77.302864 98.001953
v 90.862885 77.151123 97.997078
v 90.492104 77.282547 98.999405
v 90.838722 77.056877 98.983597
v 90.492111 77.286613 100.000252
v 90.807907 77.035217 99.998474
v 90.479469 77.272682 100.999985
v 90.766037 77.010269 100.996811
v 90.477974 77.270821 101.999542
v 90.748413 76.999855 101.998451
v 90.466949 77.253525 103.010017
v 90.726608 76.980598 102.983017
v 90.344864 77.239616 103.993774
v 90.288017 77.228081 104.967293
v 90.298492 78.024895 108.049217
v 90.320381 78.045410 108.968315
v 90.398361 78.539009 108.038971
v 90.597336 78.512932 108.978043
v 90.462280 78.591454 109.948990
v 90.480431 79.085327 108.058823
v 90.695221 79.153946 108.565514
v 90.750031 78.861206 109.019325
v 90.739952 78.886444 109.985977
v 90.489807 79.170235 110.953773
v 90.775635 79.156738 110.477043
v 90.411110 79.646690 108.087524
v 90.717972 79.714561 108.539635
v 90.798248 79.432014 110.982437
v 90.768387 79.750877 111.441895
v 90.721260 80.269066 108.657883
v 90.836555 80.053398 111.919662
v 90.820564 80.420250 112.293221
v 90.653557 80.772804 108.764572
v 90.803619 80.842842 112.607635
v 90.799301 81.138947 109.038506
v 90.517357 81.428589 109.033867
v 90.921387 81.545837 109.305260
v 90.868248 81.264977 112.917366
v 90.560669 81.484901 112.957649
v 90.929489 81.658371 113.176964
v 90.844933 82.040146 109.465614
v 90.890518 82.044189 113.278854
v 90.868889 82.562523 109.672745
v 90.552109 82.614395 112.979843
v 90.962830 82.508133 113.240166
v 90.793976 82.991966 109.962494
v 90.770088 83.333611 110.320686
v 90.822655 82.924767 113.008575
v 90.717056 83.266235 112.671249
v 90.611343 83.721481 111.030838
v 90.902573 83.724976 110.664642
v 90.609886 83.726151 111.977219
v 90.891975 83.727226 112.439995
v 90.910126 84.010933 111.033775
v 90.895790 84.026497 111.980255
v 91.213531 65.159760 66.018791
v 91.459396 65.107239 65.520210
v 91.517113 64.993332 66.028221
v 91.514320 65.001877 66.971397
v 91.198914 65.149162 66.985245
v 91.434059 65.090019 67.491005
v 91.413857 65.717995 63.056084
v 91.565125 65.678932 62.569405
v 91.523834 65.411346 63.023125
v 91.477272 65.381485 64.002220
v 91.342720 65.714882 64.008492
v 91.426170 65.342743 64.997566
v 91.205566 65.673409 65.011208
v 91.370178 65.216850 68.030663
v 91.421425 65.384140 68.997299
v 91.401001 65.451012 69.987099
v 91.343170 65.589058 70.926643
v 91.357307 65.782089 71.417801
v 91.383598 66.154587 63.073162
v 91.555557 66.176666 62.569366
v 91.257065 66.215240 64.017509
v 91.088036 66.218941 64.987488
v 91.336517 66.080544 71.892509
v 91.258827 66.376190 72.234276
v 91.460335 66.495789 63.013817
v 91.329346 66.728630 64.045967
v 91.444275 66.791519 63.507294
v 91.126549 66.802521 65.010178
v 90.978210 66.875496 72.892807
v 91.298119 66.801483 72.447487
v 91.476608 67.058517 64.020004
v 91.345642 67.274483 65.038338
v 91.498085 67.309349 64.526749
v 91.116455 67.388458 65.983459
v 91.077522 67.414429 73.005325
v 91.377762 67.392410 72.481537
v 91.530022 67.459862 65.038132
v 91.420761 67.684982 65.987511
v 91.163696 67.912491 67.023346
v 91.447456 67.919479 66.518723
v 91.156418 68.005165 72.995270
v 91.327888 67.943588 72.450920
v 90.915665 68.053909 73.950233
v 91.500031 68.038223 67.052605
v 91.430275 68.178078 68.013062
v 91.435532 68.336838 68.992828
v 91.382172 68.469566 69.546860
v 91.136444 68.576141 72.058838
v 91.384079 68.247040 71.984528
v 91.366386 68.507248 71.478470
v 91.069023 68.553001 73.003128
v 91.011642 68.574287 73.988037
v 90.938950 68.630089 74.981956
v 90.908592 68.671944 75.969215
v 91.330101 68.595688 70.047028
v 91.307472 68.614502 70.975388
v 90.908470 69.058846 73.040985
v 91.011803 69.133949 74.012306
v 91.080772 69.152718 74.999634
v 91.187004 69.136520 75.975418
v 91.082062 69.175446 76.968483
v 90.905327 69.651299 74.051514
v 91.134285 69.702049 75.008240
v 91.280907 69.770836 75.561356
v 91.331978 69.484978 76.019562
v 91.332596 69.495834 77.012192
v 91.308197 69.637703 77.972069
v 91.068939 69.821571 78.944786
v 91.344826 69.813316 78.473396
v 90.996040 70.255409 75.044090
v 91.256302 70.265495 75.582512
v 91.379669 70.061676 78.980331
v 91.364006 70.359123 79.451363
v 91.191200 70.938614 75.960609
v 91.371307 70.594963 76.021194
v 91.474930 70.933121 76.462402
v 91.421341 70.596321 79.986115
v 91.350906 70.866493 80.921257
v 91.380020 71.027702 81.443382
v 91.005577 71.429634 76.085495
v 91.335945 71.495308 76.529938
v 91.424736 71.181534 81.999992
v 91.398003 71.313644 82.985580
v 91.344536 71.442055 83.929588
v 91.379478 71.600952 84.447090
v 91.253975 71.983170 76.733971
v 91.422874 71.762436 85.000740
v 91.398224 71.896706 85.986496
v 91.337509 72.004845 86.951752
v 91.106560 72.143951 87.981583
v 91.399826 72.117088 87.489952
v 91.379478 72.343155 77.042862
v 91.092949 72.610199 77.062050
v 91.473648 72.722198 77.357872
v 91.446091 72.275154 88.017982
v 91.349586 72.575630 88.931763
v 91.362015 72.811310 89.419243
v 91.406990 73.124252 77.670250
v 91.366333 73.100632 89.914536
v 91.365776 73.398369 90.413071
v 91.418114 73.456284 78.076935
v 91.370461 73.685654 78.572128
v 91.373100 73.673302 90.922539
v 91.381599 73.932274 91.445068
v 91.349098 73.862396 79.076248
v 91.400078 74.004387 80.011063
v 91.407379 74.052162 81.004532
v 91.427986 74.161865 81.998344
v 91.373772 74.302841 82.555244
v 91.418495 74.119957 91.991386
v 91.355736 74.297676 92.979156
v 91.336441 74.330620 93.999252
v 91.329903 74.345673 94.999084
v 91.293709 74.385437 95.968208
v 91.103790 74.462395 96.998100
v 91.341637 74.499069 96.476875
v 91.065796 74.501060 97.996887
v 91.041183 74.526154 98.981255
v 91.324883 74.445656 83.051598
v 91.351967 74.525063 84.021439
v 91.400497 74.639381 85.013741
v 91.107056 74.947945 86.019516
v 91.455589 74.826714 85.969666
v 91.417992 75.007622 86.500053
v 91.387215 74.726578 97.000221
v 91.336151 74.772682 97.996994
v 91.310944 74.796852 98.980759
v 91.136398 75.003853 100.019379
v 91.350563 75.047417 99.478951
v 90.962509 75.076225 100.993347
v 90.890991 75.105782 101.969589
v 91.367508 75.221397 87.020142
v 91.430679 75.570976 87.444572
v 91.342667 75.338486 99.975540
v 91.302040 75.627785 100.448189
v 91.144096 75.584641 100.997284
v 91.027359 75.608833 101.991081
v 90.913063 75.662331 102.977295
v 90.833374 75.679184 103.946152
v 91.146255 76.097015 88.051018
v 91.412651 75.925407 87.821014
v 91.143768 76.190521 101.001190
v 91.282570 76.138176 100.440849
v 91.033875 76.170876 101.994522
v 90.970345 76.174698 102.985886
v 90.862885 76.115829 103.926353
v 91.416428 76.150734 88.115410
v 91.415886 76.491425 88.999283
v 91.415024 76.695236 89.528664
v 91.141808 76.785736 99.006958
v 91.385246 76.461639 98.998276
v 91.342072 76.702591 98.480453
v 91.091064 76.728539 100.016060
v 91.303802 76.397018 99.973511
v 90.961456 76.696365 100.997108
v 90.921982 76.685814 101.997452
v 90.882210 76.669113 102.970245
v 91.415779 76.852837 90.047127
v 91.404404 76.944321 91.003639
v 91.397232 76.949928 91.992470
v 91.350975 76.874786 92.979263
v 91.336327 76.856888 93.999458
v 91.339996 76.871117 95.000481
v 91.338814 76.893295 95.997314
v 91.313637 76.867004 96.995461
v 91.290955 76.834732 97.971916
v 90.881180 79.197723 109.049866
v 90.924438 79.203194 109.973793
v 90.969574 79.714073 109.046188
v 91.189400 79.681526 109.978134
v 91.085541 79.723961 110.964081
v 91.057274 80.256569 109.074150
v 91.287270 80.326401 109.565132
v 91.352676 80.029037 110.023628
v 91.376976 80.017738 111.018578
v 91.315971 80.240723 111.926964
v 91.317917 80.483185 112.237732
v 90.990723 80.817566 109.097015
v 91.328590 80.890404 109.528748
v 91.416176 80.882217 112.555008
v 91.386612 81.491241 109.602020
v 91.376381 81.271774 112.912643
v 91.329819 81.654930 113.196991
v 91.394928 82.052002 109.589600
v 91.403069 82.071922 113.341637
v 91.430801 82.601509 109.637024
v 91.440399 82.611504 113.376167
v 91.114418 83.222755 109.986748
v 91.534798 83.081688 109.757042
v 91.064713 83.237762 113.024902
v 91.491188 83.163170 113.295761
v 91.424789 83.494598 110.014145
v 91.362198 83.849876 110.356155
v 91.240219 83.744423 112.921318
v 91.605255 83.700737 113.215096
v 91.205360 84.301460 111.036125
v 91.508934 84.288628 110.688194
v 91.166267 84.342285 111.987984
v 91.414581 84.384315 112.499863
v 91.466042 84.060875 112.961731
v 91.490395 84.604340 111.037453
v 91.427460 84.659454 111.995766
v 91.970222 65.186707 62.080769
v 92.020485 65.291344 62.004845
v 92.042770 65.102936 62.145756
v 92.051590 64.815292 63.008560
v 91.753578 65.097450 62.989830
v 92.039413 64.783806 64.015633
v 91.731415 65.065193 64.003838
v 92.054245 64.893867 65.017685
v 91.712570 65.062500 64.998344
v 92.019020 64.875633 66.006332
v 92.003143 64.925377 66.978691
v 92.003334 65.068443 67.903152
v 91.719688 65.102974 67.987900
v 92.004112 65.205452 68.416901
v 91.806137 65.627098 62.098896
v 92.055923 65.691628 61.931206
v 91.985207 65.336746 68.978783
v 91.922768 65.544884 69.947884
v 91.664421 65.702469 70.967049
v 91.965286 65.688591 70.478157
v 91.804504 66.220757 62.090076
v 92.144257 66.223343 61.839085
v 91.952858 65.966576 70.969193
v 91.554611 66.296059 71.891594
v 91.872940 66.272766 71.422707
v 91.934311 66.729469 62.091270
v 92.221832 66.691071 61.838745
v 91.605690 66.836525 62.980583
v 91.655563 66.808868 71.967354
v 91.968018 66.806915 71.479889
v 92.094818 67.033737 62.065540
v 91.911964 67.272568 63.031677
v 92.090630 67.291977 62.533672
v 91.740067 67.327034 63.993282
v 91.671761 67.386467 71.978218
v 91.964165 67.386009 71.477898
v 92.120789 67.427933 63.035706
v 92.070778 67.495354 64.025215
v 92.002022 67.681816 65.012169
v 91.746109 67.903740 66.024536
v 92.038887 67.855927 65.554398
v 91.584961 67.926903 71.928085
v 91.853851 67.909874 71.414185
v 92.072678 67.985992 66.078751
v 92.007187 68.113724 67.013298
v 91.991287 68.170631 68.000740
v 91.996727 68.240181 69.004417
v 91.666603 68.485123 70.016975
v 92.009041 68.328514 69.979897
v 91.627586 68.453880 70.982788
v 91.924149 68.184586 70.942757
v 91.430962 69.815277 76.054649
v 91.485802 69.825577 77.004066
v 91.493294 69.845261 77.970390
v 91.440491 70.257156 76.084122
v 91.635193 70.328430 77.008987
v 91.769341 70.310966 77.974243
v 91.672264 70.348000 78.965630
v 91.692574 70.861870 77.006859
v 91.897446 70.944931 77.553993
v 91.940224 70.651909 78.023354
v 91.966034 70.639023 79.018402
v 91.916161 70.803123 79.971062
v 91.672325 70.974548 80.972137
v 91.968620 70.957100 80.482422
v 91.666214 71.489891 77.025421
v 91.954330 71.491920 77.526665
v 92.005974 71.186554 81.023445
v 91.927948 71.368408 81.995232
v 91.881630 71.450050 82.967392
v 91.672211 71.558350 83.973984
v 91.935753 71.574753 83.476555
v 91.588570 72.029800 77.085052
v 91.927757 72.097260 77.522552
v 91.988464 71.789032 84.017464
v 91.892998 71.993454 84.988899
v 91.867126 72.054443 85.966362
v 91.670372 72.139671 86.980141
v 91.910828 72.171112 86.471458
v 91.884758 72.652153 77.661156
v 91.936691 72.403564 87.006752
v 91.895004 72.567253 87.970245
v 91.668495 72.725937 88.971260
v 91.934822 72.738274 88.475548
v 91.821709 73.068100 77.819359
v 91.979607 72.979591 88.989136
v 91.675186 73.294090 89.974365
v 91.991348 73.260529 89.493942
v 91.873100 73.273384 78.085121
v 91.671913 73.764954 79.028572
v 91.996231 73.546036 78.983437
v 91.961151 73.771515 79.520920
v 92.001915 73.542747 90.001114
v 91.702682 73.844742 90.993919
v 92.017479 73.814919 90.508575
v 91.903595 73.893173 80.030273
v 91.922203 73.928146 81.001778
v 91.931725 73.966621 82.002350
v 91.636147 74.318108 83.024780
v 91.965195 74.098053 82.983749
v 91.697800 74.391602 84.001671
v 92.013672 74.140228 83.994125
v 91.931099 74.342247 84.520416
v 92.042435 74.015015 91.022591
v 91.919228 74.322334 91.952103
v 91.690422 74.460716 92.997231
v 91.951843 74.479736 92.479797
v 91.652687 74.499687 93.997887
v 91.641777 74.519356 95.006531
v 91.500786 74.540054 95.967400
v 91.871124 74.457558 85.032196
v 91.893524 74.529068 86.007370
v 91.718651 75.022301 86.989838
v 92.010338 74.735161 86.971397
v 92.078293 75.078682 87.334641
v 91.974190 74.725761 93.000313
v 91.922707 74.772118 93.997154
v 91.903069 74.788048 94.984261
v 91.960449 75.028389 95.490952
v 91.815002 74.972244 96.021385
v 91.570953 75.059036 96.983124
v 91.510101 75.086952 97.997772
v 91.460434 75.107857 98.968567
v 91.974098 75.536400 87.633652
v 91.956871 75.316322 95.987312
v 91.898354 75.624268 96.451088
v 91.737343 75.585175 97.000916
v 91.619354 75.603722 97.995216
v 91.556183 75.600121 98.988106
v 91.427765 75.664024 99.923401
v 92.012184 75.914635 87.996643
v 91.684761 76.099106 88.051018
v 92.015724 76.204117 88.480896
v 91.711792 76.184959 96.997604
v 91.863228 76.136368 96.439270
v 91.601532 76.162735 97.988609
v 91.504135 76.113281 98.975891
v 91.418953 76.094452 99.943123
v 91.995186 76.430725 89.019028
v 91.948540 76.624901 89.567680
v 91.689079 76.722939 92.998581
v 91.973724 76.460121 92.998932
v 91.930855 76.688408 92.477348
v 91.653412 76.689041 93.998436
v 91.925491 76.417648 93.998253
v 91.649796 76.684868 94.999840
v 91.920403 76.413864 94.998375
v 91.641937 76.674225 96.012642
v 91.874146 76.382660 95.971825
v 91.498207 76.656502 96.991585
v 91.449524 76.639824 97.968117
v 91.909012 76.782799 90.052902
v 91.911720 76.832993 90.999001
v 91.880882 76.800751 91.966370
v 91.506828 80.361351 110.043365
v 91.671600 80.327049 110.979866
v 91.608345 80.411835 111.947098
v 91.688606 80.861191 110.040672
v 91.963066 80.920410 110.547020
v 91.945755 80.628014 111.016205
v 91.913391 80.666481 111.961227
v 91.916992 80.956863 112.321045
v 91.790779 81.419563 109.945763
v 92.118546 81.388481 110.318474
v 91.700302 81.470909 112.980415
v 92.055786 81.349716 112.665901
v 91.871796 82.155373 109.752029
v 92.013313 81.738434 109.987244
v 92.023697 81.692741 113.022339
v 91.954697 82.117088 113.293663
v 91.968163 82.654106 109.668182
v 91.999710 82.637566 113.412323
v 92.013550 83.177757 109.691193
v 92.011055 83.210793 113.430145
v 91.733948 83.762878 110.040649
v 92.095993 83.592628 109.819527
v 92.026756 83.784554 113.385643
v 92.042450 83.973572 110.095581
v 92.001175 84.378883 110.435974
v 91.674057 84.404877 112.985786
v 92.083298 84.333549 113.287209
v 91.782188 84.913116 111.051964
v 92.118767 84.849808 110.723457
v 91.635201 84.985634 112.008713
v 91.907043 84.899727 112.924431
v 92.201057 84.868828 113.210434
v 92.038383 85.225159 111.039871
v 91.922859 85.450127 112.001137
v 92.064301 85.512093 111.521461
v 92.057442 85.524559 112.485054
v 92.074127 85.228783 112.958328
v 92.109207 85.765060 111.999420
v 92.360260 64.646118 62.988045
v 92.715912 64.645981 62.762539
v 92.701462 64.492928 63.070751
v 92.674934 64.466217 63.949318
v 92.369690 64.572815 63.981503
v 92.625526 64.582016 64.446251
v 92.181770 65.144829 62.114162
v 92.573425 64.983429 62.435955
v 92.577003 64.731682 64.999428
v 92.572609 64.854378 65.982887
v 92.509468 64.974716 66.950569
v 92.278694 65.110741 67.982414
v 92.573540 65.082108 67.490868
v 92.344101 65.616234 61.992004
v 92.763496 65.530441 62.230461
v 92.617447 65.244286 68.018875
v 92.519829 65.514061 68.957916
v 92.258072 65.688515 69.978218
v 92.556213 65.678741 69.481377
v 92.456467 66.353958 61.813240
v 92.600113 65.915955 61.987198
v 92.537926 65.965912 69.971054
v 92.173843 66.267960 70.928993
v 92.466805 66.267967 70.429001
v 92.588394 66.800789 61.746880
v 92.262505 66.806740 70.980957
v 92.557007 66.806786 70.481621
v 92.364372 67.274376 62.074684
v 92.689819 67.157822 61.845428
v 92.257904 67.386154 70.978210
v 92.538872 67.384216 70.470863
v 92.661560 67.378708 62.101791
v 92.608376 67.544777 63.012970
v 92.595833 67.616241 64.004433
v 92.608162 67.743607 64.993469
v 92.554092 67.870911 65.550682
v 92.145325 67.910347 70.913712
v 92.410126 67.885529 70.407898
v 92.508293 67.993492 66.052277
v 92.502007 68.036163 67.001213
v 92.506798 68.063286 67.999664
v 92.503532 68.063736 68.998123
v 92.450546 68.028610 69.957840
v 92.089241 70.984840 78.045784
v 92.244797 70.959518 78.982452
v 92.218407 70.999084 79.978783
v 92.243835 71.481071 78.049034
v 92.446220 71.543861 78.567314
v 92.474907 71.277657 79.023811
v 92.480110 71.282700 79.982597
v 92.312912 71.472885 81.005325
v 92.534813 71.526695 80.483643
v 92.239052 71.571877 82.002769
v 92.087883 71.607765 82.966789
v 92.255119 72.079277 78.023224
v 92.511559 72.078064 78.534828
v 92.559364 71.794090 80.999504
v 92.490448 71.856972 81.983032
v 92.558792 72.093208 82.494507
v 92.420586 72.025330 83.014984
v 92.270119 72.098541 83.995270
v 92.087379 72.185890 84.990204
v 92.022720 72.212601 85.966743
v 92.222801 72.669472 78.070457
v 92.461136 72.618629 78.561691
v 92.575500 72.362686 83.003242
v 92.490303 72.435768 83.977791
v 92.466408 72.701195 84.446724
v 92.310616 72.658623 84.997131
v 92.201454 72.681076 85.991486
v 92.112953 72.732246 86.983498
v 92.080864 72.773659 87.969162
v 92.025093 73.121857 78.086006
v 92.525047 72.923073 79.023491
v 92.296799 73.243217 78.984032
v 92.516609 73.205940 79.522972
v 92.358925 73.274612 85.004433
v 92.468079 73.212288 84.445450
v 92.272636 73.251511 86.000183
v 92.271065 73.253181 86.998749
v 92.358566 73.238342 87.976181
v 92.249344 73.282555 88.969193
v 92.207878 73.725891 80.020172
v 92.477623 73.455956 80.020622
v 92.235168 73.753632 81.001839
v 92.505424 73.483124 81.001572
v 92.246239 73.771980 82.003181
v 92.508560 73.485382 82.000000
v 92.269028 73.812088 83.001541
v 92.507126 73.490425 82.998100
v 92.273689 73.817673 84.042419
v 92.480179 73.470520 83.976936
v 92.238083 73.821396 84.999725
v 92.224449 73.824402 86.002281
v 92.337563 73.813255 86.999687
v 92.478294 73.872406 87.552765
v 92.511742 73.585274 88.016869
v 92.497353 73.610405 88.985550
v 92.288315 73.840996 89.997581
v 92.525856 73.879272 89.479027
v 92.026527 74.285889 85.028862
v 92.067238 74.314720 86.008179
v 92.217827 74.381866 87.006844
v 92.479195 74.441521 87.528564
v 92.536598 74.149529 90.011215
v 92.455635 74.345612 90.959381
v 92.171730 74.505722 91.951965
v 92.441559 74.512566 91.423759
v 92.449944 74.994682 87.670166
v 92.412666 74.972092 92.036011
v 92.601082 74.992798 91.523529
v 92.140388 75.063957 92.979607
v 92.084023 75.089394 93.997063
v 92.053795 75.105042 94.970596
v 92.403091 75.424660 87.817726
v 92.542984 75.308105 91.988876
v 92.426689 75.596443 92.415230
v 92.276939 75.594063 92.986580
v 92.159164 75.593849 93.993279
v 92.132454 75.599815 94.988533
v 92.028839 75.659279 95.926888
v 92.469475 75.717926 88.119934
v 92.473206 76.006012 88.592789
v 92.393562 76.212326 92.021049
v 92.525658 75.871254 91.983131
v 92.537880 76.156471 91.488655
v 92.143059 76.127007 92.981094
v 92.086823 76.099220 93.997757
v 92.064453 76.094704 94.996796
v 92.002892 76.093887 95.943352
v 92.459923 76.208656 89.062637
v 92.205147 76.642197 90.027649
v 92.477272 76.394791 89.988441
v 92.222923 76.664383 91.009811
v 92.481499 76.392120 90.983223
v 92.087509 76.646309 91.969360
v 92.227516 80.934898 111.019325
v 92.217484 80.946678 111.965958
v 92.514854 81.525604 110.664276
v 92.511551 81.236641 111.032494
v 92.517593 81.231987 111.979584
v 92.521614 81.516113 112.441727
v 92.284515 82.048874 110.014252
v 92.639610 81.985527 110.356094
v 92.535446 81.857071 112.920120
v 92.483810 82.229088 113.209167
v 92.394363 82.727425 109.799347
v 92.556595 82.356476 110.037964
v 92.562485 82.655022 113.368095
v 92.433044 83.209297 109.782539
v 92.588562 83.212456 113.449677
v 92.421875 83.613319 109.860565
v 92.588402 83.798584 113.472679
v 92.535210 83.975250 110.100540
v 92.617569 84.423042 110.367844
v 92.595573 84.382935 113.438148
v 92.608109 84.942780 110.576164
v 92.611755 84.958321 113.399071
v 92.331879 85.519516 111.035789
v 92.715355 85.427521 110.756401
v 92.270988 85.572998 112.978683
v 92.661591 85.509384 113.332291
v 92.617813 85.818275 111.032234
v 92.354233 86.077301 112.025032
v 92.609550 86.122009 111.511528
v 92.511887 86.051796 112.938614
v 92.766129 86.054970 113.267143
v 92.613586 86.412231 112.005165
v 92.685623 86.373230 112.965988
v 93.164879 64.637848 62.765022
v 93.170525 64.447083 63.065437
v 93.105316 64.449265 63.926819
v 93.135422 64.591209 64.439606
v 93.169243 65.055489 62.528248
v 93.171234 64.768181 64.985229
v 93.096443 64.953674 65.951965
v 92.854721 65.091263 66.985062
v 93.147629 65.090843 66.484657
v 93.200241 65.608345 62.380947
v 93.176170 65.329193 67.015610
v 93.067848 65.534088 67.968636
v 92.840195 65.688881 68.977524
v 93.090637 65.710510 68.471306
v 92.878250 66.220299 62.004951
v 93.298286 66.106636 62.261013
v 93.093201 65.976707 68.964539
v 92.758949 66.268341 69.928864
v 93.030724 66.272934 69.423492
v 92.963684 66.899742 61.835857
v 93.150726 66.527771 62.030811
v 92.838158 66.807129 69.976044
v 93.090561 66.805069 69.461449
v 92.991325 67.189728 61.887356
v 92.818764 67.397850 69.945770
v 93.028847 67.336403 69.431152
v 93.085716 67.372711 62.106979
v 93.156425 67.550507 63.012337
v 93.164452 67.599197 64.001999
v 93.163872 67.641815 65.004768
v 92.838577 67.895393 66.018478
v 93.185638 67.750252 65.981628
v 92.841141 67.917496 67.001198
v 93.172531 67.669296 66.980431
v 92.821785 67.894547 67.999542
v 93.109581 67.633560 67.994003
v 92.803917 67.868118 69.010201
v 93.052696 67.594719 68.972130
v 92.622650 67.852592 69.939240
v 92.602913 71.585869 79.051170
v 92.636574 71.593460 79.971695
v 92.669502 72.079170 79.048775
v 92.750298 72.095924 79.998192
v 92.681465 72.144562 80.978661
v 92.642220 72.174576 81.970566
v 92.630501 72.590637 79.071465
v 92.751823 72.646790 80.008659
v 92.745140 72.662582 80.997253
v 92.720779 72.669838 81.991501
v 92.653687 72.725700 82.977066
v 92.583313 72.749680 83.946312
v 92.641121 73.149971 80.030930
v 92.661522 73.166252 81.001297
v 92.654282 73.165741 81.998825
v 92.627342 73.169044 82.995522
v 92.581017 73.163269 83.945419
v 92.626770 73.922394 88.046486
v 92.635002 73.937981 88.970833
v 92.675117 74.433731 88.051170
v 92.773529 74.439133 88.997757
v 92.677979 74.492996 89.976265
v 92.605270 74.534546 90.945000
v 92.673042 74.995163 88.065208
v 92.805702 75.008118 89.003448
v 92.798950 75.016510 89.995430
v 92.714211 75.038391 90.978882
v 92.583183 75.494331 88.103897
v 92.760490 75.572861 89.010376
v 92.779648 75.582695 89.998833
v 92.739861 75.582932 90.981956
v 92.571938 75.593964 91.904022
v 92.600052 76.042488 89.043816
v 92.659073 76.090889 90.001305
v 92.643677 76.083763 90.970840
v 92.801476 81.533592 111.033745
v 92.822311 81.513840 111.981918
v 93.077980 82.131279 110.687469
v 93.092171 81.828758 111.036102
v 93.123116 81.797409 111.989517
v 92.835930 82.096313 112.952499
v 93.148651 82.066406 112.485359
v 92.778160 82.668877 110.079483
v 93.166855 82.624001 110.436249
v 93.140846 82.368019 112.964180
v 93.045639 82.756134 113.239090
v 92.840073 83.212181 110.043854
v 93.257050 83.211960 110.362648
v 93.150261 83.235733 113.381187
v 92.774071 83.744698 110.091110
v 93.223122 83.830376 110.341484
v 93.174187 83.797829 113.456619
v 93.181137 84.392616 110.432701
v 93.173813 84.383492 113.507370
v 93.172455 84.970268 110.526550
v 93.162727 84.969391 113.553391
v 93.197777 85.532234 110.618896
v 93.141228 85.524567 113.624702
v 92.911285 86.112457 111.030869
v 93.302315 86.013741 110.759766
v 93.120865 86.139183 113.602303
v 93.192406 86.414146 111.027466
v 92.851044 86.743187 112.002502
v 93.151810 86.764961 111.467415
v 92.879913 86.731186 112.985870
v 93.158058 86.695717 113.483444
v 93.119209 87.213921 112.054619
v 93.321892 87.234276 111.699425
v 93.102737 87.224442 112.955643
v 93.315582 87.253532 113.420845
v 93.298943 87.512314 112.043312
v 93.265350 87.547890 112.980034
v 93.645500 64.679550 62.811539
v 93.641998 64.499268 63.040497
v 93.429863 64.529434 63.972000
v 93.710350 64.541656 63.477787
v 93.727356 65.077591 62.643848
v 93.757988 64.747604 64.017159
v 93.650970 64.968201 64.963593
v 93.422997 65.110474 65.976372
v 93.680817 65.124954 65.472099
v 93.748177 65.637016 62.541664
v 93.700943 65.379051 65.977928
v 93.469627 65.636261 67.012856
v 93.712708 65.659576 66.483627
v 93.251381 65.739235 67.963531
v 93.762955 66.214973 62.479916
v 93.690422 65.961128 66.976143
v 93.639061 66.254707 67.444496
v 93.452599 66.220482 67.982864
v 93.223701 66.290802 68.924324
v 93.348022 66.846848 62.103313
v 93.749542 66.766342 62.440273
v 93.470062 66.812546 67.994514
v 93.634750 66.767151 67.442238
v 93.273331 66.802811 68.947800
v 93.283455 67.282013 62.138103
v 93.637535 67.260895 62.600452
v 93.467827 67.381966 67.024139
v 93.685051 67.057373 66.971474
v 93.675262 67.321533 66.476311
v 93.301857 67.318970 67.995049
v 93.198608 67.297615 68.945267
v 93.651939 67.429359 63.037827
v 93.671440 67.462715 64.000229
v 93.653084 67.457085 64.995850
v 93.628754 67.450378 65.969131
v 93.375053 82.128822 111.039368
v 93.419189 82.088341 111.989166
v 93.568428 82.723351 110.753723
v 93.633018 82.432571 111.050079
v 93.705643 82.385735 111.988800
v 93.435715 82.656906 112.967781
v 93.733307 82.651619 112.485916
v 93.696884 83.250175 110.656380
v 93.730507 82.949562 112.967781
v 93.630714 83.341049 113.238914
v 93.732941 83.809128 110.569901
v 93.736343 83.822136 113.384872
v 93.753952 84.383919 110.545021
v 93.759521 84.383781 113.502602
v 93.759621 84.969383 110.527298
v 93.723602 84.917572 113.673065
v 93.759430 85.555618 110.550133
v 93.811150 85.367599 113.913574
v 93.573395 85.609863 113.910088
v 93.932152 85.729774 114.159149
v 93.783966 86.117226 110.624054
v 93.502136 86.147217 113.961487
v 93.900238 86.154495 114.249870
v 93.488678 86.706749 111.024422
v 93.886902 86.598877 110.761383
v 93.529694 86.721123 113.947525
v 93.901863 86.716736 114.254364
v 93.774849 87.004715 111.023865
v 93.717155 87.359673 111.365601
v 93.616203 87.256729 113.900284
v 93.955666 87.219376 114.208946
v 93.541878 87.845345 112.048721
v 93.843758 87.819290 111.676125
v 93.461540 87.902161 112.995354
v 93.685852 87.931870 113.543724
v 93.794258 87.589645 113.972618
v 93.776169 88.178780 112.018150
v 93.706276 88.380287 112.986320
v 93.814842 88.454948 112.513466
v 93.866585 88.435349 113.448700
v 93.877998 88.690887 112.994011
v 93.919235 64.627434 63.035004
v 94.124229 65.161514 62.812771
v 94.175034 64.887756 63.034863
v 94.059723 65.045891 64.014137
v 94.261734 65.097885 63.476982
v 93.857811 65.150360 64.969017
v 94.171364 65.646179 62.768291
v 94.296089 65.366814 63.985981
v 94.305466 65.648666 64.490295
v 94.145477 65.603081 65.016579
v 93.873039 65.701698 65.955856
v 94.183594 66.212578 62.743523
v 94.281342 65.938377 64.985306
v 94.188377 66.222282 65.417343
v 94.043434 66.233696 65.975952
v 93.787201 66.286972 66.919502
v 94.136169 66.709297 62.768261
v 94.163643 66.844734 65.032829
v 94.288254 66.497391 64.984871
v 94.299210 66.783447 64.490334
v 93.961678 66.785149 65.982758
v 93.795952 66.737762 66.924332
v 94.199493 66.988586 63.048805
v 93.949699 67.260223 63.031635
v 93.980446 67.288300 64.011871
v 94.237770 67.015152 63.985046
v 93.858658 67.275925 64.993805
v 93.805786 67.266899 65.966667
v 93.826202 82.727264 111.062584
v 93.984856 82.698112 111.972557
v 94.080902 83.196144 111.020836
v 94.289001 83.243874 111.514801
v 94.231346 83.008759 112.001389
v 94.014259 83.249245 112.962341
v 94.284668 83.262535 112.477104
v 94.148811 83.895149 110.782066
v 94.281807 83.536377 111.039177
v 94.295967 83.550034 112.956650
v 94.212189 83.930855 113.237732
v 94.264786 84.432602 110.714439
v 94.326622 84.410187 113.423805
v 94.321251 84.983482 110.614426
v 94.350578 84.884575 113.648582
v 94.333801 85.557449 110.577850
v 94.345787 85.303596 113.955978
v 94.347450 85.706421 114.234741
v 94.333961 86.140480 110.601334
v 94.358795 86.158859 114.376442
v 94.358582 86.692932 110.674622
v 94.358688 86.727554 114.418274
v 94.078430 87.278214 111.041183
v 94.439827 87.109039 110.818092
v 94.370079 87.301399 114.388168
v 94.385330 87.493019 111.093208
v 94.339066 87.912292 111.420586
v 93.998878 87.926811 114.020340
v 94.415062 87.862450 114.309326
v 94.016365 88.504356 112.014259
v 94.410912 88.441063 111.669357
v 94.109421 88.489578 113.933289
v 94.483192 88.469818 114.257950
v 94.280350 88.970306 112.066254
v 94.549850 88.959045 111.796570
v 94.086433 89.025986 113.000244
v 94.297623 88.977989 113.926300
v 94.555153 88.970703 114.205513
v 94.464981 89.273033 112.053841
v 94.333969 89.372810 113.002632
v 94.451530 89.299240 113.957977
v 94.298309 65.168892 63.040634
v 94.387146 65.654442 63.065220
v 94.401031 65.713608 63.953548
v 94.395638 66.205856 63.074497
v 94.458023 66.217758 63.981327
v 94.322296 66.219154 64.903008
v 94.336807 66.701889 63.071026
v 94.386337 66.705246 63.972317
v 94.421776 83.318802 111.996262
v 94.443840 83.868790 111.072853
v 94.712029 83.782532 111.987183
v 94.553986 83.863243 112.934296
v 94.675964 84.364250 111.014610
v 94.925819 84.387993 111.504089
v 94.910789 84.115326 112.010506
v 94.810097 84.184593 112.952148
v 94.749458 84.496750 113.238388
v 94.735497 85.065369 110.792061
v 94.878677 84.707626 111.039955
v 94.903534 84.976456 113.480469
v 94.791321 85.567390 110.743828
v 94.888550 85.376419 113.907608
v 94.829010 85.751274 114.200424
v 94.802727 86.142181 110.729469
v 94.907005 86.171562 114.364250
v 94.787979 86.712532 110.766029
v 94.932571 86.728447 114.449669
v 94.766983 87.129272 110.858192
v 94.932419 87.314590 114.473648
v 94.879684 87.491714 111.099510
v 94.963539 87.945137 111.349693
v 94.937408 87.899643 114.453651
v 94.937492 88.481216 111.519501
v 94.941589 88.486176 114.442581
v 94.961708 89.045143 111.630913
v 94.959785 89.060455 114.428589
v 94.721443 89.596481 112.058838
v 95.067337 89.525345 111.766052
v 94.530609 89.701515 112.999672
v 94.656136 89.650154 113.963249
v 94.999596 89.615417 114.340187
v 94.970116 89.912865 112.041443
v 94.815872 90.161865 113.022041
v 94.981689 90.208839 112.519012
v 94.879257 90.145493 113.939499
v 95.112625 90.158592 114.264992
v 94.991096 90.498337 113.005074
v 95.038231 90.471977 113.964767
v 95.163185 84.450958 112.027893
v 94.999832 84.481407 112.935875
v 95.071495 85.029999 111.102676
v 95.358612 85.039307 111.584480
v 95.383636 84.778976 112.012550
v 95.469612 85.004166 112.487709
v 95.280151 84.940437 113.008690
v 95.166145 85.564758 111.050392
v 95.527222 85.586891 111.523514
v 95.524605 85.255829 113.008919
v 95.178185 85.614189 113.951233
v 95.503708 85.569260 113.491592
v 95.205322 86.142960 111.021637
v 95.580475 86.140854 111.387718
v 95.485115 85.883957 113.963829
v 95.389458 86.271980 114.239128
v 95.200684 86.725868 111.027069
v 95.610970 86.727127 111.350731
v 95.493744 86.752052 114.379921
v 95.119507 87.261200 111.089020
v 95.567520 87.345901 111.341293
v 95.518158 87.313850 114.456085
v 95.526749 87.907715 111.430099
v 95.518181 87.899513 114.503540
v 95.517845 88.486458 111.496468
v 95.509247 88.478271 114.569946
v 95.517845 89.072159 111.543892
v 95.467911 89.039139 114.658501
v 95.542244 89.633911 111.620110
v 95.425499 89.657654 114.649429
v 95.259644 90.210243 112.033653
v 95.646408 90.115845 111.759689
v 95.454544 90.243187 114.612030
v 95.536469 90.515900 112.028130
v 95.207520 90.838509 113.005508
v 95.495140 90.867340 112.466980
v 95.223900 90.833359 113.986168
v 95.501518 90.798042 114.483711
v 95.454323 91.322189 113.052940
v 95.656960 91.342819 112.692383
v 95.446472 91.326515 113.955734
v 95.659538 91.355492 114.420807
v 95.622017 91.643562 113.031952
v 95.602425 91.654427 113.980675
v 95.548836 85.086914 112.014870
v 95.798836 85.564949 112.013489
v 95.769119 85.583366 112.971741
v 95.922485 86.225044 111.733864
v 95.991211 85.918465 112.038445
v 96.021255 85.911911 112.987465
v 95.773834 86.177971 113.963600
v 96.049980 86.186539 113.477882
v 96.035698 86.769638 111.661606
v 96.055229 86.478989 113.957199
v 95.967514 86.861908 114.232178
v 96.076050 87.325607 111.571770
v 96.074249 87.340874 114.369026
v 96.094315 87.899826 111.557655
v 96.098541 87.904732 114.480598
v 96.098610 88.486320 111.546257
v 96.073196 88.441437 114.650192
v 96.103584 89.071426 111.526329
v 96.155663 88.894875 114.901047
v 95.916000 89.125648 114.910515
v 96.268044 89.256531 115.142975
v 96.103409 89.657608 111.550125
v 95.834236 89.661278 114.974854
v 96.246933 89.673187 115.236214
v 96.127937 90.219231 111.624046
v 95.829712 90.245033 114.977882
v 96.233109 90.243591 115.270935
v 95.832664 90.808723 112.024414
v 96.230896 90.700874 111.761398
v 95.871239 90.822975 114.949730
v 96.245010 90.818390 115.255661
v 96.116432 91.109016 112.021828
v 96.050667 91.478020 112.354233
v 95.960190 91.358727 114.900269
v 96.299637 91.321358 115.208946
v 95.826836 91.993462 113.031532
v 96.151726 91.970673 112.628975
v 95.792267 92.013031 113.996330
v 96.024986 92.036278 114.546265
v 96.138313 91.691681 114.972664
v 96.069420 92.478058 113.066360
v 96.302452 92.478157 112.784035
v 96.010986 92.509300 113.960663
v 96.193794 92.547836 114.453506
v 96.236023 92.782837 113.054001
v 96.170013 92.839668 113.988220
v 96.154388 86.243073 112.060699
v 96.207466 86.231133 112.974785
v 96.380592 86.736893 112.036377
v 96.503853 86.684845 112.997635
v 96.314651 86.790848 113.936043
v 96.480392 87.414612 111.794479
v 96.586205 87.086708 112.043701
v 96.700684 87.013344 113.002716
v 96.570045 87.113602 113.949051
v 96.487839 87.428482 114.203453
v 96.551064 87.915405 111.743706
v 96.625366 87.946945 114.331802
v 96.621620 88.522713 111.690392
v 96.698196 88.473747 114.579506
v 96.665993 89.084541 111.611633
v 96.648727 88.893005 114.906853
v 96.595390 89.278427 115.179749
v 96.677780 89.659447 111.577850
v 96.677284 89.693214 115.325378
v 96.677963 90.242493 111.601357
v 96.701981 90.245552 115.398468
v 96.702583 90.794945 111.674614
v 96.701874 90.828621 115.416992
v 96.420502 91.382912 112.039139
v 96.783829 91.211037 111.818085
v 96.714363 91.403114 115.387596
v 96.726768 91.604050 112.085167
v 96.669907 92.037788 112.384155
v 96.343460 92.028343 115.020111
v 96.759071 91.964424 115.309349
v 96.713257 92.557678 112.592010
v 96.450897 92.589485 114.938835
v 96.827759 92.571671 115.257294
v 96.477379 93.115639 113.056404
v 96.823486 93.051903 112.753937
v 96.342117 93.178253 114.007141
v 96.620003 93.100494 114.914314
v 96.896431 93.074738 115.204018
v 96.714729 93.446922 113.027260
v 96.607651 93.656090 114.000656
v 96.738792 93.732170 113.512421
v 96.746567 93.728058 114.484924
v 96.767021 93.431580 114.956444
v 96.806221 93.960014 113.999939
v 96.737259 87.409668 112.072456
v 96.948692 87.360878 112.996750
v 96.756020 87.412750 113.931862
v 96.924286 87.899956 112.068626
v 97.163071 87.950317 112.555977
v 97.155754 87.695183 113.008232
v 97.223145 87.936279 113.486374
v 97.018227 87.878891 113.985558
v 97.036285 88.461784 111.979202
v 97.344765 88.453201 112.457489
v 97.249329 88.210884 113.983521
v 97.191719 88.568390 114.322868
v 97.080360 89.166245 111.790909
v 97.241463 88.796730 112.028191
v 96.957115 89.107254 114.956711
v 97.320351 89.027527 114.634651
v 97.135315 89.669411 111.743881
v 97.259224 89.381927 114.976662
v 97.148239 89.786346 115.238823
v 97.146736 90.244209 111.729492
v 97.247345 90.270035 115.363518
v 97.131981 90.814529 111.766022
v 97.267479 90.832832 115.428360
v 97.110985 91.231232 111.858154
v 97.276199 91.415985 115.453148
v 97.224220 91.593506 112.098801
v 97.310745 92.049980 112.336945
v 97.282143 92.001015 115.451431
v 97.276237 92.589279 112.494934
v 97.287231 92.586929 115.425911
v 97.295242 93.161057 112.596527
v 97.301826 93.160431 115.383522
v 96.952843 93.773247 113.019852
v 97.357719 93.703407 112.730957
v 96.964600 93.770958 114.974167
v 97.360069 93.703072 115.269539
v 97.242279 94.198067 113.077164
v 97.453194 94.136002 112.861183
v 97.067207 94.218857 113.998932
v 97.243896 94.199265 114.919769
v 97.450516 94.135880 115.140640
v 97.396011 94.300323 113.080269
v 97.366028 94.355141 114.001266
v 97.396393 94.301094 114.921570
v 97.321991 88.007851 113.011627
v 97.572105 88.486328 113.004059
v 97.494453 88.540672 113.946915
v 97.420471 89.129585 112.099693
v 97.719780 89.130569 112.578140
v 97.769417 88.838318 113.021011
v 97.737282 88.873779 113.957817
v 97.714760 89.152245 114.300598
v 97.510429 89.666656 112.050163
v 97.877464 89.687073 112.519295
v 97.543770 89.680573 114.970291
v 97.880043 89.624268 114.529488
v 97.549301 90.244949 112.021614
v 97.924278 90.242889 112.387917
v 97.817886 89.985756 114.956291
v 97.674240 90.347466 115.210335
v 97.544098 90.827545 112.027336
v 97.943497 90.829475 112.363983
v 97.785507 90.879539 115.293396
v 97.459839 91.361244 112.093445
v 97.900391 91.448784 112.362862
v 97.842072 91.429016 115.398659
v 97.873131 92.002998 112.445808
v 97.862961 92.001129 115.453979
v 97.862427 92.588326 112.491287
v 97.862076 92.587959 115.484718
v 97.862274 93.171844 112.543053
v 97.862358 93.171806 115.456505
v 97.861145 93.729477 112.644524
v 97.861153 93.729698 115.355995
v 97.769272 94.117714 112.824051
v 97.769379 94.118652 115.177040
v 97.775230 94.312988 113.077171
v 97.786934 94.390366 113.999939
v 97.775269 94.314316 114.923164
v 97.932304 89.163391 113.043556
v 97.916580 89.171722 113.945000
v 98.157494 89.656097 113.013710
v 98.169945 89.650291 113.994270
v 98.255699 90.327133 112.742516
v 98.334114 90.017883 113.037018
v 98.371872 90.000305 113.985268
v 98.034889 90.299110 114.917671
v 98.330322 90.298820 114.435585
v 98.319725 90.840935 112.684395
v 98.199959 90.811569 115.014488
v 98.513794 90.801666 114.539345
v 98.385651 91.452644 112.653610
v 98.450783 91.123459 114.992546
v 98.318428 91.535049 115.247414
v 98.425331 92.012924 112.597649
v 98.417892 92.027794 115.365761
v 98.439644 92.588524 112.567726
v 98.439194 92.589355 115.429588
v 98.444901 93.166367 112.568375
v 98.444923 93.166412 115.431717
v 98.409393 93.680969 112.709312
v 98.407959 93.680885 115.291321
v 98.459488 94.060165 113.032341
v 98.090088 94.230820 113.042259
v 98.145653 94.318359 114.000397
v 98.507088 94.197670 113.999641
v 98.088898 94.228432 114.957428
v 98.460403 94.058830 114.967209
v 98.459862 90.341988 113.068390
v 98.521233 90.331635 113.957878
v 98.597343 90.855515 113.051872
v 98.756371 90.827286 113.980484
v 98.787300 91.383682 113.012344
v 98.987816 91.438873 113.511398
v 98.946281 91.183830 114.005760
v 98.699562 91.450974 114.961189
v 98.965248 91.463211 114.475792
v 98.834312 92.099457 112.787651
v 98.973885 91.737228 113.036079
v 98.946846 91.764046 114.941841
v 98.833504 92.112259 115.202682
v 98.950874 92.636536 112.718422
v 98.950737 92.638550 115.283005
v 99.002258 93.173286 112.658066
v 99.002312 93.173111 115.341965
v 99.012863 93.599838 112.769775
v 99.011391 93.599709 115.228767
v 99.005547 93.882011 113.061386
v 99.020439 94.009499 114.000305
v 99.006462 93.882103 114.938377
v 99.111740 91.519928 113.998192
v 99.129776 92.073814 113.073135
v 99.371246 92.007034 113.997849
v 99.120628 92.078224 114.920654
v 99.354034 92.574257 113.019753
v 99.562309 92.613586 113.514297
v 99.538300 92.353996 114.002945
v 99.561630 92.617104 114.484932
v 99.350281 92.572609 114.978806
v 99.392693 93.264236 112.824318
v 99.536453 92.916206 113.047211
v 99.526848 92.919930 114.949532
v 99.392189 93.265030 115.175858
v 99.409332 93.571259 112.873215
v 99.408623 93.570885 115.125900
v 99.476700 93.733002 113.076584
v 99.490265 93.796066 113.999657
v 99.476074 93.731926 114.922638
v 99.653603 92.694611 113.999580
v 99.609528 93.241447 113.097931
v 99.710228 93.183601 114.000832
v 99.604462 93.243080 114.901375
v 99.568840 93.630356 113.079887
v 99.623131 93.623383 113.999039
v 99.570427 93.631058 114.919342
# 2240 vertices, 0 vertices normals

f 3 2 1
f 1 4 3
f 1 2 5
f 5 2 6
f 4 1 7
f 1 8 7
f 1 5 8
f 8 9 7
f 5 6 10
f 10 6 11
f 5 12 8
f 5 10 12
f 9 8 13
f 13 8 12
f 11 14 10
f 10 14 12
f 12 14 15
f 12 15 13
f 18 17 16
f 20 19 16
f 16 19 18
f 22 21 20
f 20 21 19
f 22 23 21
f 16 17 24
f 24 17 25
f 24 2 3
f 20 24 3
f 16 24 20
f 20 3 4
f 26 20 4
f 22 20 26
f 23 22 27
f 27 22 26
f 24 25 28
f 28 25 29
f 28 6 2
f 28 2 24
f 7 26 4
f 31 30 9
f 9 30 7
f 30 27 7
f 27 26 7
f 31 32 30
f 28 29 33
f 33 29 34
f 33 11 6
f 33 6 28
f 13 35 31
f 13 31 9
f 32 31 36
f 36 31 35
f 34 37 33
f 37 39 38
f 37 38 14
f 33 37 14
f 11 33 14
f 40 15 14
f 40 14 38
f 35 13 15
f 40 35 15
f 41 35 40
f 36 35 42
f 35 43 42
f 35 41 43
f 43 44 42
f 39 45 38
f 47 46 45
f 46 38 45
f 46 40 38
f 40 48 41
f 40 46 48
f 41 49 43
f 41 48 49
f 44 43 50
f 50 43 49
f 46 47 51
f 51 47 52
f 46 53 48
f 46 51 53
f 48 54 49
f 48 53 54
f 50 49 55
f 55 49 54
f 52 56 51
f 51 56 53
f 53 56 57
f 53 57 54
f 54 57 58
f 54 58 55
f 61 60 59
f 63 62 59
f 59 62 61
f 63 64 62
f 59 60 65
f 65 60 66
f 59 67 63
f 59 65 67
f 64 63 68
f 63 69 68
f 63 67 69
f 69 70 68
f 65 66 71
f 71 66 72
f 65 73 67
f 65 71 73
f 67 74 69
f 67 73 74
f 70 69 75
f 69 76 75
f 69 74 76
f 76 77 75
f 72 78 71
f 80 79 78
f 79 71 78
f 79 73 71
f 73 81 74
f 73 79 81
f 74 82 76
f 74 81 82
f 77 76 83
f 83 76 82
f 80 84 79
f 79 84 81
f 81 84 85
f 81 85 82
f 82 85 86
f 82 86 83
f 89 88 87
f 91 90 87
f 87 90 89
f 93 92 91
f 91 92 90
f 93 94 92
f 97 96 95
f 99 98 95
f 95 98 97
f 98 99 88
f 99 87 88
f 99 100 87
f 100 17 18
f 91 100 18
f 87 100 91
f 91 18 19
f 91 19 93
f 101 94 93
f 19 101 93
f 21 101 19
f 21 23 101
f 101 23 102
f 95 96 103
f 103 96 104
f 95 105 99
f 95 103 105
f 99 106 100
f 99 105 106
f 106 25 17
f 106 17 100
f 27 108 107
f 102 27 107
f 23 27 102
f 108 109 107
f 104 110 103
f 112 111 110
f 111 103 110
f 111 105 103
f 105 113 106
f 105 111 113
f 113 29 25
f 113 25 106
f 30 108 27
f 30 32 108
f 32 109 108
f 32 114 109
f 112 115 111
f 111 115 113
f 113 115 116
f 29 113 116
f 117 29 116
f 34 29 117
f 36 119 118
f 114 36 118
f 32 36 114
f 119 120 118
f 37 34 121
f 34 122 121
f 34 117 122
f 121 39 37
f 42 119 36
f 42 44 119
f 44 120 119
f 44 123 120
f 122 124 121
f 124 126 125
f 124 125 45
f 121 124 45
f 39 121 45
f 125 47 45
f 50 128 127
f 123 50 127
f 44 50 123
f 128 129 127
f 126 130 125
f 47 125 130
f 131 47 130
f 52 47 131
f 55 132 128
f 55 128 50
f 129 128 133
f 133 128 132
f 131 134 52
f 52 134 56
f 134 136 135
f 57 134 135
f 56 134 57
f 137 58 57
f 137 57 135
f 132 55 58
f 137 132 58
f 138 132 137
f 133 132 139
f 139 132 138
f 136 140 135
f 142 141 140
f 141 135 140
f 141 137 135
f 137 143 138
f 137 141 143
f 139 138 144
f 144 138 143
f 142 145 141
f 141 145 143
f 143 145 146
f 143 146 144
f 149 148 147
f 151 150 147
f 147 150 149
f 153 152 151
f 151 152 150
f 153 154 152
f 147 148 155
f 155 148 156
f 155 60 61
f 151 155 61
f 147 155 151
f 151 61 62
f 151 62 153
f 158 157 64
f 64 157 62
f 157 154 62
f 154 153 62
f 158 159 157
f 155 156 160
f 160 156 161
f 160 66 60
f 160 60 155
f 68 158 64
f 163 162 70
f 70 162 68
f 162 159 68
f 159 158 68
f 163 164 162
f 160 161 165
f 165 161 166
f 165 72 66
f 165 66 160
f 75 163 70
f 168 167 77
f 77 167 75
f 167 164 75
f 164 163 75
f 168 169 167
f 166 170 165
f 170 172 171
f 170 171 78
f 165 170 78
f 72 165 78
f 171 80 78
f 83 173 168
f 83 168 77
f 169 168 174
f 168 175 174
f 168 173 175
f 175 176 174
f 172 177 171
f 177 179 178
f 177 178 84
f 171 177 84
f 80 171 84
f 180 85 84
f 180 84 178
f 181 86 85
f 181 85 180
f 173 83 86
f 181 173 86
f 182 173 181
f 173 183 175
f 173 182 183
f 176 175 184
f 184 175 183
f 179 185 178
f 187 186 185
f 186 178 185
f 186 180 178
f 180 188 181
f 180 186 188
f 181 189 182
f 181 188 189
f 182 190 183
f 182 189 190
f 184 183 191
f 191 183 190
f 187 192 186
f 186 192 188
f 188 192 193
f 195 194 193
f 194 188 193
f 194 189 188
f 189 196 190
f 189 194 196
f 191 190 197
f 197 190 196
f 195 198 194
f 194 198 196
f 196 198 199
f 196 199 197
f 202 201 200
f 204 203 200
f 200 203 202
f 206 205 204
f 204 205 203
f 208 207 206
f 206 207 205
f 210 209 208
f 208 209 207
f 88 89 210
f 89 209 210
f 89 211 209
f 212 89 90
f 212 211 89
f 213 90 92
f 213 212 90
f 92 94 213
f 213 94 214
f 217 216 215
f 217 215 201
f 215 200 201
f 215 218 200
f 200 219 204
f 200 218 219
f 204 220 206
f 204 219 220
f 220 96 97
f 208 220 97
f 206 220 208
f 208 97 98
f 208 98 210
f 210 98 88
f 221 214 94
f 221 94 101
f 101 102 221
f 221 102 222
f 215 216 223
f 223 216 224
f 215 225 218
f 215 223 225
f 218 226 219
f 218 225 226
f 219 227 220
f 219 226 227
f 227 104 96
f 227 96 220
f 228 222 102
f 228 102 107
f 107 109 228
f 228 109 229
f 224 230 223
f 223 230 225
f 225 230 231
f 233 232 231
f 232 225 231
f 232 226 225
f 226 234 227
f 226 232 234
f 235 110 104
f 227 235 104
f 234 235 227
f 235 112 110
f 114 229 109
f 114 236 229
f 233 237 232
f 232 237 234
f 234 237 238
f 234 238 235
f 235 238 239
f 239 241 240
f 239 240 115
f 235 239 115
f 112 235 115
f 242 116 115
f 242 115 240
f 242 117 116
f 243 236 114
f 243 114 118
f 118 120 243
f 243 120 244
f 241 245 240
f 240 245 242
f 242 245 246
f 117 242 246
f 247 117 246
f 122 117 247
f 123 244 120
f 123 248 244
f 247 249 122
f 122 249 124
f 126 124 249
f 126 249 250
f 251 248 123
f 251 123 127
f 127 129 251
f 251 129 252
f 250 253 126
f 126 253 130
f 131 130 253
f 131 253 254
f 133 252 129
f 133 255 252
f 134 131 256
f 131 257 256
f 131 254 257
f 256 136 134
f 139 259 258
f 255 139 258
f 133 139 255
f 259 260 258
f 257 261 256
f 261 263 262
f 261 262 140
f 256 261 140
f 136 256 140
f 262 142 140
f 144 264 259
f 144 259 139
f 260 259 265
f 265 259 264
f 263 266 262
f 266 268 267
f 266 267 145
f 262 266 145
f 142 262 145
f 269 146 145
f 269 145 267
f 264 144 146
f 269 264 146
f 270 264 269
f 265 264 271
f 271 264 270
f 268 272 267
f 274 273 272
f 273 267 272
f 273 269 267
f 269 275 270
f 269 273 275
f 271 270 276
f 276 270 275
f 274 277 273
f 273 277 275
f 275 277 278
f 275 278 276
f 281 280 279
f 283 282 279
f 279 282 281
f 283 284 282
f 287 286 285
f 287 285 280
f 280 285 279
f 285 148 279
f 148 149 279
f 279 149 150
f 279 150 283
f 288 284 283
f 150 288 283
f 152 288 150
f 152 154 288
f 288 154 289
f 285 286 290
f 290 286 291
f 290 156 148
f 290 148 285
f 292 289 154
f 292 154 157
f 294 293 159
f 293 157 159
f 293 292 157
f 294 295 293
f 290 291 296
f 296 291 297
f 296 161 156
f 296 156 290
f 162 294 159
f 299 298 164
f 164 298 162
f 298 295 162
f 295 294 162
f 299 300 298
f 297 301 296
f 161 296 301
f 302 161 301
f 166 161 302
f 167 299 164
f 304 303 169
f 169 303 167
f 303 300 167
f 300 299 167
f 304 305 303
f 302 306 166
f 166 306 170
f 172 170 306
f 172 306 307
f 174 304 169
f 174 176 304
f 176 305 304
f 176 308 305
f 307 309 172
f 172 309 177
f 179 177 309
f 179 309 310
f 184 312 311
f 308 184 311
f 176 184 308
f 312 313 311
f 310 314 179
f 179 314 185
f 187 185 314
f 187 314 315
f 191 316 312
f 191 312 184
f 313 312 317
f 317 312 316
f 315 318 187
f 187 318 192
f 318 320 319
f 193 318 319
f 192 318 193
f 319 195 193
f 197 321 316
f 197 316 191
f 317 316 322
f 316 323 322
f 316 321 323
f 323 324 322
f 320 325 319
f 325 327 326
f 325 326 198
f 319 325 198
f 195 319 198
f 328 199 198
f 328 198 326
f 321 197 199
f 328 321 199
f 329 321 328
f 321 330 323
f 321 329 330
f 324 323 331
f 331 323 330
f 327 332 326
f 326 332 328
f 328 332 333
f 335 334 333
f 334 328 333
f 334 329 328
f 337 330 336
f 330 334 336
f 330 329 334
f 330 337 331
f 335 338 334
f 334 338 336
f 341 340 339
f 343 342 339
f 339 342 341
f 345 344 343
f 343 344 342
f 347 346 345
f 345 346 344
f 349 348 347
f 347 348 346
f 349 350 348
f 353 352 351
f 355 354 351
f 351 354 353
f 357 356 355
f 355 356 354
f 359 358 357
f 357 358 356
f 361 360 359
f 359 360 358
f 360 361 340
f 340 361 339
f 361 201 339
f 201 202 339
f 339 202 203
f 339 203 343
f 343 203 205
f 343 205 345
f 345 205 207
f 345 207 347
f 347 207 209
f 347 209 349
f 362 350 349
f 209 362 349
f 211 362 209
f 363 211 212
f 363 362 211
f 364 212 213
f 364 363 212
f 213 214 364
f 364 214 365
f 368 367 366
f 368 366 352
f 366 351 352
f 366 369 351
f 351 370 355
f 351 369 370
f 355 371 357
f 355 370 371
f 357 372 359
f 357 371 372
f 372 216 217
f 361 372 217
f 359 372 361
f 361 217 201
f 373 365 214
f 373 214 221
f 221 222 373
f 373 222 374
f 367 375 366
f 377 376 375
f 376 366 375
f 376 369 366
f 369 378 370
f 369 376 378
f 370 379 371
f 370 378 379
f 371 380 372
f 371 379 380
f 380 224 216
f 380 216 372
f 222 228 381
f 382 222 381
f 374 222 382
f 229 381 228
f 377 383 376
f 376 383 378
f 378 383 384
f 386 385 384
f 385 378 384
f 385 379 378
f 379 387 380
f 379 385 387
f 388 230 224
f 380 388 224
f 387 388 380
f 389 231 230
f 389 230 388
f 389 233 231
f 390 382 381
f 381 229 390
f 229 391 390
f 229 236 391
f 386 392 385
f 385 392 387
f 387 392 393
f 387 393 388
f 388 393 394
f 388 394 389
f 389 394 395
f 395 397 396
f 395 396 237
f 389 395 237
f 233 389 237
f 398 238 237
f 398 237 396
f 399 239 238
f 399 238 398
f 399 241 239
f 400 391 236
f 400 236 243
f 243 244 400
f 400 244 401
f 397 402 396
f 396 402 398
f 398 402 403
f 398 403 399
f 399 403 404
f 399 404 241
f 404 245 241
f 404 405 245
f 245 406 246
f 405 406 245
f 408 407 247
f 246 408 247
f 406 408 246
f 409 407 408
f 248 411 410
f 401 248 410
f 244 248 401
f 411 412 410
f 407 249 247
f 250 249 407
f 409 250 407
f 413 250 409
f 251 411 248
f 251 252 411
f 252 412 411
f 252 414 412
f 413 415 250
f 250 415 253
f 254 253 415
f 254 415 416
f 255 418 417
f 414 255 417
f 252 255 414
f 418 419 417
f 416 257 254
f 420 257 416
f 258 418 255
f 258 260 418
f 260 419 418
f 260 421 419
f 420 422 257
f 257 422 261
f 263 261 422
f 263 422 423
f 265 421 260
f 265 424 421
f 423 425 263
f 263 425 266
f 268 266 425
f 268 425 426
f 271 428 427
f 424 271 427
f 265 271 424
f 428 429 427
f 272 268 430
f 268 431 430
f 268 426 431
f 430 274 272
f 276 432 428
f 276 428 271
f 429 428 433
f 433 428 432
f 431 434 430
f 434 436 435
f 434 435 277
f 430 434 277
f 274 430 277
f 437 278 277
f 437 277 435
f 437 438 278
f 278 438 276
f 438 439 276
f 439 432 276
f 432 439 433
f 436 440 435
f 435 440 437
f 437 440 441
f 437 441 438
f 444 443 442
f 280 281 442
f 281 444 442
f 281 445 444
f 446 281 282
f 446 445 281
f 282 284 446
f 446 284 447
f 442 443 287
f 443 286 287
f 443 448 286
f 442 287 280
f 449 447 284
f 449 284 288
f 288 289 449
f 449 289 450
f 448 291 286
f 451 291 448
f 452 450 289
f 452 289 292
f 453 292 293
f 453 452 292
f 293 295 453
f 453 295 454
f 451 297 291
f 455 297 451
f 456 454 295
f 456 295 298
f 298 300 456
f 456 300 457
f 455 458 297
f 297 458 301
f 302 301 458
f 302 458 459
f 460 457 300
f 460 300 303
f 303 305 460
f 460 305 461
f 459 462 302
f 302 462 306
f 307 306 462
f 307 462 463
f 308 465 464
f 461 308 464
f 305 308 461
f 465 466 464
f 463 467 307
f 307 467 309
f 310 309 467
f 310 467 468
f 311 465 308
f 311 313 465
f 313 466 465
f 313 469 466
f 468 470 310
f 310 470 314
f 315 314 470
f 315 470 471
f 317 473 472
f 469 317 472
f 313 317 469
f 473 474 472
f 471 475 315
f 315 475 318
f 320 318 475
f 320 475 476
f 322 473 317
f 322 324 473
f 324 474 473
f 324 477 474
f 476 478 320
f 320 478 325
f 327 325 478
f 327 478 479
f 331 481 480
f 477 331 480
f 324 331 477
f 481 482 480
f 479 483 327
f 327 483 332
f 483 485 484
f 333 483 484
f 332 483 333
f 484 335 333
f 336 486 337
f 481 331 337
f 486 481 337
f 487 481 486
f 482 481 488
f 481 489 488
f 481 487 489
f 491 490 489
f 489 490 488
f 493 492 491
f 491 492 490
f 495 494 493
f 493 494 492
f 497 496 495
f 495 496 494
f 497 498 496
f 485 499 484
f 499 501 500
f 499 500 338
f 484 499 338
f 335 484 338
f 486 336 338
f 500 486 338
f 502 486 500
f 486 503 487
f 486 502 503
f 487 504 489
f 487 503 504
f 489 505 491
f 489 504 505
f 491 506 493
f 491 505 506
f 493 507 495
f 493 506 507
f 495 508 497
f 495 507 508
f 498 497 509
f 497 510 509
f 497 508 510
f 512 511 510
f 510 511 509
f 514 513 512
f 512 513 511
f 514 515 513
f 501 516 500
f 500 516 502
f 502 516 517
f 519 518 517
f 518 502 517
f 518 503 502
f 503 520 504
f 503 518 520
f 504 521 505
f 504 520 521
f 505 522 506
f 505 521 522
f 506 523 507
f 506 522 523
f 507 524 508
f 507 523 524
f 508 525 510
f 508 524 525
f 510 526 512
f 510 525 526
f 512 527 514
f 512 526 527
f 515 514 528
f 514 529 528
f 514 527 529
f 529 530 528
f 519 531 518
f 518 531 520
f 520 531 532
f 520 532 521
f 521 532 533
f 535 534 533
f 534 521 533
f 534 522 521
f 522 536 523
f 522 534 536
f 523 537 524
f 523 536 537
f 524 538 525
f 524 537 538
f 525 539 526
f 525 538 539
f 526 540 527
f 526 539 540
f 527 541 529
f 527 540 541
f 530 529 542
f 542 529 541
f 535 543 534
f 534 543 536
f 536 543 544
f 536 544 537
f 537 544 545
f 547 546 545
f 546 537 545
f 546 538 537
f 538 548 539
f 538 546 548
f 539 549 540
f 539 548 549
f 540 550 541
f 540 549 550
f 542 541 551
f 551 541 550
f 554 553 552
f 556 555 552
f 552 555 554
f 558 557 556
f 556 557 555
f 560 559 558
f 558 559 557
f 562 561 560
f 560 561 559
f 564 563 562
f 562 563 561
f 566 565 564
f 564 565 563
f 340 341 566
f 341 565 566
f 341 567 565
f 568 341 342
f 568 567 341
f 569 342 344
f 569 568 342
f 570 344 346
f 570 569 344
f 571 346 348
f 571 570 346
f 348 350 571
f 571 350 572
f 547 573 546
f 546 573 548
f 548 573 574
f 576 575 574
f 575 548 574
f 575 549 548
f 578 550 577
f 550 575 577
f 550 549 575
f 550 578 551
f 581 580 579
f 581 579 553
f 579 552 553
f 579 582 552
f 552 583 556
f 552 582 583
f 583 352 353
f 558 583 353
f 556 583 558
f 558 353 354
f 558 354 560
f 560 354 356
f 560 356 562
f 562 356 358
f 562 358 564
f 564 358 360
f 564 360 566
f 566 360 340
f 584 572 350
f 584 350 362
f 585 362 363
f 585 584 362
f 586 363 364
f 586 585 363
f 364 365 586
f 586 365 587
f 576 588 575
f 575 588 577
f 591 590 589
f 591 589 580
f 589 579 580
f 589 592 579
f 579 593 582
f 579 592 593
f 593 367 368
f 583 593 368
f 582 593 583
f 583 368 352
f 594 587 365
f 594 365 373
f 373 374 594
f 594 374 595
f 590 596 589
f 598 597 596
f 597 589 596
f 597 592 589
f 592 599 593
f 592 597 599
f 600 375 367
f 593 600 367
f 599 600 593
f 600 377 375
f 382 595 374
f 382 601 595
f 598 602 597
f 604 603 602
f 603 597 602
f 603 599 597
f 599 605 600
f 599 603 605
f 606 383 377
f 600 606 377
f 605 606 600
f 607 384 383
f 607 383 606
f 607 386 384
f 608 601 382
f 608 382 390
f 390 391 608
f 608 391 609
f 604 610 603
f 603 610 605
f 605 610 611
f 605 611 606
f 606 611 612
f 606 612 607
f 607 612 613
f 607 613 386
f 613 392 386
f 613 614 392
f 392 615 393
f 614 615 392
f 615 617 616
f 394 615 616
f 393 615 394
f 618 395 394
f 618 394 616
f 618 397 395
f 619 609 391
f 619 391 400
f 400 401 619
f 619 401 620
f 617 621 616
f 616 621 618
f 618 621 622
f 618 622 397
f 622 402 397
f 622 623 402
f 402 624 403
f 623 624 402
f 403 625 404
f 624 625 403
f 404 626 405
f 625 626 404
f 405 627 406
f 626 627 405
f 406 628 408
f 627 628 406
f 409 408 628
f 409 628 629
f 401 410 630
f 631 401 630
f 620 401 631
f 412 630 410
f 633 413 632
f 413 629 632
f 413 409 629
f 634 633 632
f 635 631 630
f 630 412 635
f 412 636 635
f 412 414 636
f 633 415 413
f 416 415 633
f 634 416 633
f 637 416 634
f 638 636 414
f 638 414 417
f 417 419 638
f 638 419 639
f 641 420 640
f 420 637 640
f 420 416 637
f 642 641 640
f 421 639 419
f 421 643 639
f 641 422 420
f 423 422 641
f 642 423 641
f 644 423 642
f 424 646 645
f 643 424 645
f 421 424 643
f 646 647 645
f 644 648 423
f 423 648 425
f 426 425 648
f 426 648 649
f 427 646 424
f 427 429 646
f 429 647 646
f 429 650 647
f 649 431 426
f 651 431 649
f 433 650 429
f 433 652 650
f 651 653 431
f 431 653 434
f 436 434 653
f 436 653 654
f 438 655 439
f 655 656 439
f 656 433 439
f 656 652 433
f 440 436 657
f 436 658 657
f 436 654 658
f 659 441 440
f 659 440 657
f 655 438 441
f 659 655 441
f 660 655 659
f 656 655 661
f 661 655 660
f 658 662 657
f 657 662 659
f 659 662 663
f 659 663 660
f 660 663 664
f 660 664 661
f 667 666 665
f 669 668 665
f 665 668 667
f 669 670 668
f 673 672 671
f 675 674 671
f 671 674 673
f 674 675 666
f 666 675 665
f 675 443 665
f 443 444 665
f 665 444 445
f 665 445 669
f 676 670 669
f 445 676 669
f 446 676 445
f 446 447 676
f 676 447 677
f 671 672 678
f 678 672 679
f 671 680 675
f 671 678 680
f 680 448 443
f 680 443 675
f 681 677 447
f 681 447 449
f 449 450 681
f 681 450 682
f 678 679 683
f 683 679 684
f 678 685 680
f 678 683 685
f 685 451 448
f 685 448 680
f 686 682 450
f 686 450 452
f 688 686 687
f 686 453 687
f 686 452 453
f 454 687 453
f 684 689 683
f 691 690 689
f 690 683 689
f 690 685 683
f 690 455 451
f 690 451 685
f 692 688 687
f 694 692 693
f 693 692 456
f 692 687 456
f 687 454 456
f 457 693 456
f 691 695 690
f 695 697 696
f 695 696 458
f 690 695 458
f 455 690 458
f 696 459 458
f 698 694 693
f 698 693 457
f 460 698 457
f 699 698 460
f 460 461 699
f 699 461 700
f 697 701 696
f 696 701 459
f 701 462 459
f 701 702 462
f 463 462 702
f 463 702 703
f 704 700 461
f 704 461 464
f 464 466 704
f 704 466 705
f 703 706 463
f 463 706 467
f 468 467 706
f 468 706 707
f 469 709 708
f 705 469 708
f 466 469 705
f 709 710 708
f 707 711 468
f 468 711 470
f 471 470 711
f 471 711 712
f 472 709 469
f 472 474 709
f 474 710 709
f 474 713 710
f 712 714 471
f 471 714 475
f 476 475 714
f 476 714 715
f 477 717 716
f 713 477 716
f 474 477 713
f 717 718 716
f 715 719 476
f 476 719 478
f 479 478 719
f 479 719 720
f 480 717 477
f 722 721 482
f 482 721 480
f 721 718 480
f 718 717 480
f 724 723 722
f 722 723 721
f 726 725 724
f 724 725 723
f 728 727 726
f 726 727 725
f 728 729 727
f 720 730 479
f 479 730 483
f 485 483 730
f 485 730 731
f 488 722 482
f 722 488 490
f 722 490 724
f 724 490 492
f 724 492 726
f 726 492 494
f 726 494 728
f 732 729 728
f 494 732 728
f 496 732 494
f 734 733 498
f 733 496 498
f 733 732 496
f 736 735 734
f 734 735 733
f 736 737 735
f 731 738 485
f 485 738 499
f 501 499 738
f 501 738 739
f 509 734 498
f 734 509 511
f 734 511 736
f 740 737 736
f 511 740 736
f 513 740 511
f 742 741 515
f 741 513 515
f 741 740 513
f 742 743 741
f 516 501 744
f 501 745 744
f 501 739 745
f 746 517 516
f 746 516 744
f 746 519 517
f 528 742 515
f 528 530 742
f 530 743 742
f 530 747 743
f 745 748 744
f 744 748 746
f 746 748 749
f 749 751 750
f 749 750 531
f 746 749 531
f 519 746 531
f 752 532 531
f 752 531 750
f 753 533 532
f 753 532 752
f 753 535 533
f 542 755 754
f 747 542 754
f 530 542 747
f 755 756 754
f 751 757 750
f 750 757 752
f 752 757 758
f 752 758 753
f 753 758 759
f 759 761 760
f 759 760 543
f 753 759 543
f 535 753 543
f 762 544 543
f 762 543 760
f 763 545 544
f 763 544 762
f 763 547 545
f 551 764 755
f 551 755 542
f 756 755 765
f 755 766 765
f 755 764 766
f 553 554 766
f 554 765 766
f 554 767 765
f 768 554 555
f 768 767 554
f 769 555 557
f 769 768 555
f 770 557 559
f 770 769 557
f 771 559 561
f 771 770 559
f 772 561 563
f 772 771 561
f 773 563 565
f 773 772 563
f 774 565 567
f 774 773 565
f 775 567 568
f 775 774 567
f 776 568 569
f 776 775 568
f 777 569 570
f 777 776 569
f 779 777 778
f 777 571 778
f 777 570 571
f 572 778 571
f 761 780 760
f 760 780 762
f 762 780 781
f 762 781 763
f 763 781 782
f 763 782 547
f 782 573 547
f 782 783 573
f 783 785 784
f 574 783 784
f 573 783 574
f 784 576 574
f 577 786 578
f 764 551 578
f 786 764 578
f 787 764 786
f 787 580 581
f 766 787 581
f 764 787 766
f 766 581 553
f 788 779 778
f 788 778 572
f 584 788 572
f 789 788 584
f 790 584 585
f 790 789 584
f 792 790 791
f 790 586 791
f 790 585 586
f 587 791 586
f 785 793 784
f 793 795 794
f 793 794 588
f 784 793 588
f 576 784 588
f 786 577 588
f 794 786 588
f 796 786 794
f 796 590 591
f 787 796 591
f 786 796 787
f 787 591 580
f 797 792 791
f 799 797 798
f 798 797 594
f 797 791 594
f 791 587 594
f 595 798 594
f 795 800 794
f 802 801 800
f 801 794 800
f 801 796 794
f 803 596 590
f 796 803 590
f 801 803 796
f 803 598 596
f 799 798 804
f 799 804 805
f 601 804 595
f 595 804 798
f 802 806 801
f 801 806 803
f 803 806 807
f 807 809 808
f 807 808 602
f 803 807 602
f 598 803 602
f 808 604 602
f 805 804 810
f 805 810 811
f 608 812 601
f 812 804 601
f 812 810 804
f 609 812 608
f 809 813 808
f 808 813 604
f 813 610 604
f 813 814 610
f 610 815 611
f 814 815 610
f 611 816 612
f 815 816 611
f 612 817 613
f 816 817 612
f 817 819 818
f 614 817 818
f 613 817 614
f 820 615 614
f 820 614 818
f 820 617 615
f 823 822 821
f 821 822 811
f 810 821 811
f 824 821 810
f 825 810 812
f 824 810 825
f 619 826 609
f 826 812 609
f 826 825 812
f 620 826 619
f 819 827 818
f 818 827 820
f 820 827 828
f 820 828 617
f 828 621 617
f 828 829 621
f 621 830 622
f 829 830 621
f 622 831 623
f 830 831 622
f 623 832 624
f 831 832 623
f 624 833 625
f 832 833 624
f 625 834 626
f 833 834 625
f 626 835 627
f 834 835 626
f 627 836 628
f 835 836 627
f 821 837 629
f 836 821 629
f 628 836 629
f 823 821 836
f 838 821 824
f 837 821 838
f 825 840 839
f 838 825 839
f 824 825 838
f 840 825 826
f 840 826 841
f 826 620 841
f 620 842 841
f 620 631 842
f 837 632 629
f 632 837 634
f 837 843 634
f 837 838 843
f 838 839 844
f 838 844 843
f 845 842 631
f 845 631 635
f 635 636 845
f 845 636 846
f 847 637 843
f 843 637 634
f 843 844 848
f 843 848 847
f 849 846 636
f 849 636 638
f 638 639 849
f 849 639 850
f 847 640 637
f 642 640 847
f 848 642 847
f 851 642 848
f 643 850 639
f 643 852 850
f 854 644 853
f 644 851 853
f 644 642 851
f 855 854 853
f 856 852 643
f 856 643 645
f 645 647 856
f 856 647 857
f 854 648 644
f 649 648 854
f 855 649 854
f 858 649 855
f 650 857 647
f 650 859 857
f 858 651 649
f 860 651 858
f 652 859 650
f 652 861 859
f 860 862 651
f 651 862 653
f 654 653 862
f 654 862 863
f 656 865 864
f 861 656 864
f 652 656 861
f 865 866 864
f 863 658 654
f 867 658 863
f 869 868 865
f 656 869 865
f 661 869 656
f 865 868 866
f 867 870 658
f 658 870 662
f 870 872 871
f 663 870 871
f 662 870 663
f 873 664 663
f 873 663 871
f 873 874 664
f 874 661 664
f 874 869 661
f 872 875 871
f 871 875 873
f 873 875 876
f 873 876 874
f 879 878 877
f 881 880 877
f 877 880 879
f 883 882 881
f 881 882 880
f 885 884 883
f 883 884 882
f 666 667 885
f 667 884 885
f 667 886 884
f 887 667 668
f 887 886 667
f 668 670 887
f 887 670 888
f 877 878 889
f 889 878 890
f 877 891 881
f 877 889 891
f 891 672 673
f 883 891 673
f 881 891 883
f 883 673 674
f 883 674 885
f 885 674 666
f 892 888 670
f 892 670 676
f 676 677 892
f 892 677 893
f 889 890 894
f 894 890 895
f 889 896 891
f 889 894 896
f 896 679 672
f 896 672 891
f 897 893 677
f 897 677 681
f 681 682 897
f 897 682 898
f 895 899 894
f 901 900 899
f 900 894 899
f 900 896 894
f 900 684 679
f 900 679 896
f 682 686 902
f 903 682 902
f 898 682 903
f 688 902 686
f 901 904 900
f 904 906 905
f 904 905 689
f 900 904 689
f 684 900 689
f 905 691 689
f 907 903 902
f 909 907 908
f 908 907 692
f 907 902 692
f 902 688 692
f 694 908 692
f 906 910 905
f 905 910 691
f 910 695 691
f 910 911 695
f 697 695 911
f 697 911 912
f 913 909 908
f 913 908 694
f 698 913 694
f 914 913 698
f 916 914 915
f 914 699 915
f 914 698 699
f 700 915 699
f 912 917 697
f 697 917 701
f 701 918 702
f 917 918 701
f 920 919 703
f 702 920 703
f 918 920 702
f 921 919 920
f 922 916 915
f 924 922 923
f 923 922 704
f 922 915 704
f 915 700 704
f 705 923 704
f 919 706 703
f 926 925 707
f 926 707 706
f 921 926 706
f 919 921 706
f 927 925 926
f 928 924 923
f 928 923 705
f 708 928 705
f 929 928 708
f 708 710 929
f 929 710 930
f 925 711 707
f 932 931 712
f 932 712 711
f 927 932 711
f 925 927 711
f 933 931 932
f 713 930 710
f 713 934 930
f 931 714 712
f 936 935 715
f 936 715 714
f 933 936 714
f 931 933 714
f 937 935 936
f 938 934 713
f 938 713 716
f 940 939 718
f 939 716 718
f 939 938 716
f 940 941 939
f 935 719 715
f 720 719 935
f 937 720 935
f 942 720 937
f 721 940 718
f 943 941 940
f 721 943 940
f 723 943 721
f 944 723 725
f 944 943 723
f 945 725 727
f 945 944 725
f 727 729 945
f 945 729 946
f 942 947 720
f 720 947 730
f 731 730 947
f 731 947 948
f 949 946 729
f 949 729 732
f 950 732 733
f 950 949 732
f 951 733 735
f 951 950 733
f 953 952 737
f 952 735 737
f 952 951 735
f 953 954 952
f 738 731 955
f 731 956 955
f 731 948 956
f 955 739 738
f 740 953 737
f 957 954 953
f 740 957 953
f 741 957 740
f 741 743 957
f 957 743 958
f 956 959 955
f 739 955 959
f 960 739 959
f 745 739 960
f 747 962 961
f 958 747 961
f 743 747 958
f 962 963 961
f 960 964 745
f 745 964 748
f 964 966 965
f 749 964 965
f 748 964 749
f 965 751 749
f 754 962 747
f 968 967 756
f 756 967 754
f 967 963 754
f 963 962 754
f 968 969 967
f 966 970 965
f 965 970 751
f 970 757 751
f 970 971 757
f 757 972 758
f 971 972 757
f 758 973 759
f 972 973 758
f 761 759 973
f 761 973 974
f 765 968 756
f 975 969 968
f 765 975 968
f 767 975 765
f 976 767 768
f 976 975 767
f 977 768 769
f 977 976 768
f 978 769 770
f 978 977 769
f 979 770 771
f 979 978 770
f 980 771 772
f 980 979 771
f 981 772 773
f 981 980 772
f 982 773 774
f 982 981 773
f 984 982 983
f 982 775 983
f 982 774 775
f 776 985 775
f 775 985 983
f 777 986 776
f 776 986 985
f 779 986 777
f 974 987 761
f 761 987 780
f 780 988 781
f 987 988 780
f 781 989 782
f 988 989 781
f 989 991 990
f 783 989 990
f 782 989 783
f 990 785 783
f 992 984 983
f 992 983 985
f 992 985 993
f 993 985 986
f 993 986 994
f 996 994 995
f 995 994 788
f 994 986 788
f 986 779 788
f 789 997 788
f 788 997 995
f 790 998 789
f 789 998 997
f 792 998 790
f 991 999 990
f 990 999 785
f 999 793 785
f 999 1000 793
f 795 793 1000
f 795 1000 1001
f 1002 996 995
f 1002 995 997
f 1002 997 1003
f 1005 1004 1003
f 997 1005 1003
f 998 1005 997
f 797 1006 792
f 1006 998 792
f 1006 1005 998
f 799 1006 797
f 1001 1007 795
f 795 1007 800
f 802 800 1007
f 802 1007 1008
f 1004 1005 1009
f 1004 1009 1010
f 1011 1005 1006
f 1009 1005 1011
f 805 1011 799
f 799 1011 1006
f 1008 1012 802
f 802 1012 806
f 1012 1014 1013
f 807 1012 1013
f 806 1012 807
f 1013 809 807
f 1017 1016 1015
f 1015 1016 1010
f 1009 1015 1010
f 1018 1015 1009
f 1019 1009 1011
f 1018 1009 1019
f 811 1019 805
f 805 1019 1011
f 1014 1020 1013
f 1013 1020 809
f 1020 813 809
f 1020 1021 813
f 813 1022 814
f 1021 1022 813
f 814 1023 815
f 1022 1023 814
f 815 1024 816
f 1023 1024 815
f 816 1025 817
f 1024 1025 816
f 1027 1026 819
f 817 1027 819
f 1025 1027 817
f 1029 1028 1026
f 1029 1026 1027
f 1031 1030 1028
f 1031 1028 1029
f 1033 1032 1030
f 1033 1030 1031
f 1035 1034 1032
f 1035 1032 1033
f 1037 1036 1034
f 1037 1034 1035
f 1039 1038 1036
f 1039 1036 1037
f 1041 1040 1038
f 1041 1038 1039
f 1040 1041 1017
f 1015 1040 1017
f 1042 1040 1015
f 1043 1015 1018
f 1042 1015 1043
f 823 1043 822
f 1043 1019 822
f 1043 1018 1019
f 822 1019 811
f 1026 827 819
f 827 1026 828
f 828 1026 1028
f 828 1028 829
f 829 1028 1030
f 829 1030 830
f 830 1030 1032
f 830 1032 831
f 831 1032 1034
f 831 1034 832
f 832 1034 1036
f 832 1036 833
f 833 1036 1038
f 833 1038 834
f 834 1038 1040
f 834 1040 835
f 835 1040 1042
f 835 1042 836
f 836 1042 1043
f 836 1043 823
f 1044 839 840
f 841 1045 840
f 840 1045 1044
f 842 1045 841
f 1046 844 1044
f 1044 844 839
f 1047 1044 1045
f 1046 1044 1047
f 845 1048 842
f 1048 1045 842
f 1048 1047 1045
f 846 1048 845
f 1049 848 1046
f 1046 848 844
f 1047 1051 1050
f 1049 1047 1050
f 1046 1047 1049
f 1051 1047 1048
f 1051 1048 1052
f 1054 1052 1053
f 1053 1052 849
f 1052 1048 849
f 1048 846 849
f 850 1053 849
f 1055 851 1049
f 1049 851 848
f 1049 1050 1056
f 1049 1056 1055
f 1057 1054 1053
f 1053 850 1057
f 850 1058 1057
f 850 852 1058
f 1055 853 851
f 855 853 1055
f 1056 855 1055
f 1059 855 1056
f 1060 1058 852
f 1060 852 856
f 856 857 1060
f 1060 857 1061
f 1059 858 855
f 1062 858 1059
f 859 1061 857
f 859 1063 1061
f 1065 860 1064
f 860 1062 1064
f 860 858 1062
f 1066 1065 1064
f 861 1068 1067
f 1063 861 1067
f 859 861 1063
f 1068 1069 1067
f 1065 862 860
f 863 862 1065
f 1066 863 1065
f 1070 863 1066
f 864 1068 861
f 864 866 1068
f 866 1069 1068
f 866 1071 1069
f 1070 867 863
f 1072 867 1070
f 869 1073 868
f 1073 1074 868
f 1074 866 868
f 1074 1071 866
f 1072 1075 867
f 867 1075 870
f 872 870 1075
f 872 1075 1076
f 1078 1077 1073
f 869 1078 1073
f 874 1078 869
f 1073 1077 1074
f 875 872 1079
f 872 1080 1079
f 872 1076 1080
f 1081 876 875
f 1081 875 1079
f 1081 1082 876
f 1082 874 876
f 1082 1078 874
f 1080 1083 1079
f 1079 1083 1081
f 1081 1083 1084
f 1081 1084 1082
f 1087 1086 1085
f 1089 1088 1085
f 1085 1088 1087
f 1089 1090 1088
f 1093 1092 1091
f 1095 1094 1091
f 1091 1094 1093
f 1097 1096 1095
f 1095 1096 1094
f 1096 1097 1086
f 1086 1097 1085
f 1097 878 1085
f 878 879 1085
f 1085 879 880
f 1085 880 1089
f 1098 1090 1089
f 880 1098 1089
f 882 1098 880
f 1099 882 884
f 1099 1098 882
f 1100 884 886
f 1100 1099 884
f 1101 886 887
f 1101 1100 886
f 887 888 1101
f 1101 888 1102
f 1091 1092 1103
f 1103 1092 1104
f 1091 1105 1095
f 1091 1103 1105
f 1095 1106 1097
f 1095 1105 1106
f 1106 890 878
f 1106 878 1097
f 1107 1102 888
f 1107 888 892
f 892 893 1107
f 1107 893 1108
f 1104 1109 1103
f 1111 1110 1109
f 1110 1103 1109
f 1110 1105 1103
f 1105 1112 1106
f 1105 1110 1112
f 1112 895 890
f 1112 890 1106
f 893 897 1113
f 1114 893 1113
f 1108 893 1114
f 898 1113 897
f 1111 1115 1110
f 1117 1116 1115
f 1116 1110 1115
f 1116 1112 1110
f 1118 899 895
f 1112 1118 895
f 1116 1118 1112
f 1118 901 899
f 1114 1113 1119
f 1114 1119 1120
f 903 1119 898
f 898 1119 1113
f 1117 1121 1116
f 1116 1121 1118
f 1118 1121 1122
f 1122 1124 1123
f 1122 1123 904
f 1118 1122 904
f 901 1118 904
f 1123 906 904
f 1120 1119 1125
f 1120 1125 1126
f 907 1127 903
f 1127 1119 903
f 1127 1125 1119
f 909 1127 907
f 1124 1128 1123
f 1123 1128 906
f 1128 910 906
f 1128 1129 910
f 910 1130 911
f 1129 1130 910
f 912 911 1130
f 912 1130 1131
f 1134 1133 1132
f 1132 1133 1126
f 1125 1132 1126
f 1135 1132 1125
f 1136 1125 1127
f 1135 1125 1136
f 913 1137 909
f 1137 1127 909
f 1137 1136 1127
f 914 1138 913
f 913 1138 1137
f 916 1138 914
f 1131 1139 912
f 912 1139 917
f 917 1140 918
f 1139 1140 917
f 1132 920 1134
f 920 1140 1134
f 920 918 1140
f 920 1132 921
f 1132 1141 921
f 1132 1135 1141
f 1142 1135 1136
f 1141 1135 1142
f 1143 1136 1137
f 1142 1136 1143
f 1144 1137 1138
f 1143 1137 1144
f 922 1145 916
f 1145 1138 916
f 1145 1144 1138
f 924 1145 922
f 1141 926 921
f 926 1141 927
f 1141 1146 927
f 1141 1142 1146
f 1147 1142 1143
f 1146 1142 1147
f 1144 1149 1148
f 1147 1144 1148
f 1143 1144 1147
f 1149 1144 1145
f 1149 1145 1150
f 1150 1145 924
f 928 1150 924
f 1151 1150 928
f 1153 1151 1152
f 1151 929 1152
f 1151 928 929
f 930 1152 929
f 1146 932 927
f 932 1146 933
f 1146 1154 933
f 1146 1147 1154
f 1147 1148 1155
f 1147 1155 1154
f 1156 1153 1152
f 1152 930 1156
f 930 1157 1156
f 930 934 1157
f 1154 936 933
f 1159 1158 937
f 1159 937 936
f 1155 1159 936
f 1154 1155 936
f 1160 1158 1159
f 1161 1157 934
f 1161 934 938
f 1162 938 939
f 1162 1161 938
f 939 941 1162
f 1162 941 1163
f 1164 942 1158
f 1158 942 937
f 1158 1160 1165
f 1158 1165 1164
f 1166 1163 941
f 1166 941 943
f 1167 943 944
f 1167 1166 943
f 1168 944 945
f 1168 1167 944
f 945 946 1168
f 1168 946 1169
f 1164 947 942
f 948 947 1164
f 1165 948 1164
f 1170 948 1165
f 1171 1169 946
f 1171 946 949
f 1172 949 950
f 1172 1171 949
f 1173 950 951
f 1173 1172 950
f 1175 1173 1174
f 1173 952 1174
f 1173 951 952
f 954 1174 952
f 1177 956 1176
f 956 1170 1176
f 956 948 1170
f 1178 1177 1176
f 1179 1175 1174
f 1179 1174 954
f 957 1179 954
f 1180 1179 957
f 957 958 1180
f 1180 958 1181
f 1177 959 956
f 960 959 1177
f 1178 960 1177
f 1182 960 1178
f 1183 1181 958
f 1183 958 961
f 961 963 1183
f 1183 963 1184
f 1182 1185 960
f 960 1185 964
f 966 964 1185
f 966 1185 1186
f 1187 1184 963
f 1187 963 967
f 967 969 1187
f 1187 969 1188
f 1186 1189 966
f 966 1189 970
f 970 1190 971
f 1189 1190 970
f 971 1191 972
f 1190 1191 971
f 972 1192 973
f 1191 1192 972
f 974 973 1192
f 974 1192 1193
f 1194 1188 969
f 1194 969 975
f 1195 975 976
f 1195 1194 975
f 1196 976 977
f 1196 1195 976
f 1197 977 978
f 1197 1196 977
f 1198 978 979
f 1198 1197 978
f 1200 1198 1199
f 1198 980 1199
f 1198 979 980
f 981 1201 980
f 980 1201 1199
f 982 1202 981
f 981 1202 1201
f 984 1202 982
f 1193 1203 974
f 974 1203 987
f 987 1204 988
f 1203 1204 987
f 988 1205 989
f 1204 1205 988
f 1207 1206 991
f 989 1207 991
f 1205 1207 989
f 1208 1206 1207
f 1209 1200 1199
f 1209 1199 1201
f 1209 1201 1210
f 1210 1201 1202
f 1210 1202 1211
f 1213 1211 1212
f 1212 1211 992
f 1211 1202 992
f 1202 984 992
f 993 1214 992
f 992 1214 1212
f 994 1215 993
f 993 1215 1214
f 996 1215 994
f 1206 999 991
f 1208 1216 1206
f 1216 999 1206
f 1216 1000 999
f 1001 1000 1216
f 1001 1216 1217
f 1218 1213 1212
f 1220 1219 1218
f 1212 1220 1218
f 1214 1220 1212
f 1221 1214 1215
f 1220 1214 1221
f 1002 1222 996
f 1222 1215 996
f 1222 1221 1215
f 1003 1223 1002
f 1002 1223 1222
f 1004 1223 1003
f 1007 1001 1224
f 1001 1225 1224
f 1001 1217 1225
f 1224 1008 1007
f 1219 1220 1226
f 1219 1226 1227
f 1228 1220 1221
f 1226 1220 1228
f 1229 1221 1222
f 1228 1221 1229
f 1230 1222 1223
f 1229 1222 1230
f 1010 1230 1004
f 1004 1230 1223
f 1225 1231 1224
f 1224 1231 1008
f 1231 1012 1008
f 1231 1232 1012
f 1014 1012 1232
f 1014 1232 1233
f 1236 1235 1234
f 1238 1237 1234
f 1238 1234 1235
f 1237 1238 1227
f 1226 1237 1227
f 1239 1237 1226
f 1240 1226 1228
f 1239 1226 1240
f 1241 1228 1229
f 1240 1228 1241
f 1017 1241 1016
f 1241 1230 1016
f 1241 1229 1230
f 1016 1230 1010
f 1233 1242 1014
f 1014 1242 1020
f 1020 1243 1021
f 1242 1243 1020
f 1021 1244 1022
f 1243 1244 1021
f 1022 1245 1023
f 1244 1245 1022
f 1023 1246 1024
f 1245 1246 1023
f 1024 1247 1025
f 1246 1247 1024
f 1025 1248 1027
f 1247 1248 1025
f 1027 1249 1029
f 1248 1249 1027
f 1029 1250 1031
f 1249 1250 1029
f 1234 1033 1236
f 1033 1250 1236
f 1033 1031 1250
f 1033 1234 1035
f 1035 1234 1237
f 1035 1237 1037
f 1037 1237 1239
f 1037 1239 1039
f 1039 1239 1240
f 1039 1240 1041
f 1041 1240 1241
f 1041 1241 1017
f 1251 1050 1051
f 1052 1252 1051
f 1051 1252 1251
f 1054 1252 1052
f 1253 1056 1251
f 1251 1056 1050
f 1254 1251 1252
f 1253 1251 1254
f 1057 1255 1054
f 1255 1252 1054
f 1255 1254 1252
f 1058 1255 1057
f 1256 1059 1253
f 1253 1059 1056
f 1254 1258 1257
f 1256 1254 1257
f 1253 1254 1256
f 1258 1254 1255
f 1258 1255 1259
f 1259 1255 1058
f 1060 1259 1058
f 1260 1259 1060
f 1060 1061 1260
f 1260 1061 1261
f 1262 1062 1256
f 1256 1062 1059
f 1256 1257 1263
f 1256 1263 1262
f 1063 1261 1061
f 1063 1264 1261
f 1262 1064 1062
f 1066 1064 1262
f 1263 1066 1262
f 1265 1066 1263
f 1266 1264 1063
f 1266 1063 1067
f 1067 1069 1266
f 1266 1069 1267
f 1265 1070 1066
f 1268 1070 1265
f 1071 1267 1069
f 1071 1269 1267
f 1268 1072 1070
f 1270 1072 1268
f 1074 1269 1071
f 1074 1271 1269
f 1075 1072 1272
f 1072 1273 1272
f 1072 1270 1273
f 1272 1076 1075
f 1078 1274 1077
f 1274 1275 1077
f 1275 1074 1077
f 1275 1271 1074
f 1273 1276 1272
f 1076 1272 1276
f 1277 1076 1276
f 1080 1076 1277
f 1082 1278 1274
f 1082 1274 1078
f 1275 1274 1279
f 1279 1274 1278
f 1083 1080 1280
f 1080 1281 1280
f 1080 1277 1281
f 1282 1084 1083
f 1282 1083 1280
f 1282 1283 1084
f 1084 1283 1082
f 1283 1284 1082
f 1284 1278 1082
f 1278 1284 1279
f 1281 1285 1280
f 1280 1285 1282
f 1282 1285 1286
f 1282 1286 1283
f 1289 1288 1287
f 1291 1290 1287
f 1287 1290 1289
f 1293 1292 1291
f 1291 1292 1290
f 1295 1294 1293
f 1293 1294 1292
f 1086 1087 1295
f 1087 1294 1295
f 1087 1296 1294
f 1297 1087 1088
f 1297 1296 1087
f 1299 1298 1090
f 1298 1088 1090
f 1298 1297 1088
f 1299 1300 1298
f 1287 1288 1301
f 1301 1288 1302
f 1301 1092 1093
f 1291 1301 1093
f 1287 1301 1291
f 1291 1093 1094
f 1291 1094 1293
f 1293 1094 1096
f 1293 1096 1295
f 1295 1096 1086
f 1098 1299 1090
f 1303 1300 1299
f 1098 1303 1299
f 1099 1303 1098
f 1304 1099 1100
f 1304 1303 1099
f 1306 1304 1305
f 1304 1101 1305
f 1304 1100 1101
f 1102 1305 1101
f 1301 1302 1307
f 1307 1302 1308
f 1307 1104 1092
f 1307 1092 1301
f 1309 1306 1305
f 1311 1309 1310
f 1310 1309 1107
f 1309 1305 1107
f 1305 1102 1107
f 1108 1310 1107
f 1307 1308 1312
f 1312 1308 1313
f 1314 1109 1104
f 1307 1314 1104
f 1312 1314 1307
f 1314 1111 1109
f 1311 1310 1315
f 1311 1315 1316
f 1114 1315 1108
f 1108 1315 1310
f 1313 1317 1312
f 1319 1318 1317
f 1318 1312 1317
f 1318 1314 1312
f 1320 1115 1111
f 1314 1320 1111
f 1318 1320 1314
f 1320 1117 1115
f 1316 1315 1321
f 1316 1321 1322
f 1120 1321 1114
f 1114 1321 1315
f 1319 1323 1318
f 1318 1323 1320
f 1320 1323 1324
f 1320 1324 1117
f 1324 1121 1117
f 1324 1325 1121
f 1325 1327 1326
f 1122 1325 1326
f 1121 1325 1122
f 1326 1124 1122
f 1322 1321 1328
f 1322 1328 1329
f 1126 1328 1120
f 1120 1328 1321
f 1327 1330 1326
f 1326 1330 1124
f 1330 1128 1124
f 1330 1331 1128
f 1128 1332 1129
f 1331 1332 1128
f 1129 1333 1130
f 1332 1333 1129
f 1335 1334 1131
f 1130 1335 1131
f 1333 1335 1130
f 1337 1336 1334
f 1337 1334 1335
f 1336 1337 1329
f 1336 1329 1328
f 1134 1336 1328
f 1133 1134 1328
f 1133 1328 1126
f 1334 1139 1131
f 1139 1334 1140
f 1140 1334 1336
f 1140 1336 1134
f 1338 1148 1149
f 1150 1339 1149
f 1149 1339 1338
f 1151 1340 1150
f 1150 1340 1339
f 1153 1340 1151
f 1341 1155 1338
f 1338 1155 1148
f 1342 1338 1339
f 1341 1338 1342
f 1343 1339 1340
f 1342 1339 1343
f 1156 1344 1153
f 1344 1340 1153
f 1344 1343 1340
f 1157 1344 1156
f 1341 1159 1155
f 1159 1341 1160
f 1341 1345 1160
f 1341 1342 1345
f 1343 1347 1346
f 1345 1343 1346
f 1342 1343 1345
f 1347 1343 1344
f 1347 1344 1348
f 1348 1344 1157
f 1161 1348 1157
f 1349 1348 1161
f 1351 1349 1350
f 1349 1162 1350
f 1349 1161 1162
f 1163 1350 1162
f 1352 1165 1345
f 1345 1165 1160
f 1345 1346 1353
f 1345 1353 1352
f 1354 1351 1350
f 1354 1350 1163
f 1166 1354 1163
f 1355 1354 1166
f 1356 1166 1167
f 1356 1355 1166
f 1358 1356 1357
f 1356 1168 1357
f 1356 1167 1168
f 1169 1357 1168
f 1359 1170 1352
f 1352 1170 1165
f 1352 1353 1360
f 1352 1360 1359
f 1361 1358 1357
f 1361 1357 1169
f 1171 1361 1169
f 1362 1361 1171
f 1363 1171 1172
f 1363 1362 1171
f 1365 1363 1364
f 1363 1173 1364
f 1363 1172 1173
f 1175 1364 1173
f 1359 1176 1170
f 1178 1176 1359
f 1360 1178 1359
f 1366 1178 1360
f 1367 1365 1364
f 1367 1364 1175
f 1179 1367 1175
f 1368 1367 1179
f 1370 1368 1369
f 1368 1180 1369
f 1368 1179 1180
f 1181 1369 1180
f 1366 1182 1178
f 1371 1182 1366
f 1372 1370 1369
f 1374 1372 1373
f 1373 1372 1183
f 1372 1369 1183
f 1369 1181 1183
f 1184 1373 1183
f 1371 1375 1182
f 1182 1375 1185
f 1377 1376 1186
f 1185 1377 1186
f 1375 1377 1185
f 1378 1376 1377
f 1379 1374 1373
f 1381 1379 1380
f 1380 1379 1187
f 1379 1373 1187
f 1373 1184 1187
f 1188 1380 1187
f 1376 1189 1186
f 1378 1382 1376
f 1382 1189 1376
f 1382 1190 1189
f 1190 1383 1191
f 1382 1383 1190
f 1191 1384 1192
f 1383 1384 1191
f 1386 1385 1193
f 1192 1386 1193
f 1384 1386 1192
f 1388 1387 1385
f 1388 1385 1386
f 1389 1387 1388
f 1390 1381 1380
f 1390 1380 1188
f 1194 1390 1188
f 1391 1390 1194
f 1393 1391 1392
f 1391 1195 1392
f 1391 1194 1195
f 1196 1394 1195
f 1195 1394 1392
f 1197 1395 1196
f 1196 1395 1394
f 1198 1396 1197
f 1197 1396 1395
f 1200 1396 1198
f 1385 1203 1193
f 1203 1385 1204
f 1204 1385 1387
f 1389 1397 1387
f 1397 1204 1387
f 1397 1205 1204
f 1205 1398 1207
f 1397 1398 1205
f 1400 1399 1208
f 1207 1400 1208
f 1398 1400 1207
f 1401 1399 1400
f 1402 1393 1392
f 1402 1392 1394
f 1402 1394 1403
f 1403 1394 1395
f 1403 1395 1404
f 1406 1405 1404
f 1395 1406 1404
f 1396 1406 1395
f 1209 1407 1200
f 1407 1396 1200
f 1407 1406 1396
f 1210 1408 1209
f 1209 1408 1407
f 1211 1409 1210
f 1210 1409 1408
f 1213 1409 1211
f 1399 1216 1208
f 1217 1216 1399
f 1401 1217 1399
f 1410 1217 1401
f 1411 1405 1406
f 1413 1412 1411
f 1406 1413 1411
f 1407 1413 1406
f 1414 1407 1408
f 1413 1407 1414
f 1415 1408 1409
f 1414 1408 1415
f 1218 1416 1213
f 1416 1409 1213
f 1416 1415 1409
f 1219 1416 1218
f 1418 1225 1417
f 1225 1410 1417
f 1225 1217 1410
f 1419 1418 1417
f 1412 1413 1420
f 1412 1420 1421
f 1422 1413 1414
f 1420 1413 1422
f 1423 1414 1415
f 1422 1414 1423
f 1424 1415 1416
f 1423 1415 1424
f 1227 1424 1219
f 1219 1424 1416
f 1418 1231 1225
f 1419 1425 1418
f 1425 1231 1418
f 1425 1232 1231
f 1233 1232 1425
f 1233 1425 1426
f 1429 1428 1427
f 1431 1430 1427
f 1431 1427 1428
f 1433 1432 1430
f 1433 1430 1431
f 1435 1434 1432
f 1435 1432 1433
f 1434 1435 1421
f 1420 1434 1421
f 1436 1434 1420
f 1437 1420 1422
f 1436 1420 1437
f 1236 1437 1235
f 1437 1423 1235
f 1437 1422 1423
f 1235 1423 1238
f 1238 1423 1424
f 1238 1424 1227
f 1426 1438 1233
f 1233 1438 1242
f 1242 1439 1243
f 1438 1439 1242
f 1243 1440 1244
f 1439 1440 1243
f 1427 1245 1429
f 1245 1440 1429
f 1245 1244 1440
f 1245 1427 1246
f 1246 1427 1430
f 1246 1430 1247
f 1247 1430 1432
f 1247 1432 1248
f 1248 1432 1434
f 1248 1434 1249
f 1249 1434 1436
f 1249 1436 1250
f 1250 1436 1437
f 1250 1437 1236
f 1441 1257 1258
f 1259 1442 1258
f 1258 1442 1441
f 1260 1443 1259
f 1259 1443 1442
f 1261 1443 1260
f 1444 1263 1441
f 1441 1263 1257
f 1442 1446 1445
f 1444 1442 1445
f 1441 1442 1444
f 1446 1442 1443
f 1446 1443 1447
f 1443 1261 1447
f 1261 1448 1447
f 1261 1264 1448
f 1449 1265 1444
f 1444 1265 1263
f 1444 1445 1450
f 1444 1450 1449
f 1264 1266 1451
f 1452 1264 1451
f 1448 1264 1452
f 1267 1451 1266
f 1454 1453 1449
f 1453 1265 1449
f 1453 1268 1265
f 1454 1449 1450
f 1455 1452 1451
f 1451 1267 1455
f 1267 1456 1455
f 1267 1269 1456
f 1453 1270 1268
f 1457 1270 1453
f 1271 1456 1269
f 1271 1458 1456
f 1457 1273 1270
f 1459 1273 1457
f 1275 1458 1271
f 1275 1460 1458
f 1276 1273 1461
f 1273 1462 1461
f 1273 1459 1462
f 1461 1277 1276
f 1279 1460 1275
f 1279 1463 1460
f 1462 1464 1461
f 1277 1461 1464
f 1465 1277 1464
f 1281 1277 1465
f 1283 1466 1284
f 1466 1467 1284
f 1467 1279 1284
f 1467 1463 1279
f 1285 1281 1468
f 1281 1469 1468
f 1281 1465 1469
f 1470 1286 1285
f 1470 1285 1468
f 1466 1283 1286
f 1470 1466 1286
f 1471 1466 1470
f 1467 1466 1472
f 1472 1466 1471
f 1469 1473 1468
f 1475 1474 1473
f 1474 1468 1473
f 1474 1470 1468
f 1477 1471 1476
f 1471 1474 1476
f 1471 1470 1474
f 1471 1477 1472
f 1475 1478 1474
f 1474 1478 1476
f 1481 1480 1479
f 1483 1482 1479
f 1479 1482 1481
f 1483 1484 1482
f 1485 1288 1289
f 1480 1486 1479
f 1486 1289 1479
f 1289 1290 1479
f 1289 1486 1485
f 1479 1290 1292
f 1479 1292 1483
f 1487 1484 1483
f 1292 1487 1483
f 1294 1487 1292
f 1488 1294 1296
f 1488 1487 1294
f 1489 1296 1297
f 1489 1488 1296
f 1491 1489 1490
f 1489 1298 1490
f 1489 1297 1298
f 1300 1490 1298
f 1492 1302 1485
f 1485 1302 1288
f 1485 1486 1493
f 1485 1493 1492
f 1494 1491 1490
f 1494 1490 1300
f 1303 1494 1300
f 1495 1494 1303
f 1497 1495 1496
f 1495 1304 1496
f 1495 1303 1304
f 1306 1496 1304
f 1499 1498 1492
f 1498 1302 1492
f 1498 1308 1302
f 1499 1492 1493
f 1500 1497 1496
f 1502 1500 1501
f 1501 1500 1309
f 1500 1496 1309
f 1496 1306 1309
f 1311 1501 1309
f 1498 1313 1308
f 1503 1313 1498
f 1502 1501 1504
f 1502 1504 1505
f 1316 1504 1311
f 1311 1504 1501
f 1317 1313 1506
f 1313 1507 1506
f 1313 1503 1507
f 1506 1319 1317
f 1505 1504 1508
f 1505 1508 1509
f 1322 1508 1316
f 1316 1508 1504
f 1507 1510 1506
f 1506 1510 1319
f 1510 1323 1319
f 1510 1511 1323
f 1323 1512 1324
f 1511 1512 1323
f 1324 1513 1325
f 1512 1513 1324
f 1327 1325 1513
f 1327 1513 1514
f 1509 1508 1515
f 1509 1515 1516
f 1329 1515 1322
f 1322 1515 1508
f 1514 1517 1327
f 1327 1517 1330
f 1330 1518 1331
f 1517 1518 1330
f 1331 1519 1332
f 1518 1519 1331
f 1332 1520 1333
f 1519 1520 1332
f 1333 1521 1335
f 1520 1521 1333
f 1515 1337 1516
f 1337 1521 1516
f 1337 1335 1521
f 1337 1515 1329
f 1522 1346 1347
f 1348 1523 1347
f 1347 1523 1522
f 1349 1524 1348
f 1348 1524 1523
f 1351 1524 1349
f 1525 1353 1522
f 1522 1353 1346
f 1523 1527 1526
f 1525 1523 1526
f 1522 1523 1525
f 1527 1523 1524
f 1527 1524 1528
f 1530 1528 1529
f 1529 1528 1354
f 1528 1524 1354
f 1524 1351 1354
f 1355 1531 1354
f 1354 1531 1529
f 1356 1532 1355
f 1355 1532 1531
f 1358 1532 1356
f 1533 1360 1525
f 1525 1360 1353
f 1525 1526 1534
f 1525 1534 1533
f 1535 1530 1529
f 1535 1529 1531
f 1535 1531 1536
f 1538 1537 1536
f 1531 1538 1536
f 1532 1538 1531
f 1361 1539 1358
f 1539 1532 1358
f 1539 1538 1532
f 1362 1540 1361
f 1361 1540 1539
f 1363 1541 1362
f 1362 1541 1540
f 1365 1541 1363
f 1542 1366 1533
f 1533 1366 1360
f 1533 1534 1543
f 1533 1543 1542
f 1544 1537 1538
f 1544 1538 1539
f 1544 1539 1545
f 1547 1546 1545
f 1539 1547 1545
f 1540 1547 1539
f 1548 1540 1541
f 1547 1540 1548
f 1367 1549 1365
f 1549 1541 1365
f 1549 1548 1541
f 1368 1550 1367
f 1367 1550 1549
f 1370 1550 1368
f 1551 1371 1542
f 1542 1371 1366
f 1542 1543 1552
f 1553 1542 1552
f 1551 1542 1553
f 1554 1553 1552
f 1546 1547 1555
f 1546 1555 1556
f 1557 1547 1548
f 1555 1547 1557
f 1558 1548 1549
f 1557 1548 1558
f 1559 1549 1550
f 1558 1549 1559
f 1372 1560 1370
f 1560 1550 1370
f 1560 1559 1550
f 1374 1560 1372
f 1551 1375 1371
f 1375 1551 1377
f 1377 1551 1553
f 1562 1561 1378
f 1562 1378 1377
f 1554 1562 1377
f 1553 1554 1377
f 1564 1563 1561
f 1564 1561 1562
f 1566 1565 1563
f 1566 1563 1564
f 1568 1567 1565
f 1568 1565 1566
f 1570 1569 1567
f 1570 1567 1568
f 1569 1570 1556
f 1555 1569 1556
f 1571 1569 1555
f 1572 1555 1557
f 1571 1555 1572
f 1573 1557 1558
f 1572 1557 1573
f 1559 1575 1574
f 1573 1559 1574
f 1558 1559 1573
f 1575 1559 1560
f 1575 1560 1576
f 1578 1576 1577
f 1577 1576 1379
f 1576 1560 1379
f 1560 1374 1379
f 1381 1577 1379
f 1561 1382 1378
f 1382 1561 1383
f 1383 1561 1563
f 1383 1563 1384
f 1384 1563 1565
f 1384 1565 1386
f 1386 1565 1567
f 1386 1567 1388
f 1388 1567 1569
f 1388 1569 1389
f 1569 1579 1389
f 1569 1571 1579
f 1580 1571 1572
f 1579 1571 1580
f 1581 1572 1573
f 1580 1572 1581
f 1573 1574 1582
f 1573 1582 1581
f 1583 1578 1577
f 1583 1577 1381
f 1390 1583 1381
f 1584 1583 1390
f 1586 1584 1585
f 1584 1391 1585
f 1584 1390 1391
f 1393 1585 1391
f 1579 1397 1389
f 1397 1579 1398
f 1398 1579 1580
f 1398 1580 1400
f 1400 1580 1581
f 1401 1400 1581
f 1582 1401 1581
f 1587 1401 1582
f 1586 1585 1588
f 1586 1588 1589
f 1402 1590 1393
f 1590 1585 1393
f 1590 1588 1585
f 1403 1591 1402
f 1402 1591 1590
f 1404 1592 1403
f 1403 1592 1591
f 1405 1592 1404
f 1587 1410 1401
f 1593 1410 1587
f 1594 1589 1588
f 1596 1595 1594
f 1588 1596 1594
f 1590 1596 1588
f 1597 1590 1591
f 1596 1590 1597
f 1598 1591 1592
f 1597 1591 1598
f 1411 1599 1405
f 1599 1592 1405
f 1599 1598 1592
f 1412 1599 1411
f 1593 1600 1410
f 1410 1600 1417
f 1419 1417 1600
f 1419 1600 1601
f 1604 1603 1602
f 1602 1603 1595
f 1596 1602 1595
f 1605 1602 1596
f 1606 1596 1597
f 1605 1596 1606
f 1607 1597 1598
f 1606 1597 1607
f 1608 1598 1599
f 1607 1598 1608
f 1421 1608 1412
f 1412 1608 1599
f 1601 1609 1419
f 1419 1609 1425
f 1611 1610 1426
f 1425 1611 1426
f 1609 1611 1425
f 1613 1612 1610
f 1613 1610 1611
f 1612 1613 1604
f 1602 1612 1604
f 1614 1612 1602
f 1429 1614 1428
f 1614 1605 1428
f 1614 1602 1605
f 1428 1605 1431
f 1431 1605 1606
f 1431 1606 1433
f 1433 1606 1607
f 1433 1607 1435
f 1435 1607 1608
f 1435 1608 1421
f 1610 1438 1426
f 1438 1610 1439
f 1439 1610 1612
f 1439 1612 1440
f 1440 1612 1614
f 1440 1614 1429
f 1615 1445 1446
f 1447 1616 1446
f 1446 1616 1615
f 1448 1616 1447
f 1618 1617 1615
f 1617 1445 1615
f 1617 1450 1445
f 1618 1615 1616
f 1618 1616 1619
f 1616 1448 1619
f 1448 1620 1619
f 1448 1452 1620
f 1621 1453 1454
f 1622 1621 1454
f 1450 1622 1454
f 1617 1622 1450
f 1623 1620 1452
f 1623 1452 1455
f 1455 1456 1623
f 1623 1456 1624
f 1626 1625 1621
f 1625 1453 1621
f 1625 1457 1453
f 1626 1621 1622
f 1458 1624 1456
f 1458 1627 1624
f 1625 1459 1457
f 1628 1459 1625
f 1460 1627 1458
f 1460 1629 1627
f 1628 1462 1459
f 1630 1462 1628
f 1463 1629 1460
f 1463 1631 1629
f 1630 1632 1462
f 1462 1632 1464
f 1465 1464 1632
f 1465 1632 1633
f 1467 1631 1463
f 1467 1634 1631
f 1633 1469 1465
f 1635 1469 1633
f 1472 1634 1467
f 1472 1636 1634
f 1473 1469 1637
f 1469 1638 1637
f 1469 1635 1638
f 1637 1475 1473
f 1476 1639 1477
f 1639 1640 1477
f 1640 1472 1477
f 1640 1636 1472
f 1638 1641 1637
f 1641 1643 1642
f 1641 1642 1478
f 1637 1641 1478
f 1475 1637 1478
f 1639 1476 1478
f 1642 1639 1478
f 1644 1639 1642
f 1640 1639 1645
f 1645 1639 1644
f 1643 1646 1642
f 1642 1646 1644
f 1644 1646 1647
f 1644 1647 1645
f 1649 1648 1481
f 1481 1648 1480
f 1650 1481 1482
f 1650 1649 1481
f 1482 1484 1650
f 1650 1484 1651
f 1648 1486 1480
f 1652 1486 1648
f 1653 1651 1484
f 1653 1484 1487
f 1654 1487 1488
f 1654 1653 1487
f 1656 1654 1655
f 1654 1489 1655
f 1654 1488 1489
f 1491 1655 1489
f 1652 1493 1486
f 1657 1493 1652
f 1658 1656 1655
f 1658 1655 1491
f 1494 1658 1491
f 1659 1658 1494
f 1661 1659 1660
f 1659 1495 1660
f 1659 1494 1495
f 1497 1660 1495
f 1662 1498 1499
f 1663 1662 1499
f 1493 1663 1499
f 1657 1663 1493
f 1664 1661 1660
f 1666 1664 1665
f 1665 1664 1500
f 1664 1660 1500
f 1660 1497 1500
f 1502 1665 1500
f 1668 1667 1662
f 1667 1498 1662
f 1667 1503 1498
f 1668 1662 1663
f 1666 1665 1669
f 1666 1669 1670
f 1505 1669 1502
f 1502 1669 1665
f 1667 1507 1503
f 1671 1507 1667
f 1670 1669 1672
f 1670 1672 1673
f 1509 1672 1505
f 1505 1672 1669
f 1671 1674 1507
f 1507 1674 1510
f 1510 1675 1511
f 1674 1675 1510
f 1511 1676 1512
f 1675 1676 1511
f 1512 1677 1513
f 1676 1677 1512
f 1679 1678 1514
f 1513 1679 1514
f 1677 1679 1513
f 1681 1680 1678
f 1681 1678 1679
f 1683 1682 1680
f 1683 1680 1681
f 1685 1684 1682
f 1685 1682 1683
f 1684 1685 1673
f 1672 1684 1673
f 1686 1684 1672
f 1516 1686 1509
f 1509 1686 1672
f 1678 1517 1514
f 1517 1678 1518
f 1518 1678 1680
f 1518 1680 1519
f 1519 1680 1682
f 1519 1682 1520
f 1520 1682 1684
f 1520 1684 1521
f 1521 1684 1686
f 1521 1686 1516
f 1687 1526 1527
f 1528 1688 1527
f 1527 1688 1687
f 1530 1688 1528
f 1689 1534 1687
f 1687 1534 1526
f 1690 1687 1688
f 1689 1687 1690
f 1535 1691 1530
f 1691 1688 1530
f 1691 1690 1688
f 1536 1692 1535
f 1535 1692 1691
f 1537 1692 1536
f 1693 1543 1689
f 1689 1543 1534
f 1694 1689 1690
f 1693 1689 1694
f 1695 1690 1691
f 1694 1690 1695
f 1696 1691 1692
f 1695 1691 1696
f 1544 1697 1537
f 1697 1692 1537
f 1697 1696 1692
f 1545 1698 1544
f 1544 1698 1697
f 1546 1698 1545
f 1693 1552 1543
f 1552 1693 1554
f 1693 1699 1554
f 1693 1694 1699
f 1700 1694 1695
f 1699 1694 1700
f 1701 1695 1696
f 1700 1695 1701
f 1702 1696 1697
f 1701 1696 1702
f 1703 1697 1698
f 1702 1697 1703
f 1556 1703 1546
f 1546 1703 1698
f 1699 1562 1554
f 1562 1699 1564
f 1564 1699 1700
f 1564 1700 1566
f 1566 1700 1701
f 1566 1701 1568
f 1568 1701 1702
f 1568 1702 1570
f 1570 1702 1703
f 1570 1703 1556
f 1704 1574 1575
f 1576 1705 1575
f 1575 1705 1704
f 1578 1705 1576
f 1706 1582 1704
f 1704 1582 1574
f 1707 1704 1705
f 1706 1704 1707
f 1583 1708 1578
f 1708 1705 1578
f 1708 1707 1705
f 1584 1709 1583
f 1583 1709 1708
f 1586 1709 1584
f 1710 1587 1706
f 1706 1587 1582
f 1711 1706 1707
f 1710 1706 1711
f 1712 1707 1708
f 1711 1707 1712
f 1713 1708 1709
f 1712 1708 1713
f 1589 1713 1586
f 1586 1713 1709
f 1714 1593 1710
f 1710 1593 1587
f 1715 1710 1711
f 1714 1710 1715
f 1716 1711 1712
f 1715 1711 1716
f 1717 1712 1713
f 1716 1712 1717
f 1594 1718 1589
f 1718 1713 1589
f 1718 1717 1713
f 1595 1718 1594
f 1714 1600 1593
f 1600 1714 1601
f 1714 1719 1601
f 1714 1715 1719
f 1720 1715 1716
f 1719 1715 1720
f 1721 1716 1717
f 1720 1716 1721
f 1604 1721 1603
f 1721 1718 1603
f 1721 1717 1718
f 1603 1718 1595
f 1719 1609 1601
f 1609 1719 1611
f 1611 1719 1720
f 1611 1720 1613
f 1613 1720 1721
f 1613 1721 1604
f 1722 1617 1618
f 1619 1723 1618
f 1618 1723 1722
f 1620 1723 1619
f 1725 1724 1722
f 1724 1617 1722
f 1724 1622 1617
f 1725 1722 1723
f 1725 1723 1726
f 1728 1726 1727
f 1727 1726 1623
f 1726 1723 1623
f 1723 1620 1623
f 1624 1727 1623
f 1729 1625 1626
f 1730 1729 1626
f 1622 1730 1626
f 1724 1730 1622
f 1731 1728 1727
f 1727 1624 1731
f 1624 1732 1731
f 1624 1627 1732
f 1733 1628 1729
f 1729 1628 1625
f 1729 1730 1734
f 1729 1734 1733
f 1629 1732 1627
f 1629 1735 1732
f 1736 1630 1733
f 1733 1630 1628
f 1733 1734 1737
f 1733 1737 1736
f 1631 1735 1629
f 1631 1738 1735
f 1736 1632 1630
f 1633 1632 1736
f 1737 1633 1736
f 1739 1633 1737
f 1634 1738 1631
f 1634 1740 1738
f 1739 1635 1633
f 1741 1635 1739
f 1636 1740 1634
f 1636 1742 1740
f 1741 1638 1635
f 1743 1638 1741
f 1640 1742 1636
f 1640 1744 1742
f 1641 1638 1745
f 1638 1746 1745
f 1638 1743 1746
f 1745 1643 1641
f 1645 1744 1640
f 1645 1747 1744
f 1746 1748 1745
f 1748 1750 1749
f 1748 1749 1646
f 1745 1748 1646
f 1643 1745 1646
f 1751 1647 1646
f 1751 1646 1749
f 1751 1752 1647
f 1752 1645 1647
f 1752 1747 1645
f 1749 1750 1753
f 1753 1750 1754
f 1749 1755 1751
f 1749 1753 1755
f 1752 1751 1756
f 1756 1751 1755
f 1754 1757 1753
f 1753 1757 1755
f 1755 1757 1758
f 1755 1758 1756
f 1760 1759 1649
f 1649 1759 1648
f 1762 1760 1761
f 1760 1650 1761
f 1760 1649 1650
f 1651 1761 1650
f 1759 1652 1648
f 1763 1652 1759
f 1764 1762 1761
f 1764 1761 1651
f 1653 1764 1651
f 1765 1764 1653
f 1767 1765 1766
f 1765 1654 1766
f 1765 1653 1654
f 1656 1766 1654
f 1763 1657 1652
f 1768 1657 1763
f 1769 1767 1766
f 1771 1769 1770
f 1770 1769 1658
f 1769 1766 1658
f 1766 1656 1658
f 1659 1772 1658
f 1658 1772 1770
f 1661 1772 1659
f 1768 1663 1657
f 1773 1663 1768
f 1774 1771 1770
f 1776 1775 1774
f 1770 1776 1774
f 1772 1776 1770
f 1664 1777 1661
f 1777 1772 1661
f 1777 1776 1772
f 1666 1777 1664
f 1778 1667 1668
f 1779 1778 1668
f 1663 1779 1668
f 1773 1779 1663
f 1775 1776 1780
f 1775 1780 1781
f 1782 1776 1777
f 1780 1776 1782
f 1670 1782 1666
f 1666 1782 1777
f 1783 1671 1778
f 1778 1671 1667
f 1778 1779 1784
f 1778 1784 1783
f 1787 1786 1785
f 1785 1786 1781
f 1780 1785 1781
f 1788 1785 1780
f 1789 1780 1782
f 1788 1780 1789
f 1673 1789 1670
f 1670 1789 1782
f 1783 1674 1671
f 1784 1790 1783
f 1790 1674 1783
f 1790 1675 1674
f 1675 1791 1676
f 1790 1791 1675
f 1676 1792 1677
f 1791 1792 1676
f 1677 1793 1679
f 1792 1793 1677
f 1785 1681 1787
f 1681 1793 1787
f 1681 1679 1793
f 1681 1785 1683
f 1683 1785 1788
f 1683 1788 1685
f 1685 1788 1789
f 1685 1789 1673
f 1794 1724 1725
f 1726 1795 1725
f 1725 1795 1794
f 1728 1795 1726
f 1797 1796 1794
f 1796 1724 1794
f 1796 1730 1724
f 1797 1794 1795
f 1797 1795 1798
f 1800 1798 1799
f 1799 1798 1731
f 1798 1795 1731
f 1795 1728 1731
f 1732 1799 1731
f 1796 1734 1730
f 1801 1734 1796
f 1802 1800 1799
f 1799 1732 1802
f 1732 1803 1802
f 1732 1735 1803
f 1801 1737 1734
f 1804 1737 1801
f 1738 1803 1735
f 1738 1805 1803
f 1804 1739 1737
f 1806 1739 1804
f 1740 1805 1738
f 1740 1807 1805
f 1806 1741 1739
f 1808 1741 1806
f 1742 1807 1740
f 1742 1809 1807
f 1808 1743 1741
f 1810 1743 1808
f 1744 1812 1811
f 1809 1744 1811
f 1742 1744 1809
f 1812 1813 1811
f 1810 1746 1743
f 1814 1746 1810
f 1747 1815 1812
f 1747 1812 1744
f 1813 1812 1816
f 1816 1812 1815
f 1748 1746 1817
f 1746 1818 1817
f 1746 1814 1818
f 1817 1750 1748
f 1752 1819 1815
f 1752 1815 1747
f 1816 1815 1820
f 1820 1815 1819
f 1818 1821 1817
f 1750 1817 1821
f 1822 1750 1821
f 1754 1750 1822
f 1756 1823 1819
f 1756 1819 1752
f 1820 1819 1824
f 1824 1819 1823
f 1757 1754 1825
f 1754 1826 1825
f 1754 1822 1826
f 1827 1758 1757
f 1827 1757 1825
f 1827 1828 1758
f 1758 1828 1756
f 1828 1829 1756
f 1829 1823 1756
f 1823 1829 1824
f 1826 1830 1825
f 1832 1831 1830
f 1831 1825 1830
f 1831 1827 1825
f 1828 1827 1833
f 1833 1827 1831
f 1832 1834 1831
f 1831 1834 1833
f 1835 1759 1760
f 1762 1835 1760
f 1837 1836 1835
f 1836 1759 1835
f 1836 1763 1759
f 1839 1837 1838
f 1838 1837 1764
f 1837 1835 1764
f 1835 1762 1764
f 1765 1840 1764
f 1764 1840 1838
f 1767 1840 1765
f 1836 1768 1763
f 1841 1768 1836
f 1842 1839 1838
f 1844 1843 1842
f 1838 1844 1842
f 1840 1844 1838
f 1769 1845 1767
f 1845 1840 1767
f 1845 1844 1840
f 1771 1845 1769
f 1841 1773 1768
f 1846 1773 1841
f 1847 1843 1844
f 1849 1848 1847
f 1844 1849 1847
f 1845 1849 1844
f 1774 1850 1771
f 1850 1845 1771
f 1850 1849 1845
f 1775 1850 1774
f 1846 1779 1773
f 1851 1779 1846
f 1854 1853 1852
f 1852 1853 1848
f 1849 1852 1848
f 1855 1852 1849
f 1856 1849 1850
f 1855 1849 1856
f 1781 1856 1775
f 1775 1856 1850
f 1858 1784 1857
f 1784 1851 1857
f 1784 1779 1851
f 1860 1859 1858
f 1860 1858 1857
f 1859 1860 1854
f 1852 1859 1854
f 1861 1859 1852
f 1862 1852 1855
f 1861 1852 1862
f 1787 1862 1786
f 1862 1856 1786
f 1862 1855 1856
f 1786 1856 1781
f 1858 1790 1784
f 1790 1858 1791
f 1791 1858 1859
f 1791 1859 1792
f 1792 1859 1861
f 1792 1861 1793
f 1793 1861 1862
f 1793 1862 1787
f 1863 1796 1797
f 1798 1864 1797
f 1797 1864 1863
f 1800 1864 1798
f 1865 1801 1863
f 1863 1801 1796
f 1864 1867 1866
f 1865 1864 1866
f 1863 1864 1865
f 1869 1867 1868
f 1868 1867 1802
f 1867 1864 1802
f 1864 1800 1802
f 1803 1868 1802
f 1871 1870 1865
f 1870 1801 1865
f 1870 1804 1801
f 1871 1865 1866
f 1872 1869 1868
f 1868 1803 1872
f 1803 1873 1872
f 1803 1805 1873
f 1870 1806 1804
f 1874 1806 1870
f 1807 1873 1805
f 1807 1875 1873
f 1874 1808 1806
f 1876 1808 1874
f 1809 1875 1807
f 1809 1877 1875
f 1876 1810 1808
f 1878 1810 1876
f 1879 1877 1809
f 1879 1809 1811
f 1811 1813 1879
f 1879 1813 1880
f 1878 1814 1810
f 1881 1814 1878
f 1816 1880 1813
f 1816 1882 1880
f 1881 1818 1814
f 1883 1818 1881
f 1820 1882 1816
f 1820 1884 1882
f 1821 1818 1885
f 1818 1886 1885
f 1818 1883 1886
f 1885 1822 1821
f 1824 1884 1820
f 1824 1887 1884
f 1886 1888 1885
f 1822 1885 1888
f 1889 1822 1888
f 1826 1822 1889
f 1828 1890 1829
f 1890 1891 1829
f 1891 1824 1829
f 1891 1887 1824
f 1830 1826 1892
f 1826 1893 1892
f 1826 1889 1893
f 1892 1832 1830
f 1833 1894 1890
f 1833 1890 1828
f 1891 1890 1895
f 1895 1890 1894
f 1892 1893 1896
f 1896 1893 1897
f 1898 1834 1832
f 1892 1898 1832
f 1896 1898 1892
f 1894 1833 1834
f 1898 1894 1834
f 1899 1894 1898
f 1895 1894 1900
f 1900 1894 1899
f 1897 1901 1896
f 1896 1901 1898
f 1898 1901 1902
f 1898 1902 1899
f 1899 1902 1903
f 1899 1903 1900
f 1904 1836 1837
f 1839 1904 1837
f 1905 1841 1904
f 1904 1841 1836
f 1842 1906 1839
f 1906 1904 1839
f 1906 1905 1904
f 1843 1906 1842
f 1907 1846 1905
f 1905 1846 1841
f 1908 1905 1906
f 1907 1905 1908
f 1847 1909 1843
f 1909 1906 1843
f 1909 1908 1906
f 1848 1909 1847
f 1910 1851 1907
f 1907 1851 1846
f 1911 1907 1908
f 1910 1907 1911
f 1854 1911 1853
f 1911 1909 1853
f 1911 1908 1909
f 1853 1909 1848
f 1910 1857 1851
f 1857 1910 1860
f 1860 1910 1911
f 1860 1911 1854
f 1912 1866 1867
f 1869 1912 1867
f 1913 1870 1871
f 1866 1912 1871
f 1912 1913 1871
f 1912 1914 1913
f 1872 1915 1869
f 1915 1912 1869
f 1915 1914 1912
f 1873 1915 1872
f 1916 1874 1913
f 1913 1874 1870
f 1914 1918 1917
f 1916 1914 1917
f 1913 1914 1916
f 1918 1914 1915
f 1918 1915 1919
f 1915 1873 1919
f 1873 1920 1919
f 1873 1875 1920
f 1922 1921 1916
f 1921 1874 1916
f 1921 1876 1874
f 1922 1916 1917
f 1877 1920 1875
f 1877 1923 1920
f 1921 1878 1876
f 1924 1878 1921
f 1925 1923 1877
f 1925 1877 1879
f 1879 1880 1925
f 1925 1880 1926
f 1924 1881 1878
f 1927 1881 1924
f 1882 1926 1880
f 1882 1928 1926
f 1927 1883 1881
f 1929 1883 1927
f 1884 1928 1882
f 1884 1930 1928
f 1929 1886 1883
f 1931 1886 1929
f 1887 1930 1884
f 1887 1932 1930
f 1931 1933 1886
f 1886 1933 1888
f 1889 1888 1933
f 1889 1933 1934
f 1891 1932 1887
f 1891 1935 1932
f 1934 1893 1889
f 1936 1893 1934
f 1895 1935 1891
f 1895 1937 1935
f 1936 1897 1893
f 1938 1897 1936
f 1900 1937 1895
f 1900 1939 1937
f 1901 1897 1940
f 1897 1941 1940
f 1897 1938 1941
f 1942 1902 1901
f 1942 1901 1940
f 1943 1903 1902
f 1943 1902 1942
f 1943 1944 1903
f 1944 1900 1903
f 1944 1939 1900
f 1941 1945 1940
f 1947 1946 1945
f 1946 1940 1945
f 1946 1942 1940
f 1942 1948 1943
f 1942 1946 1948
f 1944 1943 1949
f 1949 1943 1948
f 1947 1950 1946
f 1946 1950 1948
f 1948 1950 1951
f 1948 1951 1949
f 1952 1917 1918
f 1919 1953 1918
f 1918 1953 1952
f 1920 1953 1919
f 1954 1921 1922
f 1955 1954 1922
f 1955 1922 1917
f 1956 1955 1917
f 1952 1956 1917
f 1958 1957 1956
f 1952 1958 1956
f 1953 1958 1952
f 1923 1958 1920
f 1920 1958 1953
f 1959 1924 1954
f 1954 1924 1921
f 1954 1955 1960
f 1954 1960 1959
f 1961 1957 1958
f 1963 1961 1962
f 1962 1961 1925
f 1961 1958 1925
f 1958 1923 1925
f 1926 1962 1925
f 1964 1927 1959
f 1959 1927 1924
f 1959 1960 1965
f 1959 1965 1964
f 1966 1963 1962
f 1962 1926 1966
f 1926 1967 1966
f 1926 1928 1967
f 1968 1929 1964
f 1964 1929 1927
f 1964 1965 1969
f 1964 1969 1968
f 1930 1967 1928
f 1930 1970 1967
f 1971 1931 1968
f 1968 1931 1929
f 1968 1969 1972
f 1968 1972 1971
f 1932 1970 1930
f 1932 1973 1970
f 1971 1933 1931
f 1934 1933 1971
f 1972 1934 1971
f 1974 1934 1972
f 1935 1973 1932
f 1935 1975 1973
f 1974 1936 1934
f 1976 1936 1974
f 1937 1975 1935
f 1937 1977 1975
f 1976 1938 1936
f 1978 1938 1976
f 1939 1977 1937
f 1939 1979 1977
f 1978 1941 1938
f 1980 1941 1978
f 1944 1979 1939
f 1944 1981 1979
f 1945 1941 1982
f 1941 1983 1982
f 1941 1980 1983
f 1982 1947 1945
f 1949 1981 1944
f 1949 1984 1981
f 1983 1985 1982
f 1985 1987 1986
f 1985 1986 1950
f 1982 1985 1950
f 1947 1982 1950
f 1988 1951 1950
f 1988 1950 1986
f 1988 1989 1951
f 1989 1949 1951
f 1989 1984 1949
f 1986 1987 1990
f 1990 1987 1991
f 1986 1992 1988
f 1986 1990 1992
f 1989 1988 1993
f 1993 1988 1992
f 1991 1994 1990
f 1990 1994 1992
f 1992 1994 1995
f 1992 1995 1993
f 1996 1955 1956
f 1957 1996 1956
f 1997 1960 1996
f 1996 1960 1955
f 1961 1998 1957
f 1998 1996 1957
f 1998 1997 1996
f 1963 1998 1961
f 2000 1999 1997
f 1999 1960 1997
f 1999 1965 1960
f 2000 1997 1998
f 2000 1998 2001
f 2003 2001 2002
f 2002 2001 1966
f 2001 1998 1966
f 1998 1963 1966
f 1967 2002 1966
f 1999 1969 1965
f 2004 1969 1999
f 2005 2003 2002
f 2002 1967 2005
f 1967 2006 2005
f 1967 1970 2006
f 2004 1972 1969
f 2007 1972 2004
f 1973 2006 1970
f 1973 2008 2006
f 2007 1974 1972
f 2009 1974 2007
f 1975 2008 1973
f 1975 2010 2008
f 2009 1976 1974
f 2011 1976 2009
f 1977 2010 1975
f 1977 2012 2010
f 2011 1978 1976
f 2013 1978 2011
f 1979 2015 2014
f 2012 1979 2014
f 1977 1979 2012
f 2015 2016 2014
f 2013 1980 1978
f 2017 1980 2013
f 1981 2018 2015
f 1981 2015 1979
f 2016 2015 2019
f 2019 2015 2018
f 2017 1983 1980
f 2020 1983 2017
f 1984 2021 2018
f 1984 2018 1981
f 2019 2018 2022
f 2022 2018 2021
f 1985 1983 2023
f 1983 2024 2023
f 1983 2020 2024
f 2023 1987 1985
f 1989 2025 2021
f 1989 2021 1984
f 2022 2021 2026
f 2026 2021 2025
f 2024 2027 2023
f 1987 2023 2027
f 2028 1987 2027
f 1991 1987 2028
f 1993 2029 2025
f 1993 2025 1989
f 2026 2025 2030
f 2030 2025 2029
f 1994 1991 2031
f 1991 2032 2031
f 1991 2028 2032
f 2033 1995 1994
f 2033 1994 2031
f 2033 2034 1995
f 1995 2034 1993
f 2034 2035 1993
f 2035 2029 1993
f 2029 2035 2030
f 2031 2032 2036
f 2036 2032 2037
f 2031 2038 2033
f 2031 2036 2038
f 2034 2033 2039
f 2039 2033 2038
f 2037 2040 2036
f 2036 2040 2038
f 2038 2040 2041
f 2038 2041 2039
f 2042 1999 2000
f 2001 2043 2000
f 2000 2043 2042
f 2003 2043 2001
f 2044 2004 2042
f 2042 2004 1999
f 2045 2042 2043
f 2044 2042 2045
f 2005 2046 2003
f 2046 2043 2003
f 2046 2045 2043
f 2006 2046 2005
f 2048 2047 2044
f 2047 2004 2044
f 2047 2007 2004
f 2048 2044 2045
f 2048 2045 2049
f 2049 2045 2046
f 2049 2046 2050
f 2046 2006 2050
f 2006 2051 2050
f 2006 2008 2051
f 2047 2009 2007
f 2052 2009 2047
f 2010 2051 2008
f 2010 2053 2051
f 2052 2011 2009
f 2054 2011 2052
f 2012 2053 2010
f 2012 2055 2053
f 2054 2013 2011
f 2056 2013 2054
f 2057 2055 2012
f 2057 2012 2014
f 2014 2016 2057
f 2057 2016 2058
f 2056 2017 2013
f 2059 2017 2056
f 2019 2058 2016
f 2019 2060 2058
f 2059 2020 2017
f 2061 2020 2059
f 2022 2060 2019
f 2022 2062 2060
f 2061 2024 2020
f 2063 2024 2061
f 2026 2062 2022
f 2026 2064 2062
f 2027 2024 2065
f 2024 2066 2065
f 2024 2063 2066
f 2065 2028 2027
f 2030 2064 2026
f 2030 2067 2064
f 2066 2068 2065
f 2028 2065 2068
f 2069 2028 2068
f 2032 2028 2069
f 2034 2070 2035
f 2070 2071 2035
f 2071 2030 2035
f 2071 2067 2030
f 2069 2037 2032
f 2072 2037 2069
f 2039 2073 2070
f 2039 2070 2034
f 2071 2070 2074
f 2074 2070 2073
f 2040 2037 2075
f 2037 2076 2075
f 2037 2072 2076
f 2077 2041 2040
f 2077 2040 2075
f 2073 2039 2041
f 2077 2073 2041
f 2078 2073 2077
f 2074 2073 2079
f 2079 2073 2078
f 2076 2080 2075
f 2082 2081 2080
f 2081 2075 2080
f 2081 2077 2075
f 2084 2078 2083
f 2078 2081 2083
f 2078 2077 2081
f 2078 2084 2079
f 2082 2085 2081
f 2081 2085 2083
f 2086 2047 2048
f 2049 2087 2048
f 2048 2087 2086
f 2050 2088 2049
f 2049 2088 2087
f 2051 2088 2050
f 2089 2052 2086
f 2086 2052 2047
f 2087 2091 2090
f 2089 2087 2090
f 2086 2087 2089
f 2093 2092 2091
f 2087 2093 2091
f 2088 2093 2087
f 2053 2093 2051
f 2051 2093 2088
f 2094 2054 2089
f 2089 2054 2052
f 2089 2090 2095
f 2089 2095 2094
f 2096 2092 2093
f 2093 2053 2096
f 2053 2097 2096
f 2053 2055 2097
f 2099 2098 2094
f 2098 2054 2094
f 2098 2056 2054
f 2099 2094 2095
f 2055 2057 2100
f 2101 2055 2100
f 2097 2055 2101
f 2058 2100 2057
f 2098 2059 2056
f 2102 2059 2098
f 2103 2101 2100
f 2100 2058 2103
f 2058 2104 2103
f 2058 2060 2104
f 2102 2061 2059
f 2105 2061 2102
f 2062 2104 2060
f 2062 2106 2104
f 2105 2063 2061
f 2107 2063 2105
f 2064 2106 2062
f 2064 2108 2106
f 2107 2066 2063
f 2109 2066 2107
f 2067 2108 2064
f 2067 2110 2108
f 2109 2111 2066
f 2066 2111 2068
f 2069 2068 2111
f 2069 2111 2112
f 2071 2110 2067
f 2071 2113 2110
f 2112 2072 2069
f 2114 2072 2112
f 2074 2113 2071
f 2074 2115 2113
f 2114 2076 2072
f 2116 2076 2114
f 2079 2115 2074
f 2079 2117 2115
f 2080 2076 2118
f 2076 2119 2118
f 2076 2116 2119
f 2118 2082 2080
f 2083 2120 2084
f 2120 2121 2084
f 2121 2079 2084
f 2121 2117 2079
f 2118 2119 2122
f 2122 2119 2123
f 2124 2085 2082
f 2118 2124 2082
f 2122 2124 2118
f 2120 2083 2085
f 2124 2120 2085
f 2125 2120 2124
f 2121 2120 2126
f 2126 2120 2125
f 2123 2127 2122
f 2122 2127 2124
f 2124 2127 2128
f 2124 2128 2125
f 2125 2128 2129
f 2125 2129 2126
f 2130 2090 2091
f 2092 2130 2091
f 2131 2095 2130
f 2130 2095 2090
f 2096 2132 2092
f 2132 2130 2092
f 2132 2131 2130
f 2097 2132 2096
f 2133 2098 2099
f 2134 2133 2099
f 2134 2099 2095
f 2135 2134 2095
f 2131 2135 2095
f 2135 2131 2132
f 2135 2132 2136
f 2132 2097 2136
f 2097 2137 2136
f 2097 2101 2137
f 2138 2102 2133
f 2133 2102 2098
f 2133 2134 2139
f 2133 2139 2138
f 2101 2103 2140
f 2141 2101 2140
f 2137 2101 2141
f 2104 2140 2103
f 2142 2105 2138
f 2138 2105 2102
f 2138 2139 2143
f 2138 2143 2142
f 2144 2141 2140
f 2140 2104 2144
f 2104 2145 2144
f 2104 2106 2145
f 2146 2107 2142
f 2142 2107 2105
f 2142 2143 2147
f 2142 2147 2146
f 2108 2145 2106
f 2108 2148 2145
f 2149 2109 2146
f 2146 2109 2107
f 2146 2147 2150
f 2146 2150 2149
f 2110 2148 2108
f 2110 2151 2148
f 2149 2111 2109
f 2112 2111 2149
f 2150 2112 2149
f 2152 2112 2150
f 2113 2151 2110
f 2113 2153 2151
f 2152 2114 2112
f 2154 2114 2152
f 2115 2153 2113
f 2115 2155 2153
f 2154 2116 2114
f 2156 2116 2154
f 2117 2155 2115
f 2117 2157 2155
f 2156 2119 2116
f 2158 2119 2156
f 2121 2157 2117
f 2121 2159 2157
f 2158 2123 2119
f 2160 2123 2158
f 2126 2159 2121
f 2126 2161 2159
f 2160 2162 2123
f 2123 2162 2127
f 2127 2163 2128
f 2162 2163 2127
f 2128 2164 2129
f 2163 2164 2128
f 2126 2129 2161
f 2161 2129 2164
f 2165 2134 2135
f 2136 2166 2135
f 2135 2166 2165
f 2137 2166 2136
f 2167 2139 2165
f 2165 2139 2134
f 2168 2165 2166
f 2167 2165 2168
f 2141 2168 2137
f 2137 2168 2166
f 2170 2169 2167
f 2169 2139 2167
f 2169 2143 2139
f 2170 2167 2168
f 2170 2168 2171
f 2173 2171 2172
f 2172 2171 2144
f 2171 2168 2144
f 2168 2141 2144
f 2145 2172 2144
f 2169 2147 2143
f 2174 2147 2169
f 2173 2172 2175
f 2173 2175 2176
f 2148 2175 2145
f 2145 2175 2172
f 2174 2150 2147
f 2177 2150 2174
f 2178 2176 2175
f 2175 2148 2178
f 2148 2179 2178
f 2148 2151 2179
f 2177 2152 2150
f 2180 2152 2177
f 2153 2179 2151
f 2153 2181 2179
f 2180 2154 2152
f 2182 2154 2180
f 2155 2181 2153
f 2155 2183 2181
f 2182 2156 2154
f 2184 2156 2182
f 2157 2183 2155
f 2157 2185 2183
f 2184 2158 2156
f 2186 2158 2184
f 2159 2185 2157
f 2159 2187 2185
f 2189 2160 2188
f 2160 2186 2188
f 2160 2158 2186
f 2191 2190 2189
f 2191 2189 2188
f 2193 2192 2190
f 2193 2190 2191
f 2193 2187 2192
f 2187 2161 2192
f 2187 2159 2161
f 2189 2162 2160
f 2162 2189 2163
f 2163 2189 2190
f 2163 2190 2164
f 2164 2190 2192
f 2164 2192 2161
f 2194 2169 2170
f 2171 2195 2170
f 2170 2195 2194
f 2173 2195 2171
f 2196 2174 2194
f 2194 2174 2169
f 2197 2194 2195
f 2196 2194 2197
f 2176 2197 2173
f 2173 2197 2195
f 2198 2177 2196
f 2196 2177 2174
f 2197 2200 2199
f 2198 2197 2199
f 2196 2197 2198
f 2202 2200 2201
f 2201 2200 2178
f 2200 2197 2178
f 2197 2176 2178
f 2179 2201 2178
f 2204 2203 2198
f 2203 2177 2198
f 2203 2180 2177
f 2204 2198 2199
f 2205 2202 2201
f 2201 2179 2205
f 2179 2206 2205
f 2179 2181 2206
f 2203 2182 2180
f 2207 2182 2203
f 2183 2206 2181
f 2183 2208 2206
f 2207 2184 2182
f 2209 2184 2207
f 2185 2208 2183
f 2185 2210 2208
f 2209 2186 2184
f 2211 2186 2209
f 2187 2210 2185
f 2187 2212 2210
f 2211 2213 2186
f 2186 2213 2188
f 2188 2214 2191
f 2213 2214 2188
f 2191 2215 2193
f 2214 2215 2191
f 2187 2193 2212
f 2212 2193 2215
f 2216 2199 2200
f 2202 2216 2200
f 2217 2203 2204
f 2199 2216 2204
f 2216 2217 2204
f 2216 2218 2217
f 2205 2219 2202
f 2219 2216 2202
f 2219 2218 2216
f 2206 2219 2205
f 2220 2207 2217
f 2217 2207 2203
f 2218 2222 2221
f 2220 2218 2221
f 2217 2218 2220
f 2224 2223 2222
f 2218 2224 2222
f 2219 2224 2218
f 2208 2224 2206
f 2206 2224 2219
f 2226 2225 2220
f 2225 2207 2220
f 2225 2209 2207
f 2226 2220 2221
f 2227 2223 2224
f 2224 2208 2227
f 2208 2228 2227
f 2208 2210 2228
f 2225 2211 2209
f 2229 2211 2225
f 2212 2228 2210
f 2212 2230 2228
f 2229 2231 2211
f 2211 2231 2213
f 2213 2232 2214
f 2231 2232 2213
f 2214 2233 2215
f 2232 2233 2214
f 2212 2215 2230
f 2230 2215 2233
f 2234 2221 2222
f 2223 2234 2222
f 2235 2225 2226
f 2221 2234 2226
f 2234 2235 2226
f 2234 2236 2235
f 2227 2237 2223
f 2237 2234 2223
f 2237 2236 2234
f 2228 2237 2227
f 2238 2229 2235
f 2235 2229 2225
f 2239 2235 2236
f 2238 2235 2239
f 2240 2236 2237
f 2239 2236 2240
f 2230 2240 2228
f 2228 2240 2237
f 2238 2231 2229
f 2231 2238 2232
f 2232 2238 2239
f 2232 2239 2233
f 2233 2239 2240
f 2233 2240 2230
# 4476 faces, 0 coords texture

# End of File