####
#
# OBJ File Generated by Meshlab
#
####
# Object domain0515.obj
#
# Vertices: 1718
# Faces: 3432
#
####
v 189.271194 104.990692 100.054771
v 189.461823 104.966194 99.598137
v 189.400406 104.691490 100.028572
v 189.392899 104.691635 100.981766
v 189.229980 104.995491 100.971146
v 189.353668 104.949417 101.471306
v 189.209778 105.480759 100.056206
v 189.425140 105.490265 99.565071
v 189.117752 105.498474 100.997688
v 189.340714 105.228348 101.976883
v 189.201233 105.560844 101.953102
v 189.343872 105.525017 102.473648
v 189.248703 105.988831 100.084908
v 189.450287 105.983147 99.721016
v 189.108063 106.052353 101.011703
v 189.102386 106.080711 101.991577
v 189.341217 105.814697 102.976875
v 189.199356 106.146744 102.953789
v 189.337036 106.108330 103.476921
v 189.364304 106.305473 100.053825
v 189.195892 106.573906 101.046646
v 189.341324 106.611038 100.525070
v 189.101959 106.637413 102.008530
v 189.100235 106.665840 102.992584
v 189.334808 106.381981 104.006386
v 189.177872 106.718628 103.980209
v 189.400620 106.616127 104.933952
v 189.259979 106.787445 104.959427
v 189.378128 106.803612 105.421432
v 189.333969 106.908791 101.020271
v 189.198090 107.158745 102.046455
v 189.333664 107.201645 101.521317
v 189.097992 107.223473 103.008530
v 189.080750 107.245522 103.997673
v 189.111389 107.259155 104.992264
v 189.369308 107.072388 105.949440
v 189.221283 107.332573 105.946594
v 189.357391 107.306252 106.469513
v 189.334473 107.494225 102.020569
v 189.197296 107.744408 103.045494
v 189.333725 107.787567 102.521339
v 189.107834 107.803772 104.007149
v 189.080597 107.816528 105.002327
v 189.105316 107.839798 105.990051
v 189.347351 107.578949 106.973518
v 189.210358 107.905182 106.951508
v 189.343994 107.867783 107.473892
v 189.343521 108.072426 103.023399
v 189.247330 108.283348 104.033676
v 189.371185 108.316063 103.531944
v 189.176956 108.343613 105.019341
v 189.109940 108.392937 106.003830
v 189.140564 108.413048 106.986732
v 189.363998 108.168732 107.961395
v 189.265625 108.478920 107.920677
v 189.440933 108.465721 108.413010
v 189.402863 108.468346 104.043137
v 189.331802 108.680557 104.994682
v 189.217911 108.898666 106.028976
v 189.339920 108.950485 105.522240
v 189.217712 108.909599 106.997940
v 189.259628 108.915947 107.946373
v 189.398911 108.962303 108.447403
v 189.382614 109.207314 106.017570
v 189.351608 109.238991 107.004570
v 189.352295 109.249657 107.986198
v 189.643295 104.377853 100.016937
v 189.902557 104.344948 99.520729
v 189.942520 104.086487 100.029907
v 189.949722 104.218735 100.951202
v 189.661148 104.420441 100.970909
v 189.938873 104.468735 101.408836
v 189.740906 104.948952 99.117622
v 190.071915 104.990044 98.815399
v 189.934601 104.653938 99.057701
v 189.916412 104.756294 101.908119
v 189.618011 104.953453 101.965149
v 189.923889 105.059296 102.403160
v 189.726410 105.430229 99.114906
v 190.068771 105.385445 98.811699
v 189.918549 105.343994 102.906898
v 189.617676 105.539024 102.965118
v 189.921906 105.639397 103.408447
v 189.909592 105.741310 99.051819
v 189.834167 106.096680 99.380272
v 189.919022 105.909874 103.922165
v 189.606140 106.116043 103.977005
v 189.900604 106.160774 104.447586
v 189.623337 106.588928 100.048431
v 189.943008 106.498024 99.712021
v 189.871109 106.402931 104.978371
v 189.844803 106.613525 105.528419
v 189.917679 106.809830 100.091522
v 189.610977 107.189613 101.028564
v 189.916290 107.111282 100.575081
v 189.828964 106.828499 106.033897
v 189.932938 107.153572 106.927399
v 189.620285 107.313362 106.963158
v 189.924545 107.382591 107.419167
v 189.916641 107.399483 101.077621
v 189.614929 107.768745 102.031921
v 189.913086 107.685196 101.579758
v 189.924271 107.648911 107.955994
v 189.608276 107.868851 107.978592
v 189.902771 107.875824 108.476326
v 189.914383 107.969055 102.087273
v 189.625671 108.321960 103.039024
v 189.916687 108.242203 102.588043
v 189.913681 108.159645 108.973358
v 189.695908 108.477234 108.956177
v 189.902786 108.442261 109.481743
v 189.933487 108.437180 103.082787
v 189.863403 108.693390 104.018898
v 189.601974 108.950005 105.018448
v 189.899490 108.910454 104.548645
v 189.556503 109.026909 108.994186
v 189.913773 108.723137 110.002647
v 189.771637 109.063164 109.975334
v 189.997192 108.925140 110.954071
v 189.859070 109.115761 110.945168
v 190.029175 109.095917 111.412163
v 189.912415 109.167610 105.069946
v 189.658371 109.468025 106.029663
v 189.925446 109.430855 105.579628
v 189.612701 109.550690 107.022827
v 189.502228 109.594040 108.019279
v 189.632553 109.569046 108.995857
v 189.699966 109.579315 109.990417
v 189.769073 109.606316 110.976120
v 189.859100 109.569214 111.520195
v 189.954132 109.610474 106.059387
v 189.909958 109.779190 107.015892
v 189.810501 110.024696 108.031746
v 189.946625 110.008842 107.577499
v 189.798965 110.058197 108.998039
v 189.802780 110.078796 109.997803
v 189.813736 110.083992 110.993080
v 189.915237 109.885910 111.983482
v 189.896133 110.156387 111.920403
v 190.024139 110.164032 112.417610
v 189.988419 110.176056 108.060585
v 189.978622 110.264587 109.010010
v 189.960831 110.394424 109.992203
v 189.939026 110.413406 111.003212
v 189.951706 110.423622 111.984833
v 190.245804 103.833992 99.999596
v 190.496140 103.788544 99.522385
v 190.557114 103.644150 100.001671
v 190.480621 103.776993 100.485580
v 190.195038 104.344032 99.038635
v 190.576263 104.431946 98.760155
v 190.490631 104.055679 99.037910
v 190.422318 103.976929 100.999779
v 190.515717 104.341110 101.476845
v 190.485733 104.914536 98.641968
v 190.405685 104.725021 101.919128
v 190.402802 105.036598 102.416779
v 190.483643 105.447517 98.667114
v 190.400528 105.332588 102.913330
v 190.405243 105.626007 103.421539
v 190.188568 106.020599 99.051476
v 190.544571 105.861290 98.811630
v 190.462692 105.855698 103.936539
v 190.447205 106.128006 104.467522
v 190.498611 106.206520 99.112846
v 190.439117 106.531433 99.556389
v 190.443802 106.364304 104.991966
v 190.447327 106.670525 105.897385
v 190.166077 106.698082 105.985352
v 190.445023 106.842438 106.405396
v 190.448318 106.867416 100.047356
v 190.447754 107.161781 100.545418
v 190.453674 107.026329 106.932686
v 190.453461 107.295502 107.472137
v 190.461914 107.448349 101.064362
v 190.404922 107.681587 101.576004
v 190.455933 107.517242 108.001160
v 190.520325 107.796753 108.914536
v 190.210205 107.913223 108.957283
v 190.510574 107.995682 109.411133
v 190.396744 107.963112 102.089279
v 190.387787 108.226456 102.598267
v 190.510941 108.244728 109.952950
v 190.182022 108.445229 109.988335
v 190.460342 108.427109 110.493744
v 190.383362 108.445084 103.081871
v 190.441040 108.707733 104.001869
v 190.449219 108.957581 104.518608
v 190.422302 108.613701 111.013802
v 190.537766 108.938210 111.918297
v 190.302002 109.099480 111.937325
v 190.529083 109.152962 112.414337
v 190.449432 109.228165 105.034492
v 190.449081 109.489624 105.545013
v 190.046921 109.551498 112.034805
v 190.542847 109.434471 112.941925
v 190.362061 109.671890 112.946350
v 190.525085 109.651184 113.470100
v 190.451035 109.688759 106.050720
v 190.451736 109.905182 106.990265
v 190.453171 110.112488 107.523636
v 190.165131 110.190292 112.980034
v 190.519073 109.923256 113.973122
v 190.376038 110.247429 113.950706
v 190.514099 110.210899 114.474442
v 190.461945 110.302422 108.047813
v 190.413437 110.561310 108.970398
v 190.222626 110.666878 110.015717
v 190.466324 110.717995 109.508293
v 190.171036 110.754379 111.012100
v 190.097336 110.763115 112.019264
v 190.219055 110.745407 112.994705
v 190.302200 110.755280 113.983322
v 190.535660 110.512474 114.961571
v 190.437241 110.822586 114.920525
v 190.617401 110.810158 115.410858
v 190.533981 110.853035 110.033218
v 190.454391 111.048813 110.984528
v 190.375610 111.220398 112.026741
v 190.519958 111.259293 111.524345
v 190.358521 111.256302 112.995689
v 190.387527 111.254135 113.995888
v 190.448318 111.253883 114.944016
v 190.604889 111.294243 115.429253
v 190.566864 111.404427 112.038910
v 190.552109 111.562622 112.991844
v 190.533569 111.572464 113.999596
v 190.558731 111.560089 114.976608
v 190.784042 103.761742 99.043427
v 191.162643 103.850426 98.759514
v 191.098969 103.513046 99.058121
v 191.031860 103.374138 100.007385
v 191.109283 103.654190 100.913841
v 190.775787 103.794640 100.960007
v 191.121155 103.921677 101.225182
v 191.058975 104.330421 98.612312
v 191.037796 104.316147 101.479782
v 191.040817 104.893639 98.561066
v 190.732697 104.909821 101.990280
v 191.145447 104.779121 101.728653
v 191.025681 105.449989 98.627182
v 191.041412 105.182121 102.008965
v 190.703186 105.530556 102.969650
v 191.009109 105.501770 102.488312
v 190.948380 105.860535 98.806076
v 190.969391 105.805305 103.010605
v 190.914017 106.030350 103.936562
v 190.947723 106.241165 104.408951
v 190.986496 106.198425 99.112694
v 190.967163 106.487701 99.596672
v 190.967346 106.491043 104.952232
v 190.706070 106.740494 105.964874
v 191.006363 106.694542 105.482521
v 190.969360 106.790977 100.088737
v 190.945145 107.058006 100.593208
v 191.034393 106.940536 106.020294
v 190.949249 107.169914 106.947556
v 190.989838 107.360252 107.441238
v 190.914078 107.273811 101.063225
v 190.702133 107.769531 102.028893
v 190.968399 107.497818 101.989471
v 190.974365 107.780037 102.523720
v 191.035522 107.544678 107.981987
v 190.970917 107.785912 108.921066
v 190.992950 107.984642 109.425682
v 190.688583 108.321030 103.042480
v 190.972946 108.073792 103.024399
v 190.975296 108.349358 103.527878
v 191.047089 108.165474 109.963982
v 191.038483 108.424095 110.897171
v 190.757080 108.471733 110.983528
v 191.037460 108.592682 111.406410
v 190.955658 108.565689 104.055084
v 190.974319 108.852364 104.585281
v 191.036682 108.782578 111.934174
v 191.040039 109.053299 112.473045
v 190.980225 109.151718 105.080872
v 190.974014 109.423927 105.585983
v 191.044159 109.276665 113.001945
v 191.110046 109.533745 113.920967
v 190.797089 109.668274 113.959343
v 191.098297 109.736664 114.416382
v 190.965073 109.635948 106.075111
v 191.036743 109.872444 107.012634
v 190.998245 110.064705 107.556313
v 191.097916 109.994522 114.957527
v 190.779999 110.212624 114.978981
v 191.071014 110.211082 115.480736
v 190.961990 110.331535 108.090408
v 190.758667 110.688957 109.019867
v 191.022369 110.540131 108.608246
v 191.085327 110.499489 115.970726
v 190.880600 110.809784 115.921547
v 191.139999 110.792763 116.443848
v 191.032135 110.724449 109.107841
v 191.024567 111.002296 110.034164
v 190.780624 111.267685 111.024155
v 191.076828 111.197357 110.564842
v 190.816589 111.356956 115.939613
v 191.081345 111.337471 116.478844
v 191.104889 111.371979 111.079567
v 191.035492 111.621902 112.018837
v 190.822693 111.812790 113.023315
v 191.079544 111.810959 112.553101
v 190.794632 111.857071 114.001328
v 190.784424 111.878548 115.011208
v 190.974548 111.836525 115.941208
v 191.191116 111.860558 116.418594
v 191.127396 111.954124 113.052353
v 191.107071 112.050941 114.007683
v 191.083359 112.177246 114.986977
v 191.152466 112.126938 115.969215
v 191.425064 103.264641 99.051003
v 191.734833 103.321823 98.764603
v 191.728088 103.092682 99.062019
v 191.702621 103.048470 99.959625
v 191.371399 103.204109 99.987152
v 191.668045 103.246086 100.443558
v 191.643509 103.743095 98.577095
v 191.616089 103.507553 100.922569
v 191.632278 103.868523 101.250076
v 191.624420 104.309654 98.501068
v 191.616638 104.320923 101.458992
v 191.622086 104.887886 98.539589
v 191.631866 104.886169 101.555679
v 191.578720 105.398537 98.713799
v 191.248001 105.526436 101.986122
v 191.634827 105.450066 101.593681
v 191.641724 105.810150 99.014236
v 191.297455 106.009872 99.041969
v 191.618820 106.059982 99.503838
v 191.367661 106.090614 101.991882
v 191.588303 106.007172 101.448242
v 191.153168 106.132088 102.979034
v 191.088486 106.201477 103.959297
v 191.255127 106.582405 100.053596
v 191.584244 106.323303 100.007889
v 191.403412 106.667740 101.027138
v 191.603622 106.338509 100.986908
v 191.301727 106.650780 102.004715
v 191.285187 106.653770 102.994881
v 191.378098 106.647049 103.974442
v 191.258514 106.714943 104.956284
v 191.090683 107.104485 101.040482
v 191.149139 107.169838 102.018906
v 191.328400 107.217773 103.016907
v 191.460220 107.238060 103.582443
v 191.521469 106.989655 104.020996
v 191.514603 107.024101 104.983025
v 191.345291 107.220718 106.004883
v 191.562408 107.275757 105.482521
v 191.250809 107.339828 106.969666
v 191.146255 107.750755 103.044044
v 191.566879 107.521790 104.014259
v 191.446152 107.859428 103.965385
v 191.616379 107.837143 104.478874
v 191.590652 107.541664 106.000435
v 191.518295 107.605125 107.007706
v 191.494019 107.766617 107.962494
v 191.280655 107.907944 108.966133
v 191.537842 107.910011 108.472549
v 191.209595 108.335999 104.045265
v 191.484528 108.344177 104.575882
v 191.571350 108.143158 109.022346
v 191.529053 108.323395 109.970070
v 191.311813 108.477608 110.980972
v 191.597900 108.454788 110.489143
v 191.279251 108.936554 105.035789
v 191.536270 108.647942 105.039955
v 191.543060 108.944160 105.530716
v 191.652313 108.608322 111.016785
v 191.558411 108.901093 111.934677
v 191.584976 109.101463 112.446861
v 191.276001 109.499992 106.038330
v 191.546127 109.238441 106.027863
v 191.529480 109.493515 106.531181
v 191.632553 109.273598 112.995567
v 191.620895 109.483643 113.948059
v 191.624863 109.654816 114.471573
v 191.498123 109.644081 107.039757
v 191.298233 110.126709 108.022583
v 191.583633 109.855927 107.995178
v 191.605820 110.151649 108.509941
v 191.627991 109.849899 115.008972
v 191.691757 110.074226 115.973068
v 191.360458 110.232437 116.009445
v 191.747192 110.138794 116.964005
v 191.562454 110.294662 116.960594
v 191.709442 110.256218 117.471649
v 191.284622 110.656830 109.041931
v 191.604080 110.439217 109.011292
v 191.589569 110.708145 109.521042
v 191.332291 110.753075 116.986931
v 191.698013 110.506729 117.968117
v 191.561951 110.822838 117.927925
v 191.756714 110.800674 118.433464
v 191.556305 110.913689 110.050568
v 191.562378 111.171341 110.590363
v 191.297775 111.337944 117.009972
v 191.517380 111.338730 117.948578
v 191.709946 111.336884 118.458984
v 191.555038 111.374565 111.081841
v 191.612701 111.635445 112.002289
v 191.620438 111.857506 112.527473
v 191.420258 111.880241 116.986618
v 191.599503 111.833015 117.938759
v 191.795258 111.854156 118.407455
v 191.623276 112.028847 113.050674
v 191.612198 112.226334 114.007469
v 191.403168 112.399582 115.020828
v 191.659943 112.388489 114.554375
v 191.422012 112.395050 115.979675
v 191.669678 112.446449 116.477409
v 191.636841 112.210648 116.998619
v 191.744385 112.125336 117.965744
v 191.709183 112.512108 115.053688
v 191.727127 112.540848 115.972237
v 192.222031 103.178535 98.528999
v 192.207489 102.840225 99.016563
v 192.203903 102.843338 99.986641
v 192.242966 103.121376 100.483231
v 192.124435 103.721901 98.353065
v 192.201370 103.493721 100.943718
v 192.194580 103.865898 101.246277
v 192.167145 104.350578 98.343872
v 192.189514 104.321373 101.379913
v 192.205200 104.881660 98.540718
v 192.170258 104.883194 101.385620
v 192.124878 105.287651 98.767082
v 192.084671 105.373093 101.271088
v 192.137589 105.578796 99.071762
v 191.895721 106.052719 100.010880
v 192.223633 105.846344 99.987160
v 191.868347 106.017525 100.985023
v 192.152634 105.704460 100.943954
v 191.584442 107.248955 104.079247
v 191.638046 107.341286 104.974220
v 191.708572 107.808632 105.020004
v 191.700302 107.891785 105.980843
v 191.696915 107.911591 106.996902
v 191.647522 107.952461 107.966034
v 191.648514 108.334038 105.076454
v 191.766785 108.404167 106.010406
v 191.806595 108.420723 107.001854
v 191.819305 108.431572 108.003998
v 191.788116 108.456306 108.981361
v 191.831635 108.519096 109.959030
v 191.678314 108.910278 106.050354
v 191.799408 108.977600 107.009796
v 191.873489 108.994865 108.003662
v 192.042755 108.943130 108.954575
v 192.156250 109.020073 109.510216
v 192.081726 108.794769 110.027718
v 192.086548 108.911469 110.970833
v 191.873932 109.061104 111.971870
v 192.125351 109.077438 111.473068
v 191.654724 109.457481 107.039429
v 191.814468 109.502831 108.028191
v 191.988022 109.571556 108.608292
v 192.143311 109.303574 109.019211
v 192.151001 109.320564 112.022926
v 192.128021 109.468666 112.994675
v 192.115921 109.555916 113.946312
v 192.163406 109.706963 114.442970
v 191.887009 110.145897 109.014008
v 192.101715 109.824135 109.043335
v 192.130478 110.123634 109.527161
v 192.214828 109.869034 114.998787
v 192.208145 109.986015 115.995338
v 192.229156 110.009750 116.995193
v 192.277023 110.058891 117.983398
v 191.954483 110.242836 118.007820
v 192.342316 110.114037 118.959534
v 192.169601 110.289162 118.937576
v 192.384583 110.257393 119.408432
v 191.878113 110.709450 110.020485
v 192.140701 110.417831 110.025253
v 192.135849 110.706863 110.527664
v 191.976578 110.746902 118.947113
v 192.259109 110.759911 119.469620
v 191.860580 111.250900 111.042671
v 192.133850 110.996620 111.028595
v 192.141266 111.275246 111.529701
v 191.962570 111.335838 118.973381
v 192.251160 111.334831 119.473595
v 192.121368 111.487968 112.058914
v 192.143219 111.766121 112.588478
v 192.053589 111.869209 118.919128
v 192.367950 111.853706 119.404228
v 192.136963 111.980202 113.075157
v 192.205322 112.201851 114.015381
v 192.168503 112.378242 114.561577
v 191.929550 112.477074 116.997169
v 192.003571 112.401382 117.976440
v 192.265274 112.432304 118.469498
v 192.267761 112.170158 118.962807
v 192.140900 112.528610 115.075966
v 192.211365 112.631714 116.008247
v 192.274124 112.596817 116.979362
v 192.308411 112.557076 117.967461
v 192.543732 102.618423 99.004608
v 192.836304 102.606415 98.522583
v 192.884460 102.445381 99.026421
v 192.889725 102.541481 99.931213
v 192.568146 102.665001 99.963432
v 192.878555 102.755981 100.239159
v 192.621750 103.179611 98.095001
v 192.978622 103.222160 97.755646
v 192.856018 102.890015 98.045685
v 192.830048 103.136627 100.577690
v 192.540298 103.719902 98.043327
v 192.941010 103.714989 97.743370
v 192.733856 103.542267 100.898659
v 192.619537 103.894798 101.158638
v 192.608719 104.252823 98.092621
v 192.970642 104.131042 97.843575
v 192.644348 104.310478 101.236191
v 192.857285 104.466255 98.108131
v 192.734573 104.869240 98.514748
v 192.596588 104.791809 101.199348
v 192.836563 105.248833 98.997963
v 192.475006 105.423027 99.032684
v 192.765915 105.428040 99.512642
v 192.451752 105.427574 100.955322
v 192.720673 105.129257 100.941452
v 192.731339 105.407204 100.471748
v 192.684372 105.552322 99.995766
v 192.242401 109.099846 110.028358
v 192.238602 109.119438 110.968231
v 192.164993 109.576210 109.105110
v 192.328751 109.582558 110.023628
v 192.366348 109.604874 111.000671
v 192.345490 109.640854 111.982857
v 192.432602 109.672211 112.974663
v 192.411316 109.704620 113.973167
v 192.262009 110.084106 110.052834
v 192.398605 110.154259 111.013214
v 192.528046 110.151413 111.995491
v 192.669006 110.212593 112.557022
v 192.671448 109.964264 113.026108
v 192.686707 109.952644 114.013885
v 192.686981 110.083199 114.998268
v 192.721680 110.082603 116.020271
v 192.782242 109.981232 117.012718
v 192.798447 109.913811 117.999344
v 192.777679 109.799202 118.972893
v 192.854736 109.937927 119.950447
v 192.646362 110.231506 119.917824
v 192.931732 110.220009 120.425484
v 192.288712 110.672035 111.049927
v 192.515518 110.744942 111.994133
v 192.718414 110.750938 112.529274
v 192.554565 110.759735 119.967201
v 192.891068 110.773567 120.465286
v 192.353531 111.255714 112.055702
v 192.632553 111.273521 112.587669
v 192.567978 111.332565 119.950996
v 192.904312 111.323418 120.336273
v 192.445572 111.841888 113.040092
v 192.702072 111.572182 113.043747
v 192.698441 111.835831 113.532249
v 192.679443 111.837387 119.874680
v 192.970001 111.750267 120.190369
v 192.669983 111.988426 114.039734
v 192.459137 112.436432 115.031418
v 192.752090 112.193077 114.996727
v 192.757629 112.453247 115.521355
v 192.553619 112.424423 118.957970
v 192.867630 112.315369 119.391830
v 192.887024 112.033478 119.871063
v 192.712387 112.570190 116.048729
v 192.785080 112.650124 117.003204
v 192.799042 112.638657 117.989449
v 192.863144 112.523048 118.919342
v 193.118210 102.577545 98.023911
v 193.469986 102.638481 97.582588
v 193.422333 102.316544 98.037560
v 193.369598 102.191658 99.015587
v 193.392258 102.449730 99.919685
v 193.375351 102.715256 100.247208
v 193.388992 103.172676 97.439407
v 193.377655 103.143646 100.486801
v 193.389648 103.717209 97.520248
v 192.982330 103.773064 100.912956
v 193.417114 103.687447 100.638893
v 193.399765 104.172791 97.720421
v 193.031967 104.305771 100.941544
v 193.429886 104.297386 100.591270
v 193.385818 104.522560 98.064232
v 193.377121 104.836914 98.528313
v 192.945847 104.837105 100.896423
v 193.297104 104.809418 100.420486
v 193.356308 105.061668 99.026001
v 192.992325 105.357811 100.000664
v 193.316498 105.111122 99.933395
v 193.105698 109.598183 119.013954
v 193.439163 109.616432 118.552231
v 193.425705 109.332710 119.014236
v 193.368591 109.282654 119.995331
v 193.100281 109.606628 120.018753
v 193.503128 109.382637 120.945152
v 193.345825 109.683769 120.922363
v 193.593338 109.692574 121.191399
v 192.813766 110.260437 113.051849
v 192.867722 110.257225 114.002754
v 192.879471 110.275459 115.004906
v 193.052979 110.235214 115.987312
v 193.328491 110.240860 116.528755
v 193.295715 110.093338 117.051224
v 193.354691 109.845451 118.013100
v 193.185944 110.153862 120.901863
v 193.536575 110.167656 121.233452
v 192.881363 110.754921 113.047798
v 192.990952 110.763756 114.008362
v 193.106613 110.745743 114.998886
v 193.282547 110.789146 115.552353
v 193.329880 110.499702 116.027229
v 193.223083 110.703163 120.900024
v 193.574692 110.651978 121.201782
v 192.828278 111.263870 113.076057
v 192.977524 111.322350 114.013344
v 193.135361 111.338654 114.983871
v 193.346024 111.338547 115.515869
v 193.414703 111.021980 120.957504
v 193.315506 111.405037 120.641731
v 192.830902 111.803322 114.038963
v 192.991776 111.876785 115.014481
v 193.254761 111.875069 115.570290
v 193.395248 111.811668 120.333298
v 193.045822 112.450020 116.023750
v 193.320114 112.171997 116.032303
v 193.328506 112.438934 116.526848
v 193.412811 112.146614 119.928329
v 193.341492 112.365303 119.431808
v 193.278580 112.554718 117.030815
v 193.293823 112.572876 117.998253
v 193.299957 112.528748 118.945488
v 193.740265 102.053627 98.017647
v 194.017197 102.029060 97.526268
v 194.062210 101.866417 98.027435
v 194.051453 101.928619 98.947205
v 193.716507 102.044579 98.982903
v 194.028442 102.140923 99.430099
v 193.829971 102.602058 97.114075
v 194.172348 102.644638 96.809853
v 194.040329 102.312897 97.059250
v 193.888443 102.389069 99.874748
v 193.863770 102.747108 100.198570
v 193.788910 103.092522 97.099129
v 194.166443 103.043205 96.804276
v 193.930618 103.166512 100.360039
v 193.995316 103.407166 97.039062
v 193.874329 103.806046 97.322632
v 193.925293 103.710243 100.402504
v 193.975235 104.213295 97.647285
v 193.859680 104.209686 100.292755
v 193.987427 104.547989 98.065895
v 193.915787 104.756714 98.563713
v 193.636597 104.851891 99.976402
v 193.932159 104.566605 99.968987
v 193.908539 104.817703 99.474220
v 193.850403 104.895111 99.016159
v 193.911163 108.540009 120.002022
v 194.045731 108.501106 119.526749
v 194.097336 108.359108 119.997406
v 194.049469 108.484833 120.476051
v 193.739777 109.050133 119.053764
v 194.072723 109.119759 118.729126
v 194.021454 108.756187 119.046814
v 193.585388 108.966156 120.002037
v 194.010147 108.748634 120.954460
v 193.755310 109.058006 120.942879
v 194.095459 109.121140 121.241280
v 193.999802 109.581963 118.414513
v 193.998383 109.603104 121.373383
v 193.624695 110.241066 117.028412
v 193.911606 110.224144 117.525627
v 193.904663 109.982597 118.034897
v 193.982300 110.167953 121.407417
v 193.539886 110.807716 116.075317
v 193.799103 110.820084 116.590385
v 193.881226 110.514740 117.040916
v 193.995422 110.720154 121.343300
v 193.607101 111.340050 116.037445
v 193.869125 111.340569 116.547478
v 193.699997 111.300621 120.952194
v 194.060333 111.135071 121.188316
v 193.534180 111.869362 116.080444
v 193.803299 111.860321 116.586906
v 194.014572 111.479858 120.885742
v 193.938675 111.807808 120.448685
v 193.583145 112.399216 117.021202
v 193.844589 112.125748 117.031952
v 193.622711 112.438019 118.004799
v 193.934204 112.176743 118.023155
v 193.632462 112.435997 118.985336
v 193.975693 112.279488 119.017906
v 193.951538 112.069847 119.953583
v 194.300583 102.003975 97.041550
v 194.668167 102.076584 96.725174
v 194.612503 101.751991 97.055298
v 194.542145 101.606941 98.015808
v 194.559616 101.850784 98.931213
v 194.542068 102.095657 99.321671
v 194.586655 102.562431 96.583511
v 194.234222 102.584686 99.954285
v 194.630585 102.477501 99.664581
v 194.592834 103.111145 96.613579
v 194.522095 102.864929 99.961441
v 194.350571 103.229813 100.191162
v 194.281158 103.691154 97.038788
v 194.652390 103.537292 96.779114
v 194.349655 103.628677 100.193657
v 194.603271 103.879410 97.099075
v 194.532211 104.196976 97.538536
v 194.235397 104.289330 99.968605
v 194.505173 103.976921 99.948029
v 194.581726 104.314011 99.526115
v 194.533539 104.443649 98.046761
v 194.186783 104.776367 99.013222
v 194.539658 104.593826 98.972359
v 194.316849 108.499039 119.059753
v 194.656250 108.617661 118.803185
v 194.628281 108.348770 119.089142
v 194.553497 108.072121 119.990219
v 194.614532 108.196907 120.940430
v 194.304611 108.460518 120.959518
v 194.665466 108.516579 121.282463
v 194.563431 109.035919 118.620407
v 194.571609 109.008415 121.438065
v 194.556946 109.579185 118.465981
v 194.554688 109.582016 121.505791
v 194.171219 110.222084 118.022530
v 194.595444 110.127029 118.345413
v 194.555267 110.162399 121.477356
v 194.023132 110.825012 117.077454
v 194.327225 110.755608 117.975746
v 194.641525 110.744507 118.365425
v 194.532089 110.715836 121.355644
v 194.070007 111.339813 117.051010
v 194.319702 111.339287 117.980339
v 194.600037 111.313858 118.495094
v 194.455643 111.130859 121.184151
v 193.990906 111.834366 117.060593
v 194.163315 111.879959 118.015640
v 194.409012 111.843880 118.574661
v 194.493881 111.458542 120.880264
v 194.479965 111.743782 120.402397
v 194.420563 111.986328 119.030197
v 194.449768 111.943352 119.940559
v 194.941895 101.512192 97.048706
v 195.238113 101.549713 96.727509
v 195.241089 101.368263 97.061783
v 195.225723 101.358795 97.948120
v 194.889084 101.459671 97.983292
v 195.200607 101.552116 98.432632
v 195.139069 101.968628 96.436836
v 195.059570 101.804535 98.875160
v 195.039734 102.146866 99.232582
v 195.048859 102.552528 96.340836
v 195.115479 102.568062 99.453682
v 195.114288 103.155350 96.394379
v 194.741943 103.173584 99.918274
v 195.152847 103.112518 99.592896
v 195.159470 103.602501 96.684914
v 194.725647 103.677483 99.902603
v 195.116974 103.715935 99.546814
v 195.164001 103.946373 97.076950
v 195.092957 104.170242 97.567459
v 195.041061 104.148773 99.280792
v 195.051437 104.350418 98.046227
v 195.031570 104.350510 98.938675
v 194.893631 107.910393 120.018616
v 195.186157 107.970703 119.572891
v 195.225250 107.789108 120.047432
v 195.251144 107.797157 120.961472
v 194.935699 107.946045 120.971275
v 195.256256 107.954010 121.397469
v 195.135788 108.568962 118.774155
v 195.126007 108.216835 119.095093
v 195.086411 108.419884 121.593124
v 195.124847 109.014107 118.621147
v 195.036728 108.998505 121.677139
v 195.123322 109.584557 118.562347
v 195.096069 109.626022 121.659302
v 195.102219 110.156548 118.586227
v 195.130676 110.164345 121.470413
v 195.033569 110.658051 118.702736
v 195.034454 110.622749 121.256226
v 195.112381 111.029785 119.017166
v 194.893570 111.370392 118.991714
v 195.095795 111.310722 119.511192
v 194.788635 111.265144 120.940544
v 195.104324 111.007385 120.957413
v 195.067017 111.289497 120.475594
v 194.613678 111.810005 119.053757
v 195.014114 111.530495 119.997871
v 194.741928 111.784248 119.960838
v 195.702728 101.398956 96.485046
v 195.761749 101.201149 97.016914
v 195.735107 101.286613 97.942245
v 195.720703 101.506706 98.328934
v 195.538788 102.006042 96.088196
v 195.914658 102.063240 95.790146
v 195.774597 101.710670 96.047356
v 195.406525 101.998161 98.955086
v 195.813568 101.879883 98.676727
v 195.464661 102.548508 96.036316
v 195.873489 102.547661 95.762909
v 195.697815 102.276772 98.966415
v 195.540710 102.646149 99.226311
v 195.543701 103.078018 96.097786
v 195.899338 102.959961 95.843994
v 195.583603 103.137611 99.287254
v 195.794006 103.276260 96.119339
v 195.704041 103.595741 96.546692
v 195.529755 103.624969 99.235886
v 195.708008 103.859749 97.052017
v 195.386383 104.227013 98.017975
v 195.731842 104.074249 97.981804
v 195.329468 104.176102 98.952827
v 195.629242 103.913490 98.920883
v 195.743805 107.958977 119.550697
v 195.735901 107.739502 120.052223
v 195.743942 107.657204 120.993118
v 195.824127 107.825600 121.898361
v 195.609543 107.939758 121.870232
v 195.918808 108.004120 122.187027
v 195.549835 108.587608 118.844398
v 195.653732 108.272568 119.121399
v 195.470886 108.417572 121.959915
v 195.848557 108.418083 122.310707
v 195.583878 109.008789 118.749878
v 195.447800 108.994736 121.982559
v 195.847534 108.988007 122.310921
v 195.586884 109.572083 118.739822
v 195.538467 109.527061 121.909340
v 195.897949 109.430351 122.210007
v 195.526306 110.062355 118.796234
v 195.797455 109.731361 121.886398
v 195.648041 110.122932 121.465218
v 195.646011 110.378235 119.065598
v 195.367981 110.706741 119.050774
v 195.570633 110.819481 120.000748
v 195.788895 110.600914 120.000511
v 195.393951 110.726288 120.963821
v 195.737595 110.479057 120.988129
v 195.233765 111.242119 120.001526
v 196.048538 101.405968 96.037918
v 196.425400 101.490318 95.724983
v 196.365158 101.162666 96.057220
v 196.280228 100.990143 97.014153
v 196.314270 101.234268 97.934715
v 196.304489 101.516052 98.289093
v 196.345596 101.977951 95.591522
v 196.316147 101.958313 98.529846
v 196.329895 102.535126 95.603500
v 195.930710 102.585533 98.937164
v 196.358902 102.517448 98.648293
v 196.324448 102.985443 95.762192
v 195.965164 103.132767 98.946968
v 196.354507 103.122932 98.585335
v 196.335464 103.347809 96.087120
v 196.265717 103.584892 96.567146
v 195.862411 103.651283 98.892075
v 196.203018 103.613159 98.407265
v 196.224274 103.769768 97.045311
v 196.198700 103.796768 97.962875
v 196.282990 107.970215 119.702629
v 196.296585 107.743515 120.068001
v 196.312408 107.607506 121.001595
v 196.350479 107.708778 121.968025
v 196.356186 107.916054 122.437134
v 195.901978 108.469864 119.099525
v 196.314682 108.395264 119.424889
v 196.242416 108.410439 122.618317
v 195.992126 108.999252 119.026894
v 196.388153 108.994514 119.367226
v 196.242355 108.996117 122.617836
v 195.979752 109.579697 119.041206
v 196.351517 109.572525 119.412323
v 196.342590 109.515251 122.445747
v 195.873108 110.108406 119.104477
v 196.208069 110.059601 119.584358
v 196.372360 109.823235 121.974220
v 196.263596 110.052834 121.443069
v 196.216141 110.272514 120.027000
v 196.229660 110.258232 120.957466
v 196.695755 100.916130 96.047264
v 196.990692 100.952080 95.718475
v 196.998260 100.739403 96.056389
v 196.977203 100.706055 96.959290
v 196.636612 100.846939 96.989204
v 196.943939 100.910492 97.441261
v 196.903442 101.388023 95.446968
v 196.865692 101.157127 97.920258
v 196.881165 101.525101 98.243423
v 196.862488 102.000069 95.372810
v 196.876526 101.977898 98.400673
v 196.896118 102.545937 95.503777
v 196.859833 102.537613 98.410446
v 196.891235 102.980461 95.739265
v 196.782242 103.031639 98.284348
v 196.877670 103.258575 96.070732
v 196.563797 103.649742 97.017685
v 196.923416 103.514870 96.983376
v 196.517792 103.610252 97.973518
v 196.842117 103.355385 97.937813
v 196.711685 108.020355 119.837448
v 196.801071 107.823814 120.108109
v 196.889053 107.617088 121.008293
v 196.903320 107.619164 121.991676
v 196.987289 107.809731 122.901314
v 196.759186 107.925568 122.878708
v 197.074081 107.990044 123.232216
v 196.762024 108.422195 119.706779
v 196.626465 108.414780 122.979065
v 197.047897 108.419548 123.437286
v 196.779373 108.990669 119.678940
v 196.625259 108.993324 122.978149
v 197.000031 108.985283 123.345032
v 196.719467 109.495674 119.741081
v 196.751968 109.483704 122.877647
v 197.075150 109.412384 123.209473
v 196.815796 109.784492 120.070335
v 196.515945 110.056503 120.032326
v 196.570099 110.113838 120.988930
v 196.927353 109.973091 121.024841
v 196.897659 109.844337 121.996567
v 196.985657 109.597977 122.895515
v 197.447571 100.781761 95.470886
v 197.474838 100.483627 96.006859
v 197.480316 100.507118 96.982109
v 197.554474 100.839195 97.469940
v 197.310394 101.418625 95.102737
v 197.686630 101.472038 94.818756
v 197.530945 101.122192 95.047066
v 197.412155 101.227028 97.880981
v 197.306015 101.554001 98.155632
v 197.304153 101.911446 95.099983
v 197.666672 101.799011 94.855354
v 197.331650 101.966415 98.235573
v 197.540375 102.139000 95.103279
v 197.449875 102.550636 95.417236
v 197.291245 102.450943 98.209885
v 197.401886 102.938675 95.753464
v 197.153305 103.097336 97.961647
v 197.433945 102.802147 97.947235
v 197.496597 103.114769 97.516960
v 197.405838 103.171783 96.082344
v 197.443039 103.293945 96.984932
v 197.029861 107.926979 120.129578
v 197.434647 107.916290 120.563957
v 197.441299 107.710197 121.032700
v 197.481781 107.591652 122.000076
v 197.513931 107.693451 122.975372
v 197.477753 107.883705 123.500854
v 197.157349 108.414879 120.032555
v 197.546906 108.410568 120.385231
v 197.560486 108.169815 123.922035
v 197.395142 108.413742 123.852509
v 197.739105 108.418289 124.166534
v 197.163986 108.994377 120.026665
v 197.548203 108.995087 120.383720
v 197.516510 108.690987 123.967896
v 197.363037 109.055641 123.674500
v 197.065552 109.533516 120.096542
v 197.449463 109.511719 120.546356
v 197.513153 109.504684 123.453484
v 197.443649 109.756454 121.018517
v 197.478394 109.834412 121.994339
v 197.519714 109.708458 122.970314
v 197.815155 100.267426 96.005608
v 198.109650 100.267525 95.523605
v 198.155838 100.101372 96.025894
v 198.164474 100.192970 96.930565
v 197.843948 100.324547 96.959839
v 198.157120 100.420273 97.211449
v 197.800354 100.813431 95.033424
v 198.193085 100.917000 94.761803
v 198.108673 100.543320 95.041130
v 198.069305 100.806206 97.457527
v 198.104874 101.387863 94.668739
v 197.665771 101.433098 97.904999
v 198.109329 101.334816 97.658691
v 198.085052 101.817810 94.767273
v 197.740189 101.963951 97.963318
v 198.163116 101.962234 97.668816
v 198.069717 102.203255 95.049736
v 198.046234 102.591637 95.503227
v 197.668549 102.503792 97.916069
v 198.064392 102.546555 97.560875
v 198.114029 102.912979 95.991196
v 197.747787 103.069443 96.034515
v 198.030334 103.059349 96.515091
v 197.960022 102.963310 97.270828
v 197.951828 103.127281 96.968925
v 197.873520 108.005058 120.813339
v 197.974731 107.817665 121.103645
v 198.060822 107.618935 122.008507
v 198.074692 107.611748 122.993622
v 198.141754 107.776405 123.916870
v 197.832840 107.918808 123.931084
v 198.173294 107.994118 124.264420
v 197.942688 108.418983 120.691147
v 198.130554 108.414520 124.513969
v 197.944229 108.988373 120.688446
v 197.705170 109.026604 124.039871
v 198.120758 108.977623 124.455833
v 197.884689 109.411865 120.803322
v 197.903503 109.488350 123.898773
v 198.221069 109.427780 124.253113
v 197.977585 109.604599 121.097115
v 198.060776 109.790138 122.007187
v 198.074875 109.789970 122.992332
v 198.158234 109.605759 123.907906
v 198.411606 100.283691 95.054214
v 198.758972 100.403931 94.791290
v 198.729523 100.113838 95.074844
v 198.649017 99.854568 96.003456
v 198.675156 100.054779 96.939796
v 198.670807 100.354263 97.255272
v 198.676666 100.824097 94.634903
v 198.651978 100.804443 97.442505
v 198.658707 101.368698 94.595901
v 198.654480 101.378998 97.517715
v 198.654083 101.832497 94.730408
v 198.640945 101.957092 97.455040
v 198.652161 102.195732 95.049347
v 198.651031 102.509285 95.520050
v 198.543686 102.431129 97.273308
v 198.631775 102.716705 96.028206
v 198.236099 102.970543 96.968262
v 198.578766 102.749306 96.918594
v 198.201553 107.928146 121.128738
v 198.606659 107.916481 121.564056
v 198.613663 107.710884 122.033760
v 198.657104 107.571877 123.004875
v 198.678452 107.638748 123.983177
v 198.638092 107.857353 124.512749
v 198.329697 108.414772 121.031960
v 198.718903 108.410553 121.385223
v 198.710663 108.166626 124.936432
v 198.490311 108.456390 124.893997
v 198.856689 108.504227 125.192764
v 198.332047 108.992569 121.030281
v 198.720276 108.995087 121.383812
v 198.503723 108.946976 124.889618
v 198.859833 108.900734 125.190170
v 198.211670 109.484718 121.122055
v 198.613129 109.495735 121.558159
v 198.719131 109.238373 124.938065
v 198.642563 109.537140 124.503395
v 198.614960 109.707115 122.029236
v 198.652878 109.807533 123.000641
v 198.686249 109.722252 123.976402
v 199.000198 99.689095 96.003082
v 199.257904 99.658760 95.509438
v 199.336487 99.528374 96.000084
v 199.261459 99.660713 96.489578
v 199.286377 100.284248 94.713348
v 199.223862 99.878571 95.013741
v 199.207581 99.872643 96.986176
v 199.277008 100.277344 97.303146
v 199.244843 100.798622 94.567703
v 199.242081 100.796127 97.449661
v 199.238480 101.366280 94.578064
v 199.235748 101.372398 97.441689
v 199.228821 101.818817 94.749641
v 199.192123 101.887619 97.292946
v 199.244537 102.177101 95.078918
v 199.190277 102.411758 95.566269
v 198.921112 102.510101 96.973083
v 199.259079 102.289192 96.984329
v 199.207596 102.497032 96.486382
v 199.131332 102.565300 96.015366
v 199.045319 108.005638 121.813721
v 199.149643 107.814445 122.108063
v 199.238022 107.567505 123.004181
v 199.218094 107.446777 123.982925
v 199.309418 107.723656 124.928429
v 198.994614 107.899338 124.941727
v 199.345413 107.997787 125.246315
v 199.114670 108.418968 121.691132
v 199.277374 108.430176 125.402176
v 199.116196 108.988365 121.688507
v 199.281403 108.970352 125.384720
v 199.055801 109.411949 121.803207
v 198.996704 109.499199 124.936409
v 199.345673 109.378822 125.209579
v 199.143265 109.590561 122.097771
v 199.225388 109.766632 123.012016
v 199.244919 109.784538 123.992538
v 199.315826 109.606812 124.906158
v 199.552597 99.643120 95.026848
v 199.946854 99.748611 94.758316
v 199.878998 99.397430 95.051575
v 199.810394 99.253326 96.008698
v 199.895935 99.524338 96.925224
v 199.564011 99.688225 96.962334
v 199.924744 99.815224 97.215805
v 199.841858 100.223450 94.601990
v 199.838516 100.231377 97.386917
v 199.826447 100.791550 94.543999
v 199.826019 100.792000 97.456001
v 199.813538 101.351639 94.614990
v 199.812729 101.351624 97.384087
v 199.729813 101.760208 94.792534
v 199.726746 101.768806 97.215469
v 199.752838 102.032433 95.084709
v 199.470413 102.451561 96.009689
v 199.817429 102.294388 95.998550
v 199.755112 102.057747 96.924919
v 199.586731 107.327942 124.009857
v 199.868759 107.394554 123.571579
v 199.927612 107.263596 124.018456
v 199.857117 107.303345 124.484879
v 199.375153 107.927124 122.128372
v 199.788269 107.896049 122.555313
v 199.762314 107.596550 123.031769
v 199.807144 107.487373 125.007835
v 199.830521 107.852562 125.478485
v 199.501801 108.414940 122.032158
v 199.885590 108.410347 122.391312
v 199.743912 108.406593 125.645760
v 199.495895 108.992195 122.038651
v 199.866440 108.986649 122.413895
v 199.795471 109.015533 125.611153
v 199.367203 109.474899 122.121597
v 199.723175 109.467194 122.591217
v 199.849167 109.458534 125.325165
v 199.740540 109.649216 123.054314
v 199.818665 109.776154 124.001961
v 199.841782 109.677048 124.941216
v 200.191910 99.106613 95.040627
v 200.534515 99.141472 94.728615
v 200.476624 98.795715 95.029175
v 200.447510 98.774277 95.990959
v 200.136536 99.045418 95.995605
v 200.414230 99.037666 96.497955
v 200.442047 99.633476 94.604355
v 200.391190 99.292030 96.986145
v 200.458328 99.699722 97.288788
v 200.415573 100.207321 94.541412
v 200.415833 100.212166 97.436455
v 200.408173 100.786064 94.557915
v 200.407547 100.785042 97.432693
v 200.367691 101.298126 94.712852
v 200.365540 101.298355 97.289001
v 200.425858 101.698235 95.019493
v 200.086365 101.895714 95.041138
v 200.389755 101.915970 95.512436
v 200.084412 101.891457 96.958397
v 200.427505 101.694359 96.979004
v 200.387070 101.917389 96.487526
v 200.314499 102.051796 95.999336
v 200.349152 107.431168 123.603088
v 200.352341 107.240700 124.079346
v 200.495255 107.189026 124.953262
v 200.143875 107.292618 124.985161
v 200.455215 107.315376 125.471939
v 200.225067 107.983032 122.803947
v 200.328110 107.707497 123.121414
v 200.481995 107.593750 125.934120
v 200.242874 107.876633 125.906174
v 200.608353 107.927864 126.199516
v 200.275696 108.411964 122.703499
v 200.158234 108.410896 125.958351
v 200.559311 108.409172 126.244705
v 200.241226 108.914604 122.735741
v 200.214127 108.960060 125.921234
v 200.606033 108.892570 126.201385
v 200.358963 109.248192 123.044289
v 200.077545 109.518341 123.036156
v 200.427246 109.544716 123.492287
v 200.465744 109.244591 125.946587
v 200.380234 109.554771 125.515259
v 200.380280 109.714241 124.023163
v 200.437073 109.722771 124.979202
v 200.950546 97.969147 95.013611
v 201.114304 97.911942 94.556076
v 201.098557 97.634537 95.010193
v 201.064377 97.907310 95.477928
v 200.707382 98.447815 95.012398
v 200.984238 98.487206 94.520546
v 201.021637 98.182404 95.977776
v 200.757431 98.485542 95.965317
v 201.078232 98.523567 96.426804
v 200.982849 99.079330 94.413696
v 201.048309 98.875473 96.904121
v 200.735428 99.086540 96.961967
v 201.092087 99.228355 97.209053
v 200.992828 99.626511 94.457726
v 201.009644 99.646080 97.383316
v 201.000015 100.203484 94.502945
v 200.995010 100.204651 97.438721
v 200.985199 100.765274 94.615738
v 200.976028 100.759995 97.369690
v 200.901825 101.182358 94.782684
v 200.890167 101.180649 97.207352
v 200.926468 101.474464 95.072395
v 200.647659 101.889610 96.002960
v 200.992874 101.715096 95.997864
v 200.921951 101.465034 96.921425
v 200.685501 107.291939 124.024834
v 201.024658 107.192734 124.464066
v 200.989563 107.089607 125.007004
v 201.082275 107.182846 125.916832
v 200.767349 107.336365 125.933189
v 201.107162 107.437698 126.208107
v 200.562027 107.898903 123.114227
v 201.000122 107.853409 123.514130
v 201.032059 107.455162 123.955658
v 201.028076 107.853058 126.363319
v 200.666672 108.411469 123.039764
v 201.077942 108.405945 123.358917
v 201.013702 108.410255 126.408020
v 200.603149 108.956406 123.081360
v 201.009811 108.998390 123.424622
v 201.028259 108.961838 126.344788
v 200.913910 109.425331 123.714798
v 200.754700 109.494972 125.933105
v 201.095718 109.356850 126.177490
v 200.922913 109.626282 124.079460
v 200.995041 109.741714 124.997505
v 201.065338 109.580147 125.899605
v 201.583069 96.210716 94.014084
v 201.711792 96.151024 93.558060
v 201.689438 95.877205 94.010574
v 201.670288 96.157417 94.472023
v 201.487411 96.710297 94.039986
v 201.662766 96.694870 93.538643
v 201.662628 96.447556 94.948997
v 201.516586 96.770355 94.926811
v 201.736969 96.777679 95.286125
v 201.421280 97.282059 94.038620
v 201.687332 97.301498 93.540047
v 201.289642 97.280869 94.966148
v 201.578857 97.244026 95.526527
v 201.339020 97.832726 94.061317
v 201.687607 97.854721 93.662704
v 201.602753 97.592216 95.969566
v 201.322861 97.895309 95.972374
v 201.683258 97.967468 96.292892
v 201.353027 98.439697 94.054062
v 201.721985 98.430847 93.735832
v 201.597946 98.397324 96.591621
v 201.403473 98.974190 94.100937
v 201.757034 98.859352 93.841087
v 201.582321 98.794983 96.942345
v 201.581451 99.183220 97.237228
v 201.635040 99.222343 94.086922
v 201.543457 99.670609 94.331383
v 201.567566 99.634995 97.366829
v 201.581238 100.202644 94.517265
v 201.552139 100.185127 97.368599
v 201.540329 100.713531 94.707687
v 201.459244 100.666832 97.240746
v 201.598251 101.109871 95.024872
v 201.259705 101.314011 95.038582
v 201.551270 101.320160 95.514954
v 201.234787 101.289848 96.941231
v 201.537567 101.034256 96.954262
v 201.528336 101.297859 96.472343
v 201.473862 101.448166 95.998039
v 201.606918 107.176796 124.498924
v 201.561203 106.909691 125.006104
v 201.585175 106.948906 125.968208
v 201.630981 107.298714 126.332375
v 201.556641 107.943924 123.711617
v 201.582397 107.555168 124.024956
v 201.590439 107.823677 126.482658
v 201.561722 108.412109 123.577148
v 201.587479 108.406075 126.485085
v 201.536087 108.931396 123.676567
v 201.574310 108.963654 126.370445
v 201.595047 109.321503 123.993553
v 201.267166 109.529510 124.033867
v 201.593842 109.586060 124.482521
v 201.493652 109.356735 126.184418
v 201.547668 109.692490 125.013130
v 201.512726 109.575928 125.905159
v 202.175766 95.037033 93.074844
v 202.387100 95.044693 92.810669
v 202.323502 94.755592 93.054779
v 202.307526 94.747223 93.955772
v 202.123581 95.035873 93.944771
v 202.319336 95.013817 94.298668
v 202.054657 95.539589 93.066605
v 202.327621 95.531647 92.753334
v 201.881119 95.528236 93.971169
v 202.155090 95.482277 94.531036
v 201.938614 96.081642 93.073883
v 202.305496 96.104889 92.736511
v 202.186111 95.830437 94.973076
v 201.919601 96.143494 94.962242
v 202.278778 96.214195 95.279091
v 201.954895 96.680473 93.062134
v 202.312943 96.675903 92.751579
v 202.178726 96.695930 95.554703
v 202.025360 97.205254 93.115601
v 202.346313 97.099915 92.844788
v 202.210861 97.102287 95.899117
v 201.914841 97.325920 95.951828
v 202.263138 97.478096 96.194160
v 202.228073 97.454643 93.101410
v 202.145142 97.893700 93.384377
v 202.181747 97.902557 96.402733
v 202.179810 98.425446 93.576393
v 202.206390 98.409851 96.638359
v 202.172287 98.885193 93.758835
v 202.117554 98.844360 96.912491
v 201.995148 99.208443 97.155388
v 202.169617 99.286110 94.044281
v 202.173050 99.703522 94.351761
v 202.016403 99.622482 97.232910
v 202.149673 100.174690 94.587868
v 201.972855 100.103310 97.199402
v 202.060440 100.590744 94.790840
v 201.838440 100.755630 96.960701
v 202.102966 100.447502 96.945412
v 202.131607 100.754585 96.479225
v 202.066620 100.854607 95.065468
v 201.781097 101.257622 96.000313
v 202.088669 101.007591 95.967911
v 201.922104 106.705254 125.026718
v 202.274765 106.773407 124.726166
v 202.245758 106.436188 125.039070
v 202.202881 106.390495 125.988861
v 201.913162 106.692451 125.986748
v 202.231583 106.725822 126.431778
v 202.210938 107.221634 124.407722
v 202.107986 107.242165 126.608910
v 201.996384 107.995186 123.836479
v 202.114456 107.644073 124.095657
v 202.127747 107.861435 126.651123
v 202.019043 108.410362 123.766930
v 202.165009 108.413490 126.509178
v 201.992203 108.828064 123.831657
v 202.132446 108.915939 126.301659
v 202.082275 109.138885 124.106010
v 202.094559 109.425797 124.582329
v 201.838409 109.486847 125.949272
v 202.186417 109.310806 125.975060
v 202.128723 109.502747 125.481682
v 202.058731 109.579353 125.015915
v 202.580719 94.503906 93.056435
v 202.859955 94.575241 92.826141
v 202.849564 94.387985 93.076294
v 202.848755 94.379143 93.930595
v 202.577103 94.498322 93.951157
v 202.848190 94.541924 94.261841
v 202.786453 94.966881 92.654984
v 202.724884 94.900597 94.621658
v 202.768951 95.520782 92.578239
v 202.770523 95.240692 94.977768
v 202.483353 95.538002 94.977028
v 202.875610 95.641342 95.245628
v 202.765457 96.103241 92.564667
v 202.772186 96.129440 95.419891
v 202.768280 96.672806 92.621483
v 202.789795 96.646332 95.636299
v 202.758316 97.125938 92.764099
v 202.717834 97.081497 95.923218
v 202.662140 97.477470 96.191177
v 202.755997 97.534164 93.036621
v 202.754120 97.951424 93.340263
v 202.725159 97.897552 96.359436
v 202.744064 98.418686 93.574638
v 202.748230 98.450363 96.486824
v 202.655579 98.840446 93.793121
v 202.345337 99.090622 96.898918
v 202.753006 99.002197 96.578796
v 202.710815 99.205826 94.098518
v 202.714218 99.605858 94.530602
v 202.383911 99.615730 96.929634
v 202.760315 99.586807 96.470818
v 202.571655 100.092163 94.763573
v 202.309601 100.146072 96.894310
v 202.604050 100.138481 96.417114
v 202.613083 100.386589 95.051392
v 202.353424 100.656380 95.055618
v 202.389709 100.720451 95.984932
v 202.641998 100.412056 95.973145
v 202.720398 105.594872 125.988701
v 202.834915 105.542931 125.527771
v 202.898621 105.297882 125.994148
v 202.875336 105.534134 126.442062
v 202.540833 106.127052 125.059769
v 202.885162 106.198807 124.767128
v 202.810669 105.824188 125.048233
v 202.446396 106.059334 125.996925
v 202.686646 106.033897 126.541580
v 202.768951 106.682274 124.603874
v 202.785629 106.374367 126.974388
v 202.597855 106.707703 126.905113
v 202.955566 106.744370 127.198608
v 202.762497 107.232712 124.457382
v 202.520935 107.239288 126.935226
v 202.902618 107.217247 127.190674
v 202.359360 107.876488 124.087723
v 202.797684 107.783813 124.355309
v 202.573730 107.761093 126.895515
v 202.830582 107.567223 127.064308
v 202.405899 108.410011 124.060165
v 202.804581 108.395096 124.410973
v 202.769424 107.935532 126.853813
v 202.733795 108.366089 126.544350
v 202.298996 108.915474 124.118271
v 202.665604 108.903702 124.583702
v 202.659958 108.804855 126.240425
v 202.358139 109.442345 125.012009
v 202.664566 109.202461 125.037247
v 202.664001 109.068497 125.936676
v 203.248093 94.573128 92.817711
v 203.253250 94.380257 93.075294
v 203.259262 94.357422 93.942757
v 203.284500 94.556076 94.413353
v 203.329300 94.961983 92.630775
v 203.405380 94.796631 94.866020
v 203.078445 94.978737 94.950859
v 203.435440 95.139664 95.176704
v 203.342667 95.518654 92.534882
v 203.351746 95.555611 95.330460
v 203.339264 96.100746 92.545853
v 203.330383 96.113319 95.426086
v 203.320587 96.657608 92.632950
v 203.348785 96.682915 95.533745
v 203.240921 97.083893 92.795914
v 203.027328 97.304451 95.960602
v 203.425217 97.188744 95.675117
v 203.295807 97.462547 93.083923
v 203.339615 97.859268 93.437584
v 203.306824 97.593246 95.956062
v 203.143326 97.965431 96.195976
v 203.228012 98.330093 93.727242
v 203.174774 98.454178 96.245163
v 203.290955 98.693092 94.043938
v 202.994308 98.966324 94.055817
v 203.282730 98.985062 94.525642
v 203.135864 98.950409 96.239548
v 203.051025 99.620132 95.016884
v 203.272888 99.284363 95.004143
v 203.050644 99.621521 95.986038
v 203.227661 99.259987 95.962318
v 202.799316 100.100128 95.061760
v 202.817642 100.108383 95.955490
v 203.140182 104.989479 126.037842
v 203.415405 104.962624 125.564651
v 203.422913 104.680084 126.022392
v 203.470779 104.699188 126.951363
v 203.303040 104.996124 126.929459
v 203.535004 104.982201 127.252609
v 203.102890 105.546806 125.055435
v 203.445282 105.668846 124.788658
v 203.400925 105.306892 125.082985
v 203.107361 105.479042 126.932632
v 203.468689 105.487572 127.305733
v 203.363754 106.097328 124.629150
v 202.995422 106.041649 127.021133
v 203.407852 106.094879 127.320976
v 203.343338 106.656639 124.545197
v 203.368530 106.654488 127.355743
v 203.335770 107.240219 124.520607
v 203.316086 107.157578 127.266136
v 203.316254 107.809013 124.577202
v 203.036774 107.786957 126.958740
v 203.374207 107.597443 127.031517
v 203.410294 107.959091 126.695122
v 203.230820 108.304321 124.716019
v 203.307159 108.352448 126.363419
v 203.284317 108.630516 125.049454
v 202.973999 108.920143 125.028664
v 202.977859 108.885941 125.960785
v 203.321274 108.669266 125.967842
v 203.562912 94.472298 93.044792
v 203.586990 94.439400 93.978889
v 203.870560 95.022224 92.727905
v 203.913071 94.665344 93.041824
v 203.930756 94.591187 94.004791
v 203.834778 94.902443 94.895424
v 203.757965 95.133041 95.138641
v 203.910065 95.527870 92.613747
v 203.782272 95.535629 95.233284
v 203.894424 96.082138 92.635246
v 203.792221 96.105217 95.264359
v 203.798111 96.561028 92.764046
v 203.789597 96.697266 95.288277
v 203.887009 96.945091 93.042389
v 203.594131 97.228012 93.052773
v 203.910873 97.293335 93.481216
v 203.794800 97.281837 95.325554
v 203.759583 97.757423 93.727791
v 203.501160 97.938942 95.873207
v 203.742523 97.794067 95.430519
v 203.793427 98.056770 94.045792
v 203.552795 98.385117 94.061951
v 203.692245 98.457741 95.022484
v 203.839478 98.108177 94.978836
v 203.438141 98.432335 95.922142
v 203.442200 98.945328 95.025208
v 203.350342 98.934563 95.926758
v 203.714600 104.388725 126.035645
v 204.018463 104.403168 125.686249
v 204.010101 104.097610 126.038422
v 203.950333 104.038033 126.987770
v 203.704300 104.372856 126.979431
v 203.973434 104.365112 127.447075
v 203.878586 104.796753 125.340668
v 203.889282 104.895798 127.590363
v 203.968246 105.560211 124.712555
v 203.909454 105.141167 124.987442
v 203.903732 105.512474 127.609650
v 203.930359 106.074501 124.581833
v 203.920166 106.071854 127.525146
v 203.920975 106.647705 124.567238
v 203.932007 106.635521 127.423759
v 203.894836 107.215668 124.632309
v 203.914124 107.103340 127.261101
v 203.796936 107.697144 124.761162
v 203.947876 107.509514 126.941299
v 203.909607 107.832932 126.501251
v 203.874313 108.068710 125.044647
v 203.592285 108.368988 125.042213
v 203.840424 108.314117 125.526482
v 203.770218 108.237373 126.229080
v 203.774780 108.407921 125.962090
v 204.312408 95.120567 92.850761
v 204.365982 94.921417 93.070816
v 204.374100 94.878448 93.965942
v 204.051132 95.034149 94.876709
v 204.334412 95.031357 94.406898
v 204.335190 95.520332 92.780800
v 204.137161 95.527016 94.934967
v 204.420227 95.521324 94.456100
v 204.295273 95.992622 92.812508
v 204.162994 96.123573 94.930252
v 204.389450 96.060577 94.438431
v 204.375015 96.295677 93.052658
v 204.141495 96.632713 93.067337
v 204.312363 96.722572 94.021828
v 204.442581 96.358482 93.983978
v 204.072388 96.680313 94.938683
v 204.098984 97.243431 94.014435
v 204.017853 97.257591 94.937195
v 203.937424 97.763092 94.063576
v 203.942093 97.771011 94.945602
v 204.439346 103.247520 127.037224
v 204.622055 103.244522 126.591972
v 204.633514 102.936241 127.029747
v 204.595398 102.887962 127.981148
v 204.466232 103.221664 127.954590
v 204.651871 103.181030 128.432510
v 204.313980 103.811485 126.075874
v 204.613281 103.922508 125.776749
v 204.585052 103.584305 126.108582
v 204.146057 103.706894 127.019920
v 204.369629 103.737778 127.950256
v 204.623962 103.741676 128.461777
v 204.538284 104.359749 125.464340
v 204.252243 104.289322 127.941208
v 204.607941 104.298920 128.353256
v 204.236237 104.929909 125.042633
v 204.507751 105.157310 124.873459
v 204.514465 104.772491 125.129166
v 204.261215 104.891769 127.956833
v 204.644867 104.874611 128.283325
v 204.494385 105.536858 124.701859
v 204.328110 105.427132 127.910896
v 204.687851 105.304672 128.159256
v 204.482361 106.057312 124.639740
v 204.566345 105.669800 127.912766
v 204.476486 106.107925 127.639992
v 204.434677 106.605888 124.710274
v 204.501251 106.615677 127.411163
v 204.312180 107.125420 124.796761
v 204.405182 107.029289 127.200470
v 204.391556 107.436104 125.050758
v 204.133972 107.757889 125.062210
v 204.237259 107.827393 125.993408
v 204.490479 107.524040 126.020271
v 204.418243 107.288422 126.923866
v 203.923935 108.259033 125.967087
v 204.476547 95.067680 93.075104
v 204.500244 95.058090 93.947189
v 204.540619 95.519852 93.073433
v 204.570648 95.520210 93.955322
v 204.492966 96.000931 93.075058
v 204.540955 96.017052 93.952065
v 205.062256 102.122925 128.041290
v 205.192612 102.170151 127.603859
v 205.219040 102.010117 128.051529
v 205.142899 102.047478 128.907166
v 205.090240 102.092957 128.934250
v 205.189423 102.226341 129.070251
v 204.906418 102.644981 127.076164
v 205.188492 102.735825 126.747040
v 205.174072 102.427933 127.113037
v 204.756744 102.547890 128.017517
v 204.986435 102.569305 128.922852
v 205.248566 102.578667 129.197754
v 205.110413 103.106728 126.423912
v 204.885147 103.110779 128.914200
v 205.252640 103.123650 129.233368
v 205.094025 103.870354 125.748230
v 205.102509 103.487625 126.061440
v 204.943558 103.670349 128.899719
v 205.296280 103.614204 129.191574
v 205.094742 104.321487 125.529991
v 205.135300 103.988258 128.953537
v 205.020752 104.397354 128.671310
v 204.780334 104.940033 125.055992
v 205.178833 104.803581 125.327339
v 205.105225 104.880676 128.470367
v 204.893280 105.579018 124.821770
v 205.061462 105.214714 125.050926
v 205.105743 105.332870 128.254089
v 204.892899 105.977791 124.807419
v 205.102509 105.719452 127.941864
v 205.083542 106.111946 127.586052
v 205.044815 106.327560 125.040817
v 204.841553 106.674606 125.017418
v 205.090195 106.643463 125.504547
v 204.990433 106.534065 127.279915
v 204.582520 107.141098 125.067833
v 205.058731 106.905853 126.009438
v 204.784332 107.207291 125.988930
v 204.706802 107.106895 126.948120
v 205.008392 106.850380 126.956238
v 205.644470 102.115784 127.567886
v 205.590363 101.982277 128.015915
v 205.360504 102.071526 128.941940
v 205.657272 102.039330 128.482758
v 205.691223 102.685890 126.703949
v 205.715668 102.336784 127.082207
v 205.696625 102.238853 128.971786
v 205.645355 102.645180 129.245209
v 205.716171 103.115997 126.394211
v 205.700211 103.146355 129.353363
v 205.512573 103.897606 125.840599
v 205.632614 103.537857 126.091454
v 205.703705 103.666168 129.303757
v 205.554779 104.325920 125.715271
v 205.419586 104.263634 128.940598
v 205.692688 104.045120 129.127472
v 205.593353 104.897446 125.643356
v 205.688614 104.427414 128.868530
v 205.660400 104.843010 128.536285
v 205.239746 105.528542 125.114487
v 205.571014 105.452087 125.549187
v 205.587997 105.284706 128.226349
v 205.223907 106.011177 125.115517
v 205.509232 105.998138 125.595100
v 205.627701 105.629173 127.896561
v 205.576523 105.964615 127.415291
v 205.328506 106.591385 126.014389
v 205.567062 106.271294 126.027092
v 205.301605 106.560387 126.959938
v 205.571976 106.268555 126.973198
v 205.917175 102.060799 128.004791
v 206.253616 102.707794 126.748299
v 206.250610 102.436844 127.073242
v 206.272858 102.204849 127.994385
v 206.200272 102.453201 128.927246
v 206.171448 102.753197 129.202713
v 206.262756 103.145660 126.531174
v 206.251053 103.153946 129.331940
v 205.872696 103.776085 126.090279
v 206.291260 103.690231 126.397270
v 206.226196 103.639023 129.271210
v 205.942261 104.318413 126.042854
v 206.313293 104.299248 126.411591
v 205.964584 104.271721 128.961517
v 206.295090 104.065132 129.014526
v 206.315048 104.402588 128.653931
v 205.943558 104.921600 126.053665
v 206.226700 104.837044 126.544662
v 206.179581 104.799713 128.313293
v 205.834305 105.468102 126.049606
v 206.253540 105.166290 127.007874
v 206.057205 105.496254 126.983391
v 205.888626 105.395927 127.932198
v 206.192001 105.108177 127.959747
v 205.711929 105.971718 126.051872
v 205.767838 105.958115 126.967766
v 206.663315 102.749214 126.852890
v 206.726486 102.566902 127.076729
v 206.758133 102.459877 127.975380
v 206.534500 102.613174 128.961929
v 206.823990 102.604698 128.483871
v 206.709579 103.153252 126.747635
v 206.868637 102.822945 128.968414
v 206.784271 103.202393 129.213760
v 206.711288 103.713982 126.708290
v 206.739914 103.533073 129.179337
v 206.658890 104.217796 126.751549
v 206.798172 103.890190 128.908112
v 206.759766 104.223579 128.430023
v 206.718216 104.500916 127.044800
v 206.496078 104.831963 127.021141
v 206.477051 104.805969 127.963989
v 206.744797 104.511200 127.974487
v 206.861862 102.695152 127.084427
v 207.052872 102.679138 127.970184
v 207.059753 103.147194 127.094994
v 207.238144 103.149704 127.596924
v 207.282394 102.943382 128.040253
v 207.306686 103.084396 128.930481
v 207.175842 103.198868 129.065445
v 206.976501 103.704735 127.071777
v 207.343491 103.386322 128.017502
v 207.203049 103.727196 127.986816
v 207.046066 103.629402 128.921997
v 207.281265 103.325844 128.936981
v 206.861496 104.206985 127.068985
v 206.941910 104.202217 127.969154
v 207.366180 103.144279 128.059601
v 207.348648 103.155647 128.923721
# 1718 vertices, 0 vertices normals

f 3 2 1
f 5 4 1
f 1 4 3
f 5 6 4
f 1 2 7
f 7 2 8
f 1 9 5
f 1 7 9
f 6 5 10
f 5 11 10
f 5 9 11
f 11 12 10
f 7 8 13
f 13 8 14
f 7 15 9
f 7 13 15
f 9 16 11
f 9 15 16
f 12 11 17
f 11 18 17
f 11 16 18
f 18 19 17
f 14 20 13
f 22 21 20
f 21 13 20
f 21 15 13
f 15 23 16
f 15 21 23
f 16 24 18
f 16 23 24
f 19 18 25
f 18 26 25
f 18 24 26
f 28 27 26
f 26 27 25
f 28 29 27
f 22 30 21
f 32 31 30
f 31 21 30
f 31 23 21
f 23 33 24
f 23 31 33
f 24 34 26
f 24 33 34
f 26 35 28
f 26 34 35
f 29 28 36
f 28 37 36
f 28 35 37
f 37 38 36
f 32 39 31
f 41 40 39
f 40 31 39
f 40 33 31
f 33 42 34
f 33 40 42
f 34 43 35
f 34 42 43
f 35 44 37
f 35 43 44
f 38 37 45
f 37 46 45
f 37 44 46
f 46 47 45
f 41 48 40
f 50 49 48
f 49 40 48
f 49 42 40
f 42 51 43
f 42 49 51
f 43 52 44
f 43 51 52
f 44 53 46
f 44 52 53
f 47 46 54
f 46 55 54
f 46 53 55
f 55 56 54
f 50 57 49
f 49 57 51
f 51 57 58
f 60 59 58
f 59 51 58
f 59 52 51
f 52 61 53
f 52 59 61
f 53 62 55
f 53 61 62
f 56 55 63
f 63 55 62
f 60 64 59
f 59 64 61
f 61 64 65
f 61 65 62
f 62 65 66
f 62 66 63
f 69 68 67
f 71 70 67
f 67 70 69
f 71 72 70
f 75 74 73
f 75 73 68
f 68 73 67
f 73 2 67
f 2 3 67
f 67 3 4
f 67 4 71
f 77 76 6
f 6 76 4
f 76 72 4
f 72 71 4
f 77 78 76
f 73 74 79
f 79 74 80
f 79 8 2
f 79 2 73
f 10 77 6
f 82 81 12
f 12 81 10
f 81 78 10
f 78 77 10
f 82 83 81
f 80 84 79
f 8 79 84
f 85 8 84
f 14 8 85
f 17 82 12
f 87 86 19
f 19 86 17
f 86 83 17
f 83 82 17
f 87 88 86
f 20 14 89
f 14 90 89
f 14 85 90
f 89 22 20
f 25 87 19
f 91 88 87
f 25 91 87
f 27 91 25
f 27 29 91
f 91 29 92
f 90 93 89
f 93 95 94
f 93 94 30
f 89 93 30
f 22 89 30
f 94 32 30
f 96 92 29
f 96 29 36
f 98 97 38
f 97 36 38
f 97 96 36
f 98 99 97
f 95 100 94
f 100 102 101
f 100 101 39
f 94 100 39
f 32 94 39
f 101 41 39
f 45 98 38
f 104 103 47
f 47 103 45
f 103 99 45
f 99 98 45
f 104 105 103
f 102 106 101
f 106 108 107
f 106 107 48
f 101 106 48
f 41 101 48
f 107 50 48
f 54 104 47
f 110 109 56
f 56 109 54
f 109 105 54
f 105 104 54
f 110 111 109
f 108 112 107
f 107 112 50
f 112 57 50
f 112 113 57
f 113 115 114
f 58 113 114
f 57 113 58
f 114 60 58
f 63 116 110
f 63 110 56
f 111 110 117
f 110 118 117
f 110 116 118
f 120 119 118
f 118 119 117
f 120 121 119
f 115 122 114
f 122 124 123
f 122 123 64
f 114 122 64
f 60 114 64
f 125 65 64
f 125 64 123
f 126 66 65
f 126 65 125
f 116 63 66
f 126 116 66
f 127 116 126
f 116 128 118
f 116 127 128
f 118 129 120
f 118 128 129
f 121 120 130
f 130 120 129
f 124 131 123
f 123 131 125
f 125 131 132
f 134 133 132
f 133 125 132
f 133 126 125
f 126 135 127
f 126 133 135
f 127 136 128
f 127 135 136
f 128 137 129
f 128 136 137
f 130 129 138
f 129 139 138
f 129 137 139
f 139 140 138
f 134 141 133
f 133 141 135
f 135 141 142
f 135 142 136
f 136 142 143
f 136 143 137
f 137 143 144
f 137 144 139
f 139 144 145
f 139 145 140
f 148 147 146
f 146 149 148
f 152 151 150
f 152 150 147
f 147 150 146
f 150 68 146
f 68 69 146
f 153 149 146
f 69 153 146
f 70 153 69
f 70 72 153
f 153 72 154
f 150 151 75
f 151 74 75
f 151 155 74
f 150 75 68
f 156 154 72
f 156 72 76
f 76 78 156
f 156 78 157
f 155 80 74
f 158 80 155
f 159 157 78
f 159 78 81
f 81 83 159
f 159 83 160
f 84 80 161
f 80 162 161
f 80 158 162
f 161 85 84
f 163 160 83
f 163 83 86
f 86 88 163
f 163 88 164
f 162 165 161
f 85 161 165
f 166 85 165
f 90 85 166
f 167 164 88
f 167 88 91
f 169 168 92
f 168 91 92
f 168 167 91
f 169 170 168
f 166 171 90
f 90 171 93
f 95 93 171
f 95 171 172
f 96 169 92
f 173 170 169
f 96 173 169
f 97 173 96
f 97 99 173
f 173 99 174
f 172 175 95
f 95 175 100
f 102 100 175
f 102 175 176
f 177 174 99
f 177 99 103
f 179 178 105
f 178 103 105
f 178 177 103
f 179 180 178
f 176 181 102
f 102 181 106
f 108 106 181
f 108 181 182
f 109 179 105
f 184 183 111
f 111 183 109
f 183 180 109
f 180 179 109
f 184 185 183
f 182 186 108
f 108 186 112
f 112 187 113
f 186 187 112
f 115 113 187
f 115 187 188
f 117 184 111
f 189 185 184
f 117 189 184
f 119 189 117
f 191 190 121
f 190 119 121
f 190 189 119
f 191 192 190
f 188 193 115
f 115 193 122
f 124 122 193
f 124 193 194
f 130 195 191
f 130 191 121
f 192 191 196
f 191 197 196
f 191 195 197
f 197 198 196
f 194 199 124
f 124 199 131
f 131 200 132
f 199 200 131
f 134 132 200
f 134 200 201
f 138 195 130
f 195 138 140
f 202 195 140
f 197 195 202
f 198 197 203
f 197 204 203
f 197 202 204
f 204 205 203
f 201 206 134
f 134 206 141
f 141 207 142
f 206 207 141
f 207 209 208
f 143 207 208
f 142 207 143
f 210 144 143
f 210 143 208
f 211 145 144
f 211 144 210
f 202 140 145
f 211 202 145
f 212 202 211
f 202 213 204
f 202 212 213
f 205 204 214
f 204 215 214
f 204 213 215
f 215 216 214
f 209 217 208
f 208 217 210
f 210 217 218
f 220 219 218
f 219 210 218
f 219 211 210
f 211 221 212
f 211 219 221
f 212 222 213
f 212 221 222
f 213 223 215
f 213 222 223
f 216 215 224
f 224 215 223
f 220 225 219
f 219 225 221
f 221 225 226
f 221 226 222
f 222 226 227
f 222 227 223
f 223 227 228
f 223 228 224
f 231 230 229
f 147 148 229
f 148 231 229
f 148 232 231
f 234 233 149
f 233 148 149
f 233 232 148
f 234 235 233
f 229 230 152
f 230 151 152
f 230 236 151
f 229 152 147
f 153 234 149
f 153 154 234
f 154 235 234
f 154 237 235
f 236 155 151
f 238 155 236
f 154 156 239
f 240 154 239
f 237 154 240
f 157 239 156
f 238 158 155
f 241 158 238
f 242 240 239
f 244 242 243
f 243 242 159
f 242 239 159
f 239 157 159
f 160 243 159
f 241 162 158
f 245 162 241
f 246 244 243
f 246 243 160
f 163 246 160
f 247 246 163
f 163 164 247
f 247 164 248
f 245 249 162
f 162 249 165
f 166 165 249
f 166 249 250
f 251 248 164
f 251 164 167
f 253 251 252
f 251 168 252
f 251 167 168
f 170 252 168
f 250 254 166
f 166 254 171
f 172 171 254
f 172 254 255
f 256 253 252
f 256 252 170
f 173 256 170
f 257 256 173
f 173 174 257
f 257 174 258
f 255 259 172
f 172 259 175
f 261 260 176
f 175 261 176
f 259 261 175
f 262 260 261
f 263 258 174
f 263 174 177
f 264 177 178
f 264 263 177
f 178 180 264
f 264 180 265
f 260 181 176
f 267 266 182
f 267 182 181
f 262 267 181
f 260 262 181
f 268 266 267
f 269 265 180
f 269 180 183
f 271 270 185
f 270 183 185
f 270 269 183
f 271 272 270
f 266 186 182
f 268 273 266
f 273 186 266
f 273 187 186
f 188 187 273
f 188 273 274
f 189 271 185
f 275 272 271
f 189 275 271
f 190 275 189
f 190 192 275
f 275 192 276
f 274 277 188
f 188 277 193
f 194 193 277
f 194 277 278
f 279 276 192
f 279 192 196
f 281 280 198
f 280 196 198
f 280 279 196
f 281 282 280
f 278 283 194
f 194 283 199
f 199 284 200
f 283 284 199
f 201 200 284
f 201 284 285
f 203 281 198
f 287 286 205
f 205 286 203
f 286 282 203
f 282 281 203
f 287 288 286
f 285 289 201
f 201 289 206
f 289 291 290
f 207 289 290
f 206 289 207
f 290 209 207
f 214 287 205
f 293 292 216
f 216 292 214
f 292 288 214
f 288 287 214
f 293 294 292
f 291 295 290
f 290 295 209
f 295 217 209
f 295 296 217
f 296 298 297
f 218 296 297
f 217 296 218
f 297 220 218
f 224 299 293
f 224 293 216
f 294 293 300
f 300 293 299
f 298 301 297
f 297 301 220
f 301 225 220
f 301 302 225
f 302 304 303
f 226 302 303
f 225 302 226
f 305 227 226
f 305 226 303
f 306 228 227
f 306 227 305
f 299 224 228
f 306 299 228
f 307 299 306
f 300 299 308
f 308 299 307
f 304 309 303
f 303 309 305
f 305 309 310
f 305 310 306
f 306 310 311
f 306 311 307
f 307 311 312
f 307 312 308
f 315 314 313
f 317 316 313
f 313 316 315
f 317 318 316
f 313 314 231
f 314 230 231
f 314 319 230
f 313 231 232
f 313 232 317
f 320 318 317
f 232 320 317
f 233 320 232
f 233 235 320
f 320 235 321
f 319 236 230
f 322 236 319
f 237 321 235
f 237 323 321
f 322 238 236
f 324 238 322
f 240 323 237
f 240 325 323
f 324 241 238
f 326 241 324
f 240 242 327
f 328 240 327
f 325 240 328
f 244 327 242
f 330 245 329
f 245 326 329
f 245 241 326
f 331 330 329
f 328 327 332
f 328 332 333
f 246 334 244
f 334 327 244
f 334 332 327
f 247 335 246
f 246 335 334
f 248 335 247
f 330 249 245
f 337 336 250
f 337 250 249
f 331 337 249
f 330 331 249
f 339 338 336
f 339 336 337
f 338 339 333
f 332 338 333
f 340 338 332
f 341 332 334
f 340 332 341
f 342 334 335
f 341 334 342
f 251 343 248
f 343 335 248
f 343 342 335
f 253 343 251
f 336 254 250
f 254 336 255
f 336 344 255
f 336 338 344
f 345 338 340
f 344 338 345
f 346 340 341
f 345 340 346
f 342 348 347
f 346 342 347
f 341 342 346
f 348 342 343
f 348 343 349
f 351 349 350
f 350 349 256
f 349 343 256
f 343 253 256
f 257 352 256
f 256 352 350
f 258 352 257
f 344 259 255
f 259 344 261
f 261 344 345
f 261 345 262
f 345 353 262
f 345 346 353
f 346 347 354
f 355 346 354
f 353 346 355
f 356 355 354
f 357 351 350
f 357 350 352
f 357 352 358
f 358 352 258
f 263 358 258
f 359 358 263
f 361 359 360
f 359 264 360
f 359 263 264
f 265 360 264
f 353 267 262
f 267 353 268
f 353 362 268
f 353 355 362
f 355 356 363
f 355 363 362
f 364 361 360
f 364 360 265
f 269 364 265
f 365 364 269
f 367 365 366
f 365 270 366
f 365 269 270
f 272 366 270
f 362 273 268
f 369 368 274
f 369 274 273
f 363 369 273
f 362 363 273
f 370 368 369
f 371 367 366
f 371 366 272
f 275 371 272
f 372 371 275
f 275 276 372
f 372 276 373
f 368 277 274
f 375 374 278
f 375 278 277
f 370 375 277
f 368 370 277
f 376 374 375
f 377 373 276
f 377 276 279
f 378 279 280
f 378 377 279
f 280 282 378
f 378 282 379
f 374 283 278
f 376 380 374
f 380 283 374
f 380 284 283
f 382 381 285
f 284 382 285
f 380 382 284
f 383 381 382
f 384 379 282
f 384 282 286
f 386 385 288
f 385 286 288
f 385 384 286
f 388 387 386
f 386 387 385
f 388 389 387
f 381 289 285
f 391 390 291
f 391 291 289
f 383 391 289
f 381 383 289
f 392 390 391
f 292 386 288
f 386 292 294
f 393 386 294
f 388 386 393
f 389 388 394
f 388 395 394
f 388 393 395
f 395 396 394
f 390 295 291
f 392 397 390
f 397 295 390
f 397 296 295
f 298 296 397
f 298 397 398
f 300 399 393
f 300 393 294
f 393 400 395
f 393 399 400
f 396 395 401
f 401 395 400
f 398 402 298
f 298 402 301
f 301 403 302
f 402 403 301
f 304 302 403
f 304 403 404
f 308 405 399
f 308 399 300
f 399 406 400
f 399 405 406
f 401 400 407
f 407 400 406
f 404 408 304
f 304 408 309
f 309 409 310
f 408 409 309
f 409 411 410
f 311 409 410
f 310 409 311
f 412 312 311
f 412 311 410
f 412 413 312
f 312 413 308
f 413 414 308
f 414 405 308
f 405 414 406
f 406 414 415
f 406 415 407
f 411 416 410
f 410 416 412
f 412 416 417
f 412 417 413
f 419 418 315
f 315 418 314
f 420 315 316
f 420 419 315
f 316 318 420
f 420 318 421
f 418 319 314
f 422 319 418
f 423 421 318
f 423 318 320
f 320 321 423
f 423 321 424
f 422 322 319
f 425 322 422
f 323 424 321
f 323 426 424
f 425 324 322
f 427 324 425
f 325 426 323
f 325 428 426
f 427 326 324
f 429 326 427
f 328 428 325
f 328 430 428
f 429 431 326
f 326 431 329
f 433 432 331
f 329 433 331
f 431 433 329
f 435 434 432
f 435 432 433
f 435 430 434
f 430 333 434
f 430 328 333
f 432 337 331
f 337 432 339
f 339 432 434
f 339 434 333
f 436 347 348
f 349 437 348
f 348 437 436
f 351 437 349
f 436 354 347
f 354 436 356
f 436 438 356
f 436 437 438
f 357 439 351
f 439 437 351
f 439 438 437
f 358 440 357
f 357 440 439
f 359 441 358
f 358 441 440
f 361 441 359
f 442 363 438
f 438 363 356
f 443 438 439
f 442 438 443
f 444 439 440
f 443 439 444
f 445 440 441
f 444 440 445
f 364 446 361
f 446 441 361
f 446 445 441
f 365 447 364
f 364 447 446
f 367 447 365
f 442 369 363
f 369 442 370
f 442 448 370
f 442 443 448
f 449 443 444
f 448 443 449
f 450 444 445
f 449 444 450
f 451 445 446
f 450 445 451
f 447 453 452
f 451 447 452
f 446 447 451
f 453 447 367
f 371 453 367
f 454 453 371
f 456 454 455
f 454 372 455
f 454 371 372
f 373 455 372
f 448 375 370
f 375 448 376
f 448 457 376
f 448 449 457
f 458 449 450
f 457 449 458
f 451 460 459
f 458 451 459
f 450 451 458
f 460 451 452
f 461 456 455
f 461 455 373
f 377 461 373
f 462 461 377
f 463 377 378
f 463 462 377
f 378 379 463
f 463 379 464
f 457 380 376
f 380 457 382
f 382 457 458
f 466 465 383
f 466 383 382
f 459 466 382
f 458 459 382
f 467 465 466
f 468 464 379
f 468 379 384
f 469 384 385
f 469 468 384
f 470 385 387
f 470 469 385
f 472 471 389
f 471 387 389
f 471 470 387
f 474 473 472
f 472 473 471
f 474 475 473
f 465 391 383
f 477 476 392
f 477 392 391
f 467 477 391
f 465 467 391
f 478 476 477
f 394 472 389
f 472 394 396
f 479 472 396
f 474 472 479
f 475 474 480
f 480 474 479
f 476 397 392
f 482 481 398
f 482 398 397
f 478 482 397
f 476 478 397
f 483 481 482
f 401 484 479
f 401 479 396
f 480 479 485
f 485 479 484
f 481 402 398
f 483 486 481
f 486 402 481
f 486 403 402
f 404 403 486
f 404 486 487
f 407 488 484
f 407 484 401
f 485 484 489
f 489 484 488
f 487 490 404
f 404 490 408
f 408 491 409
f 490 491 408
f 411 409 491
f 411 491 492
f 413 493 414
f 494 415 414
f 494 414 493
f 494 495 415
f 415 495 407
f 495 496 407
f 496 488 407
f 488 496 489
f 492 497 411
f 411 497 416
f 416 498 417
f 497 498 416
f 413 417 493
f 417 499 493
f 417 498 499
f 493 499 494
f 494 499 500
f 494 500 495
f 503 502 501
f 505 504 501
f 501 504 503
f 505 506 504
f 509 508 507
f 509 507 502
f 502 507 501
f 507 418 501
f 418 419 501
f 501 419 420
f 501 420 505
f 420 421 505
f 421 506 505
f 421 510 506
f 507 508 511
f 511 508 512
f 511 422 418
f 511 418 507
f 513 510 421
f 513 421 423
f 423 424 513
f 513 424 514
f 511 512 515
f 515 512 516
f 515 425 422
f 515 422 511
f 426 514 424
f 426 517 514
f 516 518 515
f 425 515 518
f 519 425 518
f 427 425 519
f 428 517 426
f 428 520 517
f 522 429 521
f 429 519 521
f 429 427 519
f 523 522 521
f 526 525 524
f 525 520 524
f 520 430 524
f 520 428 430
f 522 431 429
f 523 527 522
f 527 431 522
f 527 433 431
f 524 435 526
f 435 527 526
f 435 433 527
f 435 524 430
f 528 452 453
f 454 529 453
f 453 529 528
f 456 529 454
f 530 459 460
f 452 528 460
f 528 530 460
f 528 531 530
f 532 528 529
f 531 528 532
f 461 533 456
f 533 529 456
f 533 532 529
f 462 534 461
f 461 534 533
f 463 535 462
f 462 535 534
f 464 535 463
f 530 466 459
f 466 530 467
f 530 536 467
f 530 531 536
f 537 531 532
f 536 531 537
f 538 532 533
f 537 532 538
f 534 540 539
f 538 534 539
f 533 534 538
f 540 534 535
f 540 535 541
f 541 535 464
f 468 541 464
f 542 541 468
f 543 468 469
f 543 542 468
f 544 469 470
f 544 543 469
f 545 470 471
f 545 544 470
f 546 471 473
f 546 545 471
f 548 547 475
f 547 473 475
f 547 546 473
f 548 549 547
f 536 477 467
f 477 536 478
f 536 550 478
f 536 537 550
f 551 537 538
f 550 537 551
f 538 539 552
f 538 552 551
f 480 553 548
f 480 548 475
f 549 548 554
f 554 548 553
f 550 482 478
f 482 550 483
f 550 555 483
f 550 551 555
f 551 552 556
f 551 556 555
f 485 557 553
f 485 553 480
f 554 553 558
f 558 553 557
f 555 486 483
f 560 559 487
f 560 487 486
f 556 560 486
f 555 556 486
f 561 559 560
f 489 562 557
f 489 557 485
f 558 557 563
f 563 557 562
f 559 490 487
f 561 564 559
f 564 490 559
f 564 491 490
f 566 565 492
f 491 566 492
f 564 566 491
f 567 565 566
f 495 568 496
f 568 569 496
f 496 569 489
f 569 570 489
f 570 562 489
f 562 570 563
f 565 497 492
f 567 571 565
f 571 497 565
f 571 498 497
f 498 572 499
f 571 572 498
f 499 573 500
f 572 573 499
f 495 500 568
f 500 574 568
f 500 573 574
f 568 574 569
f 577 576 575
f 502 503 575
f 503 577 575
f 503 578 577
f 579 503 504
f 579 578 503
f 504 506 579
f 579 506 580
f 575 576 509
f 576 508 509
f 576 581 508
f 575 509 502
f 510 580 506
f 510 582 580
f 581 512 508
f 583 512 581
f 510 513 584
f 585 510 584
f 582 510 585
f 514 584 513
f 583 516 512
f 586 516 583
f 585 584 587
f 585 587 588
f 517 587 514
f 514 587 584
f 586 589 516
f 516 589 518
f 519 518 589
f 519 589 590
f 588 587 591
f 588 591 592
f 520 591 517
f 517 591 587
f 590 593 519
f 519 593 521
f 595 594 523
f 521 595 523
f 593 595 521
f 594 595 592
f 594 592 591
f 526 594 591
f 525 526 591
f 525 591 520
f 594 527 523
f 527 594 526
f 598 597 596
f 600 599 596
f 596 599 598
f 602 601 600
f 600 601 599
f 602 603 601
f 604 539 540
f 541 605 540
f 540 605 604
f 542 606 541
f 541 606 605
f 543 607 542
f 542 607 606
f 607 543 608
f 543 609 608
f 543 544 609
f 610 544 545
f 610 609 544
f 546 596 597
f 610 546 597
f 545 546 610
f 596 546 547
f 596 547 600
f 600 547 549
f 611 600 549
f 602 600 611
f 603 602 612
f 612 602 611
f 613 552 604
f 604 552 539
f 614 604 605
f 613 604 614
f 615 605 606
f 614 605 615
f 607 617 616
f 615 607 616
f 606 607 615
f 617 607 608
f 554 618 611
f 554 611 549
f 612 611 619
f 619 611 618
f 620 556 613
f 613 556 552
f 621 613 614
f 620 613 621
f 622 614 615
f 621 614 622
f 615 616 623
f 615 623 622
f 625 624 618
f 554 625 618
f 558 625 554
f 618 624 619
f 620 560 556
f 560 620 561
f 620 626 561
f 620 621 626
f 627 621 622
f 626 621 627
f 622 623 628
f 622 628 627
f 563 625 558
f 563 629 625
f 626 564 561
f 564 626 566
f 566 626 627
f 631 630 567
f 631 567 566
f 628 631 566
f 627 628 566
f 632 630 631
f 634 633 570
f 634 570 569
f 563 570 629
f 629 570 633
f 630 571 567
f 632 635 630
f 635 571 630
f 635 572 571
f 572 636 573
f 635 636 572
f 573 637 574
f 636 637 573
f 569 574 634
f 634 574 637
f 640 639 638
f 642 641 638
f 638 641 640
f 642 643 641
f 646 645 644
f 646 644 639
f 639 644 638
f 644 576 638
f 576 577 638
f 638 577 578
f 638 578 642
f 647 643 642
f 578 647 642
f 579 647 578
f 579 580 647
f 647 580 648
f 644 645 649
f 649 645 650
f 649 581 576
f 649 576 644
f 582 648 580
f 582 651 648
f 650 652 649
f 581 649 652
f 653 581 652
f 583 581 653
f 585 651 582
f 585 654 651
f 653 586 583
f 655 586 653
f 588 654 585
f 588 656 654
f 655 657 586
f 586 657 589
f 590 589 657
f 590 657 658
f 661 660 659
f 660 656 659
f 656 592 659
f 656 588 592
f 658 662 590
f 590 662 593
f 659 595 661
f 595 662 661
f 595 593 662
f 595 659 592
f 665 664 663
f 663 666 665
f 669 668 667
f 669 667 664
f 667 663 664
f 667 670 663
f 666 663 671
f 663 672 671
f 663 670 672
f 672 673 671
f 667 668 598
f 668 597 598
f 668 674 597
f 667 598 599
f 667 599 670
f 670 599 601
f 670 601 672
f 601 603 672
f 603 673 672
f 603 675 673
f 676 608 609
f 676 609 677
f 609 678 677
f 609 610 678
f 610 597 674
f 610 674 678
f 612 675 603
f 612 679 675
f 680 616 617
f 681 680 617
f 681 617 608
f 682 681 608
f 676 682 608
f 682 676 677
f 619 679 612
f 619 683 679
f 684 623 680
f 680 623 616
f 680 681 685
f 680 685 684
f 625 686 624
f 686 687 624
f 687 619 624
f 687 683 619
f 688 628 684
f 684 628 623
f 684 685 689
f 684 689 688
f 691 690 686
f 625 691 686
f 629 691 625
f 686 690 687
f 688 631 628
f 693 692 632
f 693 632 631
f 689 693 631
f 688 689 631
f 695 694 692
f 695 692 693
f 697 696 694
f 697 694 695
f 633 634 696
f 697 633 696
f 698 633 697
f 629 633 691
f 691 633 698
f 692 635 632
f 635 692 636
f 636 692 694
f 636 694 637
f 637 694 696
f 637 696 634
f 701 700 699
f 639 640 699
f 640 701 699
f 640 702 701
f 703 640 641
f 703 702 640
f 641 643 703
f 703 643 704
f 699 700 646
f 700 645 646
f 700 705 645
f 699 646 639
f 643 647 706
f 707 643 706
f 704 643 707
f 648 706 647
f 705 650 645
f 708 650 705
f 709 707 706
f 706 648 709
f 648 710 709
f 648 651 710
f 652 650 711
f 650 712 711
f 650 708 712
f 711 653 652
f 654 710 651
f 654 713 710
f 712 714 711
f 653 711 714
f 715 653 714
f 655 653 715
f 718 717 716
f 717 713 716
f 713 656 716
f 713 654 656
f 715 719 655
f 655 719 657
f 721 720 658
f 657 721 658
f 719 721 657
f 720 721 718
f 720 718 716
f 661 720 716
f 660 661 716
f 660 716 656
f 720 662 658
f 662 720 661
f 724 723 722
f 664 665 722
f 665 724 722
f 665 725 724
f 727 726 666
f 726 665 666
f 726 725 665
f 727 728 726
f 722 723 669
f 723 668 669
f 723 729 668
f 722 669 664
f 671 727 666
f 671 673 727
f 673 728 727
f 673 730 728
f 729 674 668
f 731 674 729
f 675 730 673
f 675 732 730
f 733 677 678
f 734 733 678
f 674 734 678
f 731 734 674
f 679 732 675
f 679 735 732
f 736 681 682
f 677 733 682
f 733 736 682
f 733 737 736
f 733 734 738
f 733 738 737
f 683 735 679
f 683 739 735
f 740 685 736
f 736 685 681
f 741 736 737
f 740 736 741
f 737 738 742
f 737 742 741
f 687 739 683
f 687 743 739
f 744 689 740
f 740 689 685
f 745 740 741
f 744 740 745
f 741 742 746
f 741 746 745
f 748 747 690
f 748 690 691
f 687 690 743
f 743 690 747
f 744 693 689
f 693 744 695
f 695 744 745
f 746 749 745
f 749 695 745
f 749 697 695
f 697 750 698
f 749 750 697
f 691 698 748
f 748 698 750
f 753 752 751
f 755 754 751
f 751 754 753
f 755 756 754
f 751 752 701
f 752 700 701
f 752 757 700
f 751 701 702
f 751 702 755
f 758 756 755
f 702 758 755
f 703 758 702
f 703 704 758
f 758 704 759
f 757 705 700
f 760 705 757
f 707 759 704
f 707 761 759
f 760 708 705
f 762 708 760
f 707 709 763
f 764 707 763
f 761 707 764
f 710 763 709
f 762 712 708
f 765 712 762
f 764 763 766
f 764 766 767
f 713 766 710
f 710 766 763
f 765 768 712
f 712 768 714
f 715 714 768
f 715 768 769
f 767 766 717
f 718 767 717
f 770 767 718
f 717 766 713
f 769 771 715
f 715 771 719
f 719 772 721
f 771 772 719
f 718 721 770
f 770 721 772
f 775 774 773
f 777 776 773
f 773 776 775
f 777 778 776
f 780 779 724
f 724 779 723
f 725 773 774
f 780 725 774
f 724 725 780
f 773 725 726
f 773 726 777
f 726 728 777
f 728 778 777
f 728 781 778
f 779 729 723
f 782 729 779
f 730 781 728
f 730 783 781
f 782 731 729
f 784 731 782
f 732 783 730
f 732 785 783
f 784 734 731
f 786 734 784
f 735 785 732
f 735 787 785
f 786 738 734
f 788 738 786
f 739 787 735
f 739 789 787
f 791 742 790
f 742 788 790
f 742 738 788
f 792 791 790
f 795 794 793
f 794 789 793
f 789 743 793
f 789 739 743
f 796 746 791
f 791 746 742
f 791 792 797
f 798 791 797
f 796 791 798
f 798 797 795
f 798 795 793
f 748 798 793
f 747 748 793
f 747 793 743
f 796 749 746
f 749 796 750
f 750 796 798
f 750 798 748
f 800 799 753
f 753 799 752
f 801 753 754
f 801 800 753
f 754 756 801
f 801 756 802
f 805 804 803
f 799 805 803
f 757 799 803
f 752 799 757
f 756 758 806
f 807 756 806
f 802 756 807
f 759 806 758
f 803 804 808
f 808 804 809
f 808 760 757
f 808 757 803
f 810 807 806
f 806 759 810
f 759 811 810
f 759 761 811
f 808 809 812
f 812 809 813
f 812 762 760
f 812 760 808
f 764 811 761
f 764 814 811
f 813 815 812
f 762 812 815
f 816 762 815
f 765 762 816
f 767 814 764
f 767 817 814
f 816 818 765
f 765 818 768
f 820 819 769
f 768 820 769
f 818 820 768
f 822 821 819
f 822 819 820
f 822 817 821
f 817 770 821
f 817 767 770
f 819 771 769
f 771 819 772
f 772 819 821
f 772 821 770
f 824 823 775
f 775 823 774
f 825 775 776
f 825 824 775
f 827 826 778
f 826 776 778
f 826 825 776
f 827 828 826
f 830 829 780
f 780 829 779
f 780 774 823
f 780 823 830
f 781 831 827
f 781 827 778
f 828 827 832
f 832 827 831
f 829 782 779
f 833 782 829
f 783 834 831
f 783 831 781
f 832 831 835
f 835 831 834
f 833 784 782
f 836 784 833
f 785 837 834
f 785 834 783
f 835 834 838
f 838 834 837
f 836 786 784
f 839 786 836
f 841 840 837
f 785 841 837
f 787 841 785
f 837 840 838
f 843 788 842
f 788 839 842
f 788 786 839
f 845 844 843
f 845 843 842
f 847 846 844
f 847 844 845
f 847 841 846
f 841 789 846
f 841 787 789
f 843 790 788
f 790 843 792
f 843 848 792
f 843 844 848
f 795 848 794
f 848 846 794
f 848 844 846
f 794 846 789
f 848 797 792
f 797 848 795
f 851 850 849
f 799 800 849
f 800 851 849
f 800 852 851
f 853 800 801
f 853 852 800
f 801 802 853
f 853 802 854
f 849 850 805
f 850 804 805
f 850 855 804
f 849 805 799
f 807 854 802
f 807 856 854
f 855 809 804
f 857 809 855
f 807 810 858
f 859 807 858
f 856 807 859
f 811 858 810
f 857 813 809
f 860 813 857
f 859 858 861
f 859 861 862
f 814 861 811
f 811 861 858
f 860 863 813
f 813 863 815
f 816 815 863
f 816 863 864
f 862 861 865
f 862 865 866
f 817 865 814
f 814 865 861
f 864 867 816
f 816 867 818
f 818 868 820
f 867 868 818
f 865 822 866
f 822 868 866
f 822 820 868
f 822 865 817
f 870 869 824
f 824 869 823
f 871 824 825
f 871 870 824
f 872 825 826
f 872 871 825
f 826 828 872
f 872 828 873
f 874 829 830
f 875 874 830
f 823 875 830
f 869 875 823
f 832 873 828
f 832 876 873
f 877 833 874
f 874 833 829
f 874 875 878
f 874 878 877
f 835 876 832
f 835 879 876
f 880 836 877
f 877 836 833
f 877 878 881
f 877 881 880
f 838 879 835
f 838 882 879
f 883 839 880
f 880 839 836
f 880 881 884
f 880 884 883
f 886 885 840
f 886 840 841
f 838 840 882
f 882 840 885
f 883 842 839
f 884 887 883
f 887 842 883
f 887 845 842
f 845 888 847
f 887 888 845
f 841 847 886
f 886 847 888
f 891 890 889
f 893 892 889
f 889 892 891
f 893 894 892
f 889 890 851
f 890 850 851
f 890 895 850
f 889 851 852
f 889 852 893
f 896 894 893
f 852 896 893
f 853 896 852
f 853 854 896
f 896 854 897
f 895 855 850
f 898 855 895
f 856 897 854
f 856 899 897
f 898 857 855
f 900 857 898
f 859 899 856
f 859 901 899
f 900 860 857
f 902 860 900
f 862 901 859
f 862 903 901
f 902 904 860
f 860 904 863
f 906 905 864
f 863 906 864
f 904 906 863
f 908 907 905
f 908 905 906
f 908 903 907
f 903 866 907
f 903 862 866
f 905 867 864
f 867 905 868
f 868 905 907
f 868 907 866
f 910 909 870
f 870 909 869
f 911 870 871
f 911 910 870
f 912 871 872
f 912 911 871
f 914 913 873
f 913 872 873
f 913 912 872
f 914 915 913
f 909 875 869
f 916 875 909
f 876 917 914
f 876 914 873
f 915 914 918
f 918 914 917
f 916 878 875
f 919 878 916
f 879 920 917
f 879 917 876
f 918 917 921
f 921 917 920
f 919 881 878
f 922 881 919
f 882 923 920
f 882 920 879
f 921 920 924
f 924 920 923
f 926 884 925
f 884 922 925
f 884 881 922
f 928 927 926
f 928 926 925
f 885 886 927
f 928 885 927
f 929 885 928
f 882 885 923
f 885 930 923
f 885 929 930
f 923 930 924
f 926 887 884
f 887 926 888
f 888 926 927
f 888 927 886
f 932 931 891
f 891 931 890
f 933 891 892
f 933 932 891
f 892 894 933
f 933 894 934
f 937 936 935
f 931 937 935
f 895 931 935
f 890 931 895
f 938 934 894
f 938 894 896
f 896 897 938
f 938 897 939
f 935 936 940
f 940 936 941
f 940 898 895
f 940 895 935
f 899 939 897
f 899 942 939
f 941 943 940
f 898 940 943
f 944 898 943
f 900 898 944
f 901 942 899
f 901 945 942
f 944 902 900
f 946 902 944
f 949 948 947
f 948 945 947
f 945 903 947
f 945 901 903
f 946 950 902
f 902 950 904
f 904 951 906
f 950 951 904
f 947 908 949
f 908 951 949
f 908 906 951
f 908 947 903
f 952 909 910
f 952 910 953
f 910 954 953
f 910 911 954
f 955 911 912
f 955 954 911
f 956 912 913
f 956 955 912
f 913 915 956
f 956 915 957
f 958 916 952
f 952 916 909
f 952 953 959
f 952 959 958
f 918 961 960
f 957 918 960
f 915 918 957
f 961 962 960
f 963 919 958
f 958 919 916
f 958 959 964
f 958 964 963
f 966 965 961
f 918 966 961
f 921 966 918
f 961 965 962
f 967 922 963
f 963 922 919
f 963 964 968
f 963 968 967
f 924 966 921
f 924 969 966
f 967 925 922
f 968 970 967
f 970 925 967
f 970 928 925
f 928 971 929
f 970 971 928
f 929 972 930
f 971 972 929
f 924 930 969
f 969 930 972
f 975 974 973
f 977 976 973
f 973 976 975
f 977 978 976
f 981 980 979
f 981 979 974
f 974 979 973
f 979 931 973
f 931 932 973
f 973 932 933
f 973 933 977
f 933 934 977
f 934 978 977
f 934 982 978
f 979 980 937
f 980 936 937
f 980 983 936
f 979 937 931
f 934 938 984
f 985 934 984
f 982 934 985
f 939 984 938
f 983 941 936
f 986 941 983
f 985 984 987
f 985 987 988
f 942 987 939
f 939 987 984
f 986 989 941
f 941 989 943
f 944 943 989
f 944 989 990
f 988 987 991
f 988 991 992
f 945 991 942
f 942 991 987
f 994 946 993
f 946 990 993
f 946 944 990
f 995 994 993
f 992 991 948
f 949 992 948
f 996 992 949
f 948 991 945
f 994 950 946
f 995 997 994
f 997 950 994
f 997 951 950
f 949 951 996
f 996 951 997
f 999 998 954
f 954 998 953
f 1000 954 955
f 1000 999 954
f 1001 955 956
f 1001 1000 955
f 1003 1002 957
f 1002 956 957
f 1002 1001 956
f 1003 1004 1002
f 998 959 953
f 1005 959 998
f 960 1003 957
f 960 962 1003
f 962 1004 1003
f 962 1006 1004
f 1005 964 959
f 1007 964 1005
f 966 1008 965
f 1008 1009 965
f 1009 962 965
f 1009 1006 962
f 1007 968 964
f 1010 968 1007
f 969 1011 1008
f 969 1008 966
f 1009 1008 1012
f 1012 1008 1011
f 1010 1013 968
f 968 1013 970
f 970 1014 971
f 1013 1014 970
f 971 1015 972
f 1014 1015 971
f 969 972 1011
f 972 1016 1011
f 972 1015 1016
f 1011 1016 1012
f 1019 1018 1017
f 974 975 1017
f 975 1019 1017
f 975 1020 1019
f 1021 975 976
f 1021 1020 975
f 976 978 1021
f 1021 978 1022
f 1017 1018 981
f 1018 980 981
f 1018 1023 980
f 1017 981 974
f 982 1022 978
f 982 1024 1022
f 1023 983 980
f 1025 983 1023
f 985 1024 982
f 985 1026 1024
f 1025 986 983
f 1027 986 1025
f 988 1026 985
f 988 1028 1026
f 1027 1029 986
f 986 1029 989
f 990 989 1029
f 990 1029 1030
f 992 1028 988
f 992 1031 1028
f 1030 1032 990
f 990 1032 993
f 1034 1033 995
f 993 1034 995
f 1032 1034 993
f 1034 1031 1033
f 1031 996 1033
f 1031 992 996
f 1033 997 995
f 997 1033 996
f 1035 998 999
f 1035 999 1036
f 999 1037 1036
f 999 1000 1037
f 1038 1000 1001
f 1038 1037 1000
f 1039 1001 1002
f 1039 1038 1001
f 1002 1004 1039
f 1039 1004 1040
f 1041 1005 1035
f 1035 1005 998
f 1035 1036 1042
f 1035 1042 1041
f 1006 1044 1043
f 1040 1006 1043
f 1004 1006 1040
f 1044 1045 1043
f 1046 1007 1041
f 1041 1007 1005
f 1041 1042 1047
f 1041 1047 1046
f 1009 1048 1044
f 1009 1044 1006
f 1045 1044 1049
f 1049 1044 1048
f 1050 1010 1046
f 1046 1010 1007
f 1046 1047 1051
f 1046 1051 1050
f 1053 1052 1048
f 1009 1053 1048
f 1012 1053 1009
f 1048 1052 1049
f 1050 1013 1010
f 1051 1054 1050
f 1054 1013 1050
f 1054 1014 1013
f 1014 1055 1015
f 1054 1055 1014
f 1015 1056 1016
f 1055 1056 1015
f 1012 1016 1053
f 1053 1016 1056
f 1059 1058 1057
f 1057 1060 1059
f 1062 1061 1019
f 1019 1061 1018
f 1020 1057 1058
f 1062 1020 1058
f 1019 1020 1062
f 1063 1060 1057
f 1020 1063 1057
f 1021 1063 1020
f 1021 1022 1063
f 1063 1022 1064
f 1061 1023 1018
f 1065 1023 1061
f 1024 1064 1022
f 1024 1066 1064
f 1065 1025 1023
f 1067 1025 1065
f 1026 1066 1024
f 1026 1068 1066
f 1067 1027 1025
f 1069 1027 1067
f 1028 1068 1026
f 1028 1070 1068
f 1069 1071 1027
f 1027 1071 1029
f 1030 1029 1071
f 1030 1071 1072
f 1075 1074 1073
f 1074 1070 1073
f 1070 1031 1073
f 1070 1028 1031
f 1072 1076 1030
f 1030 1076 1032
f 1073 1034 1075
f 1034 1076 1075
f 1034 1032 1076
f 1034 1073 1031
f 1078 1077 1037
f 1037 1077 1036
f 1079 1037 1038
f 1079 1078 1037
f 1080 1038 1039
f 1080 1079 1038
f 1082 1081 1040
f 1081 1039 1040
f 1081 1080 1039
f 1082 1083 1081
f 1077 1042 1036
f 1084 1042 1077
f 1043 1082 1040
f 1043 1045 1082
f 1045 1083 1082
f 1045 1085 1083
f 1084 1047 1042
f 1086 1047 1084
f 1049 1085 1045
f 1049 1087 1085
f 1086 1051 1047
f 1088 1051 1086
f 1053 1089 1052
f 1089 1090 1052
f 1090 1049 1052
f 1090 1087 1049
f 1088 1091 1051
f 1051 1091 1054
f 1054 1092 1055
f 1091 1092 1054
f 1055 1093 1056
f 1092 1093 1055
f 1053 1056 1089
f 1056 1094 1089
f 1056 1093 1094
f 1089 1094 1090
f 1097 1096 1095
f 1058 1059 1095
f 1059 1097 1095
f 1059 1098 1097
f 1100 1099 1060
f 1099 1059 1060
f 1099 1098 1059
f 1100 1101 1099
f 1095 1096 1062
f 1096 1061 1062
f 1096 1102 1061
f 1095 1062 1058
f 1063 1100 1060
f 1063 1064 1100
f 1064 1101 1100
f 1064 1103 1101
f 1102 1065 1061
f 1104 1065 1102
f 1066 1103 1064
f 1066 1105 1103
f 1104 1067 1065
f 1106 1067 1104
f 1068 1105 1066
f 1068 1107 1105
f 1106 1069 1067
f 1108 1069 1106
f 1070 1107 1068
f 1070 1109 1107
f 1108 1110 1069
f 1069 1110 1071
f 1112 1111 1072
f 1071 1112 1072
f 1110 1112 1071
f 1074 1075 1111
f 1112 1074 1111
f 1113 1074 1112
f 1070 1074 1109
f 1109 1074 1113
f 1111 1076 1072
f 1076 1111 1075
f 1116 1115 1114
f 1114 1117 1116
f 1118 1077 1078
f 1118 1078 1119
f 1078 1120 1119
f 1078 1079 1120
f 1080 1114 1115
f 1120 1080 1115
f 1079 1080 1120
f 1121 1117 1114
f 1080 1121 1114
f 1081 1121 1080
f 1081 1083 1121
f 1121 1083 1122
f 1123 1084 1118
f 1118 1084 1077
f 1118 1119 1124
f 1118 1124 1123
f 1085 1122 1083
f 1085 1125 1122
f 1126 1086 1123
f 1123 1086 1084
f 1123 1124 1127
f 1123 1127 1126
f 1087 1125 1085
f 1087 1128 1125
f 1129 1088 1126
f 1126 1088 1086
f 1126 1127 1130
f 1126 1130 1129
f 1090 1128 1087
f 1090 1131 1128
f 1129 1091 1088
f 1130 1132 1129
f 1132 1091 1129
f 1132 1092 1091
f 1092 1133 1093
f 1132 1133 1092
f 1093 1134 1094
f 1133 1134 1093
f 1090 1094 1131
f 1131 1094 1134
f 1137 1136 1135
f 1139 1138 1135
f 1135 1138 1137
f 1139 1140 1138
f 1135 1136 1097
f 1136 1096 1097
f 1136 1141 1096
f 1135 1097 1098
f 1135 1098 1139
f 1142 1140 1139
f 1098 1142 1139
f 1099 1142 1098
f 1099 1101 1142
f 1142 1101 1143
f 1141 1102 1096
f 1144 1102 1141
f 1103 1143 1101
f 1103 1145 1143
f 1144 1104 1102
f 1146 1104 1144
f 1105 1145 1103
f 1105 1147 1145
f 1146 1106 1104
f 1148 1106 1146
f 1107 1147 1105
f 1107 1149 1147
f 1151 1108 1150
f 1108 1148 1150
f 1108 1106 1148
f 1152 1151 1150
f 1155 1154 1153
f 1154 1149 1153
f 1149 1109 1153
f 1149 1107 1109
f 1151 1110 1108
f 1152 1156 1151
f 1156 1110 1151
f 1156 1112 1110
f 1153 1113 1155
f 1113 1156 1155
f 1113 1112 1156
f 1113 1153 1109
f 1158 1157 1116
f 1116 1157 1115
f 1160 1159 1117
f 1159 1116 1117
f 1159 1158 1116
f 1160 1161 1159
f 1163 1162 1120
f 1120 1162 1119
f 1120 1115 1157
f 1120 1157 1163
f 1121 1160 1117
f 1165 1164 1122
f 1122 1164 1121
f 1164 1161 1121
f 1161 1160 1121
f 1165 1166 1164
f 1162 1124 1119
f 1167 1124 1162
f 1125 1168 1165
f 1125 1165 1122
f 1166 1165 1169
f 1169 1165 1168
f 1167 1127 1124
f 1170 1127 1167
f 1128 1171 1168
f 1128 1168 1125
f 1169 1168 1172
f 1172 1168 1171
f 1174 1130 1173
f 1130 1170 1173
f 1130 1127 1170
f 1175 1174 1173
f 1177 1176 1171
f 1128 1177 1171
f 1131 1177 1128
f 1171 1176 1172
f 1174 1132 1130
f 1175 1178 1174
f 1178 1132 1174
f 1178 1133 1132
f 1133 1179 1134
f 1178 1179 1133
f 1131 1134 1177
f 1177 1134 1179
f 1182 1181 1180
f 1180 1183 1182
f 1180 1181 1184
f 1184 1181 1185
f 1183 1180 1186
f 1180 1187 1186
f 1180 1184 1187
f 1187 1188 1186
f 1184 1185 1137
f 1185 1136 1137
f 1185 1189 1136
f 1184 1137 1138
f 1184 1138 1187
f 1191 1190 1140
f 1140 1190 1138
f 1190 1188 1138
f 1188 1187 1138
f 1191 1192 1190
f 1189 1141 1136
f 1193 1141 1189
f 1142 1191 1140
f 1142 1143 1191
f 1143 1192 1191
f 1143 1194 1192
f 1193 1144 1141
f 1195 1144 1193
f 1145 1194 1143
f 1145 1196 1194
f 1195 1146 1144
f 1197 1146 1195
f 1147 1196 1145
f 1147 1198 1196
f 1197 1148 1146
f 1199 1148 1197
f 1149 1198 1147
f 1149 1200 1198
f 1199 1201 1148
f 1148 1201 1150
f 1203 1202 1152
f 1150 1203 1152
f 1201 1203 1150
f 1154 1155 1202
f 1203 1154 1202
f 1204 1154 1203
f 1149 1154 1200
f 1200 1154 1204
f 1202 1156 1152
f 1156 1202 1155
f 1205 1157 1158
f 1205 1158 1206
f 1158 1207 1206
f 1158 1159 1207
f 1209 1208 1161
f 1208 1159 1161
f 1208 1207 1159
f 1209 1210 1208
f 1211 1162 1163
f 1212 1211 1163
f 1212 1163 1157
f 1213 1212 1157
f 1205 1213 1157
f 1213 1205 1206
f 1164 1209 1161
f 1164 1166 1209
f 1166 1210 1209
f 1166 1214 1210
f 1215 1167 1211
f 1211 1167 1162
f 1211 1212 1216
f 1211 1216 1215
f 1169 1214 1166
f 1169 1217 1214
f 1218 1170 1215
f 1215 1170 1167
f 1215 1216 1219
f 1215 1219 1218
f 1172 1217 1169
f 1172 1220 1217
f 1218 1173 1170
f 1175 1173 1218
f 1219 1175 1218
f 1221 1175 1219
f 1177 1222 1176
f 1222 1223 1176
f 1223 1172 1176
f 1223 1220 1172
f 1221 1224 1175
f 1175 1224 1178
f 1178 1225 1179
f 1224 1225 1178
f 1177 1179 1222
f 1179 1226 1222
f 1179 1225 1226
f 1222 1226 1223
f 1229 1228 1227
f 1227 1230 1229
f 1227 1228 1231
f 1231 1228 1232
f 1230 1227 1233
f 1227 1234 1233
f 1227 1231 1234
f 1234 1235 1233
f 1231 1232 1236
f 1236 1232 1237
f 1231 1238 1234
f 1231 1236 1238
f 1235 1234 1239
f 1239 1234 1238
f 1236 1237 1240
f 1240 1237 1241
f 1240 1181 1182
f 1238 1240 1182
f 1236 1240 1238
f 1243 1242 1183
f 1183 1242 1182
f 1242 1239 1182
f 1239 1238 1182
f 1243 1244 1242
f 1240 1241 1245
f 1245 1241 1246
f 1245 1185 1181
f 1245 1181 1240
f 1186 1243 1183
f 1186 1188 1243
f 1188 1244 1243
f 1188 1247 1244
f 1245 1246 1248
f 1248 1246 1249
f 1248 1189 1185
f 1248 1185 1245
f 1250 1247 1188
f 1250 1188 1190
f 1190 1192 1250
f 1250 1192 1251
f 1249 1252 1248
f 1189 1248 1252
f 1253 1189 1252
f 1193 1189 1253
f 1194 1251 1192
f 1194 1254 1251
f 1253 1195 1193
f 1255 1195 1253
f 1196 1254 1194
f 1196 1256 1254
f 1255 1197 1195
f 1257 1197 1255
f 1198 1256 1196
f 1198 1258 1256
f 1260 1199 1259
f 1199 1257 1259
f 1199 1197 1257
f 1261 1260 1259
f 1264 1263 1262
f 1263 1258 1262
f 1258 1200 1262
f 1258 1198 1200
f 1260 1201 1199
f 1261 1265 1260
f 1265 1201 1260
f 1265 1203 1201
f 1262 1204 1264
f 1204 1265 1264
f 1204 1203 1265
f 1204 1262 1200
f 1267 1266 1207
f 1207 1266 1206
f 1268 1207 1208
f 1268 1267 1207
f 1208 1210 1268
f 1268 1210 1269
f 1271 1270 1213
f 1213 1270 1212
f 1213 1206 1266
f 1213 1266 1271
f 1214 1269 1210
f 1214 1272 1269
f 1270 1216 1212
f 1273 1216 1270
f 1217 1272 1214
f 1217 1274 1272
f 1273 1219 1216
f 1275 1219 1273
f 1220 1274 1217
f 1220 1276 1274
f 1278 1221 1277
f 1221 1275 1277
f 1221 1219 1275
f 1279 1278 1277
f 1223 1276 1220
f 1223 1280 1276
f 1278 1224 1221
f 1279 1281 1278
f 1281 1224 1278
f 1281 1225 1224
f 1225 1282 1226
f 1281 1282 1225
f 1223 1226 1280
f 1280 1226 1282
f 1285 1284 1283
f 1287 1286 1283
f 1283 1286 1285
f 1287 1288 1286
f 1283 1284 1289
f 1289 1284 1290
f 1283 1291 1287
f 1283 1289 1291
f 1288 1287 1292
f 1292 1287 1291
f 1289 1290 1293
f 1293 1290 1294
f 1293 1228 1229
f 1291 1293 1229
f 1289 1293 1291
f 1296 1295 1230
f 1230 1295 1229
f 1295 1292 1229
f 1292 1291 1229
f 1296 1297 1295
f 1293 1294 1298
f 1298 1294 1299
f 1298 1232 1228
f 1298 1228 1293
f 1233 1296 1230
f 1233 1235 1296
f 1235 1297 1296
f 1235 1300 1297
f 1298 1299 1301
f 1301 1299 1302
f 1301 1237 1232
f 1301 1232 1298
f 1239 1304 1303
f 1300 1239 1303
f 1235 1239 1300
f 1304 1305 1303
f 1302 1306 1301
f 1237 1301 1306
f 1307 1237 1306
f 1241 1237 1307
f 1242 1304 1239
f 1242 1244 1304
f 1244 1305 1304
f 1244 1308 1305
f 1307 1246 1241
f 1309 1246 1307
f 1247 1308 1244
f 1247 1310 1308
f 1309 1249 1246
f 1311 1249 1309
f 1312 1310 1247
f 1312 1247 1250
f 1250 1251 1312
f 1312 1251 1313
f 1311 1314 1249
f 1249 1314 1252
f 1253 1252 1314
f 1253 1314 1315
f 1254 1313 1251
f 1254 1316 1313
f 1315 1255 1253
f 1317 1255 1315
f 1256 1316 1254
f 1256 1318 1316
f 1317 1257 1255
f 1319 1257 1317
f 1322 1321 1320
f 1321 1318 1320
f 1318 1258 1320
f 1318 1256 1258
f 1319 1323 1257
f 1257 1323 1259
f 1325 1324 1261
f 1259 1325 1261
f 1323 1325 1259
f 1324 1325 1322
f 1324 1322 1320
f 1264 1324 1320
f 1263 1264 1320
f 1263 1320 1258
f 1324 1265 1261
f 1265 1324 1264
f 1328 1327 1326
f 1330 1329 1326
f 1326 1329 1328
f 1330 1331 1329
f 1326 1327 1267
f 1327 1266 1267
f 1327 1332 1266
f 1326 1267 1268
f 1326 1268 1330
f 1268 1269 1330
f 1269 1331 1330
f 1269 1333 1331
f 1335 1334 1271
f 1271 1334 1270
f 1271 1266 1332
f 1271 1332 1335
f 1272 1333 1269
f 1272 1336 1333
f 1334 1273 1270
f 1337 1273 1334
f 1274 1336 1272
f 1274 1338 1336
f 1337 1275 1273
f 1339 1275 1337
f 1276 1338 1274
f 1276 1340 1338
f 1339 1341 1275
f 1275 1341 1277
f 1279 1277 1341
f 1279 1341 1342
f 1345 1344 1343
f 1344 1340 1343
f 1340 1280 1343
f 1340 1276 1280
f 1342 1346 1279
f 1279 1346 1281
f 1343 1282 1345
f 1282 1346 1345
f 1282 1281 1346
f 1282 1343 1280
f 1349 1348 1347
f 1351 1350 1347
f 1347 1350 1349
f 1351 1352 1350
f 1347 1348 1285
f 1348 1284 1285
f 1348 1353 1284
f 1347 1285 1286
f 1347 1286 1351
f 1286 1288 1351
f 1288 1352 1351
f 1288 1354 1352
f 1353 1290 1284
f 1355 1290 1353
f 1292 1357 1356
f 1354 1292 1356
f 1288 1292 1354
f 1357 1358 1356
f 1355 1294 1290
f 1359 1294 1355
f 1295 1357 1292
f 1295 1297 1357
f 1297 1358 1357
f 1297 1360 1358
f 1359 1299 1294
f 1361 1299 1359
f 1300 1360 1297
f 1300 1362 1360
f 1361 1302 1299
f 1363 1302 1361
f 1364 1362 1300
f 1364 1300 1303
f 1303 1305 1364
f 1364 1305 1365
f 1363 1366 1302
f 1302 1366 1306
f 1307 1306 1366
f 1307 1366 1367
f 1308 1365 1305
f 1308 1368 1365
f 1367 1309 1307
f 1369 1309 1367
f 1310 1368 1308
f 1310 1370 1368
f 1369 1311 1309
f 1371 1311 1369
f 1310 1312 1372
f 1373 1310 1372
f 1370 1310 1373
f 1313 1372 1312
f 1371 1374 1311
f 1311 1374 1314
f 1315 1314 1374
f 1315 1374 1375
f 1373 1372 1376
f 1373 1376 1377
f 1316 1376 1313
f 1313 1376 1372
f 1375 1317 1315
f 1378 1317 1375
f 1377 1376 1379
f 1377 1379 1380
f 1318 1379 1316
f 1316 1379 1376
f 1382 1319 1381
f 1319 1378 1381
f 1319 1317 1378
f 1384 1383 1382
f 1384 1382 1381
f 1383 1384 1380
f 1383 1380 1379
f 1322 1383 1379
f 1321 1322 1379
f 1321 1379 1318
f 1382 1323 1319
f 1323 1382 1325
f 1325 1382 1383
f 1325 1383 1322
f 1387 1386 1385
f 1385 1388 1387
f 1391 1390 1389
f 1391 1389 1386
f 1389 1385 1386
f 1389 1392 1385
f 1388 1385 1393
f 1393 1385 1392
f 1389 1390 1328
f 1390 1327 1328
f 1390 1394 1327
f 1389 1328 1329
f 1389 1329 1392
f 1396 1395 1331
f 1331 1395 1329
f 1395 1393 1329
f 1393 1392 1329
f 1396 1397 1395
f 1394 1332 1327
f 1398 1332 1394
f 1333 1399 1396
f 1333 1396 1331
f 1397 1396 1400
f 1400 1396 1399
f 1401 1334 1335
f 1402 1401 1335
f 1332 1402 1335
f 1398 1402 1332
f 1336 1403 1399
f 1336 1399 1333
f 1400 1399 1404
f 1404 1399 1403
f 1405 1337 1401
f 1401 1337 1334
f 1401 1402 1406
f 1401 1406 1405
f 1408 1407 1403
f 1336 1408 1403
f 1338 1408 1336
f 1403 1407 1404
f 1409 1339 1405
f 1405 1339 1337
f 1405 1406 1410
f 1405 1410 1409
f 1340 1408 1338
f 1340 1411 1408
f 1409 1341 1339
f 1413 1412 1342
f 1413 1342 1341
f 1410 1413 1341
f 1409 1410 1341
f 1344 1345 1412
f 1413 1344 1412
f 1414 1344 1413
f 1340 1344 1411
f 1411 1344 1414
f 1412 1346 1342
f 1346 1412 1345
f 1416 1415 1349
f 1349 1415 1348
f 1417 1349 1350
f 1417 1416 1349
f 1350 1352 1417
f 1417 1352 1418
f 1415 1353 1348
f 1419 1353 1415
f 1354 1421 1420
f 1418 1354 1420
f 1352 1354 1418
f 1421 1422 1420
f 1419 1355 1353
f 1423 1355 1419
f 1356 1421 1354
f 1356 1358 1421
f 1358 1422 1421
f 1358 1424 1422
f 1423 1359 1355
f 1425 1359 1423
f 1360 1424 1358
f 1360 1426 1424
f 1425 1361 1359
f 1427 1361 1425
f 1362 1426 1360
f 1362 1428 1426
f 1427 1363 1361
f 1429 1363 1427
f 1362 1364 1430
f 1431 1362 1430
f 1428 1362 1431
f 1365 1430 1364
f 1429 1432 1363
f 1363 1432 1366
f 1367 1366 1432
f 1367 1432 1433
f 1434 1431 1430
f 1430 1365 1434
f 1365 1435 1434
f 1365 1368 1435
f 1433 1369 1367
f 1436 1369 1433
f 1370 1435 1368
f 1370 1437 1435
f 1439 1371 1438
f 1371 1436 1438
f 1371 1369 1436
f 1440 1439 1438
f 1373 1437 1370
f 1373 1441 1437
f 1439 1374 1371
f 1443 1442 1375
f 1443 1375 1374
f 1440 1443 1374
f 1439 1440 1374
f 1445 1444 1442
f 1445 1442 1443
f 1445 1441 1444
f 1441 1377 1444
f 1441 1373 1377
f 1446 1378 1442
f 1442 1378 1375
f 1447 1442 1444
f 1446 1442 1447
f 1380 1447 1377
f 1377 1447 1444
f 1446 1381 1378
f 1381 1446 1384
f 1384 1446 1447
f 1384 1447 1380
f 1450 1449 1448
f 1452 1451 1448
f 1448 1451 1450
f 1452 1453 1451
f 1456 1455 1454
f 1456 1454 1449
f 1449 1454 1448
f 1454 1386 1448
f 1386 1387 1448
f 1448 1387 1388
f 1457 1448 1388
f 1452 1448 1457
f 1453 1452 1458
f 1458 1452 1457
f 1454 1455 1391
f 1455 1390 1391
f 1455 1459 1390
f 1454 1391 1386
f 1393 1460 1457
f 1393 1457 1388
f 1458 1457 1461
f 1461 1457 1460
f 1459 1394 1390
f 1462 1394 1459
f 1395 1460 1393
f 1395 1397 1460
f 1397 1461 1460
f 1397 1463 1461
f 1462 1398 1394
f 1464 1398 1462
f 1400 1463 1397
f 1400 1465 1463
f 1464 1402 1398
f 1466 1402 1464
f 1469 1468 1467
f 1468 1465 1467
f 1465 1404 1467
f 1465 1400 1404
f 1466 1406 1402
f 1470 1406 1466
f 1469 1467 1407
f 1408 1469 1407
f 1471 1469 1408
f 1407 1467 1404
f 1473 1410 1472
f 1410 1470 1472
f 1410 1406 1470
f 1475 1474 1473
f 1475 1473 1472
f 1475 1471 1474
f 1471 1411 1474
f 1471 1408 1411
f 1473 1413 1410
f 1413 1473 1414
f 1414 1473 1474
f 1414 1474 1411
f 1476 1415 1416
f 1417 1477 1416
f 1416 1477 1476
f 1418 1477 1417
f 1479 1478 1476
f 1478 1415 1476
f 1478 1419 1415
f 1479 1476 1477
f 1479 1477 1480
f 1480 1477 1418
f 1420 1480 1418
f 1481 1480 1420
f 1420 1422 1481
f 1481 1422 1482
f 1478 1423 1419
f 1483 1423 1478
f 1424 1482 1422
f 1424 1484 1482
f 1483 1425 1423
f 1485 1425 1483
f 1426 1484 1424
f 1426 1486 1484
f 1485 1427 1425
f 1487 1427 1485
f 1428 1486 1426
f 1428 1488 1486
f 1490 1429 1489
f 1429 1487 1489
f 1429 1427 1487
f 1491 1490 1489
f 1431 1488 1428
f 1431 1492 1488
f 1490 1432 1429
f 1433 1432 1490
f 1491 1433 1490
f 1493 1433 1491
f 1431 1434 1494
f 1495 1431 1494
f 1492 1431 1495
f 1435 1494 1434
f 1497 1436 1496
f 1436 1493 1496
f 1436 1433 1493
f 1499 1498 1497
f 1499 1497 1496
f 1498 1499 1495
f 1494 1498 1495
f 1500 1498 1494
f 1437 1500 1435
f 1435 1500 1494
f 1497 1438 1436
f 1438 1497 1440
f 1497 1501 1440
f 1497 1498 1501
f 1502 1498 1500
f 1501 1498 1502
f 1441 1502 1437
f 1437 1502 1500
f 1501 1443 1440
f 1443 1501 1445
f 1445 1501 1502
f 1445 1502 1441
f 1505 1504 1503
f 1507 1506 1503
f 1503 1506 1505
f 1507 1508 1506
f 1503 1504 1450
f 1504 1449 1450
f 1504 1509 1449
f 1503 1450 1451
f 1503 1451 1507
f 1451 1453 1507
f 1453 1508 1507
f 1453 1510 1508
f 1512 1511 1456
f 1456 1511 1455
f 1456 1449 1509
f 1456 1509 1512
f 1458 1510 1453
f 1458 1513 1510
f 1511 1459 1455
f 1514 1459 1511
f 1461 1513 1458
f 1461 1515 1513
f 1514 1462 1459
f 1516 1462 1514
f 1463 1515 1461
f 1463 1517 1515
f 1516 1464 1462
f 1518 1464 1516
f 1465 1517 1463
f 1465 1519 1517
f 1518 1466 1464
f 1520 1466 1518
f 1522 1521 1468
f 1522 1468 1469
f 1465 1468 1519
f 1519 1468 1521
f 1524 1470 1523
f 1470 1520 1523
f 1470 1466 1520
f 1525 1524 1523
f 1471 1522 1469
f 1471 1526 1522
f 1524 1472 1470
f 1525 1527 1524
f 1527 1472 1524
f 1527 1475 1472
f 1471 1475 1526
f 1526 1475 1527
f 1529 1528 1479
f 1479 1528 1478
f 1530 1479 1480
f 1530 1529 1479
f 1532 1530 1531
f 1530 1481 1531
f 1530 1480 1481
f 1482 1531 1481
f 1528 1483 1478
f 1533 1483 1528
f 1532 1531 1534
f 1532 1534 1535
f 1484 1534 1482
f 1482 1534 1531
f 1533 1485 1483
f 1536 1485 1533
f 1535 1534 1537
f 1535 1537 1538
f 1486 1537 1484
f 1484 1537 1534
f 1540 1487 1539
f 1487 1536 1539
f 1487 1485 1536
f 1542 1541 1540
f 1542 1540 1539
f 1541 1542 1538
f 1537 1541 1538
f 1543 1541 1537
f 1488 1543 1486
f 1486 1543 1537
f 1540 1489 1487
f 1489 1540 1491
f 1540 1544 1491
f 1540 1541 1544
f 1545 1541 1543
f 1544 1541 1545
f 1492 1545 1488
f 1488 1545 1543
f 1546 1493 1544
f 1544 1493 1491
f 1547 1544 1545
f 1546 1544 1547
f 1495 1547 1492
f 1492 1547 1545
f 1546 1496 1493
f 1496 1546 1499
f 1499 1546 1547
f 1499 1547 1495
f 1550 1549 1548
f 1552 1551 1548
f 1548 1551 1550
f 1552 1553 1551
f 1556 1555 1554
f 1556 1554 1549
f 1554 1548 1549
f 1554 1557 1548
f 1548 1558 1552
f 1548 1557 1558
f 1553 1552 1559
f 1559 1552 1558
f 1554 1555 1505
f 1555 1504 1505
f 1555 1560 1504
f 1554 1505 1506
f 1554 1506 1557
f 1557 1506 1508
f 1561 1557 1508
f 1558 1557 1561
f 1559 1558 1562
f 1562 1558 1561
f 1565 1564 1563
f 1560 1565 1563
f 1509 1560 1563
f 1504 1560 1509
f 1510 1566 1561
f 1510 1561 1508
f 1562 1561 1567
f 1567 1561 1566
f 1563 1564 1512
f 1564 1511 1512
f 1564 1568 1511
f 1563 1512 1509
f 1513 1569 1566
f 1513 1566 1510
f 1567 1566 1570
f 1570 1566 1569
f 1568 1514 1511
f 1571 1514 1568
f 1573 1572 1569
f 1513 1573 1569
f 1515 1573 1513
f 1569 1572 1570
f 1571 1516 1514
f 1574 1516 1571
f 1517 1573 1515
f 1517 1575 1573
f 1574 1518 1516
f 1576 1518 1574
f 1519 1575 1517
f 1519 1577 1575
f 1579 1520 1578
f 1520 1576 1578
f 1520 1518 1576
f 1581 1580 1579
f 1581 1579 1578
f 1521 1522 1580
f 1581 1521 1580
f 1582 1521 1581
f 1519 1521 1577
f 1577 1521 1582
f 1579 1523 1520
f 1523 1579 1525
f 1579 1583 1525
f 1579 1580 1583
f 1526 1583 1522
f 1522 1583 1580
f 1583 1527 1525
f 1527 1583 1526
f 1584 1528 1529
f 1530 1585 1529
f 1529 1585 1584
f 1532 1585 1530
f 1586 1533 1584
f 1584 1533 1528
f 1587 1584 1585
f 1586 1584 1587
f 1535 1587 1532
f 1532 1587 1585
f 1588 1536 1586
f 1586 1536 1533
f 1589 1586 1587
f 1588 1586 1589
f 1538 1589 1535
f 1535 1589 1587
f 1588 1539 1536
f 1539 1588 1542
f 1542 1588 1589
f 1542 1589 1538
f 1592 1591 1590
f 1594 1593 1590
f 1590 1593 1592
f 1594 1595 1593
f 1598 1597 1596
f 1598 1596 1591
f 1596 1590 1591
f 1596 1599 1590
f 1590 1600 1594
f 1590 1599 1600
f 1595 1594 1601
f 1601 1594 1600
f 1596 1597 1550
f 1597 1549 1550
f 1597 1602 1549
f 1596 1550 1551
f 1596 1551 1599
f 1599 1551 1553
f 1603 1599 1553
f 1600 1599 1603
f 1601 1600 1604
f 1604 1600 1603
f 1606 1605 1556
f 1556 1605 1555
f 1556 1549 1602
f 1556 1602 1606
f 1559 1607 1603
f 1559 1603 1553
f 1604 1603 1608
f 1608 1603 1607
f 1605 1560 1555
f 1609 1560 1605
f 1611 1610 1607
f 1559 1611 1607
f 1562 1611 1559
f 1607 1610 1608
f 1612 1564 1565
f 1613 1612 1565
f 1560 1613 1565
f 1609 1613 1560
f 1567 1611 1562
f 1567 1614 1611
f 1616 1615 1612
f 1615 1564 1612
f 1615 1568 1564
f 1616 1612 1613
f 1570 1614 1567
f 1570 1617 1614
f 1615 1571 1568
f 1618 1571 1615
f 1620 1619 1572
f 1620 1572 1573
f 1570 1572 1617
f 1617 1572 1619
f 1622 1574 1621
f 1574 1618 1621
f 1574 1571 1618
f 1623 1622 1621
f 1575 1620 1573
f 1575 1624 1620
f 1625 1576 1622
f 1622 1576 1574
f 1622 1623 1626
f 1627 1622 1626
f 1625 1622 1627
f 1629 1628 1627
f 1629 1627 1626
f 1629 1624 1628
f 1624 1577 1628
f 1624 1575 1577
f 1625 1578 1576
f 1578 1625 1581
f 1581 1625 1627
f 1581 1627 1582
f 1582 1627 1628
f 1582 1628 1577
f 1631 1630 1592
f 1592 1630 1591
f 1633 1631 1632
f 1631 1593 1632
f 1631 1592 1593
f 1595 1632 1593
f 1635 1634 1598
f 1598 1634 1597
f 1598 1591 1630
f 1598 1630 1635
f 1636 1633 1632
f 1632 1595 1636
f 1595 1637 1636
f 1595 1601 1637
f 1634 1602 1597
f 1638 1602 1634
f 1604 1637 1601
f 1604 1639 1637
f 1641 1640 1606
f 1606 1640 1605
f 1606 1602 1638
f 1606 1638 1641
f 1608 1639 1604
f 1608 1642 1639
f 1640 1609 1605
f 1643 1609 1640
f 1611 1644 1610
f 1644 1645 1610
f 1645 1608 1610
f 1645 1642 1608
f 1643 1613 1609
f 1646 1613 1643
f 1648 1647 1644
f 1611 1648 1644
f 1614 1648 1611
f 1644 1647 1645
f 1649 1615 1616
f 1650 1649 1616
f 1613 1650 1616
f 1646 1650 1613
f 1617 1648 1614
f 1617 1651 1648
f 1652 1618 1649
f 1649 1618 1615
f 1649 1650 1653
f 1649 1653 1652
f 1655 1654 1619
f 1655 1619 1620
f 1617 1619 1651
f 1651 1619 1654
f 1652 1621 1618
f 1657 1656 1623
f 1657 1623 1621
f 1653 1657 1621
f 1652 1653 1621
f 1659 1658 1656
f 1659 1656 1657
f 1659 1655 1658
f 1655 1624 1658
f 1655 1620 1624
f 1656 1626 1623
f 1626 1656 1629
f 1629 1656 1658
f 1629 1658 1624
f 1660 1630 1631
f 1633 1660 1631
f 1662 1661 1635
f 1635 1661 1634
f 1635 1630 1660
f 1663 1635 1660
f 1662 1635 1663
f 1663 1660 1633
f 1636 1663 1633
f 1664 1663 1636
f 1636 1637 1664
f 1664 1637 1665
f 1661 1638 1634
f 1666 1638 1661
f 1639 1665 1637
f 1639 1667 1665
f 1668 1640 1641
f 1669 1668 1641
f 1638 1669 1641
f 1666 1669 1638
f 1642 1667 1639
f 1642 1670 1667
f 1671 1643 1668
f 1668 1643 1640
f 1668 1669 1672
f 1668 1672 1671
f 1675 1674 1673
f 1674 1670 1673
f 1670 1645 1673
f 1670 1642 1645
f 1676 1646 1671
f 1671 1646 1643
f 1671 1672 1677
f 1671 1677 1676
f 1675 1673 1647
f 1648 1675 1647
f 1678 1675 1648
f 1647 1673 1645
f 1679 1650 1676
f 1676 1650 1646
f 1676 1677 1680
f 1681 1676 1680
f 1679 1676 1681
f 1683 1682 1681
f 1683 1681 1680
f 1683 1678 1682
f 1678 1651 1682
f 1678 1648 1651
f 1684 1653 1679
f 1679 1653 1650
f 1685 1679 1681
f 1684 1679 1685
f 1655 1685 1654
f 1685 1682 1654
f 1685 1681 1682
f 1654 1682 1651
f 1684 1657 1653
f 1657 1684 1659
f 1659 1684 1685
f 1659 1685 1655
f 1687 1686 1662
f 1662 1686 1661
f 1688 1662 1663
f 1688 1687 1662
f 1690 1688 1689
f 1688 1664 1689
f 1688 1663 1664
f 1665 1689 1664
f 1686 1666 1661
f 1691 1666 1686
f 1692 1690 1689
f 1689 1665 1692
f 1665 1693 1692
f 1665 1667 1693
f 1691 1669 1666
f 1694 1669 1691
f 1670 1693 1667
f 1670 1695 1693
f 1694 1672 1669
f 1696 1672 1694
f 1698 1697 1674
f 1698 1674 1675
f 1670 1674 1695
f 1695 1674 1697
f 1700 1677 1699
f 1677 1696 1699
f 1677 1672 1696
f 1702 1701 1700
f 1702 1700 1699
f 1702 1698 1701
f 1698 1678 1701
f 1698 1675 1678
f 1700 1680 1677
f 1680 1700 1683
f 1683 1700 1701
f 1683 1701 1678
f 1703 1686 1687
f 1688 1704 1687
f 1687 1704 1703
f 1690 1704 1688
f 1705 1691 1703
f 1703 1691 1686
f 1704 1707 1706
f 1705 1704 1706
f 1703 1704 1705
f 1707 1704 1690
f 1692 1707 1690
f 1708 1707 1692
f 1692 1693 1708
f 1708 1693 1709
f 1710 1694 1705
f 1705 1694 1691
f 1705 1706 1711
f 1712 1705 1711
f 1710 1705 1712
f 1714 1713 1712
f 1714 1712 1711
f 1714 1709 1713
f 1709 1695 1713
f 1709 1693 1695
f 1715 1696 1710
f 1710 1696 1694
f 1716 1710 1712
f 1715 1710 1716
f 1698 1716 1697
f 1716 1713 1697
f 1716 1712 1713
f 1697 1713 1695
f 1715 1699 1696
f 1699 1715 1702
f 1702 1715 1716
f 1702 1716 1698
f 1717 1706 1707
f 1708 1718 1707
f 1707 1718 1717
f 1709 1718 1708
f 1717 1711 1706
f 1711 1717 1714
f 1714 1717 1718
f 1714 1718 1709
# 3432 faces, 0 coords texture

# End of File