####
#
# OBJ File Generated by VirtualFlyBrain.org
#
####
v 145.31194553 445.004207311 137.371352448 0.99609375
v 145.707363945 445.380386145 138.473155098 0.99609375
v 145.646813756 444.810674224 139.228690877 0.99609375
v 145.752942273 445.225284809 137.525769077 0.99609375
v 145.810433796 445.231336127 138.988475462 0.99609375
v 145.898771635 445.418801857 136.337344018 0.99609375
v 146.038755212 445.564476493 138.770304154 0.99609375
v 145.756135105 445.93181026 136.894196908 0.99609375
v 145.916252116 445.890645954 138.814477977 0.99609375
v 145.692575857 445.80342411 136.792001552 0.99609375
v 145.64872357 445.926203525 138.810235214 0.99609375
v 145.866183239 446.167947576 137.10379013 0.99609375
v 146.030898107 446.055874445 138.923878706 0.99609375
v 145.784691363 446.595402158 138.419020533 0.99609375
v 145.935586936 445.116161976 138.75786323 0.99609375
v 146.430509204 445.336848624 137.624695967 0.99609375
v 146.197678645 445.170252789 139.750568005 0.99609375
v 145.917740871 445.725695648 135.792792601 0.99609375
v 146.038970466 445.382557976 139.768170804 0.99609375
v 146.353580136 445.69243631 134.996746903 0.99609375
v 146.248199595 445.780779493 139.176296764 0.99609375
v 145.956020585 446.265218524 134.816892647 0.99609375
v 146.179242618 445.873003113 139.466319001 0.99609375
v 145.941972419 446.434960341 135.975607627 0.99609375
v 146.405802412 446.065420662 139.532667806 0.99609375
v 146.35341657 446.692041994 136.249747464 0.99609375
v 146.200591071 446.831899627 139.853630334 0.99609375
v 146.064267695 447.035063678 136.943463206 0.99609375
v 146.091062598 446.752798244 139.050395645 0.99609375
v 145.912953873 446.973091283 137.363823451 0.99609375
v 145.996528358 447.402391752 139.330927574 0.99609375
v 146.011102352 447.37466668 137.366000786 0.99609375
v 146.356130489 447.376400251 138.659822532 0.99609375
v 146.643116174 445.09065941 139.380708157 0.99609375
v 146.440261607 444.932705373 139.825185399 0.99609375
v 146.2459399 444.863159394 137.639849342 0.99609375
v 146.694557472 445.353689323 140.320159377 0.99609375
v 146.633837515 445.261680228 135.905771163 0.99609375
v 146.390905858 445.52041 139.777164168 0.99609375
v 146.536413537 445.937924399 135.044286531 0.99609375
v 146.196849402 445.8810767 140.254574885 0.99609375
v 146.260755231 445.927154733 133.680507104 0.99609375
v 146.629393085 445.837580116 140.264676763 0.99609375
v 146.257506148 446.105897382 134.416711531 0.99609375
v 146.716768363 446.475355512 140.029168623 0.99609375
v 146.588788689 446.546210182 134.235613364 0.99609375
v 146.467534611 446.658396812 140.367473385 0.99609375
v 146.351140468 446.943617091 134.536295596 0.99609375
v 146.722505285 447.072240017 139.901639418 0.99609375
v 146.16496211 447.212332876 134.696867862 0.99609375
v 146.359771913 447.35895899 139.903794435 0.99609375
v 146.504642206 447.410244763 135.988304488 0.99609375
v 146.407004618 447.269784679 139.395379873 0.99609375
v 146.539165935 447.611973721 135.551041105 0.99609375
v 146.203998676 447.884100314 139.311583759 0.99609375
v 146.523629214 448.015641824 136.658014851 0.99609375
v 146.60394253 448.168627318 138.691425259 0.99609375
v 146.259477182 448.25643832 137.037163131 0.99609375
v 146.311456756 448.464268807 139.482713614 0.99609375
v 146.19316873 448.849031007 137.423034793 0.99609375
v 146.537216239 448.705531865 138.559639864 0.99609375
v 146.947385329 444.42264992 139.666465519 0.99609375
v 147.02326058 444.982763935 139.271742016 0.99609375
v 146.75429729 444.964952451 139.928091479 0.99609375
v 147.019556778 445.400301813 137.580307003 0.99609375
v 146.991312166 445.156299803 139.876369551 0.99609375
v 146.658792404 445.234661058 136.429726945 0.99609375
v 146.831099884 445.668854749 140.150378328 0.99609375
v 146.495617609 445.468361307 134.675746094 0.99609375
v 146.720286863 446.001109778 140.175753384 0.99609375
v 146.462273192 445.879264131 133.259301267 0.99609375
v 146.999460821 446.23555517 140.03374352 0.99609375
v 146.695725094 446.412228841 133.976508227 0.99609375
v 146.923266954 446.089815216 140.711471083 0.99609375
v 146.573028684 446.45675744 133.728902395 0.99609375
v 146.843954314 446.454817653 140.568412549 0.99609375
v 146.905180717 447.158910038 133.52231793 0.99609375
v 146.510923244 447.063700239 139.908438274 0.99609375
v 146.656789564 446.925089481 134.246815866 0.99609375
v 146.50029825 446.95248429 139.658724949 0.99609375
v 146.550414419 447.542140956 135.335423433 0.99609375
v 146.616184368 447.752361795 140.464738505 0.99609375
v 146.829801957 447.868740706 135.369597423 0.99609375
v 146.933126823 447.60396631 139.982198334 0.99609375
v 146.974313614 448.28033456 135.260875357 0.99609375
v 147.013206735 448.205597513 139.812616595 0.99609375
v 146.457781358 448.457102203 135.085460085 0.99609375
v 146.461730388 448.321133311 139.798351707 0.99609375
v 146.977624214 448.618899822 135.82932083 0.99609375
v 146.518513318 448.591760732 139.192426315 0.99609375
v 146.600997166 449.089670514 136.416486432 0.99609375
v 146.770036142 448.941172047 139.229263652 0.99609375
v 146.627573069 449.238255856 136.157091002 0.99609375
v 146.757874804 448.952702238 138.664392699 0.99609375
v 146.681799289 449.312026957 136.216098044 0.99609375
v 146.695399266 449.458431087 138.844633607 0.99609375
v 146.825259432 449.938921127 137.176811487 0.99609375
v 146.892924756 449.790193053 138.482189269 0.99609375
v 147.015228106 444.616499978 139.564294582 0.99609375
v 146.967778498 444.760679175 139.272489178 0.99609375
v 147.071975638 444.934409938 140.999382745 0.99609375
v 146.817726816 444.912224194 137.250705263 0.99609375
v 146.750685231 444.946488085 140.673254533 0.99609375
v 146.845133385 445.530706333 135.782812205 0.99609375
v 147.306103235 445.333985602 140.03435256 0.99609375
v 147.162664141 445.566825719 134.991498848 0.99609375
v 146.866345845 445.622114503 140.101157265 0.99609375
v 146.768584165 446.097556248 133.564914959 0.99609375
v 147.30507997 445.942913357 140.792510769 0.99609375
v 147.277480648 446.427917081 133.18908275 0.99609375
v 146.787753953 446.503758119 140.783423507 0.99609375
v 146.901637419 446.465063891 132.987944638 0.99609375
v 147.151665676 446.803352812 144.668519654 0.99609375
v 147.240137946 447.100675063 133.845898926 0.99609375
v 146.935647412 447.127790136 144.334266947 0.99609375
v 146.846312227 446.944635629 133.719399269 0.99609375
v 147.068130662 446.956825744 144.762453266 0.99609375
v 146.963880155 447.693129222 133.853635709 0.99609375
v 147.040851785 447.619488524 144.318251692 0.99609375
v 147.309605243 447.907528455 133.981421699 0.99609375
v 146.758451017 447.806848867 140.557759684 0.99609375
v 147.159567588 447.902481676 134.946295424 0.99609375
v 146.916564023 448.196804322 140.717491198 0.99609375
v 147.292669355 448.066388531 135.371303824 0.99609375
v 147.075586066 448.129824544 140.995447782 0.99609375
v 146.987311256 448.545577474 134.767828773 0.99609375
v 147.011117705 448.373843703 140.437890489 0.99609375
v 147.139135006 449.076918933 135.405620207 0.99609375
v 146.846332861 449.156689299 140.40920702 0.99609375
v 147.155758783 449.171824315 135.308546168 0.99609375
v 147.22658797 449.485879931 140.015163017 0.99609375
v 146.981585889 449.374272465 135.183074936 0.99609375
v 146.991321447 449.419910782 139.713183964 0.99609375
v 146.794085385 449.830056065 136.296720787 0.99609375
v 146.798849464 449.814571997 139.160661655 0.99609375
v 146.874248943 450.287746724 136.112916718 0.99609375
v 147.122865596 450.154794286 139.342490375 0.99609375
v 147.12651234 450.134630442 136.694971594 0.99609375
v 147.130434824 450.272172239 139.18335679 0.99609375
v 146.932159951 450.621904338 136.815436413 0.99609375
v 147.251988128 450.590550132 138.446697934 0.99609375
v 147.031739525 450.944575599 136.921490749 0.99609375
v 146.926384853 450.80859806 137.818460602 0.99609375
v 147.48186255 444.527778268 140.0682497 0.99609375
v 147.153789031 444.344000762 140.678418562 0.99609375
v 147.253673367 445.037742427 138.686216729 0.99609375
v 147.500039426 444.979080513 140.67243212 0.99609375
v 147.590433617 444.891175606 137.662086133 0.99609375
v 147.528514756 444.937419783 141.486370149 0.99609375
v 147.043545642 445.312970587 135.705992642 0.99609375
v 147.12337049 445.537909977 144.936148332 0.99609375
v 147.600194396 445.959033374 134.906935155 0.99609375
v 147.042777077 445.910294373 144.762316991 0.99609375
v 147.303264374 445.853769669 133.446029173 0.99609375
v 147.447088337 445.949828697 144.982938569 0.99609375
v 147.206538548 446.054960322 132.603276019 0.99609375
v 147.187214186 446.541136707 144.798853029 0.99609375
v 147.383061584 446.884387298 133.153718788 0.99609375
v 147.103616142 446.354542996 144.937814733 0.99609375
v 147.523189492 447.046449641 132.9839417 0.99609375
v 147.209319653 446.85926198 145.379639634 0.99609375
v 147.166105322 446.98088401 133.185198011 0.99609375
v 147.499789713 447.018693999 145.573463445 0.99609375
v 147.367889782 447.478919008 133.439791072 0.99609375
v 147.269582405 447.724991376 145.934442851 0.99609375
v 147.218041128 447.849639932 133.201573831 0.99609375
v 147.284163139 447.542838959 145.453255097 0.99609375
v 147.241522495 448.055214351 133.99314639 0.99609375
v 147.379925591 447.815866307 145.325439899 0.99609375
v 147.316495707 448.251204084 134.461183003 0.99609375
v 147.236694952 448.226197182 145.165232092 0.99609375
v 147.221267345 448.84097674 134.383879921 0.99609375
v 147.385259962 448.715636438 144.66863084 0.99609375
v 147.501328436 449.000424291 135.217576367 0.99609375
v 147.178224051 449.145996735 144.78363709 0.99609375
v 147.528148105 449.483012784 134.819818967 0.99609375
v 147.550672301 448.947669214 140.316758464 0.99609375
v 147.578686572 449.564962864 134.671801622 0.99609375
v 147.227527022 449.42940758 140.508876465 0.99609375
v 147.077942989 449.684349541 134.671655167 0.99609375
v 147.284351805 449.773363782 140.136070186 0.99609375
v 147.108560786 450.328199434 135.776549347 0.99609375
v 147.359169016 449.850472815 139.857535336 0.99609375
v 147.090162302 450.164149754 135.346649075 0.99609375
v 147.223769914 450.280390643 139.619261054 0.99609375
v 147.316891896 450.588591947 136.462746534 0.99609375
v 147.573425992 450.525268366 139.799953988 0.99609375
v 147.391283645 451.004381078 136.058236561 0.99609375
v 147.401827063 450.748290461 139.91138173 0.99609375
v 147.263863653 451.057976153 136.133121946 0.99609375
v 147.318605772 451.481399173 138.740751148 0.99609375
v 147.229436847 451.76124557 136.649668042 0.99609375
v 147.297620605 451.300876176 138.513775213 0.99609375
v 147.523076574 451.972600392 137.2941495 0.99609375
v 147.447607984 451.850483713 138.734611213 0.99609375
v 147.069552423 452.281120086 137.193307868 0.99609375
v 147.148038451 452.048757308 138.325513387 0.99609375
v 147.83436423 443.791798863 143.406945063 0.99609375
v 147.896147948 444.039618022 141.938102814 0.99609375
v 147.835174515 444.0531641 144.469910376 0.99609375
v 147.490126278 444.306350048 140.343463795 0.99609375
v 147.51806141 444.855913484 144.435792361 0.99609375
v 147.330978048 444.817910312 139.07446931 0.99609375
v 147.458553474 444.62325982 144.473770234 0.99609375
v 147.419485177 445.244766302 137.029093474 0.99609375
v 147.478340707 445.080351834 144.27987261 0.99609375
v 147.610441242 445.442813758 135.938218245 0.99609375
v 147.692422758 445.711923535 144.542612987 0.99609375
v 147.598881543 445.850890564 135.435020323 0.99609375
v 147.661514883 445.703343039 145.124816709 0.99609375
v 147.324183761 445.734312961 133.370763962 0.99609375
v 147.475349599 445.895417388 145.928927708 0.99609375
v 147.742043335 446.257066934 132.919702339 0.99609375
v 147.464276172 446.301411317 145.440984263 0.99609375
v 147.574640041 446.556017184 132.458003105 0.99609375
v 147.492315075 446.409762976 145.396286073 0.99609375
v 147.660572827 446.791975337 132.611420595 0.99609375
v 147.629858892 446.933327905 145.221995134 0.99609375
v 147.693987885 447.366444845 133.046835072 0.99609375
v 147.570499446 446.991150177 145.869992853 0.99609375
v 147.620000512 447.688107685 133.219755128 0.99609375
v 147.448364084 447.308477308 146.026901847 0.99609375
v 147.6572058 447.915099385 132.637751598 0.99609375
v 147.830575326 447.531632132 146.150703129 0.99609375
v 147.340659785 448.096401116 133.812141027 0.99609375
v 147.543968387 448.202918792 145.291331567 0.99609375
v 147.654061622 448.431256397 133.808251533 0.99609375
v 147.447963225 448.112250157 145.46929603 0.99609375
v 147.42250004 448.843385502 133.674465863 0.99609375
v 147.49597326 448.656521328 145.671219957 0.99609375
v 147.342483295 449.028616128 134.492810218 0.99609375
v 147.632816611 448.777479608 145.414786434 0.99609375
v 147.451660457 448.987413598 134.040358846 0.99609375
v 147.69978945 449.340450989 144.731120896 0.99609375
v 147.645459593 449.451603922 134.574536679 0.99609375
v 147.580403896 449.500971838 145.222578074 0.99609375
v 147.761572503 449.73705544 134.966020599 0.99609375
v 147.62996457 449.750999283 144.640498969 0.99609375
v 147.684239834 450.306911 134.597822509 0.99609375
v 147.491800431 450.366737474 144.623014152 0.99609375
v 147.686283226 450.098431317 134.527629827 0.99609375
v 147.677909212 450.542682867 140.924034109 0.99609375
v 147.328364235 450.702234521 134.566890278 0.99609375
v 147.777933749 450.75913636 139.767399926 0.99609375
v 147.884771058 450.820175903 135.124997236 0.99609375
v 147.530950448 451.106927123 140.065415613 0.99609375
v 147.840882046 451.27008805 135.497774161 0.99609375
v 147.601930942 450.989943556 139.743766698 0.99609375
v 147.602501856 451.269280651 135.747247269 0.99609375
v 147.633020417 451.747904459 139.189107663 0.99609375
v 147.483182693 452.055818443 136.067851885 0.99609375
v 147.705597798 451.624778918 139.83322204 0.99609375
v 147.392857961 452.22744971 136.641072907 0.99609375
v 147.824887388 452.244818474 139.346972105 0.99609375
v 147.843842897 452.399330983 137.282976566 0.99609375
v 147.488892735 452.180743125 139.477222853 0.99609375
v 147.596508533 452.776430184 137.075309898 0.99609375
v 147.53943779 452.58742006 139.116671109 0.99609375
v 147.800117424 452.788445962 137.063898517 0.99609375
v 147.458887096 452.764115189 138.73356599 0.99609375
v 148.167221554 444.055639238 142.592445586 0.99609375
v 147.918837855 443.783772456 144.391604234 0.99609375
v 147.904504608 444.471126454 141.78907361 0.99609375
v 147.685376066 444.231234286 144.48166659 0.99609375
v 147.857483384 444.444571707 139.90242971 0.99609375
v 147.810840788 444.710247864 144.067765047 0.99609375
v 147.845133426 444.814546686 138.640080416 0.99609375
v 148.05526453 444.944403184 144.71491732 0.99609375
v 147.798323327 444.963827124 137.624206746 0.99609375
v 147.758213826 444.988791552 144.954982664 0.99609375
v 148.050871785 445.151382538 136.285261017 0.99609375
v 148.160850175 445.158600179 145.342980647 0.99609375
v 147.829802414 445.951339462 134.891106665 0.99609375
v 147.923538042 445.587305403 145.261140608 0.99609375
v 148.035473283 445.946427759 133.842645624 0.99609375
v 147.797288229 445.874702616 145.263813407 0.99609375
v 147.813923606 446.253596089 132.007092285 0.99609375
v 148.094763678 446.27535813 145.972780103 0.99609375
v 147.622076431 446.762134859 132.420656838 0.99609375
v 147.999856301 446.567334734 146.413433842 0.99609375
v 147.671543874 447.088291567 132.185036354 0.99609375
v 147.816125944 447.021147363 146.063057313 0.99609375
v 147.954771727 447.089085498 132.792642702 0.99609375
v 147.841391203 447.468425746 145.668887028 0.99609375
v 147.814332094 447.581641777 132.067765367 0.99609375
v 148.166772132 447.554106333 145.588799726 0.99609375
v 147.628684539 447.534151543 133.325138402 0.99609375
v 147.765056365 447.83021129 146.228904091 0.99609375
v 147.712258154 448.279529627 132.793103982 0.99609375
v 147.94581724 448.313345698 145.566658181 0.99609375
v 147.910705911 448.55914509 132.595840655 0.99609375
v 147.989573384 448.271279606 146.099911452 0.99609375
v 148.061844238 448.724722404 133.477890717 0.99609375
v 147.689783627 448.792604506 146.171425596 0.99609375
v 147.864802152 449.013428856 133.655391856 0.99609375
v 148.118115073 448.885271619 146.19020911 0.99609375
v 147.914412977 449.048883103 133.805817623 0.99609375
v 148.0495059 449.258571171 146.095378994 0.99609375
v 147.772174758 449.497798798 133.566196295 0.99609375
v 147.876567569 449.242741566 145.371463793 0.99609375
v 147.903919517 449.994177388 134.141409114 0.99609375
v 147.986331386 449.703672433 145.845493748 0.99609375
v 147.795315928 450.195653628 134.830950394 0.99609375
v 148.139125767 449.927753405 145.930352548 0.99609375
v 148.086850674 450.655133326 135.432733636 0.99609375
v 148.110287792 450.381287797 145.897208307 0.99609375
v 148.032181525 450.516591844 135.410763612 0.99609375
v 147.725212609 450.443604577 145.134375793 0.99609375
v 147.731215224 450.966942256 135.377280105 0.99609375
v 147.754339554 450.923597229 144.938352159 0.99609375
v 148.061746624 451.286223526 134.500737338 0.99609375
v 148.060784159 451.333093615 144.727590332 0.99609375
v 147.872150952 451.705261632 135.52249272 0.99609375
v 147.79748215 451.379876766 140.539737949 0.99609375
v 147.903744074 452.088136686 135.380533852 0.99609375
v 148.100977329 451.777485502 140.17054024 0.99609375
v 147.978872698 452.279153608 135.687088892 0.99609375
v 147.936803509 452.261917426 139.979990313 0.99609375
v 147.863425403 452.601409021 136.007377147 0.99609375
v 147.759423567 452.425957461 140.313693119 0.99609375
v 147.666704831 452.583138001 136.53452389 0.99609375
v 147.950131898 452.883964699 140.367491491 0.99609375
v 147.713873151 453.230178604 136.238288744 0.99609375
v 148.044913511 452.87671581 139.80311691 0.99609375
v 148.022007548 453.519879425 137.322502263 0.99609375
v 147.686370786 452.996800835 139.938322771 0.99609375
v 147.821258412 453.750508103 137.401135026 0.99609375
v 147.835196754 453.399507188 138.717999954 0.99609375
v 147.950026512 453.729744814 138.33972676 0.99609375
v 147.705637533 454.112801992 139.159191887 0.99609375
v 148.25451266 443.441795474 144.260842789 0.99609375
v 148.447842572 444.217020449 143.037212399 0.99609375
v 148.3382877 444.121489964 144.994958136 0.99609375
v 148.213923318 444.354517143 141.887541284 0.99609375
v 148.414715099 444.16133209 144.163019642 0.99609375
v 148.189283107 444.382724372 139.998866291 0.99609375
v 147.992677839 444.30892553 145.491264103 0.99609375
v 148.169969941 444.698254389 139.462821774 0.99609375
v 148.325270143 444.862715656 144.948151765 0.99609375
v 147.981926758 445.218199028 137.089157954 0.99609375
v 148.210154244 444.898437184 145.053462421 0.99609375
v 147.979254351 445.687050731 135.643075406 0.99609375
v 147.937483066 445.446077179 145.069632022 0.99609375
v 148.280188017 445.567631658 134.741053235 0.99609375
v 148.431616677 445.551546054 145.110938291 0.99609375
v 148.11950648 446.034748115 133.225998203 0.99609375
v 148.296226184 446.235223354 146.352472786 0.99609375
v 148.318983233 446.144341625 131.8047471 0.99609375
v 148.225262954 446.404747831 146.124520294 0.99609375
v 147.938481647 446.78958252 132.05149626 0.99609375
v 148.293106782 446.513099653 146.042764469 0.99609375
v 148.262000181 446.951448679 132.321290857 0.99609375
v 148.376854148 446.933135238 146.260275843 0.99609375
v 148.372645832 447.070030073 131.551404241 0.99609375
v 148.463769138 446.920587711 146.026361732 0.99609375
v 148.101962566 447.449323173 131.999117227 0.99609375
v 148.286938799 447.435932781 146.005485342 0.99609375
v 147.928950474 447.685274914 132.388263214 0.99609375
v 147.968991854 447.496838492 146.69667351 0.99609375
v 148.249409112 447.995734316 132.469164773 0.99609375
v 148.059275101 447.772441827 146.361761116 0.99609375
v 148.056416957 448.594938195 132.16415267 0.99609375
v 148.199842395 448.529483974 146.76752226 0.99609375
v 148.306167848 448.482431806 133.357124718 0.99609375
v 148.270627888 448.597920535 146.832457222 0.99609375
v 148.257296585 448.933135652 133.246942574 0.99609375
v 148.08821152 448.756360784 146.197758401 0.99609375
v 148.056389845 449.346567589 133.261928291 0.99609375
v 148.148520721 448.994428157 146.170234719 0.99609375
v 148.078483037 449.283711828 133.309643898 0.99609375
v 147.980016358 449.224447853 145.998299617 0.99609375
v 148.121005317 449.942700513 133.902554031 0.99609375
v 148.288245323 449.66227835 146.256136222 0.99609375
v 147.96199451 450.025840982 133.596637116 0.99609375
v 148.201932019 450.23412159 146.390195816 0.99609375
v 148.024340549 450.253050183 133.609917131 0.99609375
v 148.337100679 450.378440708 145.712526476 0.99609375
v 148.21494233 450.535245926 134.355275946 0.99609375
v 148.332957963 450.900915121 145.54269178 0.99609375
v 148.193960123 450.820112279 134.478698358 0.99609375
v 148.266719669 450.994796285 145.831578261 0.99609375
v 148.293321829 451.299580848 134.878032039 0.99609375
v 148.121314604 451.166965872 145.494738558 0.99609375
v 147.91619709 451.315096548 135.452560882 0.99609375
v 148.098192925 451.683434094 145.881738237 0.99609375
v 148.414848406 451.751219814 135.347646368 0.99609375
v 148.234395084 451.785614355 145.33829978 0.99609375
v 148.017297104 452.076646442 134.568058667 0.99609375
v 148.071149134 452.284550716 140.796070283 0.99609375
v 147.987420185 452.43574296 135.360815391 0.99609375
v 148.267191026 452.209930352 140.396012232 0.99609375
v 147.945239241 452.678390125 135.629847094 0.99609375
v 148.237287172 452.43924533 140.696490107 0.99609375
v 148.089081534 453.168661678 136.309268437 0.99609375
v 148.398847767 452.817327868 140.665157811 0.99609375
v 148.199934024 453.155549919 135.99450938 0.99609375
v 148.002415874 453.40854399 139.821159857 0.99609375
v 147.903154445 453.401459713 136.515077117 0.99609375
v 148.197734227 453.573635751 139.534068516 0.99609375
v 148.07332347 454.048768164 137.465835876 0.99609375
v 147.907030415 453.928548752 152.065759233 0.99609375
v 147.920603206 454.428941552 136.78224753 0.99609375
v 147.95497014 454.231637939 152.995599187 0.99609375
v 148.296836247 454.226863375 137.357416344 0.99609375
v 148.068094902 454.469337995 152.192230283 0.99609375
v 148.099127444 454.554645245 137.958983118 0.99609375
v 148.440416234 454.956537618 152.117748717 0.99609375
v 148.367906437 454.856972657 152.564280565 0.99609375
v 148.317787786 455.265734505 152.700101719 0.99609375
v 148.188692736 455.454746514 152.296331465 0.99609375
v 148.310511305 456.095482523 153.455267165 0.99609375
v 148.585855432 444.026454294 143.171646401 0.99609375
v 148.212336244 444.230265376 144.568520391 0.99609375
v 148.768078795 444.035514961 141.490178686 0.99609375
v 148.643018625 444.313618695 144.192855081 0.99609375
v 148.4636864 444.641750295 139.756848371 0.99609375
v 148.695731416 444.801099612 144.244644521 0.99609375
v 148.584175679 444.87738617 139.266195089 0.99609375
v 148.349271082 444.692500094 144.724588689 0.99609375
v 148.369545441 445.433316769 137.562456597 0.99609375
v 148.532159254 445.084013954 144.735080299 0.99609375
v 148.620303381 445.431236466 136.449358266 0.99609375
v 148.22485822 445.182297341 145.266404685 0.99609375
v 148.669906809 445.722025488 134.572899016 0.99609375
v 148.6564304 445.920209393 145.577625283 0.99609375
v 148.269602938 446.06171919 133.988075865 0.99609375
v 148.677366861 445.805954057 145.599580431 0.99609375
v 148.219016762 446.369662025 131.820219131 0.99609375
v 148.724778808 446.394062077 146.450917834 0.99609375
v 148.554954748 446.870088901 131.100929337 0.99609375
v 148.718258844 446.815966654 146.197295296 0.99609375
v 148.737372173 446.768952004 131.947559318 0.99609375
v 148.458956153 446.978959134 146.092526403 0.99609375
v 148.660502175 446.990227462 131.253089423 0.99609375
v 148.673927498 446.957698354 146.55970868 0.99609375
v 148.651391562 447.460783479 131.957997109 0.99609375
v 148.624758087 447.370299586 146.856424437 0.99609375
v 148.320519465 447.491697965 131.710725812 0.99609375
v 148.437542938 447.824802179 147.093371732 0.99609375
v 148.737824663 448.090629099 132.398609302 0.99609375
v 148.245542223 447.796707342 146.756238415 0.99609375
v 148.699908768 448.282704114 131.728602439 0.99609375
v 148.329130362 448.244020561 147.25855107 0.99609375
v 148.425314431 448.90392441 132.127553315 0.99609375
v 148.670735948 448.789434112 147.38419746 0.99609375
v 148.684259007 448.789522284 132.562519505 0.99609375
v 148.616558894 448.781813854 146.904450599 0.99609375
v 148.409669765 449.161811291 132.535886452 0.99609375
v 148.620429363 449.383139089 147.30506696 0.99609375
v 148.603812515 449.635162427 132.724582698 0.99609375
v 148.337644607 449.287991995 147.374464342 0.99609375
v 148.634192261 449.979672965 133.216790863 0.99609375
v 148.229798318 449.861021124 147.379823917 0.99609375
v 148.392063385 449.96699424 132.815326673 0.99609375
v 148.607928656 450.252452081 146.672196079 0.99609375
v 148.769101437 450.495769972 132.601879593 0.99609375
v 148.334388763 450.206301269 147.497835861 0.99609375
v 148.488559083 450.58883169 133.443400027 0.99609375
v 148.576431864 450.812902309 146.906417368 0.99609375
v 148.708520715 450.953256961 133.619064445 0.99609375
v 148.193495938 451.117308937 146.443661086 0.99609375
v 148.302690277 451.004168464 133.252042558 0.99609375
v 148.245476243 451.076885041 146.477801242 0.99609375
v 148.2932833 451.635437614 133.726993329 0.99609375
v 148.490613754 451.528307362 146.404823176 0.99609375
v 148.583766931 451.786370352 133.030732119 0.99609375
v 148.496314128 451.782487916 145.053054172 0.99609375
v 148.548765185 452.119649719 133.821349605 0.99609375
v 148.504706992 452.162147987 145.167611968 0.99609375
v 148.703689262 452.125039101 134.489878787 0.99609375
v 148.439985074 452.184383162 144.427955443 0.99609375
v 148.639712696 452.875437406 135.444236872 0.99609375
v 148.633755098 452.962076432 140.545254701 0.99609375
v 148.443419051 452.895179691 135.032466834 0.99609375
v 148.19808039 452.921869425 151.464132464 0.99609375
v 148.66693049 453.290416481 134.954363719 0.99609375
v 148.744382056 453.545103067 152.074709107 0.99609375
v 148.749348556 453.707898448 135.351669107 0.99609375
v 148.254550402 453.704090194 151.796645929 0.99609375
v 148.736187251 453.641695313 136.157752054 0.99609375
v 148.694024354 453.614914738 152.532963467 0.99609375
v 148.28815039 454.316453601 136.850020454 0.99609375
v 148.761014072 454.110514809 152.177975178 0.99609375
v 148.377092181 454.325392357 137.323117738 0.99609375
v 148.582928536 454.479524541 152.657280783 0.99609375
v 148.236995227 454.5567526 137.351121733 0.99609375
v 148.284268949 454.726424844 152.226694018 0.99609375
v 148.242679745 454.957942512 137.312276691 0.99609375
v 148.463641423 455.177956591 152.608600406 0.99609375
v 148.327350038 455.173387449 138.32461308 0.99609375
v 148.481201185 455.514800109 153.072993859 0.99609375
v 148.329036523 455.521927583 138.361146696 0.99609375
v 148.748393014 455.689542944 153.261088678 0.99609375
v 148.700480799 455.941992103 152.327205667 0.99609375
v 148.50986447 456.220817595 152.422187449 0.99609375
v 148.68909542 456.274541866 152.845871868 0.99609375
v 148.97714428 444.073437648 142.941268683 0.99609375
v 148.787290622 443.793945254 144.857089659 0.99609375
v 148.960441944 444.201615255 141.358204403 0.99609375
v 148.652221832 444.539821175 144.425701493 0.99609375
v 148.961256918 444.454650271 139.836715418 0.99609375
v 149.001394537 444.664639679 144.970668293 0.99609375
v 148.521024225 445.057881699 138.858846891 0.99609375
v 148.793338715 445.038074389 145.001772437 0.99609375
v 148.519393307 444.959347374 137.360545347 0.99609375
v 148.547466873 445.218154727 144.798447784 0.99609375
v 148.985817608 445.488490124 135.533175779 0.99609375
v 148.950037174 445.153025487 145.653125417 0.99609375
v 148.904450627 445.593109958 134.709514716 0.99609375
v 148.623273312 445.680015887 145.752805759 0.99609375
v 148.974055496 446.084289126 133.435010885 0.99609375
v 148.596746528 445.862465385 146.398750962 0.99609375
v 148.822427154 446.039090303 132.116473086 0.99609375
v 148.716338587 446.1890424 146.298686649 0.99609375
v 148.658610051 446.530842737 131.278147259 0.99609375
v 148.530357197 446.363967453 146.412433345 0.99609375
v 148.556453075 446.912302175 131.111719603 0.99609375
v 148.623573009 446.946502684 146.055675537 0.99609375
v 148.730055739 447.108891809 131.772433254 0.99609375
v 148.970692868 447.299975268 147.07900313 0.99609375
v 148.84354325 447.69699039 131.787770851 0.99609375
v 148.805475772 447.54541188 146.567261973 0.99609375
v 149.021271026 447.660499598 131.185252706 0.99609375
v 148.483316662 447.939780105 147.60112427 0.99609375
v 148.513183088 448.225044117 131.174219199 0.99609375
v 148.777244145 448.151113387 147.66846781 0.99609375
v 148.889034207 448.135922073 131.314482764 0.99609375
v 148.939118232 448.265861635 147.884656464 0.99609375
v 149.055049899 448.412263114 132.234046967 0.99609375
v 148.670087286 448.453519041 147.779211168 0.99609375
v 148.809853525 448.88290808 132.327978334 0.99609375
v 148.8353966 449.083834586 147.44076055 0.99609375
v 148.985963646 449.059879205 131.714816139 0.99609375
v 148.848153218 449.195941952 147.123880717 0.99609375
v 148.769234546 449.340271069 131.713463766 0.99609375
v 148.700369066 449.636585307 147.776547289 0.99609375
v 149.058459778 449.624818166 132.200766484 0.99609375
v 149.038446878 449.523912362 148.244041906 0.99609375
v 148.992290042 449.963783265 132.267520973 0.99609375
v 148.982892347 450.29007353 148.092839369 0.99609375
v 148.926401387 450.439788014 132.192302919 0.99609375
v 148.803989624 450.426600992 147.958657617 0.99609375
v 148.631602155 450.521978341 132.295474851 0.99609375
v 148.542675395 450.913512507 147.622381947 0.99609375
v 148.658302862 450.948792488 132.562700464 0.99609375
v 148.682597703 450.889178364 148.035298719 0.99609375
v 148.940227731 451.451438751 132.787032202 0.99609375
v 148.978753609 450.992371061 147.388963838 0.99609375
v 148.819859552 451.712509124 132.091573647 0.99609375
v 148.989813014 451.254778975 146.811612625 0.99609375
v 149.008005216 451.907174396 133.427462407 0.99609375
v 148.640010145 452.018558395 146.269232734 0.99609375
v 148.579886551 451.916456007 133.019491458 0.99609375
v 148.681277122 451.959589848 150.980976052 0.99609375
v 148.733643526 452.456606372 132.591545252 0.99609375
v 148.725298032 452.365649909 151.162452708 0.99609375
v 148.491042928 452.963781481 133.358263661 0.99609375
v 148.526423816 452.562617619 151.480369679 0.99609375
v 148.977908112 452.848462816 132.520954377 0.99609375
v 148.674815777 452.748762126 151.588830968 0.99609375
v 148.965074099 453.401501543 134.028686516 0.99609375
v 148.944847665 453.354350048 151.782355373 0.99609375
v 148.961042284 453.352028903 133.571460257 0.99609375
v 149.029755309 453.508595062 152.219661382 0.99609375
v 148.492502192 453.6229749 135.327761488 0.99609375
v 148.756559509 454.038403258 152.463893195 0.99609375
v 149.038740687 454.079663106 135.847079539 0.99609375
v 148.622425359 454.086862773 152.581336672 0.99609375
v 148.963143226 454.378528637 135.899715239 0.99609375
v 148.738797112 454.399873427 152.22123415 0.99609375
v 149.046355961 454.623527089 136.435004062 0.99609375
v 149.024427436 454.626258717 153.027559813 0.99609375
v 148.551549635 455.254255674 136.562466764 0.99609375
v 148.602957983 454.893874828 152.699409082 0.99609375
v 148.547877772 455.239019346 136.92201717 0.99609375
v 148.563533071 455.210122415 153.246630657 0.99609375
v 148.516019741 455.440956447 137.9556838 0.99609375
v 148.761417321 455.499845209 152.516189214 0.99609375
v 148.5140779 456.08816961 138.247891029 0.99609375
v 148.96605511 455.849720636 153.298394217 0.99609375
v 148.882238335 456.40655258 138.20389554 0.99609375
v 148.688224497 456.314557411 152.984577457 0.99609375
v 148.503146048 456.535559009 152.06913667 0.99609375
v 148.672777356 456.726657464 152.891204662 0.99609375
v 149.024875868 444.195131052 143.288072251 0.99609375
v 149.163538802 443.879912197 143.922466098 0.99609375
v 148.997748304 444.055857345 141.835002477 0.99609375
v 149.05430307 444.185477442 144.397918024 0.99609375
v 148.882909447 444.493752909 140.128180189 0.99609375
v 148.891913512 444.53906404 144.36528212 0.99609375
v 149.057514214 444.61431348 138.862404499 0.99609375
v 149.136246422 445.074241039 144.217226643 0.99609375
v 149.280619665 445.414966132 137.290703952 0.99609375
v 149.300753156 445.42369105 145.261458459 0.99609375
v 148.975544641 445.260411565 136.051331303 0.99609375
v 149.31689967 445.333687839 145.474610732 0.99609375
v 148.819717543 445.655284447 134.957528806 0.99609375
v 148.835351436 445.862373073 145.083736947 0.99609375
v 148.841541883 446.004587505 133.06159162 0.99609375
v 148.985891938 446.199439424 146.401844905 0.99609375
v 148.902625281 446.207975376 132.049415062 0.99609375
v 149.050222301 446.201102683 146.025457312 0.99609375
v 149.096811884 446.490467224 130.57852165 0.99609375
v 149.076053354 446.81542252 146.510241934 0.99609375
v 148.935533317 446.64975376 131.251125132 0.99609375
v 148.880461381 446.767990403 146.121314098 0.99609375
v 148.877353429 447.118730084 131.396547115 0.99609375
v 149.132216501 447.202577696 146.852532019 0.99609375
v 149.16803858 447.591396128 130.967558393 0.99609375
v 149.338292691 447.24704556 147.017508623 0.99609375
v 148.80518736 447.860894023 130.526745607 0.99609375
v 149.327947944 448.00745224 147.73421899 0.99609375
v 149.297059016 448.315050451 130.95195921 0.99609375
v 149.197823272 447.973914205 147.22537365 0.99609375
v 149.015661113 448.392049897 131.659543395 0.99609375
v 149.32041412 448.280574206 148.076031217 0.99609375
v 148.916744657 448.416822709 131.008883738 0.99609375
v 148.959530816 448.833020219 148.426330306 0.99609375
v 149.300000667 449.100296742 131.856798177 0.99609375
v 149.344062822 448.966129553 148.051268377 0.99609375
v 149.072398265 449.417792173 131.526916496 0.99609375
v 149.285273153 449.175530838 148.382291149 0.99609375
v 149.182752376 449.45055222 131.489173692 0.99609375
v 148.98733401 449.240363462 148.774530032 0.99609375
v 149.219376508 449.519198995 132.000892687 0.99609375
v 149.194793209 450.000815441 148.789627641 0.99609375
v 148.983121495 449.895299609 132.452821907 0.99609375
v 148.778683951 449.84493462 149.172804285 0.99609375
v 149.1398188 450.617213326 132.395958962 0.99609375
v 148.782362476 450.096177943 149.22654921 0.99609375
v 149.316658852 450.800114209 132.475330845 0.99609375
v 148.950354295 450.835289203 149.675948807 0.99609375
v 149.106522691 450.783594317 131.555132303 0.99609375
v 148.858992313 451.177012621 149.559186877 0.99609375
v 149.028094855 451.040634207 132.411626567 0.99609375
v 148.974830024 450.990191862 149.547629407 0.99609375
v 149.302588574 451.730399114 132.208149151 0.99609375
v 148.816514097 451.626401799 150.931012343 0.99609375
v 149.173189902 452.003685751 131.519500037 0.99609375
v 148.877657141 452.085794936 150.742352298 0.99609375
v 148.916496625 451.963486601 132.08271642 0.99609375
v 148.910843928 452.31161448 150.519327884 0.99609375
v 149.251976198 452.122848781 132.634913819 0.99609375
v 149.063133542 452.470948373 151.439196062 0.99609375
v 148.831255555 452.66126424 132.837525391 0.99609375
v 148.863466483 452.702583891 151.983518932 0.99609375
v 149.338590966 453.167260306 132.890572381 0.99609375
v 149.113396535 453.109199771 152.46457725 0.99609375
v 149.150694052 453.393503195 132.003890461 0.99609375
v 149.087472548 453.232693173 152.189734226 0.99609375
v 148.985016554 453.841067361 132.043451233 0.99609375
v 149.319380413 453.849671773 151.797375068 0.99609375
v 149.206540406 453.624864363 133.208090831 0.99609375
v 149.267279933 453.744734124 152.459099974 0.99609375
v 148.971126567 454.127898713 133.483142012 0.99609375
v 149.029950712 453.941526416 152.215167025 0.99609375
v 149.025056068 454.691663981 134.447298653 0.99609375
v 149.257457964 454.350072826 152.240603207 0.99609375
v 149.237721627 454.852830084 135.656182704 0.99609375
v 148.787762774 454.926481895 152.968761587 0.99609375
v 149.342705674 455.181668528 136.013413212 0.99609375
v 149.251674924 454.844294146 153.397443214 0.99609375
v 149.044407037 455.239543586 136.93478636 0.99609375
v 149.092930584 455.071462237 153.316077971 0.99609375
v 148.906539888 455.48115572 137.101925909 0.99609375
v 149.231604019 455.878840134 153.140341772 0.99609375
v 149.312525184 455.623304488 137.195152111 0.99609375
v 148.895621857 456.084012496 153.040417937 0.99609375
v 149.155850971 456.118919156 137.881063896 0.99609375
v 149.171781844 456.415197376 152.752592601 0.99609375
v 148.854482195 456.6931831 137.694662045 0.99609375
v 149.088797525 456.308925633 153.163708319 0.99609375
v 148.912954196 456.838535593 138.596897361 0.99609375
v 149.314094961 456.910659366 153.390855042 0.99609375
v 149.074913079 457.230798487 152.596212383 0.99609375
v 148.823659004 457.18527476 152.635626912 0.99609375
v 149.1150825 443.852977355 143.155400063 0.99609375
v 149.468037219 443.892465669 144.369626731 0.99609375
v 149.281539742 444.139923184 141.049065113 0.99609375
v 149.3063771 444.219476238 144.81695796 0.99609375
v 149.303469545 444.749767702 139.668666173 0.99609375
v 149.618102882 444.53531725 144.854011613 0.99609375
v 149.317795153 445.122766236 139.215982401 0.99609375
v 149.18851054 444.658884233 144.623432624 0.99609375
v 149.377149997 445.410217837 137.490377693 0.99609375
v 149.289532702 445.286546282 144.97372191 0.99609375
v 149.48585577 445.65335378 135.663131595 0.99609375
v 149.110554425 445.312774405 145.372212692 0.99609375
v 149.329594617 445.985952993 134.982509486 0.99609375
v 149.554040821 445.945456011 145.624269096 0.99609375
v 149.440455547 445.748257874 133.360004456 0.99609375
v 149.19836767 445.782353809 145.623646906 0.99609375
v 149.120816339 446.210222044 131.648669539 0.99609375
v 149.126299037 446.289554522 145.762836081 0.99609375
v 149.069946033 446.31952855 130.483963968 0.99609375
v 149.535844709 446.819313314 146.436795407 0.99609375
v 149.082652649 446.770092712 130.191354078 0.99609375
v 149.598060771 447.13764214 146.313182451 0.99609375
v 149.162619187 447.367330006 130.10579278 0.99609375
v 149.411910466 447.351873351 146.163564982 0.99609375
v 149.616676247 447.547267504 130.552883308 0.99609375
v 149.090338069 447.746500579 147.102961225 0.99609375
v 149.508645014 447.613146573 130.348250292 0.99609375
v 149.475414288 447.770841365 147.270359856 0.99609375
v 149.537954855 447.936376346 130.918642792 0.99609375
v 149.334167075 447.871600207 147.00349367 0.99609375
v 149.473203721 448.500555108 130.535040368 0.99609375
v 149.36905557 448.386788385 147.548324721 0.99609375
v 149.637997173 448.706579576 131.371246862 0.99609375
v 149.121115247 448.756317848 148.130947894 0.99609375
v 149.238827987 449.039452329 131.211198395 0.99609375
v 149.236798225 449.111191445 148.350837696 0.99609375
v 149.637493942 449.355982177 130.696882027 0.99609375
v 149.238194992 449.25255221 148.082481353 0.99609375
v 149.069814967 449.435949074 131.008079141 0.99609375
v 149.150661834 449.769729371 149.011620735 0.99609375
v 149.285716755 449.52672968 131.455234766 0.99609375
v 149.273107338 449.934556841 149.407261448 0.99609375
v 149.422598792 449.876520684 131.205891098 0.99609375
v 149.615527619 450.179982177 149.051936462 0.99609375
v 149.179679927 450.43812149 131.865506784 0.99609375
v 149.115737555 450.434093052 149.483372389 0.99609375
v 149.436581789 450.902812625 131.19757969 0.99609375
v 149.142022451 450.540018566 149.523061768 0.99609375
v 149.291101261 450.784470427 131.949360645 0.99609375
v 149.159415875 451.020073568 149.958702468 0.99609375
v 149.086230502 451.374781572 131.185755813 0.99609375
v 149.390112879 451.305197199 149.611401016 0.99609375
v 149.342350969 451.347535763 131.657108777 0.99609375
v 149.547844528 451.468921263 150.373876413 0.99609375
v 149.358971962 451.957225665 132.268023006 0.99609375
v 149.224826093 451.857546708 150.470379088 0.99609375
v 149.405569996 451.966030025 131.560450763 0.99609375
v 149.228008488 452.239433817 151.4661154 0.99609375
v 149.38417975 452.552829513 131.680673067 0.99609375
v 149.186457635 452.330754158 151.236751342 0.99609375
v 149.167732147 452.976662924 131.561560994 0.99609375
v 149.431586337 452.631862694 151.954207268 0.99609375
v 149.114615503 452.696790572 132.074072814 0.99609375
v 149.288998596 452.728658822 151.928436836 0.99609375
v 149.387893697 453.11064454 132.453890108 0.99609375
v 149.227713208 453.211185908 151.550808328 0.99609375
v 149.601873621 453.638583752 132.963044751 0.99609375
v 149.135094222 453.465200197 151.899637484 0.99609375
v 149.621168561 453.622705852 132.502085565 0.99609375
v 149.592658511 453.751129115 152.330916725 0.99609375
v 149.335701852 454.393223368 132.408058839 0.99609375
v 149.268667664 454.024751231 152.807979016 0.99609375
v 149.244064132 454.225363929 132.763858936 0.99609375
v 149.516710226 454.312299005 152.847185743 0.99609375
v 149.38318133 454.568819969 132.59105812 0.99609375
v 149.121364421 454.772258938 152.95787106 0.99609375
v 149.16955396 454.75114497 133.029060359 0.99609375
v 149.406800888 454.798199052 153.371451349 0.99609375
v 149.584518281 455.554589134 135.148648766 0.99609375
v 149.40998978 455.124113317 152.836102744 0.99609375
v 149.109977975 455.469642483 135.610201867 0.99609375
v 149.258781232 455.749900377 153.048977387 0.99609375
v 149.414776436 455.671719521 136.784980292 0.99609375
v 149.292221213 455.867405213 153.18130248 0.99609375
v 149.561222086 456.149763609 136.910907315 0.99609375
v 149.088814287 456.087816334 153.16175747 0.99609375
v 149.523062012 456.368134322 137.645261291 0.99609375
v 149.638450874 456.636419719 153.072243884 0.99609375
v 149.482204929 456.608669511 138.455860146 0.99609375
v 149.086316161 456.607700292 152.797224324 0.99609375
v 149.119046391 457.023143548 138.880962798 0.99609375
v 149.232491938 457.101197491 152.748881994 0.99609375
v 149.205625141 457.530406035 138.986506006 0.99609375
v 149.589811349 457.577759142 152.664039329 0.99609375
v 149.578902881 457.333940957 152.079038849 0.99609375
v 149.245121881 457.744483389 152.587941079 0.99609375
v 149.712798784 443.92111846 143.048357053 0.99609375
v 149.793707165 443.975658433 144.455659496 0.99609375
v 149.501384157 444.380251951 141.099628736 0.99609375
v 149.447736257 444.318633293 143.72574358 0.99609375
v 149.868585926 444.340557582 139.882971974 0.99609375
v 149.903769033 444.282508959 144.820618878 0.99609375
v 149.816748758 444.87132917 139.204670452 0.99609375
v 149.907442084 444.900748102 144.452576987 0.99609375
v 149.831928917 445.159794516 137.333243746 0.99609375
v 149.541849199 445.392250311 144.308572801 0.99609375
v 149.659741792 445.686756347 136.432031122 0.99609375
v 149.895286407 445.432423492 145.153905349 0.99609375
v 149.917002828 445.551653047 135.405757267 0.99609375
v 149.755597981 445.447722439 145.184570621 0.99609375
v 149.890141361 445.909531972 133.475163452 0.99609375
v 149.566151016 445.953504797 145.969135333 0.99609375
v 149.44981944 446.068038645 131.556727205 0.99609375
v 149.606184587 446.144101616 146.17737543 0.99609375
v 149.440892875 446.485365433 130.94919163 0.99609375
v 149.837941672 446.427828832 146.49339753 0.99609375
v 149.684456078 446.855768412 130.169366212 0.99609375
v 149.734997881 446.816022746 146.897855356 0.99609375
v 149.645058587 446.913343414 130.880517519 0.99609375
v 149.770602458 447.381559256 146.280318906 0.99609375
v 149.800120024 447.316899043 130.954449637 0.99609375
v 149.65951453 447.309402152 147.101831705 0.99609375
v 149.522822739 447.723596531 130.248519387 0.99609375
v 149.816182623 447.551507292 147.095807889 0.99609375
v 149.576664347 447.773917008 130.665999597 0.99609375
v 149.441747934 448.146999782 147.137443772 0.99609375
v 149.913047843 448.345646525 130.681008592 0.99609375
v 149.377304638 448.561775906 147.534948991 0.99609375
v 149.521534118 448.358503773 130.696067858 0.99609375
v 149.572213547 448.473919053 147.543495864 0.99609375
v 149.694280436 449.005754619 130.890086351 0.99609375
v 149.688012133 448.73942576 147.886334771 0.99609375
v 149.752291951 449.49141774 130.539819491 0.99609375
v 149.912162021 449.377194409 148.472589622 0.99609375
v 149.645573798 449.714688249 130.926855618 0.99609375
v 149.547761407 449.470587307 148.221403934 0.99609375
v 149.73328274 449.749241695 130.714199859 0.99609375
v 149.892087407 450.024810386 149.472267922 0.99609375
v 149.361049047 450.291537029 131.230641841 0.99609375
v 149.675732624 449.854937105 149.428123932 0.99609375
v 149.613112055 450.493890937 130.620925719 0.99609375
v 149.458164005 450.555163475 149.428274303 0.99609375
v 149.73124159 450.536449205 130.763098306 0.99609375
v 149.478865092 450.602375849 149.810445992 0.99609375
v 149.522428405 451.005523514 131.930697126 0.99609375
v 149.575014854 450.826478596 149.906763485 0.99609375
v 149.688956378 451.43216973 131.750389308 0.99609375
v 149.714601962 451.306544837 149.88613444 0.99609375
v 149.443514941 451.326801347 131.136766188 0.99609375
v 149.777935707 451.758680808 150.921796416 0.99609375
v 149.356223554 451.982317576 131.732603075 0.99609375
v 149.765117355 451.754751881 150.687196382 0.99609375
v 149.672520403 451.939971398 131.2556333 0.99609375
v 149.47111325 452.260000785 150.70550649 0.99609375
v 149.521562111 452.561330399 131.63138503 0.99609375
v 149.819006553 452.169996415 151.084184854 0.99609375
v 149.540812083 452.892671645 131.048130953 0.99609375
v 149.501727916 452.48716868 151.206767076 0.99609375
v 149.754698328 452.937327138 131.289076583 0.99609375
v 149.730071969 453.171858692 152.003697346 0.99609375
v 149.682837641 453.237310081 131.855250405 0.99609375
v 149.630080242 453.509571978 151.841377519 0.99609375
v 149.789830099 453.453136955 132.118990151 0.99609375
v 149.59859976 453.468378073 152.790880197 0.99609375
v 149.847282599 453.694611603 132.932625795 0.99609375
v 149.715171193 453.830260836 152.580651782 0.99609375
v 149.692113503 453.897770024 132.583360364 0.99609375
v 149.406202756 454.000177361 152.488323962 0.99609375
v 149.381113968 454.300294725 132.619909706 0.99609375
v 149.425861148 454.347135834 152.105986448 0.99609375
v 149.801405826 454.674132167 132.994578726 0.99609375
v 149.537904368 454.929354801 153.237594985 0.99609375
v 149.408272521 454.923104637 132.066534813 0.99609375
v 149.393832347 454.759386209 152.910247672 0.99609375
v 149.603137678 455.150182622 132.981958645 0.99609375
v 149.55809061 455.161518211 152.775414888 0.99609375
v 149.684459829 455.668773097 132.347323198 0.99609375
v 149.654986624 455.468984088 152.809561251 0.99609375
v 149.83237024 455.890155358 132.919294535 0.99609375
v 149.647369825 455.61931968 153.397485664 0.99609375
v 149.64995631 456.000953118 136.946477181 0.99609375
v 149.385365644 455.928637812 152.689545754 0.99609375
v 149.742777364 456.471679812 137.265595805 0.99609375
v 149.888584899 456.19085786 153.353560919 0.99609375
v 149.594001823 456.531823236 137.726917649 0.99609375
v 149.499290028 456.841146422 153.456437993 0.99609375
v 149.400976064 457.022106005 137.13830896 0.99609375
v 149.562430893 457.090882003 153.42182121 0.99609375
v 149.443941987 457.231767607 137.8391842 0.99609375
v 149.594088017 457.325449877 152.366951065 0.99609375
v 149.389649751 457.696271069 138.319640497 0.99609375
v 149.733428199 457.426442684 152.11120447 0.99609375
v 149.377969357 457.740453574 139.051878711 0.99609375
v 149.804290573 457.751402731 152.392633548 0.99609375
v 149.796653245 458.327740327 152.120755189 0.99609375
v 149.83635295 443.795708854 143.403704628 0.99609375
v 149.713291637 444.278676071 143.517157253 0.99609375
v 150.181598194 444.29373717 141.148641744 0.99609375
v 149.958081901 444.36806742 144.135363717 0.99609375
v 150.095500853 444.693719898 140.300803405 0.99609375
v 149.895377202 444.517357443 144.273755433 0.99609375
v 149.844484567 444.579190677 139.482756805 0.99609375
v 150.049923718 444.614679475 144.250961699 0.99609375
v 149.817631751 445.33960473 137.24038795 0.99609375
v 149.934250937 445.031724299 144.318114042 0.99609375
v 150.042284136 445.323254953 135.802374404 0.99609375
v 149.881638194 445.541506353 144.931377352 0.99609375
v 150.218497007 445.999015996 135.146270938 0.99609375
v 149.849852925 445.796377255 144.724861201 0.99609375
v 149.707251814 445.760195347 133.816411372 0.99609375
v 150.175279275 445.796944442 145.152336905 0.99609375
v 150.202181975 446.506540938 132.227311783 0.99609375
v 149.888428308 446.121568033 145.973533807 0.99609375
v 149.783133376 446.572757219 130.085875217 0.99609375
v 149.789453167 446.656534361 146.280364132 0.99609375
v 149.890552018 446.759187849 130.37395513 0.99609375
v 149.69001265 446.902935423 146.409851889 0.99609375
v 149.893793676 447.121207196 130.362115157 0.99609375
v 149.648063599 446.965102369 146.984054455 0.99609375
v 149.995258377 447.529144176 129.611449347 0.99609375
v 150.172854903 447.748592885 147.456882898 0.99609375
v 150.02961528 447.630210463 130.053640098 0.99609375
v 149.954767712 448.010410126 147.458941676 0.99609375
v 149.848088434 448.196308567 130.316339614 0.99609375
v 149.854263746 448.060723581 147.327899826 0.99609375
v 150.071453124 448.282340863 130.37318549 0.99609375
v 149.679217032 448.516983446 147.927882743 0.99609375
v 149.900558855 448.58940737 130.856378969 0.99609375
v 150.051369052 448.734746749 148.084205644 0.99609375
v 150.017646797 449.083261013 130.314411186 0.99609375
v 149.694998493 448.947709 148.389931193 0.99609375
v 149.729583439 449.463604612 130.529326279 0.99609375
v 150.043429494 449.189684053 148.786848659 0.99609375
v 149.827262302 449.332748705 130.280790097 0.99609375
v 150.150434098 449.38449135 148.278137374 0.99609375
v 149.881223902 449.850896019 130.744925406 0.99609375
v 149.954994797 450.077772943 148.869375038 0.99609375
v 150.109871542 450.1490269 130.888526302 0.99609375
v 149.998268964 449.860667766 148.994873633 0.99609375
v 150.065034928 450.266196776 131.340713227 0.99609375
v 149.909928655 450.110350561 149.234677322 0.99609375
v 149.769530337 450.492782009 131.381456429 0.99609375
v 149.798352183 450.463354687 149.06928512 0.99609375
v 150.211089099 451.218132593 130.949673584 0.99609375
v 149.69522249 451.111066198 149.944270869 0.99609375
v 149.726053356 451.462575563 131.149763759 0.99609375
v 149.6403467 451.155519662 150.445733095 0.99609375
v 150.142000041 451.730987061 131.245754709 0.99609375
v 149.84256713 451.780097702 150.868336273 0.99609375
v 149.716920226 452.0041308 130.8736994 0.99609375
v 149.887567242 451.890674448 150.503662515 0.99609375
v 149.941603987 451.959543559 131.322938542 0.99609375
v 149.858771632 451.887164485 151.130832728 0.99609375
v 149.779834653 452.562229509 131.406352577 0.99609375
v 150.158360688 452.486322767 151.11820138 0.99609375
v 149.88205311 452.596013619 131.625900537 0.99609375
v 149.980314172 452.875116065 151.110386203 0.99609375
v 150.210952409 452.699869896 131.136388795 0.99609375
v 149.947523032 452.970613089 151.823335378 0.99609375
v 150.007380999 453.271642069 131.8439535 0.99609375
v 150.215858968 453.1510656 152.339584972 0.99609375
v 150.122476652 453.77253174 131.249093346 0.99609375
v 149.872159998 453.735453578 152.822083475 0.99609375
v 149.777637392 453.753322657 131.339058326 0.99609375
v 149.65387819 453.665703068 152.42916799 0.99609375
v 150.063392808 454.282225341 132.27409658 0.99609375
v 150.016225651 453.89589742 152.761044596 0.99609375
v 150.13230007 454.64356528 132.080050764 0.99609375
v 149.77147937 454.381884538 152.235346939 0.99609375
v 149.979439712 455.006104993 132.914038049 0.99609375
v 149.960725873 454.608703263 152.717582947 0.99609375
v 149.691349388 455.175069533 132.367748974 0.99609375
v 149.799830527 454.973470621 152.966761616 0.99609375
v 150.156612533 455.448163492 132.315147817 0.99609375
v 150.024478061 455.259336375 152.931527633 0.99609375
v 149.885860761 455.324615459 132.69686435 0.99609375
v 149.807194199 455.803283299 152.826285925 0.99609375
v 150.10355522 456.128812386 132.524403586 0.99609375
v 150.073259468 455.773854049 152.678721923 0.99609375
v 149.957009956 456.178728995 132.096447107 0.99609375
v 150.162080361 456.394965566 152.625040168 0.99609375
v 149.978777494 456.225635736 132.797492572 0.99609375
v 149.914371142 456.626033906 153.374478694 0.99609375
v 150.131497443 456.574503773 136.675955467 0.99609375
v 150.196717581 456.779999266 153.018975651 0.99609375
v 149.971907833 457.030286988 136.747964348 0.99609375
v 149.952320249 457.046834829 152.512181157 0.99609375
v 149.82478106 457.469599197 137.612901317 0.99609375
v 150.196029635 457.4743545 152.488351865 0.99609375
v 150.15671379 457.336730981 137.60420879 0.99609375
v 149.901652308 457.817798779 152.168958998 0.99609375
v 150.107422248 458.145553231 138.019916542 0.99609375
v 149.981585172 457.925417247 152.82233034 0.99609375
v 150.132419663 458.299162186 138.365002499 0.99609375
v 149.762077712 458.148907888 152.154032639 0.99609375
v 149.945029637 458.333134697 138.68514024 0.99609375
v 149.916094433 458.594490261 139.216025569 0.99609375
v 149.99915209 443.736349572 143.407744936 0.99609375
v 150.377258355 444.045167533 144.475011871 0.99609375
v 150.46876046 444.229849323 141.25462285 0.99609375
v 149.942162315 444.055413291 143.704744005 0.99609375
v 149.984304065 444.570633933 140.344890147 0.99609375
v 149.982477616 444.527080833 144.400578624 0.99609375
v 150.250904632 444.974232584 139.129146275 0.99609375
v 150.173352476 444.719652537 144.375670068 0.99609375
v 150.480906859 445.031885312 137.902238825 0.99609375
v 150.328899179 445.38159906 144.531429624 0.99609375
v 149.961169924 445.425574492 135.679623457 0.99609375
v 150.346150537 445.221858754 144.60513084 0.99609375
v 150.501954889 445.506145722 134.953291752 0.99609375
v 150.428844398 445.989199135 145.431672187 0.99609375
v 150.330162653 446.259348505 133.641434374 0.99609375
v 150.328299923 445.915956178 145.026256145 0.99609375
v 150.397368166 446.138007204 131.90422745 0.99609375
v 149.940904165 446.116056394 145.263497151 0.99609375
v 150.504134471 446.590553214 130.750357205 0.99609375
v 150.033023364 446.448056986 146.077737178 0.99609375
v 150.487594364 446.865074648 129.073577432 0.99609375
v 150.199419332 446.88372256 145.846969554 0.99609375
v 149.996220092 447.392682999 130.118878958 0.99609375
v 149.940960163 447.196985058 146.683392386 0.99609375
v 150.448668697 447.658455589 130.354709937 0.99609375
v 150.239505435 447.202060674 146.305917835 0.99609375
v 150.252382808 447.599301139 129.813869189 0.99609375
v 150.230014897 447.553932648 147.022043037 0.99609375
v 149.937135126 448.007390793 129.919102297 0.99609375
v 150.348438 448.317922536 146.557552966 0.99609375
v 150.44121029 448.498353276 130.326801723 0.99609375
v 150.502822605 448.517490864 147.585048389 0.99609375
v 150.392131452 448.549595085 129.812380862 0.99609375
v 150.077561463 448.692268613 148.463980816 0.99609375
v 150.055079089 449.063368485 130.933465739 0.99609375
v 150.484710819 448.820451673 148.196861941 0.99609375
v 150.379271882 449.322375528 130.352423999 0.99609375
v 150.194841669 449.428839362 148.456056861 0.99609375
v 150.066197597 449.45563367 130.173425685 0.99609375
v 150.155912558 449.333735846 148.11176394 0.99609375
v 149.963592956 449.869268343 130.907452072 0.99609375
v 150.064876183 449.728875291 149.438455894 0.99609375
v 150.135000348 449.986982613 130.090598532 0.99609375
v 150.448596233 450.199011662 148.50008904 0.99609375
v 150.270579285 450.543441472 130.235796105 0.99609375
v 150.173256758 450.55975068 149.645334773 0.99609375
v 150.3476544 450.570116589 130.708060967 0.99609375
v 150.293947119 450.460953011 149.056998813 0.99609375
v 150.362716857 451.189977208 130.541217694 0.99609375
v 149.999510115 450.906309824 149.874936402 0.99609375
v 150.261101304 451.419526465 131.172370566 0.99609375
v 150.08609411 451.418735496 149.519980346 0.99609375
v 150.058545545 451.575842637 130.865735513 0.99609375
v 150.268944137 451.702932554 150.826306054 0.99609375
v 150.262964799 451.669024561 131.159282217 0.99609375
v 150.501005118 452.013370467 150.427957668 0.99609375
v 150.313711274 452.32925148 131.186449064 0.99609375
v 150.055849364 452.120681562 150.952819693 0.99609375
v 149.996689327 452.360972717 130.731180325 0.99609375
v 150.036557456 452.16755833 151.293495685 0.99609375
v 150.064436608 452.517071594 131.359309112 0.99609375
v 150.36259065 452.889790831 151.697412128 0.99609375
v 150.299438913 453.265102742 131.740758566 0.99609375
v 150.242139518 452.931858885 151.938595749 0.99609375
v 150.446376754 453.492482175 131.026964996 0.99609375
v 150.137786536 453.01198074 152.326281742 0.99609375
v 150.382963445 453.65999834 131.01536397 0.99609375
v 150.207768651 453.583825396 152.951646254 0.99609375
v 150.086390181 453.662673215 131.43919628 0.99609375
v 150.050804419 453.847845913 152.017744689 0.99609375
v 150.215498776 454.319057716 131.755086465 0.99609375
v 149.954105023 453.897955721 152.694745285 0.99609375
v 150.504559851 454.171043042 131.080629291 0.99609375
v 150.140056066 454.558501906 152.073068416 0.99609375
v 150.257006534 454.509237826 132.425757777 0.99609375
v 150.241647823 454.871947992 153.374815045 0.99609375
v 150.198628661 454.728095353 132.824777265 0.99609375
v 150.334811984 454.900283144 152.905116424 0.99609375
v 150.158879791 455.278129736 132.967538442 0.99609375
v 149.93941281 455.463334859 153.042383472 0.99609375
v 150.071213587 455.368063408 132.00070935 0.99609375
v 149.936242685 455.572166789 152.854164455 0.99609375
v 150.491126019 456.169287024 132.783393973 0.99609375
v 150.279435646 456.055738686 153.15749847 0.99609375
v 150.325275782 456.351649735 132.176072218 0.99609375
v 150.162014838 455.895582833 153.352762811 0.99609375
v 150.301467482 456.338745976 132.038943501 0.99609375
v 150.067698228 456.288052524 153.397662626 0.99609375
v 150.159425597 456.905295128 132.651745308 0.99609375
v 150.264232419 456.56730183 152.684273259 0.99609375
v 149.981717047 456.780823007 133.41955954 0.99609375
v 150.17879794 456.833882484 153.057780703 0.99609375
v 150.346833736 457.473471234 137.31857964 0.99609375
v 150.298437665 457.330147924 152.334550504 0.99609375
v 150.087281603 457.409510504 137.35547418 0.99609375
v 150.285233462 457.589621628 152.43618582 0.99609375
v 150.064383966 458.156630818 137.071825819 0.99609375
v 150.006970628 457.911299794 152.522961802 0.99609375
v 150.152137619 458.24798843 137.843339841 0.99609375
v 150.497357132 458.270428822 152.188444083 0.99609375
v 150.106246862 458.721283663 138.852303191 0.99609375
v 150.454745224 458.544177838 152.458685274 0.99609375
v 150.255987216 459.047544176 139.489201312 0.99609375
v 150.423717461 459.109654162 139.214408631 0.99609375
v 150.467277855 459.144310962 138.750718846 0.99609375
v 150.756521768 443.929716815 143.138898843 0.99609375
v 150.323684963 444.060902827 144.292484906 0.99609375
v 150.72048157 443.991837415 141.01217982 0.99609375
v 150.618512849 444.476132175 143.600566792 0.99609375
v 150.736238876 444.512184839 140.49674063 0.99609375
v 150.486058383 444.532001025 144.473888104 0.99609375
v 150.685933247 444.591430946 138.777540357 0.99609375
v 150.523739189 444.579552502 144.100589472 0.99609375
v 150.251574022 444.887059043 137.476488601 0.99609375
v 150.413119277 444.978404847 144.263950507 0.99609375
v 150.341687774 445.171773154 135.723733469 0.99609375
v 150.750210934 445.549186762 144.804503617 0.99609375
v 150.221127922 445.798697133 134.699550612 0.99609375
v 150.408675641 445.764232875 145.049181595 0.99609375
v 150.25309524 445.804997038 133.973193713 0.99609375
v 150.596534416 445.987187843 144.893973191 0.99609375
v 150.309323149 446.141560363 132.290163999 0.99609375
v 150.63815692 446.594724407 145.516863871 0.99609375
v 150.519349192 446.356052467 130.455462602 0.99609375
v 150.795618572 446.321554056 145.516536281 0.99609375
v 150.799931797 447.042701865 129.926957476 0.99609375
v 150.668443352 446.809950056 145.530404751 0.99609375
v 150.408511431 447.406850845 129.876862564 0.99609375
v 150.784607974 446.97686996 146.078883388 0.99609375
v 150.312094648 447.230397857 129.737866778 0.99609375
v 150.654369885 447.258029023 146.74840601 0.99609375
v 150.478307091 447.930745479 129.548897634 0.99609375
v 150.570789552 447.513959062 147.259477297 0.99609375
v 150.568324704 447.853303891 129.500901493 0.99609375
v 150.641514004 448.052698222 146.890575515 0.99609375
v 150.743226167 448.599294445 129.646395736 0.99609375
v 150.675492592 448.405368173 147.384238959 0.99609375
v 150.417047404 448.803936673 129.646238913 0.99609375
v 150.671695116 448.476280644 148.315641581 0.99609375
v 150.788366427 449.13893234 130.37841581 0.99609375
v 150.759344862 448.644854231 147.503534464 0.99609375
v 150.72869715 449.257779919 129.982042056 0.99609375
v 150.719540709 449.090728285 148.536810703 0.99609375
v 150.609300892 449.292397147 130.508856726 0.99609375
v 150.6177168 449.381575562 148.539438045 0.99609375
v 150.368826545 449.724143802 130.469112862 0.99609375
v 150.731683041 449.787308831 149.195152307 0.99609375
v 150.559713386 450.016436069 130.999329918 0.99609375
v 150.416859643 450.25654163 148.674775763 0.99609375
v 150.690101554 450.226533385 130.487279069 0.99609375
v 150.746840158 450.37768183 149.828655426 0.99609375
v 150.249849014 450.567635616 130.811463355 0.99609375
v 150.763652317 450.543426136 149.249816676 0.99609375
v 150.665761072 450.852558799 130.723670838 0.99609375
v 150.501382771 451.03807808 150.415474644 0.99609375
v 150.318261123 451.266453059 130.743290345 0.99609375
v 150.269368234 451.10065322 150.039410629 0.99609375
v 150.553604541 451.247431265 131.003091924 0.99609375
v 150.242446211 451.722019867 150.437577939 0.99609375
v 150.690753121 452.027499784 130.974342777 0.99609375
v 150.620250355 451.688396036 150.01838827 0.99609375
v 150.407570664 452.297409364 131.284752063 0.99609375
v 150.642393071 451.970407005 151.027419962 0.99609375
v 150.555748342 452.207207459 131.203426036 0.99609375
v 150.720087753 452.412757289 151.043465949 0.99609375
v 150.221590724 452.922135157 131.170807668 0.99609375
v 150.778217058 452.597796965 151.332232638 0.99609375
v 150.290166378 453.269842572 131.401610523 0.99609375
v 150.632362358 452.863604109 151.964601963 0.99609375
v 150.697785743 453.187540002 130.97179573 0.99609375
v 150.335460696 453.14684227 152.476431941 0.99609375
v 150.787866836 453.561296503 131.136290767 0.99609375
v 150.267344117 453.272208557 152.36376142 0.99609375
v 150.495031695 453.734662401 131.917697355 0.99609375
v 150.736854561 453.991301555 152.132657727 0.99609375
v 150.631071818 453.954972843 131.210482285 0.99609375
v 150.679328822 454.380912301 152.413967715 0.99609375
v 150.625086011 454.225604712 131.430893716 0.99609375
v 150.737637447 454.172742229 152.795173521 0.99609375
v 150.334625182 454.635669228 132.331971486 0.99609375
v 150.795576167 454.516869239 153.389574252 0.99609375
v 150.272732477 454.900192694 132.757667959 0.99609375
v 150.429603602 455.028746378 153.124023486 0.99609375
v 150.320050516 455.025045747 132.898965424 0.99609375
v 150.538646616 455.139132107 152.926648914 0.99609375
v 150.447264116 455.510933087 132.252435723 0.99609375
v 150.560986437 455.596482296 153.392052454 0.99609375
v 150.571141145 456.015838174 132.690376502 0.99609375
v 150.296530047 455.720648516 153.182541306 0.99609375
v 150.754349479 456.423018874 132.341156574 0.99609375
v 150.405593092 456.02921402 152.954717731 0.99609375
v 150.416431045 456.175990804 132.66415166 0.99609375
v 150.743610034 456.173704217 153.00548627 0.99609375
v 150.635821249 456.643759309 132.797676976 0.99609375
v 150.603530962 456.83352633 153.478754245 0.99609375
v 150.431351558 457.233089781 132.028174284 0.99609375
v 150.447898235 456.877888602 153.088897926 0.99609375
v 150.72402926 457.263647398 132.536982315 0.99609375
v 150.621398975 457.527622207 152.087188341 0.99609375
v 150.606279497 457.458837546 137.042140001 0.99609375
v 150.643460034 457.365471019 152.16463597 0.99609375
v 150.679638386 458.164926199 137.881471009 0.99609375
v 150.319665472 457.729118056 152.180394883 0.99609375
v 150.551452108 457.936715394 137.675194572 0.99609375
v 150.437629365 458.310712192 152.437631907 0.99609375
v 150.548058259 458.289012519 137.603410938 0.99609375
v 150.344453586 458.580494901 151.758179203 0.99609375
v 150.626585746 458.760212662 138.991590055 0.99609375
v 150.627057609 458.752501126 151.187467248 0.99609375
v 150.669960678 458.935317659 138.97312206 0.99609375
v 150.587954598 444.15833138 143.14384709 0.99609375
v 150.802165793 444.184696198 144.249658852 0.99609375
v 150.767761245 444.302155337 141.02973637 0.99609375
v 150.79169512 444.543328517 144.215205001 0.99609375
v 150.814531426 444.437082382 139.675381125 0.99609375
v 150.913320587 444.544809141 144.149551922 0.99609375
v 151.077454711 444.842558479 138.91464397 0.99609375
v 151.018080146 445.116524539 144.556923852 0.99609375
v 150.658388285 444.929014623 137.416094054 0.99609375
v 150.77246229 445.241107693 144.294304481 0.99609375
v 150.604769801 445.394219343 136.428265674 0.99609375
v 151.035515937 445.412777639 144.224913204 0.99609375
v 150.540453929 445.585984297 134.79823905 0.99609375
v 150.850123979 445.768921706 144.501156524 0.99609375
v 150.6234074 445.91966448 133.006871514 0.99609375
v 150.721090244 446.135381203 145.046376573 0.99609375
v 151.028773176 446.138773864 131.580765084 0.99609375
v 150.516822649 446.300322956 145.725732924 0.99609375
v 150.935832982 446.518641068 130.374384036 0.99609375
v 150.711607242 446.422910809 145.181977369 0.99609375
v 150.617587802 447.067178534 129.125552417 0.99609375
v 150.584351213 446.748522801 146.309235901 0.99609375
v 150.831247361 447.330456735 129.101780686 0.99609375
v 150.793130514 446.932282702 146.786280699 0.99609375
v 151.069038409 447.359825048 129.089151125 0.99609375
v 150.516111431 447.675621377 146.988605565 0.99609375
v 151.039329671 448.042301811 129.97572141 0.99609375
v 150.861390164 447.622806886 147.14211391 0.99609375
v 151.040093557 448.10937662 129.427545017 0.99609375
v 150.627985583 448.178881931 146.747028301 0.99609375
v 150.618457808 448.292161786 129.355165489 0.99609375
v 150.698329771 448.164031037 147.070252067 0.99609375
v 150.637532463 448.638727351 130.364809605 0.99609375
v 150.820218508 448.670383586 148.123014646 0.99609375
v 151.063945995 449.108229022 129.611344267 0.99609375
v 150.791059451 448.744775032 148.049567706 0.99609375
v 151.049495702 449.425889567 130.062406956 0.99609375
v 150.927930055 449.169361516 148.014265908 0.99609375
v 150.671191136 449.308358505 130.315488211 0.99609375
v 150.657488812 449.322000094 148.376538534 0.99609375
v 151.059156666 449.540075637 129.565552883 0.99609375
v 150.914027029 449.797136753 149.27465438 0.99609375
v 150.942624269 450.280020719 129.807141792 0.99609375
v 150.568794511 449.833088858 148.70971056 0.99609375
v 150.626401997 450.521220859 130.724541049 0.99609375
v 150.763123094 450.460739466 149.133470397 0.99609375
v 150.865305418 450.642492894 130.395198099 0.99609375
v 150.969598718 450.857538528 149.912333849 0.99609375
v 150.903470718 451.020956565 130.78772371 0.99609375
v 150.922669253 450.958034475 150.321410143 0.99609375
v 151.038904807 451.18984852 130.244122306 0.99609375
v 150.925525706 451.485884105 150.05399699 0.99609375
v 150.828504719 451.443300577 130.850596486 0.99609375
v 150.97802979 451.744370854 150.06331137 0.99609375
v 150.67950028 451.780384439 130.315856071 0.99609375
v 150.623493289 452.064860689 150.250235942 0.99609375
v 151.011761677 452.343830001 130.385361821 0.99609375
v 151.030843641 451.823113875 151.23910624 0.99609375
v 150.896651651 452.125013012 130.874231412 0.99609375
v 150.63647131 452.205183335 151.597596197 0.99609375
v 150.601144705 452.511051501 131.353703131 0.99609375
v 150.537410387 452.628895051 151.719624768 0.99609375
v 150.525179134 453.029129276 130.907710389 0.99609375
v 151.05328319 452.955654058 152.015318882 0.99609375
v 150.51745054 453.549605314 131.195119492 0.99609375
v 150.561937772 453.559402292 151.561641328 0.99609375
v 150.61526963 453.675679515 131.453520154 0.99609375
v 150.936342489 453.607436045 152.521750295 0.99609375
v 150.836674514 453.849763787 131.757537355 0.99609375
v 151.064133312 453.818471677 152.934275947 0.99609375
v 150.650559004 454.063466512 131.506919057 0.99609375
v 150.632328109 454.081218199 152.744999177 0.99609375
v 151.015396443 454.377776378 131.982466629 0.99609375
v 150.711845579 454.310474682 152.844913274 0.99609375
v 150.785003429 454.922969253 132.64016491 0.99609375
v 150.862012787 454.728733438 152.92207307 0.99609375
v 150.538557601 454.811434093 132.165044834 0.99609375
v 150.549128592 454.956575502 152.614901987 0.99609375
v 150.939356151 455.407187734 132.013879001 0.99609375
v 150.872827132 455.565260438 152.632626524 0.99609375
v 150.844025801 455.307820278 132.895196399 0.99609375
v 151.086202859 455.695421987 152.519437375 0.99609375
v 150.715376481 455.69644974 132.328940881 0.99609375
v 150.922790269 455.832102079 152.562607026 0.99609375
v 150.964737936 456.352604806 132.568553086 0.99609375
v 150.645735445 456.323077216 153.083870311 0.99609375
v 150.606867227 456.654336648 132.375460557 0.99609375
v 150.613322789 456.253258249 152.81408292 0.99609375
v 150.769447847 456.879789238 132.742464193 0.99609375
v 150.674043424 456.765895571 153.236968903 0.99609375
v 150.804561735 456.990329368 132.122970892 0.99609375
v 150.539938179 457.25752435 153.205515749 0.99609375
v 151.081061855 457.465932217 132.149156513 0.99609375
v 150.573778722 457.611124118 152.465745777 0.99609375
v 150.615702259 457.873713472 132.581440882 0.99609375
v 150.563101261 457.5642753 152.035823229 0.99609375
v 150.769451729 458.061345252 137.210045651 0.99609375
v 150.729773945 457.896649753 152.399241566 0.99609375
v 150.557197235 458.416126027 136.920486277 0.99609375
v 150.972184683 458.442003519 152.720789796 0.99609375
v 150.730896604 458.706034681 137.701622497 0.99609375
v 150.866401549 458.24149127 151.651928622 0.99609375
v 150.927543585 458.680295807 137.571761833 0.99609375
v 150.741193673 458.844120922 150.898860488 0.99609375
v 150.802029554 459.189586157 138.93925439 0.99609375
v 150.935495727 443.918711601 143.24821989 0.99609375
v 150.909193618 444.011339392 144.310967562 0.99609375
v 151.112309835 444.355377616 141.150599397 0.99609375
v 151.05743898 444.236311157 143.994273286 0.99609375
v 150.801637988 444.450766283 139.530317565 0.99609375
v 151.035323001 444.478444126 144.483975832 0.99609375
v 151.242449077 444.600119614 139.471675967 0.99609375
v 150.943272391 444.890859875 144.799446557 0.99609375
v 150.907274201 445.434401683 137.218630371 0.99609375
v 151.241059183 445.39063624 144.265105436 0.99609375
v 151.128321409 445.537183274 135.876034124 0.99609375
v 150.892134982 445.631225256 144.009038013 0.99609375
v 151.122671269 445.708367026 134.582815004 0.99609375
v 150.966784886 446.000512023 144.933204014 0.99609375
v 150.959635275 445.858791951 133.312938094 0.99609375
v 151.306297182 446.140448326 145.074402124 0.99609375
v 150.878052886 446.026998571 131.943672244 0.99609375
v 150.993301277 446.214591758 145.489827681 0.99609375
v 150.883489993 446.691431514 130.464215112 0.99609375
v 151.211006988 446.715751972 145.794389127 0.99609375
v 150.986042911 446.940277195 129.202951881 0.99609375
v 151.043562097 446.89995264 145.774274985 0.99609375
v 151.315642373 447.177818408 128.658220135 0.99609375
v 151.310540258 447.017646102 146.766521951 0.99609375
v 151.047468702 447.268793381 129.100026851 0.99609375
v 150.82613825 447.354231771 146.738521701 0.99609375
v 151.192601174 447.938971715 129.712304793 0.99609375
v 151.088634549 447.822342993 146.885577157 0.99609375
v 151.09832939 447.839227197 129.689697909 0.99609375
v 151.101048893 448.045990014 146.992723373 0.99609375
v 150.851978385 448.340787016 129.969540853 0.99609375
v 150.857600684 448.447466592 147.698037969 0.99609375
v 151.00202675 448.383779359 129.348609315 0.99609375
v 151.049749384 448.559051225 147.050776546 0.99609375
v 151.104227272 448.773967402 129.611272002 0.99609375
v 151.053905372 449.089776367 147.735486767 0.99609375
v 151.074732346 448.93217238 130.398747933 0.99609375
v 151.000773161 449.206174472 148.488448077 0.99609375
v 151.108741122 449.539678238 130.368207581 0.99609375
v 150.93106444 449.580005873 148.441777349 0.99609375
v 151.166505539 449.763441284 129.506279443 0.99609375
v 150.815081296 449.509536515 148.577902276 0.99609375
v 151.141585005 449.920635286 129.703085166 0.99609375
v 150.807701443 449.922375196 149.346133446 0.99609375
v 151.379345825 450.427883888 130.441623105 0.99609375
v 151.267170264 450.213809056 149.659918275 0.99609375
v 151.005668382 450.631243405 130.023364919 0.99609375
v 151.267299421 450.72283247 149.57265496 0.99609375
v 151.371358147 450.903131668 130.501271199 0.99609375
v 151.264769946 450.777293752 150.242494591 0.99609375
v 150.96712984 451.337221475 130.907963277 0.99609375
v 151.04478358 451.177272064 150.447910566 0.99609375
v 151.140602244 451.436115256 130.194443123 0.99609375
v 150.96954697 451.562643902 150.615888704 0.99609375
v 151.149899852 451.956119514 130.97321998 0.99609375
v 151.115222404 451.930836938 150.027293157 0.99609375
v 151.344146811 452.305754873 130.971828413 0.99609375
v 151.280692136 452.270263194 150.965530156 0.99609375
v 151.083988474 452.207529371 130.322130598 0.99609375
v 151.218398348 452.28579842 151.264152861 0.99609375
v 150.887759251 452.795794297 131.214293178 0.99609375
v 150.967079017 452.657983186 151.175557133 0.99609375
v 151.19785601 453.099916704 131.324235327 0.99609375
v 151.125882562 453.187363895 151.561521333 0.99609375
v 150.816753142 452.987196741 130.973676421 0.99609375
v 151.270074895 453.321441245 151.606829209 0.99609375
v 151.346411454 453.450628194 131.267913117 0.99609375
v 150.807036032 453.759491583 152.041689403 0.99609375
v 151.193687346 453.81232415 131.488408914 0.99609375
v 151.376234535 453.564932038 152.831852805 0.99609375
v 150.928009358 454.141517079 131.598616686 0.99609375
v 151.200290326 453.856794016 152.912408242 0.99609375
v 151.194502544 454.409158336 131.919689208 0.99609375
v 151.306881219 454.498702847 152.819064301 0.99609375
v 150.995958532 454.690204111 131.059849081 0.99609375
v 150.957756301 454.793294668 153.159472586 0.99609375
v 151.159243563 455.157057023 132.331864428 0.99609375
v 151.237099584 454.925175016 152.634574154 0.99609375
v 150.828255838 455.358044999 132.126023755 0.99609375
v 151.080919677 455.288813785 153.168651585 0.99609375
v 151.137745468 455.831087527 132.048673721 0.99609375
v 150.91902553 455.330762618 153.247224007 0.99609375
v 150.823477992 456.009072099 132.282980625 0.99609375
v 151.077797989 455.991374296 153.420289277 0.99609375
v 151.078688564 456.091750105 132.448205784 0.99609375
v 151.159845896 456.181310415 152.663174171 0.99609375
v 151.02728709 456.227702243 132.650140795 0.99609375
v 151.17992216 456.311598714 153.052268321 0.99609375
v 151.304421123 456.992534517 132.483434735 0.99609375
v 150.85929776 456.586201925 153.35555125 0.99609375
v 151.36759254 457.22689756 132.006148029 0.99609375
v 150.981610963 457.060622102 152.943420578 0.99609375
v 151.03917775 457.295397961 132.817074645 0.99609375
v 151.225619783 457.182955331 152.697716921 0.99609375
v 151.154369899 457.553585361 132.582788438 0.99609375
v 150.981362746 457.416024109 152.837238941 0.99609375
v 150.819885579 457.710783346 137.469701632 0.99609375
v 150.824670213 457.688704234 152.522363207 0.99609375
v 151.095118968 458.306327047 136.794771249 0.99609375
v 150.945238155 458.487863617 152.585706805 0.99609375
v 151.180062117 458.298937972 137.961501265 0.99609375
v 151.375344481 458.245137833 152.411757904 0.99609375
v 151.236238367 458.616594282 137.646497399 0.99609375
v 150.874463866 458.553706668 151.327347741 0.99609375
v 151.374633325 458.829603278 137.621714346 0.99609375
v 151.005542809 458.933082023 138.822858396 0.99609375
v 151.49165672 444.113902671 142.804382362 0.99609375
v 151.509502909 444.255128181 144.391277542 0.99609375
v 151.66477459 444.187283637 141.823040707 0.99609375
v 151.576991919 444.233084897 144.196654625 0.99609375
v 151.363000592 444.587073359 140.002697734 0.99609375
v 151.565480893 444.659797198 144.040302273 0.99609375
v 151.097459279 445.081344832 139.263036602 0.99609375
v 151.422295254 444.9786727 144.576902634 0.99609375
v 151.363943096 445.011328795 137.581204868 0.99609375
v 151.586794196 444.898940853 144.093316347 0.99609375
v 151.391366647 445.19207474 135.531319713 0.99609375
v 151.128377715 445.237196895 144.02989419 0.99609375
v 151.460795384 445.510324724 134.696201836 0.99609375
v 151.142194417 445.822317175 144.643593716 0.99609375
v 151.427057037 445.992130396 133.854694736 0.99609375
v 151.221990552 446.04288241 145.424033212 0.99609375
v 151.117247168 446.035335473 131.895748772 0.99609375
v 151.596905699 446.31381493 145.258021882 0.99609375
v 151.37023973 446.412012612 130.479202704 0.99609375
v 151.223004338 446.471209033 145.316958256 0.99609375
v 151.266193188 447.06320048 129.375644633 0.99609375
v 151.577024944 447.090150885 145.668116968 0.99609375
v 151.598070587 446.983227925 129.066751912 0.99609375
v 151.132849157 447.122825417 146.009500563 0.99609375
v 151.50641293 447.604231656 129.077312842 0.99609375
v 151.445631099 447.559542124 146.695571767 0.99609375
v 151.37305031 447.897297957 128.563357505 0.99609375
v 151.478725573 447.661745297 147.487143164 0.99609375
v 151.655261408 448.102846215 128.899624343 0.99609375
v 151.117072843 448.24477061 146.859575097 0.99609375
v 151.601536547 448.322837386 129.843748417 0.99609375
v 151.421573367 448.212647901 147.658852329 0.99609375
v 151.575899092 448.585768412 129.894388735 0.99609375
v 151.457313781 448.649706976 147.207957883 0.99609375
v 151.65985799 448.87114703 129.293705096 0.99609375
v 151.540051496 448.981980864 147.52202752 0.99609375
v 151.365600384 449.366458811 129.81040356 0.99609375
v 151.596935769 449.42888516 148.68735827 0.99609375
v 151.352646196 449.464776477 129.032914904 0.99609375
v 151.497317847 449.364819995 148.984505835 0.99609375
v 151.45902114 449.959382561 129.972397206 0.99609375
v 151.144991094 449.570916526 149.152428091 0.99609375
v 151.105188433 449.965983923 130.421196572 0.99609375
v 151.567424008 450.126600511 149.281976172 0.99609375
v 151.598623144 450.264891008 130.055341823 0.99609375
v 151.318180375 450.355784946 149.225819447 0.99609375
v 151.385786511 450.525416399 129.624743713 0.99609375
v 151.206408244 450.726710932 149.36435381 0.99609375
v 151.505666875 450.834987847 130.319076412 0.99609375
v 151.54808876 450.715818382 149.970909964 0.99609375
v 151.646075131 451.473740298 130.367150941 0.99609375
v 151.102359723 451.512726554 149.92681869 0.99609375
v 151.47053322 451.318765779 130.749496599 0.99609375
v 151.147600012 451.764160948 150.710115851 0.99609375
v 151.258779285 451.830824795 130.600184235 0.99609375
v 151.19630117 451.603052374 150.735838248 0.99609375
v 151.426921038 452.267601522 130.796756474 0.99609375
v 151.491458186 452.11133996 151.233452426 0.99609375
v 151.20244043 452.639765438 130.983010791 0.99609375
v 151.221702227 452.216383859 151.967969649 0.99609375
v 151.353162326 452.411523926 130.229307741 0.99609375
v 151.295977192 452.894855086 151.133481419 0.99609375
v 151.431392858 453.184085234 130.94913337 0.99609375
v 151.373895875 453.084689643 151.99694594 0.99609375
v 151.165935358 453.261317041 131.012290172 0.99609375
v 151.260980987 453.507743544 151.801188696 0.99609375
v 151.343228131 453.618939309 130.93802418 0.99609375
v 151.19296014 453.44789532 152.780252575 0.99609375
v 151.625140873 453.598997811 131.467171751 0.99609375
v 151.185403765 453.802343903 152.140800723 0.99609375
v 151.535455377 454.045715923 131.463341989 0.99609375
v 151.257070935 454.240726043 152.118532172 0.99609375
v 151.51280091 454.469032292 131.163311954 0.99609375
v 151.316185363 454.455582012 152.849149354 0.99609375
v 151.097600564 454.469872957 131.656221011 0.99609375
v 151.452407164 454.913753368 153.007157025 0.99609375
v 151.208681438 454.884180331 132.147434633 0.99609375
v 151.255314845 455.100655749 153.281355779 0.99609375
v 151.485287045 455.067278648 132.513567753 0.99609375
v 151.155279578 455.471113504 152.960860704 0.99609375
v 151.507806602 455.789487953 132.044046966 0.99609375
v 151.634169883 455.495699596 152.675420303 0.99609375
v 151.644125551 455.632967922 132.658406475 0.99609375
v 151.627487327 455.594127076 153.055594399 0.99609375
v 151.159692098 456.278426861 132.875002042 0.99609375
v 151.490855597 456.164090445 153.220202426 0.99609375
v 151.667748245 456.625903995 132.872598358 0.99609375
v 151.464404999 456.257535951 153.057036046 0.99609375
v 151.574909957 456.718420357 132.713186879 0.99609375
v 151.46260228 456.614286264 152.781987961 0.99609375
v 151.246946664 457.258469451 132.55069357 0.99609375
v 151.624800134 457.307621972 152.600679957 0.99609375
v 151.565665571 457.237812506 132.00967759 0.99609375
v 151.629483704 457.604708498 152.995184459 0.99609375
v 151.200217025 457.508408814 132.130885204 0.99609375
v 151.484376415 457.576455999 152.055705835 0.99609375
v 151.313327043 458.159584809 135.404808213 0.99609375
v 151.586929958 458.098380315 152.847459004 0.99609375
v 151.41239911 458.422655446 136.987878452 0.99609375
v 151.355708079 458.149772869 152.033426544 0.99609375
v 151.359329547 458.582909527 137.29175904 0.99609375
v 151.205976776 458.439865597 151.663450641 0.99609375
v 151.212206524 458.778764855 137.867883193 0.99609375
v 151.656550425 459.03894994 151.41333048 0.99609375
v 151.158405786 458.781565422 137.426867821 0.99609375
v 151.360827162 458.933521832 139.020592891 0.99609375
v 151.34153235 459.343027565 137.594976841 0.99609375
v 151.892381779 443.973534706 143.210927118 0.99609375
v 151.386842593 443.845046434 143.562270563 0.99609375
v 151.741523345 444.085178946 141.582643304 0.99609375
v 151.701677814 444.403420237 144.43447269 0.99609375
v 151.4043936 444.845517191 139.521757414 0.99609375
v 151.956390003 444.81563841 143.584635346 0.99609375
v 151.463734519 444.848594438 139.099868169 0.99609375
v 151.47395286 444.827605072 144.061837354 0.99609375
v 151.798825155 445.408613409 137.498894475 0.99609375
v 151.778059203 445.278293788 144.961824446 0.99609375
v 151.382010116 445.350430316 136.411588178 0.99609375
v 151.579034989 445.585782378 144.076534985 0.99609375
v 151.912446171 445.818412642 135.472035429 0.99609375
v 151.82464481 445.755083443 144.532111686 0.99609375
v 151.771171819 446.283882703 133.868907426 0.99609375
v 151.772267163 445.966366777 145.484010262 0.99609375
v 151.853640508 446.358698322 132.330706757 0.99609375
v 151.733484345 446.241057756 145.023846608 0.99609375
v 151.764175402 446.356105895 130.253021516 0.99609375
v 151.767207722 446.548908668 145.421387589 0.99609375
v 151.748917083 446.884834189 129.176620361 0.99609375
v 151.730192871 447.033350575 145.79083019 0.99609375
v 151.458406891 447.390160992 128.914823026 0.99609375
v 151.891053221 447.216660766 145.560151161 0.99609375
v 151.767977017 447.530921551 128.872301101 0.99609375
v 151.719282056 447.629969959 146.715156961 0.99609375
v 151.569566874 448.03689945 128.735283365 0.99609375
v 151.524631196 447.740071633 147.256086387 0.99609375
v 151.472153837 447.909064841 129.250023133 0.99609375
v 151.790398524 448.11795604 146.688986212 0.99609375
v 151.728723239 448.194151827 128.540108859 0.99609375
v 151.694841226 448.520884027 147.810131375 0.99609375
v 151.836913869 448.505491664 128.507329505 0.99609375
v 151.40728685 448.38937408 147.906925742 0.99609375
v 151.708657134 449.022652706 129.505081824 0.99609375
v 151.520918271 448.967063434 148.439066154 0.99609375
v 151.685493739 448.929541034 129.252005921 0.99609375
v 151.639507924 449.380351726 148.550724455 0.99609375
v 151.873438162 449.556858844 129.018106166 0.99609375
v 151.772492931 449.466901516 148.697267687 0.99609375
v 151.818081722 449.788084476 129.977005521 0.99609375
v 151.743465643 449.998492598 149.485419209 0.99609375
v 151.923486387 450.191516946 129.730456991 0.99609375
v 151.429660829 450.281753639 149.052053635 0.99609375
v 151.597300833 450.329477596 129.638425151 0.99609375
v 151.892480965 450.465382737 149.344949089 0.99609375
v 151.883744649 450.534521427 129.947814037 0.99609375
v 151.846471737 450.473515769 149.760382349 0.99609375
v 151.530607652 450.880005283 130.281839341 0.99609375
v 151.829274265 451.038363665 149.500186257 0.99609375
v 151.801242314 451.060977818 129.860280394 0.99609375
v 151.505690641 451.287922585 149.577865635 0.99609375
v 151.387871452 451.689909073 130.397659056 0.99609375
v 151.83221018 451.737528007 150.26313154 0.99609375
v 151.503123449 451.96896799 130.458045886 0.99609375
v 151.731477531 451.774908997 150.513370874 0.99609375
v 151.805745499 452.298586335 130.025722082 0.99609375
v 151.490985061 452.075914058 150.791559146 0.99609375
v 151.714733884 452.118270015 130.940119724 0.99609375
v 151.876045832 452.347627511 151.51596271 0.99609375
v 151.622178205 452.43235072 130.745935008 0.99609375
v 151.715630173 452.977297476 151.780783922 0.99609375
v 151.428091552 453.0520195 130.097384526 0.99609375
v 151.927866764 452.85711797 151.866418244 0.99609375
v 151.862229978 453.078660825 130.080722773 0.99609375
v 151.936457632 453.480092134 151.867283039 0.99609375
v 151.742523012 453.403703386 130.196446816 0.99609375
v 151.718939215 453.761858214 152.273940991 0.99609375
v 151.946607113 454.06334506 130.644742275 0.99609375
v 151.783944196 453.871749531 152.102780541 0.99609375
v 151.65186697 454.135034738 131.230520266 0.99609375
v 151.71876454 454.171721425 152.472910313 0.99609375
v 151.911570554 454.417563389 131.265862254 0.99609375
v 151.922977215 454.469190909 152.165724632 0.99609375
v 151.891905449 454.595964207 131.124046946 0.99609375
v 151.94207713 454.892714403 152.539198165 0.99609375
v 151.610613184 454.944333701 131.56272834 0.99609375
v 151.90712143 455.099839654 153.012022736 0.99609375
v 151.950303218 455.258718202 132.140467855 0.99609375
v 151.40609685 455.173421803 153.362884206 0.99609375
v 151.520703751 455.365653263 132.680457251 0.99609375
v 151.656226526 455.326918537 152.63348538 0.99609375
v 151.862844425 455.614891908 132.582110709 0.99609375
v 151.430542722 455.909488122 153.270551516 0.99609375
v 151.948159797 456.036691412 132.896335105 0.99609375
v 151.892200333 455.887234128 152.819335948 0.99609375
v 151.465334671 456.359141336 132.110321771 0.99609375
v 151.660852079 456.352585918 153.305608787 0.99609375
v 151.689571874 456.637139755 132.909146724 0.99609375
v 151.908779681 456.635175066 152.738322905 0.99609375
v 151.427926153 456.869231313 132.20488603 0.99609375
v 151.927372724 456.812743933 153.073806047 0.99609375
v 151.721258425 457.119328962 132.52825268 0.99609375
v 151.528402941 457.051530174 152.638363813 0.99609375
v 151.615413164 457.48985433 135.127675193 0.99609375
v 151.566330678 457.391094229 152.82620578 0.99609375
v 151.847189181 457.826755537 135.017170221 0.99609375
v 151.5718534 457.898498574 152.690551199 0.99609375
v 151.553945167 458.004288936 136.579787984 0.99609375
v 151.690953568 458.113763736 152.635338137 0.99609375
v 151.861084289 458.459291164 137.334467848 0.99609375
v 151.676615617 458.42191334 152.065852961 0.99609375
v 151.659897535 458.763620216 137.515973712 0.99609375
v 151.810833444 458.628373075 151.430713068 0.99609375
v 151.878734818 459.255710232 137.940218806 0.99609375
v 151.63979007 459.404212554 137.294565755 0.99609375
v 152.227713659 444.237841554 142.8272129 0.99609375
v 151.834853464 444.123484249 143.584369657 0.99609375
v 152.113823593 444.301114789 141.497830568 0.99609375
v 151.99503996 444.477925518 143.536912435 0.99609375
v 151.98638544 444.480731313 140.293219167 0.99609375
v 151.700581194 444.639044217 144.30472819 0.99609375
v 151.795476303 444.855443698 138.52760856 0.99609375
v 151.87498086 445.093315599 144.409756727 0.99609375
v 151.970128488 445.13566857 137.660025234 0.99609375
v 152.084760259 445.258610313 144.715498497 0.99609375
v 151.875047576 445.542281117 135.631017638 0.99609375
v 152.120282813 445.23442925 144.951001279 0.99609375
v 152.018140591 445.790222481 134.666993619 0.99609375
v 151.88520593 445.81320175 145.327247376 0.99609375
v 152.086086927 445.940050833 133.404625366 0.99609375
v 152.114127046 445.841051753 144.832566752 0.99609375
v 152.007412218 446.496232409 131.814647345 0.99609375
v 152.067147461 446.380378536 145.58327391 0.99609375
v 152.104923441 446.426262298 130.618332953 0.99609375
v 152.183911241 446.586840165 145.947677713 0.99609375
v 151.745150763 446.724808239 128.592965766 0.99609375
v 152.249180055 446.737579358 146.100971273 0.99609375
v 151.836044076 447.165012731 128.279910978 0.99609375
v 152.12735886 447.195598862 145.703122674 0.99609375
v 151.914550939 447.270157676 128.992984966 0.99609375
v 152.200800604 447.516776909 146.128804868 0.99609375
v 152.05322379 447.727812729 128.363992668 0.99609375
v 151.83060529 447.758830771 146.217995854 0.99609375
v 151.70196035 448.266456025 128.981097386 0.99609375
v 151.751867557 448.046905784 147.447226281 0.99609375
v 152.181678041 448.522755993 128.732947712 0.99609375
v 152.203978187 448.14964237 147.058603142 0.99609375
v 152.212566669 448.843153783 128.947793466 0.99609375
v 151.985478465 448.579355619 147.706287241 0.99609375
v 152.045690234 448.763171985 129.486284478 0.99609375
v 152.024837902 448.907729395 147.694359558 0.99609375
v 151.796577348 449.143627971 129.607934842 0.99609375
v 151.958766473 449.410323926 148.423194648 0.99609375
v 152.089476647 449.738730086 129.819093617 0.99609375
v 152.122849315 449.592375573 148.409099354 0.99609375
v 151.897512693 449.983760299 129.50644635 0.99609375
v 151.735497927 449.790307596 149.094727115 0.99609375
v 152.052451872 449.94360679 129.537906245 0.99609375
v 151.94142799 450.097186273 149.229666375 0.99609375
v 152.120538107 450.307270079 129.577925827 0.99609375
v 152.034085161 450.199786295 149.166939058 0.99609375
v 152.055285012 450.400020828 129.596563295 0.99609375
v 152.187878676 450.610353366 149.60586939 0.99609375
v 151.712514653 450.921808259 129.645280934 0.99609375
v 151.723711881 450.898228109 150.236831603 0.99609375
v 152.2306934 451.373689769 130.133657824 0.99609375
v 151.945129523 451.125219143 150.344040912 0.99609375
v 151.958835072 451.688742644 130.3721647 0.99609375
v 152.004845804 451.790433872 150.771590271 0.99609375
v 151.976008489 451.856639804 129.917248054 0.99609375
v 151.906783724 452.098121983 150.292842749 0.99609375
v 151.825079899 452.037035271 130.306972959 0.99609375
v 151.821424926 452.175811278 150.72096351 0.99609375
v 151.703852673 452.16007878 130.714542239 0.99609375
v 151.810842139 452.165856464 150.791339697 0.99609375
v 151.934975094 452.683566649 130.543923353 0.99609375
v 151.744314642 452.590770721 151.258949664 0.99609375
v 151.91403359 453.006080137 130.17780465 0.99609375
v 152.094817825 452.884140266 151.558169747 0.99609375
v 152.088672109 453.024328497 130.659799834 0.99609375
v 151.830132094 453.132827108 152.046667076 0.99609375
v 151.874332707 453.519187532 130.1681043 0.99609375
v 152.132517693 453.740495663 152.431067264 0.99609375
v 152.210619054 453.789800146 130.597022664 0.99609375
v 152.16985366 453.593749177 152.922104434 0.99609375
v 152.242666252 453.904719885 131.348275181 0.99609375
v 151.854829113 453.901329353 152.316169645 0.99609375
v 152.112700223 454.685072161 131.582756827 0.99609375
v 151.706920003 454.268045452 152.334822885 0.99609375
v 151.824829918 454.624077791 131.910222715 0.99609375
v 151.900093126 454.738425129 152.825011504 0.99609375
v 151.677894273 455.189365095 131.805144221 0.99609375
v 151.868496534 455.113926766 153.187238233 0.99609375
v 152.028774956 455.132709209 131.380055494 0.99609375
v 151.722762376 455.131439057 152.512753736 0.99609375
v 151.988740315 455.836217953 132.185704699 0.99609375
v 152.073294625 455.641450875 152.569651738 0.99609375
v 151.945026139 455.665767566 132.609620632 0.99609375
v 152.24854177 455.992753693 152.99491667 0.99609375
v 152.076364256 455.992841229 132.183724708 0.99609375
v 151.679039583 456.270419688 152.868508919 0.99609375
v 152.003058751 456.435764719 132.231178539 0.99609375
v 151.918797457 456.387945866 153.465477184 0.99609375
v 152.200005648 456.828168237 132.384063061 0.99609375
v 152.027504641 456.703117835 153.006260509 0.99609375
v 151.811069582 457.068424678 132.136077401 0.99609375
v 151.813117888 457.180223962 152.805661933 0.99609375
v 152.007788435 457.449073994 132.202112978 0.99609375
v 151.707602186 457.423639067 152.477281925 0.99609375
v 151.904272535 457.460061722 134.638837492 0.99609375
v 151.870227276 457.428920801 152.405127233 0.99609375
v 151.738532023 457.620470536 134.690966919 0.99609375
v 152.004672198 457.62934667 152.026997841 0.99609375
v 152.025409875 458.298694455 136.712411378 0.99609375
v 151.67853173 458.026224048 152.701623683 0.99609375
v 152.117864785 458.554159932 137.188089801 0.99609375
v 151.710385772 458.768509598 152.389343923 0.99609375
v 152.235676417 458.909850504 137.064195206 0.99609375
v 151.801648656 458.538471219 151.403870497 0.99609375
v 151.68004936 459.342572227 137.331056702 0.99609375
v 151.734714074 459.448930695 137.270480665 0.99609375
v 152.391172905 443.770079899 142.875056338 0.99609375
v 152.497898094 444.168258938 143.716155268 0.99609375
v 152.147131888 444.305749628 141.544493141 0.99609375
v 152.188558086 444.228354953 143.530424111 0.99609375
v 152.398697148 444.772776137 140.420910024 0.99609375
v 152.391993023 444.370986509 143.520375222 0.99609375
v 152.396332973 444.647140278 138.793907003 0.99609375
v 151.979260449 445.08826505 144.196333816 0.99609375
v 152.362333076 444.886031696 137.64757068 0.99609375
v 152.027180953 445.003555014 144.113421049 0.99609375
v 152.42844648 445.417911524 136.146701722 0.99609375
v 152.350671028 445.524778161 144.739772385 0.99609375
v 152.120610585 445.682703677 134.561297344 0.99609375
v 152.302756564 445.992148985 145.0117603 0.99609375
v 152.510861 446.144000027 133.124009147 0.99609375
v 152.250663451 446.137506638 144.682436921 0.99609375
v 151.974269947 446.216737352 131.586734844 0.99609375
v 152.395511864 446.193796583 145.765872439 0.99609375
v 152.097859856 446.327932718 130.340031045 0.99609375
v 152.361177394 446.368952997 145.862209587 0.99609375
v 152.205659601 447.050788387 128.875439273 0.99609375
v 152.275376022 446.984425649 145.522632541 0.99609375
v 152.109624526 447.364416967 128.240243327 0.99609375
v 152.408079609 446.945496224 145.541783923 0.99609375
v 152.137512168 447.503046589 128.034434326 0.99609375
v 152.255355879 447.421093959 146.729123476 0.99609375
v 152.335550054 448.003172913 128.301494892 0.99609375
v 152.321947522 447.748295701 146.417251659 0.99609375
v 152.300091456 448.211469621 128.692306758 0.99609375
v 152.318264435 447.964892509 147.295117233 0.99609375
v 152.136867525 448.097305309 128.788791702 0.99609375
v 152.138215933 448.567627708 147.23433529 0.99609375
v 152.193872977 448.448908194 128.623842957 0.99609375
v 152.393658007 448.79653266 147.194106149 0.99609375
v 152.186544457 448.819745598 129.258718303 0.99609375
v 152.315615203 448.722953711 147.552695848 0.99609375
v 152.13879676 449.446640831 129.075226044 0.99609375
v 152.151331635 449.439285918 148.86630959 0.99609375
v 152.073225354 449.237504303 128.777788399 0.99609375
v 152.258925203 449.648848238 148.359415752 0.99609375
v 152.488160981 449.832329103 129.881990983 0.99609375
v 152.158525152 449.835844721 149.063536937 0.99609375
v 152.142569842 450.038688365 129.101378634 0.99609375
v 152.502588661 450.330407875 149.241400436 0.99609375
v 152.275781437 450.568784217 129.389840472 0.99609375
v 152.387613839 450.383557031 149.174162067 0.99609375
v 152.010490383 450.906852523 129.478877242 0.99609375
v 152.515203288 450.558821245 149.554574818 0.99609375
v 152.354109222 450.738059147 130.394181265 0.99609375
v 152.248390214 451.051602317 150.45918101 0.99609375
v 152.215730564 451.181233332 130.403552226 0.99609375
v 152.356958186 451.424815295 149.523457197 0.99609375
v 152.024592666 451.277478914 130.269906373 0.99609375
v 152.169854911 451.366600574 150.164787536 0.99609375
v 151.987675074 451.650668689 130.17825573 0.99609375
v 152.32529554 451.720895266 150.250251478 0.99609375
v 152.079930567 452.070917038 130.11261273 0.99609375
v 152.285046272 452.062671549 151.112528501 0.99609375
v 152.265695721 452.358399015 129.757445347 0.99609375
v 152.532466712 452.375556165 150.507687223 0.99609375
v 152.370183766 452.743386481 130.662945493 0.99609375
v 152.313737782 452.598920161 151.085175976 0.99609375
v 152.116267094 453.14560333 130.428912703 0.99609375
v 152.417543186 453.072960531 152.008101398 0.99609375
v 152.518432781 453.462279588 130.200312154 0.99609375
v 152.07997761 453.267471618 151.609535071 0.99609375
v 152.320481887 453.57934264 130.273213348 0.99609375
v 152.140677603 453.536955793 151.672414157 0.99609375
v 152.322906952 454.050422535 130.228576215 0.99609375
v 152.275423576 454.114577505 152.48838656 0.99609375
v 152.505177909 453.906825213 130.943962794 0.99609375
v 151.96412573 453.927408095 152.44743046 0.99609375
v 152.242988827 454.16825101 130.560727296 0.99609375
v 152.472771192 454.290383984 152.202981648 0.99609375
v 152.324031414 454.639887269 131.815928561 0.99609375
v 152.286280111 454.58968075 152.611809668 0.99609375
v 152.139965133 454.816897313 131.189973136 0.99609375
v 152.141475892 455.100169574 152.520851171 0.99609375
v 152.108502665 455.550966486 131.445332585 0.99609375
v 152.144496701 455.17962511 152.699613734 0.99609375
v 152.29634142 455.333351219 131.631487786 0.99609375
v 152.408739557 455.689825886 153.368943696 0.99609375
v 152.146172559 456.028967412 132.683425464 0.99609375
v 152.169543598 455.902258874 153.307248073 0.99609375
v 152.371606254 456.143542543 132.50217588 0.99609375
v 152.229160904 456.011862512 152.578610721 0.99609375
v 152.376754151 456.469017587 132.119614995 0.99609375
v 152.501196385 456.171078631 152.700761166 0.99609375
v 152.333163017 456.943493548 132.115522985 0.99609375
v 152.040662558 456.661146137 153.317748674 0.99609375
v 152.294679026 457.273858916 132.82200595 0.99609375
v 152.470272283 457.144783683 153.341912237 0.99609375
v 152.404236564 457.167173883 132.419459027 0.99609375
v 152.512400722 457.276051572 152.002579949 0.99609375
v 152.518627187 457.546554178 135.405108456 0.99609375
v 152.314922811 457.577936339 152.829024259 0.99609375
v 152.158656491 457.784890391 135.278517855 0.99609375
v 152.008274955 457.767294561 152.972303722 0.99609375
v 152.470839088 458.189586561 137.363504932 0.99609375
v 152.114557388 458.187338304 152.613532641 0.99609375
v 152.20907718 458.562047113 137.89956979 0.99609375
v 152.078844165 458.314675679 151.680665619 0.99609375
v 152.390840868 458.530647136 137.214755609 0.99609375
v 152.192439433 459.031381529 150.987859707 0.99609375
v 152.283398086 459.289307456 137.458431615 0.99609375
v 151.973584068 459.145012566 137.249420352 0.99609375
v 152.528939212 444.131995581 143.101617418 0.99609375
v 152.723778658 443.959727044 144.491697311 0.99609375
v 152.65809709 444.162682485 141.431727759 0.99609375
v 152.493481281 444.443867688 144.409751915 0.99609375
v 152.490953853 444.764340351 140.454529591 0.99609375
v 152.493700472 444.717982237 144.430756126 0.99609375
v 152.562955024 444.928894096 138.730661292 0.99609375
v 152.826785518 444.607751483 144.764564815 0.99609375
v 152.386878967 445.072059131 137.961800555 0.99609375
v 152.331661058 445.366710926 144.234482663 0.99609375
v 152.819184631 445.420624404 136.277118919 0.99609375
v 152.787698506 445.188297049 144.20338777 0.99609375
v 152.409086708 445.918177396 135.409213473 0.99609375
v 152.59140671 445.602151583 145.446468638 0.99609375
v 152.440062351 446.12297012 133.902247002 0.99609375
v 152.497740658 445.751248627 145.489475653 0.99609375
v 152.755286935 446.592868062 131.513173736 0.99609375
v 152.387221111 446.02750416 145.493408205 0.99609375
v 152.269156399 446.407382016 130.432255843 0.99609375
v 152.449858124 446.363221954 145.331744749 0.99609375
v 152.29950835 446.692639074 129.282782458 0.99609375
v 152.582135681 446.877933615 146.282703701 0.99609375
v 152.744553449 447.421926177 127.909281768 0.99609375
v 152.59536611 447.299523421 146.152525073 0.99609375
v 152.48833718 447.512258829 128.346109591 0.99609375
v 152.479065208 447.536466963 146.608068956 0.99609375
v 152.626514416 447.591640832 127.508139217 0.99609375
v 152.731134885 447.723576639 146.030734967 0.99609375
v 152.274764876 448.07012414 128.872728672 0.99609375
v 152.556247534 448.201252156 147.181350382 0.99609375
v 152.258297202 448.458324251 128.986521367 0.99609375
v 152.469636412 448.291016042 147.5593603 0.99609375
v 152.470512738 448.566240219 128.278148006 0.99609375
v 152.770739545 448.552655004 147.555052309 0.99609375
v 152.574538758 448.710459912 128.605581388 0.99609375
v 152.656779928 448.858060764 148.399679256 0.99609375
v 152.644357124 449.374849734 128.931399971 0.99609375
v 152.32859171 449.406754332 148.105694229 0.99609375
v 152.779478602 449.728766326 128.542168727 0.99609375
v 152.435536802 449.362094481 148.519560921 0.99609375
v 152.649832327 449.884859681 129.197369458 0.99609375
v 152.672333295 449.645517392 148.902986781 0.99609375
v 152.286122885 449.839445159 129.718370562 0.99609375
v 152.290162535 449.993477467 148.698960175 0.99609375
v 152.377029543 450.463265973 129.622455226 0.99609375
v 152.689888906 450.488560604 149.714865242 0.99609375
v 152.506646114 450.833744716 129.652031638 0.99609375
v 152.539930079 450.645959838 149.405716423 0.99609375
v 152.459647403 451.221431521 129.897467975 0.99609375
v 152.514947336 451.169127675 150.182768438 0.99609375
v 152.342788669 451.28945066 129.752035431 0.99609375
v 152.566771829 451.132124147 149.541771851 0.99609375
v 152.617912455 451.324761637 129.845570889 0.99609375
v 152.610715328 451.302209499 150.694552324 0.99609375
v 152.41522714 451.956269936 130.343230744 0.99609375
v 152.748640386 451.633998141 150.22067945 0.99609375
v 152.410663123 451.952445752 130.337394363 0.99609375
v 152.818219968 451.93616998 150.659032985 0.99609375
v 152.756538576 452.370545417 130.04579366 0.99609375
v 152.303151981 452.588502001 150.598527544 0.99609375
v 152.487680328 452.931086461 129.924971346 0.99609375
v 152.430012247 452.761002193 151.500758494 0.99609375
v 152.335948659 453.059360417 130.874541918 0.99609375
v 152.614275948 452.847638558 151.893218417 0.99609375
v 152.676239779 453.339501013 130.441805798 0.99609375
v 152.379246869 453.533767346 152.10614728 0.99609375
v 152.609979172 453.326921133 130.077262549 0.99609375
v 152.368738953 453.288254102 152.186708312 0.99609375
v 152.768316234 454.022779331 130.311161724 0.99609375
v 152.415829411 453.867950403 152.744083711 0.99609375
v 152.809202839 454.013225626 130.251090089 0.99609375
v 152.629366853 454.202961841 152.939758197 0.99609375
v 152.558788712 454.445836188 130.095309856 0.99609375
v 152.806976255 454.654679803 152.505502267 0.99609375
v 152.40819864 454.745189582 130.799326418 0.99609375
v 152.37555476 454.973463301 153.340902198 0.99609375
v 152.49402655 454.729479938 131.537037142 0.99609375
v 152.438099358 454.747946422 152.795544673 0.99609375
v 152.515596971 455.182031893 131.187746984 0.99609375
v 152.253954346 455.274589897 152.611837384 0.99609375
v 152.403159704 455.597117124 131.927612488 0.99609375
v 152.72553131 455.864813079 152.517909085 0.99609375
v 152.816281248 456.074946111 131.427856445 0.99609375
v 152.393929138 456.089753682 153.425753594 0.99609375
v 152.39443775 456.121475186 132.334493162 0.99609375
v 152.747007524 456.261285626 153.197076187 0.99609375
v 152.413991083 456.20584819 132.011135911 0.99609375
v 152.450225156 456.575503913 153.289138772 0.99609375
v 152.723721403 456.617313933 132.284286959 0.99609375
v 152.441732903 456.808083574 152.757780207 0.99609375
v 152.590848084 457.01286051 132.976043888 0.99609375
v 152.45726439 457.026852992 153.359391481 0.99609375
v 152.512248903 457.393901208 132.326411382 0.99609375
v 152.494025309 457.493651015 152.744901132 0.99609375
v 152.259596159 457.68963285 134.74928432 0.99609375
v 152.299644632 457.888752195 152.036848298 0.99609375
v 152.579011388 457.906862516 135.327542883 0.99609375
v 152.524071253 458.194353867 152.925683614 0.99609375
v 152.494636642 458.292349604 137.248453147 0.99609375
v 152.688446704 458.327861699 152.351891792 0.99609375
v 152.371159064 458.556161049 137.118768028 0.99609375
v 152.27504177 458.385445597 152.128679522 0.99609375
v 152.537759837 458.695561702 137.385326237 0.99609375
v 152.560407218 458.878521424 150.861952662 0.99609375
v 152.478466696 459.296149544 137.618791405 0.99609375
v 152.864673629 444.053475633 143.122322389 0.99609375
v 152.810983313 444.191536925 144.053513798 0.99609375
v 152.694396595 444.495714102 141.793589772 0.99609375
v 152.613658173 444.234533935 143.799988528 0.99609375
v 152.728299616 444.705451838 139.949099172 0.99609375
v 152.99840252 444.327870585 144.469558676 0.99609375
v 152.653167956 445.082010591 139.165278434 0.99609375
v 152.980497076 444.842489725 144.534124493 0.99609375
v 153.081123236 445.048933234 137.883962509 0.99609375
v 152.926524977 444.97178205 144.050567042 0.99609375
v 152.579047809 445.637512829 135.518134106 0.99609375
v 152.581025233 445.512433679 144.211764385 0.99609375
v 152.643547667 445.741529555 135.00888825 0.99609375
v 152.77017874 445.721683956 145.092102942 0.99609375
v 152.876125311 445.9597339 133.683212932 0.99609375
v 152.663654219 446.039460448 145.00865452 0.99609375
v 153.045080012 446.195171272 131.822254563 0.99609375
v 152.835934759 446.12823932 145.11952774 0.99609375
v 152.838792559 446.804288471 130.688353641 0.99609375
v 153.044540213 446.68380177 145.382763396 0.99609375
v 152.647709957 446.995953317 128.689690321 0.99609375
v 152.786799375 447.06380857 145.634428894 0.99609375
v 152.985056748 447.0571804 127.853753767 0.99609375
v 152.543631385 446.969154335 145.744134046 0.99609375
v 152.971697395 447.64394359 128.174374061 0.99609375
v 152.954575511 447.628695271 146.661448409 0.99609375
v 152.634386522 447.760667616 127.989993971 0.99609375
v 152.777194946 447.864280327 146.470891813 0.99609375
v 152.951178403 447.924646964 128.194585357 0.99609375
v 152.925973631 447.76765785 147.38736679 0.99609375
v 152.763369889 448.344491853 128.325911254 0.99609375
v 153.027006513 448.555651223 147.557014533 0.99609375
v 152.838437283 448.703813163 128.556013103 0.99609375
v 153.111531119 448.840801848 147.575773847 0.99609375
v 152.829685743 449.164355818 128.944546403 0.99609375
v 153.047040508 448.987163897 147.650871874 0.99609375
v 153.099116144 449.176862803 128.714550882 0.99609375
v 152.99475943 449.057699899 148.078634901 0.99609375
v 153.080954936 449.569161235 128.597012415 0.99609375
v 152.991201182 449.383143051 148.774694304 0.99609375
v 153.102277808 450.026293305 128.951949178 0.99609375
v 152.987115354 449.948290098 149.456682187 0.99609375
v 152.990816375 449.939046213 128.919118302 0.99609375
v 152.912505103 450.294815552 148.692406914 0.99609375
v 152.945549329 450.370701074 129.588036976 0.99609375
v 153.012617126 450.501401036 149.666568394 0.99609375
v 153.095596382 450.845968603 129.759629827 0.99609375
v 152.882540458 450.494567246 149.185703414 0.99609375
v 153.005575879 451.044613773 129.442140065 0.99609375
v 152.875218851 451.021997078 149.716187049 0.99609375
v 153.024204332 451.339550716 129.582355721 0.99609375
v 152.722891486 451.495938789 150.06626414 0.99609375
v 152.7950704 451.682850886 129.480664824 0.99609375
v 152.691120454 451.301002973 150.838854474 0.99609375
v 153.098936388 451.602077074 130.209905924 0.99609375
v 152.793471642 451.55065557 150.686593716 0.99609375
v 153.0572232 452.263661676 129.650084974 0.99609375
v 152.98100386 452.297310936 151.22807736 0.99609375
v 152.983354574 452.689492732 129.900187456 0.99609375
v 152.669140122 452.229922126 150.787897148 0.99609375
v 152.76346155 452.452018916 130.496436637 0.99609375
v 152.856276431 452.473578551 151.788581833 0.99609375
v 153.070838741 452.949402808 129.847032727 0.99609375
v 152.67696567 453.047905055 151.853489443 0.99609375
v 152.96772221 453.04352307 130.372451853 0.99609375
v 152.725879735 453.018742922 151.927509004 0.99609375
v 152.80718685 453.839507214 130.651414806 0.99609375
v 152.608998203 453.515464826 151.769575352 0.99609375
v 152.688166934 454.095016527 130.760060473 0.99609375
v 153.044433661 453.872353517 152.924539154 0.99609375
v 152.72971081 453.978916386 130.824844767 0.99609375
v 152.613972857 453.982395133 152.628309334 0.99609375
v 153.007936648 454.713508799 130.813268853 0.99609375
v 152.780813153 454.153186235 152.546056931 0.99609375
v 152.727119361 454.586230914 130.221421389 0.99609375
v 152.736005275 454.640676128 153.290608913 0.99609375
v 152.987682263 454.998725359 130.64244955 0.99609375
v 152.978730706 455.282497364 152.948429368 0.99609375
v 152.969095199 455.542480855 130.199787616 0.99609375
v 152.668427094 455.436092603 153.119779491 0.99609375
v 153.090751378 455.402243004 131.139465817 0.99609375
v 152.774399724 455.558874144 153.388210519 0.99609375
v 152.775850229 455.645803886 131.946176978 0.99609375
v 152.801913093 455.837799307 152.936619004 0.99609375
v 152.963653478 456.376851911 131.649354576 0.99609375
v 152.753540447 456.372204584 153.22585358 0.99609375
v 152.669598397 456.485640829 132.442807774 0.99609375
v 152.686407053 456.663680274 153.457871362 0.99609375
v 152.803988201 456.965499632 132.095846669 0.99609375
v 152.612988426 456.84618936 152.94893115 0.99609375
v 152.653768303 457.11273013 132.544727221 0.99609375
v 152.605927284 456.855575644 152.713346379 0.99609375
v 152.606590285 457.137207041 132.083973825 0.99609375
v 152.688865961 457.2084207 152.351000852 0.99609375
v 152.668008119 457.82547814 135.263524787 0.99609375
v 153.056569724 457.908120002 152.548091292 0.99609375
v 153.113078962 457.749629815 135.828655927 0.99609375
v 152.960171892 458.070457487 152.611216161 0.99609375
v 152.871360605 458.064690971 135.816059327 0.99609375
v 152.62300104 458.357665675 152.816967663 0.99609375
v 153.046233717 458.288954149 137.778702309 0.99609375
v 152.950789847 458.549570727 152.455936779 0.99609375
v 152.579295758 458.790454308 137.426421461 0.99609375
v 152.570806592 458.801019828 151.266097769 0.99609375
v 153.056021173 459.042663145 137.675438648 0.99609375
v 152.924540417 443.924247363 142.902071614 0.99609375
v 152.910050174 444.205927295 144.047273821 0.99609375
v 152.864373671 444.337508493 141.190069204 0.99609375
v 153.354175801 444.082391751 143.530564189 0.99609375
v 152.873571156 444.497313362 140.430839396 0.99609375
v 153.157805396 444.362266272 143.865058262 0.99609375
v 153.214136633 444.589217675 139.399270099 0.99609375
v 152.867381039 444.733533853 144.827008606 0.99609375
v 152.853425056 444.921437828 137.855468462 0.99609375
v 153.222941844 445.317695689 144.658088011 0.99609375
v 152.928048711 445.532539864 136.064359731 0.99609375
v 153.264201674 445.701741083 144.166125546 0.99609375
v 153.328905398 445.711786631 134.53253896 0.99609375
v 153.38010338 445.951253881 144.75544144 0.99609375
v 152.997506753 445.886348704 133.892456426 0.99609375
v 152.905677155 446.238230226 145.375779103 0.99609375
v 153.160152012 446.248013989 131.526123316 0.99609375
v 153.401234768 446.21396081 145.640017622 0.99609375
v 152.954402178 446.640486804 130.497970293 0.99609375
v 153.387435387 446.533872098 145.70445614 0.99609375
v 152.940305039 447.079191577 129.126750766 0.99609375
v 152.997994356 447.062069457 146.346168755 0.99609375
v 152.864323621 447.277435528 127.802999332 0.99609375
v 152.848827626 447.176126075 146.474525648 0.99609375
v 153.071741472 447.728774011 127.077574633 0.99609375
v 152.940399442 447.48631066 146.084905283 0.99609375
v 153.131947121 447.598432459 127.806410131 0.99609375
v 153.382402362 447.989033812 146.884434505 0.99609375
v 152.930960607 447.94194042 127.520701686 0.99609375
v 153.002674786 447.886814335 146.742919263 0.99609375
v 152.88150911 448.285479016 127.60813511 0.99609375
v 153.253679141 448.514962293 146.601036428 0.99609375
v 152.950156444 448.496606929 128.489670356 0.99609375
v 153.349152239 448.407419243 147.42789212 0.99609375
v 153.394071464 448.816311981 128.706259778 0.99609375
v 152.909540834 448.722844961 147.745795621 0.99609375
v 153.342392907 449.313591626 128.717912973 0.99609375
v 153.336845303 449.415600764 147.755646217 0.99609375
v 153.223965771 449.356940447 128.611931556 0.99609375
v 153.121019812 449.359858701 148.25375549 0.99609375
v 153.222775407 450.068648152 128.55274679 0.99609375
v 153.021105438 449.83102096 148.911723772 0.99609375
v 153.109518526 450.10209387 128.832430017 0.99609375
v 153.247336536 449.905324396 149.237221299 0.99609375
v 153.178151389 450.465375423 129.377076217 0.99609375
v 153.409706466 450.159111379 149.178982801 0.99609375
v 153.318179757 450.866334178 128.853495456 0.99609375
v 153.004319568 450.941211677 149.888669209 0.99609375
v 152.860653097 451.010757139 129.967153191 0.99609375
v 153.037058629 450.685447983 149.655025416 0.99609375
v 152.959794517 451.052554273 129.062750831 0.99609375
v 152.841265023 451.113839826 149.811575827 0.99609375
v 152.989112147 451.444957827 129.834662172 0.99609375
v 153.365471577 451.31075438 150.76009002 0.99609375
v 153.149454318 451.861333358 129.243277381 0.99609375
v 153.161719612 451.632945944 150.498165831 0.99609375
v 153.051941947 452.251264079 130.467521367 0.99609375
v 153.047075598 452.059990333 150.91548392 0.99609375
v 153.170206012 452.22498581 129.563160795 0.99609375
v 153.106593762 452.472738624 150.979268373 0.99609375
v 153.152393101 452.634915759 129.865554633 0.99609375
v 153.1540514 452.406946419 151.880313843 0.99609375
v 153.139746575 453.059694049 130.011785168 0.99609375
v 152.912190955 452.921599219 151.120302152 0.99609375
v 153.048991874 452.998972155 130.44262377 0.99609375
v 153.379524629 453.536256236 152.475743468 0.99609375
v 153.301504292 453.328346867 129.741656048 0.99609375
v 153.324985236 453.324672652 151.511503404 0.99609375
v 153.345639981 454.045810023 130.293116231 0.99609375
v 153.118177679 453.656060503 152.659539349 0.99609375
v 152.994906237 453.92186028 130.434623738 0.99609375
v 152.986858245 453.900056724 152.760139257 0.99609375
v 153.143904609 454.463424477 130.026088726 0.99609375
v 153.191589615 454.236991929 152.903302355 0.99609375
v 153.376770598 454.626450717 130.180616061 0.99609375
v 153.09153077 454.710181492 152.711831695 0.99609375
v 152.956869541 455.115371642 130.266364206 0.99609375
v 152.999889722 454.910036837 153.197130585 0.99609375
v 153.078142875 455.588965104 130.631194681 0.99609375
v 152.871457166 455.285563271 152.617185361 0.99609375
v 153.224627944 455.503015999 130.518455999 0.99609375
v 153.334898607 455.621006341 152.763815769 0.99609375
v 152.934612183 455.763399901 131.128739722 0.99609375
v 152.855716295 455.92875246 153.412965225 0.99609375
v 152.976443989 456.396864442 131.56069136 0.99609375
v 152.899016061 455.955364764 153.48901347 0.99609375
v 152.897324221 456.185216396 132.027828537 0.99609375
v 153.369722816 456.279206574 152.590433302 0.99609375
v 153.317677354 456.764605719 132.597056177 0.99609375
v 152.919984075 456.64308294 153.208140267 0.99609375
v 152.98691008 456.961969589 132.310068482 0.99609375
v 153.380142129 456.761622713 152.942838341 0.99609375
v 153.028574637 457.314674501 132.732950853 0.99609375
v 153.076609316 457.617301317 152.274624718 0.99609375
v 152.975401241 457.81186961 132.84721854 0.99609375
v 153.297483827 457.447553396 152.665257519 0.99609375
v 152.862358832 457.805034644 135.431807805 0.99609375
v 152.991623323 457.901499838 152.502513677 0.99609375
v 153.015491599 457.925075719 136.156355111 0.99609375
v 152.918877256 458.36827214 152.568632028 0.99609375
v 153.404675807 458.200288059 137.107999298 0.99609375
v 152.924535575 458.391110177 152.349792326 0.99609375
v 153.123786526 459.05137111 137.036197519 0.99609375
v 152.958050047 458.978814704 151.177511622 0.99609375
v 153.174858943 459.163054689 137.611306017 0.99609375
v 153.22143285 444.063891232 143.489519938 0.99609375
v 153.399876782 444.14562724 144.028799942 0.99609375
v 153.592646832 444.087181764 141.052002808 0.99609375
v 153.575965731 444.438027005 143.619361207 0.99609375
v 153.310930115 444.595374044 139.921306686 0.99609375
v 153.197950919 444.721238552 144.491110468 0.99609375
v 153.60828158 444.579438272 139.401614961 0.99609375
v 153.477190195 444.593704641 144.486303593 0.99609375
v 153.568706721 445.238821046 137.564446822 0.99609375
v 153.503774045 445.385165738 144.660030107 0.99609375
v 153.161356693 445.619655701 136.399873383 0.99609375
v 153.337023529 445.32058152 144.887043954 0.99609375
v 153.420240071 445.62507281 134.684092884 0.99609375
v 153.490383347 445.917735865 145.070451285 0.99609375
v 153.449152162 446.0566337 133.086329982 0.99609375
v 153.476880456 445.956697383 144.550272984 0.99609375
v 153.477547508 446.478922839 131.923051857 0.99609375
v 153.413888017 446.135198083 144.72954429 0.99609375
v 153.249277326 446.806633372 130.738278967 0.99609375
v 153.493901133 446.678827261 145.0780286 0.99609375
v 153.38433378 447.014171798 129.313835378 0.99609375
v 153.606927068 447.046980618 145.712123343 0.99609375
v 153.351466395 447.179117742 128.464441851 0.99609375
v 153.630705803 446.932710191 146.369667955 0.99609375
v 153.156956843 447.661578067 127.090958594 0.99609375
v 153.204464252 447.294260963 146.65825398 0.99609375
v 153.148586466 447.907392898 127.686001926 0.99609375
v 153.390239097 447.622343638 146.007767399 0.99609375
v 153.467816382 447.801171197 127.96094209 0.99609375
v 153.347709642 448.33398956 147.451326049 0.99609375
v 153.67738496 448.34575529 127.851410721 0.99609375
v 153.424250503 448.14344001 147.063046987 0.99609375
v 153.562478162 448.629966276 128.46846653 0.99609375
v 153.648054154 448.53309185 147.18090494 0.99609375
v 153.393485254 448.833808711 128.40699521 0.99609375
v 153.668839589 449.190568208 147.597332145 0.99609375
v 153.455380674 449.175348321 128.49180428 0.99609375
v 153.611209941 449.483441931 148.071251043 0.99609375
v 153.41634724 449.48269165 128.624590107 0.99609375
v 153.239615341 449.482135884 148.321919772 0.99609375
v 153.348539467 449.697629213 128.960515553 0.99609375
v 153.58063123 449.582743789 148.947945086 0.99609375
v 153.362714548 449.889510032 129.04269509 0.99609375
v 153.231352655 449.90431331 148.58374721 0.99609375
v 153.131030755 450.536563627 128.719373006 0.99609375
v 153.441704661 450.401556135 149.247371628 0.99609375
v 153.692276899 450.860989988 129.334839913 0.99609375
v 153.234351817 450.83263983 149.92713215 0.99609375
v 153.442674805 450.739534167 129.168003439 0.99609375
v 153.380292369 450.994915046 149.653201507 0.99609375
v 153.257120781 451.088899575 129.8225226 0.99609375
v 153.686593218 451.212674588 150.425994019 0.99609375
v 153.575165935 451.513130992 129.023042415 0.99609375
v 153.541421104 451.567958118 150.013103724 0.99609375
v 153.264592755 451.815561772 129.973023049 0.99609375
v 153.260438071 451.932853568 150.939204754 0.99609375
v 153.281594352 452.203727329 129.215649952 0.99609375
v 153.204494651 451.821106527 150.934142082 0.99609375
v 153.283241947 452.325894945 129.709561555 0.99609375
v 153.518375563 452.591476025 151.368018487 0.99609375
v 153.687276008 452.791625668 129.750248442 0.99609375
v 153.474876223 452.639383235 151.211137437 0.99609375
v 153.316560378 452.918432484 129.898983645 0.99609375
v 153.474283468 453.021953375 151.412127048 0.99609375
v 153.451751344 453.357126752 130.039886416 0.99609375
v 153.59044497 453.230772742 152.03560666 0.99609375
v 153.337751449 453.456576751 130.118847622 0.99609375
v 153.658899807 453.728206139 152.258555898 0.99609375
v 153.418210904 453.804030543 129.966457404 0.99609375
v 153.665356092 453.621348876 152.51202443 0.99609375
v 153.455054747 453.9415892 130.147000631 0.99609375
v 153.554889588 454.268881076 152.806975644 0.99609375
v 153.311407247 454.155337758 130.708526962 0.99609375
v 153.145958074 454.30381288 152.567229646 0.99609375
v 153.589850838 454.560025471 130.851406751 0.99609375
v 153.390971323 454.462107707 153.441588723 0.99609375
v 153.49611666 454.862812732 130.875020695 0.99609375
v 153.5641244 454.735831876 152.727481825 0.99609375
v 153.449771066 455.587592242 130.133914744 0.99609375
v 153.367500887 455.482774049 153.363955181 0.99609375
v 153.424541751 455.553973277 130.972848316 0.99609375
v 153.266691725 455.548976165 153.029545713 0.99609375
v 153.154763929 455.620509183 130.243736994 0.99609375
v 153.491604122 455.946399475 152.887089091 0.99609375
v 153.674203601 456.133682371 131.053868612 0.99609375
v 153.609572185 456.134524929 153.34019121 0.99609375
v 153.408622695 456.289219255 131.31552883 0.99609375
v 153.457074398 456.735749879 152.790725474 0.99609375
v 153.381265158 456.726420709 131.962318168 0.99609375
v 153.661938898 456.820248876 152.557897442 0.99609375
v 153.549450269 457.035282404 132.921897658 0.99609375
v 153.127391474 457.217440219 152.936680071 0.99609375
v 153.484724732 457.609834437 132.165395046 0.99609375
v 153.309840704 457.567102725 152.23715614 0.99609375
v 153.526274155 457.686443998 132.112323323 0.99609375
v 153.245177686 457.770342195 152.989609727 0.99609375
v 153.232251543 457.752106552 135.703079612 0.99609375
v 153.43795418 457.909913718 152.651994589 0.99609375
v 153.436167487 458.281420038 136.024855282 0.99609375
v 153.200300339 458.330749721 152.628989036 0.99609375
v 153.159412993 458.342481695 137.345032035 0.99609375
v 153.612106255 458.280617934 152.394318298 0.99609375
v 153.157365878 458.765869361 137.082972744 0.99609375
v 153.158653505 458.932671974 150.800632333 0.99609375
v 153.451680915 458.903233419 137.151488478 0.99609375
v 153.585826282 443.798012042 143.15019924 0.99609375
v 153.436712149 443.994074882 144.235113937 0.99609375
v 153.411804938 444.14054151 141.731916083 0.99609375
v 153.883738523 444.095225583 143.968798254 0.99609375
v 153.806826286 444.473540468 140.444487844 0.99609375
v 153.477311349 444.696326151 143.818722181 0.99609375
v 153.663782188 444.878101507 139.190316046 0.99609375
v 153.981822495 444.965509153 144.010934227 0.99609375
v 153.892755168 444.989788977 137.268480513 0.99609375
v 153.734606953 445.036417874 144.797614225 0.99609375
v 153.834345243 445.621669493 136.448831867 0.99609375
v 153.684326431 445.381443614 144.028057334 0.99609375
v 153.955585207 445.691877213 135.329175328 0.99609375
v 153.845866408 445.743313753 144.857210566 0.99609375
v 153.953625442 445.831430682 133.837981867 0.99609375
v 153.424708441 446.020868737 145.238519268 0.99609375
v 153.586724982 446.580709513 132.045418178 0.99609375
v 153.699509627 446.550388661 145.180057407 0.99609375
v 153.4652086 446.627583359 130.795094513 0.99609375
v 153.498858885 446.873664207 145.401510245 0.99609375
v 153.803264337 446.95548183 128.827883941 0.99609375
v 153.950252384 446.945719352 146.018489087 0.99609375
v 153.885897722 447.142422052 127.913900402 0.99609375
v 153.518267981 447.235956936 146.028199605 0.99609375
v 153.745555379 447.181317164 127.142018928 0.99609375
v 153.816248142 447.642515073 146.863842635 0.99609375
v 153.778278091 447.495191767 127.283359791 0.99609375
v 153.501000455 447.849509909 146.508467406 0.99609375
v 153.685996035 448.123231846 127.992460577 0.99609375
v 153.881475495 447.990659251 147.338802483 0.99609375
v 153.660220205 448.315899199 127.677052919 0.99609375
v 153.623768658 448.318853113 146.677080274 0.99609375
v 153.547126684 448.416364091 127.782414422 0.99609375
v 153.812768345 448.382437322 147.715101938 0.99609375
v 153.60967864 449.176430183 128.316113921 0.99609375
v 153.969502256 448.67392591 148.049798065 0.99609375
v 153.767539435 449.079802808 127.744296617 0.99609375
v 153.685343006 449.081396686 148.192257609 0.99609375
v 153.834536954 449.540082958 128.181646035 0.99609375
v 153.425063036 449.660784824 148.508484257 0.99609375
v 153.7704094 449.716966646 128.998660628 0.99609375
v 153.510435559 449.597226451 148.561916049 0.99609375
v 153.942333871 450.318275386 128.572470639 0.99609375
v 153.769777771 450.274710179 149.488185919 0.99609375
v 153.71607196 450.559060368 128.583404563 0.99609375
v 153.960274335 450.36240932 149.425459359 0.99609375
v 153.723909207 450.86570194 129.307430757 0.99609375
v 153.947550458 450.456921302 149.626298013 0.99609375
v 153.678851279 450.943366045 128.59610527 0.99609375
v 153.862784586 450.933197489 149.736280751 0.99609375
v 153.870942559 450.975293824 129.049472503 0.99609375
v 153.495452384 450.970500267 150.120194613 0.99609375
v 153.899951553 451.353860603 129.122425179 0.99609375
v 153.805185622 451.37303848 150.128267031 0.99609375
v 153.59648197 451.662521493 129.524821965 0.99609375
v 153.980425498 451.82436648 150.151417083 0.99609375
v 153.539978169 452.006028407 129.418911556 0.99609375
v 153.447192747 452.337351034 151.221451594 0.99609375
v 153.714427295 452.543043096 129.683235145 0.99609375
v 153.677850705 452.65165764 150.520586642 0.99609375
v 153.836648233 452.625168747 129.854465345 0.99609375
v 153.878573863 452.676424137 151.396369992 0.99609375
v 153.977182819 452.697134436 130.143725486 0.99609375
v 153.933463699 452.700988367 151.324426644 0.99609375
v 153.573166447 453.26810661 130.275841074 0.99609375
v 153.804131349 453.077227616 152.189730874 0.99609375
v 153.604800024 453.468061508 130.378807591 0.99609375
v 153.779591154 453.601125434 152.398474576 0.99609375
v 153.74421557 453.772542796 130.135083979 0.99609375
v 153.580763126 453.618999827 152.235450048 0.99609375
v 153.821830282 454.19714569 129.881553339 0.99609375
v 153.747653436 453.867812487 152.898823589 0.99609375
v 153.732008668 454.460841633 130.29779755 0.99609375
v 153.721752431 454.603527886 152.007737988 0.99609375
v 153.728333055 454.625178954 130.438062307 0.99609375
v 153.976050617 454.884614409 153.249058457 0.99609375
v 153.416888701 455.140261174 130.411293639 0.99609375
v 153.41837434 455.231002907 152.534868393 0.99609375
v 153.424119558 455.344486577 130.817312395 0.99609375
v 153.581812721 455.542448621 152.943013228 0.99609375
v 153.962641483 455.595013205 130.828692898 0.99609375
v 153.525614534 455.832970235 152.502528207 0.99609375
v 153.443079034 456.168367448 130.479497677 0.99609375
v 153.945584856 456.121637007 153.437757209 0.99609375
v 153.418947484 456.171303066 130.19787242 0.99609375
v 153.768606242 456.348891907 153.203897279 0.99609375
v 153.852469406 456.241822111 130.168595215 0.99609375
v 153.965996075 456.234656071 152.688636982 0.99609375
v 153.934716387 456.667807002 131.559717844 0.99609375
v 153.688067747 456.48267248 153.224439052 0.99609375
v 153.913192938 456.981323659 132.004978723 0.99609375
v 153.455480973 457.285609087 152.979986786 0.99609375
v 153.694621704 457.253369115 132.446121477 0.99609375
v 153.648842077 457.159978783 152.251955309 0.99609375
v 153.888755677 457.471460911 132.129653655 0.99609375
v 153.76334551 457.747627124 152.053573625 0.99609375
v 153.658712316 457.70050303 135.411652646 0.99609375
v 153.516631562 457.781117406 152.223863374 0.99609375
v 153.904262434 458.331888408 135.780352111 0.99609375
v 153.522222196 458.487548134 152.966168919 0.99609375
v 153.849911571 458.302602231 136.895506125 0.99609375
v 153.833764364 458.268426662 151.626555229 0.99609375
v 153.436106086 458.829206558 137.205652864 0.99609375
v 153.668758198 458.853915468 151.061241967 0.99609375
v 153.788293729 459.079382866 137.822652494 0.99609375
v 153.97219262 458.901396157 138.610639964 0.99609375
v 154.010703632 444.039354356 143.301668515 0.99609375
v 154.221202046 443.701075469 144.212116792 0.99609375
v 154.00956323 444.328150756 141.64913247 0.99609375
v 153.905172199 444.283252327 143.807157061 0.99609375
v 154.234577713 444.471980312 139.827513243 0.99609375
v 154.050346468 444.466149191 143.541354991 0.99609375
v 154.240689968 444.843215839 139.446558512 0.99609375
v 154.057436683 444.641534586 144.96980865 0.99609375
v 153.756442156 444.916543705 137.957060255 0.99609375
v 153.858822035 445.294521624 144.509116523 0.99609375
v 154.109106761 445.339071441 135.635427623 0.99609375
v 154.129358312 445.180538885 144.954811271 0.99609375
v 153.765380539 445.60151176 134.863977297 0.99609375
v 153.79058766 445.798861156 145.406765035 0.99609375
v 154.253721331 445.841131963 133.362453512 0.99609375
v 154.175767819 445.875107714 145.306011491 0.99609375
v 154.17442145 446.456461377 131.841411123 0.99609375
v 154.1649122 446.144844844 144.833040207 0.99609375
v 154.194060849 446.382317501 130.967873008 0.99609375
v 153.819384869 446.758255498 145.987431459 0.99609375
v 153.980693683 446.703465945 128.512641192 0.99609375
v 153.708414065 446.725393847 145.444472591 0.99609375
v 154.05209616 446.928401634 128.152244245 0.99609375
v 154.093628571 446.925627012 146.441662307 0.99609375
v 153.728275875 447.492492294 127.1100941 0.99609375
v 154.01621582 447.271561906 146.22034475 0.99609375
v 153.79543117 447.600588482 127.371195188 0.99609375
v 154.027921556 447.524144566 146.098312449 0.99609375
v 154.253104314 447.934844426 127.843933365 0.99609375
v 153.792743641 448.20058754 147.250427352 0.99609375
v 153.921786763 448.053344308 127.242832344 0.99609375
v 154.173158038 448.629069147 147.12277577 0.99609375
v 154.209934083 448.522481831 127.889338852 0.99609375
v 153.739200936 448.911070647 147.121242047 0.99609375
v 154.214977384 448.832616668 127.627177949 0.99609375
v 153.874623961 448.986605422 147.938109002 0.99609375
v 153.724687389 449.232485954 128.207383701 0.99609375
v 153.833313098 449.272049761 147.685942102 0.99609375
v 154.162047621 449.587841229 128.1197008 0.99609375
v 153.931223411 449.421682994 148.718230259 0.99609375
v 153.784056552 449.910669884 128.631379618 0.99609375
v 153.923036297 449.856256193 148.133123407 0.99609375
v 154.235190072 449.975431347 128.338829015 0.99609375
v 153.952548644 450.274203721 149.362630298 0.99609375
v 154.179284313 450.36985157 128.897537798 0.99609375
v 153.708031843 450.525569702 149.431794279 0.99609375
v 154.051716222 450.702510716 128.520659107 0.99609375
v 154.26733317 450.523465516 149.574375649 0.99609375
v 153.725827736 450.847888957 129.473424981 0.99609375
v 153.704296836 450.80096243 149.262099049 0.99609375
v 154.097130055 451.29715652 129.072092575 0.99609375
v 153.723917295 451.178490871 149.912275292 0.99609375
v 153.875166132 451.493409069 128.792641281 0.99609375
v 154.011416932 451.650095044 149.712644288 0.99609375
v 154.113122058 451.988605733 129.754845892 0.99609375
v 154.217754504 451.689231787 150.966584511 0.99609375
v 153.877242872 452.399439684 129.613890263 0.99609375
v 154.036584574 451.886267926 151.278274429 0.99609375
v 153.86167714 452.25874203 129.486230112 0.99609375
v 153.844598218 452.244550989 151.10826404 0.99609375
v 154.015568743 452.650093996 129.579042421 0.99609375
v 154.037684792 452.878039878 151.859122161 0.99609375
v 154.260863663 452.717040695 129.905483191 0.99609375
v 153.782395919 452.964587706 151.945910334 0.99609375
v 154.076749823 453.012287662 130.139703757 0.99609375
v 153.761200231 453.286090381 152.279836899 0.99609375
v 154.222848477 453.698905705 130.313018331 0.99609375
v 153.757417721 453.585157019 152.133339973 0.99609375
v 153.764952345 453.85663005 130.404450176 0.99609375
v 154.14111747 454.05722512 152.321296694 0.99609375
v 154.218817548 454.159661693 130.331971977 0.99609375
v 153.862456886 454.187030753 152.963882653 0.99609375
v 153.725224991 454.232648352 130.483828179 0.99609375
v 154.025954296 454.557355666 152.878787575 0.99609375
v 153.928958639 454.816169897 130.328038693 0.99609375
v 153.873542003 454.94338422 152.149532777 0.99609375
v 153.774551198 455.097874602 130.965953238 0.99609375
v 154.155850312 454.883037117 153.2280633 0.99609375
v 154.130829541 455.09385828 130.840205071 0.99609375
v 153.77281944 455.154373359 152.500435387 0.99609375
v 154.106953212 455.477486216 130.209496693 0.99609375
v 153.887921623 455.624436698 153.11635459 0.99609375
v 153.767762546 455.676246095 130.206204321 0.99609375
v 153.781753735 455.722893337 152.646790125 0.99609375
v 153.983222379 456.075694991 130.160000113 0.99609375
v 154.018867248 455.925388102 153.1619893 0.99609375
v 153.814585875 456.313733722 130.551585037 0.99609375
v 153.729570501 456.677755329 153.127134865 0.99609375
v 153.716731446 456.545020805 130.642115564 0.99609375
v 153.738039624 456.96369942 153.173604422 0.99609375
v 153.700272692 457.302327602 131.056558083 0.99609375
v 153.771821475 456.939489202 153.362511525 0.99609375
v 154.135387751 457.1317877 131.976575356 0.99609375
v 153.96205403 457.53148551 152.597580517 0.99609375
v 153.788153349 457.464903238 132.340592304 0.99609375
v 154.15008402 457.898712953 152.306926004 0.99609375
v 153.809151106 458.14539728 132.983112172 0.99609375
v 154.028908003 458.124856504 152.452449337 0.99609375
v 154.041655161 458.124823898 135.970633914 0.99609375
v 153.94047148 458.159248218 152.013702999 0.99609375
v 154.130032923 458.713105291 137.109646303 0.99609375
v 154.008674163 458.325186126 152.495050945 0.99609375
v 153.815966529 458.668021759 137.742269479 0.99609375
v 153.906673825 459.020349877 151.260396801 0.99609375
v 153.952191921 459.144022167 137.491244819 0.99609375
v 154.091888834 458.857692399 138.011653751 0.99609375
v 154.085539542 443.909230888 143.3623689 0.99609375
v 154.364859072 444.220120564 144.492095518 0.99609375
v 154.081683902 444.287881675 141.494636872 0.99609375
v 154.379831208 444.417109162 144.45461211 0.99609375
v 154.292207627 444.524092206 139.965069246 0.99609375
v 154.372425074 444.534136185 143.989159214 0.99609375
v 154.488492918 444.990534387 138.772230013 0.99609375
v 154.243346882 445.088117076 144.30133465 0.99609375
v 154.523053929 445.005464039 137.803641772 0.99609375
v 154.512994684 445.393684467 144.725513864 0.99609375
v 154.205893811 445.366048659 136.279160098 0.99609375
v 154.064557988 445.568772856 144.339387246 0.99609375
v 154.542016057 445.907048319 135.433274194 0.99609375
v 154.166429412 445.467258176 144.698456144 0.99609375
v 154.376926169 445.995973944 133.154240369 0.99609375
v 154.156564509 446.287943977 144.703123572 0.99609375
v 154.277877724 446.59734052 132.429616081 0.99609375
v 154.093952619 446.422444871 145.261599317 0.99609375
v 154.29440303 446.66606289 130.784309663 0.99609375
v 154.175547916 446.419862774 145.503813441 0.99609375
v 154.105682579 446.74642528 129.052056227 0.99609375
v 154.380298857 446.67613509 145.551377488 0.99609375
v 154.253798609 447.44156673 127.765485589 0.99609375
v 154.045258369 446.950305772 145.612201316 0.99609375
v 154.133520017 447.385840568 127.395550578 0.99609375
v 154.277218424 447.550108132 146.985901825 0.99609375
v 154.050038331 447.610393956 127.956243751 0.99609375
v 154.360989879 448.007489964 146.373445745 0.99609375
v 154.15399351 447.916098243 127.464707944 0.99609375
v 154.222386508 447.761669605 146.674914487 0.99609375
v 154.558542531 448.30216661 127.670001436 0.99609375
v 154.007707383 448.128123285 147.376204236 0.99609375
v 154.235633293 448.664336131 127.732826225 0.99609375
v 154.479630011 448.852800024 147.407344303 0.99609375
v 154.083488733 448.818291296 127.747585698 0.99609375
v 154.214252846 448.811593985 147.898443211 0.99609375
v 154.342894127 449.326260431 128.436620597 0.99609375
v 154.401696797 449.137460778 147.940486786 0.99609375
v 154.210498681 449.782878484 128.249670182 0.99609375
v 154.399615362 449.716671331 148.307670073 0.99609375
v 154.480868997 449.751621379 128.432959759 0.99609375
v 154.375815526 450.026801242 148.171438809 0.99609375
v 154.107188284 450.202693476 128.357580441 0.99609375
v 154.533027678 449.975814535 148.734034302 0.99609375
v 154.038292171 450.552907195 128.502064168 0.99609375
v 154.480697209 450.495904267 148.973416416 0.99609375
v 154.555772803 450.739927002 128.817735386 0.99609375
v 154.502252213 450.758083672 149.348760766 0.99609375
v 154.130872788 450.80481209 129.472276969 0.99609375
v 154.171690218 450.925676039 149.050016334 0.99609375
v 154.276886722 451.027687608 129.37808862 0.99609375
v 154.244410644 451.469226273 149.519737644 0.99609375
v 154.143359966 451.428493143 129.402761311 0.99609375
v 154.116067468 451.632458768 150.494695086 0.99609375
v 154.314346349 451.902968733 129.068757197 0.99609375
v 153.996685807 451.971909666 150.816091497 0.99609375
v 154.161351494 452.10369495 129.23543775 0.99609375
v 154.198881287 452.256635091 150.645364049 0.99609375
v 154.332230585 452.319865294 129.740378893 0.99609375
v 154.12584917 452.625221176 150.561244604 0.99609375
v 154.194537355 452.640339258 129.264535258 0.99609375
v 154.06030738 452.545632632 151.289492607 0.99609375
v 154.002151807 452.70314597 129.283265113 0.99609375
v 154.3460196 453.057790294 151.222650575 0.99609375
v 154.143739522 453.414352751 129.962618892 0.99609375
v 154.52837458 453.109545032 152.166646373 0.99609375
v 154.139090309 453.623403129 130.291370177 0.99609375
v 154.082817843 453.529740974 152.485791468 0.99609375
v 154.023579264 453.919002297 130.217057555 0.99609375
v 154.20963347 453.693278483 152.677353299 0.99609375
v 154.350077134 454.118981883 129.568242245 0.99609375
v 154.076449103 454.039698188 152.645578034 0.99609375
v 154.535099287 454.570045905 130.267193148 0.99609375
v 154.241245338 454.173651802 152.698193296 0.99609375
v 154.554962068 454.642509942 129.950224913 0.99609375
v 154.115947132 454.649775622 152.530826702 0.99609375
v 154.358841876 454.874226545 129.646487176 0.99609375
v 154.353406345 455.148998395 152.574226873 0.99609375
v 154.047179214 455.109402884 130.608946301 0.99609375
v 154.542632747 455.336991233 153.224580965 0.99609375
v 154.102831696 455.466613561 130.499528544 0.99609375
v 154.493521382 455.586644859 153.476660521 0.99609375
v 154.351513027 456.01638821 130.078030998 0.99609375
v 154.351069401 456.006050468 153.087606552 0.99609375
v 154.442723854 456.023236166 130.256036567 0.99609375
v 154.148515639 455.983507348 153.357429084 0.99609375
v 154.083031273 456.675064552 130.359687955 0.99609375
v 154.425196057 456.463314333 153.323212185 0.99609375
v 154.529561174 456.475316472 130.827527038 0.99609375
v 153.992277576 456.891259295 152.668595925 0.99609375
v 154.221643979 457.206158809 130.237912478 0.99609375
v 153.996133223 457.059629917 152.792974383 0.99609375
v 154.539092559 457.076744603 131.54192137 0.99609375
v 154.215218262 457.115049198 152.697199542 0.99609375
v 154.54008661 457.777981524 132.332881261 0.99609375
v 154.371907408 457.816276249 152.045748303 0.99609375
v 154.018917819 458.09046136 132.895044702 0.99609375
v 154.016181624 458.037390398 152.591474807 0.99609375
v 154.391827571 458.023639142 136.103406363 0.99609375
v 154.386311393 457.914076361 152.416163583 0.99609375
v 154.369340983 458.712389049 136.836084096 0.99609375
v 154.003323554 458.496205527 152.403455555 0.99609375
v 154.198956662 458.531918822 137.792443646 0.99609375
v 154.40845958 458.540692855 150.901813513 0.99609375
v 154.156987812 458.959187909 138.774664901 0.99609375
v 154.680633063 443.829512947 142.86389098 0.99609375
v 154.784808985 444.140056594 144.283420581 0.99609375
v 154.642678443 444.363945044 141.909025706 0.99609375
v 154.442387814 444.286490238 143.716970192 0.99609375
v 154.557587838 444.615396985 140.071092405 0.99609375
v 154.690871919 444.812325773 144.288776567 0.99609375
v 154.752876439 445.06863349 138.819961058 0.99609375
v 154.563029637 444.774713123 144.645727114 0.99609375
v 154.714368113 444.913227756 137.707353145 0.99609375
v 154.347298412 445.407861482 144.785680259 0.99609375
v 154.342718681 445.61603436 135.719720341 0.99609375
v 154.54940077 445.471686612 144.938356574 0.99609375
v 154.713389203 445.530944483 135.194759448 0.99609375
v 154.661426291 445.475783184 144.319818681 0.99609375
v 154.569568298 446.291990706 133.944127925 0.99609375
v 154.640916194 446.224007226 144.70941124 0.99609375
v 154.413466221 446.399745535 131.600240397 0.99609375
v 154.659667934 446.300713665 144.844473793 0.99609375
v 154.773863509 446.670745382 130.778568396 0.99609375
v 154.841478867 446.672510515 145.1547996 0.99609375
v 154.634510982 446.88028923 129.233607745 0.99609375
v 154.330432272 446.723302214 145.005607555 0.99609375
v 154.480000376 447.412789583 128.015250218 0.99609375
v 154.737016532 447.031938245 146.161977375 0.99609375
v 154.69936937 447.270995707 127.100057403 0.99609375
v 154.53358954 447.744745256 146.666401811 0.99609375
v 154.450643528 447.902960467 127.465348641 0.99609375
v 154.846300315 447.681793747 146.725370416 0.99609375
v 154.803737675 448.301225576 127.250382434 0.99609375
v 154.804775283 447.78206934 147.013769742 0.99609375
v 154.854626917 448.553030144 127.521600315 0.99609375
v 154.558910335 448.361762629 147.008568716 0.99609375
v 154.821982102 448.876674053 127.32176959 0.99609375
v 154.610792086 448.48007555 147.612179226 0.99609375
v 154.698902737 448.929564165 127.895873808 0.99609375
v 154.741478007 448.97273336 147.795853957 0.99609375
v 154.653190224 449.461689181 127.553418749 0.99609375
v 154.53177974 449.385063748 147.740443626 0.99609375
v 154.720701958 449.562696733 127.830076045 0.99609375
v 154.430729965 449.74984759 148.886763257 0.99609375
v 154.805090143 449.941403611 128.015495677 0.99609375
v 154.549464419 450.065752722 148.258880881 0.99609375
v 154.493310127 450.106953839 127.828517267 0.99609375
v 154.487854439 450.173118149 148.753170874 0.99609375
v 154.382398885 450.284005381 128.433507977 0.99609375
v 154.782714533 450.650418577 148.585244043 0.99609375
v 154.342700792 450.921247614 128.388058015 0.99609375
v 154.693942375 450.524157772 149.56503956 0.99609375
v 154.622537913 450.998968478 128.92359729 0.99609375
v 154.685123797 451.131781616 149.246565758 0.99609375
v 154.541983829 451.455588445 129.263507704 0.99609375
v 154.837547453 451.135198286 150.071106133 0.99609375
v 154.341561257 451.736923978 128.743497374 0.99609375
v 154.446927489 451.479127211 150.420892862 0.99609375
v 154.811848225 451.86480821 129.321245225 0.99609375
v 154.585299021 451.726246199 150.395748321 0.99609375
v 154.396136147 452.298220792 128.618326653 0.99609375
v 154.656690081 452.37861725 150.354734237 0.99609375
v 154.570269109 452.649879054 129.701706373 0.99609375
v 154.646286453 452.374888233 151.057146681 0.99609375
v 154.74561907 452.902636258 129.137245081 0.99609375
v 154.282344271 452.940341326 151.799995245 0.99609375
v 154.406557905 452.960100824 129.532598688 0.99609375
v 154.617138871 452.73569872 151.105807323 0.99609375
v 154.49460125 453.052101063 129.762839667 0.99609375
v 154.522146957 453.502526123 151.783043482 0.99609375
v 154.709809616 453.511530733 129.067981096 0.99609375
v 154.783307843 453.722406971 152.013151078 0.99609375
v 154.722177116 453.851663635 129.996255667 0.99609375
v 154.380358286 453.739908289 152.354717191 0.99609375
v 154.534193575 453.990611868 130.459355921 0.99609375
v 154.75687453 454.171964164 152.277549278 0.99609375
v 154.836541697 454.411528206 129.913228293 0.99609375
v 154.543293573 454.697561687 152.968440928 0.99609375
v 154.442779039 454.662083063 129.914723593 0.99609375
v 154.540192089 454.58491142 152.599102533 0.99609375
v 154.497843256 455.29218043 130.276517183 0.99609375
v 154.538264021 454.861843149 152.6452783 0.99609375
v 154.345964927 455.220668598 129.664014731 0.99609375
v 154.84286679 455.170199745 152.698923242 0.99609375
v 154.434550956 455.517372893 130.549167593 0.99609375
v 154.411678573 455.49855424 152.965087982 0.99609375
v 154.400212168 456.020507253 130.449260536 0.99609375
v 154.770930328 455.772515584 152.511916251 0.99609375
v 154.84685823 456.151400033 130.146197291 0.99609375
v 154.521537154 456.134121748 152.531269182 0.99609375
v 154.713562622 456.52202993 130.736765667 0.99609375
v 154.369434495 456.470693994 152.994289444 0.99609375
v 154.50985869 456.89861072 130.089066593 0.99609375
v 154.805436309 456.724841918 153.266678636 0.99609375
v 154.729904103 457.047843602 130.222648766 0.99609375
v 154.567115121 456.98716176 153.250868234 0.99609375
v 154.633360247 457.285394943 130.43440242 0.99609375
v 154.376480672 457.363931673 152.474884445 0.99609375
v 154.478050353 457.892954647 132.677305195 0.99609375
v 154.654158419 457.470583149 152.358541085 0.99609375
v 154.853026566 457.924320617 133.293014465 0.99609375
v 154.674567481 458.047219978 152.408313201 0.99609375
v 154.546798578 458.015204681 132.99031612 0.99609375
v 154.47650846 458.027964869 152.824844314 0.99609375
v 154.712732082 458.707626197 136.652549354 0.99609375
v 154.707789049 458.649663073 151.731100596 0.99609375
v 154.814478694 458.979201187 137.933663044 0.99609375
v 154.780671581 458.520854616 151.250476594 0.99609375
v 154.850073403 459.242925137 138.824811685 0.99609375
v 154.761860016 443.985282477 142.589520601 0.99609375
v 154.686492307 444.264824809 143.813693956 0.99609375
v 154.916755213 444.199851362 141.716662707 0.99609375
v 154.96333189 444.330462799 144.271719965 0.99609375
v 154.991489776 444.506302049 140.203614958 0.99609375
v 154.758094809 444.689968901 144.351556626 0.99609375
v 154.891039514 445.01981279 139.470624351 0.99609375
v 154.656352499 444.729847098 144.577103826 0.99609375
v 154.909988675 445.03883079 137.870127635 0.99609375
v 155.048376835 445.17389294 144.998573819 0.99609375
v 154.905833127 445.416748596 136.422764803 0.99609375
v 154.929523852 445.286111613 144.945691966 0.99609375
v 154.967410748 445.514460795 135.425980664 0.99609375
v 154.5998853 445.657531676 144.288614231 0.99609375
v 154.64322813 446.146812103 133.46933595 0.99609375
v 154.896849637 446.28170043 144.773330378 0.99609375
v 154.619839472 446.157415329 131.833289347 0.99609375
v 155.138526565 446.162570037 145.344190742 0.99609375
v 154.999258272 446.79260289 130.622377974 0.99609375
v 154.822194987 446.720211472 145.198441477 0.99609375
v 154.729206241 447.100857042 129.120361631 0.99609375
v 154.813297939 446.885759602 145.650043012 0.99609375
v 154.984533869 447.451425528 128.101871046 0.99609375
v 154.839491213 447.400816371 146.070101886 0.99609375
v 154.732650315 447.309515089 127.009134342 0.99609375
v 155.010362492 447.572613809 145.812699771 0.99609375
v 154.824778454 447.840875799 126.837224694 0.99609375
v 154.644125415 447.969451773 146.515018343 0.99609375
v 154.873767871 447.90875935 127.209856211 0.99609375
v 155.004602747 447.88113456 146.572624831 0.99609375
v 154.963881012 448.107769491 127.753387853 0.99609375
v 154.668631645 448.242204839 146.596715215 0.99609375
v 154.93461736 448.436503601 127.48522789 0.99609375
v 154.8821144 448.677737044 147.59047246 0.99609375
v 154.595593303 449.052603954 127.624582349 0.99609375
v 154.667656498 449.038642748 148.001470983 0.99609375
v 154.996906702 448.968638785 127.718546777 0.99609375
v 154.766039261 449.398986064 147.565282607 0.99609375
v 154.82458121 449.466340024 127.908368285 0.99609375
v 155.074283879 449.733409675 148.846044845 0.99609375
v 154.675500306 449.767232389 127.878517388 0.99609375
v 154.65217386 449.512561346 148.43724831 0.99609375
v 154.878933902 449.932091812 128.382957509 0.99609375
v 154.812091031 450.271729181 148.830591189 0.99609375
v 155.123692353 450.529774915 128.226417885 0.99609375
v 154.62233482 450.496997906 148.767670881 0.99609375
v 154.798268379 450.560009305 128.493518662 0.99609375
v 155.132683056 450.851273993 149.430127755 0.99609375
v 155.104233233 450.889681332 128.018463126 0.99609375
v 155.119310529 450.949127341 149.509444551 0.99609375
v 154.669509577 451.211043824 128.006039827 0.99609375
v 154.729998656 450.961494723 149.740668066 0.99609375
v 155.021378041 451.386679409 129.201187243 0.99609375
v 155.080771334 451.565602626 150.179276048 0.99609375
v 155.139832257 451.956806636 128.690982548 0.99609375
v 154.749472585 451.569919285 150.116035274 0.99609375
v 154.955369932 452.012693689 128.545497521 0.99609375
v 155.041840538 451.889344166 150.088798005 0.99609375
v 154.659291482 452.577685629 129.279587692 0.99609375
v 154.847013586 452.380223271 150.89893128 0.99609375
v 155.024400593 452.903739155 129.87452299 0.99609375
v 155.08266797 452.789537997 151.134471507 0.99609375
v 154.790657397 452.914072146 129.756704426 0.99609375
v 154.752166081 453.066342548 151.297346424 0.99609375
v 155.09423212 453.309390909 129.394041275 0.99609375
v 155.09988724 453.553357563 152.361789873 0.99609375
v 154.832179911 453.299594752 129.167955568 0.99609375
v 154.577657365 453.800693353 152.305369789 0.99609375
v 154.858024266 453.59211597 129.308734262 0.99609375
v 154.739437703 453.718922733 152.398067796 0.99609375
v 154.575200861 454.077820441 130.464187701 0.99609375
v 155.094809054 454.291990916 152.803799272 0.99609375
v 154.576172764 454.706652975 130.425150008 0.99609375
v 155.147234472 454.549751251 152.970433292 0.99609375
v 155.04247017 454.925589777 130.060749551 0.99609375
v 154.591913268 454.528259253 152.670816236 0.99609375
v 155.006762581 454.909833627 129.93512194 0.99609375
v 155.104806034 454.78149686 153.445906273 0.99609375
v 155.054872132 455.030903973 130.47643019 0.99609375
v 154.666642409 455.301028648 153.496242 0.99609375
v 154.9317245 455.504453368 130.238065386 0.99609375
v 154.905444026 455.618470799 152.957189006 0.99609375
v 154.602862404 456.156876463 130.709359165 0.99609375
v 155.006630675 455.688656308 153.429189665 0.99609375
v 154.819876045 456.017949956 130.192393651 0.99609375
v 154.748748128 456.155012359 153.073855567 0.99609375
v 154.627600072 456.251060484 130.651774796 0.99609375
v 155.113994298 456.277237869 152.536904484 0.99609375
v 154.643528029 456.940909778 130.111618506 0.99609375
v 154.762917641 456.821780687 153.315533853 0.99609375
v 154.742226249 456.816848507 130.409320723 0.99609375
v 155.121335307 456.944043178 152.945922575 0.99609375
v 154.684394302 457.440136949 130.635474309 0.99609375
v 154.726861598 457.066798446 152.12753555 0.99609375
v 154.69997301 457.81998579 130.570841782 0.99609375
v 154.811945804 457.400439495 152.764114283 0.99609375
v 154.996910787 458.06125865 132.770132207 0.99609375
v 154.66581751 458.029375323 152.252131332 0.99609375
v 154.942068114 457.940831091 132.772947361 0.99609375
v 155.096504914 458.263324904 152.154413733 0.99609375
v 154.951198671 458.241280908 136.651990762 0.99609375
v 155.1372608 458.248113756 152.135709277 0.99609375
v 154.608661111 458.682153892 137.24990026 0.99609375
v 154.906713979 458.831746995 150.806724475 0.99609375
v 154.654499128 459.183788103 138.554200182 0.99609375
v 154.889889729 444.264041404 143.472464222 0.99609375
v 155.39233053 443.926413967 144.060869781 0.99609375
v 155.322802771 444.0743526 141.211901148 0.99609375
v 155.278094499 444.208121292 143.82271278 0.99609375
v 155.283779655 444.685634123 139.855954699 0.99609375
v 154.961680544 444.292217998 143.904205281 0.99609375
v 155.343917146 445.058475864 138.878776498 0.99609375
v 155.21114599 445.052736825 144.303003322 0.99609375
v 155.092904336 444.958229255 137.459219888 0.99609375
v 155.085535432 445.08065816 144.571207551 0.99609375
v 154.876910545 445.692703764 136.144299134 0.99609375
v 155.435531554 445.40370983 144.392013742 0.99609375
v 154.982558554 445.719437742 135.498400734 0.99609375
v 154.953069471 445.861759299 144.938370811 0.99609375
v 155.303209998 445.851060755 133.020309404 0.99609375
v 155.315440321 446.095360277 144.758585528 0.99609375
v 155.163476864 446.399051132 132.165072515 0.99609375
v 154.945900786 446.356716874 145.359779821 0.99609375
v 155.083904568 446.758857958 130.514621116 0.99609375
v 155.248864591 446.52024236 145.253224332 0.99609375
v 155.300944476 447.127854656 128.933774244 0.99609375
v 155.154556395 447.059376868 145.804450497 0.99609375
v 155.394670147 446.902258645 128.381553175 0.99609375
v 155.401910563 447.369695259 145.798022093 0.99609375
v 155.055287337 447.31501381 127.139306837 0.99609375
v 154.913443541 447.608295547 146.197088972 0.99609375
v 155.215086456 447.505580767 127.126832357 0.99609375
v 154.914816865 447.496912415 146.409377371 0.99609375
v 155.010445265 448.095254702 127.140954862 0.99609375
v 154.887556366 447.932778384 146.831765792 0.99609375
v 155.278637467 448.16359564 127.064580109 0.99609375
v 155.27027936 448.618672666 146.653722453 0.99609375
v 155.373430916 448.676351539 127.309031532 0.99609375
v 155.074041805 448.814333308 147.411200613 0.99609375
v 155.383782649 448.637459303 127.970326614 0.99609375
v 155.015489218 449.045587036 147.256808665 0.99609375
v 154.93791727 449.015106256 127.753828439 0.99609375
v 155.281443591 449.056622221 147.596740863 0.99609375
v 155.28899159 449.407310423 128.49934791 0.99609375
v 155.138814685 449.727877187 148.90175715 0.99609375
v 154.969108696 449.78200088 127.933367747 0.99609375
v 155.035108515 449.908046584 148.394305577 0.99609375
v 155.398768987 450.362541593 128.234566333 0.99609375
v 155.127873043 450.26009985 149.283869221 0.99609375
v 155.404394036 450.095030509 127.861939461 0.99609375
v 155.274955252 450.194583819 148.943170046 0.99609375
v 155.330642892 450.831468424 128.387613098 0.99609375
v 155.362332054 450.664922765 149.066448728 0.99609375
v 154.97769003 450.81897938 128.805308462 0.99609375
v 155.224559353 451.157234614 149.897731515 0.99609375
v 155.164120493 451.187219494 128.555182936 0.99609375
v 154.915277282 451.404299626 150.054810187 0.99609375
v 154.95644138 451.303636882 128.333867589 0.99609375
v 155.084436613 451.642451363 150.090415803 0.99609375
v 155.386502716 451.872496116 128.793316282 0.99609375
v 155.366258717 451.721822051 150.781905937 0.99609375
v 155.35207596 451.839636782 128.822792687 0.99609375
v 154.950697368 452.081301762 150.321667349 0.99609375
v 154.904210451 452.51776566 129.026362264 0.99609375
v 155.103277198 452.565821669 151.260645476 0.99609375
v 154.899108578 452.85498892 128.892844626 0.99609375
v 154.930560375 452.603949786 151.041045217 0.99609375
v 155.283577778 452.991073818 129.706601658 0.99609375
v 154.921905935 452.782014193 151.983174626 0.99609375
v 155.145234712 453.079277431 129.89804014 0.99609375
v 155.18458814 453.497698009 151.578927439 0.99609375
v 155.403373407 453.576203213 129.664322747 0.99609375
v 154.908246565 453.416744553 152.240093789 0.99609375
v 154.93788682 453.647090993 129.101111318 0.99609375
v 155.337015552 453.723228773 152.447385559 0.99609375
v 155.141809708 454.286078336 129.129603176 0.99609375
v 155.148498677 454.27770354 152.685282745 0.99609375
v 155.352161406 454.431485024 130.498984731 0.99609375
v 155.188790391 454.694859419 152.157662881 0.99609375
v 155.425449196 454.511463971 129.506730098 0.99609375
v 154.962102716 454.534192799 152.875527076 0.99609375
v 155.030167043 454.832148154 129.788120357 0.99609375
v 155.387322462 454.778697794 153.373154721 0.99609375
v 155.125225292 455.533331118 130.489646185 0.99609375
v 155.100963074 455.19618858 152.696930279 0.99609375
v 155.134843926 455.841537663 129.775147663 0.99609375
v 155.096061451 455.46161198 153.000554116 0.99609375
v 155.302462362 455.859963378 130.368745759 0.99609375
v 155.374601656 455.788542525 152.559694365 0.99609375
v 155.012140655 456.459826404 130.036864683 0.99609375
v 155.042797623 456.226281063 152.744092905 0.99609375
v 155.1989512 456.364533168 130.78938164 0.99609375
v 155.19749433 456.668508092 153.429835459 0.99609375
v 155.211405447 456.894197755 130.575654232 0.99609375
v 154.982356107 457.036403811 152.761101616 0.99609375
v 155.065161858 457.041785469 130.492645987 0.99609375
v 155.083843529 457.189646835 152.570620219 0.99609375
v 155.061730639 457.304614649 130.280134344 0.99609375
v 155.361462626 457.522971993 152.613075534 0.99609375
v 154.961804742 457.827358764 130.286558977 0.99609375
v 155.318686617 457.408813331 152.282976011 0.99609375
v 155.206396351 457.765945549 131.88095983 0.99609375
v 155.22507311 457.812354446 152.31525166 0.99609375
v 155.228930621 458.212726374 133.084731966 0.99609375
v 154.978863477 457.964825969 152.364735254 0.99609375
v 154.886000921 458.545818903 132.660237746 0.99609375
v 154.928592752 458.481612491 151.790276256 0.99609375
v 154.962662411 458.891185208 136.505390242 0.99609375
v 155.344029455 458.627382788 151.488335148 0.99609375
v 155.386719102 458.87469761 138.448200604 0.99609375
v 155.182596518 443.844237728 142.732210663 0.99609375
v 155.726186508 443.889491884 144.214499098 0.99609375
v 155.383364202 444.414209087 141.656347725 0.99609375
v 155.690218924 444.430747159 143.852313846 0.99609375
v 155.722139635 444.816268907 140.405743676 0.99609375
v 155.520233374 444.339593497 143.896017149 0.99609375
v 155.220678579 444.809964485 139.156520238 0.99609375
v 155.263059346 444.892239623 144.22663807 0.99609375
v 155.494170175 444.967250802 137.41053874 0.99609375
v 155.670328129 445.238920269 144.318287522 0.99609375
v 155.602042229 445.617803774 135.870382727 0.99609375
v 155.333972101 445.502824357 144.454706174 0.99609375
v 155.279978876 445.997999473 134.89842872 0.99609375
v 155.162918097 445.499786924 144.286723619 0.99609375
v 155.682487704 446.186243956 133.262962386 0.99609375
v 155.3254049 446.244460774 145.462678484 0.99609375
v 155.497348302 446.53643773 131.588753091 0.99609375
v 155.155737169 446.25377331 144.967902788 0.99609375
v 155.227054277 446.600017581 130.782080992 0.99609375
v 155.212100038 446.361879352 145.196228115 0.99609375
v 155.376461906 447.031063799 128.947358657 0.99609375
v 155.189855163 446.842477833 145.633229809 0.99609375
v 155.306081378 447.082558386 127.641843351 0.99609375
v 155.618155028 447.415026565 146.117724017 0.99609375
v 155.446472939 447.521854756 127.468465357 0.99609375
v 155.220381514 447.604209012 146.260292893 0.99609375
v 155.506997932 447.494270193 126.525219389 0.99609375
v 155.67863577 447.558199013 146.317429872 0.99609375
v 155.409006286 448.170355976 127.294050948 0.99609375
v 155.164586242 448.21227096 146.558450885 0.99609375
v 155.58610823 448.44672159 127.97745884 0.99609375
v 155.426024052 448.337851425 147.307304389 0.99609375
v 155.529778589 448.603080637 127.097879135 0.99609375
v 155.304304634 448.392697594 147.30425335 0.99609375
v 155.258367735 448.777757681 127.724657413 0.99609375
v 155.393237518 448.650822791 147.959480478 0.99609375
v 155.330974525 449.44425557 127.644672633 0.99609375
v 155.648242007 449.137806639 148.048473876 0.99609375
v 155.291896909 449.382037306 127.590790182 0.99609375
v 155.723872225 449.661197799 148.14524151 0.99609375
v 155.577352282 449.706810314 127.509390266 0.99609375
v 155.42937474 449.661837349 148.031774159 0.99609375
v 155.194654401 450.316446266 127.593352283 0.99609375
v 155.405033778 450.116240383 149.024630322 0.99609375
v 155.285035455 450.125456496 128.202539399 0.99609375
v 155.162055195 450.260399451 148.81108487 0.99609375
v 155.483566129 450.850608361 128.126299842 0.99609375
v 155.258862354 450.423179959 149.945776957 0.99609375
v 155.310978399 450.772011657 128.090725502 0.99609375
v 155.611733822 450.769230174 149.358674584 0.99609375
v 155.275801026 451.382182817 128.707072631 0.99609375
v 155.333433776 451.188397609 149.648216533 0.99609375
v 155.42520268 451.745622568 128.790903502 0.99609375
v 155.578191526 451.643422889 150.157843562 0.99609375
v 155.524397692 452.028520526 128.68535047 0.99609375
v 155.632462199 451.93656048 150.677489718 0.99609375
v 155.219050455 452.069752645 129.153820587 0.99609375
v 155.515412749 452.220935555 150.806771212 0.99609375
v 155.706705595 452.408433033 129.316223829 0.99609375
v 155.681758592 452.450413631 150.688431171 0.99609375
v 155.698681897 452.820948237 128.607556235 0.99609375
v 155.369706888 452.692859488 151.187781199 0.99609375
v 155.323298805 452.927262834 129.274936675 0.99609375
v 155.347903334 452.690160488 151.841113354 0.99609375
v 155.194844798 453.227844248 129.367263653 0.99609375
v 155.211973316 453.199308027 152.091159872 0.99609375
v 155.467896229 453.436151773 129.590326798 0.99609375
v 155.685447834 453.817148324 151.857775162 0.99609375
v 155.301781298 453.641567219 129.227787291 0.99609375
v 155.424806442 453.921739773 152.275219196 0.99609375
v 155.546577092 454.214358905 129.028302668 0.99609375
v 155.395126488 454.025820489 152.276187318 0.99609375
v 155.489792852 454.651919359 129.645058693 0.99609375
v 155.555056624 454.625589867 152.708045684 0.99609375
v 155.276847586 454.492866554 130.31110377 0.99609375
v 155.656468911 454.478235128 152.331386089 0.99609375
v 155.551464274 455.155725837 129.690319655 0.99609375
v 155.480639118 454.829302645 153.420379232 0.99609375
v 155.4825959 455.283819395 129.905340096 0.99609375
v 155.41773415 455.229070329 152.805789306 0.99609375
v 155.437553159 455.736700666 129.688128226 0.99609375
v 155.56990205 455.778564738 153.357537754 0.99609375
v 155.712715726 456.036323756 130.349969336 0.99609375
v 155.363349134 455.947139394 152.784163292 0.99609375
v 155.656132057 456.229612427 129.529185568 0.99609375
v 155.352924007 456.368952529 153.305875961 0.99609375
v 155.324965565 456.394024314 130.989924818 0.99609375
v 155.194250055 456.565913741 152.675085203 0.99609375
v 155.542781525 456.610506399 130.256887983 0.99609375
v 155.22441814 456.599219705 153.294315734 0.99609375
v 155.70208468 456.869610077 130.000733962 0.99609375
v 155.410410822 456.818742713 152.72994333 0.99609375
v 155.363319011 457.06778674 130.364986734 0.99609375
v 155.476899643 457.091590513 153.240460426 0.99609375
v 155.32827957 457.372894505 130.973948867 0.99609375
v 155.354604893 457.760566554 152.006000194 0.99609375
v 155.653352185 458.079259117 130.955226461 0.99609375
v 155.487512973 457.89826577 152.660344451 0.99609375
v 155.1883764 458.06540268 132.962917608 0.99609375
v 155.24027093 458.421885867 152.144314348 0.99609375
v 155.369806508 458.470414046 132.857774747 0.99609375
v 155.656581178 458.307324936 151.229084395 0.99609375
v 155.309961944 458.542894891 136.826225733 0.99609375
v 155.619030702 458.66731894 150.842346316 0.99609375
v 155.171417268 458.821516694 138.663087981 0.99609375
v 155.822575876 443.814959734 142.662421018 0.99609375
v 155.859477714 444.175269934 144.384203769 0.99609375
v 155.62951236 444.465375362 141.681305268 0.99609375
v 155.611082762 444.452714176 144.142916965 0.99609375
v 155.810560256 444.434483752 139.556542015 0.99609375
v 155.643978733 444.441075927 144.093024165 0.99609375
v 155.725573371 444.854916947 138.547628614 0.99609375
v 155.802771742 444.570122561 144.485568113 0.99609375
v 155.521498891 445.019572579 137.692545702 0.99609375
v 155.613829797 445.282250326 144.769768834 0.99609375
v 155.686134415 445.675272421 136.128808302 0.99609375
v 155.531751689 445.380734727 144.499196614 0.99609375
v 155.841802463 445.452352016 134.552254615 0.99609375
v 155.52032097 445.639172469 144.348319229 0.99609375
v 155.537158642 446.180161828 133.480122828 0.99609375
v 155.820720397 446.236143267 144.734227903 0.99609375
v 155.737660953 446.34070704 131.858754638 0.99609375
v 155.938710667 446.322932426 145.129503548 0.99609375
v 155.886688614 446.467531128 130.441964626 0.99609375
v 155.889396695 446.434472501 145.475838717 0.99609375
v 155.830328723 447.159199008 128.6564128 0.99609375
v 155.638167142 447.059554559 145.812983363 0.99609375
v 155.641441132 447.29473361 128.399114058 0.99609375
v 155.620344039 447.18078754 145.887746234 0.99609375
v 155.675020322 447.347522052 126.856835024 0.99609375
v 155.991264102 447.358761381 145.831494065 0.99609375
v 155.948824195 447.548868812 127.228511131 0.99609375
v 155.849596478 447.878192861 146.459785249 0.99609375
v 155.865343336 447.763274528 126.950713855 0.99609375
v 155.589563683 448.203224077 146.764571628 0.99609375
v 155.880718806 448.109042992 127.264228493 0.99609375
v 155.820053792 448.161060103 146.548156705 0.99609375
v 155.707413415 448.674315656 127.265827241 0.99609375
v 155.843256208 448.629967593 147.41497034 0.99609375
v 155.686859831 448.770797785 127.710346826 0.99609375
v 155.648054313 448.932963506 147.143989788 0.99609375
v 155.74727549 449.239998231 127.791074641 0.99609375
v 155.982113008 449.435204546 147.714282113 0.99609375
v 155.781837168 449.348809212 127.456415932 0.99609375
v 155.702983882 449.535692158 148.209196291 0.99609375
v 155.89059861 449.80923579 127.507994839 0.99609375
v 155.716485779 449.93423281 148.056380335 0.99609375
v 155.597468399 449.999319819 128.282198351 0.99609375
v 155.564153488 450.147981156 149.241998266 0.99609375
v 155.835099326 450.659529037 128.06379009 0.99609375
v 155.527905514 450.099639875 148.960054193 0.99609375
v 155.730121419 450.700428713 128.479748465 0.99609375
v 156.006475162 450.91602965 149.335990057 0.99609375
v 155.703429135 451.131311705 128.831699362 0.99609375
v 155.966352078 450.958305623 149.881709657 0.99609375
v 155.907945999 451.259043958 128.726848823 0.99609375
v 155.857186532 451.08784459 149.746165112 0.99609375
v 155.533504257 451.612593447 128.428100122 0.99609375
v 155.454302012 451.260292142 149.97378761 0.99609375
v 155.44084124 451.692348612 128.146228794 0.99609375
v 155.580923543 451.704239198 150.402924054 0.99609375
v 155.989440466 452.323909442 128.587795569 0.99609375
v 155.497401811 452.236187856 150.824817449 0.99609375
v 155.687511247 452.406419101 129.232771473 0.99609375
v 155.518502776 452.640686306 150.509420725 0.99609375
v 155.459227121 452.598787573 128.622371922 0.99609375
v 155.889406357 452.642581685 151.442968181 0.99609375
v 155.676280573 452.932204363 129.228124791 0.99609375
v 155.562396082 452.78070163 151.867350155 0.99609375
v 155.820382382 453.432375587 129.697793535 0.99609375
v 155.777946654 453.008647024 152.346537891 0.99609375
v 155.754300142 453.571676215 129.704079961 0.99609375
v 155.559817376 453.340308637 151.642652766 0.99609375
v 155.898190561 453.750379738 129.344227082 0.99609375
v 155.661502543 453.813468505 152.883631588 0.99609375
v 155.645530835 454.205616225 129.494614696 0.99609375
v 155.598385325 454.101296934 152.864774308 0.99609375
v 155.591100891 454.678946252 129.390788821 0.99609375
v 155.4985506 454.667694069 152.622777496 0.99609375
v 155.948130722 454.821253212 129.378210327 0.99609375
v 155.978124717 454.559563231 152.745722266 0.99609375
v 155.828171857 455.121232573 130.356255443 0.99609375
v 155.86337929 455.132677696 153.363437165 0.99609375
v 155.734657102 455.543040028 129.767229681 0.99609375
v 155.473377823 455.404003627 152.781569785 0.99609375
v 155.903946513 455.357154182 129.560427489 0.99609375
v 155.893409651 455.324156823 152.949590692 0.99609375
v 155.825999389 455.883159014 130.220340776 0.99609375
v 155.460652772 455.803395879 152.515115232 0.99609375
v 155.605314506 455.93522197 129.658530038 0.99609375
v 155.611052623 456.214346878 153.017537558 0.99609375
v 155.79909708 456.560615377 130.211382162 0.99609375
v 155.650110854 456.428789648 152.954501382 0.99609375
v 155.743239131 456.478890893 130.503653037 0.99609375
v 155.573915826 456.897465436 153.352663496 0.99609375
v 155.843698302 457.222071737 130.927306149 0.99609375
v 155.742351383 456.941248206 153.490374317 0.99609375
v 155.810573188 457.509188065 130.625729436 0.99609375
v 155.764548759 457.487755165 153.22835062 0.99609375
v 155.819217363 457.604232699 130.102492415 0.99609375
v 155.519501797 457.583861371 152.755967407 0.99609375
v 155.572852793 457.838537681 130.360220755 0.99609375
v 155.557094808 458.145503151 152.141915428 0.99609375
v 155.855782759 458.278100071 130.036595045 0.99609375
v 155.632901544 458.028977945 152.977932053 0.99609375
v 155.844632635 458.498818734 132.694267671 0.99609375
v 155.530881907 458.372100946 151.496044798 0.99609375
v 155.515769644 458.723894882 133.190571713 0.99609375
v 155.714529545 458.868645525 150.91114708 0.99609375
v 155.790709535 459.206260946 138.168553129 0.99609375
v 155.847965695 443.877815394 142.603546933 0.99609375
v 156.188318188 443.81935888 144.097039799 0.99609375
v 155.858088812 444.044048455 141.60364308 0.99609375
v 156.211777139 444.388951128 144.096255149 0.99609375
v 156.060171954 444.451187795 139.525253462 0.99609375
v 155.960178353 444.856014332 144.378989067 0.99609375
v 156.055881678 445.119814296 138.828879494 0.99609375
v 155.998645911 444.575641348 144.631633658 0.99609375
v 155.912786517 444.879631051 137.334002306 0.99609375
v 155.981843831 445.237903286 144.064104685 0.99609375
v 155.802398362 445.247182715 135.663547672 0.99609375
v 155.918992169 445.61492611 144.410074858 0.99609375
v 156.221165956 445.888296365 135.433561031 0.99609375
v 156.134194176 445.624901699 144.948811383 0.99609375
v 155.992341107 446.164293218 133.3692295 0.99609375
v 155.990081057 446.137036475 145.052340889 0.99609375
v 155.984828411 446.521486347 132.427033279 0.99609375
v 156.126313209 446.352758085 144.771218003 0.99609375
v 155.744642083 446.46845334 130.750173307 0.99609375
v 155.971057737 446.438335746 145.51027205 0.99609375
v 155.786586713 446.627751392 129.416231845 0.99609375
v 156.003732749 446.927137554 145.907442288 0.99609375
v 156.05226752 447.320073643 128.0174993 0.99609375
v 156.09258057 447.288158782 145.521950814 0.99609375
v 156.236017153 447.364334601 127.08555128 0.99609375
v 155.83689273 447.255183844 146.238804179 0.99609375
v 156.083598 447.905423514 127.045858397 0.99609375
v 155.786987223 447.572003688 146.436874704 0.99609375
v 156.055663095 448.173183372 127.359891193 0.99609375
v 156.026084949 448.004098097 146.921006351 0.99609375
v 156.162503563 448.19534777 127.171309199 0.99609375
v 156.199689313 448.290423525 146.92850159 0.99609375
v 156.006401294 448.44288476 127.392715763 0.99609375
v 156.185734883 448.694261201 147.786434041 0.99609375
v 155.794443925 448.974850057 127.02110406 0.99609375
v 155.751073042 448.74277689 147.900874443 0.99609375
v 155.862540289 448.935618784 127.067793416 0.99609375
v 155.809424674 449.152603207 148.158924671 0.99609375
v 155.987037394 449.304578701 127.496248313 0.99609375
v 156.054458083 449.723478146 148.053207174 0.99609375
v 155.767516551 449.870971926 127.780262271 0.99609375
v 156.203533867 449.88871618 148.874242688 0.99609375
v 155.757767198 450.015254998 127.90883797 0.99609375
v 155.905382233 450.00397454 149.099098576 0.99609375
v 156.288415038 450.297171918 128.118707705 0.99609375
v 155.992561388 450.618915752 149.216581365 0.99609375
v 155.958057906 450.94671841 128.191922795 0.99609375
v 156.037041052 450.921770651 149.299059495 0.99609375
v 155.981807144 451.193428953 128.989559726 0.99609375
v 156.087370165 450.814333503 149.167087104 0.99609375
v 156.241421146 451.38213589 128.223130831 0.99609375
v 156.204260533 451.062395782 150.303973017 0.99609375
v 156.270129751 451.805424929 128.092995291 0.99609375
v 156.148052084 451.700635796 150.102010785 0.99609375
v 155.817169455 451.903076244 128.002372359 0.99609375
v 155.889027757 451.926664772 150.576447687 0.99609375
v 155.958228421 452.106661258 128.528256358 0.99609375
v 155.838030203 452.271998424 150.474327495 0.99609375
v 155.770563786 452.485224025 129.328626985 0.99609375
v 156.030504194 452.441882115 150.604274352 0.99609375
v 155.979096045 452.698422372 129.005041317 0.99609375
v 156.278743671 452.931339668 151.85211651 0.99609375
v 156.188815198 452.917004818 129.255242829 0.99609375
v 155.948229392 452.760722359 151.245428385 0.99609375
v 155.783331614 453.027898046 129.306733938 0.99609375
v 156.120249083 453.431749385 151.671556671 0.99609375
v 156.197363349 453.621462747 129.305952775 0.99609375
v 156.016101916 453.754962174 151.738864113 0.99609375
v 155.803975769 453.901488318 129.789637708 0.99609375
v 156.053729109 454.025808447 152.849443515 0.99609375
v 155.809010743 454.132450876 129.452807223 0.99609375
v 156.105083751 454.382078117 152.86036386 0.99609375
v 156.090429426 454.549860807 129.770924467 0.99609375
v 156.07120836 454.289953844 152.982902 0.99609375
v 155.944258132 454.940161167 129.855680727 0.99609375
v 155.910906388 454.608977679 153.175787063 0.99609375
v 155.862032654 455.29198107 129.737272312 0.99609375
v 155.96392499 455.109070345 152.71536271 0.99609375
v 156.086567743 455.542323082 129.50581504 0.99609375
v 156.157148672 455.314111531 153.252534434 0.99609375
v 155.956442055 455.533285614 130.320168122 0.99609375
v 155.801628927 455.429293189 153.253627571 0.99609375
v 156.129418567 455.723747307 129.650275406 0.99609375
v 156.187176189 456.088446394 153.047184768 0.99609375
v 155.86753451 456.122230235 130.157934144 0.99609375
v 155.993862606 455.912591651 152.516855591 0.99609375
v 156.264418565 456.281588742 129.740375061 0.99609375
v 156.190803108 456.508518798 152.603456438 0.99609375
v 155.979460962 456.775977614 130.394321735 0.99609375
v 155.933131928 456.77100887 153.189112514 0.99609375
v 156.146329426 456.848861629 130.528029138 0.99609375
v 156.075171559 457.184074056 153.245672958 0.99609375
v 156.261269919 457.051558972 130.860032338 0.99609375
v 156.051943262 457.489529206 153.263608015 0.99609375
v 156.15168947 457.464897915 130.228258534 0.99609375
v 155.954348242 457.698353919 153.319874132 0.99609375
v 156.155323439 457.779816591 130.488496343 0.99609375
v 156.042123021 457.792384059 152.80680708 0.99609375
v 155.96436676 458.366557201 130.131419915 0.99609375
v 155.860890625 458.004245723 152.763839832 0.99609375
v 155.85652523 458.536235647 130.880207926 0.99609375
v 156.159017387 458.202257325 151.722956259 0.99609375
v 156.033335809 458.989297518 132.884402286 0.99609375
v 155.901502723 458.648187607 151.156954519 0.99609375
v 156.099852315 458.782585929 137.679679078 0.99609375
v 156.139348783 459.258422738 138.809088641 0.99609375
v 156.389383807 443.816284665 142.529353553 0.99609375
v 156.065620898 443.795436156 143.56035069 0.99609375
v 156.541301072 444.315890885 141.73339533 0.99609375
v 156.082939887 444.065667151 144.1522055 0.99609375
v 156.468604878 444.374306801 139.778003648 0.99609375
v 156.107318946 444.508082232 144.187112776 0.99609375
v 156.483682449 445.011196222 139.272824521 0.99609375
v 156.473410232 444.916536593 144.847157224 0.99609375
v 156.423440816 445.029556039 137.152676592 0.99609375
v 156.292325699 445.05186892 144.367721151 0.99609375
v 156.408977554 445.423092457 136.412136499 0.99609375
v 156.231137023 445.536503919 144.012735546 0.99609375
v 156.387055814 445.981459047 135.314382955 0.99609375
v 156.097043077 445.738626885 144.507734196 0.99609375
v 156.46108026 445.961757662 133.629909088 0.99609375
v 156.558857254 445.860699816 145.048670715 0.99609375
v 156.412227702 446.137138425 131.958758181 0.99609375
v 156.31047255 446.583183756 145.156936011 0.99609375
v 156.324253141 446.856965962 130.388892785 0.99609375
v 156.597145358 446.689317429 145.289203886 0.99609375
v 156.288250348 447.110329771 128.979747121 0.99609375
v 156.47544722 446.799122504 145.847140301 0.99609375
v 156.222099444 447.046962705 127.518292548 0.99609375
v 156.443218546 446.917009395 146.18355576 0.99609375
v 156.354426617 447.674382414 126.713057698 0.99609375
v 156.205847245 447.196183175 146.200943471 0.99609375
v 156.210532825 447.876609391 127.480996618 0.99609375
v 156.541475922 448.034797656 146.351081846 0.99609375
v 156.312946297 448.299185987 126.642082005 0.99609375
v 156.238535929 447.931764667 147.238506439 0.99609375
v 156.328354782 448.063487652 127.466964852 0.99609375
v 156.248574783 448.492474093 147.11476559 0.99609375
v 156.251521734 448.604235245 127.367731293 0.99609375
v 156.585726788 448.850101445 147.744284811 0.99609375
v 156.237336994 449.102237301 127.0334526 0.99609375
v 156.483380871 448.844062804 147.687395628 0.99609375
v 156.409531909 449.300228236 127.815708231 0.99609375
v 156.472696567 449.183051679 147.593875608 0.99609375
v 156.358169289 449.506197649 127.78765522 0.99609375
v 156.215184032 449.286284366 148.722459745 0.99609375
v 156.552556156 449.748696914 127.473161028 0.99609375
v 156.207362831 449.661908986 148.494262946 0.99609375
v 156.445587728 450.217506477 127.762502745 0.99609375
v 156.245834767 449.85068239 148.552311068 0.99609375
v 156.501589552 450.619788784 128.406969405 0.99609375
v 156.182026099 450.610003074 149.462065341 0.99609375
v 156.311457874 450.83231064 128.319585837 0.99609375
v 156.20951446 450.891084932 149.401909393 0.99609375
v 156.10802071 451.075209245 128.749947516 0.99609375
v 156.022092736 450.701833109 149.107596568 0.99609375
v 156.51731498 451.195455222 128.951408341 0.99609375
v 156.23521656 451.419875759 149.703539608 0.99609375
v 156.04070821 451.746239209 128.49782278 0.99609375
v 156.341152616 451.81564117 149.807886322 0.99609375
v 156.132746468 451.547549517 128.637359913 0.99609375
v 156.44001524 451.636358919 150.900971383 0.99609375
v 156.223140152 452.323285913 128.714183204 0.99609375
v 156.25490227 451.966265247 150.898063933 0.99609375
v 156.1944947 452.561552539 128.874776589 0.99609375
v 156.170433368 452.130698426 151.083429616 0.99609375
v 156.463231989 452.579215872 128.725717534 0.99609375
v 156.23154997 452.567319249 151.313565699 0.99609375
v 156.092320355 453.130052554 129.145201009 0.99609375
v 156.23899845 453.220981293 151.035141194 0.99609375
v 156.088097786 453.551126801 128.613157217 0.99609375
v 156.514260955 453.548858212 152.397919229 0.99609375
v 156.05124239 453.355945486 129.272385383 0.99609375
v 156.467220202 453.328816171 152.192713302 0.99609375
v 156.545387836 453.607689778 129.443694147 0.99609375
v 156.391442167 454.056782131 152.730685114 0.99609375
v 156.181956986 454.3707851 129.281904326 0.99609375
v 156.388833098 454.057442631 152.61390715 0.99609375
v 156.158715649 454.425814265 129.178774821 0.99609375
v 156.286298943 454.529765145 152.473130617 0.99609375
v 156.29446201 454.774162537 129.513424601 0.99609375
v 156.491431537 454.735190754 153.137914012 0.99609375
v 156.554281313 455.200049007 129.847087863 0.99609375
v 156.09394226 454.744038789 152.784234556 0.99609375
v 156.097103543 455.183062936 130.233283488 0.99609375
v 156.182127024 455.320836583 153.107379175 0.99609375
v 156.501418168 455.824278951 130.168309038 0.99609375
v 156.236544884 455.516037591 152.962818009 0.99609375
v 156.145896908 455.988923671 129.736020267 0.99609375
v 156.368137048 455.616640872 153.005814069 0.99609375
v 156.446800926 455.945887567 129.989026192 0.99609375
v 156.577682355 455.890944637 153.297713647 0.99609375
v 156.158537166 456.259378826 129.772374031 0.99609375
v 156.325365816 456.627509379 152.655365287 0.99609375
v 156.186686502 456.720288288 130.475172358 0.99609375
v 156.289416575 456.472203425 153.468340582 0.99609375
v 156.239509577 456.847544096 130.618688174 0.99609375
v 156.498478925 457.320922035 152.820780836 0.99609375
v 156.026365216 457.297303241 130.149499113 0.99609375
v 156.125385689 457.344593255 152.727681478 0.99609375
v 156.322903015 457.830463423 130.657434237 0.99609375
v 156.490999624 457.88337407 153.196943572 0.99609375
v 156.590282863 458.040385628 130.706711502 0.99609375
v 156.277798431 457.827974517 152.130143362 0.99609375
v 156.45328594 458.12825577 130.473124644 0.99609375
v 156.582596079 458.033130472 152.018188671 0.99609375
v 156.237331431 458.270639936 130.795805224 0.99609375
v 156.122058984 458.450907758 151.742471034 0.99609375
v 156.394934217 459.021010623 130.295729901 0.99609375
v 156.338314373 458.663398562 150.811596409 0.99609375
v 156.284904489 459.059552169 137.289754535 0.99609375
v 156.353798269 459.130088085 138.182873196 0.99609375
v 156.333298883 443.890092537 143.104127509 0.99609375
v 156.406986017 444.245263717 143.630196562 0.99609375
v 156.444304877 444.199648889 141.514979112 0.99609375
v 156.422531765 444.329304157 144.34079434 0.99609375
v 156.687238522 444.327974776 140.13626048 0.99609375
v 156.52157282 444.431641029 144.406080468 0.99609375
v 156.865964053 444.816944142 139.001205426 0.99609375
v 156.627531896 444.620255301 144.512379328 0.99609375
v 156.387026224 445.245405455 137.601166986 0.99609375
v 156.851697414 445.323422894 144.338495818 0.99609375
v 156.616256762 445.518429942 136.273999792 0.99609375
v 156.669946263 445.443081161 144.848801355 0.99609375
v 156.425340533 445.734288256 134.829470733 0.99609375
v 156.714042977 445.502131809 145.366882695 0.99609375
v 156.420993827 446.106055551 133.517457466 0.99609375
v 156.342197308 446.190137677 144.516604938 0.99609375
v 156.61373846 446.348918078 131.617385753 0.99609375
v 156.415771076 446.154256493 145.485870961 0.99609375
v 156.812814392 446.404789388 130.894950872 0.99609375
v 156.474167246 446.699162763 145.424935911 0.99609375
v 156.37221867 446.856079156 129.428834588 0.99609375
v 156.360785121 447.117434333 146.318765097 0.99609375
v 156.692223683 446.946026075 127.908334916 0.99609375
v 156.366693096 447.406244402 145.614581634 0.99609375
v 156.658521014 447.505891348 126.884725178 0.99609375
v 156.374126045 447.49217214 146.701347283 0.99609375
v 156.555019115 447.663522423 127.106835986 0.99609375
v 156.459438324 447.47047521 146.117537237 0.99609375
v 156.510079922 448.069847611 126.875710684 0.99609375
v 156.324634654 448.125812828 146.578288963 0.99609375
v 156.665852832 448.082610528 126.689670233 0.99609375
v 156.70889676 448.469236709 147.361771757 0.99609375
v 156.601978415 448.724550358 127.287640089 0.99609375
v 156.605014562 448.677551061 147.296635909 0.99609375
v 156.651786414 448.734241145 127.623076777 0.99609375
v 156.850075863 448.884310132 148.068257655 0.99609375
v 156.523067253 449.037468717 127.197329058 0.99609375
v 156.535144416 448.925839893 148.429459802 0.99609375
v 156.815357618 449.639877385 127.352275252 0.99609375
v 156.772289884 449.348602823 148.44978833 0.99609375
v 156.825097231 449.944012814 127.10363154 0.99609375
v 156.71195692 449.520377583 148.168203065 0.99609375
v 156.34715775 450.127661258 128.472624018 0.99609375
v 156.39921311 449.833339808 149.273066045 0.99609375
v 156.763722509 450.424405019 128.231000128 0.99609375
v 156.381762224 450.602412672 148.848692128 0.99609375
v 156.860977349 450.402594009 128.4404345 0.99609375
v 156.628638374 450.654973552 149.896903036 0.99609375
v 156.826569717 450.69592377 128.664258704 0.99609375
v 156.736172439 451.095653924 149.734353321 0.99609375
v 156.825108188 451.375566758 128.045361558 0.99609375
v 156.842176181 451.245069731 150.48177089 0.99609375
v 156.459061084 451.741657468 128.738184067 0.99609375
v 156.831646878 451.503496548 150.27917127 0.99609375
v 156.594430152 451.931673256 128.307607555 0.99609375
v 156.531081424 452.077759808 150.018146494 0.99609375
v 156.504789244 452.101604039 128.459739807 0.99609375
v 156.544781743 452.351241707 150.174584589 0.99609375
v 156.455471247 452.586342104 129.413788699 0.99609375
v 156.74502539 452.294003199 150.629578051 0.99609375
v 156.457766052 452.912571213 129.065941084 0.99609375
v 156.751593263 452.776452845 151.211938584 0.99609375
v 156.570520355 452.884600289 129.394723251 0.99609375
v 156.653783404 453.030441085 151.451345938 0.99609375
v 156.799034747 453.423075611 128.948174751 0.99609375
v 156.829655249 453.485972309 151.747758125 0.99609375
v 156.584338234 453.366034218 128.647324844 0.99609375
v 156.847482306 453.415532148 151.633356469 0.99609375
v 156.376251418 453.949845023 129.529414725 0.99609375
v 156.660403984 453.954611131 152.617373129 0.99609375
v 156.780312032 454.356264032 129.703874502 0.99609375
v 156.683044335 454.374993209 152.634457726 0.99609375
v 156.360242062 454.216648598 129.830423851 0.99609375
v 156.510096845 454.556069319 152.875145884 0.99609375
v 156.511048079 454.72354825 129.643208415 0.99609375
v 156.735503811 454.78480858 152.614026855 0.99609375
v 156.325178484 454.931385612 129.21996639 0.99609375
v 156.76404575 454.888805706 153.481220627 0.99609375
v 156.651551001 455.188006814 129.840005188 0.99609375
v 156.688120659 455.547927163 153.497234845 0.99609375
v 156.427744508 455.470905304 130.449745302 0.99609375
v 156.737563422 455.398648377 152.634210359 0.99609375
v 156.398892943 455.928665699 129.527666324 0.99609375
v 156.574074349 455.786593702 152.626177215 0.99609375
v 156.536087745 456.404877951 129.743939189 0.99609375
v 156.677583636 455.880730693 153.235948595 0.99609375
v 156.555995404 456.250197748 129.902540164 0.99609375
v 156.727142341 456.221268111 153.004225671 0.99609375
v 156.634792755 456.772424022 130.039746901 0.99609375
v 156.586420031 457.019308187 152.826737944 0.99609375
v 156.647123092 456.976372207 129.537619603 0.99609375
v 156.370927066 457.273981771 152.980317343 0.99609375
v 156.644012703 457.192115373 130.473683796 0.99609375
v 156.469911074 457.41207794 152.628957096 0.99609375
v 156.649860082 457.866363918 130.238319057 0.99609375
v 156.405648122 457.842210326 152.817650938 0.99609375
v 156.677600689 457.963306368 130.879373886 0.99609375
v 156.36663574 457.706163359 152.758972715 0.99609375
v 156.727589319 458.080965579 130.638053267 0.99609375
v 156.610366095 458.247222614 152.219945673 0.99609375
v 156.311158033 458.442891647 130.301593285 0.99609375
v 156.493782564 458.393501373 151.693431123 0.99609375
v 156.770026757 458.537914548 130.077557222 0.99609375
v 156.613951822 458.762049123 151.18344951 0.99609375
v 156.70036362 459.294270575 133.476109129 0.99609375
v 156.483799278 459.271651084 138.657008775 0.99609375
v 156.677735912 444.177522776 143.44360132 0.99609375
v 157.067842526 443.947597738 143.57398395 0.99609375
v 156.64338882 444.486278119 141.02490156 0.99609375
v 156.819095921 444.058777344 144.21243998 0.99609375
v 156.897255715 444.505999813 139.927094658 0.99609375
v 157.177839155 444.420853872 144.731387389 0.99609375
v 157.088564683 444.843690241 138.535664374 0.99609375
v 157.03758546 444.685372171 144.901951009 0.99609375
v 156.623552933 445.097691182 137.323893897 0.99609375
v 156.763262996 445.422691583 144.64296704 0.99609375
v 156.769568947 445.434196073 136.314369398 0.99609375
v 156.772593441 445.316058227 144.951926655 0.99609375
v 156.856291335 445.471829986 135.419857103 0.99609375
v 157.037733283 445.897657323 144.69136896 0.99609375
v 156.709075268 445.813361083 133.452658252 0.99609375
v 157.056130554 445.858432361 144.730443184 0.99609375
v 156.703588951 446.583629307 131.83297142 0.99609375
v 157.00349085 446.423225018 145.363587191 0.99609375
v 156.925851193 446.828177165 130.266964163 0.99609375
v 157.052024023 446.780180249 145.35519012 0.99609375
v 156.790974342 447.132263345 128.603620059 0.99609375
v 157.057660016 447.134257124 146.360344423 0.99609375
v 156.958980391 447.249406944 127.541387246 0.99609375
v 157.088976476 447.140662553 145.933109617 0.99609375
v 156.961445171 447.752943622 126.814562946 0.99609375
v 157.095775971 447.214888154 146.410193234 0.99609375
v 156.893873144 447.902954836 127.294026847 0.99609375
v 156.733033794 447.534146062 146.108884859 0.99609375
v 157.064724258 448.273062021 126.916711826 0.99609375
v 156.969306204 447.863155542 147.203590603 0.99609375
v 156.730966379 448.28397357 127.236745523 0.99609375
v 156.671352747 448.298487 146.991695983 0.99609375
v 156.925982585 448.619720268 127.738465056 0.99609375
v 157.141268964 448.703469668 147.502871873 0.99609375
v 157.139242097 448.76741889 127.404262663 0.99609375
v 156.876231238 448.994811405 147.830826564 0.99609375
v 157.054140908 449.179491563 127.850858913 0.99609375
v 157.123905171 449.029822217 147.983027763 0.99609375
v 157.087866267 449.749085142 127.140677885 0.99609375
v 156.617441599 449.51008243 148.845680672 0.99609375
v 157.039735873 449.613864291 127.371966235 0.99609375
v 156.681607451 450.003042952 148.731865779 0.99609375
v 156.863568493 450.276243315 127.528411427 0.99609375
v 157.089058289 450.139848861 149.118893917 0.99609375
v 157.132949421 450.486834223 127.831047965 0.99609375
v 156.987904676 450.321270218 148.667233101 0.99609375
v 157.166117473 450.823601607 128.142046632 0.99609375
v 157.026520699 450.666496137 149.701177034 0.99609375
v 156.732158326 451.237843294 128.459125233 0.99609375
v 156.978204544 450.926766608 149.727883249 0.99609375
v 156.972578181 451.323189072 128.895348578 0.99609375
v 157.12119841 451.122174632 150.261001246 0.99609375
v 156.785413058 451.679300813 128.10451196 0.99609375
v 156.939279464 451.428255699 149.971983697 0.99609375
v 156.708376059 451.57201859 128.289752435 0.99609375
v 157.075388371 451.591237732 150.872809662 0.99609375
v 156.790983333 452.393257252 128.480826874 0.99609375
v 156.858337359 452.053347533 150.881580006 0.99609375
v 156.651136542 452.440623972 128.875092404 0.99609375
v 156.888538326 452.41173192 150.800171483 0.99609375
v 157.056630346 452.906122872 128.730007366 0.99609375
v 156.861652984 452.909763247 151.692945517 0.99609375
v 156.837179813 453.091570844 129.376725709 0.99609375
v 156.693788143 452.846878817 151.823544134 0.99609375
v 156.922803084 453.534026218 129.355529006 0.99609375
v 157.095086121 453.101065979 151.740004394 0.99609375
v 157.028591205 453.343837738 128.633256773 0.99609375
v 156.731323337 453.576148012 152.382217507 0.99609375
v 156.774284243 453.709591317 129.204209812 0.99609375
v 156.728842575 454.013302967 152.393415376 0.99609375
v 157.032130866 454.232321662 129.860582865 0.99609375
v 157.083259091 453.881219661 152.209104765 0.99609375
v 157.140058731 454.244530563 129.882786091 0.99609375
v 157.018242956 454.22820978 152.904018929 0.99609375
v 156.650083066 454.870480682 129.689482317 0.99609375
v 156.600544645 454.46582828 152.567064597 0.99609375
v 156.839050611 454.731879036 129.700872664 0.99609375
v 156.948714744 455.167186333 152.893996868 0.99609375
v 157.051798849 455.571336689 129.936109974 0.99609375
v 156.93336237 455.443860914 152.97647219 0.99609375
v 156.694499219 455.696622631 130.19944005 0.99609375
v 157.06194521 455.470929773 152.920580243 0.99609375
v 156.998676961 456.08941665 129.671830185 0.99609375
v 156.949410212 455.946343196 153.238473269 0.99609375
v 156.842573065 456.088789346 130.123786723 0.99609375
v 157.105452327 456.003523391 153.981967102 0.99609375
v 157.111634443 456.696316285 130.493176133 0.99609375
v 156.934861547 456.574114003 153.724720176 0.99609375
v 156.825252855 456.992279442 129.638261322 0.99609375
v 157.082489102 456.485081645 153.605436199 0.99609375
v 157.081221839 457.108351001 129.700902857 0.99609375
v 156.91886078 457.144832652 153.04504187 0.99609375
v 156.728449354 457.131975313 129.791371542 0.99609375
v 156.744481498 457.145639611 152.906955884 0.99609375
v 157.00085785 457.649347017 130.466768551 0.99609375
v 156.797204098 457.582094815 152.691989759 0.99609375
v 157.139607531 458.110523589 130.75217546 0.99609375
v 156.97078282 458.078611431 152.571769164 0.99609375
v 156.700717156 458.075025535 130.664674907 0.99609375
v 156.680885884 458.154990128 152.493519809 0.99609375
v 156.961023863 458.673549355 130.498986516 0.99609375
v 157.105617852 458.356165093 151.7683565 0.99609375
v 157.074419845 459.028373857 130.790674538 0.99609375
v 156.914206839 458.901938425 151.33675033 0.99609375
v 156.797589375 459.037129621 130.516918506 0.99609375
v 157.115289501 459.143797345 138.371830348 0.99609375
v 156.901724314 444.061454972 142.769745332 0.99609375
v 156.928124295 444.029345443 143.599577571 0.99609375
v 157.263980508 444.441887879 141.051429432 0.99609375
v 156.96291856 444.132297069 144.815596836 0.99609375
v 157.070047812 444.578081343 140.219009611 0.99609375
v 157.426652329 444.808524137 144.588126799 0.99609375
v 157.367734279 444.575499318 138.529548918 0.99609375
v 157.334335402 444.634145283 144.040870874 0.99609375
v 157.155957977 445.191432354 137.046228338 0.99609375
v 157.448193337 445.08577169 144.953803185 0.99609375
v 157.145717597 445.352077735 136.209200721 0.99609375
v 156.895567599 445.623065045 145.158875145 0.99609375
v 157.45595209 445.628669608 134.883919549 0.99609375
v 157.026503164 445.591514786 144.966836694 0.99609375
v 157.157991886 445.979691571 133.114647024 0.99609375
v 157.21327043 446.066490572 145.396535005 0.99609375
v 157.128480459 446.307920979 132.297908177 0.99609375
v 156.962538036 446.331412317 145.18921422 0.99609375
v 156.935769165 446.455491966 130.077313985 0.99609375
v 157.056163891 446.850595756 145.056227878 0.99609375
v 157.246619748 446.855561327 129.15493994 0.99609375
v 157.452584338 447.034904148 146.104817366 0.99609375
v 157.291670553 447.436814964 127.634923013 0.99609375
v 157.469179517 447.369820516 145.913978753 0.99609375
v 156.925928318 447.515035706 127.348685336 0.99609375
v 157.264492726 447.4502417 146.944058875 0.99609375
v 157.112799385 447.848910392 126.638170405 0.99609375
v 157.295966695 447.982349822 146.488420572 0.99609375
v 156.90153577 448.229433902 127.369916889 0.99609375
v 157.142862113 448.184998671 146.781090026 0.99609375
v 157.111037397 448.211688147 127.384871171 0.99609375
v 157.450509371 448.313187385 147.42357718 0.99609375
v 157.138894261 448.751063737 127.11063223 0.99609375
v 157.059371751 448.762988278 147.264752249 0.99609375
v 157.019437881 449.039144547 127.545440298 0.99609375
v 156.932985142 449.015185746 148.299676875 0.99609375
v 157.429797096 449.063899654 127.386087703 0.99609375
v 157.34181041 449.375539263 147.927936907 0.99609375
v 156.964544926 449.37879115 127.458341504 0.99609375
v 157.218277344 449.768114089 148.177490548 0.99609375
v 157.285915714 449.862533343 127.026969292 0.99609375
v 157.131468705 449.835968567 148.690780693 0.99609375
v 157.202661979 450.197007379 128.06267367 0.99609375
v 156.909641053 449.793565419 148.972522501 0.99609375
v 156.920465694 450.284018773 128.056054089 0.99609375
v 157.0478698 450.604128346 148.765140337 0.99609375
v 157.337881406 450.545833581 128.382928411 0.99609375
v 157.0315129 450.934902709 149.225479024 0.99609375
v 157.227134137 451.183946674 128.53773041 0.99609375
v 157.274886789 451.234856983 149.300300178 0.99609375
v 157.185684525 451.494456347 128.646002323 0.99609375
v 157.237347033 451.261537721 150.043304942 0.99609375
v 157.399501528 451.737627864 128.848669026 0.99609375
v 156.927469814 451.567181513 149.94651882 0.99609375
v 157.087610328 451.586457387 128.898145264 0.99609375
v 157.029519942 451.964037292 150.906337963 0.99609375
v 156.936553511 452.365145424 128.389183343 0.99609375
v 157.091247703 452.397667024 150.397798273 0.99609375
v 157.072639644 452.435419028 129.442171893 0.99609375
v 157.43951491 452.251346357 151.444943242 0.99609375
v 156.893847843 452.514583992 128.838282953 0.99609375
v 157.221259303 452.667676218 151.858417619 0.99609375
v 156.979638418 453.034337084 128.697495411 0.99609375
v 156.940965598 453.109389472 151.940944848 0.99609375
v 156.941401773 453.134556841 129.069839788 0.99609375
v 157.030388563 453.163568226 152.324171846 0.99609375
v 157.237005829 453.311800689 128.836239987 0.99609375
v 157.469143907 453.753802416 152.966470913 0.99609375
v 157.108899001 454.085643196 129.069695799 0.99609375
v 156.995013914 453.815062144 152.486108603 0.99609375
v 157.071887579 453.997797062 129.269555967 0.99609375
v 157.228459387 454.324357833 153.104440978 0.99609375
v 157.328354716 454.348066943 129.573553572 0.99609375
v 157.03549687 454.561095066 153.027807302 0.99609375
v 157.363451755 454.725255928 129.385354675 0.99609375
v 157.065762574 454.875115869 152.918549152 0.99609375
v 156.899837624 455.145404418 129.957246185 0.99609375
v 157.425248814 455.099983133 153.412042824 0.99609375
v 157.236444317 455.326721263 129.126799299 0.99609375
v 157.332509395 455.348084161 152.591734816 0.99609375
v 157.084024422 455.711770155 129.570106644 0.99609375
v 157.354786857 455.567791204 152.531610563 0.99609375
v 157.419700421 455.813827176 129.529986821 0.99609375
v 157.156399273 455.833206459 153.439959486 0.99609375
v 156.998177238 456.13049921 129.739516452 0.99609375
v 157.430433202 455.900548172 153.309301719 0.99609375
v 157.44081335 456.228858392 130.139593743 0.99609375
v 157.168177972 456.455342621 153.006752574 0.99609375
v 157.442262395 456.667144236 129.84666908 0.99609375
v 157.039481675 456.921173212 152.872941124 0.99609375
v 157.149048863 457.265577715 129.844506488 0.99609375
v 157.325430218 457.074764937 153.224591221 0.99609375
v 157.152093908 457.124819292 129.706555183 0.99609375
v 156.93669878 457.366780222 153.035442533 0.99609375
v 156.890769705 457.497223483 129.55542881 0.99609375
v 157.132074696 457.745574865 152.604123273 0.99609375
v 157.128179817 457.909675652 130.826282095 0.99609375
v 157.271914181 458.015665628 152.528017949 0.99609375
v 156.91268926 458.187202505 130.856564371 0.99609375
v 157.233952843 458.176980576 152.229180672 0.99609375
v 157.296924583 458.336484896 130.762810997 0.99609375
v 157.159371661 458.293741248 151.455686962 0.99609375
v 157.01165174 458.587669703 130.058074175 0.99609375
v 157.133345729 458.612884389 150.714607543 0.99609375
v 157.46971122 459.247496755 130.470403736 0.99609375
v 157.150678114 458.815356773 138.034501636 0.99609375
v 157.344695537 444.034659158 143.052358057 0.99609375
v 157.419162409 444.238929491 144.899996519 0.99609375
v 157.415930319 444.009215987 141.899767032 0.99609375
v 157.186700882 444.177350481 144.639114258 0.99609375
v 157.406955247 444.564711826 140.343639378 0.99609375
v 157.664959516 444.608692931 144.356200083 0.99609375
v 157.48222508 444.854372072 138.703704501 0.99609375
v 157.745457552 444.71708458 144.79205145 0.99609375
v 157.331220111 445.345815288 137.559558367 0.99609375
v 157.309190733 445.176712517 144.369807362 0.99609375
v 157.616668926 445.50063032 135.800288906 0.99609375
v 157.378442972 445.309784068 144.968306866 0.99609375
v 157.748739139 445.997643273 135.412563457 0.99609375
v 157.200664521 445.54887763 145.225966204 0.99609375
v 157.614354564 445.813649554 133.129632611 0.99609375
v 157.390710452 445.960293067 145.068015707 0.99609375
v 157.53346445 446.216056755 131.701732265 0.99609375
v 157.688226403 446.363834786 145.163076462 0.99609375
v 157.466211018 446.873964854 130.561156527 0.99609375
v 157.438490748 446.78009362 145.643260916 0.99609375
v 157.494467725 446.877128409 128.978542069 0.99609375
v 157.231157073 446.710392866 146.465893656 0.99609375
v 157.736053027 447.064830894 128.008778079 0.99609375
v 157.717199667 447.249298898 145.813410921 0.99609375
v 157.188791408 447.497775007 127.244658327 0.99609375
v 157.286297562 447.191337231 146.653088005 0.99609375
v 157.534786435 447.837795997 126.531578273 0.99609375
v 157.288575812 447.682664603 146.563728354 0.99609375
v 157.709853826 447.7808955 126.935092148 0.99609375
v 157.186638132 447.837132976 147.265172137 0.99609375
v 157.514213575 448.215896148 127.092443202 0.99609375
v 157.337446116 448.627172512 146.585872351 0.99609375
v 157.533415454 448.670805958 127.404000676 0.99609375
v 157.640820771 448.744370969 147.268324902 0.99609375
v 157.713836329 448.694034638 127.6052466 0.99609375
v 157.342905172 449.024861463 148.181778414 0.99609375
v 157.757702879 449.299726506 127.116721397 0.99609375
v 157.545368048 449.394326226 148.28079222 0.99609375
v 157.296096826 449.638255189 127.558517353 0.99609375
v 157.630450297 449.520373289 148.409861892 0.99609375
v 157.209878917 450.059079127 127.778276584 0.99609375
v 157.349909997 449.904573761 148.285559457 0.99609375
v 157.182094 450.191886301 127.85920001 0.99609375
v 157.463660938 450.091114931 148.769642586 0.99609375
v 157.520442995 450.178590936 127.875485288 0.99609375
v 157.676406097 450.61796499 148.894214232 0.99609375
v 157.488562764 450.62708493 127.947615146 0.99609375
v 157.363453327 450.742529793 149.692158749 0.99609375
v 157.210084414 450.851681537 128.869214722 0.99609375
v 157.397982239 451.102416335 149.274171263 0.99609375
v 157.329210395 450.960082205 128.832021155 0.99609375
v 157.65490707 450.98170052 149.885696858 0.99609375
v 157.298296305 451.725399142 128.318420708 0.99609375
v 157.293280129 451.81325479 149.776075095 0.99609375
v 157.603893365 452.100407124 128.511879978 0.99609375
v 157.356593969 451.997957843 150.046611725 0.99609375
v 157.561683785 452.310755786 128.94794843 0.99609375
v 157.676485433 452.342357524 150.501341191 0.99609375
v 157.684341254 452.454382856 129.354885105 0.99609375
v 157.745413962 452.134892711 151.295020818 0.99609375
v 157.328174985 452.691992152 129.005750392 0.99609375
v 157.48584876 452.613290476 151.022929184 0.99609375
v 157.669726986 453.235592624 129.338607137 0.99609375
v 157.63406157 452.877700665 151.598368477 0.99609375
v 157.41392081 453.329240043 129.17638712 0.99609375
v 157.756507117 453.492914395 151.931144833 0.99609375
v 157.738072761 453.390935393 129.031697348 0.99609375
v 157.240085254 453.347480318 152.651586971 0.99609375
v 157.507354506 453.969618588 128.596059259 0.99609375
v 157.285837804 453.882215978 152.12818991 0.99609375
v 157.61016108 454.265887122 129.927126201 0.99609375
v 157.19548174 454.272503945 152.376088567 0.99609375
v 157.750846429 454.664712115 129.289764095 0.99609375
v 157.632483378 454.155026626 152.568861849 0.99609375
v 157.241740535 454.475629018 129.665916539 0.99609375
v 157.252281719 454.949639927 152.788772928 0.99609375
v 157.684331884 454.838113957 129.2098505 0.99609375
v 157.538143524 455.281984609 153.017095715 0.99609375
v 157.610449776 455.159063058 129.723376509 0.99609375
v 157.387153005 455.266614562 153.476776619 0.99609375
v 157.230056963 455.70772666 129.511855898 0.99609375
v 157.533599105 455.664575979 152.858035241 0.99609375
v 157.56815561 455.822979434 129.915957737 0.99609375
v 157.431505051 455.679554847 153.050647122 0.99609375
v 157.649658113 456.187704122 129.976632184 0.99609375
v 157.542675412 456.322623608 152.646259864 0.99609375
v 157.66423619 456.345111803 129.671104338 0.99609375
v 157.189570843 456.656095953 153.200899647 0.99609375
v 157.288529131 456.861673769 130.227703491 0.99609375
v 157.237008345 456.631338744 153.194196686 0.99609375
v 157.479427075 456.975902043 130.22581108 0.99609375
v 157.464368815 457.197683375 152.824772646 0.99609375
v 157.542509291 457.127525799 129.53316912 0.99609375
v 157.714947422 457.104782153 153.333777748 0.99609375
v 157.361707021 457.44536816 130.062396651 0.99609375
v 157.381101937 457.568198993 153.285830899 0.99609375
v 157.389452071 458.096933198 130.694145958 0.99609375
v 157.701567082 457.951069408 152.83120564 0.99609375
v 157.704874196 458.184749285 130.245852538 0.99609375
v 157.415650888 458.46722463 151.606225825 0.99609375
v 157.512040868 458.694896174 130.85005993 0.99609375
v 157.68451989 458.379884389 151.859692587 0.99609375
v 157.635800772 458.734101816 130.250926647 0.99609375
v 157.24050652 458.801912777 138.812045584 0.99609375
v 157.41314752 458.80328798 130.229569862 0.99609375
v 157.475615327 459.214035238 138.883858128 0.99609375
v 157.325874338 459.488955239 132.380099675 0.99609375
v 157.996960714 443.499713122 144.334137873 0.99609375
v 157.690121619 444.039670391 143.277300328 0.99609375
v 157.73845777 443.988044744 144.219405613 0.99609375
v 157.858850886 444.249147932 141.428463564 0.99609375
v 157.803400746 444.080480843 144.798873328 0.99609375
v 157.577363796 444.838764307 139.518191422 0.99609375
v 157.752417081 444.378579889 144.450860839 0.99609375
v 157.961642336 444.765378795 138.85004879 0.99609375
v 157.81389565 444.984361224 144.857921069 0.99609375
v 157.691912931 444.90129177 137.771080942 0.99609375
v 157.754359264 444.94521478 144.853601623 0.99609375
v 157.884872286 445.164223618 136.068752779 0.99609375
v 157.509368399 445.501815284 145.423684022 0.99609375
v 157.914524987 445.552897823 134.878015386 0.99609375
v 157.798665924 445.999721949 145.48966667 0.99609375
v 157.803363621 445.740854033 133.370958578 0.99609375
v 157.693999955 445.932268485 145.397487936 0.99609375
v 157.610966083 446.301160142 131.879908863 0.99609375
v 157.648283308 446.306260778 145.901220978 0.99609375
v 157.567471455 446.443190825 130.372842319 0.99609375
v 157.852360551 446.47097301 145.680494311 0.99609375
v 157.923867269 446.620121232 129.216966766 0.99609375
v 157.714957459 446.835530453 145.576801282 0.99609375
v 157.853279727 447.378666919 128.147352905 0.99609375
v 157.685690894 447.085279668 145.966792113 0.99609375
v 157.918352438 447.289490641 126.630110071 0.99609375
v 157.5234801 447.286183255 146.701034873 0.99609375
v 157.668900172 447.734805334 127.387692369 0.99609375
v 158.023566026 447.993578678 146.768402669 0.99609375
v 157.930264574 447.997745449 127.305730097 0.99609375
v 157.657337304 447.970550857 146.860236326 0.99609375
v 157.780046178 448.336111641 127.042232791 0.99609375
v 157.518594561 448.48095064 146.585653423 0.99609375
v 157.50932199 448.557597178 126.702715889 0.99609375
v 157.702659423 448.678364988 147.812686789 0.99609375
v 157.874087205 448.824621484 127.890668839 0.99609375
v 157.620087941 449.007136988 148.176451515 0.99609375
v 157.779946737 449.291619249 127.250072025 0.99609375
v 157.563049462 449.344412683 147.765263965 0.99609375
v 157.647685402 449.31916353 127.378662745 0.99609375
v 157.652096256 449.470087404 148.548184503 0.99609375
v 157.791572397 450.065235291 127.145520419 0.99609375
v 157.996238707 449.927392322 148.820675812 0.99609375
v 157.751900849 449.950065483 127.504579746 0.99609375
v 157.855362984 450.143246448 149.47697571 0.99609375
v 157.513800607 450.414504557 128.360172939 0.99609375
v 158.024941883 450.536450162 148.687213308 0.99609375
v 157.541892763 450.601074463 127.837839676 0.99609375
v 157.737766197 450.547217707 149.982589866 0.99609375
v 157.566372573 451.000850503 128.200615662 0.99609375
v 157.533293332 450.930784585 149.285592085 0.99609375
v 157.525708399 451.492465911 128.92483918 0.99609375
v 157.670278016 451.306125644 149.273819514 0.99609375
v 157.631406762 451.43464786 128.059072562 0.99609375
v 157.697780074 451.439553729 149.818649581 0.99609375
v 157.712569688 451.672868096 128.936624125 0.99609375
v 158.007829427 451.851320306 150.142687556 0.99609375
v 157.923319226 452.326892562 129.217110909 0.99609375
v 157.746351368 452.2989224 150.289032733 0.99609375
v 157.772647563 452.57201499 128.923226216 0.99609375
v 157.695980575 452.220204751 151.352505844 0.99609375
v 158.018397532 452.910724606 129.264635072 0.99609375
v 158.019133151 452.633159499 151.76180828 0.99609375
v 157.715079871 453.149342493 128.745399624 0.99609375
v 157.732629126 452.999479323 151.928166546 0.99609375
v 157.690715648 453.215920102 129.086815945 0.99609375
v 157.653089729 453.525746115 152.299692935 0.99609375
v 157.933112205 453.459296337 128.925815036 0.99609375
v 157.484245337 453.813662846 152.407574502 0.99609375
v 157.584906275 453.779071266 129.684608079 0.99609375
v 157.556929574 453.878655116 152.077522787 0.99609375
v 157.850333479 454.19081762 129.878718183 0.99609375
v 157.613283274 454.426844177 152.184070053 0.99609375
v 157.977015717 454.270423236 129.326548161 0.99609375
v 157.880365703 454.692011204 152.423141727 0.99609375
v 157.659261027 454.610054837 129.846974321 0.99609375
v 157.700100391 454.90006456 152.085856981 0.99609375
v 157.751824045 455.070906303 129.169245483 0.99609375
v 157.744129041 455.238080997 152.203800997 0.99609375
v 157.819870687 455.427881789 129.51218356 0.99609375
v 157.753945419 455.144072888 153.220209674 0.99609375
v 157.47489504 455.538775255 129.390314205 0.99609375
v 157.57134235 455.376513093 153.028328911 0.99609375
v 157.606869132 456.113475567 129.231417477 0.99609375
v 157.606386739 455.872683535 153.311464537 0.99609375
v 157.816321616 456.451145313 130.320688312 0.99609375
v 157.547287027 456.085020102 153.022041345 0.99609375
v 157.785312831 456.346320955 129.852382249 0.99609375
v 157.695298718 456.198883088 152.715728832 0.99609375
v 157.83750728 456.959748017 129.653853256 0.99609375
v 157.955586272 456.521599972 152.67349169 0.99609375
v 157.619212083 457.314422476 129.648175531 0.99609375
v 157.666014123 456.916409207 152.589067562 0.99609375
v 157.682217456 457.381363129 129.994064867 0.99609375
v 157.794563388 457.057898879 152.29468099 0.99609375
v 157.955157432 457.866880745 130.407205493 0.99609375
v 157.785489819 457.501390967 152.992366404 0.99609375
v 158.04788924 457.80058967 130.42098645 0.99609375
v 157.837076991 457.976846903 152.136325851 0.99609375
v 157.872255615 458.352168206 130.981515324 0.99609375
v 157.987685605 457.91082739 151.740017228 0.99609375
v 157.98029965 458.486490647 130.171662376 0.99609375
v 158.02782685 458.336443869 151.459852744 0.99609375
v 157.909906178 458.658994505 130.340664304 0.99609375
v 157.589493175 458.64699697 138.815669372 0.99609375
v 157.751703705 458.810406949 130.466405148 0.99609375
v 157.802400398 459.021844471 138.547181219 0.99609375
v 157.870865949 459.149897095 131.693075918 0.99609375
v 157.633652877 459.448204294 138.170963015 0.99609375
v 157.558698834 459.764815006 132.285529252 0.99609375
v 158.145527729 443.781304238 144.719434899 0.99609375
v 158.134216737 443.881157762 143.44520172 0.99609375
v 157.872133573 444.110979037 144.574351954 0.99609375
v 158.087254729 444.213619929 141.062485439 0.99609375
v 157.942927117 444.364598726 144.297286523 0.99609375
v 158.237700646 444.709787385 140.148237116 0.99609375
v 158.234903365 444.776045991 144.633665954 0.99609375
v 157.97265695 445.085704982 139.117928947 0.99609375
v 157.954553283 444.799743492 144.309020266 0.99609375
v 158.27220747 445.212217672 137.29211603 0.99609375
v 158.121669853 445.27625008 144.608549095 0.99609375
v 157.784739964 445.471510552 136.180222417 0.99609375
v 157.844911347 445.21966017 144.617824509 0.99609375
v 158.113446899 445.596843337 134.840168692 0.99609375
v 157.84075166 445.987318272 144.875404291 0.99609375
v 158.101757812 446.178722798 133.984151919 0.99609375
v 158.222978808 446.00443215 145.870541038 0.99609375
v 157.939994282 446.080902601 132.027880744 0.99609375
v 158.226725945 446.172621838 145.448466652 0.99609375
v 157.944465071 446.413465449 130.817541203 0.99609375
v 158.299604446 446.635402556 145.760780801 0.99609375
v 157.898039695 446.601400033 128.961371166 0.99609375
v 157.802411442 446.641078094 146.426137045 0.99609375
v 157.806164391 446.956258595 127.970011441 0.99609375
v 157.948263785 447.243960378 146.278439078 0.99609375
v 157.815591447 447.202918049 127.099195117 0.99609375
v 158.156806667 447.48357876 146.221310463 0.99609375
v 157.829103232 447.491540712 126.830961772 0.99609375
v 157.879881979 447.835064161 146.314941681 0.99609375
v 157.821855657 448.294551176 126.969081443 0.99609375
v 157.913263015 448.22881326 146.512879476 0.99609375
v 158.297738104 448.188786369 126.605225154 0.99609375
v 157.861406571 448.303144188 146.970881404 0.99609375
v 157.9845439 448.696600727 127.423549868 0.99609375
v 158.136463501 448.656886033 147.564329079 0.99609375
v 158.046823118 448.790977833 127.190199882 0.99609375
v 157.921544756 448.899919243 147.792163547 0.99609375
v 158.057044233 449.162321817 127.652566336 0.99609375
v 158.088181442 449.376313859 147.65829752 0.99609375
v 158.219533613 449.55346502 127.251236726 0.99609375
v 157.892972112 449.724585857 148.004933291 0.99609375
v 158.096248845 449.96071216 127.408055694 0.99609375
v 157.831901502 449.89562907 148.128640892 0.99609375
v 158.076665753 450.145077629 127.721303559 0.99609375
v 158.253963619 450.133601536 149.048288549 0.99609375
v 157.997746259 450.38849084 127.650516084 0.99609375
v 158.052183122 450.124865274 148.618347053 0.99609375
v 158.04920296 450.491722089 127.912550725 0.99609375
v 158.277854567 450.630317422 148.942692256 0.99609375
v 158.338823072 450.976270572 128.183748868 0.99609375
v 157.922498787 451.006244536 149.917458095 0.99609375
v 157.799175704 451.193881275 128.740827785 0.99609375
v 158.014980172 451.234239531 149.828998912 0.99609375
v 157.784079892 451.534846734 128.636184038 0.99609375
v 158.160808263 451.562057336 149.618960136 0.99609375
v 158.224437382 451.97484282 128.745017855 0.99609375
v 157.801541349 451.983837952 150.342291373 0.99609375
v 157.901978304 452.086826223 128.825721696 0.99609375
v 158.178944024 452.142667579 150.714200583 0.99609375
v 157.847753893 452.310425991 129.184335297 0.99609375
v 158.213917913 452.398915297 151.054259249 0.99609375
v 158.07468388 452.461224486 129.281839896 0.99609375
v 158.259259334 452.91801725 151.765992951 0.99609375
v 157.944551341 453.008427541 129.175268122 0.99609375
v 158.128611265 452.964850681 152.386312129 0.99609375
v 158.1322487 453.281369835 129.270797213 0.99609375
v 158.296058775 453.100078932 152.236363748 0.99609375
v 158.041045018 453.773590861 129.403691603 0.99609375
v 158.315624771 453.642318535 151.764928385 0.99609375
v 158.097352955 454.130516233 129.910796414 0.99609375
v 158.029797372 453.865467075 151.823285953 0.99609375
v 158.183602476 454.270449157 129.085275597 0.99609375
v 157.857554491 453.945633603 152.286369525 0.99609375
v 158.338638521 454.151196778 129.059629812 0.99609375
v 158.106157386 454.141035209 152.967428453 0.99609375
v 158.167304065 454.874503001 129.184359188 0.99609375
v 157.878772522 454.803031451 152.666433877 0.99609375
v 157.856284647 454.971711097 129.114449194 0.99609375
v 157.783454785 454.836062778 152.919357373 0.99609375
v 158.329668709 455.171323723 129.682220719 0.99609375
v 158.283012945 455.44053265 152.981475253 0.99609375
v 158.001010193 455.394771664 129.063058425 0.99609375
v 157.812396921 455.852420575 152.348813304 0.99609375
v 157.93867244 456.139457395 129.561898497 0.99609375
v 158.298795498 455.685401238 152.904232637 0.99609375
v 158.02046177 456.421313525 129.966206577 0.99609375
v 158.06220665 456.036591698 152.835723838 0.99609375
v 157.888946501 456.657420732 130.002488249 0.99609375
v 157.948438359 456.326549715 152.589410778 0.99609375
v 157.887300089 456.847575708 129.872701085 0.99609375
v 157.95829497 456.819518971 152.183322281 0.99609375
v 157.885578625 457.258764375 130.393687303 0.99609375
v 158.313825241 456.942012403 152.386817991 0.99609375
v 158.097373123 457.216014348 129.756123568 0.99609375
v 157.914865781 457.330405732 152.919082376 0.99609375
v 158.311638154 457.630621367 129.69563631 0.99609375
v 157.937819604 457.627898847 151.891406099 0.99609375
v 158.115296705 458.061016885 130.895186196 0.99609375
v 157.861427688 457.795868211 151.565354568 0.99609375
v 157.845343854 458.098689787 130.587953092 0.99609375
v 157.891237673 457.931299056 152.158155211 0.99609375
v 158.339270354 458.529667308 130.781754244 0.99609375
v 158.326296885 458.35675701 151.104420346 0.99609375
v 158.272904735 458.706143007 130.137623271 0.99609375
v 158.313822129 458.719628584 138.691206635 0.99609375
v 157.948679398 458.978882002 130.82525177 0.99609375
v 158.304699368 459.32947476 138.43791468 0.99609375
v 158.090950689 459.434288772 131.918855191 0.99609375
v 157.846938763 459.110706814 138.065972527 0.99609375
v 158.087263243 459.892204778 132.339535989 0.99609375
v 158.390996581 443.702304065 142.646606565 0.99609375
v 158.216820196 444.140459466 143.96458612 0.99609375
v 158.273035722 444.522673502 141.857452835 0.99609375
v 158.259253138 444.041312551 144.681525349 0.99609375
v 158.190778996 444.343152974 139.635201915 0.99609375
v 158.263807958 444.302821127 144.124821678 0.99609375
v 158.436051633 444.80327321 139.489837418 0.99609375
v 158.377621076 445.013894979 144.022820772 0.99609375
v 158.05487289 445.073554208 137.035756865 0.99609375
v 158.06617182 445.069727419 144.542294706 0.99609375
v 158.420888332 445.408584619 135.883384993 0.99609375
v 158.612513402 445.45124304 144.178371337 0.99609375
v 158.455839899 445.948773619 134.665077588 0.99609375
v 158.338532101 445.923425298 144.64919025 0.99609375
v 158.434630365 445.765560095 133.394229626 0.99609375
v 158.158978553 445.957520736 145.047181272 0.99609375
v 158.29791066 446.296580352 132.195919348 0.99609375
v 158.367078326 446.388597619 145.129032591 0.99609375
v 158.177046794 446.60812979 130.04953032 0.99609375
v 158.208745768 446.618189375 145.347998627 0.99609375
v 158.581002225 447.0834749 128.802159318 0.99609375
v 158.264663305 446.729468281 145.624320039 0.99609375
v 158.592802398 447.261593528 128.243033087 0.99609375
v 158.161030357 447.232575862 146.353255043 0.99609375
v 158.166993845 447.233269194 126.81395271 0.99609375
v 158.127276848 447.430860452 146.900656633 0.99609375
v 158.244003786 447.822109662 127.307164117 0.99609375
v 158.269215155 447.606203184 146.505888455 0.99609375
v 158.335025093 447.928008744 127.462203737 0.99609375
v 158.257579192 447.880576739 147.209590988 0.99609375
v 158.480844889 448.354175101 126.785775621 0.99609375
v 158.487563837 448.290183764 147.032427589 0.99609375
v 158.39973969 448.626559386 127.661370651 0.99609375
v 158.549359121 448.50346173 147.50799084 0.99609375
v 158.45435315 449.181468859 127.331289588 0.99609375
v 158.13665762 448.945771507 148.37390898 0.99609375
v 158.32558189 449.111118439 127.569120512 0.99609375
v 158.552067849 449.392193367 147.685666815 0.99609375
v 158.29309273 449.528389509 127.020449736 0.99609375
v 158.351336156 449.391289262 148.710874974 0.99609375
v 158.497077998 449.964988256 127.796660873 0.99609375
v 158.449249307 449.628836432 148.894927441 0.99609375
v 158.507062827 450.163362892 128.092201667 0.99609375
v 158.40433796 450.233861982 149.44758011 0.99609375
v 158.470059156 450.084244879 127.897044748 0.99609375
v 158.073543445 450.415918706 149.177981093 0.99609375
v 158.572987733 450.877952505 128.413769288 0.99609375
v 158.551480234 450.426699495 148.750472742 0.99609375
v 158.516862342 450.868804205 128.031060195 0.99609375
v 158.558054668 450.893416078 149.937026942 0.99609375
v 158.505730244 451.480270808 128.631542524 0.99609375
v 158.060072811 451.215445307 149.795899709 0.99609375
v 158.264763419 451.25174249 128.647627224 0.99609375
v 158.224569023 451.769735451 150.184345131 0.99609375
v 158.389602899 451.544300632 128.550721661 0.99609375
v 158.335075425 451.594756583 150.066441506 0.99609375
v 158.584620609 452.026916323 128.802458215 0.99609375
v 158.297588577 452.199195318 150.622519662 0.99609375
v 158.294346497 452.163646337 128.567221314 0.99609375
v 158.333472419 452.399910497 151.287428035 0.99609375
v 158.080954833 452.568410864 129.101315142 0.99609375
v 158.356811153 452.549753561 151.772781426 0.99609375
v 158.350570331 452.832729624 128.889219972 0.99609375
v 158.248099221 452.706495428 151.235134709 0.99609375
v 158.582095183 453.269507972 129.385654487 0.99609375
v 158.449729634 453.013255026 151.877446516 0.99609375
v 158.627088299 453.403721843 129.939742627 0.99609375
v 158.214930121 453.688362582 151.55825639 0.99609375
v 158.330613925 453.991676633 129.631404102 0.99609375
v 158.516315412 453.763773296 151.749444449 0.99609375
v 158.579530612 453.883217956 129.839227583 0.99609375
v 158.555627822 453.994175602 152.190813421 0.99609375
v 158.488045353 454.467868013 129.246207765 0.99609375
v 158.405219541 454.395457849 152.150531105 0.99609375
v 158.602795087 454.999179259 129.533736021 0.99609375
v 158.572208846 454.475682948 152.44179643 0.99609375
v 158.357950361 455.21907177 129.762760829 0.99609375
v 158.222715075 454.912207617 152.418035847 0.99609375
v 158.579478532 455.375411304 129.628455933 0.99609375
v 158.46447658 455.174593299 152.475181646 0.99609375
v 158.121049446 455.735560934 129.333207303 0.99609375
v 158.314846478 455.664391381 152.955451233 0.99609375
v 158.078716741 456.107309555 130.480990631 0.99609375
v 158.564552535 455.748352232 152.982874406 0.99609375
v 158.582719681 455.961101936 129.752857305 0.99609375
v 158.292307911 455.936656182 152.30103136 0.99609375
v 158.32912627 456.534656517 129.875203211 0.99609375
v 158.499304478 456.628680081 152.44520522 0.99609375
v 158.553205251 456.879112923 130.335415522 0.99609375
v 158.414559824 456.844238268 152.001010491 0.99609375
v 158.199693594 457.105718483 129.763978675 0.99609375
v 158.327420622 456.955583649 152.080797219 0.99609375
v 158.537491306 457.47755291 130.453530933 0.99609375
v 158.629507385 457.231896132 152.06561869 0.99609375
v 158.373607506 457.545330067 129.533670732 0.99609375
v 158.158042517 457.555339623 152.410945205 0.99609375
v 158.394968343 458.111950027 130.976728405 0.99609375
v 158.604248054 458.108841062 151.980128431 0.99609375
v 158.187071208 458.244346604 130.337789041 0.99609375
v 158.58215454 458.25801704 151.457502462 0.99609375
v 158.52318405 458.20357785 130.788578567 0.99609375
v 158.5403489 458.71846289 150.806514147 0.99609375
v 158.629882392 458.993897273 130.730358979 0.99609375
v 158.32621259 458.830630266 138.455863241 0.99609375
v 158.297634 458.97883672 130.247069561 0.99609375
v 158.467644259 458.975708914 138.610547845 0.99609375
v 158.573544881 459.338082379 131.674368579 0.99609375
v 158.285616165 459.341733791 138.776495485 0.99609375
v 158.43350589 459.63184042 131.946614592 0.99609375
v 158.122688844 459.817659432 132.261792472 0.99609375
v 158.399729886 443.953752642 142.53468978 0.99609375
v 158.353794256 444.021587322 144.133948889 0.99609375
v 158.745121353 444.07137737 141.948852523 0.99609375
v 158.711652635 444.383348384 144.017035337 0.99609375
v 158.892880026 444.385391764 140.464854812 0.99609375
v 158.631247134 444.697557618 144.492329941 0.99609375
v 158.519150554 444.971560706 138.668065473 0.99609375
v 158.712944874 444.768479053 144.093110374 0.99609375
v 158.479864842 445.091003684 137.101367175 0.99609375
v 158.371124968 445.033012084 144.032287994 0.99609375
v 158.872168902 445.382675098 135.593222181 0.99609375
v 158.588514371 445.381883419 143.820779629 0.99609375
v 158.854790028 445.680194538 135.243000583 0.99609375
v 158.898682017 445.722086049 143.956924766 0.99609375
v 158.673258124 446.107321747 135.333892447 0.99609375
v 158.470749229 445.890497887 144.599922067 0.99609375
v 158.893996463 446.26542376 132.424401728 0.99609375
v 158.778295567 446.357365631 144.995808508 0.99609375
v 158.478428415 446.533238144 130.648472636 0.99609375
v 158.488661052 446.342741717 144.408915487 0.99609375
v 158.70898741 447.093716485 129.385510436 0.99609375
v 158.40482726 446.741966474 144.92742566 0.99609375
v 158.695860779 447.105868155 127.807431481 0.99609375
v 158.501003861 447.043953516 144.601812692 0.99609375
v 158.46779912 447.399924376 126.781692713 0.99609375
v 158.705258263 447.207208707 144.974210771 0.99609375
v 158.380918679 448.047973402 126.701209741 0.99609375
v 158.522849786 447.595944726 145.21521934 0.99609375
v 158.670705618 447.814887493 126.698484623 0.99609375
v 158.742276523 448.184326387 145.502547139 0.99609375
v 158.880498631 448.501556873 127.252600365 0.99609375
v 158.623900149 448.129456855 146.958166893 0.99609375
v 158.879855915 448.587930182 127.503496305 0.99609375
v 158.641857291 448.708841977 147.756885407 0.99609375
v 158.640964351 449.071292859 127.637025325 0.99609375
v 158.423455171 449.164529302 148.414192117 0.99609375
v 158.596718529 449.12212656 127.192422342 0.99609375
v 158.734844296 449.152046036 147.753710111 0.99609375
v 158.775217725 449.330689698 127.149877424 0.99609375
v 158.654142828 449.295208705 148.501598644 0.99609375
v 158.661761093 449.880936625 127.254385171 0.99609375
v 158.807805971 449.900803036 148.982154203 0.99609375
v 158.783732192 449.826109811 128.225565102 0.99609375
v 158.419289213 450.020000929 148.071852727 0.99609375
v 158.479049574 450.355269769 128.263714857 0.99609375
v 158.824312218 450.170318327 149.198076082 0.99609375
v 158.601848459 450.795690238 128.479113875 0.99609375
v 158.768874583 450.939457616 148.514472473 0.99609375
v 158.590538149 451.069990257 128.662336737 0.99609375
v 158.501209254 450.707958053 149.632306653 0.99609375
v 158.401764238 451.28205697 128.233289335 0.99609375
v 158.686381502 451.390899367 149.272437319 0.99609375
v 158.714768214 451.366822577 129.212573565 0.99609375
v 158.915393909 451.670482116 149.809260364 0.99609375
v 158.460597877 452.021010161 128.669152463 0.99609375
v 158.765347012 451.892738586 150.238089375 0.99609375
v 158.633123959 452.37894075 129.296807902 0.99609375
v 158.528525036 451.90239367 150.920081119 0.99609375
v 158.877663659 452.53227958 129.317544047 0.99609375
v 158.533496838 452.396315217 151.241939607 0.99609375
v 158.79782942 452.566678567 129.099260636 0.99609375
v 158.546300231 452.640370485 151.004717578 0.99609375
v 158.605223507 452.737675418 129.438413976 0.99609375
v 158.485963963 453.001951125 151.938086343 0.99609375
v 158.554295005 453.178906121 129.946959949 0.99609375
v 158.367249531 453.145170236 151.236975021 0.99609375
v 158.892256608 453.339058611 129.851530922 0.99609375
v 158.602198516 453.385714409 151.482091907 0.99609375
v 158.453288819 453.738761389 129.909045042 0.99609375
v 158.757670449 453.893791538 151.825966841 0.99609375
v 158.707812191 454.391433251 129.956693162 0.99609375
v 158.384650021 454.158549222 152.14518637 0.99609375
v 158.437623815 454.697958653 129.826759246 0.99609375
v 158.557107988 454.460622753 151.694587294 0.99609375
v 158.399029812 454.916434564 129.74452486 0.99609375
v 158.76939966 454.83986414 152.386318054 0.99609375
v 158.8009586 454.998674712 129.664925852 0.99609375
v 158.511407047 455.177022713 151.591373141 0.99609375
v 158.537207723 455.517274044 129.230177234 0.99609375
v 158.804468887 455.350442136 151.507183334 0.99609375
v 158.727454612 455.660529658 129.902427356 0.99609375
v 158.369455968 455.670373166 151.716440426 0.99609375
v 158.560310072 456.10555447 129.658986572 0.99609375
v 158.519082401 455.97017231 152.396632421 0.99609375
v 158.522571996 456.09975631 129.523974141 0.99609375
v 158.755485498 455.988690793 152.406658366 0.99609375
v 158.892438011 456.540098253 129.641554902 0.99609375
v 158.527957109 456.527983209 152.237621986 0.99609375
v 158.40184371 456.631990949 129.558870832 0.99609375
v 158.801758199 456.614534404 152.365596702 0.99609375
v 158.498404591 456.957595271 130.348850354 0.99609375
v 158.416078218 457.080645297 151.603560304 0.99609375
v 158.798854077 457.188711356 129.737031929 0.99609375
v 158.87438329 457.280291885 152.059277271 0.99609375
v 158.372065211 457.662967242 130.371823448 0.99609375
v 158.776387179 457.408550432 151.907993572 0.99609375
v 158.400409408 457.840558732 130.779913552 0.99609375
v 158.534628684 457.986747418 151.609189876 0.99609375
v 158.644622482 458.48501048 130.831456311 0.99609375
v 158.849361995 457.91308392 151.126987041 0.99609375
v 158.405393112 458.519434994 130.844778194 0.99609375
v 158.863230681 458.47409383 151.272757702 0.99609375
v 158.780455866 458.509552379 130.189833651 0.99609375
v 158.483672771 458.61510783 138.227971877 0.99609375
v 158.48724486 459.291118838 131.337046151 0.99609375
v 158.704402099 458.890549172 138.285062644 0.99609375
v 158.592205608 459.469116657 131.900840408 0.99609375
v 158.394962599 459.071265224 138.74850859 0.99609375
v 158.463201387 459.486256812 132.270203208 0.99609375
v 158.76476941 459.733735119 131.617955897 0.99609375
v 158.648242241 460.24562217 131.735119414 0.99609375
v 159.086272818 444.009482483 142.961837772 0.99609375
v 158.941747882 444.286203027 141.506875137 0.99609375
v 158.936011679 444.471315566 143.499297951 0.99609375
v 158.887973641 444.554060892 139.934672934 0.99609375
v 158.652291943 444.399199305 143.451411092 0.99609375
v 159.000993888 445.053569672 138.708571435 0.99609375
v 158.672038346 444.739696607 143.25787722 0.99609375
v 158.709029017 445.11725694 137.808231471 0.99609375
v 159.11028548 445.347740673 143.781335148 0.99609375
v 158.673021764 445.285093579 135.909354076 0.99609375
v 159.178208869 445.176747603 144.161002147 0.99609375
v 159.145979241 445.71909399 135.945009922 0.99609375
v 158.771128355 445.889775447 143.712432913 0.99609375
v 158.884478026 446.165488379 135.517545403 0.99609375
v 158.925852342 445.96389966 144.203154364 0.99609375
v 159.010556907 446.301877609 135.203423438 0.99609375
v 158.674756077 446.332321062 144.220810052 0.99609375
v 159.182735268 446.383470383 130.637362512 0.99609375
v 159.10475115 446.765986277 143.561691036 0.99609375
v 159.118984377 446.681128388 128.877585682 0.99609375
v 158.672352376 446.67513582 144.205458395 0.99609375
v 158.820126812 446.902277128 128.155765769 0.99609375
v 158.741565775 447.350308777 144.281322405 0.99609375
v 159.07027683 447.505837891 127.351949715 0.99609375
v 159.165486182 447.581962325 144.815733099 0.99609375
v 159.078610108 447.645391596 126.994666746 0.99609375
v 159.119576716 447.761251605 144.730184848 0.99609375
v 158.919087426 447.968827156 127.227699548 0.99609375
v 159.149051418 447.912532946 144.563618936 0.99609375
v 158.692059262 448.62193114 127.581517543 0.99609375
v 158.798338467 448.385327552 144.740331308 0.99609375
v 159.110650955 448.755457144 127.766432213 0.99609375
v 158.776304873 448.427292607 145.289573534 0.99609375
v 158.932561702 448.972656579 127.701233425 0.99609375
v 158.649578093 449.147293918 145.325149272 0.99609375
v 159.123035995 449.075328854 127.902979466 0.99609375
v 158.721058715 448.980449763 147.480368202 0.99609375
v 159.022297101 449.259174492 127.743641508 0.99609375
v 158.736120056 449.588519412 148.966582281 0.99609375
v 158.828202782 450.057590087 128.006644323 0.99609375
v 158.657540928 449.746480376 148.469023173 0.99609375
v 159.033228199 449.844925111 128.240659704 0.99609375
v 159.022782372 449.870770343 148.665244241 0.99609375
v 158.811523025 450.319145861 128.441904726 0.99609375
v 158.9880774 450.209825298 148.507999605 0.99609375
v 158.664958173 450.421013757 128.135254493 0.99609375
v 158.980231194 450.52924235 149.273365502 0.99609375
v 159.116548337 450.66772098 128.876945948 0.99609375
v 159.032450392 450.836141418 149.173095347 0.99609375
v 158.930005527 451.285810302 128.543941601 0.99609375
v 158.986982883 451.039178445 149.357869111 0.99609375
v 158.961102473 451.494948305 128.802554446 0.99609375
v 158.868226783 451.412545822 150.204242647 0.99609375
v 158.723981153 451.974296241 129.377770204 0.99609375
v 158.909402616 451.925799423 150.093551281 0.99609375
v 158.990178981 452.313202665 129.289675828 0.99609375
v 158.941643965 452.284717872 150.458053421 0.99609375
v 158.959762437 452.605331891 128.799649736 0.99609375
v 158.752719005 452.257969013 150.601187327 0.99609375
v 159.126483581 452.773961285 129.198655859 0.99609375
v 159.102247598 452.898291553 151.182463886 0.99609375
v 159.153995826 452.721647496 129.657870392 0.99609375
v 159.193650201 452.867066617 150.778138482 0.99609375
v 159.083990403 453.220483395 129.094461645 0.99609375
v 158.682604067 453.439929059 151.040126628 0.99609375
v 158.673878386 453.424361748 129.919213254 0.99609375
v 159.173333728 453.599082471 151.52058762 0.99609375
v 158.864670188 454.113328923 129.540287927 0.99609375
v 159.153979314 453.937993461 151.639453201 0.99609375
v 158.835601198 454.221275757 129.659077476 0.99609375
v 159.14129082 454.276577922 151.32755059 0.99609375
v 159.197342585 454.363078679 129.980820789 0.99609375
v 158.803469441 454.643706597 151.021467314 0.99609375
v 159.036161498 454.556460558 129.938542341 0.99609375
v 158.760570977 454.883236705 151.748605522 0.99609375
v 159.099369565 455.165598209 130.376611391 0.99609375
v 158.945021147 454.817740851 151.453307951 0.99609375
v 158.929864393 455.092190179 129.823451749 0.99609375
v 158.933464567 455.580588131 151.642357819 0.99609375
v 159.014000042 455.485049903 130.020873712 0.99609375
v 158.846951866 455.305723638 151.290728679 0.99609375
v 158.823598893 456.157774857 129.526333571 0.99609375
v 158.826949618 455.700346046 151.740601344 0.99609375
v 159.088219325 456.321869217 129.773149149 0.99609375
v 159.123275637 456.336683075 151.875981544 0.99609375
v 158.79805925 456.501889789 130.101476742 0.99609375
v 159.098152808 456.58056494 151.810275085 0.99609375
v 159.038562939 456.986636054 129.95930866 0.99609375
v 158.969420457 456.827987603 151.139400014 0.99609375
v 158.705293775 456.840837719 129.99489101 0.99609375
v 158.674416213 457.207697824 151.992628667 0.99609375
v 158.89559325 457.108963698 129.996121548 0.99609375
v 159.134358636 457.129196593 151.885477535 0.99609375
v 158.649020902 457.844480206 130.680844992 0.99609375
v 159.201369508 457.474512225 151.688971775 0.99609375
v 159.075056259 457.666068851 130.440479845 0.99609375
v 159.051934014 457.87245276 151.11759663 0.99609375
v 158.782267411 457.993869942 130.094883357 0.99609375
v 159.049544614 458.379724668 151.493470723 0.99609375
v 158.924225884 458.34939076 130.143002418 0.99609375
v 158.742377493 458.654049623 139.057265232 0.99609375
v 158.733573948 458.798391951 131.93149767 0.99609375
v 158.989202523 458.559342728 138.665781178 0.99609375
v 159.035397081 459.190974566 131.736132033 0.99609375
v 159.026001239 458.995672032 138.967969299 0.99609375
v 159.094797911 459.587570192 131.020987069 0.99609375
v 158.986495172 459.646701186 138.978055991 0.99609375
v 158.823276058 460.414794901 131.70962008 0.99609375
v 159.021464124 444.244816766 142.700179491 0.99609375
v 159.444231884 444.044008929 141.41689165 0.99609375
v 159.358251021 444.022812793 143.66641727 0.99609375
v 158.989523504 444.557489845 140.175018992 0.99609375
v 159.307228242 444.602824833 143.350059792 0.99609375
v 159.066769987 444.775413763 138.686299223 0.99609375
v 158.955980751 445.106605383 143.598116802 0.99609375
v 159.36665003 445.147716767 137.981040939 0.99609375
v 159.054259922 445.345383331 143.811501969 0.99609375
v 159.173452148 445.606078008 135.517578342 0.99609375
v 158.99976505 445.608946251 143.164076602 0.99609375
v 159.406760671 445.808773422 136.103668286 0.99609375
v 159.043920837 445.686055323 143.511751556 0.99609375
v 159.481918513 445.95601179 136.00770294 0.99609375
v 159.272766412 446.200552391 143.871539826 0.99609375
v 159.071477589 446.029369015 135.877617462 0.99609375
v 159.180692224 446.224971348 143.01859991 0.99609375
v 159.141130556 446.484580301 130.441745161 0.99609375
v 158.953928169 446.759789111 143.092533347 0.99609375
v 159.215433227 447.023606073 129.142801923 0.99609375
v 159.020113914 447.019524837 143.75032803 0.99609375
v 159.305304149 447.171567622 127.934408305 0.99609375
v 159.005992079 447.029703158 143.5395202 0.99609375
v 159.089844554 447.38325802 127.345578326 0.99609375
v 159.490680542 447.655095664 144.375465097 0.99609375
v 159.051534895 447.730247263 127.943683042 0.99609375
v 159.060321557 447.600357254 143.603576019 0.99609375
v 159.241790128 448.075653781 127.182631605 0.99609375
v 159.384709544 447.832088286 143.755382201 0.99609375
v 159.154759327 448.433576341 127.149381122 0.99609375
v 159.122947696 448.530088449 144.460280385 0.99609375
v 158.935234507 448.728993948 127.572372552 0.99609375
v 159.162329779 448.876760224 143.630894023 0.99609375
v 158.975865308 449.151137702 127.458064055 0.99609375
v 159.184102047 448.634688814 144.345082027 0.99609375
v 159.094116335 449.127306063 127.340252537 0.99609375
v 158.935042196 449.138208095 144.493241617 0.99609375
v 158.929470969 449.481911489 127.319443137 0.99609375
v 159.368212976 449.500018275 144.897799167 0.99609375
v 159.002000956 450.073793424 127.694854215 0.99609375
v 159.423130065 449.983049491 144.587702161 0.99609375
v 159.279927198 450.089591751 127.71163399 0.99609375
v 159.204024397 449.871474903 148.273053389 0.99609375
v 159.200546829 450.40842673 128.080589074 0.99609375
v 159.222282275 450.138151775 149.474833535 0.99609375
v 159.057202734 450.73824969 128.328498945 0.99609375
v 159.390695959 450.443125839 148.764570835 0.99609375
v 159.232738729 450.717323651 128.544643979 0.99609375
v 159.257471064 451.116951965 149.702073327 0.99609375
v 159.221116077 451.225337911 128.808099615 0.99609375
v 159.38009849 451.326515045 149.044967613 0.99609375
v 159.350119286 451.354072331 128.537551188 0.99609375
v 159.159489318 451.3544132 149.521316349 0.99609375
v 159.042878626 451.923690173 128.88455521 0.99609375
v 159.230234473 451.709797367 150.635482806 0.99609375
v 159.488288268 452.161807092 129.023151631 0.99609375
v 158.969458808 452.044517921 150.899515612 0.99609375
v 159.021532194 452.393218584 129.445412719 0.99609375
v 159.229054083 452.16777246 150.115042177 0.99609375
v 159.260950718 452.417942888 129.037020331 0.99609375
v 159.271212314 452.471204851 151.297275417 0.99609375
v 159.433813665 452.780599892 129.542273716 0.99609375
v 159.171227502 453.080559041 151.128748007 0.99609375
v 159.05371475 453.46221064 129.268499001 0.99609375
v 159.357329018 453.531908195 151.017510427 0.99609375
v 159.096499609 453.630194725 129.528215156 0.99609375
v 159.032228121 453.842499606 151.375280672 0.99609375
v 158.94298575 453.56944475 129.380249385 0.99609375
v 159.265627357 453.996872265 151.288115394 0.99609375
v 159.444299062 454.203474397 129.836214098 0.99609375
v 159.038376626 453.850479733 150.670158638 0.99609375
v 159.424409598 454.141580728 129.597237001 0.99609375
v 159.086059815 454.280199158 151.686617386 0.99609375
v 159.063476226 454.837766928 130.218812678 0.99609375
v 159.361022677 454.712879339 151.742288139 0.99609375
v 159.289959291 455.036353205 129.916585699 0.99609375
v 158.994730593 454.964909173 151.788566576 0.99609375
v 159.445940866 455.363042528 129.766726614 0.99609375
v 159.034746709 455.427133663 151.586402516 0.99609375
v 159.466988073 455.775196023 129.917792639 0.99609375
v 159.235420113 455.613437571 151.764375669 0.99609375
v 159.275206466 455.822780439 129.802638161 0.99609375
v 159.381120426 455.639637718 151.597031906 0.99609375
v 159.279651608 456.254866436 130.437814851 0.99609375
v 159.398095951 456.021707204 151.928693279 0.99609375
v 159.459152916 456.226849232 129.864460388 0.99609375
v 159.114260414 456.412528138 151.192850573 0.99609375
v 159.107358302 456.530899687 129.684523392 0.99609375
v 159.008090384 456.920049931 150.507101657 0.99609375
v 159.056764453 457.041668624 130.188468101 0.99609375
v 159.212526708 457.288884572 150.579837773 0.99609375
v 159.137902597 457.234548845 130.927631918 0.99609375
v 159.396544428 457.047871813 150.70698671 0.99609375
v 159.346088068 457.69465883 130.601713622 0.99609375
v 159.129326496 457.742612411 150.991937162 0.99609375
v 159.395675475 457.809662249 130.908505559 0.99609375
v 159.008792971 458.196754157 151.475598701 0.99609375
v 159.428467439 457.938317107 130.546290787 0.99609375
v 159.422320936 458.245728481 151.026884275 0.99609375
v 159.031662716 458.718499231 137.23835376 0.99609375
v 159.085458331 458.28784219 138.545501722 0.99609375
v 159.122233786 458.993914578 137.142866628 0.99609375
v 159.294556599 458.965026358 138.962983339 0.99609375
v 159.049719873 458.978563402 137.262352159 0.99609375
v 159.027429624 459.14465243 138.251069939 0.99609375
v 159.293433262 459.296408788 138.307528975 0.99609375
v 159.362683862 443.941077412 143.450221502 0.99609375
v 159.669478812 443.997765319 141.530392036 0.99609375
v 159.290649099 444.473762529 143.423916337 0.99609375
v 159.327772634 444.754323991 139.514737244 0.99609375
v 159.647692295 444.322669538 142.763975197 0.99609375
v 159.350372104 445.038120757 139.204536402 0.99609375
v 159.675022738 444.832893066 143.349201703 0.99609375
v 159.289275282 445.392889466 137.145859501 0.99609375
v 159.661886983 445.137538569 143.084162891 0.99609375
v 159.565886377 445.325971976 136.384897005 0.99609375
v 159.397340425 445.175413235 143.050797224 0.99609375
v 159.231725877 445.732742201 136.402392189 0.99609375
v 159.716194042 445.680598738 143.458679239 0.99609375
v 159.598444455 446.191905644 136.975492722 0.99609375
v 159.502893428 445.885234153 143.789772178 0.99609375
v 159.388295012 446.030043076 136.737742186 0.99609375
v 159.311638984 446.193081699 143.085265621 0.99609375
v 159.301024737 446.354349845 130.029023057 0.99609375
v 159.659333423 446.410953979 143.174572039 0.99609375
v 159.241548593 446.623231645 129.135747111 0.99609375
v 159.770275579 447.165431089 143.819137451 0.99609375
v 159.285269875 447.252991008 127.589336123 0.99609375
v 159.493903417 447.16845234 143.601182381 0.99609375
v 159.457454653 447.185090966 127.991921478 0.99609375
v 159.634211949 447.570827132 143.855822914 0.99609375
v 159.678877947 447.819469652 127.262070902 0.99609375
v 159.264918672 447.843955607 143.482738055 0.99609375
v 159.573306514 448.086087556 127.727220726 0.99609375
v 159.441052154 448.234422034 143.957942835 0.99609375
v 159.51192862 448.568245565 127.815530239 0.99609375
v 159.780436328 448.521720647 143.430388846 0.99609375
v 159.455322315 448.723542993 127.954718058 0.99609375
v 159.54702461 448.571796437 143.467645815 0.99609375
v 159.64761358 448.864078655 127.57042501 0.99609375
v 159.426330063 448.978226253 143.81804491 0.99609375
v 159.377259825 449.44123225 127.99123142 0.99609375
v 159.463032555 449.177562209 144.291086985 0.99609375
v 159.679072398 449.566471045 127.585900285 0.99609375
v 159.241708992 449.692809338 144.043302715 0.99609375
v 159.622898921 449.570203785 128.101614239 0.99609375
v 159.506228739 449.958536533 143.564762181 0.99609375
v 159.737347617 450.281342643 127.709180253 0.99609375
v 159.351656087 450.133554906 144.461953321 0.99609375
v 159.4427376 450.5810826 128.229421034 0.99609375
v 159.286144604 450.653834258 144.073317853 0.99609375
v 159.565596641 450.782589065 128.090369941 0.99609375
v 159.42032331 450.474239479 148.10492072 0.99609375
v 159.617640383 450.720043823 128.235995999 0.99609375
v 159.437597812 450.802307151 148.764175249 0.99609375
v 159.237499243 451.407329843 128.716352002 0.99609375
v 159.489792356 450.957359573 149.730698492 0.99609375
v 159.59414473 451.557359642 129.217367854 0.99609375
v 159.400071296 451.612235566 149.501056842 0.99609375
v 159.436973597 451.721834815 128.579712065 0.99609375
v 159.310578026 451.876755657 150.056273937 0.99609375
v 159.254302569 452.248452794 129.227331429 0.99609375
v 159.562104598 452.220124618 149.54310307 0.99609375
v 159.478218614 452.210984261 129.293918013 0.99609375
v 159.276923719 452.528029828 150.669767999 0.99609375
v 159.741094037 452.887111872 129.477321693 0.99609375
v 159.60302176 452.750652637 150.50468933 0.99609375
v 159.42371155 452.769362855 129.247418703 0.99609375
v 159.469724079 452.972896035 150.619127497 0.99609375
v 159.770194217 453.250187886 129.414382054 0.99609375
v 159.591356101 453.229821282 150.53398753 0.99609375
v 159.3039994 453.421500371 129.875357236 0.99609375
v 159.395507775 453.36856881 150.88213572 0.99609375
v 159.717998049 453.917198641 130.380236304 0.99609375
v 159.49348438 453.649982902 151.311886612 0.99609375
v 159.352496364 454.317250956 130.251862524 0.99609375
v 159.616332214 453.864546365 150.793196553 0.99609375
v 159.414751616 454.481235552 130.398302023 0.99609375
v 159.62453894 454.689597299 150.549303141 0.99609375
v 159.716836092 454.656908683 129.562146303 0.99609375
v 159.41004307 454.527327464 150.98893023 0.99609375
v 159.641676351 454.752517923 130.062593536 0.99609375
v 159.459105971 454.966675066 150.750788422 0.99609375
v 159.472325181 455.514944842 129.769908769 0.99609375
v 159.550722291 455.155017105 151.161180929 0.99609375
v 159.691623166 455.406721466 130.100336251 0.99609375
v 159.31910724 455.368610207 151.32010654 0.99609375
v 159.504789038 455.750072534 130.273255001 0.99609375
v 159.271818169 455.680112467 150.964533292 0.99609375
v 159.663479635 456.384574618 130.185249145 0.99609375
v 159.435173059 456.15624165 150.749153903 0.99609375
v 159.277411866 456.275395087 130.084833063 0.99609375
v 159.363166313 456.374460189 150.968446244 0.99609375
v 159.665627268 456.745290235 136.529824764 0.99609375
v 159.224313418 456.928188386 151.347043116 0.99609375
v 159.246717325 456.891323268 136.455464028 0.99609375
v 159.458196338 457.023667604 151.36608386 0.99609375
v 159.679400564 457.116482919 136.332810586 0.99609375
v 159.655647415 457.211772906 139.746640842 0.99609375
v 159.709708533 457.782461293 135.430088944 0.99609375
v 159.316511569 457.407643648 139.733370545 0.99609375
v 159.593577832 457.636024118 135.594695089 0.99609375
v 159.450934262 457.825202363 139.950341466 0.99609375
v 159.701036601 458.257756508 135.646990795 0.99609375
v 159.754208183 458.103817336 139.306420451 0.99609375
v 159.296180091 458.527272344 136.569022056 0.99609375
v 159.558503673 458.64288603 138.893641949 0.99609375
v 159.646748745 458.65987014 137.357520267 0.99609375
v 159.71385895 459.009008498 138.22457778 0.99609375
v 159.250420115 458.826831185 137.016589064 0.99609375
v 159.420063123 459.131089719 138.685529762 0.99609375
v 159.71003246 459.365617927 138.4498447 0.99609375
v 159.927096911 444.475270633 141.106167469 0.99609375
v 159.96058255 444.315756501 142.732231314 0.99609375
v 159.986785914 444.510455994 139.889376957 0.99609375
v 160.03745251 444.843895472 142.782245108 0.99609375
v 159.857265956 444.919346107 138.914260431 0.99609375
v 159.564820318 445.089837661 142.666924633 0.99609375
v 160.07561093 445.172816135 137.135230052 0.99609375
v 159.69368033 445.428147763 143.00272404 0.99609375
v 159.713116258 445.447424178 137.08496262 0.99609375
v 159.505570984 445.468134606 142.778095124 0.99609375
v 159.633216598 445.442803486 137.356095131 0.99609375
v 159.951549399 445.76709303 143.197835605 0.99609375
v 159.977901319 445.954047435 137.0742281 0.99609375
v 159.976260595 445.963075034 142.703883928 0.99609375
v 159.683375507 446.598748121 136.730895696 0.99609375
v 159.687026605 446.243412746 143.175340784 0.99609375
v 159.86765909 446.520581928 136.905529477 0.99609375
v 159.903683924 446.540336335 143.236127893 0.99609375
v 159.967823255 447.138311506 129.469318879 0.99609375
v 160.035980747 446.816240335 142.693781041 0.99609375
v 159.63601018 446.98673093 127.918772097 0.99609375
v 159.843412336 447.237244461 142.794109096 0.99609375
v 159.832691643 447.75024508 127.408461263 0.99609375
v 160.042500194 447.281202997 143.092213591 0.99609375
v 160.045444595 447.962548831 127.814252796 0.99609375
v 159.683219619 447.645887668 143.273731303 0.99609375
v 159.959682036 447.890702341 127.560534541 0.99609375
v 159.602642539 448.221294626 143.507498997 0.99609375
v 159.54964109 448.572456135 127.917665637 0.99609375
v 159.738465995 448.166034948 143.269861233 0.99609375
v 159.557528823 448.848845355 127.690134282 0.99609375
v 159.751092687 448.703664784 143.314089438 0.99609375
v 159.927357598 449.06314499 127.6565723 0.99609375
v 159.944006288 448.799321364 143.731303044 0.99609375
v 160.021330315 449.333697557 127.937200234 0.99609375
v 159.937876208 449.454314544 143.095612625 0.99609375
v 159.654837981 449.349677667 127.657893489 0.99609375
v 159.822391545 449.46669039 143.4510254 0.99609375
v 159.658913523 449.995803532 127.910102079 0.99609375
v 159.893637322 449.933976263 143.611970531 0.99609375
v 159.563922438 449.992979832 127.880793342 0.99609375
v 160.006083532 449.898266126 143.615954693 0.99609375
v 159.551580421 450.326880752 128.590425553 0.99609375
v 159.658441368 450.588544961 144.09253926 0.99609375
v 160.038324794 450.705150072 128.923888884 0.99609375
v 160.038426481 450.689390006 144.054543554 0.99609375
v 160.037123546 450.865130175 128.945749047 0.99609375
v 159.995174282 451.104270328 143.806703345 0.99609375
v 159.692559204 451.131080836 129.371479204 0.99609375
v 159.835201351 451.302255487 144.357870339 0.99609375
v 159.558740493 451.372240367 129.026113417 0.99609375
v 159.608417291 451.699945096 148.546618735 0.99609375
v 159.560445581 452.059137787 129.090930383 0.99609375
v 159.83660279 451.905353131 149.058562908 0.99609375
v 159.871227469 452.059077056 129.065323877 0.99609375
v 159.828146733 452.173783407 149.378364767 0.99609375
v 159.588133351 452.44900502 129.676344602 0.99609375
v 159.605615407 452.383495829 150.182083861 0.99609375
v 159.651604109 452.942966655 129.383926162 0.99609375
v 159.858310709 452.619404529 150.358064597 0.99609375
v 159.552124521 452.78139463 136.852781628 0.99609375
v 159.851902928 452.709259973 150.060387796 0.99609375
v 159.656549578 453.297652245 136.96889002 0.99609375
v 159.870381515 453.202538127 149.540107579 0.99609375
v 159.70720585 453.848854997 137.23572011 0.99609375
v 159.631761243 453.405859908 150.380287581 0.99609375
v 159.982987704 453.957698666 137.160153087 0.99609375
v 159.811470093 454.116307741 150.664649061 0.99609375
v 159.561487623 454.213028047 137.474652616 0.99609375
v 159.784876515 454.362877515 150.168374499 0.99609375
v 159.746372726 454.15600191 136.800805827 0.99609375
v 159.842406977 454.148797883 150.123819851 0.99609375
v 159.90560577 454.835859453 137.036468132 0.99609375
v 160.037184417 454.810761611 150.224293885 0.99609375
v 159.770090157 455.134733251 136.714761832 0.99609375
v 159.666278767 454.766110432 150.167571298 0.99609375
v 159.852905876 455.252226033 137.163613619 0.99609375
v 159.966984326 455.081601731 150.12260441 0.99609375
v 159.942344531 455.421350065 136.906983218 0.99609375
v 159.827777685 455.812169327 150.716436854 0.99609375
v 159.683153949 456.037288225 137.233561923 0.99609375
v 159.88919362 455.901704582 150.908131492 0.99609375
v 160.003586587 456.359234682 136.999092674 0.99609375
v 159.582127862 455.98274823 150.282924977 0.99609375
v 159.557975524 456.292108225 137.495514016 0.99609375
v 159.575894699 456.648114188 140.552971871 0.99609375
v 159.645124721 456.828131166 136.863872863 0.99609375
v 159.845513451 456.981364238 140.719994843 0.99609375
v 159.794665952 456.889439233 136.619513669 0.99609375
v 160.029581776 456.882838282 139.320188989 0.99609375
v 160.025298649 457.614381861 136.236292111 0.99609375
v 159.839177889 457.075543323 139.619202402 0.99609375
v 160.055352377 457.585867192 136.843868916 0.99609375
v 160.063197182 457.573983024 139.97993837 0.99609375
v 159.758111209 458.063368949 136.430223972 0.99609375
v 159.782150008 457.673253658 139.731618961 0.99609375
v 159.83829216 458.45289652 136.205470561 0.99609375
v 159.858008592 458.237464554 139.646558174 0.99609375
v 159.695539126 458.470662081 136.88609251 0.99609375
v 159.552579862 458.748721292 139.480229584 0.99609375
v 159.518281942 458.926907211 137.446451964 0.99609375
v 159.978936668 458.935151262 138.919502243 0.99609375
v 160.020233875 459.306238028 136.600243094 0.99609375
v 159.562297295 459.019496516 138.143416143 0.99609375
v 159.712724905 459.571508781 138.004887618 0.99609375
v 159.924359172 444.511938451 141.80097557 0.99609375
v 160.086135737 444.285691016 142.305758108 0.99609375
v 159.958769134 444.519096313 140.102571932 0.99609375
v 159.976760259 444.538688018 142.471949234 0.99609375
v 160.13143626 445.035142675 138.786737169 0.99609375
v 160.292949633 444.829911933 142.177572252 0.99609375
v 160.019722816 445.274028262 137.233960505 0.99609375
v 160.176685647 444.996224766 142.281472671 0.99609375
v 160.14026453 445.355000362 137.51231502 0.99609375
v 160.361792513 445.297437894 142.228219434 0.99609375
v 159.838591346 445.947826944 137.402964228 0.99609375
v 159.909820018 445.769289478 142.947944383 0.99609375
v 159.949044945 445.775930579 137.162632123 0.99609375
v 160.213316886 446.128827912 142.765009028 0.99609375
v 160.142922823 446.084006753 137.029357299 0.99609375
v 160.240526417 446.511271366 142.812958784 0.99609375
v 160.206676549 446.799669292 137.451449306 0.99609375
v 159.948635443 446.823366478 142.996059381 0.99609375
v 159.791237183 446.991738798 129.01710034 0.99609375
v 159.871308024 446.871429786 143.481205338 0.99609375
v 160.186455529 447.216734614 127.511930323 0.99609375
v 159.972020137 447.414262251 143.265765895 0.99609375
v 159.992628113 447.641968773 127.492873477 0.99609375
v 160.12311719 447.504315984 143.280796434 0.99609375
v 160.363425783 447.631570842 127.634929443 0.99609375
v 160.2143412 447.780818549 142.843965456 0.99609375
v 160.043747146 448.01682062 127.606984431 0.99609375
v 160.147910796 447.946429211 142.931827441 0.99609375
v 160.303086521 448.558571136 127.903462171 0.99609375
v 160.207982461 448.575695094 142.626237503 0.99609375
v 160.046428706 448.800313691 127.609767429 0.99609375
v 159.797468717 448.540635778 142.881429739 0.99609375
v 160.242025375 448.639210259 127.537506369 0.99609375
v 159.953083242 449.083131206 143.388055824 0.99609375
v 159.924067118 449.37637292 127.977829274 0.99609375
v 159.84517275 449.112097363 143.202746346 0.99609375
v 159.945249037 449.679975482 127.861161243 0.99609375
v 160.130109169 449.621815628 143.163627375 0.99609375
v 159.998708264 449.51826996 128.17332889 0.99609375
v 160.112025555 449.542894803 143.372222403 0.99609375
v 159.948868521 450.234900422 128.189342466 0.99609375
v 159.946350882 450.280058892 143.659031754 0.99609375
v 159.850087398 450.654765169 128.495396933 0.99609375
v 160.314674589 450.589275731 143.692781214 0.99609375
v 159.865892924 450.784694819 128.990048113 0.99609375
v 159.835303002 450.511418783 144.401767657 0.99609375
v 160.073249398 450.673678366 129.348115106 0.99609375
v 160.064429538 450.708445423 143.678459627 0.99609375
v 160.165015886 451.335434083 137.627434113 0.99609375
v 159.960503553 451.189468406 143.824512058 0.99609375
v 160.142849848 451.402959088 137.181446212 0.99609375
v 160.023129009 451.461077087 144.274250555 0.99609375
v 160.347851597 451.933520706 137.344375586 0.99609375
v 159.850969038 451.547812236 144.292963273 0.99609375
v 159.975424208 451.872904091 137.607281973 0.99609375
v 159.918659495 452.335110433 144.904045675 0.99609375
v 159.996089115 452.250143869 137.01454824 0.99609375
v 160.258786206 452.26263347 144.336687175 0.99609375
v 160.249891044 452.607316263 137.733534523 0.99609375
v 159.86959081 452.930089702 149.170522414 0.99609375
v 160.204048722 452.917195916 137.706782401 0.99609375
v 160.067218646 452.949150451 149.883973666 0.99609375
v 160.158266689 453.368416259 137.284737716 0.99609375
v 159.944853421 453.250502599 149.306794614 0.99609375
v 159.935325352 453.767331198 137.834847315 0.99609375
v 160.204626786 453.54954317 149.15253178 0.99609375
v 159.986964415 454.134388206 137.139266854 0.99609375
v 160.10735945 453.760552049 150.332338397 0.99609375
v 159.7957615 453.917225274 137.812201533 0.99609375
v 160.30666176 454.327471973 150.403658233 0.99609375
v 159.952851063 454.247038583 137.353335721 0.99609375
v 159.954255237 454.484353045 149.766948326 0.99609375
v 159.801840566 454.997671593 137.324781576 0.99609375
v 160.230205511 454.859690898 149.994157104 0.99609375
v 160.118237303 454.974305439 137.896458037 0.99609375
v 159.826663964 454.77068963 150.10846501 0.99609375
v 160.238948076 455.429545988 137.445804321 0.99609375
v 160.219308109 455.066962103 150.160537973 0.99609375
v 159.953137929 455.576803336 137.273484195 0.99609375
v 160.236598635 455.721414074 150.02327344 0.99609375
v 160.17204308 455.730661872 137.676819635 0.99609375
v 159.804227022 455.663056136 149.771106928 0.99609375
v 159.982870719 455.892365191 137.971781794 0.99609375
v 160.153016971 456.408414859 150.460095307 0.99609375
v 160.312484672 456.199035641 137.47725601 0.99609375
v 159.909701195 456.286342797 149.266976163 0.99609375
v 159.896329269 456.550535758 137.141855125 0.99609375
v 160.109139102 456.559673492 140.358421136 0.99609375
v 160.099073657 457.181662892 137.079326762 0.99609375
v 159.851436429 456.849896829 139.264584687 0.99609375
v 159.880684877 457.452837883 136.846962107 0.99609375
v 160.119598389 457.259057531 139.270966362 0.99609375
v 160.216554258 457.472798776 136.524366121 0.99609375
v 160.049587861 457.816538811 139.174175003 0.99609375
v 160.356486915 458.074949723 137.419959965 0.99609375
v 159.938720856 458.17351535 139.699570225 0.99609375
v 160.232897785 458.465964731 136.669177847 0.99609375
v 159.871892149 458.424753348 139.787599289 0.99609375
v 160.172685271 458.474801308 137.125206802 0.99609375
v 159.94267785 458.23762857 138.507534964 0.99609375
v 160.322264252 458.526131401 137.420018676 0.99609375
v 159.959014782 458.988949092 138.625191804 0.99609375
v 160.340814293 459.017504881 136.599797644 0.99609375
v 160.279636533 458.796908152 138.423017709 0.99609375
v 159.968479375 459.23516375 138.247960316 0.99609375
v 160.30576772 444.17001126 141.413604519 0.99609375
v 160.50221228 444.29891957 139.882000595 0.99609375
v 160.636398745 444.740564994 141.503937658 0.99609375
v 160.167531455 445.089389023 139.318499633 0.99609375
v 160.640169087 444.82947199 142.176771684 0.99609375
v 160.596071984 444.863142084 138.798617992 0.99609375
v 160.572405245 445.437975836 142.108886245 0.99609375
v 160.272835066 445.198822575 137.834517435 0.99609375
v 160.582554339 445.355744121 142.30843135 0.99609375
v 160.382222696 445.622041382 138.02576487 0.99609375
v 160.158092675 445.683300674 141.630623919 0.99609375
v 160.439323123 445.748907771 137.612556767 0.99609375
v 160.364323591 445.836486751 142.678819923 0.99609375
v 160.324531683 446.438585189 137.564504219 0.99609375
v 160.14589828 446.172494298 142.725503116 0.99609375
v 160.097523667 446.333858221 138.446669784 0.99609375
v 160.272067196 446.327373201 142.574715172 0.99609375
v 160.211682153 446.911580705 137.86646588 0.99609375
v 160.09880432 447.008213724 142.445856004 0.99609375
v 160.324931507 447.190968951 138.071212734 0.99609375
v 160.188564034 447.162893606 142.37825514 0.99609375
v 160.32081595 447.21921976 138.214325923 0.99609375
v 160.304227136 447.320290302 142.067865749 0.99609375
v 160.143561397 447.745093369 127.826555525 0.99609375
v 160.269303383 448.013840447 142.78690695 0.99609375
v 160.608524972 447.910225307 127.339338808 0.99609375
v 160.543783446 447.973890795 143.281033591 0.99609375
v 160.310742869 448.090097724 127.482626912 0.99609375
v 160.102273581 448.613157355 143.229609207 0.99609375
v 160.657914003 448.347509708 127.199145391 0.99609375
v 160.290798644 448.68356166 142.504950298 0.99609375
v 160.593767337 448.738484276 127.88225677 0.99609375
v 160.638458504 448.725481414 142.908475207 0.99609375
v 160.198085306 449.485313042 127.971346238 0.99609375
v 160.238452389 449.26104384 142.655350369 0.99609375
v 160.4162167 449.422910272 127.991184628 0.99609375
v 160.190923877 449.40734241 142.958368001 0.99609375
v 160.538197945 450.000869515 128.026550951 0.99609375
v 160.385253854 449.672421129 143.247470645 0.99609375
v 160.305205868 449.938349941 128.816005204 0.99609375
v 160.162746883 450.337608033 143.064634445 0.99609375
v 160.202337736 450.321263331 137.693252777 0.99609375
v 160.321061177 450.297825764 143.714379951 0.99609375
v 160.601523921 450.884345329 138.093698807 0.99609375
v 160.105341199 450.651777872 143.33309116 0.99609375
v 160.54730721 451.238401229 138.449902842 0.99609375
v 160.09549411 450.660273907 143.596508733 0.99609375
v 160.323326583 451.111446814 138.159122469 0.99609375
v 160.268702631 451.163766742 143.101474438 0.99609375
v 160.179779383 451.307564624 137.733075444 0.99609375
v 160.159944246 451.668508428 144.164159445 0.99609375
v 160.518882956 451.708531019 138.438475708 0.99609375
v 160.354616669 452.097215567 144.482310846 0.99609375
v 160.39492642 451.964653878 138.064203488 0.99609375
v 160.222126021 451.855978793 144.072271056 0.99609375
v 160.215184106 452.331592352 137.947576875 0.99609375
v 160.183028217 452.154471174 143.904142289 0.99609375
v 160.605802322 452.907767167 137.874844608 0.99609375
v 160.164870334 452.894832739 143.565375819 0.99609375
v 160.307118624 452.749441503 137.995517039 0.99609375
v 160.219212677 453.103876671 144.493063031 0.99609375
v 160.309761146 453.066377032 138.02030119 0.99609375
v 160.347826301 453.056012003 144.086429992 0.99609375
v 160.446256602 453.386774821 137.796614192 0.99609375
v 160.313121626 453.330068737 144.208783051 0.99609375
v 160.228123239 453.920505436 138.429957658 0.99609375
v 160.407256945 453.833482194 144.716413559 0.99609375
v 160.611900684 454.10771488 137.570628683 0.99609375
v 160.473746198 454.13068161 144.321109913 0.99609375
v 160.408438217 454.629547421 137.664195119 0.99609375
v 160.609461491 454.285974966 144.726366979 0.99609375
v 160.146329977 454.926437919 138.403769354 0.99609375
v 160.205735988 454.777892676 144.729179002 0.99609375
v 160.241219525 455.033778487 138.227838914 0.99609375
v 160.544692209 455.073014435 141.723382332 0.99609375
v 160.200830184 455.312283924 137.558087564 0.99609375
v 160.560264629 455.433032553 140.734138408 0.99609375
v 160.325910457 455.673406939 138.353208786 0.99609375
v 160.20983794 455.46100878 140.99820408 0.99609375
v 160.266012172 456.026105552 138.031113861 0.99609375
v 160.639367491 455.963295006 140.684321251 0.99609375
v 160.561704588 456.054087085 137.890647654 0.99609375
v 160.264847008 456.398486457 140.482858911 0.99609375
v 160.493196182 456.486543097 137.939676163 0.99609375
v 160.620281389 456.602964444 140.337600893 0.99609375
v 160.169576467 456.594718545 138.329437372 0.99609375
v 160.632074215 456.971703213 140.379798095 0.99609375
v 160.225757668 456.890687017 137.89445122 0.99609375
v 160.539350331 457.232954887 139.962714592 0.99609375
v 160.450085873 457.183582609 137.826517924 0.99609375
v 160.209528625 457.085607637 139.30365779 0.99609375
v 160.395365943 457.604376254 138.333843891 0.99609375
v 160.21077704 457.480539517 139.067701439 0.99609375
v 160.160574296 458.191537952 137.487380222 0.99609375
v 160.469472521 458.100777797 139.976544069 0.99609375
v 160.562243766 458.321804101 137.198682493 0.99609375
v 160.323653396 458.16518731 139.503271162 0.99609375
v 160.648528822 458.452767579 137.335234795 0.99609375
v 160.08903559 458.294475212 138.761490488 0.99609375
v 160.323629285 458.752889103 138.086284419 0.99609375
v 160.178865071 459.179168734 136.783414241 0.99609375
v 160.260130174 459.031933926 138.33713065 0.99609375
v 160.649254326 459.44069096 138.214578881 0.99609375
v 160.945689614 444.672540669 140.209983569 0.99609375
v 160.521255265 444.777892418 141.099385599 0.99609375
v 160.704813945 445.139643611 138.574171811 0.99609375
v 160.544199648 444.892058833 141.712968662 0.99609375
v 160.403270413 444.944306431 139.457428028 0.99609375
v 160.61268919 445.023012449 141.191578986 0.99609375
v 160.463618719 445.611583365 138.770159475 0.99609375
v 160.695135671 445.567384401 141.705744568 0.99609375
v 160.768134702 445.614679897 138.513315128 0.99609375
v 160.851604023 446.013438057 142.48730445 0.99609375
v 160.940741815 446.213009513 139.18738467 0.99609375
v 160.54805431 446.077585673 142.302169697 0.99609375
v 160.65604579 446.055124395 138.691738027 0.99609375
v 160.610423122 446.588081058 142.285306883 0.99609375
v 160.404421004 446.357847408 139.31764807 0.99609375
v 160.663968454 446.4906184 141.848096368 0.99609375
v 160.572165359 446.895459524 139.285823265 0.99609375
v 160.65917992 446.838822226 141.768930505 0.99609375
v 160.545009018 446.902523845 138.823875089 0.99609375
v 160.683394604 447.131348696 142.039991198 0.99609375
v 160.699393642 447.207655392 139.47344492 0.99609375
v 160.443610047 447.684088469 142.611911303 0.99609375
v 160.685472147 447.700100171 138.113644217 0.99609375
v 160.677773099 447.618362545 142.37251399 0.99609375
v 160.606021622 447.805336169 138.197169791 0.99609375
v 160.505344782 447.833374488 142.785086851 0.99609375
v 160.785090916 448.125175968 138.167771383 0.99609375
v 160.620358803 448.558847906 142.08511812 0.99609375
v 160.779486181 448.499447455 138.495193176 0.99609375
v 160.505203136 448.471077324 142.531919773 0.99609375
v 160.428409403 449.121350835 138.927895698 0.99609375
v 160.526817742 448.648354046 143.311600825 0.99609375
v 160.789013559 449.170262811 138.954627639 0.99609375
v 160.422152892 449.241758012 142.747154898 0.99609375
v 160.714123131 449.67897907 138.526660086 0.99609375
v 160.893766624 449.657648344 142.670224523 0.99609375
v 160.399987186 449.580099235 138.309373081 0.99609375
v 160.468413386 449.862139134 143.195001756 0.99609375
v 160.913094167 449.861454067 138.324696821 0.99609375
v 160.921188578 450.063529522 143.020889728 0.99609375
v 160.534239175 450.404147707 138.115429745 0.99609375
v 160.439958809 450.403656281 143.440417389 0.99609375
v 160.915956039 450.715178161 138.042685492 0.99609375
v 160.501453762 450.94044116 143.697935496 0.99609375
v 160.788962574 450.93400242 138.605087981 0.99609375
v 160.843866907 451.190109154 143.304397181 0.99609375
v 160.874880184 451.48947522 138.451596873 0.99609375
v 160.914337243 451.309315335 143.962533567 0.99609375
v 160.537406473 451.524926681 138.827620571 0.99609375
v 160.724648362 451.798820899 143.934733337 0.99609375
v 160.935575811 452.1036803 138.185001006 0.99609375
v 160.560712533 451.83743039 143.314096098 0.99609375
v 160.614623987 452.189858173 138.076200026 0.99609375
v 160.879594956 452.024295327 144.29162565 0.99609375
v 160.777876453 452.457641972 138.628623439 0.99609375
v 160.588466774 452.462967711 144.111186719 0.99609375
v 160.901971864 452.467088522 138.936300995 0.99609375
v 160.650640135 452.452200473 144.052533552 0.99609375
v 160.501404683 453.019484132 138.217532297 0.99609375
v 160.490463746 452.74655209 143.512744618 0.99609375
v 160.773278071 453.113952768 138.107977467 0.99609375
v 160.514539241 453.207724564 143.706598331 0.99609375
v 160.613026226 453.394822613 138.300908455 0.99609375
v 160.392755123 453.665284236 144.256902579 0.99609375
v 160.757314399 453.95825635 138.891563376 0.99609375
v 160.568920505 453.822641916 144.44227545 0.99609375
v 160.404246081 453.91700009 138.240277591 0.99609375
v 160.721567671 453.969544392 144.659201075 0.99609375
v 160.885451459 454.461262045 138.929661944 0.99609375
v 160.866422769 454.490243806 144.584249484 0.99609375
v 160.721788216 454.654798136 138.197708842 0.99609375
v 160.414882508 454.802887878 144.864768684 0.99609375
v 160.745221607 455.173762315 138.276246335 0.99609375
v 160.375287516 455.071355314 141.037271033 0.99609375
v 160.77625955 455.54251524 138.95680892 0.99609375
v 160.865439083 455.489295453 140.237079969 0.99609375
v 160.402260011 455.395536934 138.661207186 0.99609375
v 160.609658735 455.469105608 140.512313594 0.99609375
v 160.385123348 455.984247752 138.341277386 0.99609375
v 160.788211712 455.965928077 140.663572643 0.99609375
v 160.588083739 455.933022392 138.431485068 0.99609375
v 160.837750159 456.334717805 140.941916925 0.99609375
v 160.418738426 456.404099232 138.891782751 0.99609375
v 160.517453235 456.281442145 140.513660057 0.99609375
v 160.535252753 456.754397567 138.602503253 0.99609375
v 160.825779573 456.85884843 140.107212574 0.99609375
v 160.717090704 456.840976162 138.176121527 0.99609375
v 160.7764039 457.04684079 139.231593156 0.99609375
v 160.448239224 457.542430493 138.108394706 0.99609375
v 160.531393747 457.059395318 139.080907838 0.99609375
v 160.74840491 457.380086894 138.56847997 0.99609375
v 160.779099772 457.564504229 139.878850365 0.99609375
v 160.883697262 457.755718416 138.345652338 0.99609375
v 160.514807254 458.052411214 139.92090555 0.99609375
v 160.4168131 457.970609535 138.454606631 0.99609375
v 160.500460726 458.415052301 139.909487303 0.99609375
v 160.899133056 458.215152464 138.089504471 0.99609375
v 160.669026772 458.537811495 137.540107427 0.99609375
v 160.70410811 459.005099298 138.327058305 0.99609375
v 160.561366314 459.612814814 138.0403602 0.99609375
v 160.475265962 459.689093489 138.199357992 0.99609375
v 160.78008854 444.455147847 139.818951347 0.99609375
v 160.798321482 445.117541494 139.018996319 0.99609375
v 160.921281746 444.687487003 141.303435245 0.99609375
v 160.871768506 445.438453913 139.897162689 0.99609375
v 160.816414878 445.223655904 140.521622972 0.99609375
v 161.080784099 445.205415725 139.656650341 0.99609375
v 160.667767048 445.359666675 141.340651317 0.99609375
v 161.003151637 445.815059815 139.184248598 0.99609375
v 161.11207495 445.973716213 140.98193524 0.99609375
v 161.193268684 446.076757723 139.134992759 0.99609375
v 160.898454882 446.116838617 141.082219515 0.99609375
v 160.819676441 446.030491368 139.396229888 0.99609375
v 160.95152704 446.559767289 141.868032764 0.99609375
v 160.87140337 446.595476612 139.366238611 0.99609375
v 161.224780616 446.420460379 141.452704217 0.99609375
v 161.062251951 447.067940762 139.384402781 0.99609375
v 161.048409894 446.654155492 141.714400448 0.99609375
v 161.165307892 447.37415346 139.226739817 0.99609375
v 160.9589409 447.037796484 141.688374468 0.99609375
v 160.898736822 447.33551251 139.370072578 0.99609375
v 161.13085097 447.537686896 142.032752269 0.99609375
v 160.707669151 447.79569985 139.2046789 0.99609375
v 160.876993886 447.885686443 142.330780259 0.99609375
v 160.919964391 447.773856941 139.329163084 0.99609375
v 160.739226253 447.812116782 142.61961446 0.99609375
v 161.037793535 448.414082392 139.928464127 0.99609375
v 160.854585802 448.161932903 142.041299877 0.99609375
v 160.686885655 448.87043712 139.529987456 0.99609375
v 160.964525242 448.838267389 142.763642911 0.99609375
v 161.004212858 448.717250456 139.725968031 0.99609375
v 160.858165594 448.959668812 142.98563675 0.99609375
v 160.881313875 449.169862818 139.629915973 0.99609375
v 161.220081617 448.970109878 142.757769746 0.99609375
v 160.880646107 449.265118026 139.782055775 0.99609375
v 160.720199744 449.597092529 143.473025476 0.99609375
v 161.101420044 449.831942256 139.224450962 0.99609375
v 161.055679583 449.995946083 142.546259959 0.99609375
v 160.93914174 449.996964971 138.65270179 0.99609375
v 160.68095201 450.089284525 142.528544137 0.99609375
v 161.210824879 450.542125256 139.068296895 0.99609375
v 161.119900138 450.623838326 143.025431846 0.99609375
v 161.088934151 450.420839425 139.339242134 0.99609375
v 160.993739955 450.92549841 142.538817487 0.99609375
v 161.185656796 450.703138459 139.14739984 0.99609375
v 161.081497365 451.046866525 143.866645382 0.99609375
v 161.173471697 451.073313027 138.702524319 0.99609375
v 160.749777652 451.041389818 143.988645363 0.99609375
v 161.034165079 451.674774551 138.649226113 0.99609375
v 161.015152677 451.757614673 143.197208032 0.99609375
v 161.008041792 451.893635148 139.342541442 0.99609375
v 160.97516701 452.098908678 143.952092215 0.99609375
v 161.0585655 452.28214576 139.317755101 0.99609375
v 160.746364301 451.919948898 143.876349233 0.99609375
v 161.233838742 452.327832624 138.542974651 0.99609375
v 160.757425567 452.435787066 143.152917655 0.99609375
v 160.769155709 452.559963162 138.847672244 0.99609375
v 160.982645482 452.671502319 144.375688092 0.99609375
v 160.951168702 453.209201131 138.782987772 0.99609375
v 161.029237256 453.004428481 143.765908303 0.99609375
v 161.021873411 453.344161328 138.739033801 0.99609375
v 160.947653476 453.05090888 143.684283719 0.99609375
v 161.124624362 453.700717288 138.61829919 0.99609375
v 161.037273816 453.805357941 143.680709868 0.99609375
v 161.232744933 453.710312412 138.880609523 0.99609375
v 160.707892894 453.623677779 141.812045612 0.99609375
v 160.809614911 454.303557855 138.97051146 0.99609375
v 160.959330372 454.396252461 141.726867458 0.99609375
v 160.667932061 454.40630194 139.069576889 0.99609375
v 160.880983615 454.67751307 144.107337844 0.99609375
v 160.881364166 454.979558585 138.701801905 0.99609375
v 161.18490593 454.542583938 141.99508932 0.99609375
v 161.220584252 455.288619974 138.903819353 0.99609375
v 160.669381875 455.251117451 141.733420736 0.99609375
v 161.151777895 455.113064048 139.197459186 0.99609375
v 160.919804802 455.460832602 140.492487272 0.99609375
v 160.914643799 455.748490125 139.009724154 0.99609375
v 161.132821738 455.86927772 140.474695484 0.99609375
v 160.938593579 456.073479909 139.063261599 0.99609375
v 161.040006381 456.134951419 140.647769331 0.99609375
v 160.915531825 456.043903096 139.360718997 0.99609375
v 161.040736833 455.929266433 140.982997289 0.99609375
v 160.977521433 456.20714785 138.722276909 0.99609375
v 160.962393615 456.434799384 140.414744718 0.99609375
v 161.237659638 456.991709547 139.14284777 0.99609375
v 160.977828575 456.624799298 140.627628055 0.99609375
v 161.072790977 456.990456704 138.911488694 0.99609375
v 161.194150264 457.11111883 138.774967804 0.99609375
v 161.164281449 457.769505603 139.19849551 0.99609375
v 160.746051171 457.740162721 139.457749159 0.99609375
v 161.13873586 458.311736391 138.820976686 0.99609375
v 160.855077711 458.502430324 139.266299932 0.99609375
v 161.499995462 444.619511406 139.908871332 0.99609375
v 161.08724528 445.102479517 140.401940657 0.99609375
v 161.108621269 444.988662172 140.410403646 0.99609375
v 161.447081427 445.546803858 140.171308727 0.99609375
v 161.411738447 445.62389559 140.160833763 0.99609375
v 161.213661478 445.826609706 140.294434079 0.99609375
v 161.194555624 446.304731561 140.869401515 0.99609375
v 161.43302065 446.715439944 140.447242424 0.99609375
v 161.322131457 446.639927042 140.433354727 0.99609375
v 161.326358387 446.787274524 141.012638842 0.99609375
v 161.447218373 447.358505436 140.569375657 0.99609375
v 161.333295617 447.223374865 141.938321839 0.99609375
v 161.12005444 447.207928924 140.914635239 0.99609375
v 161.269082387 447.523239538 141.942555825 0.99609375
v 161.264102927 447.907359636 140.472117073 0.99609375
v 161.272307076 447.533282021 142.265516635 0.99609375
v 161.341884471 448.107620088 140.031765216 0.99609375
v 161.223396046 448.076087646 142.327654266 0.99609375
v 161.373811068 448.389121786 140.988587207 0.99609375
v 161.180914051 448.21664128 141.687873907 0.99609375
v 161.409129465 448.350972292 140.495972566 0.99609375
v 161.343388496 448.622731466 142.670435446 0.99609375
v 161.070124042 448.988274839 139.796740603 0.99609375
v 161.208295347 449.186124378 142.056583599 0.99609375
v 161.392211044 449.314026793 140.252504621 0.99609375
v 161.49454284 449.404215523 142.601726389 0.99609375
v 161.229290718 449.763229385 140.03215245 0.99609375
v 161.462109545 449.548351617 142.147037243 0.99609375
v 160.992542206 450.018018816 140.282131979 0.99609375
v 161.074424389 449.53913644 142.12484227 0.99609375
v 161.071339526 449.808987692 140.22697014 0.99609375
v 161.025363155 449.862502213 142.475504519 0.99609375
v 161.105651305 450.347784811 139.957251072 0.99609375
v 161.504285083 450.12470466 142.79341356 0.99609375
v 160.965066296 450.750742269 140.162357207 0.99609375
v 161.381059201 450.809676748 142.004341383 0.99609375
v 161.263125003 450.881550459 140.168384458 0.99609375
v 161.209734802 451.100053163 141.602176633 0.99609375
v 161.225374233 451.217775676 139.623160776 0.99609375
v 161.007788265 451.240986542 142.342660889 0.99609375
v 160.99020655 451.439577987 139.570859126 0.99609375
v 161.322763109 451.565318684 143.488364463 0.99609375
v 161.201314999 451.584473758 139.665780806 0.99609375
v 161.376779853 451.805862685 143.482525448 0.99609375
v 161.322020111 451.821859981 140.313395227 0.99609375
v 160.995959273 451.932093958 143.889681161 0.99609375
v 161.027931183 452.240492256 140.076387357 0.99609375
v 161.426785585 452.603664739 143.384501669 0.99609375
v 160.995110654 452.976434362 139.819488157 0.99609375
v 161.025457572 452.94630816 143.195919084 0.99609375
v 161.505699428 453.11497963 140.766773296 0.99609375
v 161.277558201 453.180901896 143.963904784 0.99609375
v 160.951603327 453.241537134 140.50469199 0.99609375
v 161.058844482 453.178134283 144.164803436 0.99609375
v 161.401679975 453.642221756 140.793079226 0.99609375
v 161.103834845 453.53651733 144.336662871 0.99609375
v 161.04963094 453.58115283 140.002559181 0.99609375
v 160.97532929 453.735179666 141.768614565 0.99609375
v 160.986599103 454.342179817 140.320079841 0.99609375
v 161.280622864 453.903672188 141.568286554 0.99609375
v 161.469486235 454.240067508 139.628670051 0.99609375
v 161.21911105 454.147794846 141.551687486 0.99609375
v 161.041595848 454.737873875 139.748420704 0.99609375
v 161.458482593 454.865870506 141.238565709 0.99609375
v 160.992622594 454.796757626 139.529055873 0.99609375
v 161.21520157 455.179904518 141.41687578 0.99609375
v 161.169102736 455.282088678 140.309222223 0.99609375
v 160.993988871 455.575898348 140.308787484 0.99609375
v 161.271699429 456.055150233 139.534175263 0.99609375
v 161.201435921 455.996692662 140.173211894 0.99609375
v 161.508439672 456.343643862 140.289366355 0.99609375
v 161.416749724 456.72881183 140.093874326 0.99609375
v 154.375570783 447.558105274 127.678166226 0.99609375
v 158.833023647 447.725506246 127.749579266 0.99609375
v 155.033160157 447.51639091 127.587054874 0.99609375
v 158.985452301 447.494279771 127.189783283 0.99609375
v 155.187166157 448.115441808 127.227285829 0.99609375
v 158.947666341 448.205959762 127.98097902 0.99609375
v 155.769453021 448.436731229 127.444232773 0.99609375
v 158.536664271 448.543040359 127.586481786 0.99609375
v 157.45006296 448.816378962 127.143986609 0.99609375
v 158.074870801 448.659657605 127.758336509 0.99609375
v 153.17091014 447.502620799 127.722703017 0.99609375
v 160.340892741 447.440325508 127.862425124 0.99609375
v 153.23833657 447.719836492 127.796501422 0.99609375
v 159.896417093 447.680137722 127.94635218 0.99609375
v 153.952199403 448.256860552 127.980483559 0.99609375
v 160.555957748 447.875420653 128.147549423 0.99609375
v 153.780197481 448.082129449 128.339020766 0.99609375
v 160.392769431 448.527029188 127.98572493 0.99609375
v 154.037787855 448.650966677 127.6823277 0.99609375
v 160.295247043 448.369973748 128.113657078 0.99609375
v 154.119116856 448.719215019 128.491189812 0.99609375
v 160.625679912 448.938895516 128.125905802 0.99609375
v 154.88277272 449.237145014 127.740912376 0.99609375
v 159.960364556 449.021009939 127.859373784 0.99609375
v 155.196715509 449.78159201 128.182847269 0.99609375
v 159.678836086 449.762882328 127.976996422 0.99609375
v 156.559748814 449.725708483 127.964097195 0.99609375
v 158.550913626 449.535354306 128.303197695 0.99609375
v 152.48564166 447.370103117 128.106460869 0.99609375
v 160.173085635 446.910449171 128.146866354 0.99609375
v 152.343866978 447.705341657 128.836340565 0.99609375
v 159.883825568 447.688523669 128.652214548 0.99609375
v 152.335593164 447.579704503 128.213886951 0.99609375
v 160.553908465 447.534569795 128.065262613 0.99609375
v 152.837815718 447.795063275 128.928374187 0.99609375
v 160.481753981 448.263283023 128.675657789 0.99609375
v 152.684352774 448.472698161 128.671938899 0.99609375
v 160.141088871 448.449296005 128.857375054 0.99609375
v 153.061558086 448.449808543 128.398080822 0.99609375
v 160.527736668 448.671970848 128.785650879 0.99609375
v 153.292620742 448.934255762 128.117024466 0.99609375
v 160.239649144 448.882098997 128.700613161 0.99609375
v 153.606038462 449.238996031 128.505277418 0.99609375
v 160.436096031 449.015464928 128.181478362 0.99609375
v 153.701455652 449.76215961 128.178826961 0.99609375
v 160.655405444 449.321294989 128.213032297 0.99609375
v 154.238561433 449.634987823 128.218075488 0.99609375
v 160.272311387 449.533490361 128.224614558 0.99609375
v 154.827764142 449.953857547 128.293349848 0.99609375
v 159.873659514 449.883680701 128.17439699 0.99609375
v 155.015762638 450.203104335 128.698728427 0.99609375
v 158.943826543 450.337840996 128.524970534 0.99609375
v 155.9272427 450.43859751 128.383498199 0.99609375
v 158.534739887 450.482585224 128.43031164 0.99609375
v 151.575206289 447.347474649 129.126139318 0.99609375
v 160.30887703 447.349224343 129.09426227 0.99609375
v 151.78192823 447.540512195 128.951278709 0.99609375
v 160.196126717 447.438307223 129.360847235 0.99609375
v 152.183022794 447.822072884 128.513581762 0.99609375
v 160.351801765 447.538298394 129.491218827 0.99609375
v 152.268580596 447.896042911 128.575896856 0.99609375
v 160.098302985 448.293976867 128.949336385 0.99609375
v 152.459782039 448.073442263 129.432920343 0.99609375
v 160.350707955 448.074291839 128.541150206 0.99609375
v 152.546424223 448.916892682 129.188024531 0.99609375
v 160.643043084 448.844010831 129.447744009 0.99609375
v 152.648767129 448.776107177 128.725507106 0.99609375
v 160.350984114 448.65462901 129.148611251 0.99609375
v 152.612811682 449.329399555 129.228649162 0.99609375
v 160.52896676 449.280432986 129.341945054 0.99609375
v 153.045573658 449.547384453 128.906552367 0.99609375
v 160.313191165 449.389847114 128.996978782 0.99609375
v 153.509901276 449.641550095 128.840516119 0.99609375
v 160.263644628 449.561443775 128.997284679 0.99609375
v 153.510199781 450.009749266 128.784837175 0.99609375
v 159.978449074 449.860675344 128.972003253 0.99609375
v 153.933909307 450.275317095 128.647809362 0.99609375
v 160.273232502 450.500874888 129.320487269 0.99609375
v 154.075797604 450.504729109 129.403257874 0.99609375
v 159.84254579 450.802664061 128.564182203 0.99609375
v 154.554455679 450.976583133 129.290279833 0.99609375
v 159.606231375 451.202380508 129.454838954 0.99609375
v 154.776992281 451.507101084 129.37249895 0.99609375
v 159.174433529 451.111522493 129.219505613 0.99609375
v 155.136961945 451.545530473 128.680946224 0.99609375
v 158.079283043 451.657964805 129.431527081 0.99609375
v 155.892818086 451.799825436 129.034122534 0.99609375
v 158.17195245 452.104138168 128.851395616 0.99609375
v 156.21821864 452.052020462 129.328533306 0.99609375
v 157.611795995 451.949341677 129.031290228 0.99609375
v 150.550277345 446.914035763 129.491102034 0.99609375
v 159.869430863 447.00066553 129.945678327 0.99609375
v 151.072718348 446.947787112 129.284301804 0.99609375
v 160.044194954 447.291783673 129.230537995 0.99609375
v 151.058871076 447.41473555 129.433216339 0.99609375
v 159.95977537 447.637091047 129.221397648 0.99609375
v 151.269470407 447.61898651 129.950839466 0.99609375
v 160.337625785 447.501705123 129.388706052 0.99609375
v 151.238621332 448.265854696 129.123658919 0.99609375
v 160.344356326 448.079740102 129.184870276 0.99609375
v 151.637052476 448.573871287 129.771320395 0.99609375
v 160.137260764 448.397796063 129.877443326 0.99609375
v 151.867493814 448.804934054 129.200642617 0.99609375
v 160.005993748 448.800963085 129.060600839 0.99609375
v 152.092905421 448.981938813 129.009647748 0.99609375
v 159.819741018 448.661982752 129.095239464 0.99609375
v 152.313629989 449.005449644 129.523159709 0.99609375
v 159.999521254 449.146342858 129.281970586 0.99609375
v 152.47440643 449.447335267 129.374998764 0.99609375
v 160.183905053 449.749841934 129.978180099 0.99609375
v 152.771415894 449.628224727 129.686575527 0.99609375
v 160.085420627 449.566120585 129.457650191 0.99609375
v 152.61956487 449.882984964 129.867424904 0.99609375
v 160.182678038 450.286620513 129.870433146 0.99609375
v 152.861070528 450.476521482 129.227042321 0.99609375
v 160.015899259 450.291254344 129.614343531 0.99609375
v 153.06217967 450.545651653 129.468648069 0.99609375
v 159.804563659 450.856562723 129.739107757 0.99609375
v 153.27808739 450.844148741 129.560989087 0.99609375
v 159.766412454 450.78199755 129.251843632 0.99609375
v 153.48058205 451.274295519 129.580715177 0.99609375
v 159.993562618 451.24244735 129.168112869 0.99609375
v 154.010644215 451.811517495 129.683619423 0.99609375
v 160.011859966 451.247372323 129.606949788 0.99609375
v 154.543439356 451.941594598 129.698062247 0.99609375
v 159.427373428 451.76393871 129.551564903 0.99609375
v 154.679303172 452.17591801 129.900386878 0.99609375
v 159.149538137 452.237522075 129.22864332 0.99609375
v 154.940154154 452.397288318 129.074178783 0.99609375
v 159.1349988 452.322049514 129.52674471 0.99609375
v 155.436460494 452.632751915 129.658352267 0.99609375
v 158.881732463 452.602315095 129.846535 0.99609375
v 155.681558053 452.986746226 129.084380718 0.99609375
v 158.290563764 452.69830647 129.62181751 0.99609375
v 156.143610298 453.064677526 129.517931173 0.99609375
v 158.083207751 453.37139428 129.4233966 0.99609375
v 156.54079395 453.427120268 129.128336423 0.99609375
v 157.695843045 453.814853596 129.043213763 0.99609375
v 157.088219758 454.069664512 129.325531093 0.99609375
v 149.96003598 447.03431039 130.0469777 0.99609375
v 159.769573709 447.064775671 129.804056207 0.99609375
v 150.513614386 447.409363603 130.337287576 0.99609375
v 159.553367393 447.229334285 130.279188167 0.99609375
v 150.613702813 447.641346131 129.592234524 0.99609375
v 159.980563365 447.324665165 130.463665745 0.99609375
v 150.397539186 448.016433424 129.871697229 0.99609375
v 159.554172061 448.039453594 130.436594986 0.99609375
v 150.957672167 448.085810303 130.205750837 0.99609375
v 159.931532846 448.25306793 129.626977512 0.99609375
v 151.04709901 448.543239244 130.37745763 0.99609375
v 160.053329707 448.550914338 130.497974501 0.99609375
v 150.943498417 448.722484652 130.240114621 0.99609375
v 159.748391939 448.605251969 129.562986832 0.99609375
v 151.082098404 449.0224853 130.054637182 0.99609375
v 159.788849096 449.064107523 129.816501369 0.99609375
v 151.332979317 449.278616962 129.99520944 0.99609375
v 160.005485385 449.270243624 129.776906796 0.99609375
v 151.439903065 449.623331725 130.026147101 0.99609375
v 159.799386952 449.691200075 130.322662705 0.99609375
v 151.817757337 450.064982411 130.202344695 0.99609375
v 160.048036313 449.71231783 130.19925066 0.99609375
v 152.126480514 450.340011257 129.980397621 0.99609375
v 160.030017178 449.923075655 129.638356747 0.99609375
v 151.894835147 450.196932484 130.460320272 0.99609375
v 159.601407692 450.505766331 129.97565994 0.99609375
v 152.497763568 450.451716321 129.81169828 0.99609375
v 159.861599117 450.43375587 130.452147841 0.99609375
v 152.522092381 451.20049356 129.61906747 0.99609375
v 159.961210079 450.745255438 130.303152502 0.99609375
v 152.760272176 451.047189934 130.180054677 0.99609375
v 159.622756596 451.33879735 130.363269009 0.99609375
v 152.599230314 451.273156085 129.639184758 0.99609375
v 159.999625447 451.775370154 129.804005644 0.99609375
v 153.241853863 452.054306558 129.572981288 0.99609375
v 159.591170374 451.978780781 129.852335991 0.99609375
v 153.379943211 452.345118316 129.735449906 0.99609375
v 159.294853245 452.292030575 130.432967839 0.99609375
v 153.940005293 452.512663778 129.704401116 0.99609375
v 159.775179279 452.367282911 130.188426727 0.99609375
v 153.674119281 452.907385091 129.526923854 0.99609375
v 159.572902087 452.569647488 130.49087506 0.99609375
v 153.9818733 453.111965174 129.899309402 0.99609375
v 159.462035928 452.957925332 129.53358838 0.99609375
v 154.424897573 453.117794312 130.111204442 0.99609375
v 159.359017405 453.549445988 129.847343164 0.99609375
v 154.593102309 453.401322676 129.871258881 0.99609375
v 159.558435655 453.297241213 129.709716089 0.99609375
v 154.712772767 453.849854739 129.670979844 0.99609375
v 158.930319437 454.114666981 130.378792836 0.99609375
v 155.159153514 454.371273648 129.913409082 0.99609375
v 159.349884031 454.396146169 129.569203098 0.99609375
v 155.457997004 454.364238055 129.554181777 0.99609375
v 159.130464654 454.382142013 130.123431953 0.99609375
v 155.5121422 454.711177748 130.131957392 0.99609375
v 159.128946641 454.923557032 130.078005274 0.99609375
v 156.264466532 455.193114258 130.407186615 0.99609375
v 158.618560391 454.95438057 130.36981644 0.99609375
v 156.428039133 455.288970009 130.215618548 0.99609375
v 158.606099069 455.051191569 129.84438123 0.99609375
v 157.023015109 455.715536062 129.907598735 0.99609375
v 158.379921391 455.474530823 130.292163236 0.99609375
v 157.552490844 455.606008888 129.710036713 0.99609375
v 149.545900926 446.725732263 130.00032798 0.99609375
v 159.3909102 446.87784416 130.569498259 0.99609375
v 150.169399602 447.288902156 130.090529711 0.99609375
v 159.773030372 447.296527994 130.092576683 0.99609375
v 149.882202553 447.70298539 130.850914801 0.99609375
v 159.579380746 447.261336039 130.441653682 0.99609375
v 150.104969523 447.933228196 130.050858103 0.99609375
v 159.427042543 447.903207596 130.473561984 0.99609375
v 150.254091912 447.940185894 130.111036451 0.99609375
v 159.610950127 448.238446504 130.569724263 0.99609375
v 150.013429967 448.321429566 130.639385751 0.99609375
v 159.484999662 448.088714867 130.894911645 0.99609375
v 150.207442504 448.393627625 130.393377887 0.99609375
v 159.597334084 448.574998513 130.384352938 0.99609375
v 150.403178281 448.666977486 130.489000303 0.99609375
v 159.590298136 449.066077068 130.924748221 0.99609375
v 150.592455157 449.427603308 130.313041967 0.99609375
v 159.57424001 448.944458097 130.731369853 0.99609375
v 150.842127625 449.42877513 130.745846842 0.99609375
v 159.416081365 449.596802241 130.60415744 0.99609375
v 150.703169935 450.050014554 130.744307668 0.99609375
v 159.40635953 449.953487117 130.071773368 0.99609375
v 151.004798985 450.36146618 130.958119128 0.99609375
v 159.391600128 450.07830505 130.871641147 0.99609375
v 151.314073611 450.533521534 130.20364861 0.99609375
v 159.755542168 450.637457419 130.866980128 0.99609375
v 150.992616827 450.430022329 130.704789727 0.99609375
v 159.719578831 450.466040081 130.252035283 0.99609375
v 151.102282501 451.075629413 130.510350754 0.99609375
v 159.442855853 451.189672804 130.331066512 0.99609375
v 151.656457159 451.438706616 130.881472014 0.99609375
v 159.687144715 451.428131178 130.387091374 0.99609375
v 151.719544642 451.681299918 130.8579207 0.99609375
v 159.231521538 451.285066253 130.262940436 0.99609375
v 152.063329847 452.053740749 130.467648751 0.99609375
v 159.217756778 451.544111734 130.293143233 0.99609375
v 152.208710845 451.942959903 130.570016728 0.99609375
v 159.588993173 452.001869512 130.566931768 0.99609375
v 151.993848703 452.659431752 130.409055987 0.99609375
v 159.653460156 452.300568687 130.663337205 0.99609375
v 152.658265338 452.537007654 130.987357382 0.99609375
v 159.590086291 452.602246918 130.368391025 0.99609375
v 152.553298484 453.095709653 130.792011238 0.99609375
v 159.408593036 453.093092572 130.825584918 0.99609375
v 152.600910153 453.209009429 130.069618361 0.99609375
v 159.423360052 453.015354343 130.448039938 0.99609375
v 153.095252873 453.361736716 130.877936428 0.99609375
v 159.438455488 453.429927522 130.827237494 0.99609375
v 153.219495655 453.778989872 130.441787898 0.99609375
v 159.49462009 453.786119933 130.40612926 0.99609375
v 153.430590108 454.381886998 130.742447967 0.99609375
v 158.977202445 453.927725841 130.185154803 0.99609375
v 153.855396115 454.190496204 130.362339717 0.99609375
v 159.120385525 454.62393536 130.042491597 0.99609375
v 153.775328662 454.764620568 130.52259286 0.99609375
v 158.976408645 454.769600748 130.89698633 0.99609375
v 154.44914006 455.15825821 130.852022989 0.99609375
v 158.939574653 454.762282399 130.505437063 0.99609375
v 154.37959545 455.29194006 130.822269083 0.99609375
v 159.104896674 455.453063413 130.826598627 0.99609375
v 155.052729808 455.693492579 130.169288543 0.99609375
v 159.227197342 455.431204785 130.270272831 0.99609375
v 155.409653473 456.166806118 130.80472545 0.99609375
v 159.021920279 456.011340908 130.504812272 0.99609375
v 155.321822892 456.003650188 130.932516555 0.99609375
v 159.180534642 456.061782613 130.414725955 0.99609375
v 155.974676054 456.510456746 130.367493089 0.99609375
v 159.317917329 456.378842235 130.971084318 0.99609375
v 155.832721008 456.617524996 130.737094163 0.99609375
v 159.15884544 457.037358571 130.670370867 0.99609375
v 156.483466567 457.278161456 130.6848917 0.99609375
v 159.357209707 457.226958884 130.237703588 0.99609375
v 156.621992572 457.412711331 130.428300253 0.99609375
v 159.052216563 457.071218375 130.994030777 0.99609375
v 157.11778627 457.357896838 130.562475134 0.99609375
v 158.799101993 457.492038842 130.511480263 0.99609375
v 148.978826688 446.611971647 130.759046584 0.99609375
v 158.922162986 446.707706991 131.196362992 0.99609375
v 149.213841528 446.960785746 130.872254024 0.99609375
v 159.414695386 446.953694049 131.39964606 0.99609375
v 149.546345286 447.118922924 130.52010151 0.99609375
v 159.333593552 446.97643586 130.881597676 0.99609375
v 149.50325766 447.610402554 131.315224664 0.99609375
v 159.220458732 447.31535196 131.270615089 0.99609375
v 149.216959084 447.783728784 131.07757962 0.99609375
v 159.127650379 447.574238842 131.269753229 0.99609375
v 149.414515074 447.941133703 130.68140154 0.99609375
v 159.350365892 448.143062757 130.686408117 0.99609375
v 149.653249013 448.149445486 131.114419343 0.99609375
v 159.246411286 448.313341825 131.205615355 0.99609375
v 149.727115724 448.551416138 131.40271596 0.99609375
v 159.273865893 448.706904713 131.163014125 0.99609375
v 150.207085107 449.029094202 131.363879274 0.99609375
v 159.042761047 449.034498862 131.471865232 0.99609375
v 149.727009478 449.033501126 130.671080436 0.99609375
v 159.030937952 449.222106482 131.458224165 0.99609375
v 149.653364552 449.291577564 130.929711865 0.99609375
v 158.968211086 449.551827301 131.223984055 0.99609375
v 149.726668224 449.521167142 131.387972733 0.99609375
v 159.133530922 449.827685588 130.892831764 0.99609375
v 150.061392962 449.911640534 131.302204233 0.99609375
v 159.475737707 449.905811587 130.650050281 0.99609375
v 150.013888791 450.593104416 130.530596486 0.99609375
v 159.427749067 450.103538636 130.950348191 0.99609375
v 150.248656862 450.931061558 131.453523869 0.99609375
v 159.248448138 450.405428765 130.550561015 0.99609375
v 150.494984986 451.086437261 131.220910568 0.99609375
v 159.016764949 451.0616978 130.975705783 0.99609375
v 150.242074311 451.304740304 131.233791675 0.99609375
v 159.178967766 450.972425998 131.189896841 0.99609375
v 150.790612634 451.495894193 130.773510665 0.99609375
v 159.444441706 451.470149113 130.917605372 0.99609375
v 150.711154555 451.667553058 130.774101128 0.99609375
v 159.393158774 451.718102846 131.329507773 0.99609375
v 150.552100028 451.97383254 131.431606916 0.99609375
v 159.063818416 452.257435675 130.665925269 0.99609375
v 150.959434595 452.578280341 130.862060962 0.99609375
v 159.0209363 452.675542047 131.47555927 0.99609375
v 151.174714803 452.768715169 130.64877757 0.99609375
v 159.042454104 452.759458961 131.477671077 0.99609375
v 151.461102619 453.229946014 130.943999917 0.99609375
v 159.412991436 452.892506671 130.717390009 0.99609375
v 151.91542999 453.284425441 131.136192306 0.99609375
v 159.057375616 453.302667964 131.085392293 0.99609375
v 151.620717429 453.495313774 131.135267452 0.99609375
v 159.398254009 453.770420605 130.891228582 0.99609375
v 151.791369278 453.660788102 131.328835283 0.99609375
v 159.122926523 453.876618244 131.246257858 0.99609375
v 152.505634787 454.182047727 131.095382326 0.99609375
v 159.107163398 454.186049776 131.238073076 0.99609375
v 152.548901334 454.486473957 130.805408179 0.99609375
v 159.28271118 454.170449716 130.745078261 0.99609375
v 152.727140558 454.890798129 130.963487193 0.99609375
v 159.199262847 454.989818263 130.835769129 0.99609375
v 152.968786858 455.106195345 131.395017763 0.99609375
v 159.317228347 455.291788053 131.336466065 0.99609375
v 153.637533666 455.443722743 131.260279827 0.99609375
v 159.27997574 455.285844099 130.603452723 0.99609375
v 154.211305557 455.652053403 131.114470931 0.99609375
v 159.484852273 455.538516991 131.190382633 0.99609375
v 154.693519083 456.164868184 130.913125917 0.99609375
v 159.233979284 456.16255004 130.608109405 0.99609375
v 154.905605833 456.30437111 130.538337594 0.99609375
v 159.311246829 456.250491428 130.628628516 0.99609375
v 155.069376674 456.690836485 131.123595375 0.99609375
v 159.150115403 456.514891582 130.904753563 0.99609375
v 155.550278074 456.871841056 130.501264241 0.99609375
v 158.829715964 456.865069485 131.15292635 0.99609375
v 156.292300147 456.893138672 130.543076596 0.99609375
v 158.900730003 457.20530573 130.794701968 0.99609375
v 156.815041475 457.156025746 131.230624103 0.99609375
v 158.728977458 457.283942682 131.229180539 0.99609375
v 157.461878123 457.381260597 130.758255916 0.99609375
v 158.792828991 457.908340812 130.632240489 0.99609375
v 158.155305482 457.853159249 131.454576939 0.99609375
v 158.651452611 457.739987631 130.938255894 0.99609375
v 158.683275329 458.458196283 130.73503269 0.99609375
v 148.696129374 446.366526939 131.237793616 0.99609375
v 159.018043187 446.587606399 131.66160253 0.99609375
v 148.634806162 446.826916908 131.664194049 0.99609375
v 159.089960622 447.10299531 131.283622523 0.99609375
v 148.92876018 447.451930687 131.094976119 0.99609375
v 158.782151431 447.360628272 131.464563615 0.99609375
v 148.904363398 447.306603305 131.794474783 0.99609375
v 158.975289632 447.73667605 131.851254135 0.99609375
v 148.993250859 447.565478281 131.289353924 0.99609375
v 158.854091783 447.573522245 131.869467201 0.99609375
v 148.983212754 448.239390265 131.434396186 0.99609375
v 158.938545401 447.903159475 131.585283714 0.99609375
v 149.605599519 448.456492433 131.697999927 0.99609375
v 158.896506669 448.423914349 131.420692947 0.99609375
v 149.602605584 448.514101827 131.772143243 0.99609375
v 158.961649788 448.567723586 131.346243808 0.99609375
v 149.400381092 448.777360388 131.426545749 0.99609375
v 158.730540673 448.709204639 131.909223571 0.99609375
v 149.091545829 449.309625247 131.406094338 0.99609375
v 158.675901607 449.056770699 131.452739742 0.99609375
v 149.906972062 449.45057023 131.253167485 0.99609375
v 159.043315315 449.356608462 131.370401838 0.99609375
v 149.414751253 449.625303751 131.676211411 0.99609375
v 158.644525045 449.67249854 131.972441021 0.99609375
v 149.787840349 450.303117258 131.538291223 0.99609375
v 159.09586869 450.016029684 131.590310496 0.99609375
v 149.84056554 450.242365973 131.009261349 0.99609375
v 158.68205436 450.282311049 131.612378982 0.99609375
v 149.923234394 450.505425458 131.268314532 0.99609375
v 158.68151326 450.948952153 131.001678672 0.99609375
v 149.914663878 450.682625041 131.100933623 0.99609375
v 158.671787781 450.854679774 131.548224568 0.99609375
v 149.956471412 451.068941308 131.834417163 0.99609375
v 159.136371183 451.431202156 131.743489661 0.99609375
v 150.118136475 451.563300841 131.133204599 0.99609375
v 158.702624697 451.31435982 131.212899281 0.99609375
v 150.189960288 451.7345478 131.992573425 0.99609375
v 159.18621221 451.879115071 131.068893372 0.99609375
v 150.281657997 452.35346112 131.623095388 0.99609375
v 158.635888914 451.851134504 131.092352074 0.99609375
v 149.990280261 452.3982223 131.183976842 0.99609375
v 158.858674341 452.674536525 131.926962753 0.99609375
v 150.33558894 452.709974089 131.735164572 0.99609375
v 158.762267113 452.765069893 131.402513229 0.99609375
v 150.72535765 452.909680192 131.073421312 0.99609375
v 158.795207693 452.798647571 131.579960798 0.99609375
v 150.475345094 453.382530998 131.92607436 0.99609375
v 158.878868231 453.098656181 131.950926714 0.99609375
v 150.714644554 453.734021725 131.972052802 0.99609375
v 159.117253908 453.596011218 131.441994319 0.99609375
v 151.502067298 454.076705676 131.182237523 0.99609375
v 159.084816503 453.84318198 131.824567082 0.99609375
v 151.819012904 454.242324065 131.323873216 0.99609375
v 158.727759023 454.152605788 131.026757729 0.99609375
v 152.332207784 454.533006137 131.087872697 0.99609375
v 158.955020342 454.324174392 131.981392892 0.99609375
v 152.298566071 454.969626779 131.08401084 0.99609375
v 158.723003764 454.72951521 131.768228799 0.99609375
v 153.024132675 454.817897929 131.876645746 0.99609375
v 159.051395798 454.963120957 131.889974539 0.99609375
v 152.748610129 455.264458106 131.868236026 0.99609375
v 159.120146137 455.375773851 131.424954792 0.99609375
v 152.987527053 455.355538543 131.175235801 0.99609375
v 159.037589542 455.680155603 131.816544501 0.99609375
v 153.514823727 455.984747518 131.288826333 0.99609375
v 158.959941676 455.972560917 131.513378091 0.99609375
v 153.855030876 456.334023154 131.821677318 0.99609375
v 159.157009262 456.114171081 131.564460996 0.99609375
v 153.488223131 456.503829576 131.737355542 0.99609375
v 159.111552697 456.178041751 131.530113345 0.99609375
v 154.24414888 456.827527249 131.049381049 0.99609375
v 158.659848341 456.538579449 131.655695112 0.99609375
v 154.183673346 457.272127254 131.847060019 0.99609375
v 159.014125128 457.134496252 131.814051505 0.99609375
v 154.530219218 457.307515824 131.823609572 0.99609375
v 159.107115752 457.599900948 131.099408383 0.99609375
v 154.819053767 457.384348573 131.798525981 0.99609375
v 158.757256399 457.421208976 131.362704197 0.99609375
v 155.28772653 457.93325182 131.690235571 0.99609375
v 159.154224485 457.964616702 131.46340185 0.99609375
v 155.50398838 457.942804138 131.552422709 0.99609375
v 158.882763587 458.261276823 131.575452006 0.99609375
v 156.485543462 458.331860822 131.680176451 0.99609375
v 158.651278151 458.247246797 131.459101673 0.99609375
v 157.495604298 458.692402795 131.560226445 0.99609375
v 158.593587138 458.640309981 131.604284726 0.99609375
v 157.996835441 458.927048805 131.707652713 0.99609375
v 148.562326034 446.741916167 132.21212057 0.99609375
v 158.530664215 446.819436636 132.402056228 0.99609375
v 148.524634053 446.672008374 132.204701759 0.99609375
v 158.731307961 447.013956134 131.768002345 0.99609375
v 148.536963076 447.214743584 132.168769541 0.99609375
v 158.505670486 447.171708598 132.027267445 0.99609375
v 148.665801729 447.637197346 131.553222693 0.99609375
v 158.74944423 447.611414415 132.035564092 0.99609375
v 148.583780286 447.986056437 132.320611481 0.99609375
v 158.754234143 447.893699261 131.603173384 0.99609375
v 148.887570845 448.163183955 131.830334344 0.99609375
v 158.804041443 447.993396418 132.064358805 0.99609375
v 148.904216413 448.316762355 131.540711124 0.99609375
v 158.916830055 448.43428813 132.348419979 0.99609375
v 148.930554018 448.414567626 132.216721526 0.99609375
v 158.660716719 448.468447496 131.815778885 0.99609375
v 149.235621931 448.994759548 131.593592659 0.99609375
v 158.750917763 449.111138765 131.996533161 0.99609375
v 148.830889049 449.021580677 131.80694786 0.99609375
v 158.397110434 449.198137942 131.59934269 0.99609375
v 149.008635391 449.520341612 132.094348645 0.99609375
v 158.656727675 449.330912021 132.140141099 0.99609375
v 149.107450931 449.76917126 131.597037424 0.99609375
v 158.4772797 449.85272931 131.608213274 0.99609375
v 149.088261111 450.083055209 131.863389036 0.99609375
v 158.878022018 449.895909754 132.222697628 0.99609375
v 149.629282869 450.195581435 132.365363831 0.99609375
v 158.657557477 450.627043595 132.153197137 0.99609375
v 149.432408829 450.59140287 132.123681448 0.99609375
v 158.756611989 450.475964877 132.459835206 0.99609375
v 149.170690944 451.195864137 132.238390971 0.99609375
v 158.387683771 450.915645182 132.150052223 0.99609375
v 149.334131934 451.0643126 131.531557345 0.99609375
v 158.634932683 451.135674597 132.249233335 0.99609375
v 149.354712287 451.566356363 131.50974692 0.99609375
v 158.738875308 451.479730252 131.65547383 0.99609375
v 149.429896348 451.553325489 132.282879599 0.99609375
v 158.694982879 451.925969329 131.979964307 0.99609375
v 149.379472844 451.958480684 132.490223321 0.99609375
v 158.634224881 452.083290914 132.344662772 0.99609375
v 149.553545087 452.512702998 131.956645311 0.99609375
v 158.528910281 452.571701689 131.540726968 0.99609375
v 149.888455691 452.605911876 132.23858942 0.99609375
v 158.863979436 452.459112351 132.104953121 0.99609375
v 149.668140652 453.050232389 132.416058508 0.99609375
v 158.682228573 453.239628702 132.216696508 0.99609375
v 149.712392963 453.02230904 131.756354124 0.99609375
v 158.624352686 453.382161846 131.878603499 0.99609375
v 150.03902882 453.520070142 131.708653148 0.99609375
v 158.577569844 453.801623915 131.669337981 0.99609375
v 150.71873708 453.721783074 132.156960014 0.99609375
v 158.488440295 453.927258672 131.862663161 0.99609375
v 150.74378753 453.860013957 132.013085845 0.99609375
v 158.704958391 454.04450631 131.799023895 0.99609375
v 151.035064176 454.603388746 132.162851397 0.99609375
v 158.682446473 454.211275119 131.568845925 0.99609375
v 150.956642328 455.001422387 131.897453019 0.99609375
v 158.496991828 454.842481304 131.728199626 0.99609375
v 151.4267073 455.016320558 132.215703336 0.99609375
v 158.617860947 454.971112108 132.496259556 0.99609375
v 151.940442021 455.282900936 131.58885937 0.99609375
v 158.814569847 455.406850992 132.065468485 0.99609375
v 152.447236051 455.759965721 131.940931766 0.99609375
v 158.502761153 455.41334336 131.730933132 0.99609375
v 152.67144874 456.077798942 131.799288074 0.99609375
v 158.524979566 455.897608182 131.99196464 0.99609375
v 153.044651341 456.155765792 131.817625939 0.99609375
v 158.39780528 456.25587274 132.190109521 0.99609375
v 153.429868583 456.544075219 132.130391667 0.99609375
v 158.601517973 456.676463899 131.995694229 0.99609375
v 153.570329533 456.516539097 132.310221475 0.99609375
v 158.58781633 456.580180147 131.815296851 0.99609375
v 153.991130203 456.844712463 132.155932626 0.99609375
v 158.749806427 457.007751671 132.293395806 0.99609375
v 154.46087163 457.269173081 131.877526598 0.99609375
v 158.509964352 457.532329848 131.659327085 0.99609375
v 154.989631537 457.489528979 131.571308734 0.99609375
v 158.674447957 457.421380983 131.777239622 0.99609375
v 155.284376798 458.155601167 132.391045367 0.99609375
v 158.723279358 458.172316347 132.270308251 0.99609375
v 155.513738148 458.096976911 131.588162286 0.99609375
v 158.648213647 458.279123769 131.722375143 0.99609375
v 155.924682972 458.671302355 131.852538507 0.99609375
v 158.387803588 458.30686428 132.498943604 0.99609375
v 156.876979925 458.794513515 132.257293205 0.99609375
v 158.774751327 458.926152944 131.534841843 0.99609375
v 157.218202923 459.244678479 131.843704299 0.99609375
v 158.83548641 458.83283902 131.525741017 0.99609375
v 158.678461061 459.574943059 131.617033464 0.99609375
v 147.854608514 446.227611091 132.133019621 0.99609375
v 158.88648779 446.419220642 132.69653374 0.99609375
v 147.881415108 446.689570937 132.991523484 0.99609375
v 158.420037549 446.624377266 132.858959794 0.99609375
v 148.415868435 446.79052568 132.85156784 0.99609375
v 158.764455647 447.054497124 132.331438839 0.99609375
v 148.372826713 447.061607872 132.059446276 0.99609375
v 158.385151196 447.022533423 132.787936488 0.99609375
v 148.473932911 447.525731245 132.138321583 0.99609375
v 158.366976604 447.412733348 132.879231018 0.99609375
v 148.5936368 447.915783972 132.110388823 0.99609375
v 158.671487427 447.73163073 132.714953612 0.99609375
v 148.277110279 448.182559006 132.090971308 0.99609375
v 158.6703288 447.937010049 132.947765875 0.99609375
v 148.363217752 448.482411826 132.321459417 0.99609375
v 158.628557728 448.617204738 132.210631066 0.99609375
v 148.976425843 448.831092106 132.834284823 0.99609375
v 158.188420068 448.639565973 132.73148807 0.99609375
v 148.865041085 448.903868531 132.123852186 0.99609375
v 158.144514043 448.730694734 132.525246507 0.99609375
v 148.753689178 449.066816576 132.744015404 0.99609375
v 158.127297875 449.119476772 132.370433216 0.99609375
v 148.920426541 449.261148841 132.515113932 0.99609375
v 158.181950127 449.664284547 132.62341539 0.99609375
v 148.778101561 449.88515357 132.244818191 0.99609375
v 158.249758575 449.933931903 132.531732556 0.99609375
v 148.799881698 449.886035551 132.825054447 0.99609375
v 158.622655723 449.872783069 132.071910188 0.99609375
v 149.248347655 450.231524202 132.567953264 0.99609375
v 158.091662444 450.128304426 132.688540268 0.99609375
v 148.792415034 450.930149423 132.218932866 0.99609375
v 158.275084266 450.540771175 132.990579766 0.99609375
v 148.917494989 450.863203422 132.080333254 0.99609375
v 158.613316534 450.790937883 132.527130537 0.99609375
v 148.926758484 451.452700073 132.098650495 0.99609375
v 158.126732161 451.070395113 132.448450727 0.99609375
v 148.979280417 451.698654632 132.26063469 0.99609375
v 158.442752124 451.445824949 132.494314464 0.99609375
v 148.996401624 451.939832019 132.122565088 0.99609375
v 158.142374636 451.834593044 132.024425693 0.99609375
v 149.43048611 452.331908698 132.295505547 0.99609375
v 158.46237011 452.193896091 132.066613718 0.99609375
v 149.520349955 452.50022898 132.507439941 0.99609375
v 158.205622254 452.686925604 132.559642615 0.99609375
v 149.422957056 452.79664746 132.076745156 0.99609375
v 158.597874168 452.405740344 132.898998305 0.99609375
v 149.17737828 453.103671597 132.680869589 0.99609375
v 158.282193082 452.903953187 132.08287599 0.99609375
v 149.13691325 452.996956581 132.940278675 0.99609375
v 158.490965199 453.180333829 132.324465533 0.99609375
v 149.832268311 453.656994428 132.632200365 0.99609375
v 158.457431746 453.584209145 132.639000076 0.99609375
v 149.76673609 454.010690295 132.081960297 0.99609375
v 158.333380403 453.652014651 132.481652418 0.99609375
v 150.012035755 454.005969613 132.290175169 0.99609375
v 158.103182741 454.222679459 132.071457476 0.99609375
v 150.108083778 454.223423643 132.208133788 0.99609375
v 158.612745149 454.555357524 132.240900336 0.99609375
v 151.071630079 454.941899239 132.602254603 0.99609375
v 158.60356333 454.922404236 132.460922542 0.99609375
v 151.386385548 455.131608551 132.986242434 0.99609375
v 158.337458543 455.074717814 132.442055697 0.99609375
v 151.861611188 455.543674084 132.881836668 0.99609375
v 158.371705804 455.185493182 132.299361232 0.99609375
v 152.356018951 455.86619249 132.097251845 0.99609375
v 158.305324691 455.543490439 132.6762924 0.99609375
v 152.789133325 455.858017831 132.097789152 0.99609375
v 158.064437374 455.690740193 132.108848796 0.99609375
v 152.880227997 456.268441787 132.982973988 0.99609375
v 158.525870091 455.981590302 132.942179867 0.99609375
v 152.967018708 456.293027206 132.103061491 0.99609375
v 158.386263943 456.676127346 132.33335879 0.99609375
v 153.209197836 456.719143588 132.324931066 0.99609375
v 158.335846855 456.78502389 132.469849711 0.99609375
v 153.880141166 456.830823596 132.760620185 0.99609375
v 158.127306739 456.937358519 132.072371394 0.99609375
v 154.014813077 457.061667038 132.507146415 0.99609375
v 158.433100368 457.136914204 132.277341546 0.99609375
v 155.079992567 457.517651881 132.141271798 0.99609375
v 158.240611665 457.838455802 132.071176676 0.99609375
v 155.731879842 457.902306711 132.985130731 0.99609375
v 158.635487726 457.901731876 132.039797539 0.99609375
v 156.689705146 458.106727454 132.353821457 0.99609375
v 158.918933988 458.120854823 132.43336487 0.99609375
v 158.445455335 458.297951621 132.946915102 0.99609375
v 147.374495615 446.042479337 132.93020878 0.99609375
v 158.551977047 446.211131198 132.916499881 0.99609375
v 147.365285186 446.805634298 133.036312752 0.99609375
v 158.159669581 446.824604009 132.775751533 0.99609375
v 147.775116855 446.76671865 133.095178783 0.99609375
v 158.605897891 446.97853353 133.351172595 0.99609375
v 148.004075743 447.144501849 132.803092773 0.99609375
v 158.115130028 447.152121218 132.977902902 0.99609375
v 148.137793448 447.55140705 132.599507342 0.99609375
v 158.551893192 447.709077854 133.337812872 0.99609375
v 148.167221466 447.486071618 133.252149118 0.99609375
v 158.314499886 447.626084926 133.282815394 0.99609375
v 148.373616409 448.268161127 133.494399296 0.99609375
v 158.103682022 448.174193793 133.235569746 0.99609375
v 148.369694282 448.413166517 133.18629698 0.99609375
v 158.117013175 448.535747161 132.67347417 0.99609375
v 148.747210846 448.827120166 132.693221121 0.99609375
v 158.571095563 448.8553816 133.141019338 0.99609375
v 148.713538213 448.836798611 132.993945482 0.99609375
v 158.298741815 448.917109389 132.561536099 0.99609375
v 148.686718323 448.992541437 132.860640515 0.99609375
v 158.20416163 449.215890732 133.261478047 0.99609375
v 148.55084542 449.274445742 133.16870283 0.99609375
v 158.066277606 449.303536537 133.074827643 0.99609375
v 148.589983608 449.976595714 132.751493866 0.99609375
v 158.419440416 449.674169149 133.363112309 0.99609375
v 148.741709214 450.142974504 132.632452871 0.99609375
v 158.291484203 450.315611608 132.979199662 0.99609375
v 149.055097913 450.367474045 133.000494848 0.99609375
v 158.195236781 450.642120795 132.938764783 0.99609375
v 148.84025074 450.487479651 132.865506221 0.99609375
v 158.234626597 450.813471682 133.288690384 0.99609375
v 148.769397979 451.151053247 133.001276034 0.99609375
v 158.446719093 451.003680069 133.159577093 0.99609375
v 148.533824998 450.999697632 132.967169668 0.99609375
v 158.496851004 451.280086256 132.881617376 0.99609375
v 148.671202627 451.794399603 133.22318739 0.99609375
v 158.603975092 451.731103594 132.569640822 0.99609375
v 149.02758655 452.035406396 133.3324268 0.99609375
v 158.155067471 451.665484978 133.37852922 0.99609375
v 148.816715691 451.87447008 132.901381846 0.99609375
v 158.298887147 452.146744034 132.613644441 0.99609375
v 148.880291815 452.277099083 132.819463952 0.99609375
v 157.902520664 452.413857874 133.073064137 0.99609375
v 149.147491664 452.71704009 132.640875859 0.99609375
v 158.324283314 452.574860645 132.575880174 0.99609375
v 148.771261348 453.258924072 132.622281239 0.99609375
v 157.989400346 452.85812997 132.982558283 0.99609375
v 148.851947773 453.346221668 132.791986972 0.99609375
v 157.957234256 453.239290775 133.462326371 0.99609375
v 149.020140282 453.324380784 132.524498883 0.99609375
v 157.789604393 453.289086939 132.853139079 0.99609375
v 149.378986733 454.065681284 133.214831349 0.99609375
v 157.990535487 453.56485066 132.570578963 0.99609375
v 149.458100831 454.408380071 133.204437045 0.99609375
v 158.11194266 453.946284624 132.860543781 0.99609375
v 149.569350019 454.553986899 133.262458089 0.99609375
v 158.31459127 454.443237453 132.508709124 0.99609375
v 149.57008487 454.559001893 133.163297095 0.99609375
v 158.09583006 454.706870876 132.94478123 0.99609375
v 149.699492707 454.941045136 133.354349762 0.99609375
v 157.930622685 455.126995318 133.221327189 0.99609375
v 149.665971675 455.059750074 132.542422265 0.99609375
v 157.944535108 455.405928872 133.28803258 0.99609375
v 149.706580119 455.399042335 133.406319276 0.99609375
v 158.410924342 455.581484203 133.291931435 0.99609375
v 149.695702882 456.043568513 133.255576059 0.99609375
v 158.544436645 456.144281156 133.164331784 0.99609375
v 150.205375506 455.918193977 133.005889693 0.99609375
v 158.436280379 455.997714105 132.622164071 0.99609375
v 150.218206951 456.307130552 132.968051614 0.99609375
v 158.326776498 456.707261844 133.060890877 0.99609375
v 150.119368034 456.517266662 132.869678999 0.99609375
v 158.388150773 456.691693237 132.604629439 0.99609375
v 150.502433294 456.832042279 132.62889195 0.99609375
v 158.612597598 457.035939624 133.164921315 0.99609375
v 152.856413164 457.497634525 133.442534178 0.99609375
v 158.625592028 457.306522413 133.287694964 0.99609375
v 153.273770691 457.363982629 133.420198334 0.99609375
v 158.093830189 457.613675511 133.117918675 0.99609375
v 155.407254935 458.091610026 133.497034001 0.99609375
v 158.369429751 458.089984141 133.219157685 0.99609375
v 155.788614753 458.236068983 133.474707838 0.99609375
v 158.495555616 457.919865595 132.50802273 0.99609375
v 156.216349396 458.691424889 132.996207633 0.99609375
v 158.69965132 458.669963498 133.375026796 0.99609375
v 156.129881563 458.945655981 132.813477383 0.99609375
v 158.71411446 458.827193098 133.326538229 0.99609375
v 156.952528642 459.292193563 132.719405677 0.99609375
v 158.494625524 458.802446855 133.214016786 0.99609375
v 146.884195511 446.225074495 133.378947792 0.99609375
v 158.270192819 446.398458846 133.221323171 0.99609375
v 147.089131207 446.725477126 133.283890711 0.99609375
v 158.515481426 446.418846145 133.653376601 0.99609375
v 147.321482809 446.881735529 133.127694345 0.99609375
v 158.411759829 446.922342866 133.840415847 0.99609375
v 147.293433091 447.027143607 133.673274711 0.99609375
v 158.591131384 447.418456083 133.098112742 0.99609375
v 147.685092706 447.514001375 133.404884773 0.99609375
v 158.552477153 447.282046919 133.50992654 0.99609375
v 147.724154663 447.758508827 133.942826431 0.99609375
v 158.500733785 447.980227347 133.740080642 0.99609375
v 147.670509634 447.954460664 133.888565388 0.99609375
v 158.085193776 447.769650059 133.317981483 0.99609375
v 147.674362066 448.326660289 133.861656912 0.99609375
v 158.267281927 448.32569497 133.423009603 0.99609375
v 148.029406836 448.699401708 133.25941998 0.99609375
v 158.528977986 448.439783338 133.768196658 0.99609375
v 148.405022787 449.190258249 133.050244858 0.99609375
v 158.156549248 448.695161981 133.627199966 0.99609375
v 148.354450216 449.397180066 133.608404059 0.99609375
v 158.163895447 449.298069922 133.36587834 0.99609375
v 148.477152121 449.390012016 133.738833058 0.99609375
v 158.124005776 449.789156402 133.332640856 0.99609375
v 148.578155649 449.809043397 133.660134715 0.99609375
v 158.170101566 449.575832746 133.339712274 0.99609375
v 148.463076715 450.279941061 133.279936811 0.99609375
v 157.838456311 449.912016143 133.367722886 0.99609375
v 148.642207533 450.422449098 133.533626969 0.99609375
v 157.778037845 450.216340119 133.270273926 0.99609375
v 148.897165913 450.945305521 133.372956101 0.99609375
v 157.909987718 450.801198607 133.702760652 0.99609375
v 148.916484217 450.93880193 133.13719508 0.99609375
v 158.208103563 451.173285015 133.635214347 0.99609375
v 149.006858216 451.045772906 133.145882334 0.99609375
v 158.329099726 450.953977194 133.652540886 0.99609375
v 148.703876117 451.724411172 133.93262281 0.99609375
v 158.14770731 451.443661295 133.172318728 0.99609375
v 148.760285686 451.96110336 133.014365502 0.99609375
v 158.057472008 451.709604396 133.43762095 0.99609375
v 148.574485443 451.89815342 133.40170259 0.99609375
v 158.082818688 451.96566701 133.041525011 0.99609375
v 148.597872514 452.651419589 133.888064308 0.99609375
v 157.871784719 452.646977374 133.87094789 0.99609375
v 149.274157473 452.733980902 133.355853834 0.99609375
v 157.893488025 452.54777315 133.200588422 0.99609375
v 149.642523202 452.975040938 133.711205369 0.99609375
v 158.310177736 453.218558807 133.5416195 0.99609375
v 149.648857933 453.251008275 133.988302412 0.99609375
v 158.307117276 453.130983586 133.397201907 0.99609375
v 149.752282989 453.277109236 133.573430669 0.99609375
v 158.07697036 453.351697491 133.954054473 0.99609375
v 149.99459998 454.132881144 133.238840908 0.99609375
v 158.14536413 454.111673452 133.998941127 0.99609375
v 150.438780701 454.076940442 133.319021829 0.99609375
v 157.88368843 454.281355271 133.376895082 0.99609375
v 150.342260478 454.410449906 133.88711155 0.99609375
v 157.998054242 454.403913771 133.210350156 0.99609375
v 150.888999086 454.460638909 133.192071793 0.99609375
v 157.83437514 454.497493073 133.910430256 0.99609375
v 151.313811505 455.091231257 133.664509543 0.99609375
v 158.030500953 455.268004731 133.153115213 0.99609375
v 150.962131262 455.510523736 133.218771615 0.99609375
v 158.301289738 455.323678928 133.157005192 0.99609375
v 151.595435554 455.421706586 133.346201723 0.99609375
v 158.218431839 455.852219902 133.417688097 0.99609375
v 152.020895415 455.686224593 133.284627016 0.99609375
v 158.197343688 455.954539364 133.540597492 0.99609375
v 152.780128971 456.287600108 133.070450263 0.99609375
v 158.082867569 456.164195537 133.012658476 0.99609375
v 152.987044307 456.242185821 133.773691362 0.99609375
v 158.40880678 456.535940709 133.052573014 0.99609375
v 153.07655449 456.966529075 133.332396845 0.99609375
v 158.284054337 456.766581151 133.121816207 0.99609375
v 157.729999586 457.053307889 133.415268068 0.99609375
v 158.428644074 457.034516185 133.306836729 0.99609375
v 146.479621426 445.924959482 134.172788315 0.99609375
v 158.407419636 445.826313923 133.582345738 0.99609375
v 146.567085254 446.358213354 134.156204635 0.99609375
v 158.50973964 446.180282505 133.546957685 0.99609375
v 146.873338426 446.620813039 134.295870638 0.99609375
v 158.078931839 446.738025833 133.943039924 0.99609375
v 147.266549565 447.087776751 134.103514923 0.99609375
v 158.570773686 447.036298511 134.187070542 0.99609375
v 147.037728618 447.329438511 134.207560523 0.99609375
v 158.572195993 446.986156036 133.889641036 0.99609375
v 147.559049268 447.66493345 133.656668399 0.99609375
v 158.552224534 447.50450898 134.195497346 0.99609375
v 147.152728244 447.989870878 134.359544138 0.99609375
v 158.495738074 447.477229903 133.693942965 0.99609375
v 147.388942635 448.149179824 134.196924854 0.99609375
v 158.163037513 448.110731366 133.904649961 0.99609375
v 147.337731448 448.337013351 134.161958379 0.99609375
v 158.556287974 448.618760537 133.876087704 0.99609375
v 147.778753818 448.427137089 134.033800563 0.99609375
v 158.181308536 448.414868327 133.536453231 0.99609375
v 148.132491116 448.838575453 133.928848338 0.99609375
v 158.322436912 448.875897464 134.116743731 0.99609375
v 148.131059008 449.497114487 133.614777742 0.99609375
v 157.761436597 448.930556136 133.544407063 0.99609375
v 148.160071821 449.257980924 133.500679045 0.99609375
v 158.288928166 449.785361102 133.969276801 0.99609375
v 148.358003609 449.650658406 134.028610059 0.99609375
v 157.878519924 449.82870541 133.714668291 0.99609375
v 148.115233594 450.233521028 133.942895197 0.99609375
v 157.97375781 449.94826503 134.376063228 0.99609375
v 148.495839794 450.111436504 133.545100471 0.99609375
v 158.049510514 450.461181156 134.059622707 0.99609375
v 148.527848936 450.674646068 133.802106574 0.99609375
v 158.294036944 450.621537882 134.124476768 0.99609375
v 148.428727428 451.116251726 133.738011599 0.99609375
v 157.817960565 450.70637066 133.816806994 0.99609375
v 148.389088274 451.144517199 133.512679403 0.99609375
v 158.306901225 451.519820308 133.915825495 0.99609375
v 148.294718654 451.557708108 134.397293868 0.99609375
v 158.224820672 451.583912789 134.311742919 0.99609375
v 148.328862828 451.822923078 133.617844987 0.99609375
v 158.164344173 452.092584044 134.185018267 0.99609375
v 148.928721615 451.899896659 133.555233086 0.99609375
v 157.940758401 451.867463028 134.269425648 0.99609375
v 148.892720563 452.201634757 133.669698625 0.99609375
v 158.194900993 452.152470898 133.972747344 0.99609375
v 148.817235728 452.690249695 133.799594935 0.99609375
v 158.069992753 452.919085697 133.993309874 0.99609375
v 148.590187066 452.895734818 134.433599771 0.99609375
v 158.019024555 453.228951496 133.892409187 0.99609375
v 148.875376252 453.558493763 134.389521201 0.99609375
v 157.868573207 453.25784871 133.650024572 0.99609375
v 148.828771733 453.506229023 134.38842906 0.99609375
v 157.785229808 453.335955984 133.772749622 0.99609375
v 148.859419518 454.017442941 133.998115751 0.99609375
v 157.910131192 453.981635187 134.140472248 0.99609375
v 149.181017257 454.310937142 133.619544275 0.99609375
v 158.09776282 454.021007852 133.862045659 0.99609375
v 149.142112745 454.375615814 133.732333269 0.99609375
v 158.036074362 454.151024917 134.437975736 0.99609375
v 149.449200089 454.849243228 134.380279681 0.99609375
v 158.294404822 454.7549139 134.488551612 0.99609375
v 149.161552336 454.774660674 134.26652606 0.99609375
v 158.104217363 454.90987862 134.014356209 0.99609375
v 149.8196419 455.440650616 133.560865067 0.99609375
v 157.815101254 455.54307955 134.477298262 0.99609375
v 149.815485021 455.498931565 134.012685678 0.99609375
v 158.025111179 455.747936114 134.448653224 0.99609375
v 149.702014724 456.088518289 133.973480274 0.99609375
v 157.809429113 455.975889507 134.143652283 0.99609375
v 149.816526639 455.886954099 134.413444661 0.99609375
v 158.244276117 456.070269232 134.201364776 0.99609375
v 150.350948588 456.442776024 134.451829065 0.99609375
v 158.303536604 456.487307403 134.065725245 0.99609375
v 150.136558656 456.921678784 134.370289286 0.99609375
v 158.370249417 456.714938462 133.960149194 0.99609375
v 150.547167771 457.244761138 134.035159057 0.99609375
v 158.428281611 456.955544677 134.059379938 0.99609375
v 150.718764769 457.425137614 133.990616844 0.99609375
v 156.059795551 457.422104368 133.787831466 0.99609375
v 146.660787024 446.295729957 134.521650382 0.99609375
v 158.245150214 446.214714458 135.329357347 0.99609375
v 146.606983105 446.053496792 134.975048448 0.99609375
v 158.413267199 446.247023474 134.962878224 0.99609375
v 146.220892481 446.540270949 135.259008443 0.99609375
v 158.848207392 446.854217982 134.745050938 0.99609375
v 146.94895953 446.965580739 135.329814462 0.99609375
v 158.513770876 446.907363414 134.577233911 0.99609375
v 146.595052304 447.35372892 134.545217509 0.99609375
v 158.621327789 447.287997602 134.928606226 0.99609375
v 146.883282676 447.338932006 134.611621719 0.99609375
v 158.356512696 447.411187789 134.586591183 0.99609375
v 146.900188314 447.597645943 134.803663468 0.99609375
v 158.815453594 447.770517959 134.932874243 0.99609375
v 147.322737354 448.13503064 135.121781288 0.99609375
v 158.646778811 447.825003418 135.05885724 0.99609375
v 147.172631371 448.235506545 134.89268204 0.99609375
v 158.063923347 448.38076374 134.763324204 0.99609375
v 147.495153174 448.348696242 134.68041839 0.99609375
v 158.250184644 448.562115307 134.654138055 0.99609375
v 147.428916169 449.099075898 135.331664187 0.99609375
v 158.291412859 448.743290158 135.309638066 0.99609375
v 147.508106249 449.237573018 135.393209095 0.99609375
v 158.59460247 449.371779804 134.860653595 0.99609375
v 148.075190586 449.29620674 134.511747417 0.99609375
v 158.050693431 449.50492115 134.526251798 0.99609375
v 147.840638125 449.644064138 135.238372314 0.99609375
v 158.303270869 450.046170003 134.53725656 0.99609375
v 148.036077673 450.283494213 134.904455774 0.99609375
v 158.522717005 449.818934488 135.464681458 0.99609375
v 148.115373802 450.467272077 134.779135499 0.99609375
v 158.129026064 450.328466883 135.063039841 0.99609375
v 148.42454988 450.471284339 135.185694552 0.99609375
v 158.197918381 450.448568193 134.51768065 0.99609375
v 148.262446701 450.867704591 135.087301328 0.99609375
v 158.189694661 450.816261664 134.730263992 0.99609375
v 148.625715597 451.486819733 134.532182654 0.99609375
v 158.438858301 451.439499229 134.5984759 0.99609375
v 148.630688731 451.591946604 135.251148066 0.99609375
v 158.149686878 451.70701394 134.853000188 0.99609375
v 148.477441833 452.013376765 134.677708926 0.99609375
v 158.568299568 451.761649569 134.689081823 0.99609375
v 148.337525678 452.289581959 134.989180609 0.99609375
v 158.059509816 452.329263489 134.591879553 0.99609375
v 148.528596913 452.17423431 134.907792441 0.99609375
v 158.085779565 452.358987405 134.98405474 0.99609375
v 148.567285077 452.80454612 135.155627288 0.99609375
v 158.247621521 452.804372916 135.428338069 0.99609375
v 149.0250517 453.069940003 135.257041122 0.99609375
v 158.268126684 453.076692781 134.997638991 0.99609375
v 149.022499312 453.19570546 135.206063704 0.99609375
v 158.081100542 453.493164533 134.901324086 0.99609375
v 148.792318944 453.777238635 134.517200229 0.99609375
v 158.012063855 453.630097347 135.470375657 0.99609375
v 149.110430148 453.619690867 134.719981663 0.99609375
v 157.876414864 453.567146302 135.183114805 0.99609375
v 149.203529122 454.376436467 135.360851626 0.99609375
v 158.332921682 454.258723491 135.399754758 0.99609375
v 148.886241804 454.403178626 134.895913329 0.99609375
v 158.101514122 454.20340977 135.116655641 0.99609375
v 149.316690946 454.723909846 135.495970031 0.99609375
v 158.075686122 454.96941619 135.359441839 0.99609375
v 149.442630931 455.025099171 135.013353638 0.99609375
v 158.395485001 455.288362155 134.732244377 0.99609375
v 149.57957769 455.400831008 134.751363272 0.99609375
v 158.449916658 455.307783169 134.925530488 0.99609375
v 149.872614169 455.715177635 135.358470371 0.99609375
v 158.428417866 455.432878537 135.065931242 0.99609375
v 150.079965182 455.837680272 135.013570315 0.99609375
v 158.551736226 455.649022294 135.291218521 0.99609375
v 149.825848748 456.347660714 135.465160122 0.99609375
v 158.61629511 455.939519666 134.529800125 0.99609375
v 149.965687646 456.324775375 134.93304581 0.99609375
v 158.784561307 456.51918828 135.429947607 0.99609375
v 150.389592873 456.595113166 134.90765911 0.99609375
v 158.456721027 456.876456932 135.061329541 0.99609375
v 150.294040353 456.939122675 135.395292485 0.99609375
v 158.921210313 457.251305499 134.70507227 0.99609375
v 150.70219989 457.066808475 135.051029376 0.99609375
v 159.025789776 457.094702151 134.688915224 0.99609375
v 150.849339628 457.863727849 134.555925328 0.99609375
v 159.391296298 457.661711695 134.925967818 0.99609375
v 159.081279127 457.907379119 134.874016645 0.99609375
v 146.012185965 445.799972724 135.114021626 0.99609375
v 158.503659747 445.57653156 135.886516701 0.99609375
v 145.919929308 446.224497169 135.039080504 0.99609375
v 158.480794918 446.046478421 135.300443109 0.99609375
v 146.342136138 446.223741478 135.734852825 0.99609375
v 158.737539704 446.354970376 135.378460071 0.99609375
v 146.353559354 446.538509923 135.915978495 0.99609375
v 159.073938794 446.569579271 135.070356354 0.99609375
v 146.645127996 446.650321839 135.399251773 0.99609375
v 159.09903065 446.674419971 135.008428901 0.99609375
v 146.479743307 446.95587018 135.488582937 0.99609375
v 158.806430194 447.331613671 135.279172745 0.99609375
v 146.64512051 447.617459828 135.001290658 0.99609375
v 158.841628657 447.755968648 135.702343568 0.99609375
v 146.49253216 447.530883152 135.365001222 0.99609375
v 159.141882322 447.983933277 135.85508895 0.99609375
v 146.689925985 447.824509547 135.606726782 0.99609375
v 158.405767594 447.99391446 135.499036254 0.99609375
v 147.181538184 448.488146576 135.988520471 0.99609375
v 158.768945671 448.538194881 135.290566403 0.99609375
v 146.810407444 448.582647965 135.627703766 0.99609375
v 158.477718365 448.688439301 135.144942377 0.99609375
v 147.210947296 448.838594896 135.904030436 0.99609375
v 158.529872476 449.059966546 135.153123253 0.99609375
v 147.065675362 449.081973253 135.118794054 0.99609375
v 158.638469454 449.481065747 135.442704456 0.99609375
v 147.313591551 449.309137162 135.150227877 0.99609375
v 158.383007586 449.457127289 135.054137414 0.99609375
v 147.343309121 450.015326326 135.656605049 0.99609375
v 158.685327055 449.760775293 135.082662567 0.99609375
v 147.457867309 450.321690983 135.76047345 0.99609375
v 158.624860996 450.362481781 135.907875635 0.99609375
v 147.61332034 450.492492254 135.827684962 0.99609375
v 158.72955372 450.177701887 135.304017214 0.99609375
v 147.391913961 450.44167123 135.326092686 0.99609375
v 158.613716129 450.750401671 135.731572389 0.99609375
v 148.043723771 451.043148735 135.804682219 0.99609375
v 158.403181543 451.191337467 135.763108723 0.99609375
v 147.899312743 451.403013195 135.349528623 0.99609375
v 158.59135833 451.267766032 135.401617909 0.99609375
v 148.46170387 451.473879264 135.279915738 0.99609375
v 158.86732732 451.350771224 135.441676429 0.99609375
v 148.284069272 452.018172991 135.41703463 0.99609375
v 158.727313121 451.853715514 135.076464422 0.99609375
v 148.343474706 451.8384704 135.5240195 0.99609375
v 158.450378466 452.387578562 135.169605824 0.99609375
v 148.292542838 452.396721497 135.164754613 0.99609375
v 158.703955315 452.316522764 135.526023746 0.99609375
v 148.536863471 452.597024989 135.566800418 0.99609375
v 158.658462025 452.647039025 135.136596795 0.99609375
v 148.553219729 452.771703478 135.270916495 0.99609375
v 158.634595239 452.873444016 135.462622284 0.99609375
v 148.762794834 453.524821681 135.336174549 0.99609375
v 158.451491482 453.380924947 135.838734425 0.99609375
v 149.017635831 453.652826974 135.275524021 0.99609375
v 158.769286035 453.434097128 135.927125144 0.99609375
v 148.732778632 453.959838495 135.178611578 0.99609375
v 158.463810201 453.981830085 135.846162783 0.99609375
v 149.277148549 453.921328177 135.52981737 0.99609375
v 158.524077024 453.889439963 135.332346761 0.99609375
v 149.172119555 454.718586608 135.317673655 0.99609375
v 158.776006199 454.39407741 135.94092167 0.99609375
v 149.287477011 454.474878491 135.044329679 0.99609375
v 158.355619605 454.976751386 135.801394217 0.99609375
v 149.105944357 455.242925656 135.484188559 0.99609375
v 158.465438528 454.763319971 135.631936072 0.99609375
v 149.733777637 455.244574592 135.428261782 0.99609375
v 158.899399271 455.382203061 135.926259869 0.99609375
v 149.394341241 455.752023719 135.785758893 0.99609375
v 158.612500653 455.421177453 135.560601009 0.99609375
v 149.414229709 455.877680455 135.950011389 0.99609375
v 158.831045763 455.954767063 135.732107578 0.99609375
v 149.98579624 455.902880315 135.367937644 0.99609375
v 158.797895303 456.194992947 135.025948452 0.99609375
v 150.261929818 456.417194515 135.176638502 0.99609375
v 158.672022797 456.428076906 135.25207748 0.99609375
v 150.063372943 456.81058052 135.679686497 0.99609375
v 158.986566377 456.713540481 135.79464475 0.99609375
v 150.643635047 456.878008378 135.594598483 0.99609375
v 159.468234573 457.306260855 135.338903737 0.99609375
v 150.664892725 457.534187418 135.69747247 0.99609375
v 159.478115974 457.595388635 135.058281664 0.99609375
v 150.845906744 457.394340356 135.200262449 0.99609375
v 159.441657155 457.628183158 135.972099042 0.99609375
v 151.451129278 458.104440946 135.251487267 0.99609375
v 155.123626922 457.8763828 135.884807849 0.99609375
v 145.982973545 445.549221651 136.447465343 0.99609375
v 159.102875586 445.665942277 136.098338088 0.99609375
v 145.98554174 446.095286701 136.018147344 0.99609375
v 159.004929686 446.095281561 135.583431086 0.99609375
v 146.302081619 446.282777748 135.535480632 0.99609375
v 159.180223836 446.536500776 136.244305767 0.99609375
v 146.163840689 446.612045629 135.676668161 0.99609375
v 159.447153704 446.767622783 136.344827774 0.99609375
v 146.430154511 447.14830405 136.164281103 0.99609375
v 159.174393799 447.054822645 135.815729053 0.99609375
v 146.193183315 447.352073735 135.78009818 0.99609375
v 159.323068223 447.469695109 136.255068061 0.99609375
v 146.515380352 447.245893815 135.609076659 0.99609375
v 158.983179654 447.31956571 135.56605805 0.99609375
v 146.553581249 447.759950632 135.956085268 0.99609375
v 159.038996535 447.547261665 136.036338215 0.99609375
v 146.597789712 448.242500399 135.868127549 0.99609375
v 159.202476306 447.867998886 136.341805048 0.99609375
v 146.70870651 448.082056736 135.759492227 0.99609375
v 159.394458728 448.066324757 135.901326014 0.99609375
v 146.451090854 448.853620489 136.242424057 0.99609375
v 159.460156377 448.343021497 135.644975321 0.99609375
v 147.197111598 449.089537298 136.435542778 0.99609375
v 159.444978748 449.110365685 136.415457973 0.99609375
v 146.94753582 449.348468418 136.297840838 0.99609375
v 159.449452498 449.321843872 135.886742534 0.99609375
v 147.019140011 449.552877218 136.132601769 0.99609375
v 158.920214762 449.399860774 136.313200211 0.99609375
v 147.259174289 449.75931123 135.860345369 0.99609375
v 159.02791025 449.737295954 135.7584721 0.99609375
v 147.171358098 450.209449229 136.361179466 0.99609375
v 159.192820351 450.243937384 136.408196343 0.99609375
v 147.503191374 450.385780831 136.37341432 0.99609375
v 158.957860032 450.419514728 135.782307888 0.99609375
v 147.885549618 450.558476237 135.817298888 0.99609375
v 158.870173309 450.374731172 135.688138481 0.99609375
v 147.353757522 451.182402253 135.603887987 0.99609375
v 159.107858503 450.971024904 135.934553904 0.99609375
v 147.672241206 451.374579782 135.992002579 0.99609375
v 158.689898211 451.031197214 136.436670314 0.99609375
v 147.614322364 451.576653984 135.543450213 0.99609375
v 158.717377744 451.497356741 136.187907567 0.99609375
v 148.18710426 451.818115851 135.635658379 0.99609375
v 159.048263339 451.698352305 136.047798865 0.99609375
v 148.008527442 451.821285782 135.967842794 0.99609375
v 159.183991468 451.932218008 135.856385077 0.99609375
v 148.067429933 452.27481097 135.856721202 0.99609375
v 159.122518055 452.490454642 135.952636064 0.99609375
v 148.214407002 452.43516958 135.561825392 0.99609375
v 159.010435617 452.709353699 136.328457472 0.99609375
v 148.506213806 452.809208461 136.036256803 0.99609375
v 158.799700352 452.9386124 136.493598957 0.99609375
v 148.324722271 453.161728812 136.08160923 0.99609375
v 158.878906137 453.207410154 135.659492557 0.99609375
v 148.436901648 453.464118495 136.499402316 0.99609375
v 159.178476836 453.784517172 135.836232916 0.99609375
v 148.700133966 453.72749313 136.368638371 0.99609375
v 158.858566905 454.113577671 135.913773147 0.99609375
v 148.569763801 453.950793104 136.19289009 0.99609375
v 158.652773285 453.991099888 136.473202583 0.99609375
v 149.13758314 454.632239502 136.255090997 0.99609375
v 158.642770581 454.356851899 136.108171111 0.99609375
v 148.992971718 454.665897334 136.105257864 0.99609375
v 158.957727068 454.533578864 135.984183355 0.99609375
v 149.145326217 454.800468769 136.215172197 0.99609375
v 158.994914299 454.915917614 135.976316047 0.99609375
v 149.124083707 455.313149888 136.003055043 0.99609375
v 158.877882892 455.366415844 135.599079924 0.99609375
v 149.470298263 455.545104881 135.728561377 0.99609375
v 158.862112164 455.595418499 136.219565572 0.99609375
v 149.881123211 455.967276139 135.626129873 0.99609375
v 159.395170822 456.095993978 135.62615372 0.99609375
v 149.714599496 456.452310876 135.548361447 0.99609375
v 159.258971491 456.400854543 135.574791588 0.99609375
v 149.973584166 456.740213996 136.137629225 0.99609375
v 159.358863058 456.27363683 136.474958228 0.99609375
v 150.491274846 456.863617071 136.453407325 0.99609375
v 158.964393101 456.846594103 135.870480633 0.99609375
v 150.673013305 456.943495772 136.18683764 0.99609375
v 159.117622182 457.294976384 136.135504065 0.99609375
v 151.083712214 457.509113517 135.873089308 0.99609375
v 159.165911372 457.355436464 135.550488294 0.99609375
v 151.282100319 457.43752715 136.180887645 0.99609375
v 159.29982186 457.868331388 136.141037136 0.99609375
v 152.297214201 457.638361638 136.465739652 0.99609375
v 159.17588331 457.931203837 136.078898076 0.99609375
v 154.408404117 458.390049341 136.188860936 0.99609375
v 159.024283789 457.930360616 136.107620049 0.99609375
v 146.149656715 445.165095724 136.972039553 0.99609375
v 159.226842708 445.404278873 136.569546937 0.99609375
v 145.94957041 445.476454485 136.192018639 0.99609375
v 159.158875576 445.894055672 136.806584203 0.99609375
v 146.364021971 445.815953902 136.797117715 0.99609375
v 159.055387386 445.791285153 136.346116309 0.99609375
v 145.944401955 446.427988382 136.698587684 0.99609375
v 159.394702361 446.246725532 136.229393759 0.99609375
v 146.438533803 446.404251316 136.205797875 0.99609375
v 159.643491113 446.824916773 136.818803545 0.99609375
v 146.697149037 447.084684295 136.663080766 0.99609375
v 159.731445147 446.738278204 136.283031506 0.99609375
v 146.273733008 447.395127005 136.16718539 0.99609375
v 159.492074032 447.13354187 136.695840739 0.99609375
v 146.422378445 447.491434333 136.283156087 0.99609375
v 159.478741511 447.354157539 136.484442145 0.99609375
v 146.630752242 447.778134734 136.825860772 0.99609375
v 159.675140973 447.559492925 136.351059291 0.99609375
v 146.544012197 447.991975319 136.781065671 0.99609375
v 159.524199267 448.228018384 136.206413547 0.99609375
v 146.519120022 448.301158583 136.263075085 0.99609375
v 159.275264586 448.201327451 136.301445196 0.99609375
v 146.695040304 448.852512509 136.524392876 0.99609375
v 159.378591802 448.719445645 136.377926277 0.99609375
v 146.670504966 449.130482356 136.199924291 0.99609375
v 159.496570347 448.960939188 136.345315807 0.99609375
v 146.866661248 449.265457867 136.789209405 0.99609375
v 159.769245587 449.436859718 136.347016358 0.99609375
v 146.809726762 449.235831222 136.201581094 0.99609375
v 159.415097673 449.469078399 136.839758754 0.99609375
v 147.016227019 449.623269852 136.450427762 0.99609375
v 159.747434753 449.88251034 136.688925786 0.99609375
v 147.234029678 450.064463772 136.504965098 0.99609375
v 159.634245805 450.267044928 136.83129545 0.99609375
v 147.102128506 450.32943535 136.536212364 0.99609375
v 159.665488967 450.244500069 136.707349953 0.99609375
v 147.383737902 450.59748824 136.79999872 0.99609375
v 159.375495532 450.680793152 136.620916905 0.99609375
v 147.160580531 450.963967166 136.995426805 0.99609375
v 159.650989905 451.190272756 136.337621323 0.99609375
v 147.694146118 450.970207935 136.837097931 0.99609375
v 159.273027588 451.137517181 136.608681474 0.99609375
v 147.533816916 451.550236624 136.666234709 0.99609375
v 159.557939575 451.345699868 136.756467548 0.99609375
v 147.702406639 451.632311959 136.468280242 0.99609375
v 159.298357841 451.556628905 136.664601558 0.99609375
v 148.075213522 452.381674308 136.33430235 0.99609375
v 159.571576861 452.305196928 136.410840313 0.99609375
v 147.920704744 452.384341785 136.36916546 0.99609375
v 159.366767833 452.248103365 136.269824478 0.99609375
v 147.945691124 452.907110156 136.568918346 0.99609375
v 159.333947995 452.837247532 136.247366933 0.99609375
v 148.10046181 452.703598286 136.79669496 0.99609375
v 159.517167377 452.883920028 136.190375731 0.99609375
v 147.963522426 453.19015262 136.571796231 0.99609375
v 159.670959636 453.519863103 136.910329211 0.99609375
v 148.506967978 453.848276271 136.993373451 0.99609375
v 159.112812351 453.292398139 136.001425868 0.99609375
v 148.529373748 454.074130281 136.669963338 0.99609375
v 159.247935918 454.045968944 136.116703475 0.99609375
v 148.990281728 454.392862972 136.316302541 0.99609375
v 159.367452358 454.370373449 136.057227913 0.99609375
v 148.840501603 454.629598189 136.667218432 0.99609375
v 159.208638165 454.187951568 136.910429396 0.99609375
v 148.865486654 454.480860416 136.92273695 0.99609375
v 158.966861629 454.432535011 136.753290284 0.99609375
v 149.253686527 455.070575545 136.10932216 0.99609375
v 159.00884401 455.081771381 136.63097196 0.99609375
v 149.609096392 455.17745234 136.506998829 0.99609375
v 159.402819268 455.215522469 136.612432923 0.99609375
v 149.149683042 455.487133034 136.207546247 0.99609375
v 159.387080233 455.629513759 136.625650777 0.99609375
v 149.770429357 455.628121277 136.497011995 0.99609375
v 159.367475044 456.146267426 136.964992822 0.99609375
v 149.65243233 455.903080753 136.457230896 0.99609375
v 159.72371911 456.041515851 136.101530435 0.99609375
v 150.078425003 456.586998784 136.832449152 0.99609375
v 159.321205073 456.424378078 136.340283429 0.99609375
v 149.94690831 456.865907979 136.097013202 0.99609375
v 159.049979792 456.683876331 136.898593048 0.99609375
v 150.023968238 457.277524494 136.54635171 0.99609375
v 159.592355698 457.003805938 136.605095896 0.99609375
v 150.346245806 457.086119538 136.751645727 0.99609375
v 159.676065188 457.263994464 136.464322465 0.99609375
v 145.936089506 445.308713316 137.357374144 0.99609375
v 159.522835199 445.668684976 137.186693054 0.99609375
v 145.720498115 445.8030956 137.064851409 0.99609375
v 159.692148482 445.798992651 136.81307739 0.99609375
v 146.067251199 446.147279119 136.621879266 0.99609375
v 159.728111496 445.879444004 137.004307674 0.99609375
v 146.012297852 446.554420161 136.693847926 0.99609375
v 159.589178642 446.094140694 136.972284717 0.99609375
v 146.400799393 446.53894708 136.562046903 0.99609375
v 159.254505107 446.600602104 136.538643099 0.99609375
v 145.895028858 447.119617922 136.969781737 0.99609375
v 159.548290584 447.131783831 136.671181826 0.99609375
v 146.286428939 446.916095784 137.157263265 0.99609375
v 159.708797741 447.159534527 137.272273532 0.99609375
v 146.19803011 447.544273789 137.375162775 0.99609375
v 159.643404529 447.528771957 137.232394704 0.99609375
v 146.33921175 447.632722748 137.225701971 0.99609375
v 159.529379135 447.925359463 136.632980543 0.99609375
v 146.49657316 448.226736418 136.947829865 0.99609375
v 159.505574469 447.972092257 137.436685565 0.99609375
v 146.675836926 448.082846967 136.513083248 0.99609375
v 159.652187266 448.307186839 137.332289963 0.99609375
v 146.774796542 448.446170018 137.277583146 0.99609375
v 159.647618615 448.712062967 137.065789565 0.99609375
v 146.547984643 449.204173899 136.909735781 0.99609375
v 159.664912955 448.874273018 136.660203104 0.99609375
v 146.760340272 448.973086741 136.559757498 0.99609375
v 160.065945398 449.499748099 137.363161069 0.99609375
v 146.88939388 449.519061513 136.758501231 0.99609375
v 159.650502363 449.367576773 137.196166914 0.99609375
v 147.162174914 450.004988329 136.688723615 0.99609375
v 159.73025377 450.004949458 137.425574113 0.99609375
v 146.903990276 450.16230036 137.485942079 0.99609375
v 159.936153853 449.856636018 136.589105369 0.99609375
v 146.97685947 450.388993293 137.270283401 0.99609375
v 159.655525677 450.634440496 137.41740159 0.99609375
v 146.844135193 450.527442288 137.444172072 0.99609375
v 159.987967776 450.773523654 136.899868164 0.99609375
v 147.538294284 450.688361098 136.922597444 0.99609375
v 160.016460006 451.217815179 136.826856313 0.99609375
v 147.244762398 451.229878884 136.786078476 0.99609375
v 159.944605665 451.033669827 137.266709298 0.99609375
v 147.299340294 451.424056304 137.305985817 0.99609375
v 159.677583955 451.276870493 137.114453423 0.99609375
v 147.541335669 451.564356689 136.93145773 0.99609375
v 159.646688388 451.814071003 137.216742319 0.99609375
v 147.437230695 451.97548039 137.298853178 0.99609375
v 159.620667487 451.874053148 137.385524774 0.99609375
v 147.737309916 452.53400278 137.135127928 0.99609375
v 160.032081396 452.624846126 137.36000926 0.99609375
v 147.688092011 452.510747986 136.812567039 0.99609375
v 159.787341567 452.418977709 137.440201402 0.99609375
v 147.919986734 453.180602612 136.592912296 0.99609375
v 159.446310614 452.927631937 136.735496982 0.99609375
v 147.923213922 453.161479049 137.45293547 0.99609375
v 159.507194637 453.454793769 137.251886769 0.99609375
v 148.096623427 453.785071741 136.554720245 0.99609375
v 159.708738795 453.474382823 137.166506822 0.99609375
v 148.387800533 454.047655928 137.381890777 0.99609375
v 159.498681507 453.688054824 137.490322931 0.99609375
v 148.48831457 453.995670476 136.800574521 0.99609375
v 159.479783529 454.023310887 136.6591336 0.99609375
v 148.827881225 454.536342566 136.577133738 0.99609375
v 159.390463024 454.299247823 136.729556229 0.99609375
v 148.484025876 454.983701692 137.049390988 0.99609375
v 159.398041639 454.476784971 137.204748263 0.99609375
v 149.291973371 455.013818238 136.559977089 0.99609375
v 159.418404758 454.77557894 137.4901024 0.99609375
v 149.345875248 455.301851835 136.925358048 0.99609375
v 159.349486812 455.475965613 137.398630413 0.99609375
v 149.133987632 455.70568577 137.168568636 0.99609375
v 159.318508953 455.80015541 137.216998188 0.99609375
v 149.09319794 455.821674175 136.967141091 0.99609375
v 159.415813307 455.749531919 136.729206278 0.99609375
v 149.74965475 456.176513501 136.933034755 0.99609375
v 159.45097649 456.451207771 136.887689245 0.99609375
v 149.662870392 456.399517318 136.598175253 0.99609375
v 159.255872499 456.513314937 137.416340057 0.99609375
v 150.121040679 456.714452065 136.538576415 0.99609375
v 159.711495995 456.655172693 136.945502163 0.99609375
v 150.080611136 457.303853809 136.783861946 0.99609375
v 160.034850186 457.238791235 136.757178249 0.99609375
v 150.48752995 457.156691033 136.832991267 0.99609375
v 159.628544224 457.155000915 137.003292866 0.99609375
v 150.743366333 457.750017031 137.427848923 0.99609375
v 159.272831597 457.386485385 137.209915313 0.99609375
v 151.104849693 458.171865435 137.015512438 0.99609375
v 159.996509653 457.783487339 137.457012713 0.99609375
v 152.677182347 458.360832533 136.701729699 0.99609375
v 159.756088553 457.948592821 136.90786995 0.99609375
v 155.282179633 458.346929115 137.18725587 0.99609375
v 158.919228827 458.32217601 136.540219906 0.99609375
v 155.512966508 458.560525805 137.273312601 0.99609375
v 158.744335144 458.609225016 137.171097906 0.99609375
v 158.251835834 459.138083973 136.531238177 0.99609375
v 159.082764499 459.148502583 137.101622522 0.99609375
v 146.112293002 445.376543154 137.617520177 0.99609375
v 159.889659637 445.470704772 137.054355552 0.99609375
v 145.786765195 445.621631453 137.391334572 0.99609375
v 159.546826559 445.838845346 137.153230544 0.99609375
v 145.631047534 446.118436722 137.868091745 0.99609375
v 159.923360857 445.825604326 137.461180385 0.99609375
v 146.394823762 446.439498004 137.588591229 0.99609375
v 159.528999911 446.177194605 137.825863442 0.99609375
v 146.429928924 446.535903188 137.631108841 0.99609375
v 160.057911959 446.850329396 137.197706889 0.99609375
v 146.13398195 446.711603733 137.203155573 0.99609375
v 160.324308979 446.970018617 137.556910794 0.99609375
v 145.989041735 446.895896795 137.816444221 0.99609375
v 159.896739731 447.45605926 137.578986385 0.99609375
v 146.180332279 447.549041888 137.231784996 0.99609375
v 160.277533995 447.75974485 137.988482116 0.99609375
v 146.559072636 447.53387649 137.65234999 0.99609375
v 160.096471644 447.968285029 137.778692445 0.99609375
v 146.54783644 448.255760774 137.851635462 0.99609375
v 160.239791907 448.103438464 137.638915677 0.99609375
v 146.513578648 448.339646406 137.114554 0.99609375
v 160.02545915 448.232757229 137.029404641 0.99609375
v 146.800298185 448.655529805 137.566626779 0.99609375
v 160.229157677 448.551775253 137.694132673 0.99609375
v 146.848489431 448.809676774 137.792361845 0.99609375
v 159.897441318 449.025372459 137.756565834 0.99609375
v 146.661539129 449.371545099 137.071167251 0.99609375
v 159.940350512 449.002892444 137.626290363 0.99609375
v 146.795348865 449.318842808 137.376094611 0.99609375
v 159.882008159 449.617752537 137.046156295 0.99609375
v 146.813986125 449.848149832 137.108036439 0.99609375
v 160.078329575 449.715567713 137.740509969 0.99609375
v 147.228861529 450.141387429 137.076691778 0.99609375
v 160.234310896 450.3629614 137.672093566 0.99609375
v 147.159058224 450.457358906 137.621389855 0.99609375
v 160.230468645 450.319264311 137.141884832 0.99609375
v 147.268899205 450.930581065 137.423172936 0.99609375
v 159.890898735 450.409268678 137.42243221 0.99609375
v 147.168817349 451.185580094 137.260005065 0.99609375
v 160.286658179 450.715530018 137.721842344 0.99609375
v 147.468987028 451.488090277 137.189620588 0.99609375
v 159.610392119 451.102866455 137.252105444 0.99609375
v 147.30989092 451.779016188 137.545773091 0.99609375
v 159.893536561 451.545063603 137.229863531 0.99609375
v 147.489515928 451.831034214 137.231968253 0.99609375
v 159.931137859 451.73580058 137.643460143 0.99609375
v 147.820835968 451.959546704 137.648622688 0.99609375
v 159.593775625 452.102108434 137.588365949 0.99609375
v 147.819747092 452.444956418 137.753993586 0.99609375
v 159.53093714 452.399656315 137.583771222 0.99609375
v 147.50229528 452.598121003 137.682340474 0.99609375
v 159.61225103 452.908856867 137.913566355 0.99609375
v 147.686524995 453.045895252 137.280116907 0.99609375
v 159.823338357 452.889332586 137.645451779 0.99609375
v 147.694003026 453.176604766 137.803938973 0.99609375
v 160.030239523 453.235728279 137.316094864 0.99609375
v 148.067823352 453.77207519 137.481638302 0.99609375
v 159.852594122 453.471231111 137.249963221 0.99609375
v 148.448196006 453.964790908 137.55234226 0.99609375
v 159.654818649 453.90782077 137.697185788 0.99609375
v 147.926011899 453.868514023 137.305777332 0.99609375
v 160.018188054 454.011036559 137.58972416 0.99609375
v 148.61636005 454.314188994 137.241963933 0.99609375
v 159.88620482 454.148611413 137.095130613 0.99609375
v 148.74944097 454.675088721 137.939670773 0.99609375
v 160.063928754 454.721610875 137.400795609 0.99609375
v 148.71596198 455.132388773 137.284415814 0.99609375
v 159.776909643 455.270487591 137.545756891 0.99609375
v 148.740731479 455.228194743 137.398594208 0.99609375
v 159.903582804 455.374428869 137.457659493 0.99609375
v 149.130235487 455.441906318 137.487372118 0.99609375
v 159.951042756 455.55734482 137.326854183 0.99609375
v 149.402960978 455.916257162 137.564091216 0.99609375
v 159.523609446 455.71182306 137.440968738 0.99609375
v 149.469640946 456.14240636 137.194809636 0.99609375
v 160.011320577 455.966214609 137.077183671 0.99609375
v 149.511721751 456.175120099 137.051099723 0.99609375
v 159.507656897 456.270653948 137.640930873 0.99609375
v 149.933151655 456.756901684 137.629881298 0.99609375
v 159.726016035 456.54445469 137.319479733 0.99609375
v 149.683646465 456.788273532 137.029785278 0.99609375
v 159.914642541 457.125972189 137.907063612 0.99609375
v 149.968200909 457.253488964 137.706946913 0.99609375
v 160.31883264 457.208582284 137.750038648 0.99609375
v 150.562217742 457.647753846 137.744055817 0.99609375
v 160.207382727 457.782999873 137.004422551 0.99609375
v 150.674396768 457.813075433 137.70236101 0.99609375
v 160.361037337 458.021941926 137.366808585 0.99609375
v 150.72847035 457.970868926 137.148979298 0.99609375
v 159.909963389 458.159599591 137.451324436 0.99609375
v 153.938615994 458.445881548 137.695799786 0.99609375
v 159.981603239 458.725074805 137.776161134 0.99609375
v 154.579384825 458.631984591 137.469072286 0.99609375
v 157.487752297 458.997239626 137.116237367 0.99609375
v 156.871046756 458.805537946 137.161151109 0.99609375
v 145.822759218 445.055576859 138.169695639 0.99609375
v 160.355716301 445.351014215 138.415485265 0.99609375
v 146.09375965 445.51744707 137.731468498 0.99609375
v 160.193191271 445.494778619 138.3914894 0.99609375
v 145.738613755 445.490506714 138.23869959 0.99609375
v 159.993071997 445.555430219 137.669029338 0.99609375
v 145.838296727 446.225613274 137.821953104 0.99609375
v 159.986296748 446.272880205 138.227014219 0.99609375
v 145.833190744 446.580991448 137.648721954 0.99609375
v 159.846145529 446.354290767 138.346301602 0.99609375
v 146.136040521 446.751827119 138.397690831 0.99609375
v 160.166152601 446.738219064 137.802111992 0.99609375
v 146.389467702 446.827338954 137.678720694 0.99609375
v 160.006713034 447.094097582 137.555516438 0.99609375
v 146.445645211 446.956940113 138.179390134 0.99609375
v 160.178217813 447.177071938 137.641208757 0.99609375
v 146.045400091 447.735654294 138.028935197 0.99609375
v 160.30548671 447.184947043 138.147367615 0.99609375
v 146.30374247 447.843301143 138.118072114 0.99609375
v 160.642879392 447.517893703 137.990693835 0.99609375
v 146.235477514 448.146358252 138.316006923 0.99609375
v 160.488173306 448.208141106 137.607246748 0.99609375
v 146.28426083 448.161966532 137.931135063 0.99609375
v 160.503571978 448.264512184 138.400311419 0.99609375
v 146.494635657 448.775208243 137.863444995 0.99609375
v 160.162457565 448.541159092 138.27386031 0.99609375
v 146.520708215 449.014332938 137.979075765 0.99609375
v 160.08620718 449.152487896 137.942219216 0.99609375
v 146.786237472 449.416041977 137.792227653 0.99609375
v 160.622463455 449.278098406 137.645298154 0.99609375
v 146.580570921 449.379119301 138.045153878 0.99609375
v 160.316105341 449.667857346 138.435147263 0.99609375
v 146.879985078 449.921412715 137.927523749 0.99609375
v 160.155906585 449.592543846 138.061808623 0.99609375
v 146.783880688 449.982133086 138.24908299 0.99609375
v 160.31291722 449.876515406 137.594408835 0.99609375
v 147.077750982 450.286532099 137.59109421 0.99609375
v 160.013241151 450.208361132 137.795642995 0.99609375
v 147.046946011 450.846638096 137.98883098 0.99609375
v 160.131214236 450.92468798 137.552845279 0.99609375
v 147.257164431 450.670658753 137.699493553 0.99609375
v 160.318664005 451.129509617 137.976158189 0.99609375
v 147.60337524 451.328701669 138.085379909 0.99609375
v 160.213765261 451.345789255 137.700994854 0.99609375
v 147.159434859 451.441835098 137.719125302 0.99609375
v 159.815522963 451.684072316 138.460746547 0.99609375
v 147.253422222 451.981777577 137.525451218 0.99609375
v 159.884290627 451.682780851 138.296487216 0.99609375
v 147.15673433 452.200920974 137.922884694 0.99609375
v 159.969912188 451.955791403 138.257523815 0.99609375
v 147.862997559 452.533257502 138.219031477 0.99609375
v 160.250827172 452.666177847 138.465267066 0.99609375
v 147.55349453 452.53765885 137.575465889 0.99609375
v 159.91851085 452.865918635 138.358072951 0.99609375
v 147.514469446 453.058629334 138.292093541 0.99609375
v 160.305427983 453.156620673 137.855099428 0.99609375
v 147.993564176 453.212039735 138.315073157 0.99609375
v 159.85011974 453.140401456 138.400974481 0.99609375
v 148.029696317 453.524466132 138.212707378 0.99609375
v 159.84191013 453.700531967 137.999010363 0.99609375
v 148.348148586 453.722619104 137.839202874 0.99609375
v 160.111661904 453.582506378 137.536472123 0.99609375
v 148.196027486 454.07732105 138.458131143 0.99609375
v 160.200364665 454.407855627 138.426179324 0.99609375
v 147.955075152 454.386132863 138.482642646 0.99609375
v 160.036681029 454.485807508 137.684167542 0.99609375
v 148.435415204 454.711481133 138.335535902 0.99609375
v 159.971279604 454.671841083 137.575718881 0.99609375
v 148.352917917 455.062523843 137.569854596 0.99609375
v 160.326345556 455.014039055 137.990044441 0.99609375
v 148.820501289 455.135650225 138.06906805 0.99609375
v 159.819247484 455.280203552 138.414284605 0.99609375
v 148.783622935 455.662972173 137.996942552 0.99609375
v 160.132233798 455.400502429 137.541148855 0.99609375
v 149.002430777 456.154921974 137.996502482 0.99609375
v 160.171886715 455.960194807 138.408474083 0.99609375
v 149.169884165 456.227784728 137.796642131 0.99609375
v 160.040300046 456.421363933 138.283206003 0.99609375
v 149.533551659 456.326336248 138.26897842 0.99609375
v 160.136866107 456.507438354 137.895634376 0.99609375
v 149.651716604 456.731988746 138.381716447 0.99609375
v 160.301563315 456.561169383 137.515258033 0.99609375
v 149.533438603 456.834098317 137.743312564 0.99609375
v 159.97159361 457.061744179 137.736465577 0.99609375
v 149.664384258 457.319448036 137.689550859 0.99609375
v 160.156018127 457.142207805 138.234444436 0.99609375
v 150.169857221 457.779352196 138.487834665 0.99609375
v 160.262713957 457.669220197 137.80863993 0.99609375
v 150.094325756 458.194582206 138.147234054 0.99609375
v 160.310976699 457.847681417 137.526417553 0.99609375
v 150.731455045 458.370081514 137.878224784 0.99609375
v 160.399052016 458.065104993 138.226827524 0.99609375
v 150.982630602 458.419193091 137.690060088 0.99609375
v 160.201764468 458.244919173 137.895614022 0.99609375
v 151.399437962 458.742969 137.970666393 0.99609375
v 160.019055132 458.674502816 137.689775308 0.99609375
v 158.318640948 458.862384871 138.035015312 0.99609375
v 160.58213407 459.266020195 138.366088631 0.99609375
v 145.766390966 445.182253777 138.765449077 0.99609375
v 160.046926392 445.341622294 138.498005035 0.99609375
v 145.752638184 445.313012432 138.256337547 0.99609375
v 160.18474838 445.610674556 138.149009526 0.99609375
v 145.595481735 445.816743061 138.634610074 0.99609375
v 160.169282597 445.837996606 138.719227037 0.99609375
v 145.776875014 445.93812564 138.776948449 0.99609375
v 160.374487558 445.832155609 138.278387052 0.99609375
v 146.202361327 446.219906777 138.079949094 0.99609375
v 160.538378301 446.509543291 138.448740179 0.99609375
v 146.080021032 446.755006162 138.505336369 0.99609375
v 160.657139382 446.725288906 138.461660777 0.99609375
v 146.022892889 446.726616397 138.376663754 0.99609375
v 160.468498069 447.019178502 138.781135783 0.99609375
v 145.905845 447.090526089 138.556833117 0.99609375
v 160.593271939 447.448065854 138.419682958 0.99609375
v 146.451710717 447.406819238 138.281878216 0.99609375
v 160.460575863 447.485079056 138.627161755 0.99609375
v 146.685191912 447.765450819 138.445892865 0.99609375
v 160.476492124 447.609066518 138.354529406 0.99609375
v 146.215521019 447.946761001 138.250209179 0.99609375
v 160.14687832 448.083826296 138.73930954 0.99609375
v 146.233373965 448.431337532 138.751554308 0.99609375
v 160.084226852 448.277468087 138.168796281 0.99609375
v 146.747854577 448.509924241 138.467268432 0.99609375
v 160.083010887 448.556284585 138.047844081 0.99609375
v 146.82808598 449.070002064 138.65060946 0.99609375
v 160.444706537 448.858947013 138.431605774 0.99609375
v 146.53944754 449.382897052 138.675857801 0.99609375
v 160.48615621 448.960905958 138.338556518 0.99609375
v 147.144552539 449.292729995 138.152729615 0.99609375
v 160.496292831 449.710956894 138.033365327 0.99609375
v 146.976846457 450.063060891 138.159146844 0.99609375
v 160.573286797 449.983976905 138.31875482 0.99609375
v 147.068321185 449.888613552 138.318606983 0.99609375
v 160.498923239 450.046034719 138.571701245 0.99609375
v 147.210686816 450.212373129 138.376597701 0.99609375
v 160.570074193 450.437657811 138.726345426 0.99609375
v 147.233875922 450.51509386 138.644392358 0.99609375
v 160.247718615 450.403023375 138.059717986 0.99609375
v 147.595202638 451.201068506 138.637290172 0.99609375
v 160.168608885 451.079982171 138.75226391 0.99609375
v 147.169036002 451.519497582 138.848300008 0.99609375
v 160.378009627 451.234824202 138.781486539 0.99609375
v 147.405737811 451.483823981 138.777328519 0.99609375
v 160.116264998 451.249197698 138.495770753 0.99609375
v 147.847598491 452.026028441 138.902483325 0.99609375
v 160.157345545 451.624867441 138.994137854 0.99609375
v 147.41173022 451.983111783 138.586510549 0.99609375
v 160.280554673 451.939429845 138.086172104 0.99609375
v 147.511781226 452.672531258 138.422505653 0.99609375
v 160.64897976 452.130571581 138.638756034 0.99609375
v 147.7654837 452.909474181 138.953149503 0.99609375
v 160.305310156 452.699685718 138.930013048 0.99609375
v 147.768531964 453.208444994 138.582712721 0.99609375
v 160.39159577 452.82983305 138.253861948 0.99609375
v 147.92370891 453.052042241 138.184091987 0.99609375
v 160.476348593 453.408445372 138.664120861 0.99609375
v 147.742583606 453.47869471 138.558482275 0.99609375
v 160.608529713 453.784562859 138.338510745 0.99609375
v 147.915847472 453.616557138 138.755541686 0.99609375
v 160.138095388 453.707596381 138.105365052 0.99609375
v 148.376230426 454.376958042 138.525393014 0.99609375
v 160.12308367 454.112700353 138.797819224 0.99609375
v 147.973679609 454.431381847 138.206589075 0.99609375
v 160.646426434 454.346365785 138.364556556 0.99609375
v 148.184138903 454.443027412 138.387706512 0.99609375
v 160.38414237 454.960908876 138.347324568 0.99609375
v 148.387190742 454.953465877 138.588681895 0.99609375
v 160.428725869 454.884749593 138.91448572 0.99609375
v 148.524465839 455.267484061 138.857036677 0.99609375
v 160.119073961 455.416953739 138.154025464 0.99609375
v 148.871464877 455.690593467 138.757965849 0.99609375
v 160.135794757 455.666406735 138.795612909 0.99609375
v 148.909645788 455.732761455 138.484440783 0.99609375
v 160.254333272 455.884079697 138.42831939 0.99609375
v 149.178450987 456.33074399 138.588778832 0.99609375
v 160.243125964 456.063761895 138.561578651 0.99609375
v 149.242260445 456.594569999 138.541546013 0.99609375
v 160.521412499 456.719680085 138.439058146 0.99609375
v 149.199884191 456.926718246 138.148274143 0.99609375
v 160.307438365 456.932779649 138.849820119 0.99609375
v 149.709964218 456.753518408 138.119617771 0.99609375
v 160.267120371 456.802556524 138.89273209 0.99609375
v 149.886477483 457.249245579 138.921166541 0.99609375
v 160.190939862 457.08757804 138.665901754 0.99609375
v 150.132602086 457.818419752 138.96692422 0.99609375
v 160.546052549 457.47345082 138.69284866 0.99609375
v 149.662439923 457.967281384 138.227703706 0.99609375
v 160.489872729 458.12603812 138.397740399 0.99609375
v 150.439319241 458.235401123 138.534937238 0.99609375
v 160.628805271 458.332420305 138.546372552 0.99609375
v 150.677808781 458.608432686 138.589766172 0.99609375
v 160.668522164 458.458479961 138.85947842 0.99609375
v 151.532790276 458.710472445 138.239417979 0.99609375
v 160.525721744 459.051502015 138.787005359 0.99609375
v 160.896590606 458.859469179 138.404053416 0.99609375
v 159.249618739 459.551017231 138.380673649 0.99609375
v 146.239590827 445.223426316 139.316676377 0.99609375
v 160.51618452 445.236625255 139.029850406 0.99609375
v 146.160764054 445.372554117 139.135142315 0.99609375
v 160.566003578 445.298665959 139.081853083 0.99609375
v 146.405464839 445.767460748 138.589532723 0.99609375
v 160.485300322 445.685335861 138.569915478 0.99609375
v 146.341510808 446.10357358 139.201522001 0.99609375
v 160.109837434 445.769350616 139.082268228 0.99609375
v 146.09138741 446.067749245 139.017387098 0.99609375
v 160.282891039 446.090430865 139.078446743 0.99609375
v 145.932430195 446.463305165 138.532386422 0.99609375
v 160.561026215 446.734395579 138.986044046 0.99609375
v 146.226851461 446.946875722 139.305159225 0.99609375
v 160.114702344 446.925284193 138.638759256 0.99609375
v 146.185941655 447.281401691 139.414324406 0.99609375
v 160.234164967 447.333146427 138.760854124 0.99609375
v 146.561689245 447.503850803 139.112904321 0.99609375
v 160.435207351 447.442078978 138.897259706 0.99609375
v 146.606467494 448.017250979 138.889620569 0.99609375
v 160.790383441 447.960653209 138.852103209 0.99609375
v 147.000496219 448.050396103 138.561294378 0.99609375
v 160.646559457 447.96138105 138.544430125 0.99609375
v 146.873898344 448.183633673 139.056162058 0.99609375
v 160.502582594 448.440938939 139.251772629 0.99609375
v 147.003482169 448.358237205 139.242137761 0.99609375
v 160.930260335 448.516669976 139.014159521 0.99609375
v 146.810351969 449.160171095 138.809409171 0.99609375
v 160.382829504 449.035518051 138.853777411 0.99609375
v 147.037703929 449.048333094 139.208577949 0.99609375
v 160.867859353 449.145895123 138.799954703 0.99609375
v 146.751110335 449.593679501 138.761825524 0.99609375
v 160.660632894 449.689952805 139.401377307 0.99609375
v 147.123125964 449.529645019 139.426183094 0.99609375
v 160.579457755 449.591840898 138.838786003 0.99609375
v 147.597764593 450.278854306 138.779097555 0.99609375
v 160.79559102 450.21593444 139.25632502 0.99609375
v 147.088494574 450.422410616 139.192598862 0.99609375
v 160.461766859 450.343173749 138.579356192 0.99609375
v 147.394110926 450.538527059 138.848696397 0.99609375
v 160.473768661 450.827946216 139.030147386 0.99609375
v 147.383309884 451.230629929 139.23495089 0.99609375
v 160.651843857 451.096291283 138.627428108 0.99609375
v 147.398359686 451.432146286 139.140344403 0.99609375
v 160.439645882 451.386329858 139.055444114 0.99609375
v 147.376212967 451.802828708 139.196922799 0.99609375
v 160.521702535 451.381707235 139.354370622 0.99609375
v 147.687060317 452.031487547 138.642626598 0.99609375
v 160.743510489 451.680744056 139.333716187 0.99609375
v 147.334229675 452.298322663 139.011353448 0.99609375
v 160.604821553 452.369481288 138.834720944 0.99609375
v 148.037764057 452.120351359 138.660794406 0.99609375
v 160.766715386 452.532557331 139.368622793 0.99609375
v 148.056318429 452.979129888 138.579463252 0.99609375
v 160.675958344 452.88012108 139.453447605 0.99609375
v 147.806090839 453.032334409 138.790335385 0.99609375
v 160.579561671 453.260303242 138.665964043 0.99609375
v 147.634967971 453.341832949 138.618370553 0.99609375
v 160.772677274 453.285575741 139.010704706 0.99609375
v 148.278415523 453.367244679 138.582441781 0.99609375
v 160.762097079 453.80026417 138.972116456 0.99609375
v 148.248974746 453.862361067 139.481473517 0.99609375
v 160.917749244 453.621388378 138.889859436 0.99609375
v 148.061107388 454.009371913 138.578917682 0.99609375
v 160.455325023 454.061686229 138.618149343 0.99609375
v 148.258136509 454.422044262 138.781412901 0.99609375
v 160.372653137 454.644998773 139.19372739 0.99609375
v 148.387122763 454.908513818 139.340296621 0.99609375
v 160.932910284 454.838896841 138.658850072 0.99609375
v 148.506288676 455.018332825 138.668149119 0.99609375
v 160.687114913 454.963406129 139.426422321 0.99609375
v 148.628318675 455.226228965 139.044371945 0.99609375
v 160.905980328 455.376770951 139.37474035 0.99609375
v 148.476282919 455.647057762 138.629742621 0.99609375
v 160.720446533 455.619158126 138.567782629 0.99609375
v 148.657825189 455.930460109 139.356278092 0.99609375
v 160.394753437 455.803201238 138.630581448 0.99609375
v 149.00943631 456.421076595 138.760661744 0.99609375
v 160.636943541 456.286053322 138.741961133 0.99609375
v 148.902121865 456.281226972 139.150548673 0.99609375
v 160.870692848 456.362758869 138.834144639 0.99609375
v 149.179017286 457.035438564 138.732919626 0.99609375
v 160.604656964 456.725877039 138.501859036 0.99609375
v 149.331232998 456.881743654 139.184100147 0.99609375
v 160.832333291 457.081010524 138.777723156 0.99609375
v 149.796407252 457.105094157 139.079943289 0.99609375
v 160.820748855 457.065234066 138.723028568 0.99609375
v 149.866493949 457.576942568 139.327751712 0.99609375
v 160.490862728 457.417878046 139.453303967 0.99609375
v 149.986510312 457.886226195 138.505202848 0.99609375
v 160.836458468 457.761521174 138.647970979 0.99609375
v 149.906464288 458.104015163 139.108274724 0.99609375
v 160.382049812 458.158679959 138.500005354 0.99609375
v 150.295514855 458.435447591 139.346598968 0.99609375
v 158.755390292 458.75524929 138.707597312 0.99609375
v 150.792493849 458.547442593 139.050842867 0.99609375
v 157.211704077 459.036959263 139.342244256 0.99609375
v 145.935995691 444.763390046 139.298000207 0.99609375
v 160.78987855 444.757090784 139.751454155 0.99609375
v 146.161804119 444.973101653 139.803723757 0.99609375
v 160.53625464 444.865574355 139.537884548 0.99609375
v 146.527610182 445.683675891 139.193810025 0.99609375
v 160.478547675 445.245570421 139.961172785 0.99609375
v 146.200659947 446.008116562 139.196957093 0.99609375
v 160.38403553 445.647627417 139.037581263 0.99609375
v 146.301212635 446.291828109 139.987358345 0.99609375
v 160.833053572 446.237160352 139.353343054 0.99609375
v 146.538056811 446.36923317 139.499527688 0.99609375
v 160.871870627 446.400628557 139.251748309 0.99609375
v 146.331950937 446.552650609 139.111811681 0.99609375
v 160.876988809 446.435685756 139.174280606 0.99609375
v 146.424825967 446.796405447 139.959308315 0.99609375
v 160.710457248 446.981709718 139.124371181 0.99609375
v 146.724055704 447.05500399 139.41210895 0.99609375
v 160.588188997 447.080920675 139.135561535 0.99609375
v 146.771084772 447.379870758 139.248927626 0.99609375
v 160.465057779 447.472032819 139.536082971 0.99609375
v 146.597118844 447.856292642 139.991871983 0.99609375
v 160.521822626 447.767536404 139.204463266 0.99609375
v 147.018379107 448.272599693 139.103987231 0.99609375
v 160.403195906 448.053395918 139.620334021 0.99609375
v 147.203711399 448.54021954 139.162355794 0.99609375
v 160.412223877 448.072188813 139.739115008 0.99609375
v 146.892064383 448.341846361 139.765372833 0.99609375
v 160.764897032 448.670572116 139.206067073 0.99609375
v 147.182587905 448.820134121 139.114950558 0.99609375
v 160.853358115 448.811151431 139.802345202 0.99609375
v 146.787653009 449.337467676 139.413717685 0.99609375
v 160.451445599 449.455607362 139.971614363 0.99609375
v 147.506454631 449.470582266 139.768018072 0.99609375
v 160.675808472 449.469386311 139.895183655 0.99609375
v 147.172797925 449.633380897 139.172359463 0.99609375
v 160.90579851 449.730743048 139.160501222 0.99609375
v 147.387435799 450.287307764 139.174497051 0.99609375
v 161.043338883 450.156230359 139.645060096 0.99609375
v 147.646095743 450.578879943 139.140642447 0.99609375
v 161.21131685 450.651450958 139.580160381 0.99609375
v 147.63080631 450.537872595 139.80978317 0.99609375
v 161.235571149 450.408377945 139.105897953 0.99609375
v 147.553267614 450.841674796 139.101715525 0.99609375
v 161.035723685 451.117886746 139.97036517 0.99609375
v 147.731115959 450.954931043 139.488914748 0.99609375
v 161.113068356 451.475314245 139.351278682 0.99609375
v 147.761288047 451.703544083 139.481292821 0.99609375
v 161.211029336 451.605535263 139.039327381 0.99609375
v 147.712641698 451.984339522 139.757092396 0.99609375
v 160.702613199 451.820544507 139.610976969 0.99609375
v 148.152708259 452.187279845 139.615143519 0.99609375
v 160.878093835 452.325383487 139.791346196 0.99609375
v 148.073632812 452.497692786 139.514030708 0.99609375
v 161.030177117 452.583733794 139.000832396 0.99609375
v 148.069074463 452.720115669 139.710973331 0.99609375
v 160.783722432 452.489348749 139.255910053 0.99609375
v 148.411906391 453.014370453 139.281333936 0.99609375
v 161.126647826 453.120695719 139.077956871 0.99609375
v 148.09719734 453.302774526 139.688567641 0.99609375
v 160.835587898 453.447382971 139.654659424 0.99609375
v 148.172305298 453.568504558 139.151522627 0.99609375
v 160.818643091 453.572842264 139.131943606 0.99609375
v 148.271709612 453.833129414 139.196297175 0.99609375
v 160.911630065 453.771655414 139.341982046 0.99609375
v 148.338283921 454.265250286 139.400394649 0.99609375
v 160.984569666 453.925239507 139.007149145 0.99609375
v 148.303824828 454.202632454 139.313654912 0.99609375
v 161.191173168 454.606180782 139.811390876 0.99609375
v 148.245855914 454.902541527 139.506672514 0.99609375
v 160.773260675 454.920461599 139.183297456 0.99609375
v 148.41154408 455.270204817 139.385881834 0.99609375
v 161.019893216 454.807697546 139.662960425 0.99609375
v 148.569224706 455.192733833 139.727984128 0.99609375
v 161.239370289 455.580316103 139.178893798 0.99609375
v 148.555991058 455.830845175 139.211031196 0.99609375
v 161.039822302 455.315493553 139.370843961 0.99609375
v 148.954459692 456.020821017 139.805526319 0.99609375
v 160.873999346 455.81683502 139.646792919 0.99609375
v 148.904464453 455.914782646 139.263300211 0.99609375
v 161.104207418 456.216229997 139.237314587 0.99609375
v 149.128579008 456.530989069 139.384579318 0.99609375
v 160.722163876 456.197408773 139.625277422 0.99609375
v 149.08263237 457.025753933 139.59116261 0.99609375
v 161.23864284 456.719294788 139.910613245 0.99609375
v 149.304680053 456.857157774 139.262678191 0.99609375
v 161.066269498 456.911140131 139.780463948 0.99609375
v 149.247304065 457.283309163 139.438901193 0.99609375
v 161.149571041 457.278844565 139.425148467 0.99609375
v 149.466327929 457.442329713 139.963145678 0.99609375
v 161.012888898 457.464921467 139.668695614 0.99609375
v 149.382303903 458.120547204 139.149611582 0.99609375
v 160.92169342 457.651369003 139.885281032 0.99609375
v 153.582238944 458.145375906 139.258382928 0.99609375
v 161.016081752 458.191948153 139.149839261 0.99609375
v 146.959522038 444.963695192 140.071241357 0.99609375
v 160.958550296 444.842060289 139.53248406 0.99609375
v 147.136872658 445.067065663 140.453728721 0.99609375
v 160.711448873 445.279908555 139.905538504 0.99609375
v 146.871305263 445.642290159 140.344018635 0.99609375
v 160.931981028 445.573291767 140.452470304 0.99609375
v 146.660632695 445.972493558 140.280777928 0.99609375
v 161.096822934 445.967388826 139.593106896 0.99609375
v 146.756067994 446.076376148 140.086926571 0.99609375
v 160.853755635 445.980929344 140.458505019 0.99609375
v 146.503081058 446.265860997 139.62518372 0.99609375
v 161.10736375 446.438889974 139.927652997 0.99609375
v 146.705177654 446.385814962 140.390431762 0.99609375
v 160.676162899 446.46583821 139.68500021 0.99609375
v 147.076039361 446.954769766 140.034290164 0.99609375
v 160.779015804 447.074757222 140.030929841 0.99609375
v 147.159775348 447.376448874 140.10784759 0.99609375
v 160.921316332 447.215455708 139.920310081 0.99609375
v 147.314278322 447.500705989 139.892108395 0.99609375
v 161.188282978 447.312152773 140.289590087 0.99609375
v 146.82061336 447.605508288 139.75194824 0.99609375
v 160.661196029 447.861251493 139.672805023 0.99609375
v 147.20745941 448.326214557 139.987640216 0.99609375
v 161.154373873 448.334255833 140.29659023 0.99609375
v 147.303313491 448.563021207 140.3968765 0.99609375
v 161.143519342 448.190840889 140.356312341 0.99609375
v 147.073127928 448.512544378 139.887514819 0.99609375
v 161.102852143 448.515694111 140.350401783 0.99609375
v 147.585174225 448.746704862 140.011966015 0.99609375
v 161.153794051 449.041137223 140.062016377 0.99609375
v 147.262484662 449.275523308 140.029991749 0.99609375
v 160.998406869 449.410192313 140.290055688 0.99609375
v 147.396291446 449.51815632 140.19984969 0.99609375
v 160.947408732 449.335021114 140.473538681 0.99609375
v 147.468226784 449.88189547 139.928538424 0.99609375
v 160.930248919 449.760656537 139.579862896 0.99609375
v 147.569976291 450.200510395 139.808079875 0.99609375
v 160.722010799 449.869153555 139.655300754 0.99609375
v 147.554754257 450.358775856 139.523416234 0.99609375
v 161.142074281 450.29834829 139.958759523 0.99609375
v 148.007461514 450.736792585 140.004026807 0.99609375
v 161.216850969 450.381829743 140.253315919 0.99609375
v 147.702024912 451.202984232 140.491928443 0.99609375
v 160.898383333 450.873518803 140.153684426 0.99609375
v 147.71440948 451.508037475 140.453833821 0.99609375
v 160.680620689 451.098216086 139.763941572 0.99609375
v 147.653886722 451.690517968 139.909278071 0.99609375
v 161.013707761 451.514545457 140.372080418 0.99609375
v 147.781238553 452.057779099 140.486257475 0.99609375
v 161.092457345 451.532474095 139.688135672 0.99609375
v 148.268883642 452.060916527 139.594439536 0.99609375
v 160.993768625 451.959911159 139.511709999 0.99609375
v 148.132779427 452.350134243 139.808237239 0.99609375
v 161.157525171 452.688187049 139.901419335 0.99609375
v 148.215104197 452.57277389 140.362053408 0.99609375
v 160.939320164 452.761189324 139.521895889 0.99609375
v 148.293115248 452.919170096 140.092122883 0.99609375
v 161.214723646 453.223304644 140.136391302 0.99609375
v 148.342933582 453.254544741 139.870708084 0.99609375
v 161.059017979 453.154926744 139.501917308 0.99609375
v 148.685310068 453.822966649 139.71531057 0.99609375
v 161.217126656 453.685129223 140.25144678 0.99609375
v 148.751177488 453.78665735 140.196395527 0.99609375
v 161.053146593 453.755063377 139.502730229 0.99609375
v 148.490486574 454.090320827 139.877972374 0.99609375
v 160.933654605 454.400563895 140.135477848 0.99609375
v 148.306038955 454.35191674 140.200747949 0.99609375
v 160.96196277 454.377220367 139.641992384 0.99609375
v 148.476397764 454.901660366 140.215289928 0.99609375
v 161.099269132 454.989132795 140.372188676 0.99609375
v 148.632412402 454.786590118 140.415063655 0.99609375
v 161.115744754 454.732857408 140.124512022 0.99609375
v 148.643193607 455.584017821 140.122550098 0.99609375
v 160.737750197 455.06255953 140.174899201 0.99609375
v 149.041639242 455.382135637 139.610794386 0.99609375
v 160.77618456 455.597578468 140.307319685 0.99609375
v 148.835079522 455.838969627 140.267520935 0.99609375
v 160.760036423 455.732292717 139.50095473 0.99609375
v 152.747341989 456.133252877 140.337113907 0.99609375
v 161.090133289 456.39384408 140.323244617 0.99609375
v 153.480347795 456.494193852 140.086103297 0.99609375
v 158.818414275 456.602013436 139.725065597 0.99609375
v 147.280514099 444.385259359 140.742447026 0.99609375
v 161.001258538 444.685050746 140.955565358 0.99609375
v 147.114633514 445.116931029 140.515476574 0.99609375
v 160.758270627 444.597888856 140.195001344 0.99609375
v 147.417462177 445.420654058 140.102631001 0.99609375
v 160.68706417 445.409596445 140.086980987 0.99609375
v 147.375602788 445.488876425 140.699542456 0.99609375
v 161.065226993 445.256113312 140.016712078 0.99609375
v 147.475020904 445.754039838 140.72018162 0.99609375
v 160.877866045 445.768246506 140.161281783 0.99609375
v 147.306690263 446.283709844 140.552966337 0.99609375
v 160.984644499 446.21390767 140.688286222 0.99609375
v 147.178440911 446.305960064 140.997943735 0.99609375
v 160.818581423 446.479899783 140.021688975 0.99609375
v 146.93151287 446.759479781 140.892614834 0.99609375
v 161.204381899 446.604105542 140.358487062 0.99609375
v 146.771876262 446.91758746 140.100098115 0.99609375
v 160.95867426 446.962647238 140.733356585 0.99609375
v 147.24046229 447.225397757 140.868522894 0.99609375
v 160.88698903 447.421268152 140.189052838 0.99609375
v 147.113737347 447.311502869 140.17162682 0.99609375
v 160.705844896 447.434793107 140.555829544 0.99609375
v 147.466871996 447.559925359 140.134548658 0.99609375
v 160.807085663 447.543471897 140.325572941 0.99609375
v 147.111942316 448.078755536 140.813866706 0.99609375
v 160.892396946 448.038538889 140.454528737 0.99609375
v 147.523148188 448.488184934 140.452850459 0.99609375
v 160.927793814 448.486255043 140.714726236 0.99609375
v 147.10597851 448.425003898 140.750967695 0.99609375
v 161.217885118 448.860293827 140.290530167 0.99609375
v 147.575311855 448.860868461 140.564081269 0.99609375
v 161.45310014 448.772984501 140.34923623 0.99609375
v 147.377050473 448.928741242 140.483106981 0.99609375
v 161.078025328 448.999790849 140.278227118 0.99609375
v 147.509100577 449.426846582 140.176629928 0.99609375
v 161.008665426 449.524133492 140.728539857 0.99609375
v 147.402771993 449.583968553 140.246237364 0.99609375
v 161.052524558 449.833682925 140.858244725 0.99609375
v 147.58477162 450.128934588 140.534464459 0.99609375
v 161.397242217 449.889541936 140.342425336 0.99609375
v 147.938017832 450.263354252 140.347054721 0.99609375
v 160.993523452 450.130378376 140.054206157 0.99609375
v 147.961900601 450.527338161 140.593530397 0.99609375
v 161.101576426 450.884014928 140.328433941 0.99609375
v 147.715721274 450.878622596 140.960744185 0.99609375
v 161.057511988 450.845584564 140.905517565 0.99609375
v 147.796700183 451.257074238 140.914458767 0.99609375
v 161.182949645 451.05242684 140.838254201 0.99609375
v 148.045511705 451.649590628 140.745868824 0.99609375
v 161.00700909 451.257648818 140.883561539 0.99609375
v 148.45371525 451.78058907 140.801720856 0.99609375
v 161.170760857 451.996963996 140.690133893 0.99609375
v 148.209990471 452.254624384 140.917205542 0.99609375
v 161.234822404 451.875413542 140.921923858 0.99609375
v 148.698163145 452.251698565 140.474391452 0.99609375
v 161.028632388 452.41149218 140.049969213 0.99609375
v 148.354504901 452.496946734 140.553730674 0.99609375
v 161.384541691 452.430564535 140.220128541 0.99609375
v 148.539351828 453.089408903 140.283045587 0.99609375
v 161.090410815 453.162916538 140.154564313 0.99609375
v 148.570949861 453.457482516 140.794303435 0.99609375
v 160.817528547 453.13006074 140.828435476 0.99609375
v 148.33368604 453.832361017 140.08105341 0.99609375
v 160.875030305 453.50251049 140.157189381 0.99609375
v 148.62183965 453.713139996 140.46626142 0.99609375
v 160.801437049 453.981941241 140.601825672 0.99609375
v 149.034100872 454.245367356 140.1372805 0.99609375
v 161.348444311 453.870352908 140.708113559 0.99609375
v 148.567277465 454.384240263 140.567288158 0.99609375
v 160.959459006 454.67267993 140.591938429 0.99609375
v 148.497773165 454.974679432 140.035438304 0.99609375
v 160.979433651 454.782160135 140.21234014 0.99609375
v 149.185721304 455.193256046 140.194280538 0.99609375
v 161.435140595 454.989421882 140.337956961 0.99609375
v 149.259183597 455.472380664 140.645852881 0.99609375
v 161.509802693 455.303906393 140.315226766 0.99609375
v 149.243577274 455.443144012 140.698721417 0.99609375
v 161.332098671 455.440761638 140.549992372 0.99609375
v 149.443726055 455.847287131 140.543673849 0.99609375
v 161.403354458 455.95457018 140.937293653 0.99609375
v 149.154718117 456.345369601 140.501136973 0.99609375
v 161.415708946 455.993105248 140.334588574 0.99609375
v 149.145596073 456.633990408 140.963896423 0.99609375
v 160.001547259 456.297145692 140.610653739 0.99609375
v 152.913407976 456.502516462 140.195755604 0.99609375
v 159.430049684 456.508913507 140.410282733 0.99609375
v 147.870847883 444.612590965 140.975469113 0.99609375
v 160.781589577 444.666085676 140.702045372 0.99609375
v 147.423014063 445.070661472 141.282948674 0.99609375
v 160.65725247 444.982938701 140.839513146 0.99609375
v 147.852086079 444.883596436 140.919415132 0.99609375
v 160.414527533 445.009358172 140.689761565 0.99609375
v 147.248530194 445.492224285 141.331798654 0.99609375
v 160.516854516 445.402081121 141.470110159 0.99609375
v 147.163134007 445.446976688 140.890852541 0.99609375
v 160.62784975 445.500251902 141.441268011 0.99609375
v 147.341740395 446.251965489 140.763445218 0.99609375
v 161.353956786 445.773033999 140.622012624 0.99609375
v 147.22596225 446.199937362 140.689712533 0.99609375
v 160.980529205 446.267054639 140.639173822 0.99609375
v 147.346250235 446.60616656 140.533072224 0.99609375
v 160.964192078 446.372238434 141.19293558 0.99609375
v 147.297559178 446.699997801 141.306326066 0.99609375
v 161.460823419 446.879396441 141.481519169 0.99609375
v 147.338844223 447.168353857 140.852031929 0.99609375
v 161.445169342 447.03937031 140.761719172 0.99609375
v 147.513875039 447.403428243 141.179032368 0.99609375
v 161.414659667 447.724469097 140.555841628 0.99609375
v 147.450192925 447.513810937 140.926279973 0.99609375
v 161.062464635 447.758481159 140.582132534 0.99609375
v 147.159392044 447.823350775 141.384200355 0.99609375
v 161.239543868 447.780599196 140.736233624 0.99609375
v 147.346308973 448.081989754 141.144289785 0.99609375
v 160.976789087 448.520715818 140.740926175 0.99609375
v 147.415608741 448.504712355 141.105218966 0.99609375
v 161.465202508 448.664397374 140.937103113 0.99609375
v 147.894138111 448.771205024 140.892671878 0.99609375
v 161.399673189 448.855922387 141.360199529 0.99609375
v 147.625368357 448.945765807 141.393691489 0.99609375
v 161.367862029 449.03472903 140.820844544 0.99609375
v 147.843079668 449.227656274 140.672627823 0.99609375
v 161.229917629 449.418452188 141.4779882 0.99609375
v 147.969006562 449.850073095 141.27458773 0.99609375
v 161.201369485 449.530827807 141.203080924 0.99609375
v 148.012936231 450.312804371 140.628345639 0.99609375
v 161.398742618 450.118246963 141.298928244 0.99609375
v 147.628507338 450.564112743 141.218724873 0.99609375
v 160.950249609 450.173943809 141.452025165 0.99609375
v 147.692770815 450.889994386 141.210950118 0.99609375
v 161.523338938 450.531711752 140.660348997 0.99609375
v 148.219781084 450.996274827 141.481841253 0.99609375
v 161.503382172 451.235049836 141.279481626 0.99609375
v 148.190857824 451.310927672 141.191880384 0.99609375
v 161.320366726 451.462075623 140.779530457 0.99609375
v 148.449455442 451.720705976 141.004522783 0.99609375
v 161.238485809 451.409556517 140.971690253 0.99609375
v 148.285247606 451.806225687 141.223504984 0.99609375
v 161.028466086 451.697331395 140.750221937 0.99609375
v 148.623323985 452.107397631 140.757120667 0.99609375
v 161.110405056 451.932326535 141.039359905 0.99609375
v 148.691327123 452.342142392 140.912045841 0.99609375
v 161.043886526 452.658869466 141.470145809 0.99609375
v 148.66283357 452.433618762 140.83542875 0.99609375
v 161.233147203 452.90413149 141.21760872 0.99609375
v 148.743035029 452.825583412 141.291067373 0.99609375
v 161.102854994 452.733417329 140.717404714 0.99609375
v 149.008564882 453.40020415 140.937641279 0.99609375
v 161.297465944 453.015330601 140.525313277 0.99609375
v 148.909436807 453.404998672 140.92410384 0.99609375
v 161.480455983 453.655325878 141.423391719 0.99609375
v 148.858866014 453.72143563 140.760061299 0.99609375
v 161.380640582 453.832518831 141.184847801 0.99609375
v 149.175185916 454.27864691 140.534293981 0.99609375
v 161.368911974 454.26717753 141.216737052 0.99609375
v 151.268701393 454.64733136 140.715928908 0.99609375
v 161.239491013 454.305612539 141.403009063 0.99609375
v 154.064110564 454.591512779 140.763671829 0.99609375
v 147.705897119 444.609468578 141.906020212 0.99609375
v 160.578541934 444.407238166 141.742783001 0.99609375
v 147.336666657 444.649242045 141.392477803 0.99609375
v 160.308187789 445.133723444 141.05484152 0.99609375
v 147.547705371 445.024682032 141.902342235 0.99609375
v 160.294400185 445.005082961 141.826262392 0.99609375
v 147.821463343 445.539334991 141.343800172 0.99609375
v 160.500633439 445.435221655 141.746299034 0.99609375
v 147.700984244 445.63897975 141.015566907 0.99609375
v 160.865252324 445.832460831 141.993368909 0.99609375
v 147.818153465 445.953388782 141.615552119 0.99609375
v 160.770114108 446.23433908 141.074907427 0.99609375
v 147.501527759 446.45833967 141.33350895 0.99609375
v 160.387046269 446.184573783 141.074399311 0.99609375
v 147.78610296 446.447750667 141.778868202 0.99609375
v 160.850921808 446.77406703 141.084703113 0.99609375
v 147.770894832 446.924251718 141.77629345 0.99609375
v 161.064224789 447.116060008 141.517866034 0.99609375
v 147.897259995 447.440512711 141.389491517 0.99609375
v 161.186998358 447.29076578 141.198802089 0.99609375
v 147.535610252 447.48980995 141.727907872 0.99609375
v 161.363208937 447.545213254 141.107456278 0.99609375
v 147.621210131 447.941112989 141.464523404 0.99609375
v 161.216236333 447.701721444 141.820463198 0.99609375
v 147.556666246 448.010012161 141.007894942 0.99609375
v 161.175546646 448.167642821 141.684284163 0.99609375
v 147.873453784 448.114727488 141.40013923 0.99609375
v 161.085238276 448.317908867 141.259040801 0.99609375
v 147.633108745 448.715622059 141.206127377 0.99609375
v 161.014034867 448.566374402 141.686482589 0.99609375
v 147.756082337 448.691116495 141.230476701 0.99609375
v 161.433083131 449.073003186 141.969404402 0.99609375
v 147.676357829 449.057640134 141.931932496 0.99609375
v 161.034371499 449.028107363 141.335303958 0.99609375
v 147.861085186 449.281624699 141.682564677 0.99609375
v 161.390671402 449.534962815 141.786297481 0.99609375
v 148.145473533 449.818147128 141.332764251 0.99609375
v 161.316595333 449.618337467 141.070792465 0.99609375
v 147.866210791 450.160567269 141.583653535 0.99609375
v 161.123185769 449.814118162 141.181771541 0.99609375
v 147.994898424 450.609231237 141.579135295 0.99609375
v 161.009629155 450.353439735 141.26653832 0.99609375
v 148.016418271 450.905449055 141.825318142 0.99609375
v 161.054553193 450.60653943 141.965471095 0.99609375
v 147.963101219 450.700398531 141.357937903 0.99609375
v 161.361487559 450.758083089 141.811840471 0.99609375
v 147.938668492 451.24641209 141.259949285 0.99609375
v 160.975873741 451.239877871 141.360832044 0.99609375
v 148.11829613 451.672788024 141.811080457 0.99609375
v 161.281735445 451.482109097 141.175209374 0.99609375
v 148.57499922 451.919178435 141.282436672 0.99609375
v 161.009470728 451.954130621 141.615326943 0.99609375
v 148.205485931 452.00963026 141.071271423 0.99609375
v 161.504163861 452.136299369 141.2004548 0.99609375
v 148.740563275 452.3377709 141.857344646 0.99609375
v 161.461281122 452.614830502 141.75252252 0.99609375
v 148.610569449 452.675838632 141.466173058 0.99609375
v 161.528521057 452.724710226 141.61039262 0.99609375
v 148.588753096 452.866400934 141.396746771 0.99609375
v 161.248406344 453.004935351 141.171407376 0.99609375
v 148.72965009 453.048255682 141.712052666 0.99609375
v 161.390894977 453.308748317 141.410477769 0.99609375
v 149.34919601 453.40451624 141.787208942 0.99609375
v 160.979187699 453.405799003 141.779201713 0.99609375
v 149.159335728 453.788273307 141.838750411 0.99609375
v 161.389092242 453.744869874 141.465686333 0.99609375
v 149.119071774 454.144736661 141.810119929 0.99609375
v 160.582036654 454.011999698 141.13168613 0.99609375
v 149.554579751 454.20026544 141.308261293 0.99609375
v 160.811232587 454.190377057 141.696120071 0.99609375
v 152.535944056 454.783004141 141.626210054 0.99609375
v 160.428679515 454.712823415 141.430680522 0.99609375
v 153.882514798 454.912483392 141.178866491 0.99609375
v 160.102284557 454.825118382 141.351098441 0.99609375
v 155.348972028 455.149583963 141.483329301 0.99609375
v 159.263287547 455.563303458 141.331918553 0.99609375
v 148.053441483 444.067928848 142.14542958 0.99609375
v 160.488312806 444.45744464 141.721943873 0.99609375
v 148.144154362 444.460853112 141.903933753 0.99609375
v 160.194119162 444.841568836 141.502376135 0.99609375
v 147.864989698 444.861605482 141.779032198 0.99609375
v 160.336777252 444.640220251 141.694449032 0.99609375
v 147.850478785 445.399884837 141.685112143 0.99609375
v 159.957958769 445.025064696 141.790925148 0.99609375
v 147.578928625 445.579631328 142.416856681 0.99609375
v 159.923850118 445.410119089 142.162498989 0.99609375
v 147.741164883 445.555529657 142.324425213 0.99609375
v 160.131201815 445.610208501 141.975858405 0.99609375
v 147.327505137 446.222203523 141.947236875 0.99609375
v 160.657843856 446.005137385 141.680932534 0.99609375
v 147.469635502 446.303637865 141.563626339 0.99609375
v 160.419288399 446.216115825 141.880539388 0.99609375
v 147.479523333 446.654266276 141.655860888 0.99609375
v 160.357523837 446.854575086 142.171572824 0.99609375
v 147.528030865 446.850076511 141.644849992 0.99609375
v 160.461237814 446.869843346 142.437500224 0.99609375
v 147.543755945 446.922344485 142.10979777 0.99609375
v 160.935968197 447.047495603 142.313195889 0.99609375
v 147.352648797 447.251822687 142.079216123 0.99609375
v 160.806081756 447.335085024 142.121367547 0.99609375
v 147.516591633 447.607463145 142.423432784 0.99609375
v 160.855586056 447.887534562 141.61524223 0.99609375
v 147.537588464 448.190808237 142.029353261 0.99609375
v 160.746476382 447.814160808 141.894023307 0.99609375
v 147.522074418 448.212479962 142.112585725 0.99609375
v 160.825238642 448.078159051 141.671834131 0.99609375
v 147.619485663 448.570196675 141.914651027 0.99609375
v 161.386390456 448.716334546 142.359334364 0.99609375
v 148.103084562 448.655530842 142.121818643 0.99609375
v 161.221011117 448.669042388 142.061093001 0.99609375
v 147.949006482 449.025938839 142.082824519 0.99609375
v 161.105143623 449.082779502 142.171214631 0.99609375
v 148.030311198 449.65656599 141.569608934 0.99609375
v 160.983607364 449.32381066 142.23652328 0.99609375
v 147.766772806 450.051599063 141.806761831 0.99609375
v 161.084366656 449.77265296 142.362734776 0.99609375
v 148.393646301 449.916070366 142.448241348 0.99609375
v 161.077214989 450.304301699 141.735892725 0.99609375
v 148.356217287 450.243774065 141.76870279 0.99609375
v 161.415868845 450.45648443 142.418240348 0.99609375
v 148.426680153 450.511139704 142.248559356 0.99609375
v 161.437760919 450.419041792 142.141903078 0.99609375
v 148.134355348 451.145944327 142.01273508 0.99609375
v 160.714118852 450.841772118 142.164728576 0.99609375
v 148.199985084 451.397059584 142.285042941 0.99609375
v 161.086370686 451.314104226 142.221003175 0.99609375
v 148.597148523 451.805090317 142.430639042 0.99609375
v 161.402156638 451.594440319 141.546256235 0.99609375
v 148.345334201 451.713963214 142.30415294 0.99609375
v 161.407773612 452.106714136 141.846638321 0.99609375
v 148.573278491 452.270542936 141.65989479 0.99609375
v 161.083269108 452.078867633 142.480529106 0.99609375
v 148.975381989 452.688331919 142.041070301 0.99609375
v 160.916938295 452.594671981 141.626510754 0.99609375
v 148.591242919 452.447459359 142.219084623 0.99609375
v 160.985425568 452.586655577 141.980562425 0.99609375
v 148.724126434 453.001271951 141.507838334 0.99609375
v 161.097469737 452.966486209 142.431030417 0.99609375
v 148.97032611 453.516331862 142.396976632 0.99609375
v 160.992882477 453.311051241 141.627800445 0.99609375
v 151.511523038 453.684840051 142.12622712 0.99609375
v 161.186227462 453.427016637 142.231251409 0.99609375
v 154.010764575 454.082913227 141.711268548 0.99609375
v 158.287549345 453.822483007 141.871265996 0.99609375
v 147.944719505 444.433629174 142.979672562 0.99609375
v 159.241551011 444.041002118 142.141584316 0.99609375
v 148.071916437 444.348880926 142.132306989 0.99609375
v 159.715608656 444.475906725 142.305830255 0.99609375
v 147.636432914 444.827674265 142.416484694 0.99609375
v 159.652854729 444.803101359 142.218182142 0.99609375
v 147.846815326 445.198095185 142.958095284 0.99609375
v 159.968734877 445.223775651 142.211251239 0.99609375
v 147.503895047 445.424631421 142.807400342 0.99609375
v 159.770609379 445.605879239 142.085190924 0.99609375
v 147.649357959 445.639974777 142.603533207 0.99609375
v 159.808332567 445.778991449 142.059947269 0.99609375
v 147.433230047 445.98203033 142.507235196 0.99609375
v 160.033094348 445.737506181 142.31328298 0.99609375
v 147.43163902 446.396543048 142.0655765 0.99609375
v 160.008458231 446.090086046 142.895865929 0.99609375
v 147.776235602 446.528453699 142.877355325 0.99609375
v 159.665889752 446.317314911 142.006549845 0.99609375
v 147.443393908 446.960810966 142.261508469 0.99609375
v 160.121504009 447.004636719 142.925522654 0.99609375
v 147.672830857 447.383619736 142.036596614 0.99609375
v 159.928926478 447.383006857 142.047006265 0.99609375
v 147.614352508 447.638902931 142.243220058 0.99609375
v 160.058703385 447.64735536 142.582089845 0.99609375
v 147.398209481 447.811613973 142.475562711 0.99609375
v 159.989065915 447.893628605 142.739765566 0.99609375
v 147.375999149 447.926331601 142.374919942 0.99609375
v 160.346130314 448.143880563 142.739809167 0.99609375
v 147.86600673 448.461117461 142.434172278 0.99609375
v 160.324345649 448.529471821 142.751033177 0.99609375
v 147.402208336 448.489970457 142.682440967 0.99609375
v 160.080318878 448.906691312 142.422756902 0.99609375
v 148.051727484 449.012122044 142.3387528 0.99609375
v 160.938966933 448.97194026 142.985143268 0.99609375
v 147.629498092 449.045113819 142.742391682 0.99609375
v 160.376955498 449.371757 142.890933568 0.99609375
v 147.810864245 449.283066254 142.658205946 0.99609375
v 160.881059796 449.315432427 142.480701679 0.99609375
v 148.115746795 449.767025449 142.756140971 0.99609375
v 161.140559729 450.063373243 142.434337173 0.99609375
v 148.27695831 449.975437885 142.916415852 0.99609375
v 161.195255696 449.964495105 142.284319838 0.99609375
v 148.035965232 450.101125099 142.18340184 0.99609375
v 160.934349469 450.578511558 142.300704015 0.99609375
v 148.391987499 450.657513651 142.295449708 0.99609375
v 161.05993612 450.410669284 142.632186107 0.99609375
v 148.295330753 450.791785783 142.99073456 0.99609375
v 160.67497782 451.173058078 142.171691118 0.99609375
v 148.415028478 451.383817974 142.988920862 0.99609375
v 161.122404116 451.021650998 142.662147918 0.99609375
v 148.297757525 451.722443215 142.580481709 0.99609375
v 160.712084415 451.818732799 142.268695408 0.99609375
v 148.684784832 451.936254633 142.512639672 0.99609375
v 160.980903331 451.815414554 142.625323177 0.99609375
v 148.239482852 451.965890029 142.728713684 0.99609375
v 161.023734437 452.231863318 142.513019862 0.99609375
v 148.647021443 452.303009274 142.506785693 0.99609375
v 160.690974692 452.411745981 142.276902481 0.99609375
v 148.971222192 452.754608416 142.18903281 0.99609375
v 159.246067358 452.515586137 142.207811509 0.99609375
v 149.033151762 453.072894477 142.525749374 0.99609375
v 156.441545337 452.901624277 142.77310222 0.99609375
v 149.188137973 453.432662686 142.283385091 0.99609375
v 147.635927128 444.538552089 142.582053974 0.99609375
v 158.947260942 444.468356524 143.290424868 0.99609375
v 147.356096233 444.632111351 142.878379499 0.99609375
v 159.060054764 444.455051419 143.328702961 0.99609375
v 147.658289098 445.137623436 143.130469406 0.99609375
v 159.392358052 444.922598557 143.295631103 0.99609375
v 147.569035681 444.934538113 143.148436672 0.99609375
v 158.98184003 445.196780485 143.406892055 0.99609375
v 147.321213732 445.17082924 142.736654528 0.99609375
v 159.46846813 445.448973615 142.838182175 0.99609375
v 147.771903626 445.663613068 143.358544612 0.99609375
v 159.20811162 445.754207045 143.254841718 0.99609375
v 147.754750697 445.781142846 142.549854675 0.99609375
v 159.589309618 446.106058102 143.107170071 0.99609375
v 147.738511196 446.473506142 142.595297899 0.99609375
v 159.771098585 446.357259693 142.817814115 0.99609375
v 147.422896336 446.559893018 143.245342567 0.99609375
v 159.700297823 446.881727549 142.83461976 0.99609375
v 147.446903851 446.661757482 143.064981487 0.99609375
v 159.628511939 446.620964912 143.148502894 0.99609375
v 147.508900206 446.969928781 143.197376026 0.99609375
v 159.422576766 447.387593111 143.038535456 0.99609375
v 147.566702171 447.619001454 143.015400959 0.99609375
v 159.620016461 447.659510854 142.784823304 0.99609375
v 147.837994627 447.921475961 143.146018834 0.99609375
v 159.688309436 447.550981423 143.370116741 0.99609375
v 147.487234649 448.296034248 143.199574748 0.99609375
v 159.938103905 448.018511013 143.230196067 0.99609375
v 147.533982459 448.253468218 142.948879353 0.99609375
v 159.835237969 448.453687652 143.314953877 0.99609375
v 147.859690897 448.878393465 143.183739171 0.99609375
v 159.503650507 448.784075611 143.048406697 0.99609375
v 147.388945444 449.034758812 143.310482575 0.99609375
v 159.841725804 448.893541671 142.502203177 0.99609375
v 148.09328715 449.432024281 143.251783491 0.99609375
v 160.104654478 449.148351162 142.7950562 0.99609375
v 148.178976025 449.600976853 143.381694768 0.99609375
v 160.351150216 449.348720684 142.984176515 0.99609375
v 148.141037452 449.530426437 143.16215484 0.99609375
v 160.258010225 449.667274311 143.410723269 0.99609375
v 148.019770634 450.045800005 143.429485516 0.99609375
v 160.115380555 450.03386154 143.215917313 0.99609375
v 147.631645595 450.300334077 143.285866177 0.99609375
v 160.491024986 450.274877852 143.116350014 0.99609375
v 148.174689516 450.798541065 143.268396641 0.99609375
v 160.48484717 450.914800994 142.841860319 0.99609375
v 148.450129769 450.695894523 142.572321935 0.99609375
v 160.714355457 450.862054942 143.03246584 0.99609375
v 148.070785802 451.465059579 142.681623557 0.99609375
v 160.99569782 451.295292026 143.132323684 0.99609375
v 148.129240039 451.429296417 142.693700786 0.99609375
v 160.796958333 451.750018854 142.534289487 0.99609375
v 148.236251141 452.045469564 142.532137629 0.99609375
v 160.741994987 451.722898721 143.494606886 0.99609375
v 148.474086566 452.274222469 143.113116479 0.99609375
v 160.881368383 452.2287633 142.836845746 0.99609375
v 148.909164396 452.461426984 143.155783674 0.99609375
v 160.706858539 452.463069597 142.917549782 0.99609375
v 148.539783506 452.850151884 142.626787022 0.99609375
v 160.694015058 452.416821034 143.41664811 0.99609375
v 157.60284819 452.995565216 143.099599065 0.99609375
v 161.515242247 452.795261841 142.702339996 0.99609375
v 159.258290015 453.51154225 142.641281515 0.99609375
v 161.319361715 453.505545376 142.610385292 0.99609375
v 161.445135028 453.469939925 143.306977849 0.99609375
v 147.920967736 444.239524628 143.667996206 0.99609375
v 159.097711694 444.117618064 143.415096625 0.99609375
v 147.495761577 444.322114643 143.649051894 0.99609375
v 158.794415015 444.531069298 143.988272517 0.99609375
v 147.336295894 444.443145034 143.63312161 0.99609375
v 158.457016591 444.29552059 143.501259716 0.99609375
v 147.67748928 444.790554483 143.621304368 0.99609375
v 158.41810799 444.933412159 143.136729279 0.99609375
v 147.851635902 445.02177458 143.27380712 0.99609375
v 158.84349754 445.232721348 143.468044678 0.99609375
v 147.358125149 445.265650789 143.899460626 0.99609375
v 158.779090937 445.48596917 143.962788772 0.99609375
v 147.525933905 445.633873137 143.9866247 0.99609375
v 158.668739306 445.923244213 143.008087817 0.99609375
v 147.391433208 446.03122843 143.586100558 0.99609375
v 158.934784859 445.985756637 143.379510789 0.99609375
v 147.525953964 446.273919955 143.42605307 0.99609375
v 158.812795034 446.391931502 143.460165961 0.99609375
v 147.499115732 446.374150009 143.449862284 0.99609375
v 159.139895167 446.499276228 143.456123295 0.99609375
v 147.114231512 447.118360581 143.772178178 0.99609375
v 158.984733888 447.037908885 143.470518078 0.99609375
v 147.341230345 447.20609221 143.717572468 0.99609375
v 159.120870914 447.4163913 143.293894328 0.99609375
v 147.146315832 447.549342379 143.199134883 0.99609375
v 159.416169059 447.3574693 143.100522885 0.99609375
v 147.582638039 447.843224636 143.15180751 0.99609375
v 159.265062317 447.740495847 143.574615735 0.99609375
v 147.104600557 447.901372886 143.02744422 0.99609375
v 159.489678802 447.872868388 143.751555355 0.99609375
v 147.853146626 448.363618395 143.064742889 0.99609375
v 159.129688881 448.217160734 143.695751133 0.99609375
v 147.521183573 448.838152766 143.570936932 0.99609375
v 159.383488721 448.819707888 143.796574829 0.99609375
v 147.410059172 448.646662576 143.192038248 0.99609375
v 159.440615842 448.953571417 143.396435945 0.99609375
v 147.750423977 448.961866217 143.995411223 0.99609375
v 159.5520895 449.287236892 143.875001094 0.99609375
v 147.620270974 449.558072185 143.059628194 0.99609375
v 159.333412283 449.685099889 143.254278742 0.99609375
v 147.843946294 449.695217014 143.821963449 0.99609375
v 159.758989544 449.528271347 143.033707897 0.99609375
v 147.680069552 450.170902645 143.956382115 0.99609375
v 159.898191389 450.263236872 143.302745937 0.99609375
v 147.723556648 450.26606023 143.576328797 0.99609375
v 159.782156565 450.596704314 143.758095282 0.99609375
v 147.73514576 450.444763169 143.846723218 0.99609375
v 160.201516371 450.585674427 143.036155624 0.99609375
v 148.194592112 450.987112752 143.169128055 0.99609375
v 160.015432424 451.065571425 143.872037369 0.99609375
v 148.115649415 451.043224413 143.772165873 0.99609375
v 159.921519176 451.144896815 143.596948237 0.99609375
v 148.182842309 451.812655566 143.164852538 0.99609375
v 160.523639451 451.796834904 143.716844459 0.99609375
v 147.955725526 452.043602133 143.28848855 0.99609375
v 160.575541038 452.008976811 143.255382268 0.99609375
v 154.354530714 451.889155519 143.791605033 0.99609375
v 160.553598235 451.836081536 143.829121093 0.99609375
v 155.141573013 452.636817596 143.735865454 0.99609375
v 160.559895919 452.422700461 143.497935852 0.99609375
v 156.979431826 452.869398734 143.07761708 0.99609375
v 160.826033782 452.684247059 143.10010831 0.99609375
v 158.345975015 452.864688872 143.662365257 0.99609375
v 161.013705496 453.237726544 143.900700097 0.99609375
v 147.836398119 444.182040298 144.307315453 0.99609375
v 158.307674822 443.702065209 144.416269234 0.99609375
v 147.789219277 444.07329008 143.808569178 0.99609375
v 158.349222263 444.382914244 144.341975772 0.99609375
v 148.014669478 444.545847074 143.607247559 0.99609375
v 158.488922047 444.438320381 144.384303215 0.99609375
v 147.584917187 444.621657891 143.751246839 0.99609375
v 158.160662047 444.974974289 144.277203429 0.99609375
v 147.818054828 444.860359639 143.612828104 0.99609375
v 158.450058156 445.250569777 144.242031971 0.99609375
v 147.605633719 445.700264714 143.903151592 0.99609375
v 158.257576778 445.432159334 144.061815911 0.99609375
v 147.129594452 445.84020673 143.692755945 0.99609375
v 158.133371427 445.859907504 144.279032855 0.99609375
v 147.299088397 445.815191767 144.178741611 0.99609375
v 158.399581287 446.068799085 143.746740751 0.99609375
v 147.432108076 446.468635418 143.980729099 0.99609375
v 158.820751799 446.545067253 144.066864447 0.99609375
v 147.575346032 446.85082902 143.751822903 0.99609375
v 158.401647468 446.553749977 143.96462565 0.99609375
v 147.277054059 446.851373853 143.869034728 0.99609375
v 158.90676113 446.742941927 143.739135127 0.99609375
v 147.193945043 447.00321972 144.318365736 0.99609375
v 158.599000651 447.366415836 143.935762513 0.99609375
v 147.318777253 447.426596564 143.54035001 0.99609375
v 158.637086531 447.631053192 144.178373494 0.99609375
v 147.321071852 447.690412286 144.238682016 0.99609375
v 159.070205728 447.904394172 143.879533414 0.99609375
v 147.17846767 448.141635775 143.506132523 0.99609375
v 159.140949312 448.203558423 144.439629559 0.99609375
v 147.493968685 448.15999613 144.455413511 0.99609375
v 158.932830751 448.513458289 144.254969029 0.99609375
v 147.060647772 448.817155185 144.443491397 0.99609375
v 159.083391341 448.39021769 144.077416206 0.99609375
v 147.425164394 448.809121142 144.110412702 0.99609375
v 159.181055035 449.110178237 143.578451697 0.99609375
v 147.402526596 449.177372994 144.275213139 0.99609375
v 159.398696863 449.223122797 143.885949403 0.99609375
v 147.384090993 449.339584984 144.065953016 0.99609375
v 159.395847378 449.363176044 144.409273169 0.99609375
v 147.84158541 449.606029569 143.723139608 0.99609375
v 159.309881673 449.87179379 143.722644724 0.99609375
v 147.977581939 449.919462381 144.406560906 0.99609375
v 159.162085164 449.874700743 144.234804042 0.99609375
v 147.953178899 450.51578649 143.862891383 0.99609375
v 159.509799037 450.211510936 143.879843933 0.99609375
v 147.904113843 450.47407611 143.65110354 0.99609375
v 159.632280652 450.794664172 144.452345151 0.99609375
v 147.852703854 450.789420013 143.532691747 0.99609375
v 159.261243283 450.893069436 144.039871852 0.99609375
v 148.049630331 451.034200425 144.198019693 0.99609375
v 159.225830235 451.17550254 143.859186124 0.99609375
v 148.432527562 451.742171826 143.576262456 0.99609375
v 159.716103084 451.367309613 144.473867444 0.99609375
v 148.291400416 451.946803871 143.92350234 0.99609375
v 159.521582224 451.931104602 143.625239112 0.99609375
v 148.709033688 452.3969119 144.27555182 0.99609375
v 160.107795694 452.313431499 144.287429186 0.99609375
v 148.628848847 452.642975941 143.588681954 0.99609375
v 159.918520091 452.180867901 144.201396614 0.99609375
v 152.238160554 452.51609621 144.491305744 0.99609375
v 160.062935962 452.44808516 143.907528371 0.99609375
v 154.944497536 453.239971742 143.571699053 0.99609375
v 160.556207055 452.851589721 143.627785079 0.99609375
v 156.539444637 453.32805989 143.869840555 0.99609375
v 160.313965402 453.380878127 143.645015152 0.99609375
v 160.197974714 453.341886049 144.273120201 0.99609375
v 148.279989405 444.384728993 144.211484237 0.99609375
v 148.288457423 444.95235735 144.293345878 0.99609375
v 149.00229312 444.654362873 144.523390443 0.99609375
v 148.069136358 444.963268834 144.714485317 0.99609375
v 158.027374614 445.033233469 144.572261301 0.99609375
v 147.758907106 445.235751857 144.562080196 0.99609375
v 158.335646776 445.226428582 144.999800068 0.99609375
v 147.488666311 445.470047839 144.674153596 0.99609375
v 158.175076746 445.475572561 144.201080801 0.99609375
v 147.368396379 445.865985616 144.3414267 0.99609375
v 158.473671547 445.874083132 144.940366334 0.99609375
v 147.290069649 446.417572493 144.414079155 0.99609375
v 158.606544562 446.064786386 144.253405131 0.99609375
v 147.223569343 446.367107535 144.178454318 0.99609375
v 158.424199057 446.578462039 144.84921926 0.99609375
v 147.081003401 446.825938821 144.822230458 0.99609375
v 158.175255921 446.910668268 144.024028465 0.99609375
v 147.348314235 447.022260808 144.26241298 0.99609375
v 158.885802657 447.284598348 144.798167244 0.99609375
v 147.496101287 447.757706295 144.094134341 0.99609375
v 158.686156824 447.694008783 144.228254683 0.99609375
v 147.317331965 447.974504991 144.678155997 0.99609375
v 158.517943723 447.796564598 144.625766413 0.99609375
v 147.204020513 448.175348471 144.679161825 0.99609375
v 158.392980154 447.962786061 144.005044683 0.99609375
v 147.447765425 448.383728018 144.557023233 0.99609375
v 158.720148734 448.240804939 144.541810575 0.99609375
v 147.052078874 448.618211305 144.381277051 0.99609375
v 158.787664883 448.565470567 144.694104739 0.99609375
v 147.82585115 448.856393679 144.491187172 0.99609375
v 159.037016531 449.143789794 144.395810012 0.99609375
v 147.774642983 448.960162589 144.132630641 0.99609375
v 158.730632437 449.417517431 144.404887858 0.99609375
v 147.760391236 449.668380744 144.304418332 0.99609375
v 159.053529415 449.475798185 144.364558624 0.99609375
v 147.812763811 450.052286189 144.568142678 0.99609375
v 159.159806115 449.84400903 144.511455946 0.99609375
v 147.979837967 450.005816732 144.000535455 0.99609375
v 159.418181502 449.792477954 144.886107174 0.99609375
v 147.653326907 450.37058357 144.719095313 0.99609375
v 159.347764857 450.454385997 144.942767852 0.99609375
v 148.057846064 450.838885916 144.13946426 0.99609375
v 159.63515227 450.629706473 144.298885791 0.99609375
v 147.829743228 451.023040475 144.249228988 0.99609375
v 159.664520688 450.973291195 144.868956654 0.99609375
v 147.943750587 451.012424146 144.661508985 0.99609375
v 159.481922662 451.414960415 144.829396448 0.99609375
v 147.96780637 451.363030063 144.722883228 0.99609375
v 159.922232298 451.771796588 144.641197435 0.99609375
v 148.248787929 451.690464307 144.624604062 0.99609375
v 159.76613038 451.878998175 144.303793941 0.99609375
v 148.558142862 452.326709381 144.398906431 0.99609375
v 159.577534652 452.15270079 144.437210857 0.99609375
v 148.937522655 452.228712669 144.874525025 0.99609375
v 159.576292731 452.650123653 144.187736791 0.99609375
v 148.941353268 452.898953417 144.664054972 0.99609375
v 159.897941774 452.726267742 144.324636528 0.99609375
v 149.109441391 452.738480159 144.493469967 0.99609375
v 159.941438533 452.812088138 144.527501824 0.99609375
v 149.168173743 453.106498844 144.868376999 0.99609375
v 159.943663267 453.245849242 144.303737466 0.99609375
v 149.631278059 453.501089531 144.553992676 0.99609375
v 160.088575325 453.491564678 144.2898969 0.99609375
v 150.120717544 453.894445717 144.75468147 0.99609375
v 160.330388139 454.075775066 144.792763055 0.99609375
v 150.058981188 454.395951435 144.799259959 0.99609375
v 160.365230864 454.131190725 144.093319459 0.99609375
v 154.907258453 454.382197643 144.655188157 0.99609375
v 159.808761226 454.506980361 144.378204192 0.99609375
v 156.808174031 454.624301272 144.402082465 0.99609375
v 159.95224255 454.934395537 144.258913011 0.99609375
v 148.247257881 445.22154198 145.4484621 0.99609375
v 148.831302657 445.663322455 144.553341126 0.99609375
v 148.18112485 445.920726533 144.969519182 0.99609375
v 149.066843252 445.78742028 145.213413712 0.99609375
v 147.7112372 445.867504597 144.63071771 0.99609375
v 157.965758765 446.040639692 145.398952632 0.99609375
v 147.601394731 446.336693659 145.386868829 0.99609375
v 157.945343379 446.496697606 145.100312608 0.99609375
v 147.750377774 446.531116425 145.034613832 0.99609375
v 158.039645379 446.581088297 144.698098239 0.99609375
v 147.562184992 446.773267922 144.893466103 0.99609375
v 158.454291973 447.077897087 144.866693058 0.99609375
v 147.197332181 447.09472961 144.55447868 0.99609375
v 158.410843046 447.214497964 144.642327633 0.99609375
v 147.485468764 447.295687376 144.618048567 0.99609375
v 158.225021829 447.449147418 144.801143641 0.99609375
v 147.457126321 447.708900084 145.467310751 0.99609375
v 158.684533403 448.039681822 145.42795378 0.99609375
v 147.870367189 447.854265726 145.347960615 0.99609375
v 158.524633023 448.115204588 144.880882268 0.99609375
v 147.61905857 448.06495882 145.329342751 0.99609375
v 158.838556756 448.084655719 144.527583929 0.99609375
v 147.827811217 448.350129223 144.502970919 0.99609375
v 158.424227941 448.778092549 144.819926402 0.99609375
v 147.878798879 449.066591492 144.876686852 0.99609375
v 158.439817608 448.99311337 144.965238798 0.99609375
v 148.167722927 449.007049715 144.908720087 0.99609375
v 158.899087468 449.388869492 145.424530436 0.99609375
v 147.832174187 449.569399382 145.499478306 0.99609375
v 158.637980745 449.278530604 144.924167994 0.99609375
v 147.872744394 449.530097356 144.503626718 0.99609375
v 159.095601057 450.040899927 145.333921963 0.99609375
v 147.728131296 450.115270219 144.544534911 0.99609375
v 159.23528624 450.005897694 144.606758853 0.99609375
v 147.950879632 450.638263156 144.801934867 0.99609375
v 159.353706825 450.297988788 144.880044604 0.99609375
v 148.458742334 450.849671629 145.474292334 0.99609375
v 159.432950168 450.577375679 144.905986861 0.99609375
v 148.46350554 451.216728708 145.355040562 0.99609375
v 159.495008977 450.93315334 144.844372666 0.99609375
v 148.217461026 451.293098387 144.555747685 0.99609375
v 159.005152136 451.251261466 144.608367516 0.99609375
v 148.009247309 451.769615643 145.094402026 0.99609375
v 159.662406256 451.817654692 144.570247717 0.99609375
v 148.27335617 451.649016105 144.624346193 0.99609375
v 159.59527893 451.839396837 145.474689697 0.99609375
v 148.460545262 452.276906219 145.494397444 0.99609375
v 159.396372186 451.93374607 144.735422176 0.99609375
v 149.004227069 452.408565369 144.849215584 0.99609375
v 159.512996612 452.400422928 144.935647343 0.99609375
v 148.667176184 452.971085308 145.120059031 0.99609375
v 159.588841684 452.751206641 144.525085782 0.99609375
v 148.972839561 452.756375718 144.554279652 0.99609375
v 159.920832486 452.827527972 145.283452987 0.99609375
v 149.455132006 453.398463436 144.500243635 0.99609375
v 159.681172253 453.115191959 144.730637343 0.99609375
v 149.747591063 453.402366777 145.110351332 0.99609375
v 159.920884108 453.563359305 145.193652331 0.99609375
v 150.106164311 453.908874758 145.431467412 0.99609375
v 159.846807687 453.802426928 144.531818182 0.99609375
v 150.373714016 454.097786616 145.178878514 0.99609375
v 160.229593512 454.236096287 145.088928747 0.99609375
v 152.810269045 454.306680478 144.563267405 0.99609375
v 159.975001015 454.547262385 145.056288383 0.99609375
v 155.939517279 454.502114198 145.298084027 0.99609375
v 159.929719018 454.442009739 145.245064814 0.99609375
v 148.415923078 445.519108351 145.804097167 0.99609375
v 148.407981091 445.803995722 145.141245958 0.99609375
v 149.041244496 445.734057926 145.378270505 0.99609375
v 148.101488149 446.151252637 145.502067948 0.99609375
v 149.785196495 446.199428494 145.839470358 0.99609375
v 148.148286625 446.720569463 145.997568714 0.99609375
v 158.088013878 446.777103409 145.440725436 0.99609375
v 147.61942257 447.041688194 145.263392292 0.99609375
v 158.292248338 446.80075672 145.874175965 0.99609375
v 147.457073426 447.067972421 145.959596014 0.99609375
v 158.149673451 447.237696891 145.159929803 0.99609375
v 147.526316658 447.270672629 145.517617315 0.99609375
v 158.431352028 447.46227097 145.842586221 0.99609375
v 147.492821376 447.506515552 145.604303778 0.99609375
v 158.38697771 447.622972212 145.295263706 0.99609375
v 148.029796745 448.076032689 145.629871375 0.99609375
v 158.78579587 447.980570273 145.628249677 0.99609375
v 148.149269585 448.367609332 145.521299498 0.99609375
v 158.918159252 448.284479838 145.738514347 0.99609375
v 147.982434723 448.611415296 145.106347933 0.99609375
v 158.700414065 448.797597542 145.794654976 0.99609375
v 147.971421682 448.726771936 145.286330132 0.99609375
v 158.517080682 448.644758108 145.702486233 0.99609375
v 147.842728084 449.15385025 145.603330591 0.99609375
v 159.172977094 449.390659462 145.04472513 0.99609375
v 147.984585189 449.43257881 145.40261621 0.99609375
v 158.851703842 449.424350008 145.501291283 0.99609375
v 148.040951853 449.878124726 145.276198274 0.99609375
v 158.939877138 449.838175257 145.876903768 0.99609375
v 148.197631863 449.832183694 145.120794867 0.99609375
v 158.862651293 450.115733061 145.593051704 0.99609375
v 148.462319829 450.301946687 145.530877377 0.99609375
v 159.007920826 450.128837923 145.247083553 0.99609375
v 148.306909018 450.462052257 145.244942341 0.99609375
v 159.160878838 450.861778057 145.300423341 0.99609375
v 148.01364273 451.166162957 145.321292956 0.99609375
v 158.983310276 451.23394328 145.364079116 0.99609375
v 148.694248233 451.060985154 145.914852059 0.99609375
v 159.255828009 451.181726182 145.018375526 0.99609375
v 148.208628112 451.707154291 145.05697172 0.99609375
v 159.13570175 451.319414036 145.978170773 0.99609375
v 148.714777316 451.864844268 145.567059844 0.99609375
v 158.922541476 451.930929397 145.997752986 0.99609375
v 148.636589388 452.240031246 145.259857312 0.99609375
v 159.190719582 452.315026649 145.996511245 0.99609375
v 148.614388144 452.46408947 145.728772884 0.99609375
v 159.408848075 452.605772798 145.233619864 0.99609375
v 149.260452977 452.920715264 145.670174505 0.99609375
v 159.285478165 452.510396404 145.550786542 0.99609375
v 149.613325263 453.209504767 145.242435092 0.99609375
v 159.557799004 452.877044725 145.707108253 0.99609375
v 149.414759368 452.99667165 145.887302071 0.99609375
v 159.665373969 453.130064689 145.651471015 0.99609375
v 149.673456849 453.672681517 145.116694928 0.99609375
v 159.661067914 453.350037711 145.173836469 0.99609375
v 150.069034577 453.793231647 145.101735624 0.99609375
v 159.956825696 454.114894264 145.317059254 0.99609375
v 154.782844174 453.958860407 145.834441032 0.99609375
v 160.032841477 453.956763207 145.366868324 0.99609375
v 155.123820485 454.456824796 145.725069295 0.99609375
v 160.001005323 454.257099594 145.731940331 0.99609375
v 157.46949978 454.98679526 145.900691607 0.99609375
v 159.180058034 454.701515966 145.686524869 0.99609375
v 148.546187364 446.113555277 146.435424325 0.99609375
v 148.178391345 446.588128993 146.451476933 0.99609375
v 148.978190803 446.729588344 145.538319602 0.99609375
v 148.193165692 446.970790583 145.688827422 0.99609375
v 149.44208603 446.808941003 145.823731281 0.99609375
v 148.008825849 446.944166071 145.932337829 0.99609375
v 157.799992315 446.997201353 146.024633177 0.99609375
v 148.109712193 447.751534558 146.214317544 0.99609375
v 158.264543877 447.314603767 146.211327154 0.99609375
v 148.456095611 447.926039687 146.356961097 0.99609375
v 158.310772022 447.621102036 146.416483862 0.99609375
v 148.090494198 448.147002331 145.795877193 0.99609375
v 158.509058339 448.189030005 146.096409358 0.99609375
v 148.272616634 448.138082605 145.509008566 0.99609375
v 158.41411265 448.169168821 146.159816044 0.99609375
v 148.426149302 448.753549025 146.082603147 0.99609375
v 158.729172347 448.437771123 145.835823901 0.99609375
v 147.918543123 448.991044156 145.822530967 0.99609375
v 158.726455711 449.160694805 145.629373786 0.99609375
v 148.158384872 449.323323911 145.69672151 0.99609375
v 158.416362708 449.424863038 145.753888134 0.99609375
v 148.576187558 449.586106103 146.428663152 0.99609375
v 158.70771033 449.650445486 146.347084249 0.99609375
v 148.250130774 449.827784797 145.904160093 0.99609375
v 158.832571865 449.562776438 145.808888874 0.99609375
v 148.37717844 450.286000427 145.765692743 0.99609375
v 159.035831024 450.361373949 146.184794533 0.99609375
v 148.499890987 450.475617408 145.592648823 0.99609375
v 158.86713988 450.453590736 145.539773478 0.99609375
v 148.653671174 450.50167548 146.174449113 0.99609375
v 158.842415317 450.707050859 146.107724143 0.99609375
v 148.570373288 450.952065433 146.333668885 0.99609375
v 159.138106759 451.012009073 145.981194853 0.99609375
v 148.73660632 451.197532016 146.259403144 0.99609375
v 159.123866395 451.095277734 145.887105707 0.99609375
v 148.94275618 451.510767011 145.645496153 0.99609375
v 159.022460094 451.394217817 146.193787007 0.99609375
v 148.552715357 451.811024103 145.577831503 0.99609375
v 159.221454906 451.564515219 146.295133577 0.99609375
v 148.574514979 452.398165641 145.588660761 0.99609375
v 159.240866643 451.871585615 145.651298727 0.99609375
v 149.067467627 452.268522259 146.116519282 0.99609375
v 159.123483306 452.666938538 145.67365004 0.99609375
v 149.170738832 452.5665691 146.266519147 0.99609375
v 159.475307216 452.581308026 146.27536232 0.99609375
v 149.322039953 453.221888018 145.525708831 0.99609375
v 159.494434414 452.715839954 146.443855844 0.99609375
v 149.496385593 453.413577451 146.219805962 0.99609375
v 159.322768942 453.06720942 146.141114344 0.99609375
v 149.858198238 453.411364122 146.211189677 0.99609375
v 159.248640381 453.493271619 146.157222557 0.99609375
v 150.391909776 454.133463853 146.271985099 0.99609375
v 159.400332069 454.035256612 146.463121365 0.99609375
v 150.337596331 454.080891733 145.818328733 0.99609375
v 159.474595624 454.259916928 145.925347151 0.99609375
v 150.307886269 454.716553749 145.827847161 0.99609375
v 159.400695356 454.385843991 146.209334364 0.99609375
v 150.708363757 454.531014871 146.31781628 0.99609375
v 159.580402811 454.451766329 146.395350815 0.99609375
v 155.341816674 455.096969927 146.341578403 0.99609375
v 159.449967226 455.090049346 146.022786997 0.99609375
v 159.056784879 455.165399874 146.200776494 0.99609375
v 148.564059982 447.348264661 146.179736124 0.99609375
v 149.313707208 447.44843811 146.495200602 0.99609375
v 148.316563786 447.284148655 146.138318484 0.99609375
v 149.895730144 447.582124955 146.290098514 0.99609375
v 148.225936055 447.530228587 146.344974591 0.99609375
v 151.65519508 447.531507595 146.217882903 0.99609375
v 148.560722937 447.903610253 146.302647132 0.99609375
v 158.438690225 448.154999104 146.004633888 0.99609375
v 148.305127683 448.520741725 146.647244564 0.99609375
v 158.415050494 448.620088002 146.610302807 0.99609375
v 148.746096777 448.902372904 146.358652159 0.99609375
v 158.87390817 448.686925496 146.876555685 0.99609375
v 148.482432707 448.996056345 146.655427667 0.99609375
v 158.459804065 449.081764453 146.49651993 0.99609375
v 148.545619042 449.107714674 146.421543391 0.99609375
v 158.683480977 449.208014309 146.519899691 0.99609375
v 148.685506396 449.729820745 146.702823755 0.99609375
v 159.051569456 449.211251431 146.725824195 0.99609375
v 148.678469659 450.015728569 146.408702982 0.99609375
v 159.202605064 449.801972827 146.749438489 0.99609375
v 148.205019593 449.801008751 146.022457502 0.99609375
v 159.16090615 450.32240138 146.852348949 0.99609375
v 148.428495355 450.497135089 146.192886311 0.99609375
v 159.111428554 450.376041381 146.671499443 0.99609375
v 148.723679494 450.506721245 146.127138488 0.99609375
v 159.020852112 450.842446103 146.40116041 0.99609375
v 148.512597651 450.899462533 146.963081895 0.99609375
v 158.978313076 450.865664662 146.188678283 0.99609375
v 148.623149087 451.356649746 146.346047393 0.99609375
v 159.400424326 451.275868551 146.382131261 0.99609375
v 148.943603827 451.528859898 146.417053658 0.99609375
v 159.112181863 451.640653317 146.143190469 0.99609375
v 148.885754884 451.83816245 146.013025498 0.99609375
v 159.139933091 451.661304342 146.793028497 0.99609375
v 149.276503012 452.08346619 146.924375632 0.99609375
v 159.22066865 452.203416329 146.7785264 0.99609375
v 149.103666096 452.469468609 146.859903286 0.99609375
v 159.139018321 452.48183722 146.613388878 0.99609375
v 149.621660884 452.689096723 146.709525373 0.99609375
v 159.389275705 452.507790381 146.996330458 0.99609375
v 149.421815116 452.864247079 146.838407398 0.99609375
v 159.645619034 452.766561656 146.601869792 0.99609375
v 149.796314479 453.550281156 146.26339258 0.99609375
v 159.30057798 453.038016526 146.934434112 0.99609375
v 149.733707857 453.444251104 146.491942812 0.99609375
v 159.241373299 453.508791221 146.642727816 0.99609375
v 149.849441825 453.832309417 146.133081265 0.99609375
v 159.550879079 453.731317345 146.938028427 0.99609375
v 150.087291228 454.033733761 146.159177781 0.99609375
v 159.762307481 453.895518784 146.268188892 0.99609375
v 150.445955358 454.360511827 146.446560425 0.99609375
v 159.593917905 454.231164244 146.398201867 0.99609375
v 151.582262564 454.686921562 146.404702446 0.99609375
v 159.35874462 454.619484178 146.96710389 0.99609375
v 154.872004732 454.866985823 146.14253502 0.99609375
v 148.91677632 447.589309283 146.556845481 0.99609375
v 148.694894263 448.129122109 146.960676372 0.99609375
v 149.660767664 447.822120559 147.025623461 0.99609375
v 148.485469822 448.063259534 147.449620199 0.99609375
v 152.692205245 448.413914278 147.148321846 0.99609375
v 148.896404895 448.89708007 147.431947426 0.99609375
v 158.400108478 448.37645399 146.70843017 0.99609375
v 148.947010888 449.190915641 146.644951121 0.99609375
v 158.621268537 448.851245953 146.910971871 0.99609375
v 148.80007835 449.081299289 147.323811859 0.99609375
v 158.909410998 449.03281387 147.288889744 0.99609375
v 148.906179572 449.237325572 146.963510019 0.99609375
v 158.907003778 449.773417761 147.406411642 0.99609375
v 148.677116875 449.633471051 146.820941973 0.99609375
v 159.023921823 450.048418426 147.100157408 0.99609375
v 148.515859207 450.060036689 146.527297676 0.99609375
v 158.630272053 450.144982813 146.974659359 0.99609375
v 148.648331628 450.475040957 147.048474065 0.99609375
v 159.224102506 450.172958395 146.607352377 0.99609375
v 148.608597148 450.78299721 147.364197326 0.99609375
v 159.15968061 450.834000782 146.58386985 0.99609375
v 149.028636349 450.721472619 147.377613137 0.99609375
v 159.320501947 450.862459896 146.728157247 0.99609375
v 148.491282491 451.432367586 146.808026069 0.99609375
v 158.947260759 451.516783187 147.428516582 0.99609375
v 148.994744102 451.300304291 146.90652068 0.99609375
v 159.779010942 451.595289574 146.741440728 0.99609375
v 148.955077472 451.873454832 147.373434592 0.99609375
v 159.53525497 451.893679276 147.297272085 0.99609375
v 149.181259645 451.865943461 146.768424268 0.99609375
v 159.728156981 452.042181533 147.132289679 0.99609375
v 149.037560973 452.316419957 146.748047918 0.99609375
v 159.338307019 452.415364272 147.136445596 0.99609375
v 149.560377566 452.558019478 146.679463783 0.99609375
v 159.284254152 452.475216111 146.842982005 0.99609375
v 149.281662708 453.129416891 146.724522079 0.99609375
v 159.215234773 452.799501946 146.92149183 0.99609375
v 149.827916621 453.153638695 147.122198244 0.99609375
v 159.23686822 453.260543157 146.959470547 0.99609375
v 149.664960934 453.561688706 146.90121255 0.99609375
v 159.674551724 453.642525497 146.742658981 0.99609375
v 149.952429396 454.07282588 147.285468125 0.99609375
v 159.262425634 453.848513085 146.893230673 0.99609375
v 149.954270639 454.284006847 146.767927124 0.99609375
v 159.46037541 454.127773213 146.737124829 0.99609375
v 149.943427198 454.238177135 146.961434858 0.99609375
v 159.711935832 454.384019309 146.584658433 0.99609375
v 150.373138685 454.964554008 147.40541184 0.99609375
v 159.452204215 454.978382127 146.914177313 0.99609375
v 155.55170983 455.270962861 146.64264234 0.99609375
v 159.384688671 455.057086509 147.109282099 0.99609375
v 156.411184123 455.523943771 147.019110169 0.99609375
v 159.175069818 455.469840356 146.501505643 0.99609375
v 149.198177254 448.627930273 147.90809813 0.99609375
v 149.227320904 448.364759968 147.372551289 0.99609375
v 150.637844972 448.542775634 147.515530467 0.99609375
v 148.982082292 449.006831924 147.146573872 0.99609375
v 158.82455991 449.202124339 147.596337041 0.99609375
v 148.926016728 449.045995634 147.619328098 0.99609375
v 158.849372349 449.279378353 147.649979026 0.99609375
v 148.780530247 449.684160797 147.898340938 0.99609375
v 158.769598613 449.61065859 147.921574648 0.99609375
v 148.645262643 449.933841488 147.294810649 0.99609375
v 158.753776341 449.699931969 147.646295819 0.99609375
v 149.014501468 450.036319822 147.82426977 0.99609375
v 159.203392015 449.885891516 147.778453849 0.99609375
v 148.682174366 450.65289005 147.28033233 0.99609375
v 159.492813089 450.174649516 147.753182423 0.99609375
v 148.917819304 450.697890664 147.538198974 0.99609375
v 159.444995013 450.486467983 147.749984495 0.99609375
v 148.62183277 451.215550444 147.494263868 0.99609375
v 159.324479478 451.035673035 147.010230762 0.99609375
v 149.202618914 451.469137476 147.945459604 0.99609375
v 159.460222141 451.472311272 147.44296903 0.99609375
v 149.076475751 451.49577996 147.809010245 0.99609375
v 159.391488136 451.671302529 147.611985666 0.99609375
v 148.803503698 451.554379689 147.606103856 0.99609375
v 159.598908981 451.680929006 147.467730862 0.99609375
v 149.000439392 452.310344473 147.562685578 0.99609375
v 159.579161885 452.148870588 147.686791756 0.99609375
v 149.265899683 452.24555592 147.88793105 0.99609375
v 159.883493912 452.421150693 147.983967506 0.99609375
v 149.451624308 452.645969349 147.736110687 0.99609375
v 159.915464688 452.779414278 147.291609662 0.99609375
v 149.321343915 453.079401039 147.618828011 0.99609375
v 159.841555111 453.052457019 147.009607317 0.99609375
v 149.668052516 453.045586278 147.250775185 0.99609375
v 159.94943643 453.232900686 147.71270729 0.99609375
v 149.806399659 453.373313786 147.979697192 0.99609375
v 159.828849699 453.822136467 147.841699121 0.99609375
v 149.93395599 454.026104941 147.267768223 0.99609375
v 159.747664007 454.084265737 147.142764384 0.99609375
v 150.357523508 454.317738728 147.710799596 0.99609375
v 160.077469063 453.950036084 147.1522132 0.99609375
v 149.936040979 454.168617077 147.473020026 0.99609375
v 159.411234627 454.515359791 147.829777928 0.99609375
v 155.709001868 454.859496954 147.640369369 0.99609375
v 159.602412032 454.839607148 147.8572257 0.99609375
v 157.488773276 454.806516087 147.951005753 0.99609375
v 159.582853924 454.951803117 147.501598551 0.99609375
v 159.375712319 455.445410448 147.116696121 0.99609375
v 149.221537586 448.846098205 147.691822182 0.99609375
v 149.092890321 449.409457635 147.549058924 0.99609375
v 152.299128845 448.923479097 148.112706675 0.99609375
v 149.197195629 449.704090356 148.299547123 0.99609375
v 158.751361573 449.653838746 147.775464508 0.99609375
v 149.137390463 449.733340266 148.056583516 0.99609375
v 158.782003666 449.827329868 147.843647108 0.99609375
v 149.02575186 449.826888603 147.558317703 0.99609375
v 159.206215652 450.321922384 148.30769263 0.99609375
v 148.876347641 450.245204538 147.636830667 0.99609375
v 159.152654957 450.642149952 147.524689486 0.99609375
v 148.876933218 450.652223613 148.126536723 0.99609375
v 159.397059462 450.496566492 148.485321357 0.99609375
v 148.798472443 450.837449419 148.242843678 0.99609375
v 159.716787716 451.107170549 147.598731004 0.99609375
v 149.057394648 451.197177944 148.241544496 0.99609375
v 159.703864774 451.395638651 148.424296114 0.99609375
v 149.26116555 451.347580855 147.509691761 0.99609375
v 159.613022765 451.313017082 148.2630755 0.99609375
v 149.343044671 451.682257595 148.203198826 0.99609375
v 159.652499234 452.00352104 148.409522408 0.99609375
v 149.054277547 452.147460725 148.051136456 0.99609375
v 159.889849964 452.343255323 148.348970724 0.99609375
v 149.14182659 452.494597693 147.961026468 0.99609375
v 159.877821985 452.306434342 147.74495923 0.99609375
v 149.376406925 452.906224558 148.098031925 0.99609375
v 159.640195069 452.627350181 148.209084093 0.99609375
v 149.193409134 452.893267143 147.74008073 0.99609375
v 159.662292558 453.028183701 148.375738801 0.99609375
v 149.525281174 453.544416659 148.208282837 0.99609375
v 159.742999676 452.990293415 148.199323336 0.99609375
v 149.45371367 453.283645651 147.979638632 0.99609375
v 160.015202045 453.756270846 147.555926499 0.99609375
v 149.728889458 453.843577155 148.1796108 0.99609375
v 159.864789707 453.875429571 148.391510618 0.99609375
v 150.19246579 454.398433955 148.180902359 0.99609375
v 159.981087556 454.052167356 147.888227935 0.99609375
v 150.319975538 454.689657798 147.563892819 0.99609375
v 154.721113902 454.429940652 147.606715723 0.99609375
v 149.613058426 449.422799377 148.568464926 0.99609375
v 149.194068094 449.76836634 148.432974574 0.99609375
v 153.165193123 449.824431742 148.614108802 0.99609375
v 149.311049727 450.369297383 148.134991566 0.99609375
v 158.411039524 449.936904643 148.155431908 0.99609375
v 149.018959258 450.472852301 148.16702229 0.99609375
v 159.005629177 450.653239168 148.144544677 0.99609375
v 148.83390854 450.574973045 148.621377363 0.99609375
v 159.197646481 450.855739284 148.639617138 0.99609375
v 148.806309727 450.828065781 148.153502373 0.99609375
v 159.568005308 451.204381803 148.15236294 0.99609375
v 149.23826717 451.211066101 148.767623837 0.99609375
v 159.313494692 451.093000987 148.101554499 0.99609375
v 149.309923793 451.327359234 148.865119842 0.99609375
v 159.995574175 451.469107849 148.393607836 0.99609375
v 149.229164078 451.597146647 148.69748123 0.99609375
v 160.031028963 451.933026934 148.959888891 0.99609375
v 148.882728844 452.132123801 148.661336198 0.99609375
v 159.774697336 452.1673442 148.914622433 0.99609375
v 149.010403625 452.341557601 148.660482787 0.99609375
v 160.009065628 452.15123965 148.526820912 0.99609375
v 149.142418579 452.535650868 148.868513261 0.99609375
v 159.825531091 452.544251215 148.277981439 0.99609375
v 149.246387555 453.00329676 148.408730455 0.99609375
v 159.908997697 453.206583218 148.408583103 0.99609375
v 149.070251623 453.181839185 148.770590584 0.99609375
v 160.246431732 453.08564462 148.890166393 0.99609375
v 149.659250624 453.696873987 148.676118057 0.99609375
v 160.250883978 453.735408872 148.09734432 0.99609375
v 149.36457798 453.646460298 148.333793811 0.99609375
v 159.978018511 453.876384575 148.581745381 0.99609375
v 149.743491552 454.245660342 148.316582365 0.99609375
v 159.990967692 454.359181438 148.879483512 0.99609375
v 150.167232777 454.457349039 148.988103713 0.99609375
v 159.835820197 454.367070018 148.38191751 0.99609375
v 150.36356851 454.852657579 148.176433427 0.99609375
v 159.117722888 454.59652592 148.37312947 0.99609375
v 149.226516287 450.540184184 149.17263916 0.99609375
v 153.290576795 450.616258818 148.702360267 0.99609375
v 149.009358877 450.625628898 149.247245826 0.99609375
v 157.492577248 450.618337948 149.213406579 0.99609375
v 149.069521111 450.900348595 148.872544058 0.99609375
v 159.399056172 451.163836655 148.863987866 0.99609375
v 149.009746598 451.258896436 149.299123393 0.99609375
v 159.48651148 451.00133497 148.517974928 0.99609375
v 149.078030031 451.590701472 148.523349346 0.99609375
v 159.370646268 451.509104694 149.438362263 0.99609375
v 148.855780379 451.991856601 148.80640685 0.99609375
v 160.001653755 451.840384271 149.372184294 0.99609375
v 149.329516981 452.397922098 149.104633174 0.99609375
v 159.507060178 452.083377911 149.2879288 0.99609375
v 149.140513896 452.155679584 149.314537664 0.99609375
v 159.786349674 452.34106562 149.047305256 0.99609375
v 149.223159476 452.765132974 148.693752343 0.99609375
v 159.959720284 452.857185438 148.980841305 0.99609375
v 149.603634491 453.10944184 149.126162549 0.99609375
v 160.270759185 452.890579919 149.452093536 0.99609375
v 149.109303232 453.423160783 148.939641579 0.99609375
v 160.221691514 453.413313092 148.914976579 0.99609375
v 149.630894377 453.340937435 149.028752409 0.99609375
v 160.351588201 453.565613688 149.088079478 0.99609375
v 149.523953754 454.040269565 148.585617712 0.99609375
v 159.929907158 453.853712892 149.351432414 0.99609375
v 149.917131586 454.04877113 148.959965001 0.99609375
v 160.07688641 454.265998419 148.510775713 0.99609375
v 149.384686519 454.517032793 148.938073539 0.99609375
v 160.174515783 454.3974842 149.055335858 0.99609375
v 149.876340022 454.61602462 149.081405273 0.99609375
v 160.200239343 454.592700224 148.748849134 0.99609375
v 159.073426572 455.019236199 149.459277093 0.99609375
v 160.168854746 455.091592494 149.430120863 0.99609375
v 148.977242208 450.71859649 149.775673969 0.99609375
v 152.889091549 450.838956793 149.167889212 0.99609375
v 148.84178981 451.077746378 149.620291902 0.99609375
v 157.016918214 451.062437817 149.913132339 0.99609375
v 148.883791426 451.43283071 149.135385586 0.99609375
v 159.246638158 451.625580528 149.767392844 0.99609375
v 148.994760793 451.549248906 149.732679806 0.99609375
v 159.512437339 451.668198172 149.947790314 0.99609375
v 148.832785214 451.952392214 149.920495392 0.99609375
v 159.2351776 452.087229711 149.009270737 0.99609375
v 148.918413902 452.619715146 149.685630482 0.99609375
v 159.682448471 452.240196859 149.666281609 0.99609375
v 149.237101122 452.914878534 149.653674462 0.99609375
v 159.562000475 452.76365493 149.738121614 0.99609375
v 149.090858401 453.172134842 149.858061488 0.99609375
v 159.763316903 452.757893738 149.38924305 0.99609375
v 149.195879065 453.149041449 149.78463076 0.99609375
v 159.727516198 453.366484174 149.901914642 0.99609375
v 149.153396013 453.489361161 149.683326981 0.99609375
v 159.519658141 453.519278612 149.547502583 0.99609375
v 149.511115837 453.962191413 149.338225182 0.99609375
v 159.868149365 453.939240877 149.144511886 0.99609375
v 149.349737573 453.887690675 149.823571399 0.99609375
v 160.348154948 453.858835616 149.41339029 0.99609375
v 149.922654602 454.486027683 149.615852429 0.99609375
v 160.128819302 454.283070923 149.317269616 0.99609375
v 149.828654755 454.815365931 149.042748775 0.99609375
v 159.881131757 454.968792767 149.209753493 0.99609375
v 149.957502413 455.071124822 149.67307521 0.99609375
v 160.059106525 455.151172727 149.545847602 0.99609375
v 150.184376531 455.177138591 149.924907664 0.99609375
v 160.013185919 455.414140061 149.270428059 0.99609375
v 155.027218579 455.378933384 149.066350042 0.99609375
v 159.987817379 455.852058348 149.998966291 0.99609375
v 157.317042276 456.161562977 149.076975067 0.99609375
v 160.123934176 456.004208671 149.48309346 0.99609375
v 158.379081645 456.339076849 149.020571274 0.99609375
v 160.095687208 455.964383655 149.040326438 0.99609375
v 149.132782183 451.4874148 149.637564374 0.99609375
v 152.995566883 451.505254635 150.473527824 0.99609375
v 149.158447101 451.743661921 149.90733427 0.99609375
v 159.483206469 451.643303297 149.852800991 0.99609375
v 148.806449568 452.310064588 149.752870906 0.99609375
v 159.306357928 451.967121631 149.53907963 0.99609375
v 149.281031457 452.608695197 150.148234014 0.99609375
v 159.718005268 452.158069454 149.698951609 0.99609375
v 148.873751165 452.558802713 150.033214266 0.99609375
v 159.662271104 452.574530351 150.119832891 0.99609375
v 149.263410435 452.941926527 150.247059555 0.99609375
v 159.430741701 453.005300465 150.355241577 0.99609375
v 149.306860912 453.161116665 149.715572279 0.99609375
v 159.413875476 453.449872901 149.690603359 0.99609375
v 149.312285667 453.723662331 150.385572019 0.99609375
v 159.6428045 453.271185356 150.351779744 0.99609375
v 149.308134371 453.820769332 149.58926201 0.99609375
v 159.739570017 453.759183246 150.310089018 0.99609375
v 149.606027599 454.273771965 149.694736069 0.99609375
v 159.521377302 454.159552956 150.065053476 0.99609375
v 149.36641398 454.628546511 149.557833638 0.99609375
v 160.074312365 454.221069536 150.20886271 0.99609375
v 149.173480514 454.746340143 149.513205041 0.99609375
v 159.690039823 454.668747313 150.496201207 0.99609375
v 149.449359836 454.804241337 149.744794819 0.99609375
v 159.589247988 455.114996691 149.524302141 0.99609375
v 149.430444013 455.025233725 150.047073136 0.99609375
v 159.607445798 455.474700065 150.220563638 0.99609375
v 150.219057044 455.685249324 150.497805221 0.99609375
v 159.682867327 455.343020901 149.945209647 0.99609375
v 149.896346161 455.910184943 149.865127914 0.99609375
v 159.608360505 455.938994325 149.529518635 0.99609375
v 159.277201678 456.064620507 150.01146357 0.99609375
v 148.852636093 452.326946591 150.828702405 0.99609375
v 153.737521327 452.292057146 150.378318625 0.99609375
v 148.812445531 452.207952215 150.437407142 0.99609375
v 158.985206004 452.558318557 150.38041061 0.99609375
v 148.983763679 452.411406138 150.643996327 0.99609375
v 159.496769937 452.478219521 150.742053498 0.99609375
v 148.973761968 453.110604514 150.079799723 0.99609375
v 158.976703365 453.055426978 150.250680639 0.99609375
v 148.742489726 453.017976108 150.409519664 0.99609375
v 159.403226249 453.03629608 150.876837707 0.99609375
v 148.554493387 453.457350349 150.676369735 0.99609375
v 159.634411104 453.829050254 150.08770847 0.99609375
v 148.551848375 453.839156187 150.641813609 0.99609375
v 159.503708263 453.92208356 150.790416888 0.99609375
v 149.071454764 453.979609974 150.342793016 0.99609375
v 159.343597352 454.223760151 150.7062026 0.99609375
v 149.317810737 454.68136616 150.003137332 0.99609375
v 159.696721092 454.507910807 150.484572136 0.99609375
v 148.976672468 454.905426474 150.8077135 0.99609375
v 159.424465078 454.618680532 150.309316381 0.99609375
v 149.251754894 455.239650697 150.067124845 0.99609375
v 159.551155764 454.944106149 150.865748007 0.99609375
v 149.281906622 455.419989529 150.253848895 0.99609375
v 159.319943763 455.402544639 150.351096183 0.99609375
v 149.863268567 455.506998253 150.973939865 0.99609375
v 159.248096682 455.81993161 150.870287321 0.99609375
v 149.351503969 455.816461475 150.068349851 0.99609375
v 159.67464373 455.677048762 150.341568315 0.99609375
v 149.954611603 455.998199445 150.97174936 0.99609375
v 156.446097449 456.13126943 150.575140247 0.99609375
v 150.172785426 456.338296551 150.076447183 0.99609375
v 149.625724093 452.542964808 151.440400781 0.99609375
v 151.648207233 452.127775319 150.685160489 0.99609375
v 148.642842068 452.672808912 150.657405781 0.99609375
v 158.890135979 452.882040732 150.842081551 0.99609375
v 148.59903377 453.021894795 151.447681353 0.99609375
v 158.831281732 452.924218365 150.969572802 0.99609375
v 148.817876991 453.309575366 150.650765218 0.99609375
v 158.679451772 453.456592628 151.079684606 0.99609375
v 148.821828326 453.452114277 151.002004578 0.99609375
v 159.197358423 453.4131907 150.754296978 0.99609375
v 148.989655431 454.008428623 150.991899103 0.99609375
v 158.861796184 454.063357002 151.287206787 0.99609375
v 148.561650971 454.120875805 150.520041289 0.99609375
v 158.87824606 454.167993916 151.029166971 0.99609375
v 149.057037117 454.260270391 151.362964457 0.99609375
v 159.076904656 454.50530984 150.677887646 0.99609375
v 148.597980445 454.778859869 151.241193653 0.99609375
v 159.19523409 454.903141652 150.967589483 0.99609375
v 148.928801529 455.279790217 151.020198114 0.99609375
v 159.007862669 455.10742809 150.81318615 0.99609375
v 149.014215423 455.167475389 151.108103022 0.99609375
v 159.268945815 455.31582807 151.315592349 0.99609375
v 149.055826197 455.636312432 150.740360317 0.99609375
v 159.401975547 455.661689857 151.21547649 0.99609375
v 149.624680751 455.82561348 150.879042736 0.99609375
v 159.344686413 455.959518933 150.537119331 0.99609375
v 149.385357748 456.312386294 151.443382065 0.99609375
v 158.975973474 455.974470169 151.38245232 0.99609375
v 149.922984367 456.364827714 151.02190906 0.99609375
v 159.232390469 456.509565626 151.12452182 0.99609375
v 149.472048627 456.825093309 151.393199183 0.99609375
v 159.176691272 456.741860164 150.824602144 0.99609375
v 149.73108047 457.24580672 150.794484241 0.99609375
v 159.018311804 457.201568055 151.076107375 0.99609375
v 150.082401929 457.478214396 151.454021235 0.99609375
v 158.959031913 457.084326633 150.547401481 0.99609375
v 150.068802867 457.763771076 151.092298521 0.99609375
v 158.809140827 457.661779735 151.219357401 0.99609375
v 150.015942298 457.826686814 150.533280472 0.99609375
v 158.637770557 457.822038615 151.3783417 0.99609375
v 150.114450075 458.285739884 150.530380573 0.99609375
v 158.668588437 458.242326313 151.084567397 0.99609375
v 150.708926594 458.443240075 150.737380378 0.99609375
v 157.674277678 458.6624715 151.44410892 0.99609375
v 148.941690319 452.786022143 151.167121347 0.99609375
v 158.100535761 453.038468935 151.863619435 0.99609375
v 148.619829999 453.384559411 151.002100159 0.99609375
v 158.195484028 453.308799069 151.263315106 0.99609375
v 148.379962108 453.37386767 151.89455426 0.99609375
v 158.29933557 453.795903569 151.283682914 0.99609375
v 148.268562751 453.784804348 151.464427176 0.99609375
v 158.45168105 453.764300566 151.808995307 0.99609375
v 148.236756335 454.061606266 151.601529592 0.99609375
v 158.717254844 454.316776703 151.537728269 0.99609375
v 148.382843997 454.628087274 151.611513635 0.99609375
v 158.749773854 454.357686421 151.56537901 0.99609375
v 148.220922458 454.760441047 151.8258902 0.99609375
v 158.468089237 454.68615637 151.728340093 0.99609375
v 148.408969753 455.071534602 151.176437819 0.99609375
v 158.714272504 455.026647991 151.451283017 0.99609375
v 149.016763001 455.055408122 151.196972834 0.99609375
v 158.6449032 455.152218127 151.62693287 0.99609375
v 148.867172461 455.415888797 151.261404113 0.99609375
v 158.459444727 455.756049376 151.180393272 0.99609375
v 149.08579739 456.020309514 151.493471125 0.99609375
v 158.498521197 456.157487593 151.477992889 0.99609375
v 148.800100108 456.277346113 151.474286427 0.99609375
v 158.514626993 456.025936937 151.880347277 0.99609375
v 149.170641198 456.248469233 151.323770677 0.99609375
v 158.571280318 456.194447459 151.675771616 0.99609375
v 149.327638941 456.551394593 151.798103402 0.99609375
v 158.779753817 456.623745797 151.994596132 0.99609375
v 149.588450675 457.29659051 151.488179736 0.99609375
v 158.791329688 457.228420481 151.437781022 0.99609375
v 149.862695479 457.158996195 151.102156537 0.99609375
v 158.741101451 457.396544773 151.737624336 0.99609375
v 149.851101029 457.439512984 151.92998396 0.99609375
v 158.082647848 457.700636217 151.161810049 0.99609375
v 150.156159446 457.754084967 151.301151323 0.99609375
v 158.070277149 457.768092812 151.503621911 0.99609375
v 149.781962827 458.459593252 151.146712437 0.99609375
v 158.267670464 458.222142426 151.08776638 0.99609375
v 150.353127921 458.730785232 151.517022366 0.99609375
v 154.885875235 458.241075673 151.446710846 0.99609375
v 149.605692381 453.772909908 152.132727384 0.99609375
v 157.591730055 453.362068756 152.153976019 0.99609375
v 148.286214072 453.610024164 151.643973354 0.99609375
v 157.743505865 453.688625232 151.702638019 0.99609375
v 148.009256292 453.856383307 151.6130414 0.99609375
v 158.273010397 454.378339192 152.142839237 0.99609375
v 147.925359949 454.37309172 152.068405873 0.99609375
v 158.119673774 454.446237422 152.245246269 0.99609375
v 148.477400966 454.774052257 152.152747679 0.99609375
v 157.792482942 454.542746501 151.985343922 0.99609375
v 148.498781433 454.808689171 151.81491972 0.99609375
v 158.047199338 455.065948893 152.43181978 0.99609375
v 148.68900001 455.013836829 152.012272555 0.99609375
v 158.206522552 455.155683938 151.723969343 0.99609375
v 148.614935363 455.765164784 151.755394774 0.99609375
v 158.300216178 455.43787842 152.30941559 0.99609375
v 148.652638623 455.860140474 151.80476376 0.99609375
v 158.060215874 455.767072498 151.652804471 0.99609375
v 148.682645786 456.418311725 152.448730125 0.99609375
v 158.246642296 456.271703441 151.610041204 0.99609375
v 148.887408235 456.280742976 152.356904344 0.99609375
v 157.881988995 456.727382621 151.864288609 0.99609375
v 148.880487052 456.996615124 152.314528833 0.99609375
v 157.775768305 456.886368043 151.76570192 0.99609375
v 149.43375498 457.121207983 151.582214549 0.99609375
v 157.91239661 457.234632226 152.019340379 0.99609375
v 149.306288965 457.341704582 152.151321119 0.99609375
v 158.070608119 457.614710221 152.006414646 0.99609375
v 149.6257378 457.466005784 151.728784638 0.99609375
v 157.903160258 457.669105096 152.228959631 0.99609375
v 149.39812897 458.059094259 152.420216031 0.99609375
v 157.75873402 457.924588435 151.9552264 0.99609375
v 149.933200232 458.252365842 152.266120113 0.99609375
v 156.09264909 458.259527143 152.289876842 0.99609375
v 156.981218667 454.211843816 152.062835126 0.99609375
v 156.847395927 454.447354945 152.66809906 0.99609375
v 157.542675242 454.581148304 152.09120013 0.99609375
v 148.555866192 454.673294348 152.399782254 0.99609375
v 157.74280478 454.864021437 152.901498851 0.99609375
v 148.715565515 455.147947383 152.161521811 0.99609375
v 157.66192466 455.006037853 152.003250016 0.99609375
v 148.630083261 455.263448026 152.722142934 0.99609375
v 157.759023913 455.563422598 152.077992844 0.99609375
v 148.697817331 455.611290505 152.487527952 0.99609375
v 157.584842867 455.87766126 152.790729747 0.99609375
v 148.529159059 456.106130032 152.656642376 0.99609375
v 157.653046274 456.088245564 152.898835869 0.99609375
v 148.783688087 455.966044758 152.080469475 0.99609375
v 157.87782255 455.937999438 152.48872631 0.99609375
v 149.094076302 456.417000158 152.301050291 0.99609375
v 157.853461717 456.7172881 152.151059607 0.99609375
v 149.07784971 456.797408784 152.385404083 0.99609375
v 157.276487339 457.021576684 152.723131961 0.99609375
v 149.401955893 457.161129358 152.036778735 0.99609375
v 157.690304875 456.789482303 152.865447041 0.99609375
v 155.5436375 457.159642801 152.345130625 0.99609375
v 157.464006355 457.113979903 152.770427035 0.99609375
v 156.20254663 457.351895061 152.910256525 0.99609375
v 157.52617367 457.576223068 152.233697771 0.99609375
v 149.917879811 458.415331952 152.633831018 0.99609375
v 148.03911456 455.238198345 153.116787143 0.99609375
v 147.990873275 455.089221384 153.422043777 0.99609375
v 148.472579452 455.405653716 152.790856793 0.99609375
v 148.743233678 456.132002774 152.553962688 0.99609375
v 156.916902003 455.884846916 153.003003536 0.99609375
v 148.327021088 455.915198507 152.576448735 0.99609375
v 157.219153861 455.932488607 152.894436042 0.99609375
v 148.493339908 456.448179153 153.341907264 0.99609375
v 157.1026901 456.66605971 152.741719913 0.99609375
v 156.64348378 456.837464399 152.5193022 0.99609375
v 156.838899971 457.196252749 152.596378161 0.99609375
v 154.968933534 447.728405363 127.699791099 0.99609375
v 154.924908155 447.488489383 127.872568506 0.99609375
v 155.264675538 447.539001827 127.257942259 0.99609375
v 155.580288722 448.131054736 127.162577787 0.99609375
v 155.766880974 447.625167228 127.652389773 0.99609375
v 155.664189681 447.876362888 127.450700452 0.99609375
v 156.20687657 447.650912525 127.197551274 0.99609375
v 155.885201337 448.131065741 127.395718187 0.99609375
v 156.320907742 447.311021474 127.448114194 0.99609375
v 156.208252802 448.291482188 127.634040032 0.99609375
v 156.481711895 447.627496463 127.60312217 0.99609375
v 156.715041332 448.312360873 127.003837934 0.99609375
v 156.858993131 447.436326029 127.817244242 0.99609375
v 156.79606118 448.31962453 127.321697985 0.99609375
v 157.205886599 447.233599166 127.695854884 0.99609375
v 157.283355343 448.071025386 127.167734352 0.99609375
v 157.333315515 447.525986032 127.444727829 0.99609375
v 157.594915222 448.530225963 127.898925312 0.99609375
v 157.967542745 447.32552687 127.679187979 0.99609375
v 158.022541107 448.896287541 127.402222536 0.99609375
v 158.270059968 447.239973033 127.245390549 0.99609375
v 157.826362007 448.091880081 127.362007804 0.99609375
v 158.561920737 447.623427064 127.921829402 0.99609375
v 158.524711273 448.486196634 127.758321523 0.99609375
v 158.873198183 447.285825814 127.462260434 0.99609375
v 158.761856802 447.882618641 127.142361556 0.99609375
v 153.276148214 447.393979404 127.750756627 0.99609375
v 153.634561882 447.6368105 128.098292379 0.99609375
v 153.950978541 447.536987116 128.17051507 0.99609375
v 154.083156212 448.328874037 127.922480226 0.99609375
v 154.234596519 447.559020249 128.137398281 0.99609375
v 154.415011229 448.658753886 127.946078696 0.99609375
v 154.394342618 447.473610939 128.0652873 0.99609375
v 154.56397411 449.172489802 128.372822896 0.99609375
v 155.07943589 447.195486527 127.729704865 0.99609375
v 154.973409413 449.142719184 128.109177737 0.99609375
v 155.093704753 447.471214925 128.29745748 0.99609375
v 155.200745925 449.478397442 127.925240573 0.99609375
v 155.345430063 447.480254991 127.996120761 0.99609375
v 155.603233767 449.148008137 127.624494086 0.99609375
v 155.806877277 447.250282727 127.938357744 0.99609375
v 155.84522664 449.28147767 128.171551512 0.99609375
v 156.091571464 447.475565571 127.811758298 0.99609375
v 155.785807066 449.390858153 127.525933621 0.99609375
v 156.250903901 447.674714231 127.532121921 0.99609375
v 156.447566021 449.517700343 127.645619709 0.99609375
v 156.666260766 447.388474642 127.926141474 0.99609375
v 156.816746369 450.068449668 127.859292897 0.99609375
v 156.855466802 447.273195772 127.674996186 0.99609375
v 157.024893634 449.628427104 127.630268243 0.99609375
v 157.114221323 447.666158888 128.119744649 0.99609375
v 157.072485439 449.626766048 128.08049381 0.99609375
v 157.609945188 447.487481215 127.670596511 0.99609375
v 157.214407347 449.773870039 127.639238905 0.99609375
v 157.692018874 447.531309014 128.105548867 0.99609375
v 157.613363095 449.940282089 127.735438963 0.99609375
v 158.178185435 447.417888186 128.006784749 0.99609375
v 158.235933415 449.685925765 127.674738147 0.99609375
v 158.318226056 447.539526478 127.664717265 0.99609375
v 158.373032721 450.015193876 127.79282042 0.99609375
v 158.876884897 447.556209593 127.610818738 0.99609375
v 158.803782378 449.646687624 128.178594631 0.99609375
v 159.161177633 447.465604525 127.815490236 0.99609375
v 159.02264299 449.484207551 127.993582459 0.99609375
v 159.23778852 447.619003902 128.370902401 0.99609375
v 159.139329066 449.557063352 127.839790729 0.99609375
v 159.263131404 447.665605595 128.499565681 0.99609375
v 159.773852953 449.138697178 128.332535875 0.99609375
v 159.861728605 447.73840356 128.481028266 0.99609375
v 159.607796205 449.193937605 128.479696858 0.99609375
v 160.259379808 448.214794966 127.646024987 0.99609375
v 160.21566703 448.933462095 128.488007401 0.99609375
v 152.660372561 447.070669309 128.334987185 0.99609375
v 152.682322994 446.988957328 128.86236009 0.99609375
v 152.829510247 447.64113986 128.19627025 0.99609375
v 153.386444009 447.327910169 128.437887997 0.99609375
v 153.264088866 448.271997508 128.651864539 0.99609375
v 153.652378605 447.437256948 128.097914986 0.99609375
v 153.315324549 448.509336905 128.885214425 0.99609375
v 153.661485812 447.200417576 128.679079128 0.99609375
v 153.622926263 449.179275707 128.558472287 0.99609375
v 154.033576597 447.217790959 128.756636151 0.99609375
v 153.770980163 449.25642707 128.760626277 0.99609375
v 154.271831002 447.07151769 128.82473609 0.99609375
v 154.167984855 449.228473157 128.455655852 0.99609375
v 154.304326168 447.08847925 128.062442194 0.99609375
v 154.808727735 449.909961038 128.119408133 0.99609375
v 154.676729651 446.95031456 128.169012815 0.99609375
v 154.601082921 449.923471979 128.917053476 0.99609375
v 155.056130502 447.058588864 128.709334823 0.99609375
v 155.014652295 449.862770728 128.285670297 0.99609375
v 155.59564467 447.407507693 128.435963302 0.99609375
v 155.429198778 450.483879293 128.370938242 0.99609375
v 155.484230161 447.202162536 128.87906994 0.99609375
v 155.811826771 450.434265667 128.965981918 0.99609375
v 156.15064015 446.935160944 128.315586788 0.99609375
v 155.926063914 450.808553555 128.310223494 0.99609375
v 156.583184716 447.139974072 128.603089142 0.99609375
v 156.122822523 450.392053736 128.349309823 0.99609375
v 156.859377925 447.073252424 128.348483293 0.99609375
v 156.730554032 450.919329208 128.722045387 0.99609375
v 156.966280694 446.954220376 128.714185625 0.99609375
v 156.879919222 450.746933508 128.999878784 0.99609375
v 157.227108156 447.459791893 128.458077872 0.99609375
v 157.015507671 450.560025857 128.105875565 0.99609375
v 157.285793556 447.451929879 128.183253724 0.99609375
v 157.549907978 450.706194607 128.54370564 0.99609375
v 157.964056029 447.365496021 128.696967015 0.99609375
v 157.845919987 450.419157809 128.272062078 0.99609375
v 158.222098593 447.254860456 128.334683083 0.99609375
v 158.326926468 450.813580199 128.481941801 0.99609375
v 158.564071209 447.364627182 128.115445861 0.99609375
v 158.605079 450.525602257 128.566343185 0.99609375
v 158.386045205 447.428195271 128.638240523 0.99609375
v 158.536688769 450.629208601 128.677707367 0.99609375
v 159.11940838 447.357521205 128.441859742 0.99609375
v 159.027412312 450.19280446 128.041642686 0.99609375
v 159.061545609 447.118843086 128.733328193 0.99609375
v 158.953974474 450.0913318 128.454854636 0.99609375
v 159.2737708 447.041952895 128.499888001 0.99609375
v 159.76859976 450.227737528 128.0678607 0.99609375
v 159.711490593 446.945983143 128.038779405 0.99609375
v 159.856894163 450.243520478 128.678573743 0.99609375
v 160.011240928 447.665799018 128.305621547 0.99609375
v 159.868128046 449.890480084 128.901536281 0.99609375
v 151.689707197 447.115213598 129.297950964 0.99609375
v 152.539197532 447.013610966 129.317679853 0.99609375
v 151.982005948 447.733920476 128.679127528 0.99609375
v 152.484949557 447.066613034 129.481087757 0.99609375
v 152.75930355 448.556757472 129.445725988 0.99609375
v 152.707294156 447.464588255 128.999939229 0.99609375
v 152.745245574 448.89695781 129.23483299 0.99609375
v 153.352638196 447.249477214 128.751552147 0.99609375
v 153.05183225 449.388534484 129.369168288 0.99609375
v 153.326097042 447.153549622 128.916624327 0.99609375
v 153.476029182 449.63867712 128.706757538 0.99609375
v 153.859806457 447.282858356 128.801475663 0.99609375
v 153.630481227 449.506200376 128.692866243 0.99609375
v 154.075360901 447.348790574 128.515306937 0.99609375
v 153.723550522 450.157460086 128.782105327 0.99609375
v 154.194277936 447.095422519 128.6207831 0.99609375
v 154.001310231 450.58102035 129.170775132 0.99609375
v 154.617075198 447.197853606 129.463073197 0.99609375
v 154.665741159 450.664100568 128.813904148 0.99609375
v 154.982271893 447.305255216 129.46042021 0.99609375
v 155.123877021 450.805099871 128.691849349 0.99609375
v 155.331730428 447.156469098 129.080974228 0.99609375
v 155.03300169 451.127009487 129.065334136 0.99609375
v 155.712894021 447.057754644 129.118634734 0.99609375
v 155.228124806 451.469547708 128.929295327 0.99609375
v 155.487819592 447.057356046 128.694515874 0.99609375
v 155.55896961 451.766531758 129.355066767 0.99609375
v 155.807700665 447.169789914 129.414516216 0.99609375
v 155.864594138 451.632513323 128.854703816 0.99609375
v 156.461554903 447.136652469 128.622620413 0.99609375
v 156.210620428 451.934107262 128.973002135 0.99609375
v 156.535512024 447.462262769 128.662849081 0.99609375
v 156.710334192 452.194904523 128.663771841 0.99609375
v 156.928089888 447.312343911 129.07296467 0.99609375
v 156.824149528 451.824946947 129.246132536 0.99609375
v 157.197024101 447.258229345 128.735540132 0.99609375
v 156.933705226 452.156003837 129.302511886 0.99609375
v 157.47673977 447.366198404 129.384603948 0.99609375
v 157.277987158 451.84235021 128.929017282 0.99609375
v 157.646109519 447.102485846 128.869098561 0.99609375
v 157.868419334 451.966546632 128.978209111 0.99609375
v 157.92541052 446.981363112 128.665614166 0.99609375
v 158.111047349 451.674746666 129.380756591 0.99609375
v 158.191006051 447.432402879 129.400516274 0.99609375
v 158.531074565 450.99370709 129.448397934 0.99609375
v 158.403436756 447.217494339 128.675264063 0.99609375
v 158.555454238 451.007122472 128.927758291 0.99609375
v 159.04460472 446.905099464 128.907725146 0.99609375
v 158.990686128 451.101462396 128.979250409 0.99609375
v 158.947493061 447.09329802 129.063102621 0.99609375
v 159.020314438 450.821868491 128.553914151 0.99609375
v 159.402600726 447.342841591 129.044844057 0.99609375
v 159.252979407 450.893256549 128.63315505 0.99609375
v 160.077927239 447.440695417 128.621664062 0.99609375
v 159.738260517 450.610428633 129.044614287 0.99609375
v 159.884918472 447.761677139 128.874628414 0.99609375
v 160.306970089 449.569455097 129.292762031 0.99609375
v 150.888609695 446.746126746 129.445419216 0.99609375
v 151.650734078 446.98208202 129.130933628 0.99609375
v 151.455620624 447.507409798 129.270986234 0.99609375
v 151.563238351 446.855060635 129.936017937 0.99609375
v 151.833503619 448.029792052 129.216717778 0.99609375
v 152.140957572 446.785036818 129.945483961 0.99609375
v 152.021599934 448.419096022 129.207173961 0.99609375
v 152.326879517 446.889445355 129.40030323 0.99609375
v 152.143724482 448.742761476 129.908053491 0.99609375
v 152.557854693 447.133894936 129.332617705 0.99609375
v 152.26685757 449.580645801 129.541712629 0.99609375
v 152.893745915 446.891743847 129.20818722 0.99609375
v 152.616807019 449.994094385 129.80684685 0.99609375
v 153.077726097 447.146479223 129.047872751 0.99609375
v 153.40124076 450.20013806 129.397371285 0.99609375
v 153.495405292 446.897249713 129.906624931 0.99609375
v 153.296128167 450.444142854 129.399788958 0.99609375
v 153.675637425 447.175638114 129.813140367 0.99609375
v 153.53312109 451.073813903 129.681580358 0.99609375
v 154.022440801 447.078874023 129.664327155 0.99609375
v 153.827684625 451.007280082 129.599410508 0.99609375
v 154.353224929 447.043709453 129.106460342 0.99609375
v 154.093657109 451.764437376 129.336467889 0.99609375
v 154.41662942 446.880283803 129.649576395 0.99609375
v 154.612703799 451.651893913 129.153660553 0.99609375
v 154.69369693 446.745041155 129.703413688 0.99609375
v 154.836821901 451.939118381 129.31802858 0.99609375
v 155.035365033 446.871280226 129.161848882 0.99609375
v 155.307937479 452.567706641 129.95871186 0.99609375
v 155.463824164 446.634932499 129.963124321 0.99609375
v 155.249229896 452.478487317 129.33507 0.99609375
v 155.999123933 446.744089582 129.573438379 0.99609375
v 155.765440239 452.967823166 129.583477876 0.99609375
v 156.099373888 446.98103079 129.577416408 0.99609375
v 156.099076149 452.824450779 129.284300342 0.99609375
v 156.329521266 447.161233352 129.266769509 0.99609375
v 156.067048554 453.04592036 129.043393531 0.99609375
v 156.463700227 446.736848352 129.06887473 0.99609375
v 156.677489144 453.407093109 129.856550782 0.99609375
v 156.916057061 446.971753259 129.329875249 0.99609375
v 156.729476641 453.772853788 129.577031307 0.99609375
v 157.400815432 446.776322542 129.282152847 0.99609375
v 156.922120222 453.777266955 129.799672428 0.99609375
v 157.229430715 446.951121018 129.804276144 0.99609375
v 157.565302836 453.702769919 129.006685898 0.99609375
v 157.61033372 446.613085325 129.518022069 0.99609375
v 157.942712859 453.538107925 129.948506347 0.99609375
v 157.908715437 447.137810109 129.604238386 0.99609375
v 158.028487638 452.983459596 129.090038707 0.99609375
v 158.092756959 446.872604694 129.300925319 0.99609375
v 158.442918202 452.684650804 129.949458024 0.99609375
v 158.366875846 447.019089269 129.756967533 0.99609375
v 158.765688722 452.13542057 129.026618374 0.99609375
v 158.983977649 447.056890286 129.410378604 0.99609375
v 158.660774669 452.397316222 129.520271393 0.99609375
v 159.457924246 446.774543028 129.246864908 0.99609375
v 159.043109069 451.749324318 129.146904923 0.99609375
v 159.730601327 446.717441337 129.241838008 0.99609375
v 159.485591858 451.435997136 129.922518141 0.99609375
v 159.551488247 446.817732071 129.632040534 0.99609375
v 159.915865509 450.370889599 129.541156605 0.99609375
v 150.670866256 446.635414815 130.35277666 0.99609375
v 150.621298373 446.684443892 130.094404645 0.99609375
v 150.624396643 447.617132502 129.84603481 0.99609375
v 151.091512338 447.001492374 130.322376121 0.99609375
v 151.265931564 448.177203915 129.534072396 0.99609375
v 151.646587175 447.044182009 130.113848988 0.99609375
v 151.332730171 448.829382421 129.965252038 0.99609375
v 151.464493628 446.655970717 129.812819018 0.99609375
v 151.938130162 449.262920427 129.546561333 0.99609375
v 152.223540418 447.082692491 130.341034098 0.99609375
v 152.030278459 449.917977557 130.310464161 0.99609375
v 152.444808739 447.034640862 129.777761529 0.99609375
v 152.284635075 450.350381948 130.084166467 0.99609375
v 152.329687064 446.758317208 130.355526582 0.99609375
v 152.341672817 450.847462036 130.376066304 0.99609375
v 152.794748961 446.866842166 129.69029337 0.99609375
v 152.727269485 450.893140715 130.384040187 0.99609375
v 153.278706698 447.096600662 130.287954982 0.99609375
v 152.892002225 451.276496943 129.726914656 0.99609375
v 153.169796549 446.664991533 129.740731362 0.99609375
v 153.624630187 452.001064777 130.247230591 0.99609375
v 153.642429836 446.970852501 130.149608702 0.99609375
v 153.482993672 452.175286059 130.291812944 0.99609375
v 153.803252438 446.784076829 129.804985541 0.99609375
v 153.90638008 452.678331078 130.336986297 0.99609375
v 154.207610627 446.602227998 129.958881102 0.99609375
v 154.425349011 452.788314458 130.418012353 0.99609375
v 154.468810159 446.783460619 130.017079768 0.99609375
v 154.795508027 453.263633566 130.114429156 0.99609375
v 154.870813596 446.789707014 129.708692832 0.99609375
v 154.597228836 453.292893447 130.192458291 0.99609375
v 154.960330415 446.895949848 129.64906125 0.99609375
v 155.117033454 453.954992524 130.092118618 0.99609375
v 155.709513336 446.945821913 130.085243747 0.99609375
v 155.357502589 454.124221515 130.113058296 0.99609375
v 155.828373289 446.719446678 130.381045865 0.99609375
v 155.617079248 454.173354936 130.113723548 0.99609375
v 156.185488799 446.804465532 130.001136404 0.99609375
v 155.944974472 454.600352766 129.838118447 0.99609375
v 156.331492046 447.011516371 129.58514293 0.99609375
v 156.111408418 454.67689828 130.187887708 0.99609375
v 156.344135317 447.004058195 130.478374076 0.99609375
v 156.845742758 454.97300071 130.322686434 0.99609375
v 156.883268935 447.068554985 129.581585324 0.99609375
v 157.000422918 455.284242302 129.863858293 0.99609375
v 156.975716382 447.002288574 129.621024548 0.99609375
v 157.301634408 455.299036221 130.32506351 0.99609375
v 157.638329337 446.710351777 129.587717646 0.99609375
v 157.567789431 455.792848553 129.99540243 0.99609375
v 157.714068779 447.12834589 130.132497873 0.99609375
v 157.998510583 455.448737659 130.417151056 0.99609375
v 158.336082199 447.004176009 130.296323695 0.99609375
v 158.097470321 455.835942498 129.730519443 0.99609375
v 158.620244715 446.720087173 129.972288444 0.99609375
v 158.499917176 455.486963853 129.675866952 0.99609375
v 158.658436728 447.059646543 129.600724432 0.99609375
v 158.52433079 454.557235429 129.772979523 0.99609375
v 159.108156393 446.895164003 129.640433876 0.99609375
v 158.877423389 454.360462363 130.254786397 0.99609375
v 159.378895701 446.867941692 130.146477042 0.99609375
v 158.994202799 453.656630135 130.185427399 0.99609375
v 159.553683716 446.858428078 129.798913963 0.99609375
v 159.601008795 451.714274464 129.727055187 0.99609375
v 149.792437932 446.627400456 130.320043307 0.99609375
v 149.995958824 446.725106727 130.033631865 0.99609375
v 150.264023876 447.630000349 130.405240327 0.99609375
v 150.525084681 446.815565122 130.349416764 0.99609375
v 150.767934385 448.776270978 130.616466118 0.99609375
v 150.722081371 446.796570984 130.999702573 0.99609375
v 151.067953995 449.304388248 130.827794894 0.99609375
v 151.00925282 446.922413698 130.950296133 0.99609375
v 150.988332311 449.873253396 130.391137188 0.99609375
v 151.435836201 446.70807162 130.977501625 0.99609375
v 151.415306908 450.391066974 130.388626086 0.99609375
v 151.764277589 446.816050185 130.570153092 0.99609375
v 151.873025845 450.957091586 130.855620791 0.99609375
v 151.86058043 446.837645429 130.658134716 0.99609375
v 151.840994586 451.433872364 130.263666761 0.99609375
v 152.37521368 446.706024742 130.866094761 0.99609375
v 151.9828002 451.927381824 130.907782515 0.99609375
v 152.647382549 446.760787078 130.112415866 0.99609375
v 152.355669202 452.118945932 130.200888735 0.99609375
v 152.593337134 447.152544308 130.035003741 0.99609375
v 153.066933809 452.597241853 130.750888812 0.99609375
v 153.025092103 447.00111952 130.697495315 0.99609375
v 152.88574266 453.127649897 130.975591142 0.99609375
v 153.260927438 446.930516813 130.636968647 0.99609375
v 153.181689068 453.665042116 130.017175224 0.99609375
v 153.424953848 446.987656391 130.154765754 0.99609375
v 153.776379207 454.028318559 130.112149722 0.99609375
v 153.943162938 447.171754924 130.117522857 0.99609375
v 153.945557169 454.555639406 130.098572578 0.99609375
v 154.199092834 447.006455431 130.13372193 0.99609375
v 154.055418022 454.58575663 130.340231196 0.99609375
v 154.498001406 446.979086653 130.016066321 0.99609375
v 154.554892556 454.865109051 130.167375086 0.99609375
v 154.732328219 446.682433177 130.711039941 0.99609375
v 154.672428354 455.066581491 130.535150298 0.99609375
v 155.100979308 446.601712792 130.699285345 0.99609375
v 155.035751524 455.718671924 130.148071287 0.99609375
v 155.511742998 447.067852935 130.712462818 0.99609375
v 155.43648769 456.164459414 130.878399019 0.99609375
v 155.64314631 446.696789788 130.078319393 0.99609375
v 155.672677991 455.980634046 130.848431536 0.99609375
v 156.279642092 446.860155852 130.131005823 0.99609375
v 156.032364992 456.691440019 130.550018063 0.99609375
v 156.076901497 446.903233901 130.375399566 0.99609375
v 156.526878345 456.853793842 130.291944237 0.99609375
v 156.415057676 446.986667699 130.431581949 0.99609375
v 156.579726591 457.019388993 130.546423176 0.99609375
v 157.119844328 446.86664287 130.814702738 0.99609375
v 156.713568104 457.084259397 130.277131567 0.99609375
v 157.233634948 446.848249242 130.15547409 0.99609375
v 157.111256034 457.358749793 130.62191725 0.99609375
v 157.465512074 446.959224342 130.678478175 0.99609375
v 157.558191568 457.564997127 130.734471233 0.99609375
v 157.507297004 447.037456943 130.818346023 0.99609375
v 157.693234198 457.339792166 130.11883296 0.99609375
v 158.099911326 446.919012298 130.120195321 0.99609375
v 158.00030282 457.794685438 130.540061038 0.99609375
v 158.406257048 446.897667501 130.888713148 0.99609375
v 158.454378452 457.613208838 130.235094517 0.99609375
v 158.417825308 446.846653045 130.588267465 0.99609375
v 158.788351487 457.340054995 130.623001918 0.99609375
v 159.118488474 447.000163302 130.485655809 0.99609375
v 159.007421239 456.773795954 130.561048094 0.99609375
v 159.498508595 446.650357175 130.859980322 0.99609375
v 159.413895568 453.601290702 130.258001136 0.99609375
v 149.353017805 446.650213074 131.397560059 0.99609375
v 149.566575234 446.738820688 130.688542937 0.99609375
v 149.501517847 447.762928221 131.491409291 0.99609375
v 149.801766547 446.490550068 131.072094857 0.99609375
v 150.052917161 448.439230645 130.711811652 0.99609375
v 149.963176231 446.354783118 130.752997314 0.99609375
v 150.407867802 449.714261897 131.043043486 0.99609375
v 150.538840964 446.708334776 131.142600388 0.99609375
v 150.607261084 450.409256733 131.284598943 0.99609375
v 150.890726713 446.317435095 130.797346405 0.99609375
v 150.71820732 451.108646862 131.218382148 0.99609375
v 151.143288294 446.495042986 130.572087347 0.99609375
v 150.81824782 452.088195878 130.874491405 0.99609375
v 151.235141846 446.362582628 131.443564473 0.99609375
v 151.094642267 452.134773128 130.802083904 0.99609375
v 151.573125015 446.391333145 130.916153013 0.99609375
v 151.758553891 452.725429919 130.634132759 0.99609375
v 151.972100526 446.795423358 131.069105124 0.99609375
v 151.839399919 453.742111134 131.093074302 0.99609375
v 152.05266334 446.51817809 130.639774255 0.99609375
v 152.021005727 453.596697496 130.985484209 0.99609375
v 152.363229842 446.886112863 130.587413377 0.99609375
v 152.28116538 453.926563148 130.894748801 0.99609375
v 153.085359879 446.325965303 130.645395925 0.99609375
v 152.689687815 454.680686498 131.224533231 0.99609375
v 153.296146331 446.44499037 131.483596749 0.99609375
v 152.99981609 454.840062461 131.389763696 0.99609375
v 153.451970496 446.384859583 131.480505359 0.99609375
v 153.120334606 454.842811277 130.714647194 0.99609375
v 153.63924067 446.880083058 131.246950239 0.99609375
v 153.766258136 455.541638823 130.68874727 0.99609375
v 153.953162961 446.848137558 130.888725835 0.99609375
v 153.7387089 455.2419829 131.302752459 0.99609375
v 154.316797806 446.310862815 131.107661194 0.99609375
v 154.540073662 455.709359119 130.969683706 0.99609375
v 154.344692788 446.655550499 130.589560449 0.99609375
v 154.652907403 455.441416472 130.536382237 0.99609375
v 154.69317083 446.79623723 131.205229936 0.99609375
v 154.824039635 455.795934856 130.736600261 0.99609375
v 155.398470826 446.513899128 131.271069877 0.99609375
v 155.036305204 456.14499801 131.44559913 0.99609375
v 155.63524835 446.406046229 131.358285524 0.99609375
v 155.19536339 456.256414867 131.069900938 0.99609375
v 155.734739125 446.494301129 131.194240347 0.99609375
v 156.018760308 456.357707573 130.914774636 0.99609375
v 155.794293679 446.355338583 131.395723013 0.99609375
v 156.26672141 457.032202426 131.472445889 0.99609375
v 156.20287275 446.582832402 130.62819954 0.99609375
v 156.384196713 457.292645797 130.932356002 0.99609375
v 156.63865567 446.807599417 131.483827164 0.99609375
v 156.601038896 457.083719069 130.563365301 0.99609375
v 156.997883517 446.622069354 130.52115305 0.99609375
v 156.937676272 456.821822855 130.787976011 0.99609375
v 157.319104827 446.630723781 130.559338305 0.99609375
v 157.144656807 457.233328144 130.68696909 0.99609375
v 157.370470739 446.820635561 131.005408991 0.99609375
v 157.50615862 457.296376495 130.689926634 0.99609375
v 157.922472297 446.812719605 130.824518674 0.99609375
v 157.768543412 457.811139848 130.584282212 0.99609375
v 157.920375949 446.3422875 131.011712768 0.99609375
v 158.06314467 457.706479377 130.568056338 0.99609375
v 158.058899709 446.530673048 131.292652799 0.99609375
v 158.321887792 458.056194754 130.698686276 0.99609375
v 158.446420826 446.727747335 130.870111791 0.99609375
v 158.43176112 457.879615139 130.536478471 0.99609375
v 158.769291138 446.845240029 131.359169157 0.99609375
v 158.887833215 458.050026873 131.230632088 0.99609375
v 148.923311442 446.639270448 131.539044387 0.99609375
v 149.197090088 446.491650505 131.628165153 0.99609375
v 149.384760727 448.06483695 131.589128908 0.99609375
v 149.719528559 446.836827035 131.462663911 0.99609375
v 149.864818083 449.44516265 131.721272087 0.99609375
v 150.037701186 446.723398883 131.928389791 0.99609375
v 149.654559532 450.482984953 131.127245769 0.99609375
v 150.008897236 446.517220563 131.125364555 0.99609375
v 150.011909799 451.531415426 131.835562419 0.99609375
v 150.477379436 446.752340661 131.797982991 0.99609375
v 150.338081764 452.847139504 131.172803189 0.99609375
v 150.902557461 446.452608837 131.134036069 0.99609375
v 150.871351617 453.50185601 131.756969376 0.99609375
v 151.086389734 446.550259225 131.484635203 0.99609375
v 151.212257175 453.422131977 131.344458078 0.99609375
v 151.27120075 446.496828982 131.711660788 0.99609375
v 151.394927225 453.739442205 131.105035842 0.99609375
v 151.948904992 446.867105357 131.835682863 0.99609375
v 151.885495591 453.804268831 131.103341211 0.99609375
v 152.19608749 446.736610397 131.954955045 0.99609375
v 152.103813596 454.116196143 131.415439759 0.99609375
v 152.380521605 446.717906219 131.352916908 0.99609375
v 152.111113297 454.422528282 131.653430966 0.99609375
v 152.413623722 446.811699314 131.74808486 0.99609375
v 152.404852955 454.68322512 131.016573187 0.99609375
v 153.063934076 446.688850987 131.158000022 0.99609375
v 152.810834041 454.855432323 131.852401444 0.99609375
v 153.10437177 446.417481915 131.312339148 0.99609375
v 153.277569755 455.108556336 131.598855611 0.99609375
v 153.639978427 446.507754953 131.135717267 0.99609375
v 153.439517455 455.723594611 131.290741656 0.99609375
v 153.57262479 446.444250322 131.850590448 0.99609375
v 153.949423692 456.093799921 131.743792906 0.99609375
v 153.903437083 446.737728742 131.820731059 0.99609375
v 153.775303668 456.349771281 131.921411267 0.99609375
v 154.472815885 446.469236612 131.431369033 0.99609375
v 154.463913438 456.467846859 131.504044156 0.99609375
v 154.645630494 446.888381208 131.053882225 0.99609375
v 154.374275343 457.307878872 131.707533579 0.99609375
v 155.07842851 446.623474457 131.960126872 0.99609375
v 154.653245124 457.062825353 131.876141115 0.99609375
v 155.10102003 446.539032416 131.119632221 0.99609375
v 155.022946599 457.745857432 131.820521527 0.99609375
v 155.447504107 446.862232363 131.688096576 0.99609375
v 155.700769132 457.848756444 131.293843301 0.99609375
v 155.930471641 446.514920439 131.165996303 0.99609375
v 155.786365765 457.747405595 131.941548108 0.99609375
v 156.158727578 446.744963833 131.122500139 0.99609375
v 156.285230745 458.416455899 131.29050341 0.99609375
v 156.240867987 446.392976477 131.383806127 0.99609375
v 156.431473621 458.463755403 131.061522206 0.99609375
v 156.553790615 446.399775495 131.946177809 0.99609375
v 156.885117926 457.927529745 131.49714182 0.99609375
v 156.928877392 446.860348303 131.23391538 0.99609375
v 156.93067273 458.555518652 131.233828121 0.99609375
v 156.940172286 446.738968668 131.347146293 0.99609375
v 157.034718384 458.44420383 131.192018005 0.99609375
v 157.261567571 446.83992323 131.925465443 0.99609375
v 157.576142966 458.581999979 131.673623521 0.99609375
v 157.874011272 446.366429355 131.106210788 0.99609375
v 157.737854286 458.793421873 131.513492293 0.99609375
v 158.24356285 446.521279733 131.194370441 0.99609375
v 158.33683869 458.826369553 131.924542474 0.99609375
v 158.591794854 446.551951928 131.908029263 0.99609375
v 158.288531336 458.861310141 131.799793322 0.99609375
v 158.484194459 446.476513176 131.460978144 0.99609375
v 158.419984552 458.247592003 131.670260179 0.99609375
v 148.958806308 446.326496555 132.291474584 0.99609375
v 148.986703919 447.181029055 132.384010386 0.99609375
v 148.911708179 446.535719891 131.991124329 0.99609375
v 148.888748739 448.132179136 131.509486043 0.99609375
v 149.148230565 446.852674919 131.577714905 0.99609375
v 149.203816532 449.37948838 132.397974785 0.99609375
v 149.618478945 446.483326621 132.145533148 0.99609375
v 149.494215774 451.611061575 132.026127837 0.99609375
v 149.885565718 446.529047156 132.388787534 0.99609375
v 149.919071313 453.255490473 131.975754515 0.99609375
v 150.259880021 446.369919957 131.599916052 0.99609375
v 150.121758978 453.584871187 131.992817787 0.99609375
v 150.77071611 446.521894718 131.653541413 0.99609375
v 150.738907749 453.737976773 132.257793604 0.99609375
v 150.950357934 446.753346325 131.733598547 0.99609375
v 150.646659542 453.627188905 132.439909044 0.99609375
v 151.362394113 446.535790725 131.56808694 0.99609375
v 150.871342309 454.197536729 132.053233969 0.99609375
v 151.423391553 446.414474174 132.367295395 0.99609375
v 151.271453785 455.008376918 131.523629358 0.99609375
v 151.656968926 446.778220645 132.229747945 0.99609375
v 151.870541839 454.559392752 132.388030485 0.99609375
v 151.808438794 446.363524926 131.557790638 0.99609375
v 152.248167736 455.021550796 131.925837097 0.99609375
v 152.502814337 446.713074627 132.217585772 0.99609375
v 152.220819572 455.524311162 131.803466121 0.99609375
v 152.613198067 446.334051885 132.412673016 0.99609375
v 152.438384223 455.687827936 132.290965212 0.99609375
v 152.687857189 446.463476919 132.193810036 0.99609375
v 152.788460495 455.666239741 132.331073892 0.99609375
v 152.990517379 446.767383894 131.70205683 0.99609375
v 152.935044905 456.423319573 131.662829675 0.99609375
v 153.668931836 446.488365896 131.574563025 0.99609375
v 153.120405434 456.344185012 131.932494297 0.99609375
v 153.626840626 446.668012277 132.373109448 0.99609375
v 153.744377705 456.276426131 132.04654881 0.99609375
v 153.716637353 446.368539565 132.484540856 0.99609375
v 153.715345919 456.794901704 131.943547585 0.99609375
v 154.278371638 446.774719513 132.371154161 0.99609375
v 153.993698698 456.890608287 132.208788428 0.99609375
v 154.451860845 446.530201828 132.011200429 0.99609375
v 154.400118736 456.762193816 132.206407853 0.99609375
v 155.133500833 446.613357325 131.984182603 0.99609375
v 154.998071082 457.191151788 131.608728098 0.99609375
v 155.085715732 446.444974786 131.800714797 0.99609375
v 155.037766665 457.577243684 131.595162389 0.99609375
v 155.359377638 446.76469945 132.498086645 0.99609375
v 155.441503222 457.556487009 132.37059694 0.99609375
v 155.550961936 446.586951593 132.464461764 0.99609375
v 155.918549336 458.080483108 131.888354469 0.99609375
v 156.285691496 446.826661014 132.455167819 0.99609375
v 155.991090362 458.457244027 131.970089435 0.99609375
v 156.342059368 446.65258089 132.027273428 0.99609375
v 156.446767595 458.370350133 131.64983279 0.99609375
v 156.350362559 446.820803965 131.938558126 0.99609375
v 156.576767883 458.345644971 132.099319348 0.99609375
v 156.636435236 446.829216145 132.410032422 0.99609375
v 156.611809824 458.651181435 131.990289397 0.99609375
v 156.900534562 446.783156874 131.852440174 0.99609375
v 157.423222264 459.052155328 132.429221004 0.99609375
v 157.256869725 446.656859923 132.178833296 0.99609375
v 157.71483227 459.121104924 132.348452411 0.99609375
v 157.78545438 446.324416114 131.550109649 0.99609375
v 157.752776847 459.137839864 131.712126509 0.99609375
v 157.967303821 446.846874866 132.350950507 0.99609375
v 158.289067024 458.922615833 131.713904669 0.99609375
v 158.294509128 446.388567347 131.661155392 0.99609375
v 158.421210175 459.231373734 132.155437682 0.99609375
v 148.153419585 446.450975161 132.895876099 0.99609375
v 148.665518731 446.285342359 132.506008109 0.99609375
v 148.652064871 447.323877589 132.860010969 0.99609375
v 148.802570792 446.463661088 132.160570326 0.99609375
v 148.484492727 448.623125395 132.887678899 0.99609375
v 149.324834686 446.150719681 132.635568927 0.99609375
v 149.171958864 449.378020651 132.833522587 0.99609375
v 149.085058747 446.258234511 132.146738392 0.99609375
v 149.207067599 451.852882355 132.372791905 0.99609375
v 149.617287216 446.107007738 132.746521726 0.99609375
v 149.739414755 453.073563251 132.49560465 0.99609375
v 149.864336466 446.229773312 132.089326554 0.99609375
v 150.097707967 453.367657094 132.941559283 0.99609375
v 150.175117181 446.491791779 132.205828859 0.99609375
v 150.130860182 453.803167698 132.078707123 0.99609375
v 150.410096651 446.320951833 132.988840792 0.99609375
v 150.528969529 454.209511723 132.183806056 0.99609375
v 150.803227837 446.259032573 132.080379285 0.99609375
v 150.652297017 454.628859868 132.156539833 0.99609375
v 151.367238731 446.08874191 132.854117738 0.99609375
v 151.164666086 454.372881446 132.219679566 0.99609375
v 151.261333492 446.057727113 132.447367101 0.99609375
v 151.141604039 454.793484709 132.579691505 0.99609375
v 151.668018934 446.479395899 132.2807783 0.99609375
v 151.497830693 454.927785404 132.206820455 0.99609375
v 151.767812283 446.447578328 132.845110666 0.99609375
v 151.965799272 455.099280145 132.313549294 0.99609375
v 152.113334752 446.505412744 132.9813346 0.99609375
v 152.04760999 455.490763922 132.753600889 0.99609375
v 152.368733774 446.080288434 132.494886153 0.99609375
v 152.577736076 455.38024928 132.334664101 0.99609375
v 152.951045019 446.390767752 132.317996659 0.99609375
v 152.833838474 456.14083087 132.558250212 0.99609375
v 153.112360455 446.445043912 132.487697372 0.99609375
v 152.940983044 456.321279123 132.644479245 0.99609375
v 153.604009372 446.356132537 132.522584445 0.99609375
v 153.56412975 456.602337413 132.613189923 0.99609375
v 153.640199532 446.49208186 132.525860926 0.99609375
v 153.539002309 456.94108996 132.501037739 0.99609375
v 154.220138658 446.577890067 132.533737122 0.99609375
v 154.180556689 456.84040625 132.872956628 0.99609375
v 154.28764294 446.100438353 132.199566202 0.99609375
v 154.13271263 457.124378953 132.695447779 0.99609375
v 154.448994453 446.441569075 132.56898351 0.99609375
v 154.851782119 457.265483704 132.451620291 0.99609375
v 154.795422011 446.283717049 132.732933032 0.99609375
v 155.135850638 457.06650771 132.617496388 0.99609375
v 155.237335478 446.283643645 132.331557042 0.99609375
v 155.287268837 457.797091103 132.954279353 0.99609375
v 155.542677521 446.598212595 132.643433918 0.99609375
v 155.580447898 457.464650568 132.92416718 0.99609375
v 156.014947504 446.168540428 132.792607709 0.99609375
v 155.752184828 457.905485307 132.572311503 0.99609375
v 155.879343414 446.415197087 132.56936225 0.99609375
v 156.097220682 457.974729495 132.601022916 0.99609375
v 156.026419974 446.37977146 132.418505428 0.99609375
v 156.489820875 458.176891074 132.437678635 0.99609375
v 156.451258292 446.409296167 132.434046447 0.99609375
v 156.610537336 457.966504156 132.403527306 0.99609375
v 157.135450377 446.484313845 132.172616633 0.99609375
v 156.94788589 457.62463112 132.770046026 0.99609375
v 157.413034946 446.568529433 132.296949249 0.99609375
v 157.025049165 458.310641573 132.586735532 0.99609375
v 157.385203851 446.343721815 132.782402468 0.99609375
v 157.22769505 457.92855383 132.44462484 0.99609375
v 157.560847939 446.521389576 132.167412345 0.99609375
v 157.548818538 458.173979188 132.020137324 0.99609375
v 158.281576181 446.248236274 132.603264853 0.99609375
v 157.808145344 458.420060989 132.674951959 0.99609375
v 158.511403705 446.393026041 132.322114826 0.99609375
v 158.168773269 458.118126062 132.153529221 0.99609375
v 147.53084285 446.189017213 133.104645923 0.99609375
v 148.00803756 446.118976401 133.466101867 0.99609375
v 148.011999981 447.11665931 132.868054193 0.99609375
v 147.913892889 446.221843881 133.304692104 0.99609375
v 148.128179203 447.739405907 132.808600345 0.99609375
v 148.562587044 446.19973017 132.979187529 0.99609375
v 148.27446486 448.275317925 133.207918938 0.99609375
v 148.517484412 446.195536647 132.770915061 0.99609375
v 148.665590823 449.244102539 133.16196323 0.99609375
v 148.844809918 446.437076459 133.286777349 0.99609375
v 148.944101519 451.42349877 132.847814714 0.99609375
v 149.103269382 446.086733408 133.111096062 0.99609375
v 149.381188129 453.796923502 132.88459854 0.99609375
v 149.497030327 446.416138935 132.648727612 0.99609375
v 149.657199535 454.68445647 132.928125369 0.99609375
v 149.937997096 446.325733635 133.110023524 0.99609375
v 149.94287855 455.357034672 133.329915537 0.99609375
v 150.113278211 446.187504709 133.212510818 0.99609375
v 150.428577633 456.379016792 132.51243327 0.99609375
v 150.653897106 446.127201082 132.688612338 0.99609375
v 150.676404831 456.702424043 132.932342889 0.99609375
v 150.891657384 446.328327907 133.078377422 0.99609375
v 150.766642695 456.759369744 133.315146578 0.99609375
v 151.361741689 446.150229627 133.321960172 0.99609375
v 151.177675998 457.243220161 132.792978701 0.99609375
v 151.305699899 446.418577533 132.82431041 0.99609375
v 151.404691552 457.11968704 133.047033538 0.99609375
v 151.582798651 446.20848608 132.599376117 0.99609375
v 151.782561216 457.035660449 133.177881911 0.99609375
v 152.038908331 446.553017484 132.77387386 0.99609375
v 152.082502665 456.832772207 132.588223458 0.99609375
v 152.272304957 446.24904535 133.013389251 0.99609375
v 152.480976854 456.776858411 133.103014287 0.99609375
v 152.542657746 446.403898935 132.55770666 0.99609375
v 152.337625366 457.255080704 133.13626893 0.99609375
v 152.835944598 446.551562916 132.553368744 0.99609375
v 152.923077317 456.873386465 132.934717406 0.99609375
v 153.117064852 446.421876073 133.037767405 0.99609375
v 153.236692743 457.559706877 133.066517309 0.99609375
v 153.46117097 446.184874471 133.356665687 0.99609375
v 153.539929534 457.582926821 133.376329717 0.99609375
v 153.704894043 446.165454347 133.211950066 0.99609375
v 153.640388449 457.731309236 132.561060973 0.99609375
v 153.749640167 446.112471764 133.487933867 0.99609375
v 153.963697754 457.598456002 132.861036299 0.99609375
v 154.163639875 446.031836035 132.878100143 0.99609375
v 154.443808092 457.531671731 133.167335623 0.99609375
v 154.622013278 446.209706666 132.79243973 0.99609375
v 154.803548263 457.45168952 133.393389236 0.99609375
v 154.998223412 446.288641688 133.480439311 0.99609375
v 154.619402784 457.585332138 132.813043649 0.99609375
v 155.220857502 446.181634429 133.279245584 0.99609375
v 155.108013004 457.773276178 132.630651917 0.99609375
v 155.584057882 446.388359071 132.628333603 0.99609375
v 155.158215882 457.914563729 132.855403563 0.99609375
v 155.50702825 446.478831495 133.379240882 0.99609375
v 155.702711703 457.753343387 132.871227688 0.99609375
v 155.806801962 446.191305138 133.086835987 0.99609375
v 155.983616298 457.992091913 133.155419873 0.99609375
v 156.360673537 446.360569322 133.180172484 0.99609375
v 156.286054693 458.717730008 132.928289504 0.99609375
v 156.800656768 446.229812026 132.557794173 0.99609375
v 156.351660313 458.619087325 133.090853776 0.99609375
v 156.881142925 446.30946117 132.526281526 0.99609375
v 157.175616994 458.890319236 133.297271611 0.99609375
v 156.898730351 446.273986593 132.5055839 0.99609375
v 156.930556726 459.051846353 133.001290111 0.99609375
v 157.644484404 446.15366112 133.10469827 0.99609375
v 157.24003986 458.92070935 133.31370443 0.99609375
v 157.696056016 446.591553683 132.57765824 0.99609375
v 157.689724978 458.800797521 132.876815327 0.99609375
v 157.955883483 446.272161348 132.632439534 0.99609375
v 158.321700418 459.357738537 132.855690009 0.99609375
v 158.544321323 458.705262706 133.233659899 0.99609375
v 158.233556898 458.855634393 132.908894309 0.99609375
v 147.595468572 446.424037251 133.06744521 0.99609375
v 147.485985887 446.345770955 133.057881113 0.99609375
v 147.771257036 446.896557859 133.776354829 0.99609375
v 147.748339885 446.314997377 133.529387976 0.99609375
v 147.610308404 447.714452744 133.353205491 0.99609375
v 148.178567662 446.339639304 133.636463962 0.99609375
v 148.088941885 448.167584844 133.672423855 0.99609375
v 148.272669441 446.108922914 133.058394104 0.99609375
v 148.608732191 449.330202166 133.03226151 0.99609375
v 148.763209904 446.037746167 133.958962577 0.99609375
v 148.752256643 450.323933645 133.530493687 0.99609375
v 149.233093888 446.554699874 133.438810245 0.99609375
v 148.834342679 452.350060381 133.67587346 0.99609375
v 149.320473454 446.246176707 133.769507576 0.99609375
v 149.274632472 452.249607565 133.693260376 0.99609375
v 149.835947336 446.580722948 133.874740286 0.99609375
v 149.541339955 452.459775094 133.211733185 0.99609375
v 150.088544997 446.035977537 133.465754408 0.99609375
v 150.089843235 452.941905837 133.624324103 0.99609375
v 149.957722417 446.134473362 133.167933344 0.99609375
v 150.351082331 453.804451961 133.558419952 0.99609375
v 150.280233985 446.34488585 133.384413242 0.99609375
v 150.285080763 453.732750328 133.900195403 0.99609375
v 150.799181408 446.255839717 133.329430367 0.99609375
v 150.970919003 454.283912914 133.652946796 0.99609375
v 151.071453064 446.365423954 133.984498043 0.99609375
v 151.194851565 454.840091485 133.985570625 0.99609375
v 151.093692896 446.217161504 133.050317252 0.99609375
v 151.57511141 455.372147052 133.21681235 0.99609375
v 151.508644707 446.596411677 133.234391991 0.99609375
v 151.496939605 455.275493403 133.880807103 0.99609375
v 152.227436167 446.07629622 133.647225169 0.99609375
v 152.049194848 455.807821191 133.203870737 0.99609375
v 152.147758188 446.45394662 133.811989314 0.99609375
v 152.224479464 455.667873725 133.350146969 0.99609375
v 152.307810611 446.131576594 133.167471164 0.99609375
v 152.715543308 455.746647778 133.07308848 0.99609375
v 152.813890654 446.324903449 133.898203123 0.99609375
v 153.051939438 456.280995577 133.464001591 0.99609375
v 153.221433117 446.492490662 133.19125889 0.99609375
v 153.384115384 456.657811497 133.945057892 0.99609375
v 153.410100829 446.157095547 133.589627678 0.99609375
v 153.294676272 456.86835655 133.542103996 0.99609375
v 153.960851347 446.089289521 133.013163138 0.99609375
v 153.911646271 456.618984699 133.949001072 0.99609375
v 153.857516923 446.538884414 133.393364473 0.99609375
v 154.10030857 456.765664678 133.443091883 0.99609375
v 154.079685149 446.092722586 133.313421252 0.99609375
v 154.385915493 456.537020504 133.843382456 0.99609375
v 154.813070856 446.299312508 133.456990037 0.99609375
v 154.591679473 456.527425101 133.492636462 0.99609375
v 155.149470882 446.565032412 133.430385708 0.99609375
v 154.791675428 456.950357868 133.664599792 0.99609375
v 155.381282103 446.170212286 133.609526133 0.99609375
v 154.990094262 456.849296491 133.700652628 0.99609375
v 155.477473859 446.309324563 133.631444373 0.99609375
v 155.343866614 456.911125707 133.003061996 0.99609375
v 155.777704748 446.070537797 133.422659099 0.99609375
v 155.452937105 456.640990161 133.616232727 0.99609375
v 156.039413726 446.377412275 133.839537595 0.99609375
v 155.92063773 456.894261282 133.724849286 0.99609375
v 156.117935858 446.121882999 133.195249218 0.99609375
v 156.234969013 456.533359263 133.396614193 0.99609375
v 156.644941953 446.219566758 133.805978033 0.99609375
v 156.785309022 456.648863445 133.287546961 0.99609375
v 156.77025431 446.045227554 133.203969934 0.99609375
v 156.617982598 456.846596038 133.249137265 0.99609375
v 156.914307875 446.578210311 133.150994458 0.99609375
v 156.910647614 456.903448961 133.227131843 0.99609375
v 157.698978123 446.120322125 133.476336734 0.99609375
v 157.396116082 456.499116506 133.334709679 0.99609375
v 157.79389254 446.285754768 133.145702165 0.99609375
v 157.538731754 457.018100028 133.657760989 0.99609375
v 157.96461125 446.564488292 133.282722155 0.99609375
v 158.235328071 457.307603922 133.278730375 0.99609375
v 146.489722915 446.142460423 134.263289181 0.99609375
v 146.792751287 446.16329317 134.263642229 0.99609375
v 147.056177442 446.77360371 134.371503998 0.99609375
v 147.515990471 445.810761493 133.708760717 0.99609375
v 147.37099338 447.332124897 134.200611721 0.99609375
v 147.757829613 446.276386682 134.210320433 0.99609375
v 147.730720402 448.009734379 133.850105354 0.99609375
v 147.645693921 445.824759222 133.671115593 0.99609375
v 147.845625332 448.060144838 134.370902447 0.99609375
v 148.02535645 446.157752029 133.578653154 0.99609375
v 148.396580209 449.430556247 133.771638024 0.99609375
v 148.525285918 445.754075052 133.767606363 0.99609375
v 148.645659689 450.099106489 133.707894218 0.99609375
v 148.868035188 445.812357883 133.889062864 0.99609375
v 149.014159242 451.727677776 133.56717564 0.99609375
v 149.19956672 445.814058669 133.932088545 0.99609375
v 148.915518943 453.214607472 134.275772329 0.99609375
v 149.226426451 446.06926983 134.263262778 0.99609375
v 149.554545215 454.051932474 133.536612998 0.99609375
v 149.377699508 446.150425575 133.688398224 0.99609375
v 149.714447614 454.760648717 134.299033766 0.99609375
v 150.160123826 445.951414566 133.842433355 0.99609375
v 150.201469779 455.685598419 133.904954196 0.99609375
v 150.389091525 445.780355755 133.53744731 0.99609375
v 150.048380392 456.194073261 134.414156727 0.99609375
v 150.246913525 445.838877484 133.892330506 0.99609375
v 150.588636824 456.501342018 133.716205814 0.99609375
v 150.671052971 445.733632294 134.135444646 0.99609375
v 150.860085243 457.158693315 133.885367403 0.99609375
v 151.112767005 445.870498839 134.477539189 0.99609375
v 151.012098365 457.165150357 133.555101271 0.99609375
v 151.171236604 445.825040758 133.790708334 0.99609375
v 151.495511293 457.520950333 133.892659505 0.99609375
v 151.592618719 445.771342056 133.75015512 0.99609375
v 151.790472132 457.127255741 134.167834007 0.99609375
v 152.036409291 446.03078782 134.474021202 0.99609375
v 151.96202015 457.553071471 133.565719263 0.99609375
v 151.968167853 445.92401324 134.167274394 0.99609375
v 151.999881773 457.076449743 134.157464657 0.99609375
v 152.579410331 446.269123274 133.760710018 0.99609375
v 152.402894103 457.140009944 134.315984843 0.99609375
v 152.724106827 445.761389909 134.044199399 0.99609375
v 152.704053671 457.561229098 134.079668785 0.99609375
v 152.995276872 446.055337451 134.061206124 0.99609375
v 152.88035594 457.479554908 134.152831578 0.99609375
v 153.651279757 445.735110871 134.459753438 0.99609375
v 153.428945934 457.475868385 133.755658025 0.99609375
v 153.546961388 445.833617478 133.673798384 0.99609375
v 153.862010216 457.546109996 134.299962149 0.99609375
v 153.836950741 446.299235773 134.353616779 0.99609375
v 153.743807228 457.571989315 134.148955 0.99609375
v 153.996710849 445.731859337 134.131580107 0.99609375
v 154.306099506 457.574849734 134.169770437 0.99609375
v 154.515809015 445.980428579 134.471609297 0.99609375
v 154.429413241 457.565236116 133.613945878 0.99609375
v 155.042908046 446.135043243 134.150631642 0.99609375
v 154.858331233 457.139890802 133.74841662 0.99609375
v 154.986919567 445.732171567 133.51965824 0.99609375
v 155.348657418 457.30544096 133.621091807 0.99609375
v 155.296500374 446.052841717 133.562797531 0.99609375
v 155.354911066 457.057929948 133.585618775 0.99609375
v 155.974155765 446.014075692 134.329368673 0.99609375
v 155.536575146 457.351334423 133.530512125 0.99609375
v 155.898497788 446.19025762 134.215439578 0.99609375
v 156.291178436 457.388422775 134.323783208 0.99609375
v 156.235527327 446.112874344 134.122600485 0.99609375
v 156.349057205 456.789664951 133.729541669 0.99609375
v 156.740086238 446.295559128 134.470060408 0.99609375
v 156.666746616 456.984594532 134.471057079 0.99609375
v 156.662606495 446.080402135 133.74975284 0.99609375
v 156.687917837 456.798648153 133.684599051 0.99609375
v 156.986121245 445.99872229 134.011270099 0.99609375
v 157.134694248 457.231127882 134.31555793 0.99609375
v 157.563031176 445.897778679 133.760054495 0.99609375
v 157.33138651 457.265412376 133.706218627 0.99609375
v 157.950290628 445.892574424 134.479914772 0.99609375
v 157.855649316 457.034042964 134.271849457 0.99609375
v 158.089531285 446.271661376 133.924482083 0.99609375
v 158.310010198 457.092902597 134.310756032 0.99609375
v 146.805326702 445.871055021 135.001388975 0.99609375
v 146.647490859 446.797255493 134.538932026 0.99609375
v 147.157545314 446.091472396 134.901746636 0.99609375
v 147.208351624 447.315457812 134.684684941 0.99609375
v 147.161230152 446.212439516 134.536700264 0.99609375
v 147.393935289 447.509436745 134.666668893 0.99609375
v 147.52657295 445.949216547 134.700355269 0.99609375
v 147.896868804 448.669308389 135.484289506 0.99609375
v 147.990427287 445.991232189 134.759108701 0.99609375
v 147.646163575 449.016377444 134.785655683 0.99609375
v 148.225352272 445.883960732 134.629411452 0.99609375
v 148.114299193 449.507507 135.06594995 0.99609375
v 148.329251722 446.111920426 134.637923646 0.99609375
v 148.449837001 450.938851292 134.682986029 0.99609375
v 149.002813092 446.148826853 134.554475604 0.99609375
v 148.515090717 452.360172865 135.087245595 0.99609375
v 149.275554104 445.886890108 134.70041174 0.99609375
v 149.066650092 453.336967187 135.437176434 0.99609375
v 149.478386422 446.118995679 135.409117067 0.99609375
v 149.566191831 454.570007632 134.841609947 0.99609375
v 149.39152129 446.286486264 134.920489313 0.99609375
v 149.838337883 455.228834187 134.847231699 0.99609375
v 149.739813922 445.97931713 135.462106839 0.99609375
v 150.213728177 455.563638928 135.091119392 0.99609375
v 150.246413828 445.948846605 135.039224742 0.99609375
v 150.477794357 456.211022381 135.032353968 0.99609375
v 150.566184354 446.217662581 135.280126167 0.99609375
v 150.728675535 456.277757592 135.417744774 0.99609375
v 150.896907671 446.229761918 135.449117839 0.99609375
v 150.933989526 456.853899655 134.760427948 0.99609375
v 151.357205416 446.296405598 134.618348371 0.99609375
v 150.88676669 457.313007957 135.460045329 0.99609375
v 151.666403739 445.891703399 135.332122907 0.99609375
v 151.146725635 457.341479343 135.246173125 0.99609375
v 151.811879996 445.885471096 134.560386301 0.99609375
v 151.58128113 457.601967297 135.220921462 0.99609375
v 152.060695659 446.11415558 134.887895086 0.99609375
v 152.237965743 457.053519634 135.480247971 0.99609375
v 152.071630461 445.784717606 135.175083502 0.99609375
v 152.227850427 457.164242976 134.807450358 0.99609375
v 152.525154185 446.047544344 134.95592157 0.99609375
v 152.75164653 457.273287085 135.351121967 0.99609375
v 152.758053017 445.780324094 135.1379735 0.99609375
v 152.912392914 457.063043168 135.314172306 0.99609375
v 152.96569616 445.923783289 135.353815396 0.99609375
v 153.337870078 457.890943184 135.237556306 0.99609375
v 153.340826975 445.845499571 135.137067273 0.99609375
v 153.247363596 457.483500486 134.694090561 0.99609375
v 153.811695952 446.016467456 134.84085358 0.99609375
v 153.911200182 457.520263825 134.534925409 0.99609375
v 154.144107711 445.899753533 134.740595907 0.99609375
v 153.855902727 457.359540642 134.627743025 0.99609375
v 154.465794575 446.050955872 135.274192092 0.99609375
v 154.53848327 457.36933773 135.403392667 0.99609375
v 154.458325189 446.102984205 134.855862218 0.99609375
v 154.476324226 457.481245979 134.579768253 0.99609375
v 155.029214568 446.15999171 135.113952561 0.99609375
v 154.985593625 457.453535999 134.574697731 0.99609375
v 155.156349846 446.091459248 135.272139917 0.99609375
v 155.023450505 457.429155877 134.795745865 0.99609375
v 155.727713769 445.788645733 135.028416096 0.99609375
v 155.320419737 457.62856033 134.984832373 0.99609375
v 155.692745754 446.131258955 134.815576674 0.99609375
v 155.611009223 457.857889636 135.203073342 0.99609375
v 156.13342272 445.781322802 134.697331721 0.99609375
v 155.922842027 457.557913539 135.181761429 0.99609375
v 156.401114644 446.204449237 134.635520724 0.99609375
v 156.394472064 457.555362701 135.200978532 0.99609375
v 156.468075367 446.247028636 135.287679667 0.99609375
v 156.673672945 457.769009296 134.986080393 0.99609375
v 157.015938784 445.793082644 134.879297409 0.99609375
v 156.763009393 457.779338681 134.886179803 0.99609375
v 157.047688366 445.752812883 134.935426433 0.99609375
v 157.088147485 457.587519344 134.773042983 0.99609375
v 157.587488731 446.100417103 135.295865455 0.99609375
v 157.28821593 457.747988842 134.735740069 0.99609375
v 157.494944594 446.004702283 135.22728463 0.99609375
v 157.476899812 457.590080665 135.03330696 0.99609375
v 158.013108414 446.208355255 134.525287107 0.99609375
v 157.849706919 457.769353709 135.247990804 0.99609375
v 158.34598041 446.455071586 135.172145728 0.99609375
v 158.580882047 457.60818452 135.083475346 0.99609375
v 158.794415539 456.784339965 135.316171529 0.99609375
v 158.55721511 457.5096004 134.539615709 0.99609375
v 158.885144987 457.448753028 134.766966839 0.99609375
v 159.452765199 457.723560392 135.393509004 0.99609375
v 146.491674414 446.016403288 135.827705256 0.99609375
v 146.491374208 445.985300335 135.68414001 0.99609375
v 146.657938792 447.067996771 135.168268185 0.99609375
v 146.951885134 445.621676932 135.890225995 0.99609375
v 147.168150409 447.925354996 135.912133049 0.99609375
v 147.03672985 445.8335977 135.714905803 0.99609375
v 147.328788857 448.877298379 135.516413935 0.99609375
v 147.533349721 445.725625537 135.50707667 0.99609375
v 147.369968878 449.600329945 135.175782576 0.99609375
v 147.886658244 445.534906488 135.507185367 0.99609375
v 148.189969361 450.373906703 135.907459651 0.99609375
v 147.909584281 445.736225514 135.441222724 0.99609375
v 148.156251051 451.417875902 135.734780493 0.99609375
v 148.391049329 445.618017747 135.156611169 0.99609375
v 148.694488799 452.113215543 135.856199049 0.99609375
v 149.037201536 445.513347216 135.324423461 0.99609375
v 148.997482789 453.209361926 135.051021379 0.99609375
v 149.061145639 445.683627222 135.587315627 0.99609375
v 148.930111484 453.806042365 135.07281256 0.99609375
v 149.488609661 445.699916992 135.426704457 0.99609375
v 149.098611191 454.196893131 135.49332551 0.99609375
v 149.565340393 445.779342622 135.652409533 0.99609375
v 149.619334429 455.047926666 135.6883651 0.99609375
v 149.926791046 445.900452365 135.70075759 0.99609375
v 149.83731196 456.02853506 135.006896275 0.99609375
v 150.093206909 445.804303654 135.011328797 0.99609375
v 150.191369349 456.001003356 135.649517984 0.99609375
v 150.643477236 446.011983145 135.385319367 0.99609375
v 150.392978413 456.915241735 135.194894331 0.99609375
v 150.693029196 445.563131065 135.791846185 0.99609375
v 150.661006555 457.026859183 135.252249762 0.99609375
v 151.353928301 445.75554643 135.889579231 0.99609375
v 150.811864296 457.190028766 135.291699383 0.99609375
v 151.199471714 445.759548788 135.238347486 0.99609375
v 151.355348675 457.350721085 135.774927815 0.99609375
v 151.485793425 445.669385058 135.719745856 0.99609375
v 151.743800033 457.822108616 135.169496217 0.99609375
v 151.919905441 445.98760926 135.902582416 0.99609375
v 152.146755163 458.114158056 135.180537193 0.99609375
v 152.39317673 445.815136595 135.899162794 0.99609375
v 152.322208842 457.986093726 135.207604139 0.99609375
v 152.608723522 445.781230243 135.020585848 0.99609375
v 152.279122904 457.735446588 135.902726561 0.99609375
v 152.945905396 445.494166716 135.430121264 0.99609375
v 153.069405521 457.551031479 135.796825865 0.99609375
v 153.285551832 445.514896447 135.260334332 0.99609375
v 153.302166995 457.866538314 135.833718329 0.99609375
v 153.663383405 445.725074652 135.620926678 0.99609375
v 153.331428535 457.417485414 135.998791279 0.99609375
v 153.558187322 445.481436069 135.542265651 0.99609375
v 153.541397804 457.504845876 135.96286615 0.99609375
v 153.999094042 445.556208085 135.943851207 0.99609375
v 153.75683342 457.633963469 135.718413059 0.99609375
v 154.368309995 445.73273798 135.367594044 0.99609375
v 154.144731765 457.742073079 135.564311488 0.99609375
v 154.613302688 445.444106171 135.543668279 0.99609375
v 154.577023619 458.073620564 135.648400451 0.99609375
v 155.148623855 445.558579845 135.920963654 0.99609375
v 154.887460975 457.813275437 135.929452959 0.99609375
v 155.086458164 445.655570907 135.779677694 0.99609375
v 155.319340243 457.731503197 135.844826871 0.99609375
v 155.210171445 445.559659249 135.107946207 0.99609375
v 155.65968609 457.505689053 135.206761908 0.99609375
v 155.829686351 445.905584686 135.419698493 0.99609375
v 155.985469674 457.613677583 135.330808848 0.99609375
v 156.070915837 445.906440286 135.44523726 0.99609375
v 155.975196979 457.792240966 135.522835212 0.99609375
v 156.298869343 445.991140642 135.316502884 0.99609375
v 156.026400482 457.366129244 135.248456544 0.99609375
v 156.605519605 445.859513282 135.360202269 0.99609375
v 156.392714955 457.384038328 135.42946465 0.99609375
v 156.918233724 445.620863748 135.670835609 0.99609375
v 157.043014146 457.582028548 135.294788172 0.99609375
v 156.997253207 445.848575756 135.106809138 0.99609375
v 157.1082763 457.514025119 135.838476629 0.99609375
v 157.748868484 445.56407096 135.486683342 0.99609375
v 157.508711116 457.469592779 135.184690798 0.99609375
v 157.664707043 445.857723444 135.748949964 0.99609375
v 157.898136411 457.899352259 135.703944643 0.99609375
v 157.912669375 445.774557745 135.149441614 0.99609375
v 157.825124593 457.6046361 135.423076167 0.99609375
v 158.502051252 445.490599151 135.915504632 0.99609375
v 158.354765767 457.766899089 135.182628569 0.99609375
v 158.458298395 446.346349175 135.795302899 0.99609375
v 158.755895156 457.356073858 135.11307951 0.99609375
v 158.852636289 457.117276619 135.796639474 0.99609375
v 158.815970371 457.8934133 135.050316705 0.99609375
v 146.328335371 445.484757595 136.207242722 0.99609375
v 146.205519532 446.503350709 135.59329305 0.99609375
v 146.747754784 446.019625638 135.68292718 0.99609375
v 146.540247021 447.239653679 136.235182515 0.99609375
v 146.768400502 445.768863002 135.731649065 0.99609375
v 147.002918017 448.563138357 135.549568106 0.99609375
v 147.11672569 445.678665405 136.338131381 0.99609375
v 147.425040822 449.528718248 136.136610447 0.99609375
v 147.631798991 445.993035267 136.334786514 0.99609375
v 147.601530177 450.449325062 135.771870272 0.99609375
v 147.695733641 445.677313398 135.877524011 0.99609375
v 148.163946605 451.184234772 135.726218931 0.99609375
v 148.286305266 445.956459463 136.077312573 0.99609375
v 148.299692086 451.980056403 135.914156969 0.99609375
v 148.386148024 445.527016809 136.095835002 0.99609375
v 148.562133601 452.417650909 135.598161263 0.99609375
v 148.744836804 445.940578548 135.89137152 0.99609375
v 148.985429361 453.630776584 136.299430163 0.99609375
v 149.21732323 445.679169275 135.879050053 0.99609375
v 149.224226536 454.175910322 136.086998709 0.99609375
v 149.200027376 445.472600429 136.084255081 0.99609375
v 149.118556111 454.439217116 135.686272867 0.99609375
v 149.895399617 445.497359945 135.557006455 0.99609375
v 149.494358513 455.104436634 136.023474594 0.99609375
v 149.85896328 445.552511023 136.245254362 0.99609375
v 149.802560505 456.086427163 136.266681184 0.99609375
v 149.937341943 445.831675083 136.496189985 0.99609375
v 150.27930101 456.736271114 136.194814024 0.99609375
v 150.274325612 445.916989615 136.474692498 0.99609375
v 150.440553468 456.508480293 136.203780134 0.99609375
v 150.672897316 445.631912067 136.460097541 0.99609375
v 150.912645446 457.12724644 136.068732823 0.99609375
v 150.821376079 445.520241784 136.097871579 0.99609375
v 150.963810149 457.386987776 136.140508654 0.99609375
v 151.258396983 445.810562993 136.37518876 0.99609375
v 151.462088288 457.656272377 136.171264777 0.99609375
v 151.935501877 445.531960579 135.803296745 0.99609375
v 151.497448489 457.791674035 136.109201968 0.99609375
v 152.233673763 445.694751904 135.582486209 0.99609375
v 152.240741364 457.469743105 136.172599971 0.99609375
v 152.294846603 445.492599909 135.771497394 0.99609375
v 152.026667391 457.562167698 135.663846872 0.99609375
v 152.70279077 445.825493374 135.690427786 0.99609375
v 152.57439634 458.042937513 135.587185397 0.99609375
v 152.878635059 445.746692567 136.257254892 0.99609375
v 152.612815716 458.104571977 135.930365848 0.99609375
v 152.919443405 445.879137911 135.620759104 0.99609375
v 152.93858316 458.183076436 136.28360201 0.99609375
v 153.380001247 445.63209626 136.09372795 0.99609375
v 153.210804329 457.996633786 136.193284169 0.99609375
v 153.467179133 445.738700324 135.762949853 0.99609375
v 153.97903658 457.736618832 136.391678825 0.99609375
v 153.888140467 445.46278836 136.263586277 0.99609375
v 153.839120869 457.987221407 135.836190936 0.99609375
v 154.004811211 445.51670796 136.21729439 0.99609375
v 154.444683333 458.143453039 135.57091783 0.99609375
v 154.426406042 445.56020945 135.831183157 0.99609375
v 154.534528968 458.183625231 136.200025783 0.99609375
v 155.124368852 445.819526713 135.992089552 0.99609375
v 155.061855869 458.392373646 135.865866295 0.99609375
v 155.028450923 445.88107265 135.622827847 0.99609375
v 154.907591837 458.137831836 136.331864708 0.99609375
v 155.396611696 445.553733623 135.689693692 0.99609375
v 155.405939473 457.95047022 136.42743308 0.99609375
v 155.788937191 445.469886927 135.835108299 0.99609375
v 155.714193466 458.046303821 136.416789485 0.99609375
v 155.968850684 445.45442979 136.497241991 0.99609375
v 156.222868352 457.964086202 135.500700208 0.99609375
v 156.380517566 445.997807629 135.765010228 0.99609375
v 156.29721531 458.360477526 135.641792719 0.99609375
v 156.346861434 446.016714773 135.864767317 0.99609375
v 156.564964851 458.234184308 135.939093405 0.99609375
v 156.928572648 445.69243576 135.604415693 0.99609375
v 156.801461742 458.212986528 135.875771545 0.99609375
v 157.44064659 445.808288606 135.837591193 0.99609375
v 157.42421878 458.341789293 135.604623116 0.99609375
v 157.205786402 445.486453918 136.489174389 0.99609375
v 157.411270169 458.032581302 136.463151105 0.99609375
v 157.700290404 445.478634919 135.868933647 0.99609375
v 157.765667348 458.007682869 135.963420835 0.99609375
v 157.949985386 445.545062355 135.867374561 0.99609375
v 158.086169228 458.018040445 136.127351624 0.99609375
v 158.057144473 445.909884719 136.307802169 0.99609375
v 158.136986574 458.143797473 135.934464583 0.99609375
v 158.355568827 445.748414376 135.602278865 0.99609375
v 158.523519535 458.222526165 135.742708389 0.99609375
v 158.869294849 446.57588408 136.070350992 0.99609375
v 158.903525997 457.933534566 136.079276629 0.99609375
v 159.484462688 457.445792834 135.901945888 0.99609375
v 145.960729656 445.253218714 136.279106895 0.99609375
v 146.453525617 445.50241106 136.575791644 0.99609375
v 146.424732105 446.631469726 136.626408795 0.99609375
v 146.529159279 445.250100762 136.745405008 0.99609375
v 146.72214677 447.488996438 136.730011034 0.99609375
v 146.747858915 445.543864848 136.387484429 0.99609375
v 147.23499239 448.813045875 136.81166103 0.99609375
v 147.106113171 445.382046711 136.949183147 0.99609375
v 147.04396478 449.904329909 136.112521496 0.99609375
v 147.740072977 445.63423731 136.05976081 0.99609375
v 147.430955395 450.953900122 136.315008502 0.99609375
v 147.898681502 445.15257658 136.298984392 0.99609375
v 148.045014184 451.863585825 136.814183553 0.99609375
v 148.067246906 445.623839553 136.467245478 0.99609375
v 148.035169098 452.663611791 136.287464184 0.99609375
v 148.463574038 445.408856497 136.685042571 0.99609375
v 148.192056215 453.445402858 136.012779059 0.99609375
v 148.800415637 445.700218193 136.247764184 0.99609375
v 148.727103007 454.085825483 136.991355751 0.99609375
v 148.870280107 445.535450829 136.997044349 0.99609375
v 149.145560961 454.554779947 136.605521713 0.99609375
v 149.211412698 445.198015241 136.541069416 0.99609375
v 149.215112633 454.994184112 136.543804354 0.99609375
v 149.409773419 445.188506531 136.721513182 0.99609375
v 149.40840738 455.450505842 136.956779097 0.99609375
v 149.827346356 445.52703572 136.994773117 0.99609375
v 149.797656176 456.100101547 136.764907858 0.99609375
v 150.20803265 445.34837706 136.702501995 0.99609375
v 150.30206811 456.368029362 136.910683264 0.99609375
v 150.345044084 445.260424751 136.214550774 0.99609375
v 150.314786724 457.279318515 136.651411033 0.99609375
v 151.00757286 445.589610733 136.324864263 0.99609375
v 150.515284041 457.091809626 136.864404089 0.99609375
v 150.813646471 445.704328697 136.969333538 0.99609375
v 151.234518617 457.55086583 136.019115055 0.99609375
v 151.304817187 445.676701605 136.359379571 0.99609375
v 151.643013811 457.244360872 136.518298298 0.99609375
v 151.560079724 445.52760497 136.901659252 0.99609375
v 151.623529021 457.119907692 136.861693759 0.99609375
v 151.92193238 445.518308737 136.210218583 0.99609375
v 152.186132117 457.235543565 136.969392934 0.99609375
v 152.083050239 445.446856172 136.279698349 0.99609375
v 151.998809155 457.23676148 136.575161835 0.99609375
v 152.691068005 445.319185528 136.655453383 0.99609375
v 152.510804554 457.574602105 136.805618828 0.99609375
v 153.050951977 445.619107062 136.636332066 0.99609375
v 152.615188707 457.239271329 136.183187735 0.99609375
v 153.136869172 445.4954267 136.908287266 0.99609375
v 153.209685451 457.173402071 136.700329207 0.99609375
v 153.360898139 445.494128585 136.300006077 0.99609375
v 153.330595356 457.399966543 136.713951746 0.99609375
v 153.922879436 445.369458989 136.922922914 0.99609375
v 153.45410759 457.395174727 136.25077239 0.99609375
v 154.087502236 445.490174359 136.736814328 0.99609375
v 153.707626653 457.466330444 136.623182302 0.99609375
v 154.159098457 445.485723304 136.005089836 0.99609375
v 154.064114062 457.600860337 136.553042562 0.99609375
v 154.37503711 445.624605101 136.555669755 0.99609375
v 154.574455879 457.327219735 136.177369663 0.99609375
v 155.06271687 445.525709346 136.581797353 0.99609375
v 155.087681569 457.101137835 136.809056639 0.99609375
v 155.032482526 445.653989198 136.778566975 0.99609375
v 155.191789345 457.14818662 136.584077441 0.99609375
v 155.504717567 445.275896534 136.042129892 0.99609375
v 155.361123764 457.514522022 136.663774759 0.99609375
v 155.857142701 445.608050429 136.62742559 0.99609375
v 156.016217217 457.058349022 136.586480675 0.99609375
v 156.122878732 445.210259121 136.187184378 0.99609375
v 156.175429926 457.179781219 136.946717063 0.99609375
v 156.543405542 445.429685651 136.543228481 0.99609375
v 156.245594001 457.184224125 136.857294678 0.99609375
v 156.317154621 445.486564335 136.213912204 0.99609375
v 156.669432235 456.887283455 136.080103841 0.99609375
v 156.64980743 445.29652115 136.138902941 0.99609375
v 156.996707299 456.957108667 136.756978528 0.99609375
v 157.243463542 445.336796739 136.360616661 0.99609375
v 157.169501719 456.990279058 136.35628107 0.99609375
v 157.238798733 445.328844336 136.697043514 0.99609375
v 157.572674712 456.974227083 136.287442584 0.99609375
v 157.487854436 445.460608229 136.708048338 0.99609375
v 157.791434096 456.918439603 136.559180701 0.99609375
v 158.019235014 445.367356506 136.825675533 0.99609375
v 158.050018171 456.994339449 136.477233249 0.99609375
v 158.485795613 445.382543454 136.357819301 0.99609375
v 158.384121239 456.78387205 136.435005148 0.99609375
v 158.64440935 445.50866944 136.136579117 0.99609375
v 158.358900119 457.277847579 136.00963055 0.99609375
v 158.868716969 445.243280449 136.912428856 0.99609375
v 158.698625582 457.273803523 136.151162368 0.99609375
v 158.950630888 446.884783796 136.698214042 0.99609375
v 159.416845932 456.764707774 136.335909701 0.99609375
v 145.915987067 445.391821417 137.189617098 0.99609375
v 146.389234145 445.36778843 136.574983335 0.99609375
v 146.706968814 446.644736454 137.26697949 0.99609375
v 146.940718308 445.409271289 136.928520411 0.99609375
v 146.570834829 448.285536573 136.851222416 0.99609375
v 147.295738698 445.381237369 136.604630357 0.99609375
v 147.223646394 449.670745897 136.820458951 0.99609375
v 147.445603561 445.656611976 137.443380186 0.99609375
v 147.551226573 450.384566331 136.797118551 0.99609375
v 147.721707915 445.552128688 137.302441262 0.99609375
v 147.570997812 451.49181287 137.047324223 0.99609375
v 147.834907068 445.360914945 137.468267678 0.99609375
v 147.732447148 451.988741674 136.673872813 0.99609375
v 148.274350338 445.549474291 136.792914641 0.99609375
v 148.35151222 453.198132814 137.270433577 0.99609375
v 148.282711968 445.289589315 136.748748259 0.99609375
v 148.594123566 453.758499952 136.656834647 0.99609375
v 148.819402051 445.52868628 136.565605904 0.99609375
v 148.974591687 453.945032705 137.246995434 0.99609375
v 149.116064794 445.367673187 137.481690799 0.99609375
v 149.285169414 454.688094841 136.953551138 0.99609375
v 149.296217916 445.417817094 136.921713355 0.99609375
v 149.200074095 455.236334112 136.736275369 0.99609375
v 149.484098003 445.560567538 136.805183036 0.99609375
v 149.454873071 455.663591579 137.032926386 0.99609375
v 150.006562161 445.319367964 136.983437407 0.99609375
v 150.201202664 456.169238068 136.51337649 0.99609375
v 150.306497611 445.630008638 136.641745532 0.99609375
v 150.459418433 456.577689165 136.663296719 0.99609375
v 150.792908982 445.317361938 136.662505665 0.99609375
v 150.409866502 457.118066587 136.54603329 0.99609375
v 150.551887754 445.151987158 136.650293738 0.99609375
v 150.566905537 457.563966116 136.519746173 0.99609375
v 150.933559561 445.451136482 137.070120166 0.99609375
v 151.012539082 457.884789506 136.872275219 0.99609375
v 151.370479406 445.182568473 136.643545865 0.99609375
v 151.408757939 457.372081159 136.723982878 0.99609375
v 151.69961287 445.564564539 136.987631907 0.99609375
v 151.393850697 458.100001268 136.539825811 0.99609375
v 152.234331586 445.478649691 137.477900246 0.99609375
v 152.088713237 457.686751585 137.33313805 0.99609375
v 152.108802485 445.192350108 136.561836741 0.99609375
v 152.091959289 457.909768384 137.114582877 0.99609375
v 152.537586981 445.289082292 136.98215229 0.99609375
v 152.423060239 457.966235866 137.33817526 0.99609375
v 152.605335312 445.684300432 137.443794231 0.99609375
v 152.893179674 458.075909483 136.623063649 0.99609375
v 152.915953706 445.691476682 137.035243535 0.99609375
v 153.293149164 458.129058767 136.883705419 0.99609375
v 153.468388157 445.646090269 136.987916249 0.99609375
v 153.147193254 457.970708967 136.540273155 0.99609375
v 153.925387871 445.33240428 137.455128719 0.99609375
v 153.513413252 458.043571682 136.608030873 0.99609375
v 154.151267623 445.576873703 137.431484693 0.99609375
v 154.053535782 458.267978154 137.065845491 0.99609375
v 154.414407966 445.717664661 136.705808872 0.99609375
v 154.07136112 458.020351603 136.773672158 0.99609375
v 154.617340067 445.24216309 136.78066561 0.99609375
v 154.478906457 458.488946697 136.61154982 0.99609375
v 155.11926331 445.724785555 136.530754237 0.99609375
v 154.649111626 458.033227183 137.423277158 0.99609375
v 155.331090708 445.355649452 137.189576662 0.99609375
v 154.991996162 458.040725818 137.219444861 0.99609375
v 155.205812276 445.693966065 137.239871653 0.99609375
v 155.472029643 458.690782243 136.805249231 0.99609375
v 155.772502958 445.575725983 136.729645005 0.99609375
v 155.518748853 458.204769566 136.95014677 0.99609375
v 155.933714902 445.67231916 137.250972318 0.99609375
v 156.062891161 458.633727614 136.569143519 0.99609375
v 156.487888959 445.611743969 137.163142712 0.99609375
v 156.467002365 458.954336758 136.564158437 0.99609375
v 156.823035298 445.668987137 137.132982616 0.99609375
v 156.648951469 459.034450818 136.601037131 0.99609375
v 156.869576633 445.55588652 136.746910566 0.99609375
v 157.042655193 458.726891391 136.96744578 0.99609375
v 157.295918497 445.342225585 137.46867172 0.99609375
v 157.076372751 458.835209457 137.218807681 0.99609375
v 157.680766392 445.70479683 137.052021341 0.99609375
v 157.606588402 458.917488227 137.468197043 0.99609375
v 157.699278242 445.493396794 136.947245111 0.99609375
v 157.936007821 459.015725412 136.506702367 0.99609375
v 158.090824355 445.591474294 136.728170756 0.99609375
v 158.106685547 458.51640411 137.144989927 0.99609375
v 158.628073445 445.270373435 137.265765755 0.99609375
v 158.354312334 459.071624883 136.706826248 0.99609375
v 158.715055367 445.214715086 136.841356918 0.99609375
v 158.65886987 459.356341337 137.08861614 0.99609375
v 158.920948491 445.352636983 136.771084993 0.99609375
v 158.873179969 458.050040405 136.783898931 0.99609375
v 159.047410011 445.315277738 137.062829607 0.99609375
v 159.095356991 458.168634535 136.874931842 0.99609375
v 159.433521198 446.789303495 136.788116903 0.99609375
v 159.725694602 458.487455764 137.128863684 0.99609375
v 145.934699636 445.413617522 137.753077302 0.99609375
v 145.976343573 446.056741277 137.924096828 0.99609375
v 146.433074701 445.459220098 137.072397057 0.99609375
v 146.566642671 447.034491576 137.393287259 0.99609375
v 146.900746424 445.718171503 137.435389364 0.99609375
v 146.574492554 448.371094237 137.030062189 0.99609375
v 147.146340575 445.191942079 137.002798357 0.99609375
v 146.854208859 450.049687633 137.633457854 0.99609375
v 147.53020636 445.246465438 137.238666479 0.99609375
v 147.387084133 451.111519094 137.059212332 0.99609375
v 147.342585927 445.695211743 137.015517322 0.99609375
v 147.577408965 451.556578064 137.251253048 0.99609375
v 147.69401859 445.5160699 137.555744029 0.99609375
v 147.860736824 452.966735285 137.871759969 0.99609375
v 148.391781969 445.613582597 137.866040038 0.99609375
v 148.045460127 453.318553426 137.592502811 0.99609375
v 148.714410003 445.250809813 137.63952303 0.99609375
v 148.191583442 454.291423379 137.157997576 0.99609375
v 148.809107276 445.358063405 137.089027652 0.99609375
v 148.960212751 454.898574636 137.801555966 0.99609375
v 149.19257418 445.440786125 137.820507565 0.99609375
v 149.12170355 455.036235424 137.296552134 0.99609375
v 149.295833869 445.710183739 137.885462565 0.99609375
v 149.572756775 455.708615266 137.578508976 0.99609375
v 149.739386523 445.689957841 137.21963787 0.99609375
v 149.440700616 456.280737157 137.203826374 0.99609375
v 150.121726579 445.584358038 137.938482302 0.99609375
v 149.984042832 456.540817918 137.891443572 0.99609375
v 150.3893201 445.236209701 137.184795291 0.99609375
v 150.144971998 456.854440826 137.61530887 0.99609375
v 150.678953287 445.161286179 137.263261466 0.99609375
v 150.447793148 457.13530005 137.433595958 0.99609375
v 150.770460502 445.456396978 137.378135084 0.99609375
v 150.777238687 457.493028188 137.70140125 0.99609375
v 150.994093766 445.60753982 137.069339553 0.99609375
v 151.059422614 457.959195295 137.029391919 0.99609375
v 151.231168775 445.312965118 137.1857159 0.99609375
v 151.246517131 458.03706954 137.399395257 0.99609375
v 151.797661557 445.280434396 137.449979001 0.99609375
v 151.826690082 457.983321681 137.504407157 0.99609375
v 151.734395856 445.470942806 137.870456723 0.99609375
v 151.883451008 458.099824149 137.67679692 0.99609375
v 152.187841842 445.316453593 137.53101849 0.99609375
v 152.036691232 458.374503184 137.268738725 0.99609375
v 152.503765041 445.170916897 137.360517416 0.99609375
v 152.370488048 458.436857147 137.887072999 0.99609375
v 152.698608145 445.32200341 137.995179064 0.99609375
v 153.047615035 457.928337486 137.892786451 0.99609375
v 153.035055691 445.563232461 137.664964113 0.99609375
v 153.210147833 458.311094478 137.906826396 0.99609375
v 153.499691806 445.372510174 137.243259077 0.99609375
v 153.140303547 458.097561846 137.520644291 0.99609375
v 153.693795866 445.296249024 137.82057471 0.99609375
v 153.501281026 458.34924757 137.890761115 0.99609375
v 153.785945843 445.217171136 137.838229465 0.99609375
v 154.155055051 458.35097403 137.121616543 0.99609375
v 154.20949586 445.453352658 137.750561401 0.99609375
v 154.45639038 458.737910091 137.475332275 0.99609375
v 154.461185191 445.586092498 137.586457071 0.99609375
v 154.731920806 458.615952736 137.075301589 0.99609375
v 154.571526668 445.363149927 137.950048836 0.99609375
v 155.125151725 458.388176414 137.131860025 0.99609375
v 155.170825692 445.178325823 137.03314185 0.99609375
v 154.961592213 459.066257649 137.952539266 0.99609375
v 155.470652938 445.701456404 137.29371066 0.99609375
v 155.313116856 458.692569355 137.341753509 0.99609375
v 155.584304987 445.152856233 137.425895299 0.99609375
v 155.951913738 458.988152321 137.431236442 0.99609375
v 156.196156356 445.488275202 137.324530911 0.99609375
v 155.856222495 458.821847302 137.473642443 0.99609375
v 156.079364656 445.70336703 137.395259834 0.99609375
v 156.179157281 458.891389788 137.314389744 0.99609375
v 156.379221363 445.202441674 137.742591466 0.99609375
v 156.797769602 458.511736656 137.387842806 0.99609375
v 157.087219628 445.433466159 137.023108363 0.99609375
v 156.872427744 458.700691827 137.578931638 0.99609375
v 157.433571157 445.625288868 137.231164123 0.99609375
v 157.33884486 458.63140336 137.80727118 0.99609375
v 157.306793976 445.628737493 137.792589229 0.99609375
v 157.471862013 458.802280039 137.209981458 0.99609375
v 158.030589168 445.289306482 137.319002369 0.99609375
v 157.644692139 458.7382129 137.917184887 0.99609375
v 158.286874188 445.447472532 137.510262863 0.99609375
v 157.926666485 458.644663862 137.769151505 0.99609375
v 158.372730615 445.242824049 137.110259049 0.99609375
v 158.616920523 458.685029045 137.876031093 0.99609375
v 158.46726662 445.242956022 137.471737536 0.99609375
v 158.778677691 458.231495405 137.277217421 0.99609375
v 158.850585167 445.707190886 137.773111891 0.99609375
v 158.966095756 458.400131585 137.016157478 0.99609375
v 159.375262001 445.358699478 137.015252758 0.99609375
v 159.311294117 458.368556178 137.146433408 0.99609375
v 159.356350134 445.537689991 137.954267002 0.99609375
v 159.288171306 458.425448073 137.564929482 0.99609375
v 160.03129892 446.698713424 137.266469129 0.99609375
v 160.016285289 458.479562176 137.645861538 0.99609375
v 145.863426163 445.339540143 137.956226848 0.99609375
v 145.897086289 445.244547317 138.34724288 0.99609375
v 146.274188736 446.045661622 138.329919421 0.99609375
v 146.6174001 445.163221101 137.734457085 0.99609375
v 146.324857888 447.687516122 138.094407118 0.99609375
v 146.619908305 445.012801311 137.53047273 0.99609375
v 146.669916955 448.545541011 138.31832043 0.99609375
v 146.85447866 445.286758696 138.211073024 0.99609375
v 147.301713764 449.497291167 137.766313987 0.99609375
v 147.035192658 444.939171801 138.093338988 0.99609375
v 147.096463523 450.78222307 138.318084807 0.99609375
v 147.850845472 444.861357932 137.897391029 0.99609375
v 147.426810631 451.837747777 137.969275253 0.99609375
v 147.946440669 444.983072054 138.345516461 0.99609375
v 147.620936181 452.95651517 138.340275546 0.99609375
v 147.984398802 444.943481291 137.710831524 0.99609375
v 148.061137222 453.767495204 137.74046411 0.99609375
v 148.342237213 445.172516845 137.672196295 0.99609375
v 148.234804657 454.406671405 138.193450415 0.99609375
v 148.517507664 445.362748643 137.570506799 0.99609375
v 148.940107375 454.833911308 138.354713429 0.99609375
v 149.183540886 445.369178593 138.490822595 0.99609375
v 148.772240274 455.651093972 137.584555939 0.99609375
v 149.330789013 445.4356571 138.405660876 0.99609375
v 149.310198856 456.12224297 137.879030897 0.99609375
v 149.643320534 445.37682367 138.403646136 0.99609375
v 149.736582968 456.734019061 137.731125544 0.99609375
v 149.912089532 444.97537154 138.061375805 0.99609375
v 149.731480672 456.782549263 137.882173559 0.99609375
v 150.312741359 445.12587837 137.527498043 0.99609375
v 150.275640935 457.115968405 137.518455618 0.99609375
v 150.515198948 444.923817852 138.378957478 0.99609375
v 150.236295948 458.106494007 138.264540332 0.99609375
v 150.540864403 445.271600052 138.029160896 0.99609375
v 150.606462266 458.394359594 138.072103147 0.99609375
v 150.877620231 445.095103087 138.236766637 0.99609375
v 150.803009843 458.388644391 138.434343671 0.99609375
v 151.470177195 445.043296468 138.482238 0.99609375
v 151.256142828 458.361292535 138.252045826 0.99609375
v 151.382660275 445.144148514 137.557326936 0.99609375
v 151.520270789 458.62215141 137.544630096 0.99609375
v 151.734684705 445.33662219 137.910794967 0.99609375
v 151.812697332 459.068206664 137.966695306 0.99609375
v 152.159355668 445.083319522 138.236128887 0.99609375
v 152.252945092 459.048416957 137.699334242 0.99609375
v 152.261623116 445.288218314 138.268892727 0.99609375
v 152.593301865 458.615803892 138.02746006 0.99609375
v 152.62232492 445.317302501 137.835513061 0.99609375
v 152.600225111 458.808826456 138.31172181 0.99609375
v 153.388215954 445.30506853 138.437358477 0.99609375
v 153.302057692 458.916286777 137.995765687 0.99609375
v 153.276864006 445.208724229 138.467447304 0.99609375
v 153.630659265 459.036305218 137.738252816 0.99609375
v 153.514635301 444.949859032 138.161689437 0.99609375
v 153.783684424 459.04213806 138.18197265 0.99609375
v 154.265553587 445.187749919 138.161737329 0.99609375
v 154.277214383 458.830758721 138.027164603 0.99609375
v 154.057231155 444.916994089 137.847917802 0.99609375
v 154.370889161 458.552271074 138.337960217 0.99609375
v 154.599317919 445.011812283 137.995521133 0.99609375
v 154.817688616 458.550243693 138.156131022 0.99609375
v 154.98937242 444.979461788 138.452330214 0.99609375
v 154.9218005 459.039098119 138.488211309 0.99609375
v 155.370990262 445.079594152 137.94489492 0.99609375
v 155.349375054 458.588348402 137.719586237 0.99609375
v 155.644227674 445.163121116 137.566411449 0.99609375
v 155.428543419 458.744283056 138.080832715 0.99609375
v 155.76086584 445.17112268 137.904675951 0.99609375
v 155.466784449 458.893725659 138.341594287 0.99609375
v 156.11045841 445.410961109 138.053759509 0.99609375
v 155.754329084 459.017976233 138.313291845 0.99609375
v 156.103651418 445.13765214 137.849206323 0.99609375
v 156.228233976 458.90201523 138.27353195 0.99609375
v 156.658551263 444.957528188 138.348469207 0.99609375
v 156.449660663 458.936445944 137.840253121 0.99609375
v 157.060975228 445.081346202 137.825216379 0.99609375
v 156.788261474 458.741065288 138.447978026 0.99609375
v 156.911916378 444.936935942 138.058241731 0.99609375
v 156.962955369 458.909186798 138.380529114 0.99609375
v 157.438305406 445.338388732 137.643826323 0.99609375
v 157.232504001 459.039998807 137.799324297 0.99609375
v 157.47598657 444.873223386 137.621663983 0.99609375
v 157.596908035 458.667188148 137.867641523 0.99609375
v 157.99341163 444.959855003 137.621982602 0.99609375
v 157.840486327 459.063849347 138.489960407 0.99609375
v 158.135718994 445.056530727 137.975469776 0.99609375
v 158.538616139 459.079636674 138.023760463 0.99609375
v 158.823224669 445.112087885 137.843209715 0.99609375
v 158.385739907 458.943943962 137.798028225 0.99609375
v 159.142540359 444.876807125 138.292291095 0.99609375
v 158.86794606 459.017567026 137.629577113 0.99609375
v 159.255658807 445.363354821 137.808353336 0.99609375
v 159.037694927 459.287797414 138.378693878 0.99609375
v 159.423650557 445.290567045 137.632807392 0.99609375
v 159.467883233 459.120333812 138.210980364 0.99609375
v 159.530900918 445.245449486 138.088027219 0.99609375
v 159.665246613 458.87185369 137.795006231 0.99609375
v 160.218174021 447.978922401 137.52302737 0.99609375
v 159.909291183 459.219984459 137.672343954 0.99609375
v 146.056329399 445.137658647 138.640987303 0.99609375
v 145.981729536 446.559899385 138.286809534 0.99609375
v 146.476384534 445.203309413 138.178475823 0.99609375
v 146.366016225 447.423350264 138.67475288 0.99609375
v 146.501902325 445.053056092 138.467332165 0.99609375
v 147.011376283 448.069918973 138.124753306 0.99609375
v 147.239567924 445.077532209 138.794632559 0.99609375
v 146.822222012 449.239176854 138.472807711 0.99609375
v 147.485883967 445.101805426 138.326177552 0.99609375
v 147.434033415 450.131191176 138.586175779 0.99609375
v 147.681447262 445.36109175 138.110496671 0.99609375
v 147.55339092 451.31637802 138.73753924 0.99609375
v 147.982064774 445.276175656 138.504735829 0.99609375
v 147.815972128 452.547868697 138.127213295 0.99609375
v 148.141244929 445.264357136 138.50130072 0.99609375
v 148.005168414 453.696696743 138.829346847 0.99609375
v 148.75017646 445.300398961 138.739445956 0.99609375
v 148.455516541 454.712882474 138.083016082 0.99609375
v 148.703651958 445.00885504 138.214338751 0.99609375
v 148.930028375 455.111519569 138.813633539 0.99609375
v 148.998836093 445.048539052 138.420400403 0.99609375
v 149.019403394 455.653197045 138.443040437 0.99609375
v 149.573417205 445.340467879 138.216530622 0.99609375
v 149.522579567 456.557343602 138.209223626 0.99609375
v 149.796647149 445.362628128 138.744741069 0.99609375
v 149.675435446 456.754109172 138.578509501 0.99609375
v 149.688277929 445.089690162 138.622800893 0.99609375
v 149.678179154 457.430677501 138.767448451 0.99609375
v 150.226408582 445.360405761 138.962205806 0.99609375
v 150.10884213 458.05456306 138.84867178 0.99609375
v 150.325061774 445.128016091 138.763891852 0.99609375
v 150.618980051 458.19681912 138.650394984 0.99609375
v 150.85279385 444.920736143 138.104479116 0.99609375
v 150.920481265 458.434685778 138.743789796 0.99609375
v 151.10207644 445.153692108 138.150372975 0.99609375
v 151.374950277 458.523490896 138.815754646 0.99609375
v 151.504591254 445.056377009 138.48490955 0.99609375
v 151.135276629 458.6658555 138.788682565 0.99609375
v 151.445049368 444.884925883 138.606669272 0.99609375
v 151.867421989 458.389895224 138.503141425 0.99609375
v 151.67141279 445.001385226 138.594304806 0.99609375
v 151.753081522 458.921039662 138.299486484 0.99609375
v 152.366915194 445.438175746 138.264366626 0.99609375
v 152.367454979 458.911806418 138.807734973 0.99609375
v 152.508250445 445.416495459 138.722386074 0.99609375
v 152.645477731 458.814807035 138.385034482 0.99609375
v 152.61740215 445.385139633 138.404904045 0.99609375
v 153.008836429 458.912679734 138.853173829 0.99609375
v 153.11553953 445.144369468 138.179966709 0.99609375
v 153.251477364 458.691718632 138.432583626 0.99609375
v 153.477899032 445.423042538 138.093381663 0.99609375
v 153.419625166 458.867804734 138.623358156 0.99609375
v 153.750255933 445.209376893 138.039657107 0.99609375
v 153.761929148 458.505875184 138.014643266 0.99609375
v 154.259294687 445.346360206 138.151497521 0.99609375
v 154.12820911 458.952176126 138.031010519 0.99609375
v 154.365913186 445.296121231 138.306326434 0.99609375
v 154.420062014 458.925265582 138.112868669 0.99609375
v 154.643919093 445.301566639 138.121277528 0.99609375
v 154.581073253 458.718249281 138.537681141 0.99609375
v 154.767807624 444.865581113 138.28690345 0.99609375
v 154.835502297 458.682674913 138.489150799 0.99609375
v 155.302730927 445.347314818 138.981990202 0.99609375
v 155.168104088 459.014292302 138.098475343 0.99609375
v 155.179569703 444.918147344 138.381895246 0.99609375
v 155.259347482 459.013794311 138.496370604 0.99609375
v 155.578737761 445.185771646 138.063229812 0.99609375
v 155.812738829 458.614996079 138.908080556 0.99609375
v 156.206879492 445.282150666 138.458649927 0.99609375
v 156.147927882 458.677412523 138.959789278 0.99609375
v 156.508614277 445.39429252 138.251779866 0.99609375
v 156.479165667 458.545196965 138.3087951 0.99609375
v 156.390287714 445.25068831 138.647897899 0.99609375
v 156.773372767 458.972409316 138.738967288 0.99609375
v 156.833409256 445.076167914 138.845572826 0.99609375
v 156.901826862 458.593920288 138.55250319 0.99609375
v 157.437800382 444.908272471 138.472734158 0.99609375
v 157.07874617 458.753918192 138.023810588 0.99609375
v 157.655249714 444.981806685 138.600987194 0.99609375
v 157.377637297 458.882347461 138.050872748 0.99609375
v 157.731852049 444.993812865 138.675559579 0.99609375
v 157.606841128 458.522897971 138.943805217 0.99609375
v 157.928648767 445.114104584 138.978997573 0.99609375
v 157.924716474 458.256319955 138.227396737 0.99609375
v 158.607901218 444.89360565 138.029289195 0.99609375
v 158.40176037 458.72762374 138.913726107 0.99609375
v 158.799187268 445.144828927 138.358651 0.99609375
v 158.444381032 458.616470504 138.195026168 0.99609375
v 158.954071636 444.904437389 138.388199902 0.99609375
v 158.68622397 458.395266011 138.973430459 0.99609375
v 159.257312606 445.396133777 138.929985389 0.99609375
v 159.283440142 458.270597214 138.867051166 0.99609375
v 159.372980355 444.939623781 138.062456325 0.99609375
v 159.424227232 458.227457537 138.380259621 0.99609375
v 160.060193219 445.43790242 138.051818213 0.99609375
v 159.965605005 458.359280091 138.488669309 0.99609375
v 160.310711765 445.430880564 138.188503293 0.99609375
v 159.830060232 458.387851318 138.941533581 0.99609375
v 160.486309123 458.632778818 138.15492483 0.99609375
v 146.589401335 444.886442381 139.189653961 0.99609375
v 146.689772989 446.500483253 138.840510716 0.99609375
v 146.815337707 445.244109845 138.913492822 0.99609375
v 146.926932827 447.768679938 138.534209586 0.99609375
v 146.949073383 445.417524309 139.208020215 0.99609375
v 147.014137746 448.782979166 138.63808101 0.99609375
v 147.553659677 445.185021402 138.678751068 0.99609375
v 147.360146699 449.529112616 139.101039093 0.99609375
v 147.842415269 445.140070016 139.4826265 0.99609375
v 147.527750688 451.034284311 138.500739272 0.99609375
v 148.159384023 445.404062363 138.74864314 0.99609375
v 148.040850731 451.846722743 139.250008479 0.99609375
v 148.46981683 445.009155437 139.440680773 0.99609375
v 148.478510461 453.145001552 138.5445413 0.99609375
v 148.613133039 445.019026765 139.29907351 0.99609375
v 148.526145149 454.873748141 139.011055556 0.99609375
v 148.831260502 444.962230383 138.761908771 0.99609375
v 148.556216907 455.444113167 138.823563824 0.99609375
v 149.227600774 445.133295378 138.862892511 0.99609375
v 149.17034286 456.332412057 138.541039876 0.99609375
v 149.321753126 445.186510467 138.593352505 0.99609375
v 149.34630827 456.85249988 138.849075908 0.99609375
v 149.453803883 445.310699196 139.250210118 0.99609375
v 149.4525464 456.858860229 139.222823707 0.99609375
v 149.935112845 445.199151705 138.825220616 0.99609375
v 149.930018104 457.805942633 139.232595083 0.99609375
v 150.178151805 445.138106573 139.025900771 0.99609375
v 150.15503235 458.237866544 138.853539865 0.99609375
v 150.499295012 445.208453669 139.337949631 0.99609375
v 150.243172669 458.308574471 138.796632106 0.99609375
v 150.73963168 445.135617657 138.982693722 0.99609375
v 150.662833111 458.648514358 139.204524139 0.99609375
v 151.182484821 445.122131497 138.790079271 0.99609375
v 151.309567848 458.827124949 139.069654841 0.99609375
v 151.576922783 444.981044251 139.260492139 0.99609375
v 151.63624818 458.899296017 139.328372298 0.99609375
v 151.664776342 445.427178378 139.423344969 0.99609375
v 151.450669762 459.035459841 138.906419145 0.99609375
v 151.691716705 445.221091308 139.081524354 0.99609375
v 151.924135085 458.671075357 138.778084594 0.99609375
v 151.980985732 445.1696848 139.295555381 0.99609375
v 152.26235617 458.664459275 138.930004308 0.99609375
v 152.261755968 445.160336615 138.578642259 0.99609375
v 152.286614472 458.516320429 138.997798294 0.99609375
v 153.045732969 444.906002891 139.124304298 0.99609375
v 152.922152249 458.772111903 139.279982996 0.99609375
v 152.939552121 445.26649693 139.343187089 0.99609375
v 153.300557632 458.916718027 138.887070063 0.99609375
v 153.413165659 445.381035013 138.818035241 0.99609375
v 153.533057375 458.718434034 139.097631233 0.99609375
v 153.806054934 445.094480948 138.737580285 0.99609375
v 153.859651568 458.961440629 138.987263375 0.99609375
v 153.74801462 445.068005936 139.128971131 0.99609375
v 154.098265191 458.518308422 139.067089513 0.99609375
v 154.490679526 445.188008056 138.909176972 0.99609375
v 154.377451051 458.750942637 139.18313207 0.99609375
v 154.465264318 445.407300698 138.528506798 0.99609375
v 154.772340333 458.637551797 138.723634248 0.99609375
v 154.705995873 445.157562287 138.545632935 0.99609375
v 154.987698407 458.529876442 139.487608798 0.99609375
v 154.901295238 445.038434331 138.681879219 0.99609375
v 154.877951702 458.71519745 139.011918142 0.99609375
v 155.564075158 445.297840327 138.923706668 0.99609375
v 155.171890332 459.036287308 139.166646439 0.99609375
v 155.774844921 445.139608721 139.318892997 0.99609375
v 155.904295212 458.878922037 138.686630175 0.99609375
v 155.762249291 445.307772783 139.490060523 0.99609375
v 156.241146372 458.573951612 138.90967114 0.99609375
v 156.326592479 444.880056889 138.707757196 0.99609375
v 156.14291696 458.580575569 138.788920585 0.99609375
v 156.734109948 445.399128114 139.163782417 0.99609375
v 156.619960713 458.830754813 139.075641171 0.99609375
v 156.699493001 445.233211267 139.4674578 0.99609375
v 156.694385746 458.996776619 139.005954399 0.99609375
v 157.192072915 444.886062247 138.916616029 0.99609375
v 156.897806858 458.590184208 139.460585699 0.99609375
v 157.394245526 444.969655556 138.703749123 0.99609375
v 157.43770503 458.736764551 138.606742981 0.99609375
v 157.831825494 445.262185225 139.189763079 0.99609375
v 157.475742408 458.673487641 139.052920238 0.99609375
v 157.96101814 445.077410384 139.192190153 0.99609375
v 158.275038233 458.682487453 138.589584418 0.99609375
v 158.318918398 445.266843693 138.500805087 0.99609375
v 158.112889734 458.567433326 138.798798832 0.99609375
v 158.642518858 444.943216899 138.657619214 0.99609375
v 158.556883185 458.48831512 139.165535653 0.99609375
v 159.188697366 445.393231856 139.339141797 0.99609375
v 158.671376154 458.31425681 139.079736286 0.99609375
v 159.191057302 445.199374104 139.163650548 0.99609375
v 159.093571868 458.034905002 138.85024722 0.99609375
v 159.5350314 444.885092301 138.750253954 0.99609375
v 159.712974318 458.383980884 138.632886343 0.99609375
v 159.637274385 444.908198552 138.842236122 0.99609375
v 159.630569807 458.016297205 139.219328361 0.99609375
v 160.245333467 444.867996244 138.500532841 0.99609375
v 159.824178766 458.448026157 138.504062799 0.99609375
v 160.271624175 447.998718859 139.032217078 0.99609375
v 160.130271973 458.287063651 138.544847471 0.99609375
v 146.727709961 445.133152928 139.75795791 0.99609375
v 146.843341139 444.718829594 139.730703413 0.99609375
v 146.987507026 446.886724327 139.252444839 0.99609375
v 147.126866797 444.845609072 139.788043624 0.99609375
v 147.035427937 448.248462603 139.499692289 0.99609375
v 147.582312343 444.916539655 139.558507706 0.99609375
v 147.452296057 449.195900548 139.047771245 0.99609375
v 147.806350216 444.956218292 139.12420645 0.99609375
v 147.384776277 450.116588979 139.661613771 0.99609375
v 147.927131959 444.954699928 139.965201885 0.99609375
v 148.156521628 451.178368557 139.677602578 0.99609375
v 148.074252317 444.856538531 139.031855916 0.99609375
v 148.152379161 452.628953301 139.354152194 0.99609375
v 148.332402294 445.071510983 139.634837269 0.99609375
v 148.197532569 454.340198592 139.264844491 0.99609375
v 148.663321539 444.898059374 139.753853077 0.99609375
v 148.712105415 455.544998454 139.255606416 0.99609375
v 149.345668862 445.03796632 139.401452275 0.99609375
v 148.915132522 456.070616596 139.57811376 0.99609375
v 149.327406849 444.953394479 139.80899526 0.99609375
v 149.392812328 456.689733482 139.89375015 0.99609375
v 149.837501587 444.938650502 139.546468922 0.99609375
v 149.512499812 457.30127785 139.931006984 0.99609375
v 149.777893424 444.717863625 139.908867354 0.99609375
v 150.129629507 458.065879955 139.971855249 0.99609375
v 150.468204197 444.600712152 139.244157187 0.99609375
v 150.498305973 457.658803739 139.14893479 0.99609375
v 150.334619264 444.70692336 139.217795804 0.99609375
v 150.328783662 457.345624459 139.924640782 0.99609375
v 151.005735507 444.774505699 139.676848178 0.99609375
v 150.679547681 457.54314297 139.462954054 0.99609375
v 151.347844383 444.966860922 139.844282625 0.99609375
v 151.297771551 457.650897084 139.988143242 0.99609375
v 151.546779449 444.692913596 139.150529234 0.99609375
v 151.208948512 457.493059534 139.76305065 0.99609375
v 151.735414089 445.093947391 139.488855884 0.99609375
v 151.933534955 457.730895685 139.210979115 0.99609375
v 151.955712533 445.054662341 139.087298939 0.99609375
v 152.096678785 457.646163776 139.668385767 0.99609375
v 151.962867472 445.015365966 139.501671488 0.99609375
v 152.22049796 457.985151444 139.836572411 0.99609375
v 152.801718314 445.041719705 139.897457345 0.99609375
v 152.513409304 458.138188331 139.178936831 0.99609375
v 152.997748227 444.92037543 139.840640373 0.99609375
v 152.978868437 457.779682306 139.287815891 0.99609375
v 153.249656471 444.643978241 139.009951436 0.99609375
v 153.005548634 458.193069834 139.812137646 0.99609375
v 153.370685233 444.657478405 139.511319775 0.99609375
v 153.151581037 457.767442672 139.025696389 0.99609375
v 153.636983214 444.821211809 139.817843261 0.99609375
v 153.740645381 457.849965685 139.100736209 0.99609375
v 154.111300662 444.915691057 139.107206662 0.99609375
v 153.783653167 458.023551598 139.984344525 0.99609375
v 154.332064252 444.754163798 139.209334386 0.99609375
v 154.046776175 458.034746694 139.082665896 0.99609375
v 154.375939778 444.706240941 139.272350306 0.99609375
v 154.682750488 458.320648075 139.480696172 0.99609375
v 155.097002294 444.583332519 139.693882096 0.99609375
v 154.664343425 458.090153213 139.480439099 0.99609375
v 155.009854903 445.135075649 139.382449774 0.99609375
v 155.114825966 458.15856123 139.365933593 0.99609375
v 155.230141708 445.141767672 139.247803349 0.99609375
v 155.701162562 458.211698458 139.127547465 0.99609375
v 155.987903319 445.130918878 139.821156384 0.99609375
v 155.759977264 458.036292911 139.22334102 0.99609375
v 156.103867164 444.701820158 139.718067414 0.99609375
v 156.119898603 458.383403628 139.329094276 0.99609375
v 156.357688408 444.951767883 139.383276318 0.99609375
v 156.448401175 458.416937957 139.837465681 0.99609375
v 156.599562164 444.976687635 139.353904991 0.99609375
v 156.445113737 458.435706416 139.958865275 0.99609375
v 156.778419258 445.148702284 139.213232005 0.99609375
v 156.778957308 458.166512019 139.240701238 0.99609375
v 157.350430361 444.611019354 139.15737701 0.99609375
v 157.239565886 458.258767567 139.897843188 0.99609375
v 157.705842509 444.898471686 139.486981942 0.99609375
v 157.516124156 457.942583619 139.775815521 0.99609375
v 157.486963984 445.051377603 139.345230805 0.99609375
v 157.597639915 457.988910783 139.226260343 0.99609375
v 158.112258967 444.728189733 139.955355611 0.99609375
v 158.233665461 457.933943761 139.995967009 0.99609375
v 158.499678354 444.752449416 139.531089544 0.99609375
v 158.398981957 458.432860092 139.249258502 0.99609375
v 158.347061448 444.637345872 139.432886898 0.99609375
v 158.584099543 458.273260196 139.588784325 0.99609375
v 159.109055507 444.959801756 139.808183975 0.99609375
v 158.756505565 458.093033501 139.262309932 0.99609375
v 159.316467305 444.946717909 139.388946882 0.99609375
v 159.202163629 458.102858614 139.942981151 0.99609375
v 159.545454812 444.990223755 139.921496967 0.99609375
v 159.655456927 456.861032235 139.914186849 0.99609375
v 159.876871388 445.122600868 139.389753278 0.99609375
v 159.989945814 456.583475767 139.575852022 0.99609375
v 159.872705083 445.127326426 139.273117746 0.99609375
v 160.291504799 456.597221271 139.065804157 0.99609375
v 160.140869719 444.671602943 139.637701663 0.99609375
v 160.348652805 456.792460298 139.856803196 0.99609375
v 160.840027564 450.054772407 139.218437791 0.99609375
v 160.411434679 456.531168717 139.842336439 0.99609375
v 147.029307519 445.968924146 140.337641996 0.99609375
v 147.160241989 446.530403835 139.787143786 0.99609375
v 147.473285857 444.839699598 139.922573708 0.99609375
v 147.543279843 448.359759916 140.045039018 0.99609375
v 147.78584469 444.925411091 140.245517539 0.99609375
v 147.725953728 449.374935578 139.65547554 0.99609375
v 148.036725023 445.026378479 140.127980453 0.99609375
v 148.121497305 450.42117619 140.391408039 0.99609375
v 148.413212693 445.128567623 139.637733857 0.99609375
v 148.095847607 452.105851257 139.831350234 0.99609375
v 148.639666908 445.0234827 140.473376295 0.99609375
v 148.408307408 453.159695219 140.306158884 0.99609375
v 148.869104596 444.782807901 140.022481776 0.99609375
v 148.526831827 454.589430767 140.120546395 0.99609375
v 149.22901823 444.724781902 139.997947797 0.99609375
v 149.204058812 455.410659455 139.849742575 0.99609375
v 149.473984346 444.851354941 139.833592501 0.99609375
v 149.069154994 455.54192015 139.574313389 0.99609375
v 149.693443218 444.714789958 140.459275743 0.99609375
v 149.77864647 455.804302836 139.950459778 0.99609375
v 150.09502334 445.13453342 140.480933912 0.99609375
v 150.04906763 455.71263323 139.980640141 0.99609375
v 150.343233111 444.708367768 140.395266903 0.99609375
v 149.97316797 455.659090786 140.024626281 0.99609375
v 150.613128201 444.956731787 139.708965255 0.99609375
v 150.687932234 455.659762143 140.328192122 0.99609375
v 150.788127089 444.805325581 140.219366634 0.99609375
v 150.722708068 455.724632286 140.238492802 0.99609375
v 151.299635292 444.8014626 139.573291817 0.99609375
v 151.293812696 455.840040051 140.172261994 0.99609375
v 151.365755659 444.977769784 139.988659211 0.99609375
v 151.187626403 455.685350171 139.662352867 0.99609375
v 151.639424804 444.702564797 140.103647036 0.99609375
v 151.446500867 455.919917993 139.790694533 0.99609375
v 151.949536394 445.08678784 140.196212609 0.99609375
v 151.949941429 456.13868042 139.749757604 0.99609375
v 152.233101135 444.761131014 140.141658041 0.99609375
v 152.178043214 456.04027013 139.670192411 0.99609375
v 152.592763726 444.769150573 139.735011831 0.99609375
v 152.390362703 455.639684627 139.886076836 0.99609375
v 152.869371494 444.570464345 139.844935728 0.99609375
v 153.043512482 456.31674978 139.9507196 0.99609375
v 153.142708621 445.04732497 140.142911588 0.99609375
v 153.207868213 456.020474683 139.558807066 0.99609375
v 153.482245606 444.613839197 140.417771303 0.99609375
v 153.436261586 456.260096557 140.323389329 0.99609375
v 153.763730387 445.114603398 139.638717729 0.99609375
v 153.910945557 456.071445819 140.162748178 0.99609375
v 153.804965769 444.747551487 140.294744874 0.99609375
v 153.891590755 456.109438529 139.784263437 0.99609375
v 154.566336304 444.710191764 139.936629547 0.99609375
v 154.552410721 456.038187678 140.11701967 0.99609375
v 154.580389289 445.133727602 140.48068192 0.99609375
v 154.690860797 455.96938823 140.454096426 0.99609375
v 154.799327567 445.065579824 140.081613508 0.99609375
v 155.064847785 456.00775894 139.674862665 0.99609375
v 155.437345157 444.588755363 139.734667341 0.99609375
v 155.38106564 456.071797784 140.066298152 0.99609375
v 155.569544537 444.691550004 139.580820063 0.99609375
v 155.600804704 455.904959735 139.912912279 0.99609375
v 155.54478778 444.881187309 140.136594962 0.99609375
v 155.926669466 456.289589684 139.923003024 0.99609375
v 155.834331523 444.79896364 140.127840548 0.99609375
v 155.771766034 456.227208114 140.020450948 0.99609375
v 156.409631572 444.843907671 139.682793686 0.99609375
v 156.032671271 456.415879841 140.313191491 0.99609375
v 156.829388167 444.6811365 139.965267963 0.99609375
v 156.323288219 455.91058912 140.246231103 0.99609375
v 156.681896466 444.652580828 140.229859841 0.99609375
v 156.695801907 455.952800935 139.995793426 0.99609375
v 157.267655382 445.003659735 140.305654017 0.99609375
v 156.913724148 456.144015817 140.441916464 0.99609375
v 157.26175734 444.777811399 139.770546986 0.99609375
v 157.257862137 456.173559126 139.667738686 0.99609375
v 157.718929153 444.741439907 140.060984839 0.99609375
v 157.828967311 456.355258908 140.492468538 0.99609375
v 157.9420359 444.725099564 139.77560785 0.99609375
v 158.335406605 456.294163689 139.559163466 0.99609375
v 158.263026448 444.715124148 140.363193359 0.99609375
v 158.30695641 456.417118989 139.785860883 0.99609375
v 158.868554981 444.952036779 140.332956324 0.99609375
v 158.898567673 456.220363686 140.151575579 0.99609375
v 159.163613769 444.918782823 139.652596987 0.99609375
v 159.090926804 456.436850847 139.547515553 0.99609375
v 159.07953122 445.047794627 139.666133751 0.99609375
v 159.048611832 456.226319298 139.819772858 0.99609375
v 159.231762921 445.065225986 140.221700413 0.99609375
v 159.403971687 456.12908526 139.960425102 0.99609375
v 159.959002171 444.98073225 140.225057862 0.99609375
v 159.787613723 455.954956281 139.722044131 0.99609375
v 160.124056026 445.011326758 140.281724595 0.99609375
v 160.037655746 456.132866508 140.310006582 0.99609375
v 160.289973293 445.139406064 139.808149304 0.99609375
v 160.33954396 455.916182014 139.805741338 0.99609375
v 160.701991416 444.666669417 140.365180089 0.99609375
v 160.532814565 456.168453254 140.211932735 0.99609375
v 147.280784648 444.81301583 140.403085082 0.99609375
v 147.265286134 447.562062202 140.587434891 0.99609375
v 147.526780683 444.485678277 140.77371568 0.99609375
v 147.575775237 449.203571784 140.330545856 0.99609375
v 147.94810355 444.756800526 140.353048444 0.99609375
v 148.093628302 450.153474462 140.165596921 0.99609375
v 148.346508822 444.486049709 140.745410811 0.99609375
v 147.948882345 451.514449694 140.667832337 0.99609375
v 148.483911535 444.650954648 140.925751482 0.99609375
v 148.678344856 452.339203912 140.269109148 0.99609375
v 148.554878712 444.805121869 140.006456227 0.99609375
v 148.742764309 454.130765107 140.256046023 0.99609375
v 148.795685831 444.651178304 140.824109694 0.99609375
v 148.914323169 454.571728705 140.848937464 0.99609375
v 149.447772283 444.34540683 140.846061544 0.99609375
v 149.205777568 455.35542628 140.481709188 0.99609375
v 149.581404242 444.653072868 140.237406949 0.99609375
v 149.521664575 456.206731203 140.395466797 0.99609375
v 149.744431601 444.287072363 140.190372068 0.99609375
v 149.943569551 456.277972949 140.913417078 0.99609375
v 150.216215967 444.602877182 140.347908785 0.99609375
v 150.107257294 456.417313909 140.608559818 0.99609375
v 150.582013161 444.521779226 140.686592659 0.99609375
v 150.687462968 455.981012615 140.210394328 0.99609375
v 150.577322028 444.496275113 140.798376594 0.99609375
v 150.888010799 456.05183696 140.93152324 0.99609375
v 151.022436159 444.353045677 140.697478094 0.99609375
v 151.364611663 455.980858638 140.733872377 0.99609375
v 151.326366416 444.321433508 140.100093648 0.99609375
v 151.604466042 455.905281606 140.931494773 0.99609375
v 151.724390486 444.356759513 140.950422678 0.99609375
v 151.59829755 456.17093871 140.186008601 0.99609375
v 152.21874961 444.333765225 140.063736614 0.99609375
v 152.071716107 456.020968002 140.598847519 0.99609375
v 152.223607008 444.831704778 140.511126042 0.99609375
v 152.004826335 456.569999804 140.74131408 0.99609375
v 152.307792142 444.789389374 140.489972225 0.99609375
v 152.801781097 456.191138064 140.668794939 0.99609375
v 152.760371997 444.388682201 140.742133933 0.99609375
v 152.903881453 456.226464886 140.020543291 0.99609375
v 153.024770736 444.488024699 140.591177477 0.99609375
v 153.062794361 456.279920377 140.745787997 0.99609375
v 153.407134558 444.429643949 140.101927545 0.99609375
v 153.174997062 456.641267878 140.705368141 0.99609375
v 153.492195463 444.593295697 140.579965581 0.99609375
v 153.798028734 456.224490409 140.392472407 0.99609375
v 153.821099488 444.58794958 140.623433985 0.99609375
v 154.24484341 456.426289309 140.610176817 0.99609375
v 154.295104783 444.683519117 140.628984952 0.99609375
v 154.278669009 456.605108597 140.566536458 0.99609375
v 154.349418607 444.624111834 140.236523757 0.99609375
v 154.309673656 456.569825107 140.110855913 0.99609375
v 154.68563158 444.665603947 140.150507831 0.99609375
v 154.697066961 456.647307731 140.861986743 0.99609375
v 155.043723909 444.41633995 140.790170618 0.99609375
v 155.269777935 456.216875754 140.614398759 0.99609375
v 155.362747211 444.802279773 140.207600476 0.99609375
v 155.446648494 456.694956221 140.152467289 0.99609375
v 155.803550845 444.754491051 140.506936871 0.99609375
v 155.998420329 456.490674976 140.840919016 0.99609375
v 155.882274543 444.472243103 140.493159262 0.99609375
v 156.269286847 456.48627531 140.789924717 0.99609375
v 156.091202495 444.446851046 140.530287923 0.99609375
v 156.363148357 456.731765803 140.769040653 0.99609375
v 156.312023455 444.748477608 140.801221309 0.99609375
v 156.855671523 456.702687896 140.676751679 0.99609375
v 156.690903686 444.728701903 140.378768499 0.99609375
v 156.931886527 456.222320459 140.005223298 0.99609375
v 157.264004387 444.407028878 140.022892383 0.99609375
v 157.454978825 456.321426084 140.697994056 0.99609375
v 157.717485286 444.38264766 140.086157421 0.99609375
v 157.229071023 456.846336146 140.92984444 0.99609375
v 157.640594026 444.680793466 140.178792678 0.99609375
v 158.034789462 456.825604283 140.000248336 0.99609375
v 157.768034118 444.799640028 140.870086404 0.99609375
v 158.118114649 456.712114527 140.584275165 0.99609375
v 158.054562271 444.4177086 140.028678038 0.99609375
v 158.159367318 456.688527145 140.178562745 0.99609375
v 158.713011149 444.39417328 140.613346667 0.99609375
v 158.876240134 456.615972207 140.123709112 0.99609375
v 158.852726602 444.530023237 140.519724625 0.99609375
v 158.658780126 456.660351611 140.104293535 0.99609375
v 159.14316235 444.633588168 140.564667789 0.99609375
v 159.180879195 456.799242067 140.636537811 0.99609375
v 159.68355625 444.791666668 140.652969323 0.99609375
v 159.407656703 456.413976591 140.956678495 0.99609375
v 159.965190376 444.588536698 140.947102766 0.99609375
v 160.064541845 455.961458135 140.492217939 0.99609375
v 160.206269205 444.466131017 140.938966022 0.99609375
v 159.834400545 456.315335139 140.4122668 0.99609375
v 160.146519941 444.363280018 140.245442329 0.99609375
v 160.380389696 455.227740927 140.235144838 0.99609375
v 160.832096553 444.47667539 140.467212926 0.99609375
v 160.382614704 455.180174424 140.631364455 0.99609375
v 161.236112355 445.709320524 140.390461904 0.99609375
v 160.959720681 454.793578273 140.954752751 0.99609375
v 147.744369608 445.374197156 141.322636027 0.99609375
v 147.68819941 448.333006431 141.143997236 0.99609375
v 148.086028333 444.61131053 141.401672475 0.99609375
v 147.629698933 449.567505491 140.794534769 0.99609375
v 148.335798785 444.538976836 140.865108854 0.99609375
v 148.378371987 450.575102127 141.385290294 0.99609375
v 148.209781645 444.728309831 140.610738884 0.99609375
v 148.52005343 451.996447061 141.02812342 0.99609375
v 148.493460255 444.45650279 140.603572842 0.99609375
v 148.86081019 453.166355867 141.099928118 0.99609375
v 149.34779782 444.705832712 141.04693697 0.99609375
v 149.267991218 453.664146893 140.579493552 0.99609375
v 149.207888307 444.388653554 141.211284788 0.99609375
v 149.075576872 453.881005476 140.721728668 0.99609375
v 149.46774757 444.571734894 140.823794363 0.99609375
v 149.361142235 454.275785347 141.175725891 0.99609375
v 149.936031893 444.582432612 141.298015282 0.99609375
v 149.911217848 454.197687059 141.123435353 0.99609375
v 150.482141342 444.357570553 141.443406925 0.99609375
v 150.08858572 454.208139559 141.288742113 0.99609375
v 150.436923146 444.612809734 141.269414935 0.99609375
v 150.221217139 454.35809276 141.272864812 0.99609375
v 150.738594439 444.805678227 141.22751667 0.99609375
v 150.919288025 454.382411298 140.570641304 0.99609375
v 151.102534318 444.508644501 140.567760015 0.99609375
v 151.153098273 453.985174723 141.423016429 0.99609375
v 151.09825765 444.801049621 140.672728036 0.99609375
v 151.194269068 454.301815602 140.743691044 0.99609375
v 151.784595724 444.748094728 140.707930327 0.99609375
v 151.572147461 454.352625542 141.335857567 0.99609375
v 151.817957148 444.647715942 141.417999175 0.99609375
v 152.182942976 454.641644329 140.918050397 0.99609375
v 152.423625702 444.574304297 141.165859654 0.99609375
v 152.368017646 454.243471006 140.870162391 0.99609375
v 152.655036469 444.751609086 140.802580242 0.99609375
v 152.315219468 454.337121455 141.215752304 0.99609375
v 153.038471643 444.365233198 140.727663588 0.99609375
v 152.973171232 454.709624726 140.749807089 0.99609375
v 152.896667612 444.747900948 140.844920233 0.99609375
v 153.142193263 454.679170234 141.312736468 0.99609375
v 153.639213115 444.808248159 141.051513337 0.99609375
v 153.250153762 454.5264378 141.020706267 0.99609375
v 153.69617996 444.723377984 140.82356494 0.99609375
v 153.9021504 454.64932876 140.833070939 0.99609375
v 153.942100091 444.536419966 141.380288489 0.99609375
v 154.191646175 454.413681853 141.202542165 0.99609375
v 153.998480836 444.756672542 140.924729633 0.99609375
v 154.250035591 454.221924821 140.782127478 0.99609375
v 154.579825583 444.77960848 140.848580302 0.99609375
v 154.640068043 454.437713917 141.325126859 0.99609375
v 154.710068102 444.376400772 141.241230715 0.99609375
v 155.068433322 454.256738425 141.104956908 0.99609375
v 155.097013351 444.595373334 141.320947594 0.99609375
v 154.898216302 454.313750667 141.266187429 0.99609375
v 155.522601062 444.451654267 140.748619928 0.99609375
v 155.490271236 454.163958038 140.796672127 0.99609375
v 155.788709263 444.410376042 140.650014544 0.99609375
v 155.777800592 454.171810535 140.659953256 0.99609375
v 155.802188755 444.665307853 141.015217489 0.99609375
v 155.936429854 454.486447887 140.818918074 0.99609375
v 156.066753712 444.33583099 141.361649094 0.99609375
v 156.129051745 454.341835342 140.811124781 0.99609375
v 156.421522135 444.821332605 140.607387549 0.99609375
v 156.848381084 454.271305737 140.678793615 0.99609375
v 156.678668083 444.758725555 141.1807659 0.99609375
v 156.652525939 454.391635931 140.950007837 0.99609375
v 157.041826505 444.35703854 141.333170569 0.99609375
v 157.098253014 454.605303281 141.418154221 0.99609375
v 157.263149679 444.610995721 141.351361123 0.99609375
v 157.71509936 454.46273253 141.498191166 0.99609375
v 157.71522575 444.674128621 141.388109297 0.99609375
v 157.911834768 454.422769652 140.859888058 0.99609375
v 157.85041434 444.514589952 140.958235639 0.99609375
v 158.102989548 454.693409065 140.761842933 0.99609375
v 158.398837786 444.403619549 140.566079447 0.99609375
v 158.199166497 454.399004538 141.015202007 0.99609375
v 158.340470378 444.766889256 141.155885795 0.99609375
v 158.500358454 454.702301926 140.559902057 0.99609375
v 158.904306185 444.288909242 140.590424486 0.99609375
v 158.983769336 454.344560661 140.592355402 0.99609375
v 159.079876668 444.525370073 140.506380287 0.99609375
v 159.238231745 454.299486056 141.232628051 0.99609375
v 159.733403846 444.348595324 141.107713504 0.99609375
v 159.751548833 454.538887396 141.047122812 0.99609375
v 159.573181756 444.561373358 140.800444124 0.99609375
v 159.98613972 454.190116244 140.610744811 0.99609375
v 159.849215896 444.603780834 141.291221612 0.99609375
v 160.345542166 454.383215521 141.093909947 0.99609375
v 160.277118839 444.499351892 141.468762463 0.99609375
v 160.597872647 454.383234668 140.677668465 0.99609375
v 160.486777493 445.966995181 140.797699689 0.99609375
v 160.407363772 454.495761742 140.514809593 0.99609375
v 161.055451724 446.056490256 140.840366679 0.99609375
v 161.184116334 454.571589573 141.1016199 0.99609375
v 147.977259492 444.62793601 141.123374999 0.99609375
v 147.613058497 448.78405989 141.737365251 0.99609375
v 148.021166444 444.613777603 141.494755888 0.99609375
v 148.086924653 449.992135769 141.231093525 0.99609375
v 148.652537966 444.834712977 141.027983996 0.99609375
v 148.266614663 451.32878815 141.144269757 0.99609375
v 148.729646788 444.385019706 141.082872175 0.99609375
v 148.93192186 452.378976732 141.276582635 0.99609375
v 149.131652687 444.431168294 141.390402882 0.99609375
v 149.013601205 453.21401065 141.267530837 0.99609375
v 149.339348813 444.517263749 141.579546798 0.99609375
v 149.613271803 453.802701582 141.557099964 0.99609375
v 149.582820377 444.655798772 141.482046671 0.99609375
v 149.904828345 454.173178475 141.885203345 0.99609375
v 149.863328009 444.483023758 141.4330502 0.99609375
v 150.205076276 454.365597166 141.470086306 0.99609375
v 150.166541413 444.605374172 141.747185593 0.99609375
v 150.210207537 454.27422694 141.630527078 0.99609375
v 150.531439003 444.297853167 141.928901241 0.99609375
v 150.458924031 454.526246131 141.037113503 0.99609375
v 150.675226867 444.491083622 141.361594411 0.99609375
v 150.978784823 454.568457742 141.000982905 0.99609375
v 151.02399241 444.430069698 141.228376243 0.99609375
v 151.189743356 454.52554483 141.311429229 0.99609375
v 151.443563027 444.280599374 141.234156452 0.99609375
v 151.260852502 454.366187835 141.810362562 0.99609375
v 151.615978128 444.730383937 141.202056797 0.99609375
v 151.774668736 454.252984031 141.169361021 0.99609375
v 151.85150685 444.630764579 141.712741593 0.99609375
v 152.21675148 454.414609856 141.982507978 0.99609375
v 152.16581147 444.833385842 141.657143467 0.99609375
v 152.337182859 454.599129466 141.037129276 0.99609375
v 152.77217622 444.53851482 141.79668031 0.99609375
v 152.657300612 454.750638598 141.887621538 0.99609375
v 152.845493251 444.482025986 141.398300212 0.99609375
v 152.757811473 454.691822482 141.899113082 0.99609375
v 153.019061521 444.399023665 141.985890729 0.99609375
v 153.264251629 454.954184515 141.563669437 0.99609375
v 153.284007185 444.544012963 141.41225371 0.99609375
v 153.361804007 454.628629515 141.815582833 0.99609375
v 153.705283108 444.769370307 141.581608834 0.99609375
v 153.742330899 454.878851614 141.422293112 0.99609375
v 154.209655916 444.655530038 141.971295438 0.99609375
v 154.149546703 454.470503436 141.4028752 0.99609375
v 154.038237877 444.670601637 141.977872125 0.99609375
v 154.27724525 454.801849129 141.398480674 0.99609375
v 154.684821235 444.855323564 141.693331735 0.99609375
v 154.831454165 455.263785693 141.161109695 0.99609375
v 154.751699518 444.67656706 141.967029612 0.99609375
v 155.116797085 454.746593097 141.853431983 0.99609375
v 155.233449343 444.487813279 141.092973868 0.99609375
v 155.172984508 454.973943358 141.604618082 0.99609375
v 155.30708956 444.545572581 141.240608177 0.99609375
v 155.499078165 455.036838259 141.978333756 0.99609375
v 155.588040646 444.713147723 141.884580724 0.99609375
v 155.834421991 455.06207591 141.741740084 0.99609375
v 155.760459691 444.632906187 141.117435944 0.99609375
v 155.743237205 455.035090408 141.912143358 0.99609375
v 156.22305246 444.38731958 141.743790604 0.99609375
v 156.435890056 455.187366716 141.914128593 0.99609375
v 156.402284407 444.377091965 141.307342612 0.99609375
v 156.455736455 455.240982544 141.701887825 0.99609375
v 157.163623224 444.323438849 141.535827997 0.99609375
v 156.888184136 454.942682939 141.683641152 0.99609375
v 157.316284338 444.639348097 141.909469576 0.99609375
v 157.366030258 455.109917765 141.069433434 0.99609375
v 157.452278537 444.79666472 141.612568318 0.99609375
v 157.520617534 454.794226894 141.83724868 0.99609375
v 157.500981625 444.76158073 141.393473723 0.99609375
v 157.981110943 454.795518789 141.388052204 0.99609375
v 158.317196098 444.621666211 141.062439601 0.99609375
v 157.935270382 454.806203911 141.849366287 0.99609375
v 158.417778248 444.510591387 141.125993069 0.99609375
v 158.062894851 455.273734442 141.093896749 0.99609375
v 158.524976838 444.384812329 141.813367585 0.99609375
v 158.483967756 455.147260637 141.222939245 0.99609375
v 159.038771288 444.432993618 141.706273087 0.99609375
v 158.644319301 455.236800227 141.79402386 0.99609375
v 159.130222668 444.290889759 141.862956077 0.99609375
v 158.942004295 454.827657844 141.728082644 0.99609375
v 159.228251747 444.48020925 141.681835563 0.99609375
v 159.701009227 454.731717386 141.460146221 0.99609375
v 159.951191676 444.300958144 141.772695388 0.99609375
v 159.902457625 455.009856061 141.476004342 0.99609375
v 160.201485962 444.287467415 141.712647516 0.99609375
v 159.96036872 454.613503558 141.276536445 0.99609375
v 160.321315496 445.863120561 141.80359385 0.99609375
v 160.544038637 454.492324659 141.631773123 0.99609375
v 160.536442522 446.808200485 141.900881256 0.99609375
v 160.429440784 454.68307065 141.949536658 0.99609375
v 161.009220599 447.548690922 141.688980015 0.99609375
v 161.108372492 453.273757491 141.966122989 0.99609375
v 147.700932552 445.116462561 141.888493535 0.99609375
v 147.944396567 448.43908716 142.370889084 0.99609375
v 148.006522598 444.265280608 142.046463232 0.99609375
v 148.150414643 449.939871508 142.30318678 0.99609375
v 148.744912117 444.186606327 142.162040608 0.99609375
v 148.40788997 451.192076283 141.827803966 0.99609375
v 148.595873657 444.27716538 142.415045527 0.99609375
v 148.738717131 452.007882328 141.923311842 0.99609375
v 149.3163283 444.35158239 141.596540028 0.99609375
v 149.148864026 452.713615081 141.761189554 0.99609375
v 149.527357764 444.368458593 142.205634095 0.99609375
v 149.067449974 453.073174923 141.507649378 0.99609375
v 149.920886756 444.087962299 142.200407979 0.99609375
v 149.691221407 453.124063915 141.875967157 0.99609375
v 149.838364515 444.061995426 141.632622357 0.99609375
v 149.976348726 453.001468805 142.442208128 0.99609375
v 150.130994555 444.473416541 141.547835481 0.99609375
v 150.297990456 453.421013504 142.223766552 0.99609375
v 150.492279707 444.107261592 141.751169322 0.99609375
v 150.689872818 453.542572843 142.024168271 0.99609375
v 151.082963319 444.038192559 141.805252733 0.99609375
v 150.912850042 453.102270404 141.994111825 0.99609375
v 151.264028018 444.285644769 141.681657025 0.99609375
v 151.113360648 453.042907878 142.473764317 0.99609375
v 151.619110142 444.082695871 142.181594558 0.99609375
v 151.600606764 453.111863093 141.972701537 0.99609375
v 151.439595088 444.507365398 142.333535965 0.99609375
v 151.682752094 453.783899779 141.976971457 0.99609375
v 152.063465705 444.004584353 141.550442928 0.99609375
v 151.985745436 453.817821038 142.087142738 0.99609375
v 152.169986504 444.481658927 141.512013446 0.99609375
v 152.508851602 453.681885294 141.636436981 0.99609375
v 152.615754646 444.27307869 142.182211497 0.99609375
v 152.49221573 453.5951009 142.140937417 0.99609375
v 152.802718572 444.347811411 142.310659086 0.99609375
v 153.082429056 453.368421583 141.91394655 0.99609375
v 153.23206347 444.049633555 141.703719559 0.99609375
v 153.068468666 453.375729021 142.042175585 0.99609375
v 153.546028735 444.023747289 141.612486911 0.99609375
v 153.516312039 453.509902332 141.698130876 0.99609375
v 153.58720267 444.029852439 142.471409148 0.99609375
v 153.712205285 453.52741632 141.672152652 0.99609375
v 153.846248652 444.518592817 141.612036233 0.99609375
v 153.871503698 453.603260061 142.302869396 0.99609375
v 154.113064937 444.138161604 142.200908387 0.99609375
v 154.127841629 453.292243824 141.832397046 0.99609375
v 154.627011812 444.446843576 141.957626145 0.99609375
v 154.729951897 453.988191088 142.160166533 0.99609375
v 154.601733363 444.006016042 142.072899681 0.99609375
v 154.758410885 454.029346623 141.678210337 0.99609375
v 155.017874122 444.541887551 141.8667885 0.99609375
v 155.353539415 453.295020993 142.246717065 0.99609375
v 155.43839083 444.418669735 141.666377166 0.99609375
v 155.719615964 453.443301589 141.666867402 0.99609375
v 155.525859824 444.369737887 141.840146805 0.99609375
v 155.82545182 453.342450024 141.508900705 0.99609375
v 155.919578672 444.439462152 142.179262916 0.99609375
v 156.186801701 453.391225921 141.769110236 0.99609375
v 156.080750496 444.029097151 142.485309403 0.99609375
v 156.278841846 453.427975144 141.536926958 0.99609375
v 156.745643075 444.159526926 141.707868037 0.99609375
v 156.870766627 453.680303695 141.993986038 0.99609375
v 156.958024311 444.341258689 142.159339652 0.99609375
v 156.790349573 453.41742705 141.698368282 0.99609375
v 157.409459748 444.568369648 142.228940426 0.99609375
v 157.253256116 453.663914432 142.345832097 0.99609375
v 157.252891729 444.439334566 141.60446756 0.99609375
v 157.365920234 453.369197412 141.765582946 0.99609375
v 157.70009094 444.562531019 142.22578983 0.99609375
v 157.941189944 453.694791094 142.123082383 0.99609375
v 158.006500483 444.513706318 141.530353821 0.99609375
v 158.058085149 453.61347432 141.561087667 0.99609375
v 158.286370983 444.562637932 142.499987174 0.99609375
v 158.269058848 453.67117815 142.373443487 0.99609375
v 158.784571853 444.012352093 141.595479352 0.99609375
v 158.658788178 453.620113972 142.025584505 0.99609375
v 158.764600071 444.16806343 142.064767509 0.99609375
v 159.176886945 453.512942141 142.474805475 0.99609375
v 159.184594889 444.156996383 142.075165455 0.99609375
v 159.37905406 453.538066433 141.586166248 0.99609375
v 159.637436359 444.011209726 141.974517868 0.99609375
v 159.702997034 453.539640572 142.180143684 0.99609375
v 159.506642243 444.517465189 141.729340929 0.99609375
v 159.711178592 453.489219563 141.919084963 0.99609375
v 160.038496078 444.115186462 141.962030707 0.99609375
v 160.233828708 453.826622385 142.134998666 0.99609375
v 160.356680559 447.355401112 142.360774392 0.99609375
v 160.274350482 453.583155065 142.320511336 0.99609375
v 160.8575815 448.26034578 141.660386219 0.99609375
v 160.930253805 453.534327457 142.162824723 0.99609375
v 160.782800888 448.649635027 141.964462351 0.99609375
v 160.660081697 453.605441507 141.634605702 0.99609375
v 147.994758241 444.897930655 142.375634776 0.99609375
v 147.96007125 448.585933984 142.682076355 0.99609375
v 148.105924292 444.448790765 142.10659557 0.99609375
v 148.027591808 449.829086253 142.364011128 0.99609375
v 148.749791893 444.115100113 142.268242017 0.99609375
v 148.474570519 451.374722527 142.459759168 0.99609375
v 148.986653509 443.999972324 142.12034157 0.99609375
v 148.716754613 452.170164233 142.067094431 0.99609375
v 149.200853632 444.080149383 142.246642164 0.99609375
v 149.05703861 452.494880784 142.422518908 0.99609375
v 149.188501748 444.108962687 142.322390142 0.99609375
v 149.220203464 453.011476261 142.547701758 0.99609375
v 149.709366403 444.077662519 142.393961532 0.99609375
v 149.694333815 452.898338507 142.564974559 0.99609375
v 149.911390328 444.473688929 142.443992877 0.99609375
v 149.920049454 452.781145643 142.075310371 0.99609375
v 150.065053895 444.296141714 142.78705311 0.99609375
v 150.392307925 452.450974437 142.719293439 0.99609375
v 150.374116368 444.098832012 142.158603846 0.99609375
v 150.270906134 452.667906749 142.66930328 0.99609375
v 150.865998899 444.228338884 142.383571555 0.99609375
v 150.692024839 452.854860826 142.060373643 0.99609375
v 151.194239317 444.424776585 142.285141598 0.99609375
v 151.19777713 452.820414685 142.989402455 0.99609375
v 151.213921719 444.318431466 142.163391538 0.99609375
v 151.436364932 452.968437951 142.680847816 0.99609375
v 151.428080954 444.538089503 142.280413531 0.99609375
v 151.89955161 453.183239965 142.653215861 0.99609375
v 152.181369559 444.121323672 142.512518588 0.99609375
v 151.794825532 452.731135814 142.25300689 0.99609375
v 152.157686819 444.214975172 142.718759813 0.99609375
v 152.101727674 452.875694226 142.255198312 0.99609375
v 152.253936697 444.179933639 142.426340152 0.99609375
v 152.319608016 452.543547021 142.7097554 0.99609375
v 152.788542639 444.203375985 142.731943212 0.99609375
v 152.669005998 452.7817766 142.208991144 0.99609375
v 153.262510975 444.365129522 142.048175553 0.99609375
v 152.934097701 452.905538479 142.322249471 0.99609375
v 153.436989465 443.998788571 142.251574001 0.99609375
v 153.69895383 452.865940467 142.184141343 0.99609375
v 153.598112444 444.504713569 142.534710492 0.99609375
v 153.780968984 452.647317288 142.565055861 0.99609375
v 153.98109364 444.054900087 142.502110501 0.99609375
v 153.815598347 452.426544621 142.497907593 0.99609375
v 154.409932773 444.126225602 142.898533045 0.99609375
v 154.105931034 452.66005013 142.549583107 0.99609375
v 154.411504436 444.403014319 142.910302304 0.99609375
v 154.381338073 452.592622313 142.721653442 0.99609375
v 155.080831383 444.491299694 142.69139739 0.99609375
v 154.622820675 452.509207921 142.140562433 0.99609375
v 155.359868736 444.447781533 142.788114785 0.99609375
v 155.183646996 452.785342487 142.684396644 0.99609375
v 155.498770311 444.354803552 142.603076139 0.99609375
v 155.275073561 452.540911909 142.89088707 0.99609375
v 155.645684039 444.287576398 142.272589808 0.99609375
v 155.762964519 452.975568599 142.232011547 0.99609375
v 156.270255327 444.007590263 142.337125949 0.99609375
v 155.775174055 452.879346355 142.600318396 0.99609375
v 156.105052546 444.224935412 142.913742823 0.99609375
v 156.414777415 453.189600844 142.60612737 0.99609375
v 156.555276953 444.32939724 142.342178837 0.99609375
v 156.459509142 452.744681455 142.125630065 0.99609375
v 156.693461657 444.145555946 142.144021209 0.99609375
v 157.12296319 452.643720036 142.188934789 0.99609375
v 156.901461545 444.415072198 142.10136018 0.99609375
v 157.014401632 452.881703761 142.3633329 0.99609375
v 157.276530629 444.450780559 142.469991098 0.99609375
v 157.588755253 452.691824329 142.523274681 0.99609375
v 157.728763036 444.295217544 142.988970286 0.99609375
v 157.695959202 452.793736212 142.785359282 0.99609375
v 158.229446207 444.137504714 142.389941533 0.99609375
v 158.240019252 452.412701856 142.152723248 0.99609375
v 158.463737649 444.23376109 142.426008839 0.99609375
v 158.541896778 452.693589821 142.145136183 0.99609375
v 158.694685474 444.063684049 142.374277326 0.99609375
v 158.813380637 452.593363695 142.576737658 0.99609375
v 158.76788519 444.338181768 142.868745835 0.99609375
v 159.170730971 452.77209613 142.568188597 0.99609375
v 159.427522357 444.156667047 142.702583256 0.99609375
v 158.95908729 452.298964441 142.519441615 0.99609375
v 159.281659275 444.719817756 142.240114872 0.99609375
v 159.581380905 452.400596722 142.118775653 0.99609375
v 159.626284269 446.979035276 142.569217125 0.99609375
v 159.530360275 452.280243448 142.161383979 0.99609375
v 159.878843321 448.229585045 142.157516434 0.99609375
v 159.97030111 452.59038959 142.035388556 0.99609375
v 160.23952481 448.740548525 142.959132259 0.99609375
v 160.350187875 452.155499039 142.297036921 0.99609375
v 160.409225768 449.603603159 142.231517527 0.99609375
v 160.623951507 452.22300799 142.828577994 0.99609375
v 147.836892244 444.37706782 143.243950251 0.99609375
v 147.863942002 448.770094149 143.067057406 0.99609375
v 148.415596834 444.437423004 143.055978572 0.99609375
v 148.301904652 450.226992719 142.906064082 0.99609375
v 148.217685113 444.195579564 142.644813573 0.99609375
v 148.527971672 451.265462432 142.916982559 0.99609375
v 148.815501127 444.11040017 142.72559378 0.99609375
v 148.510803252 452.247587687 143.358056038 0.99609375
v 148.781088377 444.238249071 143.258698517 0.99609375
v 148.804824186 452.486213319 143.028067045 0.99609375
v 149.449971847 444.261455506 142.809162831 0.99609375
v 149.52496937 452.329944839 143.147264133 0.99609375
v 149.505038134 444.26108997 142.608048997 0.99609375
v 149.662983939 451.824068681 142.889409028 0.99609375
v 149.768248852 444.369605815 143.218988863 0.99609375
v 149.890517043 451.981568139 142.956773124 0.99609375
v 149.949732814 444.471916523 143.444037643 0.99609375
v 150.280037174 452.385430757 143.10341987 0.99609375
v 150.783119736 444.440973304 142.998022171 0.99609375
v 150.684895767 452.334477064 143.447517868 0.99609375
v 150.863634864 444.042344465 142.877456792 0.99609375
v 150.8955332 452.184158632 142.595395487 0.99609375
v 151.094706489 444.524810253 143.355417259 0.99609375
v 151.322078732 452.377997235 143.240942139 0.99609375
v 151.174900574 444.121178862 143.0446305 0.99609375
v 151.471310391 452.286947091 142.575928182 0.99609375
v 151.697476632 444.535739544 143.442261826 0.99609375
v 151.51753641 452.518725283 142.800005457 0.99609375
v 152.063290204 444.544018663 142.945617841 0.99609375
v 151.856724858 452.412264416 143.336408102 0.99609375
v 152.117381439 444.335019046 142.680846629 0.99609375
v 151.969599777 452.533035594 143.115571952 0.99609375
v 152.752242795 444.454431043 143.358461927 0.99609375
v 152.796611111 452.405595889 143.237247218 0.99609375
v 152.67995377 444.128826936 143.366075798 0.99609375
v 152.763982566 452.1189669 142.998089818 0.99609375
v 153.344112439 444.272013861 142.612113608 0.99609375
v 153.271950498 452.318413032 143.039630305 0.99609375
v 153.640686899 444.566207858 142.909723219 0.99609375
v 153.677529305 452.397334323 143.156909703 0.99609375
v 153.778367279 444.348886104 143.19333414 0.99609375
v 153.698648417 452.413341555 143.115540048 0.99609375
v 154.054271916 444.527383602 142.853935322 0.99609375
v 153.703315434 452.132549141 143.38908915 0.99609375
v 154.023684831 444.261908453 142.612583357 0.99609375
v 154.284914998 452.129352464 143.232833954 0.99609375
v 154.721080838 444.229983775 142.864991918 0.99609375
v 154.689067631 452.469516771 142.572050328 0.99609375
v 154.73782972 444.083453513 142.951152584 0.99609375
v 154.728885538 452.66762943 142.733522438 0.99609375
v 155.038773837 444.267564432 143.160292539 0.99609375
v 154.963636119 452.433328882 143.304624349 0.99609375
v 155.189974043 444.469478509 142.999504683 0.99609375
v 155.421452535 452.521626487 142.778045655 0.99609375
v 155.530259416 444.121808305 142.809777552 0.99609375
v 155.806261637 452.323026873 142.703663603 0.99609375
v 156.146888135 444.009027491 142.680590287 0.99609375
v 156.06254735 452.685130103 142.956594403 0.99609375
v 156.109652647 444.082194998 143.439308591 0.99609375
v 156.368452749 452.809451988 143.265350831 0.99609375
v 156.884811323 444.475452959 143.055489681 0.99609375
v 156.781157582 452.822880717 142.893319747 0.99609375
v 157.102158739 444.214302708 143.057397472 0.99609375
v 156.715603211 452.788935796 142.812155576 0.99609375
v 157.444005765 444.223348121 142.888518641 0.99609375
v 157.106172149 452.725878842 143.144501973 0.99609375
v 157.325093942 444.408037476 142.838910157 0.99609375
v 157.59750755 452.695479538 142.606534134 0.99609375
v 157.873481173 444.476227867 142.670428272 0.99609375
v 158.028675469 453.256630905 142.820392284 0.99609375
v 157.817222156 444.568592568 143.02341838 0.99609375
v 158.104193112 452.955888559 143.377504911 0.99609375
v 158.289812443 444.148495545 143.4473744 0.99609375
v 158.49155191 452.760733923 143.17306033 0.99609375
v 158.633122752 444.173661926 142.63360319 0.99609375
v 158.59692246 453.167500093 142.655959219 0.99609375
v 158.700323627 444.177786695 142.878246522 0.99609375
v 158.790981023 453.253422633 142.770141944 0.99609375
v 159.202001635 446.000437653 142.826941027 0.99609375
v 159.274826739 453.213171508 142.662774347 0.99609375
v 159.782752714 447.834441761 142.709863208 0.99609375
v 159.331048172 452.99172222 142.804292942 0.99609375
v 159.767440699 449.166059382 143.09654579 0.99609375
v 159.751505495 453.087390924 143.105752585 0.99609375
v 160.165249999 449.567935095 142.766993025 0.99609375
v 160.324327083 453.146433644 142.738298478 0.99609375
v 160.417808222 450.349974337 142.868692126 0.99609375
v 160.245834726 453.348480413 142.942054593 0.99609375
v 160.863303231 450.767263616 143.210713204 0.99609375
v 160.885719819 453.25263023 142.528621624 0.99609375
v 161.234446516 452.939479605 143.190365614 0.99609375
v 147.616518714 445.994344133 143.704868857 0.99609375
v 147.654678283 448.19868602 143.34142357 0.99609375
v 147.644691224 444.076165156 143.331737469 0.99609375
v 147.662007581 449.280828737 143.209669557 0.99609375
v 148.398944287 444.000166733 143.841613202 0.99609375
v 148.008329866 450.751058471 143.463666481 0.99609375
v 148.422087925 443.844166787 143.091436761 0.99609375
v 148.229391329 451.419017582 143.166643342 0.99609375
v 148.943715426 443.795774704 143.082372222 0.99609375
v 149.009439797 451.374886814 143.517380206 0.99609375
v 148.971857661 444.275254661 143.258863614 0.99609375
v 149.25233824 451.693434625 143.785858513 0.99609375
v 149.119865955 444.041655739 143.481047724 0.99609375
v 149.18703994 451.259672369 143.228965157 0.99609375
v 149.433430005 444.057729459 143.078172246 0.99609375
v 149.871628552 451.571948333 143.095751644 0.99609375
v 149.737754596 443.742915048 143.842759071 0.99609375
v 150.202261827 451.64899158 143.815130945 0.99609375
v 150.212005486 443.80678348 143.879030532 0.99609375
v 150.419227036 451.436194658 143.905093612 0.99609375
v 150.492137498 443.753379703 143.294130407 0.99609375
v 150.762300256 451.545606715 143.151229291 0.99609375
v 150.804279032 444.098581351 143.112388089 0.99609375
v 150.816996299 451.515813952 143.492175728 0.99609375
v 150.875553377 444.267702976 143.204612449 0.99609375
v 151.36072466 451.380349225 143.307304762 0.99609375
v 151.61376325 443.951004716 143.398863804 0.99609375
v 151.174747543 451.78740611 143.984082771 0.99609375
v 151.747773806 443.948258692 143.700432038 0.99609375
v 151.397218785 451.248234464 143.620132431 0.99609375
v 152.029980432 443.912037946 143.946578776 0.99609375
v 151.838121312 451.74262677 143.870275528 0.99609375
v 152.132899271 444.110476271 143.314176496 0.99609375
v 152.026530607 451.486971309 143.699206004 0.99609375
v 152.331654964 443.849774435 143.675674625 0.99609375
v 152.727823405 451.76546435 143.760540164 0.99609375
v 153.00173852 444.110815984 143.522423155 0.99609375
v 152.910354317 451.329890729 143.919003953 0.99609375
v 153.358401836 444.218905484 143.800375726 0.99609375
v 152.879657247 451.568896639 143.067519139 0.99609375
v 153.618530872 444.198075851 143.007341264 0.99609375
v 153.345076195 451.559471211 143.390385005 0.99609375
v 153.492675926 444.073908157 143.380004212 0.99609375
v 153.808165591 451.644683007 143.998755476 0.99609375
v 154.066126054 443.866020037 143.864042531 0.99609375
v 154.211981417 451.662071577 143.559967701 0.99609375
v 154.215783692 443.955281397 143.44862375 0.99609375
v 154.015504791 452.026753336 143.571870567 0.99609375
v 154.757907693 443.939160724 143.791511912 0.99609375
v 154.768606188 452.214852489 143.085967226 0.99609375
v 155.063383728 444.161051346 143.806654723 0.99609375
v 154.928379076 452.16395137 143.364393803 0.99609375
v 155.316313721 443.822993042 143.903116422 0.99609375
v 155.010804351 451.962178078 143.13436474 0.99609375
v 155.496249782 443.976248741 143.438581499 0.99609375
v 155.705408065 452.546302479 143.203003729 0.99609375
v 155.712499746 443.899543205 143.011339423 0.99609375
v 155.503150538 452.615604132 143.723168923 0.99609375
v 155.787370347 444.163694668 143.002048717 0.99609375
v 155.730254916 452.145881659 143.996461269 0.99609375
v 156.485980169 443.915914253 143.005973623 0.99609375
v 156.392770391 452.506451839 143.368825122 0.99609375
v 156.426986214 443.813160578 143.130153954 0.99609375
v 156.333380212 452.502617393 143.041101273 0.99609375
v 156.682139344 444.119213807 143.600755921 0.99609375
v 156.772023238 452.477274586 143.032455243 0.99609375
v 157.093276276 444.122254882 143.725987859 0.99609375
v 157.198440593 452.488759278 143.818964319 0.99609375
v 157.753391958 444.125325738 143.565903846 0.99609375
v 157.301221105 452.944881385 143.554324957 0.99609375
v 157.646606605 443.940590197 143.388372665 0.99609375
v 157.916281162 452.935182261 143.948498697 0.99609375
v 158.015338254 443.796248695 143.607922624 0.99609375
v 157.779341436 452.531574615 143.287129377 0.99609375
v 158.319064064 444.11854339 143.690440095 0.99609375
v 158.256045136 452.806476373 143.352373549 0.99609375
v 158.732909945 443.761668392 143.207825121 0.99609375
v 158.709897691 452.798854241 143.467700166 0.99609375
v 159.094583262 443.807620297 143.402604623 0.99609375
v 158.76808971 452.749109101 143.608540832 0.99609375
v 159.298417994 449.183712858 143.685425688 0.99609375
v 159.202323065 452.795188575 143.42643688 0.99609375
v 159.725734178 449.803308278 143.721870884 0.99609375
v 159.486498638 453.145117983 143.316314738 0.99609375
v 160.0701513 450.823438767 143.524544781 0.99609375
v 159.995297166 452.954340376 143.839670812 0.99609375
v 159.873732856 451.491963557 143.207915397 0.99609375
v 159.901160833 452.709071881 143.838637531 0.99609375
v 160.4624708 452.033740173 143.96870328 0.99609375
v 160.466886544 452.776003493 143.720954126 0.99609375
v 160.720597327 452.716357753 143.774828157 0.99609375
v 147.552663756 445.459896293 144.377595677 0.99609375
v 147.667867474 448.476334934 144.416826966 0.99609375
v 148.019018187 443.847190544 143.758111942 0.99609375
v 147.692078229 449.549067778 143.76686692 0.99609375
v 148.268352188 443.791162652 143.531171682 0.99609375
v 148.314196788 451.101738636 143.9672896 0.99609375
v 148.30532611 443.982857235 143.901042986 0.99609375
v 148.265265884 451.703276082 144.185723846 0.99609375
v 148.857172377 444.119736923 143.513064769 0.99609375
v 148.771813643 452.379015806 144.377754751 0.99609375
v 149.244581655 444.018629703 143.821017942 0.99609375
v 149.111516745 452.258597687 143.943698078 0.99609375
v 149.526549433 444.306924703 143.675197581 0.99609375
v 149.533720483 451.902529618 144.223011963 0.99609375
v 149.922610529 444.752127305 143.973863488 0.99609375
v 149.508448962 451.90805289 144.409030841 0.99609375
v 150.204393709 444.583154949 143.64393209 0.99609375
v 149.760463868 452.374594877 144.376922998 0.99609375
v 149.931164176 444.664961121 143.585610118 0.99609375
v 150.208520931 452.301889863 144.026620169 0.99609375
v 150.581589936 444.407063757 143.861043583 0.99609375
v 150.28357541 452.151886894 143.988285758 0.99609375
v 150.882869349 444.828974418 143.64009808 0.99609375
v 150.631568097 452.226391556 143.986094928 0.99609375
v 150.894618291 444.589286979 144.352426678 0.99609375
v 151.280240739 452.221034439 143.959030794 0.99609375
v 151.35087146 445.052693657 144.448769625 0.99609375
v 151.491216867 452.602388212 144.186600972 0.99609375
v 151.887258443 444.686351637 143.631062391 0.99609375
v 151.751507159 452.113358058 143.580439432 0.99609375
v 151.739953264 444.985909571 144.055007412 0.99609375
v 152.191433518 452.162782394 143.636612309 0.99609375
v 152.46756369 444.880222228 143.651296234 0.99609375
v 152.338153129 452.896784538 143.652986783 0.99609375
v 152.60250639 444.716818108 143.704883097 0.99609375
v 152.546687627 452.761776014 144.311893907 0.99609375
v 152.972373945 445.045416843 143.850798296 0.99609375
v 152.936002009 452.743034074 144.254892631 0.99609375
v 153.230217073 445.106936249 144.249478122 0.99609375
v 153.004807439 452.828303287 144.19558079 0.99609375
v 153.200216226 445.086410364 144.167283958 0.99609375
v 153.572379328 452.826812315 144.244000158 0.99609375
v 153.817764409 445.067278348 144.237071839 0.99609375
v 153.468791399 452.429995078 144.346149939 0.99609375
v 153.74928658 444.900398743 144.453995275 0.99609375
v 153.969183169 452.426064148 143.868973801 0.99609375
v 154.422390495 444.623556555 143.972776376 0.99609375
v 154.112410673 452.879107101 143.985155752 0.99609375
v 154.412187902 444.632023667 143.580852478 0.99609375
v 154.379920452 452.586153873 143.646037627 0.99609375
v 154.94707596 445.134784441 143.652610813 0.99609375
v 155.055744663 452.92394879 144.089189037 0.99609375
v 155.265216842 444.746730496 144.145975798 0.99609375
v 155.077234541 453.005248022 143.955054791 0.99609375
v 155.703981042 445.127912335 143.613147276 0.99609375
v 155.267256243 452.857650311 143.704571144 0.99609375
v 155.478809327 445.051176583 144.100261043 0.99609375
v 155.675997857 453.03616533 144.094306138 0.99609375
v 155.952353426 444.786113446 143.593027418 0.99609375
v 156.100281578 453.039284261 144.062148858 0.99609375
v 156.483633283 444.649884221 144.225919092 0.99609375
v 156.307124611 452.711460841 144.225604386 0.99609375
v 156.852192288 444.32212828 144.181258003 0.99609375
v 156.85797764 453.241352933 143.646261825 0.99609375
v 156.672051828 444.41561591 143.983532694 0.99609375
v 157.10109489 453.138828254 144.478093697 0.99609375
v 157.371122589 444.003942858 144.439723258 0.99609375
v 157.352043268 453.409082256 143.848155448 0.99609375
v 157.578119527 443.995367777 143.933750005 0.99609375
v 157.671937739 453.176228009 143.811481751 0.99609375
v 157.557419903 444.175714597 143.908930348 0.99609375
v 157.579642684 453.28649007 143.62826146 0.99609375
v 158.173285663 444.429154074 144.205477901 0.99609375
v 158.184976852 453.264078574 143.768876003 0.99609375
v 158.212848304 446.113490531 144.116113862 0.99609375
v 158.431907309 453.037932912 144.448097491 0.99609375
v 158.695293956 447.642605228 144.387758351 0.99609375
v 158.885103636 453.493454389 144.225831082 0.99609375
v 159.135064666 448.660842515 143.901906668 0.99609375
v 159.156815442 453.456852854 143.678960132 0.99609375
v 158.973189786 450.361640836 143.685345965 0.99609375
v 159.022030872 453.380645254 143.729084795 0.99609375
v 159.57220735 451.28179098 143.550356232 0.99609375
v 159.748443013 453.104179816 143.936433153 0.99609375
v 159.635312175 451.918526165 143.908033526 0.99609375
v 159.554627695 453.193839557 144.32719947 0.99609375
v 160.280585096 453.194556786 143.993790142 0.99609375
v 160.552439382 453.571698759 143.829954566 0.99609375
v 147.615212567 445.833309966 144.698255951 0.99609375
v 147.777498211 448.734084718 144.029149753 0.99609375
v 148.118005098 445.723758775 144.592872017 0.99609375
v 147.840213503 449.508107332 144.711142059 0.99609375
v 148.468390408 444.890881039 144.724661608 0.99609375
v 148.082458766 451.075429302 144.886541146 0.99609375
v 148.715035879 444.78833886 144.707718544 0.99609375
v 148.548462807 451.987420457 144.763314965 0.99609375
v 148.546579075 445.202028264 144.414776448 0.99609375
v 148.665879233 451.968149293 144.804575246 0.99609375
v 148.872728649 445.030941416 144.921327659 0.99609375
v 148.952066162 452.948541731 144.499028236 0.99609375
v 149.463801222 444.979228189 144.820932645 0.99609375
v 149.452407766 452.788875091 144.066142165 0.99609375
v 149.875115785 445.384656361 144.755303012 0.99609375
v 149.371524608 453.007195673 144.555075686 0.99609375
v 149.725074186 445.19647473 144.012056569 0.99609375
v 149.688189575 453.621644913 144.849552469 0.99609375
v 150.31035626 445.334889509 144.494150441 0.99609375
v 150.113565882 453.72193051 144.31279367 0.99609375
v 150.291646744 445.838552255 144.95243719 0.99609375
v 150.474651093 453.640744533 144.536245388 0.99609375
v 150.580425787 445.917081139 144.544913812 0.99609375
v 151.08776628 453.774136029 144.766318146 0.99609375
v 151.322912576 445.790744582 144.105516414 0.99609375
v 151.150453668 453.97259538 144.198734911 0.99609375
v 151.387032288 445.553276468 144.760967336 0.99609375
v 151.130039515 453.790421671 144.069754093 0.99609375
v 151.957562084 445.829474588 144.993545966 0.99609375
v 151.454605479 454.134469597 144.782780247 0.99609375
v 151.981506176 445.450509187 144.605824111 0.99609375
v 151.88388235 454.066227467 144.723623803 0.99609375
v 152.079944599 445.714384597 144.652407101 0.99609375
v 152.432863191 453.900220039 144.837781902 0.99609375
v 152.606024166 445.856707065 144.108558887 0.99609375
v 152.542592778 453.943882933 144.170733534 0.99609375
v 152.641518357 445.468264955 144.004904817 0.99609375
v 152.938204085 453.632460028 144.806644 0.99609375
v 153.357551235 445.926193174 144.551108437 0.99609375
v 153.079248195 453.853068518 144.792688213 0.99609375
v 153.670538158 445.701317523 144.561073168 0.99609375
v 153.686512188 453.956120833 144.764970822 0.99609375
v 153.669769447 445.611682081 144.072263952 0.99609375
v 153.669216582 454.118185891 144.445132546 0.99609375
v 154.249473859 445.612021962 144.124436983 0.99609375
v 154.152192174 453.884280908 144.153585164 0.99609375
v 154.090436212 446.263911602 144.897810564 0.99609375
v 154.133226789 454.074338966 144.146967122 0.99609375
v 154.712905904 446.239664601 144.402731459 0.99609375
v 154.528885092 453.923208582 144.264756146 0.99609375
v 155.10074575 445.869481359 144.778260748 0.99609375
v 154.617667798 453.926386313 144.020378169 0.99609375
v 154.997487285 446.229168756 144.092421336 0.99609375
v 154.924446814 454.360622419 144.033470044 0.99609375
v 155.705267277 446.163048648 144.802604852 0.99609375
v 155.568498627 454.536105251 144.752852324 0.99609375
v 155.849567884 446.176898401 144.534618039 0.99609375
v 155.834474988 454.185800912 144.56538492 0.99609375
v 155.920199936 445.965004587 144.55322245 0.99609375
v 156.185383575 454.642091695 144.245882541 0.99609375
v 156.250800096 445.617879056 144.12990212 0.99609375
v 156.391302739 454.294209794 144.263328184 0.99609375
v 156.749060049 445.663883406 144.138009366 0.99609375
v 156.762865334 454.438264409 144.06101734 0.99609375
v 157.068046413 445.851286766 144.001388924 0.99609375
v 156.73261605 454.827895113 144.536095735 0.99609375
v 156.918087927 445.317770439 144.930941129 0.99609375
v 157.200286277 454.545598814 144.480643699 0.99609375
v 157.304602067 445.643199302 144.075522559 0.99609375
v 157.693595357 454.43931973 144.576124528 0.99609375
v 158.004210957 445.007351321 144.14224384 0.99609375
v 157.471607577 455.004443197 144.497790559 0.99609375
v 157.844016406 446.249315139 144.841138378 0.99609375
v 157.804639748 454.992693197 144.214950741 0.99609375
v 158.555658667 447.322797618 144.419458079 0.99609375
v 158.458594974 454.857798724 144.570314257 0.99609375
v 158.777560152 448.432513225 144.803271099 0.99609375
v 158.839127521 454.653362968 144.657871635 0.99609375
v 159.161711405 450.05765273 144.168646947 0.99609375
v 159.0141387 454.696891323 144.055887116 0.99609375
v 159.478135 450.513946295 144.089847681 0.99609375
v 159.16890265 454.588333301 144.247770934 0.99609375
v 159.330718447 451.332917188 144.217358019 0.99609375
v 159.481609485 454.827109477 144.822403066 0.99609375
v 160.060986575 452.968025612 144.786221328 0.99609375
v 159.840213222 454.948106731 144.859800511 0.99609375
v 147.631193664 446.684371562 145.009094479 0.99609375
v 147.443125532 447.778750415 145.263437294 0.99609375
v 147.686692308 445.779554553 144.908997346 0.99609375
v 148.183501094 448.878027933 144.787691061 0.99609375
v 148.062903762 445.909556043 144.501694328 0.99609375
v 148.019316831 450.482304096 145.103448414 0.99609375
v 148.21466549 445.233780214 144.634666822 0.99609375
v 148.714091548 451.300246756 144.797162758 0.99609375
v 148.491732246 445.847749719 144.685803807 0.99609375
v 148.910181384 452.158235934 144.731806848 0.99609375
v 149.189392768 445.554570171 144.651157959 0.99609375
v 149.075519016 452.563064153 145.073170202 0.99609375
v 149.363995117 445.892008618 144.615306683 0.99609375
v 149.376201202 452.695938904 145.289316553 0.99609375
v 149.639698533 446.251151667 144.685405282 0.99609375
v 149.700228329 453.15574034 145.472699827 0.99609375
v 149.749915613 446.026562986 145.21472282 0.99609375
v 150.168629877 453.492709034 145.428931537 0.99609375
v 150.048738016 445.760801718 145.260628738 0.99609375
v 150.41309636 454.066892336 144.646340632 0.99609375
v 150.33401847 446.09585583 144.718247771 0.99609375
v 150.281524682 453.807880547 144.89712846 0.99609375
v 150.647244029 446.251458977 145.172209677 0.99609375
v 150.71675012 453.987550556 144.873298966 0.99609375
v 151.038537388 446.399624994 144.719887984 0.99609375
v 151.286861273 453.898380597 144.743587544 0.99609375
v 151.262468285 446.024849537 144.554457067 0.99609375
v 151.327867818 453.836745954 144.986229204 0.99609375
v 151.591268489 446.318312972 144.577744779 0.99609375
v 151.939121763 453.907644502 144.886759772 0.99609375
v 151.780620901 446.500197868 145.265687282 0.99609375
v 151.702486821 453.902989174 145.44123724 0.99609375
v 152.005098321 446.174354182 145.44446256 0.99609375
v 152.042620825 454.227156743 144.89150965 0.99609375
v 152.315199705 446.185800627 145.255641577 0.99609375
v 152.694753173 454.133409898 145.095320934 0.99609375
v 152.636097341 446.330968277 144.872572411 0.99609375
v 153.115391223 454.544941555 145.334917152 0.99609375
v 153.199632102 446.491530564 144.658204765 0.99609375
v 153.025364342 454.643385963 145.092025863 0.99609375
v 153.676942284 446.794133396 144.861940302 0.99609375
v 153.542590498 454.413573366 144.879012455 0.99609375
v 153.437216624 446.415633722 145.17319186 0.99609375
v 153.778081467 454.51747858 144.541178922 0.99609375
v 153.790275914 446.671575509 145.09651 0.99609375
v 154.074534071 454.551064576 145.124800737 0.99609375
v 154.309992557 446.467996296 144.623940787 0.99609375
v 154.457472002 454.357437398 145.06700829 0.99609375
v 154.755172577 446.529938583 145.111199296 0.99609375
v 154.364853478 454.563980067 145.118416878 0.99609375
v 154.960904348 446.637527171 145.414101258 0.99609375
v 154.869483758 454.507790201 144.708050185 0.99609375
v 155.13578859 446.710704733 144.501296594 0.99609375
v 155.354648366 454.509600985 145.179455951 0.99609375
v 155.455811715 446.647283011 144.96656515 0.99609375
v 155.20659343 454.198952502 144.554108148 0.99609375
v 155.508792933 446.845678371 144.558678909 0.99609375
v 155.637032759 454.329226843 145.091478152 0.99609375
v 156.048794555 446.838836665 144.569655032 0.99609375
v 156.000771508 454.301797995 144.996016351 0.99609375
v 156.182086767 446.622658543 145.315462184 0.99609375
v 156.183774496 454.631853819 144.681715271 0.99609375
v 156.412449578 446.415240254 144.551624319 0.99609375
v 156.429600737 454.412115989 145.429828595 0.99609375
v 156.842635929 446.482221053 145.292739185 0.99609375
v 156.85305713 454.169237423 144.844291248 0.99609375
v 157.358606516 446.504962383 145.022066043 0.99609375
v 157.145162933 454.145384523 145.308640037 0.99609375
v 157.219476968 446.096238222 144.55226675 0.99609375
v 157.244996583 454.696710197 144.60869021 0.99609375
v 158.001098311 446.234376876 144.705858118 0.99609375
v 157.496784844 454.215575595 145.059796983 0.99609375
v 157.902944612 446.995925499 145.02499066 0.99609375
v 157.903292353 454.463239447 145.257448577 0.99609375
v 158.249365588 447.676622733 144.658521976 0.99609375
v 158.515716706 454.936440735 145.041100076 0.99609375
v 158.376496901 449.03026653 145.031935525 0.99609375
v 158.593914595 454.928463758 144.762590771 0.99609375
v 158.905405262 449.908321446 145.379468776 0.99609375
v 158.959733535 454.49553121 144.900875802 0.99609375
v 159.346354851 451.540653794 145.288229253 0.99609375
v 159.312357876 454.781789606 144.615215506 0.99609375
v 159.324125251 452.834201383 144.894258069 0.99609375
v 159.234797168 454.855119938 145.065828422 0.99609375
v 159.581703046 454.078998637 145.201247043 0.99609375
v 159.838583752 454.937113443 145.260117009 0.99609375
v 147.767715056 446.986493912 145.492206495 0.99609375
v 147.616727449 447.70223522 145.860840682 0.99609375
v 148.128425668 446.117235314 145.082854728 0.99609375
v 148.213235817 449.324617761 145.862278105 0.99609375
v 148.376142734 445.932757989 145.808203543 0.99609375
v 148.312188685 450.733026299 145.681736001 0.99609375
v 148.769616727 445.973921995 145.098216645 0.99609375
v 148.681899368 451.259319171 145.086624299 0.99609375
v 148.833496252 446.072689889 145.989644994 0.99609375
v 149.307408264 452.359444512 145.030341964 0.99609375
v 149.514267205 446.205632959 145.060473838 0.99609375
v 149.441341265 452.926579538 145.374949453 0.99609375
v 149.587675299 446.409713733 145.722319797 0.99609375
v 149.624074193 452.715321164 145.229152148 0.99609375
v 149.64262832 446.811141233 145.275993326 0.99609375
v 149.70817707 453.735471658 145.689765774 0.99609375
v 150.191998718 446.571258479 145.835010309 0.99609375
v 150.476502637 453.578351219 145.508173187 0.99609375
v 150.398393461 446.313547964 145.480071084 0.99609375
v 150.533409873 453.280116752 145.556451208 0.99609375
v 150.592086848 446.732326064 145.867350267 0.99609375
v 150.751399952 453.349768403 145.464041129 0.99609375
v 151.145894445 446.62623852 145.321291877 0.99609375
v 150.947154236 453.443579515 145.625405368 0.99609375
v 151.307062662 446.668131341 145.637664525 0.99609375
v 151.132688058 453.332818619 145.857652584 0.99609375
v 151.453631177 447.061252159 145.3178509 0.99609375
v 151.55789034 453.351390941 145.453343417 0.99609375
v 151.887785755 446.704495174 145.692974211 0.99609375
v 151.739373826 454.018296012 145.075637742 0.99609375
v 152.140916992 447.019799792 145.657074541 0.99609375
v 152.285471498 453.994850362 145.234234312 0.99609375
v 152.696891477 446.901493905 145.210836606 0.99609375
v 152.711408228 453.73985065 145.711313129 0.99609375
v 153.058937342 446.781790781 145.773064222 0.99609375
v 152.544061381 453.593906023 145.8981022 0.99609375
v 152.883553603 446.962273184 145.801212431 0.99609375
v 153.065308766 453.569454742 145.400422818 0.99609375
v 153.158588121 446.613384843 145.711494602 0.99609375
v 153.307159461 454.086871242 145.71970634 0.99609375
v 153.50977797 447.071226673 145.880575329 0.99609375
v 153.706248098 453.621028826 145.741800262 0.99609375
v 153.789839992 447.227350754 145.510440082 0.99609375
v 154.193508867 454.040037694 145.436734499 0.99609375
v 154.351118061 446.927123898 145.618501586 0.99609375
v 154.140910639 453.807961452 145.294641457 0.99609375
v 154.808200244 447.085147937 145.548888417 0.99609375
v 154.454471895 453.848138237 145.215219022 0.99609375
v 155.088083209 447.019176289 145.977725424 0.99609375
v 154.751438335 454.001903825 145.626923108 0.99609375
v 155.077796733 447.414787333 145.735860534 0.99609375
v 155.147152686 453.993041266 145.658211259 0.99609375
v 155.496293376 447.12058511 145.981692115 0.99609375
v 155.514290816 454.494989939 145.547862547 0.99609375
v 155.727200763 447.109630242 145.804613548 0.99609375
v 155.490088288 454.293099773 145.522059336 0.99609375
v 156.202637503 447.106190376 145.755590628 0.99609375
v 155.772171104 454.266018013 145.66876889 0.99609375
v 156.266893819 447.466340425 145.6390946 0.99609375
v 156.129021375 454.693458532 145.99800638 0.99609375
v 156.318779487 447.018695627 145.715461997 0.99609375
v 156.445265486 454.634074569 145.385416872 0.99609375
v 157.0353351 447.12541867 145.8088835 0.99609375
v 156.742681899 454.164858527 145.401580966 0.99609375
v 157.312883681 447.147018903 145.958666942 0.99609375
v 157.096421116 454.282756153 145.938962369 0.99609375
v 157.624973811 446.811321294 145.154584774 0.99609375
v 157.696475532 454.362144012 145.412964719 0.99609375
v 157.934077167 447.099643914 145.315622766 0.99609375
v 157.890691985 454.483178044 145.026689381 0.99609375
v 157.813810442 446.931218506 145.535309263 0.99609375
v 157.891111082 454.373796335 145.011260248 0.99609375
v 158.487165224 448.035486677 145.717244488 0.99609375
v 158.47606847 454.557776844 145.764575069 0.99609375
v 158.542870504 449.375661995 145.807407148 0.99609375
v 158.600328409 454.660493265 145.675286153 0.99609375
v 159.182427774 451.138552129 145.756948804 0.99609375
v 158.692435983 454.474436411 145.867076641 0.99609375
v 159.493030396 452.328006816 145.370899005 0.99609375
v 159.270747283 454.45213005 145.626248779 0.99609375
v 159.485510559 453.957745082 145.054581266 0.99609375
v 159.626022717 454.562708287 145.312065255 0.99609375
v 148.38692666 446.437716378 145.852670375 0.99609375
v 148.430426647 449.132456621 146.188575808 0.99609375
v 148.785247392 446.651180993 146.068350169 0.99609375
v 148.842986141 451.354262127 146.387877399 0.99609375
v 149.293333907 447.015193676 145.75155676 0.99609375
v 149.174792634 452.301796461 145.54917487 0.99609375
v 149.245702058 447.159753997 145.987631292 0.99609375
v 149.161658814 452.584074481 145.507174762 0.99609375
v 149.538518531 447.080156191 145.965204153 0.99609375
v 149.599906386 453.141287085 145.731941224 0.99609375
v 149.802797051 447.051841034 145.674698245 0.99609375
v 150.130186945 453.49620744 146.066921458 0.99609375
v 150.013965767 447.028487255 145.865186483 0.99609375
v 149.931340242 453.398394039 146.478380277 0.99609375
v 150.471238216 447.051528535 145.976539112 0.99609375
v 150.301422156 454.139681305 145.88470795 0.99609375
v 150.672136478 447.2569134 146.285799852 0.99609375
v 150.522250627 454.471812239 146.151712894 0.99609375
v 150.852007088 447.428430597 145.735329643 0.99609375
v 150.836998329 454.665669591 145.822169807 0.99609375
v 151.488433359 447.632122863 145.708808198 0.99609375
v 151.627586395 454.481505749 145.866445217 0.99609375
v 151.727944446 447.439152627 145.954383486 0.99609375
v 151.694092836 454.444125751 145.555772675 0.99609375
v 151.937016278 447.192389229 145.510647612 0.99609375
v 151.867987286 454.596313655 145.521588021 0.99609375
v 152.190944255 447.404467783 145.986896181 0.99609375
v 152.005907177 454.675478675 146.190172648 0.99609375
v 152.728337823 447.412481091 146.177326557 0.99609375
v 152.564192809 454.511110461 146.49977254 0.99609375
v 152.913384095 447.222572663 146.105958746 0.99609375
v 153.05934936 454.523871265 146.169944715 0.99609375
v 153.246874025 447.288012555 146.287370059 0.99609375
v 152.914446393 454.636122391 145.506407814 0.99609375
v 153.260308249 447.180303468 145.656453424 0.99609375
v 153.163247537 454.619219758 146.159331247 0.99609375
v 153.710739739 447.644827278 146.304210564 0.99609375
v 153.915841602 454.782879858 145.906625073 0.99609375
v 153.713273241 447.253677611 146.369194502 0.99609375
v 154.190517076 454.618234655 146.014569545 0.99609375
v 154.170533684 447.661633169 146.300127376 0.99609375
v 154.381461323 454.841084977 145.62927036 0.99609375
v 154.568910097 447.62746268 145.516222092 0.99609375
v 154.851607495 454.978996115 146.210494015 0.99609375
v 155.050445227 447.664212941 146.310643464 0.99609375
v 154.990540978 454.798344727 145.824710065 0.99609375
v 155.38916132 447.81920716 146.432147049 0.99609375
v 155.360275257 454.498901378 146.153181659 0.99609375
v 155.418605872 447.638333154 145.64607303 0.99609375
v 155.592843977 454.866113543 145.503443241 0.99609375
v 155.586202907 447.67790731 145.661235263 0.99609375
v 155.738080806 455.273973215 146.182875429 0.99609375
v 155.889075041 447.40870351 146.116454259 0.99609375
v 156.205064188 454.83502545 146.162244657 0.99609375
v 156.447863274 447.684753806 146.460577423 0.99609375
v 156.42165103 455.099451558 145.646966025 0.99609375
v 156.440774639 447.516431119 146.241414194 0.99609375
v 156.524719992 454.869414845 145.762278108 0.99609375
v 156.642063689 447.310834482 145.607793441 0.99609375
v 156.854826778 454.762481138 145.616704052 0.99609375
v 157.052895409 447.662398781 146.202050923 0.99609375
v 157.309428232 454.884360046 146.095397542 0.99609375
v 157.588675646 447.639669613 145.832324365 0.99609375
v 157.462636088 455.226491903 145.646810753 0.99609375
v 157.871033542 447.687154467 146.466948604 0.99609375
v 157.666432245 454.951270844 145.566295369 0.99609375
v 158.103067756 447.511809122 145.513857454 0.99609375
v 157.85824299 455.177514752 145.558125246 0.99609375
v 158.403919746 448.430832289 146.064309192 0.99609375
v 158.432076302 454.990143663 145.869443945 0.99609375
v 158.509770636 449.399466141 145.796069167 0.99609375
v 158.733413456 454.754930377 146.165653731 0.99609375
v 159.053740674 450.732702806 145.826421674 0.99609375
v 159.095743925 455.001130804 145.556534331 0.99609375
v 159.342586976 452.749702372 146.077113594 0.99609375
v 159.071497435 454.810706232 145.99132333 0.99609375
v 159.482384626 455.045402596 145.938347113 0.99609375
v 148.902452141 447.076958304 146.35731168 0.99609375
v 148.811329577 450.254124296 146.800301272 0.99609375
v 149.146731865 447.440668595 146.914820998 0.99609375
v 148.95670936 451.601620913 146.782369633 0.99609375
v 149.332725748 447.745312316 146.026799391 0.99609375
v 149.135412208 452.528012692 146.148347066 0.99609375
v 149.528901946 447.716202424 146.196016781 0.99609375
v 149.379975172 453.133474889 146.057385149 0.99609375
v 150.199917357 447.909742114 146.356597991 0.99609375
v 150.165809582 453.428152143 146.680494682 0.99609375
v 150.482189431 447.887017693 146.923651341 0.99609375
v 149.945303277 454.002979467 146.868445037 0.99609375
v 150.669557463 447.484285488 146.547635598 0.99609375
v 150.554862487 454.356191922 146.091263078 0.99609375
v 150.807239023 447.724699229 146.646567104 0.99609375
v 150.999213985 454.662448762 146.572989339 0.99609375
v 151.16049525 447.765768436 146.188920353 0.99609375
v 150.889738939 454.145530977 146.193297332 0.99609375
v 151.376148089 447.903057472 146.297626755 0.99609375
v 151.492404509 454.304572919 146.156047334 0.99609375
v 151.959784353 447.973061689 146.07191517 0.99609375
v 151.6003065 454.735770005 146.496946618 0.99609375
v 151.925659994 448.217601186 146.49334143 0.99609375
v 151.705253493 454.791736037 146.472509755 0.99609375
v 152.144049045 447.86170504 146.332764242 0.99609375
v 152.394979902 454.834357031 146.515603564 0.99609375
v 152.307270439 448.130698624 146.881632595 0.99609375
v 152.328907322 454.89677392 146.446999162 0.99609375
v 153.094258974 448.040336832 146.341020871 0.99609375
v 152.888021795 454.822809679 146.303580557 0.99609375
v 153.086836589 447.812087873 146.55717127 0.99609375
v 153.049871317 454.50127138 146.977999973 0.99609375
v 153.345017281 447.829052868 146.864145468 0.99609375
v 153.203339848 454.567288091 146.875488197 0.99609375
v 153.955640001 448.178985881 146.555568375 0.99609375
v 153.806922185 454.527728946 146.831295651 0.99609375
v 153.989853078 447.903726227 146.396483905 0.99609375
v 153.726821961 454.640575387 146.799936648 0.99609375
v 154.223830215 448.053294394 146.378199095 0.99609375
v 154.264691691 454.82443856 146.553650934 0.99609375
v 154.787065931 448.257082836 146.317099854 0.99609375
v 154.516828321 454.622180351 146.118266047 0.99609375
v 154.940106476 448.024447487 146.582297952 0.99609375
v 154.76946422 454.87594097 146.181791478 0.99609375
v 155.143056198 447.866765608 146.247535092 0.99609375
v 155.381783318 454.895789122 146.832947035 0.99609375
v 155.492506588 447.97300503 146.460826086 0.99609375
v 155.152296115 454.69644517 146.86199085 0.99609375
v 155.828037981 448.264555319 146.831667471 0.99609375
v 155.461140855 454.705529984 146.159712475 0.99609375
v 155.923389834 447.77230859 146.855292694 0.99609375
v 155.960337212 454.591896891 146.868487147 0.99609375
v 156.596385901 448.116343058 146.046284722 0.99609375
v 156.402438961 454.991321417 146.612812373 0.99609375
v 156.856075193 447.764954758 146.728033498 0.99609375
v 156.780033875 454.547812445 146.830555288 0.99609375
v 156.638411365 447.875555154 146.391000718 0.99609375
v 156.729589823 454.221527582 146.65807077 0.99609375
v 156.978924728 448.048933628 146.904833086 0.99609375
v 157.34837081 454.606745861 146.856904706 0.99609375
v 157.617854172 447.830844051 146.67594504 0.99609375
v 157.634776485 454.652156983 146.849308387 0.99609375
v 157.729566048 447.877598206 146.796794135 0.99609375
v 157.484188356 454.523684222 146.523912947 0.99609375
v 158.00448673 448.199365793 146.786351002 0.99609375
v 157.779419542 454.141251403 146.131680686 0.99609375
v 158.121247731 448.776098264 146.670729525 0.99609375
v 158.411269952 454.249343445 146.512579053 0.99609375
v 158.363805219 449.423989493 146.123514512 0.99609375
v 158.916153355 454.510136616 146.864707415 0.99609375
v 158.734497025 450.93165679 146.98108102 0.99609375
v 158.749169832 454.190085832 146.499788949 0.99609375
v 159.401506437 452.912458607 146.83879501 0.99609375
v 159.408631878 454.178282219 146.723290641 0.99609375
v 149.251655999 447.965700514 146.738394059 0.99609375
v 149.293326456 451.411681093 146.526573675 0.99609375
v 149.107527508 447.923504344 146.587142959 0.99609375
v 149.279469354 452.454814358 147.116141434 0.99609375
v 149.707669933 448.162441566 147.304134254 0.99609375
v 149.66980034 453.148120751 147.023304058 0.99609375
v 150.052166441 448.370446965 146.558044049 0.99609375
v 150.100206727 453.071617296 147.117163208 0.99609375
v 149.933665279 448.446290905 146.564371122 0.99609375
v 149.995483705 454.087242727 146.766141272 0.99609375
v 150.714537918 448.622308815 147.122972401 0.99609375
v 150.264546465 454.167050729 146.876219902 0.99609375
v 150.781119907 448.322280354 146.964446751 0.99609375
v 151.076869004 454.665761108 147.48582229 0.99609375
v 150.999052543 448.137215742 147.484129325 0.99609375
v 151.151788147 454.652429979 147.37182314 0.99609375
v 151.142407491 448.138343025 147.255685158 0.99609375
v 151.452949388 454.691136879 146.526539639 0.99609375
v 151.958207022 448.594351854 147.025274407 0.99609375
v 151.792832364 454.482629536 146.928893533 0.99609375
v 152.177788961 448.270999242 147.374948317 0.99609375
v 152.222811753 454.303795428 146.918973156 0.99609375
v 152.489522196 448.593532064 147.446381961 0.99609375
v 152.286176207 454.304325881 147.356192833 0.99609375
v 152.497983834 448.614892478 147.300238113 0.99609375
v 152.770812647 454.565181442 147.114618503 0.99609375
v 153.109952453 448.481018566 146.527064295 0.99609375
v 152.685635911 454.263847805 147.328239865 0.99609375
v 153.333919931 448.436044596 146.75052332 0.99609375
v 153.267383471 454.635251351 147.097955176 0.99609375
v 153.51334804 448.426673523 147.352947186 0.99609375
v 153.452142866 454.368635148 146.642861985 0.99609375
v 153.831027392 448.895366607 146.916205096 0.99609375
v 153.516558756 454.435241219 146.727025402 0.99609375
v 153.76802697 448.864477911 147.302558133 0.99609375
v 153.899973779 454.710623304 146.558360722 0.99609375
v 154.187889392 448.702996167 146.8785119 0.99609375
v 154.413624666 454.497623954 147.03804085 0.99609375
v 154.346461051 448.45820341 147.357061715 0.99609375
v 154.724507011 454.884451589 147.240890945 0.99609375
v 154.755613191 448.758287937 146.547766839 0.99609375
v 155.064339303 454.440916954 147.330092025 0.99609375
v 155.069503133 448.86382904 146.570637364 0.99609375
v 155.399021229 454.844473895 146.806969613 0.99609375
v 155.363575527 448.814807566 147.340746789 0.99609375
v 155.341035566 454.558697843 147.380472857 0.99609375
v 155.908223081 448.427620847 146.77110269 0.99609375
v 155.575181823 454.751983851 146.596744284 0.99609375
v 156.235211078 448.51899088 147.314608248 0.99609375
v 155.847518703 455.094579653 147.041765041 0.99609375
v 156.296498249 448.622403622 146.778226904 0.99609375
v 156.425600201 455.075555268 146.974645383 0.99609375
v 156.756079444 448.743301871 147.43518337 0.99609375
v 156.543984968 454.809605064 146.669567472 0.99609375
v 156.812206266 448.681743133 146.874800684 0.99609375
v 156.94922416 455.127493943 146.941767837 0.99609375
v 157.244364452 448.571624576 147.288838145 0.99609375
v 157.443962182 455.293021469 146.787457032 0.99609375
v 157.355300508 448.639983352 146.74696189 0.99609375
v 157.380896008 455.298854631 147.09758359 0.99609375
v 157.946394642 448.758579233 146.976754157 0.99609375
v 157.86669247 454.77829016 147.411268718 0.99609375
v 158.241127923 448.585011812 146.549696082 0.99609375
v 158.307132478 455.266708476 146.706242017 0.99609375
v 158.48038158 448.709369372 147.448750077 0.99609375
v 158.121598233 454.929438811 146.89996225 0.99609375
v 158.751851427 449.230539222 146.552165209 0.99609375
v 158.466383833 455.063100138 146.748904373 0.99609375
v 158.882208083 450.645723379 147.153174848 0.99609375
v 158.84157944 455.416943967 147.489276035 0.99609375
v 158.943334544 451.791558018 147.139378847 0.99609375
v 159.264262963 454.803745498 146.933116795 0.99609375
v 149.243129745 449.939388772 147.716250452 0.99609375
v 149.26721424 450.695835308 147.233181525 0.99609375
v 149.32277867 448.590800916 147.855291047 0.99609375
v 149.631328266 452.004777234 147.703921825 0.99609375
v 149.802077666 448.761987747 147.514192312 0.99609375
v 149.858508001 452.738903808 147.39902431 0.99609375
v 149.994082076 448.617178682 147.400327073 0.99609375
v 150.066532348 453.471716659 147.715499128 0.99609375
v 150.378602791 448.620265378 147.494399952 0.99609375
v 150.49547286 453.692835794 147.762290305 0.99609375
v 150.608428921 448.868425991 147.277855757 0.99609375
v 150.371695656 454.205505553 147.002871261 0.99609375
v 150.828542774 448.728731532 147.817865889 0.99609375
v 150.939399201 453.887830491 147.84773178 0.99609375
v 151.283065007 448.698014525 147.128403584 0.99609375
v 151.141385246 453.865997899 147.654718477 0.99609375
v 151.199988005 448.954652765 147.636118149 0.99609375
v 151.40971105 453.861387489 147.076186592 0.99609375
v 151.839442942 448.959799608 147.862781891 0.99609375
v 151.517260734 453.978210275 147.342495035 0.99609375
v 151.719507501 449.110639651 147.09072651 0.99609375
v 151.807017352 454.401989399 147.243079301 0.99609375
v 152.078470304 448.864907966 147.766456649 0.99609375
v 152.495411514 454.635040987 147.773051145 0.99609375
v 152.629262199 449.103805314 147.057129339 0.99609375
v 152.338916994 454.540446346 147.683639599 0.99609375
v 152.726482838 448.777699739 147.860024795 0.99609375
v 152.60411806 454.377617255 147.229015391 0.99609375
v 152.882090947 448.918311549 147.74736918 0.99609375
v 153.091924084 454.156544125 147.688727095 0.99609375
v 153.437002043 449.180666374 147.251337373 0.99609375
v 153.135117155 454.366477595 147.127893599 0.99609375
v 153.575475839 448.981550635 147.229194877 0.99609375
v 153.874626834 454.27339931 147.322774921 0.99609375
v 153.929438265 448.965706918 147.51596342 0.99609375
v 153.855046447 454.345182147 147.322484841 0.99609375
v 154.142022416 449.209890709 147.014128147 0.99609375
v 154.531930849 454.368108776 147.185565056 0.99609375
v 154.617372023 449.140035844 147.365696293 0.99609375
v 154.821074753 454.410078007 147.500148329 0.99609375
v 154.841699855 449.02000376 147.683273584 0.99609375
v 154.734491077 454.391229549 147.587003951 0.99609375
v 155.42291845 449.40504793 147.834408944 0.99609375
v 155.019131972 454.349023377 147.263460814 0.99609375
v 155.66439546 449.448138778 147.900428636 0.99609375
v 155.274031452 454.175218166 147.901757437 0.99609375
v 155.948302787 449.217593921 147.312441105 0.99609375
v 155.719655295 454.250852799 147.937680161 0.99609375
v 155.894957805 449.221943054 147.219186914 0.99609375
v 156.290387949 454.953592502 147.230988124 0.99609375
v 156.061848014 448.948523289 147.918063217 0.99609375
v 156.425680051 454.961585597 147.245770309 0.99609375
v 156.433075407 448.945965899 147.983565045 0.99609375
v 156.425580733 454.576809945 147.405782302 0.99609375
v 157.014357768 449.12988195 147.042388944 0.99609375
v 157.062021661 454.706484459 147.547487812 0.99609375
v 157.058731703 448.771509426 147.935732218 0.99609375
v 157.306988855 454.545206303 147.243884036 0.99609375
v 157.739155251 449.008758147 147.555132531 0.99609375
v 157.292923439 454.455838179 147.632662974 0.99609375
v 157.66347412 448.937722978 147.766891965 0.99609375
v 157.663288637 454.995950991 147.280130957 0.99609375
v 157.90458264 448.807794798 147.531742645 0.99609375
v 158.093929641 454.800526909 147.941685173 0.99609375
v 158.22867985 448.960638331 147.986727909 0.99609375
v 158.301681637 455.112928638 147.167847393 0.99609375
v 158.662539983 449.350998726 147.39363933 0.99609375
v 158.737105777 455.094082053 147.628556612 0.99609375
v 158.731524669 450.105042404 147.538999045 0.99609375
v 158.729382474 454.977244078 147.71131419 0.99609375
v 159.457737423 451.029718276 147.920613242 0.99609375
v 159.042921818 455.143474702 147.831021905 0.99609375
v 159.735694561 452.68283475 147.890059905 0.99609375
v 159.469305822 455.309887545 147.339775338 0.99609375
v 149.402603339 449.387452489 147.560282811 0.99609375
v 149.633567758 452.3432602 147.803911247 0.99609375
v 149.836777347 449.371531914 147.630440319 0.99609375
v 149.734876344 452.765418608 147.811179519 0.99609375
v 149.765871955 449.137010554 147.701320139 0.99609375
v 150.138685478 453.749755071 148.167489161 0.99609375
v 150.216842462 449.370046272 147.732879243 0.99609375
v 150.477360994 454.418423595 148.173643663 0.99609375
v 150.729879443 449.056814101 147.923161964 0.99609375
v 150.735868121 454.671090899 147.738510744 0.99609375
v 151.048013833 449.051132388 148.02019648 0.99609375
v 150.826458369 454.493824252 148.398091623 0.99609375
v 151.220281031 448.936515067 148.175122837 0.99609375
v 151.145974995 454.41472964 147.887760691 0.99609375
v 151.254259552 449.037825618 147.55663633 0.99609375
v 151.17691024 454.587600627 148.485664551 0.99609375
v 151.473425822 448.963193814 148.096122258 0.99609375
v 151.712750117 454.222895195 148.48496553 0.99609375
v 152.110059141 448.94522932 147.665144038 0.99609375
v 151.901411653 454.43877105 148.388380163 0.99609375
v 152.49304367 449.338748738 148.335693892 0.99609375
v 152.459315848 454.55120267 148.417805266 0.99609375
v 152.711969309 449.399716747 148.287329942 0.99609375
v 152.745452182 454.208467604 147.55479585 0.99609375
v 152.63104662 449.746321649 148.423788202 0.99609375
v 152.835805737 454.232788761 148.277737061 0.99609375
v 153.406808887 449.647013493 147.642613948 0.99609375
v 153.160560103 454.515217643 147.819930048 0.99609375
v 153.151815628 449.350556182 147.875562081 0.99609375
v 153.225356549 454.667637194 148.044858378 0.99609375
v 153.443013856 449.561387548 147.836185686 0.99609375
v 153.670832579 454.162874357 148.248399222 0.99609375
v 154.117164427 449.489222575 148.049329958 0.99609375
v 154.236698402 454.221464867 147.611879192 0.99609375
v 154.427475953 449.613049313 147.944927894 0.99609375
v 154.326282432 454.306398736 148.026302328 0.99609375
v 154.5873826 449.548338633 148.16089228 0.99609375
v 154.83324106 454.41507694 148.243341829 0.99609375
v 154.877921746 449.506454357 148.402253555 0.99609375
v 155.024187902 454.236325276 148.211826493 0.99609375
v 155.345029816 449.647557122 147.843970107 0.99609375
v 155.020949503 454.158684134 148.291247917 0.99609375
v 155.256771062 449.540562343 147.59959641 0.99609375
v 155.71912058 454.019542164 148.115165643 0.99609375
v 155.782134832 449.373961356 148.009766782 0.99609375
v 155.512462159 454.026629221 147.780727334 0.99609375
v 155.998415252 449.770720019 147.703445787 0.99609375
v 155.957034979 454.301371107 147.675528667 0.99609375
v 156.374328376 449.300503717 148.493749117 0.99609375
v 156.557552359 454.1774702 147.670327179 0.99609375
v 156.730682954 449.731687832 148.108008119 0.99609375
v 156.355598066 453.954013413 148.155334062 0.99609375
v 156.825771438 449.265012818 148.359798969 0.99609375
v 157.176661472 453.997353283 147.73071041 0.99609375
v 157.258241271 449.6324243 148.15798055 0.99609375
v 156.960586268 453.854650938 148.070342587 0.99609375
v 157.24373025 449.246116442 148.311020704 0.99609375
v 157.585861885 454.164414639 148.44381528 0.99609375
v 157.631702932 449.71010976 147.772978038 0.99609375
v 157.619439132 453.892583738 147.57441908 0.99609375
v 158.222579762 449.293882254 148.336840325 0.99609375
v 158.035608981 453.955216487 147.824887839 0.99609375
v 158.060445953 449.666145298 147.835991853 0.99609375
v 158.216096769 454.338682103 148.339510553 0.99609375
v 158.575160122 449.781792304 147.719812947 0.99609375
v 158.340865203 453.869031772 147.598885618 0.99609375
v 158.829978061 450.178240835 147.870965306 0.99609375
v 158.872196677 454.333150784 147.562225645 0.99609375
v 159.412178743 450.922647522 148.452056099 0.99609375
v 159.321975351 454.408001937 148.177454521 0.99609375
v 159.267118389 451.848496779 147.561348114 0.99609375
v 159.489562604 454.273487094 147.760287567 0.99609375
v 149.11621183 450.183949088 148.119588846 0.99609375
v 149.354996606 452.319482724 148.330648246 0.99609375
v 149.769477323 449.642442067 148.118522814 0.99609375
v 149.822439504 453.435935432 148.112049747 0.99609375
v 149.82634696 449.683288366 148.305204648 0.99609375
v 149.893685256 454.124771081 148.560142963 0.99609375
v 150.059178818 449.874173715 148.025117251 0.99609375
v 150.000236284 454.573431422 148.937222153 0.99609375
v 150.435170185 449.646984439 148.451514306 0.99609375
v 150.589893455 454.9932724 148.39110637 0.99609375
v 151.071307162 450.035724479 148.93289882 0.99609375
v 150.786158365 454.594312564 148.387038279 0.99609375
v 151.165065698 449.514151694 148.722682094 0.99609375
v 151.189204535 454.786051857 148.256785448 0.99609375
v 151.167920028 449.787359568 148.910534605 0.99609375
v 151.46476059 454.931710962 148.589571244 0.99609375
v 151.473182734 449.858470475 148.365639212 0.99609375
v 151.889620306 454.799310689 148.180877369 0.99609375
v 152.061805243 449.948877329 148.243217839 0.99609375
v 152.065621197 454.592074842 148.4265065 0.99609375
v 152.350686313 449.904237453 148.883136762 0.99609375
v 151.97950171 454.87861819 148.763677675 0.99609375
v 152.323122097 449.644694387 148.323676241 0.99609375
v 152.58354548 454.568500331 148.892339953 0.99609375
v 152.968855666 449.810674274 148.962194107 0.99609375
v 152.61151486 454.949437988 148.370210971 0.99609375
v 153.210145493 450.346495713 148.967401346 0.99609375
v 153.161482611 454.849777347 148.653299614 0.99609375
v 153.316499429 450.074232918 148.392873924 0.99609375
v 153.680234692 454.777707088 148.103982068 0.99609375
v 153.977855251 450.014910582 148.164917802 0.99609375
v 153.557794874 454.506604466 148.313315173 0.99609375
v 153.99171579 449.838266756 148.701824566 0.99609375
v 154.140964218 454.9275281 148.494472252 0.99609375
v 154.364759439 450.159725722 148.291990462 0.99609375
v 154.534533097 454.534885174 148.021372184 0.99609375
v 154.556727073 450.119326459 148.375608708 0.99609375
v 154.304196211 454.575493962 148.435221045 0.99609375
v 155.043572579 449.856166068 148.598224403 0.99609375
v 154.917301979 454.38444916 148.870147872 0.99609375
v 155.052885553 449.875570918 148.02560562 0.99609375
v 155.21631605 454.31695796 148.385883577 0.99609375
v 155.569891044 449.855313417 148.666148989 0.99609375
v 155.331189084 454.315761451 148.687938186 0.99609375
v 155.542388349 449.949870544 148.130380463 0.99609375
v 155.672998892 454.651597717 148.317833306 0.99609375
v 156.124903983 450.029248182 148.954091216 0.99609375
v 156.072571314 454.358935298 148.302492836 0.99609375
v 156.086175453 449.813320576 148.367103745 0.99609375
v 156.173733813 454.254896364 148.952025368 0.99609375
v 156.52742858 449.868186111 148.935874915 0.99609375
v 156.597191411 454.395003274 148.111396948 0.99609375
v 156.860595542 449.963400688 148.377443074 0.99609375
v 156.751112184 454.422959936 148.041357447 0.99609375
v 157.234277391 450.083751524 148.408536813 0.99609375
v 157.175891382 454.320742395 148.04304895 0.99609375
v 157.273310592 449.918524412 148.404419003 0.99609375
v 157.3746188 454.280993139 148.368708311 0.99609375
v 158.031196942 449.941494832 148.209782585 0.99609375
v 157.72959944 454.619075676 148.95542587 0.99609375
v 157.897148915 450.248252025 148.620053982 0.99609375
v 157.917204193 454.502362028 148.418985119 0.99609375
v 158.465003624 450.639255683 148.864746817 0.99609375
v 158.409619392 454.491548408 148.824383007 0.99609375
v 158.788289005 450.440843948 148.651599993 0.99609375
v 158.612979997 454.846555923 148.129760564 0.99609375
v 159.065455444 450.298411561 148.963577775 0.99609375
v 158.810468666 454.343427156 148.010922038 0.99609375
v 159.434087374 451.16785162 148.245663281 0.99609375
v 159.223027074 454.691096237 148.217657505 0.99609375
v 159.331451249 451.365082551 148.356215883 0.99609375
v 159.277802289 454.582358006 148.982955018 0.99609375
v 159.895708868 452.583174393 148.905992335 0.99609375
v 160.016984907 454.642740145 148.792919387 0.99609375
v 149.332204182 450.569093941 148.574286599 0.99609375
v 149.491132199 452.653412347 149.218924027 0.99609375
v 149.514843874 450.599905432 148.908359178 0.99609375
v 149.4790137 453.539533756 149.363757138 0.99609375
v 150.008209474 450.423200594 148.909535061 0.99609375
v 150.091746317 454.629985912 148.868390107 0.99609375
v 150.267896466 450.462088 149.32561695 0.99609375
v 150.257709105 454.980513034 149.204570721 0.99609375
v 150.797165747 450.180472468 149.061775868 0.99609375
v 150.423216756 454.146334137 148.821761208 0.99609375
v 150.683429671 450.414692545 148.510141688 0.99609375
v 151.041160485 454.305773161 149.105733686 0.99609375
v 151.330640934 450.54743518 148.702364813 0.99609375
v 150.823940596 454.275540484 148.818489997 0.99609375
v 151.441208538 450.567264272 148.772708274 0.99609375
v 151.464126692 454.542453343 149.026034378 0.99609375
v 151.673677602 450.366987009 149.133247271 0.99609375
v 151.736698679 454.514038109 149.16651445 0.99609375
v 152.014308888 450.364308345 149.343490847 0.99609375
v 151.721969175 454.836480312 148.656064975 0.99609375
v 152.33613264 450.429670437 149.341931172 0.99609375
v 152.107246662 454.701282329 149.08772237 0.99609375
v 152.339603778 450.325658637 149.115569862 0.99609375
v 152.544892922 454.884976009 149.003527503 0.99609375
v 153.051740601 450.191204286 149.498020496 0.99609375
v 152.943292628 454.956162602 149.119182753 0.99609375
v 152.981301575 450.516652349 149.262628582 0.99609375
v 153.230396477 454.921659851 148.778647916 0.99609375
v 153.269178706 450.46576655 148.75800477 0.99609375
v 153.532064394 454.435088689 148.741053479 0.99609375
v 153.815362342 450.420309394 149.499867214 0.99609375
v 153.777976244 454.571294108 149.327758164 0.99609375
v 153.784609766 450.88396654 149.147049764 0.99609375
v 153.716271732 454.46474361 148.608470983 0.99609375
v 154.087701312 450.728709983 149.307727581 0.99609375
v 154.208235748 454.490445002 148.921726904 0.99609375
v 154.432263776 450.847159374 148.603777666 0.99609375
v 154.284597998 454.43969706 148.724722956 0.99609375
v 154.893232114 450.880582327 148.931416136 0.99609375
v 154.969972107 454.88727343 148.854036683 0.99609375
v 154.898842813 450.388554036 149.111782968 0.99609375
v 155.282882924 454.820433953 149.453990631 0.99609375
v 155.639116782 450.534536892 149.465658182 0.99609375
v 155.336239203 454.443116931 149.420207403 0.99609375
v 155.590846103 450.661784764 148.874586624 0.99609375
v 155.69217905 454.947705445 148.652191559 0.99609375
v 155.87814847 450.501039065 148.63978941 0.99609375
v 156.242343024 454.883350154 149.019952802 0.99609375
v 156.349485879 450.57401399 148.887162099 0.99609375
v 156.446812684 454.491143446 148.95455098 0.99609375
v 156.395414209 450.488379636 149.008293685 0.99609375
v 156.767301543 454.840731976 148.685898422 0.99609375
v 156.991319976 450.570886335 149.251492245 0.99609375
v 156.673064278 454.655565007 148.613206137 0.99609375
v 157.150026631 450.526006947 149.433881405 0.99609375
v 156.978989303 454.855437711 148.645628955 0.99609375
v 157.324867148 450.624895981 148.999983066 0.99609375
v 157.533299405 454.837830748 149.417951648 0.99609375
v 157.641681948 450.998367749 148.650197236 0.99609375
v 157.475086575 454.93249696 149.475345701 0.99609375
v 158.031395077 451.239016192 148.701879193 0.99609375
v 158.203740931 454.459527164 148.608067388 0.99609375
v 158.125005166 451.230370926 148.518495713 0.99609375
v 158.628687004 454.655319179 148.884291082 0.99609375
v 158.696282405 450.675596783 149.225659235 0.99609375
v 158.522716072 454.958398089 148.821419811 0.99609375
v 158.718600007 450.931571941 149.054030555 0.99609375
v 159.171045851 454.458515818 148.831204929 0.99609375
v 159.285389383 451.46448227 149.37907901 0.99609375
v 159.072154818 454.533156723 148.539093497 0.99609375
v 159.222371015 452.030118609 148.837644716 0.99609375
v 159.641293168 455.030099183 148.647163448 0.99609375
v 159.573167391 452.928134961 149.376425721 0.99609375
v 160.05410733 454.7881815 148.987283127 0.99609375
v 149.549341816 451.04781046 149.347537004 0.99609375
v 149.50294767 453.259916468 149.006632393 0.99609375
v 149.423559349 450.778100264 149.613231093 0.99609375
v 149.767890762 453.864524418 149.057910462 0.99609375
v 150.088547345 451.17712048 149.907562601 0.99609375
v 149.666814431 454.764909944 149.810955573 0.99609375
v 150.444280898 450.959047329 149.832901088 0.99609375
v 150.138250885 455.036290616 149.789126122 0.99609375
v 150.562524846 450.953275708 149.057128544 0.99609375
v 150.552590744 455.248336156 149.560381834 0.99609375
v 150.663324519 450.760118441 149.484252509 0.99609375
v 150.785188929 455.412397029 149.934961007 0.99609375
v 151.168187049 450.818716587 149.793307254 0.99609375
v 150.830450617 455.277698547 149.316248447 0.99609375
v 151.450964832 450.996658766 149.140264444 0.99609375
v 151.109927282 455.128517599 149.707814232 0.99609375
v 151.536379202 451.052198614 149.201068641 0.99609375
v 151.518535196 455.144434097 149.004302758 0.99609375
v 151.825091648 450.851423636 149.531451652 0.99609375
v 151.787238426 455.310510668 149.284013088 0.99609375
v 151.992681001 451.055592665 149.636845259 0.99609375
v 152.538672531 455.348004556 149.867101436 0.99609375
v 152.644060684 451.198138007 149.199659606 0.99609375
v 152.779667457 455.261773857 149.480744853 0.99609375
v 153.086202699 450.955907738 149.754315931 0.99609375
v 153.011036276 455.192267124 149.174831946 0.99609375
v 152.845172261 451.001737438 149.200267342 0.99609375
v 152.847824704 455.215255014 149.592939619 0.99609375
v 153.393889091 451.181941978 149.216150851 0.99609375
v 153.347596693 455.355331311 149.245437076 0.99609375
v 153.944192136 451.192039212 149.876401625 0.99609375
v 153.982179146 455.173348385 149.23365332 0.99609375
v 153.816371435 451.063349018 149.03099452 0.99609375
v 153.969719639 455.081027659 149.025567696 0.99609375
v 154.279082297 451.442298018 149.47563684 0.99609375
v 154.024771148 455.390116114 149.882920657 0.99609375
v 154.32276136 451.305948266 149.567999481 0.99609375
v 154.650965853 455.249126529 149.143670584 0.99609375
v 154.69354334 451.32783298 149.841052418 0.99609375
v 154.758485459 455.398268972 149.636887432 0.99609375
v 155.326201375 451.335952935 149.63170819 0.99609375
v 155.173968457 455.861396537 149.352775589 0.99609375
v 155.647032878 451.090844677 149.154099994 0.99609375
v 155.32209534 455.866727164 149.504109922 0.99609375
v 155.681782056 451.340294078 149.77541297 0.99609375
v 155.449670186 455.363786191 149.838698045 0.99609375
v 156.102180364 451.359214247 149.726682987 0.99609375
v 156.273144713 455.317171572 149.317116898 0.99609375
v 156.246523736 451.238248865 149.727086793 0.99609375
v 156.26500801 455.646400003 149.925678208 0.99609375
v 156.758228726 451.379938323 149.538205139 0.99609375
v 156.394134779 455.316599626 149.460086352 0.99609375
v 156.615562107 451.176620874 149.882016264 0.99609375
v 157.101731492 455.863265237 149.549098756 0.99609375
v 156.93882148 451.721002421 149.361670801 0.99609375
v 157.199244728 455.468190437 149.69241666 0.99609375
v 157.565334163 451.422071037 149.58718191 0.99609375
v 157.544306169 455.85611065 149.407123614 0.99609375
v 157.594632235 451.792913614 149.357032186 0.99609375
v 157.897113094 455.997924647 149.320672272 0.99609375
v 158.194962517 451.499890392 149.667022098 0.99609375
v 157.938194615 456.155183297 149.162334595 0.99609375
v 158.597056891 451.459906141 149.351613736 0.99609375
v 158.136540389 455.758794546 149.216288238 0.99609375
v 158.805817812 451.6745722 149.140215051 0.99609375
v 158.564888435 456.062996855 149.02252297 0.99609375
v 159.117270398 451.26694117 149.629148132 0.99609375
v 158.94387717 455.916754399 149.177865485 0.99609375
v 159.295991279 451.531016856 149.319564957 0.99609375
v 159.44852349 455.999130738 149.921089738 0.99609375
v 159.428651431 452.566647893 149.53520176 0.99609375
v 159.302964904 456.034132217 149.645245377 0.99609375
v 159.956417181 453.801318034 149.366848723 0.99609375
v 159.854805228 455.881836118 149.150354664 0.99609375
v 149.13356335 451.652135967 150.303535725 0.99609375
v 149.531321706 453.617694316 150.484243254 0.99609375
v 149.45318453 451.466394974 150.467165837 0.99609375
v 149.377655268 454.856496657 150.405014259 0.99609375
v 149.820660307 451.777885568 149.877719697 0.99609375
v 150.118386113 455.198603233 150.387931509 0.99609375
v 150.371251223 451.743847931 150.270557693 0.99609375
v 149.9370093 456.055196824 149.942944697 0.99609375
v 150.481207896 451.293206252 149.513075756 0.99609375
v 150.477960828 456.044491452 149.586374473 0.99609375
v 150.533537198 451.530755314 150.301235528 0.99609375
v 150.85286895 455.852270804 150.109920582 0.99609375
v 151.102667741 451.713977352 149.744998102 0.99609375
v 150.870181863 456.024840552 149.688539969 0.99609375
v 151.43819449 451.368114773 150.417144626 0.99609375
v 151.372866318 455.658327536 150.343146215 0.99609375
v 151.833859581 451.809014292 149.880334819 0.99609375
v 151.614119197 455.648750606 150.237301336 0.99609375
v 152.041317857 451.281932206 150.394413433 0.99609375
v 151.845570001 455.679313604 149.517223723 0.99609375
v 152.250349426 451.606682598 150.244961206 0.99609375
v 152.064270572 455.890523616 149.735307717 0.99609375
v 152.348769247 451.26331796 149.933287841 0.99609375
v 152.303794471 455.973573229 149.788735742 0.99609375
v 153.00477515 451.724163201 149.948991719 0.99609375
v 152.617997384 456.110889411 149.827452602 0.99609375
v 152.954155771 451.693071178 149.574510575 0.99609375
v 152.849597621 455.723015563 149.622808471 0.99609375
v 153.33940328 451.819736815 150.443618343 0.99609375
v 153.367195055 455.9918637 149.585649435 0.99609375
v 153.964776528 451.99403705 149.577344053 0.99609375
v 153.49311318 455.839416039 150.243584611 0.99609375
v 153.959115442 451.556218251 150.149891175 0.99609375
v 154.274637093 455.493186253 150.311622691 0.99609375
v 154.24663869 451.764593114 150.24298308 0.99609375
v 154.366901578 455.736567525 150.108811608 0.99609375
v 154.616839767 451.724417181 149.743683385 0.99609375
v 154.641734745 455.510006274 150.023098862 0.99609375
v 154.634730716 452.106077107 149.90418655 0.99609375
v 154.629444909 455.477447442 150.322796546 0.99609375
v 155.410853391 451.859638311 150.045335372 0.99609375
v 154.943057079 455.55527837 149.529323503 0.99609375
v 155.578060157 451.764228944 149.838036165 0.99609375
v 155.54925336 455.652665982 150.450332828 0.99609375
v 155.942799866 451.942077903 149.985069016 0.99609375
v 155.454922766 455.686671516 149.787668161 0.99609375
v 156.253012021 451.827133227 150.048636008 0.99609375
v 155.898325767 455.665425713 150.273317357 0.99609375
v 156.250875243 451.723310804 149.6058591 0.99609375
v 156.386715646 455.385551207 149.766082659 0.99609375
v 156.647024211 451.628516086 150.365046607 0.99609375
v 156.872082634 455.740861538 150.300327577 0.99609375
v 156.794909119 451.947678945 150.149020615 0.99609375
v 156.743343579 455.371511981 150.200733504 0.99609375
v 157.101915216 451.618828794 150.309545278 0.99609375
v 157.112785559 455.503741392 149.567267927 0.99609375
v 157.562051077 451.543596511 149.921663779 0.99609375
v 157.626690186 455.847410408 150.209869423 0.99609375
v 157.590018957 452.100586812 149.833439411 0.99609375
v 157.821828635 455.360505501 150.080561958 0.99609375
v 158.337704893 452.015965907 150.386324813 0.99609375
v 158.074165293 455.372629333 149.988138327 0.99609375
v 158.402477446 451.951556335 149.611143796 0.99609375
v 158.088700631 455.402934126 149.637399529 0.99609375
v 158.848164304 451.749877054 149.747259661 0.99609375
v 158.851355461 455.444288118 150.325844593 0.99609375
v 159.18685462 451.9087306 149.528395289 0.99609375
v 158.729448601 455.924932623 150.180425126 0.99609375
v 159.459422187 452.630333856 149.913681248 0.99609375
v 158.976360255 455.876435352 150.390536521 0.99609375
v 159.570339082 453.52032941 150.153966195 0.99609375
v 159.309764186 456.064005051 150.382623656 0.99609375
v 159.642022545 456.060029516 150.394779695 0.99609375
v 149.204263343 451.95355113 150.330723748 0.99609375
v 149.335840348 453.997426762 150.934230686 0.99609375
v 149.359550153 452.230052201 150.84365722 0.99609375
v 149.244927993 454.971550772 150.289812424 0.99609375
v 149.589671473 451.990548138 150.156071353 0.99609375
v 149.607659508 455.283028176 150.761760389 0.99609375
v 150.153424881 452.324747232 150.965716896 0.99609375
v 149.706118218 455.669536049 150.96921438 0.99609375
v 150.366216783 451.845688546 150.171429133 0.99609375
v 150.22799376 456.233963127 150.48799458 0.99609375
v 150.342435772 452.219161326 150.404296659 0.99609375
v 150.456753186 455.954900023 150.382519658 0.99609375
v 150.996994782 452.316289014 150.278802683 0.99609375
v 151.060179217 456.233958636 150.591355233 0.99609375
v 150.883271527 452.25396489 150.310228539 0.99609375
v 150.901603369 455.978418022 150.170411416 0.99609375
v 151.276326976 452.20331024 150.001196638 0.99609375
v 151.663841124 456.148017375 150.429725857 0.99609375
v 151.806767163 452.330029969 150.59884779 0.99609375
v 151.407452283 455.925914693 150.199492053 0.99609375
v 152.092553678 451.991579365 150.900805868 0.99609375
v 152.118950047 456.294021216 150.496641683 0.99609375
v 152.00513097 451.908607873 150.837448274 0.99609375
v 152.087004016 455.655972319 150.47669914 0.99609375
v 152.524897665 452.325336333 150.821521444 0.99609375
v 152.689613068 455.961666623 150.097099085 0.99609375
v 152.722096557 452.325306467 150.222189169 0.99609375
v 152.651826707 455.774300822 150.462765575 0.99609375
v 153.217766231 452.256196553 150.767226471 0.99609375
v 152.91431047 456.139434439 150.314229277 0.99609375
v 153.549538568 452.229473222 150.139429384 0.99609375
v 153.351038 455.891021106 150.273706287 0.99609375
v 153.496491899 452.087784185 150.422372901 0.99609375
v 153.906572798 455.797619403 150.568355648 0.99609375
v 153.729126172 452.167659488 150.549957848 0.99609375
v 154.254364066 456.074408098 150.865210245 0.99609375
v 154.373167018 452.219457924 150.185297314 0.99609375
v 154.285359599 455.644130941 150.595450099 0.99609375
v 154.304537216 452.631255687 150.406930943 0.99609375
v 154.758638469 455.758044929 150.640670256 0.99609375
v 155.13564502 452.433328264 150.481031103 0.99609375
v 155.12052122 455.642141537 150.031475515 0.99609375
v 154.979662014 452.151858959 150.618768538 0.99609375
v 155.402299172 455.889500093 150.126536446 0.99609375
v 155.618811821 452.508032959 150.304730916 0.99609375
v 155.479096422 455.729914419 150.769479696 0.99609375
v 155.671248659 452.197504606 150.300142304 0.99609375
v 155.829134557 456.021190447 150.683241573 0.99609375
v 155.957583096 452.292655122 150.097945854 0.99609375
v 155.736981107 455.946235794 150.4630738 0.99609375
v 156.32322144 452.515965809 150.23218627 0.99609375
v 156.430320667 455.95150853 150.948173083 0.99609375
v 156.328256691 452.165068093 150.71080231 0.99609375
v 156.655279703 456.093467163 150.701003538 0.99609375
v 156.715154804 452.282564079 150.143450163 0.99609375
v 156.644396976 455.659516247 150.382119628 0.99609375
v 157.090807931 452.481390737 150.607157449 0.99609375
v 157.461051196 455.724168314 150.20721627 0.99609375
v 157.46160215 452.411442213 150.151028439 0.99609375
v 157.366844483 455.876930631 150.537313963 0.99609375
v 157.850930772 452.467903854 150.237054366 0.99609375
v 157.511580889 455.689719412 150.45149376 0.99609375
v 157.96083562 452.674543679 150.494730486 0.99609375
v 157.825279023 455.804032093 150.229275997 0.99609375
v 158.209536297 452.63116331 150.574934728 0.99609375
v 158.23483221 455.769560951 150.403672801 0.99609375
v 158.462909763 452.190475894 150.535373718 0.99609375
v 158.398803326 456.006271562 150.832893686 0.99609375
v 158.762049204 452.553780499 150.724477747 0.99609375
v 158.884722277 455.790743065 150.349134272 0.99609375
v 159.261848425 453.535142007 150.005572499 0.99609375
v 159.337501219 455.657006295 150.276070639 0.99609375
v 149.227556746 452.87639019 150.79927085 0.99609375
v 148.847434309 454.970330404 151.219770464 0.99609375
v 149.436990881 452.776051364 150.56929996 0.99609375
v 149.236294064 455.844940447 150.757237743 0.99609375
v 149.698479733 452.869873508 150.762159089 0.99609375
v 149.622637457 456.447732694 150.698426597 0.99609375
v 149.915418911 452.32999327 150.833260948 0.99609375
v 150.165595493 457.025460078 150.855827224 0.99609375
v 150.071360361 452.435800598 150.548028603 0.99609375
v 150.372157064 457.347153257 150.528360023 0.99609375
v 150.646317641 452.278052758 151.013874153 0.99609375
v 150.74613398 458.089337403 150.73639157 0.99609375
v 150.739892696 452.195060814 150.961365738 0.99609375
v 150.860807852 458.442504118 151.42575754 0.99609375
v 151.300053334 452.605596306 151.277981252 0.99609375
v 150.858267427 458.628502538 151.218736507 0.99609375
v 151.442992009 452.27344706 150.982866498 0.99609375
v 151.589008763 458.334267981 150.531131392 0.99609375
v 151.840210111 452.904085806 150.81376882 0.99609375
v 151.870621065 458.351849816 151.034658037 0.99609375
v 151.898490008 452.647008551 151.384315616 0.99609375
v 152.099663972 458.439429431 151.48065768 0.99609375
v 152.156220447 452.929129351 151.400364602 0.99609375
v 152.277408642 458.395239396 151.23119162 0.99609375
v 152.672677349 452.483967593 150.809383441 0.99609375
v 152.390469561 458.454798455 151.121246146 0.99609375
v 152.989545581 452.67187594 150.835192269 0.99609375
v 153.00083686 458.420019205 150.751158485 0.99609375
v 153.242734348 452.429234665 151.281551941 0.99609375
v 153.197201794 458.35793686 150.720332904 0.99609375
v 153.45940861 452.699867768 150.856466402 0.99609375
v 153.20788706 458.632662952 151.266999993 0.99609375
v 153.69973982 452.943413079 151.085058105 0.99609375
v 153.592071659 458.647723148 151.292915705 0.99609375
v 154.150471958 452.588270365 150.757013308 0.99609375
v 154.148166782 458.630896773 151.217230397 0.99609375
v 154.025532014 452.60815742 151.34033554 0.99609375
v 154.19809912 458.607563222 150.657905753 0.99609375
v 154.666262907 452.515612768 150.55844555 0.99609375
v 154.79704957 458.223762458 151.392877298 0.99609375
v 154.654987691 452.482982797 151.328980777 0.99609375
v 154.698355538 458.764601494 150.916863572 0.99609375
v 155.122891833 452.602028445 151.046253816 0.99609375
v 154.943419302 458.637654703 150.610430711 0.99609375
v 155.245144635 452.91239749 151.158093874 0.99609375
v 155.554815915 458.460506535 150.734759749 0.99609375
v 155.775635535 452.521843389 150.728254005 0.99609375
v 155.66894332 458.738310149 150.672841812 0.99609375
v 156.250380209 452.891983798 150.566859739 0.99609375
v 156.201542954 458.22851998 151.471745046 0.99609375
v 156.058819142 452.867870756 151.309916483 0.99609375
v 156.30559141 458.253459873 150.944925275 0.99609375
v 156.749757852 452.661832985 151.009047075 0.99609375
v 156.473179499 458.514948106 150.69108891 0.99609375
v 156.905966069 452.916608446 150.611527974 0.99609375
v 157.031642103 458.464520077 151.181265211 0.99609375
v 157.359933554 452.52574351 150.866101563 0.99609375
v 157.041578248 458.421326132 150.582043638 0.99609375
v 157.371741587 452.867713836 150.91194953 0.99609375
v 157.559774693 457.955458046 150.85246964 0.99609375
v 157.771110964 452.975119363 151.205844456 0.99609375
v 157.528171955 458.204059617 150.848216757 0.99609375
v 158.112786299 452.548270044 150.903956642 0.99609375
v 157.853738164 457.941189082 150.990427541 0.99609375
v 158.55543975 452.590094218 150.60692255 0.99609375
v 158.341198729 458.117765725 150.833780761 0.99609375
v 158.424395854 453.460133729 150.646714311 0.99609375
v 158.562552513 457.853002006 150.785031302 0.99609375
v 158.646532835 454.580063992 150.710237032 0.99609375
v 159.191932909 456.47750903 151.415650776 0.99609375
v 148.515888479 453.049053763 151.633786051 0.99609375
v 149.04366848 454.911724686 151.261844755 0.99609375
v 149.00121536 453.057908031 151.704148891 0.99609375
v 148.823039538 455.629885787 151.547697275 0.99609375
v 149.274447782 453.023924896 151.868656533 0.99609375
v 149.100566338 456.235514994 151.029841965 0.99609375
v 149.896780699 452.787535751 151.209219059 0.99609375
v 149.671175549 456.58586973 151.587652866 0.99609375
v 149.964396178 453.252849498 151.224865621 0.99609375
v 149.934524141 457.651132787 151.068466892 0.99609375
v 150.191343868 453.130961411 151.680700017 0.99609375
v 150.173521685 458.093170791 151.619462352 0.99609375
v 150.333667005 453.043546348 151.870127268 0.99609375
v 150.708157588 458.275759742 151.286542307 0.99609375
v 151.082988458 452.93117428 151.34127211 0.99609375
v 150.890018979 458.667657932 151.863994138 0.99609375
v 151.032649768 453.18417512 151.151605977 0.99609375
v 151.146408483 458.353581744 151.622817078 0.99609375
v 151.571936542 452.716744946 151.08473 0.99609375
v 151.312520034 458.351547153 151.872376444 0.99609375
v 151.620814914 452.948409098 151.950949621 0.99609375
v 151.576833945 458.54905617 151.286431849 0.99609375
v 152.110101232 452.901508342 151.404969211 0.99609375
v 152.167619218 458.767361577 151.195844679 0.99609375
v 152.349691083 452.749455326 151.274118547 0.99609375
v 151.995262874 458.632259123 151.039972129 0.99609375
v 152.534098566 453.016380025 151.625222442 0.99609375
v 152.728442658 458.469955473 151.990024553 0.99609375
v 152.916829863 453.171895808 151.60104879 0.99609375
v 153.026323658 458.67582167 151.144992222 0.99609375
v 153.135635173 453.196519721 151.135594689 0.99609375
v 153.122000018 458.526329965 151.208069892 0.99609375
v 153.491513029 453.119810117 151.292765067 0.99609375
v 153.505460749 458.29110048 151.61673017 0.99609375
v 153.822970778 453.276514871 151.560427176 0.99609375
v 153.9255356 458.46268961 151.16705012 0.99609375
v 153.861896623 453.373267639 151.129483215 0.99609375
v 154.026740003 458.446941818 151.627310131 0.99609375
v 154.087150525 453.5347989 151.108764399 0.99609375
v 154.561048029 458.55159674 151.922498641 0.99609375
v 154.280643453 453.063040999 151.369846314 0.99609375
v 154.852870154 458.207915338 151.046662107 0.99609375
v 155.113107106 453.185605158 151.384862825 0.99609375
v 155.07805084 458.372772449 151.913221295 0.99609375
v 155.28753093 453.347930919 151.144388614 0.99609375
v 155.332869362 458.421748235 151.28539265 0.99609375
v 155.542214985 453.436767486 151.918527537 0.99609375
v 155.383845835 458.40518505 151.978666164 0.99609375
v 155.816283946 453.557157173 151.683028666 0.99609375
v 156.008876714 458.248452144 151.550219938 0.99609375
v 155.959030967 453.4604811 151.419965586 0.99609375
v 156.035921877 458.339566774 151.960026439 0.99609375
v 156.585150983 452.995438964 151.136690418 0.99609375
v 156.468641352 458.085354569 151.099598244 0.99609375
v 156.562241964 453.088385483 151.093319696 0.99609375
v 156.360851954 458.058348548 151.146979504 0.99609375
v 156.958148151 453.409092676 151.047836358 0.99609375
v 156.927458779 457.976051119 151.64767071 0.99609375
v 157.404387593 453.143717711 151.100998252 0.99609375
v 157.067751226 458.218866058 151.118402737 0.99609375
v 157.285498405 453.554612454 151.867075499 0.99609375
v 157.535517807 458.379986234 151.9284189 0.99609375
v 157.67912744 453.391732867 151.852044973 0.99609375
v 157.890470339 458.15757997 151.608423327 0.99609375
v 158.101856494 453.481889859 151.147589681 0.99609375
v 157.801012662 457.88729273 151.613367039 0.99609375
v 158.378657637 454.052601341 151.547305678 0.99609375
v 158.541525167 457.355182561 151.078297131 0.99609375
v 148.546513481 453.802678866 152.215065183 0.99609375
v 148.316392869 454.932801354 151.660671339 0.99609375
v 148.976672397 454.082710161 151.806250141 0.99609375
v 148.56371145 455.56638644 151.915744742 0.99609375
v 149.222578217 453.811044193 151.565219971 0.99609375
v 149.120193338 456.319743293 152.185049148 0.99609375
v 149.142024581 453.568788081 152.334443857 0.99609375
v 149.102075925 456.618614833 152.220752964 0.99609375
v 149.887583679 454.076280962 151.929467784 0.99609375
v 149.781311413 457.461437854 152.022526464 0.99609375
v 149.717919572 453.534627848 151.912350546 0.99609375
v 149.645308142 457.699419082 151.861779538 0.99609375
v 150.184500229 453.370016482 151.888464034 0.99609375
v 150.263638287 458.199185432 151.861976219 0.99609375
v 150.369954778 453.57680061 151.726435555 0.99609375
v 150.340887893 458.426010398 151.893193584 0.99609375
v 150.530672136 453.780163793 151.82853294 0.99609375
v 150.874879299 458.376442496 152.025471153 0.99609375
v 151.012098357 453.744209246 152.363200777 0.99609375
v 151.139593908 458.426825403 152.034644297 0.99609375
v 151.274223224 453.469371628 152.079315511 0.99609375
v 151.580283552 458.238947828 151.595481553 0.99609375
v 151.89120876 453.377091667 152.324563537 0.99609375
v 151.59569326 458.355467261 152.056450984 0.99609375
v 152.175994998 454.024780737 151.576241873 0.99609375
v 151.732214949 457.992900644 151.916768996 0.99609375
v 152.497634977 453.725705947 152.422236996 0.99609375
v 152.37570386 458.201536212 152.489115693 0.99609375
v 152.70748807 453.978205182 152.007223505 0.99609375
v 152.746332804 458.475246935 152.082275599 0.99609375
v 152.660841472 454.112224593 152.16463655 0.99609375
v 152.82100792 458.070401682 151.853620045 0.99609375
v 153.302990801 453.884542739 151.891864488 0.99609375
v 153.088706942 457.932009078 152.371498878 0.99609375
v 153.272858544 453.776686051 152.453855282 0.99609375
v 153.647000479 457.981245966 151.825659775 0.99609375
v 153.656560512 454.013726565 151.857879321 0.99609375
v 153.582440067 457.917728499 152.263027539 0.99609375
v 153.742611621 453.580567259 152.285258314 0.99609375
v 153.83134497 458.283638537 151.872527906 0.99609375
v 154.470447765 453.639339136 152.031576432 0.99609375
v 154.266007335 458.475494141 152.151122979 0.99609375
v 154.564337665 453.959952328 151.875167426 0.99609375
v 154.425704608 458.160386926 152.135786124 0.99609375
v 155.011428359 453.771431319 151.539974719 0.99609375
v 154.866453832 457.945868572 151.920716825 0.99609375
v 154.907363044 453.855722718 151.698503673 0.99609375
v 154.972503558 457.953683642 152.245410091 0.99609375
v 155.645735839 454.109170032 152.123613959 0.99609375
v 155.303656274 458.357991385 152.42914795 0.99609375
v 155.892012461 454.074840664 151.716561581 0.99609375
v 155.704763322 458.392650395 151.997582829 0.99609375
v 156.024087623 453.899116273 152.179799921 0.99609375
v 155.841675517 457.635357585 152.063490488 0.99609375
v 156.245631146 454.077412023 151.68695902 0.99609375
v 156.525891226 457.821562365 152.277430165 0.99609375
v 156.68301115 453.733724443 151.634373297 0.99609375
v 156.422375814 457.75444 152.283557823 0.99609375
v 156.731459434 453.80096121 152.288433782 0.99609375
v 156.749684676 457.819081925 152.140628231 0.99609375
v 157.243412163 453.341529072 151.833607517 0.99609375
v 157.107927181 458.095428076 151.754100518 0.99609375
v 157.239543312 453.513211485 152.388560615 0.99609375
v 157.309528674 457.792289172 152.29557633 0.99609375
v 157.480898722 453.915953822 151.984137535 0.99609375
v 157.702303577 457.552141998 151.903692154 0.99609375
v 157.763584219 455.313266229 151.942672733 0.99609375
v 157.865061464 455.951108342 151.597076246 0.99609375
v 148.605054707 454.937389957 152.686998571 0.99609375
v 148.675163336 455.320475765 152.023747174 0.99609375
v 149.155800634 454.46109385 152.251920894 0.99609375
v 149.080888664 456.023860262 152.529570366 0.99609375
v 149.4298637 454.727741295 152.392039528 0.99609375
v 149.125090654 456.547135683 152.353542341 0.99609375
v 149.752083777 454.779064104 152.635172886 0.99609375
v 149.38845768 456.652722592 152.814750827 0.99609375
v 150.199226892 454.571845391 152.721878285 0.99609375
v 149.912907886 457.217304702 152.13474754 0.99609375
v 150.044273318 454.789494769 152.881675949 0.99609375
v 150.269250774 457.161440837 152.342700187 0.99609375
v 150.691088894 454.972689693 152.352130031 0.99609375
v 150.425401706 457.260475632 152.898659717 0.99609375
v 150.510559621 454.788447114 152.031413984 0.99609375
v 150.65970356 457.29916883 152.567628044 0.99609375
v 150.915019997 454.461036411 152.307085408 0.99609375
v 150.814007918 457.237919776 152.597607343 0.99609375
v 151.367441776 454.46279234 152.011649199 0.99609375
v 151.664470218 457.184962237 152.735409857 0.99609375
v 151.697778416 454.449576068 152.722499614 0.99609375
v 151.532519045 456.99020932 152.615796641 0.99609375
v 151.735795537 454.910865418 152.967786435 0.99609375
v 151.805394018 456.84528741 152.316638077 0.99609375
v 152.307815666 454.611641034 152.173664843 0.99609375
v 152.523312753 456.839073102 152.256135414 0.99609375
v 152.266114333 454.524250521 152.928761622 0.99609375
v 152.573596507 457.078076075 152.213056018 0.99609375
v 152.55451436 454.629571756 152.756121957 0.99609375
v 152.926812803 457.078913747 152.153647691 0.99609375
v 152.871310641 454.752580904 152.211686118 0.99609375
v 153.215818308 456.85735477 152.052169249 0.99609375
v 153.382474222 454.951681193 152.498053373 0.99609375
v 153.632917536 457.070512544 152.770514391 0.99609375
v 153.92807942 454.577347932 152.573593469 0.99609375
v 153.588883457 456.986182458 152.206959659 0.99609375
v 154.098636017 454.729839033 152.973008034 0.99609375
v 154.055555042 457.177276822 152.231994118 0.99609375
v 154.024061069 455.275289407 152.668197319 0.99609375
v 154.133651832 456.977192914 152.449611903 0.99609375
v 154.607607151 455.066085741 152.175182405 0.99609375
v 154.410168777 457.043099262 152.964069397 0.99609375
v 154.747761114 455.056284707 152.553901046 0.99609375
v 154.986248442 457.033637516 152.101208007 0.99609375
v 155.391032461 454.901391187 152.492808743 0.99609375
v 154.899762521 456.963302732 152.923581463 0.99609375
v 155.435868679 455.113080061 152.303308392 0.99609375
v 155.451275444 456.937101322 152.41977468 0.99609375
v 155.964427324 454.716140705 152.169092684 0.99609375
v 155.816577768 457.5365764 152.639206911 0.99609375
v 156.237800848 454.628537325 152.955741536 0.99609375
v 156.304470506 457.357277659 152.269880339 0.99609375
v 156.137662893 454.807574145 152.317416739 0.99609375
v 156.245003111 457.513750006 152.577235873 0.99609375
v 156.88701643 454.74953267 152.60147194 0.99609375
v 156.889355635 457.568843098 152.025299421 0.99609375
v 156.712387757 454.391773087 152.095972077 0.99609375
v 156.664512593 457.512841161 152.856762404 0.99609375
v 157.04051425 454.564889778 152.161262009 0.99609375
v 157.261511509 457.41148451 152.040487889 0.99609375
v 157.300110967 455.408681219 152.373559998 0.99609375
v 157.229605491 456.37302126 152.069698663 0.99609375
v 156.904202364 456.055143057 153.436587862 0.99609375
v 156.974221441 456.611883653 153.198249193 0.99609375
