####
#
# OBJ File Generated by Meshlab
#
####
# Object domain0590.obj
#
# Vertices: 1742
# Faces: 3480
#
####
v 102.650764 39.879505 106.999321
v 102.770126 39.892841 106.610283
v 102.689209 39.831322 106.998268
v 102.801758 39.905807 107.375412
v 102.670853 40.082592 106.998573
v 102.973701 39.958656 106.066048
v 103.195587 39.909023 105.523659
v 103.231247 39.754776 106.054924
v 103.161484 39.691227 106.998291
v 103.231735 39.881596 107.888870
v 103.018066 39.982738 107.851692
v 103.311172 40.060734 108.125122
v 103.091980 40.507870 105.076996
v 103.243294 40.473778 104.551163
v 103.203171 40.176311 105.022728
v 102.908432 40.438984 106.012772
v 102.747910 40.460941 106.996468
v 103.014671 40.433514 107.929504
v 103.300575 40.448666 108.221008
v 103.049553 41.020187 105.047119
v 103.202042 41.018814 104.525894
v 102.931473 41.008919 106.003342
v 102.879768 41.009258 106.996391
v 103.051582 41.003899 107.927826
v 103.305527 41.006111 108.233047
v 103.119667 41.513138 105.053032
v 103.282166 41.545910 104.577255
v 103.053879 41.523281 106.001511
v 103.021072 41.535721 106.998451
v 103.145760 41.503418 107.923111
v 103.355911 41.490959 108.182686
v 103.254929 41.809116 105.028786
v 103.204704 41.851982 106.004120
v 103.177063 41.879181 107.000862
v 103.278259 41.793190 107.942406
v 103.623085 39.934235 104.034981
v 103.785965 39.888973 103.521423
v 103.818970 39.632900 104.019791
v 103.721947 39.570213 105.013535
v 103.425949 39.850895 104.985252
v 103.709404 39.483276 106.019348
v 103.720627 39.617172 106.980888
v 103.656525 39.845673 107.895363
v 103.623016 40.077778 108.166718
v 103.690811 40.502480 103.080803
v 103.848961 40.473110 102.560219
v 103.794334 40.179302 103.027512
v 103.427467 40.429749 104.014656
v 103.709564 40.470726 108.320709
v 103.665848 40.958542 103.073494
v 103.844643 40.983444 102.559341
v 103.416908 41.013477 103.999100
v 103.735123 41.017570 108.366966
v 103.763054 41.297775 103.014069
v 103.530701 41.553410 104.035690
v 103.730698 41.601669 103.502884
v 103.742104 41.568447 108.321083
v 103.756065 41.870914 104.016853
v 103.508949 42.089878 105.019447
v 103.768761 42.126984 104.522926
v 103.471550 42.159008 106.021591
v 103.360718 42.208462 106.996468
v 103.533966 42.089863 107.917229
v 103.826134 41.972801 108.167488
v 103.819565 42.254696 105.035980
v 103.793236 42.396561 106.027084
v 103.678314 42.628876 106.997475
v 103.750916 42.571808 106.599670
v 103.756241 42.534950 107.381287
v 103.799110 42.300770 107.859688
v 103.751587 42.679684 106.999260
v 104.102577 39.372166 104.021027
v 104.348427 39.326267 103.520897
v 104.408783 39.220650 104.031128
v 104.392670 39.215099 104.995110
v 104.063667 39.338581 105.004257
v 104.319237 39.293507 105.919922
v 104.055145 39.352566 105.981834
v 104.308784 39.434135 106.414314
v 104.258125 39.959316 102.059776
v 104.454697 39.942440 101.577072
v 104.434013 39.789932 102.046638
v 104.312370 39.551155 102.981644
v 104.012947 39.854870 102.984535
v 104.271919 39.602970 106.968224
v 103.968658 39.932713 107.937202
v 104.330444 39.859756 107.514740
v 104.067619 40.444481 102.020851
v 104.259880 40.412476 101.467590
v 104.280098 40.172218 107.965553
v 104.176041 40.562969 108.230598
v 104.265945 41.083534 101.082848
v 104.435852 41.055111 100.561378
v 104.330719 40.733646 101.008743
v 104.020149 41.028927 102.013870
v 104.253258 41.034489 108.313896
v 104.302574 41.521423 101.056816
v 104.464035 41.555920 100.572075
v 104.165688 41.550861 102.016869
v 103.905426 41.642994 102.977058
v 104.223816 41.557674 108.263039
v 104.422462 41.821728 101.028435
v 104.339233 41.884140 102.002747
v 104.218918 42.074615 103.031815
v 104.378021 42.116482 102.522278
v 104.041481 42.133316 103.991966
v 104.141304 41.990757 108.143410
v 104.428917 42.226933 103.034576
v 104.378799 42.285648 104.025436
v 104.323120 42.381172 105.008255
v 104.311073 42.436081 106.010880
v 103.947823 42.644432 106.996979
v 104.300926 42.527126 106.983192
v 104.211380 42.210289 107.890923
v 104.637596 39.331745 103.027580
v 104.932625 39.392479 102.560326
v 104.961807 39.243610 103.077049
v 104.898643 39.140030 104.007286
v 104.871353 39.161625 104.977333
v 104.590408 39.313454 105.982628
v 104.910934 39.249416 105.522873
v 104.741753 39.953072 101.064140
v 104.982315 40.029236 100.599388
v 104.980942 39.808483 101.082481
v 104.897507 39.568378 102.015846
v 104.931252 39.431889 106.037628
v 104.822197 39.763439 106.925598
v 104.819740 39.990311 107.302551
v 104.843994 40.531315 100.097130
v 105.064888 40.598789 99.769592
v 104.999283 40.319138 100.121490
v 104.478195 40.397308 100.964554
v 104.580009 40.451748 107.970192
v 104.927086 40.401005 107.622475
v 104.677132 41.018940 100.059380
v 105.013718 41.019165 99.554810
v 104.835831 40.758663 107.936005
v 104.631203 41.025383 108.129738
v 104.663612 41.616104 100.052765
v 104.946289 41.606529 99.530640
v 104.641968 41.620167 108.007179
v 104.850647 41.296879 107.955475
v 104.972984 41.644356 107.644157
v 104.804375 42.113907 100.044952
v 105.005569 42.150906 99.557457
v 104.636757 42.152016 100.983673
v 104.615028 42.162991 101.994606
v 104.446526 42.083370 107.886810
v 104.804672 42.086861 107.418068
v 104.934471 42.456657 100.016937
v 104.904427 42.490494 101.029655
v 104.945656 42.351696 102.021004
v 104.912605 42.368816 103.006737
v 104.903763 42.390507 104.002235
v 104.884216 42.390194 104.997635
v 104.875504 42.377113 105.990845
v 104.809082 42.292751 106.944283
v 105.449684 39.359684 102.546326
v 105.400528 39.244495 103.052299
v 105.392433 39.206966 103.999649
v 105.387329 39.241886 104.949188
v 105.423271 39.385807 105.434227
v 105.487366 39.917721 100.534286
v 105.489662 39.721447 101.046539
v 105.499794 39.507202 101.999115
v 105.434425 39.637672 105.969452
v 105.137924 39.924763 106.951202
v 105.449493 39.885590 106.480545
v 105.476250 40.547638 99.552719
v 105.488785 40.196716 100.034737
v 105.419182 40.191917 106.951279
v 105.318184 40.513683 107.280846
v 105.340675 41.095367 99.119865
v 105.657379 41.197060 98.844299
v 105.555946 40.881416 99.120728
v 104.982826 41.021843 107.854340
v 105.316132 41.019447 107.427116
v 105.263245 41.613358 99.061211
v 105.623123 41.619854 98.751663
v 105.318832 41.530598 107.289284
v 105.245819 42.210518 99.069733
v 105.615257 42.192314 98.736076
v 105.132126 42.109745 106.962540
v 105.395622 41.842632 106.947266
v 105.394112 42.100327 106.468163
v 105.329445 42.771061 99.062416
v 105.614510 42.779602 98.716026
v 105.072296 42.819191 99.984734
v 105.142601 42.800598 100.993996
v 105.488403 42.803459 101.510277
v 105.455437 42.557819 102.007904
v 105.469681 42.405651 102.990227
v 105.464050 42.374676 103.992569
v 105.408951 42.285366 104.974754
v 105.359009 42.225822 105.964516
v 105.385864 43.349464 99.061638
v 105.614380 43.363640 98.669441
v 105.246033 43.345467 99.994286
v 105.404526 43.284035 100.922188
v 105.656342 43.256912 101.245384
v 105.458374 43.860359 99.053246
v 105.665092 43.882023 98.568565
v 105.425644 43.847683 99.969421
v 105.564102 43.894722 100.470116
v 105.572144 43.600010 100.940811
v 105.568443 44.195900 99.022163
v 105.578476 44.168320 99.982964
v 105.733368 39.338249 103.013725
v 105.729973 39.326435 103.996040
v 105.682976 39.381149 104.970566
v 106.062553 39.901478 100.525459
v 106.056587 39.731064 101.042984
v 106.059143 39.592773 102.006729
v 106.079514 39.482689 102.984421
v 106.066658 39.568970 103.987503
v 105.972580 39.629616 104.981812
v 105.743172 39.882080 105.982841
v 105.999001 39.894634 105.474785
v 106.066757 40.460056 99.516304
v 106.066490 40.159248 100.010849
v 105.983498 40.191021 105.963432
v 105.628822 40.490826 106.904739
v 105.905800 40.487499 106.416527
v 106.078972 41.164345 98.753326
v 106.073059 40.799030 99.057365
v 105.680794 41.030460 106.926140
v 105.920006 40.978703 106.427711
v 106.079735 41.619686 98.606087
v 105.878616 41.640522 106.019569
v 106.023170 41.297298 105.984985
v 106.056114 41.601063 105.496758
v 105.560760 41.536358 106.921356
v 106.071770 42.194118 98.544167
v 105.745773 42.132252 105.007988
v 106.029030 41.869713 104.985077
v 106.010162 42.116180 104.472778
v 105.570160 42.074760 105.968353
v 106.055283 42.775021 98.465881
v 106.071396 42.574047 102.035461
v 106.055099 42.886181 101.677284
v 106.003220 42.312107 102.973701
v 105.965126 42.244987 103.968750
v 105.983551 43.279308 98.316963
v 106.084343 43.339397 101.428680
v 105.879601 44.024700 98.095345
v 106.177826 44.007118 97.569916
v 106.083252 43.668346 98.014664
v 105.824287 43.902664 100.952682
v 106.193420 43.820999 101.244186
v 105.891380 44.559277 98.024055
v 106.029396 44.516350 97.469673
v 105.702591 44.548710 98.978470
v 105.826500 44.499302 99.963448
v 106.094185 44.507000 100.482529
v 106.107300 44.199886 100.957657
v 106.040939 45.184681 97.079613
v 106.184998 45.158058 96.557411
v 106.096107 44.837444 97.010612
v 105.910431 45.110619 97.999847
v 105.956841 45.039604 98.944695
v 106.120323 45.079105 99.476135
v 106.088745 44.807404 99.989075
v 106.052223 45.627327 97.050415
v 106.186638 45.671623 96.555817
v 106.041550 45.598431 97.967911
v 106.153275 45.645424 98.467598
v 106.132225 45.371964 98.976486
v 106.151604 45.956482 97.018402
v 106.178566 45.914753 97.980087
v 106.604202 39.975395 100.559868
v 106.560890 39.820595 101.049759
v 106.567039 39.764496 102.002312
v 106.530746 39.773491 102.970406
v 106.361137 39.851715 104.014763
v 106.572670 39.917358 103.476021
v 106.167542 39.932270 104.965416
v 106.645508 40.481720 99.528618
v 106.664505 40.190529 100.049324
v 106.586899 40.175671 103.977959
v 106.546387 40.473431 104.448883
v 106.360641 40.429741 104.985474
v 106.093895 40.503151 105.917511
v 106.640625 41.162437 98.746300
v 106.644783 40.802387 99.059982
v 106.369232 41.013069 105.000206
v 106.583191 41.017708 104.472382
v 106.120613 40.958340 105.925606
v 106.650963 41.618851 98.576157
v 106.251038 41.550930 104.961258
v 106.489929 41.537460 104.413307
v 106.650116 42.190708 98.473091
v 106.345505 42.157154 102.998016
v 106.638771 41.892426 102.999252
v 106.632111 42.164307 102.489449
v 106.271812 42.080910 103.977859
v 106.531540 41.806683 103.965439
v 106.615181 42.714252 98.315239
v 106.614433 42.421970 101.999756
v 106.685257 42.843086 101.687454
v 106.370895 43.377762 98.009651
v 106.706993 43.494797 97.578133
v 106.682549 43.137444 98.034447
v 106.651985 43.363205 101.497162
v 106.492470 44.037422 97.061432
v 106.738541 44.116558 96.599083
v 106.728294 43.811783 97.091843
v 106.676140 43.917461 101.360420
v 106.598885 44.630592 96.093826
v 106.806404 44.700050 95.750656
v 106.757416 44.420155 96.120522
v 106.237610 44.499592 96.965424
v 106.413773 44.461792 100.939751
v 106.748619 44.326233 101.183968
v 106.422577 45.139156 96.022079
v 106.673866 45.103489 95.485359
v 106.399651 45.068836 99.969521
v 106.715935 44.959782 100.403328
v 106.710533 44.653515 100.878586
v 106.567253 45.788342 95.058380
v 106.728737 45.756592 94.529991
v 106.707047 45.449165 95.025551
v 106.325203 45.730988 96.006317
v 106.408554 45.646828 98.964165
v 106.713646 45.561062 99.414001
v 106.708603 45.272865 99.915558
v 106.634224 46.374352 94.089882
v 106.829025 46.380459 93.724770
v 106.751221 46.062061 94.060822
v 106.476517 46.310566 95.013893
v 106.396362 46.286636 96.000565
v 106.300392 46.300171 96.979294
v 106.445786 46.214249 97.941582
v 106.719887 46.140366 98.410278
v 106.708092 45.862270 98.917885
v 106.589294 46.880360 94.056976
v 106.792076 46.874149 93.556244
v 106.493622 46.862122 94.996300
v 106.546745 46.811092 95.975235
v 106.598228 46.744186 96.956017
v 106.742683 46.702026 97.407715
v 106.718040 46.436508 97.912636
v 106.622925 47.379326 94.048248
v 106.791100 47.421955 93.567970
v 106.611679 47.360165 94.969254
v 106.733017 47.406849 95.471771
v 106.722679 47.137936 96.009567
v 106.773766 46.917690 96.937325
v 106.723282 47.720390 94.016991
v 106.754738 47.681923 94.983345
v 106.647438 51.673203 92.985443
v 106.713295 51.596790 92.514442
v 106.726212 51.322926 92.991638
v 106.779320 51.612598 93.439087
v 106.628571 52.232098 92.083267
v 106.815483 52.233940 91.712677
v 106.727959 51.892616 92.035339
v 106.574600 52.172241 92.965317
v 106.731438 52.156086 93.463203
v 106.562881 52.753250 92.047569
v 106.768227 52.735744 91.546181
v 106.556229 52.740093 92.954666
v 106.755577 52.755760 93.462708
v 106.538605 53.326244 92.037720
v 106.705292 53.328815 91.527168
v 106.574181 53.311977 92.938667
v 106.780937 53.307789 93.329796
v 106.549782 53.903751 92.033134
v 106.699295 53.912106 91.522705
v 106.635887 53.836708 92.906471
v 106.849251 53.815945 93.229042
v 106.590126 54.472248 92.012955
v 106.709557 54.497292 91.524818
v 106.645836 54.515575 92.525719
v 106.718941 54.178604 92.958710
v 106.637154 55.075432 92.001595
v 106.734840 55.079437 91.533073
v 106.721764 55.070679 92.470848
v 106.702423 55.569695 91.996956
v 106.792534 55.619610 91.563248
v 106.820740 55.603416 92.412674
v 106.790352 55.875832 91.996696
v 106.862717 39.962841 101.024620
v 106.873009 39.952427 102.009392
v 106.715111 39.965645 102.960899
v 107.162949 40.603771 99.593658
v 107.142929 40.381084 100.064926
v 107.151749 40.200092 100.986908
v 107.123596 40.221722 101.977051
v 107.122780 40.478031 102.446495
v 106.940559 40.432674 102.984749
v 106.706642 40.505642 103.927887
v 107.132126 41.219013 98.802025
v 107.174095 40.889328 99.109711
v 106.973595 41.017216 103.008842
v 107.187721 41.020588 102.477272
v 106.759636 41.019222 103.950058
v 107.207771 41.636883 98.640327
v 106.856911 41.561104 102.984077
v 107.113953 41.557369 102.429230
v 106.675888 41.513500 103.939697
v 107.236992 42.191345 98.502731
v 106.943886 42.191986 102.004036
v 107.223564 41.889229 101.985718
v 107.322220 42.280487 101.686501
v 107.238876 42.662975 98.301514
v 107.250313 42.781574 101.537735
v 107.241051 43.395329 97.518898
v 107.236435 43.048637 97.981430
v 107.229134 43.360481 101.444077
v 107.243073 43.992546 96.525009
v 107.242683 43.697651 97.023804
v 107.209625 43.916370 101.346336
v 107.229904 44.635735 95.541885
v 107.246140 44.295357 96.032997
v 107.143707 44.331078 101.188141
v 106.979996 45.166485 95.028740
v 107.292801 45.254326 94.578766
v 107.286407 44.944969 95.072098
v 107.189774 44.674633 100.885651
v 107.249100 45.000351 100.442917
v 107.005608 45.781059 94.056961
v 107.315765 45.862591 93.709618
v 107.297600 45.558487 94.092590
v 107.239456 45.341156 99.953896
v 107.241577 45.654354 99.467644
v 107.207916 46.263248 93.380096
v 107.241920 45.961857 98.977173
v 107.242355 46.254211 98.476700
v 107.084435 46.932877 93.100426
v 107.414726 46.975468 92.765205
v 107.278801 46.616669 93.046608
v 107.241951 46.548935 97.977577
v 107.243843 46.833099 97.472145
v 107.005440 47.492649 93.070839
v 107.343819 47.478783 92.654938
v 106.984528 47.413944 95.972961
v 107.281532 47.350853 96.437553
v 107.229927 47.116859 96.949020
v 107.060455 48.048611 93.040070
v 107.326492 48.034157 92.529282
v 106.842445 48.085819 93.981659
v 106.994347 48.020218 94.956108
v 107.313591 47.989937 95.429703
v 107.288338 47.641598 95.927200
v 107.083694 48.636425 93.032822
v 107.284286 48.640396 92.523590
v 107.013962 48.616833 93.986046
v 107.161247 48.667091 94.545128
v 107.234802 48.349987 95.008385
v 107.091522 49.224121 93.033257
v 107.253403 49.226231 92.507874
v 107.083977 49.223362 93.967674
v 107.263474 49.219513 94.486877
v 107.053673 49.832344 93.013893
v 107.196373 49.785984 92.467010
v 107.115753 49.810337 93.958313
v 107.332558 49.826809 94.468132
v 107.189980 50.468616 92.087173
v 107.449013 50.493198 91.799057
v 107.300926 50.128178 92.039780
v 106.973503 50.402489 93.003807
v 107.109428 50.397392 93.945580
v 107.349945 50.387230 94.343765
v 107.076645 51.001503 92.054192
v 107.375610 50.998337 91.726242
v 106.840546 50.949615 93.002815
v 107.085091 50.987961 93.939613
v 107.374176 50.974937 94.290947
v 106.895775 51.532764 92.003578
v 107.268837 51.587051 91.604210
v 107.004684 51.549053 93.929649
v 107.373917 51.566582 94.264023
v 107.187653 52.094570 91.357857
v 107.021217 52.147694 93.939560
v 107.378601 52.142292 94.256317
v 107.078316 52.791569 91.096397
v 107.430305 52.841232 90.794579
v 107.276245 52.474525 91.044975
v 107.074532 52.689754 93.905304
v 107.431831 52.637802 94.203796
v 107.014832 53.332249 91.055603
v 107.378662 53.336567 90.742683
v 107.269577 53.010468 93.960281
v 107.160866 53.409378 93.671852
v 106.998405 53.912552 91.042412
v 107.369530 53.912659 90.729889
v 107.246147 53.905499 93.482361
v 106.998329 54.498058 91.041718
v 107.354401 54.499458 90.699921
v 106.899773 54.521614 93.014977
v 107.299103 54.464226 93.327835
v 106.989052 55.083912 91.030991
v 107.326027 55.083508 90.632446
v 106.998825 55.072147 92.957031
v 107.371628 55.069649 93.264481
v 106.985008 55.690964 91.049377
v 107.327538 55.649708 90.535362
v 107.093407 55.612320 92.901321
v 107.433456 55.574867 93.208817
v 107.098267 56.238403 91.046097
v 107.354324 56.263126 90.549896
v 106.947525 56.247791 91.975372
v 107.175575 56.282097 92.537537
v 107.276184 55.942867 92.968506
v 107.216812 56.747269 91.060966
v 107.397469 56.765442 90.704834
v 107.168991 56.750782 91.954704
v 107.360580 56.785770 92.432014
v 107.346207 57.070320 91.032143
v 107.320992 57.081131 91.981613
v 107.431778 40.566216 100.043655
v 107.379478 40.505009 100.995216
v 107.279045 40.522202 101.950424
v 107.468109 41.099342 99.063789
v 107.730499 41.085361 99.532158
v 107.687836 40.835846 100.002327
v 107.775978 41.043060 100.491386
v 107.652710 40.975136 101.030197
v 107.385559 41.025532 101.951271
v 107.622726 41.715042 98.794670
v 107.734863 41.371635 99.062325
v 107.782776 41.326969 100.986191
v 107.658287 41.666164 101.436020
v 107.415466 41.532745 101.905304
v 107.761765 42.238991 98.664688
v 107.704445 42.196621 101.340317
v 107.823456 42.708309 98.380142
v 107.701797 42.776470 101.291557
v 107.820267 43.397919 97.520561
v 107.824303 43.072216 98.002953
v 107.684120 43.353443 101.258446
v 107.822227 43.974216 96.513893
v 107.821404 43.689533 97.019142
v 107.631912 43.848911 101.205849
v 107.824371 44.555603 95.511612
v 107.824547 44.258411 96.009529
v 107.499374 44.490456 100.948456
v 107.782585 44.213058 100.952759
v 107.856636 44.568352 100.621956
v 107.827499 45.158279 94.521362
v 107.826576 44.858635 95.017616
v 107.746117 44.969097 100.289055
v 107.814102 45.800816 93.539734
v 107.829498 45.463364 94.030327
v 107.773003 45.286339 99.909538
v 107.830627 45.605736 99.457420
v 107.560883 46.335320 93.047195
v 107.920204 46.480137 92.777092
v 107.875648 46.135235 93.098083
v 107.818069 45.945957 98.966278
v 107.820114 46.255116 98.477013
v 107.839615 46.906948 92.550842
v 107.821884 46.557091 97.981728
v 107.822876 46.860737 97.488144
v 107.752518 47.387222 92.333611
v 107.824661 47.156734 96.990921
v 107.824326 47.444633 96.488449
v 107.661324 48.102524 92.095345
v 108.019302 48.159496 91.809006
v 107.860268 47.786411 92.047173
v 107.824570 47.760647 96.001091
v 107.820541 48.123558 95.623802
v 107.598083 48.644516 92.053421
v 107.966454 48.649254 91.748970
v 107.465782 48.667942 95.033218
v 107.870575 48.603531 95.357529
v 107.560219 49.227562 92.024628
v 107.949265 49.228172 91.725677
v 107.576935 49.214996 94.961830
v 107.957336 49.208080 95.262787
v 107.481300 49.784512 91.981308
v 107.891144 49.845070 91.689194
v 107.658287 49.759914 94.907272
v 108.018974 49.706425 95.198959
v 107.848099 50.407803 91.606827
v 107.855446 50.080521 94.960304
v 107.737267 50.488911 94.680702
v 107.830002 50.988518 91.530464
v 107.816879 50.989334 94.534782
v 107.798088 51.523968 91.365471
v 107.831161 51.565701 94.461189
v 107.557808 52.188530 91.046104
v 107.917816 52.355560 90.809090
v 107.862564 51.964073 91.080894
v 107.835922 52.151440 94.417007
v 107.852394 52.773701 90.653931
v 107.853851 52.709000 94.352249
v 107.835823 53.328918 90.581963
v 107.550873 53.300499 93.965309
v 107.925110 53.134544 94.205139
v 107.829979 53.913628 90.546410
v 107.860893 53.532181 93.936882
v 107.790901 53.968590 93.665382
v 107.814178 54.495998 90.470230
v 107.825203 54.497139 93.493965
v 107.743874 54.995819 90.318283
v 107.834465 55.081825 93.425232
v 107.675964 55.717461 90.108658
v 108.031815 55.769997 89.825867
v 107.864037 55.406010 90.052040
v 107.849022 55.655926 93.379913
v 107.677155 56.209618 90.106995
v 108.028030 56.169502 89.805687
v 107.492538 56.271225 93.008545
v 107.902016 56.207550 93.292877
v 107.846153 56.539196 90.023323
v 107.719139 56.896088 90.334778
v 107.662376 56.781464 92.912315
v 108.014343 56.737110 93.208214
v 107.534813 57.426208 91.017227
v 107.839935 57.420143 90.512672
v 107.521370 57.433205 91.992393
v 107.808937 57.464447 92.531189
v 107.876549 57.095768 92.949997
v 107.774055 57.911655 91.055809
v 107.974106 57.937222 90.699493
v 107.768898 57.913914 91.945656
v 107.969452 57.935043 92.301956
v 107.951065 58.211105 91.041023
v 107.953430 58.208054 91.958725
v 107.864746 41.133194 100.002151
v 107.891182 41.688614 99.080772
v 108.043465 41.629139 100.000977
v 107.887230 41.674252 100.930801
v 108.112221 42.198605 99.029663
v 108.222321 42.155262 100.012741
v 107.970940 42.203262 100.946426
v 108.287354 42.876598 98.591309
v 108.316147 42.544617 99.021820
v 108.359314 42.514481 99.990479
v 108.293350 42.819347 100.444382
v 108.054893 42.757996 100.930885
v 108.326523 43.510670 97.584549
v 108.322754 43.218544 98.088615
v 108.041435 43.355713 100.939606
v 108.336494 43.367157 100.462791
v 108.367844 44.054195 96.557114
v 108.358398 43.786869 97.074974
v 107.982910 43.897541 100.902672
v 108.302872 43.960808 100.452545
v 108.404274 44.578606 95.524490
v 108.419159 44.298916 96.051186
v 108.255653 44.459972 100.290367
v 108.405617 45.161469 94.523117
v 108.405685 44.867989 95.022957
v 108.079544 45.073898 99.956589
v 108.357391 44.788055 99.953194
v 108.419624 45.156574 99.524170
v 108.405342 45.765182 93.535210
v 108.407120 45.450584 94.021118
v 108.271217 45.557686 99.261116
v 108.409737 46.444736 92.729347
v 108.409210 46.091484 93.070084
v 108.328842 45.835838 98.887802
v 108.349319 46.152798 98.415291
v 108.409019 46.903522 92.424522
v 108.362556 46.470226 97.926498
v 108.416656 46.779041 97.459602
v 108.144127 47.511059 92.061394
v 108.410362 47.735672 91.886620
v 108.411964 47.337547 92.125404
v 108.404251 47.122044 96.969078
v 108.406586 47.432732 96.479828
v 108.409599 48.112946 91.717743
v 108.411095 47.768551 96.007614
v 108.414276 48.147781 95.662849
v 108.410202 48.643917 91.642075
v 108.408897 48.632603 95.456161
v 108.412277 49.225113 91.606438
v 108.411079 49.219398 95.370796
v 108.415550 49.812080 91.567497
v 108.426689 49.774124 95.313614
v 108.410675 50.397278 91.523170
v 108.138611 50.367695 94.960571
v 108.505264 50.189594 95.179031
v 108.410225 50.978275 91.466904
v 108.447632 50.587521 94.920616
v 108.376656 51.038227 94.666367
v 108.442932 51.510834 91.332771
v 108.409683 51.569294 94.517014
v 108.316124 52.355503 90.809013
v 108.373901 51.959114 91.076347
v 108.405922 52.150536 94.448395
v 108.380562 52.773666 90.656372
v 108.397408 52.723259 94.378090
v 108.398987 53.329121 90.578125
v 108.408684 53.175003 94.234177
v 108.405716 53.916348 90.522301
v 108.410233 53.584476 93.963448
v 108.409485 54.014561 93.682327
v 108.407860 54.489666 90.370926
v 108.412155 54.498821 93.509872
v 108.144096 55.128754 90.061722
v 108.411400 55.352619 89.885056
v 108.412163 54.951256 90.120865
v 108.401848 55.083130 93.438683
v 108.414207 55.730507 89.721092
v 108.402458 55.671722 93.429832
v 108.441162 56.243141 89.661102
v 108.419533 56.251900 93.412216
v 108.061516 56.864521 89.976120
v 108.488060 56.794044 89.708778
v 108.439476 56.815231 93.361572
v 108.212532 57.384819 90.065140
v 108.594994 57.334103 89.778419
v 108.142868 57.405079 92.969299
v 108.537987 57.301735 93.242226
v 108.425400 57.713051 90.016701
v 108.316208 58.062634 90.342560
v 108.423347 57.708504 92.982414
v 108.361038 58.065708 92.641472
v 108.192772 58.529518 91.021980
v 108.468620 58.538506 90.555290
v 108.207314 58.512520 91.962952
v 108.491257 58.519188 92.326309
v 108.448059 58.859379 91.011269
v 108.485138 58.818256 91.966019
v 108.496101 75.596008 82.101692
v 108.702682 75.531792 81.929581
v 108.565300 75.398544 82.061142
v 108.493195 75.341881 82.983047
v 108.424004 75.672974 82.954254
v 108.565384 75.636017 83.426994
v 108.526047 75.726700 82.122650
v 108.465378 76.044579 82.989380
v 108.530403 75.995407 82.593224
v 108.604080 76.077286 83.406548
v 108.563988 76.145866 83.015335
v 108.461960 42.882687 99.033806
v 108.449600 42.862877 99.953560
v 108.500183 43.463276 98.054398
v 108.646263 43.382164 99.005852
v 108.531082 43.374405 99.957855
v 108.636894 44.012558 97.041763
v 108.798325 43.916203 97.999390
v 108.811356 43.910809 99.013336
v 108.566048 43.947987 99.952675
v 108.890099 44.711941 95.593048
v 108.867020 44.506630 96.064117
v 108.900368 44.304028 96.993698
v 108.952919 44.261005 98.001579
v 108.920830 44.276844 98.983192
v 108.786789 44.531551 99.394257
v 108.567558 44.454376 99.892509
v 108.911240 45.270233 94.585503
v 108.906609 44.984211 95.090981
v 108.757874 45.144184 99.033424
v 108.930054 44.808201 98.972206
v 108.996185 45.134026 98.516640
v 108.928055 45.860508 93.591286
v 108.940865 45.550987 94.081703
v 108.558701 45.621456 98.902145
v 108.854134 45.644093 98.420303
v 108.895462 46.486431 92.784393
v 108.933189 46.162926 93.110237
v 108.665695 46.248882 97.969643
v 108.927376 45.959576 97.962791
v 108.955132 46.306690 97.504578
v 108.975174 46.907558 92.556648
v 108.836708 46.718575 97.244728
v 108.675911 47.512772 92.057289
v 109.065765 47.386192 92.336426
v 108.889694 47.006756 96.882133
v 108.913795 47.311432 96.407974
v 108.800209 48.159863 91.808723
v 108.961128 47.785210 92.046486
v 108.930183 47.632030 95.918663
v 108.975113 48.063057 95.493225
v 108.859802 48.652847 91.742012
v 108.889450 48.627014 95.313530
v 108.924629 49.261799 91.698006
v 108.864540 49.222210 95.266991
v 108.970657 49.823338 91.619934
v 108.848778 49.794174 95.232056
v 108.983521 50.397297 91.576851
v 108.828476 50.209671 95.139328
v 108.987854 50.984528 91.542351
v 108.938522 50.563087 94.885277
v 109.010574 51.004402 94.597893
v 109.003006 51.560883 91.465065
v 108.977341 51.552692 94.428192
v 108.681252 52.183594 91.038414
v 109.082245 52.060318 91.318855
v 108.930061 52.119583 94.314804
v 108.802261 52.842285 90.796173
v 108.964287 52.469757 91.040604
v 108.860344 52.723858 94.258247
v 108.862190 53.339817 90.734863
v 108.820419 53.150501 94.155785
v 108.934311 53.945312 90.673225
v 108.932846 53.496239 93.891838
v 108.995987 53.919792 93.570770
v 108.985771 54.507111 90.524811
v 108.942436 54.467911 93.350441
v 108.678375 55.127552 90.052101
v 109.079407 54.990063 90.314171
v 108.883011 55.084103 93.297073
v 108.870377 55.802433 89.767006
v 108.988396 55.386517 90.015503
v 108.928871 55.706581 93.313385
v 108.969276 56.284622 89.641899
v 108.970657 56.269714 93.379471
v 109.006653 56.840359 89.605263
v 108.985443 56.843639 93.394577
v 109.022232 57.413521 89.618492
v 109.022629 57.399532 93.358513
v 108.649147 58.035473 89.977928
v 109.070824 57.968006 89.702293
v 108.713249 58.003727 92.985741
v 109.122437 57.885033 93.238106
v 108.806084 58.552402 90.072968
v 109.182426 58.505684 89.780991
v 109.008804 58.293133 92.980904
v 108.942131 58.651073 92.643318
v 109.017365 58.880245 90.020714
v 108.679886 59.195755 90.998650
v 108.933128 59.216156 90.461861
v 108.767494 59.137611 91.950630
v 109.078949 59.104477 92.323990
v 108.950592 59.663895 91.011749
v 109.111992 59.721252 90.556976
v 109.049377 59.735489 91.486298
v 109.022682 59.461174 91.983597
v 109.117081 59.976444 91.008453
v 109.003265 73.361023 83.986412
v 109.090118 73.302170 83.528358
v 109.111824 73.035385 83.995880
v 109.113098 73.292267 84.446686
v 108.963768 73.915405 83.081528
v 109.147995 73.918831 82.705399
v 109.092201 73.599327 83.055023
v 108.918938 73.854195 83.965027
v 109.053154 73.836494 84.476601
v 108.815712 74.454933 83.019699
v 109.004974 74.400963 82.477394
v 108.858055 74.425041 83.964188
v 109.052193 74.419815 84.472160
v 108.782707 75.064453 82.065102
v 109.118034 75.119492 81.729309
v 109.030632 74.745796 82.033501
v 108.610970 74.978401 83.017982
v 108.818680 75.011292 83.959312
v 109.084702 75.025536 84.470329
v 109.124077 75.523277 81.627838
v 108.767395 75.566360 83.929054
v 109.101845 75.577705 84.340874
v 109.033058 75.839439 82.004326
v 109.005196 76.143188 82.516533
v 108.863602 76.114525 83.886238
v 109.185074 76.070450 84.224129
v 109.014503 76.320648 83.035095
v 109.104256 76.359772 83.903763
v 109.013054 44.671776 96.039566
v 109.065056 44.624832 97.000885
v 109.065384 44.611843 97.993889
v 108.958542 44.546085 98.918060
v 109.080231 45.225819 95.059341
v 109.190437 45.139431 96.008362
v 109.185730 45.133915 96.997124
v 109.105003 45.099834 97.976250
v 109.206261 45.779793 94.051880
v 109.366463 45.692390 95.018471
v 109.297386 45.705818 95.994225
v 109.213989 45.703365 96.991867
v 109.045967 45.637005 97.926300
v 109.227295 46.371880 93.063049
v 109.496925 46.355125 93.532372
v 109.470787 46.085266 94.023369
v 109.511475 46.040123 94.987770
v 109.496857 46.325340 95.458305
v 109.364487 46.271683 96.006233
v 109.147682 46.260788 96.975235
v 109.382065 46.983932 92.777809
v 109.486435 46.646072 93.063385
v 109.303421 46.870117 96.000687
v 109.513031 46.878769 95.472969
v 109.023712 46.785191 96.904724
v 109.454987 47.482052 92.668922
v 109.136627 47.376740 95.932838
v 109.435692 47.410259 95.419342
v 109.161148 48.103142 92.093506
v 109.484558 48.034157 92.534927
v 109.363258 48.079819 95.045815
v 109.549133 47.743454 94.982941
v 109.627510 48.075817 94.532295
v 109.242294 48.648369 92.037720
v 109.551804 48.640648 92.514526
v 109.268234 48.634930 94.983505
v 109.565636 48.636871 94.492455
v 109.337715 49.200493 91.982460
v 109.621834 49.201111 92.469872
v 109.238441 49.222958 94.959885
v 109.547935 49.223610 94.483055
v 109.369812 49.907425 91.800972
v 109.528175 49.540039 92.037956
v 109.216202 49.802170 94.942520
v 109.532051 49.808758 94.474564
v 109.414871 50.409645 91.762520
v 109.138168 50.323109 94.881172
v 109.469841 50.415333 94.458084
v 109.425415 50.983425 91.748779
v 109.445351 50.961494 94.310295
v 109.437248 51.575020 91.716507
v 109.380882 51.472649 94.216301
v 109.469048 52.160805 91.656128
v 109.338074 52.177597 94.017990
v 109.528503 51.838070 93.962502
v 109.621834 52.176899 93.530128
v 109.161392 52.791077 91.093178
v 109.487061 52.721069 91.533165
v 109.240410 52.728554 93.961029
v 109.548004 52.736214 93.483627
v 109.242241 53.336334 91.037735
v 109.551445 53.328648 91.514702
v 109.140297 53.254475 93.885674
v 109.456833 53.329609 93.447655
v 109.337997 53.888451 90.982086
v 109.611626 53.889961 91.472565
v 109.407967 53.823826 93.268547
v 109.399918 54.588882 90.755867
v 109.536804 54.226738 91.035149
v 109.348122 54.525223 93.028320
v 109.531883 54.183193 92.966942
v 109.636032 54.526592 92.533607
v 109.548271 55.106285 90.611633
v 109.297997 55.083054 93.005371
v 109.666718 55.099251 92.531006
v 109.280746 55.678261 90.012085
v 109.643974 55.603710 90.346603
v 109.363197 55.636044 93.042870
v 109.703613 55.608990 92.679550
v 109.454765 56.383293 89.758331
v 109.572235 55.973259 90.016380
v 109.570084 55.968449 92.988205
v 109.397469 56.350250 93.221413
v 109.557266 56.867619 89.625732
v 109.504074 56.890732 93.291496
v 109.582436 57.429558 89.567223
v 109.552834 57.443054 93.345932
v 109.590683 58.011959 89.564903
v 109.593796 57.978703 93.310593
v 109.605865 58.587467 89.611320
v 109.314461 58.565205 92.957123
v 109.676804 58.393127 93.178223
v 109.236061 59.210232 89.979721
v 109.650711 59.149105 89.690910
v 109.623291 58.778996 92.906860
v 109.573708 59.198460 92.579773
v 109.349297 59.772057 90.068878
v 109.714882 59.759285 89.728493
v 109.253746 59.793106 91.985550
v 109.646599 59.725037 92.331810
v 109.531914 60.263176 90.069298
v 109.783752 60.269691 89.753731
v 109.323463 60.311001 90.996773
v 109.516243 60.258976 91.931725
v 109.783791 60.242577 92.203331
v 109.678078 60.590420 90.038452
v 109.571419 60.658566 91.002701
v 109.708145 60.551693 91.945206
v 109.578979 71.004898 85.063606
v 109.740700 70.995651 84.709343
v 109.713127 70.709137 85.043495
v 109.653336 70.651489 85.983986
v 109.550537 70.993019 85.952728
v 109.704605 70.949387 86.439209
v 109.463478 71.526718 85.020218
v 109.616806 71.476006 84.486374
v 109.479942 71.503998 85.960358
v 109.656235 71.493561 86.464760
v 109.504196 72.155312 84.081490
v 109.733719 72.166435 83.713455
v 109.656059 71.828758 84.052223
v 109.361069 72.084618 85.004570
v 109.466278 72.077591 85.953491
v 109.696487 72.094627 86.457390
v 109.280510 72.670128 84.025490
v 109.569107 72.632629 83.471474
v 109.305458 72.664330 84.995209
v 109.485016 72.650970 85.935699
v 109.721199 72.640480 86.306480
v 109.328850 73.285500 83.035019
v 109.667656 73.340530 82.684181
v 109.604858 72.980331 83.024323
v 109.239548 73.224243 84.990868
v 109.551231 73.173409 85.897873
v 109.789261 73.142555 86.205070
v 109.541595 73.796104 82.370262
v 109.306618 73.816772 85.019341
v 109.582375 73.876686 85.529953
v 109.667999 73.492455 85.932655
v 109.312904 74.443611 82.026703
v 109.688927 74.539383 81.727753
v 109.600548 74.149185 82.025368
v 109.341927 74.418228 84.960915
v 109.677757 74.400375 85.341904
v 109.592018 75.022186 81.453827
v 109.420013 74.957458 84.903938
v 109.769630 74.901093 85.211639
v 109.525276 75.570358 81.182289
v 109.809494 75.579185 80.978622
v 109.660835 75.436882 81.128433
v 109.617752 75.274025 84.953247
v 109.509125 75.673897 84.665222
v 109.677101 75.638168 81.104736
v 109.532005 76.038727 81.952301
v 109.545937 76.273972 82.449341
v 109.603188 76.151047 84.441994
v 109.569458 76.494225 83.002190
v 109.417549 76.591507 83.969887
v 109.632263 76.650070 83.552521
v 109.691772 76.548096 84.202583
v 109.687683 76.686409 83.972008
v 109.628380 46.396538 94.029915
v 109.617378 46.378784 94.952774
v 109.600777 46.959835 93.093300
v 109.742767 46.898392 94.006744
v 109.665848 46.880592 94.952934
v 109.672607 47.480091 93.062248
v 109.774040 47.461868 93.995605
v 109.634361 47.397915 94.925636
v 109.700050 48.054203 93.042435
v 109.753006 48.028881 93.985275
v 109.725441 48.639175 93.033234
v 109.727661 48.637028 93.967171
v 109.755493 49.246635 93.014305
v 109.723595 49.224300 93.965103
v 109.612938 49.882919 92.092285
v 109.798492 49.815041 93.004074
v 109.728081 49.809834 93.963058
v 109.662323 50.409061 92.071541
v 109.819832 50.396847 93.000252
v 109.712975 50.393452 93.956131
v 109.681587 50.983410 92.067520
v 109.817703 50.981129 93.000160
v 109.676346 50.967960 93.937325
v 109.679558 51.568333 92.067101
v 109.795731 51.562817 92.996132
v 109.613335 51.494846 93.908287
v 109.691551 52.155941 92.054558
v 109.752831 52.131203 92.985771
v 109.699142 52.741474 92.042061
v 109.719406 52.737801 92.965897
v 109.711983 53.326954 92.034843
v 109.671783 53.312710 92.952919
v 109.727966 53.934093 92.012238
v 109.612404 53.838673 92.913544
v 109.651093 54.574051 91.080994
v 109.764259 54.479462 91.988304
v 109.864960 55.089027 91.029755
v 109.904663 55.057831 91.995415
v 110.031540 55.741512 90.690186
v 110.063835 55.442657 91.031708
v 110.072891 55.435791 91.970871
v 110.027496 55.740120 92.308060
v 109.853752 56.276615 90.024651
v 110.195885 56.212883 90.462357
v 109.778984 56.298450 92.934021
v 110.154968 56.263828 92.489189
v 110.038857 56.971146 89.761108
v 110.142517 56.574493 90.030586
v 109.931770 56.817818 93.025162
v 110.285721 56.782619 92.675896
v 110.143753 57.452312 89.619522
v 110.155930 57.141167 92.986938
v 109.976105 57.521523 93.209618
v 110.168571 58.014374 89.550140
v 110.014000 58.011299 93.219421
v 110.168427 58.600563 89.526321
v 110.002792 58.415493 93.140434
v 110.170799 59.186806 89.529984
v 110.116333 58.777126 92.901054
v 110.198761 59.230553 92.650223
v 110.168526 59.774750 89.498718
v 110.173508 59.767189 92.480423
v 110.174950 60.331013 89.417900
v 110.199173 60.326027 92.357437
v 109.868240 60.948360 90.014099
v 110.154465 60.916935 89.520813
v 109.773346 60.983509 90.997887
v 109.973709 60.853252 91.921745
v 110.280304 60.746822 92.201393
v 110.078369 61.447277 90.038658
v 110.284279 61.484097 89.560371
v 110.081192 61.427788 90.968407
v 110.264931 61.440693 91.422958
v 110.238205 61.104385 91.907318
v 110.243881 61.776920 90.017792
v 110.275925 61.740261 90.974968
v 110.164093 68.667221 86.985130
v 110.235008 68.594185 86.516434
v 110.260605 68.327530 86.991203
v 110.287415 68.604340 87.442619
v 110.127953 69.224213 86.079361
v 110.311234 69.225731 85.698326
v 110.248383 68.889656 86.037323
v 110.089859 69.166008 86.965324
v 110.232185 69.151733 87.471695
v 109.987648 69.766968 86.019737
v 110.175797 69.712570 85.476913
v 110.030121 69.737045 86.964172
v 110.222313 69.732193 87.472733
v 109.947403 70.371819 85.059425
v 110.255104 70.408890 84.682884
v 110.198227 70.053749 85.027740
v 109.781830 70.289848 86.017960
v 109.987595 70.323486 86.960281
v 110.254227 70.338638 87.472420
v 110.124527 70.862823 84.366394
v 109.919540 70.885307 86.941353
v 110.259789 70.896942 87.355865
v 109.906143 71.518188 84.033409
v 110.272545 71.600853 83.715828
v 110.182076 71.213196 84.018074
v 109.954582 71.484550 86.936813
v 110.303383 71.472107 87.279152
v 110.169327 72.078087 83.435104
v 110.022026 72.009544 86.885101
v 110.344917 71.903122 87.159180
v 109.909637 72.705353 83.045097
v 110.259354 72.851379 82.766289
v 110.213745 72.476089 83.081146
v 110.225914 72.259514 86.903709
v 110.150017 72.687912 86.604103
v 110.191902 73.300804 82.462883
v 110.192978 73.214279 86.396713
v 109.905396 73.887108 82.064552
v 110.167824 74.102882 81.878265
v 110.170105 73.718361 82.134201
v 109.919327 73.787384 85.941261
v 110.269577 73.643745 86.207169
v 110.164055 74.491135 81.651169
v 110.208748 74.034157 85.926811
v 110.147743 74.444969 85.603065
v 110.194328 74.991524 81.398743
v 110.184540 74.944252 85.354729
v 109.944427 75.587646 80.983589
v 110.101601 75.420448 81.114563
v 109.901680 75.549629 84.939804
v 110.174850 75.332748 85.133064
v 110.076515 75.719238 81.144531
v 109.877579 76.172211 82.003677
v 110.231583 75.991730 81.579483
v 110.170502 75.725159 84.879662
v 110.165802 76.153770 84.571030
v 110.225830 76.287079 82.063072
v 110.116020 76.633827 82.947960
v 110.154709 76.760300 83.473701
v 110.168022 76.577797 84.254456
v 110.192871 76.756165 83.959869
v 110.231216 55.764759 91.052513
v 110.226204 55.766174 91.945534
v 110.489548 56.241848 91.003815
v 110.469193 56.252392 91.985718
v 110.425781 56.876625 90.034927
v 110.737114 56.855431 90.508430
v 110.730064 56.571819 91.006874
v 110.702927 56.593445 91.976700
v 110.672379 56.921494 92.327637
v 110.623665 57.558041 89.762650
v 110.717041 57.172115 90.037033
v 110.361557 57.467506 92.925201
v 110.748100 57.425831 92.565491
v 110.729729 58.038071 89.620110
v 110.421127 58.012844 92.957466
v 110.835892 58.015388 92.636169
v 110.754356 58.600266 89.537865
v 110.354416 58.546089 92.908508
v 110.803833 58.632839 92.658150
v 110.751793 59.184101 89.468132
v 110.762741 59.193714 92.569939
v 110.715904 59.720810 89.329399
v 110.753998 59.771881 92.498352
v 110.576447 60.414291 89.098267
v 110.926727 60.530392 88.838722
v 110.805084 60.167889 89.084724
v 110.755531 60.349125 92.429596
v 110.525352 60.944805 89.059387
v 110.897705 60.957153 88.753540
v 110.800774 60.866722 92.291336
v 110.540573 61.534111 89.079979
v 110.901268 61.518059 88.753456
v 110.734169 61.288658 92.019455
v 110.704033 61.628716 91.660973
v 110.684067 62.043610 89.085312
v 110.960381 62.021393 88.793877
v 110.409424 62.119030 89.989944
v 110.529884 62.064186 90.947716
v 110.830864 62.041767 91.332275
v 110.818329 62.379627 89.037910
v 110.663010 62.606258 89.996544
v 110.795853 62.683849 89.510185
v 110.788795 62.678738 90.490204
v 110.779709 62.391518 90.984047
v 110.813438 62.948391 90.004562
v 110.725471 66.307556 88.048927
v 110.894272 66.282776 87.577385
v 110.848854 65.983894 88.020409
v 110.811501 65.957695 88.987030
v 110.723083 66.304993 88.952492
v 110.887726 66.261200 89.434235
v 110.621979 66.836838 88.017029
v 110.737068 66.791626 87.476898
v 110.673515 66.815796 88.951698
v 110.876503 66.821945 89.455566
v 110.644295 67.468933 87.057228
v 110.864899 67.481689 86.591225
v 110.793381 67.114174 87.013138
v 110.540565 67.396759 88.004417
v 110.672836 67.377312 88.934998
v 110.885048 67.371925 89.327560
v 110.692413 68.075844 86.094429
v 110.925880 68.152527 85.818657
v 110.855377 67.851326 86.122215
v 110.402466 67.974945 87.015106
v 110.495949 67.972565 87.985451
v 110.723808 67.903381 88.902573
v 110.951126 67.879875 89.229095
v 110.433846 68.545624 86.013626
v 110.804344 68.600189 85.635803
v 110.463242 68.516174 87.995895
v 110.698303 68.588531 88.535988
v 110.818909 68.242607 88.957199
v 110.702995 69.089745 85.358009
v 110.485558 69.148903 87.986717
v 110.815361 69.166161 88.485840
v 110.484863 69.755371 85.026962
v 110.859779 69.851173 84.726578
v 110.770248 69.458664 85.023079
v 110.520142 69.728737 87.955292
v 110.863976 69.715958 88.327286
v 110.754639 70.319145 84.434807
v 110.591454 70.269501 87.904388
v 110.943596 70.212997 88.209129
v 110.486824 70.941521 84.042946
v 110.845848 71.106239 83.803459
v 110.796257 70.727768 84.092751
v 110.789627 70.586143 87.953339
v 110.672081 70.995697 87.673439
v 110.766068 71.526100 83.582420
v 110.758347 71.484642 87.484390
v 110.755020 71.989281 83.340385
v 110.767639 71.942719 87.268913
v 110.748116 72.811539 82.746521
v 110.753975 72.406189 83.037170
v 110.756340 72.351082 86.978821
v 110.751747 72.775002 86.696510
v 110.748833 73.263382 82.529549
v 110.753563 73.238403 86.469589
v 110.436096 73.880035 82.052612
v 110.837105 73.739182 82.318771
v 110.754654 73.690331 86.250298
v 110.633598 74.546890 81.751198
v 110.745552 74.140762 82.021164
v 110.753983 74.085518 85.954132
v 110.751968 74.495529 85.623169
v 110.725815 75.030388 81.573982
v 110.717773 74.938660 85.331909
v 110.255096 75.586060 81.180214
v 110.693275 75.580124 81.476311
v 110.449509 75.564774 84.967850
v 110.779755 75.359726 85.026169
v 110.822937 75.731895 84.703362
v 110.735161 76.038902 81.711357
v 110.739838 76.158272 84.458992
v 110.736893 76.373650 82.081528
v 110.466789 76.739647 83.007439
v 110.789558 76.614456 82.571823
v 110.649162 76.549721 84.201317
v 110.812912 76.770111 83.070801
v 110.676773 76.742447 83.909378
v 110.987350 56.897873 91.014221
v 110.961472 56.922794 91.963127
v 111.005966 57.469276 90.039131
v 111.282326 57.468639 90.521042
v 111.245071 57.210350 91.016403
v 111.204117 57.238167 91.951759
v 111.145912 57.527454 92.243347
v 111.204628 58.146641 89.766098
v 111.300079 57.760914 90.042595
v 111.270981 58.057262 92.338272
v 111.310722 58.626522 89.630371
v 111.312218 58.611530 92.428574
v 111.339333 59.184792 89.501152
v 111.330315 59.185780 92.442291
v 111.340584 59.661282 89.307640
v 111.331001 59.772064 92.438843
v 111.352470 60.498051 88.749405
v 111.342728 60.084576 89.021347
v 111.327744 60.356724 92.418503
v 111.353783 60.957726 88.606720
v 111.339966 60.912937 92.343529
v 111.352196 61.529785 88.579369
v 111.056168 61.512676 91.979324
v 111.426743 61.325047 92.188278
v 111.359337 62.106384 88.585335
v 111.379166 61.713337 91.912262
v 111.330727 62.129192 91.580978
v 110.987358 62.739452 89.000359
v 111.374649 62.670219 88.607635
v 111.011452 62.722527 90.988640
v 111.404808 62.654934 91.331535
v 111.129219 63.280872 89.026260
v 111.412773 63.264931 88.518532
v 110.953697 63.313896 89.993950
v 111.237801 63.221401 90.926735
v 111.534332 63.187519 91.217072
v 111.169098 63.872425 89.029099
v 111.367943 63.878532 88.514229
v 111.123299 63.854092 89.986946
v 111.294067 63.897583 90.533699
v 111.392921 63.556683 90.963905
v 111.157822 64.482857 89.013969
v 111.296707 64.436295 88.466621
v 111.195992 64.459389 89.962646
v 111.417496 64.473999 90.478012
v 111.252571 65.116791 88.076248
v 111.517448 65.143120 87.752258
v 111.393181 64.775688 88.032913
v 111.065865 65.051079 89.003815
v 111.212463 65.047653 89.945335
v 111.449364 65.036758 90.345901
v 111.037285 65.629211 88.015923
v 111.382195 65.646309 87.533577
v 110.925934 65.588249 89.015945
v 111.187996 65.636993 89.938309
v 111.477554 65.624359 90.289032
v 111.193581 66.300179 87.104866
v 111.506516 66.393326 86.828056
v 111.411987 66.066170 87.112053
v 111.120667 66.192551 89.918144
v 111.485947 66.205498 90.249168
v 111.013123 66.791611 86.992943
v 111.393509 66.850571 86.660057
v 111.182808 66.752655 89.900581
v 111.533165 66.701775 90.204285
v 111.341408 67.324265 86.385902
v 111.371193 67.074615 89.960701
v 111.263107 67.472816 89.671387
v 111.349846 68.116142 85.718414
v 111.346741 67.719940 86.038055
v 111.349152 67.968430 89.480225
v 111.348923 68.586647 85.432083
v 111.015373 68.575157 89.001320
v 111.414970 68.510757 89.294258
v 111.075783 69.196388 85.063026
v 111.339813 69.414879 84.878258
v 111.341919 69.023529 85.128868
v 111.174240 69.079994 88.898575
v 111.500549 68.962112 89.151093
v 111.336060 69.802872 84.650414
v 111.395302 69.318817 88.892899
v 111.326485 69.745842 88.582977
v 111.364380 70.291924 84.387207
v 111.355888 70.256607 88.353600
v 111.247261 71.106461 83.804405
v 111.303741 70.711601 84.076942
v 111.073601 70.861748 87.939919
v 111.346878 70.644760 88.133133
v 111.315132 71.532883 83.613625
v 111.342476 71.037094 87.879555
v 111.334946 71.475822 87.583366
v 111.359436 72.052597 83.392830
v 111.331390 71.944771 87.290703
v 111.163040 72.841309 82.844154
v 111.281876 72.485397 83.101379
v 111.338554 72.349991 86.977211
v 111.345131 72.754951 86.658134
v 111.206001 73.268829 82.717865
v 111.320953 73.220078 86.415771
v 111.269302 73.837204 82.618874
v 111.238007 73.641121 86.205299
v 111.017784 74.448288 82.032471
v 111.352715 74.379654 82.472046
v 111.288383 74.004814 85.906746
v 111.307785 74.408676 85.473335
v 111.131683 75.111290 81.795006
v 111.262436 74.759323 82.059074
v 111.185684 74.844009 85.223869
v 111.154602 75.594109 81.754921
v 111.259781 75.177361 84.902100
v 111.279182 75.574188 84.465858
v 111.142281 75.998894 81.845284
v 111.158630 76.073807 84.243073
v 111.219643 76.273346 82.140106
v 111.222519 76.548141 82.609840
v 110.977013 76.647331 83.926689
v 111.238297 76.407921 83.935493
v 111.228729 76.647888 83.466202
v 111.206375 76.709747 83.022400
v 111.444893 57.518948 91.023567
v 111.383560 57.532688 91.937057
v 111.550560 58.075542 90.058830
v 111.741249 57.970837 90.999184
v 111.616104 58.021641 91.962822
v 111.722588 58.712948 89.795952
v 111.807014 58.398975 90.053856
v 111.938004 58.299179 91.002625
v 111.820435 58.372753 91.957954
v 111.716843 58.701138 92.205620
v 111.869339 59.228054 89.657509
v 111.781097 59.198887 92.249664
v 111.926125 59.702271 89.380150
v 111.795448 59.772636 92.271187
v 111.915138 60.495819 88.741524
v 111.923523 60.099678 89.039124
v 111.798637 60.357693 92.274719
v 111.924873 60.956791 88.582184
v 111.783150 60.929123 92.238914
v 111.925072 61.530766 88.498672
v 111.761848 61.345417 92.142853
v 111.905563 62.110893 88.422783
v 111.874428 61.707092 91.900780
v 111.957207 62.159531 91.649498
v 111.831749 62.607826 88.299652
v 111.931084 62.698322 91.483513
v 111.759285 63.337753 88.091728
v 112.119102 63.390297 87.798668
v 111.957222 63.017311 88.039116
v 111.951286 63.273575 91.387421
v 111.678741 63.882919 88.037971
v 112.058380 63.887173 87.732498
v 111.600891 63.888298 91.002426
v 112.003914 63.826061 91.293289
v 111.585732 64.435715 87.983490
v 111.991928 64.495827 87.686378
v 111.741188 64.411804 90.922798
v 112.112823 64.356583 91.211769
v 111.939911 65.059052 87.556786
v 111.954277 64.732010 90.963707
v 111.839058 65.139183 90.681084
v 111.919586 65.539162 87.338501
v 111.919113 65.639038 90.534592
v 111.937904 66.355667 86.741676
v 111.929588 65.951637 87.028748
v 111.936333 66.213867 90.444611
v 111.928200 66.815292 86.535645
v 111.955582 66.769936 90.343422
v 111.927200 67.285080 86.315567
v 111.654755 67.361557 89.960442
v 112.019882 67.188538 90.191078
v 111.912300 68.111382 85.731712
v 111.924080 67.703751 86.022682
v 111.963730 67.584358 89.923996
v 111.898453 68.016434 89.633774
v 111.921341 68.571030 85.519707
v 111.925591 68.529747 89.403488
v 111.608086 69.192055 85.052628
v 112.010643 69.051453 85.317795
v 111.842026 68.948135 89.198303
v 111.807556 69.857506 84.747223
v 111.917572 69.452759 85.021179
v 111.888939 69.334854 88.915939
v 111.941475 69.759552 88.596771
v 111.910828 70.336853 84.537224
v 111.887680 70.242180 88.318985
v 111.611153 70.935745 84.038544
v 112.001083 70.824173 84.331192
v 111.621544 70.876747 87.967827
v 111.951561 70.671608 88.025902
v 111.994965 71.043922 87.703369
v 111.741356 71.591652 83.777939
v 111.894135 71.221870 84.040710
v 111.912788 71.471992 87.461205
v 111.810280 72.094139 83.677773
v 111.827400 71.891449 87.222580
v 111.484589 72.734528 83.115425
v 111.824341 72.639938 83.539536
v 111.874138 72.247253 86.907867
v 111.891563 72.654495 86.473953
v 111.560165 73.258415 83.056580
v 111.872864 73.250320 83.527618
v 111.748772 73.143463 86.242989
v 111.592972 73.843056 83.024834
v 111.860817 73.830719 83.530968
v 111.574188 73.768936 85.937286
v 111.844292 73.489082 85.942787
v 111.861046 73.798714 85.475670
v 111.619240 74.472824 83.008270
v 111.812767 74.380074 83.552635
v 111.676720 74.439148 85.008904
v 111.888283 74.109802 84.988297
v 111.869499 74.398071 84.487259
v 111.363464 75.081078 82.100189
v 111.613380 75.011063 83.008820
v 111.841637 74.659546 84.002922
v 111.716141 75.027100 83.991066
v 111.421127 74.922554 84.916542
v 111.392456 75.592819 82.077080
v 111.564697 75.589684 83.002174
v 111.519257 75.558479 83.973625
v 111.324554 76.076889 82.106812
v 111.483727 76.151810 82.999908
v 111.375229 76.099632 83.915245
v 111.324623 76.608154 83.010925
v 111.991310 58.701771 90.066360
v 112.185463 58.646179 91.000397
v 111.971321 58.694283 91.925156
v 112.259361 59.168205 90.008781
v 112.460297 59.215721 90.512627
v 112.391762 58.982651 90.993042
v 112.385994 59.241840 91.439201
v 112.139931 59.177895 91.918686
v 112.430840 59.835735 89.572052
v 112.507072 59.486137 90.008888
v 112.176445 59.771580 91.961922
v 112.535576 59.802284 91.488747
v 112.406113 60.556580 88.801781
v 112.452278 60.211929 89.103264
v 112.202919 60.356323 91.980408
v 112.575645 60.358742 91.612183
v 112.481438 60.975113 88.640854
v 112.195305 60.940670 91.974449
v 112.593018 60.944416 91.635872
v 112.506866 61.534428 88.518967
v 112.110092 61.474480 91.906387
v 112.550781 61.563591 91.637154
v 112.482605 62.063946 88.342949
v 112.522644 62.117455 91.554039
v 112.240440 62.730091 88.038834
v 112.605850 62.905838 87.818321
v 112.549950 62.510311 88.079285
v 112.512466 62.701759 91.503342
v 112.529686 63.322117 87.671646
v 112.511536 63.288918 91.469826
v 112.524338 63.877960 87.595856
v 112.520050 63.871544 91.429520
v 112.515533 64.462608 87.546021
v 112.541519 64.426270 91.343452
v 112.511581 65.041954 87.466904
v 112.240601 65.017708 90.960571
v 112.605904 64.844437 91.190872
v 112.514389 65.517403 87.296120
v 112.549507 65.240402 90.924362
v 112.478477 65.688637 90.667358
v 112.499275 66.357292 86.745155
v 112.510071 65.945686 87.022583
v 112.511154 66.214714 90.499527
v 112.502480 66.822205 86.566376
v 112.492088 66.768219 90.362900
v 112.536911 67.358284 86.384277
v 112.418854 67.188744 90.191536
v 112.335342 68.151398 85.841057
v 112.454376 67.795731 86.099167
v 112.473518 67.575340 89.913040
v 112.528038 68.002373 89.598900
v 112.377975 68.580818 85.717857
v 112.471748 68.491158 89.326042
v 112.441322 69.149216 85.618866
v 112.212448 69.134071 88.984985
v 112.537476 68.913635 89.025055
v 112.572067 69.267998 88.678276
v 112.189812 69.760284 85.032463
v 112.524704 69.691643 85.472023
v 112.472412 69.708542 88.382851
v 112.313225 70.422646 84.776054
v 112.434525 70.071312 85.058952
v 112.344620 70.160583 88.198555
v 112.383347 70.921890 84.670242
v 112.430916 70.488251 87.899750
v 112.451210 70.886185 87.465858
v 112.083504 71.546700 84.101006
v 112.394066 71.470116 84.546013
v 112.330803 71.386070 87.243385
v 112.157127 72.110954 84.066879
v 112.381172 72.034622 84.561058
v 112.160423 72.010475 86.937950
v 112.419106 71.727638 86.939178
v 112.438446 72.033714 86.473602
v 112.111458 72.663879 84.037643
v 112.460747 72.341339 85.009850
v 112.335175 72.704643 84.984932
v 112.232338 72.666557 85.989120
v 112.436157 72.320831 85.986046
v 112.073296 73.248627 84.038803
v 112.169975 73.234894 84.993858
v 112.002937 73.171852 85.923706
v 112.017372 73.820374 84.034859
v 112.016312 73.758568 84.954536
v 111.935715 74.318893 84.014656
v 112.559387 59.294285 90.985527
v 112.745415 59.813316 90.036346
v 112.791946 59.776814 90.986229
v 112.743301 60.435688 89.063301
v 113.023872 60.412544 89.529198
v 113.001663 60.140125 90.018066
v 112.976257 60.136566 90.963097
v 112.905388 60.442200 91.256721
v 112.900414 61.051563 88.790688
v 113.015755 60.706223 89.058548
v 112.972687 60.957272 91.316002
v 113.030960 61.575054 88.672066
v 113.035294 61.569077 91.348000
v 113.094719 62.114628 88.439232
v 113.075333 62.126938 91.402290
v 112.936852 62.887665 87.849457
v 113.040527 62.539055 88.115501
v 113.085548 62.703224 91.422966
v 113.020020 63.341213 87.723953
v 113.089226 63.288074 91.439224
v 113.073181 63.887829 87.619400
v 113.086212 63.871086 91.418152
v 113.087433 64.462189 87.574890
v 113.069649 64.426315 91.346184
v 113.094177 65.048218 87.516808
v 113.004189 64.844513 91.191032
v 113.122452 65.598831 87.383255
v 113.061150 65.236069 90.917313
v 113.118027 65.668770 90.616646
v 112.921577 66.392891 86.842033
v 113.040375 66.037750 87.099167
v 113.072838 66.193947 90.411652
v 112.959839 66.821304 86.735680
v 112.978058 66.683693 90.251114
v 112.994263 67.397331 86.662712
v 112.781372 67.356697 89.960548
v 113.086311 67.083481 89.978912
v 113.151390 67.452316 89.646065
v 112.656555 68.046516 86.115410
v 112.998512 67.950523 86.537453
v 113.045227 67.940773 89.365707
v 112.732147 68.570419 86.056580
v 113.044861 68.562332 86.527618
v 112.925461 68.398201 89.191498
v 112.764961 69.155060 86.024841
v 113.032822 69.142731 86.530975
v 113.001572 68.713089 88.894791
v 112.993767 69.070480 88.426140
v 112.791260 69.784866 86.008308
v 112.984802 69.692093 86.552658
v 112.840904 69.747864 87.995361
v 113.046432 69.415428 87.980095
v 113.037766 69.708542 87.486183
v 112.540314 70.394165 85.098442
v 112.785385 70.323051 86.008812
v 113.013672 69.971550 87.002968
v 112.888748 70.339325 86.991295
v 112.587723 70.230423 87.912888
v 112.603020 70.919235 85.062675
v 112.746399 70.903282 86.001137
v 112.691170 70.870438 86.973648
v 112.601128 71.482338 85.050453
v 112.685707 71.474190 85.993660
v 112.548874 71.412170 86.914619
v 112.550697 71.993172 85.047173
v 112.571335 71.982544 85.971542
v 113.190483 60.455013 90.026978
v 113.114456 60.453197 90.932793
v 113.189789 61.019543 89.075485
v 113.449295 60.939072 90.003448
v 113.253410 60.963573 90.943771
v 113.420647 61.515160 89.015823
v 113.627281 61.554871 89.513947
v 113.607498 61.291855 90.003059
v 113.632507 61.555443 90.487160
v 113.433609 61.496498 90.989288
v 113.525688 62.200188 88.718063
v 113.621429 61.853230 89.035492
v 113.600967 61.857479 90.956017
v 113.469574 62.214176 91.197731
v 113.268349 62.770554 88.095413
v 113.658554 62.712658 88.518326
v 113.525795 62.716633 91.244835
v 113.444565 63.267094 87.978287
v 113.788574 63.234119 88.335114
v 113.548058 63.288841 91.262695
v 113.492538 63.966984 87.786690
v 113.666039 63.589577 88.019257
v 113.544113 63.863434 91.258461
v 113.543190 64.471542 87.743752
v 113.491928 64.358910 91.205841
v 113.554482 65.050407 87.719666
v 113.364120 65.009758 90.955551
v 113.645584 64.725342 90.954735
v 113.730530 65.102791 90.638451
v 113.570137 65.638725 87.669975
v 113.637413 65.601707 90.372307
v 113.242836 66.288666 87.115440
v 113.571091 66.196785 87.543121
v 113.493721 66.116013 90.224129
v 113.312889 66.813789 87.061676
v 113.610489 66.800484 87.536087
v 113.359024 66.775200 89.966019
v 113.613335 66.467201 89.943954
v 113.654198 66.821541 89.510536
v 113.344788 67.415855 87.055954
v 113.567085 67.348625 87.555740
v 113.532654 67.311890 89.299721
v 113.286636 67.975632 87.036591
v 113.632751 67.653305 88.009430
v 113.506378 68.016602 87.984962
v 113.385048 67.972397 88.970039
v 113.573303 67.617195 88.966019
v 113.244949 68.560715 87.039070
v 113.336052 68.544853 87.993324
v 113.147514 68.463219 88.908684
v 113.187820 69.132195 87.034714
v 113.172920 69.062492 87.949669
v 113.108536 69.631180 87.014595
v 113.740974 61.633904 89.999329
v 113.770576 62.189137 89.070572
v 113.902046 62.139450 90.000504
v 113.716270 62.193626 90.910492
v 113.985222 62.696907 89.015587
v 114.083702 62.664555 90.013077
v 113.817070 62.719456 90.934364
v 114.111176 63.364510 88.704369
v 114.165054 63.057388 89.032707
v 114.218742 63.024681 89.990562
v 114.153473 63.329281 90.444435
v 113.916397 63.268757 90.930771
v 113.847954 63.923542 88.092979
v 114.153809 63.868134 88.547783
v 113.901451 63.865730 90.939621
v 114.195244 63.876575 90.463188
v 113.901459 64.468292 88.060410
v 114.195244 64.457428 88.536812
v 113.843445 64.407700 90.902977
v 114.151711 64.465538 90.451248
v 113.920570 65.067535 88.066971
v 114.153465 65.004730 88.555527
v 114.102463 64.963631 90.285706
v 113.853455 65.631470 88.049721
v 114.218742 65.309303 89.009430
v 114.097939 65.675278 88.985504
v 113.973335 65.630341 89.970367
v 114.159164 65.272789 89.964729
v 113.823288 66.217140 88.042793
v 113.951958 66.211090 88.995552
v 113.758926 66.140442 89.919289
v 113.788101 66.792786 88.039841
v 113.822342 66.768814 88.980042
v 113.717896 67.304253 88.046204
v 113.697800 67.292763 88.940765
v 114.278473 63.384212 89.062469
v 114.305084 63.373577 89.953705
v 114.350685 63.887474 89.047531
v 114.364006 63.884548 89.959122
v 114.363998 64.449463 89.040886
v 114.350708 64.446541 89.952477
v 114.305061 64.960426 89.046303
v 114.277321 64.949471 89.936920
# 1742 vertices, 0 vertices normals

f 3 2 1
f 1 4 3
f 2 5 1
f 1 5 4
f 8 7 6
f 2 3 6
f 3 8 6
f 3 9 8
f 11 10 4
f 10 3 4
f 10 9 3
f 11 12 10
f 15 14 13
f 15 13 7
f 13 6 7
f 13 16 6
f 17 5 2
f 6 17 2
f 16 17 6
f 11 4 5
f 17 11 5
f 18 11 17
f 12 11 19
f 19 11 18
f 13 14 20
f 20 14 21
f 13 22 16
f 13 20 22
f 16 23 17
f 16 22 23
f 17 24 18
f 17 23 24
f 19 18 25
f 25 18 24
f 20 21 26
f 26 21 27
f 20 28 22
f 20 26 28
f 22 29 23
f 22 28 29
f 23 30 24
f 23 29 30
f 25 24 31
f 31 24 30
f 27 32 26
f 26 32 28
f 28 32 33
f 28 33 29
f 29 33 34
f 29 34 30
f 30 34 35
f 30 35 31
f 38 37 36
f 40 39 36
f 36 39 38
f 7 8 40
f 8 39 40
f 8 41 39
f 42 8 9
f 42 41 8
f 43 9 10
f 43 42 9
f 10 12 43
f 43 12 44
f 47 46 45
f 47 45 37
f 45 36 37
f 45 48 36
f 48 14 15
f 40 48 15
f 36 48 40
f 40 15 7
f 19 44 12
f 19 49 44
f 45 46 50
f 50 46 51
f 45 52 48
f 45 50 52
f 52 21 14
f 52 14 48
f 25 49 19
f 25 53 49
f 51 54 50
f 56 55 54
f 55 50 54
f 55 52 50
f 55 27 21
f 55 21 52
f 31 53 25
f 31 57 53
f 56 58 55
f 58 60 59
f 58 59 32
f 55 58 32
f 27 55 32
f 61 33 32
f 61 32 59
f 62 34 33
f 62 33 61
f 63 35 34
f 63 34 62
f 63 64 35
f 64 31 35
f 64 57 31
f 60 65 59
f 59 65 61
f 61 65 66
f 68 67 66
f 67 61 66
f 67 62 61
f 70 63 69
f 63 67 69
f 63 62 67
f 63 70 64
f 68 71 67
f 67 71 69
f 74 73 72
f 76 75 72
f 72 75 74
f 78 77 76
f 76 77 75
f 78 79 77
f 82 81 80
f 84 83 80
f 80 83 82
f 83 84 73
f 73 84 72
f 84 37 72
f 37 38 72
f 72 38 39
f 72 39 76
f 76 39 41
f 76 41 78
f 85 79 78
f 41 85 78
f 42 85 41
f 87 85 86
f 85 43 86
f 85 42 43
f 44 86 43
f 80 81 88
f 88 81 89
f 88 46 47
f 84 88 47
f 80 88 84
f 84 47 37
f 90 87 86
f 86 44 90
f 44 91 90
f 44 49 91
f 94 93 92
f 94 92 89
f 92 88 89
f 92 95 88
f 95 51 46
f 95 46 88
f 53 91 49
f 53 96 91
f 92 93 97
f 97 93 98
f 92 99 95
f 92 97 99
f 100 54 51
f 95 100 51
f 99 100 95
f 100 56 54
f 57 96 53
f 57 101 96
f 98 102 97
f 97 102 99
f 99 102 103
f 105 104 103
f 104 99 103
f 104 100 99
f 106 58 56
f 100 106 56
f 104 106 100
f 106 60 58
f 64 101 57
f 64 107 101
f 105 108 104
f 104 108 106
f 106 108 109
f 106 109 60
f 109 65 60
f 109 110 65
f 65 111 66
f 110 111 65
f 113 112 68
f 66 113 68
f 111 113 66
f 70 69 112
f 113 70 112
f 114 70 113
f 64 70 107
f 107 70 114
f 112 71 68
f 71 112 69
f 117 116 115
f 73 74 115
f 74 117 115
f 74 118 117
f 119 74 75
f 119 118 74
f 121 119 120
f 119 77 120
f 119 75 77
f 79 120 77
f 124 123 122
f 81 82 122
f 82 124 122
f 82 125 124
f 83 115 116
f 125 83 116
f 82 83 125
f 115 83 73
f 126 121 120
f 126 120 79
f 85 126 79
f 127 126 85
f 85 87 127
f 127 87 128
f 131 130 129
f 131 129 123
f 129 122 123
f 129 132 122
f 132 89 81
f 132 81 122
f 87 90 133
f 134 87 133
f 128 87 134
f 91 133 90
f 129 130 135
f 135 130 136
f 135 93 94
f 132 135 94
f 129 135 132
f 132 94 89
f 137 134 133
f 133 91 137
f 91 138 137
f 91 96 138
f 135 136 139
f 139 136 140
f 139 98 93
f 139 93 135
f 143 142 141
f 142 138 141
f 138 101 141
f 138 96 101
f 139 140 144
f 144 140 145
f 146 102 98
f 139 146 98
f 144 146 139
f 147 103 102
f 147 102 146
f 147 105 103
f 143 141 148
f 143 148 149
f 107 148 101
f 101 148 141
f 145 150 144
f 144 150 146
f 146 150 151
f 146 151 147
f 147 151 152
f 147 152 105
f 152 108 105
f 152 153 108
f 108 154 109
f 153 154 108
f 109 155 110
f 154 155 109
f 110 156 111
f 155 156 110
f 111 157 113
f 156 157 111
f 148 114 149
f 114 157 149
f 114 113 157
f 114 148 107
f 159 158 117
f 117 158 116
f 160 117 118
f 160 159 117
f 161 118 119
f 161 160 118
f 119 121 161
f 161 121 162
f 164 163 124
f 124 163 123
f 165 124 125
f 165 164 124
f 125 116 158
f 125 158 165
f 166 162 121
f 166 121 126
f 168 166 167
f 166 127 167
f 166 126 127
f 128 167 127
f 170 169 131
f 131 169 130
f 131 123 163
f 131 163 170
f 171 168 167
f 167 128 171
f 128 172 171
f 128 134 172
f 175 174 173
f 169 175 173
f 136 169 173
f 130 169 136
f 134 137 176
f 177 134 176
f 172 134 177
f 138 176 137
f 173 174 178
f 178 174 179
f 178 140 136
f 178 136 173
f 177 176 142
f 143 177 142
f 180 177 143
f 142 176 138
f 178 179 181
f 181 179 182
f 181 145 140
f 181 140 178
f 185 184 183
f 184 180 183
f 180 149 183
f 180 143 149
f 181 182 186
f 186 182 187
f 188 150 145
f 181 188 145
f 186 188 181
f 189 151 150
f 189 150 188
f 151 189 190
f 191 151 190
f 152 151 191
f 152 192 153
f 191 192 152
f 153 193 154
f 192 193 153
f 154 194 155
f 193 194 154
f 155 195 156
f 194 195 155
f 183 157 185
f 157 195 185
f 157 156 195
f 157 183 149
f 186 187 196
f 196 187 197
f 186 198 188
f 186 196 198
f 188 199 189
f 188 198 199
f 190 189 200
f 200 189 199
f 196 197 201
f 201 197 202
f 196 203 198
f 196 201 203
f 205 199 204
f 199 203 204
f 199 198 203
f 199 205 200
f 202 206 201
f 201 206 203
f 203 206 207
f 203 207 204
f 208 158 159
f 160 209 159
f 159 209 208
f 161 210 160
f 160 210 209
f 162 210 161
f 212 211 164
f 164 211 163
f 213 164 165
f 213 212 164
f 165 158 208
f 214 165 208
f 213 165 214
f 214 208 209
f 214 209 215
f 215 209 210
f 215 210 216
f 218 216 217
f 217 216 166
f 216 210 166
f 210 162 166
f 168 217 166
f 220 219 170
f 170 219 169
f 170 163 211
f 170 211 220
f 221 218 217
f 223 221 222
f 222 221 171
f 221 217 171
f 217 168 171
f 172 222 171
f 225 224 175
f 175 224 174
f 175 169 219
f 175 219 225
f 223 222 226
f 223 226 227
f 177 226 172
f 172 226 222
f 224 179 174
f 228 179 224
f 231 230 229
f 229 230 227
f 226 229 227
f 232 229 226
f 180 232 177
f 177 232 226
f 228 182 179
f 233 182 228
f 236 235 234
f 234 235 231
f 229 234 231
f 237 234 229
f 185 237 184
f 237 232 184
f 237 229 232
f 184 232 180
f 233 187 182
f 238 187 233
f 240 239 191
f 240 191 190
f 191 241 192
f 239 241 191
f 192 242 193
f 241 242 192
f 234 194 236
f 194 242 236
f 194 193 242
f 194 234 195
f 195 234 237
f 195 237 185
f 238 197 187
f 243 197 238
f 200 240 190
f 200 244 240
f 247 246 245
f 243 247 245
f 202 243 245
f 197 243 202
f 204 248 205
f 248 249 205
f 249 200 205
f 249 244 200
f 245 246 250
f 250 246 251
f 252 206 202
f 245 252 202
f 250 252 245
f 253 207 206
f 253 206 252
f 253 254 207
f 207 254 204
f 254 255 204
f 255 248 204
f 248 255 249
f 258 257 256
f 258 256 251
f 256 250 251
f 256 259 250
f 250 260 252
f 250 259 260
f 262 253 261
f 253 260 261
f 253 252 260
f 253 262 254
f 256 257 263
f 263 257 264
f 256 265 259
f 256 263 265
f 267 260 266
f 260 265 266
f 260 259 265
f 260 267 261
f 264 268 263
f 263 268 265
f 265 268 269
f 265 269 266
f 271 270 212
f 212 270 211
f 272 212 213
f 272 271 212
f 273 213 214
f 273 272 213
f 275 273 274
f 273 215 274
f 273 214 215
f 216 276 215
f 215 276 274
f 218 276 216
f 278 277 220
f 220 277 219
f 220 211 270
f 220 270 278
f 279 275 274
f 281 280 279
f 274 281 279
f 276 281 274
f 221 282 218
f 282 276 218
f 282 281 276
f 223 282 221
f 284 283 225
f 225 283 224
f 225 219 277
f 225 277 284
f 280 281 285
f 280 285 286
f 287 281 282
f 285 281 287
f 227 287 223
f 223 287 282
f 283 228 224
f 288 228 283
f 286 285 289
f 286 289 290
f 231 289 230
f 289 287 230
f 289 285 287
f 230 287 227
f 288 233 228
f 291 233 288
f 294 293 292
f 296 295 292
f 296 292 293
f 295 296 290
f 295 290 289
f 236 295 289
f 235 236 289
f 235 289 231
f 291 238 233
f 297 238 291
f 299 298 239
f 299 239 240
f 292 241 294
f 241 298 294
f 241 239 298
f 241 292 242
f 242 292 295
f 242 295 236
f 302 301 300
f 297 302 300
f 243 297 300
f 238 297 243
f 244 299 240
f 244 303 299
f 306 305 304
f 306 304 301
f 301 304 300
f 304 246 300
f 246 247 300
f 300 247 243
f 249 303 244
f 249 307 303
f 310 309 308
f 310 308 305
f 308 304 305
f 308 311 304
f 311 251 246
f 311 246 304
f 254 312 255
f 312 313 255
f 313 249 255
f 313 307 249
f 308 309 314
f 314 309 315
f 314 257 258
f 311 314 258
f 308 314 311
f 311 258 251
f 261 316 262
f 316 317 262
f 262 317 254
f 317 318 254
f 318 312 254
f 312 318 313
f 321 320 319
f 321 319 315
f 319 314 315
f 319 322 314
f 322 264 257
f 322 257 314
f 266 323 267
f 323 324 267
f 267 324 261
f 324 325 261
f 325 316 261
f 316 325 317
f 328 327 326
f 328 326 320
f 326 319 320
f 326 329 319
f 319 330 322
f 319 329 330
f 331 268 264
f 322 331 264
f 330 331 322
f 332 269 268
f 332 268 331
f 332 333 269
f 269 333 266
f 333 334 266
f 334 323 266
f 323 334 324
f 326 327 335
f 335 327 336
f 326 337 329
f 326 335 337
f 329 338 330
f 329 337 338
f 330 339 331
f 330 338 339
f 341 332 340
f 332 339 340
f 332 331 339
f 332 341 333
f 335 336 342
f 342 336 343
f 335 344 337
f 335 342 344
f 346 338 345
f 338 344 345
f 338 337 344
f 338 346 339
f 339 346 347
f 339 347 340
f 343 348 342
f 342 348 344
f 344 348 349
f 344 349 345
f 352 351 350
f 350 353 352
f 356 355 354
f 356 354 351
f 354 350 351
f 354 357 350
f 353 350 358
f 358 350 357
f 354 355 359
f 359 355 360
f 354 361 357
f 354 359 361
f 358 357 362
f 362 357 361
f 359 360 363
f 363 360 364
f 359 365 361
f 359 363 365
f 362 361 366
f 366 361 365
f 363 364 367
f 367 364 368
f 363 369 365
f 363 367 369
f 366 365 370
f 370 365 369
f 367 368 371
f 371 368 372
f 374 369 373
f 369 371 373
f 369 367 371
f 369 374 370
f 371 372 375
f 375 372 376
f 373 371 377
f 377 371 375
f 375 376 378
f 378 376 379
f 377 375 380
f 380 375 378
f 379 381 378
f 378 381 380
f 382 270 271
f 272 383 271
f 271 383 382
f 273 384 272
f 272 384 383
f 275 384 273
f 386 385 278
f 278 385 277
f 278 270 382
f 387 278 382
f 386 278 387
f 387 382 383
f 387 383 388
f 390 389 388
f 383 390 388
f 384 390 383
f 279 391 275
f 391 384 275
f 391 390 384
f 280 391 279
f 393 392 284
f 284 392 283
f 284 277 385
f 284 385 393
f 389 390 394
f 389 394 395
f 396 390 391
f 394 390 396
f 286 396 280
f 280 396 391
f 392 288 283
f 397 288 392
f 395 394 398
f 395 398 399
f 400 394 396
f 398 394 400
f 290 400 286
f 286 400 396
f 397 291 288
f 401 291 397
f 404 403 402
f 402 403 399
f 402 399 398
f 294 402 398
f 293 294 398
f 293 398 296
f 296 398 400
f 296 400 290
f 401 297 291
f 405 297 401
f 404 402 298
f 299 404 298
f 406 404 299
f 298 402 294
f 408 407 302
f 302 407 301
f 302 297 405
f 302 405 408
f 303 406 299
f 303 409 406
f 411 410 306
f 306 410 305
f 306 301 407
f 306 407 411
f 307 409 303
f 307 412 409
f 414 413 310
f 310 413 309
f 310 305 410
f 310 410 414
f 313 412 307
f 313 415 412
f 418 417 416
f 413 418 416
f 315 413 416
f 309 413 315
f 420 419 318
f 420 318 317
f 313 318 415
f 415 318 419
f 423 422 421
f 423 421 417
f 417 421 416
f 421 320 416
f 320 321 416
f 416 321 315
f 425 424 325
f 425 325 324
f 317 325 420
f 420 325 424
f 421 422 328
f 422 327 328
f 422 426 327
f 421 328 320
f 428 427 334
f 428 334 333
f 324 334 425
f 425 334 427
f 431 430 429
f 426 431 429
f 336 426 429
f 327 426 336
f 433 432 341
f 433 341 340
f 333 341 428
f 428 341 432
f 429 430 434
f 434 430 435
f 434 343 336
f 434 336 429
f 345 436 346
f 346 436 437
f 438 346 437
f 347 346 438
f 340 347 433
f 433 347 438
f 434 435 439
f 439 435 440
f 441 348 343
f 434 441 343
f 439 441 434
f 442 349 348
f 442 348 441
f 442 443 349
f 349 443 345
f 443 444 345
f 444 436 345
f 436 444 437
f 439 440 445
f 445 440 446
f 439 447 441
f 439 445 447
f 449 442 448
f 442 447 448
f 442 441 447
f 442 449 443
f 445 446 450
f 450 446 451
f 445 452 447
f 445 450 452
f 448 447 453
f 453 447 452
f 450 451 454
f 454 451 455
f 450 456 452
f 450 454 456
f 453 452 457
f 457 452 456
f 460 459 458
f 460 458 455
f 458 454 455
f 458 461 454
f 454 462 456
f 454 461 462
f 457 456 463
f 463 456 462
f 458 459 464
f 464 459 465
f 458 466 461
f 458 464 466
f 461 467 462
f 461 466 467
f 463 462 468
f 468 462 467
f 464 465 469
f 469 465 470
f 469 351 352
f 466 469 352
f 464 469 466
f 466 352 353
f 471 466 353
f 467 466 471
f 468 467 472
f 472 467 471
f 469 470 356
f 470 355 356
f 470 473 355
f 469 356 351
f 358 474 471
f 358 471 353
f 472 471 475
f 475 471 474
f 478 477 476
f 473 478 476
f 360 473 476
f 355 473 360
f 362 479 474
f 362 474 358
f 475 474 480
f 480 474 479
f 476 477 481
f 481 477 482
f 481 364 360
f 481 360 476
f 484 483 479
f 362 484 479
f 366 484 362
f 479 483 480
f 481 482 485
f 485 482 486
f 485 368 364
f 485 364 481
f 370 484 366
f 370 487 484
f 485 486 488
f 488 486 489
f 488 372 368
f 488 368 485
f 373 490 374
f 490 491 374
f 491 370 374
f 491 487 370
f 488 489 492
f 492 489 493
f 492 376 372
f 492 372 488
f 377 494 490
f 377 490 373
f 491 490 495
f 495 490 494
f 492 493 496
f 496 493 497
f 496 379 376
f 496 376 492
f 380 498 494
f 380 494 377
f 495 494 499
f 499 494 498
f 496 497 500
f 500 497 501
f 502 381 379
f 496 502 379
f 500 502 496
f 502 503 381
f 381 503 380
f 503 504 380
f 504 498 380
f 498 504 499
f 500 501 505
f 505 501 506
f 500 507 502
f 500 505 507
f 503 502 508
f 508 502 507
f 506 509 505
f 505 509 507
f 507 509 510
f 507 510 508
f 511 385 386
f 387 512 386
f 386 512 511
f 388 513 387
f 387 513 512
f 389 513 388
f 514 392 393
f 515 514 393
f 515 393 385
f 516 515 385
f 511 516 385
f 518 517 516
f 511 518 516
f 512 518 511
f 519 512 513
f 518 512 519
f 395 519 389
f 389 519 513
f 521 520 514
f 520 392 514
f 520 397 392
f 521 514 515
f 522 517 518
f 524 523 522
f 518 524 522
f 519 524 518
f 399 524 395
f 395 524 519
f 520 401 397
f 525 401 520
f 523 524 403
f 404 523 403
f 526 523 404
f 403 524 399
f 525 405 401
f 527 405 525
f 406 526 404
f 406 528 526
f 530 529 408
f 408 529 407
f 408 405 527
f 408 527 530
f 409 528 406
f 409 531 528
f 533 532 411
f 411 532 410
f 411 407 529
f 411 529 533
f 412 531 409
f 412 534 531
f 536 535 414
f 414 535 413
f 414 410 532
f 414 532 536
f 539 538 537
f 538 534 537
f 534 415 537
f 534 412 415
f 541 540 418
f 418 540 417
f 418 413 535
f 418 535 541
f 539 537 419
f 420 539 419
f 542 539 420
f 419 537 415
f 544 543 423
f 423 543 422
f 423 417 540
f 423 540 544
f 546 545 424
f 546 424 425
f 420 424 542
f 542 424 545
f 549 548 547
f 543 549 547
f 426 543 547
f 422 543 426
f 551 550 427
f 551 427 428
f 425 427 546
f 546 427 550
f 547 548 431
f 548 430 431
f 548 552 430
f 547 431 426
f 554 553 432
f 554 432 433
f 428 432 551
f 551 432 553
f 552 435 430
f 555 435 552
f 557 556 438
f 557 438 437
f 433 438 554
f 554 438 556
f 560 559 558
f 555 560 558
f 440 555 558
f 435 555 440
f 562 561 444
f 562 444 443
f 437 444 557
f 557 444 561
f 558 559 563
f 563 559 564
f 563 446 440
f 563 440 558
f 448 565 449
f 565 566 449
f 566 443 449
f 566 562 443
f 563 564 567
f 567 564 568
f 567 451 446
f 567 446 563
f 453 569 565
f 453 565 448
f 566 565 570
f 570 565 569
f 567 568 571
f 571 568 572
f 571 455 451
f 571 451 567
f 457 573 569
f 457 569 453
f 570 569 574
f 574 569 573
f 571 572 460
f 572 459 460
f 572 575 459
f 571 460 455
f 577 576 573
f 457 577 573
f 463 577 457
f 573 576 574
f 575 465 459
f 578 465 575
f 468 577 463
f 468 579 577
f 578 470 465
f 580 470 578
f 472 579 468
f 472 581 579
f 584 583 582
f 580 584 582
f 473 580 582
f 470 580 473
f 475 581 472
f 475 585 581
f 582 583 478
f 583 477 478
f 583 586 477
f 582 478 473
f 480 585 475
f 480 587 585
f 586 482 477
f 588 482 586
f 484 589 483
f 589 590 483
f 590 480 483
f 590 587 480
f 588 486 482
f 591 486 588
f 593 592 589
f 484 593 589
f 487 593 484
f 589 592 590
f 591 489 486
f 594 489 591
f 491 593 487
f 491 595 593
f 594 493 489
f 596 493 594
f 495 595 491
f 495 597 595
f 600 599 598
f 596 600 598
f 497 596 598
f 493 596 497
f 499 597 495
f 499 601 597
f 598 599 602
f 602 599 603
f 602 501 497
f 602 497 598
f 503 604 504
f 604 605 504
f 605 499 504
f 605 601 499
f 603 606 602
f 501 602 606
f 607 501 606
f 506 501 607
f 508 608 604
f 508 604 503
f 605 604 609
f 609 604 608
f 509 506 610
f 506 611 610
f 506 607 611
f 612 510 509
f 612 509 610
f 612 613 510
f 510 613 508
f 613 614 508
f 614 608 508
f 608 614 609
f 610 611 615
f 615 611 616
f 610 617 612
f 610 615 617
f 613 612 618
f 618 612 617
f 616 619 615
f 615 619 617
f 617 619 620
f 617 620 618
f 621 515 516
f 517 621 516
f 622 520 521
f 515 621 521
f 621 622 521
f 621 623 622
f 522 624 517
f 624 621 517
f 624 623 621
f 523 624 522
f 625 525 622
f 622 525 520
f 626 622 623
f 625 622 626
f 627 623 624
f 626 623 627
f 526 627 523
f 523 627 624
f 629 628 625
f 628 525 625
f 628 527 525
f 629 625 626
f 629 626 630
f 632 631 630
f 626 632 630
f 627 632 626
f 528 632 526
f 526 632 627
f 634 633 530
f 530 633 529
f 530 527 628
f 530 628 634
f 631 632 635
f 631 635 636
f 531 635 528
f 528 635 632
f 638 637 533
f 533 637 532
f 533 529 633
f 533 633 638
f 636 635 639
f 636 639 640
f 534 639 531
f 531 639 635
f 642 641 536
f 536 641 535
f 536 532 637
f 536 637 642
f 640 639 538
f 539 640 538
f 643 640 539
f 538 639 534
f 645 644 541
f 541 644 540
f 541 535 641
f 541 641 645
f 648 647 646
f 647 643 646
f 643 542 646
f 643 539 542
f 650 649 544
f 544 649 543
f 544 540 644
f 544 644 650
f 648 646 545
f 546 648 545
f 651 648 546
f 545 646 542
f 653 652 549
f 549 652 548
f 549 543 649
f 549 649 653
f 655 654 550
f 655 550 551
f 546 550 651
f 651 550 654
f 652 552 548
f 656 552 652
f 658 657 553
f 658 553 554
f 551 553 655
f 655 553 657
f 661 660 659
f 656 661 659
f 555 656 659
f 552 656 555
f 663 662 556
f 663 556 557
f 554 556 658
f 658 556 662
f 659 660 560
f 660 559 560
f 660 664 559
f 659 560 555
f 666 665 561
f 666 561 562
f 557 561 663
f 663 561 665
f 664 564 559
f 667 564 664
f 566 666 562
f 566 668 666
f 667 568 564
f 669 568 667
f 570 668 566
f 570 670 668
f 669 572 568
f 671 572 669
f 574 670 570
f 574 672 670
f 671 575 572
f 673 575 671
f 577 674 576
f 674 675 576
f 675 574 576
f 675 672 574
f 673 578 575
f 676 578 673
f 678 677 674
f 577 678 674
f 579 678 577
f 674 677 675
f 676 580 578
f 679 580 676
f 581 678 579
f 581 680 678
f 682 681 584
f 584 681 583
f 584 580 679
f 584 679 682
f 585 680 581
f 585 683 680
f 681 586 583
f 684 586 681
f 587 683 585
f 587 685 683
f 684 588 586
f 686 588 684
f 590 685 587
f 590 687 685
f 686 591 588
f 688 591 686
f 690 689 592
f 690 592 593
f 590 592 687
f 687 592 689
f 688 594 591
f 691 594 688
f 595 690 593
f 595 692 690
f 695 694 693
f 691 695 693
f 596 691 693
f 594 691 596
f 597 692 595
f 597 696 692
f 693 694 600
f 694 599 600
f 694 697 599
f 693 600 596
f 601 696 597
f 601 698 696
f 697 603 599
f 699 603 697
f 605 698 601
f 605 700 698
f 606 603 701
f 603 702 701
f 603 699 702
f 701 607 606
f 609 700 605
f 609 703 700
f 701 702 704
f 704 702 705
f 704 611 607
f 704 607 701
f 613 706 614
f 706 707 614
f 707 609 614
f 707 703 609
f 705 708 704
f 611 704 708
f 709 611 708
f 616 611 709
f 711 710 706
f 613 711 706
f 618 711 613
f 706 710 707
f 619 616 712
f 616 713 712
f 616 709 713
f 714 620 619
f 714 619 712
f 714 715 620
f 715 618 620
f 715 711 618
f 713 716 712
f 712 716 714
f 714 716 717
f 714 717 715
f 720 719 718
f 722 721 718
f 718 721 720
f 722 723 721
f 719 724 718
f 726 725 724
f 725 718 724
f 725 722 718
f 723 722 727
f 727 722 725
f 726 728 725
f 725 728 727
f 729 628 629
f 630 730 629
f 629 730 729
f 631 730 630
f 731 633 634
f 628 729 634
f 729 731 634
f 729 732 731
f 733 729 730
f 732 729 733
f 636 733 631
f 631 733 730
f 734 637 638
f 633 731 638
f 731 734 638
f 731 735 734
f 736 731 732
f 735 731 736
f 737 732 733
f 736 732 737
f 640 737 636
f 636 737 733
f 739 738 642
f 642 738 641
f 642 637 734
f 740 642 734
f 739 642 740
f 740 734 735
f 740 735 741
f 741 735 736
f 741 736 742
f 744 743 742
f 736 744 742
f 737 744 736
f 643 744 640
f 640 744 737
f 746 745 645
f 645 745 644
f 645 641 738
f 645 738 746
f 749 748 747
f 747 748 743
f 747 743 744
f 648 747 744
f 647 648 744
f 647 744 643
f 751 750 650
f 650 750 649
f 650 644 745
f 650 745 751
f 749 747 752
f 749 752 753
f 651 752 648
f 648 752 747
f 755 754 653
f 653 754 652
f 653 649 750
f 653 750 755
f 758 757 756
f 756 757 753
f 756 753 752
f 655 756 752
f 654 655 752
f 654 752 651
f 754 656 652
f 759 656 754
f 758 756 657
f 658 758 657
f 760 758 658
f 657 756 655
f 761 660 661
f 762 761 661
f 656 762 661
f 759 762 656
f 764 763 662
f 764 662 663
f 658 662 760
f 760 662 763
f 766 765 761
f 765 660 761
f 765 664 660
f 766 761 762
f 768 767 665
f 768 665 666
f 663 665 764
f 764 665 767
f 765 667 664
f 769 667 765
f 668 768 666
f 668 770 768
f 769 669 667
f 771 669 769
f 670 770 668
f 670 772 770
f 771 671 669
f 773 671 771
f 672 772 670
f 672 774 772
f 773 673 671
f 775 673 773
f 675 774 672
f 675 776 774
f 775 676 673
f 777 676 775
f 779 778 677
f 779 677 678
f 675 677 776
f 776 677 778
f 777 679 676
f 780 679 777
f 680 779 678
f 680 781 779
f 782 681 682
f 783 782 682
f 679 783 682
f 780 783 679
f 683 781 680
f 683 784 781
f 786 785 782
f 785 681 782
f 785 684 681
f 786 782 783
f 685 784 683
f 685 787 784
f 785 686 684
f 788 686 785
f 687 787 685
f 687 789 787
f 788 688 686
f 790 688 788
f 792 791 689
f 792 689 690
f 687 689 789
f 789 689 791
f 790 691 688
f 793 691 790
f 692 792 690
f 692 794 792
f 795 694 695
f 796 795 695
f 691 796 695
f 793 796 691
f 696 794 692
f 696 797 794
f 799 798 795
f 798 694 795
f 798 697 694
f 799 795 796
f 698 797 696
f 698 800 797
f 798 699 697
f 801 699 798
f 700 800 698
f 700 802 800
f 801 702 699
f 803 702 801
f 703 802 700
f 703 804 802
f 803 705 702
f 805 705 803
f 707 804 703
f 707 806 804
f 708 705 807
f 705 808 807
f 705 805 808
f 807 709 708
f 711 809 710
f 809 810 710
f 810 707 710
f 810 806 707
f 807 808 811
f 811 808 812
f 811 713 709
f 811 709 807
f 814 813 809
f 711 814 809
f 715 814 711
f 809 813 810
f 812 815 811
f 815 817 816
f 815 816 716
f 811 815 716
f 713 811 716
f 818 717 716
f 818 716 816
f 818 819 717
f 819 715 717
f 819 814 715
f 816 817 820
f 820 817 821
f 823 818 822
f 818 820 822
f 818 816 820
f 818 823 819
f 821 824 820
f 820 824 822
f 827 826 825
f 825 828 827
f 831 830 829
f 831 829 826
f 829 825 826
f 829 832 825
f 828 825 833
f 833 825 832
f 829 830 834
f 834 830 835
f 829 836 832
f 829 834 836
f 833 832 837
f 837 832 836
f 840 839 838
f 840 838 835
f 838 834 835
f 838 841 834
f 834 842 836
f 834 841 842
f 837 836 843
f 843 836 842
f 838 839 720
f 839 719 720
f 839 844 719
f 838 720 721
f 838 721 841
f 841 721 723
f 845 841 723
f 842 841 845
f 843 842 846
f 846 842 845
f 844 847 719
f 719 847 724
f 726 724 847
f 726 847 848
f 727 849 845
f 727 845 723
f 846 845 850
f 850 845 849
f 848 851 726
f 726 851 728
f 727 728 849
f 728 852 849
f 728 851 852
f 849 852 850
f 853 738 739
f 740 854 739
f 739 854 853
f 741 855 740
f 740 855 854
f 742 856 741
f 741 856 855
f 743 856 742
f 857 745 746
f 738 853 746
f 853 857 746
f 853 858 857
f 859 853 854
f 858 853 859
f 860 854 855
f 859 854 860
f 749 860 748
f 860 856 748
f 860 855 856
f 748 856 743
f 861 750 751
f 745 857 751
f 857 861 751
f 857 862 861
f 863 857 858
f 862 857 863
f 864 858 859
f 863 858 864
f 865 859 860
f 864 859 865
f 753 865 749
f 749 865 860
f 866 754 755
f 867 866 755
f 867 755 750
f 868 867 750
f 861 868 750
f 868 861 862
f 868 862 869
f 871 870 869
f 862 871 869
f 863 871 862
f 872 863 864
f 871 863 872
f 758 872 757
f 872 865 757
f 872 864 865
f 757 865 753
f 874 873 866
f 873 754 866
f 873 759 754
f 874 866 867
f 870 871 875
f 870 875 876
f 877 871 872
f 875 871 877
f 760 877 758
f 758 877 872
f 873 762 759
f 878 762 873
f 876 875 879
f 876 879 880
f 764 879 763
f 879 877 763
f 879 875 877
f 763 877 760
f 881 765 766
f 882 881 766
f 762 882 766
f 878 882 762
f 885 884 883
f 883 884 880
f 883 880 879
f 768 883 879
f 767 768 879
f 767 879 764
f 886 769 881
f 881 769 765
f 881 882 887
f 881 887 886
f 885 883 888
f 885 888 889
f 770 888 768
f 768 888 883
f 890 771 886
f 886 771 769
f 886 887 891
f 886 891 890
f 889 888 892
f 889 892 893
f 772 892 770
f 770 892 888
f 895 894 890
f 894 771 890
f 894 773 771
f 895 890 891
f 893 892 896
f 893 896 897
f 774 896 772
f 772 896 892
f 894 775 773
f 898 775 894
f 897 896 899
f 897 899 900
f 776 899 774
f 774 899 896
f 898 777 775
f 901 777 898
f 900 899 778
f 779 900 778
f 902 900 779
f 778 899 776
f 901 780 777
f 903 780 901
f 781 902 779
f 781 904 902
f 903 783 780
f 905 783 903
f 908 907 906
f 907 904 906
f 904 784 906
f 904 781 784
f 909 785 786
f 910 909 786
f 783 910 786
f 905 910 783
f 908 906 911
f 908 911 912
f 787 911 784
f 784 911 906
f 913 788 909
f 909 788 785
f 909 910 914
f 909 914 913
f 912 911 915
f 912 915 916
f 789 915 787
f 787 915 911
f 917 790 913
f 913 790 788
f 913 914 918
f 913 918 917
f 916 915 791
f 792 916 791
f 919 916 792
f 791 915 789
f 921 920 917
f 920 790 917
f 920 793 790
f 921 917 918
f 924 923 922
f 923 919 922
f 919 794 922
f 919 792 794
f 920 796 793
f 925 796 920
f 924 922 926
f 924 926 927
f 797 926 794
f 794 926 922
f 928 798 799
f 929 928 799
f 796 929 799
f 925 929 796
f 927 926 930
f 927 930 931
f 800 930 797
f 797 930 926
f 933 932 928
f 932 798 928
f 932 801 798
f 933 928 929
f 934 931 930
f 930 800 934
f 800 935 934
f 800 802 935
f 932 803 801
f 936 803 932
f 804 935 802
f 804 937 935
f 936 805 803
f 938 805 936
f 806 937 804
f 806 939 937
f 938 808 805
f 940 808 938
f 810 939 806
f 810 941 939
f 940 812 808
f 942 812 940
f 814 943 813
f 943 944 813
f 944 810 813
f 944 941 810
f 815 812 945
f 812 946 945
f 812 942 946
f 945 817 815
f 948 947 943
f 814 948 943
f 819 948 814
f 943 947 944
f 945 946 949
f 949 946 950
f 949 821 817
f 949 817 945
f 822 951 823
f 951 952 823
f 952 819 823
f 952 948 819
f 949 950 953
f 953 950 954
f 955 824 821
f 949 955 821
f 953 955 949
f 951 822 824
f 955 951 824
f 956 951 955
f 952 951 957
f 957 951 956
f 954 958 953
f 953 958 955
f 955 958 959
f 955 959 956
f 956 959 960
f 956 960 957
f 963 962 961
f 965 964 961
f 961 964 963
f 965 966 964
f 961 962 967
f 967 962 968
f 961 969 965
f 961 967 969
f 966 965 970
f 970 965 969
f 973 972 971
f 973 971 968
f 971 967 968
f 971 974 967
f 967 975 969
f 967 974 975
f 970 969 976
f 976 969 975
f 971 972 977
f 977 972 978
f 971 979 974
f 971 977 979
f 974 980 975
f 974 979 980
f 976 975 981
f 981 975 980
f 984 983 982
f 984 982 978
f 978 982 977
f 982 826 977
f 826 827 977
f 977 827 828
f 985 977 828
f 979 977 985
f 979 986 980
f 979 985 986
f 981 980 987
f 987 980 986
f 982 983 831
f 983 830 831
f 983 988 830
f 982 831 826
f 833 989 985
f 833 985 828
f 991 986 990
f 986 989 990
f 986 985 989
f 986 991 987
f 994 993 992
f 988 994 992
f 835 988 992
f 830 988 835
f 837 995 989
f 837 989 833
f 990 989 996
f 996 989 995
f 992 993 840
f 993 839 840
f 993 997 839
f 992 840 835
f 843 998 995
f 843 995 837
f 996 995 999
f 999 995 998
f 1002 1001 1000
f 997 1002 1000
f 844 997 1000
f 839 997 844
f 1004 1003 998
f 843 1004 998
f 846 1004 843
f 998 1003 999
f 1001 1005 1000
f 1000 1005 844
f 1005 847 844
f 1005 1006 847
f 848 847 1006
f 848 1006 1007
f 850 1004 846
f 850 1008 1004
f 1007 1009 848
f 848 1009 851
f 1009 1011 1010
f 852 1009 1010
f 851 1009 852
f 1010 1012 852
f 1012 850 852
f 1012 1008 850
f 1011 1013 1010
f 1010 1013 1012
f 1014 867 868
f 869 1015 868
f 868 1015 1014
f 870 1015 869
f 1016 873 874
f 867 1014 874
f 1014 1016 874
f 1014 1017 1016
f 1018 1014 1015
f 1017 1014 1018
f 876 1018 870
f 870 1018 1015
f 1019 878 1016
f 1016 878 873
f 1020 1016 1017
f 1019 1016 1020
f 1021 1017 1018
f 1020 1017 1021
f 880 1021 876
f 876 1021 1018
f 1022 882 1019
f 1019 882 878
f 1023 1019 1020
f 1022 1019 1023
f 885 1023 884
f 1023 1021 884
f 1023 1020 1021
f 884 1021 880
f 1024 887 1022
f 1022 887 882
f 1025 1022 1023
f 1024 1022 1025
f 889 1025 885
f 885 1025 1023
f 1026 891 1024
f 1024 891 887
f 1027 1024 1025
f 1026 1024 1027
f 893 1027 889
f 889 1027 1025
f 1028 894 895
f 891 1026 895
f 1026 1028 895
f 1026 1029 1028
f 1030 1026 1027
f 1029 1026 1030
f 897 1030 893
f 893 1030 1027
f 1031 898 1028
f 1028 898 894
f 1032 1028 1029
f 1031 1028 1032
f 1033 1029 1030
f 1032 1029 1033
f 900 1033 897
f 897 1033 1030
f 1034 901 1031
f 1031 901 898
f 1035 1031 1032
f 1034 1031 1035
f 1036 1032 1033
f 1035 1032 1036
f 902 1036 900
f 900 1036 1033
f 1037 903 1034
f 1034 903 901
f 1038 1034 1035
f 1037 1034 1038
f 1039 1035 1036
f 1038 1035 1039
f 904 1039 902
f 902 1039 1036
f 1040 905 1037
f 1037 905 903
f 1041 1037 1038
f 1040 1037 1041
f 908 1041 907
f 1041 1039 907
f 1041 1038 1039
f 907 1039 904
f 1042 910 1040
f 1040 910 905
f 1043 1040 1041
f 1042 1040 1043
f 912 1043 908
f 908 1043 1041
f 1044 914 1042
f 1042 914 910
f 1045 1042 1043
f 1044 1042 1045
f 916 1045 912
f 912 1045 1043
f 1046 918 1044
f 1044 918 914
f 1047 1044 1045
f 1046 1044 1047
f 919 1047 916
f 916 1047 1045
f 1048 920 921
f 918 1046 921
f 1046 1048 921
f 1046 1049 1048
f 924 1049 923
f 1049 1047 923
f 1049 1046 1047
f 923 1047 919
f 1050 925 1048
f 1048 925 920
f 1051 1048 1049
f 1050 1048 1051
f 927 1051 924
f 924 1051 1049
f 1053 1052 1050
f 1052 925 1050
f 1052 929 925
f 1053 1050 1051
f 1053 1051 1054
f 1051 927 1054
f 927 1055 1054
f 927 931 1055
f 1056 932 933
f 1057 1056 933
f 929 1057 933
f 1052 1057 929
f 931 934 1058
f 1059 931 1058
f 1055 931 1059
f 935 1058 934
f 1061 1060 1056
f 1060 932 1056
f 1060 936 932
f 1061 1056 1057
f 1059 1058 1062
f 1059 1062 1063
f 937 1062 935
f 935 1062 1058
f 1060 938 936
f 1064 938 1060
f 1065 1063 1062
f 1062 937 1065
f 937 1066 1065
f 937 939 1066
f 1064 940 938
f 1067 940 1064
f 941 1066 939
f 941 1068 1066
f 1067 942 940
f 1069 942 1067
f 944 1068 941
f 944 1070 1068
f 1069 946 942
f 1071 946 1069
f 1073 1072 947
f 1073 947 948
f 944 947 1070
f 1070 947 1072
f 1071 950 946
f 1074 950 1071
f 952 1073 948
f 952 1075 1073
f 1074 954 950
f 1076 954 1074
f 957 1075 952
f 957 1077 1075
f 958 954 1078
f 954 1079 1078
f 954 1076 1079
f 1080 959 958
f 1080 958 1078
f 1081 960 959
f 1081 959 1080
f 1081 1082 960
f 1082 957 960
f 1082 1077 957
f 1078 1079 1083
f 1083 1079 1084
f 1078 1085 1080
f 1078 1083 1085
f 1087 1081 1086
f 1081 1085 1086
f 1081 1080 1085
f 1081 1087 1082
f 1084 1088 1083
f 1083 1088 1085
f 1085 1088 1089
f 1085 1089 1086
f 1092 1091 1090
f 1090 1093 1092
f 1096 1095 1094
f 1096 1094 1091
f 1094 1090 1091
f 1094 1097 1090
f 1093 1090 1098
f 1098 1090 1097
f 1094 1095 1099
f 1099 1095 1100
f 1094 1101 1097
f 1094 1099 1101
f 1098 1097 1102
f 1102 1097 1101
f 1105 1104 1103
f 1105 1103 1100
f 1103 1099 1100
f 1103 1106 1099
f 1099 1107 1101
f 1099 1106 1107
f 1102 1101 1108
f 1108 1101 1107
f 1103 1104 963
f 1104 962 963
f 1104 1109 962
f 1103 963 964
f 1103 964 1106
f 1106 964 966
f 1110 1106 966
f 1107 1106 1110
f 1108 1107 1111
f 1111 1107 1110
f 1114 1113 1112
f 1109 1114 1112
f 968 1109 1112
f 962 1109 968
f 970 1115 1110
f 970 1110 966
f 1111 1110 1116
f 1116 1110 1115
f 1112 1113 973
f 1113 972 973
f 1113 1117 972
f 1112 973 968
f 976 1118 1115
f 976 1115 970
f 1116 1115 1119
f 1119 1115 1118
f 1122 1121 1120
f 1117 1122 1120
f 978 1117 1120
f 972 1117 978
f 1124 1123 1118
f 976 1124 1118
f 981 1124 976
f 1118 1123 1119
f 1120 1121 984
f 1121 983 984
f 1121 1125 983
f 1120 984 978
f 987 1124 981
f 987 1126 1124
f 1129 1128 1127
f 1125 1129 1127
f 988 1125 1127
f 983 1125 988
f 990 1130 991
f 1130 1131 991
f 1131 987 991
f 1131 1126 987
f 1127 1128 994
f 1128 993 994
f 1128 1132 993
f 1127 994 988
f 1134 1133 1130
f 990 1134 1130
f 996 1134 990
f 1130 1133 1131
f 1132 997 993
f 1135 997 1132
f 999 1134 996
f 999 1136 1134
f 1138 1137 1002
f 1002 1137 1001
f 1002 997 1135
f 1002 1135 1138
f 1004 1139 1003
f 1139 1140 1003
f 1140 999 1003
f 1140 1136 999
f 1137 1141 1001
f 1001 1141 1005
f 1141 1143 1142
f 1006 1141 1142
f 1005 1141 1006
f 1142 1007 1006
f 1145 1144 1139
f 1004 1145 1139
f 1008 1145 1004
f 1139 1144 1140
f 1143 1146 1142
f 1142 1146 1007
f 1146 1009 1007
f 1146 1147 1009
f 1011 1009 1147
f 1011 1147 1148
f 1012 1145 1008
f 1012 1149 1145
f 1148 1150 1011
f 1011 1150 1013
f 1012 1013 1149
f 1149 1013 1150
f 1151 1052 1053
f 1054 1152 1053
f 1053 1152 1151
f 1055 1152 1054
f 1153 1057 1151
f 1151 1057 1052
f 1154 1151 1152
f 1153 1151 1154
f 1059 1154 1055
f 1055 1154 1152
f 1155 1060 1061
f 1156 1155 1061
f 1156 1061 1057
f 1157 1156 1057
f 1153 1157 1057
f 1157 1153 1154
f 1157 1154 1158
f 1154 1059 1158
f 1059 1159 1158
f 1059 1063 1159
f 1161 1160 1155
f 1160 1060 1155
f 1160 1064 1060
f 1161 1155 1156
f 1063 1065 1162
f 1163 1063 1162
f 1159 1063 1163
f 1066 1162 1065
f 1160 1067 1064
f 1164 1067 1160
f 1163 1162 1165
f 1163 1165 1166
f 1068 1165 1066
f 1066 1165 1162
f 1164 1069 1067
f 1167 1069 1164
f 1166 1165 1168
f 1166 1168 1169
f 1070 1168 1068
f 1068 1168 1165
f 1167 1071 1069
f 1170 1071 1167
f 1169 1168 1072
f 1073 1169 1072
f 1171 1169 1073
f 1072 1168 1070
f 1170 1074 1071
f 1172 1074 1170
f 1075 1171 1073
f 1075 1173 1171
f 1176 1175 1174
f 1172 1176 1174
f 1076 1172 1174
f 1074 1172 1076
f 1077 1173 1075
f 1077 1177 1173
f 1174 1175 1178
f 1178 1175 1179
f 1178 1079 1076
f 1178 1076 1174
f 1082 1177 1077
f 1082 1180 1177
f 1178 1179 1181
f 1181 1179 1182
f 1181 1084 1079
f 1181 1079 1178
f 1184 1183 1087
f 1184 1087 1086
f 1082 1087 1180
f 1180 1087 1183
f 1181 1182 1185
f 1185 1182 1186
f 1187 1088 1084
f 1181 1187 1084
f 1185 1187 1181
f 1188 1089 1088
f 1188 1088 1187
f 1188 1189 1089
f 1189 1086 1089
f 1189 1184 1086
f 1186 1190 1185
f 1192 1191 1190
f 1191 1185 1190
f 1191 1187 1185
f 1194 1188 1193
f 1188 1191 1193
f 1188 1187 1191
f 1188 1194 1189
f 1192 1195 1191
f 1191 1195 1193
f 1198 1197 1196
f 1200 1199 1196
f 1196 1199 1198
f 1200 1201 1199
f 1196 1197 1202
f 1202 1197 1203
f 1196 1204 1200
f 1196 1202 1204
f 1201 1200 1205
f 1205 1200 1204
f 1208 1207 1206
f 1208 1206 1203
f 1206 1202 1203
f 1206 1209 1202
f 1202 1210 1204
f 1202 1209 1210
f 1205 1204 1211
f 1211 1204 1210
f 1214 1213 1212
f 1214 1212 1207
f 1212 1206 1207
f 1212 1215 1206
f 1206 1216 1209
f 1206 1215 1216
f 1209 1217 1210
f 1209 1216 1217
f 1211 1210 1218
f 1218 1210 1217
f 1212 1213 1219
f 1219 1213 1220
f 1219 1091 1092
f 1215 1219 1092
f 1212 1219 1215
f 1215 1092 1093
f 1221 1215 1093
f 1216 1215 1221
f 1223 1217 1222
f 1217 1221 1222
f 1217 1216 1221
f 1217 1223 1218
f 1219 1220 1096
f 1220 1095 1096
f 1220 1224 1095
f 1219 1096 1091
f 1098 1225 1221
f 1098 1221 1093
f 1222 1221 1226
f 1226 1221 1225
f 1229 1228 1227
f 1224 1229 1227
f 1100 1224 1227
f 1095 1224 1100
f 1102 1230 1225
f 1102 1225 1098
f 1226 1225 1231
f 1231 1225 1230
f 1227 1228 1105
f 1228 1104 1105
f 1228 1232 1104
f 1227 1105 1100
f 1108 1233 1230
f 1108 1230 1102
f 1231 1230 1234
f 1234 1230 1233
f 1237 1236 1235
f 1232 1237 1235
f 1109 1232 1235
f 1104 1232 1109
f 1239 1238 1233
f 1108 1239 1233
f 1111 1239 1108
f 1233 1238 1234
f 1235 1236 1114
f 1236 1113 1114
f 1236 1240 1113
f 1235 1114 1109
f 1116 1239 1111
f 1116 1241 1239
f 1240 1117 1113
f 1242 1117 1240
f 1119 1241 1116
f 1119 1243 1241
f 1245 1244 1122
f 1122 1244 1121
f 1122 1117 1242
f 1122 1242 1245
f 1247 1246 1123
f 1247 1123 1124
f 1119 1123 1243
f 1243 1123 1246
f 1244 1125 1121
f 1248 1125 1244
f 1126 1247 1124
f 1126 1249 1247
f 1250 1128 1129
f 1251 1250 1129
f 1125 1251 1129
f 1248 1251 1125
f 1131 1249 1126
f 1131 1252 1249
f 1254 1253 1250
f 1253 1128 1250
f 1253 1132 1128
f 1254 1250 1251
f 1256 1255 1133
f 1256 1133 1134
f 1131 1133 1252
f 1252 1133 1255
f 1253 1135 1132
f 1257 1135 1253
f 1136 1256 1134
f 1136 1258 1256
f 1259 1137 1138
f 1260 1259 1138
f 1135 1260 1138
f 1257 1260 1135
f 1263 1262 1261
f 1262 1258 1261
f 1258 1140 1261
f 1258 1136 1140
f 1259 1141 1137
f 1143 1141 1259
f 1260 1143 1259
f 1264 1143 1260
f 1263 1261 1144
f 1145 1263 1144
f 1265 1263 1145
f 1144 1261 1140
f 1264 1266 1143
f 1143 1266 1146
f 1266 1268 1267
f 1147 1266 1267
f 1146 1266 1147
f 1267 1148 1147
f 1149 1265 1145
f 1149 1269 1265
f 1268 1270 1267
f 1267 1270 1148
f 1270 1150 1148
f 1270 1271 1150
f 1149 1150 1269
f 1269 1150 1271
f 1272 1156 1157
f 1158 1273 1157
f 1157 1273 1272
f 1159 1273 1158
f 1274 1160 1161
f 1275 1274 1161
f 1275 1161 1156
f 1276 1275 1156
f 1272 1276 1156
f 1276 1272 1273
f 1276 1273 1277
f 1273 1159 1277
f 1159 1278 1277
f 1159 1163 1278
f 1280 1279 1274
f 1279 1160 1274
f 1279 1164 1160
f 1280 1274 1275
f 1166 1278 1163
f 1166 1281 1278
f 1279 1167 1164
f 1282 1167 1279
f 1169 1281 1166
f 1169 1283 1281
f 1282 1170 1167
f 1284 1170 1282
f 1171 1283 1169
f 1171 1285 1283
f 1284 1172 1170
f 1286 1172 1284
f 1173 1285 1171
f 1173 1287 1285
f 1289 1288 1176
f 1176 1288 1175
f 1176 1172 1286
f 1176 1286 1289
f 1177 1287 1173
f 1177 1290 1287
f 1288 1179 1175
f 1291 1179 1288
f 1180 1290 1177
f 1180 1292 1290
f 1291 1182 1179
f 1293 1182 1291
f 1184 1294 1183
f 1294 1295 1183
f 1295 1180 1183
f 1295 1292 1180
f 1293 1186 1182
f 1296 1186 1293
f 1298 1297 1294
f 1184 1298 1294
f 1189 1298 1184
f 1294 1297 1295
f 1190 1186 1299
f 1186 1300 1299
f 1186 1296 1300
f 1299 1192 1190
f 1193 1301 1194
f 1301 1302 1194
f 1302 1189 1194
f 1302 1298 1189
f 1299 1300 1303
f 1303 1300 1304
f 1305 1195 1192
f 1299 1305 1192
f 1303 1305 1299
f 1301 1193 1195
f 1305 1301 1195
f 1306 1301 1305
f 1302 1301 1307
f 1307 1301 1306
f 1303 1304 1308
f 1308 1304 1309
f 1303 1310 1305
f 1303 1308 1310
f 1312 1306 1311
f 1306 1310 1311
f 1306 1305 1310
f 1306 1312 1307
f 1308 1309 1313
f 1313 1309 1314
f 1308 1315 1310
f 1308 1313 1315
f 1311 1310 1316
f 1316 1310 1315
f 1319 1318 1317
f 1319 1317 1314
f 1317 1313 1314
f 1317 1320 1313
f 1313 1321 1315
f 1313 1320 1321
f 1316 1315 1322
f 1322 1315 1321
f 1317 1318 1323
f 1323 1318 1324
f 1317 1325 1320
f 1317 1323 1325
f 1320 1326 1321
f 1320 1325 1326
f 1322 1321 1327
f 1327 1321 1326
f 1330 1329 1328
f 1330 1328 1324
f 1324 1328 1323
f 1328 1197 1323
f 1197 1198 1323
f 1323 1198 1199
f 1323 1199 1325
f 1325 1199 1201
f 1331 1325 1201
f 1326 1325 1331
f 1327 1326 1332
f 1332 1326 1331
f 1328 1329 1333
f 1333 1329 1334
f 1333 1203 1197
f 1333 1197 1328
f 1205 1335 1331
f 1205 1331 1201
f 1332 1331 1336
f 1336 1331 1335
f 1333 1334 1208
f 1334 1207 1208
f 1334 1337 1207
f 1333 1208 1203
f 1339 1338 1335
f 1205 1339 1335
f 1211 1339 1205
f 1335 1338 1336
f 1341 1340 1214
f 1214 1340 1213
f 1214 1207 1337
f 1214 1337 1341
f 1218 1339 1211
f 1218 1342 1339
f 1340 1220 1213
f 1343 1220 1340
f 1222 1344 1223
f 1344 1345 1223
f 1345 1218 1223
f 1345 1342 1218
f 1348 1347 1346
f 1343 1348 1346
f 1224 1343 1346
f 1220 1343 1224
f 1226 1349 1344
f 1226 1344 1222
f 1345 1344 1350
f 1350 1344 1349
f 1346 1347 1229
f 1347 1228 1229
f 1347 1351 1228
f 1346 1229 1224
f 1353 1352 1349
f 1226 1353 1349
f 1231 1353 1226
f 1349 1352 1350
f 1351 1232 1228
f 1354 1232 1351
f 1234 1353 1231
f 1234 1355 1353
f 1357 1356 1237
f 1237 1356 1236
f 1237 1232 1354
f 1237 1354 1357
f 1239 1358 1238
f 1358 1359 1238
f 1359 1234 1238
f 1359 1355 1234
f 1356 1240 1236
f 1360 1240 1356
f 1362 1361 1358
f 1239 1362 1358
f 1241 1362 1239
f 1358 1361 1359
f 1360 1242 1240
f 1363 1242 1360
f 1243 1362 1241
f 1243 1364 1362
f 1366 1365 1245
f 1245 1365 1244
f 1245 1242 1363
f 1245 1363 1366
f 1368 1367 1246
f 1368 1246 1247
f 1243 1246 1364
f 1364 1246 1367
f 1365 1248 1244
f 1369 1248 1365
f 1249 1368 1247
f 1249 1370 1368
f 1369 1251 1248
f 1371 1251 1369
f 1252 1370 1249
f 1252 1372 1370
f 1373 1253 1254
f 1374 1373 1254
f 1251 1374 1254
f 1371 1374 1251
f 1376 1375 1255
f 1376 1255 1256
f 1252 1255 1372
f 1372 1255 1375
f 1378 1377 1373
f 1377 1253 1373
f 1377 1257 1253
f 1378 1373 1374
f 1258 1376 1256
f 1258 1379 1376
f 1377 1260 1257
f 1380 1260 1377
f 1382 1381 1262
f 1382 1262 1263
f 1258 1262 1379
f 1379 1262 1381
f 1380 1264 1260
f 1383 1264 1380
f 1265 1382 1263
f 1265 1384 1382
f 1383 1385 1264
f 1264 1385 1266
f 1268 1266 1385
f 1268 1385 1386
f 1389 1388 1387
f 1388 1384 1387
f 1384 1269 1387
f 1384 1265 1269
f 1386 1390 1268
f 1268 1390 1270
f 1387 1271 1389
f 1271 1390 1389
f 1271 1270 1390
f 1271 1387 1269
f 1391 1275 1276
f 1277 1392 1276
f 1276 1392 1391
f 1278 1392 1277
f 1393 1279 1280
f 1275 1391 1280
f 1391 1393 1280
f 1391 1394 1393
f 1395 1391 1392
f 1394 1391 1395
f 1281 1395 1278
f 1278 1395 1392
f 1397 1396 1393
f 1396 1279 1393
f 1396 1282 1279
f 1397 1393 1394
f 1397 1394 1398
f 1398 1394 1395
f 1398 1395 1399
f 1395 1281 1399
f 1281 1400 1399
f 1281 1283 1400
f 1396 1284 1282
f 1401 1284 1396
f 1285 1400 1283
f 1285 1402 1400
f 1401 1286 1284
f 1403 1286 1401
f 1287 1402 1285
f 1287 1404 1402
f 1406 1405 1289
f 1289 1405 1288
f 1289 1286 1403
f 1289 1403 1406
f 1290 1404 1287
f 1290 1407 1404
f 1405 1291 1288
f 1408 1291 1405
f 1292 1407 1290
f 1292 1409 1407
f 1408 1293 1291
f 1410 1293 1408
f 1295 1409 1292
f 1295 1411 1409
f 1410 1296 1293
f 1412 1296 1410
f 1414 1413 1297
f 1414 1297 1298
f 1295 1297 1411
f 1411 1297 1413
f 1412 1300 1296
f 1415 1300 1412
f 1302 1414 1298
f 1302 1416 1414
f 1419 1418 1417
f 1415 1419 1417
f 1304 1415 1417
f 1300 1415 1304
f 1307 1416 1302
f 1307 1420 1416
f 1417 1418 1421
f 1421 1418 1422
f 1421 1309 1304
f 1421 1304 1417
f 1311 1423 1312
f 1423 1424 1312
f 1424 1307 1312
f 1424 1420 1307
f 1421 1422 1425
f 1425 1422 1426
f 1425 1314 1309
f 1425 1309 1421
f 1316 1427 1423
f 1316 1423 1311
f 1424 1423 1428
f 1428 1423 1427
f 1425 1426 1319
f 1426 1318 1319
f 1426 1429 1318
f 1425 1319 1314
f 1431 1430 1427
f 1316 1431 1427
f 1322 1431 1316
f 1427 1430 1428
f 1429 1324 1318
f 1432 1324 1429
f 1327 1431 1322
f 1327 1433 1431
f 1435 1434 1330
f 1330 1434 1329
f 1330 1324 1432
f 1330 1432 1435
f 1332 1433 1327
f 1332 1436 1433
f 1434 1334 1329
f 1437 1334 1434
f 1336 1436 1332
f 1336 1438 1436
f 1437 1337 1334
f 1439 1337 1437
f 1339 1440 1338
f 1440 1441 1338
f 1441 1336 1338
f 1441 1438 1336
f 1443 1442 1341
f 1341 1442 1340
f 1341 1337 1439
f 1341 1439 1443
f 1445 1444 1440
f 1339 1445 1440
f 1342 1445 1339
f 1440 1444 1441
f 1442 1343 1340
f 1446 1343 1442
f 1345 1445 1342
f 1345 1447 1445
f 1448 1347 1348
f 1449 1448 1348
f 1343 1449 1348
f 1446 1449 1343
f 1350 1447 1345
f 1350 1450 1447
f 1452 1451 1448
f 1451 1347 1448
f 1451 1351 1347
f 1452 1448 1449
f 1454 1453 1352
f 1454 1352 1353
f 1350 1352 1450
f 1450 1352 1453
f 1451 1354 1351
f 1455 1354 1451
f 1355 1454 1353
f 1355 1456 1454
f 1457 1356 1357
f 1458 1457 1357
f 1354 1458 1357
f 1455 1458 1354
f 1461 1460 1459
f 1460 1456 1459
f 1456 1359 1459
f 1456 1355 1359
f 1463 1462 1457
f 1462 1356 1457
f 1462 1360 1356
f 1463 1457 1458
f 1461 1459 1361
f 1362 1461 1361
f 1464 1461 1362
f 1361 1459 1359
f 1462 1363 1360
f 1465 1363 1462
f 1364 1464 1362
f 1364 1466 1464
f 1467 1365 1366
f 1468 1467 1366
f 1363 1468 1366
f 1465 1468 1363
f 1470 1469 1367
f 1470 1367 1368
f 1364 1367 1466
f 1466 1367 1469
f 1471 1369 1467
f 1467 1369 1365
f 1467 1468 1472
f 1467 1472 1471
f 1370 1470 1368
f 1370 1473 1470
f 1474 1371 1471
f 1471 1371 1369
f 1471 1472 1475
f 1471 1475 1474
f 1478 1477 1476
f 1477 1473 1476
f 1473 1372 1476
f 1473 1370 1372
f 1479 1374 1474
f 1474 1374 1371
f 1474 1475 1480
f 1474 1480 1479
f 1483 1482 1481
f 1481 1482 1478
f 1481 1478 1476
f 1376 1481 1476
f 1375 1376 1476
f 1375 1476 1372
f 1484 1377 1378
f 1374 1479 1378
f 1479 1484 1378
f 1479 1485 1484
f 1479 1480 1486
f 1487 1479 1486
f 1485 1479 1487
f 1487 1486 1483
f 1481 1487 1483
f 1488 1487 1481
f 1379 1488 1376
f 1376 1488 1481
f 1489 1380 1484
f 1484 1380 1377
f 1490 1484 1485
f 1489 1484 1490
f 1491 1485 1487
f 1490 1485 1491
f 1382 1491 1381
f 1491 1488 1381
f 1491 1487 1488
f 1381 1488 1379
f 1492 1383 1489
f 1489 1383 1380
f 1493 1489 1490
f 1492 1489 1493
f 1494 1490 1491
f 1493 1490 1494
f 1384 1494 1382
f 1382 1494 1491
f 1492 1385 1383
f 1385 1492 1386
f 1492 1495 1386
f 1492 1493 1495
f 1389 1495 1388
f 1495 1494 1388
f 1495 1493 1494
f 1388 1494 1384
f 1495 1390 1386
f 1390 1495 1389
f 1496 1396 1397
f 1398 1497 1397
f 1397 1497 1496
f 1399 1498 1398
f 1398 1498 1497
f 1400 1498 1399
f 1499 1401 1496
f 1496 1401 1396
f 1497 1501 1500
f 1499 1497 1500
f 1496 1497 1499
f 1503 1502 1501
f 1497 1503 1501
f 1498 1503 1497
f 1402 1503 1400
f 1400 1503 1498
f 1505 1504 1499
f 1504 1401 1499
f 1504 1403 1401
f 1505 1499 1500
f 1502 1503 1506
f 1502 1506 1507
f 1404 1506 1402
f 1402 1506 1503
f 1509 1508 1406
f 1406 1508 1405
f 1406 1403 1504
f 1406 1504 1509
f 1507 1506 1510
f 1507 1510 1511
f 1407 1510 1404
f 1404 1510 1506
f 1508 1408 1405
f 1512 1408 1508
f 1511 1510 1513
f 1511 1513 1514
f 1409 1513 1407
f 1407 1513 1510
f 1512 1410 1408
f 1515 1410 1512
f 1514 1513 1516
f 1514 1516 1517
f 1411 1516 1409
f 1409 1516 1513
f 1515 1412 1410
f 1518 1412 1515
f 1517 1516 1413
f 1414 1517 1413
f 1519 1517 1414
f 1413 1516 1411
f 1522 1521 1520
f 1518 1522 1520
f 1415 1518 1520
f 1412 1518 1415
f 1416 1519 1414
f 1416 1523 1519
f 1520 1521 1419
f 1521 1418 1419
f 1521 1524 1418
f 1520 1419 1415
f 1420 1523 1416
f 1420 1525 1523
f 1524 1422 1418
f 1526 1422 1524
f 1424 1525 1420
f 1424 1527 1525
f 1526 1426 1422
f 1528 1426 1526
f 1428 1527 1424
f 1428 1529 1527
f 1528 1429 1426
f 1530 1429 1528
f 1431 1531 1430
f 1531 1532 1430
f 1532 1428 1430
f 1532 1529 1428
f 1530 1432 1429
f 1533 1432 1530
f 1535 1534 1531
f 1431 1535 1531
f 1433 1535 1431
f 1531 1534 1532
f 1537 1536 1435
f 1435 1536 1434
f 1435 1432 1533
f 1435 1533 1537
f 1436 1535 1433
f 1436 1538 1535
f 1536 1437 1434
f 1539 1437 1536
f 1438 1538 1436
f 1438 1540 1538
f 1539 1439 1437
f 1541 1439 1539
f 1441 1540 1438
f 1441 1542 1540
f 1544 1543 1443
f 1443 1543 1442
f 1443 1439 1541
f 1443 1541 1544
f 1546 1545 1444
f 1546 1444 1445
f 1441 1444 1542
f 1542 1444 1545
f 1543 1446 1442
f 1547 1446 1543
f 1447 1546 1445
f 1447 1548 1546
f 1547 1449 1446
f 1549 1449 1547
f 1552 1551 1550
f 1551 1548 1550
f 1548 1450 1550
f 1548 1447 1450
f 1553 1451 1452
f 1554 1553 1452
f 1449 1554 1452
f 1549 1554 1449
f 1552 1550 1453
f 1454 1552 1453
f 1555 1552 1454
f 1453 1550 1450
f 1557 1556 1553
f 1556 1451 1553
f 1556 1455 1451
f 1557 1553 1554
f 1456 1555 1454
f 1456 1558 1555
f 1556 1458 1455
f 1559 1458 1556
f 1561 1560 1460
f 1561 1460 1461
f 1456 1460 1558
f 1558 1460 1560
f 1562 1462 1463
f 1563 1562 1463
f 1458 1563 1463
f 1559 1563 1458
f 1464 1561 1461
f 1464 1564 1561
f 1565 1465 1562
f 1562 1465 1462
f 1562 1563 1566
f 1562 1566 1565
f 1569 1568 1567
f 1568 1564 1567
f 1564 1466 1567
f 1564 1464 1466
f 1570 1468 1565
f 1565 1468 1465
f 1565 1566 1571
f 1572 1565 1571
f 1570 1565 1572
f 1574 1573 1572
f 1574 1572 1571
f 1573 1574 1569
f 1573 1569 1567
f 1470 1573 1567
f 1469 1470 1567
f 1469 1567 1466
f 1575 1472 1570
f 1570 1472 1468
f 1576 1570 1572
f 1575 1570 1576
f 1577 1572 1573
f 1576 1572 1577
f 1473 1577 1470
f 1470 1577 1573
f 1578 1475 1575
f 1575 1475 1472
f 1579 1575 1576
f 1578 1575 1579
f 1478 1579 1477
f 1579 1577 1477
f 1579 1576 1577
f 1477 1577 1473
f 1580 1480 1578
f 1578 1480 1475
f 1483 1580 1482
f 1580 1579 1482
f 1580 1578 1579
f 1482 1579 1478
f 1580 1486 1480
f 1486 1580 1483
f 1581 1500 1501
f 1502 1581 1501
f 1582 1504 1505
f 1500 1581 1505
f 1581 1582 1505
f 1581 1583 1582
f 1507 1583 1502
f 1502 1583 1581
f 1584 1508 1509
f 1585 1584 1509
f 1585 1509 1504
f 1586 1585 1504
f 1582 1586 1504
f 1586 1582 1583
f 1586 1583 1587
f 1583 1507 1587
f 1507 1588 1587
f 1507 1511 1588
f 1590 1589 1584
f 1589 1508 1584
f 1589 1512 1508
f 1590 1584 1585
f 1514 1588 1511
f 1514 1591 1588
f 1589 1515 1512
f 1592 1515 1589
f 1517 1591 1514
f 1517 1593 1591
f 1592 1518 1515
f 1594 1518 1592
f 1519 1593 1517
f 1519 1595 1593
f 1597 1596 1522
f 1522 1596 1521
f 1522 1518 1594
f 1522 1594 1597
f 1523 1595 1519
f 1523 1598 1595
f 1596 1524 1521
f 1599 1524 1596
f 1525 1598 1523
f 1525 1600 1598
f 1599 1526 1524
f 1601 1526 1599
f 1527 1600 1525
f 1527 1602 1600
f 1601 1528 1526
f 1603 1528 1601
f 1529 1602 1527
f 1529 1604 1602
f 1603 1530 1528
f 1605 1530 1603
f 1532 1604 1529
f 1532 1606 1604
f 1605 1533 1530
f 1607 1533 1605
f 1609 1608 1534
f 1609 1534 1535
f 1532 1534 1606
f 1606 1534 1608
f 1611 1610 1537
f 1537 1610 1536
f 1537 1533 1607
f 1537 1607 1611
f 1538 1609 1535
f 1538 1612 1609
f 1610 1539 1536
f 1613 1539 1610
f 1540 1612 1538
f 1540 1614 1612
f 1613 1541 1539
f 1615 1541 1613
f 1618 1617 1616
f 1617 1614 1616
f 1614 1542 1616
f 1614 1540 1542
f 1619 1543 1544
f 1620 1619 1544
f 1541 1620 1544
f 1615 1620 1541
f 1618 1616 1545
f 1546 1618 1545
f 1621 1618 1546
f 1545 1616 1542
f 1622 1547 1619
f 1619 1547 1543
f 1619 1620 1623
f 1619 1623 1622
f 1548 1621 1546
f 1548 1624 1621
f 1625 1549 1622
f 1622 1549 1547
f 1622 1623 1626
f 1622 1626 1625
f 1628 1627 1551
f 1628 1551 1552
f 1548 1551 1624
f 1624 1551 1627
f 1629 1554 1625
f 1625 1554 1549
f 1625 1626 1630
f 1625 1630 1629
f 1633 1632 1631
f 1632 1628 1631
f 1628 1555 1631
f 1628 1552 1555
f 1634 1556 1557
f 1554 1629 1557
f 1629 1634 1557
f 1629 1635 1634
f 1629 1630 1636
f 1637 1629 1636
f 1635 1629 1637
f 1637 1636 1633
f 1631 1637 1633
f 1638 1637 1631
f 1558 1638 1555
f 1555 1638 1631
f 1639 1559 1634
f 1634 1559 1556
f 1640 1634 1635
f 1639 1634 1640
f 1641 1635 1637
f 1640 1635 1641
f 1561 1641 1560
f 1641 1638 1560
f 1641 1637 1638
f 1560 1638 1558
f 1642 1563 1639
f 1639 1563 1559
f 1643 1639 1640
f 1642 1639 1643
f 1644 1640 1641
f 1643 1640 1644
f 1564 1644 1561
f 1561 1644 1641
f 1645 1566 1642
f 1642 1566 1563
f 1646 1642 1643
f 1645 1642 1646
f 1569 1646 1568
f 1646 1644 1568
f 1646 1643 1644
f 1568 1644 1564
f 1645 1571 1566
f 1571 1645 1574
f 1574 1645 1646
f 1574 1646 1569
f 1647 1585 1586
f 1587 1648 1586
f 1586 1648 1647
f 1588 1648 1587
f 1649 1589 1590
f 1585 1647 1590
f 1647 1649 1590
f 1647 1650 1649
f 1651 1647 1648
f 1650 1647 1651
f 1591 1651 1588
f 1588 1651 1648
f 1652 1592 1649
f 1649 1592 1589
f 1650 1654 1653
f 1652 1650 1653
f 1649 1650 1652
f 1656 1655 1654
f 1650 1656 1654
f 1651 1656 1650
f 1593 1656 1591
f 1591 1656 1651
f 1658 1657 1652
f 1657 1592 1652
f 1657 1594 1592
f 1658 1652 1653
f 1659 1655 1656
f 1656 1593 1659
f 1593 1660 1659
f 1593 1595 1660
f 1661 1596 1597
f 1662 1661 1597
f 1594 1662 1597
f 1657 1662 1594
f 1598 1660 1595
f 1598 1663 1660
f 1664 1599 1661
f 1661 1599 1596
f 1661 1662 1665
f 1661 1665 1664
f 1600 1663 1598
f 1600 1666 1663
f 1668 1667 1664
f 1667 1599 1664
f 1667 1601 1599
f 1668 1664 1665
f 1602 1666 1600
f 1602 1669 1666
f 1667 1603 1601
f 1670 1603 1667
f 1604 1669 1602
f 1604 1671 1669
f 1670 1605 1603
f 1672 1605 1670
f 1675 1674 1673
f 1674 1671 1673
f 1671 1606 1673
f 1671 1604 1606
f 1672 1607 1605
f 1676 1607 1672
f 1675 1673 1608
f 1609 1675 1608
f 1677 1675 1609
f 1608 1673 1606
f 1678 1610 1611
f 1679 1678 1611
f 1607 1679 1611
f 1676 1679 1607
f 1612 1677 1609
f 1612 1680 1677
f 1681 1613 1678
f 1678 1613 1610
f 1678 1679 1682
f 1678 1682 1681
f 1685 1684 1683
f 1684 1680 1683
f 1680 1614 1683
f 1680 1612 1614
f 1686 1615 1681
f 1681 1615 1613
f 1681 1682 1687
f 1681 1687 1686
f 1685 1683 1617
f 1618 1685 1617
f 1688 1685 1618
f 1617 1683 1614
f 1689 1620 1686
f 1686 1620 1615
f 1686 1687 1690
f 1691 1686 1690
f 1689 1686 1691
f 1693 1692 1691
f 1693 1691 1690
f 1693 1688 1692
f 1688 1621 1692
f 1688 1618 1621
f 1694 1623 1689
f 1689 1623 1620
f 1695 1689 1691
f 1694 1689 1695
f 1696 1691 1692
f 1695 1691 1696
f 1624 1696 1621
f 1621 1696 1692
f 1697 1626 1694
f 1694 1626 1623
f 1698 1694 1695
f 1697 1694 1698
f 1628 1698 1627
f 1698 1696 1627
f 1698 1695 1696
f 1627 1696 1624
f 1699 1630 1697
f 1697 1630 1626
f 1633 1699 1632
f 1699 1698 1632
f 1699 1697 1698
f 1632 1698 1628
f 1699 1636 1630
f 1636 1699 1633
f 1700 1653 1654
f 1655 1700 1654
f 1701 1657 1658
f 1653 1700 1658
f 1700 1701 1658
f 1700 1702 1701
f 1659 1703 1655
f 1703 1700 1655
f 1703 1702 1700
f 1660 1703 1659
f 1704 1662 1701
f 1701 1662 1657
f 1705 1701 1702
f 1704 1701 1705
f 1706 1702 1703
f 1705 1702 1706
f 1663 1706 1660
f 1660 1706 1703
f 1708 1707 1704
f 1707 1662 1704
f 1707 1665 1662
f 1708 1704 1705
f 1708 1705 1709
f 1711 1710 1709
f 1705 1711 1709
f 1706 1711 1705
f 1666 1711 1663
f 1663 1711 1706
f 1712 1667 1668
f 1713 1712 1668
f 1665 1713 1668
f 1707 1713 1665
f 1710 1711 1714
f 1710 1714 1715
f 1669 1714 1666
f 1666 1714 1711
f 1716 1670 1712
f 1712 1670 1667
f 1712 1713 1717
f 1712 1717 1716
f 1715 1714 1718
f 1715 1718 1719
f 1671 1718 1669
f 1669 1718 1714
f 1720 1672 1716
f 1716 1672 1670
f 1716 1717 1721
f 1716 1721 1720
f 1719 1718 1674
f 1675 1719 1674
f 1722 1719 1675
f 1674 1718 1671
f 1723 1676 1720
f 1720 1676 1672
f 1720 1721 1724
f 1725 1720 1724
f 1723 1720 1725
f 1727 1726 1725
f 1727 1725 1724
f 1727 1722 1726
f 1722 1677 1726
f 1722 1675 1677
f 1728 1679 1723
f 1723 1679 1676
f 1729 1723 1725
f 1728 1723 1729
f 1730 1725 1726
f 1729 1725 1730
f 1680 1730 1677
f 1677 1730 1726
f 1731 1682 1728
f 1728 1682 1679
f 1732 1728 1729
f 1731 1728 1732
f 1685 1732 1684
f 1732 1730 1684
f 1732 1729 1730
f 1684 1730 1680
f 1733 1687 1731
f 1731 1687 1682
f 1734 1731 1732
f 1733 1731 1734
f 1688 1734 1685
f 1685 1734 1732
f 1733 1690 1687
f 1690 1733 1693
f 1693 1733 1734
f 1693 1734 1688
f 1735 1707 1708
f 1709 1736 1708
f 1708 1736 1735
f 1710 1736 1709
f 1737 1713 1735
f 1735 1713 1707
f 1738 1735 1736
f 1737 1735 1738
f 1715 1738 1710
f 1710 1738 1736
f 1739 1717 1737
f 1737 1717 1713
f 1740 1737 1738
f 1739 1737 1740
f 1719 1740 1715
f 1715 1740 1738
f 1741 1721 1739
f 1739 1721 1717
f 1742 1739 1740
f 1741 1739 1742
f 1722 1742 1719
f 1719 1742 1740
f 1741 1724 1721
f 1724 1741 1727
f 1727 1741 1742
f 1727 1742 1722
# 3480 faces, 0 coords texture

# End of File