####
#
# OBJ File Generated by Meshlab
#
####
# Object domain0640.obj
#
# Vertices: 4226
# Faces: 8448
#
####
v 58.043560 39.354698 112.080841
v 58.242825 39.365803 111.825363
v 58.167988 39.083351 112.058533
v 58.101513 39.032661 112.999931
v 57.951687 39.348866 113.000809
v 58.162197 39.081715 113.943520
v 58.022442 39.363853 113.924850
v 58.223026 39.373138 114.203819
v 58.010685 39.782700 112.097122
v 58.235897 39.759727 111.813148
v 57.862434 39.854488 113.005295
v 57.940365 39.862740 113.935005
v 58.152256 39.868416 114.308807
v 58.075333 40.116756 112.040726
v 57.886189 40.403255 113.017662
v 57.994541 40.450058 112.477097
v 57.929058 40.423389 113.952179
v 58.146980 40.410564 114.447098
v 57.969971 40.935429 113.045464
v 58.112713 40.980907 112.551094
v 57.980366 40.934345 113.953011
v 58.152370 40.974110 114.434227
v 58.066921 41.281803 113.011406
v 58.082462 41.273838 113.986229
v 58.419727 38.824234 112.056488
v 58.712536 38.893017 111.810875
v 58.701866 38.684826 112.075623
v 58.685265 38.602348 113.000099
v 58.370510 38.763317 113.000008
v 58.701954 38.685120 113.924538
v 58.419872 38.824570 113.943428
v 58.710670 38.891312 114.194977
v 58.634796 39.292484 111.654892
v 58.624378 39.297333 114.398880
v 58.628696 39.836685 111.626785
v 58.582066 39.822678 114.606537
v 58.259918 40.457222 111.984474
v 58.668156 40.398373 111.688606
v 58.657490 40.252583 114.902367
v 58.462818 40.507645 114.876869
v 58.776581 40.607929 115.156868
v 58.345833 41.030678 112.054581
v 58.728451 41.015999 111.728127
v 58.408218 41.031956 114.908371
v 58.759636 41.018787 115.219025
v 58.464535 41.588074 112.064888
v 58.758362 41.592216 111.754913
v 58.196850 41.645863 112.987343
v 58.232292 41.623886 114.005432
v 58.562069 41.508221 114.897385
v 58.791660 41.428410 115.157043
v 58.562416 42.116428 112.087334
v 58.812225 42.093716 111.801231
v 58.376339 42.170040 112.999084
v 58.483513 42.118359 113.954269
v 58.697239 42.113953 114.424217
v 58.704712 41.747906 114.889938
v 58.676743 42.450783 112.044495
v 58.544922 42.673191 112.999474
v 58.657562 42.752434 112.514267
v 58.651978 42.750805 113.486519
v 58.652885 42.460598 113.984550
v 58.681656 43.011993 113.002914
v 59.198170 38.842560 111.761574
v 59.199421 38.609261 112.073250
v 59.198147 38.497700 112.999855
v 59.199364 38.608711 113.926765
v 59.197819 38.840191 114.244698
v 59.187866 39.275940 111.583176
v 59.186695 39.266304 114.489830
v 59.185829 39.849525 111.534996
v 59.175053 39.724091 114.716278
v 59.191505 40.433453 111.545837
v 59.186245 40.143192 114.996521
v 59.202198 40.568424 115.252869
v 59.194637 41.019985 111.560204
v 59.203373 41.022324 115.353943
v 59.198425 41.604782 111.576988
v 59.234356 41.522110 115.271065
v 59.211884 42.178219 111.616890
v 59.169975 41.943130 115.009499
v 59.128933 42.302849 114.670738
v 58.865936 42.791779 112.019722
v 59.263069 42.733299 111.699997
v 58.857689 42.799061 113.990891
v 59.222401 42.750572 114.383858
v 59.087132 43.293304 112.069801
v 59.372150 43.278011 111.739952
v 58.848732 43.358978 112.997856
v 59.092407 43.293041 113.924660
v 59.371826 43.267799 114.231781
v 59.238911 43.632740 112.030144
v 59.097755 43.852642 112.999290
v 59.224304 43.933632 112.509064
v 59.226898 43.928436 113.489571
v 59.254620 43.625847 113.961975
v 59.249317 44.193771 113.003395
v 59.756649 38.845795 111.771286
v 59.756348 38.614052 112.074165
v 59.759476 38.499119 113.000137
v 59.756458 38.612709 113.926498
v 59.759361 38.839661 114.246643
v 59.758190 39.276562 111.607994
v 59.770428 39.262955 114.505196
v 59.765720 39.849270 111.550995
v 59.696960 39.668556 114.758385
v 59.772404 40.433090 111.528984
v 59.739811 40.068748 115.043053
v 59.799736 40.512707 115.277321
v 59.772118 41.019867 111.513145
v 59.758400 41.027218 115.368294
v 59.771873 41.606136 111.512932
v 59.756069 41.551476 115.306396
v 59.770302 42.194416 111.507492
v 59.493149 42.159100 114.958534
v 59.766129 41.929287 115.127991
v 59.767292 42.779625 111.485710
v 59.772793 42.324409 114.880745
v 59.777634 42.776905 114.602013
v 59.774975 43.336491 111.413826
v 59.794685 43.343334 114.413483
v 59.404491 43.993004 111.982117
v 59.730770 43.927780 111.502831
v 59.438484 43.982433 113.986374
v 59.843639 43.910477 114.306496
v 59.576084 44.524841 112.028801
v 59.804726 44.534218 111.516426
v 59.404926 44.551857 113.000244
v 59.618160 44.513638 113.943474
v 59.921276 44.516975 114.252312
v 59.709412 45.040375 112.045250
v 59.900307 45.075695 111.564499
v 59.631615 45.056702 112.996948
v 59.762844 45.019615 113.924385
v 59.991352 45.008858 114.186882
v 59.843250 45.373543 112.016174
v 59.791084 45.405811 113.001320
v 59.908604 45.315311 113.945679
v 60.163563 38.875374 111.854240
v 60.226280 38.700279 112.079346
v 60.262100 38.621651 113.001228
v 60.223946 38.701439 113.922508
v 60.176781 38.887444 114.174393
v 60.217976 39.280083 111.750824
v 60.273052 39.337555 114.432671
v 60.289398 39.884323 111.690201
v 60.322895 39.766930 114.837448
v 60.075336 39.886932 114.955688
v 60.270023 40.110504 115.063568
v 60.332878 40.446804 111.614128
v 60.214069 40.467636 115.193970
v 60.345608 41.021244 111.576843
v 60.213211 41.011189 115.246056
v 60.353176 41.606575 111.541161
v 60.167377 41.500946 115.198418
v 60.356472 42.190369 111.476929
v 60.040043 42.148594 114.946793
v 60.332268 41.878433 114.963654
v 60.461903 42.299473 114.727165
v 60.320820 42.726498 111.330116
v 60.370300 42.789810 114.579048
v 60.180767 43.420349 111.098663
v 60.530952 43.537811 110.841805
v 60.409531 43.175407 111.086823
v 60.356972 43.364761 114.491554
v 60.118092 43.951687 111.049095
v 60.501728 43.963783 110.753159
v 60.363522 43.949635 114.452942
v 60.126160 44.534149 111.049324
v 60.489471 44.535992 110.730331
v 60.370975 44.533882 114.420258
v 60.143879 45.126133 111.077644
v 60.497925 45.112217 110.736404
v 60.388344 45.095676 114.364746
v 60.282970 45.636715 111.081383
v 60.551739 45.623581 110.747215
v 59.992661 45.724922 111.993889
v 59.972958 45.741505 112.996712
v 60.147717 45.644505 113.935875
v 60.493607 45.573067 114.232552
v 60.414207 45.976173 111.030754
v 60.230000 46.219563 112.020798
v 60.387905 46.280254 111.508194
v 60.253941 46.204155 112.973183
v 60.424377 46.238667 113.472603
v 60.412235 45.949753 113.951126
v 60.405296 46.554070 112.011406
v 60.449951 46.516068 112.984734
v 60.369232 38.818607 112.083382
v 60.565540 38.800537 113.000046
v 60.369080 38.815388 113.916512
v 60.586895 39.263599 112.070549
v 60.805115 39.320271 112.563553
v 60.794025 39.077137 112.999550
v 60.821671 39.315922 113.443428
v 60.606567 39.280846 113.972641
v 60.693829 39.827057 111.987778
v 60.946220 39.834110 112.479523
v 60.795456 39.801178 114.045074
v 60.967812 39.830311 113.529793
v 60.408485 39.945621 114.891357
v 60.732353 40.531200 111.800552
v 60.886780 40.166328 112.040749
v 60.941952 40.141548 113.999733
v 60.844482 40.475044 114.447289
v 60.560783 40.433811 114.915962
v 60.793041 41.036633 111.747375
v 60.588280 41.014431 114.945396
v 60.960678 41.053886 114.484550
v 60.875256 41.644730 111.693321
v 60.554913 41.562145 114.922256
v 60.950523 41.634537 114.587914
v 60.934464 42.201637 111.540260
v 60.946579 42.196003 114.522377
v 60.945740 42.680302 111.336014
v 60.940609 42.777363 114.469772
v 60.945343 43.514336 110.764725
v 60.945408 43.105450 111.037071
v 60.938473 43.364548 114.454048
v 60.956909 43.966774 110.623001
v 60.944401 43.949097 114.470993
v 60.951927 44.537399 110.551598
v 60.943905 44.536026 114.484695
v 60.944599 45.124626 110.498558
v 60.943314 45.121769 114.450172
v 60.946983 45.680527 110.413887
v 60.969563 45.677917 114.362740
v 60.575134 46.337734 110.981682
v 60.902767 46.271774 110.502853
v 60.709007 46.218563 113.940048
v 61.048721 46.093994 114.196907
v 60.749180 46.869205 111.030495
v 60.976944 46.878223 110.516579
v 60.576904 46.897034 111.983299
v 60.714020 46.833420 112.956177
v 61.023621 46.799866 113.422104
v 61.005703 46.438972 113.893768
v 60.886322 47.382797 111.044388
v 61.074760 47.418606 110.565422
v 60.852730 47.367771 111.969116
v 61.007927 47.412476 112.473831
v 60.982986 47.136097 112.975800
v 61.029427 47.710468 111.019539
v 61.036545 47.687687 111.984711
v 60.916191 39.359608 112.999634
v 61.044117 39.893494 113.000389
v 60.991611 40.507458 112.085175
v 61.188236 40.446899 113.000694
v 61.066204 40.489731 113.944527
v 61.105808 41.041359 112.053474
v 61.354309 40.977417 112.983856
v 61.251656 41.008190 113.988045
v 61.288002 41.575348 112.005936
v 61.507820 41.615940 112.505859
v 61.504105 41.335247 113.007607
v 61.416634 41.378998 113.962921
v 61.321960 41.695282 114.241470
v 61.413010 42.300644 111.718719
v 61.513092 41.912094 112.019249
v 61.380093 42.204735 114.263756
v 61.528057 42.782097 111.435127
v 61.402889 42.783054 114.273224
v 61.427891 43.557327 110.796776
v 61.488026 43.177532 111.086273
v 61.461544 43.400795 114.310905
v 61.505444 43.979908 110.630928
v 61.506134 43.962517 114.388466
v 61.529602 44.537045 110.502541
v 61.518635 44.537102 114.425743
v 61.493320 45.070553 110.331253
v 61.519932 45.121368 114.432030
v 61.352760 45.764339 110.098640
v 61.702934 45.881813 109.841805
v 61.581539 45.519432 110.086815
v 61.517227 45.691132 114.377083
v 61.290085 46.295673 110.049095
v 61.673729 46.307774 109.753181
v 61.528587 46.142937 114.233749
v 61.298168 46.878139 110.049309
v 61.661465 46.880005 109.730347
v 61.532211 46.529438 113.940033
v 61.536812 46.913826 113.581902
v 61.315731 47.470558 110.078110
v 61.669914 47.456219 109.736427
v 61.289536 47.396507 112.947868
v 61.614315 47.286381 113.259789
v 61.457031 47.980335 110.082108
v 61.723705 47.967575 109.747192
v 61.184834 48.055298 110.990059
v 61.300323 48.005234 111.956177
v 61.609684 47.974014 112.422386
v 61.590073 47.616631 112.900345
v 61.588314 48.319206 110.031868
v 61.451557 48.533405 110.996086
v 61.574917 48.616158 110.510658
v 61.587696 48.597145 111.481697
v 61.564110 48.314297 111.980118
v 61.624302 48.861652 111.001221
v 61.649326 41.687115 113.024399
v 61.541340 41.702000 113.931755
v 61.745888 42.248283 112.053291
v 61.891582 42.179028 113.014061
v 61.655289 42.210155 113.929626
v 61.957672 42.871723 111.716492
v 61.992199 42.577770 112.046730
v 62.054432 42.522804 112.988754
v 62.030403 42.815258 113.455696
v 61.786175 42.763958 113.945213
v 61.787476 43.409546 111.044922
v 62.130669 43.327782 111.469536
v 61.879189 43.336128 114.022362
v 62.188305 43.332325 113.542320
v 61.990414 44.078270 110.754158
v 62.087719 43.686878 111.035774
v 62.090508 43.670967 113.977837
v 61.923286 44.043819 114.210983
v 62.101646 44.556107 110.560349
v 61.974979 44.547398 114.255760
v 62.117340 45.026821 110.339478
v 61.984383 45.122356 114.269524
v 62.117348 45.858345 109.764702
v 62.117405 45.449455 110.037064
v 61.976933 45.694874 114.252068
v 62.128910 46.310776 109.622993
v 61.943832 46.120178 114.159073
v 62.123932 46.881413 109.551605
v 62.062496 46.477917 113.908379
v 62.142963 46.898575 113.605614
v 62.116604 47.468620 109.498550
v 62.124859 47.338432 113.305679
v 62.118992 48.024536 109.413895
v 62.121647 47.722923 112.963379
v 62.118027 48.105724 112.602318
v 61.749485 48.682209 109.985085
v 62.073631 48.615864 109.502594
v 61.858582 48.602646 111.967644
v 62.219872 48.528561 112.293701
v 61.926796 49.210728 110.028557
v 62.157639 49.218964 109.522217
v 61.823936 49.216991 110.974915
v 62.095222 49.260822 111.533020
v 62.138569 48.907932 111.973129
v 62.075901 49.721588 110.047279
v 62.262627 49.750984 109.578117
v 62.067989 49.706345 110.942032
v 62.261143 49.730343 111.302048
v 62.207893 50.046593 110.017937
v 62.239902 50.008732 110.957954
v 62.168648 42.880268 112.056068
v 62.208241 42.856709 112.960373
v 62.423820 43.356812 112.006660
v 62.435841 43.349121 112.999481
v 62.370300 43.988194 111.037003
v 62.649063 43.983559 111.518036
v 62.638321 43.700966 112.010117
v 62.617672 43.708755 112.983551
v 62.273815 44.000622 113.906677
v 62.555588 44.009182 113.421768
v 62.585583 44.654835 110.724396
v 62.665344 44.280270 111.039116
v 62.337906 44.542610 113.943993
v 62.663948 44.543747 113.477409
v 62.700039 45.126137 110.435135
v 62.371155 45.122265 113.967316
v 62.754265 45.145298 113.509979
v 62.599907 45.901337 109.796799
v 62.660030 45.521534 110.086273
v 62.376141 45.702637 113.964066
v 62.758957 45.710083 113.606163
v 62.677425 46.323898 109.630913
v 62.302364 46.240036 113.909828
v 62.723381 46.321995 113.607536
v 62.701611 46.881058 109.502548
v 62.692444 46.870380 113.469757
v 62.665237 47.414364 109.330894
v 62.689991 47.329605 113.264526
v 62.524761 48.108341 109.098663
v 62.874840 48.224426 108.838959
v 62.753117 47.861843 109.084686
v 62.699982 47.737774 112.976807
v 62.698483 48.152260 112.667732
v 62.464725 48.639446 109.051537
v 62.846634 48.651043 108.754509
v 62.716648 48.617119 112.437988
v 62.482143 49.217251 109.058304
v 62.843632 49.213078 108.745262
v 62.430344 49.204239 111.974236
v 62.826054 49.096127 112.245132
v 62.544014 49.759331 109.093163
v 62.894630 49.716595 108.788811
v 62.718410 49.500351 111.977005
v 62.657612 49.854839 111.634850
v 62.727303 50.088844 109.022797
v 62.397800 50.399467 110.000992
v 62.639702 50.425903 109.462105
v 62.489201 50.335709 110.944672
v 62.790462 50.305443 111.315804
v 62.667603 50.866558 110.011360
v 62.823193 50.927750 109.558517
v 62.777725 50.924286 110.475197
v 62.746311 50.649200 110.965416
v 62.845486 51.164371 110.005997
v 62.810143 44.038155 112.025696
v 62.749836 44.035812 112.952614
v 62.913357 44.597218 111.056038
v 63.070461 44.518456 112.012634
v 62.898373 44.543678 112.968018
v 63.129520 45.215801 110.716576
v 63.164818 44.921253 111.046364
v 63.242256 44.860477 111.993820
v 63.259201 45.136547 112.492020
v 63.065998 45.077145 113.018501
v 62.959465 45.753544 110.044922
v 63.303596 45.671280 110.469032
v 63.226238 45.442101 112.967857
v 63.108227 45.789001 113.266563
v 63.162571 46.422405 109.754234
v 63.259708 46.030861 110.035774
v 63.151318 46.304287 113.296692
v 63.274071 46.899380 109.558510
v 63.148510 46.867462 113.262329
v 63.290352 47.362457 109.327415
v 63.112343 47.291821 113.158295
v 63.300491 48.192047 108.749420
v 63.291058 47.778618 109.021729
v 63.230381 47.646336 112.901314
v 63.310310 48.085579 112.620270
v 63.301849 48.651749 108.606880
v 63.281292 48.629028 112.443550
v 63.300205 49.223743 108.579071
v 63.300972 49.187801 112.329613
v 63.311794 49.797539 108.611298
v 63.020851 49.774506 111.957031
v 63.382660 49.603600 112.179756
v 62.942165 50.420185 108.979790
v 63.356693 50.359104 108.690887
v 63.330402 49.985554 111.903717
v 63.285252 50.392288 111.565323
v 63.057331 50.982067 109.070930
v 63.427082 50.966599 108.743835
v 63.032860 50.946041 110.965813
v 63.400913 50.874695 111.287025
v 63.244740 51.470654 109.072334
v 63.498035 51.467251 108.794830
v 63.064556 51.495155 109.967873
v 63.286118 51.568874 110.500420
v 63.307575 51.260017 110.983459
v 63.394882 51.793861 109.043510
v 63.300835 51.844570 109.996483
v 63.345512 45.222233 111.056007
v 63.408916 45.199070 111.978577
v 63.598465 45.699661 111.006271
v 63.649841 45.692772 112.006592
v 63.361248 45.779774 112.918587
v 63.542328 46.332203 110.037010
v 63.821033 46.327568 110.518051
v 63.813457 46.042793 111.010460
v 63.803791 46.041119 111.986671
v 63.750225 46.338509 112.439774
v 63.504551 46.287834 112.925804
v 63.765484 46.993771 109.711693
v 63.837772 46.623882 110.038437
v 63.500076 46.871513 112.936073
v 63.814224 46.885372 112.467697
v 63.867466 47.415218 109.401970
v 63.435490 47.396294 112.885895
v 63.783375 47.489441 112.466362
v 63.862881 48.189812 108.741783
v 63.871876 47.795322 109.040657
v 63.775322 48.048164 112.345322
v 63.872910 48.650791 108.582161
v 63.752735 48.636692 112.288422
v 63.874397 49.224274 108.515228
v 63.731091 49.208817 112.236198
v 63.873829 49.811024 108.522995
v 63.709946 49.625484 112.142960
v 63.879345 50.395714 108.546318
v 63.822048 49.986568 111.900330
v 63.902435 50.436337 111.635330
v 63.883667 50.982151 108.557632
v 63.889576 50.965572 111.442398
v 63.901924 51.556385 108.571770
v 63.540710 51.591267 110.990074
v 63.952118 51.515247 111.291367
v 63.599354 52.144459 109.037178
v 63.942749 52.112030 108.662125
v 63.495296 52.178463 110.008888
v 63.784660 52.078888 110.921661
v 64.074554 52.043819 111.202538
v 63.831730 52.633415 109.062317
v 64.063660 52.649456 108.743225
v 63.778084 52.645912 109.974777
v 63.946529 52.690678 110.473167
v 63.961636 52.391174 110.940887
v 64.006607 52.933762 109.046181
v 63.970436 52.957230 109.983444
v 63.981995 46.382370 111.025978
v 63.929020 46.376049 111.954071
v 64.089828 46.940765 110.052216
v 64.237160 46.866611 111.014633
v 64.036316 46.890030 111.958122
v 64.351135 47.566475 109.584534
v 64.354462 47.254696 110.029404
v 64.397224 47.211342 110.987694
v 64.362350 47.507462 111.450531
v 64.132843 47.443298 111.957748
v 64.350868 48.252277 108.803230
v 64.400909 47.902561 109.104523
v 64.138420 48.047672 111.976761
v 64.488731 48.080334 111.492386
v 64.433815 48.667698 108.634247
v 64.150520 48.635784 111.980667
v 64.523979 48.638710 111.612556
v 64.460274 49.223759 108.543678
v 64.143745 49.220703 111.974861
v 64.553940 49.224201 111.651100
v 64.460411 49.809574 108.503418
v 64.061981 49.756367 111.910522
v 64.511932 49.843174 111.662498
v 64.459229 50.395641 108.488037
v 64.468307 50.405048 111.574760
v 64.450706 50.974785 108.429939
v 64.458504 50.983429 111.493454
v 64.410454 51.536182 108.341347
v 64.468132 51.566071 111.435066
v 64.368889 52.154625 108.352921
v 64.490044 52.128204 111.365799
v 64.417435 52.735149 108.408066
v 64.218285 52.692654 110.952698
v 64.590363 52.609962 111.238129
v 64.243210 53.255032 109.023239
v 64.534569 53.254890 108.568085
v 64.227226 53.269718 109.985275
v 64.485786 53.303822 110.486763
v 64.500900 52.990314 110.957962
v 64.492432 53.589798 109.010368
v 64.488815 53.593369 109.993889
v 64.549713 47.568237 110.029221
v 64.552391 47.544582 110.959503
v 64.663109 48.135826 109.069458
v 64.857208 48.011459 109.999008
v 64.759384 48.044689 110.986732
v 64.907799 48.778133 108.772079
v 64.962204 48.428902 109.048592
v 65.066185 48.331875 110.002350
v 64.954872 48.403034 110.966721
v 64.871071 48.723495 111.267929
v 65.021080 49.248882 108.622421
v 64.997009 49.266895 111.354759
v 65.046646 49.809990 108.537498
v 65.034714 49.817780 111.464287
v 65.044067 50.392300 108.457710
v 65.048050 50.393986 111.497437
v 65.006653 50.925903 108.319420
v 65.045982 50.982002 111.499413
v 64.856262 51.618748 108.084419
v 65.218475 51.740021 107.838028
v 65.096466 51.376263 108.082443
v 65.045952 51.568203 111.491791
v 64.778191 52.156017 108.028069
v 65.186829 52.166607 107.750771
v 65.045815 52.154186 111.456573
v 64.790100 52.735168 108.038673
v 65.183067 52.729614 107.740654
v 65.070770 52.710403 111.363815
v 64.876045 53.277004 108.088638
v 65.238724 53.232738 107.788811
v 64.802025 53.264221 110.947990
v 65.150940 53.133587 111.204765
v 65.073837 53.602894 108.025574
v 64.714821 53.931618 108.998093
v 64.980896 53.940754 108.461868
v 64.741394 53.916016 109.986549
v 65.074791 53.903866 110.480423
v 65.095245 53.512707 110.920265
v 64.983543 54.400700 109.042877
v 65.174431 54.434566 108.569099
v 65.021446 54.365128 109.932701
v 65.208366 54.318672 110.223305
v 65.173637 54.694664 109.035759
v 65.181969 54.537338 109.929413
v 65.251221 48.725807 109.045250
v 65.331001 48.656246 110.014008
v 65.132500 48.724007 110.941551
v 65.492149 49.364113 108.773758
v 65.542381 49.020321 109.045357
v 65.606979 48.954479 109.993073
v 65.654778 49.201275 110.508858
v 65.406425 49.184742 111.007370
v 65.608574 49.834274 108.616173
v 65.665825 49.450005 111.006561
v 65.579659 49.877064 111.299286
v 65.636017 50.385338 108.466423
v 65.630096 50.404083 111.435257
v 65.620438 50.852924 108.272514
v 65.632225 50.981964 111.491783
v 65.647270 51.699673 107.736977
v 65.633026 51.276859 108.001793
v 65.632011 51.567997 111.500031
v 65.645760 52.167534 107.605354
v 65.631218 52.152599 111.474693
v 65.644188 52.739735 107.578941
v 65.624786 52.725342 111.396103
v 65.654320 53.314671 107.597816
v 65.671310 53.238651 111.261536
v 65.295624 53.929497 107.985863
v 65.700974 53.867710 107.662125
v 65.611008 53.669399 111.015411
v 65.563339 54.041706 110.688911
v 65.456215 54.444080 108.078835
v 65.800201 54.416264 107.728485
v 65.661171 54.451561 110.370949
v 65.689995 54.744240 108.046036
v 65.439117 54.960930 108.999725
v 65.684456 55.022373 108.523582
v 65.665604 55.024929 109.484528
v 65.617050 54.819443 109.982300
v 65.739792 55.158577 109.003479
v 65.842613 49.307209 109.044067
v 65.909019 49.233227 109.991844
v 66.105141 49.944313 108.744095
v 66.163857 49.587166 109.058365
v 66.234772 49.442478 110.012703
v 66.143921 49.711964 110.926979
v 66.110687 50.010868 111.204330
v 66.216522 50.391273 108.486725
v 66.192200 50.425972 111.365929
v 66.139137 50.800461 108.238449
v 66.218269 50.981781 111.456757
v 66.251930 51.633602 107.686516
v 66.184425 51.195557 107.947510
v 66.217415 51.567253 111.479797
v 66.220871 52.158360 107.549927
v 66.210960 52.146660 111.432274
v 66.216965 52.740498 107.495476
v 66.162827 52.699379 111.313759
v 66.206657 53.325520 107.446762
v 66.091125 53.296028 111.219490
v 66.187866 53.881939 107.376328
v 65.938751 53.876030 110.954964
v 66.150505 53.661812 111.080437
v 66.177734 54.497913 107.406715
v 66.206238 54.024780 110.858162
v 66.234924 54.448753 110.549843
v 65.954926 55.051323 108.017860
v 66.272789 55.022427 107.558067
v 65.957008 55.016411 109.961136
v 66.309914 54.882244 110.234421
v 66.246834 55.338787 108.035812
v 66.214188 55.430286 109.010162
v 66.289993 55.152985 109.915573
v 66.493988 49.836231 109.019318
v 66.784149 49.839890 109.507935
v 66.703773 49.726589 110.002052
v 66.459877 49.888062 110.944672
v 66.760361 49.875629 110.477104
v 66.741508 50.411133 108.518082
v 66.849686 50.032673 108.986694
v 66.766594 50.145485 110.958977
v 66.676826 50.525356 111.240730
v 66.514153 50.990284 108.010117
v 66.889687 51.183693 107.801338
v 66.847282 50.819740 108.099113
v 66.779610 51.005611 111.376419
v 66.814049 51.596401 107.621582
v 66.802994 51.562714 111.426445
v 66.804359 52.155361 107.516159
v 66.799431 52.140217 111.351074
v 66.801384 52.736584 107.454910
v 66.620102 52.802471 111.101982
v 66.815063 52.616577 111.133255
v 66.876556 52.996098 110.931511
v 66.764656 53.272133 107.322395
v 66.512924 53.325958 111.002953
v 66.933922 53.358631 110.788277
v 66.617943 53.964756 107.088806
v 66.971870 54.078026 106.820595
v 66.856018 53.723068 107.085548
v 66.403023 53.850559 110.902267
v 66.855377 53.952911 110.677750
v 66.551186 54.499439 107.041672
v 66.938843 54.506313 106.704651
v 66.798111 54.488331 110.476906
v 66.574486 55.090950 107.079681
v 66.930382 55.076252 106.689217
v 66.803894 54.932465 110.247162
v 66.762115 55.570229 107.072357
v 66.997475 55.580456 106.747330
v 66.539886 55.630772 107.981369
v 66.555145 55.601032 108.975441
v 66.851585 55.532948 109.429771
v 66.792831 55.280643 109.907394
v 66.930618 55.866356 107.051262
v 66.858360 55.911835 108.018150
v 66.884224 55.755402 108.954865
v 67.041321 49.890427 110.002846
v 67.392754 50.501080 108.545227
v 67.375122 50.221767 109.036613
v 67.385529 50.095142 109.979774
v 67.076729 50.413662 110.973305
v 67.424850 50.377460 110.530670
v 67.304085 51.183800 107.801308
v 67.343895 50.834660 108.106819
v 67.368698 50.710705 110.975555
v 67.262718 51.109222 111.241920
v 67.378281 51.595062 107.622314
v 67.362144 51.594021 111.362740
v 67.391174 52.153812 107.516968
v 67.398834 52.125320 111.348740
v 67.389809 52.731354 107.440292
v 67.087830 52.767731 111.031616
v 67.470177 52.541817 111.202858
v 67.387016 53.207821 107.287933
v 67.424942 52.944775 110.939087
v 67.364166 53.400978 110.712715
v 67.405350 54.027573 106.677467
v 67.392334 53.628674 107.006096
v 67.394058 53.917053 110.548332
v 67.383492 54.484501 106.418823
v 67.371353 54.470936 110.391006
v 67.311874 55.085114 106.367996
v 67.290215 54.890842 110.203949
v 67.344765 55.665947 106.405090
v 67.339523 55.240826 109.899887
v 67.407898 55.570412 109.461243
v 67.185448 56.170105 107.025757
v 67.471611 56.178406 106.572166
v 67.168335 56.160622 107.974785
v 67.438728 56.135963 108.439201
v 67.382095 55.897572 108.938591
v 67.477058 56.467415 107.035896
v 67.474884 56.352795 107.959747
v 67.899521 50.553818 108.704292
v 67.881851 50.373486 109.061104
v 67.877510 50.341583 109.944344
v 67.903038 50.535133 110.307762
v 67.675133 51.001781 108.019112
v 68.035187 50.864468 108.324150
v 67.672493 50.991852 110.982910
v 68.041992 50.920727 110.652733
v 67.940033 51.634838 107.685860
v 68.009048 51.203178 107.959610
v 67.967728 51.283291 110.987923
v 67.843651 51.693535 111.233467
v 67.975807 52.158775 107.539474
v 67.915466 52.149780 111.279060
v 67.975990 52.731651 107.445724
v 67.876465 52.535648 111.177002
v 67.975800 53.196507 107.272964
v 67.939163 52.933937 110.922760
v 68.005966 53.379578 110.658318
v 67.952415 53.996216 106.529076
v 67.975998 53.591274 106.976830
v 67.965683 53.901749 110.451523
v 67.799660 54.558098 106.102173
v 68.139595 54.663265 105.811203
v 68.047028 54.352394 106.114754
v 67.866913 54.379398 110.261299
v 67.698433 55.084759 106.014122
v 68.086365 55.092186 105.656288
v 67.663422 55.055790 109.965988
v 67.973549 54.788071 109.995483
v 68.057320 55.169048 109.677338
v 67.696381 55.666668 106.010056
v 68.069244 55.648312 105.536667
v 67.965958 55.568447 109.349312
v 67.792946 56.209606 106.067253
v 68.111481 56.202709 105.580887
v 67.976280 55.916790 108.960548
v 67.998627 56.274521 108.484352
v 68.020569 56.513611 106.025124
v 67.775421 56.725163 106.999023
v 68.023880 56.784851 106.521294
v 68.006340 56.786926 107.486046
v 67.947418 56.598305 108.004288
v 68.084152 56.916359 107.003464
v 68.208107 50.499325 109.030159
v 68.202698 50.501736 109.967712
v 68.545662 50.918633 108.482323
v 68.581726 50.667107 109.009033
v 68.557533 50.698235 109.970512
v 68.539742 51.015778 110.388275
v 68.558540 51.690388 107.718239
v 68.560944 51.287930 108.012466
v 68.259499 51.575623 110.984505
v 68.655930 51.484558 110.685814
v 68.561974 52.162289 107.553932
v 68.518456 51.885632 110.947906
v 68.293396 52.152573 111.114944
v 68.562012 52.731716 107.446083
v 68.245453 52.709393 110.957787
v 68.520454 52.422180 110.942589
v 68.670570 52.845654 110.728050
v 68.564850 53.202328 107.280861
v 68.573875 53.337402 110.553459
v 68.559662 53.946835 106.520897
v 68.565002 53.594997 106.979935
v 68.529175 53.855961 110.336143
v 68.569702 54.612690 105.659286
v 68.571136 54.271111 106.048004
v 68.282730 54.516098 110.022957
v 68.601028 54.289154 110.052193
v 68.651924 54.653008 109.730988
v 68.501083 55.023045 105.353142
v 68.554169 55.078800 109.489288
v 68.415359 55.718056 105.109070
v 68.766312 55.764343 104.811050
v 68.601074 55.404034 105.047157
v 68.469917 55.498634 109.242851
v 68.419220 56.207870 105.106293
v 68.766159 56.168526 104.805328
v 68.522041 55.864738 108.924919
v 68.583435 56.253304 108.578651
v 68.611961 56.518951 105.038651
v 68.280174 56.829964 106.005699
v 68.562180 56.842155 105.500435
v 68.299591 56.772907 107.962311
v 68.638809 56.635643 108.237198
v 68.579025 57.108269 106.029854
v 68.561043 57.183720 107.009895
v 68.632942 56.895866 107.909264
v 69.141029 51.021523 108.520966
v 69.125999 50.843208 109.030312
v 69.066612 50.916756 109.921692
v 69.056831 51.164574 110.243782
v 69.148048 51.697830 107.727203
v 69.148445 51.326599 108.042000
v 69.138977 51.578140 110.475349
v 69.148010 52.162346 107.554329
v 68.694748 52.151848 110.879143
v 69.158852 52.155701 110.634834
v 69.148232 52.735107 107.459999
v 69.160805 52.753269 110.584641
v 69.189529 53.259640 107.308395
v 69.148323 53.322468 110.471855
v 69.111336 54.004898 106.552277
v 69.121819 53.679691 107.028687
v 69.144127 53.789425 110.279686
v 69.124336 54.595688 105.539734
v 69.159889 54.266289 106.054970
v 69.173042 54.211750 109.969437
v 69.158470 54.542130 109.529778
v 68.880684 55.119808 105.043343
v 69.248947 55.277538 104.796600
v 69.201080 54.926167 105.101982
v 69.000359 54.999073 109.279091
v 69.181030 55.698780 104.651306
v 68.835213 55.643814 108.966530
v 69.124901 55.359314 108.971138
v 69.225807 55.756516 108.676521
v 69.176117 56.244110 104.626755
v 69.129242 56.228134 108.447144
v 68.822876 56.858650 105.020615
v 69.230316 56.789444 104.722427
v 69.055695 56.641701 108.202034
v 69.100586 57.300182 105.073318
v 69.336021 57.243835 104.835564
v 68.880615 57.391632 105.987076
v 68.900208 57.356934 106.973495
v 69.221489 57.251469 107.433586
v 69.083229 56.983547 107.866959
v 69.274918 57.473888 105.074318
v 69.203377 57.677990 106.004684
v 69.230621 57.528713 106.959015
v 69.689522 51.103474 108.556114
v 69.632027 50.961037 109.014168
v 69.411880 51.046101 109.961647
v 69.711731 51.039665 109.487282
v 69.732468 51.702469 107.735077
v 69.753311 51.334698 108.068848
v 69.762947 51.231926 109.988220
v 69.700684 51.632313 110.320244
v 69.733955 52.162739 107.560196
v 69.730537 52.157829 110.483643
v 69.732620 52.740692 107.485420
v 69.734169 52.740620 110.509262
v 69.744545 53.313381 107.418327
v 69.734001 53.316349 110.437111
v 69.442230 53.913094 106.994453
v 69.929184 53.862530 107.303192
v 69.736343 53.780582 110.278534
v 69.687057 54.626289 105.564491
v 69.664452 54.400372 106.051674
v 69.759789 54.164856 106.962440
v 69.568611 54.611374 109.111969
v 69.742622 54.546257 109.125992
v 69.762367 54.735527 108.889954
v 69.735413 54.147564 109.975250
v 69.732536 55.239506 104.764618
v 69.747131 54.886120 105.089333
v 69.364769 55.050140 108.952469
v 69.823151 55.040905 108.538383
v 69.735458 55.684906 104.589813
v 69.651863 55.665585 108.370735
v 69.734871 56.256508 104.535675
v 69.561401 56.163734 108.241684
v 69.744217 56.831760 104.584312
v 69.415192 56.802284 107.951256
v 69.708656 56.529263 107.965836
v 69.821594 56.932850 107.693314
v 69.790665 57.348736 104.716568
v 69.768196 57.376530 107.371712
v 69.714638 57.755821 105.016014
v 69.511322 57.939369 105.998940
v 69.748886 57.995968 105.506874
v 69.752724 57.991219 106.491180
v 69.708771 57.764072 106.988815
v 69.826393 58.213177 105.997955
v 69.977097 51.054226 109.001228
v 70.305359 51.726219 107.755188
v 70.301933 51.436752 108.065697
v 70.347328 51.183819 109.001976
v 70.298126 51.407978 109.946022
v 70.303604 51.718353 110.253494
v 70.318802 52.166447 107.577049
v 70.318008 52.165565 110.428047
v 70.319588 52.740513 107.510536
v 70.320129 52.739880 110.487053
v 70.313972 53.334866 107.499146
v 70.320244 53.320713 110.454163
v 70.354706 53.896935 107.569389
v 70.356781 53.839695 110.302612
v 69.988510 54.557240 106.014839
v 70.088112 54.485359 107.073685
v 70.303543 54.389271 107.785156
v 70.242851 54.582394 107.947639
v 70.013176 54.580261 109.023048
v 70.369934 54.688374 108.376190
v 70.323967 54.483040 109.496269
v 70.288872 54.252823 109.996155
v 70.221062 55.291668 104.797874
v 70.246262 55.019951 105.088234
v 70.322807 54.733959 105.995758
v 70.311829 54.806084 106.981827
v 70.314888 55.130795 107.473259
v 70.127777 55.000576 108.036293
v 70.306641 54.616627 108.902672
v 70.306252 55.695934 104.616852
v 70.025093 55.655556 107.990883
v 70.390205 55.670631 107.622047
v 70.320824 56.256073 104.524750
v 69.942360 56.218021 107.939651
v 70.378792 56.286797 107.669266
v 70.319893 56.842587 104.511505
v 70.324524 56.862556 107.576019
v 70.335854 57.412914 104.555420
v 70.329880 57.408508 107.413719
v 70.036888 58.001179 105.013031
v 70.422043 57.908657 104.699013
v 70.056679 57.962738 106.962654
v 70.413940 57.823112 107.216133
v 70.346176 58.279324 105.027107
v 70.137039 58.460289 105.987160
v 70.376808 58.531521 105.524208
v 70.386642 58.460453 106.425201
v 70.380051 58.175339 106.912941
v 70.435875 58.632572 105.986404
v 70.806961 51.782124 107.802444
v 70.828392 51.535667 108.089470
v 70.880112 51.358704 108.999695
v 70.830101 51.526115 109.913696
v 70.808228 51.780491 110.198799
v 70.893158 52.179226 107.614349
v 70.893181 52.179104 110.385872
v 70.907005 52.739872 107.523277
v 70.906967 52.739906 110.476692
v 70.905128 53.325974 107.520523
v 70.905052 53.326111 110.476692
v 70.915230 53.890816 107.599770
v 70.918823 53.886894 110.385864
v 70.614388 54.486782 107.990700
v 70.999550 54.289623 107.795837
v 70.641754 54.430988 109.961235
v 71.003654 54.285946 110.199158
v 70.577446 55.161179 105.043716
v 70.873940 55.140690 105.515175
v 70.801201 55.002804 105.999489
v 70.611038 55.081062 106.995811
v 70.882027 55.127117 106.489319
v 70.970024 54.553677 108.100349
v 70.922600 54.684830 109.000237
v 70.981361 54.523056 109.909882
v 70.855797 55.751179 104.712433
v 70.921753 55.353977 105.023491
v 70.923096 55.336227 106.992790
v 70.862976 55.725704 107.345428
v 70.905487 56.262714 104.548180
v 70.901894 56.260822 107.482452
v 70.897964 56.834145 104.431999
v 70.905228 56.842953 107.501328
v 70.859627 57.399879 104.353180
v 70.907333 57.420197 107.438324
v 70.858635 58.010456 104.404694
v 70.953194 57.936798 107.293671
v 70.641472 58.567692 105.017174
v 70.977242 58.528542 104.568726
v 70.891701 58.345421 107.008293
v 70.879700 58.663952 106.537613
v 70.942520 58.845379 105.034180
v 70.898468 58.911587 105.998116
v 71.164436 51.651440 108.044075
v 71.466576 51.619507 108.512825
v 71.388260 51.510765 109.000526
v 71.168159 51.640736 109.959167
v 71.471909 51.617451 109.488541
v 71.453545 52.225964 107.695610
v 71.526596 51.816818 108.011436
v 71.520668 51.818520 109.987816
v 71.454918 52.226593 110.301178
v 71.491753 52.745270 107.545822
v 71.491806 52.745327 110.453293
v 71.491852 53.326118 107.512955
v 71.491852 53.326107 110.487061
v 71.493217 53.899555 107.577080
v 71.493225 53.899570 110.423019
v 71.506050 54.330265 107.763184
v 71.505630 54.330757 110.237381
v 71.117760 55.188896 105.999420
v 71.506218 54.596207 108.068283
v 71.498070 54.770279 109.000427
v 71.505066 54.594082 109.931694
v 71.378860 55.874359 104.797188
v 71.393387 55.603683 105.068085
v 71.449951 55.406052 106.001678
v 71.390274 55.604630 106.933701
v 71.378227 55.872650 107.204483
v 71.470757 56.289673 104.588829
v 71.460251 56.286980 107.357948
v 71.462219 56.795338 104.354950
v 71.483635 56.844204 107.435043
v 71.304001 57.479465 104.086876
v 71.665764 57.600143 103.840851
v 71.544250 57.237545 104.085968
v 71.490402 57.426388 107.452026
v 71.252327 58.012352 104.056717
v 71.642479 58.015480 103.765450
v 71.505348 57.987640 107.379860
v 71.330544 58.546070 104.096222
v 71.688492 58.496716 103.800591
v 71.219528 58.561600 106.967720
v 71.586807 58.403168 107.206795
v 71.551102 58.846222 104.050232
v 71.242157 59.141880 105.010101
v 71.518616 59.160522 104.514717
v 71.236534 59.143589 105.984261
v 71.565361 59.112453 106.427757
v 71.548309 58.755074 106.903328
v 71.540199 59.431305 105.011147
v 71.564026 59.402031 105.975327
v 71.741760 51.624828 108.995819
v 72.071754 52.292007 107.731918
v 72.070938 51.968117 108.048584
v 72.113548 51.749008 109.002182
v 72.056023 51.994194 109.945938
v 72.061340 52.304897 110.252747
v 72.077980 52.749718 107.563080
v 72.076744 52.752396 110.423164
v 72.078011 53.325993 107.512215
v 72.078156 53.325878 110.486877
v 72.078056 53.902168 107.563721
v 72.078064 53.902187 110.436302
v 72.080399 54.351002 107.740822
v 72.079361 54.350094 110.258514
v 72.086670 54.651031 108.058289
v 72.042648 54.903278 108.999893
v 72.085960 54.646194 109.938278
v 71.692757 55.789448 105.050697
v 71.787292 55.665085 105.996628
v 71.688362 55.793201 106.943619
v 71.974998 56.368729 104.701775
v 72.022964 56.037182 105.056931
v 72.108452 55.874569 106.002029
v 71.990311 56.060417 106.928619
v 71.884697 56.367252 107.203728
v 72.076370 56.775581 104.383194
v 72.002701 56.889030 107.296959
v 72.090508 57.568222 103.750130
v 72.083107 57.169338 104.037819
v 72.051605 57.441391 107.379776
v 72.094879 58.026798 103.623550
v 72.062126 57.998009 107.364784
v 72.107597 58.575031 103.635719
v 72.076546 58.448608 107.232880
v 71.815926 59.158123 104.032227
v 72.209160 59.067352 103.754013
v 72.080215 58.835579 106.940178
v 72.085144 59.218086 106.580482
v 72.093918 59.466366 104.016609
v 71.835106 59.720047 105.009995
v 72.087105 59.763912 104.503830
v 71.880547 59.648720 105.952301
v 72.169746 59.584141 106.258484
v 72.145103 60.008804 105.030556
v 72.178886 59.839157 105.938400
v 72.663620 52.309353 107.748032
v 72.661446 52.036728 108.063133
v 72.657761 51.888714 108.996506
v 72.591789 52.104485 109.914108
v 72.566628 52.365990 110.199158
v 72.664009 52.749729 107.563171
v 72.651131 52.765148 110.385712
v 72.664207 53.325916 107.506210
v 72.664894 53.325573 110.470810
v 72.664604 53.904366 107.554092
v 72.664040 53.903305 110.439789
v 72.668152 54.372616 107.723969
v 72.664207 54.363785 110.265533
v 72.647507 54.759315 108.052345
v 72.424187 54.996372 108.996254
v 72.709839 54.972160 108.551857
v 72.709709 54.948845 109.437187
v 72.645248 54.734104 109.931664
v 72.756882 55.059452 108.998390
v 72.353455 56.281971 105.017746
v 72.631966 56.302017 105.511948
v 72.549797 56.190125 105.997131
v 72.245552 56.314781 106.908325
v 72.575867 56.361179 106.429314
v 72.633324 56.816620 104.511055
v 72.699013 56.493420 104.990829
v 72.426369 56.817047 107.020287
v 72.762566 56.796062 106.657967
v 72.652725 57.569839 103.745644
v 72.657349 57.196659 104.052086
v 72.650436 57.141937 106.985840
v 72.474541 57.520679 107.214561
v 72.663551 58.026688 103.581726
v 72.513397 58.012619 107.234528
v 72.664055 58.601528 103.547165
v 72.490524 58.426136 107.156281
v 72.681618 59.175270 103.584465
v 72.610687 58.784210 106.908630
v 72.694214 59.215855 106.622299
v 72.328362 59.796322 104.013649
v 72.737297 59.724239 103.672920
v 72.711166 59.699467 106.328438
v 72.597710 60.256676 104.062454
v 72.857849 60.259529 103.755249
v 72.428032 60.289665 104.969536
v 72.671051 60.352047 105.497810
v 72.639183 60.108025 105.986298
v 72.791512 60.550972 104.050034
v 72.722382 60.593369 104.987061
v 73.249992 52.311008 107.748978
v 73.249649 52.062881 108.065338
v 73.227348 51.969261 108.986458
v 72.934059 52.207413 109.962242
v 73.273026 52.113327 109.530411
v 73.251106 52.747009 107.546738
v 73.274750 52.395878 110.019600
v 73.213730 52.809101 110.309845
v 73.248154 53.323631 107.466759
v 73.249512 53.331596 110.448105
v 73.250046 53.911728 107.500542
v 73.250015 53.903133 110.434013
v 73.283203 54.436756 107.672737
v 73.249825 54.368675 110.273483
v 73.225479 54.835457 107.986801
v 73.239792 55.077278 108.479095
v 73.250496 54.731312 109.953697
v 73.254120 55.011803 109.469894
v 73.282440 55.129951 108.985466
v 72.852585 56.386318 105.990120
v 73.181343 56.990829 104.584908
v 73.162857 56.754887 105.048874
v 73.147919 56.642643 105.952042
v 73.160072 56.931915 106.318375
v 73.154167 57.624866 103.792648
v 73.190720 57.289604 104.103935
v 72.857750 57.467365 106.925232
v 73.253494 57.422558 106.575294
v 73.236580 58.038761 103.614334
v 72.922691 58.012604 106.963165
v 73.345360 58.012569 106.660774
v 73.250839 58.599957 103.508514
v 72.852585 58.548466 106.913185
v 73.302460 58.637501 106.671089
v 73.239120 59.185024 103.446854
v 73.250954 59.197044 106.553619
v 73.226639 59.741226 103.388275
v 73.260750 59.754379 106.415451
v 73.263916 60.358299 103.444740
v 72.973343 60.337112 105.980293
v 73.370247 60.227089 106.244469
v 73.043427 60.862396 104.037270
v 73.331810 60.864502 103.672440
v 73.005005 60.896866 104.987488
v 73.262878 60.933216 105.493408
v 73.281677 60.618031 105.967407
v 73.300873 61.192749 104.023239
v 73.273941 61.214142 104.993126
v 73.837006 52.303371 107.732933
v 73.836197 52.068211 108.066200
v 73.835022 52.010460 108.967117
v 73.834892 52.169891 109.492722
v 73.835159 52.738960 107.487404
v 73.832497 52.474594 109.977272
v 73.833092 52.863468 110.281235
v 73.787537 53.291462 107.337578
v 73.835968 53.334858 110.433922
v 73.792542 53.943012 107.353188
v 73.835983 53.903088 110.433678
v 73.846107 54.482574 107.540146
v 73.835976 54.367695 110.272240
v 73.569908 55.015324 108.041550
v 73.932022 54.879417 107.784348
v 73.835915 54.740631 109.960098
v 73.836571 55.034313 109.476311
v 73.911690 55.099140 108.093544
v 73.844536 55.184624 108.966766
v 73.459961 56.948128 105.026955
v 73.454735 56.931328 105.960915
v 73.512199 57.483036 104.039185
v 73.825584 57.439823 104.505447
v 73.773468 57.201027 105.014374
v 73.747375 57.223591 105.958145
v 73.709801 57.547318 106.270973
v 73.786224 58.094101 103.707237
v 73.857994 57.686756 104.017502
v 73.808266 58.031025 106.424614
v 73.833023 58.606880 103.517990
v 73.829109 58.602974 106.482018
v 73.798454 59.133602 103.328941
v 73.836029 59.185165 106.491463
v 73.663162 59.825451 103.103806
v 74.020554 59.937317 102.859673
v 73.889709 59.585751 103.091354
v 73.834442 59.772022 106.453018
v 73.656685 60.318199 103.091003
v 74.041489 60.271149 102.813187
v 73.860214 60.333714 106.380539
v 73.851433 60.643124 103.018280
v 73.718445 61.004025 103.323769
v 73.578232 60.909386 105.965096
v 73.965164 60.814819 106.238785
v 73.534462 61.533615 104.014137
v 73.851280 61.521492 103.512764
v 73.514633 61.544468 104.996384
v 73.806587 61.572987 105.538521
v 73.861328 61.211689 105.969627
v 73.787033 62.013149 104.056526
v 73.995415 62.032696 103.709381
v 73.780144 62.016281 104.946220
v 73.971169 62.044125 105.312073
v 73.967842 62.308327 104.043159
v 73.960686 62.315765 104.961815
v 74.421158 52.297558 107.699539
v 74.421997 52.062603 108.062538
v 74.422127 52.020416 108.964645
v 74.421684 52.186691 109.483696
v 74.390572 52.709682 107.376945
v 74.421455 52.494835 109.962143
v 74.421967 52.870319 110.272141
v 74.246544 53.377716 107.101097
v 74.604576 53.490707 106.860687
v 74.476807 53.139969 107.090462
v 74.422012 53.334911 110.433685
v 74.246513 53.860088 107.100975
v 74.605629 53.745609 106.863129
v 74.421997 53.903091 110.433678
v 74.476845 54.095676 107.093254
v 74.395035 54.519783 107.390594
v 74.422005 54.367645 110.272148
v 74.434158 54.926739 107.715874
v 74.421989 54.740383 109.959862
v 74.421921 55.047527 109.481796
v 74.436211 55.150795 108.067238
v 74.423141 55.205994 108.963181
v 74.089043 57.470181 105.009689
v 74.033432 57.520496 105.954918
v 74.309738 58.216618 103.794899
v 74.325134 57.946049 104.068939
v 74.383522 57.750626 104.988426
v 74.295021 57.819736 105.948486
v 74.219383 58.126255 106.205116
v 74.404915 58.627781 103.575485
v 74.341934 58.649799 106.292755
v 74.423302 59.091019 103.339798
v 74.397400 59.199371 106.386040
v 74.424484 59.926132 102.778389
v 74.423416 59.513985 103.037895
v 74.413300 59.774029 106.435051
v 74.452492 60.359627 102.674072
v 74.421577 60.356449 106.432762
v 74.072800 60.966911 102.975372
v 74.500908 60.895912 102.715683
v 74.446701 60.918404 106.374321
v 74.229271 61.483730 103.070236
v 74.609718 61.427334 102.788620
v 74.146507 61.514553 105.978516
v 74.550903 61.413437 106.248756
v 74.456009 61.798393 103.039291
v 74.379944 62.163670 103.364937
v 74.414581 61.829407 106.009453
v 74.311226 62.169922 105.669380
v 74.219307 62.614731 104.037148
v 74.504028 62.619873 103.674812
v 74.206497 62.629776 104.978569
v 74.460793 62.649071 105.461021
v 74.508400 62.906250 104.037163
v 74.474129 62.947197 104.985481
v 75.008606 52.277191 107.676041
v 75.008209 52.061890 108.061874
v 75.007996 52.019264 108.964729
v 75.008003 52.189747 109.482208
v 75.002586 52.637722 107.337227
v 75.008011 52.497608 109.959854
v 75.008003 52.870354 110.272133
v 75.025925 53.456345 106.783165
v 75.011169 53.042187 107.011116
v 75.008003 53.334908 110.433678
v 75.023323 53.774933 106.793236
v 75.007996 53.903099 110.433678
v 75.010757 54.178829 107.029472
v 75.007408 54.587158 107.353958
v 75.007324 54.366467 110.270111
v 75.008629 54.950085 107.687653
v 75.007439 54.737778 109.957687
v 75.007889 55.047386 109.481758
v 75.009491 55.170979 108.063080
v 75.008087 55.218288 108.964653
v 74.616257 58.140965 104.051529
v 74.685661 58.052265 105.011642
v 74.489960 58.110874 105.931061
v 74.887283 58.726452 103.730186
v 74.915382 58.402660 104.045181
v 74.967575 58.345619 104.990517
v 74.999535 58.606968 105.496040
v 74.750015 58.577629 105.983009
v 75.005882 59.190506 103.435471
v 74.965599 58.919247 105.967552
v 74.820633 59.282166 106.216919
v 74.904419 59.966930 102.800575
v 74.965950 59.585743 103.086571
v 74.930626 59.819839 106.294098
v 74.976387 60.391743 102.664383
v 74.981911 60.372440 106.381836
v 75.008003 60.944080 102.630539
v 74.997650 60.946846 106.398033
v 75.039436 61.500931 102.654503
v 75.028946 61.516632 106.410896
v 74.729134 62.102951 103.019371
v 75.134476 61.984116 102.767006
v 74.633629 62.159630 106.052238
v 75.040993 62.073200 106.399368
v 75.023247 62.390869 103.024437
v 74.964806 62.739090 103.370148
v 74.738487 62.717358 105.960075
v 75.101204 62.669331 106.460205
v 74.808304 63.168388 104.043625
v 75.093460 63.122940 103.716888
v 74.748299 63.244835 105.013939
v 74.941238 63.199230 105.942421
v 75.184364 63.214355 106.401878
v 75.098015 63.368877 104.059105
v 75.055161 63.539341 104.991196
v 75.116539 63.497471 105.971237
v 75.597450 52.256001 107.642578
v 75.596138 52.047852 108.054665
v 75.595100 52.010487 108.965767
v 75.594345 52.186249 109.483894
v 75.521591 52.584896 107.283424
v 75.594498 52.494793 109.962135
v 75.594086 52.870220 110.272293
v 75.633759 53.396210 106.741783
v 75.562836 52.959949 106.956337
v 75.594009 53.334896 110.433746
v 75.597748 53.782871 106.768776
v 75.592171 53.900448 110.421600
v 75.594193 54.194572 107.012779
v 75.593979 54.595882 107.343620
v 75.583519 54.357277 110.257202
v 75.593506 54.950699 107.686935
v 75.587738 54.721153 109.944397
v 75.591301 55.031448 109.473221
v 75.592705 55.171589 108.062996
v 75.592796 55.210846 108.963852
v 75.204117 58.693577 104.044952
v 75.244514 58.654148 104.988411
v 75.435532 59.279999 103.716942
v 75.462860 58.993130 104.043961
v 75.490807 58.971428 104.977623
v 75.184593 59.237934 105.920090
v 75.470299 59.245834 105.432632
v 75.261055 59.821426 103.050064
v 75.601524 59.738068 103.472809
v 75.341438 59.755432 106.010292
v 75.659874 59.743404 105.538872
v 75.402733 60.463840 102.793526
v 75.539314 60.107586 103.053818
v 75.569710 60.079590 105.977043
v 75.408775 60.453945 106.218987
v 75.515686 60.992184 102.713219
v 75.540970 61.000946 106.320282
v 75.562889 61.542862 102.661263
v 75.579109 61.542633 106.503250
v 75.589752 62.055500 102.721016
v 75.513184 62.020119 106.690514
v 75.332512 62.644024 103.064461
v 75.592690 62.432140 102.885017
v 75.625946 62.430546 106.962502
v 75.448738 62.749840 106.890533
v 75.781326 62.779110 107.248634
v 75.594818 62.798252 103.145676
v 75.638962 63.201553 103.545113
v 75.475975 63.229332 106.883293
v 75.784279 63.208714 107.246399
v 75.574982 63.609043 104.010017
v 75.355965 63.801067 105.012634
v 75.619644 63.825142 104.514252
v 75.375443 63.802517 105.979553
v 75.631721 63.838963 106.480026
v 75.663689 63.531898 106.949974
v 75.671616 64.000175 105.022163
v 75.672127 64.094887 105.970764
v 76.161903 52.248894 107.534340
v 76.183807 52.013489 108.040680
v 76.185036 51.963505 108.971985
v 76.179726 52.149693 109.502266
v 75.890648 52.748150 107.010139
v 76.272690 52.931595 106.790138
v 76.228378 52.572266 107.090462
v 76.182861 52.473763 109.977455
v 76.183731 52.860130 110.286636
v 76.196548 53.340469 106.663567
v 76.179611 53.334564 110.418770
v 76.181671 53.780361 106.742592
v 76.168129 53.887348 110.384811
v 76.179939 54.200085 107.005676
v 76.180008 54.587776 107.352753
v 76.088318 54.308033 110.215271
v 76.172173 54.938774 107.698776
v 76.131340 54.662064 109.907562
v 76.184448 54.970104 109.454590
v 76.165039 55.145130 108.066582
v 76.166183 55.167347 108.953629
v 75.647148 59.287834 104.055992
v 75.665993 59.276737 104.957596
v 75.911522 59.760086 104.004951
v 75.926170 59.751255 105.002350
v 75.769104 60.415123 103.081131
v 76.122711 60.421627 103.558731
v 76.145439 60.096569 104.012260
v 76.150452 60.091980 104.991409
v 75.786346 60.402550 105.930511
v 76.134834 60.415722 105.453957
v 75.938965 60.923786 102.980026
v 76.272789 60.896599 103.343521
v 75.976387 60.895966 106.061218
v 76.307297 60.824272 105.711166
v 75.976219 61.616467 102.805466
v 76.156052 61.247986 103.025070
v 76.235626 61.117489 106.088249
v 76.118690 61.516098 106.510727
v 75.975517 62.016392 102.823418
v 76.239372 61.927708 106.967278
v 75.899300 62.133419 106.988022
v 76.275352 62.214199 107.410782
v 76.149101 62.385326 103.042374
v 75.860497 62.653606 103.060616
v 76.267464 62.795689 103.305145
v 76.146080 62.710041 107.583206
v 76.175636 63.248257 103.568657
v 76.130569 63.283806 107.597145
v 75.918465 63.777069 104.054245
v 76.176163 63.610939 103.849480
v 75.908081 63.854702 106.986099
v 76.220612 63.819817 107.455551
v 76.177162 63.855301 104.106125
v 76.160301 64.241829 104.971451
v 75.980698 64.340164 105.998337
v 76.211273 64.393166 105.514175
v 76.229019 64.387482 106.478394
v 76.200768 64.149879 106.990692
v 76.295952 64.481628 105.998611
v 76.767258 52.178932 107.513084
v 76.769943 51.930107 108.019386
v 76.747101 51.818665 108.982529
v 76.721718 52.043308 109.563240
v 76.776245 52.882729 106.749374
v 76.772705 52.518097 107.056770
v 76.732483 52.373608 110.041389
v 76.802612 52.787487 110.343796
v 76.767181 53.327179 106.633522
v 76.771988 53.320393 110.432022
v 76.765694 53.783707 106.730194
v 76.733101 53.844322 110.309402
v 76.764900 54.187195 107.019341
v 76.766602 54.563969 107.385857
v 76.466507 54.482796 109.985558
v 76.799164 54.277077 110.040756
v 76.825233 54.615627 109.675934
v 76.684235 54.893063 107.741737
v 76.689545 54.925766 109.295670
v 76.668243 55.077877 108.068527
v 76.669861 55.089207 108.936989
v 76.397644 60.428577 104.023117
v 76.413284 60.416138 104.980949
v 76.616394 61.020538 103.700241
v 76.648010 60.743095 104.042931
v 76.695862 60.719975 104.979805
v 76.714394 60.977882 105.454803
v 76.343933 61.575787 103.096992
v 76.730507 61.545765 103.533493
v 76.779587 61.237106 105.971886
v 76.767952 61.545013 106.493187
v 76.359268 62.076298 103.092781
v 76.765182 62.142128 103.422516
v 76.768417 61.794540 107.002724
v 76.861382 62.096241 107.899132
v 76.644417 62.226208 107.879028
v 76.937134 62.279568 108.241783
v 76.763191 62.699146 103.506042
v 76.491150 62.707413 107.985374
v 76.863091 62.693447 108.459602
v 76.724030 63.214451 103.692314
v 76.454048 63.291965 108.009743
v 76.779770 63.288029 108.491585
v 76.782349 63.620014 103.994270
v 76.457092 63.859638 104.106140
v 76.847137 63.930943 104.350235
v 76.515198 63.886425 107.953369
v 76.807976 63.868088 108.475517
v 76.724564 64.200500 104.728821
v 76.494751 64.366707 105.041077
v 76.493942 64.406197 107.008255
v 76.732040 64.333961 107.932892
v 76.941742 64.354218 108.406960
v 76.766533 64.418266 105.110321
v 76.785378 64.588608 106.013428
v 76.834694 64.552773 106.981491
v 76.897049 64.489799 107.961479
v 77.123169 51.650757 108.999649
v 77.373100 51.611797 108.510345
v 77.456894 51.488785 108.996696
v 77.381630 51.610897 109.486694
v 77.374313 52.109356 107.501015
v 77.305489 51.782700 107.983261
v 77.351448 51.860664 109.998108
v 77.039864 52.133919 110.021713
v 77.391609 52.217846 110.443947
v 77.338074 52.885563 106.760338
v 77.350555 52.503296 107.052101
v 77.333046 52.767231 110.599464
v 77.333969 53.326038 106.652550
v 77.347015 53.330624 110.519363
v 77.337837 53.768730 106.755669
v 77.354980 53.801113 110.316612
v 77.343910 54.149647 107.047325
v 77.326019 54.530720 107.508018
v 77.351822 54.192093 109.988518
v 77.335716 54.561543 109.517792
v 77.372124 54.818634 108.009201
v 76.996452 54.976147 108.034134
v 76.998283 54.980953 108.969933
v 77.374855 54.821655 108.993103
v 76.844841 61.037430 104.054535
v 76.991928 61.022675 104.965057
v 77.109665 61.500080 103.999046
v 77.335152 61.544258 104.507164
v 77.276642 61.300114 105.033104
v 77.264557 61.455360 105.952805
v 77.315720 61.627346 106.450996
v 77.164261 62.200386 103.748077
v 77.304649 61.849312 104.032745
v 77.377312 61.769897 107.000725
v 77.383858 61.976284 107.975494
v 77.340157 62.160744 108.509857
v 77.203346 62.700066 103.748566
v 77.399132 62.446190 108.970123
v 77.174965 62.750423 108.927872
v 77.480782 62.755020 109.424004
v 77.174545 63.118595 103.836365
v 77.088638 63.290607 108.982399
v 77.387512 63.291431 109.479156
v 77.280800 63.456276 104.097260
v 77.340675 63.843872 104.522385
v 77.097992 63.869652 108.977051
v 77.391457 63.869617 109.476891
v 77.368294 64.207520 104.978912
v 77.036835 64.382957 105.046043
v 77.364517 64.466553 105.483139
v 77.211891 64.373100 108.910248
v 77.506523 64.369942 109.409485
v 77.327271 64.593163 106.023331
v 77.359505 64.684021 107.001144
v 77.370247 64.698242 107.997612
v 77.447128 64.547989 108.946320
v 77.670532 51.625633 108.031258
v 78.017189 51.758045 107.748749
v 78.009575 51.497444 108.082802
v 77.932480 51.218475 108.990585
v 77.929176 51.274998 109.980301
v 77.632751 51.568485 110.028664
v 78.046127 51.357658 110.964363
v 77.886841 51.663719 110.937958
v 78.146515 51.648022 111.400543
v 77.968994 52.155067 107.422012
v 77.715546 52.142834 110.914230
v 78.056824 52.143730 111.330734
v 77.764053 52.913486 106.841682
v 77.881607 52.562939 107.098938
v 77.745209 52.700565 110.923561
v 78.107758 52.653938 111.261841
v 77.786049 53.326305 106.773224
v 77.961639 53.015064 110.970810
v 77.842628 53.412666 110.683411
v 77.762993 53.736435 106.843376
v 77.940796 53.825897 110.363434
v 77.866898 54.055378 107.115067
v 77.942093 54.385086 107.546104
v 77.940155 54.164196 109.970970
v 77.932358 54.464146 109.481789
v 77.916298 54.641827 108.038063
v 77.921928 54.656521 108.967682
v 77.572845 61.599525 105.015556
v 77.577469 61.622707 105.975517
v 77.491302 62.174885 104.101448
v 77.776581 62.184090 104.588409
v 77.831093 61.906624 105.034164
v 77.910828 61.857212 106.046577
v 77.930031 61.867775 107.003761
v 77.942184 61.912350 107.992271
v 78.018745 62.041996 108.949257
v 77.680901 62.173775 108.973717
v 77.982033 62.185070 109.473785
v 77.550056 62.702351 104.075401
v 77.873207 62.706104 104.540070
v 78.000534 62.459869 109.962708
v 77.778313 62.757114 109.921860
v 78.074821 62.758953 110.419098
v 77.492348 63.216053 104.118217
v 77.827316 63.292839 104.548004
v 77.680519 63.291451 109.979179
v 77.974281 63.291519 110.478653
v 77.782837 63.722263 104.757164
v 77.684486 63.869617 109.976898
v 77.978874 63.869419 110.475769
v 77.851295 64.020927 105.101730
v 77.874184 64.318565 105.579193
v 77.793350 64.375999 109.913002
v 78.089119 64.373581 110.411125
v 77.871506 64.524803 106.073349
v 77.936508 64.714890 107.004150
v 77.896622 64.869957 107.978691
v 77.916779 64.831352 109.004707
v 78.024826 64.567780 109.948845
v 78.273743 51.048286 109.022820
v 78.571457 51.122826 108.572067
v 78.604950 50.900478 109.046158
v 78.568542 50.729416 109.982491
v 78.237221 50.988956 110.000671
v 78.566376 50.729527 110.988472
v 78.291885 51.039143 110.984749
v 78.537415 50.991505 111.494354
v 78.515038 51.727165 107.759125
v 78.511986 51.375183 108.095398
v 78.592049 51.307980 111.949135
v 78.448242 51.572697 111.852882
v 78.766983 51.565521 112.185043
v 78.517586 52.163719 107.528091
v 78.559349 51.848282 111.963661
v 78.397591 52.214653 111.684265
v 78.126648 52.791714 107.087082
v 78.560982 52.707115 107.361710
v 78.530823 52.736649 111.566040
v 78.189003 53.326443 107.044640
v 78.607910 53.321663 107.361847
v 78.250847 53.298672 110.967430
v 78.609741 53.167408 111.276123
v 78.105209 53.847355 107.109955
v 78.502861 53.902119 107.454224
v 78.578217 53.489597 110.907654
v 78.499962 53.817963 110.462402
v 78.420723 54.312016 107.743446
v 78.537529 54.145561 109.945251
v 78.475090 54.369183 109.439491
v 78.421776 54.501804 108.065308
v 78.431549 54.526089 108.953316
v 78.004906 62.205856 105.055420
v 78.227272 62.130173 105.977737
v 78.479942 62.170990 106.524162
v 78.435089 62.039925 107.042946
v 78.507736 61.934391 108.008560
v 78.539505 61.943737 108.990150
v 78.607132 62.046188 109.950027
v 78.276703 62.186752 109.973244
v 78.574455 62.194851 110.469261
v 78.179214 62.691422 105.049065
v 78.409271 62.744576 105.562225
v 78.482239 62.439117 106.022705
v 78.596443 62.469021 110.943733
v 78.374435 62.761570 110.907433
v 78.678642 62.779499 111.290359
v 78.166718 63.281532 105.039101
v 78.464966 63.285908 105.532806
v 78.281471 63.293308 110.967941
v 78.628014 63.278412 111.451706
v 78.065605 63.792892 105.113388
v 78.379662 63.812618 105.586555
v 78.286537 63.868568 110.965950
v 78.639053 63.879684 111.446632
v 78.191597 64.393929 106.036674
v 78.480141 64.130638 106.030037
v 78.539787 64.435570 106.492119
v 78.390327 64.367516 110.889595
v 78.674545 64.316467 111.259544
v 78.487656 64.702835 107.030724
v 78.263313 64.976044 108.014183
v 78.523972 64.870125 107.586952
v 78.271492 64.974106 108.989952
v 78.538544 65.007149 109.492775
v 78.487129 64.863762 110.021225
v 78.609772 64.547470 110.921288
v 78.534096 65.009216 108.077095
v 78.614006 65.067909 108.976837
v 78.889214 50.493450 110.027374
v 79.163033 50.546043 109.573654
v 79.199928 50.331665 110.051353
v 79.162956 50.151421 110.983208
v 78.846581 50.433880 111.016571
v 79.202576 50.172462 111.973297
v 79.009048 50.478424 111.959549
v 79.232971 50.446198 112.437363
v 79.114838 51.110657 108.559967
v 79.095612 50.775955 109.073929
v 78.765663 50.951546 112.003647
v 79.100838 51.003868 112.478882
v 78.941956 51.745487 107.835243
v 79.041039 51.429943 108.119339
v 79.139862 51.577377 112.550110
v 79.031502 52.198643 107.704819
v 78.753616 52.182140 112.034729
v 79.158783 52.121857 112.366905
v 79.058266 52.742813 107.615906
v 78.925301 52.678169 111.908478
v 79.270950 52.572674 112.207283
v 79.042053 53.291843 107.662773
v 79.183510 52.879799 111.880936
v 79.100151 53.201775 111.439644
v 78.921616 53.812122 107.754227
v 79.126198 53.539837 110.937187
v 79.063934 53.786018 110.437401
v 78.979347 54.100067 108.051117
v 78.705223 54.350918 108.049889
v 78.744270 54.392639 108.979416
v 79.059013 54.160011 109.012794
v 79.035332 54.000618 109.948868
v 78.770828 62.188381 107.026337
v 79.056534 62.196091 107.532234
v 79.024178 62.051334 108.050560
v 79.094162 61.942905 109.009109
v 79.125145 61.951843 109.987930
v 79.187775 62.082451 110.916435
v 78.877480 62.214561 110.940819
v 79.194969 62.270496 111.291649
v 78.684425 62.755535 106.076004
v 78.964394 62.763123 106.584236
v 79.049065 62.458035 107.035362
v 79.073875 62.664459 111.627213
v 78.757645 63.288971 106.035751
v 79.057686 63.291462 106.531265
v 79.150688 63.022289 111.956398
v 78.964348 63.336155 111.892349
v 79.305359 63.370914 112.232880
v 78.697273 63.825954 106.075272
v 79.007149 63.880287 106.542053
v 78.968330 63.824280 111.887825
v 79.308571 63.788532 112.228989
v 78.955307 64.309654 106.747406
v 79.167107 64.123932 111.945770
v 79.081078 64.461746 111.521629
v 79.017021 64.515060 107.090736
v 78.800232 64.979286 108.019547
v 79.140495 64.847427 107.985046
v 79.099777 65.008781 108.507980
v 78.826736 65.021141 109.993919
v 79.124863 65.007912 110.490196
v 79.080841 64.808136 111.014549
v 79.038635 65.087341 109.049423
v 79.187035 65.101952 109.955200
v 79.718353 38.224373 116.053581
v 79.881104 38.198257 115.595367
v 79.836990 38.071384 116.036163
v 79.842049 38.080311 116.960091
v 79.723373 38.227283 116.943268
v 79.909851 38.207115 117.386726
v 79.638397 38.678181 116.044968
v 79.789764 38.679317 115.543884
v 79.654099 38.678013 116.946831
v 79.847923 38.686459 117.433678
v 79.668465 39.175270 116.047844
v 79.818375 39.219601 115.560692
v 79.695793 39.166126 116.935181
v 79.866730 39.177425 117.282257
v 79.753883 39.522156 116.012642
v 79.809036 39.487183 116.965080
v 79.475975 49.908783 111.028397
v 79.748878 49.956589 110.572098
v 79.784958 49.740318 111.049873
v 79.742477 49.554646 111.981026
v 79.452599 49.864014 112.015854
v 79.825516 49.617420 112.947441
v 79.655167 49.909908 112.927139
v 79.894463 49.906788 113.239861
v 79.702637 50.516350 109.554153
v 79.681747 50.189079 110.073860
v 79.483521 50.389965 112.917862
v 79.823242 50.402496 113.309418
v 79.607178 51.141335 108.727295
v 79.644936 50.822006 109.093079
v 79.459679 50.981056 112.950188
v 79.826134 50.972740 113.301224
v 79.296043 51.629799 108.089355
v 79.688484 51.571144 108.434410
v 79.510017 51.525024 112.917755
v 79.878975 51.470409 113.224991
v 79.458290 52.130676 107.977173
v 79.823212 52.092651 108.314568
v 79.724892 51.838974 112.963394
v 79.626488 52.225758 112.650642
v 79.437416 52.739197 107.856895
v 79.658730 52.460133 108.040146
v 79.710663 52.626446 112.334160
v 79.622452 52.996204 108.058060
v 79.435020 53.348591 108.018158
v 79.693520 53.323986 108.502022
v 79.726593 52.965591 111.932579
v 79.654488 53.206741 111.439774
v 79.181557 53.817169 108.064987
v 79.681580 53.594353 109.020912
v 79.381981 53.879726 108.993507
v 79.362793 53.848850 109.985321
v 79.701492 53.678509 110.006622
v 79.636909 53.430401 110.938377
v 79.356667 62.188015 108.027191
v 79.645699 62.192966 108.530434
v 79.610252 62.051651 109.050293
v 79.681198 61.946789 110.008812
v 79.726906 61.998791 110.976334
v 79.680092 62.151955 111.513199
v 79.267212 62.757641 107.079529
v 79.550072 62.763779 107.584602
v 79.636360 62.457733 108.036125
v 79.718468 62.435474 111.972733
v 79.413559 62.712620 111.988197
v 79.777771 62.780846 112.325638
v 79.364433 63.291916 107.022484
v 79.663567 63.291416 107.519539
v 79.717667 63.289547 112.546410
v 79.348595 63.868626 107.033112
v 79.655510 63.869423 107.524147
v 79.722382 63.866589 112.539314
v 79.238815 64.361420 107.114433
v 79.544777 64.373795 107.588730
v 79.441055 64.410988 111.955734
v 79.776375 64.319885 112.296349
v 79.609993 64.569847 108.052376
v 79.399353 65.032913 109.002754
v 79.734962 64.885406 108.957291
v 79.712242 65.058922 109.476303
v 79.425476 64.995171 110.980598
v 79.752251 64.914024 111.426697
v 79.752007 64.635704 111.926498
v 79.675003 65.130981 110.014908
v 79.768227 65.081978 110.931114
v 80.156120 38.187801 115.120895
v 80.461937 38.274982 114.840866
v 80.381775 38.040958 115.090942
v 80.298409 37.848511 116.004768
v 80.299721 37.850456 116.995705
v 80.388908 38.051910 117.902351
v 80.191032 38.195278 117.857147
v 80.478188 38.268185 118.136574
v 80.072144 38.684902 115.064255
v 80.424515 38.690411 114.751228
v 80.149300 38.628475 117.881927
v 80.490028 38.580936 118.176529
v 80.052216 39.279049 115.071289
v 80.418282 39.261482 114.737823
v 80.324158 38.939865 117.950928
v 80.234688 39.317818 117.638107
v 80.150429 39.830273 115.066422
v 80.440361 39.834404 114.754852
v 79.884010 39.885338 115.985641
v 79.993515 39.846634 116.969551
v 80.329781 39.815804 117.371559
v 80.244125 40.358486 115.087151
v 80.490082 40.347931 114.781723
v 80.064354 40.410122 115.999092
v 80.217789 40.350670 116.917038
v 80.474327 40.328697 117.221039
v 80.351883 40.698402 115.037735
v 80.238739 40.909054 115.998405
v 80.336777 40.994324 115.512405
v 80.367516 40.969845 116.473976
v 80.376190 40.668633 116.938240
v 80.385620 41.240002 116.000488
v 80.043762 49.282200 112.017204
v 80.346817 49.280083 111.558792
v 80.351425 49.000648 112.020058
v 80.361168 49.009136 112.965767
v 80.080467 49.312553 112.961220
v 80.370712 49.307896 113.321663
v 80.300728 49.909012 110.537331
v 80.273491 49.560955 111.055458
v 80.286766 49.807148 113.565224
v 80.206253 50.546207 109.708763
v 80.233055 50.229710 110.088646
v 80.209633 50.397129 113.625824
v 79.962036 51.018768 109.039307
v 80.314415 50.949173 109.377892
v 80.260712 51.008419 113.607704
v 80.108589 51.654091 108.739883
v 80.242661 51.303593 109.043488
v 80.307243 51.542786 113.431229
v 80.170326 52.160675 108.659897
v 80.013901 52.119297 112.957138
v 80.380577 51.965950 113.219971
v 79.774139 52.735634 108.146896
v 80.094772 52.666271 108.595802
v 80.335953 52.308826 112.896721
v 80.255936 52.632713 112.456413
v 79.972160 53.315243 109.011002
v 80.223846 52.990345 109.032639
v 80.236069 53.261299 109.521660
v 79.980896 53.304993 110.993362
v 80.330566 53.156197 111.033020
v 80.263618 53.289303 110.492775
v 80.270233 52.891888 111.955070
v 80.174011 53.404404 110.002335
v 79.948303 62.181274 109.024178
v 80.248566 62.176010 109.521263
v 80.203941 62.040451 110.049118
v 80.280273 61.949669 110.996750
v 80.357780 62.089684 111.911476
v 80.034927 62.196136 111.944656
v 80.365288 62.286194 112.280861
v 79.867790 62.754341 108.073868
v 80.201263 62.777382 108.575089
v 80.256393 62.436771 109.018631
v 80.242485 62.665016 112.627502
v 79.974121 63.291466 108.010574
v 80.291550 63.292580 108.436165
v 80.320030 63.023964 112.952583
v 80.104622 63.329605 112.907410
v 80.483528 63.381813 113.190887
v 79.963020 63.870506 108.016418
v 80.306778 63.847546 108.510094
v 80.108040 63.833130 112.899590
v 80.485420 63.778511 113.188324
v 79.844200 64.376175 108.085983
v 80.140846 64.384270 108.584335
v 80.334854 64.125114 112.946243
v 80.240974 64.475868 112.531227
v 80.199562 64.626503 109.055107
v 80.222214 64.912155 109.574234
v 80.252060 64.822731 112.040764
v 80.270126 65.047134 111.518097
v 80.206657 65.073944 110.070602
v 80.303078 65.129738 110.985001
v 80.918129 38.183876 114.735489
v 80.878288 37.819183 115.042694
v 80.807533 37.648762 115.998344
v 80.808243 37.649704 117.000488
v 80.877907 37.819176 117.956322
v 80.915215 38.191414 118.227631
v 80.882172 38.686134 114.599762
v 80.886757 38.656971 118.288788
v 80.877541 39.262836 114.565842
v 80.601814 39.227474 117.953880
v 80.963882 39.055676 118.176048
v 80.875916 39.849304 114.547859
v 80.906761 39.449341 117.915634
v 80.846962 39.883022 117.616074
v 80.880150 40.427071 114.511238
v 80.890770 40.404373 117.409302
v 80.503998 41.064190 114.989883
v 80.875450 40.964321 114.505074
v 80.625000 40.974850 116.954124
v 80.995926 40.893429 117.244965
v 80.658829 41.599949 115.024940
v 80.896690 41.606190 114.516136
v 80.570679 41.601578 115.973709
v 80.847008 41.643196 116.533325
v 80.893433 41.286995 116.968369
v 80.770004 42.173676 115.033379
v 80.933479 42.188087 114.529640
v 80.793564 42.112766 115.924179
v 80.999283 42.123020 116.311951
v 80.864975 42.672260 115.014709
v 80.996544 42.732449 114.561440
v 80.933029 42.745888 115.483841
v 80.938835 42.452820 115.965813
v 80.953117 43.017361 115.008842
v 80.658607 48.722816 112.039558
v 80.972443 48.749729 111.711418
v 80.947830 48.423725 112.039551
v 80.879288 48.359772 112.989998
v 80.631134 48.693180 112.983047
v 80.892487 48.681747 113.459404
v 80.858910 49.150505 111.374603
v 80.759132 49.161873 113.674759
v 80.864792 49.882076 110.624290
v 80.869591 49.507576 110.990898
v 80.878059 49.522213 113.988670
v 80.673286 49.850147 113.926125
v 81.055908 49.900467 114.216629
v 80.556923 50.420780 110.028519
v 80.962563 50.308735 110.323189
v 80.615486 50.395966 113.957191
v 81.018234 50.393528 114.235596
v 80.724060 51.053391 109.701355
v 80.848221 50.704220 110.024002
v 80.683861 50.928616 113.908524
v 81.042519 50.807877 114.156174
v 80.442650 51.619316 109.095039
v 80.776596 51.557686 109.539406
v 80.922058 51.166836 113.908012
v 80.841866 51.583218 113.598671
v 80.495377 52.155415 109.057732
v 80.806480 52.148884 109.537773
v 80.870354 52.005505 113.280891
v 80.425484 52.680717 109.090073
v 80.709869 52.671783 109.586159
v 80.884331 52.353081 112.908943
v 80.815201 52.593365 112.430710
v 80.472595 53.201092 110.001808
v 80.739952 52.937466 110.041161
v 80.799332 52.880871 110.990494
v 80.777695 52.784252 111.945114
v 80.565041 62.137592 110.007996
v 80.881348 62.097218 110.475861
v 80.838150 61.991486 111.018097
v 80.877121 62.031094 111.949516
v 80.864403 62.234730 112.452431
v 80.553322 62.722832 109.016441
v 80.902016 62.689720 109.470734
v 80.896248 62.343937 109.958900
v 80.919594 62.542397 112.903534
v 80.604614 62.743000 112.953148
v 80.969238 62.894341 113.205437
v 80.627403 63.291122 108.810997
v 80.802734 63.035480 109.063698
v 80.901703 63.316406 113.346077
v 80.828430 63.567505 109.034271
v 80.647415 63.908318 108.955322
v 80.960693 63.918209 109.346184
v 80.901657 63.844555 113.343636
v 80.457649 64.397003 109.069611
v 80.814636 64.397774 109.555016
v 80.619598 64.400566 112.942764
v 80.972580 64.262398 113.199745
v 80.530693 64.972908 110.034096
v 80.844368 64.726051 110.018539
v 80.837196 64.987419 110.519699
v 80.592270 65.004120 111.980095
v 80.927078 64.886246 112.412880
v 80.928787 64.597992 112.895653
v 80.789894 65.092186 111.047668
v 80.932564 65.068428 111.925980
v 81.228226 37.641602 115.054344
v 81.449692 37.788689 114.886559
v 81.463020 37.587395 115.100525
v 81.526756 37.465885 116.006218
v 81.169884 37.532837 116.001450
v 81.527161 37.471725 116.993263
v 81.169594 37.531551 116.999535
v 81.452141 37.585220 117.896248
v 81.229050 37.643501 117.944099
v 81.383377 37.777161 118.056763
v 81.436699 38.147205 114.693283
v 81.317230 38.122108 118.198822
v 81.445587 38.681492 114.583328
v 81.308060 38.663078 118.225029
v 81.455109 39.261208 114.509644
v 81.289948 39.077503 118.142998
v 81.440605 39.837120 114.421417
v 81.402496 39.439201 117.900879
v 81.487083 39.894672 117.657341
v 81.349724 40.336468 114.282898
v 81.454422 40.432873 117.496674
v 81.278290 41.066299 114.087410
v 81.648827 41.127357 113.808594
v 81.485779 40.751087 114.042557
v 81.477501 40.994987 117.380875
v 81.229248 41.610977 114.055725
v 81.595566 41.616760 113.744469
v 81.182724 41.585960 116.973572
v 81.580635 41.472225 117.231689
v 81.220558 42.192196 114.046967
v 81.577339 42.194859 113.714584
v 81.472023 41.879227 116.972046
v 81.401604 42.251091 116.643227
v 81.206963 42.798756 114.060638
v 81.558693 42.787777 113.664154
v 81.129173 42.797714 115.988609
v 81.498848 42.745110 116.371780
v 81.282890 43.357853 114.041153
v 81.557465 43.344311 113.536232
v 81.083031 43.382893 114.992615
v 81.359688 43.292217 115.923744
v 81.641464 43.259956 116.224640
v 81.337112 43.937775 114.038177
v 81.526886 43.948650 113.534752
v 81.284386 43.916218 114.980553
v 81.475693 43.970638 115.518394
v 81.526291 43.612595 115.943985
v 81.407639 44.453671 114.045685
v 81.563789 44.499466 113.556641
v 81.431465 44.443253 114.938911
v 81.603508 44.453697 115.298065
v 81.466049 44.813725 114.009865
v 81.550217 44.772804 114.971794
v 81.440086 45.809696 113.986259
v 81.507271 45.732391 113.512955
v 81.473991 45.445507 113.989990
v 81.559700 45.743469 114.447189
v 81.431847 46.372009 113.083420
v 81.614761 46.373817 112.710587
v 81.530266 46.032829 113.035583
v 81.374527 46.311966 113.965271
v 81.519531 46.297226 114.470650
v 81.344505 46.892357 113.043404
v 81.547058 46.878475 112.533394
v 81.336426 46.881737 113.962578
v 81.507751 46.878353 114.472733
v 81.238007 47.489155 113.014244
v 81.395401 47.443111 112.462616
v 81.317039 47.467636 113.959969
v 81.551704 47.483120 114.466476
v 81.223663 48.097107 112.060257
v 81.574776 48.166203 111.739075
v 81.472748 47.771454 112.016167
v 81.044510 48.012020 113.019279
v 81.283195 48.056057 113.949455
v 81.555840 48.044548 114.350426
v 81.460052 48.645782 111.518944
v 81.174934 48.623001 113.950523
v 81.569389 48.632233 114.308586
v 81.373192 49.063709 111.261642
v 81.093086 49.195026 114.037857
v 81.518661 49.255829 114.316002
v 81.473640 49.880814 110.676201
v 81.421364 49.440624 110.951912
v 81.479179 49.820904 114.386154
v 81.461365 50.388088 110.502190
v 81.469101 50.379677 114.366844
v 81.072144 51.025616 110.064255
v 81.464676 50.947681 110.419495
v 81.456383 50.832771 114.237267
v 81.127235 51.572716 110.024811
v 81.483200 51.537205 110.504898
v 81.454422 51.224236 113.947449
v 81.447632 51.613228 113.591553
v 81.108398 52.166695 110.050919
v 81.344017 52.104000 110.557091
v 81.369949 51.966873 113.257767
v 80.923592 52.646515 110.063515
v 81.356033 52.373341 111.023506
v 81.101868 52.653469 110.987389
v 81.089912 52.637184 111.978165
v 81.411331 52.409859 112.011215
v 81.362877 52.203369 112.927574
v 81.392220 62.255459 110.579178
v 81.385780 62.061989 111.070747
v 81.445595 62.022003 111.965103
v 81.457115 62.179367 112.468948
v 81.293884 62.840256 109.748024
v 81.376465 62.549580 110.095627
v 81.460266 62.479053 112.944267
v 81.464577 62.842651 113.257324
v 80.950806 63.291603 109.148834
v 81.291176 63.287781 109.571342
v 81.456909 63.299835 113.418045
v 81.309471 63.802273 109.702469
v 81.456268 63.862267 113.416725
v 81.420654 64.142288 110.027687
v 81.152260 64.451958 110.007652
v 81.530487 64.518013 110.434700
v 81.465530 64.318695 113.255463
v 81.152084 65.034401 111.008247
v 81.495979 64.873581 110.927238
v 81.478264 65.072556 111.467163
v 81.462334 64.674736 112.939629
v 81.461411 64.960587 112.462334
v 81.434196 65.094475 111.982849
v 81.686020 37.634155 115.081589
v 81.968788 37.615337 115.540009
v 81.939949 37.501732 116.032997
v 81.934959 37.508472 116.961647
v 81.588722 37.623264 117.875458
v 81.923553 37.635799 117.403709
v 81.846809 38.201382 114.803085
v 81.961456 37.865093 115.068108
v 81.701744 38.095535 117.949013
v 82.078339 38.099625 117.586006
v 81.963226 38.723549 114.703308
v 81.720909 38.672611 117.971733
v 82.118752 38.676613 117.633286
v 82.016701 39.283699 114.588707
v 81.637680 39.206284 117.905983
v 82.068596 39.293087 117.620605
v 82.032616 39.849129 114.398148
v 82.042488 39.849171 117.515976
v 81.772064 40.476013 114.057549
v 82.041115 40.702362 113.884224
v 82.042267 40.306038 114.126976
v 82.032516 40.433643 117.452995
v 82.042198 41.080143 113.707611
v 82.026283 41.015282 117.391037
v 82.053146 41.611797 113.603737
v 82.037834 41.545784 117.292458
v 82.042686 42.196091 113.520233
v 81.775894 42.143745 116.936096
v 82.039909 41.923332 117.115494
v 82.015450 42.746223 113.379051
v 82.041939 42.320999 116.875481
v 82.045959 42.774406 116.598824
v 81.893951 43.432442 113.114754
v 82.215828 43.537567 112.841255
v 82.097961 43.182552 113.096291
v 82.067223 43.330391 116.395088
v 81.826973 43.957333 113.063515
v 82.183159 43.963886 112.751747
v 81.781281 43.921635 115.961472
v 82.166100 43.822948 116.243629
v 81.796768 44.554424 113.060692
v 82.175354 44.536465 112.736160
v 82.054192 44.228634 115.979248
v 81.983482 44.597527 115.647644
v 81.815742 45.123402 113.032829
v 82.160248 45.126381 112.702736
v 81.477730 45.128277 113.987808
v 81.694870 45.151737 114.985641
v 82.069000 45.103737 115.395432
v 81.689598 45.667904 112.998634
v 82.069893 45.725998 112.602600
v 81.763023 45.680141 114.950905
v 82.155762 45.702816 115.298630
v 81.989456 46.234238 112.357559
v 81.802071 46.292686 114.956566
v 82.170418 46.293026 115.271820
v 81.857948 46.929855 112.078194
v 82.225090 46.982670 111.788284
v 82.074577 46.612900 112.041603
v 81.816475 46.873764 114.944534
v 82.181602 46.868328 115.255043
v 81.705566 47.448730 111.988998
v 82.113136 47.511280 111.700340
v 81.876961 47.415760 114.904953
v 82.234863 47.362503 115.199295
v 82.056679 48.068619 111.574532
v 82.071457 47.736538 114.960335
v 81.952850 48.145283 114.680626
v 82.044258 48.630135 111.378738
v 82.031364 48.646694 114.537163
v 81.757164 49.247704 111.030083
v 82.029472 49.491772 110.885048
v 82.041092 49.087788 111.115410
v 82.042358 49.224560 114.477333
v 81.993889 49.854805 110.737900
v 82.039742 49.805794 114.438660
v 81.955551 50.363811 110.703697
v 82.019035 50.364063 114.368294
v 81.873512 50.904583 110.732346
v 81.940071 50.789120 114.204697
v 82.013153 51.260197 111.019859
v 81.819221 51.618557 110.984497
v 82.087601 51.600491 111.458008
v 81.991264 51.152321 113.909920
v 82.022766 51.532345 113.469925
v 81.564766 52.081059 111.044426
v 82.057312 51.897957 112.000923
v 81.751144 52.143890 111.982025
v 81.685074 52.054623 112.964508
v 82.036552 51.854736 112.980415
v 81.729836 62.156918 111.018669
v 82.058777 62.102997 111.472115
v 82.014030 62.054512 111.987061
v 82.039383 62.174412 112.474808
v 81.611084 62.771294 110.102333
v 82.044746 62.728863 110.511269
v 82.072632 62.333134 110.953362
v 82.040649 62.464973 112.956139
v 82.040672 62.833469 113.270203
v 81.714462 63.289734 110.028290
v 82.135612 63.281918 110.330887
v 82.039993 63.296917 113.433685
v 81.660889 63.840370 110.063164
v 82.087791 63.905621 110.349388
v 82.040054 63.865028 113.433144
v 82.073036 64.436638 110.590424
v 82.040657 64.328491 113.270119
v 82.001923 64.836372 110.947578
v 82.016029 65.071716 111.466850
v 82.040619 64.696678 112.955894
v 82.040894 64.988083 112.475128
v 82.065071 65.114876 111.987312
v 82.233879 37.633099 116.021400
v 82.225601 37.643803 116.969330
v 82.196480 38.154343 115.090721
v 82.473099 38.161652 115.582153
v 82.492935 37.898144 116.029518
v 82.478706 37.906219 116.951897
v 82.426445 38.182014 117.248390
v 82.362976 38.665306 114.998253
v 82.648453 38.661934 115.478317
v 82.479958 38.685604 117.300323
v 82.440094 39.355392 114.766655
v 82.580856 38.991650 115.034393
v 82.491394 39.265381 117.306473
v 82.581123 39.878784 114.629631
v 82.499588 39.847755 117.283577
v 82.304436 40.484005 114.058159
v 82.676155 40.373550 114.356941
v 82.495033 40.433247 117.270866
v 82.499588 41.152943 113.767258
v 82.610977 40.744995 114.026810
v 82.484840 41.009384 117.256157
v 82.602943 41.630577 113.618843
v 82.432068 41.499336 117.192947
v 82.628075 42.187870 113.486557
v 82.307579 42.147751 116.945457
v 82.595352 41.875977 116.958588
v 82.729134 42.290016 116.717705
v 82.623909 42.664680 113.298782
v 82.639023 42.788773 116.577133
v 82.638618 43.503777 112.748924
v 82.628281 43.090874 113.021111
v 82.623116 43.361237 116.457001
v 82.639153 43.964409 112.610443
v 82.640472 43.915218 116.338326
v 82.634514 44.537876 112.565094
v 82.356712 44.504242 115.958717
v 82.720497 44.330479 116.181831
v 82.628990 45.125683 112.518990
v 82.664719 44.723560 115.915977
v 82.599380 45.165916 115.631920
v 82.600204 45.664089 112.365685
v 82.629120 45.706173 115.485146
v 82.359596 46.328228 112.045448
v 82.719788 46.497822 111.818253
v 82.664787 46.106579 112.084061
v 82.634239 46.293118 115.438705
v 82.643745 46.914009 111.671097
v 82.637405 46.875534 115.402832
v 82.632751 47.472389 111.582336
v 82.644493 47.429707 115.326172
v 82.623947 48.054916 111.508202
v 82.354515 48.023846 114.960892
v 82.721107 47.846504 115.181152
v 82.635109 48.622704 111.417068
v 82.663651 48.243778 114.921043
v 82.592613 48.694302 114.666458
v 82.305840 49.270035 111.059143
v 82.733910 49.123878 111.287376
v 82.623383 49.222336 114.499123
v 82.358513 49.820251 110.883980
v 82.576164 49.544983 111.064247
v 82.603958 49.787437 114.389023
v 82.584747 50.087894 111.043243
v 82.382614 50.418167 110.982239
v 82.727654 50.448437 111.338074
v 82.505074 50.273247 114.244682
v 82.237572 50.940304 111.066162
v 82.606438 50.972935 111.513947
v 82.306892 50.944321 113.958313
v 82.611557 50.673237 113.977562
v 82.662186 51.017529 113.626091
v 82.473381 51.423187 111.733833
v 82.537247 51.401302 113.284447
v 82.495674 51.599163 112.060493
v 82.517990 51.608505 112.940712
v 82.616669 62.174393 111.523621
v 82.617546 62.099190 111.998589
v 82.621330 62.197277 112.467079
v 82.618736 62.798908 110.667908
v 82.624100 62.434563 111.020912
v 82.624474 62.471558 112.951477
v 82.625496 62.832600 113.271172
v 82.628731 63.281639 110.458336
v 82.625938 63.296951 113.433296
v 82.617714 63.881905 110.422997
v 82.625999 63.865093 113.433701
v 82.638260 64.446884 110.556221
v 82.625999 64.329643 113.272133
v 82.356789 64.984474 111.038185
v 82.722153 64.842354 110.784470
v 82.625992 64.702202 112.959709
v 82.626015 64.999573 112.477715
v 82.700722 65.061890 111.094208
v 82.634285 65.147652 111.966812
v 82.651093 38.185516 116.049416
v 82.612213 38.192722 116.929581
v 82.812813 38.706493 116.015289
v 82.707253 38.691219 116.936348
v 82.729301 39.330185 115.069572
v 82.999329 39.241600 116.003433
v 82.775696 39.267937 116.939407
v 82.953659 39.830692 115.009880
v 83.148438 39.874157 115.514771
v 83.128540 39.610683 115.997398
v 83.090439 39.892258 116.443924
v 82.863663 39.826206 116.932396
v 83.081383 40.501057 114.687073
v 83.152420 40.169724 115.032158
v 82.860611 40.432289 116.952820
v 83.149483 40.439598 116.469849
v 82.897446 41.040890 114.025002
v 83.233643 40.980972 114.466133
v 82.850540 41.013393 116.945717
v 83.185478 41.025639 116.482597
v 83.084351 41.732800 113.754921
v 83.186356 41.339058 114.031624
v 82.801697 41.558479 116.910980
v 83.203423 41.667595 116.496658
v 83.193871 42.217125 113.576241
v 83.199608 42.198841 116.488289
v 83.217163 42.687096 113.344551
v 83.200920 42.775040 116.440720
v 83.198807 43.504471 112.750847
v 83.208916 43.098190 113.030334
v 83.187675 43.351830 116.387856
v 83.198959 43.964455 112.611015
v 83.134010 43.898750 116.275520
v 83.206337 44.537651 112.551277
v 83.054184 44.352890 116.152519
v 83.212784 45.119278 112.483459
v 83.162415 44.715481 115.904358
v 83.245346 45.169415 115.659004
v 83.246727 45.659698 112.341858
v 83.212997 45.707966 115.517281
v 83.053406 46.477924 111.846245
v 83.162521 46.114323 112.095413
v 83.206543 46.289825 115.442230
v 83.133804 46.933361 111.724251
v 83.187248 46.866501 115.382202
v 83.187538 47.479618 111.618874
v 83.134262 47.414845 115.275681
v 83.199440 48.053741 111.575523
v 83.051636 47.867153 115.149246
v 83.198875 48.642918 111.540138
v 83.158661 48.223385 114.891815
v 83.226753 48.660755 114.597435
v 83.199402 49.221691 111.528580
v 83.187042 49.199436 114.410645
v 82.726730 49.810638 111.140587
v 83.136391 49.761520 111.538971
v 83.088379 49.688427 114.246346
v 83.071075 50.324371 111.695732
v 82.898041 50.375629 113.976219
v 83.186836 50.078186 113.971558
v 83.228233 50.429363 113.530746
v 83.153107 50.661995 112.029961
v 82.954506 51.001911 112.002892
v 83.142891 50.943600 112.516182
v 83.060120 50.898396 113.297974
v 82.669533 51.436127 112.068260
v 83.058594 51.154533 112.973663
v 82.805031 51.416790 112.946503
v 83.166130 62.243710 111.557381
v 83.118530 62.148460 111.999077
v 83.162773 62.258339 112.432938
v 83.215569 62.801140 110.654655
v 83.238678 62.452629 111.055122
v 83.215782 62.489056 112.922073
v 83.199509 62.848106 113.248146
v 83.176949 63.262001 110.372925
v 83.209785 63.299725 113.416695
v 83.102570 63.874439 110.302200
v 83.211975 63.864609 113.431282
v 83.180550 64.483505 110.382927
v 83.211304 64.328506 113.270164
v 83.240837 64.922142 110.676918
v 83.211426 64.699776 112.957687
v 83.211823 65.008659 112.481384
v 83.226280 65.138641 111.058609
v 83.213112 65.166908 111.963219
v 83.224266 39.950600 115.985283
v 83.289627 40.512333 115.073586
v 83.314606 40.450008 115.966316
v 83.513275 41.023197 115.024162
v 83.421463 41.021439 115.970932
v 83.458099 41.649513 114.043541
v 83.717674 41.651806 114.524254
v 83.702026 41.379040 115.001335
v 83.744003 41.632946 115.487038
v 83.571991 41.559048 116.012589
v 83.617996 42.299736 113.760170
v 83.715935 41.951717 114.055847
v 83.720352 41.930534 115.959717
v 83.586769 42.278484 116.215332
v 83.749763 42.797245 113.536316
v 83.630165 42.780510 116.232521
v 83.618385 43.542606 112.846291
v 83.720695 43.219116 113.119568
v 83.605057 43.272659 116.209145
v 83.661781 43.966484 112.743439
v 83.566513 43.975647 116.031059
v 83.785202 43.650936 115.982079
v 83.939606 44.016914 115.701912
v 83.728645 44.572510 112.691170
v 83.410027 44.483753 115.921844
v 83.839264 44.570557 115.637657
v 83.774635 45.135742 112.598289
v 83.796593 45.119984 115.504662
v 83.796463 45.708546 112.496330
v 83.775391 45.696079 115.400940
v 83.409958 46.346218 112.078201
v 83.838272 46.255886 112.364296
v 83.721863 46.250549 115.294930
v 83.566727 46.854218 111.968666
v 83.941597 46.811188 112.297485
v 83.615929 46.788441 115.225937
v 83.605049 47.558762 111.790237
v 83.785385 47.178951 112.018135
v 83.558731 47.486996 115.021980
v 83.784157 47.165806 114.984428
v 83.905670 47.521637 114.667702
v 83.640083 48.062263 111.755646
v 83.384979 47.985271 114.906509
v 83.786514 48.054760 114.496666
v 83.629761 48.626617 111.762405
v 83.677414 48.619370 114.324631
v 83.590424 49.136646 111.782875
v 83.593513 49.119179 114.207565
v 83.715736 49.482059 112.043953
v 83.540039 49.830856 112.004776
v 83.738075 49.779224 112.514977
v 83.463043 49.771835 113.959000
v 83.706169 49.461697 113.939491
v 83.719582 49.764832 113.475197
v 83.318329 50.330189 112.064240
v 83.699715 50.033516 112.997322
v 83.492996 50.380596 112.985565
v 83.236588 50.863178 112.973076
v 83.445183 62.216240 111.997894
v 83.772804 62.783779 110.526306
v 83.800629 62.511292 111.033943
v 83.818260 62.329742 111.994812
v 83.723358 62.633797 112.913589
v 83.692345 62.908890 113.197945
v 83.617134 63.343025 110.098000
v 83.972374 63.456253 109.833717
v 83.868164 63.122028 110.098427
v 83.771240 63.318066 113.360626
v 83.539558 63.873985 110.036201
v 83.948090 63.875397 109.764557
v 83.793236 63.860298 113.390717
v 83.599937 64.419228 110.073212
v 83.991325 64.356689 109.797722
v 83.787254 64.318466 113.255508
v 83.847778 64.707314 110.059982
v 83.763512 65.027847 110.476326
v 83.791817 64.683113 112.944252
v 83.796013 64.996178 112.474686
v 83.821678 65.242699 111.017242
v 83.799042 65.199821 111.966431
v 83.844231 41.715008 115.000465
v 83.873672 42.271202 114.076500
v 84.015732 42.215679 115.000763
v 83.826820 42.269398 115.909538
v 84.101135 42.772369 114.016281
v 84.193947 42.742836 115.014061
v 83.909401 42.790504 115.925873
v 83.918266 43.448799 113.120247
v 84.215347 43.434387 113.592438
v 84.287216 43.129448 114.022545
v 84.323639 43.103752 114.986610
v 84.212669 43.425480 115.432678
v 83.963676 43.289616 115.880569
v 84.037056 43.963326 113.042778
v 84.332855 43.959625 113.524483
v 84.265961 43.949593 115.345497
v 84.139740 44.512489 112.982460
v 84.421455 44.513855 113.470856
v 84.245575 44.535282 115.307190
v 84.172386 45.219204 112.799835
v 84.330170 44.852016 113.037949
v 84.225403 45.109276 115.255264
v 84.222511 45.724052 112.745689
v 84.173805 45.611397 115.201210
v 84.245522 46.298229 112.692207
v 84.124817 46.307209 115.005074
v 84.326897 45.975960 114.959648
v 84.410767 46.313728 114.524673
v 84.265594 46.882515 112.657814
v 83.984062 46.831596 114.925438
v 84.289314 46.884922 114.465393
v 83.968422 47.541718 112.117531
v 84.212471 47.404648 112.567490
v 84.227592 47.390278 114.297508
v 83.928116 48.050529 112.069344
v 84.323135 47.726089 113.013252
v 84.221855 48.097237 112.982285
v 84.119240 48.071716 113.989914
v 84.286400 47.701073 113.969650
v 83.889893 48.624989 112.069664
v 84.078110 48.632042 112.999390
v 83.947891 48.618870 113.949280
v 83.816292 49.146095 112.092033
v 83.969307 49.201019 112.999252
v 83.823692 49.143875 113.909218
v 83.831863 49.699360 112.999405
v 84.362457 62.673622 110.475296
v 84.405937 62.514767 111.014717
v 84.359940 62.496090 111.982162
v 84.048630 62.770058 112.945007
v 84.418991 62.706989 112.523262
v 84.432693 63.363655 109.708122
v 84.372490 62.963062 109.996330
v 84.356018 63.026043 112.965881
v 84.251701 63.415752 113.232491
v 84.401573 63.881920 109.603836
v 84.323883 63.871777 113.292465
v 84.415810 64.429939 109.645203
v 84.276520 64.264687 113.190987
v 84.139931 64.966972 110.063164
v 84.491791 64.839073 109.802422
v 84.333496 64.622688 112.904655
v 84.402878 64.959442 112.472443
v 84.459190 65.115128 110.086708
v 84.364021 65.417984 111.007126
v 84.388313 65.224831 111.961288
v 84.401176 43.456192 114.052002
v 84.406242 43.451290 114.948128
v 84.490112 43.962105 114.037506
v 84.458839 43.960918 114.940964
v 84.549217 44.559956 114.014679
v 84.470192 44.535942 114.936279
v 84.414139 45.195107 113.092735
v 84.582489 45.127197 114.004723
v 84.457474 45.108673 114.927116
v 84.457306 45.721348 113.073029
v 84.582497 45.702808 113.995247
v 84.414642 45.634979 114.907692
v 84.470314 46.294029 113.063644
v 84.547241 46.269703 113.984955
v 84.457710 46.869038 113.059349
v 84.476044 46.864822 113.957314
v 84.404854 47.378422 113.051674
v 84.390839 47.369537 113.937332
v 84.702034 62.759007 110.040367
v 85.065689 62.903080 109.783813
v 85.043373 62.671482 110.092148
v 84.975250 62.504620 111.004616
v 84.953522 62.594479 111.944031
v 84.953621 62.813465 112.346863
v 84.986061 63.306831 109.572800
v 84.664650 63.296761 112.977509
v 85.057274 63.211472 112.675095
v 84.967087 63.874031 109.473312
v 84.925880 63.605965 112.947296
v 84.701622 63.872894 113.115814
v 84.975143 64.453537 109.530945
v 84.649612 64.423744 112.952858
v 84.925247 64.139893 112.938278
v 85.057655 64.539963 112.681335
v 84.986900 64.917160 109.721916
v 84.967384 64.952278 112.360794
v 84.968376 65.284370 110.061577
v 84.735519 65.533646 110.996391
v 85.019325 65.513313 110.555542
v 85.016800 65.494995 111.436462
v 84.949158 65.296364 111.942413
v 85.062904 65.607460 110.998405
v 85.576561 62.836449 109.687332
v 85.571655 62.606815 110.062782
v 85.550804 62.503525 110.995247
v 85.482140 62.673035 111.907730
v 85.462181 62.894726 112.233398
v 85.528954 63.269501 109.391914
v 85.545273 63.299774 112.471581
v 85.448357 63.874470 109.306953
v 85.102722 63.871780 112.878990
v 85.564102 63.876057 112.628441
v 85.506516 64.490967 109.357513
v 85.558052 64.469902 112.529968
v 85.573730 65.019493 109.600517
v 85.553459 64.929550 112.298897
v 85.530220 65.391136 109.976669
v 85.545670 65.623749 110.479340
v 85.555794 65.276657 111.951675
v 85.559921 65.556496 111.468498
v 85.587593 65.673935 110.985237
v 86.122215 62.781261 109.521706
v 86.152145 62.528107 110.035828
v 86.120537 62.515022 110.985870
v 85.823944 62.759102 111.959671
v 86.164085 62.671337 111.525459
v 85.961082 63.343010 109.097900
v 86.316399 63.456329 108.833885
v 86.211151 63.121510 109.097183
v 86.155251 62.961086 112.005196
v 86.099129 63.357510 112.311821
v 85.883545 63.873978 109.036186
v 86.292076 63.875416 108.764542
v 86.134453 63.880581 112.460762
v 85.939758 64.421654 109.067787
v 86.333260 64.358818 108.794525
v 86.137650 64.450790 112.437920
v 86.173340 64.728188 109.041130
v 86.087326 65.092033 109.362343
v 86.131386 64.905434 112.257462
v 85.874763 65.565216 110.036850
v 86.222878 65.451202 109.726189
v 86.134010 65.263916 111.941391
v 86.134750 65.550072 111.460777
v 86.209244 65.630630 110.090698
v 86.138763 65.699059 110.964256
v 86.690521 62.614517 109.448082
v 86.709778 62.366295 110.019310
v 86.726028 62.483181 110.976616
v 86.759216 62.757263 111.485512
v 86.778740 63.363857 108.713814
v 86.710075 62.948254 108.983215
v 86.677780 63.102993 111.922432
v 86.625427 63.474434 112.213348
v 86.745537 63.882324 108.609825
v 86.693871 63.902882 112.347984
v 86.758972 64.430222 108.648041
v 86.694313 64.431610 112.346062
v 86.464500 65.003464 109.049164
v 86.830994 64.847847 108.804192
v 86.624809 64.850372 112.202057
v 86.804207 65.201530 109.125771
v 86.671440 65.432999 109.579460
v 86.668045 65.185715 111.896484
v 86.665489 65.475151 111.415024
v 86.645828 65.626068 110.058182
v 86.636337 65.641685 110.948112
v 87.072929 62.191132 109.995071
v 87.358841 62.184643 109.523361
v 87.417000 62.037338 110.000999
v 87.338310 62.161781 110.488174
v 87.020653 62.698406 109.008553
v 87.427635 62.827255 108.751083
v 87.351105 62.450790 109.038284
v 87.269371 62.356647 110.999657
v 87.340729 62.727249 111.391571
v 87.329315 63.304222 108.598572
v 87.000542 63.315086 111.963554
v 87.420036 63.182507 111.698158
v 87.316170 63.874813 108.534904
v 87.285454 63.601940 111.962654
v 87.112480 63.967880 112.190994
v 87.314445 64.443985 108.591156
v 87.110542 64.364418 112.188210
v 87.314140 64.876976 108.768654
v 86.980820 64.993538 111.947388
v 87.267487 64.713089 111.943962
v 87.361908 65.068039 111.539047
v 87.301308 65.154533 109.075325
v 86.984673 65.558601 110.017410
v 87.352463 65.448822 109.984314
v 86.972939 65.552841 110.983734
v 87.340569 65.384537 110.998337
v 87.659340 62.195522 109.055717
v 88.004944 62.313953 108.791290
v 87.975967 62.025513 109.075470
v 87.904922 61.778576 109.997856
v 87.970818 62.022095 110.924965
v 87.637917 62.183624 110.962395
v 87.995972 62.311275 111.218056
v 87.921776 62.734314 108.630585
v 87.899933 62.729694 111.421082
v 87.902115 63.290924 108.536003
v 87.914986 63.277733 111.577522
v 87.899391 63.872742 108.522018
v 87.508904 63.910225 111.923851
v 87.958740 63.840416 111.672607
v 87.887764 64.433662 108.614967
v 87.499931 64.419487 111.913818
v 87.926430 64.478477 111.605988
v 87.803345 64.834190 108.800987
v 87.880165 64.937714 111.339203
v 87.825241 65.082375 109.088242
v 87.883446 65.281685 110.002853
v 87.878845 65.190620 110.950356
v 88.250320 61.604374 110.002960
v 88.508270 61.578030 109.512436
v 88.583023 61.440884 109.999413
v 88.511299 61.577702 110.487244
v 88.530602 62.195442 108.712456
v 88.472137 61.795769 109.019493
v 88.470490 61.799637 110.979027
v 88.532082 62.196239 111.288399
v 88.490372 62.708649 108.561668
v 88.488632 62.708481 111.444283
v 88.485985 63.288010 108.511993
v 88.485466 63.288830 111.516579
v 88.482208 63.868095 108.557907
v 88.485641 63.872414 111.508652
v 88.441681 64.380066 108.712936
v 88.461121 64.433853 111.408852
v 88.500526 64.781334 109.018761
v 88.159897 64.971596 109.042961
v 88.463493 64.997093 109.513641
v 88.375267 64.838142 111.205856
v 88.398567 65.130592 110.025375
v 88.382446 65.041595 110.927261
v 88.810181 61.592922 109.039047
v 89.168205 61.725636 108.782707
v 89.143486 61.433411 109.072319
v 89.079895 61.198025 109.998199
v 89.146164 61.461277 110.914864
v 88.815010 61.607563 110.956116
v 89.169914 61.734222 111.206726
v 89.085175 62.142269 108.615723
v 89.084465 62.142376 111.384972
v 89.072655 62.703243 108.522072
v 89.072632 62.703251 111.477982
v 89.071358 63.286755 108.522064
v 89.070618 63.287468 111.478149
v 89.058792 63.847729 108.615738
v 89.056328 63.857651 111.403145
v 88.975861 64.264458 108.782623
v 88.953819 64.330597 111.246498
v 89.001511 64.558525 109.072098
v 88.736969 64.979164 110.011520
v 89.078720 64.811050 109.989143
v 88.677971 64.907433 110.947380
v 89.013039 64.673607 110.938316
v 89.428574 61.039120 109.997162
v 89.686325 61.011269 109.515594
v 89.757195 60.912193 109.986748
v 89.704262 61.054272 110.447243
v 89.702316 61.609856 108.712914
v 89.643913 61.209450 109.019394
v 89.656357 61.292152 110.937599
v 89.672562 61.665829 111.261292
v 89.661774 62.121906 108.557915
v 89.659889 62.127216 111.428329
v 89.658005 62.702007 108.512009
v 89.657921 62.702080 111.487961
v 89.654198 63.282089 108.557907
v 89.654190 63.282078 111.442024
v 89.613678 63.794167 108.712921
v 89.609863 63.795197 111.287697
v 89.671852 64.194221 109.019501
v 89.333900 64.397369 109.038963
v 89.635590 64.411613 109.512512
v 89.340782 64.425270 110.973846
v 89.676826 64.199150 110.984558
v 89.634720 64.425209 110.490204
v 89.562492 64.551590 109.996529
v 89.983521 61.012203 109.042191
v 90.341721 61.144802 108.788155
v 90.323799 60.874664 109.076714
v 90.274872 60.765400 109.989525
v 90.226974 60.915970 110.526627
v 90.256935 61.555107 108.610031
v 90.220894 61.193863 111.012077
v 90.279434 61.597744 111.309624
v 90.244911 62.116894 108.516289
v 90.246292 62.119656 111.455223
v 90.243584 62.700592 108.521835
v 90.243446 62.700829 111.471954
v 90.231613 63.262741 108.612755
v 90.230782 63.261654 111.384087
v 90.148376 63.678127 108.782661
v 90.144714 63.678799 111.215454
v 90.172440 63.970451 109.072395
v 89.894508 64.386795 110.003593
v 90.238983 64.211266 109.997879
v 90.173149 63.967865 110.924919
v 90.874817 61.022305 108.699501
v 90.838356 60.667358 109.039505
v 90.800056 60.562130 110.009102
v 90.899864 60.866745 110.917046
v 90.560654 60.998795 110.964928
v 90.926666 61.147141 111.208023
v 90.832870 61.533043 108.514748
v 90.841728 61.555458 111.387749
v 90.826172 62.116371 108.467010
v 90.830574 62.117168 111.472000
v 90.829819 62.698807 108.526520
v 90.826233 62.696148 111.442307
v 90.796028 63.215672 108.698692
v 90.783791 63.207947 111.288582
v 90.859612 63.624874 109.012062
v 90.509171 63.815052 109.035461
v 90.811974 63.832516 109.510094
v 90.502388 63.801453 110.958366
v 90.845551 63.604568 110.979614
v 90.805054 63.827400 110.487541
v 90.732620 63.962250 109.999290
v 91.193024 60.477226 109.042900
v 91.513100 60.554256 108.772652
v 91.515106 60.359074 109.070755
v 91.500847 60.313847 109.954659
v 91.158134 60.420242 109.988907
v 91.460136 60.480087 110.440605
v 91.425529 60.951633 108.520279
v 91.410675 60.727451 110.924980
v 91.427734 61.088673 111.251297
v 91.363808 61.500580 108.343987
v 91.417595 61.541508 111.427979
v 91.367706 62.153614 108.338097
v 91.415230 62.115036 111.471870
v 91.414207 62.699810 108.500412
v 91.402740 62.675629 111.383995
v 91.409027 63.142448 108.728218
v 91.317528 63.094257 111.217117
v 91.392952 63.443092 109.056709
v 91.075508 63.813366 110.003922
v 91.436844 63.660576 109.994057
v 91.349632 63.391441 110.928116
v 92.013313 60.455620 108.639191
v 92.024658 60.220516 109.047646
v 92.018616 60.201607 109.967636
v 92.008179 60.395592 110.479561
v 91.912422 60.862980 108.318283
v 92.002380 60.708893 110.953369
v 92.002563 61.075081 111.270699
v 91.809296 61.566208 108.078995
v 92.204514 61.622467 107.815964
v 92.028664 61.255920 108.032951
v 92.001938 61.538979 111.433784
v 91.824379 62.064423 108.098396
v 92.186676 61.950996 107.855347
v 91.997192 62.109444 111.432640
v 92.060349 62.290985 108.103271
v 91.969887 62.702606 108.417343
v 91.957779 62.626286 111.295555
v 91.921814 63.090775 108.753349
v 91.684204 63.234146 110.963974
v 92.013367 63.023487 111.000725
v 92.014923 63.307983 110.523178
v 91.926079 63.329258 109.080788
v 91.967873 63.457020 109.987877
v 92.537872 60.326912 108.457039
v 92.564728 60.027348 109.003677
v 92.565674 60.036655 109.991821
v 92.613510 60.312767 110.502609
v 92.302902 60.950142 108.014397
v 92.711143 61.066673 107.758629
v 92.609535 60.673931 108.026276
v 92.588013 60.685299 110.970627
v 92.588066 61.073677 111.272842
v 92.624901 61.539856 107.668716
v 92.584236 61.539165 111.406532
v 92.605049 61.969803 107.767273
v 92.566071 62.084660 111.367058
v 92.589714 62.355244 108.049713
v 92.565872 62.743870 108.502663
v 92.485725 62.515034 111.213120
v 92.632507 63.068905 108.985130
v 92.267960 63.221836 109.034401
v 92.560333 63.224941 109.513275
v 92.528061 62.864273 110.912994
v 92.522026 63.145794 110.424461
v 92.483589 63.306850 109.984138
v 92.930328 59.854137 109.015175
v 93.235023 59.909039 108.574318
v 93.262802 59.733860 109.047287
v 93.271362 59.777000 109.931366
v 92.943344 59.879684 109.966057
v 93.256081 59.963352 110.257904
v 92.915504 60.402805 108.045166
v 93.276001 60.545841 107.787071
v 93.234360 60.195461 108.086510
v 93.175171 60.291252 110.613968
v 93.196053 60.975021 107.632469
v 93.172577 60.667622 110.980179
v 93.171608 61.076141 111.256516
v 93.178764 61.520718 107.595909
v 93.152695 61.522129 111.347939
v 93.174118 61.984501 107.730431
v 93.059830 61.992268 111.247276
v 93.172157 62.347828 108.049332
v 93.171913 62.667667 108.517097
v 92.845001 62.654915 110.953278
v 93.156342 62.388153 110.975067
v 93.207550 62.714447 110.528969
v 93.160385 62.890228 109.028946
v 92.806564 63.175686 109.994781
v 93.165985 62.992390 109.973846
v 93.745125 59.747929 108.477486
v 93.790085 59.584511 109.014938
v 93.775589 59.686150 109.937485
v 93.768379 59.917599 110.300415
v 93.803581 60.433754 107.704811
v 93.749001 60.034492 107.997704
v 93.761620 60.277554 110.636253
v 93.764801 60.950542 107.567345
v 93.756287 60.676723 110.971382
v 93.742645 61.079056 111.219009
v 93.758492 61.518269 107.578049
v 93.703026 61.455383 111.245201
v 93.748795 61.970688 107.749763
v 93.472473 62.122360 111.007988
v 93.782265 61.878815 111.023216
v 93.818748 62.234264 110.676254
v 93.763580 62.329556 108.077393
v 93.714272 62.574493 108.564041
v 93.692810 62.572132 110.315819
v 93.675301 62.753216 109.045380
v 93.662926 62.759384 109.943863
v 94.075455 59.816654 108.034035
v 94.441704 59.966770 107.781853
v 94.414444 59.669003 108.069664
v 94.322487 59.393024 109.001526
v 94.353722 59.591373 109.950523
v 94.350510 59.894356 110.314789
v 94.359184 60.384251 107.615639
v 94.380966 60.327080 110.617577
v 94.346016 60.943993 107.543930
v 94.290703 60.759575 110.907410
v 94.164261 61.108131 111.140572
v 94.334320 61.504631 107.612106
v 94.161263 61.368767 111.143608
v 94.250908 61.913033 107.791512
v 94.281799 61.703323 110.905533
v 94.347595 62.105907 110.496536
v 94.275894 62.193233 108.081795
v 94.014030 62.632797 109.014099
v 94.381760 62.510399 108.989235
v 93.998131 62.614132 109.972984
v 94.363495 62.432537 109.988060
v 94.688499 59.254333 109.003502
v 94.955849 59.241505 108.513512
v 95.035904 59.129013 108.999374
v 94.957420 59.237514 109.487152
v 94.976349 59.851883 107.712944
v 94.919159 59.452934 108.019203
v 94.896896 59.434978 109.988434
v 94.962067 59.839485 110.321312
v 94.935852 60.364243 107.563782
v 94.938446 60.348869 110.530334
v 94.929672 60.940002 107.550720
v 94.521790 60.995583 110.899399
v 94.980812 60.907749 110.658691
v 94.897797 61.462624 107.689308
v 94.515083 61.474697 110.891129
v 94.955765 61.546356 110.600441
v 94.957069 61.874851 107.979591
v 94.617912 62.071095 108.033081
v 94.956535 62.166584 108.466721
v 94.912338 61.993263 110.322739
v 94.913223 62.332199 109.009705
v 94.909492 62.253246 109.948120
v 95.257477 59.254005 108.041428
v 95.615379 59.385708 107.787178
v 95.596657 59.112000 108.077423
v 95.541496 58.968109 109.000534
v 95.595490 59.153152 109.911018
v 95.259377 59.268902 109.956497
v 95.615677 59.398212 110.199966
v 95.530930 59.797211 107.610443
v 95.528778 59.798252 110.388062
v 95.519081 60.358719 107.528122
v 95.515961 60.360420 110.497231
v 95.517792 60.935459 107.559792
v 95.520119 60.943718 110.522346
v 95.515556 61.408398 107.715912
v 95.501747 61.510365 110.425667
v 95.513489 61.789665 108.027222
v 95.512512 62.070736 108.518929
v 95.420204 61.911510 110.213356
v 95.500832 62.214783 109.031822
v 95.437332 62.132717 109.909851
v 96.149017 59.264610 107.700134
v 96.109940 58.905334 108.038269
v 96.067070 58.787392 109.013077
v 96.121414 59.052845 109.934456
v 96.117378 59.342892 110.247169
v 96.109009 59.777164 107.530228
v 96.105736 59.784607 110.425079
v 96.105011 60.356647 107.491142
v 96.103729 60.358269 110.488182
v 96.104492 60.935165 107.558632
v 96.099937 60.938934 110.447739
v 96.103149 61.394794 107.736122
v 96.058395 61.451794 110.293724
v 96.120796 61.763901 108.069473
v 96.058647 61.990303 108.560333
v 95.772659 62.026535 109.951805
v 96.119904 61.846992 109.979652
v 96.071732 62.049171 109.483559
v 95.998833 62.119465 109.014526
v 96.466888 58.719296 108.043228
v 96.787674 58.798660 107.775497
v 96.789040 58.601517 108.071068
v 96.775574 58.564922 108.953697
v 96.426697 58.651237 108.990570
v 96.731110 58.715431 109.444809
v 96.702621 59.196236 107.529144
v 96.671318 58.951519 109.932281
v 96.691452 59.320663 110.264893
v 96.677696 59.774799 107.365051
v 96.690010 59.780613 110.440231
v 96.674530 60.367245 107.416428
v 96.689240 60.357052 110.471863
v 96.694786 60.931095 107.539566
v 96.676727 60.917606 110.383972
v 96.678268 61.371799 107.752968
v 96.591507 61.336243 110.217125
v 96.670624 61.653656 108.068733
v 96.343353 62.030903 109.008842
v 96.707260 61.895458 108.993767
v 96.623550 61.633228 109.928024
v 97.288246 58.710808 107.652664
v 97.302101 58.478058 108.054161
v 97.287720 58.480152 108.962318
v 97.280609 58.655998 109.472382
v 97.193359 59.114246 107.329857
v 97.275101 58.948895 109.954903
v 97.275887 59.315895 110.272774
v 97.143295 59.769760 107.121185
v 97.545547 59.771393 106.886261
v 97.323074 59.506264 107.057564
v 97.275932 59.780968 110.433784
v 97.317207 60.040417 107.057030
v 97.172508 60.469513 107.281738
v 97.271858 60.352104 110.436340
v 97.274651 60.937359 107.516769
v 97.231979 60.867943 110.295135
v 97.191742 61.323387 107.780159
v 96.958229 61.476128 109.963974
v 97.287376 61.265469 110.000717
v 97.288925 61.549976 109.523170
v 97.199654 61.563423 108.084984
v 97.241669 61.698318 108.987694
v 97.861275 58.603901 107.501244
v 97.856689 58.298386 108.029449
v 97.863472 58.380898 108.975822
v 97.865273 58.611771 109.491440
v 97.592934 59.216385 107.040916
v 97.968918 59.372585 106.796432
v 97.906616 58.990208 107.067444
v 97.862007 58.941975 109.960953
v 97.862007 59.316349 110.272156
v 97.922501 59.771736 106.716599
v 97.860657 59.781128 110.418579
v 97.592522 60.326908 107.042160
v 97.970413 60.161678 106.809753
v 97.848732 60.332626 110.381546
v 97.908340 60.533371 107.087982
v 97.806412 60.936584 107.505997
v 97.768082 60.759308 110.221977
v 97.906113 61.308495 107.989059
v 97.540749 61.460426 108.037659
v 97.835022 61.467594 108.513161
v 97.805740 61.111267 109.917107
v 97.797157 61.389183 109.425308
v 97.757637 61.548973 108.984154
v 98.229225 58.132679 108.021034
v 98.526337 58.174973 107.704994
v 98.561966 58.033150 108.028862
v 98.480194 58.081890 108.485458
v 98.392784 58.493359 107.333138
v 98.398544 58.230766 109.017578
v 98.470764 58.544952 109.511986
v 98.491829 59.260273 106.706375
v 98.425377 58.837250 106.975662
v 98.447876 58.928551 109.969421
v 98.447472 59.318142 110.265526
v 98.456512 59.767906 106.628220
v 98.441757 59.774998 110.382477
v 98.460297 60.214653 106.751030
v 98.402786 60.281269 110.290459
v 98.452965 60.582672 107.055801
v 98.448059 60.916538 107.515312
v 98.140526 60.918663 109.974968
v 98.466095 60.693939 110.012535
v 98.480988 61.022186 109.546158
v 98.442513 61.163509 108.020035
v 98.086411 61.427048 108.997337
v 98.463287 61.270622 108.978241
v 99.030952 58.113937 107.536430
v 99.055115 57.929390 108.037643
v 99.112251 58.000004 108.913025
v 98.771133 58.088287 108.963669
v 99.113548 58.201672 109.260109
v 98.748199 58.613838 107.015564
v 99.125633 58.782055 106.774040
v 99.082352 58.413807 107.074486
v 99.037743 58.542004 109.605476
v 99.047302 59.211319 106.618431
v 99.028618 58.926075 109.963814
v 99.018219 59.327091 110.239120
v 99.035522 59.762810 106.581863
v 98.999672 59.755413 110.319580
v 99.034874 60.227463 106.728668
v 98.931404 60.173069 110.212143
v 99.034149 60.591545 107.046928
v 99.030678 60.884956 107.527451
v 98.984085 60.539963 109.921707
v 99.040382 60.863415 109.474442
v 99.021729 61.063938 108.037857
v 99.012314 61.085651 108.960854
v 99.597961 57.974895 107.471130
v 99.644226 57.807869 108.013245
v 99.634171 57.927376 108.935890
v 99.627708 58.171329 109.284615
v 99.663483 58.676102 106.705124
v 99.606789 58.273163 106.994904
v 99.652718 58.576859 109.609909
v 99.624130 59.191891 106.563660
v 99.563797 59.001831 109.905617
v 99.435898 59.349781 110.146500
v 99.620071 59.763176 106.565796
v 99.416443 59.678154 110.182350
v 99.619141 60.222538 106.736420
v 99.301109 60.323429 109.958389
v 99.585777 60.038414 109.954529
v 99.678505 60.407333 109.640923
v 99.636475 60.589737 107.069817
v 99.577751 60.824501 107.559593
v 99.536697 60.779587 109.287315
v 99.533379 60.977108 108.047249
v 99.524193 60.957870 108.937233
v 99.934761 58.057148 107.033417
v 100.301712 58.208801 106.781868
v 100.274284 57.911041 107.069962
v 100.183273 57.635296 108.002861
v 100.212975 57.866119 108.936813
v 100.204758 58.156013 109.275589
v 100.219170 58.626228 106.615631
v 100.207443 58.598644 109.512062
v 100.206779 59.186962 106.528130
v 99.797478 59.237350 109.901260
v 100.254509 59.150360 109.658745
v 100.204239 59.759396 106.574883
v 99.807426 59.733196 109.915947
v 100.249245 59.797268 109.632584
v 100.193489 60.200920 106.752647
v 100.184578 60.320450 109.387512
v 100.187881 60.489368 107.065926
v 99.880234 60.886604 108.012360
v 100.249550 60.772087 107.984123
v 99.850090 60.837402 108.967384
v 100.220772 60.664516 108.974884
v 100.553734 57.509953 107.998451
v 100.818512 57.493294 107.514946
v 100.892685 57.406925 107.986702
v 100.834602 57.530769 108.451111
v 100.836327 58.093891 106.712875
v 100.778900 57.694572 107.019066
v 100.775520 57.753246 108.946899
v 100.795624 58.139183 109.277374
v 100.795799 58.605885 106.557907
v 100.789803 58.607883 109.458244
v 100.791435 59.184818 106.527985
v 100.795677 59.185768 109.532806
v 100.780464 59.746735 106.611710
v 100.785515 59.766064 109.469688
v 100.696068 60.147942 106.798393
v 100.775269 60.214840 109.268745
v 100.719963 60.404663 107.086288
v 100.784439 60.618046 108.001526
v 100.767967 60.487648 108.939903
v 101.118958 57.504837 107.044510
v 101.475235 57.639523 106.799690
v 101.455612 57.401493 107.086075
v 101.412094 57.292126 107.986809
v 101.364120 57.415253 108.522614
v 101.390526 58.039021 106.609581
v 101.352776 57.674534 109.014595
v 101.412674 58.080719 109.311783
v 101.378937 58.600941 106.522194
v 101.380188 58.603683 109.455406
v 101.375824 59.182323 106.544487
v 101.377060 59.185043 109.477806
v 101.344162 59.705643 106.687927
v 101.365463 59.746925 109.390388
v 101.401283 60.112484 106.983856
v 101.061752 60.304096 107.037445
v 101.392273 60.369747 107.478615
v 101.279564 60.144821 109.199127
v 101.343132 60.494625 108.012596
v 101.298630 60.380630 108.912140
v 101.979797 57.571671 106.731140
v 101.988571 57.298615 107.059906
v 101.971191 57.167156 107.998505
v 102.036751 57.383732 108.911789
v 101.696686 57.492477 108.960052
v 102.061028 57.639153 109.200897
v 101.970482 58.019913 106.530251
v 101.975571 58.039406 109.387978
v 101.960297 58.600231 106.467178
v 101.964546 58.601170 109.472008
v 101.966209 59.178097 106.541878
v 101.960236 59.180153 109.442345
v 101.961365 59.645409 106.724014
v 101.917816 59.691956 109.288681
v 101.977470 60.030178 107.054359
v 101.920799 60.249428 107.553749
v 101.632645 60.268311 108.951790
v 101.979897 60.089016 108.979645
v 101.931473 60.290123 108.483414
v 101.860619 60.372311 108.013069
v 102.570099 57.465221 106.612572
v 102.536102 57.120937 107.024307
v 102.507072 57.014374 108.014725
v 102.567650 57.294724 108.935074
v 102.563377 57.584892 109.247154
v 102.505959 57.989590 106.367462
v 102.551750 58.026623 109.425087
v 102.501442 58.635952 106.341141
v 102.549232 58.599041 109.471878
v 102.548569 59.187336 106.487991
v 102.536736 59.159618 109.383987
v 102.552612 59.628956 106.725365
v 102.451508 59.578255 109.217148
v 102.542023 59.917866 107.064232
v 102.203789 60.273582 108.008171
v 102.569946 60.144367 107.993401
v 102.483383 59.874603 108.927773
v 102.904686 56.946190 107.032860
v 103.217560 57.006844 106.712013
v 103.232315 56.826794 107.061966
v 103.221573 56.806915 107.953705
v 102.872581 56.893021 107.990616
v 103.177094 56.957443 108.444786
v 103.076790 57.379616 106.359016
v 103.117355 57.193542 108.932289
v 103.137413 57.562634 109.264885
v 102.947937 58.050819 106.084923
v 103.338493 58.107220 105.816078
v 103.171799 57.747585 106.043541
v 103.135925 58.022827 109.434242
v 102.958267 58.548290 106.098518
v 103.320412 58.435310 105.854713
v 103.131866 58.594101 109.436348
v 103.190872 58.783607 106.093651
v 103.104675 59.208557 106.389580
v 103.091995 59.109940 109.295120
v 103.128906 59.614563 106.715149
v 102.818214 59.718140 108.963989
v 103.147415 59.507492 109.000725
v 103.151100 59.797726 108.525192
v 103.119972 59.850632 107.064598
v 103.105148 59.954926 107.984238
v 103.714462 56.922997 106.527092
v 103.744431 56.700283 107.039383
v 103.733360 56.720226 107.962204
v 103.726662 56.898991 108.471924
v 103.455063 57.462662 106.042046
v 103.824097 57.613316 105.787521
v 103.773010 57.246052 106.078224
v 103.720444 57.193493 108.952843
v 103.721428 57.558636 109.271393
v 103.756172 58.030418 105.680374
v 103.719467 58.023499 109.414085
v 103.738083 58.457706 105.763252
v 103.708771 58.575169 109.382652
v 103.724617 58.857651 106.038155
v 103.720955 59.242954 106.395302
v 103.628090 59.001114 109.221832
v 103.640335 59.580246 106.742485
v 103.666176 59.354401 108.917603
v 103.661270 59.637794 108.426559
v 103.624512 59.766293 107.068726
v 103.634201 59.811283 107.952309
v 104.274338 56.763752 106.453583
v 104.293098 56.514400 107.019684
v 104.309402 56.622814 107.975693
v 104.313843 56.869434 108.482155
v 104.352661 57.504524 105.709518
v 104.291039 57.092258 105.987381
v 104.300362 57.205814 108.944008
v 104.293312 57.572205 109.242874
v 104.314247 58.010983 105.617493
v 104.288658 58.017136 109.360901
v 104.308640 58.467793 105.734665
v 104.257301 58.521828 109.281815
v 104.306366 58.857433 106.032097
v 104.285866 59.233719 106.498444
v 104.000244 59.160103 108.975670
v 104.324234 58.933422 109.009972
v 104.344276 59.271812 108.550102
v 104.331642 59.514217 107.007401
v 103.952965 59.665302 107.034233
v 103.966591 59.691795 107.985840
v 104.338272 59.531761 108.000603
v 104.663689 56.353992 107.005791
v 104.957489 56.398117 106.574776
v 105.001045 56.252033 107.014946
v 104.923561 56.319103 107.485878
v 104.615921 56.867867 106.025490
v 104.987267 57.027416 105.777985
v 104.951263 56.675919 106.083015
v 104.847069 56.481777 108.012878
v 104.960678 56.864948 108.490082
v 104.907257 57.453358 105.618423
v 104.828331 57.271065 108.889175
v 104.718834 57.603962 109.156525
v 104.895348 58.004864 105.581421
v 104.742851 58.014305 109.228111
v 104.893990 58.469658 105.727852
v 104.720406 58.432831 109.167999
v 104.893547 58.843960 106.039299
v 104.893440 59.169312 106.508797
v 104.827332 58.766415 108.901543
v 104.911804 59.108650 108.480270
v 104.887726 59.379032 107.026810
v 104.886063 59.363571 107.967628
v 105.469917 56.251411 106.482323
v 105.515839 56.132572 107.013313
v 105.558693 56.240471 107.910431
v 105.218689 56.335369 107.959366
v 105.565422 56.466984 108.214630
v 105.523354 56.918114 105.705246
v 105.469002 56.518520 105.997726
v 105.481018 56.854507 108.461601
v 105.484108 57.433887 105.563629
v 105.078171 57.482735 108.905785
v 105.522308 57.384941 108.659637
v 105.480072 58.005047 105.566216
v 105.150284 58.013626 108.961136
v 105.589432 58.014484 108.696747
v 105.480011 58.469681 105.727737
v 105.076012 58.544224 108.905190
v 105.506073 58.618885 108.607529
v 105.480080 58.842831 106.039772
v 105.479492 59.146740 106.519463
v 105.457275 59.049324 108.310577
v 105.476822 59.314011 107.036057
v 105.464409 59.269638 107.938736
v 105.798523 56.313484 106.040710
v 106.162636 56.466061 105.798637
v 106.139565 56.216942 106.088821
v 106.073547 56.043438 107.003822
v 106.080498 56.181534 107.928093
v 106.078064 56.422863 108.238884
v 106.078300 56.868259 105.614632
v 106.063316 56.854717 108.442848
v 106.066757 57.428951 105.528061
v 106.070335 57.427555 108.538811
v 106.065994 58.005283 105.560104
v 106.071327 58.014626 108.538460
v 106.066200 58.470669 105.726540
v 106.050743 58.581402 108.428505
v 106.065605 58.836136 106.044739
v 106.062073 59.120617 106.529602
v 105.968208 58.980782 108.212555
v 106.048065 59.265373 107.034752
v 105.986137 59.195049 107.908249
v 106.667534 56.409744 105.748344
v 106.675613 56.121613 106.059006
v 106.653107 55.957890 107.001442
v 106.654892 56.141499 107.935936
v 106.652916 56.412186 108.250870
v 106.654587 56.853481 105.568977
v 106.651901 56.851776 108.437004
v 106.652138 57.428005 105.506310
v 106.651764 57.428066 108.493813
v 106.652092 58.005348 105.559662
v 106.649559 58.011101 108.461021
v 106.651825 58.465828 105.734398
v 106.615372 58.530491 108.308487
v 106.670456 58.835579 106.068626
v 106.607437 59.059494 106.560631
v 106.324249 59.100716 107.955704
v 106.684143 58.933151 107.986702
v 106.623177 59.124722 107.485550
v 106.546814 59.190418 107.014580
v 107.273727 56.325893 105.685471
v 107.227440 55.958042 106.033272
v 107.191109 55.829685 107.016098
v 107.243080 56.098621 107.941010
v 107.239487 56.402073 108.260857
v 107.238243 56.842445 105.501961
v 107.237999 56.851704 108.436859
v 107.234383 57.428154 105.467155
v 107.237999 57.427998 108.487854
v 107.240570 58.004921 105.545479
v 107.235748 58.001640 108.424995
v 107.237000 58.451595 105.741425
v 107.220718 58.452541 108.255928
v 107.230240 58.748234 106.061981
v 106.897064 59.111801 107.008354
v 107.270386 58.997444 106.997192
v 107.218506 58.761353 107.945778
v 107.596291 55.783134 106.040359
v 107.921219 55.868752 105.775253
v 107.922714 55.678635 106.072174
v 107.909546 55.634918 106.953705
v 107.560585 55.721008 106.990616
v 107.865074 55.785427 107.444756
v 107.832405 56.262234 105.517914
v 107.803474 56.016605 107.934494
v 107.824738 56.389553 108.266663
v 107.771843 56.812557 105.343971
v 107.824005 56.850620 108.440208
v 107.775696 57.465599 105.337975
v 107.823212 57.427025 108.471916
v 107.823410 58.011158 105.499100
v 107.811623 57.987633 108.385208
v 107.818634 58.437103 105.744980
v 107.726326 58.389133 108.200836
v 107.809021 58.688457 106.069489
v 107.813942 58.850487 106.996162
v 107.751183 58.648323 107.913231
v 108.423798 55.797550 105.665466
v 108.425804 55.594425 106.059349
v 108.421532 55.569653 106.960648
v 108.414139 55.726833 107.472321
v 108.326935 56.180408 105.326767
v 108.409103 56.018894 107.954903
v 108.409912 56.385910 108.272774
v 108.217323 56.878189 105.079086
v 108.612511 56.935261 104.816177
v 108.439766 56.570900 105.038132
v 108.409935 56.850975 108.433807
v 108.232368 57.376431 105.098412
v 108.594803 57.262966 104.855560
v 108.405876 57.422104 108.436340
v 108.468384 57.602985 105.103271
v 108.377899 58.014633 105.417236
v 108.366020 57.937965 108.295235
v 108.329834 58.402599 105.753548
v 108.088791 58.531704 107.956337
v 108.421387 58.335472 108.000732
v 108.419342 58.603302 107.518913
v 108.333611 58.623451 106.084900
v 108.375938 58.735344 106.986877
v 108.977806 55.769291 105.535858
v 108.998619 55.555084 106.042725
v 108.996956 55.538731 106.963959
v 108.996353 55.708626 107.480766
v 108.726006 56.288025 105.040459
v 109.098053 56.448986 104.798256
v 109.047081 56.093010 105.095093
v 108.995911 56.013382 107.959984
v 108.995972 56.386337 108.272110
v 109.030037 56.858368 104.680733
v 108.994637 56.851135 108.418571
v 109.012604 57.282032 104.766838
v 108.983490 57.403465 108.384338
v 108.997658 57.666817 105.050133
v 108.974091 58.059303 105.500420
v 108.902527 57.829166 108.222076
v 109.042641 58.385708 105.983101
v 108.675957 58.533848 106.034416
v 108.969315 58.538170 106.512970
v 108.939735 58.181271 107.917091
v 108.931091 58.459747 107.425293
v 108.890327 58.608204 106.983833
v 109.583282 55.720276 105.525375
v 109.582184 55.534485 106.035828
v 109.581993 55.532223 106.964722
v 109.581985 55.705746 107.482193
v 109.592842 56.397774 104.747620
v 109.588707 56.033051 105.055244
v 109.582001 56.013607 107.959831
v 109.581909 56.388107 108.266121
v 109.585442 56.843227 104.631744
v 109.579002 56.845592 108.395660
v 109.582588 57.295040 104.735641
v 109.546402 57.359577 108.305321
v 109.581825 57.669247 105.041855
v 109.582024 58.003498 105.505798
v 109.276817 57.991978 107.978386
v 109.610329 57.781231 108.028267
v 109.620361 58.107151 107.554192
v 109.579590 58.240368 106.020180
v 109.220474 58.497284 106.997482
v 109.600304 58.346584 106.978760
v 110.167999 55.707611 105.518700
v 110.168037 55.532036 106.035225
v 110.167831 55.533516 106.964561
v 110.168396 55.702190 107.483887
v 110.167915 56.390285 104.738029
v 110.167992 56.018791 105.044380
v 110.168518 56.010803 107.962120
v 110.168091 56.387932 108.266289
v 110.167862 56.841995 104.620209
v 110.167824 56.842094 108.381409
v 110.167274 57.294861 104.735901
v 110.164551 57.303772 108.276245
v 110.167412 57.667862 105.042206
v 110.167824 57.978027 105.517914
v 110.165810 57.696964 107.979736
v 110.168396 58.019627 107.502846
v 110.166595 58.172081 106.032608
v 110.161774 58.204815 106.970360
v 110.752045 55.719334 105.525131
v 110.753975 55.535385 106.035652
v 110.754005 55.521904 106.966988
v 110.756073 55.684528 107.492561
v 110.741722 56.399418 104.751251
v 110.747810 56.032959 105.055809
v 110.756828 55.989689 107.977516
v 110.757484 56.380249 108.276215
v 110.748154 56.841885 104.642349
v 110.754211 56.841942 108.381577
v 110.742950 57.285801 104.748482
v 110.757103 57.302654 108.275078
v 110.747246 57.650928 105.055244
v 110.752701 57.963757 105.525337
v 110.756836 57.696121 107.979553
v 110.754509 58.001606 107.494270
v 110.753830 58.148586 106.035965
v 110.753929 58.170269 106.968407
v 111.357140 55.767769 105.533493
v 111.340675 55.545502 106.041687
v 111.361908 55.499771 106.985878
v 111.315956 55.628208 107.533043
v 111.231369 56.452854 104.810432
v 111.289429 56.093681 105.095947
v 111.314507 55.913300 108.018700
v 111.375565 56.324593 108.305298
v 111.279022 56.842556 104.717781
v 111.343147 56.840767 108.409439
v 111.233215 57.233696 104.807381
v 111.376610 57.357685 108.304207
v 111.288849 57.590767 105.095413
v 111.359230 57.915897 105.534897
v 111.315231 57.772110 108.019623
v 111.316978 58.054825 107.530495
v 111.339508 58.139660 106.041718
v 111.362259 58.187054 106.986084
v 111.917229 55.781864 105.656219
v 111.926064 55.555439 106.056671
v 111.931396 55.455582 106.996284
v 111.999016 55.641308 107.906876
v 111.658165 55.732861 107.960243
v 112.023071 55.881409 108.200653
v 111.605972 56.291874 105.047211
v 112.017342 56.174004 105.324150
v 111.937775 56.281158 108.387917
v 111.656387 56.842594 104.886566
v 111.881676 56.575787 105.061287
v 111.926849 56.843102 108.455315
v 111.878777 57.107628 105.057755
v 111.606613 57.392921 105.046204
v 112.013557 57.504444 105.320778
v 111.938873 57.402843 108.385735
v 111.924828 57.899441 105.651894
v 111.655930 57.960640 107.962257
v 112.023361 57.802097 108.199249
v 111.924271 58.130196 106.055634
v 111.931221 58.228294 106.996399
v 111.998344 58.045624 107.908607
v 112.504433 55.815228 105.717537
v 112.512016 55.565102 106.065849
v 112.513351 55.433937 106.999397
v 112.524834 55.588936 107.928253
v 112.524643 55.836361 108.239281
v 112.517097 56.251484 105.473000
v 112.513687 56.268642 108.425064
v 112.058716 56.844242 105.121246
v 112.525948 56.839973 105.356361
v 112.511826 56.842121 108.486877
v 112.513100 57.436806 105.473358
v 112.513229 57.415581 108.423012
v 112.509979 57.873047 105.721062
v 112.525658 57.846741 108.237389
v 112.511505 58.118660 106.065704
v 112.513245 58.250793 106.999443
v 112.524361 58.095367 107.928223
v 113.096550 55.826717 105.749046
v 113.096527 55.570404 106.067467
v 113.097984 55.418564 107.000000
v 113.099449 55.570389 107.932495
v 113.098778 55.826351 108.250786
v 113.095680 56.263836 105.543633
v 113.098007 56.265724 108.436821
v 113.098480 56.843212 105.481659
v 113.098206 56.841953 108.493385
v 113.096512 57.421913 105.543419
v 113.098122 57.418110 108.436256
v 113.098000 57.858662 105.747711
v 113.098831 57.857567 108.250641
v 113.098007 58.118851 106.065948
v 113.098000 58.265419 107.000008
v 113.099373 58.113934 107.932594
v 113.670197 55.837799 105.763115
v 113.671173 55.589077 106.071808
v 113.682625 55.433929 107.000618
v 113.683990 55.565151 107.934029
v 113.684006 55.825348 108.252289
v 113.682732 56.268505 105.577072
v 113.685486 56.262070 108.456581
v 113.683907 56.841927 105.507515
v 113.683517 56.840786 108.518364
v 113.684013 57.418274 105.563148
v 113.686272 57.420246 108.456848
v 113.683998 57.858665 105.747726
v 113.684601 57.858456 108.252708
v 113.683983 58.118855 106.065956
v 113.683975 58.265419 107.000008
v 113.683983 58.118969 107.934082
v 114.171509 55.883308 105.801788
v 114.196907 55.641853 106.093620
v 114.264534 55.455486 107.003609
v 114.269295 55.572216 107.932854
v 114.272644 55.811462 108.277786
v 114.257103 56.281261 105.614441
v 114.268867 56.246998 108.526939
v 114.270897 56.841576 105.529190
v 114.256157 56.842083 108.643570
v 114.270065 57.418198 105.563515
v 114.264915 57.432426 108.526741
v 114.269218 57.857616 105.749229
v 114.277008 57.869282 108.283394
v 114.268623 58.113926 106.067390
v 114.269989 58.265427 106.999992
v 114.270447 58.118805 107.934410
v 114.537689 55.733295 106.040276
v 114.880005 55.628212 106.466942
v 114.833977 55.501812 107.014084
v 114.855553 55.560673 107.944855
v 114.859070 55.786949 108.346443
v 114.819046 56.324951 105.689865
v 114.881409 55.913643 105.981728
v 114.769081 56.178429 108.678673
v 114.855522 56.847572 105.551826
v 114.900833 56.576157 108.938080
v 114.723190 56.844223 108.879005
v 115.125671 56.842354 109.113327
v 114.854088 57.415451 105.580704
v 114.902634 57.108009 108.942841
v 114.763618 57.508980 108.676773
v 114.843521 57.848183 105.760239
v 114.862785 57.905014 108.346802
v 114.843605 58.095428 106.071693
v 114.854767 58.250721 107.000679
v 114.858147 58.135994 107.945297
v 115.439758 55.685390 106.507874
v 115.442017 55.522667 107.033020
v 115.442276 55.551998 107.957764
v 115.424629 55.767464 108.466728
v 115.437935 56.380283 105.721146
v 115.438438 55.992363 106.024788
v 115.492554 56.093334 108.904686
v 115.176414 56.292263 108.952827
v 115.549507 56.451286 109.191010
v 115.440460 56.851196 105.581772
v 115.502975 56.841560 109.282074
v 115.428993 57.401524 105.620163
v 115.173660 57.396732 108.956711
v 115.550812 57.238495 109.199242
v 115.345459 57.804073 105.798584
v 115.492577 57.612076 108.921745
v 115.423668 57.936260 108.477417
v 115.369781 58.046150 106.090927
v 115.437172 58.228909 107.004356
v 115.444527 58.165890 107.963364
v 116.025620 55.715855 106.523430
v 116.028175 55.535484 107.035637
v 116.028000 55.534134 107.964516
v 116.029945 55.719387 108.474854
v 116.015686 56.399273 105.751045
v 116.021484 56.030159 106.053490
v 116.034142 56.032890 108.944244
v 116.039169 56.398624 109.250801
v 116.019501 56.846096 105.628189
v 116.034653 56.844753 109.369141
v 115.983070 57.351131 105.709846
v 116.076653 57.348782 109.287270
v 116.041206 57.754833 105.994926
v 115.710068 57.957626 106.040077
v 116.049660 58.043430 106.474976
v 116.014854 57.754635 109.004784
v 116.004662 58.056114 108.530190
v 116.009918 58.204372 107.016792
v 116.043335 58.238071 107.989403
v 116.631165 55.767368 106.533333
v 116.613708 55.550983 107.042015
v 116.613777 55.534145 107.964569
v 116.614487 55.703045 108.483444
v 116.505455 56.452805 105.810181
v 116.563438 56.093689 106.095947
v 116.615067 56.013405 108.959999
v 116.614746 56.387566 109.269798
v 116.553505 56.842262 105.716606
v 116.613785 56.852566 109.415993
v 116.506935 57.241108 105.796814
v 116.628433 57.401855 109.377457
v 116.563583 57.612480 106.077553
v 116.637749 57.947266 106.519157
v 116.344398 57.965118 108.963509
v 116.711113 57.809029 109.205750
v 116.614136 58.205910 107.029007
v 116.590828 58.386822 107.991096
v 116.684868 58.088692 108.917328
v 117.190338 55.784821 106.658272
v 117.197990 55.572830 107.057465
v 117.200043 55.525116 107.966858
v 117.202080 55.684528 108.492531
v 116.879929 56.291851 106.047188
v 117.290947 56.174419 106.324280
v 117.202820 55.989677 108.977501
v 117.203224 56.378239 109.282593
v 116.930481 56.842625 105.886269
v 117.155678 56.575802 106.061295
v 117.200127 56.850945 109.432983
v 117.152748 57.107616 106.057793
v 116.882202 57.396549 106.042816
v 117.288872 57.507252 106.317322
v 117.201233 57.416710 109.419479
v 117.202110 57.922920 106.634377
v 117.212364 57.867908 109.248222
v 117.172913 58.264931 107.053902
v 116.966942 58.499504 107.997810
v 117.245911 58.469273 107.558395
v 117.249245 58.457615 108.432922
v 117.196144 58.227112 108.922142
v 117.293533 58.568214 107.999054
v 117.765884 55.829666 106.734695
v 117.773956 55.601303 107.070953
v 117.807602 55.516529 107.985649
v 117.761971 55.628208 108.533051
v 117.787834 56.254936 106.484558
v 117.760529 55.913307 109.018707
v 117.820946 56.323231 109.310913
v 117.332695 56.844231 106.121231
v 117.799759 56.840046 106.356728
v 117.788437 56.845516 109.454720
v 117.787827 57.437790 106.470520
v 117.786308 57.418812 109.433380
v 117.785072 57.898117 106.698532
v 117.786484 57.883430 109.271202
v 117.784317 58.248302 107.045677
v 117.791313 58.521133 107.532959
v 117.788216 58.247288 108.953697
v 117.790970 58.522915 108.468605
v 117.794167 58.608158 107.999847
v 118.273598 55.882721 106.800339
v 118.298866 55.648853 107.095261
v 118.371994 55.491478 108.000038
v 118.445061 55.648300 108.905243
v 118.104172 55.732857 108.960243
v 118.469124 55.881493 109.200523
v 118.358521 56.278255 106.595848
v 118.383240 56.277916 109.402870
v 118.371628 56.842884 106.498230
v 118.373466 56.841961 109.502251
v 118.370918 57.422562 106.540596
v 118.374062 57.421185 109.460335
v 118.372002 57.883636 106.727859
v 118.374786 57.891193 109.282692
v 118.371902 58.253956 107.041588
v 118.372627 58.533276 107.527596
v 118.375671 58.277248 108.975815
v 118.375534 58.552647 108.481796
v 118.373878 58.634747 108.001389
v 118.639717 55.733299 107.040298
v 118.982040 55.628208 107.466949
v 118.936401 55.516525 108.014359
v 118.969978 55.601006 108.929153
v 118.971130 55.831070 109.253128
v 118.921333 56.324688 106.689644
v 118.983398 55.913635 106.981720
v 118.961945 56.259201 109.495689
v 118.957008 56.847195 106.546555
v 118.949310 56.838852 109.635231
v 118.957993 57.419094 106.566124
v 118.949081 57.437908 109.546623
v 118.958015 57.883633 106.727852
v 118.988022 57.958904 109.344078
v 118.957977 58.253345 107.041969
v 118.958855 58.547649 107.523170
v 118.933540 58.357059 109.018898
v 118.938751 58.609787 108.524658
v 118.983559 58.668430 108.013733
v 119.541771 55.685390 107.507866
v 119.543983 55.525051 108.033134
v 119.545517 55.585033 108.936035
v 119.545235 55.807129 109.308144
v 119.539948 56.380276 106.721153
v 119.540405 55.992355 107.024796
v 119.510521 56.219456 109.633690
v 119.543907 56.850933 106.566673
v 119.606346 56.651642 109.904320
v 119.420578 56.852489 109.865364
v 119.801674 56.899376 110.065430
v 119.544014 57.419109 106.566330
v 119.590584 57.110371 109.942245
v 119.432388 57.527691 109.720657
v 119.543350 57.882526 106.729790
v 119.543480 58.013760 109.504044
v 119.543396 58.253834 107.042259
v 119.544502 58.553604 107.522018
v 119.275414 58.546326 108.959549
v 119.636490 58.407791 109.235085
v 119.551628 58.704815 108.033554
v 119.618813 58.619919 108.910995
v 120.127563 55.716011 107.523506
v 120.130180 55.538525 108.035606
v 120.130623 55.564449 108.944756
v 120.134201 55.772629 109.357742
v 120.118347 56.397537 106.744888
v 120.123444 56.030128 107.053444
v 120.060188 56.110462 109.706207
v 120.128639 56.853333 106.580475
v 120.108414 56.495728 110.015915
v 120.203644 56.910820 110.222092
v 120.127983 57.416687 106.578690
v 119.844391 57.421898 109.986877
v 120.264511 57.305256 110.217888
v 120.119545 57.873550 106.742348
v 120.137062 57.713337 109.987305
v 120.045494 58.099506 109.678123
v 120.123260 58.236938 107.055252
v 120.128670 58.549648 107.525444
v 120.146034 58.472408 109.331268
v 120.131371 58.721706 108.036552
v 120.144073 58.682095 108.939850
v 120.731102 55.768108 107.535362
v 120.714256 55.557556 108.043159
v 120.716354 55.551834 108.957886
v 120.699806 55.765675 109.466324
v 120.622215 56.447414 106.787010
v 120.668564 56.088528 107.090767
v 120.763359 56.088173 109.909706
v 120.428261 56.268230 109.987129
v 120.809227 56.445839 110.214188
v 120.699310 56.867561 106.633270
v 120.736008 56.867821 110.358093
v 120.698975 57.403503 106.630714
v 120.745247 57.398895 110.351631
v 120.623863 57.824371 106.784698
v 120.443108 57.985027 109.964149
v 120.817627 57.820492 110.204712
v 120.667603 58.181675 107.090538
v 120.734207 58.504604 107.534576
v 120.767204 58.176590 109.904350
v 120.698143 58.500309 109.463707
v 120.714600 58.719349 108.041977
v 120.718605 58.714123 108.957077
v 121.288048 55.788841 107.658569
v 121.288857 55.588562 108.060608
v 121.300201 55.548847 108.963699
v 121.304077 55.719913 109.474457
v 121.003807 56.267956 107.013153
v 121.368568 56.119293 107.303032
v 121.308159 56.032867 109.944260
v 121.312500 56.396702 110.257225
v 121.247330 56.917259 106.744652
v 121.326904 56.490406 106.973801
v 121.304108 56.853451 110.420540
v 121.248253 57.353794 106.743309
v 121.304245 57.416279 110.416885
v 121.326065 57.779686 106.973267
v 121.003784 58.002926 107.013702
v 121.372696 58.158978 107.293358
v 121.313583 57.872704 110.255539
v 121.299286 58.497738 107.641388
v 121.309113 58.239689 109.947037
v 121.303543 58.552795 109.476173
v 121.299911 58.706573 108.054451
v 121.302032 58.731380 108.964081
v 121.801506 55.855476 107.743362
v 121.813705 55.649963 108.089500
v 121.878761 55.568378 108.966148
v 121.887543 55.720642 109.475883
v 121.903458 56.242737 107.408936
v 121.888634 56.015991 109.957909
v 121.888710 56.387470 110.270218
v 121.704300 57.000919 106.854836
v 121.832352 56.651112 107.085419
v 121.887993 56.850906 110.433693
v 121.705437 57.269283 106.853081
v 121.888062 57.419060 110.433350
v 121.836281 57.626671 107.076721
v 121.922752 58.055367 107.361992
v 121.891525 57.889420 110.279198
v 121.887863 58.464588 107.689568
v 121.892235 58.276943 109.975212
v 121.889229 58.583141 109.492233
v 121.887726 58.690624 108.062416
v 121.888901 58.744057 108.967278
v 122.155090 55.734688 108.038223
v 122.484192 55.676575 108.479034
v 122.441551 55.624222 108.985466
v 122.469872 55.742199 109.469917
v 122.451134 56.292217 107.615166
v 122.500656 55.910652 107.977661
v 122.473488 56.022686 109.953690
v 122.474167 56.385307 110.273468
v 122.061768 56.893688 107.102051
v 122.512962 56.817158 107.376244
v 122.474007 56.850864 110.434013
v 122.065765 57.378201 107.097656
v 122.521439 57.461449 107.341194
v 122.474503 57.422405 110.448128
v 122.474915 58.016418 107.484154
v 122.510269 57.944889 110.309845
v 122.472992 58.450348 107.733139
v 122.449226 58.358101 110.019608
v 122.450974 58.640827 109.530502
v 122.474747 58.692345 108.065269
v 122.496368 58.771004 108.986153
v 123.014206 55.781830 108.551880
v 122.967102 55.694542 108.998413
v 123.014305 55.805119 109.437180
v 123.054100 56.375275 107.707062
v 123.076508 55.994576 108.052261
v 123.078728 56.019955 109.931671
v 123.059769 56.390240 110.265495
v 123.058090 56.845226 107.515266
v 123.060776 56.849720 110.445045
v 123.061821 57.430344 107.467049
v 123.059456 57.428627 110.476898
v 123.058899 58.006992 107.546745
v 123.073196 57.989952 110.390442
v 123.059250 58.443634 107.749222
v 122.789932 58.546631 109.962265
v 123.157150 58.388428 110.199829
v 123.059258 58.693184 108.068489
v 123.065300 58.814423 108.996460
v 123.132294 58.631660 109.908585
v 123.299812 55.757706 108.996346
v 123.643539 56.403034 107.740746
v 123.638298 56.102505 108.059639
v 123.681519 55.850456 109.002724
v 123.638733 56.103573 109.941338
v 123.647919 56.395672 110.273293
v 123.645264 56.850891 107.558479
v 123.650627 56.844723 110.479385
v 123.645798 57.428070 107.506203
v 123.639267 57.427902 110.547859
v 123.644279 58.001362 107.574890
v 123.650917 58.006508 110.467026
v 123.633461 58.434158 107.760208
v 123.663231 58.438942 110.252007
v 123.633659 58.681442 108.071724
v 123.646011 58.822170 108.999992
v 123.658516 58.681305 109.928238
v 124.217957 56.423656 107.763153
v 124.218536 56.160198 108.068054
v 124.229820 55.968777 108.999725
v 124.229591 56.122601 109.944313
v 124.242012 56.382507 110.321815
v 124.230804 56.854458 107.577057
v 124.201012 56.819126 110.617851
v 124.231133 57.427101 107.528976
v 124.124969 57.427872 110.691757
v 124.220444 57.988693 107.611832
v 124.199371 58.037956 110.616638
v 124.135979 58.389957 107.798409
v 124.242950 58.474705 110.321381
v 124.159798 58.632149 108.090973
v 124.226776 58.814285 109.003616
v 124.235153 58.707081 109.940613
v 124.719124 56.469193 107.801888
v 124.744751 56.228233 108.093658
v 124.813232 56.024517 109.002983
v 124.817116 56.127800 109.955765
v 124.799805 56.365276 110.460838
v 124.803726 56.868099 107.622627
v 124.886490 56.696335 110.884918
v 124.638214 56.900406 110.901550
v 124.992645 57.018021 111.156364
v 124.815880 57.422295 107.568626
v 124.561905 57.428307 110.960915
v 124.969948 57.427792 111.226791
v 124.783562 57.946678 107.689453
v 124.639359 57.955894 110.898598
v 124.993576 57.837677 111.155777
v 124.842865 58.358444 107.979935
v 124.502144 58.546982 108.037308
v 124.841057 58.640827 108.469528
v 124.888153 58.161430 110.887161
v 124.797607 58.491371 110.460464
v 124.795898 58.772892 109.014183
v 124.819511 58.733700 109.959480
v 125.083382 56.322914 108.043701
v 125.424255 56.226540 108.471870
v 125.382401 56.087090 109.013588
v 125.403198 56.114445 109.964882
v 125.406174 56.306770 110.474213
v 125.355057 56.921028 107.712143
v 125.418312 56.516888 107.997581
v 125.411255 56.622250 110.941498
v 125.418388 56.986958 111.241829
v 125.400230 57.426563 107.621666
v 125.422050 57.428215 111.347534
v 125.400459 57.887936 107.726562
v 125.421265 57.876633 111.251228
v 125.399803 58.277073 108.024666
v 125.403152 58.583248 108.508057
v 125.415245 58.259193 110.961662
v 125.405182 58.589188 110.494789
v 125.405243 58.762829 109.032707
v 125.409348 58.788151 109.971130
v 126.003693 56.332653 108.522064
v 125.989906 56.127342 109.038979
v 125.989937 56.120026 109.964539
v 125.990112 56.292568 110.481796
v 125.885132 57.030159 107.793129
v 125.941818 56.657188 108.077225
v 125.990585 56.602291 110.957634
v 125.990524 56.974915 111.264549
v 125.954102 57.444714 107.686333
v 125.992340 57.430302 111.389473
v 125.974106 57.866898 107.767784
v 126.027527 57.943462 111.302948
v 125.981773 58.237068 108.055099
v 125.991570 58.564674 108.520302
v 125.963737 58.364628 111.025543
v 125.949394 58.697151 110.556030
v 125.993141 58.795200 109.028297
v 125.974602 58.927620 109.976952
v 126.565926 56.368195 108.656052
v 126.574333 56.158752 109.057335
v 126.575996 56.121155 109.964752
v 126.575996 56.291737 110.482193
v 126.261993 56.870255 108.036270
v 126.668793 56.755470 108.319031
v 126.575966 56.599602 110.959824
v 126.575928 56.972595 111.271614
v 126.369598 57.523251 107.820969
v 126.547691 57.156624 108.039421
v 126.575714 57.438416 111.416985
v 126.389656 57.846485 107.860649
v 126.589180 57.989651 111.382324
v 126.504379 58.159367 108.117332
v 126.607201 58.523060 108.524811
v 126.300171 58.566669 110.972160
v 126.670349 58.404156 111.208878
v 126.551292 58.887909 109.030113
v 126.356270 59.068459 109.994919
v 126.623390 59.072639 109.551048
v 126.640404 59.018364 110.413376
v 126.633926 58.744034 110.900909
v 126.672958 59.147205 109.995468
v 127.141991 56.414898 108.734039
v 127.148148 56.191643 109.070572
v 127.160301 56.132893 109.963966
v 127.162094 56.292084 110.481949
v 127.166245 56.838646 108.476044
v 127.162003 56.599613 110.959869
v 127.162033 56.972347 111.272163
v 126.767555 57.465656 108.079391
v 127.217926 57.395035 108.333817
v 127.161919 57.437119 111.432610
v 126.743912 57.956905 108.113464
v 127.195061 58.040844 108.372589
v 127.163353 58.002731 111.419800
v 127.194397 58.557114 108.621132
v 127.175896 58.465755 111.264297
v 127.130722 58.944984 108.973763
v 127.151970 59.178009 109.479256
v 127.174721 58.838036 110.956902
v 127.172768 59.123634 110.473404
v 127.193649 59.241138 109.986717
v 127.649559 56.469254 108.800598
v 127.673019 56.240063 109.092857
v 127.738815 56.154472 109.966110
v 127.747444 56.305767 110.476295
v 127.734436 56.864426 108.595192
v 127.748108 56.599377 110.960068
v 127.748001 56.972294 111.272247
v 127.751564 57.426998 108.477661
v 127.748009 57.436901 111.433876
v 127.742531 58.020187 108.484512
v 127.747803 58.007820 111.441658
v 127.757690 58.576931 108.603012
v 127.785202 58.528477 111.303925
v 127.481987 59.117355 109.042229
v 127.844940 58.970158 108.803535
v 127.724442 58.941689 111.017433
v 127.728241 59.211720 110.526482
v 127.822380 59.201931 109.093140
v 127.776047 59.316814 109.986725
v 128.014099 56.324345 109.041634
v 128.344223 56.262577 109.479065
v 128.301559 56.210217 109.985474
v 128.329315 56.329891 110.469208
v 128.296860 56.910862 108.690315
v 128.356674 56.507660 108.989288
v 128.332596 56.611382 110.951637
v 128.333740 56.972153 111.271935
v 128.330673 57.434422 108.559227
v 128.331375 57.438366 111.420692
v 128.328293 58.011833 108.552460
v 128.326050 58.011105 111.426949
v 128.319427 58.582466 108.623108
v 128.332443 58.568943 111.344643
v 128.332932 59.005882 108.782410
v 128.064636 59.128193 110.959435
v 128.423264 58.959393 111.176353
v 128.332474 59.223927 109.077904
v 128.324539 59.317726 109.995361
v 128.398346 59.184696 110.902016
v 128.863785 56.383198 109.557373
v 128.821899 56.293522 109.997635
v 128.860382 56.414845 110.428421
v 128.898636 56.983440 108.760674
v 128.920700 56.610474 109.069618
v 128.924377 56.636501 110.913757
v 128.902512 56.990700 111.231697
v 128.888657 57.428974 108.653610
v 128.888474 57.428913 111.345970
v 128.841248 57.974365 108.707687
v 128.840988 57.975395 111.290787
v 128.763977 58.579468 108.757782
v 128.759796 58.578896 111.230164
v 128.721481 58.985859 108.859116
v 128.731171 58.975193 111.126694
v 128.779953 59.149822 109.077866
v 128.785431 59.202030 109.999130
v 128.790146 59.135838 110.918823
v 129.104599 56.406883 109.998848
v 129.297180 57.023983 108.865036
v 129.359863 56.833755 109.087021
v 129.369217 56.642426 110.000710
v 129.359772 56.834568 110.914688
v 129.296570 57.025196 111.133331
v 129.279221 57.335281 108.822136
v 129.278015 57.335163 111.176491
v 129.388458 57.654915 109.042587
v 129.218933 58.026520 109.032669
v 129.357681 58.073067 110.000443
v 129.478378 57.711636 109.999580
v 129.219955 58.025425 110.967575
v 129.390778 57.656071 110.957748
v 129.043259 58.573048 109.061142
v 129.169495 58.586456 110.000305
v 129.041687 58.571251 110.938812
v 128.893341 59.045547 109.076202
v 128.956619 59.056892 109.999802
v 128.892899 59.042423 110.923027
v 129.458298 56.965446 109.078949
v 129.513397 56.933018 109.998688
v 129.458298 56.964733 110.919296
v 129.474152 57.341263 109.076836
v 129.550400 57.352951 110.000038
v 129.473221 57.341270 110.922890
# 4226 vertices, 0 vertices normals

f 3 2 1
f 5 4 1
f 1 4 3
f 7 6 5
f 5 6 4
f 7 8 6
f 1 2 9
f 9 2 10
f 1 11 5
f 1 9 11
f 5 12 7
f 5 11 12
f 8 7 13
f 13 7 12
f 10 14 9
f 16 15 14
f 15 9 14
f 15 11 9
f 11 17 12
f 11 15 17
f 13 12 18
f 18 12 17
f 15 16 19
f 19 16 20
f 15 21 17
f 15 19 21
f 18 17 22
f 22 17 21
f 20 23 19
f 19 23 21
f 21 23 24
f 21 24 22
f 27 26 25
f 29 28 25
f 25 28 27
f 31 30 29
f 29 30 28
f 31 32 30
f 25 26 3
f 26 2 3
f 26 33 2
f 25 3 4
f 25 4 29
f 29 4 6
f 29 6 31
f 6 8 31
f 8 32 31
f 8 34 32
f 33 10 2
f 35 10 33
f 13 34 8
f 13 36 34
f 14 10 37
f 10 38 37
f 10 35 38
f 37 16 14
f 18 40 39
f 36 18 39
f 13 18 36
f 40 41 39
f 37 38 42
f 42 38 43
f 42 20 16
f 42 16 37
f 22 44 40
f 22 40 18
f 41 40 45
f 45 40 44
f 42 43 46
f 46 43 47
f 48 23 20
f 42 48 20
f 46 48 42
f 49 24 23
f 49 23 48
f 44 22 24
f 49 44 24
f 50 44 49
f 45 44 51
f 51 44 50
f 46 47 52
f 52 47 53
f 46 54 48
f 46 52 54
f 48 55 49
f 48 54 55
f 57 50 56
f 50 55 56
f 50 49 55
f 50 57 51
f 53 58 52
f 60 59 58
f 59 52 58
f 59 54 52
f 62 55 61
f 55 59 61
f 55 54 59
f 55 62 56
f 60 63 59
f 59 63 61
f 65 64 27
f 27 64 26
f 66 27 28
f 66 65 27
f 67 28 30
f 67 66 28
f 30 32 67
f 67 32 68
f 64 33 26
f 69 33 64
f 34 68 32
f 34 70 68
f 69 35 33
f 71 35 69
f 36 70 34
f 36 72 70
f 71 38 35
f 73 38 71
f 74 72 36
f 74 36 39
f 39 41 74
f 74 41 75
f 73 43 38
f 76 43 73
f 45 75 41
f 45 77 75
f 76 47 43
f 78 47 76
f 51 77 45
f 51 79 77
f 78 53 47
f 80 53 78
f 82 81 57
f 82 57 56
f 51 57 79
f 79 57 81
f 58 53 83
f 53 84 83
f 53 80 84
f 83 60 58
f 61 85 62
f 85 86 62
f 86 56 62
f 86 82 56
f 83 84 87
f 87 84 88
f 89 63 60
f 83 89 60
f 87 89 83
f 85 61 63
f 89 85 63
f 90 85 89
f 86 85 91
f 91 85 90
f 88 92 87
f 94 93 92
f 93 87 92
f 93 89 87
f 96 90 95
f 90 93 95
f 90 89 93
f 90 96 91
f 94 97 93
f 93 97 95
f 99 98 65
f 65 98 64
f 100 65 66
f 100 99 65
f 101 66 67
f 101 100 66
f 67 68 101
f 101 68 102
f 98 69 64
f 103 69 98
f 70 102 68
f 70 104 102
f 103 71 69
f 105 71 103
f 72 104 70
f 72 106 104
f 105 73 71
f 107 73 105
f 108 106 72
f 108 72 74
f 74 75 108
f 108 75 109
f 107 76 73
f 110 76 107
f 77 109 75
f 77 111 109
f 110 78 76
f 112 78 110
f 79 111 77
f 79 113 111
f 112 80 78
f 114 80 112
f 82 115 81
f 115 116 81
f 116 79 81
f 116 113 79
f 114 84 80
f 117 84 114
f 119 118 115
f 82 119 115
f 86 119 82
f 115 118 116
f 117 88 84
f 120 88 117
f 91 119 86
f 91 121 119
f 92 88 122
f 88 123 122
f 88 120 123
f 122 94 92
f 95 124 96
f 124 125 96
f 125 91 96
f 125 121 91
f 122 123 126
f 126 123 127
f 128 97 94
f 122 128 94
f 126 128 122
f 124 95 97
f 128 124 97
f 129 124 128
f 125 124 130
f 130 124 129
f 126 127 131
f 131 127 132
f 126 133 128
f 126 131 133
f 128 134 129
f 128 133 134
f 130 129 135
f 135 129 134
f 132 136 131
f 131 136 133
f 133 136 137
f 133 137 134
f 134 137 138
f 134 138 135
f 140 139 99
f 99 139 98
f 141 99 100
f 141 140 99
f 142 100 101
f 142 141 100
f 101 102 142
f 142 102 143
f 139 103 98
f 144 103 139
f 104 143 102
f 104 145 143
f 144 105 103
f 146 105 144
f 106 148 147
f 145 106 147
f 104 106 145
f 148 149 147
f 146 107 105
f 150 107 146
f 108 148 106
f 108 109 148
f 109 149 148
f 109 151 149
f 150 110 107
f 152 110 150
f 111 151 109
f 111 153 151
f 152 112 110
f 154 112 152
f 113 153 111
f 113 155 153
f 154 114 112
f 156 114 154
f 159 158 157
f 158 155 157
f 155 116 157
f 155 113 116
f 156 117 114
f 160 117 156
f 159 157 118
f 119 159 118
f 161 159 119
f 118 157 116
f 164 163 162
f 160 164 162
f 120 160 162
f 117 160 120
f 121 161 119
f 121 165 161
f 162 163 166
f 166 163 167
f 166 123 120
f 166 120 162
f 125 165 121
f 125 168 165
f 166 167 169
f 169 167 170
f 169 127 123
f 169 123 166
f 130 168 125
f 130 171 168
f 169 170 172
f 172 170 173
f 172 132 127
f 172 127 169
f 135 171 130
f 135 174 171
f 172 173 175
f 175 173 176
f 177 136 132
f 172 177 132
f 175 177 172
f 178 137 136
f 178 136 177
f 179 138 137
f 179 137 178
f 179 180 138
f 180 135 138
f 180 174 135
f 176 181 175
f 183 182 181
f 182 175 181
f 182 177 175
f 177 184 178
f 177 182 184
f 186 179 185
f 179 184 185
f 179 178 184
f 179 186 180
f 183 187 182
f 182 187 184
f 184 187 188
f 184 188 185
f 189 139 140
f 141 190 140
f 140 190 189
f 142 191 141
f 141 191 190
f 143 191 142
f 192 144 189
f 189 144 139
f 190 194 193
f 192 190 193
f 189 190 192
f 196 195 194
f 190 196 194
f 191 196 190
f 145 196 143
f 143 196 191
f 197 146 192
f 192 146 144
f 192 193 198
f 192 198 197
f 195 196 199
f 195 199 200
f 147 201 145
f 201 196 145
f 201 199 196
f 149 201 147
f 203 202 197
f 202 146 197
f 202 150 146
f 203 197 198
f 204 200 199
f 206 205 204
f 199 206 204
f 201 206 199
f 151 206 149
f 149 206 201
f 202 152 150
f 207 152 202
f 205 206 208
f 205 208 209
f 153 208 151
f 151 208 206
f 207 154 152
f 210 154 207
f 209 208 211
f 209 211 212
f 155 211 153
f 153 211 208
f 210 156 154
f 213 156 210
f 212 211 158
f 159 212 158
f 214 212 159
f 158 211 155
f 213 160 156
f 215 160 213
f 161 214 159
f 161 216 214
f 218 217 164
f 164 217 163
f 164 160 215
f 164 215 218
f 165 216 161
f 165 219 216
f 217 167 163
f 220 167 217
f 168 219 165
f 168 221 219
f 220 170 167
f 222 170 220
f 171 221 168
f 171 223 221
f 222 173 170
f 224 173 222
f 174 223 171
f 174 225 223
f 224 176 173
f 226 176 224
f 180 225 174
f 180 227 225
f 181 176 228
f 176 229 228
f 176 226 229
f 228 183 181
f 185 230 186
f 230 231 186
f 231 180 186
f 231 227 180
f 228 229 232
f 232 229 233
f 234 187 183
f 228 234 183
f 232 234 228
f 235 188 187
f 235 187 234
f 235 236 188
f 188 236 185
f 236 237 185
f 237 230 185
f 230 237 231
f 232 233 238
f 238 233 239
f 232 240 234
f 232 238 240
f 242 235 241
f 235 240 241
f 235 234 240
f 235 242 236
f 239 243 238
f 238 243 240
f 240 243 244
f 240 244 241
f 245 193 194
f 195 245 194
f 246 198 245
f 245 198 193
f 200 246 195
f 195 246 245
f 247 202 203
f 198 246 203
f 246 247 203
f 246 248 247
f 204 249 200
f 249 246 200
f 249 248 246
f 205 249 204
f 250 207 247
f 247 207 202
f 251 247 248
f 250 247 251
f 252 248 249
f 251 248 252
f 209 252 205
f 205 252 249
f 253 210 250
f 250 210 207
f 251 255 254
f 253 251 254
f 250 251 253
f 255 251 252
f 255 252 256
f 252 209 256
f 209 257 256
f 209 212 257
f 259 258 253
f 258 210 253
f 258 213 210
f 259 253 254
f 214 257 212
f 214 260 257
f 258 215 213
f 261 215 258
f 216 260 214
f 216 262 260
f 264 263 218
f 218 263 217
f 218 215 261
f 218 261 264
f 219 262 216
f 219 265 262
f 263 220 217
f 266 220 263
f 221 265 219
f 221 267 265
f 266 222 220
f 268 222 266
f 223 267 221
f 223 269 267
f 268 224 222
f 270 224 268
f 225 269 223
f 225 271 269
f 274 273 272
f 270 274 272
f 226 270 272
f 224 270 226
f 227 271 225
f 227 275 271
f 272 273 276
f 276 273 277
f 276 229 226
f 276 226 272
f 231 275 227
f 231 278 275
f 276 277 279
f 279 277 280
f 279 233 229
f 279 229 276
f 282 281 237
f 282 237 236
f 231 237 278
f 278 237 281
f 279 280 283
f 283 280 284
f 283 239 233
f 283 233 279
f 241 285 242
f 285 286 242
f 286 236 242
f 286 282 236
f 283 284 287
f 287 284 288
f 289 243 239
f 283 289 239
f 287 289 283
f 290 244 243
f 290 243 289
f 290 291 244
f 244 291 241
f 291 292 241
f 292 285 241
f 285 292 286
f 288 293 287
f 295 294 293
f 294 287 293
f 294 289 287
f 297 290 296
f 290 294 296
f 290 289 294
f 290 297 291
f 295 298 294
f 294 298 296
f 299 254 255
f 256 300 255
f 255 300 299
f 257 300 256
f 301 258 259
f 254 299 259
f 299 301 259
f 299 302 301
f 303 299 300
f 302 299 303
f 260 303 257
f 257 303 300
f 305 304 301
f 304 258 301
f 304 261 258
f 305 301 302
f 305 302 306
f 308 307 306
f 302 308 306
f 303 308 302
f 262 308 260
f 260 308 303
f 309 263 264
f 310 309 264
f 261 310 264
f 304 310 261
f 307 308 311
f 307 311 312
f 265 311 262
f 262 311 308
f 314 313 309
f 313 263 309
f 313 266 263
f 314 309 310
f 315 312 311
f 311 265 315
f 265 316 315
f 265 267 316
f 313 268 266
f 317 268 313
f 269 316 267
f 269 318 316
f 317 270 268
f 319 270 317
f 271 318 269
f 271 320 318
f 322 321 274
f 274 321 273
f 274 270 319
f 274 319 322
f 275 320 271
f 275 323 320
f 321 277 273
f 324 277 321
f 278 323 275
f 278 325 323
f 324 280 277
f 326 280 324
f 328 327 281
f 328 281 282
f 278 281 325
f 325 281 327
f 326 284 280
f 329 284 326
f 286 328 282
f 286 330 328
f 329 288 284
f 331 288 329
f 333 332 292
f 333 292 291
f 286 292 330
f 330 292 332
f 293 288 334
f 288 335 334
f 288 331 335
f 334 295 293
f 296 336 297
f 336 337 297
f 337 291 297
f 337 333 291
f 334 335 338
f 338 335 339
f 340 298 295
f 334 340 295
f 338 340 334
f 340 341 298
f 298 341 296
f 341 342 296
f 342 336 296
f 336 342 337
f 338 339 343
f 343 339 344
f 338 345 340
f 338 343 345
f 341 340 346
f 346 340 345
f 344 347 343
f 343 347 345
f 345 347 348
f 345 348 346
f 349 304 305
f 306 350 305
f 305 350 349
f 307 350 306
f 351 310 349
f 349 310 304
f 352 349 350
f 351 349 352
f 312 352 307
f 307 352 350
f 353 313 314
f 354 353 314
f 354 314 310
f 355 354 310
f 351 355 310
f 355 351 352
f 355 352 356
f 358 356 357
f 357 356 315
f 356 352 315
f 352 312 315
f 316 357 315
f 360 359 353
f 359 313 353
f 359 317 313
f 360 353 354
f 358 357 361
f 358 361 362
f 318 361 316
f 316 361 357
f 359 319 317
f 363 319 359
f 362 361 364
f 362 364 365
f 320 364 318
f 318 364 361
f 367 366 322
f 322 366 321
f 322 319 363
f 322 363 367
f 365 364 368
f 365 368 369
f 323 368 320
f 320 368 364
f 366 324 321
f 370 324 366
f 369 368 371
f 369 371 372
f 325 371 323
f 323 371 368
f 370 326 324
f 373 326 370
f 372 371 327
f 328 372 327
f 374 372 328
f 327 371 325
f 373 329 326
f 375 329 373
f 330 374 328
f 330 376 374
f 379 378 377
f 375 379 377
f 331 375 377
f 329 375 331
f 381 380 332
f 381 332 333
f 330 332 376
f 376 332 380
f 377 378 382
f 382 378 383
f 382 335 331
f 382 331 377
f 337 381 333
f 337 384 381
f 382 383 385
f 385 383 386
f 385 339 335
f 385 335 382
f 341 387 342
f 387 388 342
f 388 337 342
f 388 384 337
f 385 386 389
f 389 386 390
f 389 344 339
f 389 339 385
f 392 391 387
f 341 392 387
f 346 392 341
f 387 391 388
f 390 393 389
f 393 395 394
f 393 394 347
f 389 393 347
f 344 389 347
f 396 348 347
f 396 347 394
f 396 397 348
f 397 346 348
f 397 392 346
f 394 395 398
f 398 395 399
f 401 396 400
f 396 398 400
f 396 394 398
f 396 401 397
f 399 402 398
f 398 402 400
f 403 354 355
f 356 404 355
f 355 404 403
f 358 404 356
f 405 359 360
f 354 403 360
f 403 405 360
f 403 406 405
f 407 403 404
f 406 403 407
f 362 407 358
f 358 407 404
f 409 408 405
f 408 359 405
f 408 363 359
f 409 405 406
f 409 406 410
f 412 411 410
f 406 412 410
f 407 412 406
f 365 412 362
f 362 412 407
f 413 366 367
f 414 413 367
f 363 414 367
f 408 414 363
f 415 411 412
f 412 365 415
f 365 416 415
f 365 369 416
f 418 417 413
f 417 366 413
f 417 370 366
f 418 413 414
f 372 416 369
f 372 419 416
f 417 373 370
f 420 373 417
f 374 419 372
f 374 421 419
f 420 375 373
f 422 375 420
f 376 421 374
f 376 423 421
f 425 424 379
f 379 424 378
f 379 375 422
f 379 422 425
f 427 426 380
f 427 380 381
f 376 380 423
f 423 380 426
f 424 383 378
f 428 383 424
f 384 427 381
f 384 429 427
f 428 386 383
f 430 386 428
f 388 429 384
f 388 431 429
f 430 390 386
f 432 390 430
f 392 433 391
f 433 434 391
f 434 388 391
f 434 431 388
f 393 390 435
f 390 436 435
f 390 432 436
f 435 395 393
f 438 437 433
f 392 438 433
f 397 438 392
f 433 437 434
f 435 436 439
f 439 436 440
f 439 399 395
f 439 395 435
f 400 441 401
f 441 442 401
f 442 397 401
f 442 438 397
f 439 440 443
f 443 440 444
f 445 402 399
f 439 445 399
f 443 445 439
f 445 446 402
f 402 446 400
f 446 447 400
f 447 441 400
f 441 447 442
f 444 448 443
f 443 448 445
f 445 448 449
f 445 449 446
f 450 408 409
f 410 451 409
f 409 451 450
f 411 451 410
f 452 414 450
f 450 414 408
f 453 450 451
f 452 450 453
f 415 454 411
f 454 451 411
f 454 453 451
f 416 454 415
f 455 417 418
f 456 455 418
f 456 418 414
f 457 456 414
f 452 457 414
f 457 452 453
f 457 453 458
f 460 459 458
f 453 460 458
f 454 460 453
f 419 460 416
f 416 460 454
f 462 461 455
f 461 417 455
f 461 420 417
f 462 455 456
f 459 460 463
f 459 463 464
f 421 463 419
f 419 463 460
f 461 422 420
f 465 422 461
f 464 463 466
f 464 466 467
f 423 466 421
f 421 466 463
f 469 468 425
f 425 468 424
f 425 422 465
f 425 465 469
f 467 466 426
f 427 467 426
f 470 467 427
f 426 466 423
f 468 428 424
f 471 428 468
f 429 470 427
f 429 472 470
f 471 430 428
f 473 430 471
f 431 472 429
f 431 474 472
f 473 432 430
f 475 432 473
f 434 474 431
f 434 476 474
f 475 436 432
f 477 436 475
f 479 478 437
f 479 437 438
f 434 437 476
f 476 437 478
f 477 440 436
f 480 440 477
f 442 479 438
f 442 481 479
f 480 444 440
f 482 444 480
f 446 483 447
f 483 484 447
f 484 442 447
f 484 481 442
f 448 444 485
f 444 486 485
f 444 482 486
f 487 449 448
f 487 448 485
f 483 446 449
f 487 483 449
f 488 483 487
f 484 483 489
f 489 483 488
f 485 486 490
f 490 486 491
f 485 492 487
f 485 490 492
f 494 488 493
f 488 492 493
f 488 487 492
f 488 494 489
f 491 495 490
f 490 495 492
f 492 495 496
f 492 496 493
f 497 456 457
f 458 498 457
f 457 498 497
f 459 498 458
f 499 461 462
f 456 497 462
f 497 499 462
f 497 500 499
f 501 497 498
f 500 497 501
f 464 501 459
f 459 501 498
f 503 502 499
f 502 461 499
f 502 465 461
f 503 499 500
f 503 500 504
f 506 505 504
f 500 506 504
f 501 506 500
f 467 506 464
f 464 506 501
f 508 507 469
f 469 507 468
f 469 465 502
f 469 502 508
f 505 506 509
f 505 509 510
f 470 509 467
f 467 509 506
f 507 471 468
f 511 471 507
f 510 509 512
f 510 512 513
f 472 512 470
f 470 512 509
f 511 473 471
f 514 473 511
f 513 512 515
f 513 515 516
f 474 515 472
f 472 515 512
f 514 475 473
f 517 475 514
f 516 515 518
f 516 518 519
f 476 518 474
f 474 518 515
f 517 477 475
f 520 477 517
f 519 518 478
f 479 519 478
f 521 519 479
f 478 518 476
f 520 480 477
f 522 480 520
f 481 521 479
f 481 523 521
f 522 482 480
f 524 482 522
f 484 523 481
f 484 525 523
f 524 486 482
f 526 486 524
f 489 525 484
f 489 527 525
f 526 491 486
f 528 491 526
f 493 529 494
f 529 530 494
f 530 489 494
f 530 527 489
f 495 491 531
f 491 532 531
f 491 528 532
f 533 496 495
f 533 495 531
f 533 534 496
f 496 534 493
f 534 535 493
f 535 529 493
f 529 535 530
f 532 536 531
f 531 536 533
f 533 536 537
f 533 537 534
f 538 502 503
f 504 539 503
f 503 539 538
f 505 539 504
f 540 507 508
f 502 538 508
f 538 540 508
f 538 541 540
f 542 538 539
f 541 538 542
f 510 542 505
f 505 542 539
f 544 543 540
f 543 507 540
f 543 511 507
f 544 540 541
f 544 541 545
f 545 541 542
f 545 542 546
f 542 510 546
f 510 547 546
f 510 513 547
f 543 514 511
f 548 514 543
f 516 547 513
f 516 549 547
f 548 517 514
f 550 517 548
f 519 549 516
f 519 551 549
f 550 520 517
f 552 520 550
f 521 551 519
f 521 553 551
f 552 522 520
f 554 522 552
f 523 553 521
f 523 555 553
f 558 557 556
f 554 558 556
f 524 554 556
f 522 554 524
f 525 555 523
f 525 559 555
f 556 557 560
f 560 557 561
f 560 526 524
f 560 524 556
f 527 559 525
f 527 562 559
f 560 561 563
f 563 561 564
f 563 528 526
f 563 526 560
f 530 562 527
f 530 565 562
f 563 564 566
f 566 564 567
f 566 532 528
f 566 528 563
f 534 568 535
f 568 569 535
f 569 530 535
f 569 565 530
f 567 570 566
f 570 572 571
f 570 571 536
f 566 570 536
f 532 566 536
f 573 537 536
f 573 536 571
f 573 574 537
f 537 574 534
f 574 575 534
f 575 568 534
f 568 575 569
f 571 572 576
f 576 572 577
f 571 578 573
f 571 576 578
f 574 573 579
f 579 573 578
f 577 580 576
f 576 580 578
f 578 580 581
f 578 581 579
f 582 543 544
f 545 583 544
f 544 583 582
f 546 584 545
f 545 584 583
f 547 584 546
f 586 585 582
f 585 543 582
f 585 548 543
f 586 582 583
f 586 583 587
f 589 588 587
f 583 589 587
f 584 589 583
f 549 589 547
f 547 589 584
f 585 550 548
f 590 550 585
f 591 588 589
f 589 549 591
f 549 592 591
f 549 551 592
f 590 552 550
f 593 552 590
f 553 592 551
f 553 594 592
f 593 554 552
f 595 554 593
f 555 594 553
f 555 596 594
f 598 597 558
f 558 597 557
f 558 554 595
f 558 595 598
f 559 596 555
f 559 599 596
f 597 561 557
f 600 561 597
f 562 599 559
f 562 601 599
f 600 564 561
f 602 564 600
f 565 601 562
f 565 603 601
f 602 567 564
f 604 567 602
f 569 603 565
f 569 605 603
f 570 567 606
f 567 607 606
f 567 604 607
f 606 572 570
f 609 608 575
f 609 575 574
f 569 575 605
f 605 575 608
f 606 607 610
f 610 607 611
f 610 577 572
f 610 572 606
f 579 609 574
f 579 612 609
f 611 613 610
f 613 615 614
f 613 614 580
f 610 613 580
f 577 610 580
f 580 614 616
f 617 580 616
f 581 580 617
f 579 581 612
f 612 581 617
f 615 618 614
f 614 618 616
f 619 585 586
f 587 620 586
f 586 620 619
f 588 620 587
f 622 621 619
f 621 585 619
f 621 590 585
f 622 619 620
f 622 620 623
f 623 620 588
f 591 623 588
f 624 623 591
f 591 592 624
f 624 592 625
f 621 593 590
f 626 593 621
f 594 625 592
f 594 627 625
f 626 595 593
f 628 595 626
f 596 627 594
f 596 629 627
f 631 630 598
f 598 630 597
f 598 595 628
f 598 628 631
f 599 629 596
f 599 632 629
f 630 600 597
f 633 600 630
f 601 632 599
f 601 634 632
f 633 602 600
f 635 602 633
f 603 634 601
f 603 636 634
f 635 604 602
f 637 604 635
f 605 636 603
f 605 638 636
f 637 607 604
f 639 607 637
f 609 640 608
f 640 641 608
f 641 605 608
f 641 638 605
f 639 611 607
f 642 611 639
f 644 643 640
f 609 644 640
f 612 644 609
f 640 643 641
f 613 611 645
f 611 646 645
f 611 642 646
f 645 615 613
f 616 647 617
f 647 648 617
f 648 612 617
f 648 644 612
f 646 649 645
f 645 649 615
f 649 618 615
f 649 650 618
f 616 618 647
f 618 651 647
f 618 650 651
f 647 651 648
f 652 621 622
f 652 622 653
f 622 654 653
f 622 623 654
f 656 654 655
f 654 624 655
f 654 623 624
f 625 655 624
f 658 657 652
f 657 621 652
f 657 626 621
f 658 652 653
f 659 656 655
f 655 625 659
f 625 660 659
f 625 627 660
f 663 662 661
f 657 663 661
f 628 657 661
f 626 657 628
f 629 660 627
f 629 664 660
f 661 662 631
f 662 630 631
f 662 665 630
f 661 631 628
f 632 664 629
f 632 666 664
f 665 633 630
f 667 633 665
f 634 666 632
f 634 668 666
f 667 635 633
f 669 635 667
f 672 671 670
f 671 668 670
f 668 636 670
f 668 634 636
f 669 637 635
f 673 637 669
f 672 670 674
f 672 674 675
f 638 674 636
f 636 674 670
f 678 677 676
f 673 678 676
f 639 673 676
f 637 673 639
f 675 674 679
f 675 679 680
f 641 679 638
f 638 679 674
f 676 677 681
f 681 677 682
f 681 642 639
f 681 639 676
f 680 679 643
f 644 680 643
f 683 680 644
f 643 679 641
f 681 682 684
f 684 682 685
f 684 646 642
f 684 642 681
f 648 683 644
f 648 686 683
f 684 685 687
f 687 685 688
f 689 649 646
f 684 689 646
f 687 689 684
f 690 650 649
f 690 649 689
f 650 690 691
f 692 650 691
f 651 650 692
f 648 651 686
f 686 651 692
f 688 693 687
f 687 693 689
f 689 693 694
f 689 694 690
f 690 694 695
f 690 695 691
f 696 653 654
f 656 696 654
f 698 697 658
f 658 697 657
f 658 653 696
f 699 658 696
f 698 658 699
f 701 699 700
f 700 699 659
f 699 696 659
f 696 656 659
f 660 700 659
f 703 702 663
f 663 702 662
f 663 657 697
f 663 697 703
f 704 701 700
f 700 660 704
f 660 705 704
f 660 664 705
f 702 665 662
f 706 665 702
f 666 705 664
f 666 707 705
f 706 667 665
f 708 667 706
f 668 707 666
f 668 709 707
f 708 669 667
f 710 669 708
f 672 711 671
f 711 712 671
f 712 668 671
f 712 709 668
f 710 673 669
f 713 673 710
f 715 714 711
f 672 715 711
f 675 715 672
f 711 714 712
f 717 716 678
f 678 716 677
f 678 673 713
f 678 713 717
f 680 715 675
f 680 718 715
f 716 682 677
f 719 682 716
f 683 718 680
f 683 720 718
f 719 685 682
f 721 685 719
f 686 720 683
f 686 722 720
f 721 688 685
f 723 688 721
f 725 724 692
f 725 692 691
f 686 692 722
f 722 692 724
f 693 688 726
f 688 727 726
f 688 723 727
f 728 694 693
f 728 693 726
f 694 728 729
f 730 694 729
f 695 694 730
f 691 695 725
f 725 695 730
f 727 731 726
f 726 731 728
f 728 731 732
f 728 732 729
f 734 733 698
f 698 733 697
f 735 698 699
f 735 734 698
f 699 701 735
f 735 701 736
f 737 702 703
f 738 737 703
f 697 738 703
f 733 738 697
f 701 704 739
f 740 701 739
f 736 701 740
f 705 739 704
f 742 741 737
f 741 702 737
f 741 706 702
f 742 737 738
f 743 740 739
f 739 705 743
f 705 744 743
f 705 707 744
f 741 708 706
f 745 708 741
f 709 744 707
f 709 746 744
f 745 710 708
f 747 710 745
f 712 746 709
f 712 748 746
f 747 713 710
f 749 713 747
f 751 750 714
f 751 714 715
f 712 714 748
f 748 714 750
f 753 752 717
f 717 752 716
f 717 713 749
f 717 749 753
f 718 751 715
f 718 754 751
f 757 756 755
f 752 757 755
f 719 752 755
f 716 752 719
f 720 754 718
f 720 758 754
f 755 756 759
f 759 756 760
f 759 721 719
f 759 719 755
f 763 762 761
f 762 758 761
f 758 722 761
f 758 720 722
f 759 760 764
f 764 760 765
f 764 723 721
f 764 721 759
f 763 761 724
f 725 763 724
f 766 763 725
f 724 761 722
f 764 765 767
f 767 765 768
f 767 727 723
f 767 723 764
f 770 769 730
f 770 730 729
f 725 730 766
f 766 730 769
f 768 771 767
f 771 773 772
f 771 772 731
f 767 771 731
f 727 767 731
f 731 772 774
f 775 731 774
f 732 731 775
f 729 732 770
f 770 732 775
f 773 776 772
f 772 776 774
f 777 733 734
f 735 778 734
f 734 778 777
f 736 778 735
f 780 779 777
f 779 733 777
f 779 738 733
f 780 777 778
f 780 778 781
f 778 736 781
f 736 782 781
f 736 740 782
f 784 783 742
f 742 783 741
f 742 738 779
f 742 779 784
f 740 743 785
f 786 740 785
f 782 740 786
f 744 785 743
f 783 745 741
f 787 745 783
f 788 786 785
f 785 744 788
f 744 789 788
f 744 746 789
f 787 747 745
f 790 747 787
f 793 792 791
f 792 789 791
f 789 748 791
f 789 746 748
f 790 749 747
f 794 749 790
f 793 791 750
f 751 793 750
f 795 793 751
f 750 791 748
f 797 796 753
f 753 796 752
f 753 749 794
f 753 794 797
f 754 795 751
f 754 798 795
f 800 799 757
f 757 799 756
f 757 752 796
f 757 796 800
f 803 802 801
f 802 798 801
f 798 758 801
f 798 754 758
f 799 760 756
f 804 760 799
f 803 801 762
f 763 803 762
f 805 803 763
f 762 801 758
f 808 807 806
f 804 808 806
f 765 804 806
f 760 804 765
f 766 805 763
f 766 809 805
f 806 807 810
f 810 807 811
f 810 768 765
f 810 765 806
f 813 812 769
f 813 769 770
f 766 769 809
f 809 769 812
f 811 814 810
f 814 816 815
f 814 815 771
f 810 814 771
f 768 810 771
f 815 773 771
f 774 817 775
f 817 818 775
f 818 770 775
f 818 813 770
f 816 819 815
f 815 819 773
f 819 776 773
f 819 820 776
f 774 776 817
f 776 821 817
f 776 820 821
f 817 821 818
f 823 822 780
f 780 822 779
f 824 780 781
f 824 823 780
f 781 782 824
f 824 782 825
f 827 826 784
f 784 826 783
f 784 779 822
f 784 822 827
f 786 825 782
f 786 828 825
f 826 787 783
f 829 787 826
f 786 788 830
f 831 786 830
f 828 786 831
f 789 830 788
f 829 790 787
f 832 790 829
f 831 830 792
f 793 831 792
f 833 831 793
f 792 830 789
f 832 794 790
f 834 794 832
f 795 833 793
f 795 835 833
f 837 836 797
f 797 836 796
f 797 794 834
f 797 834 837
f 798 835 795
f 798 838 835
f 840 839 800
f 800 839 799
f 800 796 836
f 800 836 840
f 842 841 802
f 842 802 803
f 798 802 838
f 838 802 841
f 845 844 843
f 839 845 843
f 804 839 843
f 799 839 804
f 805 842 803
f 805 846 842
f 843 844 808
f 844 807 808
f 844 847 807
f 843 808 804
f 850 849 848
f 849 846 848
f 846 809 848
f 846 805 809
f 847 811 807
f 851 811 847
f 850 848 812
f 813 850 812
f 852 850 813
f 812 848 809
f 814 811 853
f 811 854 853
f 811 851 854
f 853 816 814
f 818 852 813
f 818 855 852
f 853 854 856
f 856 854 857
f 858 819 816
f 853 858 816
f 856 858 853
f 859 820 819
f 859 819 858
f 820 859 860
f 861 820 860
f 821 820 861
f 818 821 855
f 855 821 861
f 857 862 856
f 856 862 858
f 858 862 863
f 858 863 859
f 859 863 864
f 859 864 860
f 866 865 823
f 823 865 822
f 868 866 867
f 866 824 867
f 866 823 824
f 825 867 824
f 870 869 827
f 827 869 826
f 827 822 865
f 827 865 870
f 871 868 867
f 867 825 871
f 825 872 871
f 825 828 872
f 869 829 826
f 873 829 869
f 831 872 828
f 831 874 872
f 873 832 829
f 875 832 873
f 833 874 831
f 833 876 874
f 875 834 832
f 877 834 875
f 835 876 833
f 835 878 876
f 879 836 837
f 880 879 837
f 834 880 837
f 877 880 834
f 838 878 835
f 838 881 878
f 883 882 840
f 840 882 839
f 840 836 879
f 884 840 879
f 883 840 884
f 884 879 880
f 887 886 885
f 841 842 885
f 886 841 885
f 888 841 886
f 838 841 881
f 881 841 888
f 890 889 845
f 845 889 844
f 845 839 882
f 845 882 890
f 887 885 891
f 887 891 892
f 846 891 842
f 842 891 885
f 889 847 844
f 893 847 889
f 892 891 849
f 850 892 849
f 894 892 850
f 849 891 846
f 893 851 847
f 895 851 893
f 852 894 850
f 852 896 894
f 895 854 851
f 897 854 895
f 900 899 898
f 899 896 898
f 896 855 898
f 896 852 855
f 897 857 854
f 901 857 897
f 900 898 861
f 860 900 861
f 902 900 860
f 861 898 855
f 901 903 857
f 857 903 862
f 903 905 904
f 863 903 904
f 862 903 863
f 863 904 906
f 907 863 906
f 864 863 907
f 860 864 902
f 902 864 907
f 905 908 904
f 904 908 906
f 909 865 866
f 868 909 866
f 911 910 870
f 870 910 869
f 870 865 909
f 912 870 909
f 911 870 912
f 912 909 868
f 871 912 868
f 913 912 871
f 871 872 913
f 913 872 914
f 910 873 869
f 915 873 910
f 874 914 872
f 874 916 914
f 915 875 873
f 917 875 915
f 876 916 874
f 876 918 916
f 917 877 875
f 919 877 917
f 878 918 876
f 878 920 918
f 919 880 877
f 921 880 919
f 881 920 878
f 881 922 920
f 923 882 883
f 884 924 883
f 883 924 923
f 880 921 925
f 924 880 925
f 926 924 925
f 884 880 924
f 927 886 887
f 928 926 925
f 886 927 929
f 930 886 929
f 888 886 930
f 881 888 922
f 922 888 930
f 932 931 890
f 890 931 889
f 890 882 923
f 933 890 923
f 932 890 933
f 933 923 924
f 933 924 934
f 936 935 934
f 924 936 934
f 926 936 924
f 892 927 887
f 927 892 937
f 936 937 892
f 937 936 928
f 926 928 936
f 927 937 929
f 931 893 889
f 938 893 931
f 935 936 939
f 935 939 940
f 894 939 892
f 892 939 936
f 938 895 893
f 941 895 938
f 940 939 942
f 940 942 943
f 896 942 894
f 894 942 939
f 941 897 895
f 944 897 941
f 943 942 899
f 900 943 899
f 945 943 900
f 899 942 896
f 944 901 897
f 946 901 944
f 902 945 900
f 902 947 945
f 903 901 948
f 901 949 948
f 901 946 949
f 948 905 903
f 906 950 907
f 950 951 907
f 951 902 907
f 951 947 902
f 949 952 948
f 952 954 953
f 952 953 908
f 948 952 908
f 905 948 908
f 953 955 908
f 908 955 906
f 955 956 906
f 956 950 906
f 950 956 951
f 954 957 953
f 953 957 955
f 959 958 911
f 911 958 910
f 960 911 912
f 960 959 911
f 961 912 913
f 961 960 912
f 913 914 961
f 961 914 962
f 958 915 910
f 963 915 958
f 916 962 914
f 916 964 962
f 963 917 915
f 965 917 963
f 918 964 916
f 918 966 964
f 965 919 917
f 967 919 965
f 920 966 918
f 920 968 966
f 967 921 919
f 969 921 967
f 922 968 920
f 922 970 968
f 925 921 971
f 921 972 971
f 921 969 972
f 971 928 925
f 929 973 930
f 973 974 930
f 974 922 930
f 974 970 922
f 975 931 932
f 975 932 976
f 932 977 976
f 932 933 977
f 979 977 978
f 977 934 978
f 977 933 934
f 972 980 971
f 978 934 935
f 971 980 928
f 980 937 928
f 980 981 937
f 929 937 973
f 937 982 973
f 937 981 982
f 973 982 974
f 984 983 975
f 983 931 975
f 983 938 931
f 984 975 976
f 985 979 978
f 978 935 985
f 935 986 985
f 935 940 986
f 983 941 938
f 987 941 983
f 943 986 940
f 943 988 986
f 987 944 941
f 989 944 987
f 945 988 943
f 945 990 988
f 989 946 944
f 991 946 989
f 947 990 945
f 947 992 990
f 991 949 946
f 993 949 991
f 951 992 947
f 951 994 992
f 952 949 995
f 949 996 995
f 949 993 996
f 995 954 952
f 998 997 956
f 998 956 955
f 951 956 994
f 994 956 997
f 996 999 995
f 995 999 954
f 999 957 954
f 999 1000 957
f 955 957 998
f 998 957 1000
f 1001 958 959
f 1001 959 1002
f 959 1003 1002
f 959 960 1003
f 1005 1003 1004
f 1003 961 1004
f 1003 960 961
f 962 1004 961
f 1007 1006 1001
f 1006 958 1001
f 1006 963 958
f 1007 1001 1002
f 1008 1005 1004
f 1004 962 1008
f 962 1009 1008
f 962 964 1009
f 1006 965 963
f 1010 965 1006
f 966 1009 964
f 966 1011 1009
f 1010 967 965
f 1012 967 1010
f 968 1011 966
f 968 1013 1011
f 1012 969 967
f 1014 969 1012
f 970 1013 968
f 970 1015 1013
f 1014 972 969
f 1016 972 1014
f 974 1015 970
f 974 1017 1015
f 1018 976 977
f 979 1018 977
f 1016 1019 972
f 972 1019 980
f 980 1020 981
f 1019 1020 980
f 981 1021 982
f 1020 1021 981
f 974 982 1017
f 1017 982 1021
f 1023 1022 984
f 984 1022 983
f 984 976 1018
f 1024 984 1018
f 1023 984 1024
f 1024 1018 979
f 985 1024 979
f 1025 1024 985
f 985 986 1025
f 1025 986 1026
f 1022 987 983
f 1027 987 1022
f 988 1026 986
f 988 1028 1026
f 1027 989 987
f 1029 989 1027
f 990 1028 988
f 990 1030 1028
f 1033 1032 1031
f 1029 1033 1031
f 991 1029 1031
f 989 1029 991
f 992 1030 990
f 992 1034 1030
f 1031 1032 1035
f 1035 1032 1036
f 1035 993 991
f 1035 991 1031
f 994 1034 992
f 994 1037 1034
f 1035 1036 1038
f 1038 1036 1039
f 1038 996 993
f 1038 993 1035
f 998 1040 997
f 1040 1041 997
f 1041 994 997
f 1041 1037 994
f 1039 1042 1038
f 1042 1044 1043
f 1042 1043 999
f 1038 1042 999
f 996 1038 999
f 1045 1000 999
f 1045 999 1043
f 1045 1046 1000
f 1000 1046 998
f 1046 1047 998
f 1047 1040 998
f 1040 1047 1041
f 1044 1048 1043
f 1043 1048 1045
f 1045 1048 1049
f 1045 1049 1046
f 1050 1002 1003
f 1005 1050 1003
f 1052 1051 1007
f 1007 1051 1006
f 1007 1002 1050
f 1053 1007 1050
f 1052 1007 1053
f 1053 1050 1005
f 1008 1053 1005
f 1054 1053 1008
f 1008 1009 1054
f 1054 1009 1055
f 1051 1010 1006
f 1056 1010 1051
f 1011 1055 1009
f 1011 1057 1055
f 1056 1012 1010
f 1058 1012 1056
f 1013 1057 1011
f 1013 1059 1057
f 1058 1014 1012
f 1060 1014 1058
f 1015 1059 1013
f 1015 1061 1059
f 1060 1016 1014
f 1062 1016 1060
f 1017 1061 1015
f 1017 1063 1061
f 1062 1064 1016
f 1016 1064 1019
f 1019 1065 1020
f 1064 1065 1019
f 1020 1066 1021
f 1065 1066 1020
f 1017 1021 1063
f 1063 1021 1066
f 1067 1022 1023
f 1024 1068 1023
f 1023 1068 1067
f 1025 1069 1024
f 1024 1069 1068
f 1026 1069 1025
f 1071 1070 1067
f 1070 1022 1067
f 1070 1027 1022
f 1071 1067 1068
f 1071 1068 1072
f 1072 1068 1069
f 1072 1069 1073
f 1069 1026 1073
f 1026 1074 1073
f 1026 1028 1074
f 1070 1029 1027
f 1075 1029 1070
f 1030 1074 1028
f 1030 1076 1074
f 1078 1077 1033
f 1033 1077 1032
f 1033 1029 1075
f 1033 1075 1078
f 1034 1076 1030
f 1034 1079 1076
f 1077 1036 1032
f 1080 1036 1077
f 1037 1079 1034
f 1037 1081 1079
f 1080 1039 1036
f 1082 1039 1080
f 1041 1081 1037
f 1041 1083 1081
f 1042 1039 1084
f 1039 1085 1084
f 1039 1082 1085
f 1084 1044 1042
f 1087 1086 1047
f 1087 1047 1046
f 1041 1047 1083
f 1083 1047 1086
f 1085 1088 1084
f 1088 1090 1089
f 1088 1089 1048
f 1084 1088 1048
f 1044 1084 1048
f 1091 1049 1048
f 1091 1048 1089
f 1091 1092 1049
f 1092 1046 1049
f 1092 1087 1046
f 1090 1093 1089
f 1089 1093 1091
f 1091 1093 1094
f 1091 1094 1092
f 1096 1095 1052
f 1052 1095 1051
f 1097 1052 1053
f 1097 1096 1052
f 1098 1053 1054
f 1098 1097 1053
f 1054 1055 1098
f 1098 1055 1099
f 1095 1056 1051
f 1100 1056 1095
f 1057 1099 1055
f 1057 1101 1099
f 1100 1058 1056
f 1102 1058 1100
f 1059 1101 1057
f 1059 1103 1101
f 1102 1060 1058
f 1104 1060 1102
f 1061 1103 1059
f 1061 1105 1103
f 1104 1062 1060
f 1106 1062 1104
f 1063 1105 1061
f 1063 1107 1105
f 1106 1108 1062
f 1062 1108 1064
f 1108 1110 1109
f 1065 1108 1109
f 1064 1108 1065
f 1065 1109 1111
f 1112 1065 1111
f 1066 1065 1112
f 1063 1066 1107
f 1107 1066 1112
f 1110 1113 1109
f 1109 1113 1111
f 1114 1070 1071
f 1114 1071 1115
f 1071 1116 1115
f 1071 1072 1116
f 1118 1116 1117
f 1116 1073 1117
f 1116 1072 1073
f 1074 1117 1073
f 1120 1119 1114
f 1119 1070 1114
f 1119 1075 1070
f 1120 1114 1115
f 1118 1117 1121
f 1118 1121 1122
f 1076 1121 1074
f 1074 1121 1117
f 1124 1123 1078
f 1078 1123 1077
f 1078 1075 1119
f 1078 1119 1124
f 1125 1122 1121
f 1121 1076 1125
f 1076 1126 1125
f 1076 1079 1126
f 1123 1080 1077
f 1127 1080 1123
f 1081 1126 1079
f 1081 1128 1126
f 1127 1082 1080
f 1129 1082 1127
f 1083 1128 1081
f 1083 1130 1128
f 1129 1085 1082
f 1131 1085 1129
f 1133 1132 1086
f 1133 1086 1087
f 1083 1086 1130
f 1130 1086 1132
f 1088 1085 1134
f 1085 1135 1134
f 1085 1131 1135
f 1134 1090 1088
f 1092 1133 1087
f 1092 1136 1133
f 1134 1135 1137
f 1137 1135 1138
f 1139 1093 1090
f 1134 1139 1090
f 1137 1139 1134
f 1093 1139 1140
f 1141 1093 1140
f 1094 1093 1141
f 1092 1094 1136
f 1136 1094 1141
f 1138 1142 1137
f 1137 1142 1139
f 1139 1142 1143
f 1139 1143 1140
f 1145 1144 1096
f 1096 1144 1095
f 1146 1096 1097
f 1146 1145 1096
f 1148 1146 1147
f 1146 1098 1147
f 1146 1097 1098
f 1099 1147 1098
f 1144 1100 1095
f 1149 1100 1144
f 1150 1148 1147
f 1147 1099 1150
f 1099 1151 1150
f 1099 1101 1151
f 1149 1102 1100
f 1152 1102 1149
f 1103 1151 1101
f 1103 1153 1151
f 1152 1104 1102
f 1154 1104 1152
f 1105 1153 1103
f 1105 1155 1153
f 1154 1106 1104
f 1156 1106 1154
f 1107 1155 1105
f 1107 1157 1155
f 1156 1158 1106
f 1106 1158 1108
f 1110 1108 1158
f 1110 1158 1159
f 1161 1160 1112
f 1161 1112 1111
f 1107 1112 1157
f 1157 1112 1160
f 1159 1162 1110
f 1110 1162 1113
f 1111 1113 1161
f 1161 1113 1162
f 1163 1115 1116
f 1118 1163 1116
f 1165 1164 1120
f 1120 1164 1119
f 1120 1115 1163
f 1166 1120 1163
f 1165 1120 1166
f 1163 1118 1166
f 1118 1167 1166
f 1118 1122 1167
f 1169 1168 1124
f 1124 1168 1123
f 1124 1119 1164
f 1124 1164 1169
f 1122 1125 1170
f 1171 1122 1170
f 1167 1122 1171
f 1126 1170 1125
f 1168 1127 1123
f 1172 1127 1168
f 1171 1170 1173
f 1171 1173 1174
f 1128 1173 1126
f 1126 1173 1170
f 1172 1129 1127
f 1175 1129 1172
f 1174 1173 1176
f 1174 1176 1177
f 1130 1176 1128
f 1128 1176 1173
f 1175 1131 1129
f 1178 1131 1175
f 1177 1176 1132
f 1133 1177 1132
f 1179 1177 1133
f 1132 1176 1130
f 1178 1135 1131
f 1180 1135 1178
f 1136 1179 1133
f 1136 1181 1179
f 1180 1138 1135
f 1182 1138 1180
f 1140 1183 1141
f 1183 1184 1141
f 1184 1136 1141
f 1184 1181 1136
f 1142 1138 1185
f 1138 1186 1185
f 1138 1182 1186
f 1187 1143 1142
f 1187 1142 1185
f 1187 1188 1143
f 1143 1188 1140
f 1188 1189 1140
f 1189 1183 1140
f 1183 1189 1184
f 1186 1190 1185
f 1185 1190 1187
f 1187 1190 1191
f 1187 1191 1188
f 1193 1192 1145
f 1145 1192 1144
f 1194 1145 1146
f 1194 1193 1145
f 1146 1148 1194
f 1194 1148 1195
f 1192 1149 1144
f 1196 1149 1192
f 1197 1195 1148
f 1197 1148 1150
f 1150 1151 1197
f 1197 1151 1198
f 1196 1152 1149
f 1199 1152 1196
f 1153 1198 1151
f 1153 1200 1198
f 1199 1154 1152
f 1201 1154 1199
f 1155 1200 1153
f 1155 1202 1200
f 1201 1156 1154
f 1203 1156 1201
f 1157 1202 1155
f 1157 1204 1202
f 1158 1156 1205
f 1156 1206 1205
f 1156 1203 1206
f 1205 1159 1158
f 1208 1207 1160
f 1208 1160 1161
f 1157 1160 1204
f 1204 1160 1207
f 1206 1209 1205
f 1205 1209 1159
f 1209 1162 1159
f 1209 1210 1162
f 1161 1162 1208
f 1208 1162 1210
f 1211 1164 1165
f 1166 1212 1165
f 1165 1212 1211
f 1167 1212 1166
f 1213 1168 1169
f 1214 1213 1169
f 1214 1169 1164
f 1215 1214 1164
f 1211 1215 1164
f 1215 1211 1212
f 1215 1212 1216
f 1212 1167 1216
f 1167 1217 1216
f 1167 1171 1217
f 1219 1218 1213
f 1218 1168 1213
f 1218 1172 1168
f 1219 1213 1214
f 1174 1217 1171
f 1174 1220 1217
f 1218 1175 1172
f 1221 1175 1218
f 1177 1220 1174
f 1177 1222 1220
f 1221 1178 1175
f 1223 1178 1221
f 1179 1222 1177
f 1179 1224 1222
f 1227 1226 1225
f 1223 1227 1225
f 1180 1223 1225
f 1178 1223 1180
f 1181 1224 1179
f 1181 1228 1224
f 1225 1226 1229
f 1229 1226 1230
f 1229 1182 1180
f 1229 1180 1225
f 1184 1228 1181
f 1184 1231 1228
f 1230 1232 1229
f 1182 1229 1232
f 1233 1182 1232
f 1186 1182 1233
f 1188 1234 1189
f 1234 1235 1189
f 1235 1184 1189
f 1235 1231 1184
f 1190 1186 1236
f 1186 1237 1236
f 1186 1233 1237
f 1238 1191 1190
f 1238 1190 1236
f 1238 1239 1191
f 1191 1239 1188
f 1239 1240 1188
f 1240 1234 1188
f 1234 1240 1235
f 1236 1237 1241
f 1241 1237 1242
f 1236 1243 1238
f 1236 1241 1243
f 1239 1238 1244
f 1244 1238 1243
f 1242 1245 1241
f 1241 1245 1243
f 1243 1245 1246
f 1243 1246 1244
f 1248 1247 1193
f 1193 1247 1192
f 1249 1193 1194
f 1249 1248 1193
f 1194 1195 1249
f 1249 1195 1250
f 1247 1196 1192
f 1251 1196 1247
f 1252 1250 1195
f 1252 1195 1197
f 1197 1198 1252
f 1252 1198 1253
f 1256 1255 1254
f 1251 1256 1254
f 1199 1251 1254
f 1196 1251 1199
f 1200 1253 1198
f 1200 1257 1253
f 1254 1255 1258
f 1258 1255 1259
f 1258 1201 1199
f 1258 1199 1254
f 1202 1257 1200
f 1202 1260 1257
f 1259 1261 1258
f 1201 1258 1261
f 1262 1201 1261
f 1203 1201 1262
f 1204 1260 1202
f 1204 1263 1260
f 1262 1206 1203
f 1264 1206 1262
f 1266 1265 1207
f 1266 1207 1208
f 1204 1207 1263
f 1263 1207 1265
f 1264 1267 1206
f 1206 1267 1209
f 1209 1268 1210
f 1267 1268 1209
f 1208 1210 1266
f 1266 1210 1268
f 1269 1214 1215
f 1216 1270 1215
f 1215 1270 1269
f 1217 1270 1216
f 1272 1271 1219
f 1219 1271 1218
f 1219 1214 1269
f 1273 1219 1269
f 1272 1219 1273
f 1273 1269 1270
f 1273 1270 1274
f 1270 1217 1274
f 1217 1275 1274
f 1217 1220 1275
f 1271 1221 1218
f 1276 1221 1271
f 1222 1275 1220
f 1222 1277 1275
f 1276 1223 1221
f 1278 1223 1276
f 1224 1277 1222
f 1224 1279 1277
f 1281 1280 1227
f 1227 1280 1226
f 1227 1223 1278
f 1227 1278 1281
f 1228 1279 1224
f 1228 1282 1279
f 1280 1230 1226
f 1283 1230 1280
f 1231 1282 1228
f 1231 1284 1282
f 1232 1230 1285
f 1230 1286 1285
f 1230 1283 1286
f 1285 1233 1232
f 1235 1284 1231
f 1235 1287 1284
f 1285 1286 1288
f 1288 1286 1289
f 1288 1237 1233
f 1288 1233 1285
f 1239 1290 1240
f 1290 1291 1240
f 1291 1235 1240
f 1291 1287 1235
f 1289 1292 1288
f 1237 1288 1292
f 1293 1237 1292
f 1242 1237 1293
f 1295 1294 1290
f 1239 1295 1290
f 1244 1295 1239
f 1290 1294 1291
f 1245 1242 1296
f 1242 1297 1296
f 1242 1293 1297
f 1298 1246 1245
f 1298 1245 1296
f 1298 1299 1246
f 1299 1244 1246
f 1299 1295 1244
f 1297 1300 1296
f 1296 1300 1298
f 1298 1300 1301
f 1298 1301 1299
f 1303 1302 1248
f 1248 1302 1247
f 1304 1248 1249
f 1304 1303 1248
f 1249 1250 1304
f 1304 1250 1305
f 1302 1251 1247
f 1306 1251 1302
f 1307 1305 1250
f 1307 1250 1252
f 1252 1253 1307
f 1307 1253 1308
f 1310 1309 1256
f 1256 1309 1255
f 1256 1251 1306
f 1256 1306 1310
f 1257 1308 1253
f 1257 1311 1308
f 1309 1259 1255
f 1312 1259 1309
f 1260 1311 1257
f 1260 1313 1311
f 1312 1314 1259
f 1259 1314 1261
f 1262 1261 1314
f 1262 1314 1315
f 1263 1313 1260
f 1263 1316 1313
f 1315 1264 1262
f 1317 1264 1315
f 1319 1318 1265
f 1319 1265 1266
f 1263 1265 1316
f 1316 1265 1318
f 1317 1320 1264
f 1264 1320 1267
f 1267 1321 1268
f 1320 1321 1267
f 1266 1268 1319
f 1319 1268 1321
f 1322 1271 1272
f 1273 1323 1272
f 1272 1323 1322
f 1274 1324 1273
f 1273 1324 1323
f 1275 1324 1274
f 1326 1325 1322
f 1325 1271 1322
f 1325 1276 1271
f 1326 1322 1323
f 1326 1323 1327
f 1329 1328 1327
f 1323 1329 1327
f 1324 1329 1323
f 1277 1329 1275
f 1275 1329 1324
f 1325 1278 1276
f 1330 1278 1325
f 1331 1328 1329
f 1329 1277 1331
f 1277 1332 1331
f 1277 1279 1332
f 1334 1333 1281
f 1281 1333 1280
f 1281 1278 1330
f 1281 1330 1334
f 1282 1332 1279
f 1282 1335 1332
f 1333 1283 1280
f 1336 1283 1333
f 1284 1335 1282
f 1284 1337 1335
f 1336 1286 1283
f 1338 1286 1336
f 1287 1337 1284
f 1287 1339 1337
f 1338 1289 1286
f 1340 1289 1338
f 1291 1339 1287
f 1291 1341 1339
f 1292 1289 1342
f 1289 1343 1342
f 1289 1340 1343
f 1342 1293 1292
f 1295 1344 1294
f 1344 1345 1294
f 1345 1291 1294
f 1345 1341 1291
f 1343 1346 1342
f 1293 1342 1346
f 1347 1293 1346
f 1297 1293 1347
f 1299 1348 1344
f 1299 1344 1295
f 1345 1344 1349
f 1349 1344 1348
f 1300 1297 1350
f 1297 1351 1350
f 1297 1347 1351
f 1352 1301 1300
f 1352 1300 1350
f 1348 1299 1301
f 1352 1348 1301
f 1353 1348 1352
f 1349 1348 1354
f 1354 1348 1353
f 1351 1355 1350
f 1350 1355 1352
f 1352 1355 1356
f 1352 1356 1353
f 1353 1356 1357
f 1353 1357 1354
f 1359 1358 1303
f 1303 1358 1302
f 1360 1303 1304
f 1360 1359 1303
f 1304 1305 1360
f 1360 1305 1361
f 1358 1306 1302
f 1362 1306 1358
f 1363 1361 1305
f 1363 1305 1307
f 1307 1308 1363
f 1363 1308 1364
f 1366 1365 1310
f 1310 1365 1309
f 1310 1306 1362
f 1310 1362 1366
f 1311 1364 1308
f 1311 1367 1364
f 1365 1312 1309
f 1368 1312 1365
f 1313 1367 1311
f 1313 1369 1367
f 1368 1370 1312
f 1312 1370 1314
f 1315 1314 1370
f 1315 1370 1371
f 1316 1369 1313
f 1316 1372 1369
f 1371 1317 1315
f 1373 1317 1371
f 1375 1374 1318
f 1375 1318 1319
f 1316 1318 1372
f 1372 1318 1374
f 1373 1376 1317
f 1317 1376 1320
f 1320 1377 1321
f 1376 1377 1320
f 1319 1321 1375
f 1375 1321 1377
f 1378 1325 1326
f 1327 1379 1326
f 1326 1379 1378
f 1328 1379 1327
f 1381 1380 1378
f 1380 1325 1378
f 1380 1330 1325
f 1381 1378 1379
f 1381 1379 1382
f 1384 1382 1383
f 1383 1382 1331
f 1382 1379 1331
f 1379 1328 1331
f 1332 1383 1331
f 1385 1333 1334
f 1386 1385 1334
f 1330 1386 1334
f 1380 1386 1330
f 1384 1383 1387
f 1384 1387 1388
f 1335 1387 1332
f 1332 1387 1383
f 1390 1389 1385
f 1389 1333 1385
f 1389 1336 1333
f 1390 1385 1386
f 1391 1388 1387
f 1387 1335 1391
f 1335 1392 1391
f 1335 1337 1392
f 1389 1338 1336
f 1393 1338 1389
f 1339 1392 1337
f 1339 1394 1392
f 1393 1340 1338
f 1395 1340 1393
f 1341 1394 1339
f 1341 1396 1394
f 1395 1343 1340
f 1397 1343 1395
f 1345 1396 1341
f 1345 1398 1396
f 1346 1343 1399
f 1343 1400 1399
f 1343 1397 1400
f 1399 1347 1346
f 1349 1402 1401
f 1398 1349 1401
f 1345 1349 1398
f 1402 1403 1401
f 1400 1404 1399
f 1347 1399 1404
f 1405 1347 1404
f 1351 1347 1405
f 1354 1406 1402
f 1354 1402 1349
f 1403 1402 1407
f 1407 1402 1406
f 1405 1408 1351
f 1351 1408 1355
f 1408 1410 1409
f 1356 1408 1409
f 1355 1408 1356
f 1411 1357 1356
f 1411 1356 1409
f 1411 1412 1357
f 1357 1412 1354
f 1412 1413 1354
f 1413 1406 1354
f 1406 1413 1407
f 1410 1414 1409
f 1409 1414 1411
f 1411 1414 1415
f 1411 1415 1412
f 1417 1416 1359
f 1359 1416 1358
f 1418 1359 1360
f 1418 1417 1359
f 1360 1361 1418
f 1418 1361 1419
f 1422 1421 1420
f 1416 1422 1420
f 1362 1416 1420
f 1358 1416 1362
f 1423 1419 1361
f 1423 1361 1363
f 1363 1364 1423
f 1423 1364 1424
f 1420 1421 1366
f 1421 1365 1366
f 1421 1425 1365
f 1420 1366 1362
f 1367 1424 1364
f 1367 1426 1424
f 1425 1368 1365
f 1427 1368 1425
f 1369 1426 1367
f 1369 1428 1426
f 1427 1429 1368
f 1368 1429 1370
f 1371 1370 1429
f 1371 1429 1430
f 1372 1428 1369
f 1372 1431 1428
f 1430 1373 1371
f 1432 1373 1430
f 1434 1433 1374
f 1434 1374 1375
f 1372 1374 1431
f 1431 1374 1433
f 1432 1435 1373
f 1373 1435 1376
f 1376 1436 1377
f 1435 1436 1376
f 1375 1377 1434
f 1434 1377 1436
f 1437 1380 1381
f 1382 1438 1381
f 1381 1438 1437
f 1384 1438 1382
f 1439 1386 1437
f 1437 1386 1380
f 1440 1437 1438
f 1439 1437 1440
f 1388 1440 1384
f 1384 1440 1438
f 1441 1389 1390
f 1442 1441 1390
f 1442 1390 1386
f 1443 1442 1386
f 1439 1443 1386
f 1443 1439 1440
f 1443 1440 1444
f 1446 1444 1445
f 1445 1444 1391
f 1444 1440 1391
f 1440 1388 1391
f 1392 1445 1391
f 1447 1393 1441
f 1441 1393 1389
f 1441 1442 1448
f 1441 1448 1447
f 1446 1445 1449
f 1446 1449 1450
f 1394 1449 1392
f 1392 1449 1445
f 1452 1451 1447
f 1451 1393 1447
f 1451 1395 1393
f 1452 1447 1448
f 1453 1450 1449
f 1449 1394 1453
f 1394 1454 1453
f 1394 1396 1454
f 1451 1397 1395
f 1455 1397 1451
f 1398 1457 1456
f 1454 1398 1456
f 1396 1398 1454
f 1457 1458 1456
f 1460 1400 1459
f 1400 1455 1459
f 1400 1397 1455
f 1461 1460 1459
f 1401 1457 1398
f 1401 1403 1457
f 1403 1458 1457
f 1403 1462 1458
f 1460 1404 1400
f 1405 1404 1460
f 1461 1405 1460
f 1463 1405 1461
f 1407 1462 1403
f 1407 1464 1462
f 1408 1405 1465
f 1405 1466 1465
f 1405 1463 1466
f 1465 1410 1408
f 1412 1467 1413
f 1467 1468 1413
f 1468 1407 1413
f 1468 1464 1407
f 1466 1469 1465
f 1465 1469 1410
f 1469 1414 1410
f 1469 1470 1414
f 1470 1472 1471
f 1415 1470 1471
f 1414 1470 1415
f 1471 1473 1415
f 1415 1473 1412
f 1473 1474 1412
f 1474 1467 1412
f 1467 1474 1468
f 1472 1475 1471
f 1471 1475 1473
f 1477 1476 1417
f 1417 1476 1416
f 1478 1417 1418
f 1478 1477 1417
f 1418 1419 1478
f 1478 1419 1479
f 1481 1480 1422
f 1422 1480 1421
f 1422 1416 1476
f 1422 1476 1481
f 1482 1479 1419
f 1482 1419 1423
f 1423 1424 1482
f 1482 1424 1483
f 1480 1425 1421
f 1484 1425 1480
f 1426 1483 1424
f 1426 1485 1483
f 1484 1427 1425
f 1486 1427 1484
f 1428 1485 1426
f 1428 1487 1485
f 1486 1488 1427
f 1427 1488 1429
f 1430 1429 1488
f 1430 1488 1489
f 1492 1491 1490
f 1491 1487 1490
f 1487 1431 1490
f 1487 1428 1431
f 1489 1432 1430
f 1493 1432 1489
f 1492 1490 1433
f 1434 1492 1433
f 1494 1492 1434
f 1433 1490 1431
f 1493 1495 1432
f 1432 1495 1435
f 1435 1496 1436
f 1495 1496 1435
f 1434 1436 1494
f 1494 1436 1496
f 1497 1442 1443
f 1444 1498 1443
f 1443 1498 1497
f 1446 1498 1444
f 1500 1499 1497
f 1499 1442 1497
f 1499 1448 1442
f 1500 1497 1498
f 1500 1498 1501
f 1498 1446 1501
f 1446 1502 1501
f 1446 1450 1502
f 1503 1451 1452
f 1504 1503 1452
f 1448 1504 1452
f 1499 1504 1448
f 1505 1502 1450
f 1505 1450 1453
f 1453 1454 1505
f 1505 1454 1506
f 1507 1455 1503
f 1503 1455 1451
f 1503 1504 1508
f 1503 1508 1507
f 1509 1506 1454
f 1509 1454 1456
f 1511 1510 1458
f 1510 1456 1458
f 1510 1509 1456
f 1511 1512 1510
f 1507 1459 1455
f 1461 1459 1507
f 1508 1461 1507
f 1513 1461 1508
f 1462 1514 1511
f 1462 1511 1458
f 1512 1511 1515
f 1515 1511 1514
f 1513 1463 1461
f 1516 1463 1513
f 1464 1517 1514
f 1464 1514 1462
f 1515 1514 1518
f 1518 1514 1517
f 1520 1466 1519
f 1466 1516 1519
f 1466 1463 1516
f 1521 1520 1519
f 1468 1522 1517
f 1468 1517 1464
f 1518 1517 1523
f 1523 1517 1522
f 1520 1469 1466
f 1470 1469 1520
f 1524 1470 1520
f 1521 1524 1520
f 1525 1470 1524
f 1525 1472 1470
f 1473 1526 1474
f 1522 1468 1474
f 1526 1522 1474
f 1527 1522 1526
f 1523 1522 1528
f 1528 1522 1527
f 1524 1529 1525
f 1525 1529 1472
f 1529 1475 1472
f 1529 1530 1475
f 1473 1475 1526
f 1475 1531 1526
f 1475 1530 1531
f 1526 1531 1527
f 1527 1531 1532
f 1527 1532 1528
f 1535 1534 1533
f 1533 1536 1535
f 1538 1537 1477
f 1477 1537 1476
f 1478 1533 1534
f 1538 1478 1534
f 1477 1478 1538
f 1540 1539 1479
f 1479 1539 1478
f 1539 1536 1478
f 1536 1533 1478
f 1540 1541 1539
f 1543 1542 1481
f 1481 1542 1480
f 1481 1476 1537
f 1481 1537 1543
f 1482 1540 1479
f 1482 1483 1540
f 1483 1541 1540
f 1483 1544 1541
f 1542 1484 1480
f 1545 1484 1542
f 1485 1544 1483
f 1485 1546 1544
f 1545 1486 1484
f 1547 1486 1545
f 1487 1546 1485
f 1487 1548 1546
f 1547 1549 1486
f 1486 1549 1488
f 1489 1488 1549
f 1489 1549 1550
f 1552 1551 1491
f 1552 1491 1492
f 1487 1491 1548
f 1548 1491 1551
f 1554 1493 1553
f 1493 1550 1553
f 1493 1489 1550
f 1556 1555 1554
f 1556 1554 1553
f 1556 1552 1555
f 1552 1494 1555
f 1552 1492 1494
f 1554 1495 1493
f 1495 1554 1496
f 1496 1554 1555
f 1496 1555 1494
f 1557 1499 1500
f 1501 1558 1500
f 1500 1558 1557
f 1502 1558 1501
f 1559 1504 1557
f 1557 1504 1499
f 1558 1561 1560
f 1559 1558 1560
f 1557 1558 1559
f 1561 1558 1502
f 1505 1561 1502
f 1562 1561 1505
f 1505 1506 1562
f 1562 1506 1563
f 1565 1564 1559
f 1564 1504 1559
f 1564 1508 1504
f 1565 1559 1560
f 1566 1563 1506
f 1566 1506 1509
f 1567 1509 1510
f 1567 1566 1509
f 1510 1512 1567
f 1567 1512 1568
f 1564 1513 1508
f 1569 1513 1564
f 1515 1571 1570
f 1568 1515 1570
f 1512 1515 1568
f 1571 1572 1570
f 1569 1516 1513
f 1573 1516 1569
f 1518 1574 1571
f 1518 1571 1515
f 1572 1571 1575
f 1575 1571 1574
f 1573 1576 1516
f 1516 1576 1519
f 1521 1519 1576
f 1521 1576 1577
f 1523 1578 1574
f 1523 1574 1518
f 1575 1574 1579
f 1579 1574 1578
f 1581 1524 1580
f 1524 1577 1580
f 1524 1521 1577
f 1582 1581 1580
f 1528 1583 1578
f 1528 1578 1523
f 1579 1578 1584
f 1584 1578 1583
f 1581 1529 1524
f 1582 1585 1581
f 1585 1529 1581
f 1585 1530 1529
f 1530 1586 1531
f 1585 1586 1530
f 1531 1587 1532
f 1586 1587 1531
f 1528 1532 1583
f 1532 1588 1583
f 1532 1587 1588
f 1583 1588 1584
f 1591 1590 1589
f 1534 1535 1589
f 1535 1591 1589
f 1535 1592 1591
f 1594 1593 1536
f 1593 1535 1536
f 1593 1592 1535
f 1596 1595 1594
f 1594 1595 1593
f 1596 1597 1595
f 1589 1590 1538
f 1590 1537 1538
f 1590 1598 1537
f 1589 1538 1534
f 1539 1594 1536
f 1594 1539 1541
f 1599 1594 1541
f 1596 1594 1599
f 1597 1596 1600
f 1600 1596 1599
f 1602 1601 1543
f 1543 1601 1542
f 1543 1537 1598
f 1543 1598 1602
f 1544 1603 1599
f 1544 1599 1541
f 1600 1599 1604
f 1604 1599 1603
f 1601 1545 1542
f 1605 1545 1601
f 1607 1606 1603
f 1544 1607 1603
f 1546 1607 1544
f 1603 1606 1604
f 1605 1547 1545
f 1608 1547 1605
f 1548 1607 1546
f 1548 1609 1607
f 1608 1610 1547
f 1547 1610 1549
f 1550 1549 1610
f 1550 1610 1611
f 1613 1612 1551
f 1613 1551 1552
f 1548 1551 1609
f 1609 1551 1612
f 1611 1614 1550
f 1550 1614 1553
f 1553 1615 1556
f 1614 1615 1553
f 1552 1556 1613
f 1613 1556 1615
f 1616 1560 1561
f 1562 1617 1561
f 1561 1617 1616
f 1563 1617 1562
f 1618 1564 1565
f 1619 1618 1565
f 1619 1565 1560
f 1620 1619 1560
f 1616 1620 1560
f 1620 1616 1617
f 1620 1617 1621
f 1621 1617 1563
f 1566 1621 1563
f 1622 1621 1566
f 1623 1566 1567
f 1623 1622 1566
f 1625 1624 1568
f 1624 1567 1568
f 1624 1623 1567
f 1625 1626 1624
f 1627 1569 1618
f 1618 1569 1564
f 1618 1619 1628
f 1618 1628 1627
f 1570 1625 1568
f 1630 1629 1572
f 1572 1629 1570
f 1629 1626 1570
f 1626 1625 1570
f 1630 1631 1629
f 1632 1573 1627
f 1627 1573 1569
f 1627 1628 1633
f 1627 1633 1632
f 1575 1634 1630
f 1575 1630 1572
f 1631 1630 1635
f 1635 1630 1634
f 1632 1576 1573
f 1577 1576 1632
f 1633 1577 1632
f 1636 1577 1633
f 1579 1637 1634
f 1579 1634 1575
f 1635 1634 1638
f 1638 1634 1637
f 1636 1639 1577
f 1577 1639 1580
f 1582 1580 1639
f 1582 1639 1640
f 1584 1641 1637
f 1584 1637 1579
f 1638 1637 1642
f 1642 1637 1641
f 1640 1643 1582
f 1582 1643 1585
f 1585 1644 1586
f 1643 1644 1585
f 1586 1645 1587
f 1644 1645 1586
f 1587 1646 1588
f 1645 1646 1587
f 1584 1588 1641
f 1588 1647 1641
f 1588 1646 1647
f 1641 1647 1642
f 1650 1649 1648
f 1652 1651 1648
f 1648 1651 1650
f 1654 1653 1652
f 1652 1653 1651
f 1654 1655 1653
f 1657 1656 1591
f 1591 1656 1590
f 1592 1648 1649
f 1657 1592 1649
f 1591 1592 1657
f 1648 1592 1593
f 1648 1593 1652
f 1652 1593 1595
f 1652 1595 1654
f 1659 1658 1597
f 1597 1658 1595
f 1658 1655 1595
f 1655 1654 1595
f 1659 1660 1658
f 1656 1598 1590
f 1661 1598 1656
f 1663 1662 1659
f 1597 1663 1659
f 1600 1663 1597
f 1659 1662 1660
f 1664 1601 1602
f 1665 1664 1602
f 1598 1665 1602
f 1661 1665 1598
f 1604 1663 1600
f 1604 1666 1663
f 1667 1605 1664
f 1664 1605 1601
f 1664 1665 1668
f 1664 1668 1667
f 1607 1669 1606
f 1669 1670 1606
f 1670 1604 1606
f 1670 1666 1604
f 1671 1608 1667
f 1667 1608 1605
f 1667 1668 1672
f 1667 1672 1671
f 1674 1673 1669
f 1607 1674 1669
f 1609 1674 1607
f 1669 1673 1670
f 1671 1610 1608
f 1611 1610 1671
f 1672 1611 1671
f 1675 1611 1672
f 1677 1676 1612
f 1677 1612 1613
f 1609 1612 1674
f 1674 1612 1676
f 1675 1678 1611
f 1611 1678 1614
f 1614 1679 1615
f 1678 1679 1614
f 1613 1615 1677
f 1677 1615 1679
f 1680 1619 1620
f 1621 1681 1620
f 1620 1681 1680
f 1681 1621 1682
f 1621 1683 1682
f 1621 1622 1683
f 1684 1622 1623
f 1684 1683 1622
f 1685 1623 1624
f 1685 1684 1623
f 1687 1686 1626
f 1686 1624 1626
f 1686 1685 1624
f 1687 1688 1686
f 1689 1628 1680
f 1680 1628 1619
f 1681 1691 1690
f 1689 1681 1690
f 1680 1681 1689
f 1691 1681 1682
f 1629 1687 1626
f 1693 1692 1631
f 1631 1692 1629
f 1692 1688 1629
f 1688 1687 1629
f 1693 1694 1692
f 1695 1633 1689
f 1689 1633 1628
f 1689 1690 1696
f 1689 1696 1695
f 1635 1697 1693
f 1635 1693 1631
f 1694 1693 1698
f 1698 1693 1697
f 1699 1636 1695
f 1695 1636 1633
f 1695 1696 1700
f 1695 1700 1699
f 1638 1701 1697
f 1638 1697 1635
f 1698 1697 1702
f 1702 1697 1701
f 1699 1639 1636
f 1704 1703 1640
f 1704 1640 1639
f 1700 1704 1639
f 1699 1700 1639
f 1705 1703 1704
f 1642 1706 1701
f 1642 1701 1638
f 1702 1701 1707
f 1707 1701 1706
f 1703 1643 1640
f 1705 1708 1703
f 1708 1643 1703
f 1708 1644 1643
f 1708 1710 1709
f 1645 1708 1709
f 1644 1708 1645
f 1711 1646 1645
f 1711 1645 1709
f 1646 1711 1712
f 1713 1646 1712
f 1647 1646 1713
f 1642 1647 1706
f 1647 1714 1706
f 1647 1713 1714
f 1706 1714 1707
f 1710 1715 1709
f 1709 1715 1711
f 1711 1715 1716
f 1711 1716 1712
f 1719 1718 1717
f 1721 1720 1717
f 1717 1720 1719
f 1723 1722 1721
f 1721 1722 1720
f 1723 1724 1722
f 1726 1725 1650
f 1650 1725 1649
f 1651 1717 1718
f 1726 1651 1718
f 1650 1651 1726
f 1717 1651 1653
f 1717 1653 1721
f 1721 1653 1655
f 1727 1721 1655
f 1723 1721 1727
f 1724 1723 1728
f 1728 1723 1727
f 1730 1729 1657
f 1657 1729 1656
f 1657 1649 1725
f 1657 1725 1730
f 1658 1727 1655
f 1658 1660 1727
f 1660 1728 1727
f 1660 1731 1728
f 1729 1661 1656
f 1732 1661 1729
f 1663 1733 1662
f 1733 1734 1662
f 1734 1660 1662
f 1734 1731 1660
f 1732 1665 1661
f 1735 1665 1732
f 1666 1736 1733
f 1666 1733 1663
f 1734 1733 1737
f 1737 1733 1736
f 1735 1668 1665
f 1738 1668 1735
f 1740 1739 1736
f 1666 1740 1736
f 1670 1740 1666
f 1736 1739 1737
f 1738 1672 1668
f 1741 1672 1738
f 1743 1742 1673
f 1743 1673 1674
f 1670 1673 1740
f 1740 1673 1742
f 1745 1675 1744
f 1675 1741 1744
f 1675 1672 1741
f 1747 1746 1745
f 1747 1745 1744
f 1676 1677 1746
f 1747 1676 1746
f 1748 1676 1747
f 1674 1676 1743
f 1743 1676 1748
f 1745 1678 1675
f 1678 1745 1679
f 1679 1745 1746
f 1679 1746 1677
f 1749 1682 1683
f 1749 1683 1750
f 1683 1751 1750
f 1683 1684 1751
f 1752 1684 1685
f 1752 1751 1684
f 1753 1685 1686
f 1753 1752 1685
f 1755 1754 1688
f 1754 1686 1688
f 1754 1753 1686
f 1755 1756 1754
f 1757 1690 1691
f 1758 1757 1691
f 1758 1691 1682
f 1759 1758 1682
f 1749 1759 1682
f 1759 1749 1750
f 1692 1755 1688
f 1692 1694 1755
f 1694 1756 1755
f 1694 1760 1756
f 1761 1696 1757
f 1757 1696 1690
f 1757 1758 1762
f 1757 1762 1761
f 1698 1764 1763
f 1760 1698 1763
f 1694 1698 1760
f 1764 1765 1763
f 1766 1700 1761
f 1761 1700 1696
f 1761 1762 1767
f 1761 1767 1766
f 1702 1768 1764
f 1702 1764 1698
f 1765 1764 1769
f 1769 1764 1768
f 1766 1704 1700
f 1705 1704 1766
f 1767 1705 1766
f 1770 1705 1767
f 1772 1771 1768
f 1702 1772 1768
f 1707 1772 1702
f 1768 1771 1769
f 1770 1773 1705
f 1705 1773 1708
f 1775 1774 1710
f 1708 1775 1710
f 1773 1775 1708
f 1776 1774 1775
f 1712 1777 1713
f 1713 1777 1778
f 1779 1713 1778
f 1714 1713 1779
f 1707 1714 1772
f 1772 1714 1779
f 1774 1715 1710
f 1776 1780 1774
f 1780 1715 1774
f 1780 1716 1715
f 1712 1716 1777
f 1716 1781 1777
f 1716 1780 1781
f 1777 1781 1778
f 1784 1783 1782
f 1786 1785 1782
f 1782 1785 1784
f 1786 1787 1785
f 1782 1783 1788
f 1788 1783 1789
f 1782 1790 1786
f 1782 1788 1790
f 1787 1786 1791
f 1791 1786 1790
f 1788 1789 1792
f 1792 1789 1793
f 1788 1794 1790
f 1788 1792 1794
f 1791 1790 1795
f 1795 1790 1794
f 1793 1796 1792
f 1792 1796 1794
f 1794 1796 1797
f 1794 1797 1795
f 1800 1799 1798
f 1802 1801 1798
f 1798 1801 1800
f 1804 1803 1802
f 1802 1803 1801
f 1804 1805 1803
f 1807 1806 1719
f 1719 1806 1718
f 1720 1798 1799
f 1807 1720 1799
f 1719 1720 1807
f 1798 1720 1722
f 1798 1722 1802
f 1802 1722 1724
f 1808 1802 1724
f 1804 1802 1808
f 1805 1804 1809
f 1809 1804 1808
f 1811 1810 1726
f 1726 1810 1725
f 1726 1718 1806
f 1726 1806 1811
f 1728 1812 1808
f 1728 1808 1724
f 1809 1808 1813
f 1813 1808 1812
f 1814 1729 1730
f 1815 1814 1730
f 1725 1815 1730
f 1810 1815 1725
f 1731 1816 1812
f 1731 1812 1728
f 1813 1812 1817
f 1817 1812 1816
f 1818 1732 1814
f 1814 1732 1729
f 1814 1815 1819
f 1814 1819 1818
f 1821 1820 1816
f 1731 1821 1816
f 1734 1821 1731
f 1816 1820 1817
f 1823 1822 1818
f 1822 1732 1818
f 1822 1735 1732
f 1823 1818 1819
f 1737 1821 1734
f 1737 1824 1821
f 1826 1738 1825
f 1738 1822 1825
f 1738 1735 1822
f 1827 1826 1825
f 1829 1828 1739
f 1829 1739 1740
f 1737 1739 1824
f 1824 1739 1828
f 1830 1741 1826
f 1826 1741 1738
f 1826 1827 1831
f 1832 1826 1831
f 1830 1826 1832
f 1834 1833 1832
f 1834 1832 1831
f 1742 1743 1833
f 1834 1742 1833
f 1835 1742 1834
f 1740 1742 1829
f 1829 1742 1835
f 1830 1744 1741
f 1744 1830 1747
f 1747 1830 1832
f 1747 1832 1748
f 1748 1832 1833
f 1748 1833 1743
f 1836 1750 1751
f 1836 1751 1837
f 1751 1838 1837
f 1751 1752 1838
f 1839 1752 1753
f 1839 1838 1752
f 1840 1753 1754
f 1840 1839 1753
f 1754 1756 1840
f 1840 1756 1841
f 1842 1758 1759
f 1843 1842 1759
f 1843 1759 1750
f 1844 1843 1750
f 1836 1844 1750
f 1844 1836 1837
f 1760 1846 1845
f 1841 1760 1845
f 1756 1760 1841
f 1846 1847 1845
f 1848 1762 1842
f 1842 1762 1758
f 1842 1843 1849
f 1842 1849 1848
f 1763 1846 1760
f 1763 1765 1846
f 1765 1847 1846
f 1765 1850 1847
f 1851 1767 1848
f 1848 1767 1762
f 1848 1849 1852
f 1848 1852 1851
f 1769 1850 1765
f 1769 1853 1850
f 1854 1770 1851
f 1851 1770 1767
f 1851 1852 1855
f 1851 1855 1854
f 1772 1856 1771
f 1856 1857 1771
f 1857 1769 1771
f 1857 1853 1769
f 1854 1773 1770
f 1855 1858 1854
f 1858 1773 1854
f 1858 1775 1773
f 1860 1859 1776
f 1775 1860 1776
f 1858 1860 1775
f 1861 1859 1860
f 1778 1862 1779
f 1862 1863 1779
f 1779 1863 1772
f 1863 1864 1772
f 1864 1856 1772
f 1856 1864 1857
f 1859 1780 1776
f 1861 1865 1859
f 1865 1780 1859
f 1865 1781 1780
f 1778 1781 1862
f 1781 1866 1862
f 1781 1865 1866
f 1862 1866 1863
f 1869 1868 1867
f 1783 1784 1867
f 1784 1869 1867
f 1784 1870 1869
f 1871 1784 1785
f 1871 1870 1784
f 1873 1872 1787
f 1872 1785 1787
f 1872 1871 1785
f 1873 1874 1872
f 1867 1868 1875
f 1875 1868 1876
f 1875 1789 1783
f 1875 1783 1867
f 1791 1877 1873
f 1791 1873 1787
f 1874 1873 1878
f 1878 1873 1877
f 1875 1876 1879
f 1879 1876 1880
f 1879 1793 1789
f 1879 1789 1875
f 1882 1881 1877
f 1791 1882 1877
f 1795 1882 1791
f 1877 1881 1878
f 1879 1880 1883
f 1883 1880 1884
f 1885 1796 1793
f 1879 1885 1793
f 1883 1885 1879
f 1886 1797 1796
f 1886 1796 1885
f 1886 1887 1797
f 1887 1795 1797
f 1887 1882 1795
f 1883 1884 1888
f 1888 1884 1889
f 1883 1890 1885
f 1883 1888 1890
f 1885 1891 1886
f 1885 1890 1891
f 1887 1886 1892
f 1892 1886 1891
f 1889 1893 1888
f 1895 1894 1893
f 1894 1888 1893
f 1894 1890 1888
f 1897 1891 1896
f 1891 1894 1896
f 1891 1890 1894
f 1891 1897 1892
f 1895 1898 1894
f 1894 1898 1896
f 1901 1900 1899
f 1903 1902 1899
f 1899 1902 1901
f 1903 1904 1902
f 1906 1905 1800
f 1800 1905 1799
f 1801 1899 1900
f 1906 1801 1900
f 1800 1801 1906
f 1899 1801 1803
f 1899 1803 1903
f 1803 1805 1903
f 1805 1904 1903
f 1805 1907 1904
f 1909 1908 1807
f 1807 1908 1806
f 1807 1799 1905
f 1807 1905 1909
f 1809 1907 1805
f 1809 1910 1907
f 1911 1810 1811
f 1912 1911 1811
f 1806 1912 1811
f 1908 1912 1806
f 1813 1910 1809
f 1813 1913 1910
f 1915 1914 1911
f 1914 1810 1911
f 1914 1815 1810
f 1915 1911 1912
f 1817 1913 1813
f 1817 1916 1913
f 1914 1819 1815
f 1917 1819 1914
f 1821 1918 1820
f 1918 1919 1820
f 1919 1817 1820
f 1919 1916 1817
f 1920 1822 1823
f 1921 1920 1823
f 1819 1921 1823
f 1917 1921 1819
f 1923 1922 1918
f 1821 1923 1918
f 1824 1923 1821
f 1918 1922 1919
f 1920 1825 1822
f 1925 1924 1827
f 1925 1827 1825
f 1921 1925 1825
f 1920 1921 1825
f 1926 1924 1925
f 1929 1928 1927
f 1828 1829 1927
f 1928 1828 1927
f 1930 1828 1928
f 1824 1828 1923
f 1923 1828 1930
f 1924 1831 1827
f 1926 1931 1924
f 1931 1831 1924
f 1931 1834 1831
f 1927 1835 1929
f 1835 1931 1929
f 1835 1834 1931
f 1835 1927 1829
f 1932 1837 1838
f 1932 1838 1933
f 1838 1934 1933
f 1838 1839 1934
f 1935 1839 1840
f 1935 1934 1839
f 1937 1936 1841
f 1936 1840 1841
f 1936 1935 1840
f 1937 1938 1936
f 1939 1843 1844
f 1940 1939 1844
f 1940 1844 1837
f 1941 1940 1837
f 1932 1941 1837
f 1941 1932 1933
f 1845 1937 1841
f 1845 1847 1937
f 1847 1938 1937
f 1847 1942 1938
f 1943 1849 1939
f 1939 1849 1843
f 1939 1940 1944
f 1939 1944 1943
f 1850 1946 1945
f 1942 1850 1945
f 1847 1850 1942
f 1946 1947 1945
f 1948 1852 1943
f 1943 1852 1849
f 1943 1944 1949
f 1943 1949 1948
f 1853 1950 1946
f 1853 1946 1850
f 1947 1946 1951
f 1951 1946 1950
f 1952 1855 1948
f 1948 1855 1852
f 1948 1949 1953
f 1948 1953 1952
f 1955 1954 1950
f 1853 1955 1950
f 1857 1955 1853
f 1950 1954 1951
f 1952 1858 1855
f 1953 1956 1952
f 1956 1858 1952
f 1956 1860 1858
f 1861 1860 1956
f 1861 1956 1957
f 1959 1958 1864
f 1959 1864 1863
f 1857 1864 1955
f 1955 1864 1958
f 1957 1960 1861
f 1861 1960 1865
f 1865 1961 1866
f 1960 1961 1865
f 1863 1866 1959
f 1959 1866 1961
f 1963 1962 1869
f 1869 1962 1868
f 1964 1869 1870
f 1964 1963 1869
f 1965 1870 1871
f 1965 1964 1870
f 1966 1871 1872
f 1966 1965 1871
f 1872 1874 1966
f 1966 1874 1967
f 1962 1876 1868
f 1968 1876 1962
f 1878 1967 1874
f 1878 1969 1967
f 1968 1880 1876
f 1970 1880 1968
f 1882 1971 1881
f 1971 1972 1881
f 1972 1878 1881
f 1972 1969 1878
f 1970 1884 1880
f 1973 1884 1970
f 1975 1974 1971
f 1882 1975 1971
f 1887 1975 1882
f 1971 1974 1972
f 1973 1889 1884
f 1976 1889 1973
f 1892 1975 1887
f 1892 1977 1975
f 1893 1889 1978
f 1889 1979 1978
f 1889 1976 1979
f 1978 1895 1893
f 1896 1980 1897
f 1980 1981 1897
f 1981 1892 1897
f 1981 1977 1892
f 1978 1979 1982
f 1982 1979 1983
f 1984 1898 1895
f 1978 1984 1895
f 1982 1984 1978
f 1984 1985 1898
f 1898 1985 1896
f 1985 1986 1896
f 1986 1980 1896
f 1980 1986 1981
f 1982 1983 1987
f 1987 1983 1988
f 1982 1989 1984
f 1982 1987 1989
f 1985 1984 1990
f 1990 1984 1989
f 1987 1988 1991
f 1991 1988 1992
f 1994 1989 1993
f 1989 1991 1993
f 1989 1987 1991
f 1989 1994 1990
f 1992 1995 1991
f 1991 1995 1993
f 1998 1997 1996
f 2000 1999 1996
f 1996 1999 1998
f 2000 2001 1999
f 1996 1997 1901
f 1997 1900 1901
f 1997 2002 1900
f 1996 1901 1902
f 1996 1902 2000
f 1902 1904 2000
f 1904 2001 2000
f 1904 2003 2001
f 2005 2004 1906
f 1906 2004 1905
f 1906 1900 2002
f 1906 2002 2005
f 1907 2007 2006
f 2003 1907 2006
f 1904 1907 2003
f 2007 2008 2006
f 2009 1908 1909
f 2010 2009 1909
f 1905 2010 1909
f 2004 2010 1905
f 1910 2011 2007
f 1910 2007 1907
f 2008 2007 2012
f 2012 2007 2011
f 2014 2013 2009
f 2013 1908 2009
f 2013 1912 1908
f 2014 2009 2010
f 1913 2015 2011
f 1913 2011 1910
f 2012 2011 2016
f 2016 2011 2015
f 2017 1914 1915
f 2018 2017 1915
f 1912 2018 1915
f 2013 2018 1912
f 2020 2019 2015
f 1913 2020 2015
f 1916 2020 1913
f 2015 2019 2016
f 2021 1917 2017
f 2017 1917 1914
f 2017 2018 2022
f 2017 2022 2021
f 1919 2020 1916
f 1919 2023 2020
f 2024 1921 2021
f 2021 1921 1917
f 2021 2022 2025
f 2021 2025 2024
f 2027 2026 1922
f 2027 1922 1923
f 1919 1922 2023
f 2023 1922 2026
f 2024 1925 1921
f 2029 2028 1926
f 2029 1926 1925
f 2025 2029 1925
f 2024 2025 1925
f 1928 1929 2028
f 2029 1928 2028
f 2030 1928 2029
f 1928 2031 1930
f 2030 2031 1928
f 1923 1930 2027
f 2027 1930 2031
f 2028 1931 1926
f 1931 2028 1929
f 2032 1933 1934
f 2032 1934 2033
f 1934 2034 2033
f 1934 1935 2034
f 2035 1935 1936
f 2035 2034 1935
f 1936 1938 2035
f 2035 1938 2036
f 2037 1940 1941
f 2038 2037 1941
f 2038 1941 1933
f 2039 2038 1933
f 2032 2039 1933
f 2039 2032 2033
f 1942 2041 2040
f 2036 1942 2040
f 1938 1942 2036
f 2041 2042 2040
f 2044 2043 2037
f 2043 1940 2037
f 2043 1944 1940
f 2044 2037 2038
f 1945 2041 1942
f 1945 1947 2041
f 1947 2042 2041
f 1947 2045 2042
f 2047 1949 2046
f 1949 2043 2046
f 1949 1944 2043
f 2048 2047 2046
f 1951 2045 1947
f 1951 2049 2045
f 2050 1953 2047
f 2047 1953 1949
f 2047 2048 2051
f 2047 2051 2050
f 1955 2052 1954
f 2052 2053 1954
f 2053 1951 1954
f 2053 2049 1951
f 2050 1956 1953
f 2055 2054 1957
f 2055 1957 1956
f 2051 2055 1956
f 2050 2051 1956
f 2056 2054 2055
f 1959 2057 1958
f 2057 2058 1958
f 1958 2058 1955
f 2058 2059 1955
f 2059 2052 1955
f 2052 2059 2053
f 2054 1960 1957
f 2056 2060 2054
f 2060 1960 2054
f 2060 1961 1960
f 1959 1961 2057
f 1961 2061 2057
f 1961 2060 2061
f 2057 2061 2058
f 2064 2063 2062
f 2066 2065 2062
f 2062 2065 2064
f 2068 2067 2066
f 2066 2067 2065
f 2070 2069 2068
f 2068 2069 2067
f 2070 2071 2069
f 2062 2063 1963
f 2063 1962 1963
f 2063 2072 1962
f 2062 1963 1964
f 2062 1964 2066
f 2066 1964 1965
f 2066 1965 2068
f 2068 1965 1966
f 2068 1966 2070
f 1966 1967 2070
f 1967 2071 2070
f 1967 2073 2071
f 2072 1968 1962
f 2074 1968 2072
f 1969 2073 1967
f 1969 2075 2073
f 2074 1970 1968
f 2076 1970 2074
f 1972 2075 1969
f 1972 2077 2075
f 2076 1973 1970
f 2078 1973 2076
f 2080 2079 1974
f 2080 1974 1975
f 1972 1974 2077
f 2077 1974 2079
f 2078 1976 1973
f 2081 1976 2078
f 1977 2080 1975
f 1977 2082 2080
f 2085 2084 2083
f 2081 2085 2083
f 1979 2081 2083
f 1976 2081 1979
f 1981 2082 1977
f 1981 2086 2082
f 2083 2084 2087
f 2087 2084 2088
f 2087 1983 1979
f 2087 1979 2083
f 1985 2089 1986
f 2089 2090 1986
f 2090 1981 1986
f 2090 2086 1981
f 2087 2088 2091
f 2091 2088 2092
f 2091 1988 1983
f 2091 1983 2087
f 2094 2093 2089
f 1985 2094 2089
f 1990 2094 1985
f 2089 2093 2090
f 2091 2092 2095
f 2095 2092 2096
f 2095 1992 1988
f 2095 1988 2091
f 1993 2097 1994
f 2097 2098 1994
f 2098 1990 1994
f 2098 2094 1990
f 2095 2096 2099
f 2099 2096 2100
f 2101 1995 1992
f 2095 2101 1992
f 2099 2101 2095
f 2097 1993 1995
f 2101 2097 1995
f 2102 2097 2101
f 2098 2097 2103
f 2103 2097 2102
f 2099 2100 2104
f 2104 2100 2105
f 2099 2106 2101
f 2099 2104 2106
f 2108 2102 2107
f 2102 2106 2107
f 2102 2101 2106
f 2102 2108 2103
f 2104 2105 2109
f 2109 2105 2110
f 2104 2111 2106
f 2104 2109 2111
f 2107 2106 2112
f 2112 2106 2111
f 2110 2113 2109
f 2109 2113 2111
f 2111 2113 2114
f 2111 2114 2112
f 2117 2116 2115
f 2115 2118 2117
f 2121 2120 2119
f 2121 2119 2116
f 2119 2115 2116
f 2119 2122 2115
f 2118 2115 2123
f 2123 2115 2122
f 2119 2120 2124
f 2124 2120 2125
f 2119 2126 2122
f 2119 2124 2126
f 2123 2122 2127
f 2127 2122 2126
f 2124 2125 2128
f 2128 2125 2129
f 2124 2130 2126
f 2124 2128 2130
f 2127 2126 2131
f 2131 2126 2130
f 2134 2133 2132
f 2134 2132 2129
f 2132 2128 2129
f 2132 2135 2128
f 2128 2136 2130
f 2128 2135 2136
f 2131 2130 2137
f 2137 2130 2136
f 2132 2133 1998
f 2133 1997 1998
f 2133 2138 1997
f 2132 1998 1999
f 2132 1999 2135
f 2135 1999 2001
f 2139 2135 2001
f 2136 2135 2139
f 2137 2136 2140
f 2140 2136 2139
f 2138 2002 1997
f 2141 2002 2138
f 2003 2142 2139
f 2003 2139 2001
f 2140 2139 2143
f 2143 2139 2142
f 2145 2144 2005
f 2005 2144 2004
f 2005 2002 2141
f 2005 2141 2145
f 2006 2142 2003
f 2006 2008 2142
f 2008 2143 2142
f 2008 2146 2143
f 2144 2010 2004
f 2147 2010 2144
f 2012 2146 2008
f 2012 2148 2146
f 2149 2013 2014
f 2150 2149 2014
f 2010 2150 2014
f 2147 2150 2010
f 2016 2148 2012
f 2016 2151 2148
f 2152 2018 2149
f 2149 2018 2013
f 2149 2150 2153
f 2149 2153 2152
f 2155 2154 2019
f 2155 2019 2020
f 2016 2019 2151
f 2151 2019 2154
f 2156 2022 2152
f 2152 2022 2018
f 2152 2153 2157
f 2152 2157 2156
f 2023 2155 2020
f 2023 2158 2155
f 2159 2025 2156
f 2156 2025 2022
f 2156 2157 2160
f 2161 2156 2160
f 2159 2156 2161
f 2163 2162 2161
f 2163 2161 2160
f 2026 2027 2162
f 2163 2026 2162
f 2164 2026 2163
f 2023 2026 2158
f 2158 2026 2164
f 2159 2029 2025
f 2029 2159 2030
f 2030 2159 2161
f 2030 2161 2031
f 2031 2161 2162
f 2031 2162 2027
f 2166 2165 2034
f 2034 2165 2033
f 2167 2034 2035
f 2167 2166 2034
f 2035 2036 2167
f 2167 2036 2168
f 2170 2169 2039
f 2039 2169 2038
f 2039 2033 2165
f 2039 2165 2170
f 2171 2168 2036
f 2171 2036 2040
f 2040 2042 2171
f 2171 2042 2172
f 2173 2043 2044
f 2174 2173 2044
f 2038 2174 2044
f 2169 2174 2038
f 2045 2172 2042
f 2045 2175 2172
f 2173 2046 2043
f 2048 2046 2173
f 2174 2048 2173
f 2176 2048 2174
f 2049 2175 2045
f 2049 2177 2175
f 2179 2051 2178
f 2051 2176 2178
f 2051 2048 2176
f 2180 2179 2178
f 2053 2177 2049
f 2053 2181 2177
f 2179 2055 2051
f 2183 2182 2056
f 2183 2056 2055
f 2180 2183 2055
f 2179 2180 2055
f 2184 2182 2183
f 2186 2185 2059
f 2186 2059 2058
f 2053 2059 2181
f 2181 2059 2185
f 2182 2060 2056
f 2184 2187 2182
f 2187 2060 2182
f 2187 2061 2060
f 2058 2061 2186
f 2186 2061 2187
f 2188 2063 2064
f 2188 2064 2189
f 2064 2190 2189
f 2064 2065 2190
f 2191 2065 2067
f 2191 2190 2065
f 2193 2191 2192
f 2191 2069 2192
f 2191 2067 2069
f 2071 2192 2069
f 2195 2194 2188
f 2194 2063 2188
f 2194 2072 2063
f 2195 2188 2189
f 2193 2192 2196
f 2193 2196 2197
f 2073 2196 2071
f 2071 2196 2192
f 2194 2074 2072
f 2198 2074 2194
f 2197 2196 2199
f 2197 2199 2200
f 2075 2199 2073
f 2073 2199 2196
f 2198 2076 2074
f 2201 2076 2198
f 2200 2199 2202
f 2200 2202 2203
f 2077 2202 2075
f 2075 2202 2199
f 2201 2078 2076
f 2204 2078 2201
f 2203 2202 2079
f 2080 2203 2079
f 2205 2203 2080
f 2079 2202 2077
f 2208 2207 2206
f 2204 2208 2206
f 2081 2204 2206
f 2078 2204 2081
f 2082 2205 2080
f 2082 2209 2205
f 2206 2207 2085
f 2207 2084 2085
f 2207 2210 2084
f 2206 2085 2081
f 2086 2209 2082
f 2086 2211 2209
f 2210 2088 2084
f 2212 2088 2210
f 2090 2211 2086
f 2090 2213 2211
f 2212 2092 2088
f 2214 2092 2212
f 2094 2215 2093
f 2215 2216 2093
f 2216 2090 2093
f 2216 2213 2090
f 2214 2096 2092
f 2217 2096 2214
f 2219 2218 2215
f 2094 2219 2215
f 2098 2219 2094
f 2215 2218 2216
f 2222 2221 2220
f 2217 2222 2220
f 2100 2217 2220
f 2096 2217 2100
f 2103 2219 2098
f 2103 2223 2219
f 2220 2221 2224
f 2224 2221 2225
f 2224 2105 2100
f 2224 2100 2220
f 2107 2226 2108
f 2226 2227 2108
f 2227 2103 2108
f 2227 2223 2103
f 2224 2225 2228
f 2228 2225 2229
f 2228 2110 2105
f 2228 2105 2224
f 2231 2230 2226
f 2107 2231 2226
f 2112 2231 2107
f 2226 2230 2227
f 2228 2229 2232
f 2232 2229 2233
f 2234 2113 2110
f 2228 2234 2110
f 2232 2234 2228
f 2235 2114 2113
f 2235 2113 2234
f 2235 2236 2114
f 2236 2112 2114
f 2236 2231 2112
f 2232 2233 2237
f 2237 2233 2238
f 2237 2116 2117
f 2234 2237 2117
f 2232 2237 2234
f 2234 2117 2118
f 2239 2234 2118
f 2235 2234 2239
f 2236 2235 2240
f 2240 2235 2239
f 2237 2238 2121
f 2238 2120 2121
f 2238 2241 2120
f 2237 2121 2116
f 2123 2242 2239
f 2123 2239 2118
f 2240 2239 2243
f 2243 2239 2242
f 2246 2245 2244
f 2241 2246 2244
f 2125 2241 2244
f 2120 2241 2125
f 2127 2247 2242
f 2127 2242 2123
f 2243 2242 2248
f 2248 2242 2247
f 2244 2245 2249
f 2249 2245 2250
f 2249 2129 2125
f 2249 2125 2244
f 2131 2251 2247
f 2131 2247 2127
f 2248 2247 2252
f 2252 2247 2251
f 2249 2250 2134
f 2250 2133 2134
f 2250 2253 2133
f 2249 2134 2129
f 2255 2254 2251
f 2131 2255 2251
f 2137 2255 2131
f 2251 2254 2252
f 2253 2138 2133
f 2256 2138 2253
f 2140 2255 2137
f 2140 2257 2255
f 2260 2259 2258
f 2256 2260 2258
f 2141 2256 2258
f 2138 2256 2141
f 2143 2257 2140
f 2143 2261 2257
f 2258 2259 2145
f 2259 2144 2145
f 2259 2262 2144
f 2258 2145 2141
f 2146 2261 2143
f 2146 2263 2261
f 2262 2147 2144
f 2264 2147 2262
f 2148 2263 2146
f 2148 2265 2263
f 2264 2150 2147
f 2266 2150 2264
f 2151 2265 2148
f 2151 2267 2265
f 2269 2153 2268
f 2153 2266 2268
f 2153 2150 2266
f 2270 2269 2268
f 2272 2271 2154
f 2272 2154 2155
f 2151 2154 2267
f 2267 2154 2271
f 2273 2157 2269
f 2269 2157 2153
f 2269 2270 2274
f 2275 2269 2274
f 2273 2269 2275
f 2277 2276 2275
f 2277 2275 2274
f 2277 2272 2276
f 2272 2158 2276
f 2272 2155 2158
f 2273 2160 2157
f 2160 2273 2163
f 2163 2273 2275
f 2163 2275 2164
f 2164 2275 2276
f 2164 2276 2158
f 2278 2165 2166
f 2278 2166 2279
f 2166 2280 2279
f 2166 2167 2280
f 2167 2168 2280
f 2280 2168 2281
f 2282 2169 2170
f 2283 2282 2170
f 2283 2170 2165
f 2284 2283 2165
f 2278 2284 2165
f 2284 2278 2279
f 2285 2281 2168
f 2285 2168 2171
f 2171 2172 2285
f 2285 2172 2286
f 2287 2174 2282
f 2282 2174 2169
f 2282 2283 2288
f 2282 2288 2287
f 2175 2286 2172
f 2175 2289 2286
f 2290 2176 2287
f 2287 2176 2174
f 2287 2288 2291
f 2287 2291 2290
f 2177 2289 2175
f 2177 2292 2289
f 2290 2178 2176
f 2180 2178 2290
f 2291 2180 2290
f 2293 2180 2291
f 2181 2292 2177
f 2181 2294 2292
f 2293 2295 2180
f 2180 2295 2183
f 2184 2183 2295
f 2184 2295 2296
f 2298 2297 2185
f 2298 2185 2186
f 2181 2185 2294
f 2294 2185 2297
f 2296 2299 2184
f 2184 2299 2187
f 2186 2187 2298
f 2298 2187 2299
f 2300 2189 2190
f 2191 2301 2190
f 2190 2301 2300
f 2193 2301 2191
f 2302 2194 2195
f 2303 2302 2195
f 2303 2195 2189
f 2304 2303 2189
f 2300 2304 2189
f 2304 2300 2301
f 2304 2301 2305
f 2301 2193 2305
f 2193 2306 2305
f 2193 2197 2306
f 2307 2198 2302
f 2302 2198 2194
f 2302 2303 2308
f 2302 2308 2307
f 2200 2306 2197
f 2200 2309 2306
f 2311 2310 2307
f 2310 2198 2307
f 2310 2201 2198
f 2311 2307 2308
f 2203 2309 2200
f 2203 2312 2309
f 2310 2204 2201
f 2313 2204 2310
f 2205 2312 2203
f 2205 2314 2312
f 2315 2207 2208
f 2316 2315 2208
f 2204 2316 2208
f 2313 2316 2204
f 2209 2314 2205
f 2209 2317 2314
f 2319 2318 2315
f 2318 2207 2315
f 2318 2210 2207
f 2319 2315 2316
f 2211 2317 2209
f 2211 2320 2317
f 2318 2212 2210
f 2321 2212 2318
f 2213 2320 2211
f 2213 2322 2320
f 2321 2214 2212
f 2323 2214 2321
f 2326 2325 2324
f 2325 2322 2324
f 2322 2216 2324
f 2322 2213 2216
f 2323 2217 2214
f 2327 2217 2323
f 2326 2324 2218
f 2219 2326 2218
f 2328 2326 2219
f 2218 2324 2216
f 2330 2329 2222
f 2222 2329 2221
f 2222 2217 2327
f 2222 2327 2330
f 2223 2328 2219
f 2223 2331 2328
f 2329 2225 2221
f 2332 2225 2329
f 2227 2331 2223
f 2227 2333 2331
f 2332 2229 2225
f 2334 2229 2332
f 2231 2335 2230
f 2335 2336 2230
f 2336 2227 2230
f 2336 2333 2227
f 2334 2233 2229
f 2337 2233 2334
f 2339 2338 2335
f 2231 2339 2335
f 2236 2339 2231
f 2335 2338 2336
f 2337 2238 2233
f 2340 2238 2337
f 2240 2339 2236
f 2240 2341 2339
f 2344 2343 2342
f 2340 2344 2342
f 2241 2340 2342
f 2238 2340 2241
f 2243 2341 2240
f 2243 2345 2341
f 2342 2343 2246
f 2343 2245 2246
f 2343 2346 2245
f 2342 2246 2241
f 2248 2345 2243
f 2248 2347 2345
f 2346 2250 2245
f 2348 2250 2346
f 2252 2347 2248
f 2252 2349 2347
f 2348 2253 2250
f 2350 2253 2348
f 2255 2351 2254
f 2351 2352 2254
f 2352 2252 2254
f 2352 2349 2252
f 2350 2256 2253
f 2353 2256 2350
f 2355 2354 2351
f 2255 2355 2351
f 2257 2355 2255
f 2351 2354 2352
f 2356 2259 2260
f 2357 2356 2260
f 2256 2357 2260
f 2353 2357 2256
f 2261 2355 2257
f 2261 2358 2355
f 2360 2359 2356
f 2359 2259 2356
f 2359 2262 2259
f 2360 2356 2357
f 2263 2358 2261
f 2263 2361 2358
f 2363 2264 2362
f 2264 2359 2362
f 2264 2262 2359
f 2364 2363 2362
f 2265 2361 2263
f 2265 2365 2361
f 2366 2266 2363
f 2363 2266 2264
f 2363 2364 2367
f 2363 2367 2366
f 2370 2369 2368
f 2369 2365 2368
f 2365 2267 2368
f 2365 2265 2267
f 2366 2268 2266
f 2270 2268 2366
f 2367 2270 2366
f 2371 2270 2367
f 2370 2368 2271
f 2272 2370 2271
f 2372 2370 2272
f 2271 2368 2267
f 2371 2373 2270
f 2270 2373 2274
f 2274 2374 2277
f 2373 2374 2274
f 2272 2277 2372
f 2372 2277 2374
f 2376 2375 2280
f 2280 2375 2279
f 2280 2281 2376
f 2376 2281 2377
f 2379 2378 2284
f 2284 2378 2283
f 2284 2279 2375
f 2284 2375 2379
f 2380 2377 2281
f 2380 2281 2285
f 2285 2286 2380
f 2380 2286 2381
f 2378 2288 2283
f 2382 2288 2378
f 2289 2381 2286
f 2289 2383 2381
f 2382 2291 2288
f 2384 2291 2382
f 2292 2383 2289
f 2292 2385 2383
f 2384 2293 2291
f 2386 2293 2384
f 2294 2385 2292
f 2294 2387 2385
f 2295 2293 2388
f 2293 2389 2388
f 2293 2386 2389
f 2388 2296 2295
f 2391 2390 2297
f 2391 2297 2298
f 2294 2297 2387
f 2387 2297 2390
f 2389 2392 2388
f 2388 2392 2296
f 2392 2299 2296
f 2392 2393 2299
f 2298 2299 2391
f 2391 2299 2393
f 2394 2303 2304
f 2305 2395 2304
f 2304 2395 2394
f 2306 2395 2305
f 2396 2308 2394
f 2394 2308 2303
f 2397 2394 2395
f 2396 2394 2397
f 2309 2397 2306
f 2306 2397 2395
f 2398 2310 2311
f 2308 2396 2311
f 2396 2398 2311
f 2396 2399 2398
f 2400 2396 2397
f 2399 2396 2400
f 2312 2400 2309
f 2309 2400 2397
f 2401 2313 2398
f 2398 2313 2310
f 2399 2403 2402
f 2401 2399 2402
f 2398 2399 2401
f 2405 2404 2403
f 2399 2405 2403
f 2400 2405 2399
f 2314 2405 2312
f 2312 2405 2400
f 2407 2406 2401
f 2406 2313 2401
f 2406 2316 2313
f 2407 2401 2402
f 2404 2405 2408
f 2404 2408 2409
f 2317 2408 2314
f 2314 2408 2405
f 2410 2318 2319
f 2411 2410 2319
f 2316 2411 2319
f 2406 2411 2316
f 2409 2408 2412
f 2409 2412 2413
f 2320 2412 2317
f 2317 2412 2408
f 2415 2414 2410
f 2414 2318 2410
f 2414 2321 2318
f 2415 2410 2411
f 2413 2412 2416
f 2413 2416 2417
f 2322 2416 2320
f 2320 2416 2412
f 2414 2323 2321
f 2418 2323 2414
f 2417 2416 2325
f 2326 2417 2325
f 2419 2417 2326
f 2325 2416 2322
f 2418 2327 2323
f 2420 2327 2418
f 2328 2419 2326
f 2328 2421 2419
f 2423 2422 2330
f 2330 2422 2329
f 2330 2327 2420
f 2330 2420 2423
f 2331 2421 2328
f 2331 2424 2421
f 2422 2332 2329
f 2425 2332 2422
f 2333 2424 2331
f 2333 2426 2424
f 2425 2334 2332
f 2427 2334 2425
f 2336 2426 2333
f 2336 2428 2426
f 2427 2337 2334
f 2429 2337 2427
f 2431 2430 2338
f 2431 2338 2339
f 2336 2338 2428
f 2428 2338 2430
f 2429 2340 2337
f 2432 2340 2429
f 2341 2431 2339
f 2341 2433 2431
f 2435 2434 2344
f 2344 2434 2343
f 2344 2340 2432
f 2344 2432 2435
f 2345 2433 2341
f 2345 2436 2433
f 2434 2346 2343
f 2437 2346 2434
f 2347 2436 2345
f 2347 2438 2436
f 2437 2348 2346
f 2439 2348 2437
f 2349 2438 2347
f 2349 2440 2438
f 2439 2350 2348
f 2441 2350 2439
f 2352 2440 2349
f 2352 2442 2440
f 2441 2353 2350
f 2443 2353 2441
f 2445 2444 2354
f 2445 2354 2355
f 2352 2354 2442
f 2442 2354 2444
f 2443 2357 2353
f 2446 2357 2443
f 2358 2445 2355
f 2358 2447 2445
f 2448 2359 2360
f 2449 2448 2360
f 2357 2449 2360
f 2446 2449 2357
f 2361 2447 2358
f 2361 2450 2447
f 2448 2362 2359
f 2364 2362 2448
f 2449 2364 2448
f 2451 2364 2449
f 2454 2453 2452
f 2453 2450 2452
f 2450 2365 2452
f 2450 2361 2365
f 2456 2367 2455
f 2367 2451 2455
f 2367 2364 2451
f 2457 2456 2455
f 2454 2452 2369
f 2370 2454 2369
f 2458 2454 2370
f 2369 2452 2365
f 2459 2371 2456
f 2456 2371 2367
f 2456 2457 2460
f 2461 2456 2460
f 2459 2456 2461
f 2460 2458 2461
f 2458 2372 2461
f 2458 2370 2372
f 2459 2373 2371
f 2373 2459 2374
f 2374 2459 2461
f 2374 2461 2372
f 2463 2462 2376
f 2376 2462 2375
f 2376 2377 2463
f 2463 2377 2464
f 2466 2465 2379
f 2379 2465 2378
f 2379 2375 2462
f 2379 2462 2466
f 2467 2464 2377
f 2467 2377 2380
f 2380 2381 2467
f 2467 2381 2468
f 2465 2382 2378
f 2469 2382 2465
f 2383 2468 2381
f 2383 2470 2468
f 2469 2384 2382
f 2471 2384 2469
f 2385 2470 2383
f 2385 2472 2470
f 2471 2386 2384
f 2473 2386 2471
f 2387 2472 2385
f 2387 2474 2472
f 2473 2389 2386
f 2475 2389 2473
f 2477 2476 2390
f 2477 2390 2391
f 2387 2390 2474
f 2474 2390 2476
f 2475 2478 2389
f 2389 2478 2392
f 2392 2479 2393
f 2478 2479 2392
f 2391 2393 2477
f 2477 2393 2479
f 2480 2402 2403
f 2404 2480 2403
f 2481 2406 2407
f 2402 2480 2407
f 2480 2481 2407
f 2480 2482 2481
f 2409 2482 2404
f 2404 2482 2480
f 2483 2411 2481
f 2481 2411 2406
f 2484 2481 2482
f 2483 2481 2484
f 2413 2484 2409
f 2409 2484 2482
f 2485 2414 2415
f 2486 2485 2415
f 2486 2415 2411
f 2487 2486 2411
f 2483 2487 2411
f 2489 2488 2487
f 2483 2489 2487
f 2484 2489 2483
f 2417 2489 2413
f 2413 2489 2484
f 2491 2490 2485
f 2490 2414 2485
f 2490 2418 2414
f 2491 2485 2486
f 2492 2488 2489
f 2489 2417 2492
f 2417 2493 2492
f 2417 2419 2493
f 2490 2420 2418
f 2494 2420 2490
f 2421 2493 2419
f 2421 2495 2493
f 2497 2496 2423
f 2423 2496 2422
f 2423 2420 2494
f 2423 2494 2497
f 2424 2495 2421
f 2424 2498 2495
f 2496 2425 2422
f 2499 2425 2496
f 2502 2501 2500
f 2501 2498 2500
f 2498 2426 2500
f 2498 2424 2426
f 2499 2427 2425
f 2503 2427 2499
f 2502 2500 2504
f 2502 2504 2505
f 2428 2504 2426
f 2426 2504 2500
f 2503 2429 2427
f 2506 2429 2503
f 2505 2504 2430
f 2431 2505 2430
f 2507 2505 2431
f 2430 2504 2428
f 2506 2432 2429
f 2508 2432 2506
f 2433 2507 2431
f 2433 2509 2507
f 2510 2434 2435
f 2511 2510 2435
f 2432 2511 2435
f 2508 2511 2432
f 2436 2509 2433
f 2436 2512 2509
f 2513 2437 2510
f 2510 2437 2434
f 2510 2511 2514
f 2510 2514 2513
f 2438 2512 2436
f 2438 2515 2512
f 2517 2516 2513
f 2516 2437 2513
f 2516 2439 2437
f 2517 2513 2514
f 2520 2519 2518
f 2519 2515 2518
f 2515 2440 2518
f 2515 2438 2440
f 2516 2441 2439
f 2521 2441 2516
f 2520 2518 2522
f 2520 2522 2523
f 2442 2522 2440
f 2440 2522 2518
f 2521 2443 2441
f 2524 2443 2521
f 2523 2522 2444
f 2445 2523 2444
f 2525 2523 2445
f 2444 2522 2442
f 2524 2446 2443
f 2526 2446 2524
f 2447 2525 2445
f 2447 2527 2525
f 2529 2449 2528
f 2449 2526 2528
f 2449 2446 2526
f 2530 2529 2528
f 2533 2532 2531
f 2532 2527 2531
f 2527 2450 2531
f 2527 2447 2450
f 2534 2451 2529
f 2529 2451 2449
f 2529 2530 2535
f 2536 2529 2535
f 2534 2529 2536
f 2536 2535 2533
f 2536 2533 2531
f 2454 2536 2531
f 2453 2454 2531
f 2453 2531 2450
f 2534 2455 2451
f 2455 2534 2457
f 2534 2537 2457
f 2534 2536 2537
f 2458 2537 2454
f 2454 2537 2536
f 2537 2460 2457
f 2460 2537 2458
f 2538 2462 2463
f 2464 2538 2463
f 2540 2539 2466
f 2466 2539 2465
f 2466 2462 2538
f 2541 2466 2538
f 2540 2466 2541
f 2541 2538 2464
f 2467 2541 2464
f 2542 2541 2467
f 2467 2468 2542
f 2542 2468 2543
f 2546 2545 2544
f 2539 2546 2544
f 2469 2539 2544
f 2465 2539 2469
f 2470 2543 2468
f 2470 2547 2543
f 2544 2545 2548
f 2548 2545 2549
f 2548 2471 2469
f 2548 2469 2544
f 2472 2547 2470
f 2472 2550 2547
f 2548 2549 2551
f 2551 2549 2552
f 2551 2473 2471
f 2551 2471 2548
f 2474 2550 2472
f 2474 2553 2550
f 2552 2554 2551
f 2473 2551 2554
f 2555 2473 2554
f 2475 2473 2555
f 2557 2556 2476
f 2557 2476 2477
f 2474 2476 2553
f 2553 2476 2556
f 2555 2558 2475
f 2475 2558 2478
f 2478 2559 2479
f 2558 2559 2478
f 2477 2479 2557
f 2557 2479 2559
f 2560 2486 2487
f 2488 2560 2487
f 2561 2490 2491
f 2486 2560 2491
f 2560 2561 2491
f 2560 2562 2561
f 2492 2563 2488
f 2563 2560 2488
f 2563 2562 2560
f 2493 2563 2492
f 2564 2494 2561
f 2561 2494 2490
f 2565 2561 2562
f 2564 2561 2565
f 2566 2562 2563
f 2565 2562 2566
f 2495 2566 2493
f 2493 2566 2563
f 2567 2496 2497
f 2568 2567 2497
f 2568 2497 2494
f 2569 2568 2494
f 2564 2569 2494
f 2569 2564 2565
f 2569 2565 2570
f 2572 2571 2570
f 2565 2572 2570
f 2566 2572 2565
f 2498 2572 2495
f 2495 2572 2566
f 2573 2499 2567
f 2567 2499 2496
f 2567 2568 2574
f 2567 2574 2573
f 2571 2572 2501
f 2502 2571 2501
f 2575 2571 2502
f 2501 2572 2498
f 2576 2503 2573
f 2573 2503 2499
f 2573 2574 2577
f 2573 2577 2576
f 2505 2575 2502
f 2505 2578 2575
f 2580 2579 2576
f 2579 2503 2576
f 2579 2506 2503
f 2580 2576 2577
f 2507 2578 2505
f 2507 2581 2578
f 2579 2508 2506
f 2582 2508 2579
f 2509 2581 2507
f 2509 2583 2581
f 2582 2511 2508
f 2584 2511 2582
f 2587 2586 2585
f 2586 2583 2585
f 2583 2512 2585
f 2583 2509 2512
f 2584 2514 2511
f 2588 2514 2584
f 2587 2585 2589
f 2587 2589 2590
f 2515 2589 2512
f 2512 2589 2585
f 2591 2516 2517
f 2592 2591 2517
f 2514 2592 2517
f 2588 2592 2514
f 2590 2589 2519
f 2520 2590 2519
f 2593 2590 2520
f 2519 2589 2515
f 2594 2521 2591
f 2591 2521 2516
f 2591 2592 2595
f 2596 2591 2595
f 2594 2591 2596
f 2598 2597 2596
f 2598 2596 2595
f 2598 2593 2597
f 2593 2523 2597
f 2593 2520 2523
f 2599 2524 2594
f 2594 2524 2521
f 2600 2594 2596
f 2599 2594 2600
f 2601 2596 2597
f 2600 2596 2601
f 2525 2601 2523
f 2523 2601 2597
f 2602 2526 2599
f 2599 2526 2524
f 2603 2599 2600
f 2602 2599 2603
f 2604 2600 2601
f 2603 2600 2604
f 2527 2604 2525
f 2525 2604 2601
f 2602 2528 2526
f 2528 2602 2530
f 2602 2605 2530
f 2602 2603 2605
f 2533 2605 2532
f 2605 2604 2532
f 2605 2603 2604
f 2532 2604 2527
f 2605 2535 2530
f 2535 2605 2533
f 2607 2606 2540
f 2540 2606 2539
f 2608 2540 2541
f 2608 2607 2540
f 2610 2608 2609
f 2608 2542 2609
f 2608 2541 2542
f 2543 2609 2542
f 2612 2611 2546
f 2546 2611 2545
f 2546 2539 2606
f 2546 2606 2612
f 2613 2610 2609
f 2609 2543 2613
f 2543 2614 2613
f 2543 2547 2614
f 2611 2549 2545
f 2615 2549 2611
f 2550 2614 2547
f 2550 2616 2614
f 2615 2552 2549
f 2617 2552 2615
f 2553 2616 2550
f 2553 2618 2616
f 2554 2552 2619
f 2552 2620 2619
f 2552 2617 2620
f 2619 2555 2554
f 2622 2621 2556
f 2622 2556 2557
f 2553 2556 2618
f 2618 2556 2621
f 2620 2623 2619
f 2619 2623 2555
f 2623 2558 2555
f 2623 2624 2558
f 2558 2625 2559
f 2624 2625 2558
f 2557 2559 2622
f 2622 2559 2625
f 2626 2568 2569
f 2570 2627 2569
f 2569 2627 2626
f 2571 2627 2570
f 2628 2574 2626
f 2626 2574 2568
f 2629 2626 2627
f 2628 2626 2629
f 2575 2629 2571
f 2571 2629 2627
f 2630 2577 2628
f 2628 2577 2574
f 2631 2628 2629
f 2630 2628 2631
f 2578 2631 2575
f 2575 2631 2629
f 2632 2579 2580
f 2577 2630 2580
f 2630 2632 2580
f 2630 2633 2632
f 2634 2630 2631
f 2633 2630 2634
f 2581 2634 2578
f 2578 2634 2631
f 2635 2582 2632
f 2632 2582 2579
f 2636 2632 2633
f 2635 2632 2636
f 2637 2633 2634
f 2636 2633 2637
f 2583 2637 2581
f 2581 2637 2634
f 2638 2584 2635
f 2635 2584 2582
f 2639 2635 2636
f 2638 2635 2639
f 2587 2639 2586
f 2639 2637 2586
f 2639 2636 2637
f 2586 2637 2583
f 2640 2588 2638
f 2638 2588 2584
f 2641 2638 2639
f 2640 2638 2641
f 2590 2641 2587
f 2587 2641 2639
f 2642 2592 2640
f 2640 2592 2588
f 2643 2640 2641
f 2642 2640 2643
f 2593 2643 2590
f 2590 2643 2641
f 2642 2595 2592
f 2595 2642 2598
f 2598 2642 2643
f 2598 2643 2593
f 2646 2645 2644
f 2606 2607 2644
f 2607 2646 2644
f 2607 2647 2646
f 2648 2607 2608
f 2648 2647 2607
f 2608 2610 2648
f 2648 2610 2649
f 2644 2645 2612
f 2645 2611 2612
f 2645 2650 2611
f 2644 2612 2606
f 2610 2613 2651
f 2652 2610 2651
f 2649 2610 2652
f 2614 2651 2613
f 2650 2615 2611
f 2653 2615 2650
f 2654 2652 2651
f 2651 2614 2654
f 2614 2655 2654
f 2614 2616 2655
f 2653 2617 2615
f 2656 2617 2653
f 2659 2658 2657
f 2658 2655 2657
f 2655 2618 2657
f 2655 2616 2618
f 2656 2620 2617
f 2660 2620 2656
f 2659 2657 2621
f 2622 2659 2621
f 2661 2659 2622
f 2621 2657 2618
f 2660 2662 2620
f 2620 2662 2623
f 2662 2664 2663
f 2624 2662 2663
f 2623 2662 2624
f 2624 2663 2665
f 2666 2624 2665
f 2625 2624 2666
f 2622 2625 2661
f 2661 2625 2666
f 2664 2667 2663
f 2663 2667 2665
f 2669 2668 2646
f 2646 2668 2645
f 2670 2646 2647
f 2670 2669 2646
f 2671 2647 2648
f 2671 2670 2647
f 2648 2649 2671
f 2671 2649 2672
f 2668 2650 2645
f 2673 2650 2668
f 2652 2672 2649
f 2652 2674 2672
f 2673 2653 2650
f 2675 2653 2673
f 2652 2654 2676
f 2677 2652 2676
f 2674 2652 2677
f 2655 2676 2654
f 2675 2656 2653
f 2678 2656 2675
f 2677 2676 2658
f 2659 2677 2658
f 2679 2677 2659
f 2658 2676 2655
f 2678 2660 2656
f 2680 2660 2678
f 2661 2679 2659
f 2661 2681 2679
f 2680 2682 2660
f 2660 2682 2662
f 2664 2662 2682
f 2664 2682 2683
f 2685 2684 2666
f 2685 2666 2665
f 2661 2666 2681
f 2681 2666 2684
f 2683 2686 2664
f 2664 2686 2667
f 2665 2667 2685
f 2685 2667 2686
f 2688 2687 2669
f 2669 2687 2668
f 2689 2669 2670
f 2689 2688 2669
f 2691 2689 2690
f 2689 2671 2690
f 2689 2670 2671
f 2672 2690 2671
f 2694 2693 2692
f 2687 2694 2692
f 2673 2687 2692
f 2668 2687 2673
f 2695 2691 2690
f 2690 2672 2695
f 2672 2696 2695
f 2672 2674 2696
f 2692 2693 2697
f 2697 2693 2698
f 2697 2675 2673
f 2697 2673 2692
f 2677 2696 2674
f 2677 2699 2696
f 2697 2698 2700
f 2700 2698 2701
f 2700 2678 2675
f 2700 2675 2697
f 2679 2699 2677
f 2679 2702 2699
f 2701 2703 2700
f 2678 2700 2703
f 2704 2678 2703
f 2680 2678 2704
f 2681 2702 2679
f 2681 2705 2702
f 2682 2680 2706
f 2680 2707 2706
f 2680 2704 2707
f 2706 2683 2682
f 2709 2708 2684
f 2709 2684 2685
f 2681 2684 2705
f 2705 2684 2708
f 2707 2710 2706
f 2706 2710 2683
f 2710 2686 2683
f 2710 2711 2686
f 2685 2686 2709
f 2709 2686 2711
f 2713 2712 2688
f 2688 2712 2687
f 2714 2688 2689
f 2714 2713 2688
f 2689 2691 2714
f 2714 2691 2715
f 2717 2716 2694
f 2694 2716 2693
f 2694 2687 2712
f 2694 2712 2717
f 2718 2715 2691
f 2718 2691 2695
f 2695 2696 2718
f 2718 2696 2719
f 2716 2698 2693
f 2720 2698 2716
f 2699 2719 2696
f 2699 2721 2719
f 2720 2701 2698
f 2722 2701 2720
f 2702 2721 2699
f 2702 2723 2721
f 2703 2701 2724
f 2701 2725 2724
f 2701 2722 2725
f 2724 2704 2703
f 2705 2723 2702
f 2705 2726 2723
f 2725 2727 2724
f 2704 2724 2727
f 2728 2704 2727
f 2707 2704 2728
f 2730 2729 2708
f 2730 2708 2709
f 2705 2708 2726
f 2726 2708 2729
f 2728 2731 2707
f 2707 2731 2710
f 2710 2732 2711
f 2731 2732 2710
f 2709 2711 2730
f 2730 2711 2732
f 2735 2734 2733
f 2733 2736 2735
f 2739 2738 2737
f 2739 2737 2734
f 2734 2737 2733
f 2737 2712 2733
f 2712 2713 2733
f 2740 2736 2733
f 2713 2740 2733
f 2714 2740 2713
f 2714 2715 2740
f 2740 2715 2741
f 2737 2738 2717
f 2738 2716 2717
f 2738 2742 2716
f 2737 2717 2712
f 2715 2718 2743
f 2744 2715 2743
f 2741 2715 2744
f 2719 2743 2718
f 2742 2720 2716
f 2745 2720 2742
f 2746 2744 2743
f 2743 2719 2746
f 2719 2747 2746
f 2719 2721 2747
f 2745 2722 2720
f 2748 2722 2745
f 2723 2747 2721
f 2723 2749 2747
f 2748 2725 2722
f 2750 2725 2748
f 2753 2752 2751
f 2752 2749 2751
f 2749 2726 2751
f 2749 2723 2726
f 2750 2754 2725
f 2725 2754 2727
f 2756 2755 2728
f 2727 2756 2728
f 2754 2756 2727
f 2758 2757 2755
f 2758 2755 2756
f 2757 2758 2753
f 2757 2753 2751
f 2730 2757 2751
f 2729 2730 2751
f 2729 2751 2726
f 2755 2731 2728
f 2731 2755 2732
f 2732 2755 2757
f 2732 2757 2730
f 2761 2760 2759
f 2734 2735 2759
f 2735 2761 2759
f 2735 2762 2761
f 2764 2763 2736
f 2763 2735 2736
f 2763 2762 2735
f 2764 2765 2763
f 2759 2760 2739
f 2760 2738 2739
f 2760 2766 2738
f 2759 2739 2734
f 2740 2764 2736
f 2740 2741 2764
f 2741 2765 2764
f 2741 2767 2765
f 2766 2742 2738
f 2768 2742 2766
f 2744 2767 2741
f 2744 2769 2767
f 2768 2745 2742
f 2770 2745 2768
f 2744 2746 2771
f 2772 2744 2771
f 2769 2744 2772
f 2747 2771 2746
f 2770 2748 2745
f 2773 2748 2770
f 2772 2771 2774
f 2772 2774 2775
f 2749 2774 2747
f 2747 2774 2771
f 2773 2750 2748
f 2776 2750 2773
f 2775 2774 2752
f 2753 2775 2752
f 2777 2775 2753
f 2752 2774 2749
f 2776 2778 2750
f 2750 2778 2754
f 2754 2779 2756
f 2778 2779 2754
f 2756 2780 2758
f 2779 2780 2756
f 2753 2758 2777
f 2777 2758 2780
f 2783 2782 2781
f 2781 2784 2783
f 2786 2785 2761
f 2761 2785 2760
f 2762 2781 2782
f 2786 2762 2782
f 2761 2762 2786
f 2787 2784 2781
f 2762 2787 2781
f 2763 2787 2762
f 2763 2765 2787
f 2787 2765 2788
f 2785 2766 2760
f 2789 2766 2785
f 2767 2788 2765
f 2767 2790 2788
f 2789 2768 2766
f 2791 2768 2789
f 2769 2790 2767
f 2769 2792 2790
f 2791 2770 2768
f 2793 2770 2791
f 2772 2792 2769
f 2772 2794 2792
f 2793 2773 2770
f 2795 2773 2793
f 2775 2794 2772
f 2775 2796 2794
f 2798 2776 2797
f 2776 2795 2797
f 2776 2773 2795
f 2799 2798 2797
f 2777 2796 2775
f 2777 2800 2796
f 2798 2778 2776
f 2799 2801 2798
f 2801 2778 2798
f 2801 2779 2778
f 2779 2802 2780
f 2801 2802 2779
f 2777 2780 2800
f 2800 2780 2802
f 2805 2804 2803
f 2782 2783 2803
f 2783 2805 2803
f 2783 2806 2805
f 2808 2807 2784
f 2807 2783 2784
f 2807 2806 2783
f 2808 2809 2807
f 2803 2804 2786
f 2804 2785 2786
f 2804 2810 2785
f 2803 2786 2782
f 2787 2808 2784
f 2787 2788 2808
f 2788 2809 2808
f 2788 2811 2809
f 2810 2789 2785
f 2812 2789 2810
f 2790 2811 2788
f 2790 2813 2811
f 2812 2791 2789
f 2814 2791 2812
f 2792 2813 2790
f 2792 2815 2813
f 2814 2793 2791
f 2816 2793 2814
f 2794 2815 2792
f 2794 2817 2815
f 2816 2795 2793
f 2818 2795 2816
f 2796 2817 2794
f 2796 2819 2817
f 2818 2820 2795
f 2795 2820 2797
f 2822 2821 2799
f 2797 2822 2799
f 2820 2822 2797
f 2824 2823 2821
f 2824 2821 2822
f 2824 2819 2823
f 2819 2800 2823
f 2819 2796 2800
f 2821 2801 2799
f 2801 2821 2802
f 2802 2821 2823
f 2802 2823 2800
f 2827 2826 2825
f 2825 2828 2827
f 2830 2829 2805
f 2805 2829 2804
f 2806 2825 2826
f 2830 2806 2826
f 2805 2806 2830
f 2831 2828 2825
f 2806 2831 2825
f 2807 2831 2806
f 2807 2809 2831
f 2831 2809 2832
f 2829 2810 2804
f 2833 2810 2829
f 2811 2832 2809
f 2811 2834 2832
f 2833 2812 2810
f 2835 2812 2833
f 2813 2834 2811
f 2813 2836 2834
f 2835 2814 2812
f 2837 2814 2835
f 2815 2836 2813
f 2815 2838 2836
f 2837 2816 2814
f 2839 2816 2837
f 2817 2838 2815
f 2817 2840 2838
f 2842 2818 2841
f 2818 2839 2841
f 2818 2816 2839
f 2843 2842 2841
f 2846 2845 2844
f 2845 2840 2844
f 2840 2819 2844
f 2840 2817 2819
f 2842 2820 2818
f 2843 2847 2842
f 2847 2820 2842
f 2847 2822 2820
f 2844 2824 2846
f 2824 2847 2846
f 2824 2822 2847
f 2824 2844 2819
f 2850 2849 2848
f 2826 2827 2848
f 2827 2850 2848
f 2827 2851 2850
f 2827 2828 2851
f 2851 2828 2852
f 2848 2849 2830
f 2849 2829 2830
f 2849 2853 2829
f 2848 2830 2826
f 2854 2852 2828
f 2854 2828 2831
f 2831 2832 2854
f 2854 2832 2855
f 2853 2833 2829
f 2856 2833 2853
f 2834 2855 2832
f 2834 2857 2855
f 2856 2835 2833
f 2858 2835 2856
f 2836 2857 2834
f 2836 2859 2857
f 2858 2837 2835
f 2860 2837 2858
f 2838 2859 2836
f 2838 2861 2859
f 2860 2839 2837
f 2862 2839 2860
f 2840 2861 2838
f 2840 2863 2861
f 2862 2864 2839
f 2839 2864 2841
f 2866 2865 2843
f 2841 2866 2843
f 2864 2866 2841
f 2845 2846 2865
f 2866 2845 2865
f 2867 2845 2866
f 2840 2845 2863
f 2863 2845 2867
f 2865 2847 2843
f 2847 2865 2846
f 2869 2868 2850
f 2850 2868 2849
f 2870 2850 2851
f 2870 2869 2850
f 2872 2871 2852
f 2871 2851 2852
f 2871 2870 2851
f 2872 2873 2871
f 2868 2853 2849
f 2874 2853 2868
f 2854 2872 2852
f 2854 2855 2872
f 2855 2873 2872
f 2855 2875 2873
f 2874 2856 2853
f 2876 2856 2874
f 2857 2875 2855
f 2857 2877 2875
f 2876 2858 2856
f 2878 2858 2876
f 2859 2877 2857
f 2859 2879 2877
f 2878 2860 2858
f 2880 2860 2878
f 2861 2879 2859
f 2861 2881 2879
f 2883 2862 2882
f 2862 2880 2882
f 2862 2860 2880
f 2884 2883 2882
f 2887 2886 2885
f 2886 2881 2885
f 2881 2863 2885
f 2881 2861 2863
f 2883 2864 2862
f 2884 2888 2883
f 2888 2864 2883
f 2888 2866 2864
f 2885 2867 2887
f 2867 2888 2887
f 2867 2866 2888
f 2867 2885 2863
f 2891 2890 2889
f 2893 2892 2889
f 2889 2892 2891
f 2893 2894 2892
f 2889 2890 2869
f 2890 2868 2869
f 2890 2895 2868
f 2889 2869 2870
f 2889 2870 2893
f 2896 2894 2893
f 2870 2896 2893
f 2871 2896 2870
f 2871 2873 2896
f 2896 2873 2897
f 2895 2874 2868
f 2898 2874 2895
f 2875 2897 2873
f 2875 2899 2897
f 2898 2876 2874
f 2900 2876 2898
f 2877 2899 2875
f 2877 2901 2899
f 2900 2878 2876
f 2902 2878 2900
f 2879 2901 2877
f 2879 2903 2901
f 2902 2880 2878
f 2904 2880 2902
f 2881 2903 2879
f 2881 2905 2903
f 2904 2906 2880
f 2880 2906 2882
f 2908 2907 2884
f 2882 2908 2884
f 2906 2908 2882
f 2886 2887 2907
f 2908 2886 2907
f 2909 2886 2908
f 2881 2886 2905
f 2905 2886 2909
f 2907 2888 2884
f 2888 2907 2887
f 2911 2910 2891
f 2891 2910 2890
f 2912 2891 2892
f 2912 2911 2891
f 2892 2894 2912
f 2912 2894 2913
f 2910 2895 2890
f 2914 2895 2910
f 2915 2913 2894
f 2915 2894 2896
f 2896 2897 2915
f 2915 2897 2916
f 2919 2918 2917
f 2914 2919 2917
f 2898 2914 2917
f 2895 2914 2898
f 2899 2916 2897
f 2899 2920 2916
f 2917 2918 2921
f 2921 2918 2922
f 2921 2900 2898
f 2921 2898 2917
f 2901 2920 2899
f 2901 2923 2920
f 2922 2924 2921
f 2900 2921 2924
f 2925 2900 2924
f 2902 2900 2925
f 2903 2923 2901
f 2903 2926 2923
f 2925 2904 2902
f 2927 2904 2925
f 2930 2929 2928
f 2929 2926 2928
f 2926 2905 2928
f 2926 2903 2905
f 2927 2931 2904
f 2904 2931 2906
f 2906 2932 2908
f 2931 2932 2906
f 2928 2909 2930
f 2909 2932 2930
f 2909 2908 2932
f 2909 2928 2905
f 2934 2933 2911
f 2911 2933 2910
f 2935 2911 2912
f 2935 2934 2911
f 2912 2913 2935
f 2935 2913 2936
f 2939 2938 2937
f 2933 2939 2937
f 2914 2933 2937
f 2910 2933 2914
f 2940 2936 2913
f 2940 2913 2915
f 2915 2916 2940
f 2940 2916 2941
f 2937 2938 2919
f 2938 2918 2919
f 2938 2942 2918
f 2937 2919 2914
f 2920 2941 2916
f 2920 2943 2941
f 2942 2922 2918
f 2944 2922 2942
f 2923 2943 2920
f 2923 2945 2943
f 2944 2946 2922
f 2922 2946 2924
f 2925 2924 2946
f 2925 2946 2947
f 2926 2945 2923
f 2926 2948 2945
f 2950 2927 2949
f 2927 2947 2949
f 2927 2925 2947
f 2951 2950 2949
f 2953 2952 2929
f 2953 2929 2930
f 2926 2929 2948
f 2948 2929 2952
f 2950 2931 2927
f 2951 2954 2950
f 2954 2931 2950
f 2954 2932 2931
f 2930 2932 2953
f 2953 2932 2954
f 2957 2956 2955
f 2959 2958 2955
f 2955 2958 2957
f 2959 2960 2958
f 2963 2962 2961
f 2963 2961 2956
f 2956 2961 2955
f 2961 2933 2955
f 2933 2934 2955
f 2955 2934 2935
f 2955 2935 2959
f 2935 2936 2959
f 2936 2960 2959
f 2936 2964 2960
f 2961 2962 2939
f 2962 2938 2939
f 2962 2965 2938
f 2961 2939 2933
f 2966 2964 2936
f 2966 2936 2940
f 2940 2941 2966
f 2966 2941 2967
f 2965 2942 2938
f 2968 2942 2965
f 2943 2967 2941
f 2943 2969 2967
f 2968 2944 2942
f 2970 2944 2968
f 2945 2969 2943
f 2945 2971 2969
f 2970 2972 2944
f 2944 2972 2946
f 2947 2946 2972
f 2947 2972 2973
f 2976 2975 2974
f 2975 2971 2974
f 2971 2948 2974
f 2971 2945 2948
f 2973 2977 2947
f 2947 2977 2949
f 2979 2978 2951
f 2949 2979 2951
f 2977 2979 2949
f 2978 2979 2976
f 2978 2976 2974
f 2953 2978 2974
f 2952 2953 2974
f 2952 2974 2948
f 2978 2954 2951
f 2954 2978 2953
f 2981 2980 2957
f 2957 2980 2956
f 2982 2957 2958
f 2982 2981 2957
f 2958 2960 2982
f 2982 2960 2983
f 2985 2984 2963
f 2963 2984 2962
f 2963 2956 2980
f 2963 2980 2985
f 2964 2983 2960
f 2964 2986 2983
f 2984 2965 2962
f 2987 2965 2984
f 2988 2986 2964
f 2988 2964 2966
f 2966 2967 2988
f 2988 2967 2989
f 2987 2968 2965
f 2990 2968 2987
f 2969 2989 2967
f 2969 2991 2989
f 2990 2970 2968
f 2992 2970 2990
f 2995 2994 2993
f 2994 2991 2993
f 2991 2971 2993
f 2991 2969 2971
f 2992 2996 2970
f 2970 2996 2972
f 2973 2972 2996
f 2973 2996 2997
f 2995 2993 2975
f 2976 2995 2975
f 2998 2995 2976
f 2975 2993 2971
f 2997 2999 2973
f 2973 2999 2977
f 2977 3000 2979
f 2999 3000 2977
f 2976 2979 2998
f 2998 2979 3000
f 3003 3002 3001
f 2980 2981 3001
f 2981 3003 3001
f 2981 3004 3003
f 3005 2981 2982
f 3005 3004 2981
f 2982 2983 3005
f 3005 2983 3006
f 3001 3002 2985
f 3002 2984 2985
f 3002 3007 2984
f 3001 2985 2980
f 2986 3006 2983
f 2986 3008 3006
f 3007 2987 2984
f 3009 2987 3007
f 3010 3008 2986
f 3010 2986 2988
f 2988 2989 3010
f 3010 2989 3011
f 3009 2990 2987
f 3012 2990 3009
f 2991 3011 2989
f 2991 3013 3011
f 3012 2992 2990
f 3014 2992 3012
f 3016 3015 2994
f 3016 2994 2995
f 2991 2994 3013
f 3013 2994 3015
f 3014 3017 2992
f 2992 3017 2996
f 3019 3018 2997
f 2996 3019 2997
f 3017 3019 2996
f 3021 3020 3018
f 3021 3018 3019
f 3021 3016 3020
f 3016 2998 3020
f 3016 2995 2998
f 3018 2999 2997
f 2999 3018 3000
f 3000 3018 3020
f 3000 3020 2998
f 3024 3023 3022
f 3022 3025 3024
f 3027 3026 3003
f 3003 3026 3002
f 3004 3022 3023
f 3027 3004 3023
f 3003 3004 3027
f 3028 3025 3022
f 3004 3028 3022
f 3005 3028 3004
f 3005 3006 3028
f 3028 3006 3029
f 3026 3007 3002
f 3030 3007 3026
f 3008 3029 3006
f 3008 3031 3029
f 3030 3009 3007
f 3032 3009 3030
f 3008 3010 3033
f 3034 3008 3033
f 3031 3008 3034
f 3011 3033 3010
f 3032 3012 3009
f 3035 3012 3032
f 3034 3033 3036
f 3034 3036 3037
f 3013 3036 3011
f 3011 3036 3033
f 3039 3014 3038
f 3014 3035 3038
f 3014 3012 3035
f 3040 3039 3038
f 3037 3036 3015
f 3016 3037 3015
f 3041 3037 3016
f 3015 3036 3013
f 3039 3017 3014
f 3040 3042 3039
f 3042 3017 3039
f 3042 3019 3017
f 3019 3043 3021
f 3042 3043 3019
f 3016 3021 3041
f 3041 3021 3043
f 3046 3045 3044
f 3023 3024 3044
f 3024 3046 3044
f 3024 3047 3046
f 3049 3048 3025
f 3048 3024 3025
f 3048 3047 3024
f 3049 3050 3048
f 3044 3045 3027
f 3045 3026 3027
f 3045 3051 3026
f 3044 3027 3023
f 3028 3049 3025
f 3028 3029 3049
f 3029 3050 3049
f 3029 3052 3050
f 3051 3030 3026
f 3053 3030 3051
f 3031 3052 3029
f 3031 3054 3052
f 3053 3032 3030
f 3055 3032 3053
f 3034 3054 3031
f 3034 3056 3054
f 3055 3035 3032
f 3057 3035 3055
f 3037 3056 3034
f 3037 3058 3056
f 3057 3059 3035
f 3035 3059 3038
f 3040 3038 3059
f 3040 3059 3060
f 3041 3058 3037
f 3041 3061 3058
f 3060 3062 3040
f 3040 3062 3042
f 3042 3063 3043
f 3062 3063 3042
f 3041 3043 3061
f 3061 3043 3063
f 3065 3064 3046
f 3046 3064 3045
f 3066 3046 3047
f 3066 3065 3046
f 3067 3047 3048
f 3067 3066 3047
f 3048 3050 3067
f 3067 3050 3068
f 3064 3051 3045
f 3069 3051 3064
f 3052 3068 3050
f 3052 3070 3068
f 3069 3053 3051
f 3071 3053 3069
f 3054 3070 3052
f 3054 3072 3070
f 3071 3055 3053
f 3073 3055 3071
f 3056 3072 3054
f 3056 3074 3072
f 3073 3057 3055
f 3075 3057 3073
f 3058 3074 3056
f 3058 3076 3074
f 3075 3077 3057
f 3057 3077 3059
f 3060 3059 3077
f 3060 3077 3078
f 3081 3080 3079
f 3080 3076 3079
f 3076 3061 3079
f 3076 3058 3061
f 3078 3082 3060
f 3060 3082 3062
f 3079 3063 3081
f 3063 3082 3081
f 3063 3062 3082
f 3063 3079 3061
f 3085 3084 3083
f 3087 3086 3083
f 3083 3086 3085
f 3087 3088 3086
f 3083 3084 3065
f 3084 3064 3065
f 3084 3089 3064
f 3083 3065 3066
f 3083 3066 3087
f 3090 3088 3087
f 3066 3090 3087
f 3067 3090 3066
f 3067 3068 3090
f 3090 3068 3091
f 3089 3069 3064
f 3092 3069 3089
f 3070 3091 3068
f 3070 3093 3091
f 3092 3071 3069
f 3094 3071 3092
f 3072 3093 3070
f 3072 3095 3093
f 3094 3073 3071
f 3096 3073 3094
f 3074 3095 3072
f 3074 3097 3095
f 3096 3075 3073
f 3098 3075 3096
f 3076 3097 3074
f 3076 3099 3097
f 3098 3100 3075
f 3075 3100 3077
f 3102 3101 3078
f 3077 3102 3078
f 3100 3102 3077
f 3080 3081 3101
f 3102 3080 3101
f 3103 3080 3102
f 3076 3080 3099
f 3099 3080 3103
f 3101 3082 3078
f 3082 3101 3081
f 3105 3104 3085
f 3085 3104 3084
f 3106 3085 3086
f 3106 3105 3085
f 3086 3088 3106
f 3106 3088 3107
f 3104 3089 3084
f 3108 3089 3104
f 3109 3107 3088
f 3109 3088 3090
f 3090 3091 3109
f 3109 3091 3110
f 3113 3112 3111
f 3108 3113 3111
f 3092 3108 3111
f 3089 3108 3092
f 3093 3110 3091
f 3093 3114 3110
f 3112 3115 3111
f 3092 3111 3115
f 3116 3092 3115
f 3094 3092 3116
f 3095 3114 3093
f 3095 3117 3114
f 3116 3096 3094
f 3118 3096 3116
f 3097 3117 3095
f 3097 3119 3117
f 3118 3098 3096
f 3120 3098 3118
f 3123 3122 3121
f 3122 3119 3121
f 3119 3099 3121
f 3119 3097 3099
f 3120 3124 3098
f 3098 3124 3100
f 3100 3125 3102
f 3124 3125 3100
f 3121 3103 3123
f 3103 3125 3123
f 3103 3102 3125
f 3103 3121 3099
f 3127 3126 3105
f 3105 3126 3104
f 3128 3105 3106
f 3128 3127 3105
f 3106 3107 3128
f 3128 3107 3129
f 3132 3131 3130
f 3126 3132 3130
f 3108 3126 3130
f 3104 3126 3108
f 3133 3129 3107
f 3133 3107 3109
f 3109 3110 3133
f 3133 3110 3134
f 3130 3131 3113
f 3131 3112 3113
f 3131 3135 3112
f 3130 3113 3108
f 3114 3134 3110
f 3114 3136 3134
f 3115 3112 3137
f 3112 3138 3137
f 3112 3135 3138
f 3137 3116 3115
f 3117 3136 3114
f 3117 3139 3136
f 3138 3140 3137
f 3116 3137 3140
f 3141 3116 3140
f 3118 3116 3141
f 3119 3139 3117
f 3119 3142 3139
f 3144 3120 3143
f 3120 3141 3143
f 3120 3118 3141
f 3145 3144 3143
f 3147 3146 3122
f 3147 3122 3123
f 3119 3122 3142
f 3142 3122 3146
f 3144 3124 3120
f 3145 3148 3144
f 3148 3124 3144
f 3148 3125 3124
f 3123 3125 3147
f 3147 3125 3148
f 3151 3150 3149
f 3149 3152 3151
f 3149 3150 3127
f 3150 3126 3127
f 3150 3153 3126
f 3154 3152 3149
f 3127 3154 3149
f 3128 3154 3127
f 3128 3129 3154
f 3154 3129 3155
f 3157 3156 3132
f 3132 3156 3131
f 3132 3126 3153
f 3132 3153 3157
f 3158 3155 3129
f 3158 3129 3133
f 3133 3134 3158
f 3158 3134 3159
f 3156 3135 3131
f 3160 3135 3156
f 3136 3159 3134
f 3136 3161 3159
f 3160 3138 3135
f 3162 3138 3160
f 3139 3161 3136
f 3139 3163 3161
f 3162 3164 3138
f 3138 3164 3140
f 3141 3140 3164
f 3141 3164 3165
f 3168 3167 3166
f 3167 3163 3166
f 3163 3142 3166
f 3163 3139 3142
f 3165 3169 3141
f 3141 3169 3143
f 3171 3170 3145
f 3143 3171 3145
f 3169 3171 3143
f 3170 3171 3168
f 3170 3168 3166
f 3147 3170 3166
f 3146 3147 3166
f 3146 3166 3142
f 3170 3148 3145
f 3148 3170 3147
f 3173 3172 3151
f 3151 3172 3150
f 3175 3174 3152
f 3174 3151 3152
f 3174 3173 3151
f 3175 3176 3174
f 3179 3178 3177
f 3172 3179 3177
f 3153 3172 3177
f 3150 3172 3153
f 3154 3175 3152
f 3154 3155 3175
f 3155 3176 3175
f 3155 3180 3176
f 3177 3178 3157
f 3178 3156 3157
f 3178 3181 3156
f 3177 3157 3153
f 3182 3180 3155
f 3182 3155 3158
f 3158 3159 3182
f 3182 3159 3183
f 3181 3160 3156
f 3184 3160 3181
f 3161 3183 3159
f 3161 3185 3183
f 3184 3162 3160
f 3186 3162 3184
f 3163 3185 3161
f 3163 3187 3185
f 3186 3188 3162
f 3162 3188 3164
f 3165 3164 3188
f 3165 3188 3189
f 3191 3190 3167
f 3191 3167 3168
f 3163 3167 3187
f 3187 3167 3190
f 3189 3192 3165
f 3165 3192 3169
f 3169 3193 3171
f 3192 3193 3169
f 3168 3171 3191
f 3191 3171 3193
f 3195 3194 3173
f 3173 3194 3172
f 3196 3173 3174
f 3196 3195 3173
f 3174 3176 3196
f 3196 3176 3197
f 3199 3198 3179
f 3179 3198 3178
f 3179 3172 3194
f 3179 3194 3199
f 3180 3197 3176
f 3180 3200 3197
f 3198 3181 3178
f 3201 3181 3198
f 3202 3200 3180
f 3202 3180 3182
f 3182 3183 3202
f 3202 3183 3203
f 3201 3184 3181
f 3204 3184 3201
f 3185 3203 3183
f 3185 3205 3203
f 3204 3186 3184
f 3206 3186 3204
f 3209 3208 3207
f 3208 3205 3207
f 3205 3187 3207
f 3205 3185 3187
f 3206 3210 3186
f 3186 3210 3188
f 3189 3188 3210
f 3189 3210 3211
f 3209 3207 3190
f 3191 3209 3190
f 3212 3209 3191
f 3190 3207 3187
f 3211 3213 3189
f 3189 3213 3192
f 3192 3214 3193
f 3213 3214 3192
f 3191 3193 3212
f 3212 3193 3214
f 3217 3216 3215
f 3194 3195 3215
f 3195 3217 3215
f 3195 3218 3217
f 3219 3195 3196
f 3219 3218 3195
f 3196 3197 3219
f 3219 3197 3220
f 3215 3216 3199
f 3216 3198 3199
f 3216 3221 3198
f 3215 3199 3194
f 3200 3220 3197
f 3200 3222 3220
f 3221 3201 3198
f 3223 3201 3221
f 3200 3202 3224
f 3225 3200 3224
f 3222 3200 3225
f 3203 3224 3202
f 3223 3204 3201
f 3226 3204 3223
f 3225 3224 3227
f 3225 3227 3228
f 3205 3227 3203
f 3203 3227 3224
f 3226 3206 3204
f 3229 3206 3226
f 3228 3227 3208
f 3209 3228 3208
f 3230 3228 3209
f 3208 3227 3205
f 3229 3231 3206
f 3206 3231 3210
f 3233 3232 3211
f 3210 3233 3211
f 3231 3233 3210
f 3235 3234 3232
f 3235 3232 3233
f 3235 3230 3234
f 3230 3212 3234
f 3230 3209 3212
f 3232 3213 3211
f 3213 3232 3214
f 3214 3232 3234
f 3214 3234 3212
f 3238 3237 3236
f 3236 3239 3238
f 3241 3240 3217
f 3217 3240 3216
f 3218 3236 3237
f 3241 3218 3237
f 3217 3218 3241
f 3242 3239 3236
f 3218 3242 3236
f 3219 3242 3218
f 3219 3220 3242
f 3242 3220 3243
f 3240 3221 3216
f 3244 3221 3240
f 3222 3243 3220
f 3222 3245 3243
f 3244 3223 3221
f 3246 3223 3244
f 3225 3245 3222
f 3225 3247 3245
f 3246 3226 3223
f 3248 3226 3246
f 3228 3247 3225
f 3228 3249 3247
f 3248 3229 3226
f 3250 3229 3248
f 3230 3249 3228
f 3230 3251 3249
f 3250 3252 3229
f 3229 3252 3231
f 3231 3253 3233
f 3252 3253 3231
f 3233 3254 3235
f 3253 3254 3233
f 3230 3235 3251
f 3251 3235 3254
f 3257 3256 3255
f 3237 3238 3255
f 3238 3257 3255
f 3238 3258 3257
f 3238 3239 3258
f 3258 3239 3259
f 3255 3256 3241
f 3256 3240 3241
f 3256 3260 3240
f 3255 3241 3237
f 3261 3259 3239
f 3261 3239 3242
f 3242 3243 3261
f 3261 3243 3262
f 3260 3244 3240
f 3263 3244 3260
f 3245 3262 3243
f 3245 3264 3262
f 3263 3246 3244
f 3265 3246 3263
f 3247 3264 3245
f 3247 3266 3264
f 3265 3248 3246
f 3267 3248 3265
f 3249 3266 3247
f 3249 3268 3266
f 3270 3250 3269
f 3250 3267 3269
f 3250 3248 3267
f 3271 3270 3269
f 3251 3268 3249
f 3251 3272 3268
f 3270 3252 3250
f 3271 3273 3270
f 3273 3252 3270
f 3273 3253 3252
f 3253 3274 3254
f 3273 3274 3253
f 3251 3254 3272
f 3272 3254 3274
f 3276 3275 3257
f 3257 3275 3256
f 3277 3257 3258
f 3277 3276 3257
f 3279 3278 3259
f 3278 3258 3259
f 3278 3277 3258
f 3279 3280 3278
f 3275 3260 3256
f 3281 3260 3275
f 3261 3279 3259
f 3261 3262 3279
f 3262 3280 3279
f 3262 3282 3280
f 3281 3263 3260
f 3283 3263 3281
f 3264 3282 3262
f 3264 3284 3282
f 3283 3265 3263
f 3285 3265 3283
f 3266 3284 3264
f 3266 3286 3284
f 3285 3267 3265
f 3287 3267 3285
f 3268 3286 3266
f 3268 3288 3286
f 3287 3289 3267
f 3267 3289 3269
f 3271 3269 3289
f 3271 3289 3290
f 3293 3292 3291
f 3292 3288 3291
f 3288 3272 3291
f 3288 3268 3272
f 3290 3294 3271
f 3271 3294 3273
f 3291 3274 3293
f 3274 3294 3293
f 3274 3273 3294
f 3274 3291 3272
f 3296 3295 3276
f 3276 3295 3275
f 3297 3276 3277
f 3297 3296 3276
f 3298 3277 3278
f 3298 3297 3277
f 3278 3280 3298
f 3298 3280 3299
f 3295 3281 3275
f 3300 3281 3295
f 3282 3299 3280
f 3282 3301 3299
f 3300 3283 3281
f 3302 3283 3300
f 3284 3301 3282
f 3284 3303 3301
f 3302 3285 3283
f 3304 3285 3302
f 3286 3303 3284
f 3286 3305 3303
f 3304 3287 3285
f 3306 3287 3304
f 3288 3305 3286
f 3288 3307 3305
f 3306 3308 3287
f 3287 3308 3289
f 3310 3309 3290
f 3289 3310 3290
f 3308 3310 3289
f 3292 3293 3309
f 3310 3292 3309
f 3311 3292 3310
f 3288 3292 3307
f 3307 3292 3311
f 3309 3294 3290
f 3294 3309 3293
f 3314 3313 3312
f 3316 3315 3312
f 3312 3315 3314
f 3316 3317 3315
f 3312 3313 3296
f 3313 3295 3296
f 3313 3318 3295
f 3312 3296 3297
f 3312 3297 3316
f 3319 3317 3316
f 3297 3319 3316
f 3298 3319 3297
f 3298 3299 3319
f 3319 3299 3320
f 3323 3322 3321
f 3318 3323 3321
f 3300 3318 3321
f 3295 3318 3300
f 3301 3320 3299
f 3301 3324 3320
f 3321 3322 3325
f 3325 3322 3326
f 3325 3302 3300
f 3325 3300 3321
f 3303 3324 3301
f 3303 3327 3324
f 3326 3328 3325
f 3302 3325 3328
f 3329 3302 3328
f 3304 3302 3329
f 3305 3327 3303
f 3305 3330 3327
f 3329 3306 3304
f 3331 3306 3329
f 3334 3333 3332
f 3333 3330 3332
f 3330 3307 3332
f 3330 3305 3307
f 3331 3335 3306
f 3306 3335 3308
f 3308 3336 3310
f 3335 3336 3308
f 3332 3311 3334
f 3311 3336 3334
f 3311 3310 3336
f 3311 3332 3307
f 3338 3337 3314
f 3314 3337 3313
f 3339 3314 3315
f 3339 3338 3314
f 3315 3317 3339
f 3339 3317 3340
f 3343 3342 3341
f 3337 3343 3341
f 3318 3337 3341
f 3313 3337 3318
f 3344 3340 3317
f 3344 3317 3319
f 3319 3320 3344
f 3344 3320 3345
f 3341 3342 3323
f 3342 3322 3323
f 3342 3346 3322
f 3341 3323 3318
f 3324 3345 3320
f 3324 3347 3345
f 3346 3326 3322
f 3348 3326 3346
f 3327 3347 3324
f 3327 3349 3347
f 3348 3350 3326
f 3326 3350 3328
f 3329 3328 3350
f 3329 3350 3351
f 3330 3349 3327
f 3330 3352 3349
f 3351 3331 3329
f 3353 3331 3351
f 3355 3354 3333
f 3355 3333 3334
f 3330 3333 3352
f 3352 3333 3354
f 3353 3356 3331
f 3331 3356 3335
f 3335 3357 3336
f 3356 3357 3335
f 3334 3336 3355
f 3355 3336 3357
f 3359 3358 3338
f 3338 3358 3337
f 3360 3338 3339
f 3360 3359 3338
f 3339 3340 3360
f 3360 3340 3361
f 3363 3362 3343
f 3343 3362 3342
f 3343 3337 3358
f 3343 3358 3363
f 3364 3361 3340
f 3364 3340 3344
f 3344 3345 3364
f 3364 3345 3365
f 3362 3346 3342
f 3366 3346 3362
f 3347 3365 3345
f 3347 3367 3365
f 3366 3348 3346
f 3368 3348 3366
f 3349 3367 3347
f 3349 3369 3367
f 3368 3370 3348
f 3348 3370 3350
f 3351 3350 3370
f 3351 3370 3371
f 3374 3373 3372
f 3373 3369 3372
f 3369 3352 3372
f 3369 3349 3352
f 3376 3353 3375
f 3353 3371 3375
f 3353 3351 3371
f 3378 3377 3376
f 3378 3376 3375
f 3377 3378 3374
f 3377 3374 3372
f 3355 3377 3372
f 3354 3355 3372
f 3354 3372 3352
f 3376 3356 3353
f 3356 3376 3357
f 3357 3376 3377
f 3357 3377 3355
f 3381 3380 3379
f 3379 3382 3381
f 3385 3384 3383
f 3385 3383 3380
f 3380 3383 3379
f 3383 3358 3379
f 3358 3359 3379
f 3386 3382 3379
f 3359 3386 3379
f 3360 3386 3359
f 3360 3361 3386
f 3386 3361 3387
f 3383 3384 3363
f 3384 3362 3363
f 3384 3388 3362
f 3383 3363 3358
f 3389 3387 3361
f 3389 3361 3364
f 3364 3365 3389
f 3389 3365 3390
f 3388 3366 3362
f 3391 3366 3388
f 3367 3390 3365
f 3367 3392 3390
f 3391 3368 3366
f 3393 3368 3391
f 3369 3392 3367
f 3369 3394 3392
f 3393 3395 3368
f 3368 3395 3370
f 3371 3370 3395
f 3371 3395 3396
f 3398 3397 3373
f 3398 3373 3374
f 3369 3373 3394
f 3394 3373 3397
f 3396 3399 3371
f 3371 3399 3375
f 3375 3400 3378
f 3399 3400 3375
f 3374 3378 3398
f 3398 3378 3400
f 3402 3401 3381
f 3381 3401 3380
f 3404 3403 3382
f 3403 3381 3382
f 3403 3402 3381
f 3404 3405 3403
f 3407 3406 3385
f 3385 3406 3384
f 3385 3380 3401
f 3385 3401 3407
f 3386 3404 3382
f 3386 3387 3404
f 3387 3405 3404
f 3387 3408 3405
f 3406 3388 3384
f 3409 3388 3406
f 3387 3389 3410
f 3411 3387 3410
f 3408 3387 3411
f 3390 3410 3389
f 3409 3391 3388
f 3412 3391 3409
f 3411 3410 3413
f 3411 3413 3414
f 3392 3413 3390
f 3390 3413 3410
f 3412 3393 3391
f 3415 3393 3412
f 3414 3413 3416
f 3414 3416 3417
f 3394 3416 3392
f 3392 3416 3413
f 3415 3418 3393
f 3393 3418 3395
f 3396 3395 3418
f 3396 3418 3419
f 3417 3416 3397
f 3398 3417 3397
f 3420 3417 3398
f 3397 3416 3394
f 3419 3421 3396
f 3396 3421 3399
f 3399 3422 3400
f 3421 3422 3399
f 3398 3400 3420
f 3420 3400 3422
f 3425 3424 3423
f 3401 3402 3423
f 3402 3425 3423
f 3402 3426 3425
f 3427 3402 3403
f 3427 3426 3402
f 3403 3405 3427
f 3427 3405 3428
f 3423 3424 3407
f 3424 3406 3407
f 3424 3429 3406
f 3423 3407 3401
f 3408 3428 3405
f 3408 3430 3428
f 3429 3409 3406
f 3431 3409 3429
f 3411 3430 3408
f 3411 3432 3430
f 3431 3412 3409
f 3433 3412 3431
f 3414 3432 3411
f 3414 3434 3432
f 3433 3415 3412
f 3435 3415 3433
f 3417 3434 3414
f 3417 3436 3434
f 3435 3437 3415
f 3415 3437 3418
f 3419 3418 3437
f 3419 3437 3438
f 3420 3436 3417
f 3420 3439 3436
f 3438 3440 3419
f 3419 3440 3421
f 3421 3441 3422
f 3440 3441 3421
f 3420 3422 3439
f 3439 3422 3441
f 3443 3442 3425
f 3425 3442 3424
f 3444 3425 3426
f 3444 3443 3425
f 3445 3426 3427
f 3445 3444 3426
f 3427 3428 3445
f 3445 3428 3446
f 3442 3429 3424
f 3447 3429 3442
f 3430 3446 3428
f 3430 3448 3446
f 3447 3431 3429
f 3449 3431 3447
f 3432 3448 3430
f 3432 3450 3448
f 3449 3433 3431
f 3451 3433 3449
f 3434 3450 3432
f 3434 3452 3450
f 3451 3435 3433
f 3453 3435 3451
f 3436 3452 3434
f 3436 3454 3452
f 3453 3455 3435
f 3435 3455 3437
f 3438 3437 3455
f 3438 3455 3456
f 3459 3458 3457
f 3458 3454 3457
f 3454 3439 3457
f 3454 3436 3439
f 3456 3460 3438
f 3438 3460 3440
f 3457 3441 3459
f 3441 3460 3459
f 3441 3440 3460
f 3441 3457 3439
f 3462 3461 3443
f 3443 3461 3442
f 3463 3443 3444
f 3463 3462 3443
f 3464 3444 3445
f 3464 3463 3444
f 3445 3446 3464
f 3464 3446 3465
f 3461 3447 3442
f 3466 3447 3461
f 3448 3465 3446
f 3448 3467 3465
f 3466 3449 3447
f 3468 3449 3466
f 3450 3467 3448
f 3450 3469 3467
f 3468 3451 3449
f 3470 3451 3468
f 3452 3469 3450
f 3452 3471 3469
f 3470 3453 3451
f 3472 3453 3470
f 3454 3471 3452
f 3454 3473 3471
f 3472 3474 3453
f 3453 3474 3455
f 3476 3475 3456
f 3455 3476 3456
f 3474 3476 3455
f 3458 3459 3475
f 3476 3458 3475
f 3477 3458 3476
f 3454 3458 3473
f 3473 3458 3477
f 3475 3460 3456
f 3460 3475 3459
f 3480 3479 3478
f 3482 3481 3478
f 3478 3481 3480
f 3482 3483 3481
f 3478 3479 3462
f 3479 3461 3462
f 3479 3484 3461
f 3478 3462 3463
f 3478 3463 3482
f 3485 3483 3482
f 3463 3485 3482
f 3464 3485 3463
f 3464 3465 3485
f 3485 3465 3486
f 3484 3466 3461
f 3487 3466 3484
f 3467 3486 3465
f 3467 3488 3486
f 3487 3468 3466
f 3489 3468 3487
f 3469 3488 3467
f 3469 3490 3488
f 3489 3470 3468
f 3491 3470 3489
f 3471 3490 3469
f 3471 3492 3490
f 3491 3472 3470
f 3493 3472 3491
f 3473 3492 3471
f 3473 3494 3492
f 3493 3495 3472
f 3472 3495 3474
f 3474 3496 3476
f 3495 3496 3474
f 3476 3497 3477
f 3496 3497 3476
f 3473 3477 3494
f 3494 3477 3497
f 3499 3498 3480
f 3480 3498 3479
f 3500 3480 3481
f 3500 3499 3480
f 3481 3483 3500
f 3500 3483 3501
f 3498 3484 3479
f 3502 3484 3498
f 3503 3501 3483
f 3503 3483 3485
f 3485 3486 3503
f 3503 3486 3504
f 3507 3506 3505
f 3502 3507 3505
f 3487 3502 3505
f 3484 3502 3487
f 3488 3504 3486
f 3488 3508 3504
f 3505 3506 3509
f 3509 3506 3510
f 3509 3489 3487
f 3509 3487 3505
f 3490 3508 3488
f 3490 3511 3508
f 3510 3512 3509
f 3489 3509 3512
f 3513 3489 3512
f 3491 3489 3513
f 3492 3511 3490
f 3492 3514 3511
f 3513 3493 3491
f 3515 3493 3513
f 3518 3517 3516
f 3517 3514 3516
f 3514 3494 3516
f 3514 3492 3494
f 3515 3519 3493
f 3493 3519 3495
f 3495 3520 3496
f 3519 3520 3495
f 3516 3497 3518
f 3497 3520 3518
f 3497 3496 3520
f 3497 3516 3494
f 3522 3521 3499
f 3499 3521 3498
f 3523 3499 3500
f 3523 3522 3499
f 3500 3501 3523
f 3523 3501 3524
f 3527 3526 3525
f 3521 3527 3525
f 3502 3521 3525
f 3498 3521 3502
f 3528 3524 3501
f 3528 3501 3503
f 3503 3504 3528
f 3528 3504 3529
f 3525 3526 3507
f 3526 3506 3507
f 3526 3530 3506
f 3525 3507 3502
f 3508 3529 3504
f 3508 3531 3529
f 3530 3510 3506
f 3532 3510 3530
f 3511 3531 3508
f 3511 3533 3531
f 3532 3534 3510
f 3510 3534 3512
f 3513 3512 3534
f 3513 3534 3535
f 3514 3533 3511
f 3514 3536 3533
f 3538 3515 3537
f 3515 3535 3537
f 3515 3513 3535
f 3539 3538 3537
f 3541 3540 3517
f 3541 3517 3518
f 3514 3517 3536
f 3536 3517 3540
f 3538 3519 3515
f 3539 3542 3538
f 3542 3519 3538
f 3542 3520 3519
f 3518 3520 3541
f 3541 3520 3542
f 3544 3543 3522
f 3522 3543 3521
f 3545 3522 3523
f 3545 3544 3522
f 3523 3524 3545
f 3545 3524 3546
f 3548 3547 3527
f 3527 3547 3526
f 3527 3521 3543
f 3527 3543 3548
f 3549 3546 3524
f 3549 3524 3528
f 3528 3529 3549
f 3549 3529 3550
f 3547 3530 3526
f 3551 3530 3547
f 3531 3550 3529
f 3531 3552 3550
f 3551 3532 3530
f 3553 3532 3551
f 3533 3552 3531
f 3533 3554 3552
f 3553 3555 3532
f 3532 3555 3534
f 3535 3534 3555
f 3535 3555 3556
f 3559 3558 3557
f 3558 3554 3557
f 3554 3536 3557
f 3554 3533 3536
f 3556 3560 3535
f 3535 3560 3537
f 3562 3561 3539
f 3537 3562 3539
f 3560 3562 3537
f 3561 3562 3559
f 3561 3559 3557
f 3541 3561 3557
f 3540 3541 3557
f 3540 3557 3536
f 3561 3542 3539
f 3542 3561 3541
f 3564 3563 3544
f 3544 3563 3543
f 3565 3544 3545
f 3565 3564 3544
f 3545 3546 3565
f 3565 3546 3566
f 3568 3567 3548
f 3548 3567 3547
f 3548 3543 3563
f 3548 3563 3568
f 3569 3566 3546
f 3569 3546 3549
f 3549 3550 3569
f 3569 3550 3570
f 3567 3551 3547
f 3571 3551 3567
f 3552 3570 3550
f 3552 3572 3570
f 3571 3553 3551
f 3573 3553 3571
f 3554 3572 3552
f 3554 3574 3572
f 3573 3575 3553
f 3553 3575 3555
f 3556 3555 3575
f 3556 3575 3576
f 3578 3577 3558
f 3578 3558 3559
f 3554 3558 3574
f 3574 3558 3577
f 3576 3579 3556
f 3556 3579 3560
f 3560 3580 3562
f 3579 3580 3560
f 3559 3562 3578
f 3578 3562 3580
f 3582 3581 3564
f 3564 3581 3563
f 3583 3564 3565
f 3583 3582 3564
f 3565 3566 3583
f 3583 3566 3584
f 3586 3585 3568
f 3568 3585 3567
f 3568 3563 3581
f 3568 3581 3586
f 3587 3584 3566
f 3587 3566 3569
f 3569 3570 3587
f 3587 3570 3588
f 3585 3571 3567
f 3589 3571 3585
f 3572 3588 3570
f 3572 3590 3588
f 3589 3573 3571
f 3591 3573 3589
f 3574 3590 3572
f 3574 3592 3590
f 3591 3593 3573
f 3573 3593 3575
f 3576 3575 3593
f 3576 3593 3594
f 3596 3595 3577
f 3596 3577 3578
f 3574 3577 3592
f 3592 3577 3595
f 3594 3597 3576
f 3576 3597 3579
f 3579 3598 3580
f 3597 3598 3579
f 3578 3580 3596
f 3596 3580 3598
f 3600 3599 3582
f 3582 3599 3581
f 3601 3582 3583
f 3601 3600 3582
f 3583 3584 3601
f 3601 3584 3602
f 3604 3603 3586
f 3586 3603 3585
f 3586 3581 3599
f 3586 3599 3604
f 3605 3602 3584
f 3605 3584 3587
f 3587 3588 3605
f 3605 3588 3606
f 3603 3589 3585
f 3607 3589 3603
f 3590 3606 3588
f 3590 3608 3606
f 3607 3591 3589
f 3609 3591 3607
f 3592 3608 3590
f 3592 3610 3608
f 3609 3611 3591
f 3591 3611 3593
f 3594 3593 3611
f 3594 3611 3612
f 3614 3613 3595
f 3614 3595 3596
f 3592 3595 3610
f 3610 3595 3613
f 3612 3615 3594
f 3594 3615 3597
f 3597 3616 3598
f 3615 3616 3597
f 3596 3598 3614
f 3614 3598 3616
f 3618 3617 3600
f 3600 3617 3599
f 3619 3600 3601
f 3619 3618 3600
f 3621 3620 3602
f 3620 3601 3602
f 3620 3619 3601
f 3621 3622 3620
f 3623 3603 3604
f 3624 3623 3604
f 3599 3624 3604
f 3617 3624 3599
f 3605 3621 3602
f 3605 3606 3621
f 3606 3622 3621
f 3606 3625 3622
f 3627 3626 3623
f 3626 3603 3623
f 3626 3607 3603
f 3627 3623 3624
f 3608 3625 3606
f 3608 3628 3625
f 3630 3609 3629
f 3609 3626 3629
f 3609 3607 3626
f 3631 3630 3629
f 3610 3628 3608
f 3610 3632 3628
f 3630 3611 3609
f 3612 3611 3630
f 3631 3612 3630
f 3633 3612 3631
f 3614 3634 3613
f 3634 3635 3613
f 3635 3610 3613
f 3635 3632 3610
f 3633 3636 3612
f 3612 3636 3615
f 3615 3637 3616
f 3636 3637 3615
f 3614 3616 3634
f 3616 3638 3634
f 3616 3637 3638
f 3634 3638 3635
f 3640 3639 3618
f 3618 3639 3617
f 3641 3618 3619
f 3641 3640 3618
f 3642 3619 3620
f 3642 3641 3619
f 3620 3622 3642
f 3642 3622 3643
f 3639 3624 3617
f 3644 3624 3639
f 3625 3643 3622
f 3625 3645 3643
f 3646 3626 3627
f 3647 3646 3627
f 3624 3647 3627
f 3644 3647 3624
f 3628 3645 3625
f 3628 3648 3645
f 3646 3629 3626
f 3631 3629 3646
f 3647 3631 3646
f 3649 3631 3647
f 3632 3648 3628
f 3632 3650 3648
f 3649 3633 3631
f 3651 3633 3649
f 3635 3650 3632
f 3635 3652 3650
f 3651 3653 3633
f 3633 3653 3636
f 3636 3654 3637
f 3653 3654 3636
f 3637 3655 3638
f 3654 3655 3637
f 3635 3638 3652
f 3652 3638 3655
f 3657 3656 3640
f 3640 3656 3639
f 3658 3640 3641
f 3658 3657 3640
f 3659 3641 3642
f 3659 3658 3641
f 3642 3643 3659
f 3659 3643 3660
f 3656 3644 3639
f 3661 3644 3656
f 3645 3660 3643
f 3645 3662 3660
f 3661 3647 3644
f 3663 3647 3661
f 3648 3662 3645
f 3648 3664 3662
f 3663 3649 3647
f 3665 3649 3663
f 3650 3664 3648
f 3650 3666 3664
f 3665 3651 3649
f 3667 3651 3665
f 3652 3666 3650
f 3652 3668 3666
f 3667 3669 3651
f 3651 3669 3653
f 3653 3670 3654
f 3669 3670 3653
f 3654 3671 3655
f 3670 3671 3654
f 3652 3655 3668
f 3668 3655 3671
f 3673 3672 3657
f 3657 3672 3656
f 3674 3657 3658
f 3674 3673 3657
f 3675 3658 3659
f 3675 3674 3658
f 3659 3660 3675
f 3675 3660 3676
f 3672 3661 3656
f 3677 3661 3672
f 3662 3676 3660
f 3662 3678 3676
f 3677 3663 3661
f 3679 3663 3677
f 3664 3678 3662
f 3664 3680 3678
f 3679 3665 3663
f 3681 3665 3679
f 3666 3680 3664
f 3666 3682 3680
f 3681 3667 3665
f 3683 3667 3681
f 3668 3682 3666
f 3668 3684 3682
f 3683 3685 3667
f 3667 3685 3669
f 3669 3686 3670
f 3685 3686 3669
f 3670 3687 3671
f 3686 3687 3670
f 3668 3671 3684
f 3684 3671 3687
f 3689 3688 3673
f 3673 3688 3672
f 3690 3673 3674
f 3690 3689 3673
f 3691 3674 3675
f 3691 3690 3674
f 3675 3676 3691
f 3691 3676 3692
f 3688 3677 3672
f 3693 3677 3688
f 3678 3692 3676
f 3678 3694 3692
f 3693 3679 3677
f 3695 3679 3693
f 3680 3694 3678
f 3680 3696 3694
f 3695 3681 3679
f 3697 3681 3695
f 3682 3696 3680
f 3682 3698 3696
f 3697 3683 3681
f 3699 3683 3697
f 3684 3698 3682
f 3684 3700 3698
f 3699 3701 3683
f 3683 3701 3685
f 3685 3702 3686
f 3701 3702 3685
f 3686 3703 3687
f 3702 3703 3686
f 3684 3687 3700
f 3700 3687 3703
f 3704 3688 3689
f 3704 3689 3705
f 3689 3706 3705
f 3689 3690 3706
f 3707 3690 3691
f 3707 3706 3690
f 3691 3692 3707
f 3707 3692 3708
f 3710 3709 3704
f 3709 3688 3704
f 3709 3693 3688
f 3710 3704 3705
f 3694 3708 3692
f 3694 3711 3708
f 3709 3695 3693
f 3712 3695 3709
f 3696 3714 3713
f 3711 3696 3713
f 3694 3696 3711
f 3714 3715 3713
f 3712 3697 3695
f 3716 3697 3712
f 3718 3717 3714
f 3696 3718 3714
f 3698 3718 3696
f 3714 3717 3715
f 3716 3699 3697
f 3719 3699 3716
f 3700 3718 3698
f 3700 3720 3718
f 3719 3721 3699
f 3699 3721 3701
f 3701 3722 3702
f 3721 3722 3701
f 3702 3723 3703
f 3722 3723 3702
f 3700 3703 3720
f 3720 3703 3723
f 3725 3724 3706
f 3706 3724 3705
f 3726 3706 3707
f 3726 3725 3706
f 3707 3708 3726
f 3726 3708 3727
f 3729 3728 3710
f 3710 3728 3709
f 3710 3705 3724
f 3710 3724 3729
f 3711 3731 3730
f 3727 3711 3730
f 3708 3711 3727
f 3731 3732 3730
f 3728 3712 3709
f 3733 3712 3728
f 3713 3731 3711
f 3713 3715 3731
f 3715 3732 3731
f 3715 3734 3732
f 3733 3716 3712
f 3735 3716 3733
f 3718 3736 3717
f 3736 3737 3717
f 3737 3715 3717
f 3737 3734 3715
f 3735 3719 3716
f 3738 3719 3735
f 3740 3739 3736
f 3718 3740 3736
f 3720 3740 3718
f 3736 3739 3737
f 3738 3741 3719
f 3719 3741 3721
f 3721 3742 3722
f 3741 3742 3721
f 3722 3743 3723
f 3742 3743 3722
f 3720 3723 3740
f 3740 3723 3743
f 3745 3744 3725
f 3725 3744 3724
f 3746 3725 3726
f 3746 3745 3725
f 3726 3727 3746
f 3746 3727 3747
f 3749 3748 3729
f 3729 3748 3728
f 3729 3724 3744
f 3729 3744 3749
f 3750 3747 3727
f 3750 3727 3730
f 3730 3732 3750
f 3750 3732 3751
f 3748 3733 3728
f 3752 3733 3748
f 3734 3751 3732
f 3734 3753 3751
f 3752 3735 3733
f 3754 3735 3752
f 3737 3753 3734
f 3737 3755 3753
f 3757 3738 3756
f 3738 3754 3756
f 3738 3735 3754
f 3758 3757 3756
f 3760 3759 3739
f 3760 3739 3740
f 3737 3739 3755
f 3755 3739 3759
f 3757 3741 3738
f 3758 3761 3757
f 3761 3741 3757
f 3761 3742 3741
f 3742 3762 3743
f 3761 3762 3742
f 3740 3743 3760
f 3760 3743 3762
f 3764 3763 3745
f 3745 3763 3744
f 3765 3745 3746
f 3765 3764 3745
f 3746 3747 3765
f 3765 3747 3766
f 3768 3767 3749
f 3749 3767 3748
f 3749 3744 3763
f 3749 3763 3768
f 3769 3766 3747
f 3769 3747 3750
f 3750 3751 3769
f 3769 3751 3770
f 3767 3752 3748
f 3771 3752 3767
f 3753 3770 3751
f 3753 3772 3770
f 3771 3754 3752
f 3773 3754 3771
f 3755 3772 3753
f 3755 3774 3772
f 3773 3775 3754
f 3754 3775 3756
f 3758 3756 3775
f 3758 3775 3776
f 3760 3777 3759
f 3777 3778 3759
f 3778 3755 3759
f 3778 3774 3755
f 3776 3779 3758
f 3758 3779 3761
f 3761 3780 3762
f 3779 3780 3761
f 3760 3762 3777
f 3762 3781 3777
f 3762 3780 3781
f 3777 3781 3778
f 3783 3782 3764
f 3764 3782 3763
f 3784 3764 3765
f 3784 3783 3764
f 3765 3766 3784
f 3784 3766 3785
f 3786 3767 3768
f 3787 3786 3768
f 3763 3787 3768
f 3782 3787 3763
f 3788 3785 3766
f 3788 3766 3769
f 3769 3770 3788
f 3788 3770 3789
f 3791 3790 3786
f 3790 3767 3786
f 3790 3771 3767
f 3791 3786 3787
f 3772 3789 3770
f 3772 3792 3789
f 3794 3773 3793
f 3773 3790 3793
f 3773 3771 3790
f 3795 3794 3793
f 3774 3792 3772
f 3774 3796 3792
f 3794 3775 3773
f 3776 3775 3794
f 3795 3776 3794
f 3797 3776 3795
f 3778 3796 3774
f 3778 3798 3796
f 3797 3799 3776
f 3776 3799 3779
f 3799 3801 3800
f 3780 3799 3800
f 3779 3799 3780
f 3780 3800 3802
f 3803 3780 3802
f 3781 3780 3803
f 3778 3781 3798
f 3798 3781 3803
f 3801 3804 3800
f 3800 3804 3802
f 3806 3805 3783
f 3783 3805 3782
f 3807 3783 3784
f 3807 3806 3783
f 3784 3785 3807
f 3807 3785 3808
f 3805 3787 3782
f 3809 3787 3805
f 3810 3808 3785
f 3810 3785 3788
f 3788 3789 3810
f 3810 3789 3811
f 3812 3790 3791
f 3813 3812 3791
f 3787 3813 3791
f 3809 3813 3787
f 3792 3811 3789
f 3792 3814 3811
f 3812 3793 3790
f 3795 3793 3812
f 3813 3795 3812
f 3815 3795 3813
f 3796 3814 3792
f 3796 3816 3814
f 3815 3797 3795
f 3817 3797 3815
f 3798 3816 3796
f 3798 3818 3816
f 3817 3819 3797
f 3797 3819 3799
f 3801 3799 3819
f 3801 3819 3820
f 3822 3821 3803
f 3822 3803 3802
f 3798 3803 3818
f 3818 3803 3821
f 3820 3823 3801
f 3801 3823 3804
f 3802 3804 3822
f 3822 3804 3823
f 3825 3824 3806
f 3806 3824 3805
f 3826 3806 3807
f 3826 3825 3806
f 3828 3827 3808
f 3827 3807 3808
f 3827 3826 3807
f 3828 3829 3827
f 3824 3809 3805
f 3830 3809 3824
f 3810 3828 3808
f 3810 3811 3828
f 3811 3829 3828
f 3811 3831 3829
f 3830 3813 3809
f 3832 3813 3830
f 3814 3831 3811
f 3814 3833 3831
f 3832 3815 3813
f 3834 3815 3832
f 3816 3833 3814
f 3816 3835 3833
f 3834 3817 3815
f 3836 3817 3834
f 3818 3835 3816
f 3818 3837 3835
f 3836 3838 3817
f 3817 3838 3819
f 3820 3819 3838
f 3820 3838 3839
f 3841 3840 3821
f 3841 3821 3822
f 3818 3821 3837
f 3837 3821 3840
f 3839 3842 3820
f 3820 3842 3823
f 3822 3823 3841
f 3841 3823 3842
f 3843 3824 3825
f 3843 3825 3844
f 3825 3845 3844
f 3825 3826 3845
f 3846 3826 3827
f 3846 3845 3826
f 3827 3829 3846
f 3846 3829 3847
f 3849 3848 3843
f 3848 3824 3843
f 3848 3830 3824
f 3849 3843 3844
f 3831 3847 3829
f 3831 3850 3847
f 3848 3832 3830
f 3851 3832 3848
f 3833 3850 3831
f 3833 3852 3850
f 3851 3834 3832
f 3853 3834 3851
f 3835 3852 3833
f 3835 3854 3852
f 3853 3836 3834
f 3855 3836 3853
f 3837 3854 3835
f 3837 3856 3854
f 3855 3857 3836
f 3836 3857 3838
f 3839 3838 3857
f 3839 3857 3858
f 3860 3859 3840
f 3860 3840 3841
f 3837 3840 3856
f 3856 3840 3859
f 3858 3861 3839
f 3839 3861 3842
f 3841 3842 3860
f 3860 3842 3861
f 3863 3862 3845
f 3845 3862 3844
f 3864 3845 3846
f 3864 3863 3845
f 3846 3847 3864
f 3864 3847 3865
f 3867 3866 3849
f 3849 3866 3848
f 3849 3844 3862
f 3849 3862 3867
f 3850 3865 3847
f 3850 3868 3865
f 3866 3851 3848
f 3869 3851 3866
f 3852 3871 3870
f 3868 3852 3870
f 3850 3852 3868
f 3871 3872 3870
f 3869 3853 3851
f 3873 3853 3869
f 3875 3874 3871
f 3852 3875 3871
f 3854 3875 3852
f 3871 3874 3872
f 3873 3855 3853
f 3876 3855 3873
f 3856 3875 3854
f 3856 3877 3875
f 3876 3878 3855
f 3855 3878 3857
f 3858 3857 3878
f 3858 3878 3879
f 3860 3880 3859
f 3880 3881 3859
f 3881 3856 3859
f 3881 3877 3856
f 3879 3882 3858
f 3858 3882 3861
f 3860 3861 3880
f 3861 3883 3880
f 3861 3882 3883
f 3880 3883 3881
f 3885 3884 3863
f 3863 3884 3862
f 3886 3863 3864
f 3886 3885 3863
f 3864 3865 3886
f 3886 3865 3887
f 3889 3888 3867
f 3867 3888 3866
f 3867 3862 3884
f 3867 3884 3889
f 3868 3887 3865
f 3868 3890 3887
f 3888 3869 3866
f 3891 3869 3888
f 3892 3890 3868
f 3892 3868 3870
f 3870 3872 3892
f 3892 3872 3893
f 3891 3873 3869
f 3894 3873 3891
f 3875 3895 3874
f 3895 3896 3874
f 3896 3872 3874
f 3896 3893 3872
f 3894 3876 3873
f 3897 3876 3894
f 3899 3898 3895
f 3875 3899 3895
f 3877 3899 3875
f 3895 3898 3896
f 3897 3900 3876
f 3876 3900 3878
f 3879 3878 3900
f 3879 3900 3901
f 3881 3899 3877
f 3881 3902 3899
f 3901 3903 3879
f 3879 3903 3882
f 3882 3904 3883
f 3903 3904 3882
f 3881 3883 3902
f 3902 3883 3904
f 3906 3905 3885
f 3885 3905 3884
f 3907 3885 3886
f 3907 3906 3885
f 3886 3887 3907
f 3907 3887 3908
f 3910 3909 3889
f 3889 3909 3888
f 3889 3884 3905
f 3889 3905 3910
f 3890 3912 3911
f 3908 3890 3911
f 3887 3890 3908
f 3912 3913 3911
f 3909 3891 3888
f 3914 3891 3909
f 3892 3912 3890
f 3892 3893 3912
f 3893 3913 3912
f 3893 3915 3913
f 3914 3894 3891
f 3916 3894 3914
f 3896 3915 3893
f 3896 3917 3915
f 3916 3897 3894
f 3918 3897 3916
f 3899 3919 3898
f 3919 3920 3898
f 3920 3896 3898
f 3920 3917 3896
f 3918 3921 3897
f 3897 3921 3900
f 3901 3900 3921
f 3901 3921 3922
f 3924 3923 3919
f 3899 3924 3919
f 3902 3924 3899
f 3919 3923 3920
f 3922 3925 3901
f 3901 3925 3903
f 3903 3926 3904
f 3925 3926 3903
f 3902 3904 3924
f 3924 3904 3926
f 3928 3927 3906
f 3906 3927 3905
f 3929 3906 3907
f 3929 3928 3906
f 3907 3908 3929
f 3929 3908 3930
f 3931 3909 3910
f 3932 3931 3910
f 3905 3932 3910
f 3927 3932 3905
f 3933 3930 3908
f 3933 3908 3911
f 3911 3913 3933
f 3933 3913 3934
f 3936 3935 3931
f 3935 3909 3931
f 3935 3914 3909
f 3936 3931 3932
f 3915 3934 3913
f 3915 3937 3934
f 3935 3916 3914
f 3938 3916 3935
f 3917 3937 3915
f 3917 3939 3937
f 3941 3918 3940
f 3918 3938 3940
f 3918 3916 3938
f 3942 3941 3940
f 3920 3939 3917
f 3920 3943 3939
f 3941 3921 3918
f 3922 3921 3941
f 3942 3922 3941
f 3944 3922 3942
f 3946 3945 3923
f 3946 3923 3924
f 3920 3923 3943
f 3943 3923 3945
f 3944 3947 3922
f 3922 3947 3925
f 3925 3948 3926
f 3947 3948 3925
f 3924 3926 3946
f 3946 3926 3948
f 3950 3949 3928
f 3928 3949 3927
f 3951 3928 3929
f 3951 3950 3928
f 3929 3930 3951
f 3951 3930 3952
f 3949 3932 3927
f 3953 3932 3949
f 3954 3952 3930
f 3954 3930 3933
f 3933 3934 3954
f 3954 3934 3955
f 3957 3956 3936
f 3936 3956 3935
f 3936 3932 3953
f 3936 3953 3957
f 3937 3955 3934
f 3937 3958 3955
f 3956 3938 3935
f 3959 3938 3956
f 3939 3958 3937
f 3939 3960 3958
f 3959 3961 3938
f 3938 3961 3940
f 3942 3940 3961
f 3942 3961 3962
f 3943 3960 3939
f 3943 3963 3960
f 3962 3944 3942
f 3964 3944 3962
f 3966 3965 3945
f 3966 3945 3946
f 3943 3945 3963
f 3963 3945 3965
f 3964 3967 3944
f 3944 3967 3947
f 3947 3968 3948
f 3967 3968 3947
f 3946 3948 3966
f 3966 3948 3968
f 3969 3949 3950
f 3969 3950 3970
f 3950 3971 3970
f 3950 3951 3971
f 3951 3952 3971
f 3971 3952 3972
f 3974 3973 3969
f 3973 3949 3969
f 3973 3953 3949
f 3974 3969 3970
f 3975 3972 3952
f 3975 3952 3954
f 3954 3955 3975
f 3975 3955 3976
f 3977 3956 3957
f 3978 3977 3957
f 3953 3978 3957
f 3973 3978 3953
f 3958 3976 3955
f 3958 3979 3976
f 3980 3959 3977
f 3977 3959 3956
f 3977 3978 3981
f 3977 3981 3980
f 3960 3979 3958
f 3960 3982 3979
f 3980 3961 3959
f 3962 3961 3980
f 3981 3962 3980
f 3983 3962 3981
f 3963 3982 3960
f 3963 3984 3982
f 3983 3964 3962
f 3985 3964 3983
f 3987 3986 3965
f 3987 3965 3966
f 3963 3965 3984
f 3984 3965 3986
f 3985 3988 3964
f 3964 3988 3967
f 3967 3989 3968
f 3988 3989 3967
f 3966 3968 3987
f 3987 3968 3989
f 3991 3990 3971
f 3971 3990 3970
f 3971 3972 3991
f 3991 3972 3992
f 3994 3993 3974
f 3974 3993 3973
f 3974 3970 3990
f 3974 3990 3994
f 3995 3992 3972
f 3995 3972 3975
f 3975 3976 3995
f 3995 3976 3996
f 3993 3978 3973
f 3997 3978 3993
f 3979 3996 3976
f 3979 3998 3996
f 3997 3981 3978
f 3999 3981 3997
f 3982 3998 3979
f 3982 4000 3998
f 3999 3983 3981
f 4001 3983 3999
f 3984 4000 3982
f 3984 4002 4000
f 4001 3985 3983
f 4003 3985 4001
f 3987 4004 3986
f 4004 4005 3986
f 4005 3984 3986
f 4005 4002 3984
f 4003 4006 3985
f 3985 4006 3988
f 3988 4007 3989
f 4006 4007 3988
f 3987 3989 4004
f 3989 4008 4004
f 3989 4007 4008
f 4004 4008 4005
f 4009 3990 3991
f 3992 4009 3991
f 4011 4010 3994
f 3994 4010 3993
f 3994 3990 4009
f 4012 3994 4009
f 4011 3994 4012
f 4012 4009 3992
f 3995 4012 3992
f 4013 4012 3995
f 3995 3996 4013
f 4013 3996 4014
f 4010 3997 3993
f 4015 3997 4010
f 3998 4014 3996
f 3998 4016 4014
f 4015 3999 3997
f 4017 3999 4015
f 4000 4016 3998
f 4000 4018 4016
f 4017 4001 3999
f 4019 4001 4017
f 4002 4018 4000
f 4002 4020 4018
f 4019 4003 4001
f 4021 4003 4019
f 4005 4020 4002
f 4005 4022 4020
f 4021 4023 4003
f 4003 4023 4006
f 4006 4024 4007
f 4023 4024 4006
f 4007 4025 4008
f 4024 4025 4007
f 4005 4008 4022
f 4022 4008 4025
f 4027 4026 4011
f 4011 4026 4010
f 4028 4011 4012
f 4028 4027 4011
f 4029 4012 4013
f 4029 4028 4012
f 4013 4014 4029
f 4029 4014 4030
f 4026 4015 4010
f 4031 4015 4026
f 4016 4030 4014
f 4016 4032 4030
f 4031 4017 4015
f 4033 4017 4031
f 4018 4032 4016
f 4018 4034 4032
f 4033 4019 4017
f 4035 4019 4033
f 4020 4034 4018
f 4020 4036 4034
f 4035 4021 4019
f 4037 4021 4035
f 4022 4036 4020
f 4022 4038 4036
f 4037 4039 4021
f 4021 4039 4023
f 4023 4040 4024
f 4039 4040 4023
f 4024 4041 4025
f 4040 4041 4024
f 4022 4025 4038
f 4038 4025 4041
f 4043 4042 4027
f 4027 4042 4026
f 4044 4027 4028
f 4044 4043 4027
f 4045 4028 4029
f 4045 4044 4028
f 4029 4030 4045
f 4045 4030 4046
f 4042 4031 4026
f 4047 4031 4042
f 4032 4049 4048
f 4046 4032 4048
f 4030 4032 4046
f 4049 4050 4048
f 4047 4033 4031
f 4051 4033 4047
f 4034 4052 4049
f 4034 4049 4032
f 4050 4049 4053
f 4053 4049 4052
f 4051 4035 4033
f 4054 4035 4051
f 4036 4055 4052
f 4036 4052 4034
f 4053 4052 4056
f 4056 4052 4055
f 4058 4037 4057
f 4037 4054 4057
f 4037 4035 4054
f 4059 4058 4057
f 4061 4060 4055
f 4036 4061 4055
f 4038 4061 4036
f 4055 4060 4056
f 4058 4039 4037
f 4059 4062 4058
f 4062 4039 4058
f 4062 4040 4039
f 4040 4063 4041
f 4062 4063 4040
f 4038 4041 4061
f 4061 4041 4063
f 4064 4042 4043
f 4064 4043 4065
f 4043 4066 4065
f 4043 4044 4066
f 4067 4044 4045
f 4067 4066 4044
f 4045 4046 4067
f 4067 4046 4068
f 4070 4069 4064
f 4069 4042 4064
f 4069 4047 4042
f 4070 4064 4065
f 4071 4068 4046
f 4071 4046 4048
f 4048 4050 4071
f 4071 4050 4072
f 4069 4051 4047
f 4073 4051 4069
f 4053 4072 4050
f 4053 4074 4072
f 4073 4054 4051
f 4075 4054 4073
f 4056 4074 4053
f 4056 4076 4074
f 4075 4077 4054
f 4054 4077 4057
f 4059 4057 4077
f 4059 4077 4078
f 4080 4079 4060
f 4080 4060 4061
f 4056 4060 4076
f 4076 4060 4079
f 4078 4081 4059
f 4059 4081 4062
f 4062 4082 4063
f 4081 4082 4062
f 4061 4063 4080
f 4080 4063 4082
f 4084 4083 4066
f 4066 4083 4065
f 4085 4066 4067
f 4085 4084 4066
f 4067 4068 4085
f 4085 4068 4086
f 4088 4087 4070
f 4070 4087 4069
f 4070 4065 4083
f 4070 4083 4088
f 4089 4086 4068
f 4089 4068 4071
f 4071 4072 4089
f 4089 4072 4090
f 4087 4073 4069
f 4091 4073 4087
f 4074 4090 4072
f 4074 4092 4090
f 4091 4075 4073
f 4093 4075 4091
f 4076 4092 4074
f 4076 4094 4092
f 4093 4095 4075
f 4075 4095 4077
f 4078 4077 4095
f 4078 4095 4096
f 4098 4097 4079
f 4098 4079 4080
f 4076 4079 4094
f 4094 4079 4097
f 4096 4099 4078
f 4078 4099 4081
f 4081 4100 4082
f 4099 4100 4081
f 4080 4082 4098
f 4098 4082 4100
f 4102 4101 4084
f 4084 4101 4083
f 4103 4084 4085
f 4103 4102 4084
f 4085 4086 4103
f 4103 4086 4104
f 4105 4087 4088
f 4106 4105 4088
f 4083 4106 4088
f 4101 4106 4083
f 4107 4104 4086
f 4107 4086 4089
f 4089 4090 4107
f 4107 4090 4108
f 4110 4109 4105
f 4109 4087 4105
f 4109 4091 4087
f 4110 4105 4106
f 4092 4108 4090
f 4092 4111 4108
f 4109 4093 4091
f 4112 4093 4109
f 4094 4111 4092
f 4094 4113 4111
f 4112 4114 4093
f 4093 4114 4095
f 4096 4095 4114
f 4096 4114 4115
f 4098 4116 4097
f 4116 4117 4097
f 4117 4094 4097
f 4117 4113 4094
f 4115 4118 4096
f 4096 4118 4099
f 4118 4120 4119
f 4100 4118 4119
f 4099 4118 4100
f 4119 4121 4100
f 4100 4121 4098
f 4121 4122 4098
f 4122 4116 4098
f 4116 4122 4117
f 4120 4123 4119
f 4119 4123 4121
f 4125 4124 4102
f 4102 4124 4101
f 4126 4102 4103
f 4126 4125 4102
f 4103 4104 4126
f 4126 4104 4127
f 4124 4106 4101
f 4128 4106 4124
f 4129 4127 4104
f 4129 4104 4107
f 4107 4108 4129
f 4129 4108 4130
f 4131 4109 4110
f 4132 4131 4110
f 4106 4132 4110
f 4128 4132 4106
f 4111 4130 4108
f 4111 4133 4130
f 4134 4112 4131
f 4131 4112 4109
f 4131 4132 4135
f 4131 4135 4134
f 4113 4133 4111
f 4113 4136 4133
f 4134 4114 4112
f 4115 4114 4134
f 4135 4115 4134
f 4137 4115 4135
f 4117 4136 4113
f 4117 4138 4136
f 4137 4139 4115
f 4115 4139 4118
f 4120 4118 4139
f 4120 4139 4140
f 4142 4141 4122
f 4142 4122 4121
f 4117 4122 4138
f 4138 4122 4141
f 4140 4143 4120
f 4120 4143 4123
f 4121 4123 4142
f 4142 4123 4143
f 4145 4144 4125
f 4125 4144 4124
f 4146 4125 4126
f 4146 4145 4125
f 4126 4127 4146
f 4146 4127 4147
f 4144 4128 4124
f 4148 4128 4144
f 4149 4147 4127
f 4149 4127 4129
f 4129 4130 4149
f 4149 4130 4150
f 4148 4132 4128
f 4151 4132 4148
f 4133 4150 4130
f 4133 4152 4150
f 4151 4135 4132
f 4153 4135 4151
f 4136 4152 4133
f 4136 4154 4152
f 4153 4137 4135
f 4155 4137 4153
f 4138 4154 4136
f 4138 4156 4154
f 4139 4137 4157
f 4137 4158 4157
f 4137 4155 4158
f 4157 4140 4139
f 4160 4159 4141
f 4160 4141 4142
f 4138 4141 4156
f 4156 4141 4159
f 4158 4161 4157
f 4157 4161 4140
f 4161 4143 4140
f 4161 4162 4143
f 4142 4143 4160
f 4160 4143 4162
f 4163 4144 4145
f 4163 4145 4164
f 4145 4165 4164
f 4145 4146 4165
f 4146 4147 4165
f 4165 4147 4166
f 4168 4167 4163
f 4167 4144 4163
f 4167 4148 4144
f 4168 4163 4164
f 4169 4166 4147
f 4169 4147 4149
f 4149 4150 4169
f 4169 4150 4170
f 4167 4151 4148
f 4171 4151 4167
f 4152 4170 4150
f 4152 4172 4170
f 4171 4153 4151
f 4173 4153 4171
f 4154 4172 4152
f 4154 4174 4172
f 4173 4155 4153
f 4175 4155 4173
f 4156 4174 4154
f 4156 4176 4174
f 4175 4158 4155
f 4177 4158 4175
f 4160 4178 4159
f 4178 4179 4159
f 4179 4156 4159
f 4179 4176 4156
f 4177 4180 4158
f 4158 4180 4161
f 4161 4181 4162
f 4180 4181 4161
f 4160 4162 4178
f 4162 4182 4178
f 4162 4181 4182
f 4178 4182 4179
f 4184 4183 4165
f 4165 4183 4164
f 4165 4166 4184
f 4184 4166 4185
f 4187 4186 4168
f 4168 4186 4167
f 4168 4164 4183
f 4168 4183 4187
f 4188 4185 4166
f 4188 4166 4169
f 4169 4170 4188
f 4188 4170 4189
f 4186 4171 4167
f 4190 4171 4186
f 4172 4189 4170
f 4172 4191 4189
f 4190 4173 4171
f 4192 4173 4190
f 4174 4191 4172
f 4174 4193 4191
f 4192 4175 4173
f 4194 4175 4192
f 4176 4193 4174
f 4176 4195 4193
f 4194 4177 4175
f 4196 4177 4194
f 4179 4195 4176
f 4179 4197 4195
f 4196 4198 4177
f 4177 4198 4180
f 4180 4199 4181
f 4198 4199 4180
f 4181 4200 4182
f 4199 4200 4181
f 4179 4182 4197
f 4197 4182 4200
f 4201 4183 4184
f 4185 4201 4184
f 4203 4202 4187
f 4187 4202 4186
f 4187 4183 4201
f 4204 4187 4201
f 4203 4187 4204
f 4204 4201 4185
f 4188 4204 4185
f 4205 4204 4188
f 4188 4189 4205
f 4205 4189 4206
f 4202 4190 4186
f 4207 4190 4202
f 4191 4206 4189
f 4191 4208 4206
f 4210 4192 4209
f 4192 4207 4209
f 4192 4190 4207
f 4212 4211 4210
f 4212 4210 4209
f 4214 4213 4211
f 4214 4211 4212
f 4214 4208 4213
f 4208 4193 4213
f 4208 4191 4193
f 4215 4194 4210
f 4210 4194 4192
f 4216 4210 4211
f 4215 4210 4216
f 4217 4211 4213
f 4216 4211 4217
f 4195 4217 4193
f 4193 4217 4213
f 4218 4196 4215
f 4215 4196 4194
f 4219 4215 4216
f 4218 4215 4219
f 4220 4216 4217
f 4219 4216 4220
f 4197 4220 4195
f 4195 4220 4217
f 4218 4198 4196
f 4198 4218 4199
f 4199 4218 4219
f 4199 4219 4200
f 4200 4219 4220
f 4200 4220 4197
f 4221 4202 4203
f 4204 4222 4203
f 4203 4222 4221
f 4205 4223 4204
f 4204 4223 4222
f 4206 4223 4205
f 4224 4207 4221
f 4221 4207 4202
f 4225 4221 4222
f 4224 4221 4225
f 4226 4222 4223
f 4225 4222 4226
f 4208 4226 4206
f 4206 4226 4223
f 4224 4209 4207
f 4209 4224 4212
f 4212 4224 4225
f 4212 4225 4214
f 4214 4225 4226
f 4214 4226 4208
# 8448 faces, 0 coords texture

# End of File