####
#
# OBJ File Generated by Meshlab
#
####
# Object domain0517.obj
#
# Vertices: 2608
# Faces: 5212
#
####
v 174.622116 77.432465 129.050079
v 174.774597 77.393997 128.569122
v 174.702515 77.099258 129.014648
v 174.709122 77.102921 129.983475
v 174.623077 77.433212 129.948807
v 174.775375 77.396957 130.428802
v 174.633316 77.854202 129.052673
v 174.789993 77.881783 128.584732
v 174.622757 77.857628 129.949615
v 174.759415 77.899727 130.438354
v 174.710449 78.182755 129.016983
v 174.685791 78.199951 129.989075
v 175.253708 61.631023 103.998154
v 175.337799 61.575813 103.549118
v 175.360992 61.342419 103.995079
v 175.379868 61.611118 104.412949
v 175.165024 62.149158 104.014664
v 175.273376 62.121033 103.525673
v 175.218536 62.105717 104.518761
v 175.111816 62.710651 104.036591
v 175.282288 62.700878 103.533447
v 175.234024 62.416859 104.997032
v 175.133499 62.779255 104.954796
v 175.270737 62.740479 105.477493
v 175.121597 63.277729 104.051094
v 175.342270 63.291363 103.554588
v 175.044891 63.303131 104.995987
v 175.269302 63.018425 106.004837
v 175.113876 63.354420 105.980293
v 175.338577 63.228912 106.957008
v 175.183273 63.414589 106.966347
v 175.307785 63.382679 107.467667
v 175.182297 63.795834 104.085426
v 175.393723 63.777424 103.739960
v 175.040375 63.860176 105.011497
v 175.016541 63.881561 105.997818
v 175.043869 63.894238 106.992874
v 175.285172 63.630848 107.973381
v 175.136154 63.954845 107.953758
v 175.276917 63.916294 108.475113
v 175.301971 64.112541 104.056160
v 175.131134 64.381645 105.045692
v 175.277359 64.418991 104.525093
v 175.043839 64.439766 106.007118
v 175.016647 64.452545 107.002357
v 175.033234 64.474182 107.990997
v 175.274536 64.206635 108.977119
v 175.145447 64.540482 108.951393
v 175.273209 64.497002 109.477951
v 175.278885 64.709007 105.023186
v 175.183365 64.919350 106.033684
v 175.307175 64.952065 105.531921
v 175.112610 64.979424 107.018661
v 175.057709 65.025627 108.004585
v 175.077362 65.048965 108.986687
v 175.291382 64.798286 109.965416
v 175.201004 65.114685 109.920700
v 175.385773 65.104126 110.407677
v 175.338638 65.105019 106.042969
v 175.276413 65.308617 106.997345
v 175.183533 65.504974 108.032410
v 175.302200 65.538933 107.529411
v 175.164230 65.540573 108.997108
v 175.212677 65.545891 109.943962
v 175.370148 65.585777 110.428505
v 175.340912 65.687996 108.039772
v 175.319092 65.852623 108.991325
v 175.324173 65.850998 109.976906
v 175.139771 76.297310 129.025726
v 175.297638 76.258179 128.528152
v 175.331436 76.101639 129.025406
v 175.335083 76.110939 129.974792
v 175.139130 76.298485 129.974091
v 175.306015 76.281311 130.464371
v 175.151245 76.843010 128.086746
v 175.412186 76.854362 127.760948
v 175.303696 76.526756 128.053268
v 174.859573 76.755791 128.995316
v 174.861359 76.756577 130.004181
v 175.308929 76.540024 130.932983
v 175.147430 76.841934 130.912766
v 175.421829 76.877586 131.186615
v 175.017929 77.340187 128.089417
v 175.366974 77.346352 127.748718
v 175.006180 77.348763 130.919769
v 175.359238 77.363655 131.249542
v 175.068665 77.881660 128.102417
v 175.409500 77.835793 127.798363
v 174.983658 77.958138 130.929810
v 175.348175 77.937927 131.265427
v 175.259262 78.196060 128.044907
v 174.873917 78.550392 128.999527
v 175.179611 78.571869 128.457550
v 174.797852 78.568413 130.017365
v 175.061768 78.516411 130.941147
v 175.354126 78.522667 131.274918
v 175.064972 79.090622 129.047470
v 175.310989 79.097183 128.642151
v 174.961227 79.099487 129.999969
v 175.122620 79.093903 130.931793
v 175.370148 79.098526 131.285828
v 175.215759 79.593468 129.073624
v 175.416183 79.587700 128.778748
v 175.107040 79.623222 129.999649
v 175.210434 79.600037 130.929489
v 175.407791 79.611694 131.257126
v 175.349426 79.890732 129.055573
v 175.251190 79.971504 130.000854
v 175.322769 79.925201 130.963501
v 175.783920 59.266930 100.052849
v 175.919861 59.220623 99.551598
v 175.877136 58.933598 100.013191
v 175.907028 58.973259 100.977859
v 175.763931 59.289589 100.971497
v 175.875259 59.241047 101.471573
v 175.782928 59.706429 100.079506
v 175.954025 59.719349 99.582535
v 175.659714 59.785255 101.003136
v 175.862366 59.520100 101.976875
v 175.729080 59.853859 101.952652
v 175.865143 59.816391 102.473969
v 175.870987 60.022846 100.037338
v 175.687531 60.324783 101.025780
v 175.839417 60.372311 100.493217
v 175.628647 60.372448 101.993088
v 175.862015 60.105293 102.977188
v 175.714050 60.440464 102.958778
v 175.861130 60.401920 103.474960
v 175.782089 60.849091 101.090515
v 175.954117 60.790565 100.746277
v 175.632797 60.931633 102.017181
v 175.566498 60.954025 102.996017
v 175.831650 60.684757 103.974052
v 175.579346 61.007545 103.930359
v 175.889343 61.031448 104.417694
v 175.903412 61.094765 101.101738
v 175.721313 61.448723 102.054543
v 175.904800 61.443676 101.577354
v 175.471863 61.496494 103.006119
v 175.879578 61.396088 104.885887
v 175.656677 61.616142 104.896370
v 175.950165 61.707024 105.208977
v 175.859970 61.784763 102.033867
v 175.524246 62.088249 102.985168
v 175.795792 62.159840 102.473473
v 175.452026 62.094021 105.029709
v 175.840256 62.138355 105.465393
v 175.565750 62.690323 103.038338
v 175.905792 62.680710 102.668121
v 175.838974 62.526672 105.922417
v 175.540405 62.753334 105.980255
v 175.834442 62.802250 106.444580
v 175.660507 63.214920 103.117928
v 175.970810 63.114532 102.821533
v 175.802322 63.015453 106.977943
v 175.870270 63.263901 107.914818
v 175.564880 63.382839 107.956322
v 175.860809 63.460030 108.410774
v 175.864807 63.455254 103.110031
v 175.812378 63.844315 103.462448
v 175.865234 63.718025 108.947784
v 175.541397 63.915985 108.980011
v 175.838150 63.928387 109.476639
v 175.564133 64.389610 104.056885
v 175.886963 64.261101 103.771690
v 175.821411 64.193291 109.987068
v 175.524582 64.475571 109.990654
v 175.824463 64.484787 110.483978
v 175.852463 64.592567 104.111748
v 175.561218 64.958672 105.038765
v 175.854034 64.875259 104.590408
v 175.865372 64.804695 110.948120
v 175.664124 65.110481 110.897881
v 175.964539 65.136276 111.270615
v 175.869324 65.074013 105.082489
v 175.802597 65.317749 106.021469
v 175.553665 65.546944 107.029144
v 175.836578 65.511009 106.555565
v 175.593552 65.651207 110.930573
v 175.919662 65.621857 111.444534
v 175.868820 65.664139 107.079468
v 175.799713 65.913521 108.018974
v 175.581772 66.115067 109.022736
v 175.843887 66.110115 108.553329
v 175.551132 66.167427 110.011795
v 175.729126 66.133400 110.946602
v 175.917343 66.173325 111.446716
v 175.884094 66.290565 109.052681
v 175.851807 66.466553 109.989830
v 175.886108 66.450859 110.981262
v 175.540939 76.208038 128.021820
v 175.840012 76.238281 127.539146
v 175.820511 75.913231 128.021393
v 175.774429 75.803589 128.998413
v 175.787430 75.846901 129.982300
v 175.818817 76.210449 130.841812
v 175.569534 76.312302 130.915024
v 175.802567 76.468071 131.103348
v 175.807709 76.804359 127.428719
v 175.803024 76.827446 131.289658
v 175.806824 77.350441 127.510620
v 175.814423 77.356300 131.394348
v 175.826675 77.913330 127.614563
v 175.806793 77.938667 131.454681
v 175.530807 78.501434 128.027176
v 175.925980 78.397926 127.755333
v 175.798904 78.523369 131.512299
v 175.806320 78.808723 128.015701
v 175.719604 79.197876 128.322662
v 175.777664 79.080719 131.610275
v 175.815659 79.678497 128.538040
v 175.747070 79.693207 131.602081
v 175.588593 80.221008 129.058044
v 175.923569 80.159744 128.745407
v 175.416473 80.314323 130.000351
v 175.500732 80.287849 130.986801
v 175.782959 80.250153 131.484177
v 175.837738 80.537163 129.040863
v 175.682541 80.786606 130.022217
v 175.849701 80.832809 129.518997
v 175.721405 80.781258 130.955399
v 175.941666 80.807365 131.420731
v 175.858398 81.122772 130.005112
v 175.882996 81.107216 130.980515
v 176.370071 57.508984 97.052818
v 176.505844 57.462620 96.551620
v 176.462616 57.175278 97.013046
v 176.493042 57.215004 97.978348
v 176.347855 57.531517 97.972290
v 176.455582 57.481377 98.474464
v 176.368546 57.948391 97.079475
v 176.540024 57.961361 96.582542
v 176.244080 58.027012 98.005127
v 176.443253 57.745274 99.006104
v 176.278320 58.081112 98.986176
v 176.502960 57.972549 99.934250
v 176.323669 58.144703 99.966232
v 176.476089 58.177105 100.415268
v 176.457184 58.264755 97.037361
v 176.264496 58.569008 98.028885
v 176.427841 58.612720 97.495499
v 176.136108 58.604202 98.998947
v 176.029709 58.589844 99.978676
v 176.440979 58.445457 100.917770
v 176.172913 58.670185 100.950302
v 176.451920 58.747646 101.412956
v 176.361252 59.091019 98.095245
v 176.544968 59.024704 97.755074
v 176.093918 59.153534 99.012726
v 176.438904 59.026909 101.920898
v 176.137299 59.240616 101.967918
v 176.444626 59.326912 102.417404
v 176.491837 59.313114 98.117805
v 176.246307 59.679882 99.067932
v 176.466293 59.618763 98.591560
v 176.440643 59.614651 102.919418
v 176.137405 59.826977 102.967400
v 176.449249 59.931011 103.405449
v 176.461533 59.917656 99.088341
v 176.125961 60.317192 100.026711
v 176.438522 60.232269 99.574593
v 176.441513 60.232079 103.885437
v 176.143982 60.428654 103.949234
v 176.466110 60.549763 104.243370
v 176.428589 60.548943 100.064445
v 176.399857 60.903568 100.531761
v 176.396133 60.919575 104.570541
v 176.357681 61.301159 100.965157
v 176.347107 61.613327 101.354126
v 176.385559 61.292030 104.943535
v 176.384155 61.678959 105.270180
v 176.130463 62.066662 102.040535
v 176.460587 61.958912 101.714035
v 176.404358 62.124489 105.557373
v 176.424179 62.297489 102.089561
v 176.371353 62.693939 102.445580
v 176.345703 62.507950 105.937653
v 176.349533 62.812737 106.440224
v 176.387711 63.139050 102.729492
v 176.383850 63.017185 106.981110
v 176.320984 63.248413 107.921646
v 176.344559 63.444263 108.427544
v 176.384186 63.523666 103.056900
v 176.378006 63.897213 103.429062
v 176.395996 63.629681 108.964859
v 176.392731 63.906715 109.888542
v 176.141937 63.979023 109.953873
v 176.398590 64.109077 110.379555
v 176.306671 64.266930 103.757286
v 176.467438 64.322197 110.880630
v 176.148895 64.530563 110.941887
v 176.477493 64.642075 111.247894
v 176.328629 64.582489 104.115440
v 176.323013 64.860832 104.600113
v 176.386566 65.045197 111.576492
v 176.319626 65.079506 105.081940
v 176.382950 65.314461 106.019073
v 176.346115 65.498886 106.561363
v 176.434692 65.423805 111.973618
v 176.220047 65.707642 111.949959
v 176.434830 65.684029 112.477234
v 176.320877 65.673950 107.078079
v 176.379120 65.938438 107.998932
v 176.384949 66.172279 108.522568
v 176.084167 66.254189 111.987038
v 176.447784 65.954506 113.000900
v 176.290009 66.284988 112.977707
v 176.511581 66.160835 113.956978
v 176.353653 66.343811 113.966164
v 176.481918 66.312737 114.466965
v 176.367767 66.442299 109.057594
v 176.157623 66.714539 110.021278
v 176.437347 66.669319 109.565933
v 176.119904 66.780304 111.038879
v 176.171417 66.786858 111.999634
v 176.211960 66.802185 112.996399
v 176.233383 66.823792 113.989929
v 176.469452 66.566574 114.961098
v 176.340118 66.877861 114.929520
v 176.529587 66.869873 115.419685
v 176.467010 66.881874 110.055618
v 176.395721 67.094360 110.985405
v 176.338959 67.268227 112.026711
v 176.458633 67.311981 111.524193
v 176.298340 67.320923 113.019402
v 176.219955 67.373245 114.002213
v 176.278763 67.411331 114.976372
v 176.384232 67.377510 115.517242
v 176.502182 67.477737 112.034470
v 176.435760 67.662498 112.995903
v 176.330322 67.877510 114.028519
v 176.447052 67.931526 113.521721
v 176.338608 67.891029 114.994179
v 176.448502 67.702675 115.974113
v 176.424057 67.965622 115.917595
v 176.597824 67.981689 116.393196
v 176.490494 68.187813 114.017715
v 176.462173 68.220505 115.004128
v 176.481842 68.226295 115.979416
v 176.377579 75.106087 126.051292
v 176.499847 75.051270 125.550972
v 176.522095 74.806847 126.033615
v 176.516129 74.956207 126.961082
v 176.353241 75.138657 126.974663
v 176.462662 75.093391 127.474731
v 176.294128 75.597176 126.049896
v 176.452347 75.593651 125.525879
v 176.177277 75.612457 127.003441
v 176.393204 75.301437 128.016388
v 176.097885 75.602547 127.963013
v 176.448746 75.459480 128.992172
v 176.101578 75.610863 129.000595
v 176.478836 75.607788 129.928604
v 176.130997 75.734016 130.016907
v 176.498917 75.779289 130.247879
v 176.331436 76.109756 126.074883
v 176.528000 76.124016 125.577324
v 176.075699 76.143814 127.017685
v 176.412552 76.075958 130.612625
v 176.063400 76.263184 130.923416
v 176.465469 76.420715 126.038399
v 176.191238 76.698555 127.039406
v 176.436829 76.714058 126.523926
v 176.373520 76.489098 130.977890
v 176.269104 76.899017 131.241287
v 176.421448 76.989830 127.011833
v 176.334366 77.413925 127.303200
v 176.373795 77.372574 131.399445
v 176.385864 77.941177 127.485329
v 176.385590 77.937134 131.516846
v 176.409821 78.491531 127.639450
v 176.348999 78.471443 131.672089
v 176.111877 79.083282 128.033325
v 176.479156 78.909065 127.807579
v 176.436661 78.920296 131.915436
v 176.199677 79.163956 131.909866
v 176.558136 79.282501 132.161758
v 176.422241 79.304436 128.076813
v 176.359604 79.740303 128.362885
v 176.128143 79.701218 131.961502
v 176.525986 79.708481 132.250656
v 176.403183 80.257011 128.576157
v 176.155701 80.275108 131.947556
v 176.527786 80.270714 132.254318
v 176.127625 80.834229 129.033661
v 176.512344 80.741600 128.753738
v 176.242203 80.810722 131.900284
v 176.581635 80.773338 132.208954
v 176.404510 81.139877 129.028091
v 176.074631 81.462975 130.005402
v 176.363800 81.490982 129.467392
v 176.072174 81.466034 130.996460
v 176.307053 81.488228 131.546173
v 176.420273 81.143677 131.972656
v 176.330933 81.940056 130.054642
v 176.533661 81.960770 129.698975
v 176.293121 81.961220 130.960587
v 176.475784 81.999817 131.453506
v 176.507935 82.241539 130.044846
v 176.452011 82.291656 130.988235
v 176.954788 55.749905 94.054840
v 177.107864 55.708881 93.562332
v 177.050034 55.418678 94.014404
v 177.070953 55.439888 95.006645
v 176.915756 55.761436 95.002197
v 177.100967 55.640690 95.935944
v 176.954620 55.805634 95.960785
v 177.077820 55.845871 96.406990
v 176.950943 56.190399 94.079170
v 177.133240 56.201889 93.586479
v 176.812286 56.262859 95.010239
v 176.781967 56.279270 96.001312
v 177.060074 56.116962 96.909698
v 176.889389 56.356781 96.947578
v 177.056000 56.403751 97.414848
v 177.041687 56.507542 94.036537
v 176.838547 56.811035 95.027260
v 177.014008 56.854668 94.495613
v 176.690536 56.842606 95.999214
v 176.604279 56.823231 96.972374
v 177.027405 56.687286 97.917664
v 176.759384 56.911785 97.949265
v 177.037827 56.989326 98.413200
v 176.947281 57.333027 95.095253
v 177.130997 57.266712 94.755089
v 176.666046 57.394920 96.011345
v 177.022766 57.263504 98.926216
v 176.713196 57.476681 98.978165
v 177.011642 57.530552 99.444031
v 177.077820 57.555130 95.117813
v 176.832321 57.921879 96.067886
v 177.052277 57.860767 95.591576
v 176.963028 57.779373 99.948097
v 176.977539 58.074196 100.464554
v 177.047379 58.160244 96.087997
v 176.712204 58.558987 97.026833
v 177.025116 58.471294 96.576248
v 176.971634 58.362572 100.966621
v 176.973145 58.663719 101.462692
v 177.018875 58.775764 97.072769
v 176.965683 59.082333 97.542206
v 176.972351 58.953564 101.964493
v 176.972977 59.248974 102.463051
v 176.977722 59.423752 98.033745
v 176.975677 59.734234 98.522308
v 176.970840 59.556072 102.951294
v 176.982376 59.901329 103.436554
v 176.975815 60.027569 99.022003
v 176.974503 60.331932 99.516052
v 176.920349 60.221436 103.884834
v 176.885498 60.557243 104.228813
v 176.972565 60.635162 100.010155
v 176.972778 60.950260 100.435318
v 176.959656 60.974430 104.536850
v 176.692795 61.489433 101.036003
v 176.969788 61.287094 100.812515
v 176.906906 61.361713 104.891861
v 176.800156 61.704563 105.176582
v 176.963867 61.595963 101.155807
v 176.902420 61.903687 101.611984
v 176.870575 62.143715 105.331818
v 176.929443 62.278004 102.094315
v 176.932007 62.678005 102.536461
v 176.657074 62.726151 105.975876
v 176.982056 62.655331 105.538361
v 176.819580 63.108215 102.794662
v 176.920532 63.016491 106.010643
v 176.845062 63.227177 106.960823
v 176.638397 63.363140 107.970695
v 176.899368 63.371124 107.475708
v 176.891632 63.423931 103.114571
v 176.882858 63.783836 103.584251
v 176.954849 63.589428 108.021370
v 176.886215 63.775841 108.971054
v 176.662918 63.943100 109.978493
v 176.954239 63.911076 109.491470
v 176.925278 64.125076 104.027618
v 176.625381 64.388916 104.054466
v 176.907043 64.408821 104.528351
v 177.016571 64.056358 110.031044
v 176.959732 64.345161 110.932922
v 176.979767 64.583672 111.335762
v 176.622971 64.955498 105.041481
v 176.895721 64.703018 105.026901
v 176.878967 64.957237 105.531265
v 176.907623 64.907715 111.696053
v 176.848236 65.108665 106.039619
v 176.637543 65.557281 107.032448
v 176.931976 65.315063 106.996010
v 176.942535 65.592361 107.517975
v 176.915283 65.174477 112.056412
v 177.037064 65.536613 112.933815
v 176.717056 65.698822 112.975792
v 177.011703 65.729607 113.449188
v 176.912170 65.810036 108.043251
v 176.919922 66.090904 108.574501
v 176.971191 65.929726 113.984741
v 177.045959 66.172462 114.922104
v 176.736023 66.306511 114.958351
v 177.040237 66.385513 115.406754
v 176.923859 66.395248 109.074654
v 176.996170 66.708755 109.536926
v 177.056396 66.677299 115.886436
v 176.822571 66.887695 115.904022
v 177.111618 66.956535 116.258385
v 176.959717 67.034897 110.055122
v 176.710983 67.333672 111.021729
v 177.016098 67.275223 110.558655
v 176.619568 67.364494 116.034592
v 176.963257 67.356674 116.523415
v 177.037323 67.480423 111.067589
v 176.941849 67.777054 111.983833
v 176.703583 67.942047 113.012093
v 176.981995 67.960182 112.506012
v 177.032410 67.728073 116.943169
v 176.827728 68.057503 116.875748
v 177.170593 68.078705 117.196327
v 177.026245 68.156731 113.042198
v 176.762070 68.456848 114.029251
v 177.031189 68.424507 113.575012
v 176.694275 68.561974 115.013512
v 176.619461 68.573013 116.017303
v 176.874039 68.547966 116.923279
v 177.131790 68.560211 117.251175
v 177.057541 68.625633 114.060539
v 176.973480 68.860703 114.982712
v 176.872345 69.055473 116.021904
v 177.019241 69.108398 115.518204
v 176.971390 69.044273 116.923988
v 177.187393 69.051895 117.231300
v 177.065201 69.368614 116.012207
v 177.112732 69.340721 116.953674
v 176.971817 73.944489 124.014854
v 177.101883 73.883812 123.558945
v 177.085175 73.612282 124.011520
v 177.051910 73.892082 124.474098
v 176.878754 74.439987 124.042641
v 177.052597 74.425354 123.539062
v 177.017990 74.146896 125.010490
v 176.843887 74.480835 124.993515
v 177.058533 74.354126 125.937210
v 176.762390 74.544693 125.960892
v 177.018768 74.532799 126.445961
v 176.865173 74.999489 124.054375
v 177.101395 75.011620 123.555565
v 176.658447 74.992226 125.003288
v 176.970810 74.720810 126.983612
v 177.043655 74.953362 127.927856
v 176.713440 75.072769 127.978096
v 177.013184 75.118591 128.448502
v 176.925308 75.518486 124.086205
v 177.151474 75.496826 123.740013
v 176.667358 75.584869 124.997696
v 176.958344 75.304817 128.983856
v 176.904419 75.590614 129.890945
v 176.872528 75.806465 130.210938
v 177.066589 75.826576 124.060242
v 176.814362 76.100861 125.054741
v 177.040359 76.108307 124.533722
v 176.961166 76.193535 130.476868
v 177.050217 76.337517 125.054787
v 176.727890 76.693832 126.035332
v 177.028687 76.630280 125.575546
v 176.689728 76.751678 131.016235
v 177.055847 76.619354 130.720108
v 177.038742 76.855545 126.070770
v 176.912460 77.229034 126.939026
v 176.889557 77.547188 127.228424
v 176.999146 76.994064 131.035675
v 176.925064 77.425179 131.301361
v 176.971634 77.947159 127.452545
v 176.971985 77.938278 131.497559
v 176.950882 78.486946 127.636536
v 176.970718 78.410011 131.700958
v 176.878418 78.908295 127.809479
v 176.973740 78.837257 131.977737
v 176.984619 79.250870 132.249084
v 176.934479 79.304108 128.075912
v 177.004211 79.755508 128.324142
v 176.985733 79.709869 132.393127
v 176.972168 80.282440 128.497314
v 176.984238 80.281738 132.420761
v 176.995132 80.844185 128.613846
v 176.996002 80.855431 132.388123
v 176.700714 81.432671 129.024490
v 177.098602 81.327393 128.756989
v 176.625458 81.480331 132.020126
v 177.041046 81.416443 132.309311
v 176.984283 81.734329 129.019257
v 176.923264 82.092857 129.358276
v 176.732925 82.041481 131.938843
v 177.109772 82.023674 132.257309
v 176.748871 82.575111 130.045914
v 177.037903 82.559937 129.659088
v 176.624146 82.630249 131.007141
v 176.901962 82.552460 131.914276
v 177.178467 82.526741 132.204025
v 176.986237 82.906128 130.015732
v 176.889679 83.108093 131.000656
v 177.020782 83.184158 130.512421
v 177.028534 83.180046 131.484879
v 177.048996 82.883560 131.956406
v 177.088272 83.412064 130.999924
v 177.623169 54.513195 92.098709
v 177.825272 54.494469 91.849991
v 177.690964 54.269409 92.050446
v 177.606750 54.226086 92.999443
v 177.472794 54.574829 93.010712
v 177.665955 54.290707 93.967278
v 177.474731 54.603455 93.971535
v 177.663406 54.597149 94.417526
v 177.644302 54.765831 92.055634
v 177.385864 55.067379 93.014977
v 177.535629 55.107193 92.481163
v 177.199020 55.070354 93.981316
v 177.607025 54.911690 94.927635
v 177.333115 55.148468 94.956970
v 177.600632 55.189175 95.442360
v 177.323410 55.637733 93.051147
v 177.657104 55.674515 92.543083
v 177.548965 55.435814 95.947289
v 177.563599 55.714878 96.474266
v 177.427002 56.172371 93.112160
v 177.713715 56.100037 92.762566
v 177.562454 56.003075 96.976242
v 177.562363 56.309929 97.467804
v 177.636246 56.394535 93.108437
v 177.298004 56.801277 94.026772
v 177.612076 56.711563 93.577713
v 177.557648 56.604992 97.966591
v 177.559143 56.905708 98.462700
v 177.604889 57.017784 94.072800
v 177.551697 57.324333 94.542198
v 177.558182 57.194901 98.965111
v 177.557465 57.478065 99.471367
v 177.563721 57.665741 95.033745
v 177.561752 57.977772 95.521690
v 177.550781 57.777946 99.964119
v 177.567581 58.113541 100.458061
v 177.562103 58.261871 96.025948
v 177.559174 58.546776 96.529282
v 177.509857 58.423946 100.928093
v 177.508713 58.722176 101.428642
v 177.557388 58.836052 97.034286
v 177.554688 59.133884 97.531090
v 177.507553 59.018013 101.925430
v 177.502640 59.318142 102.420692
v 177.553741 59.439503 98.023003
v 177.552643 59.728840 98.525169
v 177.479019 59.635197 102.892235
v 177.417023 59.932213 103.250526
v 177.552078 60.020599 99.026085
v 177.551590 60.308136 99.529823
v 177.215134 60.420361 103.938904
v 177.532623 60.339088 103.512985
v 177.566376 60.607857 100.050835
v 177.500992 60.888176 100.556412
v 177.473526 60.701118 103.938423
v 177.376007 61.043510 104.257332
v 177.534286 61.210976 101.017319
v 177.211578 61.446663 101.066589
v 177.522461 61.494495 101.520729
v 177.113846 61.600380 104.883163
v 177.429276 61.528984 104.445900
v 177.222137 62.060520 102.034996
v 177.526794 61.794964 102.014023
v 177.502747 62.075447 102.524040
v 177.206985 62.120876 104.957176
v 177.488342 62.119389 104.466789
v 177.315903 62.722733 102.973236
v 177.528198 62.400105 103.002716
v 177.551025 62.709610 103.478973
v 177.243973 62.724068 105.020935
v 177.492279 62.701023 104.474930
v 177.115387 63.202717 103.103493
v 177.392944 63.203426 103.587479
v 177.299698 63.318432 104.993698
v 177.422394 63.239998 104.443382
v 177.080811 63.351620 105.972939
v 177.009048 63.413445 106.968254
v 177.184692 63.804188 104.072357
v 177.401321 63.466846 104.005219
v 177.206696 63.863529 105.004654
v 177.181900 63.879211 105.994820
v 177.195969 63.890553 106.999664
v 177.232605 63.901814 107.954880
v 177.192474 63.964615 108.978020
v 177.051666 64.373825 105.043350
v 177.152710 64.440277 106.010445
v 177.288391 64.431038 107.004753
v 177.417282 64.500336 107.560913
v 177.444794 64.242538 108.025063
v 177.472595 64.230209 109.019707
v 177.487793 64.317924 109.998932
v 177.460571 64.438591 110.936417
v 177.481293 64.664299 111.403519
v 177.008347 64.923004 106.038979
v 177.159851 64.992332 107.017044
v 177.392914 64.990875 107.580986
v 177.555664 64.955482 111.876328
v 177.261765 65.047462 112.005394
v 177.551819 65.218369 112.404030
v 177.226669 65.586853 108.021637
v 177.468445 65.284615 108.039825
v 177.509552 65.596565 108.521828
v 177.562729 65.421677 112.931862
v 177.557617 65.673767 113.479378
v 177.254150 66.202431 109.013496
v 177.550201 65.918404 109.003258
v 177.620819 66.280846 109.349266
v 177.555786 65.891525 114.009804
v 177.557220 66.112450 114.949074
v 177.559204 66.312950 115.453560
v 177.549286 66.688347 109.659576
v 177.560013 66.594368 115.949127
v 177.550369 66.924583 116.448486
v 177.546661 67.022942 110.053200
v 177.553757 67.312210 110.545616
v 177.612396 67.240936 116.894257
v 177.307465 67.444534 116.946724
v 177.660309 67.585014 117.201416
v 177.557724 67.593750 111.070656
v 177.280258 67.911140 112.018143
v 177.553635 67.783386 111.595230
v 177.582275 68.000687 117.388474
v 177.556778 67.950134 112.105232
v 177.557007 68.243614 113.015762
v 177.558533 68.488716 113.538551
v 177.562302 68.561028 117.507736
v 177.553696 68.777138 114.068329
v 177.296143 69.088730 115.023491
v 177.564240 68.978722 114.596672
v 177.558548 69.116356 117.581833
v 177.562408 69.244492 115.122276
v 177.342346 69.656944 116.027756
v 177.666199 69.608147 115.586205
v 177.332291 69.673111 116.979271
v 177.595917 69.675598 117.462471
v 177.631363 69.953606 116.031891
v 177.574844 70.008278 116.992203
v 177.541901 72.158936 122.052834
v 177.677856 72.112579 121.551628
v 177.634628 71.825272 122.013062
v 177.657898 71.857933 122.981262
v 177.520416 72.180862 122.971718
v 177.639908 72.137383 123.468185
v 177.541168 72.599312 122.080956
v 177.712036 72.611328 121.582565
v 177.403671 72.679878 123.006584
v 177.642044 72.425888 123.942833
v 177.495056 72.745346 123.920242
v 177.736679 72.771194 124.241074
v 177.627899 72.915611 122.037613
v 177.378464 73.227753 123.013939
v 177.566330 73.293678 122.479179
v 177.274994 73.258667 123.954117
v 177.603394 73.265251 124.469460
v 177.309631 73.801414 123.054863
v 177.648239 73.828621 122.645164
v 177.593735 73.643059 124.933052
v 177.296921 73.880768 124.979912
v 177.597321 73.936546 125.444038
v 177.343658 74.411919 123.061913
v 177.694580 74.404594 122.733360
v 177.544815 74.178093 125.952126
v 177.560471 74.446365 126.489105
v 177.416351 74.936035 123.116852
v 177.734497 74.831726 122.844467
v 177.556061 74.676300 127.010986
v 177.555008 74.913284 127.945923
v 177.553726 75.093727 128.458786
v 177.622772 75.175285 123.110001
v 177.570984 75.562523 123.463745
v 177.525787 75.356590 128.995239
v 177.213608 75.684082 129.932327
v 177.577271 75.614365 129.506393
v 177.331131 76.071083 124.070892
v 177.648056 75.959930 123.780701
v 177.498428 75.934433 129.944336
v 177.396179 76.280586 130.256744
v 177.630737 76.189384 124.102104
v 177.564835 76.481155 125.001869
v 177.560532 76.712852 125.525528
v 177.523956 76.773827 130.479431
v 177.562515 76.975822 126.068291
v 177.261047 77.354851 126.991890
v 177.551804 77.178696 126.596046
v 177.498657 77.173157 130.915131
v 177.448898 77.545784 131.208923
v 177.559982 77.455231 127.125877
v 177.493561 77.889381 127.540977
v 177.537308 77.970024 131.411606
v 177.387955 78.420448 127.760246
v 177.565094 78.431168 131.659073
v 177.535110 78.799919 128.028595
v 177.245438 79.084015 128.036209
v 177.667435 79.209152 128.277359
v 177.555344 78.840866 131.973892
v 177.547485 79.247078 132.259430
v 177.574188 79.709862 128.407928
v 177.556931 79.708710 132.418137
v 177.558167 80.283318 128.487030
v 177.558395 80.282265 132.484772
v 177.557266 80.867851 128.548920
v 177.557831 80.869026 132.476959
v 177.582184 81.429749 128.619507
v 177.563370 81.453674 132.453613
v 177.275299 82.029678 129.014313
v 177.682755 81.915215 128.753815
v 177.569214 82.038933 132.425842
v 177.565598 82.325363 129.011322
v 177.484573 82.698730 129.335159
v 177.583557 82.612808 132.389175
v 177.224625 83.232300 130.008682
v 177.588699 83.188065 129.610703
v 177.246658 83.223053 131.974243
v 177.640259 83.158875 132.283997
v 177.518188 83.662033 130.073563
v 177.733459 83.622673 129.793823
v 177.335266 83.694542 130.999008
v 177.519913 83.662918 131.922821
v 177.743027 83.607285 132.162354
v 177.689911 83.823441 130.071793
v 177.640030 83.916786 131.001404
v 177.692184 83.822433 131.929642
v 178.077957 53.420654 92.046677
v 178.312592 53.402267 91.594032
v 178.265625 53.128681 92.029358
v 178.264938 53.132339 92.970970
v 178.055313 53.428619 92.971169
v 178.258987 53.438499 93.408867
v 177.860138 53.911346 92.020378
v 178.195328 53.974804 91.536201
v 177.766922 53.883652 92.999496
v 178.199127 53.776787 93.885735
v 177.945679 54.002861 93.930923
v 178.227951 54.105274 94.241508
v 178.178833 54.489922 91.565094
v 178.153381 54.463696 94.582809
v 177.826080 55.093708 92.003075
v 178.221359 55.038898 91.693924
v 178.142410 54.791645 94.997719
v 178.145844 55.117146 95.480438
v 177.983994 55.593777 92.104431
v 178.314911 55.490463 91.837563
v 178.140213 55.413322 95.977936
v 178.141205 55.702469 96.480957
v 178.216949 55.808517 92.119980
v 178.140335 56.143238 92.550041
v 178.138184 56.012043 96.969025
v 178.153381 56.356529 97.457375
v 178.149139 56.487335 93.037537
v 178.145279 56.787273 93.530281
v 178.095825 56.665962 97.928062
v 178.094757 56.964214 98.428650
v 178.143387 57.078056 94.034279
v 178.140686 57.375881 94.531082
v 178.093552 57.259991 98.925423
v 178.088699 57.559776 99.420914
v 178.139847 57.681946 95.022820
v 178.138199 57.964848 95.529076
v 178.065704 57.874279 99.894386
v 178.005554 58.172035 100.253777
v 178.152069 58.248451 96.052238
v 178.100250 58.482849 96.563789
v 177.818680 58.640240 100.972801
v 178.121506 58.579369 100.515984
v 178.093231 58.763283 97.075729
v 178.077744 59.037106 97.586243
v 178.091019 58.925598 100.977234
v 177.806625 59.238102 101.968498
v 178.079666 59.226116 101.475822
v 178.078720 59.330238 98.085960
v 178.057297 59.607983 98.593849
v 178.067673 59.526905 101.964951
v 177.698532 59.848175 102.894707
v 177.989685 59.833046 102.416054
v 178.041672 59.891918 99.100739
v 178.032074 60.166943 99.602158
v 177.803268 60.382141 103.004333
v 178.055099 60.361916 102.462379
v 178.014282 60.388901 100.065437
v 177.829758 60.923424 101.012581
v 178.078232 60.622635 100.987968
v 178.056717 60.883953 101.525627
v 177.872910 60.972897 102.986702
v 178.013412 60.897228 102.443298
v 177.598328 61.018005 103.908295
v 177.783905 61.471050 102.064667
v 178.004547 61.135025 101.992691
v 177.781647 61.517433 103.002075
v 177.652344 61.536907 103.944046
v 177.640823 62.034222 103.043564
v 177.656570 62.105019 103.962868
v 177.599503 62.668846 103.984741
v 177.510666 63.185822 104.001755
v 177.561432 64.547455 108.060463
v 177.655090 64.544304 109.006027
v 177.788956 64.543999 109.976624
v 177.753967 64.588867 110.964088
v 177.570694 64.974831 108.088333
v 177.818802 65.027649 109.024284
v 177.995316 65.096283 109.567635
v 178.020187 64.842995 110.025368
v 178.032074 64.839523 110.984673
v 177.813599 65.104866 111.969727
v 178.088577 65.094101 111.478455
v 177.737488 65.575363 109.038551
v 178.026093 65.648804 109.537781
v 178.126862 65.347466 112.022179
v 178.055099 65.568741 112.945641
v 178.090149 65.764671 113.431152
v 178.003159 66.204002 109.675209
v 178.102875 66.007629 113.987068
v 178.054047 66.188744 114.941986
v 178.082596 66.369446 115.420204
v 177.956680 66.627907 109.826195
v 178.095749 66.634354 115.927292
v 178.098251 66.934464 116.427368
v 178.028824 66.906975 110.133949
v 178.034348 67.198563 110.603165
v 178.157684 67.193916 116.904411
v 178.143768 67.539818 117.251793
v 178.022827 67.424438 111.066010
v 177.813919 67.886383 112.035698
v 178.134857 67.680054 111.985916
v 178.116699 67.934731 112.517632
v 178.142929 67.978836 117.509621
v 178.082031 68.144737 113.046379
v 178.085129 68.416779 113.580269
v 178.034790 68.453011 117.730865
v 178.077103 68.652611 114.069496
v 177.856796 69.160095 114.992767
v 178.201691 69.025246 114.935806
v 178.219849 69.329720 115.249474
v 178.138992 68.851799 118.006996
v 177.927414 69.203560 117.976898
v 178.179260 69.175888 118.482727
v 178.150208 69.721840 115.518768
v 177.819153 69.767822 117.996368
v 178.207581 69.482590 118.975563
v 178.057022 69.812431 118.952415
v 178.202194 69.776360 119.477020
v 177.937347 70.236816 116.066208
v 178.239197 70.121002 115.785980
v 177.773865 70.335953 117.022995
v 177.888657 70.315613 118.000595
v 177.955933 70.331131 118.988541
v 178.201660 70.051300 120.005844
v 178.043900 70.386566 119.979897
v 178.270126 70.286964 120.932381
v 178.125824 70.455437 120.959908
v 178.247330 70.490570 121.409416
v 178.204132 70.459183 116.108521
v 178.081299 70.775955 117.033844
v 178.236343 70.740204 116.586372
v 178.030167 70.840439 118.013420
v 177.970230 70.889984 119.007469
v 177.946701 70.914276 119.999039
v 177.946228 70.927513 121.001068
v 178.232925 70.757133 121.943192
v 178.048920 70.994995 121.952072
v 178.215439 70.974113 122.471123
v 178.260757 70.948090 117.065590
v 178.207306 71.168739 117.996582
v 178.086472 71.397774 119.053268
v 178.218231 71.424973 118.527916
v 177.957657 71.478142 120.013184
v 177.857803 71.492493 120.999573
v 177.772232 71.471382 121.972252
v 178.176010 71.236389 122.973366
v 177.909485 71.533539 122.963219
v 178.224731 71.571327 123.425705
v 178.235901 71.657890 119.050835
v 178.098083 71.973488 120.064995
v 178.236511 71.941879 119.579613
v 177.832138 72.044037 121.007042
v 178.199326 71.926674 123.898720
v 177.911469 72.152611 123.938492
v 178.246002 72.272957 124.205544
v 178.239044 72.215378 120.092278
v 178.005341 72.570892 121.067429
v 178.223907 72.510788 120.590973
v 178.163513 72.695488 124.411842
v 178.219360 72.810226 121.087997
v 177.879135 73.215927 122.022926
v 178.196396 73.124245 121.575432
v 178.142990 73.166740 124.647301
v 178.173401 73.467621 122.048233
v 178.116470 73.875694 122.373482
v 178.142120 73.551796 124.992683
v 178.141785 73.890381 125.467834
v 178.153214 74.399948 122.576042
v 178.134308 74.192070 125.960861
v 178.154877 74.516479 126.466545
v 178.146347 74.859077 122.759102
v 178.101593 74.794342 126.990517
v 178.021225 75.005394 127.934715
v 178.031891 75.207085 128.393631
v 178.143112 75.244362 123.058121
v 178.136139 75.614960 123.430252
v 178.029022 75.486687 128.878326
v 177.970154 75.747337 129.245316
v 178.063492 75.970612 123.763451
v 177.721481 76.231743 129.906769
v 178.021240 76.177589 129.450653
v 178.076080 76.193977 124.099152
v 178.143341 76.458855 125.018402
v 178.097565 76.643776 125.558746
v 177.835037 76.790428 130.023361
v 178.125732 76.772400 129.490875
v 178.056458 76.832405 126.052620
v 177.814209 77.293190 127.029381
v 178.125626 77.049057 126.978416
v 178.090012 77.309448 127.524269
v 178.050613 77.272301 130.045700
v 178.222946 77.322098 129.544418
v 177.760712 77.429192 130.917786
v 177.906540 77.964272 127.974876
v 178.114029 77.636894 128.001114
v 178.200806 77.965332 128.460831
v 178.215637 77.590530 130.022797
v 178.021835 77.740807 130.946503
v 177.962524 78.051468 131.238983
v 177.759872 78.483429 128.062332
v 178.156815 78.573975 128.494247
v 178.115738 78.530220 131.480743
v 178.133331 79.116783 128.508316
v 178.100983 78.928696 131.909714
v 178.041000 79.303986 132.202621
v 178.137207 79.694534 128.545029
v 178.118912 79.724480 132.368881
v 178.135239 80.282074 128.560333
v 178.144150 80.281792 132.456573
v 178.137512 80.869141 128.549225
v 178.143951 80.867836 132.491470
v 178.143433 81.452446 128.566132
v 178.144211 81.453911 132.493774
v 178.168671 82.014412 128.625595
v 178.143082 82.039909 132.510529
v 177.858536 82.618385 129.011139
v 178.269043 82.498695 128.758194
v 178.143478 82.624893 132.516708
v 178.151230 82.911072 129.012329
v 178.062164 83.295158 129.331772
v 178.153702 83.206444 132.460770
v 178.180939 83.745033 129.636230
v 178.197998 83.715897 132.286926
v 178.147369 84.087914 130.028244
v 178.092163 84.213638 131.000000
v 178.152298 84.081856 131.964508
v 178.522705 52.845291 92.017067
v 178.778641 52.801388 91.524643
v 178.827225 52.643887 92.026604
v 178.830872 52.740223 92.928993
v 178.546005 52.887115 92.951210
v 178.824722 52.951462 93.229790
v 178.605057 53.380779 91.114677
v 178.920700 53.405205 90.755249
v 178.801208 53.083736 91.049706
v 178.767502 53.336456 93.560059
v 178.576065 53.865566 91.107018
v 178.925949 53.827545 90.767593
v 178.686218 53.732479 93.904732
v 178.653351 54.096405 94.250130
v 178.759476 54.184589 91.036919
v 178.631470 54.591526 91.298141
v 178.721985 54.464092 94.583214
v 178.731201 55.078003 91.507774
v 178.724442 54.812279 94.982880
v 178.738235 55.183395 95.458076
v 178.737289 55.516388 91.750511
v 178.682449 55.490555 95.930092
v 178.676514 55.797630 96.423859
v 178.729279 55.866280 92.077339
v 178.725098 56.187260 92.542572
v 178.651398 56.117210 96.893860
v 178.591537 56.414032 97.253777
v 178.737396 56.489178 93.052475
v 178.686264 56.724991 93.563683
v 178.404709 56.882225 97.972816
v 178.707489 56.821354 97.515984
v 178.679184 57.005268 94.075706
v 178.663651 57.279114 94.586235
v 178.677017 57.167622 97.977242
v 178.392593 57.480099 98.968513
v 178.664230 57.468739 98.475433
v 178.664352 57.571373 95.086235
v 178.639893 57.836681 95.591972
v 178.645950 57.772167 98.961739
v 178.278641 58.093327 99.891220
v 178.560791 58.070904 99.411194
v 178.608871 58.052391 96.062439
v 178.398438 58.549999 97.026360
v 178.660187 58.272655 96.990089
v 178.651520 58.541187 97.528374
v 178.388672 58.653500 99.979767
v 178.586502 58.558475 99.432167
v 178.351181 59.107327 98.058792
v 178.622711 58.811451 98.018066
v 178.501633 59.200253 99.035103
v 178.642151 58.848095 98.980217
v 178.395447 59.186768 99.998184
v 178.212448 59.264465 100.944893
v 178.212433 59.662960 99.057922
v 178.315430 59.744976 99.998550
v 178.285263 59.777573 100.988937
v 178.169403 59.846741 101.924194
v 178.154037 60.219349 100.045502
v 178.207062 60.283993 101.020897
v 178.206192 60.349487 101.955345
v 178.121536 60.827614 101.984459
v 178.164062 65.140289 110.049461
v 178.200806 65.150398 110.975693
v 178.237366 65.644684 110.053253
v 178.378571 65.645172 111.001823
v 178.402496 65.659660 111.954178
v 178.350967 65.738899 112.966698
v 178.242935 66.206703 110.067215
v 178.474548 66.193817 111.004135
v 178.607727 66.256477 111.555054
v 178.616135 66.000526 112.023094
v 178.620712 66.009995 112.983421
v 178.428970 66.231155 113.996719
v 178.670761 66.258148 113.481087
v 178.350891 66.330177 114.968369
v 178.147827 66.702911 110.108475
v 178.425247 66.800682 111.017105
v 178.607269 66.766991 111.555313
v 178.692581 66.526260 113.997734
v 178.625092 66.591812 114.980843
v 178.409393 66.841583 115.980225
v 178.678406 66.847588 115.480408
v 178.197021 67.262894 111.048965
v 178.658585 67.060600 112.024002
v 178.438553 67.383827 111.985443
v 178.665451 67.353325 112.521523
v 178.716217 67.100121 116.022636
v 178.630768 67.349937 116.923721
v 178.633804 67.600121 117.234306
v 178.400116 67.931633 113.020241
v 178.662903 67.639572 113.024696
v 178.657593 67.928764 113.527786
v 178.700897 67.987877 117.570930
v 178.387955 68.488792 114.037102
v 178.656815 68.219688 114.028229
v 178.675354 68.510857 114.524338
v 178.768387 68.371864 117.933189
v 178.441116 68.568008 117.994873
v 178.785156 68.715736 118.408646
v 178.688492 68.782059 115.016487
v 178.779175 69.198326 115.320381
v 178.785461 69.013191 118.906212
v 178.482941 69.205887 118.964882
v 178.788010 69.307777 119.408257
v 178.729584 69.720222 115.533798
v 178.784897 69.577309 119.922836
v 178.470657 69.781960 119.978416
v 178.769516 69.836426 120.444084
v 178.731094 70.169617 115.754173
v 178.720627 70.082405 120.950043
v 178.735199 70.351952 121.484169
v 178.729233 70.523567 116.071510
v 178.735565 70.843025 116.538200
v 178.737167 70.597694 122.000908
v 178.802902 70.897636 122.898323
v 178.494446 71.008339 122.940208
v 178.812286 71.116493 123.236153
v 178.723816 71.131317 117.054443
v 178.480011 71.418465 118.029068
v 178.770554 71.362480 117.564644
v 178.740234 71.469284 123.569435
v 178.797913 71.567123 118.073883
v 178.695892 71.900238 118.966095
v 178.708389 72.123627 119.468735
v 178.728333 71.839561 123.942085
v 178.727768 72.226341 124.242096
v 178.750412 72.342674 119.992210
v 178.733643 72.635872 120.516098
v 178.720566 72.686058 124.423302
v 178.734131 72.911133 121.026505
v 178.731125 73.202332 121.526810
v 178.753677 73.220894 124.612457
v 178.729645 73.537926 122.003395
v 178.732986 73.919662 122.351456
v 178.676437 73.646072 124.931831
v 178.640213 74.003784 125.398003
v 178.710480 74.390518 122.588051
v 178.616241 74.311859 125.874763
v 178.567566 74.592102 126.243576
v 178.628174 74.812645 122.794960
v 178.429550 75.030968 127.008781
v 178.684509 74.992058 126.512932
v 178.190002 75.144028 127.947914
v 178.673080 75.159523 123.103813
v 178.645279 75.507988 123.579910
v 178.660767 75.335693 126.973175
v 178.609543 75.629967 127.445404
v 178.424591 75.597382 127.982254
v 178.155563 75.694336 128.898941
v 178.679337 75.840347 124.029716
v 178.380585 76.082977 124.058449
v 178.646408 76.088470 124.529503
v 178.475082 76.204216 127.996849
v 178.608170 76.141617 127.444946
v 178.259293 76.190926 128.946838
v 178.601334 76.237518 125.037354
v 178.354111 76.659386 126.031441
v 178.621857 76.395248 125.989014
v 178.400879 76.737610 127.046242
v 178.616898 76.397675 126.975876
v 178.383789 76.756149 128.001953
v 178.286179 76.763847 128.961670
v 178.225433 77.270943 128.045761
v 178.298141 77.377022 128.991501
v 178.351761 77.919769 128.999100
v 178.423843 77.949875 129.967682
v 178.217041 78.032906 130.936905
v 178.509323 78.476891 128.990738
v 178.681351 78.549408 129.511917
v 178.630264 78.307648 130.000519
v 178.693268 78.549889 130.489914
v 178.492340 78.494949 131.009552
v 178.528625 79.194603 128.774918
v 178.667343 78.844734 129.035385
v 178.737686 78.809036 131.009369
v 178.390198 79.168190 131.951218
v 178.716476 79.122665 131.491989
v 178.583755 79.708199 128.751678
v 178.696884 79.438118 131.963745
v 178.600632 79.825012 132.239594
v 178.607269 80.284996 128.718719
v 178.699936 80.307793 132.365799
v 178.663330 80.903587 128.686218
v 178.721848 80.869904 132.435089
v 178.704483 81.467621 128.615875
v 178.731430 81.452644 132.492538
v 178.715775 82.039940 128.615494
v 178.723740 82.032120 132.566467
v 178.742615 82.590782 128.675461
v 178.683243 82.589981 132.665955
v 178.457352 83.183228 129.035248
v 178.823837 83.007057 128.818115
v 178.690887 83.242546 132.639893
v 178.769699 83.391731 129.091736
v 178.718216 83.805870 129.420303
v 178.739212 83.784714 132.461670
v 178.486313 84.326485 130.029877
v 178.846176 84.261719 129.722198
v 178.399933 84.434227 130.999710
v 178.487915 84.324631 131.967194
v 178.851303 84.253510 132.250275
v 178.800522 84.606155 130.039597
v 178.694229 84.702438 131.001907
v 178.802597 84.603073 131.959305
v 179.049271 52.761898 91.019012
v 179.364395 52.798656 90.548462
v 179.352844 52.494877 91.030617
v 179.305511 52.380459 92.014694
v 179.328308 52.639755 92.919685
v 179.311966 52.903446 93.250412
v 179.283005 53.332932 90.419701
v 179.317017 53.328308 93.507706
v 179.345123 53.901772 90.460876
v 179.007538 53.932999 93.973274
v 179.427994 53.801880 93.727158
v 179.037079 54.479195 91.022339
v 179.405579 54.341068 90.727654
v 179.307068 54.210693 93.996910
v 179.221481 54.590450 94.413544
v 179.355957 54.690815 91.073990
v 179.289276 55.074944 91.429451
v 179.206024 54.962276 94.879158
v 179.152222 55.255455 95.241539
v 179.226349 55.472790 91.763290
v 178.988617 55.711170 95.971169
v 179.265854 55.659874 95.508087
v 179.243622 55.793499 92.112892
v 179.223404 56.074997 92.594368
v 179.241440 56.006691 95.960991
v 178.864182 56.335587 96.890816
v 179.148788 56.311543 96.412186
v 179.194839 56.294456 93.062408
v 178.984436 56.791996 94.026375
v 179.246170 56.514626 93.990112
v 179.237518 56.783199 94.528366
v 178.960220 56.895145 96.977913
v 179.172562 56.800488 96.432190
v 178.938583 57.350124 95.057289
v 179.208664 57.053398 95.018059
v 179.076630 57.433567 96.027504
v 179.228439 57.090199 95.980141
v 178.951996 57.425304 96.999001
v 178.788010 57.506527 97.942787
v 178.784180 57.880165 96.040535
v 178.818237 57.940292 97.017563
v 178.846390 58.010696 97.990082
v 178.732758 58.084370 98.919739
v 178.751907 58.493198 98.029526
v 178.742508 58.518112 98.946457
v 178.728241 66.305283 112.055168
v 178.757172 66.322289 112.972290
v 178.736771 66.733994 112.077263
v 178.848679 66.806686 113.008690
v 178.806122 66.872955 113.979790
v 178.796204 66.904663 114.974495
v 178.776230 67.304939 113.051842
v 178.882172 67.384026 114.010162
v 178.949158 67.404602 115.000809
v 178.991104 67.416946 115.952309
v 178.926453 67.515594 116.945915
v 178.791794 67.890831 114.053116
v 179.026550 67.944427 115.021400
v 179.204422 68.017342 115.555115
v 179.228012 67.748062 116.023453
v 179.229691 67.771896 116.973854
v 179.231796 68.067825 117.419037
v 178.905899 68.497284 115.042679
v 179.271744 68.616409 115.517517
v 179.268173 68.400032 117.914902
v 179.266098 68.709656 118.413399
v 179.294449 69.148445 115.549622
v 179.267288 68.999435 118.913483
v 179.271255 69.294014 119.421555
v 179.283936 69.704887 115.638489
v 179.328537 69.525467 119.934959
v 179.312485 69.801270 120.460739
v 179.212997 70.124458 115.799400
v 179.308960 70.076912 120.971214
v 179.311493 70.349861 121.485001
v 179.261963 70.475906 116.101143
v 179.320129 70.796906 116.547844
v 179.306732 70.602692 121.999977
v 179.247665 70.891006 122.900429
v 179.226746 71.124268 123.220070
v 179.321045 71.123581 117.061966
v 179.271667 71.355286 117.573021
v 179.303192 71.523842 123.535805
v 179.252762 71.631096 118.100731
v 179.034042 72.027634 119.018913
v 179.299393 71.854813 118.614494
v 179.251190 71.909256 123.892197
v 179.139236 72.253777 124.155762
v 179.311890 72.056160 119.105026
v 179.309204 72.364830 120.008713
v 179.309769 72.617638 120.525070
v 179.177414 72.681877 124.262642
v 179.324341 72.900345 121.050652
v 179.272766 73.135574 121.563293
v 179.210724 73.262543 124.332527
v 179.280029 73.443626 122.068947
v 179.270233 73.819359 122.532700
v 178.883972 73.915695 124.940651
v 179.214890 73.819344 124.467834
v 179.134460 74.312309 122.761810
v 179.040924 74.428062 125.000801
v 179.251953 74.421700 124.476776
v 178.748383 74.518707 125.898918
v 179.217056 74.652290 123.063698
v 178.958130 74.929962 123.064209
v 179.210876 74.933739 123.535942
v 179.074234 75.034340 124.998108
v 179.197357 74.964439 124.447311
v 178.859833 75.039078 125.973175
v 178.946838 75.525070 124.068962
v 179.169968 75.195198 123.992691
v 178.951447 75.576317 125.001068
v 178.895187 75.586754 125.987488
v 178.748062 75.660919 126.921341
v 178.764832 76.053932 125.031883
v 178.783890 76.086632 125.999184
v 178.730042 76.093544 126.943199
v 178.809540 78.628113 129.997116
v 178.800125 79.182320 129.085007
v 179.076874 79.105766 129.990021
v 178.983551 79.136307 130.971146
v 178.948441 79.692497 129.075928
v 179.203827 79.741135 129.558578
v 179.241684 79.448288 130.018158
v 179.236603 79.463730 130.987198
v 178.978592 79.736252 131.958084
v 179.249908 79.742592 131.474533
v 179.002655 80.287659 129.020828
v 179.359833 80.296112 129.496246
v 179.230072 80.043259 131.942169
v 179.115463 80.392197 132.202545
v 179.094330 80.837189 128.958115
v 179.431107 80.806694 129.323914
v 179.236984 80.920143 132.290955
v 179.124725 81.546585 128.786270
v 179.301392 81.167557 129.015305
v 179.298645 81.472961 132.427551
v 179.176788 82.050941 128.744598
v 179.312485 82.046898 132.605408
v 179.170975 82.611237 128.768066
v 179.316315 82.519524 132.846542
v 179.142990 82.691841 132.886993
v 179.316086 82.847275 133.019394
v 179.151016 83.027229 128.858154
v 179.141144 83.147263 132.887497
v 179.315857 82.990685 133.019394
v 179.263458 83.389137 129.100067
v 179.344177 83.836014 129.371201
v 179.315659 83.318146 132.845718
v 179.318649 83.789146 132.600754
v 179.337357 84.355209 129.577911
v 179.339264 84.351837 132.406525
v 179.096664 84.912582 130.054214
v 179.448196 84.836494 129.762085
v 178.928955 85.004204 130.997940
v 179.096954 84.910950 131.939697
v 179.450272 84.835640 132.235657
v 179.354706 85.223106 130.043304
v 179.241379 85.446777 130.997360
v 179.381165 85.508766 130.522308
v 179.380798 85.505859 131.477325
v 179.367065 85.216476 131.955444
v 179.438629 85.748077 130.997604
v 179.881790 52.285896 90.079300
v 180.079407 52.310188 89.756386
v 180.037018 52.127018 90.065605
v 179.989746 52.077503 90.999367
v 179.665970 52.246929 90.991302
v 179.987610 52.130211 91.945137
v 179.651932 52.232773 91.982674
v 179.964233 52.330273 92.431419
v 179.674652 52.732391 90.068428
v 180.059280 52.753063 89.567162
v 179.824463 52.579075 92.874695
v 179.799896 52.936996 93.199684
v 179.638550 53.317055 90.032387
v 180.013367 53.312977 89.667053
v 179.872314 53.355640 93.388748
v 179.732285 53.846687 90.105766
v 180.072983 53.741150 89.804367
v 179.900772 53.910809 93.509651
v 179.973282 54.050774 90.119125
v 179.897491 54.368439 90.560158
v 179.509216 54.555862 93.973335
v 179.897644 54.476250 93.582283
v 179.912994 54.721733 91.074455
v 179.829636 55.013260 91.567398
v 179.632065 55.108536 93.982803
v 179.864975 55.027409 93.449333
v 179.331757 55.180317 94.896507
v 179.833221 55.307995 92.022667
v 179.520493 55.582630 92.072258
v 179.681625 55.684792 93.027039
v 179.882462 55.356110 92.988052
v 179.565216 55.665745 94.001183
v 179.426636 55.700539 94.969818
v 179.370728 56.122986 93.040680
v 179.417953 56.185482 94.017807
v 179.455139 56.242645 94.994751
v 179.326035 56.323193 95.918205
v 179.346512 56.735912 95.029694
v 179.328049 56.759983 95.946266
v 179.413284 68.062592 116.037300
v 179.527145 68.062157 116.962837
v 179.650787 68.537170 116.003372
v 179.837204 68.596558 116.515671
v 179.774780 68.366699 117.001144
v 179.563263 68.618965 117.968193
v 179.822083 68.617447 117.473114
v 179.680481 69.226631 115.799828
v 179.820068 68.887917 116.043800
v 179.836670 68.896332 117.978241
v 179.568817 69.199448 118.970558
v 179.843887 69.187065 118.478821
v 179.675125 69.635178 115.823471
v 179.832794 69.474617 119.009460
v 179.771240 69.706680 119.933525
v 179.786957 69.929054 120.395538
v 179.804642 69.972206 116.072533
v 179.558746 70.258827 116.061142
v 179.848068 70.327217 116.495270
v 179.791351 70.207291 120.894341
v 179.793518 70.496040 121.396782
v 179.736221 70.726562 116.758286
v 179.793503 70.777733 121.936134
v 179.544373 71.010681 122.933380
v 179.808151 70.984428 122.465240
v 179.764175 70.926872 117.080299
v 179.566299 71.434067 118.030106
v 179.833466 71.165993 117.990501
v 179.829834 71.441597 118.527084
v 179.797470 71.264351 122.934898
v 179.717880 71.592964 123.255959
v 179.556534 71.969681 119.046730
v 179.823486 71.729485 119.030609
v 179.811249 71.998688 119.534134
v 179.458710 72.148308 123.883949
v 179.770050 72.077019 123.444359
v 179.791092 72.199989 120.066116
v 179.789551 72.475334 120.601250
v 179.529266 72.671692 123.936867
v 179.818207 72.662460 123.461151
v 179.771973 72.693924 121.065895
v 179.572617 73.204536 122.024437
v 179.829758 72.921585 121.991089
v 179.812531 73.186943 122.528633
v 179.558624 73.273903 123.932968
v 179.763535 73.199287 123.435715
v 179.590958 73.821953 123.044060
v 179.775772 73.466766 122.986671
v 179.471817 73.824631 123.960434
v 179.368469 74.336548 123.081444
v 179.409882 74.398834 123.962074
v 179.298218 74.891830 123.985931
v 179.408493 79.777550 130.039230
v 179.416794 79.786011 130.974960
v 179.616745 80.277245 130.012299
v 179.696350 80.256401 131.008575
v 179.405807 80.356773 131.921753
v 179.763336 80.937668 129.691391
v 179.816208 80.631203 130.031601
v 179.891525 80.590385 130.996124
v 179.901093 80.868233 131.499512
v 179.648605 80.845421 131.989914
v 179.495544 81.499649 129.081573
v 179.876892 81.465256 129.523056
v 179.887009 81.172989 131.983871
v 179.780930 81.565826 132.261932
v 179.574371 82.044273 129.036133
v 179.957245 82.042053 129.396576
v 179.877487 82.063377 132.430756
v 179.582016 82.623497 129.029678
v 179.982849 82.625618 129.364868
v 179.486832 82.692436 132.883316
v 179.913086 82.600647 132.593124
v 179.499435 83.156975 129.093811
v 179.930389 83.242668 129.378723
v 179.484772 83.144279 132.883072
v 179.919235 83.242569 132.607239
v 179.906631 83.802193 129.472672
v 179.905289 83.799835 132.518066
v 179.901001 84.380920 129.549774
v 179.901031 84.380875 132.449173
v 179.927597 84.944405 129.623001
v 179.927658 84.944420 132.376999
v 179.645309 85.520370 130.035751
v 180.031387 85.426964 129.761093
v 179.649643 85.517555 131.961975
v 180.032776 85.434319 132.243927
v 179.932327 85.817535 130.033142
v 179.702621 86.050560 130.998871
v 179.935959 86.108879 130.516983
v 179.916901 86.127090 131.494354
v 179.924759 85.831726 131.979813
v 179.978546 86.363022 130.999741
v 180.466660 52.162502 89.482735
v 180.499786 51.860329 90.029945
v 180.500336 51.921516 90.995796
v 180.485428 52.088211 91.931526
v 180.471741 52.302193 92.310577
v 180.404495 52.741158 89.154839
v 180.760101 52.739872 88.887695
v 180.561264 52.491234 89.069397
v 180.167633 52.778336 92.951935
v 180.547668 52.679783 92.635292
v 180.544189 53.002182 89.066940
v 180.426758 53.387428 89.363899
v 180.453186 53.058033 92.957611
v 180.293289 53.427841 93.203613
v 180.507904 53.799355 89.667175
v 180.334351 53.917881 93.251259
v 180.516037 54.138927 90.075920
v 180.443405 54.364536 90.567268
v 180.281998 54.407627 93.235023
v 180.406982 54.580128 91.045990
v 180.139664 55.025326 92.018387
v 180.441269 54.752193 91.979294
v 180.128799 55.021229 92.980408
v 180.361557 54.694244 92.949036
v 179.927383 68.677689 116.999191
v 179.904160 69.215927 116.095901
v 180.052658 69.173508 117.002991
v 179.972198 69.231964 117.952988
v 179.900970 69.663506 116.101341
v 180.085571 69.730873 117.009819
v 180.088715 69.748627 117.992332
v 179.995392 69.804001 118.976395
v 179.913696 69.871048 119.954262
v 180.026306 70.285370 117.023697
v 180.097412 70.311028 118.004517
v 180.100296 70.328094 118.998085
v 180.078873 70.341499 119.992081
v 179.925995 70.434990 120.933815
v 179.892853 70.781250 117.072746
v 179.990112 70.834389 118.024872
v 180.096313 70.892021 119.007919
v 180.125931 70.906502 120.001015
v 180.093018 70.922714 120.990189
v 179.942154 71.009422 121.940376
v 179.969360 71.406090 119.048378
v 180.098709 71.476562 120.008987
v 180.125580 71.491463 120.998795
v 180.077652 71.508507 121.987122
v 179.925018 71.572479 122.911667
v 179.941879 71.974083 120.058060
v 180.079056 72.056610 121.007668
v 180.088440 72.068817 121.998123
v 179.991730 72.087563 122.947487
v 179.912277 72.525917 121.045959
v 179.987259 72.592178 122.021393
v 179.983856 72.645782 122.960556
v 179.889755 73.136520 122.985130
v 179.990143 80.954369 130.051849
v 180.140320 80.926888 130.974518
v 180.235962 81.430473 130.001541
v 180.424225 81.487762 130.515411
v 180.365952 81.254250 131.000519
v 180.153168 81.489906 131.960678
v 180.403763 81.510719 131.471466
v 180.301926 82.121330 129.739319
v 180.416245 81.777618 130.037277
v 180.387177 81.806404 131.936127
v 180.279739 82.145317 132.207016
v 180.343369 82.635048 129.698380
v 180.331497 82.638405 132.283554
v 180.361755 83.217514 129.684738
v 180.362045 83.220528 132.312836
v 180.422546 83.833961 129.682068
v 180.422180 83.836510 132.319397
v 180.467331 84.397278 129.602142
v 180.467392 84.397308 132.397858
v 180.488174 84.968849 129.583572
v 180.488007 84.969994 132.419418
v 180.513611 85.530411 129.623169
v 180.509308 85.541847 132.395004
v 180.222885 86.116150 130.029648
v 180.617905 86.021408 129.754471
v 180.156372 86.166855 131.984238
v 180.567871 86.089798 132.287125
v 180.502502 86.423271 130.016266
v 180.249390 86.664536 131.023773
v 180.496811 86.721001 130.503555
v 180.424332 86.628464 131.931473
v 180.693298 86.612839 132.198044
v 180.538025 86.972527 131.013031
v 180.617203 86.921043 131.949219
v 180.845932 51.672325 89.989449
v 181.127731 51.654610 89.528000
v 181.179886 51.564259 89.987465
v 181.114044 51.675549 90.454170
v 180.811325 52.177917 89.039375
v 181.203949 52.278893 88.769005
v 181.115601 51.906406 89.041779
v 181.047440 51.831749 90.989273
v 180.982422 52.142647 91.885384
v 180.896103 52.346210 92.182159
v 181.136948 52.734562 88.706253
v 180.967896 52.756077 92.338516
v 180.810852 53.286526 89.050163
v 181.182846 53.129177 88.810509
v 180.644958 53.376842 92.900032
v 180.981705 53.306625 92.467674
v 181.124756 53.488708 89.095322
v 181.056473 53.817417 89.532822
v 180.681641 53.926151 92.901428
v 180.936523 53.859966 92.425468
v 181.069504 54.072803 90.048553
v 180.740616 54.433712 91.024368
v 181.085770 54.272274 90.980682
v 180.742401 54.451401 92.016525
v 181.013397 54.140816 91.947533
v 180.524734 54.397259 92.925453
v 180.515488 81.568481 130.998703
v 180.516098 82.115768 130.087585
v 180.659576 82.062927 131.000732
v 180.499115 82.121727 131.904938
v 180.592834 82.640755 130.063828
v 180.758606 82.632874 131.000427
v 180.592285 82.638947 131.936234
v 180.671402 83.224052 130.044037
v 180.916885 83.168190 130.995300
v 180.673431 83.220161 131.954041
v 180.843826 83.759865 130.001251
v 181.079407 83.792145 130.498276
v 181.055832 83.535164 131.004944
v 181.068390 83.802040 131.497925
v 180.841858 83.756783 131.998047
v 180.942947 84.504745 129.755768
v 181.056717 84.103897 130.016098
v 181.060928 84.100357 131.985870
v 180.943954 84.504585 132.245193
v 181.048340 84.995590 129.623169
v 181.048935 84.995247 132.378403
v 181.073837 85.557167 129.583557
v 181.074280 85.557556 132.433151
v 181.095398 86.127792 129.605255
v 181.083313 86.139122 132.431244
v 180.740341 86.750084 130.014893
v 181.154236 86.677444 129.714798
v 181.104721 86.701302 132.363998
v 181.007095 87.213051 130.066345
v 181.280746 87.200668 129.801682
v 180.804581 87.282532 130.983856
v 180.878204 87.220627 131.951111
v 181.214325 87.175995 132.227936
v 181.199738 87.508469 130.053925
v 181.091965 87.589760 131.000366
v 181.160339 87.520691 131.955017
v 181.423080 51.661339 89.061333
v 181.765823 51.782913 88.809753
v 181.740204 51.564053 89.092796
v 181.675400 51.492485 89.964180
v 181.662369 51.641899 90.464470
v 181.682297 52.186672 88.638542
v 181.622742 51.913803 90.996613
v 181.218033 52.250721 91.876442
v 181.636551 52.213211 91.455208
v 181.666245 52.728401 88.611427
v 181.349915 52.741272 91.982880
v 181.732040 52.738827 91.630127
v 181.671616 53.184219 88.745674
v 181.349060 53.321659 91.986336
v 181.714111 53.318325 91.597076
v 181.665588 53.539925 89.062714
v 181.657104 53.830181 89.537918
v 181.236267 53.851074 91.922600
v 181.563553 53.811424 91.411369
v 181.641617 54.008312 90.033386
v 181.565216 54.003281 90.944191
v 181.290375 83.873657 131.003036
v 181.332626 84.417114 130.033508
v 181.628601 84.414421 130.515411
v 181.568207 84.181564 131.002533
v 181.339233 84.409454 131.970108
v 181.624054 84.419960 131.482132
v 181.529678 85.100311 129.762924
v 181.621521 84.715454 130.037704
v 181.629593 84.708511 131.966965
v 181.530930 85.099052 132.238998
v 181.634888 85.581268 129.621704
v 181.635742 85.580292 132.380478
v 181.660263 86.143570 129.566788
v 181.660385 86.142372 132.448517
v 181.669373 86.725105 129.568939
v 181.660385 86.727646 132.452820
v 181.690765 87.287270 129.636063
v 181.684982 87.288971 132.377579
v 181.463348 87.807480 130.049133
v 181.800430 87.761848 129.772186
v 181.376938 87.889984 130.999893
v 181.453339 87.813683 131.954926
v 181.799316 87.760658 132.227158
v 181.746521 88.106590 130.045074
v 181.669861 88.183189 131.000031
v 181.746323 88.106659 131.954941
v 182.243622 51.747688 88.781769
v 182.243500 51.539242 89.074944
v 182.230301 51.503750 89.951279
v 182.248108 51.701675 90.443893
v 182.232254 52.171482 88.630188
v 182.188599 51.996902 90.905571
v 182.133728 52.326729 91.233711
v 182.230515 52.726635 88.613182
v 182.177368 52.745461 91.354645
v 182.231918 53.177780 88.759949
v 182.128815 53.224682 91.281105
v 182.250351 53.526520 89.090004
v 182.185135 53.755665 89.571609
v 181.903610 53.833000 90.966034
v 182.202835 53.573547 90.960464
v 182.182343 53.816677 90.469582
v 182.129318 53.892887 90.015549
v 181.862411 84.475731 131.002640
v 181.914566 85.008476 130.037720
v 182.210663 85.004349 130.517471
v 182.154266 84.767601 131.002609
v 181.921478 85.000443 131.966949
v 182.210068 85.005951 131.482147
v 182.115677 85.686073 129.762665
v 182.207443 85.301659 130.037994
v 182.215469 85.294571 131.966797
v 182.116730 85.684967 132.239044
v 182.221191 86.166603 129.620819
v 182.221588 86.166168 132.379730
v 182.246445 86.728371 129.551819
v 182.245682 86.728325 132.453140
v 182.246384 87.313637 129.547180
v 182.246292 87.313698 132.453003
v 182.271011 87.874954 129.622452
v 182.271072 87.874931 132.377441
v 182.039352 88.399673 130.045044
v 182.385330 88.346642 129.772827
v 181.962830 88.476158 130.999985
v 182.039322 88.399651 131.954926
v 182.385361 88.346657 132.227188
v 182.332352 88.692688 130.045044
v 182.255829 88.769157 130.999969
v 182.332321 88.692673 131.954941
v 182.632141 51.769672 88.860458
v 182.690811 51.610329 89.075653
v 182.690750 51.597939 89.930969
v 182.662506 51.755188 90.237038
v 182.662064 52.169575 88.770370
v 182.484421 52.217976 90.936241
v 182.768692 52.148041 90.501251
v 182.662842 52.724800 88.769699
v 182.718048 52.497044 90.916740
v 182.547165 52.741032 91.110947
v 182.633270 53.132133 88.853409
v 182.490738 53.282928 90.955460
v 182.716339 52.981461 90.927879
v 182.744858 53.267635 90.468651
v 182.687744 53.332176 89.082748
v 182.421371 53.759022 90.008484
v 182.692032 53.511909 89.966805
v 182.441483 85.066437 131.001968
v 182.496643 85.598564 130.039856
v 182.763794 85.601791 130.521988
v 182.709076 85.364204 131.002625
v 182.500763 85.592590 131.962585
v 182.769180 85.608261 131.476593
v 182.697739 86.275879 129.766647
v 182.791580 85.890762 130.044586
v 182.782135 85.893959 131.956711
v 182.696594 86.277107 132.231674
v 182.807098 86.752800 129.621979
v 182.807068 86.752853 132.377869
v 182.831696 87.314316 129.546951
v 182.831711 87.314331 132.453033
v 182.832306 87.899666 129.546967
v 182.832306 87.899673 132.453018
v 182.857040 88.460922 129.622543
v 182.857025 88.460930 132.377457
v 182.625351 88.985664 130.045013
v 182.971344 88.932655 129.772842
v 182.548828 89.062172 131.000015
v 182.625320 88.985664 131.954941
v 182.971329 88.932640 132.227173
v 182.918350 89.278687 130.045059
v 182.841827 89.355148 131.000015
v 182.918320 89.278656 131.954956
v 182.794266 51.709564 89.074753
v 182.805435 51.705505 89.932137
v 182.886124 52.170456 89.070282
v 182.924454 52.189091 89.976105
v 182.884552 52.724224 89.074318
v 182.963943 52.728119 89.985367
v 182.771545 52.739567 90.878769
v 182.804871 53.193211 89.077263
v 182.863297 53.218395 89.971222
v 182.906296 85.665367 130.997971
v 183.051468 86.199120 130.054230
v 183.219009 86.107773 130.997955
v 183.051239 86.200775 131.939728
v 183.278351 86.867401 129.773056
v 183.337753 86.513733 130.045486
v 183.438156 86.421974 131.002090
v 183.337723 86.514549 131.956177
v 183.278275 86.867538 132.226791
v 183.392960 87.339027 129.622513
v 183.392914 87.339058 132.377441
v 183.417694 87.900307 129.546997
v 183.417679 87.900299 132.453018
v 183.418304 88.485672 129.546967
v 183.418274 88.485657 132.453003
v 183.443039 89.046951 129.622498
v 183.443024 89.046928 132.377441
v 183.211578 89.571259 130.045212
v 183.557617 89.518570 129.773041
v 183.120132 89.662109 130.999725
v 183.211731 89.571213 131.954453
v 183.557724 89.518448 132.226791
v 183.498215 89.872253 130.045517
v 183.397842 89.964027 131.002075
v 183.498291 89.871460 131.956192
v 183.624451 86.814766 130.045212
v 183.715851 86.723885 130.999741
v 183.624252 86.814766 131.954483
v 183.864685 87.453369 129.772827
v 183.917664 87.107330 130.045059
v 183.994156 87.030838 130.999985
v 183.917664 87.107330 131.954941
v 183.864685 87.453392 132.227188
v 183.978928 87.925064 129.622543
v 183.979019 87.925018 132.377609
v 184.003662 88.486305 129.546982
v 184.003586 88.486328 132.452850
v 184.004303 89.071678 129.546967
v 184.003540 89.071640 132.448029
v 184.028900 89.633171 129.621964
v 184.029388 89.632668 132.377228
v 183.784500 90.186890 130.054245
v 184.138306 90.110115 129.766663
v 183.616943 90.278183 130.997955
v 183.785004 90.184959 131.939713
v 184.139511 90.108894 132.231613
v 184.042725 90.497101 130.043335
v 183.929398 90.720795 130.997391
v 184.069199 90.782768 130.522308
v 184.068878 90.779778 131.477310
v 184.055084 90.490494 131.955475
v 184.126709 91.021843 130.997635
v 184.210663 87.400337 130.045029
v 184.287155 87.323830 130.999985
v 184.210693 87.400352 131.954956
v 184.450684 88.039360 129.772842
v 184.503693 87.693344 130.045074
v 184.580170 87.616837 131.000000
v 184.503738 87.693253 131.955032
v 184.449738 88.037987 132.227966
v 184.564941 88.511024 129.622452
v 184.559265 88.512688 132.363998
v 184.589569 89.072342 129.547150
v 184.580673 89.074860 132.431244
v 184.589539 89.657623 129.551804
v 184.589645 89.656425 132.432755
v 184.614792 90.219406 129.620758
v 184.615646 90.218422 132.376968
v 184.329376 90.799728 130.032516
v 184.719803 90.709747 129.754120
v 184.337631 90.791557 131.961990
v 184.720764 90.708298 132.243927
v 184.605072 91.110718 130.017166
v 184.387238 91.326859 130.997467
v 184.607788 91.401855 130.506821
v 184.604767 91.401604 131.494446
v 184.612823 91.105743 131.979889
v 184.663437 91.639816 131.001526
v 184.796692 87.986313 130.044998
v 184.872864 87.910141 131.000015
v 184.787659 87.991821 131.951309
v 185.035645 88.624092 129.772186
v 185.089691 88.279312 130.045013
v 185.159225 88.210045 131.001694
v 185.050247 88.290581 131.948349
v 184.971146 88.600906 132.198471
v 185.145218 89.098724 129.636063
v 185.096008 89.124268 132.287003
v 185.166611 89.660866 129.568939
v 185.154709 89.672119 132.395020
v 185.175491 90.243576 129.563812
v 185.175995 90.244019 132.419418
v 185.196854 90.816055 129.603745
v 185.197250 90.815865 132.395004
v 184.842804 91.437790 130.015396
v 185.256119 91.365532 129.714676
v 184.843719 91.440765 131.985077
v 185.255768 91.363853 132.287292
v 185.110764 91.899872 130.066528
v 185.383041 91.888611 129.801880
v 184.903412 91.965508 130.998062
v 185.109665 91.903381 131.931885
v 185.381302 91.886818 132.197968
v 185.295135 92.202980 130.053894
v 185.171097 92.297295 131.003372
v 185.295807 92.202560 131.949127
v 185.371414 88.579498 130.049011
v 185.446686 88.517670 131.013916
v 185.243820 88.583122 131.931381
v 185.554871 89.185486 129.802002
v 185.633347 88.879578 130.052887
v 185.715530 88.822372 130.990128
v 185.753204 89.079353 131.496338
v 185.507996 89.048233 131.986313
v 185.681747 89.708511 129.714813
v 185.747086 89.376717 131.983719
v 185.632172 89.779106 132.245132
v 185.741104 90.257942 129.603745
v 185.736923 90.269188 132.378510
v 185.762451 90.830437 129.563828
v 185.762207 90.831604 132.432968
v 185.771347 91.413132 129.568909
v 185.770844 91.413162 132.426193
v 185.792542 91.975502 129.635483
v 185.792908 91.975121 132.363785
v 185.552216 92.525513 130.058594
v 185.897354 92.455345 129.766144
v 185.375305 92.621887 130.997910
v 185.552444 92.523972 131.935608
v 185.898438 92.454086 132.232162
v 185.800858 92.841049 130.043365
v 185.687363 93.064774 130.997345
v 185.827194 93.126785 130.522324
v 185.826874 93.123787 131.477280
v 185.812943 92.834511 131.955521
v 185.884735 93.365883 130.997665
v 185.824738 89.175262 130.066315
v 185.999283 89.134926 130.973831
v 186.094727 89.635521 130.016937
v 186.331955 89.673080 130.505890
v 186.264847 89.443794 131.001465
v 186.026779 89.684181 131.969971
v 186.313385 89.692154 131.482758
v 186.217392 90.365021 129.755447
v 186.326385 89.967941 130.020111
v 186.317520 89.982506 131.966919
v 186.217911 90.372040 132.239426
v 186.323242 90.854568 129.620651
v 186.317520 90.856270 132.365173
v 186.348358 91.416397 129.551987
v 186.339203 91.418854 132.426270
v 186.347580 92.001595 129.552002
v 186.347763 92.000443 132.432602
v 186.372726 92.563423 129.620682
v 186.373581 92.562462 132.377151
v 186.087387 93.143723 130.032501
v 186.477814 93.053772 129.754120
v 186.095627 93.135544 131.961975
v 186.478821 93.052307 132.243942
v 186.363098 93.454727 130.017197
v 186.145279 93.670876 130.997482
v 186.365753 93.745834 130.506790
v 186.362762 93.745605 131.494431
v 186.370850 93.449768 131.979889
v 186.421463 93.983849 131.001511
v 186.546753 89.750694 131.001083
v 186.602615 90.281006 130.036072
v 186.867233 90.288429 130.521408
v 186.810364 90.053139 131.001968
v 186.595551 90.284615 131.957199
v 186.858658 90.297714 131.473373
v 186.798599 90.962692 129.766220
v 186.893311 90.578857 130.044586
v 186.846924 90.592072 131.941833
v 186.733414 90.940239 132.202530
v 186.903412 91.442474 129.635498
v 186.853668 91.468414 132.286530
v 186.924637 92.004883 129.568939
v 186.912689 92.016129 132.395020
v 186.933517 92.587555 129.563812
v 186.934021 92.587990 132.419418
v 186.954865 93.160065 129.603760
v 186.955246 93.159859 132.395020
v 186.600845 93.781792 130.015381
v 187.014160 93.709534 129.714676
v 186.601746 93.784790 131.985107
v 187.013779 93.707863 132.287292
v 186.868774 94.243866 130.066513
v 187.141068 94.232590 129.801865
v 186.661392 94.309494 130.998062
v 186.867691 94.247383 131.931885
v 187.139343 94.230827 132.197998
v 187.053131 94.547012 130.053894
v 186.929108 94.641289 131.003372
v 187.053818 94.546577 131.949142
v 187.004639 90.355820 131.000031
v 187.141876 90.893608 130.059402
v 187.300629 90.814423 131.008759
v 187.022446 90.905334 131.920929
v 187.312439 91.529617 129.802307
v 187.397537 91.216988 130.053848
v 187.503372 91.143730 130.995682
v 187.519058 91.416214 131.499512
v 187.266708 91.393272 131.989609
v 187.439758 92.052460 129.714767
v 187.504639 91.721230 131.983261
v 187.390182 92.123077 132.245117
v 187.499130 92.601936 129.603668
v 187.494934 92.613182 132.378510
v 187.520432 93.174469 129.564026
v 187.520218 93.175613 132.432953
v 187.528900 93.757156 129.573959
v 187.528854 93.757172 132.426224
v 187.550873 94.319153 129.636108
v 187.550919 94.319130 132.363785
v 187.310181 94.869453 130.058548
v 187.655380 94.799294 129.766144
v 187.133347 94.965904 130.997925
v 187.310394 94.867958 131.935532
v 187.656479 94.798103 132.232193
v 187.558853 95.185066 130.043320
v 187.445389 95.408791 130.997391
v 187.585190 95.470787 130.522324
v 187.584885 95.467789 131.477295
v 187.570999 95.178520 131.955551
v 187.642731 95.709831 130.997620
v 187.582153 91.519852 130.066574
v 187.767151 91.469048 130.974319
v 187.852692 91.979507 130.016922
v 188.089951 92.017097 130.505859
v 188.022842 91.787804 131.001480
v 187.784760 92.028168 131.969986
v 188.071396 92.036133 131.482758
v 187.974335 92.707901 129.754944
v 188.084290 92.311981 130.020142
v 188.075531 92.326492 131.966904
v 187.975876 92.716034 132.239426
v 188.075577 93.200180 129.634583
v 188.075516 93.200256 132.365173
v 188.097107 93.762856 129.573761
v 188.097137 93.762833 132.426270
v 188.105743 94.344406 129.567276
v 188.105743 94.344437 132.432602
v 188.131561 94.906464 129.622833
v 188.131577 94.906464 132.377121
v 187.845352 95.487709 130.032501
v 188.235916 95.397644 129.754242
v 187.853683 95.479561 131.962006
v 188.236725 95.396294 132.243912
v 188.120544 95.798668 130.017715
v 187.895950 96.023476 130.996887
v 188.116821 96.097977 130.504715
v 188.112228 96.098236 131.497482
v 188.129486 95.793007 131.979187
v 188.147400 96.350136 131.004059
v 188.304764 92.094719 131.001083
v 188.353699 92.628960 130.041794
v 188.616638 92.637321 130.524841
v 188.568207 92.397194 131.001938
v 188.353561 92.628639 131.957199
v 188.616486 92.641815 131.473343
v 188.490814 93.281311 129.795959
v 188.611710 92.933838 130.056564
v 188.604782 92.936066 131.941742
v 188.491364 93.284264 132.202454
v 188.611969 93.810417 129.714859
v 188.611816 93.812393 132.286697
v 188.670624 94.360168 129.605133
v 188.670685 94.360123 132.394989
v 188.691986 94.932014 129.580566
v 188.691971 94.931992 132.419403
v 188.713287 95.503815 129.605148
v 188.713272 95.503868 132.394989
v 188.357513 96.125343 130.010910
v 188.772049 96.053566 129.714844
v 188.358887 96.128159 131.988220
v 188.772217 96.051598 132.286652
v 188.602142 96.613716 130.076263
v 188.893143 96.582733 129.795883
v 188.344971 96.690163 130.997437
v 188.605789 96.613518 131.920593
v 188.892624 96.579758 132.202454
v 188.770401 96.931770 130.055283
v 188.624832 97.163956 130.998825
v 188.764236 97.224976 130.525177
v 188.771667 97.223251 131.473404
v 188.780731 96.926392 131.940506
v 188.815353 97.467415 130.997177
v 188.759155 92.699944 130.999695
v 188.781815 93.250244 130.076248
v 189.039413 93.173523 130.997147
v 188.778656 93.250252 131.920654
v 189.027298 93.737732 130.010788
v 189.272324 93.763687 130.503052
v 189.236359 93.514183 131.003220
v 189.267532 93.767784 131.495850
v 189.024506 93.736610 131.988251
v 189.147247 94.467087 129.755585
v 189.256470 94.070190 130.020615
v 189.261322 94.066200 131.982117
v 189.148087 94.466965 132.245270
v 189.252380 94.957542 129.622833
v 189.252380 94.957542 132.377136
v 189.278198 95.519592 129.567307
v 189.278229 95.519562 132.432602
v 189.286865 96.101143 129.573761
v 189.286819 96.101158 132.426270
v 189.308365 96.663811 129.634613
v 189.308456 96.663795 132.365204
v 189.027527 97.237106 130.040863
v 189.408203 97.147888 129.760712
v 189.033524 97.233162 131.955872
v 189.409470 97.155609 132.244720
v 189.308380 97.537483 130.033142
v 189.078598 97.770561 130.998856
v 189.311981 97.828911 130.516968
v 189.293381 97.846817 131.494125
v 189.300781 97.551727 131.979813
v 189.354538 98.083015 130.999756
v 189.487579 93.840630 131.002258
v 189.532608 94.382996 130.036041
v 189.797256 94.390175 130.521301
v 189.741226 94.154060 131.002502
v 189.536469 94.377548 131.965637
v 189.801239 94.398262 131.476562
v 189.728561 95.064713 129.766174
v 189.823456 94.680817 130.044571
v 189.814255 94.683861 131.956848
v 189.727493 95.065895 132.232208
v 189.833115 95.544846 129.636124
v 189.833069 95.544884 132.363800
v 189.855042 96.106827 129.573959
v 189.855133 96.106819 132.426208
v 189.863785 96.688385 129.567001
v 189.863602 96.689575 132.435974
v 189.889084 97.250778 129.621536
v 189.884735 97.262131 132.396622
v 189.598831 97.836090 130.029602
v 189.993881 97.741379 129.754471
v 189.532364 97.886864 131.984253
v 189.943878 97.809784 132.287140
v 189.878479 98.143288 130.016266
v 189.625366 98.384537 131.023743
v 189.872803 98.441002 130.503525
v 189.800354 98.348473 131.931488
v 190.069244 98.332855 132.198044
v 189.914017 98.692520 131.013031
v 189.993149 98.640999 131.949188
v 189.938309 94.455376 130.997940
v 190.073792 94.994507 130.058594
v 190.250671 94.898094 130.997925
v 190.073807 94.995781 131.935577
v 190.242935 95.631386 129.801880
v 190.330902 95.316994 130.053894
v 190.454895 95.222702 131.003372
v 190.330154 95.317421 131.949142
v 190.244690 95.633202 132.197983
v 190.369843 96.154465 129.714676
v 190.370255 96.156105 132.287338
v 190.428604 96.704193 129.605240
v 190.429169 96.703880 132.396500
v 190.449982 97.276009 129.580582
v 190.450455 97.276405 132.436127
v 190.471313 97.847794 129.605255
v 190.459274 97.859131 132.431244
v 190.116409 98.470070 130.014877
v 190.530212 98.397499 129.714752
v 190.480682 98.421280 132.363983
v 190.383606 98.932625 130.066574
v 190.657104 98.920624 129.801895
v 190.165253 99.015778 130.983032
v 190.254501 98.940414 131.950424
v 190.590637 98.895767 132.227509
v 190.569183 99.234940 130.054092
v 190.438217 99.334106 131.002899
v 190.530228 99.247505 131.956223
v 190.515213 95.620117 130.066498
v 190.722870 95.554260 130.997879
v 190.516312 95.616608 131.931900
v 190.783676 96.081451 130.015503
v 191.024231 96.115982 130.504456
v 190.962280 95.880577 131.000900
v 191.018036 96.118843 131.493088
v 190.781815 96.080093 131.985291
v 190.905380 96.811256 129.755615
v 191.014633 96.413780 130.019974
v 191.019974 96.409569 131.982712
v 190.906387 96.810944 132.245407
v 191.010880 97.301239 129.621613
v 191.011749 97.300255 132.380569
v 191.036255 97.863579 129.566818
v 191.036423 97.862404 132.448517
v 191.045380 98.445122 129.568924
v 191.036392 98.447647 132.452835
v 191.066528 99.007507 129.635483
v 191.060867 99.009171 132.378052
v 190.826187 99.557518 130.058578
v 191.171310 99.487335 129.766068
v 190.648956 99.654144 130.997910
v 190.816956 99.560966 131.939682
v 191.171448 99.484886 132.231598
v 191.074844 99.873047 130.043365
v 190.961380 100.096786 130.997391
v 191.101181 100.158775 130.522324
v 191.100769 100.155838 131.477295
v 191.087067 99.866493 131.955444
v 191.158600 100.398048 130.997559
v 191.245728 96.188095 131.003082
v 191.294647 96.723099 130.033478
v 191.587601 96.722641 130.516769
v 191.530182 96.487579 131.002563
v 191.301208 96.715477 131.970093
v 191.586060 96.725967 131.482132
v 191.491638 97.406097 129.762756
v 191.583435 97.021660 130.037994
v 191.591507 97.014549 131.966827
v 191.492783 97.404976 132.238983
v 191.597229 97.886604 129.620728
v 191.597626 97.886124 132.379883
v 191.622375 98.448402 129.551971
v 191.621552 98.448326 132.452957
v 191.621567 99.033600 129.551987
v 191.621506 99.033607 132.448135
v 191.646744 99.595406 129.620712
v 191.646759 99.595367 132.379150
v 191.365356 100.170387 130.035736
v 191.751205 100.077026 129.760956
v 191.369659 100.167580 131.962021
v 191.752625 100.084419 132.244034
v 191.652344 100.467545 130.033127
v 191.422592 100.700562 130.998856
v 191.655960 100.758888 130.516968
v 191.636948 100.777122 131.494339
v 191.644775 100.481735 131.979828
v 191.698547 101.013016 130.999741
v 191.817474 96.786430 131.001968
v 191.872696 97.318611 130.039886
v 192.139755 97.321785 130.521988
v 192.085052 97.084198 131.002655
v 191.876740 97.312569 131.962555
v 192.145187 97.328247 131.476593
v 192.072617 97.994682 129.766098
v 192.167435 97.610817 130.044586
v 192.158142 97.613869 131.956787
v 192.071564 97.995865 132.232239
v 192.177414 98.474472 129.635483
v 192.177429 98.474503 132.364410
v 192.198593 99.036873 129.568909
v 192.198700 99.036858 132.431259
v 192.207733 99.618431 129.566803
v 192.207504 99.619591 132.436172
v 192.233063 100.180740 129.621628
v 192.228790 100.192108 132.396500
v 191.942917 100.766159 130.029648
v 192.337891 100.671410 129.754471
v 191.876328 100.816818 131.984238
v 192.287872 100.739784 132.287125
v 192.222504 101.073273 130.016266
v 191.969330 101.314507 131.023743
v 192.216766 101.370987 130.503540
v 192.144333 101.278496 131.931458
v 192.413269 101.262840 132.198044
v 192.257996 101.622490 131.013046
v 192.337158 101.570976 131.949203
v 192.282272 97.385368 130.997955
v 192.417770 97.924492 130.058609
v 192.594681 97.828110 130.997925
v 192.417816 97.925781 131.935562
v 192.586945 98.561363 129.801895
v 192.674850 98.247002 130.053879
v 192.798920 98.152718 131.003342
v 192.674179 98.247429 131.949112
v 192.588715 98.563171 132.197983
v 192.713821 99.084442 129.714676
v 192.714279 99.086121 132.287338
v 192.772629 99.634201 129.605255
v 192.773193 99.633873 132.396515
v 192.794022 100.206001 129.580551
v 192.794495 100.206413 132.436142
v 192.815338 100.777779 129.605240
v 192.803284 100.789116 132.431229
v 192.460358 101.400085 130.014877
v 192.874191 101.327484 129.714752
v 192.824677 101.351280 132.364014
v 192.727570 101.862625 130.066559
v 193.001083 101.850647 129.801880
v 192.509247 101.945824 130.983063
v 192.598526 101.870415 131.950394
v 192.934631 101.825737 132.227509
v 192.913223 102.164932 130.054062
v 192.782227 102.264091 131.002899
v 192.874268 102.177513 131.956268
v 192.859222 98.550140 130.066528
v 193.066895 98.484268 130.997894
v 192.860306 98.546585 131.931915
v 193.127670 99.011444 130.015488
v 193.368271 99.045998 130.504456
v 193.306305 98.810577 131.000885
v 193.362076 99.048866 131.493103
v 193.125793 99.010048 131.985260
v 193.249390 99.741257 129.755646
v 193.358658 99.343765 130.020004
v 193.363983 99.339600 131.982697
v 193.250427 99.740944 132.245407
v 193.354904 100.231239 129.621628
v 193.355743 100.230232 132.380539
v 193.380310 100.793594 129.566818
v 193.380417 100.792404 132.448517
v 193.389374 101.375145 129.568939
v 193.380402 101.377663 132.452866
v 193.410553 101.937508 129.635483
v 193.404816 101.939163 132.378036
v 193.170212 102.487518 130.058578
v 193.515350 102.417328 129.766037
v 192.992950 102.584175 130.997879
v 193.160950 102.490936 131.939682
v 193.515427 102.414871 132.231628
v 193.418869 102.803040 130.043320
v 193.305374 103.026764 130.997360
v 193.445175 103.088783 130.522324
v 193.445999 103.084602 131.476776
v 193.431107 102.796440 131.955414
v 193.502930 103.327744 130.997574
v 193.589676 99.118065 131.003082
v 193.638641 99.653084 130.033508
v 193.931519 99.652603 130.516708
v 193.874207 99.417564 131.002594
v 193.645218 99.645447 131.970108
v 193.930084 99.655960 131.482117
v 193.835602 100.336060 129.762711
v 193.927460 99.951668 130.037994
v 193.935516 99.944542 131.966812
v 193.836746 100.334953 132.238968
v 193.941208 100.816650 129.620850
v 193.941574 100.816162 132.379715
v 193.966415 101.378357 129.551804
v 193.965622 101.378311 132.453140
v 193.966385 101.963638 129.547012
v 193.966339 101.963661 132.453125
v 193.990356 102.525864 129.620071
v 193.990387 102.525795 132.379745
v 193.709351 103.100388 130.035736
v 194.095230 103.007072 129.760956
v 193.717422 103.092308 131.958374
v 194.096390 103.005928 132.237244
v 193.996460 103.397385 130.033173
v 193.770538 103.625580 130.998047
v 194.001953 103.686066 130.517868
v 194.000397 103.689240 131.483231
v 194.004486 103.390442 131.962097
v 194.057770 103.924400 130.997360
v 194.161499 99.716438 131.001984
v 194.216690 100.248581 130.039856
v 194.483795 100.251785 130.521988
v 194.429092 100.014206 131.002640
v 194.220764 100.242577 131.962585
v 194.489243 100.258278 131.476608
v 194.417740 100.925896 129.766678
v 194.511581 100.540771 130.044571
v 194.502121 100.543945 131.956696
v 194.416550 100.927116 132.231644
v 194.527130 101.402802 129.621902
v 194.527084 101.402802 132.378036
v 194.551651 101.964371 129.547165
v 194.551636 101.964363 132.452866
v 194.551590 102.549606 129.551468
v 194.551590 102.549599 132.448517
v 194.576218 103.111710 129.619415
v 194.576187 103.111717 132.380569
v 194.286514 103.696899 130.029694
v 194.681656 103.601624 129.754166
v 194.293655 103.688591 131.966232
v 194.682449 103.600296 132.244019
v 194.567001 104.002708 130.017212
v 194.342331 104.223801 130.996719
v 194.569794 104.293877 130.506805
v 194.564545 104.294754 131.495209
v 194.574707 103.997726 131.979843
v 194.625443 104.531822 131.001511
v 194.626266 100.315361 130.997910
v 194.771454 100.849121 130.054230
v 194.939026 100.757790 130.997955
v 194.771255 100.850807 131.939728
v 194.997299 101.516190 129.772476
v 195.057632 101.163857 130.045502
v 195.158173 101.071983 131.002075
v 195.057770 101.164474 131.956253
v 194.997391 101.516197 132.227570
v 195.107269 101.990707 129.636017
v 195.107315 101.990707 132.363983
v 195.128632 102.552895 129.568970
v 195.128693 102.552864 132.431259
v 195.137543 103.135551 129.563812
v 195.137512 103.135582 132.436111
v 195.158920 103.708038 129.603729
v 195.158829 103.708115 132.396515
v 194.804871 104.329781 130.015381
v 195.218201 104.257515 129.714706
v 194.805725 104.332771 131.985123
v 195.217773 104.255844 132.287292
v 195.072784 104.791878 130.066513
v 195.345062 104.780640 129.801880
v 194.865356 104.857498 130.998062
v 195.071686 104.795395 131.931900
v 195.343262 104.778801 132.197952
v 195.257141 105.095001 130.053909
v 195.133102 105.189301 131.003387
v 195.257767 105.094551 131.949112
v 195.334335 101.470993 130.049301
v 195.435349 101.374405 130.999634
v 195.335281 101.470284 131.950836
v 195.517212 102.077309 129.801697
v 195.598251 101.769554 130.053619
v 195.699371 101.694496 131.001770
v 195.598114 101.768677 131.948303
v 195.519058 102.078918 132.198380
v 195.643845 102.600494 129.714737
v 195.644257 102.602119 132.287323
v 195.703094 103.149948 129.603745
v 195.703171 103.149872 132.396515
v 195.724457 103.722412 129.563812
v 195.724457 103.722382 132.436127
v 195.733368 104.305115 129.568924
v 195.733276 104.305138 132.431229
v 195.754578 104.867508 129.635483
v 195.754608 104.867500 132.364426
v 195.514221 105.417473 130.058609
v 195.859360 105.347343 129.766068
v 195.337326 105.513901 130.997940
v 195.514374 105.415939 131.935532
v 195.860428 105.346123 132.232239
v 195.762848 105.733047 130.043350
v 195.649399 105.956787 130.997360
v 195.789215 106.018791 130.522354
v 195.789963 106.014587 131.476776
v 195.775024 105.726479 131.955505
v 195.846893 106.257767 130.997620
v 195.789673 102.065681 130.066299
v 195.982086 102.012711 130.997742
v 195.790359 102.062248 131.931824
v 196.057693 102.527466 130.015488
v 196.298279 102.562012 130.504456
v 196.236237 102.326576 131.000885
v 196.292114 102.564888 131.493088
v 196.055756 102.526070 131.985291
v 196.179504 103.257126 129.755508
v 196.288696 102.859795 130.020004
v 196.293945 102.855568 131.982727
v 196.180389 103.256920 132.245392
v 196.285736 103.746262 129.619446
v 196.285751 103.746262 132.380569
v 196.310379 104.308380 129.551422
v 196.310410 104.308388 132.448532
v 196.310318 104.893631 129.546997
v 196.310425 104.893646 132.452972
v 196.334290 105.455856 129.620056
v 196.334305 105.455841 132.379883
v 196.053360 106.030396 130.035767
v 196.439148 105.937073 129.760849
v 196.061371 106.022293 131.958359
v 196.440277 105.935913 132.237305
v 196.340500 106.327400 130.033173
v 196.114487 106.555550 130.998001
v 196.345978 106.616074 130.517883
v 196.346939 106.615082 131.481552
v 196.348511 106.320389 131.962051
v 196.406296 106.847618 130.997986
v 196.519745 102.634087 131.003143
v 196.568649 103.169106 130.033508
v 196.861572 103.168633 130.516769
v 196.804230 102.933571 131.002579
v 196.575211 103.161446 131.970108
v 196.860077 103.171959 131.482132
v 196.765656 103.852066 129.762741
v 196.857452 103.467667 130.038010
v 196.865524 103.460564 131.966827
v 196.766739 103.850960 132.238953
v 196.871613 104.332130 129.620041
v 196.871628 104.332123 132.379883
v 196.895615 104.894341 129.547012
v 196.895584 104.894333 132.452972
v 196.895554 105.479584 129.551468
v 196.895569 105.479599 132.448517
v 196.920303 106.041611 129.619766
v 196.920303 106.041626 132.380310
v 196.634598 106.621468 130.033218
v 197.023987 106.516541 129.770416
v 196.642090 106.612633 131.961563
v 197.025360 106.514214 132.226486
v 196.938614 106.894974 130.046310
v 196.710175 107.102051 130.998505
v 196.957230 107.138649 130.531479
v 196.955170 107.138824 131.469406
v 196.946259 106.889931 131.948746
v 197.008347 107.226700 131.000153
v 197.091507 103.232468 131.001968
v 197.146637 103.764587 130.039856
v 197.413757 103.767776 130.521973
v 197.359039 103.530182 131.002609
v 197.150757 103.758583 131.962585
v 197.419205 103.774292 131.476593
v 197.346588 104.440659 129.766113
v 197.441406 104.056831 130.044571
v 197.432175 104.059875 131.956802
v 197.345566 104.441879 132.232208
v 197.451416 104.920464 129.635483
v 197.451370 104.920494 132.364410
v 197.472565 105.482880 129.569016
v 197.472733 105.482849 132.431412
v 197.477341 106.059143 129.589981
v 197.477356 106.059166 132.410004
v 197.484406 106.589317 129.698364
v 197.484421 106.589470 132.301834
v 197.245270 107.113106 130.077499
v 197.477737 106.948639 129.896759
v 197.242966 107.120155 131.926514
v 197.478104 106.951523 132.105469
v 197.468063 107.147400 130.101303
v 197.405502 107.244659 131.000031
v 197.467239 107.156067 131.900772
v 197.556229 103.831360 130.997955
v 197.691772 104.370499 130.058594
v 197.868668 104.274117 130.997925
v 197.691788 104.371765 131.935577
v 197.860931 105.007332 129.801956
v 197.948898 104.693016 130.053909
v 198.072906 104.598686 131.003326
v 197.948181 104.693413 131.949142
v 197.862762 105.009163 132.198120
v 197.979340 105.525604 129.725906
v 197.980179 105.526642 132.277328
v 198.010635 106.056023 129.681656
v 198.010361 106.055878 132.318146
v 197.928802 106.511360 129.787979
v 197.928177 106.511848 132.211884
v 197.971329 106.842117 130.052048
v 197.674576 107.078087 130.062668
v 197.713974 107.139542 131.000549
v 198.044678 106.918739 131.000061
v 197.675385 107.082054 131.937897
v 197.973755 106.845375 131.950363
v 198.132919 104.996170 130.066666
v 198.331818 104.936111 130.998337
v 198.134308 104.992607 131.931885
v 198.379852 105.467361 130.029327
v 198.575867 105.517456 130.518448
v 198.536224 105.273346 131.000183
v 198.573608 105.518242 131.480957
v 198.377960 105.465889 131.972656
v 198.373169 106.055779 129.882980
v 198.549545 105.805573 130.056931
v 198.540375 105.807892 131.938049
v 198.369827 106.055374 132.114197
v 198.498596 106.259666 130.061279
v 198.261398 106.557755 130.049637
v 198.334793 106.628654 130.999924
v 198.555511 106.298027 130.999435
v 198.258270 106.555435 131.948105
v 198.494446 106.258789 131.937836
v 198.653107 105.588661 130.999924
v 198.576614 106.049454 130.097305
v 198.660660 105.989510 130.999985
v 198.568771 106.049744 131.900894
# 2608 vertices, 0 vertices normals

f 3 2 1
f 5 4 1
f 1 4 3
f 5 6 4
f 1 2 7
f 7 2 8
f 1 9 5
f 1 7 9
f 6 5 10
f 10 5 9
f 8 11 7
f 7 11 9
f 9 11 12
f 9 12 10
f 15 14 13
f 13 16 15
f 13 14 17
f 17 14 18
f 16 13 19
f 19 13 17
f 17 18 20
f 20 18 21
f 19 17 22
f 17 23 22
f 17 20 23
f 23 24 22
f 20 21 25
f 25 21 26
f 20 27 23
f 20 25 27
f 24 23 28
f 23 29 28
f 23 27 29
f 31 30 29
f 29 30 28
f 31 32 30
f 25 26 33
f 33 26 34
f 25 35 27
f 25 33 35
f 27 36 29
f 27 35 36
f 29 37 31
f 29 36 37
f 32 31 38
f 31 39 38
f 31 37 39
f 39 40 38
f 34 41 33
f 43 42 41
f 42 33 41
f 42 35 33
f 35 44 36
f 35 42 44
f 36 45 37
f 36 44 45
f 37 46 39
f 37 45 46
f 40 39 47
f 39 48 47
f 39 46 48
f 48 49 47
f 43 50 42
f 52 51 50
f 51 42 50
f 51 44 42
f 44 53 45
f 44 51 53
f 45 54 46
f 45 53 54
f 46 55 48
f 46 54 55
f 49 48 56
f 48 57 56
f 48 55 57
f 57 58 56
f 52 59 51
f 51 59 53
f 53 59 60
f 62 61 60
f 61 53 60
f 61 54 53
f 54 63 55
f 54 61 63
f 55 64 57
f 55 63 64
f 58 57 65
f 65 57 64
f 62 66 61
f 61 66 63
f 63 66 67
f 63 67 64
f 64 67 68
f 64 68 65
f 71 70 69
f 73 72 69
f 69 72 71
f 73 74 72
f 77 76 75
f 77 75 70
f 75 69 70
f 75 78 69
f 69 79 73
f 69 78 79
f 74 73 80
f 73 81 80
f 73 79 81
f 81 82 80
f 75 76 83
f 83 76 84
f 83 2 3
f 78 83 3
f 75 83 78
f 78 3 4
f 78 4 79
f 79 4 6
f 85 79 6
f 81 79 85
f 82 81 86
f 86 81 85
f 83 84 87
f 87 84 88
f 87 8 2
f 87 2 83
f 10 89 85
f 10 85 6
f 86 85 90
f 90 85 89
f 88 91 87
f 91 93 92
f 91 92 11
f 87 91 11
f 8 87 11
f 94 12 11
f 94 11 92
f 89 10 12
f 94 89 12
f 95 89 94
f 90 89 96
f 96 89 95
f 92 93 97
f 97 93 98
f 92 99 94
f 92 97 99
f 94 100 95
f 94 99 100
f 96 95 101
f 101 95 100
f 97 98 102
f 102 98 103
f 97 104 99
f 97 102 104
f 99 105 100
f 99 104 105
f 101 100 106
f 106 100 105
f 103 107 102
f 102 107 104
f 104 107 108
f 104 108 105
f 105 108 109
f 105 109 106
f 112 111 110
f 114 113 110
f 110 113 112
f 114 115 113
f 110 111 116
f 116 111 117
f 110 118 114
f 110 116 118
f 115 114 119
f 114 120 119
f 114 118 120
f 120 121 119
f 117 122 116
f 124 123 122
f 123 116 122
f 123 118 116
f 118 125 120
f 118 123 125
f 121 120 126
f 120 127 126
f 120 125 127
f 127 128 126
f 123 124 129
f 129 124 130
f 123 131 125
f 123 129 131
f 125 132 127
f 125 131 132
f 128 127 133
f 127 134 133
f 127 132 134
f 134 135 133
f 130 136 129
f 138 137 136
f 137 129 136
f 137 131 129
f 131 139 132
f 131 137 139
f 139 14 15
f 134 139 15
f 132 139 134
f 141 140 16
f 16 140 15
f 140 135 15
f 135 134 15
f 141 142 140
f 138 143 137
f 145 144 143
f 144 137 143
f 144 139 137
f 144 18 14
f 144 14 139
f 19 146 141
f 19 141 16
f 142 141 147
f 147 141 146
f 144 145 148
f 148 145 149
f 148 21 18
f 148 18 144
f 22 146 19
f 151 150 24
f 24 150 22
f 150 147 22
f 147 146 22
f 151 152 150
f 148 149 153
f 153 149 154
f 153 26 21
f 153 21 148
f 28 151 24
f 155 152 151
f 28 155 151
f 30 155 28
f 157 156 32
f 156 30 32
f 156 155 30
f 157 158 156
f 154 159 153
f 26 153 159
f 160 26 159
f 34 26 160
f 38 157 32
f 162 161 40
f 40 161 38
f 161 158 38
f 158 157 38
f 162 163 161
f 41 34 164
f 34 165 164
f 34 160 165
f 164 43 41
f 47 162 40
f 167 166 49
f 49 166 47
f 166 163 47
f 163 162 47
f 167 168 166
f 165 169 164
f 169 171 170
f 169 170 50
f 164 169 50
f 43 164 50
f 170 52 50
f 56 167 49
f 173 172 58
f 58 172 56
f 172 168 56
f 168 167 56
f 173 174 172
f 171 175 170
f 170 175 52
f 175 59 52
f 175 176 59
f 176 178 177
f 60 176 177
f 59 176 60
f 177 62 60
f 65 179 173
f 65 173 58
f 174 173 180
f 180 173 179
f 178 181 177
f 177 181 62
f 181 66 62
f 181 182 66
f 182 184 183
f 67 182 183
f 66 182 67
f 185 68 67
f 185 67 183
f 179 65 68
f 185 179 68
f 186 179 185
f 180 179 187
f 187 179 186
f 184 188 183
f 183 188 185
f 185 188 189
f 185 189 186
f 186 189 190
f 186 190 187
f 193 192 191
f 70 71 191
f 71 193 191
f 71 194 193
f 195 71 72
f 195 194 71
f 197 196 74
f 196 72 74
f 196 195 72
f 197 198 196
f 191 192 77
f 192 76 77
f 192 199 76
f 191 77 70
f 80 197 74
f 80 82 197
f 82 198 197
f 82 200 198
f 199 84 76
f 201 84 199
f 86 200 82
f 86 202 200
f 201 88 84
f 203 88 201
f 90 202 86
f 90 204 202
f 91 88 205
f 88 206 205
f 88 203 206
f 205 93 91
f 96 204 90
f 96 207 204
f 206 208 205
f 93 205 208
f 209 93 208
f 98 93 209
f 101 207 96
f 101 210 207
f 209 103 98
f 211 103 209
f 106 210 101
f 106 212 210
f 107 103 213
f 103 214 213
f 103 211 214
f 215 108 107
f 215 107 213
f 216 109 108
f 216 108 215
f 216 217 109
f 217 106 109
f 217 212 106
f 214 218 213
f 220 219 218
f 219 213 218
f 219 215 213
f 215 221 216
f 215 219 221
f 217 216 222
f 222 216 221
f 220 223 219
f 219 223 221
f 221 223 224
f 221 224 222
f 227 226 225
f 229 228 225
f 225 228 227
f 229 230 228
f 225 226 231
f 231 226 232
f 225 233 229
f 225 231 233
f 230 229 234
f 229 235 234
f 229 233 235
f 237 236 235
f 235 236 234
f 237 238 236
f 232 239 231
f 241 240 239
f 240 231 239
f 240 233 231
f 233 242 235
f 233 240 242
f 235 243 237
f 235 242 243
f 238 237 244
f 237 245 244
f 237 243 245
f 245 246 244
f 240 241 247
f 247 241 248
f 240 249 242
f 240 247 249
f 249 111 112
f 243 249 112
f 242 249 243
f 243 112 113
f 243 113 245
f 251 250 115
f 115 250 113
f 250 246 113
f 246 245 113
f 251 252 250
f 248 253 247
f 255 254 253
f 254 247 253
f 254 249 247
f 254 117 111
f 254 111 249
f 119 251 115
f 257 256 121
f 121 256 119
f 256 252 119
f 252 251 119
f 257 258 256
f 255 259 254
f 259 261 260
f 259 260 122
f 254 259 122
f 117 254 122
f 260 124 122
f 126 257 121
f 263 262 128
f 128 262 126
f 262 258 126
f 258 257 126
f 263 264 262
f 261 265 260
f 124 260 265
f 266 124 265
f 130 124 266
f 133 263 128
f 133 135 263
f 135 264 263
f 135 267 264
f 266 268 130
f 130 268 136
f 138 136 268
f 138 268 269
f 270 267 135
f 270 135 140
f 140 142 270
f 270 142 271
f 143 138 272
f 138 273 272
f 138 269 273
f 272 145 143
f 147 271 142
f 147 274 271
f 273 275 272
f 145 272 275
f 276 145 275
f 149 145 276
f 277 274 147
f 277 147 150
f 150 152 277
f 277 152 278
f 276 154 149
f 279 154 276
f 280 278 152
f 280 152 155
f 281 155 156
f 281 280 155
f 156 158 281
f 281 158 282
f 279 283 154
f 154 283 159
f 160 159 283
f 160 283 284
f 285 282 158
f 285 158 161
f 287 286 163
f 286 161 163
f 286 285 161
f 287 288 286
f 284 165 160
f 289 165 284
f 166 287 163
f 291 290 168
f 168 290 166
f 290 288 166
f 288 287 166
f 291 292 290
f 289 293 165
f 165 293 169
f 171 169 293
f 171 293 294
f 172 291 168
f 172 174 291
f 174 292 291
f 174 295 292
f 294 296 171
f 171 296 175
f 175 297 176
f 296 297 175
f 178 176 297
f 178 297 298
f 180 300 299
f 295 180 299
f 174 180 295
f 300 301 299
f 298 302 178
f 178 302 181
f 181 303 182
f 302 303 181
f 184 182 303
f 184 303 304
f 187 305 300
f 187 300 180
f 301 300 306
f 300 307 306
f 300 305 307
f 309 308 307
f 307 308 306
f 309 310 308
f 304 311 184
f 184 311 188
f 311 313 312
f 189 311 312
f 188 311 189
f 314 190 189
f 314 189 312
f 305 187 190
f 314 305 190
f 315 305 314
f 305 316 307
f 305 315 316
f 307 317 309
f 307 316 317
f 310 309 318
f 309 319 318
f 309 317 319
f 319 320 318
f 313 321 312
f 312 321 314
f 314 321 322
f 324 323 322
f 323 314 322
f 323 315 314
f 315 325 316
f 315 323 325
f 316 326 317
f 316 325 326
f 317 327 319
f 317 326 327
f 320 319 328
f 328 319 327
f 324 329 323
f 323 329 325
f 325 329 330
f 332 331 330
f 331 325 330
f 331 326 325
f 326 333 327
f 326 331 333
f 328 327 334
f 327 335 334
f 327 333 335
f 335 336 334
f 332 337 331
f 331 337 333
f 333 337 338
f 333 338 335
f 335 338 339
f 335 339 336
f 342 341 340
f 344 343 340
f 340 343 342
f 344 345 343
f 340 341 346
f 346 341 347
f 340 348 344
f 340 346 348
f 345 344 349
f 344 350 349
f 344 348 350
f 352 351 350
f 350 351 349
f 354 353 352
f 352 353 351
f 354 355 353
f 346 347 356
f 356 347 357
f 346 358 348
f 346 356 358
f 358 192 193
f 350 358 193
f 348 358 350
f 350 193 194
f 350 194 352
f 352 194 195
f 352 195 354
f 195 196 354
f 196 359 354
f 359 355 354
f 196 360 359
f 198 360 196
f 357 361 356
f 363 362 361
f 362 356 361
f 362 358 356
f 362 199 192
f 362 192 358
f 364 359 360
f 360 198 364
f 198 365 364
f 198 200 365
f 363 366 362
f 199 362 366
f 367 199 366
f 201 199 367
f 202 365 200
f 202 368 365
f 367 203 201
f 369 203 367
f 204 368 202
f 204 370 368
f 369 206 203
f 371 206 369
f 207 370 204
f 207 372 370
f 208 206 373
f 206 374 373
f 206 371 374
f 373 209 208
f 210 376 375
f 372 210 375
f 207 210 372
f 376 377 375
f 374 378 373
f 209 373 378
f 379 209 378
f 211 209 379
f 212 380 376
f 212 376 210
f 377 376 381
f 381 376 380
f 379 214 211
f 382 214 379
f 217 383 380
f 217 380 212
f 381 380 384
f 384 380 383
f 218 214 385
f 214 386 385
f 214 382 386
f 385 220 218
f 222 387 383
f 222 383 217
f 384 383 388
f 388 383 387
f 386 389 385
f 389 391 390
f 389 390 223
f 385 389 223
f 220 385 223
f 392 224 223
f 392 223 390
f 392 393 224
f 224 393 222
f 393 394 222
f 394 387 222
f 387 394 388
f 390 391 395
f 395 391 396
f 390 397 392
f 390 395 397
f 393 392 398
f 398 392 397
f 396 399 395
f 395 399 397
f 397 399 400
f 397 400 398
f 403 402 401
f 405 404 401
f 401 404 403
f 407 406 405
f 405 406 404
f 407 408 406
f 401 402 409
f 409 402 410
f 401 411 405
f 401 409 411
f 405 412 407
f 405 411 412
f 408 407 413
f 407 414 413
f 407 412 414
f 414 415 413
f 410 416 409
f 418 417 416
f 417 409 416
f 417 411 409
f 411 419 412
f 411 417 419
f 412 420 414
f 412 419 420
f 415 414 421
f 414 422 421
f 414 420 422
f 422 423 421
f 417 418 424
f 424 418 425
f 417 426 419
f 417 424 426
f 426 226 227
f 420 426 227
f 419 426 420
f 420 227 228
f 420 228 422
f 428 427 230
f 230 427 228
f 427 423 228
f 423 422 228
f 428 429 427
f 425 430 424
f 432 431 430
f 431 424 430
f 431 426 424
f 431 232 226
f 431 226 426
f 234 428 230
f 433 429 428
f 234 433 428
f 236 433 234
f 236 238 433
f 433 238 434
f 432 435 431
f 435 437 436
f 435 436 239
f 431 435 239
f 232 431 239
f 436 241 239
f 438 434 238
f 438 238 244
f 244 246 438
f 438 246 439
f 437 440 436
f 241 436 440
f 441 241 440
f 248 241 441
f 442 439 246
f 442 246 250
f 250 252 442
f 442 252 443
f 441 444 248
f 248 444 253
f 255 253 444
f 255 444 445
f 446 443 252
f 446 252 256
f 256 258 446
f 446 258 447
f 445 448 255
f 255 448 259
f 261 259 448
f 261 448 449
f 450 447 258
f 450 258 262
f 262 264 450
f 450 264 451
f 449 452 261
f 261 452 265
f 266 265 452
f 266 452 453
f 267 451 264
f 267 454 451
f 268 266 455
f 266 456 455
f 266 453 456
f 455 269 268
f 457 454 267
f 457 267 270
f 270 271 457
f 457 271 458
f 456 459 455
f 269 455 459
f 460 269 459
f 273 269 460
f 274 458 271
f 274 461 458
f 460 462 273
f 273 462 275
f 276 275 462
f 276 462 463
f 274 277 464
f 465 274 464
f 461 274 465
f 278 464 277
f 463 279 276
f 466 279 463
f 467 465 464
f 467 464 278
f 280 467 278
f 468 467 280
f 470 468 469
f 468 281 469
f 468 280 281
f 282 469 281
f 466 471 279
f 279 471 283
f 284 283 471
f 284 471 472
f 473 470 469
f 473 469 282
f 285 473 282
f 474 473 285
f 476 474 475
f 474 286 475
f 474 285 286
f 288 475 286
f 478 289 477
f 289 472 477
f 289 284 472
f 479 478 477
f 480 476 475
f 480 475 288
f 290 480 288
f 481 480 290
f 290 292 481
f 481 292 482
f 478 293 289
f 484 483 294
f 484 294 293
f 479 484 293
f 478 479 293
f 485 483 484
f 295 482 292
f 295 486 482
f 483 296 294
f 485 487 483
f 487 296 483
f 487 297 296
f 489 488 298
f 297 489 298
f 487 489 297
f 490 488 489
f 491 486 295
f 491 295 299
f 493 492 301
f 492 299 301
f 492 491 299
f 493 494 492
f 488 302 298
f 490 495 488
f 495 302 488
f 495 303 302
f 304 303 495
f 304 495 496
f 306 493 301
f 497 494 493
f 306 497 493
f 308 497 306
f 499 498 310
f 498 308 310
f 498 497 308
f 499 500 498
f 496 501 304
f 304 501 311
f 313 311 501
f 313 501 502
f 318 499 310
f 504 503 320
f 320 503 318
f 503 500 318
f 500 499 318
f 504 505 503
f 502 506 313
f 313 506 321
f 506 508 507
f 322 506 507
f 321 506 322
f 507 324 322
f 328 509 504
f 328 504 320
f 505 504 510
f 510 504 509
f 508 511 507
f 507 511 324
f 511 329 324
f 511 512 329
f 512 514 513
f 330 512 513
f 329 512 330
f 513 332 330
f 334 509 328
f 516 515 336
f 336 515 334
f 515 510 334
f 510 509 334
f 516 517 515
f 514 518 513
f 518 520 519
f 518 519 337
f 513 518 337
f 332 513 337
f 521 338 337
f 521 337 519
f 522 339 338
f 522 338 521
f 516 336 339
f 522 516 339
f 523 516 522
f 517 516 524
f 524 516 523
f 520 525 519
f 519 525 521
f 521 525 526
f 528 527 526
f 527 521 526
f 527 522 521
f 522 529 523
f 522 527 529
f 524 523 530
f 530 523 529
f 528 531 527
f 527 531 529
f 529 531 532
f 529 532 530
f 535 534 533
f 533 536 535
f 533 534 537
f 537 534 538
f 536 533 539
f 533 540 539
f 533 537 540
f 542 541 540
f 540 541 539
f 542 543 541
f 537 538 544
f 544 538 545
f 537 546 540
f 537 544 546
f 546 341 342
f 542 546 342
f 540 546 542
f 547 543 542
f 342 547 542
f 343 547 342
f 549 548 345
f 548 343 345
f 548 547 343
f 549 550 548
f 544 545 551
f 551 545 552
f 544 553 546
f 544 551 553
f 553 347 341
f 553 341 546
f 349 549 345
f 554 550 549
f 349 554 549
f 351 554 349
f 555 351 353
f 555 554 351
f 353 355 555
f 555 355 556
f 552 557 551
f 559 558 557
f 558 551 557
f 558 553 551
f 558 357 347
f 558 347 553
f 359 556 355
f 359 560 556
f 559 561 558
f 561 563 562
f 561 562 361
f 558 561 361
f 357 558 361
f 562 363 361
f 359 364 564
f 565 359 564
f 560 359 565
f 365 564 364
f 563 566 562
f 562 566 363
f 566 366 363
f 566 567 366
f 367 366 567
f 367 567 568
f 569 565 564
f 564 365 569
f 365 570 569
f 365 368 570
f 568 369 367
f 571 369 568
f 370 570 368
f 370 572 570
f 571 371 369
f 573 371 571
f 372 572 370
f 372 574 572
f 573 374 371
f 575 374 573
f 576 574 372
f 576 372 375
f 375 377 576
f 576 377 577
f 575 578 374
f 374 578 378
f 379 378 578
f 379 578 579
f 381 577 377
f 381 580 577
f 579 382 379
f 581 382 579
f 384 580 381
f 384 582 580
f 581 386 382
f 583 386 581
f 388 582 384
f 388 584 582
f 389 386 585
f 386 586 585
f 386 583 586
f 585 391 389
f 393 587 394
f 587 588 394
f 588 388 394
f 588 584 388
f 586 589 585
f 391 585 589
f 590 391 589
f 396 391 590
f 398 591 587
f 398 587 393
f 588 587 592
f 592 587 591
f 399 396 593
f 396 594 593
f 396 590 594
f 595 400 399
f 595 399 593
f 591 398 400
f 595 591 400
f 596 591 595
f 592 591 597
f 597 591 596
f 594 598 593
f 600 599 598
f 599 593 598
f 599 595 593
f 602 596 601
f 596 599 601
f 596 595 599
f 596 602 597
f 600 603 599
f 599 603 601
f 606 605 604
f 608 607 604
f 604 607 606
f 610 609 608
f 608 609 607
f 610 611 609
f 605 612 604
f 614 613 612
f 613 604 612
f 613 608 604
f 608 615 610
f 608 613 615
f 611 610 616
f 610 617 616
f 610 615 617
f 617 618 616
f 613 614 619
f 619 614 620
f 619 402 403
f 615 619 403
f 613 619 615
f 615 403 404
f 615 404 617
f 621 618 617
f 404 621 617
f 406 621 404
f 406 408 621
f 621 408 622
f 619 620 623
f 623 620 624
f 623 410 402
f 623 402 619
f 625 622 408
f 625 408 413
f 413 415 625
f 625 415 626
f 624 627 623
f 627 629 628
f 627 628 416
f 623 627 416
f 410 623 416
f 628 418 416
f 630 626 415
f 630 415 421
f 421 423 630
f 630 423 631
f 629 632 628
f 418 628 632
f 633 418 632
f 425 418 633
f 634 631 423
f 634 423 427
f 427 429 634
f 634 429 635
f 633 636 425
f 425 636 430
f 432 430 636
f 432 636 637
f 638 635 429
f 638 429 433
f 433 434 638
f 638 434 639
f 637 640 432
f 432 640 435
f 437 435 640
f 437 640 641
f 642 639 434
f 642 434 438
f 438 439 642
f 642 439 643
f 641 644 437
f 437 644 440
f 441 440 644
f 441 644 645
f 646 643 439
f 646 439 442
f 442 443 646
f 646 443 647
f 645 648 441
f 441 648 444
f 445 444 648
f 445 648 649
f 650 647 443
f 650 443 446
f 446 447 650
f 650 447 651
f 649 652 445
f 445 652 448
f 449 448 652
f 449 652 653
f 447 450 654
f 655 447 654
f 651 447 655
f 451 654 450
f 653 656 449
f 449 656 452
f 453 452 656
f 453 656 657
f 658 655 654
f 654 451 658
f 451 659 658
f 451 454 659
f 661 456 660
f 456 657 660
f 456 453 657
f 662 661 660
f 454 457 663
f 664 454 663
f 659 454 664
f 458 663 457
f 661 459 456
f 666 665 460
f 666 460 459
f 662 666 459
f 661 662 459
f 667 665 666
f 664 663 668
f 664 668 669
f 461 668 458
f 458 668 663
f 665 462 460
f 671 670 463
f 671 463 462
f 667 671 462
f 665 667 462
f 672 670 671
f 669 668 673
f 669 673 674
f 465 673 461
f 461 673 668
f 675 466 670
f 670 466 463
f 670 672 676
f 670 676 675
f 674 673 677
f 674 677 678
f 467 679 465
f 679 673 465
f 679 677 673
f 468 680 467
f 467 680 679
f 470 680 468
f 675 471 466
f 682 681 472
f 682 472 471
f 676 682 471
f 675 676 471
f 681 682 678
f 677 681 678
f 683 681 677
f 684 677 679
f 683 677 684
f 685 679 680
f 684 679 685
f 473 686 470
f 686 680 470
f 686 685 680
f 474 687 473
f 473 687 686
f 476 687 474
f 681 477 472
f 477 681 479
f 681 688 479
f 681 683 688
f 689 683 684
f 688 683 689
f 690 684 685
f 689 684 690
f 686 692 691
f 690 686 691
f 685 686 690
f 692 686 687
f 692 687 693
f 693 687 476
f 480 693 476
f 694 693 480
f 695 480 481
f 695 694 480
f 481 482 695
f 695 482 696
f 688 484 479
f 484 688 485
f 688 697 485
f 688 689 697
f 698 689 690
f 697 689 698
f 690 691 699
f 690 699 698
f 486 701 700
f 696 486 700
f 482 486 696
f 701 702 700
f 697 487 485
f 487 697 489
f 489 697 698
f 704 703 490
f 704 490 489
f 699 704 489
f 698 699 489
f 705 703 704
f 491 701 486
f 706 702 701
f 491 706 701
f 492 706 491
f 492 494 706
f 706 494 707
f 703 495 490
f 709 708 496
f 709 496 495
f 705 709 495
f 703 705 495
f 710 708 709
f 711 707 494
f 711 494 497
f 712 497 498
f 712 711 497
f 498 500 712
f 712 500 713
f 708 501 496
f 502 501 708
f 710 502 708
f 714 502 710
f 715 713 500
f 715 500 503
f 503 505 715
f 715 505 716
f 714 717 502
f 502 717 506
f 508 506 717
f 508 717 718
f 510 720 719
f 716 510 719
f 505 510 716
f 720 721 719
f 718 722 508
f 508 722 511
f 722 724 723
f 512 722 723
f 511 722 512
f 723 514 512
f 515 720 510
f 515 517 720
f 517 721 720
f 517 725 721
f 724 726 723
f 723 726 514
f 726 518 514
f 726 727 518
f 520 518 727
f 520 727 728
f 524 725 517
f 524 729 725
f 728 730 520
f 520 730 525
f 730 732 731
f 526 730 731
f 525 730 526
f 731 528 526
f 530 729 524
f 530 733 729
f 732 734 731
f 734 736 735
f 734 735 531
f 731 734 531
f 528 731 531
f 737 532 531
f 737 531 735
f 737 738 532
f 738 530 532
f 738 733 530
f 736 739 735
f 735 739 737
f 737 739 740
f 737 740 738
f 743 742 741
f 745 744 741
f 741 744 743
f 745 746 744
f 741 742 747
f 747 742 748
f 741 749 745
f 741 747 749
f 746 745 750
f 745 751 750
f 745 749 751
f 751 752 750
f 748 753 747
f 755 754 753
f 754 747 753
f 754 749 747
f 749 756 751
f 749 754 756
f 752 751 757
f 757 751 756
f 754 755 758
f 758 755 759
f 758 534 535
f 756 758 535
f 754 758 756
f 761 760 536
f 536 760 535
f 760 757 535
f 757 756 535
f 761 762 760
f 758 759 763
f 763 759 764
f 763 538 534
f 763 534 758
f 539 761 536
f 765 762 761
f 539 765 761
f 541 765 539
f 541 543 765
f 765 543 766
f 763 764 767
f 767 764 768
f 767 545 538
f 767 538 763
f 769 766 543
f 769 543 547
f 770 547 548
f 770 769 547
f 548 550 770
f 770 550 771
f 768 772 767
f 545 767 772
f 773 545 772
f 552 545 773
f 774 771 550
f 774 550 554
f 776 774 775
f 774 555 775
f 774 554 555
f 556 775 555
f 557 552 777
f 552 778 777
f 552 773 778
f 777 559 557
f 779 776 775
f 775 556 779
f 556 780 779
f 556 560 780
f 778 781 777
f 777 781 559
f 781 561 559
f 781 782 561
f 563 561 782
f 563 782 783
f 565 780 560
f 565 784 780
f 783 785 563
f 563 785 566
f 785 787 786
f 567 785 786
f 566 785 567
f 786 568 567
f 788 784 565
f 788 565 569
f 569 570 788
f 788 570 789
f 787 790 786
f 568 786 790
f 791 568 790
f 571 568 791
f 572 789 570
f 572 792 789
f 791 573 571
f 793 573 791
f 574 792 572
f 574 794 792
f 796 575 795
f 575 793 795
f 575 573 793
f 797 796 795
f 798 794 574
f 798 574 576
f 576 577 798
f 798 577 799
f 796 578 575
f 579 578 796
f 797 579 796
f 800 579 797
f 580 799 577
f 580 801 799
f 800 581 579
f 802 581 800
f 582 801 580
f 582 803 801
f 802 583 581
f 804 583 802
f 584 803 582
f 584 805 803
f 804 586 583
f 806 586 804
f 588 805 584
f 588 807 805
f 589 586 808
f 586 809 808
f 586 806 809
f 808 590 589
f 592 807 588
f 592 810 807
f 809 811 808
f 590 808 811
f 812 590 811
f 594 590 812
f 597 810 592
f 597 813 810
f 598 594 814
f 594 815 814
f 594 812 815
f 814 600 598
f 601 816 602
f 816 817 602
f 817 597 602
f 817 813 597
f 814 815 818
f 818 815 819
f 820 603 600
f 814 820 600
f 818 820 814
f 816 601 603
f 820 816 603
f 821 816 820
f 817 816 822
f 822 816 821
f 819 823 818
f 818 823 820
f 820 823 824
f 820 824 821
f 821 824 825
f 821 825 822
f 828 827 826
f 830 829 826
f 826 829 828
f 830 831 829
f 826 827 832
f 832 827 833
f 826 834 830
f 826 832 834
f 831 830 835
f 830 836 835
f 830 834 836
f 836 837 835
f 832 833 606
f 833 605 606
f 833 838 605
f 832 606 607
f 832 607 834
f 834 607 609
f 834 609 836
f 609 611 836
f 611 837 836
f 611 839 837
f 612 605 840
f 605 841 840
f 605 838 841
f 840 614 612
f 842 839 611
f 842 611 616
f 616 618 842
f 842 618 843
f 840 841 844
f 844 841 845
f 844 620 614
f 844 614 840
f 846 843 618
f 846 618 621
f 621 622 846
f 846 622 847
f 845 848 844
f 620 844 848
f 849 620 848
f 624 620 849
f 850 847 622
f 850 622 625
f 625 626 850
f 850 626 851
f 849 852 624
f 624 852 627
f 629 627 852
f 629 852 853
f 854 851 626
f 854 626 630
f 630 631 854
f 854 631 855
f 853 856 629
f 629 856 632
f 633 632 856
f 633 856 857
f 858 855 631
f 858 631 634
f 634 635 858
f 858 635 859
f 857 860 633
f 633 860 636
f 637 636 860
f 637 860 861
f 862 859 635
f 862 635 638
f 638 639 862
f 862 639 863
f 861 864 637
f 637 864 640
f 641 640 864
f 641 864 865
f 639 642 866
f 867 639 866
f 863 639 867
f 643 866 642
f 865 868 641
f 641 868 644
f 645 644 868
f 645 868 869
f 870 867 866
f 872 870 871
f 871 870 646
f 870 866 646
f 866 643 646
f 647 871 646
f 869 873 645
f 645 873 648
f 649 648 873
f 649 873 874
f 875 872 871
f 877 875 876
f 876 875 650
f 875 871 650
f 871 647 650
f 651 876 650
f 874 878 649
f 649 878 652
f 653 652 878
f 653 878 879
f 877 876 880
f 877 880 881
f 655 880 651
f 651 880 876
f 879 882 653
f 653 882 656
f 884 883 657
f 656 884 657
f 882 884 656
f 885 883 884
f 881 880 886
f 881 886 887
f 658 888 655
f 888 880 655
f 888 886 880
f 659 888 658
f 883 660 657
f 890 889 662
f 890 662 660
f 885 890 660
f 883 885 660
f 889 890 887
f 886 889 887
f 891 889 886
f 892 886 888
f 891 886 892
f 664 892 659
f 659 892 888
f 889 666 662
f 666 889 667
f 889 893 667
f 889 891 893
f 894 891 892
f 893 891 894
f 669 894 664
f 664 894 892
f 893 671 667
f 671 893 672
f 893 895 672
f 893 894 895
f 674 895 669
f 669 895 894
f 896 676 895
f 895 676 672
f 678 896 674
f 674 896 895
f 896 682 676
f 682 896 678
f 897 691 692
f 693 898 692
f 692 898 897
f 694 899 693
f 693 899 898
f 695 900 694
f 694 900 899
f 696 900 695
f 901 699 897
f 897 699 691
f 902 897 898
f 901 897 902
f 899 904 903
f 902 899 903
f 898 899 902
f 904 899 900
f 904 900 905
f 907 905 906
f 906 905 700
f 905 900 700
f 900 696 700
f 702 906 700
f 901 704 699
f 704 901 705
f 901 908 705
f 901 902 908
f 902 903 909
f 902 909 908
f 910 907 906
f 910 906 702
f 706 910 702
f 911 910 706
f 706 707 911
f 911 707 912
f 908 709 705
f 710 709 908
f 909 710 908
f 913 710 909
f 914 912 707
f 914 707 711
f 915 711 712
f 915 914 711
f 712 713 915
f 915 713 916
f 913 714 710
f 917 714 913
f 918 916 713
f 918 713 715
f 715 716 918
f 918 716 919
f 917 920 714
f 714 920 717
f 718 717 920
f 718 920 921
f 922 919 716
f 922 716 719
f 719 721 922
f 922 721 923
f 921 924 718
f 718 924 722
f 926 925 724
f 722 926 724
f 924 926 722
f 927 925 926
f 725 923 721
f 725 928 923
f 925 726 724
f 927 929 925
f 929 726 925
f 929 727 726
f 728 727 929
f 728 929 930
f 729 928 725
f 729 931 928
f 930 932 728
f 728 932 730
f 934 933 732
f 730 934 732
f 932 934 730
f 935 933 934
f 733 937 936
f 931 733 936
f 729 733 931
f 937 938 936
f 933 734 732
f 736 734 933
f 935 736 933
f 939 736 935
f 738 940 937
f 738 937 733
f 938 937 941
f 937 942 941
f 937 940 942
f 942 943 941
f 739 736 944
f 736 945 944
f 736 939 945
f 946 740 739
f 946 739 944
f 940 738 740
f 946 940 740
f 947 940 946
f 940 948 942
f 940 947 948
f 943 942 949
f 942 950 949
f 942 948 950
f 952 951 950
f 950 951 949
f 952 953 951
f 945 954 944
f 956 955 954
f 955 944 954
f 955 946 944
f 946 957 947
f 946 955 957
f 947 958 948
f 947 957 958
f 948 959 950
f 948 958 959
f 950 960 952
f 950 959 960
f 953 952 961
f 952 962 961
f 952 960 962
f 962 963 961
f 956 964 955
f 955 964 957
f 957 964 965
f 967 966 965
f 966 957 965
f 966 958 957
f 958 968 959
f 958 966 968
f 959 969 960
f 959 968 969
f 960 970 962
f 960 969 970
f 963 962 971
f 962 972 971
f 962 970 972
f 972 973 971
f 967 974 966
f 976 975 974
f 975 966 974
f 975 968 966
f 968 977 969
f 968 975 977
f 977 742 743
f 970 977 743
f 969 977 970
f 970 743 744
f 970 744 972
f 979 978 746
f 746 978 744
f 978 973 744
f 973 972 744
f 979 980 978
f 976 981 975
f 983 982 981
f 982 975 981
f 982 977 975
f 982 748 742
f 982 742 977
f 750 979 746
f 750 752 979
f 752 980 979
f 752 984 980
f 983 985 982
f 985 987 986
f 985 986 753
f 982 985 753
f 748 982 753
f 986 755 753
f 757 984 752
f 757 988 984
f 987 989 986
f 755 986 989
f 990 755 989
f 759 755 990
f 991 988 757
f 991 757 760
f 760 762 991
f 991 762 992
f 990 764 759
f 993 764 990
f 994 992 762
f 994 762 765
f 765 766 994
f 994 766 995
f 993 768 764
f 996 768 993
f 997 995 766
f 997 766 769
f 998 769 770
f 998 997 769
f 770 771 998
f 998 771 999
f 996 1000 768
f 768 1000 772
f 773 772 1000
f 773 1000 1001
f 1002 999 771
f 1002 771 774
f 774 776 1002
f 1002 776 1003
f 1001 778 773
f 1004 778 1001
f 776 779 1005
f 1006 776 1005
f 1003 776 1006
f 780 1005 779
f 1004 1007 778
f 778 1007 781
f 781 1008 782
f 1007 1008 781
f 783 782 1008
f 783 1008 1009
f 1006 1005 1010
f 1006 1010 1011
f 784 1010 780
f 780 1010 1005
f 1009 1012 783
f 783 1012 785
f 1014 1013 787
f 785 1014 787
f 1012 1014 785
f 1015 1013 1014
f 1011 1010 1016
f 1011 1016 1017
f 788 1018 784
f 1018 1010 784
f 1018 1016 1010
f 789 1018 788
f 1013 790 787
f 1020 1019 791
f 1020 791 790
f 1015 1020 790
f 1013 1015 790
f 1021 1019 1020
f 1022 1017 1016
f 1022 1016 1018
f 1022 1018 1023
f 1018 789 1023
f 789 1024 1023
f 789 792 1024
f 1025 793 1019
f 1019 793 791
f 1019 1021 1026
f 1019 1026 1025
f 794 1024 792
f 794 1027 1024
f 1025 795 793
f 797 795 1025
f 1026 797 1025
f 1028 797 1026
f 1029 1027 794
f 1029 794 798
f 798 799 1029
f 1029 799 1030
f 1028 800 797
f 1031 800 1028
f 801 1030 799
f 801 1032 1030
f 1031 802 800
f 1033 802 1031
f 803 1032 801
f 803 1034 1032
f 1033 804 802
f 1035 804 1033
f 805 1034 803
f 805 1036 1034
f 1035 806 804
f 1037 806 1035
f 807 1036 805
f 807 1038 1036
f 1037 809 806
f 1039 809 1037
f 810 1038 807
f 810 1040 1038
f 811 809 1041
f 809 1042 1041
f 809 1039 1042
f 1041 812 811
f 813 1040 810
f 813 1043 1040
f 1042 1044 1041
f 812 1041 1044
f 1045 812 1044
f 815 812 1045
f 817 1043 813
f 817 1046 1043
f 1045 819 815
f 1047 819 1045
f 822 1046 817
f 822 1048 1046
f 1047 1049 819
f 819 1049 823
f 823 1050 824
f 1049 1050 823
f 824 1051 825
f 1050 1051 824
f 822 825 1048
f 1048 825 1051
f 1054 1053 1052
f 1056 1055 1052
f 1052 1055 1054
f 1056 1057 1055
f 1060 1059 1058
f 1060 1058 1053
f 1053 1058 1052
f 1058 827 1052
f 827 828 1052
f 1052 828 829
f 1052 829 1056
f 829 831 1056
f 831 1057 1056
f 831 1061 1057
f 1058 1059 1062
f 1062 1059 1063
f 1062 833 827
f 1062 827 1058
f 1064 1061 831
f 1064 831 835
f 835 837 1064
f 1064 837 1065
f 1063 1066 1062
f 833 1062 1066
f 1067 833 1066
f 838 833 1067
f 839 1065 837
f 839 1068 1065
f 1067 841 838
f 1069 841 1067
f 1070 1068 839
f 1070 839 842
f 842 843 1070
f 1070 843 1071
f 1069 845 841
f 1072 845 1069
f 1073 1071 843
f 1073 843 846
f 846 847 1073
f 1073 847 1074
f 1072 1075 845
f 845 1075 848
f 849 848 1075
f 849 1075 1076
f 1077 1074 847
f 1077 847 850
f 850 851 1077
f 1077 851 1078
f 1076 1079 849
f 849 1079 852
f 853 852 1079
f 853 1079 1080
f 851 854 1081
f 1082 851 1081
f 1078 851 1082
f 855 1081 854
f 1080 1083 853
f 853 1083 856
f 857 856 1083
f 857 1083 1084
f 1085 1082 1081
f 1087 1085 1086
f 1086 1085 858
f 1085 1081 858
f 1081 855 858
f 859 1086 858
f 1084 1088 857
f 857 1088 860
f 861 860 1088
f 861 1088 1089
f 1090 1087 1086
f 1092 1090 1091
f 1091 1090 862
f 1090 1086 862
f 1086 859 862
f 863 1091 862
f 1089 1093 861
f 861 1093 864
f 1095 1094 865
f 864 1095 865
f 1093 1095 864
f 1096 1094 1095
f 1092 1091 1097
f 1092 1097 1098
f 867 1097 863
f 863 1097 1091
f 1094 868 865
f 1100 1099 869
f 1100 869 868
f 1096 1100 868
f 1094 1096 868
f 1102 1101 1099
f 1102 1099 1100
f 1101 1102 1098
f 1097 1101 1098
f 1103 1101 1097
f 870 1104 867
f 1104 1097 867
f 1104 1103 1097
f 872 1104 870
f 1099 873 869
f 873 1099 874
f 1099 1105 874
f 1099 1101 1105
f 1106 1101 1103
f 1105 1101 1106
f 1107 1103 1104
f 1106 1103 1107
f 875 1108 872
f 1108 1104 872
f 1108 1107 1104
f 877 1108 875
f 1105 878 874
f 878 1105 879
f 1105 1109 879
f 1105 1106 1109
f 1110 1106 1107
f 1109 1106 1110
f 1111 1107 1108
f 1110 1107 1111
f 881 1111 877
f 877 1111 1108
f 1109 882 879
f 882 1109 884
f 884 1109 1110
f 884 1110 885
f 1110 1112 885
f 1110 1111 1112
f 887 1112 881
f 881 1112 1111
f 1112 890 885
f 890 1112 887
f 1113 903 904
f 905 1114 904
f 904 1114 1113
f 907 1114 905
f 1115 909 1113
f 1113 909 903
f 1116 1113 1114
f 1115 1113 1116
f 910 1117 907
f 1117 1114 907
f 1117 1116 1114
f 911 1118 910
f 910 1118 1117
f 912 1118 911
f 1119 913 1115
f 1115 913 909
f 1120 1115 1116
f 1119 1115 1120
f 1117 1122 1121
f 1120 1117 1121
f 1116 1117 1120
f 1122 1117 1118
f 1122 1118 1123
f 1125 1123 1124
f 1124 1123 914
f 1123 1118 914
f 1118 912 914
f 915 1126 914
f 914 1126 1124
f 916 1126 915
f 1127 917 1119
f 1119 917 913
f 1128 1119 1120
f 1127 1119 1128
f 1120 1121 1129
f 1120 1129 1128
f 1130 1125 1124
f 1130 1124 1126
f 1130 1126 1131
f 1133 1131 1132
f 1132 1131 918
f 1131 1126 918
f 1126 916 918
f 919 1132 918
f 1127 920 917
f 920 1127 921
f 1127 1134 921
f 1127 1128 1134
f 1128 1129 1135
f 1136 1128 1135
f 1134 1128 1136
f 1137 1136 1135
f 1138 1133 1132
f 1138 1132 919
f 922 1138 919
f 1139 1138 922
f 922 923 1139
f 1139 923 1140
f 1134 924 921
f 924 1134 926
f 926 1134 1136
f 1142 1141 927
f 1142 927 926
f 1137 1142 926
f 1136 1137 926
f 1143 1141 1142
f 928 1140 923
f 928 1144 1140
f 1141 929 927
f 1146 1145 930
f 1146 930 929
f 1143 1146 929
f 1141 1143 929
f 1147 1145 1146
f 931 1149 1148
f 1144 931 1148
f 928 931 1144
f 1149 1150 1148
f 1145 932 930
f 1147 1151 1145
f 1151 932 1145
f 1151 934 932
f 935 934 1151
f 935 1151 1152
f 936 1149 931
f 1154 1153 938
f 938 1153 936
f 1153 1150 936
f 1150 1149 936
f 1154 1155 1153
f 1152 939 935
f 1156 939 1152
f 941 1154 938
f 1158 1157 943
f 943 1157 941
f 1157 1155 941
f 1155 1154 941
f 1158 1159 1157
f 1156 945 939
f 1160 945 1156
f 949 1158 943
f 1161 1159 1158
f 949 1161 1158
f 951 1161 949
f 951 953 1161
f 1161 953 1162
f 1160 1163 945
f 945 1163 954
f 956 954 1163
f 956 1163 1164
f 1165 1162 953
f 1165 953 961
f 1167 1166 963
f 1166 961 963
f 1166 1165 961
f 1167 1168 1166
f 1164 1169 956
f 956 1169 964
f 1169 1171 1170
f 965 1169 1170
f 964 1169 965
f 1170 967 965
f 971 1167 963
f 971 973 1167
f 973 1168 1167
f 973 1172 1168
f 1171 1173 1170
f 1170 1173 967
f 1173 974 967
f 1173 1174 974
f 976 974 1174
f 976 1174 1175
f 1176 1172 973
f 1176 973 978
f 978 980 1176
f 1176 980 1177
f 1175 1178 976
f 976 1178 981
f 983 981 1178
f 983 1178 1179
f 984 1177 980
f 984 1180 1177
f 1179 1181 983
f 983 1181 985
f 987 985 1181
f 987 1181 1182
f 988 1180 984
f 988 1183 1180
f 1182 1184 987
f 987 1184 989
f 990 989 1184
f 990 1184 1185
f 1186 1183 988
f 1186 988 991
f 991 992 1186
f 1186 992 1187
f 1185 993 990
f 1188 993 1185
f 1189 1187 992
f 1189 992 994
f 994 995 1189
f 1189 995 1190
f 1188 996 993
f 1191 996 1188
f 995 997 1192
f 1193 995 1192
f 1190 995 1193
f 998 1194 997
f 997 1194 1192
f 999 1194 998
f 1191 1195 996
f 996 1195 1000
f 1001 1000 1195
f 1001 1195 1196
f 1197 1193 1192
f 1199 1198 1197
f 1192 1199 1197
f 1194 1199 1192
f 1002 1200 999
f 1200 1194 999
f 1200 1199 1194
f 1003 1200 1002
f 1202 1004 1201
f 1004 1196 1201
f 1004 1001 1196
f 1203 1202 1201
f 1198 1199 1204
f 1198 1204 1205
f 1206 1199 1200
f 1204 1199 1206
f 1006 1206 1003
f 1003 1206 1200
f 1202 1007 1004
f 1203 1207 1202
f 1207 1007 1202
f 1207 1008 1007
f 1209 1208 1009
f 1008 1209 1009
f 1207 1209 1008
f 1211 1210 1208
f 1211 1208 1209
f 1210 1211 1205
f 1204 1210 1205
f 1212 1210 1204
f 1213 1204 1206
f 1212 1204 1213
f 1011 1213 1006
f 1006 1213 1206
f 1208 1012 1009
f 1012 1208 1014
f 1014 1208 1210
f 1014 1210 1015
f 1210 1214 1015
f 1210 1212 1214
f 1215 1212 1213
f 1214 1212 1215
f 1017 1215 1011
f 1011 1215 1213
f 1214 1020 1015
f 1020 1214 1021
f 1214 1216 1021
f 1214 1215 1216
f 1022 1217 1017
f 1217 1215 1017
f 1217 1216 1215
f 1023 1218 1022
f 1022 1218 1217
f 1024 1218 1023
f 1219 1026 1216
f 1216 1026 1021
f 1217 1221 1220
f 1219 1217 1220
f 1216 1217 1219
f 1223 1222 1221
f 1217 1223 1221
f 1218 1223 1217
f 1027 1223 1024
f 1024 1223 1218
f 1225 1224 1219
f 1224 1026 1219
f 1224 1028 1026
f 1225 1219 1220
f 1226 1222 1223
f 1228 1226 1227
f 1227 1226 1029
f 1226 1223 1029
f 1223 1027 1029
f 1030 1227 1029
f 1224 1031 1028
f 1229 1031 1224
f 1230 1228 1227
f 1227 1030 1230
f 1030 1231 1230
f 1030 1032 1231
f 1229 1033 1031
f 1232 1033 1229
f 1034 1231 1032
f 1034 1233 1231
f 1232 1035 1033
f 1234 1035 1232
f 1036 1233 1034
f 1036 1235 1233
f 1234 1037 1035
f 1236 1037 1234
f 1038 1235 1036
f 1038 1237 1235
f 1236 1039 1037
f 1238 1039 1236
f 1040 1237 1038
f 1040 1239 1237
f 1238 1042 1039
f 1240 1042 1238
f 1043 1239 1040
f 1043 1241 1239
f 1044 1042 1242
f 1042 1243 1242
f 1042 1240 1243
f 1242 1045 1044
f 1046 1241 1043
f 1046 1244 1241
f 1243 1245 1242
f 1045 1242 1245
f 1246 1045 1245
f 1047 1045 1246
f 1048 1244 1046
f 1048 1247 1244
f 1049 1047 1248
f 1047 1249 1248
f 1047 1246 1249
f 1250 1050 1049
f 1250 1049 1248
f 1251 1051 1050
f 1251 1050 1250
f 1251 1252 1051
f 1252 1048 1051
f 1252 1247 1048
f 1249 1253 1248
f 1248 1253 1250
f 1250 1253 1254
f 1250 1254 1251
f 1251 1254 1255
f 1251 1255 1252
f 1258 1257 1256
f 1053 1054 1256
f 1054 1258 1256
f 1054 1259 1258
f 1260 1054 1055
f 1260 1259 1054
f 1055 1057 1260
f 1260 1057 1261
f 1256 1257 1060
f 1257 1059 1060
f 1257 1262 1059
f 1256 1060 1053
f 1061 1261 1057
f 1061 1263 1261
f 1262 1063 1059
f 1264 1063 1262
f 1061 1064 1265
f 1266 1061 1265
f 1263 1061 1266
f 1065 1265 1064
f 1066 1063 1267
f 1063 1268 1267
f 1063 1264 1268
f 1267 1067 1066
f 1269 1266 1265
f 1265 1065 1269
f 1065 1270 1269
f 1065 1068 1270
f 1268 1271 1267
f 1067 1267 1271
f 1272 1067 1271
f 1069 1067 1272
f 1273 1270 1068
f 1273 1068 1070
f 1070 1071 1273
f 1273 1071 1274
f 1272 1072 1069
f 1275 1072 1272
f 1071 1073 1276
f 1277 1071 1276
f 1274 1071 1277
f 1074 1276 1073
f 1275 1278 1072
f 1072 1278 1075
f 1076 1075 1278
f 1076 1278 1279
f 1280 1277 1276
f 1282 1280 1281
f 1281 1280 1077
f 1280 1276 1077
f 1276 1074 1077
f 1078 1281 1077
f 1279 1283 1076
f 1076 1283 1079
f 1285 1284 1080
f 1079 1285 1080
f 1283 1285 1079
f 1286 1284 1285
f 1282 1281 1287
f 1282 1287 1288
f 1082 1287 1078
f 1078 1287 1281
f 1284 1083 1080
f 1290 1289 1084
f 1290 1084 1083
f 1286 1290 1083
f 1284 1286 1083
f 1292 1291 1289
f 1292 1289 1290
f 1291 1292 1288
f 1287 1291 1288
f 1293 1291 1287
f 1085 1294 1082
f 1294 1287 1082
f 1294 1293 1287
f 1087 1294 1085
f 1289 1088 1084
f 1088 1289 1089
f 1289 1295 1089
f 1289 1291 1295
f 1296 1291 1293
f 1295 1291 1296
f 1297 1293 1294
f 1296 1293 1297
f 1090 1298 1087
f 1298 1294 1087
f 1298 1297 1294
f 1092 1298 1090
f 1295 1093 1089
f 1093 1295 1095
f 1095 1295 1296
f 1095 1296 1096
f 1296 1299 1096
f 1296 1297 1299
f 1300 1297 1298
f 1299 1297 1300
f 1098 1300 1092
f 1092 1300 1298
f 1299 1100 1096
f 1100 1299 1102
f 1102 1299 1300
f 1102 1300 1098
f 1301 1121 1122
f 1123 1302 1122
f 1122 1302 1301
f 1125 1302 1123
f 1303 1129 1301
f 1301 1129 1121
f 1304 1301 1302
f 1303 1301 1304
f 1130 1305 1125
f 1305 1302 1125
f 1305 1304 1302
f 1131 1306 1130
f 1130 1306 1305
f 1133 1306 1131
f 1303 1135 1129
f 1135 1303 1137
f 1303 1307 1137
f 1303 1304 1307
f 1308 1304 1305
f 1307 1304 1308
f 1309 1305 1306
f 1308 1305 1309
f 1138 1310 1133
f 1310 1306 1133
f 1310 1309 1306
f 1139 1311 1138
f 1138 1311 1310
f 1140 1311 1139
f 1307 1142 1137
f 1142 1307 1143
f 1307 1312 1143
f 1307 1308 1312
f 1313 1308 1309
f 1312 1308 1313
f 1310 1315 1314
f 1313 1310 1314
f 1309 1310 1313
f 1315 1310 1311
f 1315 1311 1316
f 1311 1140 1316
f 1140 1317 1316
f 1140 1144 1317
f 1312 1146 1143
f 1146 1312 1147
f 1312 1318 1147
f 1312 1313 1318
f 1313 1314 1319
f 1313 1319 1318
f 1320 1317 1144
f 1320 1144 1148
f 1148 1150 1320
f 1320 1150 1321
f 1318 1151 1147
f 1152 1151 1318
f 1319 1152 1318
f 1322 1152 1319
f 1323 1321 1150
f 1323 1150 1153
f 1153 1155 1323
f 1323 1155 1324
f 1322 1156 1152
f 1325 1156 1322
f 1326 1324 1155
f 1326 1155 1157
f 1157 1159 1326
f 1326 1159 1327
f 1325 1160 1156
f 1328 1160 1325
f 1329 1327 1159
f 1329 1159 1161
f 1161 1162 1329
f 1329 1162 1330
f 1328 1331 1160
f 1160 1331 1163
f 1164 1163 1331
f 1164 1331 1332
f 1333 1330 1162
f 1333 1162 1165
f 1334 1165 1166
f 1334 1333 1165
f 1166 1168 1334
f 1334 1168 1335
f 1332 1336 1164
f 1164 1336 1169
f 1171 1169 1336
f 1171 1336 1337
f 1172 1335 1168
f 1172 1338 1335
f 1337 1339 1171
f 1171 1339 1173
f 1339 1341 1340
f 1174 1339 1340
f 1173 1339 1174
f 1340 1175 1174
f 1342 1338 1172
f 1342 1172 1176
f 1176 1177 1342
f 1342 1177 1343
f 1341 1344 1340
f 1340 1344 1175
f 1344 1178 1175
f 1344 1345 1178
f 1179 1178 1345
f 1179 1345 1346
f 1180 1343 1177
f 1180 1347 1343
f 1346 1348 1179
f 1179 1348 1181
f 1182 1181 1348
f 1182 1348 1349
f 1183 1347 1180
f 1183 1350 1347
f 1349 1351 1182
f 1182 1351 1184
f 1185 1184 1351
f 1185 1351 1352
f 1183 1186 1353
f 1354 1183 1353
f 1350 1183 1354
f 1187 1353 1186
f 1352 1188 1185
f 1355 1188 1352
f 1354 1353 1356
f 1354 1356 1357
f 1189 1358 1187
f 1358 1353 1187
f 1358 1356 1353
f 1190 1358 1189
f 1360 1191 1359
f 1191 1355 1359
f 1191 1188 1355
f 1361 1360 1359
f 1357 1356 1362
f 1357 1362 1363
f 1364 1356 1358
f 1362 1356 1364
f 1193 1364 1190
f 1190 1364 1358
f 1360 1195 1191
f 1366 1365 1196
f 1366 1196 1195
f 1361 1366 1195
f 1360 1361 1195
f 1365 1366 1363
f 1362 1365 1363
f 1367 1365 1362
f 1368 1362 1364
f 1367 1362 1368
f 1197 1369 1193
f 1369 1364 1193
f 1369 1368 1364
f 1198 1369 1197
f 1365 1201 1196
f 1201 1365 1203
f 1365 1370 1203
f 1365 1367 1370
f 1371 1367 1368
f 1370 1367 1371
f 1372 1368 1369
f 1371 1368 1372
f 1205 1372 1198
f 1198 1372 1369
f 1370 1207 1203
f 1207 1370 1209
f 1209 1370 1371
f 1209 1371 1211
f 1211 1371 1372
f 1211 1372 1205
f 1373 1220 1221
f 1222 1373 1221
f 1374 1224 1225
f 1220 1373 1225
f 1373 1374 1225
f 1373 1375 1374
f 1226 1376 1222
f 1376 1373 1222
f 1376 1375 1373
f 1228 1376 1226
f 1377 1229 1374
f 1374 1229 1224
f 1375 1379 1378
f 1377 1375 1378
f 1374 1375 1377
f 1379 1375 1376
f 1379 1376 1380
f 1382 1380 1381
f 1381 1380 1230
f 1380 1376 1230
f 1376 1228 1230
f 1231 1381 1230
f 1383 1232 1377
f 1377 1232 1229
f 1377 1378 1384
f 1377 1384 1383
f 1385 1382 1381
f 1381 1231 1385
f 1231 1386 1385
f 1231 1233 1386
f 1387 1234 1383
f 1383 1234 1232
f 1383 1384 1388
f 1383 1388 1387
f 1235 1386 1233
f 1235 1389 1386
f 1391 1390 1387
f 1390 1234 1387
f 1390 1236 1234
f 1391 1387 1388
f 1237 1389 1235
f 1237 1392 1389
f 1390 1238 1236
f 1393 1238 1390
f 1239 1392 1237
f 1239 1394 1392
f 1393 1240 1238
f 1395 1240 1393
f 1241 1397 1396
f 1394 1241 1396
f 1239 1241 1394
f 1397 1398 1396
f 1395 1243 1240
f 1399 1243 1395
f 1244 1400 1397
f 1244 1397 1241
f 1398 1397 1401
f 1401 1397 1400
f 1399 1402 1243
f 1243 1402 1245
f 1246 1245 1402
f 1246 1402 1403
f 1405 1404 1400
f 1244 1405 1400
f 1247 1405 1244
f 1400 1404 1401
f 1403 1249 1246
f 1406 1249 1403
f 1252 1405 1247
f 1252 1407 1405
f 1253 1249 1408
f 1249 1409 1408
f 1249 1406 1409
f 1410 1254 1253
f 1410 1253 1408
f 1411 1255 1254
f 1411 1254 1410
f 1411 1412 1255
f 1412 1252 1255
f 1412 1407 1252
f 1409 1413 1408
f 1415 1414 1413
f 1414 1408 1413
f 1414 1410 1408
f 1417 1411 1416
f 1411 1414 1416
f 1411 1410 1414
f 1411 1417 1412
f 1415 1418 1414
f 1414 1418 1416
f 1421 1420 1419
f 1423 1422 1419
f 1419 1422 1421
f 1425 1424 1423
f 1423 1424 1422
f 1425 1426 1424
f 1419 1420 1427
f 1427 1420 1428
f 1427 1257 1258
f 1423 1427 1258
f 1419 1427 1423
f 1423 1258 1259
f 1423 1259 1425
f 1429 1426 1425
f 1259 1429 1425
f 1260 1429 1259
f 1260 1261 1429
f 1429 1261 1430
f 1427 1428 1431
f 1431 1428 1432
f 1431 1262 1257
f 1431 1257 1427
f 1263 1430 1261
f 1263 1433 1430
f 1431 1432 1434
f 1434 1432 1435
f 1434 1264 1262
f 1434 1262 1431
f 1266 1433 1263
f 1266 1436 1433
f 1435 1437 1434
f 1264 1434 1437
f 1438 1264 1437
f 1268 1264 1438
f 1266 1269 1439
f 1440 1266 1439
f 1436 1266 1440
f 1270 1439 1269
f 1438 1441 1268
f 1268 1441 1271
f 1272 1271 1441
f 1272 1441 1442
f 1440 1439 1443
f 1440 1443 1444
f 1273 1445 1270
f 1445 1439 1270
f 1445 1443 1439
f 1274 1445 1273
f 1447 1275 1446
f 1275 1442 1446
f 1275 1272 1442
f 1449 1448 1447
f 1449 1447 1446
f 1448 1449 1444
f 1443 1448 1444
f 1450 1448 1443
f 1451 1443 1445
f 1450 1443 1451
f 1277 1451 1274
f 1274 1451 1445
f 1447 1278 1275
f 1278 1447 1279
f 1447 1452 1279
f 1447 1448 1452
f 1453 1448 1450
f 1452 1448 1453
f 1454 1450 1451
f 1453 1450 1454
f 1280 1455 1277
f 1455 1451 1277
f 1455 1454 1451
f 1282 1455 1280
f 1452 1283 1279
f 1283 1452 1285
f 1285 1452 1453
f 1285 1453 1286
f 1453 1456 1286
f 1453 1454 1456
f 1457 1454 1455
f 1456 1454 1457
f 1288 1457 1282
f 1282 1457 1455
f 1456 1290 1286
f 1290 1456 1292
f 1292 1456 1457
f 1292 1457 1288
f 1458 1314 1315
f 1316 1459 1315
f 1315 1459 1458
f 1317 1459 1316
f 1460 1319 1458
f 1458 1319 1314
f 1459 1462 1461
f 1460 1459 1461
f 1458 1459 1460
f 1464 1462 1463
f 1463 1462 1320
f 1462 1459 1320
f 1459 1317 1320
f 1321 1463 1320
f 1466 1465 1460
f 1465 1319 1460
f 1465 1322 1319
f 1466 1460 1461
f 1467 1464 1463
f 1469 1467 1468
f 1468 1467 1323
f 1467 1463 1323
f 1463 1321 1323
f 1324 1468 1323
f 1465 1325 1322
f 1470 1325 1465
f 1471 1469 1468
f 1471 1468 1324
f 1326 1471 1324
f 1472 1471 1326
f 1326 1327 1472
f 1472 1327 1473
f 1475 1328 1474
f 1328 1470 1474
f 1328 1325 1470
f 1476 1475 1474
f 1477 1473 1327
f 1477 1327 1329
f 1329 1330 1477
f 1477 1330 1478
f 1475 1331 1328
f 1332 1331 1475
f 1476 1332 1475
f 1479 1332 1476
f 1480 1478 1330
f 1480 1330 1333
f 1482 1480 1481
f 1480 1334 1481
f 1480 1333 1334
f 1335 1481 1334
f 1479 1483 1332
f 1332 1483 1336
f 1485 1484 1337
f 1336 1485 1337
f 1483 1485 1336
f 1486 1484 1485
f 1487 1482 1481
f 1481 1335 1487
f 1335 1488 1487
f 1335 1338 1488
f 1484 1339 1337
f 1490 1489 1341
f 1490 1341 1339
f 1486 1490 1339
f 1484 1486 1339
f 1491 1489 1490
f 1338 1342 1492
f 1493 1338 1492
f 1488 1338 1493
f 1343 1492 1342
f 1489 1344 1341
f 1491 1494 1489
f 1494 1344 1489
f 1494 1345 1344
f 1346 1345 1494
f 1346 1494 1495
f 1493 1492 1496
f 1493 1496 1497
f 1347 1496 1343
f 1343 1496 1492
f 1495 1498 1346
f 1346 1498 1348
f 1500 1499 1349
f 1348 1500 1349
f 1498 1500 1348
f 1501 1499 1500
f 1497 1496 1502
f 1497 1502 1503
f 1350 1502 1347
f 1347 1502 1496
f 1499 1351 1349
f 1505 1504 1352
f 1505 1352 1351
f 1501 1505 1351
f 1499 1501 1351
f 1504 1505 1503
f 1502 1504 1503
f 1506 1504 1502
f 1354 1506 1350
f 1350 1506 1502
f 1507 1355 1504
f 1504 1355 1352
f 1508 1504 1506
f 1507 1504 1508
f 1357 1508 1354
f 1354 1508 1506
f 1507 1359 1355
f 1359 1507 1361
f 1507 1509 1361
f 1507 1508 1509
f 1363 1509 1357
f 1357 1509 1508
f 1509 1366 1361
f 1366 1509 1363
f 1510 1378 1379
f 1380 1511 1379
f 1379 1511 1510
f 1382 1511 1380
f 1512 1384 1510
f 1510 1384 1378
f 1513 1510 1511
f 1512 1510 1513
f 1385 1514 1382
f 1514 1511 1382
f 1514 1513 1511
f 1386 1514 1385
f 1516 1515 1512
f 1515 1384 1512
f 1515 1388 1384
f 1516 1512 1513
f 1516 1513 1517
f 1519 1518 1517
f 1513 1519 1517
f 1514 1519 1513
f 1389 1519 1386
f 1386 1519 1514
f 1520 1390 1391
f 1521 1520 1391
f 1388 1521 1391
f 1515 1521 1388
f 1522 1518 1519
f 1519 1389 1522
f 1389 1523 1522
f 1389 1392 1523
f 1524 1393 1520
f 1520 1393 1390
f 1520 1521 1525
f 1520 1525 1524
f 1394 1523 1392
f 1394 1526 1523
f 1527 1395 1524
f 1524 1395 1393
f 1524 1525 1528
f 1524 1528 1527
f 1394 1396 1529
f 1530 1394 1529
f 1526 1394 1530
f 1398 1529 1396
f 1531 1399 1527
f 1527 1399 1395
f 1527 1528 1532
f 1527 1532 1531
f 1530 1529 1533
f 1530 1533 1534
f 1401 1533 1398
f 1398 1533 1529
f 1531 1402 1399
f 1403 1402 1531
f 1532 1403 1531
f 1535 1403 1532
f 1534 1533 1404
f 1405 1534 1404
f 1536 1534 1405
f 1404 1533 1401
f 1535 1406 1403
f 1537 1406 1535
f 1407 1536 1405
f 1407 1538 1536
f 1537 1409 1406
f 1539 1409 1537
f 1412 1538 1407
f 1412 1540 1538
f 1413 1409 1541
f 1409 1542 1541
f 1409 1539 1542
f 1541 1415 1413
f 1416 1543 1417
f 1543 1544 1417
f 1544 1412 1417
f 1544 1540 1412
f 1542 1545 1541
f 1545 1547 1546
f 1545 1546 1418
f 1541 1545 1418
f 1415 1541 1418
f 1546 1548 1418
f 1418 1548 1416
f 1548 1549 1416
f 1549 1543 1416
f 1543 1549 1544
f 1547 1550 1546
f 1546 1550 1548
f 1552 1551 1421
f 1421 1551 1420
f 1553 1421 1422
f 1553 1552 1421
f 1554 1422 1424
f 1554 1553 1422
f 1424 1426 1554
f 1554 1426 1555
f 1558 1557 1556
f 1551 1558 1556
f 1428 1551 1556
f 1420 1551 1428
f 1426 1429 1559
f 1560 1426 1559
f 1555 1426 1560
f 1430 1559 1429
f 1557 1561 1556
f 1428 1556 1561
f 1562 1428 1561
f 1432 1428 1562
f 1563 1560 1559
f 1559 1430 1563
f 1430 1564 1563
f 1430 1433 1564
f 1562 1435 1432
f 1565 1435 1562
f 1436 1564 1433
f 1436 1566 1564
f 1565 1567 1435
f 1435 1567 1437
f 1438 1437 1567
f 1438 1567 1568
f 1440 1566 1436
f 1440 1569 1566
f 1568 1570 1438
f 1438 1570 1441
f 1572 1571 1442
f 1441 1572 1442
f 1570 1572 1441
f 1574 1573 1571
f 1574 1571 1572
f 1574 1569 1573
f 1569 1444 1573
f 1569 1440 1444
f 1571 1446 1442
f 1446 1571 1449
f 1449 1571 1573
f 1449 1573 1444
f 1575 1461 1462
f 1464 1575 1462
f 1576 1465 1466
f 1461 1575 1466
f 1575 1576 1466
f 1575 1577 1576
f 1467 1578 1464
f 1578 1575 1464
f 1578 1577 1575
f 1469 1578 1467
f 1579 1470 1576
f 1576 1470 1465
f 1580 1576 1577
f 1579 1576 1580
f 1581 1577 1578
f 1580 1577 1581
f 1471 1582 1469
f 1582 1578 1469
f 1582 1581 1578
f 1472 1583 1471
f 1471 1583 1582
f 1473 1583 1472
f 1579 1474 1470
f 1474 1579 1476
f 1579 1584 1476
f 1579 1580 1584
f 1585 1580 1581
f 1584 1580 1585
f 1586 1581 1582
f 1585 1581 1586
f 1587 1582 1583
f 1586 1582 1587
f 1477 1588 1473
f 1588 1583 1473
f 1588 1587 1583
f 1478 1588 1477
f 1589 1479 1584
f 1584 1479 1476
f 1590 1584 1585
f 1589 1584 1590
f 1591 1585 1586
f 1590 1585 1591
f 1592 1586 1587
f 1591 1586 1592
f 1593 1587 1588
f 1592 1587 1593
f 1480 1594 1478
f 1594 1588 1478
f 1594 1593 1588
f 1482 1594 1480
f 1589 1483 1479
f 1483 1589 1485
f 1485 1589 1590
f 1485 1590 1486
f 1590 1595 1486
f 1590 1591 1595
f 1596 1591 1592
f 1595 1591 1596
f 1597 1592 1593
f 1596 1592 1597
f 1598 1593 1594
f 1597 1593 1598
f 1487 1599 1482
f 1599 1594 1482
f 1599 1598 1594
f 1488 1599 1487
f 1595 1490 1486
f 1490 1595 1491
f 1595 1600 1491
f 1595 1596 1600
f 1601 1596 1597
f 1600 1596 1601
f 1602 1597 1598
f 1601 1597 1602
f 1603 1598 1599
f 1602 1598 1603
f 1493 1603 1488
f 1488 1603 1599
f 1600 1494 1491
f 1494 1600 1495
f 1600 1604 1495
f 1600 1601 1604
f 1605 1601 1602
f 1604 1601 1605
f 1606 1602 1603
f 1605 1602 1606
f 1497 1606 1493
f 1493 1606 1603
f 1604 1498 1495
f 1498 1604 1500
f 1500 1604 1605
f 1500 1605 1501
f 1605 1607 1501
f 1605 1606 1607
f 1503 1607 1497
f 1497 1607 1606
f 1607 1505 1501
f 1505 1607 1503
f 1608 1515 1516
f 1517 1609 1516
f 1516 1609 1608
f 1518 1609 1517
f 1610 1521 1608
f 1608 1521 1515
f 1609 1612 1611
f 1610 1609 1611
f 1608 1609 1610
f 1614 1612 1613
f 1613 1612 1522
f 1612 1609 1522
f 1609 1518 1522
f 1523 1613 1522
f 1616 1615 1610
f 1615 1521 1610
f 1615 1525 1521
f 1616 1610 1611
f 1617 1614 1613
f 1613 1523 1617
f 1523 1618 1617
f 1523 1526 1618
f 1615 1528 1525
f 1619 1528 1615
f 1530 1618 1526
f 1530 1620 1618
f 1619 1532 1528
f 1621 1532 1619
f 1534 1620 1530
f 1534 1622 1620
f 1621 1535 1532
f 1623 1535 1621
f 1536 1622 1534
f 1536 1624 1622
f 1623 1537 1535
f 1625 1537 1623
f 1538 1624 1536
f 1538 1626 1624
f 1625 1539 1537
f 1627 1539 1625
f 1540 1626 1538
f 1540 1628 1626
f 1627 1542 1539
f 1629 1542 1627
f 1544 1628 1540
f 1544 1630 1628
f 1545 1542 1631
f 1542 1632 1631
f 1542 1629 1632
f 1631 1547 1545
f 1548 1633 1549
f 1633 1634 1549
f 1634 1544 1549
f 1634 1630 1544
f 1632 1635 1631
f 1635 1637 1636
f 1635 1636 1550
f 1631 1635 1550
f 1547 1631 1550
f 1633 1548 1550
f 1636 1633 1550
f 1638 1633 1636
f 1634 1633 1639
f 1639 1633 1638
f 1637 1640 1636
f 1636 1640 1638
f 1638 1640 1641
f 1638 1641 1639
f 1644 1643 1642
f 1642 1645 1644
f 1648 1647 1646
f 1648 1646 1643
f 1643 1646 1642
f 1646 1551 1642
f 1551 1552 1642
f 1649 1645 1642
f 1552 1649 1642
f 1553 1649 1552
f 1650 1553 1554
f 1650 1649 1553
f 1554 1555 1650
f 1650 1555 1651
f 1646 1647 1558
f 1647 1557 1558
f 1647 1652 1557
f 1646 1558 1551
f 1560 1651 1555
f 1560 1653 1651
f 1561 1557 1654
f 1557 1655 1654
f 1557 1652 1655
f 1654 1562 1561
f 1560 1563 1656
f 1657 1560 1656
f 1653 1560 1657
f 1564 1656 1563
f 1655 1658 1654
f 1562 1654 1658
f 1659 1562 1658
f 1565 1562 1659
f 1657 1656 1660
f 1657 1660 1661
f 1566 1660 1564
f 1564 1660 1656
f 1659 1662 1565
f 1565 1662 1567
f 1664 1663 1568
f 1567 1664 1568
f 1662 1664 1567
f 1666 1665 1663
f 1666 1663 1664
f 1665 1666 1661
f 1660 1665 1661
f 1667 1665 1660
f 1569 1667 1566
f 1566 1667 1660
f 1663 1570 1568
f 1570 1663 1572
f 1572 1663 1665
f 1572 1665 1574
f 1574 1665 1667
f 1574 1667 1569
f 1668 1611 1612
f 1614 1668 1612
f 1669 1615 1616
f 1611 1668 1616
f 1668 1669 1616
f 1668 1670 1669
f 1617 1671 1614
f 1671 1668 1614
f 1671 1670 1668
f 1618 1671 1617
f 1672 1619 1669
f 1669 1619 1615
f 1673 1669 1670
f 1672 1669 1673
f 1674 1670 1671
f 1673 1670 1674
f 1620 1674 1618
f 1618 1674 1671
f 1675 1621 1672
f 1672 1621 1619
f 1676 1672 1673
f 1675 1672 1676
f 1677 1673 1674
f 1676 1673 1677
f 1622 1677 1620
f 1620 1677 1674
f 1678 1623 1675
f 1675 1623 1621
f 1676 1680 1679
f 1678 1676 1679
f 1675 1676 1678
f 1682 1681 1680
f 1676 1682 1680
f 1677 1682 1676
f 1624 1682 1622
f 1622 1682 1677
f 1684 1683 1678
f 1683 1623 1678
f 1683 1625 1623
f 1684 1678 1679
f 1685 1681 1682
f 1682 1624 1685
f 1624 1686 1685
f 1624 1626 1686
f 1683 1627 1625
f 1687 1627 1683
f 1628 1686 1626
f 1628 1688 1686
f 1687 1629 1627
f 1689 1629 1687
f 1630 1688 1628
f 1630 1690 1688
f 1689 1632 1629
f 1691 1632 1689
f 1634 1690 1630
f 1634 1692 1690
f 1635 1632 1693
f 1632 1694 1693
f 1632 1691 1694
f 1693 1637 1635
f 1639 1692 1634
f 1639 1695 1692
f 1693 1694 1696
f 1696 1694 1697
f 1698 1640 1637
f 1693 1698 1637
f 1696 1698 1693
f 1699 1641 1640
f 1699 1640 1698
f 1699 1700 1641
f 1700 1639 1641
f 1700 1695 1639
f 1697 1701 1696
f 1696 1701 1698
f 1698 1701 1702
f 1698 1702 1699
f 1699 1702 1703
f 1699 1703 1700
f 1706 1705 1704
f 1643 1644 1704
f 1644 1706 1704
f 1644 1707 1706
f 1644 1645 1707
f 1707 1645 1708
f 1704 1705 1648
f 1705 1647 1648
f 1705 1709 1647
f 1704 1648 1643
f 1710 1708 1645
f 1710 1645 1649
f 1712 1710 1711
f 1710 1650 1711
f 1710 1649 1650
f 1651 1711 1650
f 1709 1652 1647
f 1713 1652 1709
f 1712 1711 1714
f 1712 1714 1715
f 1653 1714 1651
f 1651 1714 1711
f 1713 1655 1652
f 1716 1655 1713
f 1715 1714 1717
f 1715 1717 1718
f 1657 1717 1653
f 1653 1717 1714
f 1716 1719 1655
f 1655 1719 1658
f 1659 1658 1719
f 1659 1719 1720
f 1718 1717 1721
f 1718 1721 1722
f 1661 1721 1657
f 1657 1721 1717
f 1720 1723 1659
f 1659 1723 1662
f 1662 1724 1664
f 1723 1724 1662
f 1721 1666 1722
f 1666 1724 1722
f 1666 1664 1724
f 1666 1721 1661
f 1725 1679 1680
f 1681 1725 1680
f 1726 1683 1684
f 1727 1726 1684
f 1727 1684 1679
f 1728 1727 1679
f 1725 1728 1679
f 1730 1728 1729
f 1729 1728 1685
f 1728 1725 1685
f 1725 1681 1685
f 1686 1729 1685
f 1732 1731 1726
f 1731 1683 1726
f 1731 1687 1683
f 1732 1726 1727
f 1733 1730 1729
f 1729 1686 1733
f 1686 1734 1733
f 1686 1688 1734
f 1731 1689 1687
f 1735 1689 1731
f 1690 1734 1688
f 1690 1736 1734
f 1735 1691 1689
f 1737 1691 1735
f 1692 1736 1690
f 1692 1738 1736
f 1737 1694 1691
f 1739 1694 1737
f 1695 1738 1692
f 1695 1740 1738
f 1739 1697 1694
f 1741 1697 1739
f 1700 1740 1695
f 1700 1742 1740
f 1701 1697 1743
f 1697 1744 1743
f 1697 1741 1744
f 1745 1702 1701
f 1745 1701 1743
f 1746 1703 1702
f 1746 1702 1745
f 1746 1747 1703
f 1747 1700 1703
f 1747 1742 1700
f 1744 1748 1743
f 1743 1748 1745
f 1745 1748 1749
f 1745 1749 1746
f 1746 1749 1750
f 1746 1750 1747
f 1752 1751 1706
f 1706 1751 1705
f 1753 1706 1707
f 1753 1752 1706
f 1707 1708 1753
f 1753 1708 1754
f 1751 1709 1705
f 1755 1709 1751
f 1756 1754 1708
f 1756 1708 1710
f 1710 1712 1756
f 1756 1712 1757
f 1755 1713 1709
f 1758 1713 1755
f 1715 1757 1712
f 1715 1759 1757
f 1758 1716 1713
f 1760 1716 1758
f 1718 1759 1715
f 1718 1761 1759
f 1760 1762 1716
f 1716 1762 1719
f 1720 1719 1762
f 1720 1762 1763
f 1766 1765 1764
f 1765 1761 1764
f 1761 1722 1764
f 1761 1718 1722
f 1763 1767 1720
f 1720 1767 1723
f 1764 1724 1766
f 1724 1767 1766
f 1724 1723 1767
f 1724 1764 1722
f 1768 1727 1728
f 1730 1768 1728
f 1769 1731 1732
f 1770 1769 1732
f 1770 1732 1727
f 1771 1770 1727
f 1768 1771 1727
f 1773 1771 1772
f 1772 1771 1733
f 1771 1768 1733
f 1768 1730 1733
f 1734 1772 1733
f 1775 1774 1769
f 1774 1731 1769
f 1774 1735 1731
f 1775 1769 1770
f 1776 1773 1772
f 1772 1734 1776
f 1734 1777 1776
f 1734 1736 1777
f 1774 1737 1735
f 1778 1737 1774
f 1738 1777 1736
f 1738 1779 1777
f 1778 1739 1737
f 1780 1739 1778
f 1740 1779 1738
f 1740 1781 1779
f 1780 1741 1739
f 1782 1741 1780
f 1742 1781 1740
f 1742 1783 1781
f 1782 1744 1741
f 1784 1744 1782
f 1747 1783 1742
f 1747 1785 1783
f 1748 1744 1786
f 1744 1787 1786
f 1744 1784 1787
f 1788 1749 1748
f 1788 1748 1786
f 1789 1750 1749
f 1789 1749 1788
f 1789 1790 1750
f 1790 1747 1750
f 1790 1785 1747
f 1787 1791 1786
f 1786 1791 1788
f 1788 1791 1792
f 1788 1792 1789
f 1789 1792 1793
f 1789 1793 1790
f 1795 1794 1752
f 1752 1794 1751
f 1796 1752 1753
f 1796 1795 1752
f 1753 1754 1796
f 1796 1754 1797
f 1794 1755 1751
f 1798 1755 1794
f 1754 1756 1799
f 1800 1754 1799
f 1797 1754 1800
f 1757 1799 1756
f 1798 1758 1755
f 1801 1758 1798
f 1802 1800 1799
f 1799 1757 1802
f 1757 1803 1802
f 1757 1759 1803
f 1801 1760 1758
f 1804 1760 1801
f 1807 1806 1805
f 1806 1803 1805
f 1803 1761 1805
f 1803 1759 1761
f 1804 1808 1760
f 1760 1808 1762
f 1810 1809 1763
f 1762 1810 1763
f 1808 1810 1762
f 1809 1810 1807
f 1809 1807 1805
f 1766 1809 1805
f 1765 1766 1805
f 1765 1805 1761
f 1809 1767 1763
f 1767 1809 1766
f 1811 1770 1771
f 1773 1811 1771
f 1812 1774 1775
f 1813 1812 1775
f 1813 1775 1770
f 1814 1813 1770
f 1811 1814 1770
f 1816 1814 1815
f 1815 1814 1776
f 1814 1811 1776
f 1811 1773 1776
f 1777 1815 1776
f 1818 1817 1812
f 1817 1774 1812
f 1817 1778 1774
f 1818 1812 1813
f 1819 1816 1815
f 1815 1777 1819
f 1777 1820 1819
f 1777 1779 1820
f 1817 1780 1778
f 1821 1780 1817
f 1781 1820 1779
f 1781 1822 1820
f 1821 1782 1780
f 1823 1782 1821
f 1783 1822 1781
f 1783 1824 1822
f 1823 1784 1782
f 1825 1784 1823
f 1785 1824 1783
f 1785 1826 1824
f 1825 1787 1784
f 1827 1787 1825
f 1790 1826 1785
f 1790 1828 1826
f 1791 1787 1829
f 1787 1830 1829
f 1787 1827 1830
f 1831 1792 1791
f 1831 1791 1829
f 1832 1793 1792
f 1832 1792 1831
f 1832 1833 1793
f 1833 1790 1793
f 1833 1828 1790
f 1830 1834 1829
f 1829 1834 1831
f 1831 1834 1835
f 1831 1835 1832
f 1832 1835 1836
f 1832 1836 1833
f 1837 1794 1795
f 1796 1838 1795
f 1795 1838 1837
f 1797 1838 1796
f 1839 1798 1837
f 1837 1798 1794
f 1840 1837 1838
f 1839 1837 1840
f 1800 1840 1797
f 1797 1840 1838
f 1841 1801 1839
f 1839 1801 1798
f 1842 1839 1840
f 1841 1839 1842
f 1802 1843 1800
f 1843 1840 1800
f 1843 1842 1840
f 1803 1843 1802
f 1844 1804 1841
f 1841 1804 1801
f 1845 1841 1842
f 1844 1841 1845
f 1807 1845 1806
f 1845 1843 1806
f 1845 1842 1843
f 1806 1843 1803
f 1844 1808 1804
f 1808 1844 1810
f 1810 1844 1845
f 1810 1845 1807
f 1846 1813 1814
f 1816 1846 1814
f 1847 1817 1818
f 1813 1846 1818
f 1846 1847 1818
f 1846 1848 1847
f 1819 1849 1816
f 1849 1846 1816
f 1849 1848 1846
f 1820 1849 1819
f 1851 1850 1847
f 1850 1817 1847
f 1850 1821 1817
f 1851 1847 1848
f 1851 1848 1852
f 1852 1848 1849
f 1852 1849 1853
f 1849 1820 1853
f 1820 1854 1853
f 1820 1822 1854
f 1850 1823 1821
f 1855 1823 1850
f 1824 1854 1822
f 1824 1856 1854
f 1855 1825 1823
f 1857 1825 1855
f 1826 1856 1824
f 1826 1858 1856
f 1857 1827 1825
f 1859 1827 1857
f 1828 1858 1826
f 1828 1860 1858
f 1859 1830 1827
f 1861 1830 1859
f 1833 1860 1828
f 1833 1862 1860
f 1834 1830 1863
f 1830 1864 1863
f 1830 1861 1864
f 1865 1835 1834
f 1865 1834 1863
f 1866 1836 1835
f 1866 1835 1865
f 1866 1867 1836
f 1867 1833 1836
f 1867 1862 1833
f 1864 1868 1863
f 1863 1868 1865
f 1865 1868 1869
f 1865 1869 1866
f 1866 1869 1870
f 1866 1870 1867
f 1871 1850 1851
f 1852 1872 1851
f 1851 1872 1871
f 1853 1873 1852
f 1852 1873 1872
f 1854 1873 1853
f 1875 1874 1871
f 1874 1850 1871
f 1874 1855 1850
f 1875 1871 1872
f 1875 1872 1876
f 1876 1872 1873
f 1876 1873 1877
f 1873 1854 1877
f 1854 1878 1877
f 1854 1856 1878
f 1874 1857 1855
f 1879 1857 1874
f 1858 1878 1856
f 1858 1880 1878
f 1879 1859 1857
f 1881 1859 1879
f 1860 1880 1858
f 1860 1882 1880
f 1881 1861 1859
f 1883 1861 1881
f 1862 1882 1860
f 1862 1884 1882
f 1883 1864 1861
f 1885 1864 1883
f 1867 1884 1862
f 1867 1886 1884
f 1868 1864 1887
f 1864 1888 1887
f 1864 1885 1888
f 1889 1869 1868
f 1889 1868 1887
f 1890 1870 1869
f 1890 1869 1889
f 1890 1891 1870
f 1891 1867 1870
f 1891 1886 1867
f 1888 1892 1887
f 1894 1893 1892
f 1893 1887 1892
f 1893 1889 1887
f 1896 1890 1895
f 1890 1893 1895
f 1890 1889 1893
f 1890 1896 1891
f 1894 1897 1893
f 1893 1897 1895
f 1898 1874 1875
f 1876 1899 1875
f 1875 1899 1898
f 1877 1900 1876
f 1876 1900 1899
f 1878 1900 1877
f 1902 1901 1898
f 1901 1874 1898
f 1901 1879 1874
f 1902 1898 1899
f 1902 1899 1903
f 1903 1899 1900
f 1903 1900 1904
f 1900 1878 1904
f 1878 1905 1904
f 1878 1880 1905
f 1901 1881 1879
f 1906 1881 1901
f 1882 1905 1880
f 1882 1907 1905
f 1906 1883 1881
f 1908 1883 1906
f 1884 1907 1882
f 1884 1909 1907
f 1908 1885 1883
f 1910 1885 1908
f 1886 1909 1884
f 1886 1911 1909
f 1910 1888 1885
f 1912 1888 1910
f 1891 1911 1886
f 1891 1913 1911
f 1892 1888 1914
f 1888 1915 1914
f 1888 1912 1915
f 1914 1894 1892
f 1895 1916 1896
f 1916 1917 1896
f 1917 1891 1896
f 1917 1913 1891
f 1915 1918 1914
f 1918 1920 1919
f 1918 1919 1897
f 1914 1918 1897
f 1894 1914 1897
f 1919 1921 1897
f 1897 1921 1895
f 1921 1922 1895
f 1922 1916 1895
f 1916 1922 1917
f 1920 1923 1919
f 1919 1923 1921
f 1924 1901 1902
f 1903 1925 1902
f 1902 1925 1924
f 1904 1926 1903
f 1903 1926 1925
f 1905 1926 1904
f 1928 1927 1924
f 1927 1901 1924
f 1927 1906 1901
f 1928 1924 1925
f 1928 1925 1929
f 1929 1925 1926
f 1929 1926 1930
f 1926 1905 1930
f 1905 1931 1930
f 1905 1907 1931
f 1927 1908 1906
f 1932 1908 1927
f 1909 1931 1907
f 1909 1933 1931
f 1932 1910 1908
f 1934 1910 1932
f 1911 1933 1909
f 1911 1935 1933
f 1934 1912 1910
f 1936 1912 1934
f 1913 1935 1911
f 1913 1937 1935
f 1936 1915 1912
f 1938 1915 1936
f 1917 1937 1913
f 1917 1939 1937
f 1918 1915 1940
f 1915 1941 1940
f 1915 1938 1941
f 1940 1920 1918
f 1921 1942 1922
f 1942 1943 1922
f 1943 1917 1922
f 1943 1939 1917
f 1940 1941 1944
f 1944 1941 1945
f 1946 1923 1920
f 1940 1946 1920
f 1944 1946 1940
f 1942 1921 1923
f 1946 1942 1923
f 1947 1942 1946
f 1943 1942 1948
f 1948 1942 1947
f 1945 1949 1944
f 1944 1949 1946
f 1946 1949 1950
f 1946 1950 1947
f 1947 1950 1951
f 1947 1951 1948
f 1952 1927 1928
f 1929 1953 1928
f 1928 1953 1952
f 1930 1954 1929
f 1929 1954 1953
f 1931 1954 1930
f 1956 1955 1952
f 1955 1927 1952
f 1955 1932 1927
f 1956 1952 1953
f 1956 1953 1957
f 1959 1958 1957
f 1953 1959 1957
f 1954 1959 1953
f 1933 1959 1931
f 1931 1959 1954
f 1955 1934 1932
f 1960 1934 1955
f 1961 1958 1959
f 1959 1933 1961
f 1933 1962 1961
f 1933 1935 1962
f 1960 1936 1934
f 1963 1936 1960
f 1937 1962 1935
f 1937 1964 1962
f 1963 1938 1936
f 1965 1938 1963
f 1939 1964 1937
f 1939 1966 1964
f 1965 1941 1938
f 1967 1941 1965
f 1943 1966 1939
f 1943 1968 1966
f 1967 1945 1941
f 1969 1945 1967
f 1948 1968 1943
f 1948 1970 1968
f 1949 1945 1971
f 1945 1972 1971
f 1945 1969 1972
f 1973 1950 1949
f 1973 1949 1971
f 1974 1951 1950
f 1974 1950 1973
f 1974 1975 1951
f 1975 1948 1951
f 1975 1970 1948
f 1972 1976 1971
f 1978 1977 1976
f 1977 1971 1976
f 1977 1973 1971
f 1980 1974 1979
f 1974 1977 1979
f 1974 1973 1977
f 1974 1980 1975
f 1978 1981 1977
f 1977 1981 1979
f 1982 1955 1956
f 1957 1983 1956
f 1956 1983 1982
f 1958 1983 1957
f 1984 1960 1982
f 1982 1960 1955
f 1983 1986 1985
f 1984 1983 1985
f 1982 1983 1984
f 1988 1986 1987
f 1987 1986 1961
f 1986 1983 1961
f 1983 1958 1961
f 1962 1987 1961
f 1990 1989 1984
f 1989 1960 1984
f 1989 1963 1960
f 1990 1984 1985
f 1991 1988 1987
f 1987 1962 1991
f 1962 1992 1991
f 1962 1964 1992
f 1989 1965 1963
f 1993 1965 1989
f 1966 1992 1964
f 1966 1994 1992
f 1993 1967 1965
f 1995 1967 1993
f 1968 1994 1966
f 1968 1996 1994
f 1995 1969 1967
f 1997 1969 1995
f 1970 1996 1968
f 1970 1998 1996
f 1997 1972 1969
f 1999 1972 1997
f 1975 1998 1970
f 1975 2000 1998
f 1976 1972 2001
f 1972 2002 2001
f 1972 1999 2002
f 2001 1978 1976
f 1979 2003 1980
f 2003 2004 1980
f 2004 1975 1980
f 2004 2000 1975
f 2002 2005 2001
f 2005 2007 2006
f 2005 2006 1981
f 2001 2005 1981
f 1978 2001 1981
f 2006 2008 1981
f 1981 2008 1979
f 2008 2009 1979
f 2009 2003 1979
f 2003 2009 2004
f 2007 2010 2006
f 2006 2010 2008
f 2011 1985 1986
f 1988 2011 1986
f 2012 1989 1990
f 2013 2012 1990
f 2013 1990 1985
f 2014 2013 1985
f 2011 2014 1985
f 2016 2014 2015
f 2015 2014 1991
f 2014 2011 1991
f 2011 1988 1991
f 1992 2015 1991
f 2018 2017 2012
f 2017 1989 2012
f 2017 1993 1989
f 2018 2012 2013
f 2019 2016 2015
f 2015 1992 2019
f 1992 2020 2019
f 1992 1994 2020
f 2017 1995 1993
f 2021 1995 2017
f 1996 2020 1994
f 1996 2022 2020
f 2021 1997 1995
f 2023 1997 2021
f 1998 2022 1996
f 1998 2024 2022
f 2023 1999 1997
f 2025 1999 2023
f 2000 2024 1998
f 2000 2026 2024
f 2025 2002 1999
f 2027 2002 2025
f 2004 2026 2000
f 2004 2028 2026
f 2005 2002 2029
f 2002 2030 2029
f 2002 2027 2030
f 2029 2007 2005
f 2008 2031 2009
f 2031 2032 2009
f 2032 2004 2009
f 2032 2028 2004
f 2029 2030 2033
f 2033 2030 2034
f 2035 2010 2007
f 2029 2035 2007
f 2033 2035 2029
f 2031 2008 2010
f 2035 2031 2010
f 2036 2031 2035
f 2032 2031 2037
f 2037 2031 2036
f 2034 2038 2033
f 2033 2038 2035
f 2035 2038 2039
f 2035 2039 2036
f 2036 2039 2040
f 2036 2040 2037
f 2041 2013 2014
f 2016 2041 2014
f 2042 2017 2018
f 2013 2041 2018
f 2041 2042 2018
f 2041 2043 2042
f 2019 2044 2016
f 2044 2041 2016
f 2044 2043 2041
f 2020 2044 2019
f 2046 2045 2042
f 2045 2017 2042
f 2045 2021 2017
f 2046 2042 2043
f 2046 2043 2047
f 2049 2048 2047
f 2043 2049 2047
f 2044 2049 2043
f 2022 2049 2020
f 2020 2049 2044
f 2045 2023 2021
f 2050 2023 2045
f 2051 2048 2049
f 2049 2022 2051
f 2022 2052 2051
f 2022 2024 2052
f 2050 2025 2023
f 2053 2025 2050
f 2026 2052 2024
f 2026 2054 2052
f 2053 2027 2025
f 2055 2027 2053
f 2028 2054 2026
f 2028 2056 2054
f 2055 2030 2027
f 2057 2030 2055
f 2032 2056 2028
f 2032 2058 2056
f 2057 2034 2030
f 2059 2034 2057
f 2037 2058 2032
f 2037 2060 2058
f 2038 2034 2061
f 2034 2062 2061
f 2034 2059 2062
f 2063 2039 2038
f 2063 2038 2061
f 2064 2040 2039
f 2064 2039 2063
f 2064 2065 2040
f 2065 2037 2040
f 2065 2060 2037
f 2062 2066 2061
f 2068 2067 2066
f 2067 2061 2066
f 2067 2063 2061
f 2070 2064 2069
f 2064 2067 2069
f 2064 2063 2067
f 2064 2070 2065
f 2068 2071 2067
f 2067 2071 2069
f 2072 2045 2046
f 2047 2073 2046
f 2046 2073 2072
f 2048 2073 2047
f 2074 2050 2072
f 2072 2050 2045
f 2073 2076 2075
f 2074 2073 2075
f 2072 2073 2074
f 2078 2076 2077
f 2077 2076 2051
f 2076 2073 2051
f 2073 2048 2051
f 2052 2077 2051
f 2080 2079 2074
f 2079 2050 2074
f 2079 2053 2050
f 2080 2074 2075
f 2081 2078 2077
f 2077 2052 2081
f 2052 2082 2081
f 2052 2054 2082
f 2079 2055 2053
f 2083 2055 2079
f 2056 2082 2054
f 2056 2084 2082
f 2083 2057 2055
f 2085 2057 2083
f 2058 2084 2056
f 2058 2086 2084
f 2085 2059 2057
f 2087 2059 2085
f 2060 2086 2058
f 2060 2088 2086
f 2087 2062 2059
f 2089 2062 2087
f 2065 2088 2060
f 2065 2090 2088
f 2066 2062 2091
f 2062 2092 2091
f 2062 2089 2092
f 2091 2068 2066
f 2069 2093 2070
f 2093 2094 2070
f 2094 2065 2070
f 2094 2090 2065
f 2092 2095 2091
f 2095 2097 2096
f 2095 2096 2071
f 2091 2095 2071
f 2068 2091 2071
f 2096 2098 2071
f 2071 2098 2069
f 2098 2099 2069
f 2099 2093 2069
f 2093 2099 2094
f 2097 2100 2096
f 2096 2100 2098
f 2101 2075 2076
f 2078 2101 2076
f 2102 2079 2080
f 2103 2102 2080
f 2103 2080 2075
f 2104 2103 2075
f 2101 2104 2075
f 2106 2104 2105
f 2105 2104 2081
f 2104 2101 2081
f 2101 2078 2081
f 2082 2105 2081
f 2108 2107 2102
f 2107 2079 2102
f 2107 2083 2079
f 2108 2102 2103
f 2109 2106 2105
f 2105 2082 2109
f 2082 2110 2109
f 2082 2084 2110
f 2107 2085 2083
f 2111 2085 2107
f 2086 2110 2084
f 2086 2112 2110
f 2111 2087 2085
f 2113 2087 2111
f 2088 2112 2086
f 2088 2114 2112
f 2113 2089 2087
f 2115 2089 2113
f 2090 2114 2088
f 2090 2116 2114
f 2115 2092 2089
f 2117 2092 2115
f 2094 2116 2090
f 2094 2118 2116
f 2095 2092 2119
f 2092 2120 2119
f 2092 2117 2120
f 2119 2097 2095
f 2098 2121 2099
f 2121 2122 2099
f 2122 2094 2099
f 2122 2118 2094
f 2119 2120 2123
f 2123 2120 2124
f 2125 2100 2097
f 2119 2125 2097
f 2123 2125 2119
f 2121 2098 2100
f 2125 2121 2100
f 2126 2121 2125
f 2122 2121 2127
f 2127 2121 2126
f 2124 2128 2123
f 2130 2129 2128
f 2129 2123 2128
f 2129 2125 2123
f 2132 2126 2131
f 2126 2129 2131
f 2126 2125 2129
f 2126 2132 2127
f 2130 2133 2129
f 2129 2133 2131
f 2134 2103 2104
f 2106 2134 2104
f 2135 2107 2108
f 2103 2134 2108
f 2134 2135 2108
f 2134 2136 2135
f 2109 2137 2106
f 2137 2134 2106
f 2137 2136 2134
f 2110 2137 2109
f 2138 2111 2135
f 2135 2111 2107
f 2136 2140 2139
f 2138 2136 2139
f 2135 2136 2138
f 2142 2141 2140
f 2136 2142 2140
f 2137 2142 2136
f 2112 2142 2110
f 2110 2142 2137
f 2144 2143 2138
f 2143 2111 2138
f 2143 2113 2111
f 2144 2138 2139
f 2145 2141 2142
f 2142 2112 2145
f 2112 2146 2145
f 2112 2114 2146
f 2143 2115 2113
f 2147 2115 2143
f 2116 2146 2114
f 2116 2148 2146
f 2147 2117 2115
f 2149 2117 2147
f 2118 2148 2116
f 2118 2150 2148
f 2149 2120 2117
f 2151 2120 2149
f 2122 2150 2118
f 2122 2152 2150
f 2151 2124 2120
f 2153 2124 2151
f 2127 2152 2122
f 2127 2154 2152
f 2128 2124 2155
f 2124 2156 2155
f 2124 2153 2156
f 2155 2130 2128
f 2131 2157 2132
f 2157 2158 2132
f 2158 2127 2132
f 2158 2154 2127
f 2156 2159 2155
f 2159 2161 2160
f 2159 2160 2133
f 2155 2159 2133
f 2130 2155 2133
f 2160 2162 2133
f 2133 2162 2131
f 2162 2163 2131
f 2163 2157 2131
f 2157 2163 2158
f 2161 2164 2160
f 2160 2164 2162
f 2165 2139 2140
f 2141 2165 2140
f 2166 2143 2144
f 2167 2166 2144
f 2167 2144 2139
f 2168 2167 2139
f 2165 2168 2139
f 2170 2168 2169
f 2169 2168 2145
f 2168 2165 2145
f 2165 2141 2145
f 2146 2169 2145
f 2172 2171 2166
f 2171 2143 2166
f 2171 2147 2143
f 2172 2166 2167
f 2173 2170 2169
f 2169 2146 2173
f 2146 2174 2173
f 2146 2148 2174
f 2171 2149 2147
f 2175 2149 2171
f 2150 2174 2148
f 2150 2176 2174
f 2175 2151 2149
f 2177 2151 2175
f 2152 2176 2150
f 2152 2178 2176
f 2177 2153 2151
f 2179 2153 2177
f 2154 2178 2152
f 2154 2180 2178
f 2179 2156 2153
f 2181 2156 2179
f 2158 2180 2154
f 2158 2182 2180
f 2159 2156 2183
f 2156 2184 2183
f 2156 2181 2184
f 2183 2161 2159
f 2162 2185 2163
f 2185 2186 2163
f 2186 2158 2163
f 2186 2182 2158
f 2184 2187 2183
f 2187 2189 2188
f 2187 2188 2164
f 2183 2187 2164
f 2161 2183 2164
f 2185 2162 2164
f 2188 2185 2164
f 2190 2185 2188
f 2186 2185 2191
f 2191 2185 2190
f 2189 2192 2188
f 2188 2192 2190
f 2190 2192 2193
f 2190 2193 2191
f 2194 2167 2168
f 2170 2194 2168
f 2195 2171 2172
f 2167 2194 2172
f 2194 2195 2172
f 2194 2196 2195
f 2173 2197 2170
f 2197 2194 2170
f 2197 2196 2194
f 2174 2197 2173
f 2199 2198 2195
f 2198 2171 2195
f 2198 2175 2171
f 2199 2195 2196
f 2199 2196 2200
f 2200 2196 2197
f 2200 2197 2201
f 2197 2174 2201
f 2174 2202 2201
f 2174 2176 2202
f 2198 2177 2175
f 2203 2177 2198
f 2178 2202 2176
f 2178 2204 2202
f 2203 2179 2177
f 2205 2179 2203
f 2180 2204 2178
f 2180 2206 2204
f 2205 2181 2179
f 2207 2181 2205
f 2182 2206 2180
f 2182 2208 2206
f 2207 2184 2181
f 2209 2184 2207
f 2186 2208 2182
f 2186 2210 2208
f 2187 2184 2211
f 2184 2212 2211
f 2184 2209 2212
f 2211 2189 2187
f 2191 2210 2186
f 2191 2213 2210
f 2211 2212 2214
f 2214 2212 2215
f 2216 2192 2189
f 2211 2216 2189
f 2214 2216 2211
f 2217 2193 2192
f 2217 2192 2216
f 2217 2218 2193
f 2218 2191 2193
f 2218 2213 2191
f 2215 2219 2214
f 2214 2219 2216
f 2216 2219 2220
f 2216 2220 2217
f 2217 2220 2221
f 2217 2221 2218
f 2222 2198 2199
f 2200 2223 2199
f 2199 2223 2222
f 2201 2224 2200
f 2200 2224 2223
f 2202 2224 2201
f 2225 2203 2222
f 2222 2203 2198
f 2223 2227 2226
f 2225 2223 2226
f 2222 2223 2225
f 2229 2228 2227
f 2223 2229 2227
f 2224 2229 2223
f 2204 2229 2202
f 2202 2229 2224
f 2231 2230 2225
f 2230 2203 2225
f 2230 2205 2203
f 2231 2225 2226
f 2232 2228 2229
f 2229 2204 2232
f 2204 2233 2232
f 2204 2206 2233
f 2230 2207 2205
f 2234 2207 2230
f 2208 2233 2206
f 2208 2235 2233
f 2234 2209 2207
f 2236 2209 2234
f 2210 2235 2208
f 2210 2237 2235
f 2236 2212 2209
f 2238 2212 2236
f 2213 2237 2210
f 2213 2239 2237
f 2238 2215 2212
f 2240 2215 2238
f 2218 2239 2213
f 2218 2241 2239
f 2219 2215 2242
f 2215 2243 2242
f 2215 2240 2243
f 2244 2220 2219
f 2244 2219 2242
f 2245 2221 2220
f 2245 2220 2244
f 2245 2246 2221
f 2246 2218 2221
f 2246 2241 2218
f 2243 2247 2242
f 2249 2248 2247
f 2248 2242 2247
f 2248 2244 2242
f 2251 2245 2250
f 2245 2248 2250
f 2245 2244 2248
f 2245 2251 2246
f 2249 2252 2248
f 2248 2252 2250
f 2253 2226 2227
f 2228 2253 2227
f 2254 2230 2231
f 2255 2254 2231
f 2255 2231 2226
f 2256 2255 2226
f 2253 2256 2226
f 2258 2256 2257
f 2257 2256 2232
f 2256 2253 2232
f 2253 2228 2232
f 2233 2257 2232
f 2260 2259 2254
f 2259 2230 2254
f 2259 2234 2230
f 2260 2254 2255
f 2261 2258 2257
f 2257 2233 2261
f 2233 2262 2261
f 2233 2235 2262
f 2259 2236 2234
f 2263 2236 2259
f 2237 2262 2235
f 2237 2264 2262
f 2263 2238 2236
f 2265 2238 2263
f 2239 2264 2237
f 2239 2266 2264
f 2265 2240 2238
f 2267 2240 2265
f 2241 2266 2239
f 2241 2268 2266
f 2267 2243 2240
f 2269 2243 2267
f 2246 2268 2241
f 2246 2270 2268
f 2247 2243 2271
f 2243 2272 2271
f 2243 2269 2272
f 2271 2249 2247
f 2250 2273 2251
f 2273 2274 2251
f 2274 2246 2251
f 2274 2270 2246
f 2272 2275 2271
f 2275 2277 2276
f 2275 2276 2252
f 2271 2275 2252
f 2249 2271 2252
f 2276 2278 2252
f 2252 2278 2250
f 2278 2279 2250
f 2279 2273 2250
f 2273 2279 2274
f 2277 2280 2276
f 2276 2280 2278
f 2281 2255 2256
f 2258 2281 2256
f 2282 2259 2260
f 2283 2282 2260
f 2283 2260 2255
f 2284 2283 2255
f 2281 2284 2255
f 2286 2284 2285
f 2285 2284 2261
f 2284 2281 2261
f 2281 2258 2261
f 2262 2285 2261
f 2288 2287 2282
f 2287 2259 2282
f 2287 2263 2259
f 2288 2282 2283
f 2289 2286 2285
f 2285 2262 2289
f 2262 2290 2289
f 2262 2264 2290
f 2287 2265 2263
f 2291 2265 2287
f 2266 2290 2264
f 2266 2292 2290
f 2291 2267 2265
f 2293 2267 2291
f 2268 2292 2266
f 2268 2294 2292
f 2293 2269 2267
f 2295 2269 2293
f 2270 2294 2268
f 2270 2296 2294
f 2295 2272 2269
f 2297 2272 2295
f 2274 2296 2270
f 2274 2298 2296
f 2275 2272 2299
f 2272 2300 2299
f 2272 2297 2300
f 2299 2277 2275
f 2278 2301 2279
f 2301 2302 2279
f 2302 2274 2279
f 2302 2298 2274
f 2300 2303 2299
f 2303 2305 2304
f 2303 2304 2280
f 2299 2303 2280
f 2277 2299 2280
f 2301 2278 2280
f 2304 2301 2280
f 2306 2301 2304
f 2302 2301 2307
f 2307 2301 2306
f 2305 2308 2304
f 2304 2308 2306
f 2306 2308 2309
f 2306 2309 2307
f 2310 2283 2284
f 2286 2310 2284
f 2311 2287 2288
f 2283 2310 2288
f 2310 2311 2288
f 2310 2312 2311
f 2289 2313 2286
f 2313 2310 2286
f 2313 2312 2310
f 2290 2313 2289
f 2315 2314 2311
f 2314 2287 2311
f 2314 2291 2287
f 2315 2311 2312
f 2315 2312 2316
f 2316 2312 2313
f 2316 2313 2317
f 2313 2290 2317
f 2290 2318 2317
f 2290 2292 2318
f 2314 2293 2291
f 2319 2293 2314
f 2294 2318 2292
f 2294 2320 2318
f 2319 2295 2293
f 2321 2295 2319
f 2296 2320 2294
f 2296 2322 2320
f 2321 2297 2295
f 2323 2297 2321
f 2298 2322 2296
f 2298 2324 2322
f 2323 2300 2297
f 2325 2300 2323
f 2302 2324 2298
f 2302 2326 2324
f 2303 2300 2327
f 2300 2328 2327
f 2300 2325 2328
f 2327 2305 2303
f 2307 2326 2302
f 2307 2329 2326
f 2327 2328 2330
f 2330 2328 2331
f 2332 2308 2305
f 2327 2332 2305
f 2330 2332 2327
f 2333 2309 2308
f 2333 2308 2332
f 2333 2334 2309
f 2334 2307 2309
f 2334 2329 2307
f 2331 2335 2330
f 2330 2335 2332
f 2332 2335 2336
f 2332 2336 2333
f 2333 2336 2337
f 2333 2337 2334
f 2338 2314 2315
f 2316 2339 2315
f 2315 2339 2338
f 2317 2340 2316
f 2316 2340 2339
f 2318 2340 2317
f 2341 2319 2338
f 2338 2319 2314
f 2339 2343 2342
f 2341 2339 2342
f 2338 2339 2341
f 2345 2344 2343
f 2339 2345 2343
f 2340 2345 2339
f 2320 2345 2318
f 2318 2345 2340
f 2347 2346 2341
f 2346 2319 2341
f 2346 2321 2319
f 2347 2341 2342
f 2348 2344 2345
f 2345 2320 2348
f 2320 2349 2348
f 2320 2322 2349
f 2346 2323 2321
f 2350 2323 2346
f 2324 2349 2322
f 2324 2351 2349
f 2350 2325 2323
f 2352 2325 2350
f 2326 2351 2324
f 2326 2353 2351
f 2352 2328 2325
f 2354 2328 2352
f 2329 2353 2326
f 2329 2355 2353
f 2354 2331 2328
f 2356 2331 2354
f 2334 2355 2329
f 2334 2357 2355
f 2335 2331 2358
f 2331 2359 2358
f 2331 2356 2359
f 2360 2336 2335
f 2360 2335 2358
f 2361 2337 2336
f 2361 2336 2360
f 2361 2362 2337
f 2362 2334 2337
f 2362 2357 2334
f 2359 2363 2358
f 2365 2364 2363
f 2364 2358 2363
f 2364 2360 2358
f 2367 2361 2366
f 2361 2364 2366
f 2361 2360 2364
f 2361 2367 2362
f 2365 2368 2364
f 2364 2368 2366
f 2369 2342 2343
f 2344 2369 2343
f 2370 2346 2347
f 2371 2370 2347
f 2371 2347 2342
f 2372 2371 2342
f 2369 2372 2342
f 2374 2372 2373
f 2373 2372 2348
f 2372 2369 2348
f 2369 2344 2348
f 2349 2373 2348
f 2376 2375 2370
f 2375 2346 2370
f 2375 2350 2346
f 2376 2370 2371
f 2377 2374 2373
f 2373 2349 2377
f 2349 2378 2377
f 2349 2351 2378
f 2375 2352 2350
f 2379 2352 2375
f 2353 2378 2351
f 2353 2380 2378
f 2379 2354 2352
f 2381 2354 2379
f 2355 2380 2353
f 2355 2382 2380
f 2381 2356 2354
f 2383 2356 2381
f 2357 2382 2355
f 2357 2384 2382
f 2383 2359 2356
f 2385 2359 2383
f 2362 2384 2357
f 2362 2386 2384
f 2363 2359 2387
f 2359 2388 2387
f 2359 2385 2388
f 2387 2365 2363
f 2366 2389 2367
f 2389 2390 2367
f 2390 2362 2367
f 2390 2386 2362
f 2388 2391 2387
f 2391 2393 2392
f 2391 2392 2368
f 2387 2391 2368
f 2365 2387 2368
f 2392 2394 2368
f 2368 2394 2366
f 2394 2395 2366
f 2395 2389 2366
f 2389 2395 2390
f 2393 2396 2392
f 2392 2396 2394
f 2397 2371 2372
f 2374 2397 2372
f 2398 2375 2376
f 2399 2398 2376
f 2399 2376 2371
f 2400 2399 2371
f 2397 2400 2371
f 2402 2400 2401
f 2401 2400 2377
f 2400 2397 2377
f 2397 2374 2377
f 2378 2401 2377
f 2404 2403 2398
f 2403 2375 2398
f 2403 2379 2375
f 2404 2398 2399
f 2405 2402 2401
f 2401 2378 2405
f 2378 2406 2405
f 2378 2380 2406
f 2403 2381 2379
f 2407 2381 2403
f 2382 2406 2380
f 2382 2408 2406
f 2407 2383 2381
f 2409 2383 2407
f 2384 2408 2382
f 2384 2410 2408
f 2409 2385 2383
f 2411 2385 2409
f 2386 2410 2384
f 2386 2412 2410
f 2411 2388 2385
f 2413 2388 2411
f 2390 2412 2386
f 2390 2414 2412
f 2391 2388 2415
f 2388 2416 2415
f 2388 2413 2416
f 2415 2393 2391
f 2394 2417 2395
f 2417 2418 2395
f 2418 2390 2395
f 2418 2414 2390
f 2416 2419 2415
f 2419 2421 2420
f 2419 2420 2396
f 2415 2419 2396
f 2393 2415 2396
f 2420 2422 2396
f 2396 2422 2394
f 2422 2423 2394
f 2423 2417 2394
f 2417 2423 2418
f 2421 2424 2420
f 2420 2424 2422
f 2425 2399 2400
f 2402 2425 2400
f 2426 2403 2404
f 2399 2425 2404
f 2425 2426 2404
f 2425 2427 2426
f 2405 2428 2402
f 2428 2425 2402
f 2428 2427 2425
f 2406 2428 2405
f 2430 2429 2426
f 2429 2403 2426
f 2429 2407 2403
f 2430 2426 2427
f 2430 2427 2431
f 2431 2427 2428
f 2431 2428 2432
f 2428 2406 2432
f 2406 2433 2432
f 2406 2408 2433
f 2429 2409 2407
f 2434 2409 2429
f 2410 2433 2408
f 2410 2435 2433
f 2434 2411 2409
f 2436 2411 2434
f 2412 2435 2410
f 2412 2437 2435
f 2436 2413 2411
f 2438 2413 2436
f 2414 2437 2412
f 2414 2439 2437
f 2438 2416 2413
f 2440 2416 2438
f 2418 2439 2414
f 2418 2441 2439
f 2419 2416 2442
f 2416 2443 2442
f 2416 2440 2443
f 2442 2421 2419
f 2422 2444 2423
f 2444 2445 2423
f 2445 2418 2423
f 2445 2441 2418
f 2442 2443 2446
f 2446 2443 2447
f 2448 2424 2421
f 2442 2448 2421
f 2446 2448 2442
f 2444 2422 2424
f 2448 2444 2424
f 2449 2444 2448
f 2445 2444 2450
f 2450 2444 2449
f 2447 2451 2446
f 2446 2451 2448
f 2448 2451 2452
f 2448 2452 2449
f 2449 2452 2453
f 2449 2453 2450
f 2454 2429 2430
f 2431 2455 2430
f 2430 2455 2454
f 2432 2456 2431
f 2431 2456 2455
f 2433 2456 2432
f 2458 2457 2454
f 2457 2429 2454
f 2457 2434 2429
f 2458 2454 2455
f 2458 2455 2459
f 2459 2455 2456
f 2459 2456 2460
f 2456 2433 2460
f 2433 2461 2460
f 2433 2435 2461
f 2457 2436 2434
f 2462 2436 2457
f 2437 2461 2435
f 2437 2463 2461
f 2462 2438 2436
f 2464 2438 2462
f 2439 2463 2437
f 2439 2465 2463
f 2464 2440 2438
f 2466 2440 2464
f 2441 2465 2439
f 2441 2467 2465
f 2466 2443 2440
f 2468 2443 2466
f 2445 2467 2441
f 2445 2469 2467
f 2468 2447 2443
f 2470 2447 2468
f 2450 2469 2445
f 2450 2471 2469
f 2451 2447 2472
f 2447 2473 2472
f 2447 2470 2473
f 2474 2452 2451
f 2474 2451 2472
f 2475 2453 2452
f 2475 2452 2474
f 2475 2476 2453
f 2476 2450 2453
f 2476 2471 2450
f 2473 2477 2472
f 2479 2478 2477
f 2478 2472 2477
f 2478 2474 2472
f 2481 2475 2480
f 2475 2478 2480
f 2475 2474 2478
f 2475 2481 2476
f 2479 2482 2478
f 2478 2482 2480
f 2483 2457 2458
f 2459 2484 2458
f 2458 2484 2483
f 2460 2485 2459
f 2459 2485 2484
f 2461 2485 2460
f 2486 2462 2483
f 2483 2462 2457
f 2484 2488 2487
f 2486 2484 2487
f 2483 2484 2486
f 2490 2489 2488
f 2484 2490 2488
f 2485 2490 2484
f 2463 2490 2461
f 2461 2490 2485
f 2492 2491 2486
f 2491 2462 2486
f 2491 2464 2462
f 2492 2486 2487
f 2493 2489 2490
f 2490 2463 2493
f 2463 2494 2493
f 2463 2465 2494
f 2491 2466 2464
f 2495 2466 2491
f 2467 2494 2465
f 2467 2496 2494
f 2495 2468 2466
f 2497 2468 2495
f 2469 2496 2467
f 2469 2498 2496
f 2497 2470 2468
f 2499 2470 2497
f 2471 2498 2469
f 2471 2500 2498
f 2499 2473 2470
f 2501 2473 2499
f 2476 2500 2471
f 2476 2502 2500
f 2477 2473 2503
f 2473 2504 2503
f 2473 2501 2504
f 2503 2479 2477
f 2480 2505 2481
f 2505 2506 2481
f 2506 2476 2481
f 2506 2502 2476
f 2504 2507 2503
f 2507 2509 2508
f 2507 2508 2482
f 2503 2507 2482
f 2479 2503 2482
f 2508 2510 2482
f 2482 2510 2480
f 2510 2511 2480
f 2511 2505 2480
f 2505 2511 2506
f 2509 2512 2508
f 2508 2512 2510
f 2513 2487 2488
f 2489 2513 2488
f 2514 2491 2492
f 2515 2514 2492
f 2515 2492 2487
f 2516 2515 2487
f 2513 2516 2487
f 2518 2516 2517
f 2517 2516 2493
f 2516 2513 2493
f 2513 2489 2493
f 2494 2517 2493
f 2520 2519 2514
f 2519 2491 2514
f 2519 2495 2491
f 2520 2514 2515
f 2521 2518 2517
f 2517 2494 2521
f 2494 2522 2521
f 2494 2496 2522
f 2519 2497 2495
f 2523 2497 2519
f 2498 2522 2496
f 2498 2524 2522
f 2523 2499 2497
f 2525 2499 2523
f 2500 2524 2498
f 2500 2526 2524
f 2525 2501 2499
f 2527 2501 2525
f 2502 2526 2500
f 2502 2528 2526
f 2527 2504 2501
f 2529 2504 2527
f 2506 2528 2502
f 2506 2530 2528
f 2507 2504 2531
f 2504 2532 2531
f 2504 2529 2532
f 2531 2509 2507
f 2510 2533 2511
f 2533 2534 2511
f 2534 2506 2511
f 2534 2530 2506
f 2532 2535 2531
f 2535 2537 2536
f 2535 2536 2512
f 2531 2535 2512
f 2509 2531 2512
f 2536 2538 2512
f 2512 2538 2510
f 2538 2539 2510
f 2539 2533 2510
f 2533 2539 2534
f 2537 2540 2536
f 2536 2540 2538
f 2541 2515 2516
f 2518 2541 2516
f 2542 2519 2520
f 2543 2542 2520
f 2543 2520 2515
f 2544 2543 2515
f 2541 2544 2515
f 2546 2544 2545
f 2545 2544 2521
f 2544 2541 2521
f 2541 2518 2521
f 2522 2545 2521
f 2548 2547 2542
f 2547 2519 2542
f 2547 2523 2519
f 2548 2542 2543
f 2549 2546 2545
f 2545 2522 2549
f 2522 2550 2549
f 2522 2524 2550
f 2547 2525 2523
f 2551 2525 2547
f 2526 2550 2524
f 2526 2552 2550
f 2551 2527 2525
f 2553 2527 2551
f 2528 2552 2526
f 2528 2554 2552
f 2553 2529 2527
f 2555 2529 2553
f 2530 2554 2528
f 2530 2556 2554
f 2555 2532 2529
f 2557 2532 2555
f 2534 2556 2530
f 2534 2558 2556
f 2535 2532 2559
f 2532 2560 2559
f 2532 2557 2560
f 2559 2537 2535
f 2538 2561 2539
f 2561 2562 2539
f 2562 2534 2539
f 2562 2558 2534
f 2560 2563 2559
f 2559 2563 2537
f 2563 2540 2537
f 2563 2564 2540
f 2538 2540 2561
f 2540 2565 2561
f 2540 2564 2565
f 2561 2565 2562
f 2566 2543 2544
f 2546 2566 2544
f 2567 2547 2548
f 2543 2566 2548
f 2566 2567 2548
f 2566 2568 2567
f 2549 2569 2546
f 2569 2566 2546
f 2569 2568 2566
f 2550 2569 2549
f 2571 2570 2567
f 2570 2547 2567
f 2570 2551 2547
f 2571 2567 2568
f 2571 2568 2572
f 2572 2568 2569
f 2572 2569 2573
f 2569 2550 2573
f 2550 2574 2573
f 2550 2552 2574
f 2570 2553 2551
f 2575 2553 2570
f 2554 2574 2552
f 2554 2576 2574
f 2575 2555 2553
f 2577 2555 2575
f 2556 2576 2554
f 2556 2578 2576
f 2577 2557 2555
f 2579 2557 2577
f 2558 2578 2556
f 2558 2580 2578
f 2582 2560 2581
f 2560 2579 2581
f 2560 2557 2579
f 2584 2583 2582
f 2584 2582 2581
f 2586 2585 2583
f 2586 2583 2584
f 2586 2580 2585
f 2580 2562 2585
f 2580 2558 2562
f 2582 2563 2560
f 2563 2582 2564
f 2564 2582 2583
f 2564 2583 2565
f 2565 2583 2585
f 2565 2585 2562
f 2587 2570 2571
f 2572 2588 2571
f 2571 2588 2587
f 2573 2589 2572
f 2572 2589 2588
f 2574 2589 2573
f 2590 2575 2587
f 2587 2575 2570
f 2588 2592 2591
f 2590 2588 2591
f 2587 2588 2590
f 2594 2593 2592
f 2588 2594 2592
f 2589 2594 2588
f 2576 2594 2574
f 2574 2594 2589
f 2596 2595 2590
f 2595 2575 2590
f 2595 2577 2575
f 2596 2590 2591
f 2597 2593 2594
f 2594 2576 2597
f 2576 2598 2597
f 2576 2578 2598
f 2600 2579 2599
f 2579 2595 2599
f 2579 2577 2595
f 2602 2601 2600
f 2602 2600 2599
f 2604 2603 2601
f 2604 2601 2602
f 2604 2598 2603
f 2598 2580 2603
f 2598 2578 2580
f 2600 2581 2579
f 2581 2600 2584
f 2584 2600 2601
f 2584 2601 2586
f 2586 2601 2603
f 2586 2603 2580
f 2605 2591 2592
f 2593 2605 2592
f 2606 2595 2596
f 2591 2605 2596
f 2605 2606 2596
f 2605 2607 2606
f 2597 2608 2593
f 2608 2605 2593
f 2608 2607 2605
f 2598 2608 2597
f 2606 2599 2595
f 2599 2606 2602
f 2602 2606 2607
f 2602 2607 2604
f 2604 2607 2608
f 2604 2608 2598
# 5212 faces, 0 coords texture

# End of File