####
#
# OBJ File Generated by VirtualFlyBrain.org
#
####
v 145.844768101 335.434692308 140.944358507 0.99609375
v 145.985064312 336.098456471 140.998574921 0.99609375
v 146.002171888 336.362504785 140.976133653 0.99609375
v 146.102688378 336.384003214 140.375154912 0.99609375
v 146.343045229 327.955884676 139.840362723 0.99609375
v 146.048809193 327.702799854 141.037934612 0.99609375
v 146.428359558 327.803798643 139.866278766 0.99609375
v 146.037087424 327.987230999 141.054309113 0.99609375
v 146.375241637 328.340521505 139.137644947 0.99609375
v 146.369573905 328.115833797 141.06709513 0.99609375
v 145.951494434 328.625874547 139.964540186 0.99609375
v 145.923300618 328.418486353 140.935549907 0.99609375
v 146.240862013 328.609143338 139.773360818 0.99609375
v 146.354198729 328.771756477 140.838824187 0.99609375
v 146.066851359 329.061449903 139.619185291 0.99609375
v 146.067355297 329.199171492 141.364374547 0.99609375
v 145.892158996 329.67440258 140.208097333 0.99609375
v 146.091941522 329.219515916 140.630522699 0.99609375
v 146.276325464 329.594087229 140.479215912 0.99609375
v 145.950176441 329.846886133 141.437871496 0.99609375
v 146.132776061 329.779041748 139.596415284 0.99609375
v 145.97427523 330.296856008 141.056349414 0.99609375
v 146.337523813 330.179528038 139.577132519 0.99609375
v 146.285530335 330.208730054 141.207870226 0.99609375
v 146.341317925 330.451286866 139.913310875 0.99609375
v 145.919203564 330.70757159 141.138623585 0.99609375
v 146.052438089 330.918838399 140.365584081 0.99609375
v 146.138419453 330.680013704 140.872508972 0.99609375
v 145.952099621 331.315265032 139.896102554 0.99609375
v 146.267243676 331.068702122 140.709551895 0.99609375
v 145.911702185 331.718817181 139.780946455 0.99609375
v 146.177021245 331.53272498 141.172838826 0.99609375
v 146.364496246 331.606032558 140.854885172 0.99609375
v 146.208306162 332.322926557 140.949950736 0.99609375
v 146.270958743 332.407223154 140.623830878 0.99609375
v 146.243905219 332.811799327 140.938680683 0.99609375
v 146.361000697 332.990920603 140.361680594 0.99609375
v 146.334822553 333.324163544 140.3766809 0.99609375
v 146.14738305 333.243781809 140.001902054 0.99609375
v 146.379300332 333.826914607 140.298938884 0.99609375
v 146.09124849 334.25885564 140.064912476 0.99609375
v 146.087510418 334.444898861 140.266707045 0.99609375
v 146.166864959 334.101829292 141.395017259 0.99609375
v 146.17134101 334.920815072 140.088253313 0.99609375
v 145.877053284 334.893577154 140.702899726 0.99609375
v 146.390387875 335.231769059 139.896880121 0.99609375
v 146.359260573 335.007172661 141.138705128 0.99609375
v 145.990780335 335.050812711 139.713577696 0.99609375
v 146.444447482 335.415372123 140.560832744 0.99609375
v 146.133949023 335.608123044 140.364149905 0.99609375
v 146.035666023 335.591298353 141.253905622 0.99609375
v 145.889530301 336.0196456 140.258509868 0.99609375
v 146.226213854 335.744604913 141.100078146 0.99609375
v 146.191070858 335.99635381 140.298167045 0.99609375
v 146.07035276 336.079565518 140.568604857 0.99609375
v 146.385786975 336.510914213 140.201530234 0.99609375
v 146.18173329 336.186822294 141.249461091 0.99609375
v 146.054510766 336.700346701 140.084946202 0.99609375
v 145.927112273 336.508039054 140.639920886 0.99609375
v 145.945995865 337.090224255 140.26085824 0.99609375
v 146.273693765 336.729281449 141.099153012 0.99609375
v 145.989576428 337.188586305 139.793022443 0.99609375
v 146.259499777 337.372045308 140.677082005 0.99609375
v 146.319256297 337.58246293 140.045332377 0.99609375
v 146.165307748 337.491377718 141.345271011 0.99609375
v 146.308105024 337.56040719 139.842290272 0.99609375
v 146.151249143 338.094005396 141.203344534 0.99609375
v 146.256447532 338.375162893 139.71918096 0.99609375
v 145.983553481 338.125073693 140.566497924 0.99609375
v 146.085478112 338.501047552 140.14426703 0.99609375
v 146.225108959 338.188674807 140.843017381 0.99609375
v 146.026414247 338.95127823 140.425418595 0.99609375
v 146.338591596 339.243807958 140.713760993 0.99609375
v 145.921165072 339.168555223 140.637216009 0.99609375
v 146.226297362 339.709756672 140.497533025 0.99609375
v 146.320354632 339.65087229 140.802452597 0.99609375
v 146.286834667 326.88054639 137.300426674 0.99609375
v 146.712773729 327.308840404 137.034448423 0.99609375
v 146.646444065 327.389009175 139.096475206 0.99609375
v 146.351803192 327.536955544 136.974982592 0.99609375
v 146.545785682 327.89281479 140.781981392 0.99609375
v 146.366167248 328.204862422 137.40214672 0.99609375
v 146.509251589 328.083824167 141.54494968 0.99609375
v 146.2701649 328.547487602 137.92045293 0.99609375
v 146.235457822 328.263662893 141.422354765 0.99609375
v 146.541749242 328.348220556 137.899143942 0.99609375
v 146.577406282 328.608487648 141.608134954 0.99609375
v 146.616423498 328.78436165 138.424014086 0.99609375
v 146.198798098 328.831975267 141.559375994 0.99609375
v 146.349970512 328.948255996 138.041397323 0.99609375
v 146.628852567 328.952184395 141.842098977 0.99609375
v 146.310861343 329.70283539 138.815760838 0.99609375
v 146.675080028 329.378042414 141.264710707 0.99609375
v 146.553569549 329.884338543 138.264809291 0.99609375
v 146.65521127 329.885929201 141.850028057 0.99609375
v 146.474880041 329.86038427 139.359779672 0.99609375
v 146.164209654 330.089274198 141.905972325 0.99609375
v 146.585248387 330.490427571 138.976461053 0.99609375
v 146.646545017 330.322428547 141.842930247 0.99609375
v 146.257477403 330.532645318 139.282850757 0.99609375
v 146.633416251 330.347126988 141.592975592 0.99609375
v 146.575970689 330.736633048 139.077384478 0.99609375
v 146.29630186 330.957725522 141.561448347 0.99609375
v 146.496878406 331.245438281 139.154226576 0.99609375
v 146.528573081 331.262597354 141.408217757 0.99609375
v 146.440163094 331.307522371 139.192896819 0.99609375
v 146.394824018 331.509272401 141.797186753 0.99609375
v 146.617512933 331.826244853 139.291398664 0.99609375
v 146.686056356 331.545598762 141.369303097 0.99609375
v 146.24207869 332.030950219 139.256333861 0.99609375
v 146.736883583 332.14079088 141.392618778 0.99609375
v 146.3943171 332.43216058 139.20206453 0.99609375
v 146.314087997 332.38079616 141.996349798 0.99609375
v 146.233379562 332.475918638 139.295265109 0.99609375
v 146.655193506 332.640535852 141.606660725 0.99609375
v 146.160096791 332.950727448 139.755253197 0.99609375
v 146.390442743 332.641901812 141.094153908 0.99609375
v 146.690683384 333.024506096 140.346648046 0.99609375
v 146.671708565 332.950405557 141.160713331 0.99609375
v 146.709711834 333.362160087 139.704180214 0.99609375
v 146.714150873 333.480194123 141.268296639 0.99609375
v 146.326387167 334.074206036 139.388346671 0.99609375
v 146.389728657 333.853849386 141.620267169 0.99609375
v 146.237916502 334.183738008 139.210845172 0.99609375
v 146.53608786 333.915115255 141.143261829 0.99609375
v 146.444604313 334.380707971 139.246790913 0.99609375
v 146.640275699 334.490625415 141.345070903 0.99609375
v 146.538773104 334.747872534 139.212581552 0.99609375
v 146.318453008 334.747578443 141.336937969 0.99609375
v 146.335662149 334.847652951 139.345305056 0.99609375
v 146.607347199 335.161833436 141.632255118 0.99609375
v 146.430186194 335.508665535 139.599941727 0.99609375
v 146.588628038 335.448300433 141.513347696 0.99609375
v 146.588095454 335.341210127 139.697678864 0.99609375
v 146.299187793 335.59447138 141.675928348 0.99609375
v 146.584056427 336.087747286 139.939732982 0.99609375
v 146.551203114 335.763012111 141.383302712 0.99609375
v 146.455343547 335.892080773 139.812606184 0.99609375
v 146.739068152 335.867129108 141.910339351 0.99609375
v 146.255612204 336.546219561 139.590322444 0.99609375
v 146.275571872 336.612651033 141.293482794 0.99609375
v 146.46490816 336.52908491 139.350456407 0.99609375
v 146.619466498 336.521549071 141.17500233 0.99609375
v 146.362175406 337.262788455 139.299546282 0.99609375
v 146.689868698 336.917448412 141.563579415 0.99609375
v 146.371222696 337.402562042 139.341161971 0.99609375
v 146.245439901 337.383875204 141.615667073 0.99609375
v 146.348248468 337.84354417 139.008961477 0.99609375
v 146.198692659 337.742266985 141.829969106 0.99609375
v 146.228866531 337.560654857 139.324474126 0.99609375
v 146.478076597 337.87340029 141.48553278 0.99609375
v 146.382622926 338.40195487 139.40090267 0.99609375
v 146.206592191 337.863650417 140.988565457 0.99609375
v 146.172101906 338.169359505 139.126730321 0.99609375
v 146.277314492 338.569149408 140.515153322 0.99609375
v 146.36581231 338.949793032 139.361136508 0.99609375
v 146.353977165 338.444724131 141.439634074 0.99609375
v 146.241720117 339.06780257 139.169407698 0.99609375
v 146.59663694 339.132569976 140.740235041 0.99609375
v 146.227928637 339.296660107 139.752004822 0.99609375
v 146.515426584 339.175978899 141.345128397 0.99609375
v 146.423103956 339.379776766 139.974230746 0.99609375
v 146.225457113 339.538557431 141.188849957 0.99609375
v 146.469163024 340.008625627 139.334317329 0.99609375
v 146.491869151 339.784630128 140.548245122 0.99609375
v 146.674530231 340.022232182 140.015073355 0.99609375
v 146.622079957 340.429381728 140.934247285 0.99609375
v 146.316904273 340.403989483 139.518017686 0.99609375
v 146.450860417 340.537675204 141.49175041 0.99609375
v 146.433607328 340.776060962 139.973074671 0.99609375
v 146.493586259 340.956395271 141.426699419 0.99609375
v 146.385488189 340.792903506 139.533744281 0.99609375
v 146.419429974 341.324170514 140.77190289 0.99609375
v 146.16857744 341.231648813 140.274584372 0.99609375
v 146.613702987 341.589982897 141.333512572 0.99609375
v 146.52118858 341.80360455 140.030652022 0.99609375
v 146.183026994 341.7775613 140.816264222 0.99609375
v 146.608524745 341.822647098 140.341608853 0.99609375
v 146.533406979 341.728764132 140.746891555 0.99609375
v 146.339590408 342.106140816 139.784063211 0.99609375
v 146.507680536 342.168982933 140.575916664 0.99609375
v 146.582344204 342.475692718 140.042058163 0.99609375
v 146.290445847 342.511644816 140.711534265 0.99609375
v 146.711968357 343.019280678 139.737042294 0.99609375
v 146.570770608 342.870221333 141.183663282 0.99609375
v 146.507908269 343.171681345 139.77432855 0.99609375
v 146.3396612 343.199734407 140.731382749 0.99609375
v 146.636923502 343.131887704 140.400120185 0.99609375
v 146.563669736 343.564110639 140.293176445 0.99609375
v 146.6570165 343.722131582 139.922675416 0.99609375
v 146.70018375 327.365829714 136.391057081 0.99609375
v 146.94088928 327.060857787 137.960779401 0.99609375
v 146.45011709 327.48544476 136.457394744 0.99609375
v 146.788831082 327.379733144 138.827652215 0.99609375
v 146.931794035 327.420068169 136.993006771 0.99609375
v 146.711190396 327.436271268 140.629018544 0.99609375
v 146.857069109 327.936278137 136.842381811 0.99609375
v 146.962413136 327.728028069 141.550151215 0.99609375
v 146.581057474 328.114911105 136.869247222 0.99609375
v 146.890006019 328.238416157 141.732595713 0.99609375
v 146.812898697 328.571459565 136.644999997 0.99609375
v 146.591073197 328.559195754 141.657778224 0.99609375
v 146.568739498 328.772151557 137.26958107 0.99609375
v 146.607173113 329.022649094 141.914859839 0.99609375
v 146.507151516 329.353299306 136.776596396 0.99609375
v 146.607063315 329.207514626 141.6259706 0.99609375
v 147.007539654 329.653507341 137.038965412 0.99609375
v 146.510621494 329.154912749 141.854219599 0.99609375
v 146.539540985 329.986265693 137.569679752 0.99609375
v 146.608695129 330.019864896 141.191996701 0.99609375
v 146.757777798 329.909787122 137.481922686 0.99609375
v 147.014756171 329.733499345 141.370152155 0.99609375
v 146.824774352 330.461605433 138.488785167 0.99609375
v 146.712535433 330.562524018 141.45354708 0.99609375
v 146.672260924 330.409418605 138.016617367 0.99609375
v 146.641633347 330.382754121 141.553589344 0.99609375
v 146.729123948 330.920844232 137.951137115 0.99609375
v 146.957956213 331.016068994 141.38146462 0.99609375
v 146.504817412 331.116590837 137.519741479 0.99609375
v 146.837215604 331.08740019 141.158238973 0.99609375
v 146.479079051 331.44630367 138.047316005 0.99609375
v 146.754694319 331.33742047 141.41186124 0.99609375
v 146.471516271 331.782624847 138.333754714 0.99609375
v 146.677291839 331.922570102 141.12367148 0.99609375
v 146.623793535 332.06829937 138.966311232 0.99609375
v 146.515668639 331.893581339 141.814121309 0.99609375
v 146.933161381 332.563746557 139.399393105 0.99609375
v 147.021393492 332.594815991 141.910130365 0.99609375
v 146.687580417 332.497755824 138.831633434 0.99609375
v 146.990662563 332.708991168 141.551569675 0.99609375
v 146.601375665 333.051873489 139.375304186 0.99609375
v 146.636732249 332.955466261 141.030257351 0.99609375
v 146.487521513 333.488682518 138.921488718 0.99609375
v 146.668095459 333.165306791 141.4643367 0.99609375
v 146.805154152 333.527274089 139.364867547 0.99609375
v 146.56850875 333.50229747 141.017805016 0.99609375
v 146.537589403 334.028562983 139.253690747 0.99609375
v 146.872590272 333.925550263 141.301809751 0.99609375
v 146.614500897 334.201995371 139.326672257 0.99609375
v 146.68825776 333.83314494 141.057664959 0.99609375
v 146.951343531 334.556755521 139.461339394 0.99609375
v 146.75567645 334.250442782 141.500902613 0.99609375
v 146.719247319 334.460712142 138.701506442 0.99609375
v 146.48086892 334.944819577 141.996918265 0.99609375
v 146.672611698 334.965483597 139.171114571 0.99609375
v 146.653323602 334.661391495 141.864569709 0.99609375
v 146.561880734 335.005201887 139.045966328 0.99609375
v 146.9055666 335.372559452 141.299513985 0.99609375
v 146.759046327 335.592975234 138.543562335 0.99609375
v 146.797120998 335.515771122 141.370636137 0.99609375
v 146.947779292 335.729054732 138.653223565 0.99609375
v 146.534949608 335.723944136 141.974195823 0.99609375
v 146.994527935 336.168834067 139.094599309 0.99609375
v 146.570249146 336.1722479 141.926765428 0.99609375
v 146.696818162 336.574870202 139.482700408 0.99609375
v 146.722310928 336.675120326 141.124745087 0.99609375
v 146.530745563 336.802839248 138.661911949 0.99609375
v 146.898941693 336.487501376 141.340895606 0.99609375
v 146.777022034 336.988897064 139.211664652 0.99609375
v 146.456552004 336.743757173 141.369933474 0.99609375
v 146.83776282 337.336870547 138.751380038 0.99609375
v 146.753840573 337.007807227 141.011015344 0.99609375
v 146.692380989 337.633670676 139.495271401 0.99609375
v 147.007261376 337.525409095 141.035022472 0.99609375
v 146.565134024 337.562950166 139.488200923 0.99609375
v 146.720483499 337.989822947 141.852073175 0.99609375
v 146.71659416 337.86594561 138.859141247 0.99609375
v 146.681052874 338.030125571 141.514047645 0.99609375
v 146.680580294 338.277394281 139.031976483 0.99609375
v 146.880135613 338.321109985 141.651612971 0.99609375
v 146.583657737 338.788648209 139.445406733 0.99609375
v 146.572371462 338.488830932 141.83012987 0.99609375
v 146.669540415 339.139103689 138.645167307 0.99609375
v 146.904254016 338.751623768 141.123189375 0.99609375
v 146.906326834 339.196922317 139.353833199 0.99609375
v 146.553922251 339.111900123 141.632799705 0.99609375
v 146.862831715 339.302202931 139.15575679 0.99609375
v 146.884415464 339.705321711 141.579661603 0.99609375
v 146.654921811 339.923656513 139.123711646 0.99609375
v 146.788614389 339.664426578 141.609858584 0.99609375
v 146.937355747 340.399847141 139.510523907 0.99609375
v 146.838010266 340.442953721 141.025246155 0.99609375
v 146.981302092 340.564511272 139.780663591 0.99609375
v 146.637877566 340.722140529 141.388097519 0.99609375
v 146.710694499 340.643483007 139.185776717 0.99609375
v 146.799058994 340.717226614 141.223347695 0.99609375
v 146.723142405 341.07624125 139.803253399 0.99609375
v 146.472173552 340.859934793 141.10319206 0.99609375
v 146.502977665 341.495407226 139.321908957 0.99609375
v 146.662324076 341.356610773 141.472774419 0.99609375
v 146.476542197 341.370072131 139.51081703 0.99609375
v 146.698592298 341.532908531 141.038187712 0.99609375
v 146.53602565 341.798972961 139.606389366 0.99609375
v 146.689202975 341.621291505 140.537760353 0.99609375
v 146.528226235 342.356054861 139.461347974 0.99609375
v 146.583890946 342.103726931 141.425288519 0.99609375
v 146.48091322 342.685474554 139.218939189 0.99609375
v 146.927034596 342.31554182 141.215970737 0.99609375
v 146.453679644 343.00078059 139.596691913 0.99609375
v 146.7301812 343.01357308 141.042180625 0.99609375
v 146.554504313 343.358198718 139.916603792 0.99609375
v 146.716888505 343.164852992 141.048232744 0.99609375
v 146.595865805 343.27368532 139.080653908 0.99609375
v 146.457942681 343.400809496 140.839974263 0.99609375
v 146.607482048 343.618459042 139.799247436 0.99609375
v 146.659318119 343.671381687 141.276617035 0.99609375
v 146.716319279 344.21617325 139.578919851 0.99609375
v 146.889355938 343.702661051 140.882028252 0.99609375
v 146.772423732 344.466497751 139.811750217 0.99609375
v 146.905075397 344.141926815 141.374013996 0.99609375
v 146.782420635 344.770183139 139.733652258 0.99609375
v 146.51139898 344.548364029 140.970754826 0.99609375
v 146.691188736 344.786010764 139.590539335 0.99609375
v 146.901892582 344.823406981 140.667022248 0.99609375
v 146.798707824 345.22276516 140.304332301 0.99609375
v 146.890171939 345.468443161 140.071792174 0.99609375
v 146.999364097 345.9016498 140.448982796 0.99609375
v 146.919860906 346.008382461 139.567947147 0.99609375
v 146.997824668 326.898152793 136.420545883 0.99609375
v 146.823210274 327.063610268 137.064078879 0.99609375
v 147.200223899 327.128020305 137.112851748 0.99609375
v 147.297717619 327.183942814 138.67510345 0.99609375
v 147.129677275 327.93988844 136.890726634 0.99609375
v 146.748768247 327.656405625 141.143243588 0.99609375
v 147.162908304 328.23328037 136.866905522 0.99609375
v 146.929125885 327.782394395 141.833262342 0.99609375
v 147.256478773 328.482717761 137.007410935 0.99609375
v 147.145429115 328.159630613 142.318904538 0.99609375
v 146.972161627 328.341332157 136.514575116 0.99609375
v 146.802355194 328.562786534 142.328015587 0.99609375
v 146.772585026 328.81693187 136.862359205 0.99609375
v 147.15238664 328.942751535 141.886187779 0.99609375
v 146.912476675 329.280081793 136.562231611 0.99609375
v 147.042939377 328.967400923 142.422101463 0.99609375
v 146.948827976 329.634092048 137.753174737 0.99609375
v 147.074780653 329.380423446 142.21987683 0.99609375
v 147.028278556 329.510527069 137.838188358 0.99609375
v 147.246720463 329.91405075 142.362694495 0.99609375
v 147.102145074 329.875917925 137.803069121 0.99609375
v 146.755073164 329.986596368 141.604370309 0.99609375
v 146.881479497 330.076244449 137.075561125 0.99609375
v 146.921795964 330.311988477 141.558277169 0.99609375
v 146.910440229 330.848750938 137.119616685 0.99609375
v 146.843852163 330.462386507 142.364007482 0.99609375
v 146.954866531 330.605430836 137.150947827 0.99609375
v 146.860771082 330.845577358 142.314875149 0.99609375
v 147.287297546 330.97353749 137.077461781 0.99609375
v 147.24226665 330.971961339 142.243892689 0.99609375
v 146.974593808 331.51647843 137.647044435 0.99609375
v 147.00248477 331.695897258 141.866746412 0.99609375
v 146.926896164 331.938207687 137.911088091 0.99609375
v 147.216242999 331.685057911 142.014714918 0.99609375
v 147.316496318 331.816366915 137.876010923 0.99609375
v 147.193029329 332.223027664 142.385107353 0.99609375
v 146.784910625 332.241886207 137.043508331 0.99609375
v 146.777456082 332.604601389 142.359959516 0.99609375
v 146.865638139 332.652950746 137.538779077 0.99609375
v 146.988935362 332.901537102 142.31173952 0.99609375
v 147.069883028 332.801763357 137.718043187 0.99609375
v 147.210559734 333.038694147 142.45249547 0.99609375
v 147.093806745 332.938666076 138.199819463 0.99609375
v 147.25686295 333.27399467 142.360151774 0.99609375
v 146.98620374 333.392824287 138.093808695 0.99609375
v 147.106387001 333.337550237 142.199854096 0.99609375
v 146.857157129 334.029921504 138.490962869 0.99609375
v 147.054843064 334.037175024 141.883795344 0.99609375
v 146.994808785 333.796662499 138.095160397 0.99609375
v 146.93032072 334.305969039 142.158238955 0.99609375
v 147.239449003 334.367089914 138.238878467 0.99609375
v 146.832286515 334.144235323 141.828146705 0.99609375
v 146.781033323 334.860789668 138.536905416 0.99609375
v 146.818665512 334.77817777 141.699707 0.99609375
v 147.146219068 334.893588088 138.619148336 0.99609375
v 147.083849372 335.090080695 141.004305187 0.99609375
v 146.78459822 335.118499827 138.039216304 0.99609375
v 146.943824914 335.434456463 141.809722428 0.99609375
v 147.131117555 335.337596371 138.997278088 0.99609375
v 147.081543623 335.485343458 141.269610301 0.99609375
v 146.948181103 335.597481839 138.408891398 0.99609375
v 147.018833193 335.770654411 141.289287746 0.99609375
v 146.941288938 336.394570388 138.991874647 0.99609375
v 147.096946942 335.864121499 141.385427783 0.99609375
v 146.763174042 336.272179401 138.507038726 0.99609375
v 147.160348559 336.432825914 141.691217321 0.99609375
v 146.914762244 336.482883829 138.165860813 0.99609375
v 146.967880337 336.580587799 141.789056903 0.99609375
v 147.172661976 337.119673537 138.50797807 0.99609375
v 147.080669412 336.83396423 141.001061356 0.99609375
v 147.160387319 337.215872174 138.452154818 0.99609375
v 146.983650677 337.52822655 141.455656623 0.99609375
v 147.10126532 337.615704224 138.715775632 0.99609375
v 146.741537687 337.59895209 141.666779676 0.99609375
v 147.018880194 337.914176265 138.360564412 0.99609375
v 147.057908645 337.678728311 141.541829369 0.99609375
v 147.238158516 338.077720054 138.236532309 0.99609375
v 147.074908625 338.188377077 141.932025947 0.99609375
v 146.953809032 338.370103389 138.392704118 0.99609375
v 146.929208776 338.336820592 141.778611301 0.99609375
v 146.84931899 338.585455438 138.480693829 0.99609375
v 147.118972773 338.49836115 141.783409042 0.99609375
v 146.975842221 338.808365553 139.46225683 0.99609375
v 146.901757025 339.26957384 141.362357902 0.99609375
v 147.228008632 339.447542997 139.177117549 0.99609375
v 147.245786924 339.08225252 141.284435122 0.99609375
v 146.849211352 339.644430983 138.887824334 0.99609375
v 147.002892538 339.706955559 141.999023153 0.99609375
v 146.881610604 339.825693146 139.174802935 0.99609375
v 146.810043136 340.1646127 141.698315576 0.99609375
v 146.743274694 340.447115823 138.753120161 0.99609375
v 147.190385692 340.100356123 141.187486858 0.99609375
v 146.886263555 340.52770783 138.992051911 0.99609375
v 147.202764236 340.260425539 141.805911806 0.99609375
v 147.271430511 340.915997604 138.584243974 0.99609375
v 146.915652199 340.753953778 141.943701026 0.99609375
v 146.9297907 341.086166985 139.011851107 0.99609375
v 146.936336036 341.126233047 141.211232151 0.99609375
v 147.319266293 341.265109005 138.944629208 0.99609375
v 146.771758434 341.424793719 141.433448218 0.99609375
v 146.803749134 341.812573719 139.252248164 0.99609375
v 146.947254682 341.33788751 141.926386291 0.99609375
v 147.305211985 341.641588438 139.024334295 0.99609375
v 147.072298668 341.834855935 141.706706765 0.99609375
v 146.863760093 341.986106416 139.392793865 0.99609375
v 146.854949352 342.06167673 141.231062772 0.99609375
v 146.95958503 342.290577608 139.815158836 0.99609375
v 146.899581285 342.202937841 141.672858639 0.99609375
v 146.874758857 342.650984312 139.322841531 0.99609375
v 147.038979063 342.663961887 141.57671641 0.99609375
v 146.895594613 342.799251215 139.382786067 0.99609375
v 146.999758021 343.111708503 141.049393321 0.99609375
v 147.128125056 343.23193666 139.985892233 0.99609375
v 147.071643633 343.256266276 141.420073546 0.99609375
v 147.023236892 343.938543171 139.642251451 0.99609375
v 147.201768949 343.561935057 141.988913379 0.99609375
v 147.239143401 344.144733637 139.426343005 0.99609375
v 147.060989084 343.842041461 141.772076514 0.99609375
v 147.029917994 344.164144945 139.162327897 0.99609375
v 147.276445765 344.450951686 141.281859609 0.99609375
v 147.222324883 344.599632918 139.776256272 0.99609375
v 146.941439811 344.331870999 140.712800671 0.99609375
v 146.818299677 344.829501213 139.102633078 0.99609375
v 147.254847087 344.731579894 141.183691188 0.99609375
v 147.15426673 345.317818274 139.031975312 0.99609375
v 147.255864415 345.282311252 140.562923874 0.99609375
v 147.151385118 345.589462438 139.753722311 0.99609375
v 146.784371566 345.489020973 141.43276627 0.99609375
v 147.230870299 345.683500428 139.733196338 0.99609375
v 147.066907464 345.546003235 141.309454418 0.99609375
v 147.294159541 345.784441942 139.623829359 0.99609375
v 146.935759523 345.878783484 141.343771168 0.99609375
v 147.311269677 346.101400816 139.562386646 0.99609375
v 147.249023003 346.03986274 140.515665037 0.99609375
v 147.168669823 346.332384455 139.927079061 0.99609375
v 147.145767197 346.550341232 141.438648811 0.99609375
v 147.181479165 346.743970321 139.755106766 0.99609375
v 147.016422624 346.618956707 141.497412203 0.99609375
v 147.25855867 347.097393258 139.091254985 0.99609375
v 146.800503585 347.330488349 141.479976753 0.99609375
v 146.878843004 347.45428065 139.728905293 0.99609375
v 146.874122467 347.225864782 141.469213499 0.99609375
v 146.91483099 347.67284905 139.212137721 0.99609375
v 147.214776035 347.53746812 141.391474184 0.99609375
v 147.248340561 347.737547355 139.071327075 0.99609375
v 146.762238084 348.09144477 141.297172008 0.99609375
v 146.909649479 348.250085778 139.79660523 0.99609375
v 146.82812832 348.256095819 140.937344306 0.99609375
v 147.113360349 348.316208387 139.526915035 0.99609375
v 147.075005215 348.65126677 140.841068062 0.99609375
v 146.959601749 349.130480562 140.125065388 0.99609375
v 146.835377437 348.725383849 141.260264892 0.99609375
v 146.831220253 349.408006586 140.495913588 0.99609375
v 146.847486191 349.561938742 139.639445215 0.99609375
v 146.942901825 349.654312252 140.495316817 0.99609375
v 147.210307015 350.161725422 140.02768941 0.99609375
v 147.226219673 350.342940057 139.678736746 0.99609375
v 147.22974326 350.812258656 139.582480222 0.99609375
v 147.20225791 351.114500041 139.751792729 0.99609375
v 146.811727553 350.947321099 139.623251774 0.99609375
v 147.335173451 326.854766487 136.214779355 0.99609375
v 147.074054004 327.27209441 137.974604847 0.99609375
v 147.396308904 327.251780563 136.616138124 0.99609375
v 147.289560766 327.200470039 138.887014562 0.99609375
v 147.315292126 327.883824261 136.710655111 0.99609375
v 147.359057905 327.676384799 140.751157504 0.99609375
v 147.213849683 328.170191876 137.171471519 0.99609375
v 147.451414274 328.074177284 142.270119364 0.99609375
v 147.536370825 328.248362096 137.114356976 0.99609375
v 147.289839811 328.065167975 142.25911517 0.99609375
v 147.296871743 328.554246331 137.495850028 0.99609375
v 147.512340277 328.806789184 142.026626157 0.99609375
v 147.524287281 328.915953483 136.956114854 0.99609375
v 147.38148104 328.678429961 142.403442364 0.99609375
v 147.519051534 329.323207668 136.906112348 0.99609375
v 147.318416795 329.32394457 141.849956198 0.99609375
v 147.116274142 329.703828172 137.930433676 0.99609375
v 147.15640605 329.343374045 142.40958478 0.99609375
v 147.343508601 329.811212722 137.65102649 0.99609375
v 147.32545768 329.990728541 142.461086072 0.99609375
v 147.312171896 329.7965322 137.492534228 0.99609375
v 147.480238398 329.93545956 142.234381697 0.99609375
v 147.461974996 330.071851547 137.602095988 0.99609375
v 147.336821521 330.507597003 141.955067959 0.99609375
v 147.59552949 330.691248807 137.377049899 0.99609375
v 147.549842699 330.54165076 141.509825941 0.99609375
v 147.600003147 330.844619885 137.405902002 0.99609375
v 147.357245838 331.122600611 141.827994786 0.99609375
v 147.354778481 331.238353252 137.914192597 0.99609375
v 147.228308777 330.982066607 142.187384958 0.99609375
v 147.397745033 331.285733006 137.129156377 0.99609375
v 147.391284105 331.676827797 141.79299691 0.99609375
v 147.539311384 331.534078116 137.590263527 0.99609375
v 147.197532508 331.627587691 142.34471676 0.99609375
v 147.109237788 331.879669871 137.880695458 0.99609375
v 147.255264108 332.322509555 141.558228714 0.99609375
v 147.065976847 332.134574561 137.88954057 0.99609375
v 147.417968837 332.127648523 142.108224083 0.99609375
v 147.178834766 332.385516679 137.032765624 0.99609375
v 147.271696695 332.664326415 142.347756315 0.99609375
v 147.105488137 333.146978747 137.05579116 0.99609375
v 147.417440466 332.66769303 141.641670055 0.99609375
v 147.249496369 333.1040191 137.301811334 0.99609375
v 147.45957313 333.35568983 141.923900211 0.99609375
v 147.085857857 333.348647882 137.964582978 0.99609375
v 147.413335874 333.252813658 142.27393294 0.99609375
v 147.035929849 333.605411589 138.222119802 0.99609375
v 147.544570325 333.991464655 142.180554195 0.99609375
v 147.564952908 334.101582779 137.551959103 0.99609375
v 147.071802238 333.99071658 142.476539265 0.99609375
v 147.050934324 334.615402118 138.001032206 0.99609375
v 147.31404554 334.599261064 141.942463285 0.99609375
v 147.509284482 334.712566101 137.612471219 0.99609375
v 147.537210833 334.708644783 142.33051924 0.99609375
v 147.106530328 334.823990862 137.734170685 0.99609375
v 147.447514387 335.083536121 141.52512623 0.99609375
v 147.083673556 335.226604104 138.448202763 0.99609375
v 147.472121514 335.050162616 142.169729508 0.99609375
v 147.256104172 335.483218309 138.336052275 0.99609375
v 147.211554479 335.647686973 141.866401258 0.99609375
v 147.469595053 335.91560223 138.773419221 0.99609375
v 147.04353013 335.593203383 141.958938618 0.99609375
v 147.081833951 336.031865188 138.187433249 0.99609375
v 147.10091092 336.255714784 142.4620696 0.99609375
v 147.173182223 336.383489836 138.954427832 0.99609375
v 147.288777915 336.657271573 142.330029836 0.99609375
v 147.451462433 336.70078149 138.412107028 0.99609375
v 147.604324297 336.596679369 141.546924161 0.99609375
v 147.042206546 336.895834835 138.370445092 0.99609375
v 147.552964867 337.171028158 141.669395787 0.99609375
v 147.554388331 337.255882181 138.37852396 0.99609375
v 147.167726277 337.105078866 142.003761373 0.99609375
v 147.550601057 337.53986508 138.467506713 0.99609375
v 147.476030892 337.326650104 141.892942147 0.99609375
v 147.372644787 337.962289838 138.346068257 0.99609375
v 147.458773401 337.75647961 141.90819533 0.99609375
v 147.167859608 338.282296657 138.355539491 0.99609375
v 147.0573061 337.976553343 142.214689809 0.99609375
v 147.55711675 338.368153418 138.215888281 0.99609375
v 147.178318413 338.661076936 141.628293122 0.99609375
v 147.1045349 338.756031461 139.468823728 0.99609375
v 147.171926284 338.645677302 141.768891009 0.99609375
v 147.386943306 338.924717905 138.632744706 0.99609375
v 147.343409445 338.987838882 141.95066182 0.99609375
v 147.25186143 339.312617049 138.676926788 0.99609375
v 147.516729712 339.569026207 141.934200451 0.99609375
v 147.33099045 339.682200353 139.274768138 0.99609375
v 147.599669076 339.65092345 141.023198156 0.99609375
v 147.217281211 339.829915727 139.323561674 0.99609375
v 147.474043497 339.59675208 141.88811581 0.99609375
v 147.189827369 340.090875598 138.918410191 0.99609375
v 147.475633313 339.983927095 141.672352831 0.99609375
v 147.08534911 340.210064262 138.785801135 0.99609375
v 147.145674366 340.504642105 141.857199906 0.99609375
v 147.254095979 340.986778757 138.679081256 0.99609375
v 147.507020469 340.826904142 141.087014647 0.99609375
v 147.560062887 341.182637434 138.704400625 0.99609375
v 147.263411991 341.142945693 141.728225152 0.99609375
v 147.459083335 341.615096135 138.856055518 0.99609375
v 147.150061714 341.5733152 141.95626811 0.99609375
v 147.132315043 341.387204373 139.158551661 0.99609375
v 147.409235659 341.898135766 141.904104091 0.99609375
v 147.031132147 341.890528253 138.650230964 0.99609375
v 147.581336942 342.1265069 141.868143521 0.99609375
v 147.295057751 341.97293004 139.768304541 0.99609375
v 147.109519428 342.338709847 141.388415127 0.99609375
v 147.33391999 342.281023461 139.19545572 0.99609375
v 147.448569993 342.452365142 141.422796223 0.99609375
v 147.396964033 342.533654712 139.109990771 0.99609375
v 147.084366413 343.002451408 141.492837049 0.99609375
v 147.198440569 343.062500785 139.405921428 0.99609375
v 147.133159629 343.359700881 141.295930052 0.99609375
v 147.503490559 343.588740845 139.845273858 0.99609375
v 147.220079788 343.199260589 141.454950974 0.99609375
v 147.135522436 343.812653818 139.618989551 0.99609375
v 147.301891424 343.650243333 141.354302376 0.99609375
v 147.113429236 344.182515135 139.786679852 0.99609375
v 147.288481825 344.20285631 141.94379219 0.99609375
v 147.550048733 344.409519256 139.75904427 0.99609375
v 147.283963818 344.357358836 141.1391388 0.99609375
v 147.107434671 344.460402435 139.974967335 0.99609375
v 147.317968258 344.304670559 141.993099875 0.99609375
v 147.141264142 344.645769455 139.374055748 0.99609375
v 147.392109368 344.837953765 141.459516433 0.99609375
v 147.529789788 344.886309381 139.429741892 0.99609375
v 147.222620224 345.316993125 141.989066219 0.99609375
v 147.031584542 345.104157718 139.87490871 0.99609375
v 147.17287197 345.426258677 141.107508957 0.99609375
v 147.605504427 345.667185334 139.532227679 0.99609375
v 147.52904225 345.835340643 141.274670899 0.99609375
v 147.536916468 346.203577845 139.630793054 0.99609375
v 147.17420195 345.870410974 141.737841131 0.99609375
v 147.11619116 346.049024019 139.743151123 0.99609375
v 147.105654059 346.06008918 141.490396707 0.99609375
v 147.231637839 346.751428798 139.827988538 0.99609375
v 147.097330521 346.45686179 141.865237281 0.99609375
v 147.501748385 347.107066386 139.277593384 0.99609375
v 147.322340757 346.724136081 141.70721162 0.99609375
v 147.127386489 346.913088243 139.439437177 0.99609375
v 147.196453271 346.967575254 141.075368707 0.99609375
v 147.441031509 347.685652312 139.317311301 0.99609375
v 147.458207515 347.39620121 140.810910913 0.99609375
v 147.362209144 347.997105945 139.388821609 0.99609375
v 147.277097062 347.482193549 140.629490791 0.99609375
v 147.410173643 348.048272679 139.18654239 0.99609375
v 147.089616655 348.174563419 140.758948685 0.99609375
v 147.369047583 348.346202842 139.609122374 0.99609375
v 147.154737856 348.129567242 141.42382568 0.99609375
v 147.215465776 348.456758649 139.047505126 0.99609375
v 147.48254928 348.310349996 141.02687728 0.99609375
v 147.384797705 348.846248928 139.916017637 0.99609375
v 147.080924014 349.105580194 141.047113046 0.99609375
v 147.491270525 348.933023156 139.387382175 0.99609375
v 147.088640271 349.318160902 141.226356075 0.99609375
v 147.570803474 349.401819897 139.073082773 0.99609375
v 147.210773005 349.738865558 140.843824214 0.99609375
v 147.235130909 349.886651984 139.888957754 0.99609375
v 147.393134489 349.778486741 141.425369168 0.99609375
v 147.233615901 350.220349689 139.334717943 0.99609375
v 147.244522836 349.917866605 141.318624584 0.99609375
v 147.354303292 350.59470247 139.476088165 0.99609375
v 147.164610597 350.416811195 141.424231048 0.99609375
v 147.2879638 350.420808659 139.529915457 0.99609375
v 147.258769382 350.548948001 140.654950252 0.99609375
v 147.436556984 351.186280999 139.447063971 0.99609375
v 147.172308998 350.978382007 140.661203184 0.99609375
v 147.504548475 351.012406972 140.496937734 0.99609375
v 147.469247162 351.285078224 140.656410857 0.99609375
v 147.112945549 351.509741806 141.034553869 0.99609375
v 147.602826074 327.091938915 136.73304648 0.99609375
v 147.756112058 327.192858225 137.600201664 0.99609375
v 147.702728458 327.536257491 137.431837731 0.99609375
v 147.807657831 327.14384592 139.417527026 0.99609375
v 147.748453159 327.838865655 137.277512161 0.99609375
v 147.438380748 327.543117157 141.143432543 0.99609375
v 147.723939382 327.87056727 137.296469484 0.99609375
v 147.328058592 327.931934905 142.08943453 0.99609375
v 147.766608476 328.238437607 136.675162042 0.99609375
v 147.761690192 328.476819214 142.433759896 0.99609375
v 147.326657404 328.583984826 136.513359279 0.99609375
v 147.603464165 328.326281633 142.650391921 0.99609375
v 147.620802038 328.714621873 136.590623714 0.99609375
v 147.431316286 328.609032941 142.390908525 0.99609375
v 147.630407043 329.078495704 137.10363733 0.99609375
v 147.725294844 328.945767982 142.163518966 0.99609375
v 147.625893539 329.256099686 137.823140063 0.99609375
v 147.330751666 329.154894029 142.137943459 0.99609375
v 147.390390842 329.692900269 137.087532578 0.99609375
v 147.825315203 329.8159318 142.728228388 0.99609375
v 147.331913087 329.918694978 137.884816792 0.99609375
v 147.82382803 329.920286872 142.582812661 0.99609375
v 147.826585599 330.073467532 137.898993816 0.99609375
v 147.819912912 330.347843368 142.504343632 0.99609375
v 147.798777502 330.664591037 137.584063073 0.99609375
v 147.484268148 330.740841694 142.327671949 0.99609375
v 147.698068579 330.933646598 137.792621066 0.99609375
v 147.468674905 330.740141235 142.347973162 0.99609375
v 147.650688856 331.373530179 137.466446493 0.99609375
v 147.862353902 330.904514824 142.418079155 0.99609375
v 147.445506814 331.378296449 137.494379989 0.99609375
v 147.591300856 331.744566658 142.125464668 0.99609375
v 147.396308331 331.68823152 137.708890272 0.99609375
v 147.863931613 331.800667252 142.180841497 0.99609375
v 147.700936681 332.205150898 137.248657182 0.99609375
v 147.827904226 331.87766051 141.623696115 0.99609375
v 147.383289233 332.115184109 137.397206187 0.99609375
v 147.892370288 332.217393338 141.726698902 0.99609375
v 147.813560265 332.822263054 137.979288994 0.99609375
v 147.681268125 332.344761004 141.923127479 0.99609375
v 147.553413267 333.006953326 137.044662398 0.99609375
v 147.586898962 332.650147063 142.426306363 0.99609375
v 147.696852731 333.152322615 137.954735416 0.99609375
v 147.879647262 333.121041668 142.489592989 0.99609375
v 147.776065135 333.706704774 138.104248437 0.99609375
v 147.528056723 333.531434913 141.503855222 0.99609375
v 147.739577922 333.751365366 138.256910625 0.99609375
v 147.879584763 333.518776517 142.430441931 0.99609375
v 147.52927112 334.100020667 137.750396748 0.99609375
v 147.422328766 334.18686435 142.299276379 0.99609375
v 147.359901728 334.300708159 138.493071137 0.99609375
v 147.48010158 334.443652221 142.202870519 0.99609375
v 147.642163629 334.450115756 138.202225387 0.99609375
v 147.724560647 334.425442879 141.728059012 0.99609375
v 147.532642009 335.058669371 137.527565839 0.99609375
v 147.819027013 335.201413975 142.382422435 0.99609375
v 147.40565182 335.053396974 137.581598139 0.99609375
v 147.650709966 335.095325116 142.237484652 0.99609375
v 147.508691892 335.419215461 138.070200834 0.99609375
v 147.33837797 335.815259737 142.365824549 0.99609375
v 147.790647693 335.875536131 138.077440543 0.99609375
v 147.396190848 335.548703784 142.245710099 0.99609375
v 147.888544346 336.304022669 138.817022408 0.99609375
v 147.481729966 335.919840545 141.565203987 0.99609375
v 147.76864746 336.684453405 138.204508155 0.99609375
v 147.737469123 336.592647916 141.97191573 0.99609375
v 147.699842556 336.92352469 138.164711418 0.99609375
v 147.706843139 336.494770107 142.217213889 0.99609375
v 147.332918547 336.75345159 138.380001736 0.99609375
v 147.664008734 336.879338216 142.214238275 0.99609375
v 147.601993438 337.320739843 138.669204807 0.99609375
v 147.519110639 337.455131113 141.734087561 0.99609375
v 147.815140169 337.645168015 138.735751584 0.99609375
v 147.658725458 337.824091679 142.365176552 0.99609375
v 147.382693014 338.015236888 138.829357008 0.99609375
v 147.327152278 338.069747905 142.416594836 0.99609375
v 147.380211598 337.853072948 138.20299285 0.99609375
v 147.485937734 338.390642347 141.858170969 0.99609375
v 147.395296627 338.588530341 138.847101875 0.99609375
v 147.481823322 338.298800813 142.11391169 0.99609375
v 147.335177077 338.591909756 139.190200307 0.99609375
v 147.69372 338.639994411 142.498588066 0.99609375
v 147.674368969 338.900061173 138.806086524 0.99609375
v 147.707067074 338.747796849 142.098436584 0.99609375
v 147.369552079 339.229209757 139.222769545 0.99609375
v 147.828666308 339.353051735 146.902382249 0.99609375
v 147.345630654 339.540854338 138.810604889 0.99609375
v 147.453259732 339.612278293 147.326844639 0.99609375
v 147.819497863 340.128932486 139.004475566 0.99609375
v 147.438667489 340.035404278 147.943379535 0.99609375
v 147.792693052 340.412118022 138.882545899 0.99609375
v 147.477392939 340.363522422 147.241580838 0.99609375
v 147.549759162 340.329023384 138.918332325 0.99609375
v 147.710487585 340.570573568 147.675449759 0.99609375
v 147.518198297 340.779663874 139.219929528 0.99609375
v 147.539139817 340.498635428 147.479445424 0.99609375
v 147.426544906 341.094693708 139.34104332 0.99609375
v 147.408191121 341.149825577 147.122392297 0.99609375
v 147.583996844 341.311693782 138.763542584 0.99609375
v 147.531999115 341.472485327 147.689409557 0.99609375
v 147.740033761 341.809745171 138.696644006 0.99609375
v 147.483211642 341.869316473 147.908255181 0.99609375
v 147.83660873 341.952544392 139.337094308 0.99609375
v 147.897836208 342.11024701 147.817616603 0.99609375
v 147.441649259 342.104571403 139.014735376 0.99609375
v 147.506356601 342.340447041 147.048008024 0.99609375
v 147.323416009 342.558048896 139.76755622 0.99609375
v 147.547507 342.357921488 147.618204726 0.99609375
v 147.353493564 342.961559085 139.029451729 0.99609375
v 147.440465816 342.924366014 147.112251865 0.99609375
v 147.547469784 342.854151197 139.807635472 0.99609375
v 147.80851667 342.804549549 147.997293374 0.99609375
v 147.622075653 343.128954728 139.446682686 0.99609375
v 147.767807074 343.256863887 147.799385012 0.99609375
v 147.647923252 343.781430587 139.666215125 0.99609375
v 147.384192805 343.5403225 147.473466157 0.99609375
v 147.382069633 344.156596918 139.351246816 0.99609375
v 147.43425482 344.190316023 147.735877844 0.99609375
v 147.494810231 344.174917343 139.920049757 0.99609375
v 147.452205646 344.241875671 147.05006014 0.99609375
v 147.437343724 344.251505103 139.876653187 0.99609375
v 147.443239725 344.545132012 147.15815355 0.99609375
v 147.456047886 344.719483368 139.249311713 0.99609375
v 147.531964172 344.702892656 147.716926607 0.99609375
v 147.790722939 345.016401766 139.924479687 0.99609375
v 147.542943522 345.291513359 147.463129847 0.99609375
v 147.4564712 345.14062881 139.306951478 0.99609375
v 147.549906915 345.185891265 147.15100481 0.99609375
v 147.466971088 345.643273105 139.588253416 0.99609375
v 147.788119572 345.667763899 147.947489525 0.99609375
v 147.434396569 345.925954148 139.153594767 0.99609375
v 147.356133503 346.132865438 147.486005676 0.99609375
v 147.351753624 346.389706117 139.06753342 0.99609375
v 147.33958868 346.51715327 147.219554537 0.99609375
v 147.746289306 346.530066461 139.525721076 0.99609375
v 147.63262269 346.504023675 147.349199391 0.99609375
v 147.457499642 346.634510655 139.612406244 0.99609375
v 147.875677158 346.561591096 147.537801268 0.99609375
v 147.725157772 347.073535643 139.252906573 0.99609375
v 147.510152894 347.15763374 147.490865802 0.99609375
v 147.411396701 347.510182545 139.419451477 0.99609375
v 147.859349947 347.259355446 147.522790483 0.99609375
v 147.337493531 347.49927154 139.147893146 0.99609375
v 147.682177838 347.510340445 147.232283603 0.99609375
v 147.459042698 347.727722948 139.199211746 0.99609375
v 147.879734332 347.712364363 147.092627454 0.99609375
v 147.677247334 348.302986058 139.530625062 0.99609375
v 147.534401079 348.142528131 147.123184692 0.99609375
v 147.414780938 348.744623092 139.123953855 0.99609375
v 147.47445667 348.701754651 147.713024735 0.99609375
v 147.484974702 348.971516641 139.644597989 0.99609375
v 147.478682919 348.737099446 147.905321759 0.99609375
v 147.460984994 349.130841019 139.62831467 0.99609375
v 147.781671641 349.440319764 147.60480085 0.99609375
v 147.505161013 349.259592596 139.548354713 0.99609375
v 147.544976623 349.352452528 147.405988466 0.99609375
v 147.499199196 349.481987315 139.691150417 0.99609375
v 147.791483231 349.954186015 147.415818184 0.99609375
v 147.864815698 350.066026121 139.046615423 0.99609375
v 147.573050746 349.782093437 147.501097852 0.99609375
v 147.640431879 350.256345162 139.403670083 0.99609375
v 147.606912394 350.561274972 147.124964698 0.99609375
v 147.555729904 350.698143585 139.782217175 0.99609375
v 147.464176485 350.506237091 147.811823679 0.99609375
v 147.490450332 350.936016064 139.938680988 0.99609375
v 147.838537586 350.88718203 147.964712399 0.99609375
v 147.776742601 351.475456374 139.860608092 0.99609375
v 147.440005909 351.130940336 147.731750938 0.99609375
v 147.582694022 351.458199209 141.099502273 0.99609375
v 147.535290329 351.648189368 147.808461158 0.99609375
v 147.806920446 327.340631235 136.824320981 0.99609375
v 148.123333977 327.260040085 137.742495757 0.99609375
v 147.762652227 327.527230475 136.687557441 0.99609375
v 147.945211412 327.456582197 139.267269428 0.99609375
v 148.126046887 327.973684332 137.439194498 0.99609375
v 147.703333622 327.916421863 140.95261929 0.99609375
v 147.98457707 328.049048578 136.933373768 0.99609375
v 147.856927702 328.088207343 142.992132535 0.99609375
v 147.782520002 328.441228343 137.026533261 0.99609375
v 147.844616765 328.480145462 143.260272426 0.99609375
v 147.851906741 328.302072581 137.052195027 0.99609375
v 147.886511108 328.28888103 142.682200207 0.99609375
v 147.802830012 328.571211636 137.106147661 0.99609375
v 147.781980151 328.734143065 142.770939303 0.99609375
v 147.928244167 328.879416394 136.911522883 0.99609375
v 147.749832092 328.975023291 143.250332606 0.99609375
v 147.869784541 329.397470233 137.210314835 0.99609375
v 147.979320355 329.53831626 142.901819172 0.99609375
v 148.009849896 329.765760186 137.051666784 0.99609375
v 148.172666128 329.750868488 142.228255913 0.99609375
v 148.147694576 329.85177162 137.756547984 0.99609375
v 147.944003449 330.047282266 142.045484337 0.99609375
v 148.073877515 330.090225674 137.512155893 0.99609375
v 147.718970196 330.159746914 142.522296877 0.99609375
v 147.849299897 330.687094629 137.736647988 0.99609375
v 148.163916067 330.829630484 142.538113865 0.99609375
v 147.616074057 330.956339927 137.440001129 0.99609375
v 147.880193583 330.624878306 142.919520834 0.99609375
v 148.053643792 331.281652713 137.070600752 0.99609375
v 147.849557723 331.163652097 142.889231418 0.99609375
v 147.946617096 331.353830007 137.709933111 0.99609375
v 148.037075601 331.424331345 142.015526517 0.99609375
v 147.708903296 331.558639629 137.361145006 0.99609375
v 147.849903234 331.546334019 142.915461106 0.99609375
v 148.09881404 331.947800165 137.897155363 0.99609375
v 147.960068009 331.94346528 142.449042627 0.99609375
v 148.097797412 332.518390602 137.644297543 0.99609375
v 148.10633411 332.151439653 142.705232127 0.99609375
v 147.815610558 332.57212401 137.876791497 0.99609375
v 147.819032364 332.747358019 142.186456665 0.99609375
v 148.025568446 332.681060051 137.982864387 0.99609375
v 148.174954871 332.688905761 142.450456604 0.99609375
v 148.110174923 333.07543223 137.934760159 0.99609375
v 147.897085172 333.292460033 142.311999402 0.99609375
v 147.927874925 333.690740442 137.217312988 0.99609375
v 148.073147394 333.782389599 142.865488332 0.99609375
v 148.098454424 333.800576784 137.972352974 0.99609375
v 147.687656116 333.804285373 142.535214473 0.99609375
v 147.830283149 334.245479422 138.142884962 0.99609375
v 147.815378914 333.930304513 142.109210096 0.99609375
v 148.153165666 334.415746094 137.726097428 0.99609375
v 147.902970049 334.307434567 142.901628426 0.99609375
v 148.035927741 334.913926813 138.316155596 0.99609375
v 147.636490442 334.585944726 142.630039745 0.99609375
v 148.007005818 335.112959527 137.860297649 0.99609375
v 148.143360358 334.994697595 142.596946985 0.99609375
v 148.00383209 335.426402336 137.911611367 0.99609375
v 148.128070936 335.09337662 142.18553822 0.99609375
v 147.918630498 335.468091758 138.304835497 0.99609375
v 147.788679721 335.424932067 142.252734235 0.99609375
v 147.755597414 335.547842799 138.978860729 0.99609375
v 147.673781407 335.715251725 141.785994658 0.99609375
v 147.771726773 335.928075833 138.732945708 0.99609375
v 147.729349428 335.833328943 141.648144783 0.99609375
v 148.112789957 336.180278231 138.013869828 0.99609375
v 147.673910626 336.51453214 141.801950052 0.99609375
v 148.020473187 336.710008946 138.193600841 0.99609375
v 147.70561534 336.430954959 142.074904166 0.99609375
v 147.772586608 336.72068282 138.588943645 0.99609375
v 148.088103463 336.987541544 142.105515744 0.99609375
v 148.016504043 337.544216556 138.515629829 0.99609375
v 148.032138687 337.244858154 142.355510789 0.99609375
v 147.654025496 337.778321245 138.813992735 0.99609375
v 148.14165555 337.351972729 142.333772826 0.99609375
v 147.864658388 338.058522913 138.628612703 0.99609375
v 148.014770062 337.769041991 142.075887744 0.99609375
v 148.045060844 338.308533048 139.164207534 0.99609375
v 147.621890612 338.250913748 146.317370413 0.99609375
v 148.078403594 338.406510816 139.181067257 0.99609375
v 147.905674775 338.158436591 146.285300215 0.99609375
v 147.747791178 338.498566859 138.791199087 0.99609375
v 147.694384277 338.698573396 147.193202024 0.99609375
v 148.152845438 338.94854559 139.22944233 0.99609375
v 147.786918238 338.828877837 147.311412122 0.99609375
v 147.727210262 339.274529402 139.3895667 0.99609375
v 147.828478311 339.269921383 147.338780783 0.99609375
v 148.124042361 339.313375178 138.884885248 0.99609375
v 148.149553967 339.722380007 147.247650748 0.99609375
v 147.847721781 339.789814685 138.670501905 0.99609375
v 148.188057031 339.686771835 147.364506358 0.99609375
v 148.099796783 340.252002031 138.893892398 0.99609375
v 148.138320852 340.015271236 147.650564874 0.99609375
v 147.846854008 340.621932188 138.514350091 0.99609375
v 147.6350715 340.6889464 147.985199963 0.99609375
v 147.864655306 340.986685613 139.092831198 0.99609375
v 148.138063899 340.879978997 147.690182642 0.99609375
v 147.772443944 341.265790993 139.449396838 0.99609375
v 147.815236697 341.057718431 148.01515602 0.99609375
v 148.173517846 341.612945713 139.449869077 0.99609375
v 147.872765051 341.512753255 148.2713736 0.99609375
v 147.95809032 341.605488388 139.013998533 0.99609375
v 147.701676312 341.434237968 147.800114073 0.99609375
v 147.692802129 341.988873617 139.461716586 0.99609375
v 148.00125043 342.148943184 147.643610653 0.99609375
v 147.958458877 341.944805729 139.53119065 0.99609375
v 147.782898152 342.341364236 147.707984536 0.99609375
v 147.632248817 342.57448321 139.770492365 0.99609375
v 147.776998825 342.731481405 148.431621571 0.99609375
v 147.897508573 342.679694123 139.91078758 0.99609375
v 147.863531353 343.050387375 148.170299619 0.99609375
v 147.745462757 343.141760727 139.191684931 0.99609375
v 147.739611489 343.14975711 148.058071606 0.99609375
v 147.8113323 343.633428619 139.051093949 0.99609375
v 148.011440253 343.146618045 148.417556396 0.99609375
v 148.033231787 343.546691266 139.768455089 0.99609375
v 148.033696774 343.710790827 147.567230827 0.99609375
v 147.814440102 343.702156278 139.259324894 0.99609375
v 147.722552511 344.05186224 147.876293672 0.99609375
v 147.788236092 344.46256546 139.945578155 0.99609375
v 148.187101615 344.312113431 147.916520132 0.99609375
v 147.832799483 344.605842351 139.178710758 0.99609375
v 147.774021287 344.230100169 147.840188016 0.99609375
v 147.808462744 345.031548897 139.413593019 0.99609375
v 148.178565013 344.66403133 147.641894621 0.99609375
v 147.943357796 345.235167108 139.23668931 0.99609375
v 147.862986208 345.086009569 147.677215502 0.99609375
v 147.897149884 345.317982742 139.401283774 0.99609375
v 148.005055723 345.647751038 147.62668387 0.99609375
v 147.673142753 345.84776464 139.186511268 0.99609375
v 147.867482486 345.747701328 148.248725836 0.99609375
v 147.69385055 345.820531292 139.056018433 0.99609375
v 147.873170735 345.965835914 147.792887314 0.99609375
v 147.928031048 346.487077223 139.282734077 0.99609375
v 147.971121703 346.500838574 147.847752114 0.99609375
v 147.703354116 346.742197849 139.739750323 0.99609375
v 148.050054352 346.447395195 148.396264694 0.99609375
v 147.705538205 347.081175399 139.675413911 0.99609375
v 147.879793995 346.9001087 148.497269252 0.99609375
v 147.744719991 347.341418819 139.588602954 0.99609375
v 147.642080313 346.986949608 147.603472785 0.99609375
v 147.755793556 347.327747663 139.178905626 0.99609375
v 147.836671693 347.176138224 147.613798431 0.99609375
v 147.645054134 347.79892628 139.945540275 0.99609375
v 147.772388491 347.551565744 148.235166853 0.99609375
v 147.93086992 347.908061312 139.687905895 0.99609375
v 148.168989121 347.723875741 147.547160271 0.99609375
v 148.090770035 348.453297881 139.462345329 0.99609375
v 147.818227271 348.269038839 148.3831182 0.99609375
v 147.625654354 348.469499223 139.672949728 0.99609375
v 148.043524564 348.40023676 148.245067665 0.99609375
v 148.014873235 348.827296752 139.028398437 0.99609375
v 148.037715884 348.771295767 148.248853194 0.99609375
v 147.752967663 349.275100104 139.777727507 0.99609375
v 147.679462768 349.270573609 148.243090403 0.99609375
v 147.919421171 349.165777924 139.410366294 0.99609375
v 147.877474766 349.385269648 147.610193722 0.99609375
v 148.022380689 349.952322005 139.292783042 0.99609375
v 147.778729853 349.482696608 147.550422491 0.99609375
v 147.744673325 349.90431121 139.735392831 0.99609375
v 148.023549394 350.019339608 148.398637294 0.99609375
v 148.069331267 350.609008918 139.472965386 0.99609375
v 148.125297898 350.149285583 147.789436818 0.99609375
v 148.15524816 350.470807436 139.006551262 0.99609375
v 148.116762398 350.778736872 148.466526615 0.99609375
v 147.636001781 350.739517698 139.398608695 0.99609375
v 147.771634427 350.746012823 148.278253473 0.99609375
v 147.800440932 350.918725067 139.794765351 0.99609375
v 148.109856788 351.429900008 147.749836571 0.99609375
v 147.641115037 351.323798485 140.642707992 0.99609375
v 147.963596709 351.744790136 147.58842352 0.99609375
v 147.736493203 351.630144679 146.924581753 0.99609375
v 147.966572921 352.036713458 148.466885803 0.99609375
v 147.800011815 352.089617301 147.037893919 0.99609375
v 148.169938292 352.058279912 147.678774754 0.99609375
v 147.746966506 352.460207732 147.395102318 0.99609375
v 147.982987293 352.402347721 148.42168065 0.99609375
v 148.182652256 352.788851029 146.924647951 0.99609375
v 147.889861856 352.822050148 147.852589428 0.99609375
v 148.058144192 352.909966061 147.081354324 0.99609375
v 148.12277165 352.694189438 148.103204421 0.99609375
v 147.671013377 352.976537618 147.070840532 0.99609375
v 147.86829892 352.948669651 148.420016108 0.99609375
v 147.785170415 353.767246821 147.605691736 0.99609375
v 147.934457162 353.613797939 147.88698968 0.99609375
v 148.170705815 326.98595378 136.735947588 0.99609375
v 148.448648875 327.204799535 137.970475885 0.99609375
v 148.13153417 327.225759119 136.556565042 0.99609375
v 147.935831479 327.396194624 139.138779014 0.99609375
v 148.069309133 327.889427605 136.673585663 0.99609375
v 148.347119846 327.412122131 141.233380065 0.99609375
v 147.957221372 328.062461608 137.341133079 0.99609375
v 148.371075119 328.25959594 142.733341383 0.99609375
v 148.326846707 328.191582508 137.082342926 0.99609375
v 148.146207422 328.479178957 144.857492147 0.99609375
v 148.292770492 328.486063675 136.92280189 0.99609375
v 148.028708016 328.805117669 144.595535099 0.99609375
v 148.425838954 328.710746286 136.636946692 0.99609375
v 148.146867355 328.771383414 144.226692728 0.99609375
v 147.989201006 328.903138513 136.864435005 0.99609375
v 148.271142075 329.033133299 143.616378038 0.99609375
v 147.906621258 329.218156661 137.31859352 0.99609375
v 148.35786776 329.423207367 143.663063439 0.99609375
v 148.195246071 329.84159661 137.25515634 0.99609375
v 148.247782067 329.934836916 143.44930395 0.99609375
v 148.138719895 329.767440598 137.076531118 0.99609375
v 148.412648267 330.272879384 143.283735613 0.99609375
v 148.293560155 330.36486175 137.91190344 0.99609375
v 148.426191946 330.41666214 142.72358038 0.99609375
v 148.136370286 330.622956028 137.039312988 0.99609375
v 148.413470625 330.843195866 142.5709712 0.99609375
v 148.061767996 330.607483556 137.150262529 0.99609375
v 147.934555428 330.793888553 142.903823882 0.99609375
v 148.351655856 331.133531398 137.515666474 0.99609375
v 148.413049582 331.19596513 143.47373574 0.99609375
v 148.330996335 331.515569234 137.303055868 0.99609375
v 148.214026615 331.740633958 143.449092668 0.99609375
v 148.051325413 331.681061185 137.327122545 0.99609375
v 148.332175893 331.919342589 143.39299658 0.99609375
v 148.17801011 331.786286561 137.418002184 0.99609375
v 148.051541256 331.878942879 143.319603863 0.99609375
v 147.993074198 332.204593451 137.874668987 0.99609375
v 148.304061671 332.514734242 143.365385059 0.99609375
v 148.126348406 332.720889256 137.081670794 0.99609375
v 148.095706078 332.544776245 142.516459551 0.99609375
v 148.334533984 332.762242808 137.868376271 0.99609375
v 148.440752087 333.061155989 142.825695874 0.99609375
v 148.049807544 332.931350919 137.800628392 0.99609375
v 148.06648754 333.399411912 143.381656876 0.99609375
v 148.269162017 333.242026704 137.982111426 0.99609375
v 148.109549227 333.564201445 143.170253847 0.99609375
v 148.205034082 333.603726707 137.508261097 0.99609375
v 148.239996606 333.702768092 142.577397314 0.99609375
v 148.338880011 334.037647006 137.971385653 0.99609375
v 148.429213466 334.261986601 142.868490184 0.99609375
v 147.963512657 334.52361199 137.547500961 0.99609375
v 148.026834219 334.320158564 142.851019147 0.99609375
v 147.9129564 334.532953947 138.116143817 0.99609375
v 148.019974549 334.457161814 142.8660357 0.99609375
v 148.275517598 334.735219791 137.797850599 0.99609375
v 148.213611103 335.075584806 142.50779179 0.99609375
v 148.376655484 334.965592524 137.936989367 0.99609375
v 148.330744918 335.306717576 142.966344154 0.99609375
v 148.380844635 335.695722338 138.453088251 0.99609375
v 148.325672331 335.676021553 142.112063369 0.99609375
v 148.160183288 335.949756003 138.92802785 0.99609375
v 148.233449852 336.030558197 142.835354148 0.99609375
v 148.012033664 336.10922482 138.614450068 0.99609375
v 148.322731242 335.831801808 142.81901058 0.99609375
v 148.373590933 336.668069101 138.172563366 0.99609375
v 148.368893076 336.279830517 142.197883941 0.99609375
v 147.917916735 336.628523472 138.552909947 0.99609375
v 148.413559936 336.867161344 142.617681548 0.99609375
v 148.430538259 337.173917907 138.941835206 0.99609375
v 148.063946259 336.780923523 145.875545782 0.99609375
v 148.348082401 337.221522376 138.541260719 0.99609375
v 148.423772508 337.339120996 145.728318373 0.99609375
v 147.938249436 337.630314076 138.682590502 0.99609375
v 148.129562819 337.731994181 146.905068945 0.99609375
v 148.065251831 337.604186929 138.172141758 0.99609375
v 148.057961745 337.946442539 146.595163603 0.99609375
v 148.390456388 338.407789603 138.601355142 0.99609375
v 147.916520368 338.251290332 147.178582496 0.99609375
v 148.431306549 338.562765988 139.275773822 0.99609375
v 148.24727823 338.484595854 147.37272115 0.99609375
v 148.193925183 338.684307672 139.035113681 0.99609375
v 147.991551593 338.744646137 147.849165076 0.99609375
v 148.367869597 338.92762729 138.976683251 0.99609375
v 147.921329159 338.97777602 147.61039113 0.99609375
v 148.214630503 339.027416332 138.553299352 0.99609375
v 148.162259359 339.369182933 147.978832708 0.99609375
v 148.122550282 339.738572022 139.098928343 0.99609375
v 148.439747096 339.574797285 147.600560846 0.99609375
v 148.257617579 339.809270327 138.754406081 0.99609375
v 148.298335001 339.688007998 148.175538358 0.99609375
v 148.445252981 340.374076801 139.291958538 0.99609375
v 148.187567478 339.976672732 147.826239797 0.99609375
v 148.169368882 340.233633139 138.647137063 0.99609375
v 148.479136553 340.527381724 148.269050728 0.99609375
v 147.985984462 340.906208949 138.836050465 0.99609375
v 148.034950924 340.781398446 148.479812454 0.99609375
v 148.077306869 341.120691833 139.043014045 0.99609375
v 148.457836726 340.798878097 147.843625161 0.99609375
v 148.110401262 341.48315744 138.875090232 0.99609375
v 148.390123845 341.277585799 147.833013128 0.99609375
v 148.326068998 341.673487281 139.297202182 0.99609375
v 148.436469763 341.407702899 147.854301055 0.99609375
v 148.2951769 342.129546209 139.684657334 0.99609375
v 148.173333913 341.777007866 147.620041765 0.99609375
v 148.253991736 342.106856021 139.008870164 0.99609375
v 148.425990299 341.946224743 147.522422923 0.99609375
v 147.927058704 342.731357998 139.076413122 0.99609375
v 148.277510479 342.407702602 147.529607433 0.99609375
v 148.250268629 342.662733665 139.695373758 0.99609375
v 148.066514301 342.783110305 147.705942621 0.99609375
v 148.272998649 343.171020717 139.116763936 0.99609375
v 147.924047806 343.240931158 148.403708575 0.99609375
v 148.262357575 343.632961595 139.105256655 0.99609375
v 148.395897022 343.124339963 147.781985791 0.99609375
v 148.189243836 343.661852716 139.30238479 0.99609375
v 148.268861154 343.467850838 147.677159941 0.99609375
v 148.207576261 344.050704866 139.342156385 0.99609375
v 148.108705531 343.959574189 147.845007346 0.99609375
v 148.039967861 344.066429804 139.731173229 0.99609375
v 148.297843117 344.018286495 148.249188326 0.99609375
v 148.217183714 344.679811432 139.88780916 0.99609375
v 148.228874591 344.598201742 148.184605715 0.99609375
v 148.079790072 344.906184951 139.761397536 0.99609375
v 147.987807008 344.84679941 147.845315997 0.99609375
v 148.248867237 345.156681528 139.530221875 0.99609375
v 148.408926548 345.13714241 147.908956887 0.99609375
v 148.078242531 345.229659225 139.696352521 0.99609375
v 147.957130857 345.307696103 147.692771366 0.99609375
v 147.925086101 345.885501702 139.865749337 0.99609375
v 148.239851093 345.925572518 147.516379376 0.99609375
v 148.475719874 346.135600042 139.442172787 0.99609375
v 148.263049692 345.842416068 148.093644474 0.99609375
v 148.395273254 346.166990506 139.806856764 0.99609375
v 148.020004401 346.265298234 148.120426099 0.99609375
v 147.976734886 346.744873436 139.199912905 0.99609375
v 147.99786764 346.731869456 148.45779155 0.99609375
v 148.06030932 346.758707996 139.633673341 0.99609375
v 148.014464592 346.603552922 148.410620229 0.99609375
v 148.143593306 347.277144501 139.841129632 0.99609375
v 148.028299772 347.004741206 147.96545734 0.99609375
v 148.247319084 347.575105862 139.722859709 0.99609375
v 148.314317276 347.52630305 147.914495514 0.99609375
v 148.191446614 347.899029346 139.168968164 0.99609375
v 148.152460001 347.433618397 147.869127748 0.99609375
v 148.027104797 348.132184995 139.467011211 0.99609375
v 147.997538039 347.774796636 148.035489771 0.99609375
v 148.119664812 348.370677572 139.202883718 0.99609375
v 148.227175902 348.438381954 148.234265383 0.99609375
v 148.170245244 348.401794508 139.240614905 0.99609375
v 148.316044272 348.412069624 148.268429877 0.99609375
v 148.129260987 349.094778798 139.288049815 0.99609375
v 147.989772258 348.833484619 148.741014477 0.99609375
v 148.278343683 349.075460642 139.086788602 0.99609375
v 148.154246365 349.170475131 148.187727076 0.99609375
v 148.204889257 349.603481235 139.441512322 0.99609375
v 148.457907321 349.494383344 148.056739237 0.99609375
v 148.285140691 349.667626616 139.292533002 0.99609375
v 148.049327101 349.627882866 148.7170349 0.99609375
v 148.201888501 349.814876132 139.724718534 0.99609375
v 148.152554322 349.763158541 148.352659378 0.99609375
v 148.043052969 350.347051036 139.395298499 0.99609375
v 147.996142456 350.120672744 148.44254254 0.99609375
v 148.038049087 350.640534047 139.091491203 0.99609375
v 148.406418811 350.361202816 148.894252266 0.99609375
v 148.165494866 350.733449401 139.691680997 0.99609375
v 148.338062448 350.749499869 148.171692917 0.99609375
v 148.392802266 351.190216612 139.94078476 0.99609375
v 148.379509233 351.310000019 148.988132396 0.99609375
v 147.927078399 351.764068832 140.599130735 0.99609375
v 148.470269539 351.321933914 148.351718919 0.99609375
v 148.315640012 351.969298577 141.684564438 0.99609375
v 148.049992299 351.551498803 148.883116776 0.99609375
v 148.391100882 351.949455706 146.354448005 0.99609375
v 148.205073533 351.9367423 148.873221658 0.99609375
v 148.034209469 352.198199907 146.051449526 0.99609375
v 148.324434535 352.354813289 148.282153196 0.99609375
v 148.36661703 352.873946774 146.093665238 0.99609375
v 148.426824839 352.889336547 148.562897949 0.99609375
v 148.380432761 353.202138924 146.29431043 0.99609375
v 148.417660802 352.789948704 148.607441552 0.99609375
v 148.312629811 353.052405045 146.968083948 0.99609375
v 148.194302063 353.435638776 148.773701353 0.99609375
v 148.337412639 353.54431272 146.54109386 0.99609375
v 148.439783715 353.304430721 148.203278238 0.99609375
v 148.189436951 354.066718019 147.688279528 0.99609375
v 148.407853417 354.010492743 148.952069818 0.99609375
v 148.380094884 353.918365377 147.650036157 0.99609375
v 148.044413611 354.65076137 148.740451098 0.99609375
v 148.727045542 327.119183914 136.096777125 0.99609375
v 148.576152234 327.037796682 137.358057117 0.99609375
v 148.762966266 327.652817984 136.611712682 0.99609375
v 148.221764523 327.552515172 139.242643077 0.99609375
v 148.523906503 327.912066928 136.672168272 0.99609375
v 148.497027295 327.776039028 140.8601803 0.99609375
v 148.462956082 328.218619861 136.922213466 0.99609375
v 148.715910441 327.714831471 142.586002822 0.99609375
v 148.311045713 328.261374972 137.457829496 0.99609375
v 148.429333789 328.282593385 144.959750859 0.99609375
v 148.230208024 328.780488181 137.133609842 0.99609375
v 148.634509331 328.355912929 144.669670542 0.99609375
v 148.2690109 329.118083389 137.144392855 0.99609375
v 148.490009798 329.120067557 144.833322973 0.99609375
v 148.248922066 328.950180048 136.624260015 0.99609375
v 148.492727328 329.334041811 144.663900105 0.99609375
v 148.627642278 329.676244739 137.27713402 0.99609375
v 148.442091317 329.462935834 145.118070845 0.99609375
v 148.422709904 329.957855773 137.750298839 0.99609375
v 148.76661999 329.669970331 145.361950594 0.99609375
v 148.540160949 329.802491221 137.568850843 0.99609375
v 148.509631135 329.783198473 145.418781599 0.99609375
v 148.685694783 330.23322892 137.986695427 0.99609375
v 148.667652112 330.42101593 145.363068024 0.99609375
v 148.321382303 330.507501403 137.256457824 0.99609375
v 148.374789341 330.343453324 144.648840367 0.99609375
v 148.687119991 330.732107381 137.99572501 0.99609375
v 148.195828858 330.939227296 144.740193068 0.99609375
v 148.539597682 331.254989886 137.618039342 0.99609375
v 148.612381934 331.414564339 144.269832644 0.99609375
v 148.246550591 331.4810773 137.470205726 0.99609375
v 148.494592404 331.588712989 144.214797827 0.99609375
v 148.224581989 331.486852251 137.71213639 0.99609375
v 148.70948102 331.812595206 144.707598155 0.99609375
v 148.568006188 331.988718359 137.970239517 0.99609375
v 148.622540477 332.026554069 144.028851406 0.99609375
v 148.432734285 332.055393111 137.019743907 0.99609375
v 148.654260899 332.183329866 144.385113927 0.99609375
v 148.301614646 332.578152605 137.264473322 0.99609375
v 148.514972877 332.506566317 143.745467163 0.99609375
v 148.320630101 333.178516079 137.892148146 0.99609375
v 148.540575882 332.97968696 143.809928833 0.99609375
v 148.366745446 333.081862655 137.114070985 0.99609375
v 148.244863788 333.304757385 143.635711818 0.99609375
v 148.657198962 333.370765671 137.467110226 0.99609375
v 148.482037602 333.237182154 144.277189383 0.99609375
v 148.565260788 333.719493254 137.662366348 0.99609375
v 148.489751769 333.758652543 144.490238107 0.99609375
v 148.29376717 334.283480071 137.655989276 0.99609375
v 148.44207335 334.293050549 143.197871786 0.99609375
v 148.405799548 334.517655753 137.578904475 0.99609375
v 148.764176614 334.193424897 143.250170829 0.99609375
v 148.3305947 334.572630784 138.30999963 0.99609375
v 148.542459719 334.715255042 143.999959285 0.99609375
v 148.594966801 334.772197411 137.831192596 0.99609375
v 148.590257249 334.832443359 144.538674711 0.99609375
v 148.444762137 335.523294118 138.093971607 0.99609375
v 148.580398292 335.231593784 145.103371621 0.99609375
v 148.750819099 335.713543974 137.87919399 0.99609375
v 148.226725971 335.411741808 145.180116825 0.99609375
v 148.35548517 335.727141582 138.218144116 0.99609375
v 148.501888494 335.823672794 145.642800408 0.99609375
v 148.596526499 336.278789225 138.569508311 0.99609375
v 148.352460233 336.041344913 145.176899843 0.99609375
v 148.65862993 336.680870913 138.210836296 0.99609375
v 148.283002853 336.212761631 146.026594771 0.99609375
v 148.526636588 336.77529778 138.762047377 0.99609375
v 148.312093636 336.696956545 146.193474227 0.99609375
v 148.27177893 336.690602626 138.266088564 0.99609375
v 148.661771735 337.227064544 146.677735768 0.99609375
v 148.593259408 336.989794586 138.273296308 0.99609375
v 148.768023616 336.987695361 146.314820553 0.99609375
v 148.431126134 337.844966035 138.8526069 0.99609375
v 148.280193206 337.395711423 146.785280626 0.99609375
v 148.584936216 337.816148229 138.538482713 0.99609375
v 148.71623565 338.070762067 147.465314722 0.99609375
v 148.398167217 338.224763244 138.728644555 0.99609375
v 148.241059711 338.215159831 147.321734514 0.99609375
v 148.603069848 338.554522623 138.662898531 0.99609375
v 148.547477537 338.239363808 147.76701419 0.99609375
v 148.20727205 338.88409279 139.340043146 0.99609375
v 148.220468032 338.877302227 147.85854801 0.99609375
v 148.410493771 338.852468789 138.741559131 0.99609375
v 148.484845908 338.823334575 147.059446569 0.99609375
v 148.585947036 339.57496455 139.406223453 0.99609375
v 148.684126622 339.281699546 148.426296465 0.99609375
v 148.705813396 339.693945895 139.107872338 0.99609375
v 148.701189263 339.752275249 147.58266283 0.99609375
v 148.215378382 340.127756096 138.931977295 0.99609375
v 148.414443194 339.988700886 147.709790011 0.99609375
v 148.296313246 340.311930984 139.455089149 0.99609375
v 148.614870532 340.360026796 148.337522902 0.99609375
v 148.472975106 340.378988811 139.168295658 0.99609375
v 148.38884542 340.293918297 148.270373465 0.99609375
v 148.570251751 340.478673489 139.366401435 0.99609375
v 148.336283378 341.029868217 148.221738387 0.99609375
v 148.721426149 341.191836376 139.176753659 0.99609375
v 148.341052258 341.312011197 148.05853123 0.99609375
v 148.699958099 341.500446964 139.479165196 0.99609375
v 148.549632334 341.40338874 147.800189053 0.99609375
v 148.69138207 341.55129159 139.296544701 0.99609375
v 148.238870448 341.511732832 147.638574562 0.99609375
v 148.459820819 342.139736805 139.034908661 0.99609375
v 148.391227357 342.175389073 148.465712826 0.99609375
v 148.672727875 342.321058334 139.666969048 0.99609375
v 148.288165559 342.15715633 148.025371712 0.99609375
v 148.465237553 342.668924704 139.986633158 0.99609375
v 148.525546517 342.396989722 148.396483885 0.99609375
v 148.732810203 343.031069829 139.203901614 0.99609375
v 148.560283147 342.7966928 148.365623295 0.99609375
v 148.531195193 342.974804586 139.728775968 0.99609375
v 148.19837043 342.833574749 148.408086007 0.99609375
v 148.424837243 343.352114676 139.123427512 0.99609375
v 148.596191643 343.178574863 147.709763691 0.99609375
v 148.213175824 343.871147532 139.555958797 0.99609375
v 148.278863275 343.526617121 148.368850066 0.99609375
v 148.537390564 343.933716974 139.417970876 0.99609375
v 148.466370522 343.820397579 148.010635911 0.99609375
v 148.546283373 344.498627349 139.606384236 0.99609375
v 148.446161522 344.378354078 147.76102174 0.99609375
v 148.768328975 344.650945413 139.70053718 0.99609375
v 148.307120275 344.231097618 148.137694847 0.99609375
v 148.738239406 344.895154423 139.797852511 0.99609375
v 148.673806057 344.792274275 148.067337193 0.99609375
v 148.204097681 345.197593304 139.884355958 0.99609375
v 148.373503308 344.81095412 148.332559089 0.99609375
v 148.718549352 345.504403089 139.455689568 0.99609375
v 148.675664274 345.633221123 148.772411331 0.99609375
v 148.336675425 345.433781675 139.296703881 0.99609375
v 148.544344131 345.623311447 148.602981549 0.99609375
v 148.420491031 346.122478126 139.912369502 0.99609375
v 148.601897768 346.101863786 148.363825401 0.99609375
v 148.603011208 346.152930751 139.154794236 0.99609375
v 148.499072774 346.171607413 148.622104729 0.99609375
v 148.253871815 346.338405639 139.366962173 0.99609375
v 148.343524638 346.3121048 148.799425242 0.99609375
v 148.643008894 346.770850944 139.613955391 0.99609375
v 148.758146486 346.887717584 148.751929645 0.99609375
v 148.500905582 346.845601432 139.11645615 0.99609375
v 148.349445705 346.963575584 148.940023185 0.99609375
v 148.756570542 347.369201394 139.868761965 0.99609375
v 148.466708058 347.334506598 148.05226112 0.99609375
v 148.219587877 347.794327777 139.80127329 0.99609375
v 148.635339829 347.612961149 148.153760414 0.99609375
v 148.688922963 347.906231281 139.813105701 0.99609375
v 148.434444382 348.072456074 148.749582222 0.99609375
v 148.316711485 348.579034099 139.446095387 0.99609375
v 148.221358568 348.424193585 148.799935341 0.99609375
v 148.225182398 348.360864567 139.421632385 0.99609375
v 148.215736692 348.575806677 148.960747056 0.99609375
v 148.530818749 348.848727306 139.180134014 0.99609375
v 148.399710704 348.745527703 148.663189679 0.99609375
v 148.417165874 349.309228504 139.559320834 0.99609375
v 148.367157165 349.014252912 148.477303925 0.99609375
v 148.24423562 349.701035954 139.27512094 0.99609375
v 148.735589959 349.297860242 148.80636784 0.99609375
v 148.616067082 349.458407366 139.818323902 0.99609375
v 148.212530121 349.515069504 148.696818905 0.99609375
v 148.672869883 350.087646603 139.237400434 0.99609375
v 148.433986088 349.775813413 148.230598503 0.99609375
v 148.529309426 350.602622083 139.784287738 0.99609375
v 148.637998056 350.424646696 148.526017006 0.99609375
v 148.241433419 350.684952247 139.269381153 0.99609375
v 148.413882857 350.711299314 148.261099086 0.99609375
v 148.734536114 350.965160224 139.755984527 0.99609375
v 148.582513728 350.689282554 148.378166398 0.99609375
v 148.438042704 351.211314388 140.440766974 0.99609375
v 148.328606146 351.355220922 148.312515519 0.99609375
v 148.397101517 351.306559614 140.968122592 0.99609375
v 148.553093841 351.611168248 148.156658989 0.99609375
v 148.275454043 351.601469357 142.361259509 0.99609375
v 148.206557255 351.593317797 148.227971786 0.99609375
v 148.384612817 352.017158253 145.749733906 0.99609375
v 148.513546682 352.108341922 148.793070243 0.99609375
v 148.769953984 352.387673657 145.942690299 0.99609375
v 148.737848703 352.263496859 148.043324673 0.99609375
v 148.308258864 352.776244082 146.105065113 0.99609375
v 148.664029939 352.57380334 148.616787069 0.99609375
v 148.551368416 353.008794038 145.616908773 0.99609375
v 148.703830101 353.164928063 148.665859787 0.99609375
v 148.633894221 353.289138789 146.186583279 0.99609375
v 148.593990218 353.097814841 148.418156192 0.99609375
v 148.342458225 353.303071034 146.932371901 0.99609375
v 148.357953199 353.76495617 148.692242916 0.99609375
v 148.636304681 353.608788488 147.408956009 0.99609375
v 148.495600789 354.049925701 148.786651437 0.99609375
v 148.443597962 354.192008669 147.689892613 0.99609375
v 148.48723248 354.136610926 148.098413306 0.99609375
v 148.789220844 326.992087339 136.153736671 0.99609375
v 148.941211239 327.012058181 137.459327517 0.99609375
v 148.850905003 327.409544806 136.99124734 0.99609375
v 148.616264226 327.652659622 138.975518998 0.99609375
v 148.944359594 327.587926097 137.400964293 0.99609375
v 148.646682726 327.560325487 140.756421246 0.99609375
v 149.02472531 327.978103034 137.180633882 0.99609375
v 148.759861583 327.974220396 142.835897376 0.99609375
v 148.854249921 328.333199214 137.141124984 0.99609375
v 148.593321885 328.560678333 144.909887972 0.99609375
v 148.86511549 328.312909806 137.167590217 0.99609375
v 148.954619475 328.314335028 145.880909118 0.99609375
v 148.846136911 328.994320035 136.678745772 0.99609375
v 148.972933178 328.742902269 145.220865633 0.99609375
v 148.795557673 329.167312073 137.259366155 0.99609375
v 148.887811317 329.031234305 145.421833171 0.99609375
v 149.035123516 329.57481962 137.233279831 0.99609375
v 148.929024419 329.380216571 145.079527655 0.99609375
v 148.942032146 329.539433101 137.011101689 0.99609375
v 148.898340865 329.832706358 145.575598043 0.99609375
v 148.950886153 329.986093817 137.932028505 0.99609375
v 148.618926775 330.083572143 145.486570156 0.99609375
v 148.484877838 330.235213431 137.988071761 0.99609375
v 148.792544253 330.160397689 145.501266384 0.99609375
v 149.029892033 330.804901038 137.605031324 0.99609375
v 148.587062206 330.616400272 145.729200601 0.99609375
v 148.810323758 330.678097897 137.834823282 0.99609375
v 148.93043348 331.133780879 145.636528666 0.99609375
v 148.693950194 331.00958964 137.625208756 0.99609375
v 148.574112407 331.338882157 145.570763811 0.99609375
v 148.735683377 331.327562482 137.967763094 0.99609375
v 148.725014678 331.564017344 145.812933281 0.99609375
v 148.7331414 332.035300226 137.937877587 0.99609375
v 148.81124737 331.911995028 145.609680459 0.99609375
v 148.872550052 332.300208831 137.076192806 0.99609375
v 148.925544001 332.071749634 145.874025133 0.99609375
v 148.549300041 332.215329701 137.508115562 0.99609375
v 148.605141037 332.540064435 145.891461154 0.99609375
v 148.575408841 332.448698176 137.125126301 0.99609375
v 148.935319828 332.413509063 145.532973991 0.99609375
v 148.998992725 332.953262032 137.581606381 0.99609375
v 148.906313015 332.85141701 145.340729488 0.99609375
v 148.620829337 333.053106505 137.020103562 0.99609375
v 148.969378893 333.066320817 145.597025205 0.99609375
v 148.820691785 333.611544384 137.480462264 0.99609375
v 148.785584079 333.264068549 145.570453258 0.99609375
v 148.683151871 333.971894455 137.659428281 0.99609375
v 148.813797066 333.711420753 145.994123492 0.99609375
v 148.639042094 334.137894204 137.973073382 0.99609375
v 148.961685012 334.242321739 145.777707885 0.99609375
v 148.960791832 334.650283079 138.456487842 0.99609375
v 148.512660081 334.45246868 145.518468887 0.99609375
v 148.664231012 334.390230744 138.021818997 0.99609375
v 148.487797404 334.700942345 145.749090455 0.99609375
v 148.639234944 335.212911173 137.888867514 0.99609375
v 148.860474116 334.685093823 145.140812059 0.99609375
v 148.498525133 335.425145346 137.986575908 0.99609375
v 148.499812085 335.306637799 145.852787864 0.99609375
v 148.970093609 335.305673014 137.900065579 0.99609375
v 148.623214719 335.686005787 146.345752863 0.99609375
v 148.763296665 335.651546193 138.775344533 0.99609375
v 148.981632494 335.90656495 146.433370123 0.99609375
v 148.778857359 336.088932481 138.760950832 0.99609375
v 148.970558404 335.957951939 145.56877486 0.99609375
v 148.988508704 336.523577969 138.213221824 0.99609375
v 149.042645277 336.534815733 146.492594292 0.99609375
v 148.742735646 336.845013667 138.928108191 0.99609375
v 148.487100924 336.415277112 146.878678439 0.99609375
v 148.768116923 336.873283078 138.243458966 0.99609375
v 148.695477513 336.961730176 146.772161881 0.99609375
v 148.485212432 337.362618572 138.536904615 0.99609375
v 149.051630387 337.498467833 147.113621666 0.99609375
v 148.787002431 337.571144034 138.918405545 0.99609375
v 148.832665294 337.832429906 146.796346211 0.99609375
v 148.645601875 337.680616452 138.557900965 0.99609375
v 148.578946667 337.59908394 147.429799755 0.99609375
v 148.944267253 338.048429741 139.178874535 0.99609375
v 148.806269703 338.35940025 147.055982878 0.99609375
v 148.672547581 338.229222462 138.940729126 0.99609375
v 148.911795557 338.587964403 147.258318129 0.99609375
v 148.880694513 338.57913052 139.273483384 0.99609375
v 148.804840989 338.675005519 147.880761403 0.99609375
v 148.610757912 339.059282039 138.883255195 0.99609375
v 148.829969474 339.182061739 147.679950154 0.99609375
v 148.631300012 339.307881035 138.800802448 0.99609375
v 148.840462034 339.437984633 147.967884008 0.99609375
v 149.059908218 339.847646634 138.690539758 0.99609375
v 148.957170071 339.362706093 147.573354265 0.99609375
v 148.576133062 339.659486593 139.137224361 0.99609375
v 148.841737682 340.033565177 147.572831569 0.99609375
v 148.964901639 340.040048144 139.05353813 0.99609375
v 148.928908566 340.419176519 148.206895609 0.99609375
v 148.58381009 340.355920598 138.53748851 0.99609375
v 148.795350896 340.496454278 148.189208023 0.99609375
v 148.489694323 340.577117821 138.900522656 0.99609375
v 148.554106424 340.804908447 147.810872506 0.99609375
v 148.838552984 341.009062534 139.371992733 0.99609375
v 148.79227875 341.115497861 147.965098448 0.99609375
v 148.752476514 341.308161202 139.281611168 0.99609375
v 148.884644597 341.466587222 147.610504519 0.99609375
v 148.676840096 341.685181349 139.286169901 0.99609375
v 148.766125376 341.829336798 147.541643434 0.99609375
v 148.700396262 341.750469941 139.153971237 0.99609375
v 148.923768306 342.002731288 147.76474659 0.99609375
v 148.733498788 342.241278196 139.211225996 0.99609375
v 148.884277055 342.380683029 148.129062786 0.99609375
v 148.896456198 342.690644098 139.208534989 0.99609375
v 148.77227204 342.259262481 147.525434424 0.99609375
v 148.903939336 342.574127429 139.434894489 0.99609375
v 148.684968901 342.578850678 148.440036378 0.99609375
v 148.56560618 342.978162178 139.645838167 0.99609375
v 148.535751358 343.351319641 148.086192171 0.99609375
v 148.630673172 343.337079586 139.301319953 0.99609375
v 148.936225253 343.19869996 148.35516594 0.99609375
v 149.051981592 343.864629847 139.49694371 0.99609375
v 148.767644175 343.438924758 148.662404438 0.99609375
v 148.83038383 344.100481887 139.418501262 0.99609375
v 149.003763701 343.77565279 148.2183272 0.99609375
v 148.804342078 344.267828121 139.445094381 0.99609375
v 148.836175316 344.489196193 148.97572569 0.99609375
v 148.63872237 344.71243163 139.519167358 0.99609375
v 148.703687736 344.753003888 148.431967365 0.99609375
v 148.531118575 344.74330266 139.363921471 0.99609375
v 148.487841522 345.014280908 148.179424562 0.99609375
v 148.990051964 344.915640036 139.109328408 0.99609375
v 148.784393014 345.359594562 148.542946427 0.99609375
v 148.725120155 345.53677101 139.908934745 0.99609375
v 148.549925 345.196843416 148.98424991 0.99609375
v 148.487409656 345.465721006 139.24987536 0.99609375
v 148.643005858 345.597902551 148.53092831 0.99609375
v 148.671449496 346.233652723 139.274622812 0.99609375
v 148.516385926 345.837709664 148.279453809 0.99609375
v 148.684666001 346.537709103 139.22576202 0.99609375
v 148.512499453 346.387221927 148.565995058 0.99609375
v 148.856340788 346.62479726 139.271257551 0.99609375
v 149.027121398 346.546717456 148.836892251 0.99609375
v 148.927324678 346.723181428 139.249440016 0.99609375
v 148.505220395 346.614448026 148.699302511 0.99609375
v 148.923519851 347.298753729 139.991057016 0.99609375
v 148.635123624 346.964493245 148.199444528 0.99609375
v 148.886580802 347.347362106 139.782445991 0.99609375
v 148.499384272 347.329030718 148.908667233 0.99609375
v 148.814166722 347.719157629 139.325430768 0.99609375
v 148.626750033 347.589364143 148.469274335 0.99609375
v 148.681166293 348.180240659 139.220578718 0.99609375
v 148.855055247 347.801118267 148.183256776 0.99609375
v 149.05649027 348.11145133 139.359593207 0.99609375
v 148.573951742 348.089332887 148.487725894 0.99609375
v 148.866541041 348.468119194 139.20338204 0.99609375
v 149.020141894 348.522061982 148.995812697 0.99609375
v 148.602051442 349.032227988 139.692880046 0.99609375
v 148.937156216 349.045129255 148.271504255 0.99609375
v 148.704290976 349.072180274 139.844191715 0.99609375
v 148.640265082 348.971286535 148.704558511 0.99609375
v 148.580541985 349.269859523 139.59955206 0.99609375
v 148.924329705 349.720282237 148.27973403 0.99609375
v 148.761363103 349.921934704 139.705695671 0.99609375
v 148.892564441 349.881148337 148.881550949 0.99609375
v 148.764029042 350.301860719 139.486199942 0.99609375
v 148.504138014 349.891942619 148.150309621 0.99609375
v 148.800582313 350.032189383 139.797496221 0.99609375
v 148.536185767 350.375170538 148.082257632 0.99609375
v 148.556014812 350.459313622 139.38066484 0.99609375
v 148.65816585 350.462205154 148.573994696 0.99609375
v 148.744429288 350.984154138 139.58361774 0.99609375
v 149.00807071 350.960940106 148.080067598 0.99609375
v 148.711803867 351.001508662 140.272618149 0.99609375
v 148.884080411 350.910399668 148.992140219 0.99609375
v 149.036248631 351.641607204 140.91307498 0.99609375
v 148.917003262 351.629474329 148.250715977 0.99609375
v 148.730314274 351.610673616 142.190731253 0.99609375
v 148.773516449 352.015916472 148.333613503 0.99609375
v 148.615175491 352.109003945 145.947806681 0.99609375
v 148.948925476 351.835078081 149.498226586 0.99609375
v 148.90412655 352.285433195 145.947821278 0.99609375
v 148.549624696 352.086922588 148.970289311 0.99609375
v 148.762183153 352.830799021 145.43520502 0.99609375
v 148.694725036 352.655871576 149.498788373 0.99609375
v 148.74518894 353.150279259 145.371899375 0.99609375
v 149.023274451 352.850765443 149.320626397 0.99609375
v 148.755247494 353.413981781 146.359495454 0.99609375
v 148.811785641 353.427495811 148.764020995 0.99609375
v 148.801058677 353.241152695 147.310172736 0.99609375
v 148.806844952 353.566799859 149.049908896 0.99609375
v 148.826899796 353.708544508 147.116825755 0.99609375
v 148.904115886 353.906535236 149.182287175 0.99609375
v 148.819802425 354.259883956 147.807135752 0.99609375
v 148.969320672 354.084683064 148.641246833 0.99609375
v 149.017296495 354.595978522 148.418673024 0.99609375
v 148.989583992 326.903971516 137.104615539 0.99609375
v 149.047661598 327.673141356 136.930048447 0.99609375
v 149.234030825 327.691809936 138.667171463 0.99609375
v 148.792622603 327.460187451 136.628100658 0.99609375
v 149.238549026 327.591650068 140.940959708 0.99609375
v 148.911391981 327.799609389 136.885165022 0.99609375
v 148.968056113 327.783970134 142.018818102 0.99609375
v 148.975925484 328.287193455 136.983561612 0.99609375
v 149.184118502 328.477743656 144.24609834 0.99609375
v 149.079893062 328.714206866 136.679650412 0.99609375
v 149.015736111 328.582534453 145.664389383 0.99609375
v 148.895634279 328.698127927 136.917399699 0.99609375
v 149.012215197 329.030823336 145.587012978 0.99609375
v 149.161993838 329.432294781 136.838584157 0.99609375
v 149.060151286 329.122151136 145.230857802 0.99609375
v 148.850099964 329.445827059 137.075121214 0.99609375
v 149.244148479 329.279976348 145.126840122 0.99609375
v 148.847686342 329.785890062 137.879080722 0.99609375
v 149.136398499 329.447088098 145.941642867 0.99609375
v 149.236046267 330.193837559 137.428956564 0.99609375
v 148.903483935 329.866514439 145.06468552 0.99609375
v 149.283135049 330.372561917 137.928083002 0.99609375
v 149.012370071 330.368286403 145.830025691 0.99609375
v 149.318103775 330.572174922 137.614382842 0.99609375
v 149.201866429 330.343293018 145.843153488 0.99609375
v 149.21913319 331.144262249 137.226985801 0.99609375
v 148.995223009 330.829755402 145.428166084 0.99609375
v 148.928378539 331.104098583 137.092346168 0.99609375
v 148.848867142 331.032823186 145.56244071 0.99609375
v 149.163556013 331.45276116 137.792316247 0.99609375
v 149.300493787 331.705474096 145.163437021 0.99609375
v 149.007845196 332.045589416 137.67380761 0.99609375
v 148.967456879 331.755623689 145.025890094 0.99609375
v 148.791038595 331.889996251 137.228742393 0.99609375
v 149.109944454 332.155154285 145.063436481 0.99609375
v 148.865442241 332.279191056 137.073997518 0.99609375
v 149.215070969 332.137411011 145.574192188 0.99609375
v 149.328327639 332.477218581 137.997528638 0.99609375
v 149.137663189 332.365114849 145.717088056 0.99609375
v 149.151524943 333.161626677 137.260890083 0.99609375
v 148.895266093 332.826859125 145.311676982 0.99609375
v 149.013965397 333.361181607 137.095803833 0.99609375
v 149.286251824 332.925923715 145.361402384 0.99609375
v 148.879424037 333.455788228 137.714388854 0.99609375
v 149.279679698 333.643335616 145.129442164 0.99609375
v 148.955829083 333.55131906 138.182765227 0.99609375
v 149.123138151 333.571567202 145.806884925 0.99609375
v 148.8867088 333.899906389 138.118913771 0.99609375
v 149.153139488 334.340553625 146.426510081 0.99609375
v 148.937803084 334.557280751 137.831610127 0.99609375
v 148.992992769 334.3432718 146.02899642 0.99609375
v 149.078008351 334.558234391 137.850988118 0.99609375
v 148.924059312 334.835691612 146.275555861 0.99609375
v 148.901345903 335.073554319 138.345890836 0.99609375
v 148.791303486 335.071785662 146.216436271 0.99609375
v 148.965917734 335.024039219 138.249172444 0.99609375
v 149.141479671 335.4555701 146.176358151 0.99609375
v 149.042991635 335.263728871 137.573839877 0.99609375
v 148.876388953 335.634366405 145.693867528 0.99609375
v 148.867295626 335.898200701 138.692147203 0.99609375
v 149.126347279 335.854586832 146.275871719 0.99609375
v 148.984242939 336.012989072 138.981723438 0.99609375
v 149.322428943 336.118942525 146.127357347 0.99609375
v 149.042921356 336.115711722 138.864760318 0.99609375
v 149.04318072 336.134518941 146.819992787 0.99609375
v 149.169572173 336.414319745 138.475656066 0.99609375
v 148.955675714 336.454597136 146.808350314 0.99609375
v 148.996277599 336.838140249 138.866888506 0.99609375
v 149.098850822 336.735216019 147.118449307 0.99609375
v 149.258507067 337.531499848 138.285939511 0.99609375
v 149.232485916 337.34974903 147.405008678 0.99609375
v 149.016551531 337.73851137 138.628070235 0.99609375
v 149.335011754 337.332189247 147.266925904 0.99609375
v 148.833486553 337.850592114 139.265857361 0.99609375
v 149.113966406 338.0818257 147.791207046 0.99609375
v 148.975197501 338.373092382 138.94204078 0.99609375
v 148.858385462 338.251557903 147.564898387 0.99609375
v 148.772112456 338.224050042 138.956847614 0.99609375
v 149.237127597 338.45833176 147.707316436 0.99609375
v 148.813243457 338.92518851 139.210698904 0.99609375
v 149.342938066 338.699531233 148.483411686 0.99609375
v 148.804839113 338.835544907 138.935920876 0.99609375
v 148.958975588 338.936958769 147.88627028 0.99609375
v 149.234186449 339.508323578 138.798888196 0.99609375
v 148.906048649 339.42905508 148.456612106 0.99609375
v 148.889386601 339.321258599 139.177135494 0.99609375
v 148.854459946 339.856166262 147.575418075 0.99609375
v 149.106111595 339.925768626 138.571733594 0.99609375
v 148.954712769 340.130014786 147.779636941 0.99609375
v 149.146368681 340.103739697 139.184949354 0.99609375
v 149.121646924 340.229747471 148.204568235 0.99609375
v 148.858259989 340.357299597 138.673638118 0.99609375
v 149.145681767 340.739273228 148.311386946 0.99609375
v 149.166389555 340.906910934 139.32081746 0.99609375
v 149.274947835 340.830859451 147.912019207 0.99609375
v 148.778551962 340.852636636 138.721401806 0.99609375
v 149.192777593 341.098552024 148.466710068 0.99609375
v 148.961326532 341.492790195 139.989862755 0.99609375
v 149.24246705 341.541069224 147.720446135 0.99609375
v 149.112621954 341.665232031 139.943380166 0.99609375
v 149.278601762 341.72694708 148.584115762 0.99609375
v 149.323246816 342.182796083 139.800267772 0.99609375
v 149.026041257 342.01546551 148.676628087 0.99609375
v 149.050046098 342.439177141 139.607280298 0.99609375
v 149.121925779 342.141907626 148.707392209 0.99609375
v 149.145081414 342.366085564 139.266437493 0.99609375
v 148.883940813 342.567380564 148.156918838 0.99609375
v 149.310951765 342.91315596 139.22241823 0.99609375
v 148.954440289 342.801968558 148.460317393 0.99609375
v 149.192273918 343.282422911 139.039832466 0.99609375
v 148.846469382 343.330333972 148.58857078 0.99609375
v 148.839874845 343.080104593 139.429799681 0.99609375
v 148.822640393 343.422870643 148.440545708 0.99609375
v 149.114950499 343.907908816 139.167582637 0.99609375
v 149.291119723 343.566022797 148.866717335 0.99609375
v 149.257533756 343.953433437 139.30690334 0.99609375
v 149.308153735 344.137178353 148.057550257 0.99609375
v 148.881025013 344.18753203 139.112667583 0.99609375
v 149.111310247 344.151338717 148.594694241 0.99609375
v 149.033421116 344.41673939 139.450244716 0.99609375
v 148.866365837 344.249187415 148.520775935 0.99609375
v 148.954534593 344.638393941 139.90702907 0.99609375
v 149.108957013 345.022043619 148.462886302 0.99609375
v 149.223676847 345.178369903 139.895334912 0.99609375
v 149.077901073 345.307198516 148.549412061 0.99609375
v 148.955239247 345.301755837 139.185860819 0.99609375
v 149.266249495 345.276058178 148.708554068 0.99609375
v 149.332890291 345.770219927 139.370162931 0.99609375
v 149.174233103 345.824744208 148.906287831 0.99609375
v 149.137045714 346.052232028 139.227163297 0.99609375
v 148.981366906 345.858013957 148.989761106 0.99609375
v 149.219647326 346.128473471 139.466145925 0.99609375
v 149.294865929 345.992219488 148.315407593 0.99609375
v 148.863371259 346.273258005 139.306182877 0.99609375
v 148.780976152 346.797250862 148.037889155 0.99609375
v 149.065419853 347.085173706 139.705165794 0.99609375
v 149.274828659 346.930426634 148.203402704 0.99609375
v 149.308632744 346.982837996 139.939729859 0.99609375
v 148.923791181 347.298710325 148.141834814 0.99609375
v 148.915138741 347.2588892 139.761507676 0.99609375
v 148.882374546 347.69218347 148.265466279 0.99609375
v 149.282035874 347.421059079 139.542200365 0.99609375
v 148.792035201 347.746404509 148.827776174 0.99609375
v 149.175821818 348.161120742 139.128031109 0.99609375
v 149.145549262 348.037969572 148.517640309 0.99609375
v 149.028583173 348.002180578 139.377225071 0.99609375
v 148.800779376 348.240273361 148.225906759 0.99609375
v 149.068541529 348.620452403 139.740930007 0.99609375
v 149.010336346 348.56505899 148.007706531 0.99609375
v 149.175812439 348.821447549 139.582375938 0.99609375
v 149.269640967 348.873600689 148.4503978 0.99609375
v 149.179946169 349.2765692 139.6082279 0.99609375
v 148.878098681 349.298058725 149.368235877 0.99609375
v 148.823360704 349.263222015 139.813970534 0.99609375
v 148.771255866 349.413282745 149.122191431 0.99609375
v 149.206479262 349.97747917 139.196682502 0.99609375
v 149.065269119 349.86101472 148.669099947 0.99609375
v 149.145788195 350.249458108 139.923156491 0.99609375
v 149.154790004 349.98451225 149.294210562 0.99609375
v 149.27484497 350.233666473 139.968161347 0.99609375
v 148.985118664 350.406331116 149.0673452 0.99609375
v 149.252262676 350.45130433 139.628028203 0.99609375
v 149.099805695 350.60896923 149.068801911 0.99609375
v 149.140944927 350.718750647 139.78816227 0.99609375
v 149.103189419 350.656791744 148.901080113 0.99609375
v 148.847774738 351.179122226 139.555903503 0.99609375
v 148.785856409 350.989632559 148.868028064 0.99609375
v 149.249768044 351.472938859 140.868973307 0.99609375
v 149.345109334 351.667747868 148.578418746 0.99609375
v 149.077606631 351.908883927 142.408054386 0.99609375
v 149.169515775 351.917382398 149.009077825 0.99609375
v 148.811552102 352.326184683 143.14566611 0.99609375
v 149.134970213 352.155585317 149.137795547 0.99609375
v 149.072303238 352.613869101 144.634512118 0.99609375
v 149.046921207 352.453428483 149.085047182 0.99609375
v 149.307851164 352.397239086 144.879110431 0.99609375
v 148.908223578 352.675442911 149.277389588 0.99609375
v 149.099706631 353.119134689 145.699791852 0.99609375
v 148.814932778 353.038524692 149.0970287 0.99609375
v 148.770140895 353.022587098 145.615068977 0.99609375
v 148.922875126 353.476193524 148.597410427 0.99609375
v 149.198731861 353.480572545 147.071431987 0.99609375
v 149.324205315 353.467274429 149.097486651 0.99609375
v 149.174131217 353.733241808 147.239440493 0.99609375
v 149.235007822 353.731923857 149.356774788 0.99609375
v 148.999779556 354.35629945 147.762456539 0.99609375
v 149.205600786 353.871776748 149.220250666 0.99609375
v 149.130524616 354.315445694 148.65691725 0.99609375
v 149.159014723 326.866842835 136.686021076 0.99609375
v 149.545714879 327.393496939 137.455637214 0.99609375
v 149.182362084 327.561781824 138.964236683 0.99609375
v 149.066574261 327.56739184 136.634106496 0.99609375
v 149.301801635 327.464430218 140.921548775 0.99609375
v 149.479006501 327.853140036 136.624805944 0.99609375
v 149.506471071 328.024913649 142.852609311 0.99609375
v 149.375955759 328.424253293 136.560298043 0.99609375
v 149.147882568 328.001441812 144.8640617 0.99609375
v 149.362458886 328.397923552 136.954778922 0.99609375
v 149.175872718 328.636946557 145.370360384 0.99609375
v 149.265438159 328.711678512 137.18595328 0.99609375
v 149.429878136 328.6478038 145.364548354 0.99609375
v 149.612431004 329.224804378 136.920901251 0.99609375
v 149.29340549 329.317855076 145.692420212 0.99609375
v 149.177730998 329.44528172 137.937030819 0.99609375
v 149.163274918 329.293526829 145.750692639 0.99609375
v 149.192750833 329.46013872 137.876819668 0.99609375
v 149.639784873 329.495380912 145.509314099 0.99609375
v 149.310445808 330.232594106 137.510999724 0.99609375
v 149.063147852 330.114907643 145.021911256 0.99609375
v 149.413133438 330.512716128 137.860901388 0.99609375
v 149.121337303 330.102126245 145.411100302 0.99609375
v 149.358792976 330.587395763 137.664947858 0.99609375
v 149.465912076 330.6005747 145.306281475 0.99609375
v 149.311472877 330.952866327 137.565995054 0.99609375
v 149.297918696 331.120298521 145.435427311 0.99609375
v 149.356468004 331.386701262 137.105826967 0.99609375
v 149.633820322 331.109308518 145.635352722 0.99609375
v 149.287135224 331.599391593 137.590780482 0.99609375
v 149.551173771 331.523157933 145.292813424 0.99609375
v 149.546938101 331.722695291 137.987923445 0.99609375
v 149.237839136 331.863898472 145.875395695 0.99609375
v 149.18490488 331.989822218 137.543788312 0.99609375
v 149.345375065 332.093273826 146.399795583 0.99609375
v 149.560210588 332.568250867 137.85099165 0.99609375
v 149.439841698 332.142551548 146.039521579 0.99609375
v 149.257128605 332.686068499 137.120433372 0.99609375
v 149.345511473 332.468894697 146.030670376 0.99609375
v 149.625295854 332.708880013 137.259082819 0.99609375
v 149.292333231 333.152951866 146.45681608 0.99609375
v 149.355044895 333.016296515 137.308314784 0.99609375
v 149.098471937 333.051821254 145.567706602 0.99609375
v 149.543672268 333.548946763 137.043450122 0.99609375
v 149.602196416 333.480371218 146.473644763 0.99609375
v 149.072870289 333.706195576 137.758720281 0.99609375
v 149.535802616 333.93286192 146.130410821 0.99609375
v 149.106025651 333.808186713 137.909873226 0.99609375
v 149.363696263 334.21172932 146.105362573 0.99609375
v 149.55402849 334.349359856 137.504015626 0.99609375
v 149.3594499 334.646869462 146.443039413 0.99609375
v 149.22192086 334.561476461 137.845438555 0.99609375
v 149.285414863 334.604304978 146.011522985 0.99609375
v 149.255399916 334.888268594 137.929389296 0.99609375
v 149.08469087 335.012191008 145.53071285 0.99609375
v 149.398255418 335.330443637 137.966468005 0.99609375
v 149.522077513 335.027772889 146.432730837 0.99609375
v 149.308835217 335.639799573 138.020160836 0.99609375
v 149.077700156 335.417182242 146.99150469 0.99609375
v 149.532693129 335.598526796 138.60135457 0.99609375
v 149.362304358 336.071936173 146.861902904 0.99609375
v 149.185156829 336.320932161 138.169925895 0.99609375
v 149.420251677 336.002468292 146.264237804 0.99609375
v 149.400773558 336.356981017 138.998294562 0.99609375
v 149.147242148 336.12039345 146.680993447 0.99609375
v 149.265904037 336.930826225 138.329578695 0.99609375
v 149.230544359 336.523810589 146.834918305 0.99609375
v 149.35554443 337.251676028 138.115064352 0.99609375
v 149.202343673 336.919806549 146.879007882 0.99609375
v 149.403050318 337.495744061 138.445979731 0.99609375
v 149.460243863 337.06138116 147.138355179 0.99609375
v 149.559766905 337.475906265 138.132907479 0.99609375
v 149.227715115 337.82179608 147.292493213 0.99609375
v 149.182306494 337.962888545 138.799123638 0.99609375
v 149.575552087 338.076892507 147.86531944 0.99609375
v 149.537959217 337.967933361 138.976647986 0.99609375
v 149.557454083 338.233468376 147.640388289 0.99609375
v 149.315456261 338.66366371 138.599617177 0.99609375
v 149.163019639 338.573009281 148.057793552 0.99609375
v 149.617979364 338.956421999 139.175089033 0.99609375
v 149.343330517 338.914816086 148.441634896 0.99609375
v 149.546164608 339.210341278 138.668258257 0.99609375
v 149.348390547 338.880392176 147.705978056 0.99609375
v 149.601773532 339.581352419 139.360500826 0.99609375
v 149.490109833 339.046871833 148.302233321 0.99609375
v 149.292068146 339.703196981 139.461027996 0.99609375
v 149.482875314 339.321930497 148.212623752 0.99609375
v 149.445238005 339.689918095 139.065003469 0.99609375
v 149.492775459 340.098352661 147.892848384 0.99609375
v 149.172634966 340.346544081 138.830768775 0.99609375
v 149.501208033 340.063488702 147.734706755 0.99609375
v 149.262621469 340.308765074 138.881210868 0.99609375
v 149.622054789 340.198198769 147.568055923 0.99609375
v 149.513426468 340.66712743 138.855021037 0.99609375
v 149.237705716 340.971839733 148.389974825 0.99609375
v 149.358405984 341.163596581 139.785888295 0.99609375
v 149.58226099 340.947593607 148.275976441 0.99609375
v 149.452044245 341.220949586 139.957039842 0.99609375
v 149.452630397 341.07296997 148.801190217 0.99609375
v 149.39690157 341.855532284 139.173003258 0.99609375
v 149.345265773 341.739926886 148.048187986 0.99609375
v 149.410908931 342.063774438 139.672914535 0.99609375
v 149.634533899 342.016534233 148.533926772 0.99609375
v 149.536155919 342.416034257 139.616505763 0.99609375
v 149.073523152 342.343352264 148.076618655 0.99609375
v 149.405479116 342.607664625 139.341855257 0.99609375
v 149.074527205 342.23744001 148.130414685 0.99609375
v 149.525938143 342.709136687 139.348470631 0.99609375
v 149.099854819 342.948353501 148.913173784 0.99609375
v 149.354375777 343.16290656 139.058988205 0.99609375
v 149.221306438 342.973526049 148.840884262 0.99609375
v 149.572282758 343.126989016 139.965323191 0.99609375
v 149.534871212 343.404308248 148.061118667 0.99609375
v 149.280627374 343.805547463 139.164275159 0.99609375
v 149.542039665 343.375879016 148.550426608 0.99609375
v 149.133174402 343.975553799 139.248599438 0.99609375
v 149.595314119 343.786980663 148.651366122 0.99609375
v 149.516825751 344.199494004 139.962838216 0.99609375
v 149.275864522 344.490660289 148.837326682 0.99609375
v 149.32183428 344.270696007 139.398350143 0.99609375
v 149.14728852 344.322342597 148.020427947 0.99609375
v 149.209880512 344.85861569 139.081308918 0.99609375
v 149.089676176 344.58150094 148.125104396 0.99609375
v 149.570461198 345.208973321 139.872387069 0.99609375
v 149.276339219 344.861185555 148.331563374 0.99609375
v 149.504360077 345.412357978 139.043018928 0.99609375
v 149.348341739 345.112095892 148.292943803 0.99609375
v 149.236461358 345.958601886 139.295415527 0.99609375
v 149.60116779 345.641451719 148.637320814 0.99609375
v 149.58747173 346.179672312 139.998426541 0.99609375
v 149.569708292 346.219567083 148.568409239 0.99609375
v 149.24087173 346.437291824 139.165010856 0.99609375
v 149.212272407 346.416390585 148.782005684 0.99609375
v 149.159636904 346.657411384 139.097867646 0.99609375
v 149.614309412 346.837598282 148.418853921 0.99609375
v 149.398556667 346.555730329 139.630301287 0.99609375
v 149.561523165 346.937811457 148.97145079 0.99609375
v 149.138432701 347.231216534 139.848751971 0.99609375
v 149.35936324 347.238722221 148.686043689 0.99609375
v 149.331860681 347.242923247 139.200095681 0.99609375
v 149.520053391 347.202365943 149.341745153 0.99609375
v 149.189288744 347.565593688 139.27716416 0.99609375
v 149.610591388 347.574200161 149.492874045 0.99609375
v 149.484826872 348.028374212 139.862668116 0.99609375
v 149.416696435 347.965864905 149.217860489 0.99609375
v 149.123925502 348.262810488 139.31231416 0.99609375
v 149.473283408 348.049422468 148.582786538 0.99609375
v 149.634274609 348.629383243 139.064023307 0.99609375
v 149.240135256 348.417043211 148.98381318 0.99609375
v 149.511452667 348.83997269 139.877487688 0.99609375
v 149.586755694 348.745030641 149.298462544 0.99609375
v 149.345072204 348.949865908 139.594310574 0.99609375
v 149.439646874 349.001823724 148.831894541 0.99609375
v 149.257768869 349.519732098 139.582239951 0.99609375
v 149.118942379 349.696497487 149.318493275 0.99609375
v 149.599275818 349.721876442 139.451933808 0.99609375
v 149.610931513 349.451901478 149.16500128 0.99609375
v 149.519321142 349.761093654 139.388579572 0.99609375
v 149.391954526 349.917434625 148.51642512 0.99609375
v 149.591437333 350.152814644 139.965764736 0.99609375
v 149.257016006 350.078519854 148.867685328 0.99609375
v 149.280612195 350.551460181 139.706051122 0.99609375
v 149.359490583 350.504185255 148.780907116 0.99609375
v 149.232981224 350.710035569 139.016758568 0.99609375
v 149.30465812 350.795081814 149.441968013 0.99609375
v 149.384907352 351.360521909 140.259221781 0.99609375
v 149.141614971 351.06425905 148.948074824 0.99609375
v 149.471785547 351.364952985 141.389645633 0.99609375
v 149.271062986 351.6619525 148.80159312 0.99609375
v 149.455629328 351.52038599 141.693789551 0.99609375
v 149.343696836 351.865700396 148.585544139 0.99609375
v 149.370801335 351.861795384 143.120162734 0.99609375
v 149.092226152 352.074752141 149.004249708 0.99609375
v 149.48344612 352.146728249 144.348379263 0.99609375
v 149.44843825 352.166072854 148.879268108 0.99609375
v 149.472995568 352.418413942 144.777694232 0.99609375
v 149.396902111 352.718353703 149.338498795 0.99609375
v 149.308926936 352.933804255 145.859130363 0.99609375
v 149.248054471 352.707159225 148.917748212 0.99609375
v 149.576618195 353.370538565 146.413696473 0.99609375
v 149.345458705 352.950961005 149.07781603 0.99609375
v 149.635584848 353.616214177 146.592389251 0.99609375
v 149.086468936 353.581327288 148.612181609 0.99609375
v 149.340635552 353.958395794 147.437149086 0.99609375
v 149.561037807 353.797338224 149.171617977 0.99609375
v 149.060669101 354.291625157 148.04645668 0.99609375
v 149.629371667 354.247863462 148.793557286 0.99609375
v 149.174832248 354.379535795 148.416951672 0.99609375
v 149.437530662 354.611278451 149.597472326 0.99609375
v 149.235927111 354.409693697 149.316714575 0.99609375
v 149.455273364 327.151172249 137.122453239 0.99609375
v 149.787124412 327.649554723 136.606708482 0.99609375
v 149.400552495 327.200234808 138.706791735 0.99609375
v 149.642515496 327.729028348 137.176579852 0.99609375
v 149.712964435 327.549456382 140.849505858 0.99609375
v 149.767862537 328.20718565 137.355689651 0.99609375
v 149.747750532 327.708638801 142.448349947 0.99609375
v 149.597341426 328.02304911 136.607363602 0.99609375
v 149.806447707 328.190087128 144.463944435 0.99609375
v 149.833512601 328.81741399 136.63105595 0.99609375
v 149.59233667 328.441562156 145.322041056 0.99609375
v 149.725995341 329.033644792 136.586950309 0.99609375
v 149.674229294 328.894433791 145.756397312 0.99609375
v 149.871525109 329.005895108 137.166474273 0.99609375
v 149.629303973 329.016962342 145.092764341 0.99609375
v 149.847577815 329.294102488 137.087312327 0.99609375
v 149.750383105 329.29336009 145.902412734 0.99609375
v 149.898947062 329.504099573 137.464596847 0.99609375
v 149.36539333 329.684237425 145.431984838 0.99609375
v 149.603861182 330.063647023 137.374653201 0.99609375
v 149.905113551 330.176221719 145.401040371 0.99609375
v 149.704517543 330.099944245 137.144480767 0.99609375
v 149.365533853 330.35611184 145.265151816 0.99609375
v 149.650925124 330.87614375 137.184899588 0.99609375
v 149.913763165 330.466252826 145.515390513 0.99609375
v 149.738168147 330.830162397 137.769268889 0.99609375
v 149.661150582 330.710678909 145.625176901 0.99609375
v 149.369925912 331.390338765 137.163815622 0.99609375
v 149.353422977 330.97800232 146.070115108 0.99609375
v 149.562954151 331.305429032 137.140386949 0.99609375
v 149.754909694 331.396887786 146.18618233 0.99609375
v 149.837714709 331.785877481 137.814227161 0.99609375
v 149.801136409 331.545370938 146.050840922 0.99609375
v 149.488713526 331.88137104 137.365120715 0.99609375
v 149.63326233 332.067648128 145.85764787 0.99609375
v 149.691140892 332.184850138 137.091156378 0.99609375
v 149.929399111 332.618690538 145.732938127 0.99609375
v 149.623485131 332.600460018 137.987984234 0.99609375
v 149.747778171 332.714322534 145.631892083 0.99609375
v 149.586898418 333.096708924 137.339240204 0.99609375
v 149.380506547 332.737086333 146.174953772 0.99609375
v 149.640112255 333.042075826 137.208279655 0.99609375
v 149.722917449 333.023278377 146.158321073 0.99609375
v 149.519080165 333.459337966 137.710244536 0.99609375
v 149.872508254 333.594840162 146.404528202 0.99609375
v 149.83047377 334.071517466 137.814459805 0.99609375
v 149.381277563 333.891845697 146.098947883 0.99609375
v 149.741956397 334.181995423 137.95101896 0.99609375
v 149.679943546 334.349377897 145.545876439 0.99609375
v 149.716217338 334.246301138 138.422191223 0.99609375
v 149.777532369 334.098464502 146.239209384 0.99609375
v 149.572069974 334.498674508 138.311090413 0.99609375
v 149.506025434 334.839257783 145.53081905 0.99609375
v 149.623094275 335.188478576 137.726558587 0.99609375
v 149.467518223 334.938919432 146.361654209 0.99609375
v 149.812811358 335.004049766 138.200989402 0.99609375
v 149.509908971 335.288484133 146.951809146 0.99609375
v 149.495314806 335.427950019 137.900296264 0.99609375
v 149.681541048 335.588858884 146.336719576 0.99609375
v 149.626200861 335.814448143 138.94442157 0.99609375
v 149.41749711 335.562708861 146.898545748 0.99609375
v 149.44710299 336.324974395 138.064623636 0.99609375
v 149.559772312 335.971120658 146.2254678 0.99609375
v 149.391425745 336.549120951 138.305428599 0.99609375
v 149.48241181 336.284507339 147.361152127 0.99609375
v 149.433175923 336.951809114 138.978276972 0.99609375
v 149.821597092 336.803098393 146.907758559 0.99609375
v 149.477880833 337.265080989 138.793632767 0.99609375
v 149.364604968 337.102050049 146.856701362 0.99609375
v 149.764406542 337.100228329 138.841500852 0.99609375
v 149.676497546 336.991545461 146.524962503 0.99609375
v 149.614135849 337.439040863 138.892352074 0.99609375
v 149.655318611 337.835039367 147.013384182 0.99609375
v 149.557746833 338.130976788 138.839405616 0.99609375
v 149.820333268 338.090487278 147.828832559 0.99609375
v 149.578503396 338.181901385 139.197379295 0.99609375
v 149.905298851 338.405000967 147.267863928 0.99609375
v 149.614238892 338.347241932 138.986566229 0.99609375
v 149.399236854 338.269756996 147.731367335 0.99609375
v 149.900107873 338.670812788 139.290268826 0.99609375
v 149.77548417 338.880611832 148.206024632 0.99609375
v 149.65723737 339.167210225 138.925583262 0.99609375
v 149.374134819 338.729305162 147.98410125 0.99609375
v 149.406186661 339.461170075 139.478858435 0.99609375
v 149.838785789 339.053450263 148.367096879 0.99609375
v 149.755528316 339.871089079 138.672549489 0.99609375
v 149.671286792 339.61406408 148.075668243 0.99609375
v 149.568169763 339.834752618 138.623636823 0.99609375
v 149.520548459 339.744520425 147.50773343 0.99609375
v 149.628637033 339.955858274 139.49173697 0.99609375
v 149.526517022 339.936167681 147.552795602 0.99609375
v 149.689144801 340.462771263 138.695473767 0.99609375
v 149.760483959 340.564465805 148.66886052 0.99609375
v 149.665201467 340.639096403 138.959120354 0.99609375
v 149.524686991 340.695209841 148.528607277 0.99609375
v 149.476903529 341.144580163 139.791235062 0.99609375
v 149.404176227 340.765960721 148.633257524 0.99609375
v 149.442166184 341.337159172 139.87086542 0.99609375
v 149.63498523 341.573078983 148.938448353 0.99609375
v 149.890186174 341.813862346 139.250441963 0.99609375
v 149.815699272 341.3938931 148.597890933 0.99609375
v 149.699997402 341.908839475 139.207300434 0.99609375
v 149.51627538 341.66029027 148.025469386 0.99609375
v 149.687003129 342.25711884 139.596870473 0.99609375
v 149.908735174 342.101209234 148.54888148 0.99609375
v 149.615421969 342.42339309 139.294319634 0.99609375
v 149.746908902 342.260237908 148.05000202 0.99609375
v 149.926114228 342.961415893 139.13511531 0.99609375
v 149.745535129 342.548880932 148.286080485 0.99609375
v 149.562383095 343.01503091 139.218409838 0.99609375
v 149.702860342 343.154074942 148.247741525 0.99609375
v 149.82150638 343.557253921 139.388291806 0.99609375
v 149.629102313 343.170230597 148.348061411 0.99609375
v 149.847173509 343.70693448 139.968087377 0.99609375
v 149.520787438 343.424522954 148.816566474 0.99609375
v 149.634880618 343.760022733 139.990762619 0.99609375
v 149.75206331 343.895880346 148.828660948 0.99609375
v 149.643825097 344.359957142 139.126707801 0.99609375
v 149.393217743 344.060037057 148.904294699 0.99609375
v 149.728565841 344.639901234 139.727899082 0.99609375
v 149.396412414 344.442323175 148.939234297 0.99609375
v 149.49161468 344.577921915 139.231654191 0.99609375
v 149.537169595 344.871149342 148.839179464 0.99609375
v 149.562095981 345.341972343 139.165439425 0.99609375
v 149.663767052 345.36465621 148.867610073 0.99609375
v 149.584302738 345.361434216 139.536513981 0.99609375
v 149.69636027 345.566250944 148.821411519 0.99609375
v 149.809260949 345.457989695 139.384727163 0.99609375
v 149.858451131 345.934412963 148.754429455 0.99609375
v 149.463744385 346.105956268 139.455054446 0.99609375
v 149.786720829 345.98756273 148.836529206 0.99609375
v 149.391810026 346.172758238 139.119351803 0.99609375
v 149.548312711 346.001323797 148.637040281 0.99609375
v 149.42864241 346.707528961 139.859713924 0.99609375
v 149.819095369 346.465836875 149.050874962 0.99609375
v 149.430205758 346.605532193 139.26253758 0.99609375
v 149.913514029 347.078736539 148.8068767 0.99609375
v 149.492817568 346.920033321 139.384624994 0.99609375
v 149.898680909 347.336329347 148.860268448 0.99609375
v 149.884974096 347.482484826 139.190504009 0.99609375
v 149.375551452 347.372706272 148.631950199 0.99609375
v 149.709690892 347.519294401 139.591797695 0.99609375
v 149.844927686 347.587734355 148.807462599 0.99609375
v 149.699697348 348.160246628 139.080634243 0.99609375
v 149.82937337 347.819943404 148.539971526 0.99609375
v 149.44165545 348.426929116 139.467503345 0.99609375
v 149.681689873 348.474887593 149.341965019 0.99609375
v 149.597993809 348.646208628 139.547367653 0.99609375
v 149.439601729 348.809233589 149.045278009 0.99609375
v 149.647553956 349.004898854 139.545398996 0.99609375
v 149.72655373 348.910249195 148.639230307 0.99609375
v 149.882109782 349.181767408 139.283550329 0.99609375
v 149.733647007 349.105095216 149.368984038 0.99609375
v 149.904795272 349.545133315 139.74486424 0.99609375
v 149.904846212 349.583188755 148.712368814 0.99609375
v 149.627975203 349.848030079 139.189331527 0.99609375
v 149.62987594 349.636454876 148.619126861 0.99609375
v 149.791945796 349.909681059 139.35314814 0.99609375
v 149.530991255 349.903179539 149.050573638 0.99609375
v 149.820261035 350.257811235 139.39365774 0.99609375
v 149.366737352 350.069057807 149.19976967 0.99609375
v 149.383411961 350.368977375 139.970270853 0.99609375
v 149.432297515 350.873693798 149.062276008 0.99609375
v 149.73769425 351.042538888 139.244999984 0.99609375
v 149.658755689 350.707746 148.985844884 0.99609375
v 149.693424777 351.356320734 139.516848407 0.99609375
v 149.539005455 351.406928862 148.586276807 0.99609375
v 149.543225121 351.550543472 140.635655297 0.99609375
v 149.898608054 351.457992993 148.829532599 0.99609375
v 149.425415534 351.579599057 141.936678614 0.99609375
v 149.512873699 351.566367426 148.604023203 0.99609375
v 149.558755543 352.058437614 143.408648626 0.99609375
v 149.410380611 352.307606187 149.275895566 0.99609375
v 149.781147827 352.552242102 143.590435138 0.99609375
v 149.756868427 352.577979117 149.087774014 0.99609375
v 149.634400053 352.630329923 144.023411798 0.99609375
v 149.881257403 352.805461174 148.780252034 0.99609375
v 149.480932907 353.028697123 145.444677385 0.99609375
v 149.352287764 353.204578543 148.592354815 0.99609375
v 149.877052732 352.947116252 146.412143307 0.99609375
v 149.410514569 353.34722722 149.260468745 0.99609375
v 149.413941487 353.467479882 147.176052994 0.99609375
v 149.819797934 353.747013793 149.590185384 0.99609375
v 149.781630441 353.780396295 147.63127581 0.99609375
v 149.503543687 353.896392641 149.735456136 0.99609375
v 149.660805816 354.141710357 147.508942387 0.99609375
v 149.808514563 353.892139627 149.595599856 0.99609375
v 149.701546866 354.5454563 148.58832056 0.99609375
v 149.691497995 354.11631804 149.491494099 0.99609375
v 149.809029633 354.754657388 149.365414324 0.99609375
v 150.162570875 327.209865479 137.126356575 0.99609375
v 149.846291014 327.159002271 136.680037395 0.99609375
v 149.662811006 327.535418565 139.233708827 0.99609375
v 149.848923769 327.711970942 137.316311393 0.99609375
v 150.063014414 327.413027558 141.251550589 0.99609375
v 149.790179957 327.942928936 137.148216964 0.99609375
v 149.653405286 328.158650186 142.262752152 0.99609375
v 149.80153562 328.371442285 137.154408198 0.99609375
v 149.789627035 328.114305951 144.730961338 0.99609375
v 149.920873935 328.693790389 136.821484756 0.99609375
v 149.914504808 328.414219863 145.899350324 0.99609375
v 150.067296827 328.918947188 136.622632191 0.99609375
v 149.875100935 328.667264207 145.609172399 0.99609375
v 150.160670606 329.155008949 136.856171109 0.99609375
v 149.925462116 329.05857812 145.937480123 0.99609375
v 150.201416495 329.256751899 136.995145116 0.99609375
v 150.019689412 329.159453661 145.262973818 0.99609375
v 149.990593527 329.508847755 137.203054747 0.99609375
v 149.780956245 329.751379406 145.344304903 0.99609375
v 150.031731715 330.112848468 137.449576787 0.99609375
v 149.760034697 329.759444315 145.365721395 0.99609375
v 149.800795826 330.096837688 137.7176585 0.99609375
v 150.17616899 330.318735101 146.191050621 0.99609375
v 149.987544313 330.440369357 137.49765873 0.99609375
v 150.109140237 330.788510544 145.801200455 0.99609375
v 150.03270611 330.841152431 137.26307116 0.99609375
v 149.65751853 331.042553856 145.810258106 0.99609375
v 149.743115009 331.403349118 137.277702734 0.99609375
v 150.131782106 331.389167004 146.025226602 0.99609375
v 150.089135112 331.184369424 137.158843265 0.99609375
v 149.701693161 331.689202584 146.136694828 0.99609375
v 149.86129597 331.783346316 137.531839964 0.99609375
v 149.737242708 331.852583177 145.974066358 0.99609375
v 150.045446468 331.913652229 137.315357952 0.99609375
v 150.115977422 331.871485542 145.685374836 0.99609375
v 149.843996852 332.402965705 137.534269811 0.99609375
v 150.121426826 332.074098501 145.903774208 0.99609375
v 149.695468347 332.469134237 137.822196167 0.99609375
v 149.876968401 332.652163129 145.809885249 0.99609375
v 149.915285019 332.685996232 137.569069512 0.99609375
v 150.132878976 333.191243241 145.741199719 0.99609375
v 150.00106753 332.977199681 137.154348028 0.99609375
v 149.979009051 332.981040648 145.634486148 0.99609375
v 149.906064203 333.240643878 137.870788807 0.99609375
v 150.047880976 333.625428124 146.324902374 0.99609375
v 149.75452808 334.065075385 137.519774008 0.99609375
v 149.661225863 333.811453513 145.57861385 0.99609375
v 150.142675398 334.147570463 138.125628609 0.99609375
v 149.976477603 333.89095312 145.68701034 0.99609375
v 149.886432451 334.202954682 137.976749066 0.99609375
v 149.642306358 334.330692024 146.030989572 0.99609375
v 150.197717948 334.496857704 137.630350439 0.99609375
v 149.706542743 334.705539675 146.728367623 0.99609375
v 149.848013616 334.904499991 138.187041465 0.99609375
v 149.697838337 335.007458866 146.700664173 0.99609375
v 149.865890241 335.385415599 137.664741952 0.99609375
v 150.205472508 335.256762893 146.213116293 0.99609375
v 149.978677158 335.445535704 137.52236729 0.99609375
v 149.693051524 335.735419522 146.147757575 0.99609375
v 150.050430871 335.741411128 138.254523873 0.99609375
v 149.737513506 335.779387319 146.667674421 0.99609375
v 150.084057819 335.941544936 138.800506902 0.99609375
v 149.738451141 336.023028638 146.92240719 0.99609375
v 149.770327211 336.657403163 138.828367714 0.99609375
v 149.788008298 336.510850208 147.004982025 0.99609375
v 150.048023326 336.956319745 138.806485266 0.99609375
v 149.676619694 336.779053421 147.073609144 0.99609375
v 149.653356434 336.897633134 138.396771416 0.99609375
v 149.703624018 336.996535111 146.560023488 0.99609375
v 149.660615317 337.474547864 138.537931888 0.99609375
v 150.158803966 337.173686905 147.114066578 0.99609375
v 149.954505578 337.399509053 138.225943566 0.99609375
v 149.708192356 337.413776935 147.197600037 0.99609375
v 149.965432798 337.657575563 139.113503653 0.99609375
v 149.646246961 337.814789339 147.439696152 0.99609375
v 149.865617901 338.019878881 139.415810975 0.99609375
v 149.973660608 338.356424322 147.352315249 0.99609375
v 149.874010402 338.602308451 138.752540672 0.99609375
v 149.810021383 338.491594911 148.300005591 0.99609375
v 150.157815815 338.669702378 139.435352962 0.99609375
v 149.647586133 338.505198975 148.005501231 0.99609375
v 149.7308705 339.005821031 139.215620574 0.99609375
v 149.813764804 338.935216333 148.032398894 0.99609375
v 149.940096992 339.382019262 138.827775416 0.99609375
v 149.74933402 339.198932381 147.859415405 0.99609375
v 149.8465243 339.453539973 139.234932622 0.99609375
v 150.023861472 339.74686468 147.90621888 0.99609375
v 149.793299121 340.151559444 139.277444561 0.99609375
v 150.160133496 340.07258259 147.695827219 0.99609375
v 149.661023895 340.428676385 138.709666845 0.99609375
v 149.928610768 340.243187249 148.160472141 0.99609375
v 150.207311468 340.535214558 139.271946986 0.99609375
v 149.862540032 340.709226803 148.604011354 0.99609375
v 149.704103424 340.489054118 139.163101371 0.99609375
v 150.084632358 340.924558207 148.568910698 0.99609375
v 150.005925939 341.06538871 139.619636354 0.99609375
v 150.194945431 340.944751469 148.728929541 0.99609375
v 150.17105912 341.384332831 139.065532073 0.99609375
v 150.205891708 341.239459848 148.116303348 0.99609375
v 149.793158721 341.370341917 139.391265006 0.99609375
v 149.748593438 341.371221003 148.804946586 0.99609375
v 149.741878842 342.171965319 139.349654911 0.99609375
v 149.941247756 342.175617853 148.426692861 0.99609375
v 150.164843686 342.267269488 139.274231326 0.99609375
v 149.9662758 342.08672567 148.254454695 0.99609375
v 149.886514281 342.298040019 139.81464341 0.99609375
v 149.668472146 342.508036701 148.788804676 0.99609375
v 150.178839449 342.513995792 139.760551283 0.99609375
v 150.219141235 342.586233662 148.192319361 0.99609375
v 150.075237803 343.294095917 139.064489915 0.99609375
v 149.812179766 342.850363887 148.227570089 0.99609375
v 149.827138665 343.108824911 139.888964541 0.99609375
v 149.918916517 343.50315384 148.906020839 0.99609375
v 149.725789886 343.805380958 139.237262624 0.99609375
v 149.950159214 343.88826495 148.933993924 0.99609375
v 149.938813997 343.979691563 139.590461082 0.99609375
v 149.678019126 343.676064132 148.781264553 0.99609375
v 149.889182614 344.104130683 139.092429324 0.99609375
v 149.915418571 344.038509707 148.774651236 0.99609375
v 150.040580171 344.5561563 139.661897139 0.99609375
v 149.996649125 344.479764455 148.299312062 0.99609375
v 149.750877545 344.650244473 139.035830874 0.99609375
v 150.0264314 344.899548973 148.750836246 0.99609375
v 149.985041732 344.966958395 139.932347098 0.99609375
v 150.054810067 344.865196932 148.985219315 0.99609375
v 150.066209911 345.195676326 139.325662955 0.99609375
v 150.121361897 345.406186262 149.279982823 0.99609375
v 149.939074352 345.434295348 139.76861676 0.99609375
v 149.905387533 345.679226057 148.991548548 0.99609375
v 149.979170745 345.714529519 139.690571976 0.99609375
v 149.726530541 346.203344258 148.638505756 0.99609375
v 150.214322175 346.079404122 139.041884397 0.99609375
v 150.195117597 346.157504741 149.378518555 0.99609375
v 150.058431241 346.292435011 139.965645914 0.99609375
v 149.776406111 346.636833511 148.642107772 0.99609375
v 150.113288754 346.872403712 139.946757376 0.99609375
v 149.878007904 346.705781278 149.041427207 0.99609375
v 149.774651885 347.154573827 139.166886533 0.99609375
v 149.970291289 347.281872527 149.183008829 0.99609375
v 149.77832107 347.248298522 139.36099348 0.99609375
v 149.853486078 347.50079346 148.766394686 0.99609375
v 149.671481816 347.672981918 139.918260451 0.99609375
v 149.879926391 347.441924959 148.619194421 0.99609375
v 149.660076754 348.1711235 139.599597537 0.99609375
v 149.924326116 348.001237148 148.774614696 0.99609375
v 149.647615881 348.068064724 139.099096859 0.99609375
v 149.855795897 348.107481151 149.004706925 0.99609375
v 149.890781907 348.463975049 139.734648271 0.99609375
v 149.935190259 348.663168445 149.003242427 0.99609375
v 150.125232551 348.97819633 139.212073011 0.99609375
v 150.216356626 348.983804351 149.388697258 0.99609375
v 150.199358771 348.979327124 139.380997774 0.99609375
v 149.655448298 349.210433994 148.538233682 0.99609375
v 150.146110687 349.645539153 139.41796779 0.99609375
v 149.884586627 349.519705521 149.174340924 0.99609375
v 149.676198014 349.988726738 139.130923176 0.99609375
v 149.728789593 349.49081474 148.990252672 0.99609375
v 149.824805965 350.250719374 139.397005797 0.99609375
v 149.79828746 350.139321663 149.235978086 0.99609375
v 150.164869589 350.168475858 139.643777285 0.99609375
v 150.19878054 350.210436006 149.304702563 0.99609375
v 149.679086686 350.593067461 139.071612566 0.99609375
v 149.709333468 350.709793332 149.338172939 0.99609375
v 150.004524784 351.034081564 139.144824347 0.99609375
v 149.746680537 350.987607433 148.782705582 0.99609375
v 149.873758148 351.427888422 139.804489511 0.99609375
v 150.043230406 351.473365567 148.806774315 0.99609375
v 149.932573435 351.735661849 140.611714638 0.99609375
v 150.084511893 351.285041017 149.120920896 0.99609375
v 149.791624337 351.943138524 141.690358248 0.99609375
v 149.925970182 351.668141887 148.54304001 0.99609375
v 149.742057508 352.117184494 142.923814366 0.99609375
v 150.21601035 351.84141993 149.281712478 0.99609375
v 149.890028161 352.457412377 144.330720731 0.99609375
v 149.923298523 352.55317819 148.709873513 0.99609375
v 149.925096847 352.687398884 144.472872535 0.99609375
v 150.09079546 352.616540919 149.634955085 0.99609375
v 149.929519845 353.174051908 145.884596452 0.99609375
v 150.082537856 353.06537372 149.041805282 0.99609375
v 150.183873535 353.091500336 145.678764852 0.99609375
v 149.733434565 353.157509342 149.819082697 0.99609375
v 149.941129933 353.270914895 147.321831759 0.99609375
v 150.201310041 353.237033988 149.440123991 0.99609375
v 149.84037744 353.685604058 147.664355366 0.99609375
v 150.141516095 353.786156395 149.640080045 0.99609375
v 149.729336086 354.242600834 147.983085678 0.99609375
v 150.190104694 353.974302861 149.01130991 0.99609375
v 149.685783315 354.133647076 148.053960107 0.99609375
v 149.935670973 354.150374114 149.310548141 0.99609375
v 149.896338676 354.629804111 149.625925068 0.99609375
v 150.168159178 327.377544218 136.525302627 0.99609375
v 150.00394109 327.538853081 137.146358663 0.99609375
v 150.380369908 327.257152202 139.020810099 0.99609375
v 150.309390622 327.578664226 137.108890987 0.99609375
v 150.207404222 327.854369596 140.694787898 0.99609375
v 150.152016385 327.922781037 137.464139004 0.99609375
v 150.017172716 328.192354966 142.96500521 0.99609375
v 150.08238691 328.041026747 137.440543754 0.99609375
v 150.443711284 328.227652472 144.011181079 0.99609375
v 150.09513904 328.526372153 136.926406568 0.99609375
v 149.971785606 328.655553867 145.317297651 0.99609375
v 150.211553988 328.848369867 136.972698137 0.99609375
v 150.157289665 328.582444456 145.305081331 0.99609375
v 150.451713893 329.074048231 137.059970394 0.99609375
v 150.291557001 329.292679899 145.790541099 0.99609375
v 149.933434598 329.328090113 136.907896059 0.99609375
v 150.118804287 329.327777575 145.844524178 0.99609375
v 150.081762041 329.67225796 137.033729381 0.99609375
v 150.121132836 329.973049321 145.969253391 0.99609375
v 150.269081972 330.112852499 137.560372283 0.99609375
v 150.256174823 330.278427678 146.098582716 0.99609375
v 150.163011087 330.090810838 137.799179862 0.99609375
v 149.961412798 330.493826038 145.638075587 0.99609375
v 150.325178187 330.60694087 137.284128293 0.99609375
v 150.507899116 330.550067739 146.424857723 0.99609375
v 150.163690873 330.755777929 137.268075356 0.99609375
v 150.020760488 331.123182376 145.85672102 0.99609375
v 150.272482056 331.262548477 137.03695855 0.99609375
v 150.189497848 330.975840779 146.42002585 0.99609375
v 149.956400789 331.272520726 137.279591961 0.99609375
v 150.180087203 331.516771711 145.560543301 0.99609375
v 150.365511927 331.819993117 137.416994638 0.99609375
v 150.021444382 331.684065949 145.865812486 0.99609375
v 150.422194384 331.966769098 137.577594687 0.99609375
v 150.360191309 331.828630758 145.538985666 0.99609375
v 150.061230157 332.334955233 137.265826077 0.99609375
v 150.245612057 332.507261605 146.055260327 0.99609375
v 150.096921381 332.843319666 137.96913476 0.99609375
v 150.332561777 332.83593905 145.752739575 0.99609375
v 150.0480198 333.03852317 137.798866128 0.99609375
v 150.327054848 332.882847403 146.141220527 0.99609375
v 150.326962294 333.074505025 137.161258368 0.99609375
v 150.045968167 333.302906377 146.167803388 0.99609375
v 150.317835589 333.634102698 137.121707404 0.99609375
v 150.157499168 333.46124432 145.623151563 0.99609375
v 150.058980843 333.615301701 137.851356168 0.99609375
v 150.436163345 333.868083906 146.029819949 0.99609375
v 149.94374068 334.011759764 137.666959398 0.99609375
v 150.369639001 334.309214182 146.073666846 0.99609375
v 150.369469132 334.178323071 138.329482851 0.99609375
v 149.932415671 334.528235351 146.056762326 0.99609375
v 150.364951177 334.830730864 137.886095577 0.99609375
v 150.145552677 334.372368852 146.410123903 0.99609375
v 150.447851663 335.115625295 138.329507952 0.99609375
v 150.338383006 335.207912609 146.244951539 0.99609375
v 150.044821892 335.359166171 138.356982128 0.99609375
v 150.184913192 335.231334337 146.698863731 0.99609375
v 149.982731908 335.267912468 137.61854466 0.99609375
v 150.368149808 335.813790046 146.507421163 0.99609375
v 149.93099942 336.085894599 138.904614739 0.99609375
v 150.165949105 335.681356579 146.977719004 0.99609375
v 150.155727309 336.019036 138.013844246 0.99609375
v 150.042916087 335.954399012 146.999399042 0.99609375
v 150.422234227 336.65128179 138.942729573 0.99609375
v 150.08971748 336.531379558 147.472054423 0.99609375
v 150.387916226 336.831239963 138.472915702 0.99609375
v 150.264042645 336.535512226 146.767477622 0.99609375
v 149.949173863 336.764935985 138.508530189 0.99609375
v 150.338585124 336.939119559 147.21894661 0.99609375
v 150.065039588 337.152502911 138.382919799 0.99609375
v 150.329770872 337.283998753 147.453256371 0.99609375
v 150.371081788 337.671054333 138.681402205 0.99609375
v 149.974923426 337.494782499 147.788461165 0.99609375
v 150.460655056 337.592643239 138.814277059 0.99609375
v 150.293895772 338.008313067 147.012739001 0.99609375
v 150.217793075 338.271988832 138.566490203 0.99609375
v 150.002397674 338.241869793 147.918502249 0.99609375
v 150.426988032 338.408717559 139.212263936 0.99609375
v 150.235068571 338.31352872 147.699106641 0.99609375
v 150.502724521 338.462344691 139.14686837 0.99609375
v 150.406447632 338.516460359 147.584995622 0.99609375
v 150.057609932 339.140660403 138.64633274 0.99609375
v 149.935005258 338.724646431 148.073206687 0.99609375
v 150.158235064 339.388644815 138.959950855 0.99609375
v 150.464120336 339.098871239 147.563332327 0.99609375
v 150.183127029 339.445358716 138.573206179 0.99609375
v 150.060466903 339.660288712 148.242203961 0.99609375
v 150.44555008 339.973026769 139.139402153 0.99609375
v 150.235855707 339.886592332 148.36667861 0.99609375
v 150.187096286 340.023106717 138.600014961 0.99609375
v 150.092536955 340.342402326 148.437350637 0.99609375
v 150.176735382 340.679088324 138.596327244 0.99609375
v 149.935623348 340.558072715 148.021530886 0.99609375
v 150.155524957 340.987237343 139.363521022 0.99609375
v 150.132314162 340.497530452 148.670056448 0.99609375
v 150.169483203 340.943715941 139.54388469 0.99609375
v 150.159262609 341.233845545 148.340428887 0.99609375
v 149.987094815 341.421835644 139.296809611 0.99609375
v 150.496447325 341.58619467 148.238745597 0.99609375
v 150.111252374 341.757211729 139.126067024 0.99609375
v 150.174831545 341.527370952 148.555976123 0.99609375
v 150.035092482 341.664248755 139.32130775 0.99609375
v 150.272501853 341.814114877 148.28030093 0.99609375
v 150.00515018 342.168526411 139.299497491 0.99609375
v 150.426326285 341.998650038 148.533859688 0.99609375
v 150.033991986 342.24603588 139.143584784 0.99609375
v 149.956255135 342.495905832 148.129723361 0.99609375
v 150.164919626 342.886910992 139.813265055 0.99609375
v 149.949108321 342.643576806 148.313361798 0.99609375
v 150.228816782 342.884533931 139.750010437 0.99609375
v 150.071525471 343.145082291 148.665197863 0.99609375
v 150.084321813 343.420408865 139.003179511 0.99609375
v 150.202931841 343.304093198 148.966416891 0.99609375
v 150.368624685 343.442263923 139.892873978 0.99609375
v 149.944637269 343.916261766 148.011847331 0.99609375
v 150.490037339 343.997871019 139.365019339 0.99609375
v 150.337264684 344.130912874 148.875609706 0.99609375
v 150.291110254 344.426049134 139.928939755 0.99609375
v 150.175079556 344.155212115 149.18107626 0.99609375
v 150.071931577 344.628490768 139.293353029 0.99609375
v 150.258065852 344.658431393 148.893257478 0.99609375
v 150.040550645 344.716282047 139.794091756 0.99609375
v 150.277264847 344.986389117 149.303599682 0.99609375
v 150.031994098 344.991225948 139.882010961 0.99609375
v 150.302441246 344.825251693 148.806088111 0.99609375
v 150.401769461 345.423180995 139.565099838 0.99609375
v 150.480020006 345.304400422 148.667265581 0.99609375
v 150.488356868 345.527678213 139.72722254 0.99609375
v 150.036655361 345.720465418 149.133207682 0.99609375
v 150.058196112 345.730828871 139.344423425 0.99609375
v 150.449974271 346.248235528 149.017460552 0.99609375
v 150.383506378 346.063316019 139.378097567 0.99609375
v 150.434326239 346.003748439 148.584009674 0.99609375
v 150.307582305 346.52115971 139.913934442 0.99609375
v 150.310676387 346.605489934 149.176223417 0.99609375
v 150.318673838 347.075623134 139.377967958 0.99609375
v 149.960392193 346.693144389 148.647283386 0.99609375
v 150.182658618 347.328710748 139.117851687 0.99609375
v 150.218148941 347.033831807 149.303699574 0.99609375
v 149.942029588 347.375033637 139.77789819 0.99609375
v 150.411896163 347.582102137 149.106707093 0.99609375
v 150.284485795 347.487402979 139.978873499 0.99609375
v 149.96118125 347.798116456 148.845817057 0.99609375
v 150.197430827 348.017066984 139.228599794 0.99609375
v 150.138658089 348.182872409 148.737092689 0.99609375
v 150.320656802 348.481548305 139.186939757 0.99609375
v 150.39509856 348.299314097 148.975096327 0.99609375
v 149.956820281 348.616456729 139.949713408 0.99609375
v 150.256273498 348.322142503 148.538629692 0.99609375
v 150.463133687 349.012771717 139.419407128 0.99609375
v 150.025895781 349.053456347 148.693402223 0.99609375
v 150.407984392 349.369130737 139.135566739 0.99609375
v 150.010322164 349.059756439 149.096090654 0.99609375
v 150.317550769 349.265819696 139.223312768 0.99609375
v 150.488237497 349.700962152 148.749285498 0.99609375
v 150.329218063 349.521613266 139.068585255 0.99609375
v 150.171825072 349.604495669 148.507173482 0.99609375
v 150.207460815 350.153918367 139.43172542 0.99609375
v 150.134882042 350.235104675 148.794492812 0.99609375
v 150.035770981 350.15827852 139.863498223 0.99609375
v 150.155014767 350.521986424 149.318002372 0.99609375
v 150.424065935 350.873065321 139.418008851 0.99609375
v 150.216957632 350.538325033 149.235686176 0.99609375
v 150.348699096 350.959727465 139.860516882 0.99609375
v 150.347508384 351.078300377 148.544233651 0.99609375
v 150.006397805 351.342055902 140.313902963 0.99609375
v 150.436679603 351.391866758 149.473853097 0.99609375
v 150.410632636 351.666390661 141.397602372 0.99609375
v 150.152109883 351.676527879 149.365433105 0.99609375
v 150.319760018 351.726952974 141.980150749 0.99609375
v 150.407369484 351.820890107 149.085116277 0.99609375
v 150.24395153 351.80512696 142.8647037 0.99609375
v 150.200245243 352.146346156 149.636905258 0.99609375
v 150.451968145 352.517167684 144.081066192 0.99609375
v 150.426740984 352.606861694 149.578755262 0.99609375
v 150.009999795 352.778609069 144.035572948 0.99609375
v 150.372709525 352.765323758 149.026120576 0.99609375
v 150.170801374 353.193661332 145.206039252 0.99609375
v 150.267954506 352.976472511 149.307435972 0.99609375
v 149.947127755 353.074516215 146.410532333 0.99609375
v 150.058930411 353.349210734 149.277062681 0.99609375
v 150.424362545 353.472996812 147.477745758 0.99609375
v 150.488227638 353.608295767 149.31857365 0.99609375
v 150.376548199 353.633182636 147.03939973 0.99609375
v 150.373206119 353.987146019 149.791844136 0.99609375
v 150.49656732 354.256474541 148.010757135 0.99609375
v 150.116607121 354.145561191 149.745759703 0.99609375
v 150.020666724 354.416625898 148.481518878 0.99609375
v 150.267238854 354.557445964 149.978404016 0.99609375
v 150.21904244 354.477683931 149.010924374 0.99609375
v 150.093557555 355.087692079 150.310525191 0.99609375
v 150.471923457 327.137344889 136.681787305 0.99609375
v 150.500076993 327.615051602 137.129937614 0.99609375
v 150.521636143 327.129636627 138.505850243 0.99609375
v 150.613126605 327.938842757 137.100018186 0.99609375
v 150.744334943 327.706763663 140.683375882 0.99609375
v 150.513925613 327.948528042 136.531838502 0.99609375
v 150.795729411 328.08844815 142.559418113 0.99609375
v 150.534167266 328.273469062 136.504356783 0.99609375
v 150.496011187 328.010584868 144.019439465 0.99609375
v 150.402528663 328.579040402 136.981454503 0.99609375
v 150.638370161 328.638618501 145.567535452 0.99609375
v 150.737348719 328.862259018 136.974000592 0.99609375
v 150.589446967 328.712438268 145.532798514 0.99609375
v 150.43360732 329.290483588 137.360320848 0.99609375
v 150.291285183 329.246315818 145.789507261 0.99609375
v 150.61337867 329.182976928 137.326692657 0.99609375
v 150.524075453 329.282556353 145.989344369 0.99609375
v 150.387288482 329.743129869 137.372661129 0.99609375
v 150.272915187 329.882807202 146.433692158 0.99609375
v 150.596017792 329.877599043 137.727402536 0.99609375
v 150.535271084 329.997147448 145.774489012 0.99609375
v 150.586616318 330.428990195 137.800213813 0.99609375
v 150.545314208 330.430200633 145.555015562 0.99609375
v 150.601980612 330.4814553 137.061952786 0.99609375
v 150.696545359 330.877559285 145.910498807 0.99609375
v 150.692382047 331.064136768 137.585050577 0.99609375
v 150.674996495 330.987261175 145.708261103 0.99609375
v 150.379348353 331.175521639 137.321729928 0.99609375
v 150.425367677 331.383209827 145.870653366 0.99609375
v 150.507543649 331.227907784 137.10866483 0.99609375
v 150.389794947 331.24190507 145.923405763 0.99609375
v 150.432832899 331.955544755 137.650119141 0.99609375
v 150.573758174 331.582291347 145.886469049 0.99609375
v 150.358838819 331.773300412 137.572315203 0.99609375
v 150.374747802 332.239218663 145.62604752 0.99609375
v 150.356217036 332.323916677 137.557637685 0.99609375
v 150.770612909 332.290782224 146.09881312 0.99609375
v 150.600641725 332.727572451 137.293889059 0.99609375
v 150.245106924 332.75974198 146.115561561 0.99609375
v 150.622400332 332.838571062 137.655356783 0.99609375
v 150.716666999 333.120769483 146.066754061 0.99609375
v 150.755123207 332.960575631 137.035869266 0.99609375
v 150.482192519 333.322708937 146.357294484 0.99609375
v 150.274600722 333.652915123 137.551892694 0.99609375
v 150.570403088 333.55234283 146.992610608 0.99609375
v 150.793186392 333.630681353 137.41976872 0.99609375
v 150.796254808 333.70853831 146.228442322 0.99609375
v 150.288358219 334.135411009 137.873651375 0.99609375
v 150.524810345 334.137938213 146.684416127 0.99609375
v 150.56491787 334.146458672 137.895878566 0.99609375
v 150.28009658 334.273005991 146.268105124 0.99609375
v 150.332257536 334.819114089 138.111049109 0.99609375
v 150.465369505 334.570158111 146.68689596 0.99609375
v 150.79867319 334.776304317 137.568262589 0.99609375
v 150.229965886 334.763282333 146.232276142 0.99609375
v 150.777231808 335.318302599 138.18121364 0.99609375
v 150.544506174 335.486577395 146.318315363 0.99609375
v 150.577555024 335.636503542 138.036251581 0.99609375
v 150.495127015 335.356829273 146.419720095 0.99609375
v 150.333341547 335.643272273 138.76991897 0.99609375
v 150.53256731 335.87774611 146.675472435 0.99609375
v 150.356375464 335.969848992 138.461438211 0.99609375
v 150.479228674 335.885830602 147.128638167 0.99609375
v 150.788985966 336.245807365 138.038909377 0.99609375
v 150.705443277 336.577573332 147.047375992 0.99609375
v 150.315385634 336.431301978 138.670191697 0.99609375
v 150.750323494 336.952207882 146.750515881 0.99609375
v 150.675796114 337.021943016 138.431990602 0.99609375
v 150.248331583 337.009472734 146.922606454 0.99609375
v 150.579487268 337.229617116 138.276694676 0.99609375
v 150.38638806 337.045623292 147.203221416 0.99609375
v 150.771994211 337.289748519 138.188498384 0.99609375
v 150.637521426 337.677185882 147.921283672 0.99609375
v 150.515010147 337.606699625 138.58907715 0.99609375
v 150.487111405 337.685797552 147.504600503 0.99609375
v 150.542620314 338.183932037 139.250623211 0.99609375
v 150.431023419 338.149355345 147.993265773 0.99609375
v 150.793342475 338.303103563 139.397762036 0.99609375
v 150.51288079 338.658140809 147.992492899 0.99609375
v 150.413482346 338.555335574 139.210112042 0.99609375
v 150.231092142 338.682671382 148.47509971 0.99609375
v 150.681642288 339.248902 139.363554074 0.99609375
v 150.685691124 338.868612216 148.269009077 0.99609375
v 150.456009714 339.135915313 138.862105811 0.99609375
v 150.363636365 339.239623952 147.573301887 0.99609375
v 150.46119447 339.632509375 138.682912859 0.99609375
v 150.470083173 339.796455183 147.752013641 0.99609375
v 150.64682405 339.737734338 139.358630343 0.99609375
v 150.753605333 339.930453851 148.419967596 0.99609375
v 150.410104034 340.413457832 139.22568168 0.99609375
v 150.594332664 339.98960715 148.471463623 0.99609375
v 150.655212987 340.723124809 139.054538762 0.99609375
v 150.286783712 340.25208443 148.839052119 0.99609375
v 150.75677282 340.944605966 139.614478664 0.99609375
v 150.583640566 340.597328895 148.087748213 0.99609375
v 150.497752046 340.969453962 139.937641588 0.99609375
v 150.274135969 340.915241594 148.086763393 0.99609375
v 150.384080254 341.263219233 139.219417131 0.99609375
v 150.547074878 341.404930099 148.345140886 0.99609375
v 150.519563681 341.900029576 139.040982609 0.99609375
v 150.382666074 341.341491483 148.016264547 0.99609375
v 150.629728487 341.918599817 139.556866738 0.99609375
v 150.695152659 341.686574272 148.542351094 0.99609375
v 150.566687093 342.342711082 139.25997304 0.99609375
v 150.682471492 342.417429122 148.834456214 0.99609375
v 150.364323583 342.685426864 139.428466534 0.99609375
v 150.38687334 342.260689461 148.201686918 0.99609375
v 150.697555271 343.057007636 139.037411541 0.99609375
v 150.500626891 342.592754417 148.628191321 0.99609375
v 150.29237131 343.015848901 139.784221346 0.99609375
v 150.473199536 342.851306074 148.314952932 0.99609375
v 150.707323447 343.529863953 139.507805208 0.99609375
v 150.285559635 343.571331759 148.868418108 0.99609375
v 150.492626258 343.893810561 139.464971669 0.99609375
v 150.493770498 343.573816105 148.158149303 0.99609375
v 150.551158663 344.158798281 139.859793206 0.99609375
v 150.767952817 343.935046435 148.531465002 0.99609375
v 150.268776665 344.435674861 139.376634244 0.99609375
v 150.500750312 344.25202724 148.672795309 0.99609375
v 150.67197159 344.745953701 139.435865022 0.99609375
v 150.416874464 344.455152946 149.298195293 0.99609375
v 150.724870055 345.069527389 139.933158981 0.99609375
v 150.592289384 344.574457437 149.424980177 0.99609375
v 150.552036347 344.831168619 139.320221893 0.99609375
v 150.345174822 345.20045864 148.80900952 0.99609375
v 150.559013203 345.258563437 139.439776347 0.99609375
v 150.440451467 345.426228539 148.518974648 0.99609375
v 150.517984833 345.651455067 139.648890028 0.99609375
v 150.448884539 345.8292966 148.544421452 0.99609375
v 150.738556983 346.07606632 139.840550266 0.99609375
v 150.433671869 346.192571372 148.776223656 0.99609375
v 150.25355042 346.214713871 139.025380802 0.99609375
v 150.407862884 346.238090688 149.344471439 0.99609375
v 150.295812099 346.597873676 139.472214972 0.99609375
v 150.511856558 346.408847525 148.921425271 0.99609375
v 150.301793847 346.924997485 139.308720687 0.99609375
v 150.750011249 346.623053641 149.473934991 0.99609375
v 150.348384761 347.14781562 139.979662901 0.99609375
v 150.713383545 347.307814182 148.998141962 0.99609375
v 150.449788074 347.342277069 139.783791174 0.99609375
v 150.714800347 347.451628245 148.5489567 0.99609375
v 150.670145226 347.988258611 139.199897641 0.99609375
v 150.676549862 347.954341348 148.761378713 0.99609375
v 150.758857167 347.878838827 139.756838967 0.99609375
v 150.498098755 347.729686812 148.716532714 0.99609375
v 150.325699021 348.388436622 139.262465534 0.99609375
v 150.332835511 348.296521759 149.280558649 0.99609375
v 150.479680078 348.447809596 139.321704471 0.99609375
v 150.693915004 348.441478874 149.295044068 0.99609375
v 150.451865638 348.595982905 139.064252894 0.99609375
v 150.581112553 348.611218371 149.055433886 0.99609375
v 150.794788547 349.427573581 139.778367616 0.99609375
v 150.484781662 348.893468528 149.493661991 0.99609375
v 150.536019068 349.317782337 139.762172504 0.99609375
v 150.482513924 349.241628309 149.353700854 0.99609375
v 150.457108633 349.487726136 139.817034807 0.99609375
v 150.363481002 349.56435978 148.777174175 0.99609375
v 150.629319484 350.18441864 139.001270647 0.99609375
v 150.397365922 350.256592299 148.865911977 0.99609375
v 150.651213173 350.50552916 139.385346332 0.99609375
v 150.257839896 350.575670011 149.450749319 0.99609375
v 150.246788611 350.434379826 139.842452823 0.99609375
v 150.557252676 350.829365899 148.730113608 0.99609375
v 150.475389346 350.68421907 139.035380656 0.99609375
v 150.456444173 350.99513048 148.602863335 0.99609375
v 150.235009774 351.034555433 139.595972296 0.99609375
v 150.430221437 351.183285064 149.772505937 0.99609375
v 150.620268141 351.508142575 140.763778677 0.99609375
v 150.442470844 351.660769476 149.206190981 0.99609375
v 150.302136112 351.663770178 142.446759839 0.99609375
v 150.277827572 351.592242554 149.70839493 0.99609375
v 150.326103034 351.796083346 143.26451056 0.99609375
v 150.412791496 352.179400527 149.809400681 0.99609375
v 150.407872095 352.515459649 144.104873071 0.99609375
v 150.627825364 352.466935278 149.682853586 0.99609375
v 150.410135551 352.895303896 144.127258301 0.99609375
v 150.523433974 352.793286009 149.592428996 0.99609375
v 150.284278689 353.092463027 145.611338025 0.99609375
v 150.313085559 352.772030862 149.448878514 0.99609375
v 150.275324134 353.296146869 145.857416419 0.99609375
v 150.575125701 353.093796733 149.348371903 0.99609375
v 150.458429421 353.222790013 147.379531318 0.99609375
v 150.393169485 353.787745252 149.234788228 0.99609375
v 150.472176704 353.515074151 147.877454025 0.99609375
v 150.77322862 353.733488093 149.800383108 0.99609375
v 150.473881496 354.013925114 148.337119146 0.99609375
v 150.648505094 353.822439904 149.519949693 0.99609375
v 150.457029998 354.276805054 148.901811898 0.99609375
v 150.499659936 354.449858204 149.943301284 0.99609375
v 150.496189288 354.602479287 149.949649781 0.99609375
v 150.503949102 354.964382546 150.374437798 0.99609375
v 151.014606484 327.378886909 136.581695603 0.99609375
v 150.854072328 327.320585852 137.469627748 0.99609375
v 150.840063338 327.445882734 138.504939567 0.99609375
v 150.74187376 327.643258855 136.948641841 0.99609375
v 150.912025718 327.521370571 140.933841186 0.99609375
v 150.89635169 327.982413671 136.885175865 0.99609375
v 150.763945774 328.039203881 142.255618476 0.99609375
v 150.69028434 328.428539533 136.672939878 0.99609375
v 150.52960306 328.201086567 144.598826359 0.99609375
v 150.731448732 328.435210416 136.647697733 0.99609375
v 151.047350723 328.57734433 145.130724709 0.99609375
v 150.704389187 328.693091114 137.130584428 0.99609375
v 151.089076385 328.811722733 145.173945777 0.99609375
v 150.555733041 329.006622278 136.605827438 0.99609375
v 150.893081474 328.873853667 145.555456685 0.99609375
v 150.986428937 329.485757602 136.560673328 0.99609375
v 151.022923531 329.48325342 145.207822426 0.99609375
v 150.60919709 329.866173556 137.151070018 0.99609375
v 150.749804484 329.4553652 145.530060786 0.99609375
v 150.640904428 330.000910763 137.497848521 0.99609375
v 150.945443509 330.012945958 146.22194013 0.99609375
v 150.807006909 330.401250518 137.794090511 0.99609375
v 151.065414251 330.025915436 145.74511049 0.99609375
v 150.966255687 330.56475579 137.192883108 0.99609375
v 150.950373607 330.354613527 145.891260966 0.99609375
v 150.760776828 330.846137678 137.297842955 0.99609375
v 150.837678451 330.689119009 146.297124718 0.99609375
v 150.836848992 331.342569813 137.25146442 0.99609375
v 150.56585113 331.350784683 146.438845159 0.99609375
v 150.855026858 331.612391805 137.485469934 0.99609375
v 150.639523047 331.532658386 145.590909155 0.99609375
v 150.706532857 331.547859278 137.602854585 0.99609375
v 150.840306268 331.808377769 145.551037444 0.99609375
v 150.645000733 332.325730937 137.036317989 0.99609375
v 150.51662436 332.252540764 145.529133852 0.99609375
v 150.626316706 332.430290892 137.173924728 0.99609375
v 150.798939636 332.391532978 145.708885804 0.99609375
v 150.828719262 332.413011061 137.868773344 0.99609375
v 150.850653484 332.381250027 146.332301943 0.99609375
v 150.905189148 332.640912362 137.640343125 0.99609375
v 150.595374837 332.711684365 145.516636397 0.99609375
v 150.867273477 332.958026403 137.27603606 0.99609375
v 151.063694717 333.364620666 146.575460293 0.99609375
v 150.554134207 333.340718229 137.233173177 0.99609375
v 150.739009589 333.498455464 146.903149505 0.99609375
v 150.644632437 333.869591169 137.022284874 0.99609375
v 150.570335539 334.048318152 146.126285216 0.99609375
v 150.574298312 334.140838221 137.529157209 0.99609375
v 150.753179714 334.080069165 146.220036207 0.99609375
v 150.907403549 334.489687097 137.734049673 0.99609375
v 150.627177148 334.1576211 146.380353611 0.99609375
v 150.59340341 334.540870715 137.628773892 0.99609375
v 150.570290359 334.520442223 146.053705995 0.99609375
v 150.906177212 334.879004927 138.010621275 0.99609375
v 151.060641633 334.997775188 146.288744665 0.99609375
v 150.701937406 335.180133393 138.066677729 0.99609375
v 150.805250945 335.494424601 146.222727706 0.99609375
v 150.759921417 335.508303717 138.057833989 0.99609375
v 150.885213139 335.510314764 146.274382353 0.99609375
v 150.949937942 335.761610655 138.71751173 0.99609375
v 150.913053699 335.547749511 147.011240518 0.99609375
v 150.53349661 336.062233332 138.062249475 0.99609375
v 150.963958459 335.939011131 146.656348966 0.99609375
v 150.647185841 336.554244108 138.75712231 0.99609375
v 150.543738652 336.660334226 147.20084831 0.99609375
v 151.048698639 336.877605605 138.114191057 0.99609375
v 150.758498278 336.408436422 146.938441341 0.99609375
v 150.836826337 337.26626574 138.063968526 0.99609375
v 150.986237236 337.034641865 147.062193384 0.99609375
v 150.522788736 337.284264009 138.122784359 0.99609375
v 150.8084966 337.300504608 147.975189702 0.99609375
v 150.698367793 337.542990643 138.531230598 0.99609375
v 150.817682299 337.470128182 147.191339003 0.99609375
v 150.864605859 337.60441931 139.312057965 0.99609375
v 150.690320719 338.064965317 147.345429413 0.99609375
v 150.559782964 338.142412317 138.816678413 0.99609375
v 150.777210503 338.295825231 148.179747349 0.99609375
v 150.733595245 338.641561054 138.749124127 0.99609375
v 150.925752788 338.423318682 147.583613691 0.99609375
v 150.858908945 338.640865947 139.462579736 0.99609375
v 150.984342665 338.987659533 147.645460082 0.99609375
v 151.046783327 339.192094649 139.066610216 0.99609375
v 150.601206877 338.98095006 148.328036481 0.99609375
v 150.57942213 339.52541427 139.020776248 0.99609375
v 150.817730381 339.296793164 147.754207299 0.99609375
v 150.734689625 339.742232863 138.610987217 0.99609375
v 150.763105373 339.765977621 147.736798454 0.99609375
v 150.866594029 340.088281724 139.412334866 0.99609375
v 150.592439576 340.002701023 148.27129497 0.99609375
v 150.850239668 340.298974619 138.67165225 0.99609375
v 150.607264428 339.898396585 148.15135768 0.99609375
v 150.583112528 340.189594678 138.712995035 0.99609375
v 150.683160177 340.197766497 148.481666877 0.99609375
v 150.935346085 340.515290963 139.021273931 0.99609375
v 150.660970164 340.902414697 148.856010998 0.99609375
v 150.797433533 341.177989744 139.685254876 0.99609375
v 150.74399849 341.251287074 148.074688451 0.99609375
v 150.576701695 341.549314927 139.639856535 0.99609375
v 151.0848941 341.399535561 148.109973102 0.99609375
v 150.703980295 341.501018482 139.639661808 0.99609375
v 151.032333457 341.643093282 148.318645162 0.99609375
v 151.030293624 342.031907077 139.085782088 0.99609375
v 150.624653361 342.035933164 148.737808693 0.99609375
v 150.600776901 342.066261788 139.135822685 0.99609375
v 150.998450715 342.20392705 148.884475775 0.99609375
v 150.960329657 342.705172762 139.602699826 0.99609375
v 150.786362485 342.550912896 148.19990333 0.99609375
v 151.068762808 342.508531525 139.561925595 0.99609375
v 150.569049299 342.66658241 148.658585656 0.99609375
v 150.589747957 342.817094602 139.250338837 0.99609375
v 150.936894757 343.338960495 148.272980127 0.99609375
v 150.747594913 343.270595654 139.947911046 0.99609375
v 150.996613167 343.35261258 148.856533746 0.99609375
v 151.016934049 343.434363876 139.117286176 0.99609375
v 150.702383241 343.666508673 148.925346953 0.99609375
v 150.815704861 343.749684476 139.326827712 0.99609375
v 151.06352701 343.915155419 148.972908403 0.99609375
v 151.04574578 343.941815979 139.699546091 0.99609375
v 150.512159649 344.206394693 148.690833875 0.99609375
v 150.612221518 344.565424527 139.651190483 0.99609375
v 150.997917734 344.288121832 148.682850839 0.99609375
v 150.644995509 344.601158234 139.535559723 0.99609375
v 150.990160619 344.758171765 149.375908875 0.99609375
v 150.99201259 345.211051405 139.163931708 0.99609375
v 150.998987397 345.172564398 149.150508622 0.99609375
v 151.057272129 345.117396395 139.153273475 0.99609375
v 150.673203706 345.514508093 148.997905258 0.99609375
v 150.933772245 345.752947176 139.959710989 0.99609375
v 150.921061186 345.956894226 149.493453626 0.99609375
v 150.90832679 346.239289979 139.652599775 0.99609375
v 150.76062675 346.086169584 149.197761254 0.99609375
v 150.672209357 346.117554441 139.935725385 0.99609375
v 150.617099147 346.107359064 149.374926609 0.99609375
v 150.663470707 346.640498197 139.829038726 0.99609375
v 151.041808916 346.424972377 149.287765807 0.99609375
v 150.987471337 346.669215076 139.23581317 0.99609375
v 150.962874593 346.97254643 149.320312547 0.99609375
v 150.83655258 347.140749233 139.315603827 0.99609375
v 151.015086016 347.34877409 148.91484223 0.99609375
v 150.777216928 347.558441937 139.79759576 0.99609375
v 151.053076252 347.639012062 148.556090932 0.99609375
v 150.661496248 347.554410512 139.865424748 0.99609375
v 150.59884969 347.69133648 148.924921101 0.99609375
v 151.020984255 348.116117084 139.016940715 0.99609375
v 150.663989443 348.189880991 148.544987945 0.99609375
v 150.533462025 348.000197694 139.369277552 0.99609375
v 150.570971539 348.157901036 148.899415629 0.99609375
v 150.891259725 348.8348463 139.266646285 0.99609375
v 150.607231506 348.745496116 148.518450458 0.99609375
v 150.650384849 348.856525459 139.369838299 0.99609375
v 151.028507929 348.961368296 148.667161323 0.99609375
v 150.820777221 349.24669411 139.842515083 0.99609375
v 151.003763828 349.391614801 148.702808993 0.99609375
v 150.905584675 349.66177902 139.644390811 0.99609375
v 150.758168353 349.679582871 148.604065488 0.99609375
v 150.573331526 349.555924929 139.163059971 0.99609375
v 151.047509255 349.908243183 149.21177787 0.99609375
v 150.551214323 350.023107171 139.834461619 0.99609375
v 150.79532592 350.055682724 148.677251654 0.99609375
v 150.557972943 350.235107859 139.231820766 0.99609375
v 151.001624506 350.329908269 148.746280558 0.99609375
v 150.670286327 350.419296935 139.25182587 0.99609375
v 150.733173055 350.621616139 149.222064156 0.99609375
v 150.588630175 350.896895966 139.958826355 0.99609375
v 150.696079683 351.134137539 149.441556387 0.99609375
v 150.534490783 350.960804108 139.777895498 0.99609375
v 151.065170688 351.298023647 149.787519425 0.99609375
v 150.641817856 351.200498362 141.310345432 0.99609375
v 150.874286616 351.689580662 149.90221076 0.99609375
v 150.602377387 351.97210479 141.936312257 0.99609375
v 150.655322556 351.764468825 149.375919847 0.99609375
v 150.931041025 352.052669608 143.378194953 0.99609375
v 150.841237751 351.883813175 149.062787767 0.99609375
v 150.805358726 352.172249164 143.627905234 0.99609375
v 150.659579069 352.31352864 149.159262268 0.99609375
v 150.521487028 352.665093442 144.328979227 0.99609375
v 150.919337465 352.407465509 149.265689859 0.99609375
v 150.61766491 353.075060932 145.561723562 0.99609375
v 150.958419062 353.152793934 149.892277863 0.99609375
v 150.568215779 353.028005956 146.475937629 0.99609375
v 150.550507265 353.503454821 149.85563075 0.99609375
v 150.709489359 353.50786032 146.811372073 0.99609375
v 150.510578993 353.396883906 149.934923514 0.99609375
v 150.940338225 353.823717789 147.533259484 0.99609375
v 150.630086797 353.552020885 149.2585008 0.99609375
v 151.060526563 354.241909467 147.902883815 0.99609375
v 151.085511234 353.920637593 150.399138193 0.99609375
v 150.686980328 354.544092878 148.857034046 0.99609375
v 150.690308447 354.618028301 150.385709069 0.99609375
v 150.996334307 354.602792569 149.204752803 0.99609375
v 151.06144223 354.867318637 149.872572624 0.99609375
v 150.864648197 326.958646876 136.657383884 0.99609375
v 151.205990966 327.587009296 136.942387087 0.99609375
v 151.03286714 327.457442249 138.901310658 0.99609375
v 150.926275738 327.714719165 136.965180541 0.99609375
v 151.276606747 327.76614348 141.171441235 0.99609375
v 150.929282726 328.245341857 136.732832784 0.99609375
v 151.159745958 327.862631591 142.065217438 0.99609375
v 150.930508412 328.493115945 136.625493241 0.99609375
v 150.849540611 328.555948416 144.598998314 0.99609375
v 151.19875527 328.587700579 136.833957934 0.99609375
v 150.933205084 328.61293822 145.7235095 0.99609375
v 150.825498949 328.838613285 137.445970361 0.99609375
v 151.35190271 329.020651438 145.863489213 0.99609375
v 151.346115604 329.042615843 136.678396294 0.99609375
v 150.876082286 329.367210941 145.412330827 0.99609375
v 150.920036385 329.361842688 137.026911544 0.99609375
v 150.979497168 329.215508649 145.219409042 0.99609375
v 151.197208104 329.441498513 137.635108407 0.99609375
v 150.871702649 329.494593933 146.337014906 0.99609375
v 150.804858996 329.970289718 137.541963667 0.99609375
v 151.026870589 329.892220899 145.608502251 0.99609375
v 150.8142478 330.255210377 137.104657927 0.99609375
v 151.040864376 330.348214018 145.673660378 0.99609375
v 150.863372699 330.334909618 137.078010589 0.99609375
v 151.024946863 330.651647834 145.706244702 0.99609375
v 150.859755545 330.662502159 137.710478586 0.99609375
v 150.851844663 331.16809023 146.037378433 0.99609375
v 151.055239143 331.021270568 137.741985968 0.99609375
v 150.973117205 331.030679637 146.341810601 0.99609375
v 151.193722677 331.49762347 137.59599493 0.99609375
v 150.999994626 331.626590592 145.682604277 0.99609375
v 151.102421525 331.563727786 137.175365812 0.99609375
v 150.996500337 331.935807849 146.137342909 0.99609375
v 151.063321932 331.996158629 137.785691421 0.99609375
v 150.916715719 331.939425724 146.413822546 0.99609375
v 151.034567715 332.266692431 137.980314349 0.99609375
v 150.848642337 332.279274386 146.377238937 0.99609375
v 151.043428205 332.425457011 137.017246399 0.99609375
v 150.843759444 332.574720828 146.153835422 0.99609375
v 150.824131936 333.013680784 137.972622306 0.99609375
v 151.258455365 332.772548225 146.370037466 0.99609375
v 151.15157741 333.335511241 137.913429263 0.99609375
v 150.901973889 333.020098151 146.938734818 0.99609375
v 151.280584661 333.402226342 137.376146397 0.99609375
v 150.960476838 333.710950971 146.447981701 0.99609375
v 151.06360605 333.907029976 137.00577625 0.99609375
v 151.042769975 333.53716395 146.551809969 0.99609375
v 151.320610973 334.045213013 138.191210212 0.99609375
v 150.805734365 333.845536557 146.649594883 0.99609375
v 151.129037124 334.636258487 137.677690487 0.99609375
v 151.007352038 334.380010091 146.908154047 0.99609375
v 151.022561481 334.712796321 138.247021205 0.99609375
v 150.820445266 334.628446961 146.429741167 0.99609375
v 150.919975283 334.80508941 137.6918072 0.99609375
v 151.360107911 334.964009169 146.395247972 0.99609375
v 151.367332083 335.329765251 138.044564622 0.99609375
v 151.064734147 335.012826624 146.260437999 0.99609375
v 151.136251151 335.79280047 138.275172775 0.99609375
v 151.13817991 335.483406048 146.513920495 0.99609375
v 151.346801635 335.704497102 138.215684305 0.99609375
v 151.256354912 335.550034199 146.757698078 0.99609375
v 150.977972564 335.840429418 138.022000196 0.99609375
v 151.286980262 336.068196385 146.598907469 0.99609375
v 151.083181956 336.333999556 138.612108154 0.99609375
v 151.141227181 336.357741357 146.538709848 0.99609375
v 151.318602792 336.429034352 138.67861789 0.99609375
v 150.880806844 336.820025699 146.557687865 0.99609375
v 150.891284817 336.772595612 138.297564242 0.99609375
v 151.035391011 337.158008066 147.52601632 0.99609375
v 151.154831432 337.493294688 138.698272653 0.99609375
v 150.892444306 337.219582505 147.422710828 0.99609375
v 151.372362986 337.511256272 138.925690068 0.99609375
v 151.109510151 337.765394174 147.339394678 0.99609375
v 150.872825217 337.945365434 138.748288914 0.99609375
v 150.824015795 338.001547338 147.090127086 0.99609375
v 150.984715663 338.341206561 139.307812091 0.99609375
v 151.375951989 338.307245407 147.898171688 0.99609375
v 151.0524254 338.568073304 138.926682574 0.99609375
v 151.284366139 338.145537698 148.030218251 0.99609375
v 151.144175593 338.592594775 138.995448737 0.99609375
v 151.294899572 338.591962048 147.89216771 0.99609375
v 151.223044919 339.256452518 139.346493099 0.99609375
v 150.876238596 338.973596966 148.405678006 0.99609375
v 150.858486828 339.444733276 138.570795486 0.99609375
v 151.21298592 339.037349179 147.723466453 0.99609375
v 151.32830014 339.447829231 138.527245975 0.99609375
v 151.110207522 339.316821433 147.713167888 0.99609375
v 151.354276322 339.812853231 138.864971192 0.99609375
v 150.86545084 340.121652607 148.74412133 0.99609375
v 151.021663978 340.34347 138.901333261 0.99609375
v 151.341133192 340.234959704 148.678754146 0.99609375
v 151.211119029 340.316551075 138.76184014 0.99609375
v 150.801316212 340.689015131 148.165261332 0.99609375
v 151.141642508 340.603479581 139.662974998 0.99609375
v 151.283832173 340.671358185 148.296113848 0.99609375
v 151.112578288 340.918125266 139.297276162 0.99609375
v 151.163315589 340.806870591 148.907654606 0.99609375
v 151.256114111 341.196440959 139.827073775 0.99609375
v 151.324744295 341.524286037 148.936049085 0.99609375
v 150.949793842 341.612964181 139.880405668 0.99609375
v 150.841324821 341.410839959 148.091517165 0.99609375
v 150.956493175 341.838151733 139.057671913 0.99609375
v 151.057517727 341.65502159 148.165124353 0.99609375
v 151.131348636 342.099399061 139.474746203 0.99609375
v 150.859659497 342.434638265 148.204723844 0.99609375
v 151.271409653 342.403242617 139.835876845 0.99609375
v 151.133668373 342.212897979 148.860627943 0.99609375
v 151.16482119 342.600761943 139.038408328 0.99609375
v 151.16365505 342.828032315 148.29992555 0.99609375
v 150.96393118 343.015766998 139.563376777 0.99609375
v 151.125831712 342.93269857 149.147702527 0.99609375
v 150.83901981 343.218820051 139.916260931 0.99609375
v 151.056040697 343.153038014 148.712725193 0.99609375
v 151.346493711 343.662012882 139.445659072 0.99609375
v 150.914255074 343.793059548 149.414449174 0.99609375
v 150.960316627 343.820680768 139.368595079 0.99609375
v 150.914881534 343.910716032 149.06560651 0.99609375
v 151.10427195 344.48974758 139.061480825 0.99609375
v 151.043997308 344.505127952 149.346436484 0.99609375
v 151.177056772 344.80673929 139.592910305 0.99609375
v 151.176969761 344.609950459 149.156241057 0.99609375
v 151.03286629 344.977325784 139.937178307 0.99609375
v 151.31432546 344.542744604 148.646900604 0.99609375
v 150.935274917 345.28494332 139.170104608 0.99609375
v 151.100637215 344.840301694 149.122294438 0.99609375
v 150.889528676 345.408764215 139.287944429 0.99609375
v 150.861611519 345.625888709 149.426098955 0.99609375
v 151.33363168 345.510718681 139.847529944 0.99609375
v 151.037939406 345.510935267 149.221728802 0.99609375
v 150.872317175 346.078272864 139.570088875 0.99609375
v 151.205226486 345.830099509 149.131265917 0.99609375
v 150.833138602 346.45100934 139.6425385 0.99609375
v 150.860145664 346.429815966 149.362486521 0.99609375
v 150.988150846 346.668116442 139.606494985 0.99609375
v 150.864636229 346.71014373 148.861918319 0.99609375
v 151.0700188 346.654464465 139.820345419 0.99609375
v 151.376866254 346.650743088 149.397932002 0.99609375
v 151.011023581 347.236534724 139.165358911 0.99609375
v 151.276939274 347.220780868 148.625716084 0.99609375
v 151.284405196 347.618706735 139.896275748 0.99609375
v 151.121290631 347.650855637 148.820373533 0.99609375
v 151.205494259 347.554616122 139.653698728 0.99609375
v 151.247122099 347.875093707 148.725246038 0.99609375
v 150.941573401 347.953999613 139.581839452 0.99609375
v 151.369840302 347.776407608 148.662830114 0.99609375
v 150.960201845 348.386413611 139.019134588 0.99609375
v 150.818512836 348.144521551 148.67310566 0.99609375
v 151.129244898 348.705623379 139.117540087 0.99609375
v 151.319676004 348.512753944 148.580007778 0.99609375
v 151.096956972 348.739388977 139.486592743 0.99609375
v 150.951088944 348.59812251 149.435300557 0.99609375
v 151.024819016 349.009731667 139.86112041 0.99609375
v 151.358689805 348.966579799 148.637167288 0.99609375
v 151.199230023 349.362388784 139.056025277 0.99609375
v 151.292268776 349.647911705 149.176691072 0.99609375
v 151.359240278 349.937939723 139.246810777 0.99609375
v 151.0704956 349.962365137 148.822196021 0.99609375
v 151.041188504 349.970010349 139.744103399 0.99609375
v 151.020703614 349.782966989 149.469367366 0.99609375
v 151.210486311 350.175016567 139.916547946 0.99609375
v 151.104923322 350.553942503 149.910238426 0.99609375
v 151.100736236 350.529128524 139.549340591 0.99609375
v 150.925185762 350.711981309 149.298283248 0.99609375
v 151.099836068 350.787754494 139.291005585 0.99609375
v 151.208188548 350.668783695 149.559513071 0.99609375
v 151.078100345 351.295355501 139.916016211 0.99609375
v 151.113687089 350.99412774 149.057053645 0.99609375
v 150.959677691 351.190771941 140.731640697 0.99609375
v 151.253559109 351.456364559 149.464914793 0.99609375
v 151.352756326 351.721902665 141.623703486 0.99609375
v 151.374401179 351.926054001 149.957865576 0.99609375
v 151.35472239 351.847947609 143.346423739 0.99609375
v 150.967439935 352.327333542 149.403125351 0.99609375
v 150.833300421 352.107960842 144.033876339 0.99609375
v 150.860968914 352.172940553 149.875613315 0.99609375
v 150.875274301 352.408352051 144.492794858 0.99609375
v 150.939888274 352.919593859 149.433286962 0.99609375
v 151.242099762 352.86461843 145.050674175 0.99609375
v 151.107164641 352.747362418 149.678239528 0.99609375
v 151.242293515 353.314866842 146.445103466 0.99609375
v 151.328119342 353.329015534 149.054883603 0.99609375
v 150.924283456 353.534543165 147.35831381 0.99609375
v 150.828348125 353.659830021 149.975769063 0.99609375
v 150.966244049 353.976603264 147.16178212 0.99609375
v 150.839051018 353.930958832 150.197590731 0.99609375
v 151.12278014 354.243320356 147.998700096 0.99609375
v 150.949353362 354.024004732 150.250485371 0.99609375
v 151.106107729 354.330164648 148.144796688 0.99609375
v 151.256819778 354.64287083 150.486044226 0.99609375
v 150.919409704 354.798385697 149.713564612 0.99609375
v 151.376747247 354.722042984 150.415889942 0.99609375
v 151.358674484 327.353900327 136.80925973 0.99609375
v 151.132390567 327.615228387 136.7431877 0.99609375
v 151.566683516 327.600905557 138.922883587 0.99609375
v 151.18662179 327.691775167 137.464992636 0.99609375
v 151.582684987 327.585064711 140.800612623 0.99609375
v 151.628873567 327.836378514 137.075728224 0.99609375
v 151.496053085 328.15101088 142.985772713 0.99609375
v 151.511360062 328.161955873 137.200832367 0.99609375
v 151.519200086 328.124784502 144.355351288 0.99609375
v 151.459365005 328.488235629 137.093765367 0.99609375
v 151.625083491 328.540851163 145.105161253 0.99609375
v 151.401746499 329.017933195 137.306084344 0.99609375
v 151.462938923 328.810726755 145.08241227 0.99609375
v 151.247003626 329.125600078 136.661368344 0.99609375
v 151.524992651 329.134986526 145.917687827 0.99609375
v 151.519170795 329.218746979 137.276397813 0.99609375
v 151.667146682 329.56745087 145.003752007 0.99609375
v 151.310528619 329.756780044 137.050848989 0.99609375
v 151.479089568 329.532812503 146.317911135 0.99609375
v 151.526159385 329.917820095 137.303432901 0.99609375
v 151.22838471 329.779143287 146.249293026 0.99609375
v 151.128240522 330.181790859 137.417967747 0.99609375
v 151.284635171 330.413714065 145.596958819 0.99609375
v 151.521575218 330.462194715 137.194777611 0.99609375
v 151.496260241 330.749914136 145.736865008 0.99609375
v 151.492338976 330.639082723 137.682478194 0.99609375
v 151.134975346 330.700352489 145.959607901 0.99609375
v 151.45070799 331.14062434 137.168320583 0.99609375
v 151.255485871 331.082999198 145.551635292 0.99609375
v 151.408739111 331.430482644 137.76682078 0.99609375
v 151.175228471 331.394128907 145.613734368 0.99609375
v 151.533423777 331.847437957 137.26617953 0.99609375
v 151.367047928 331.767663024 145.674066471 0.99609375
v 151.656493399 332.141070235 137.636911827 0.99609375
v 151.505046691 331.849399981 146.247219611 0.99609375
v 151.246500892 332.128046894 137.680417312 0.99609375
v 151.302579071 332.420276309 145.715940281 0.99609375
v 151.243175233 332.417563127 137.852105193 0.99609375
v 151.49975898 332.557379161 146.189958821 0.99609375
v 151.091373584 332.834252046 137.166600131 0.99609375
v 151.507443397 332.824831581 146.448051099 0.99609375
v 151.388513955 333.25742382 137.341939119 0.99609375
v 151.243593646 332.934399769 146.659569927 0.99609375
v 151.229582705 333.264790323 137.53329641 0.99609375
v 151.344546313 333.385016455 146.36865645 0.99609375
v 151.656239115 334.00591406 137.162553293 0.99609375
v 151.453807077 333.569457317 146.652867647 0.99609375
v 151.594427267 334.304002496 137.95060199 0.99609375
v 151.606499403 334.363325393 146.612269813 0.99609375
v 151.251560461 334.530184759 137.724813436 0.99609375
v 151.418065641 334.198377502 146.379269623 0.99609375
v 151.171520129 334.781391781 137.560540038 0.99609375
v 151.136930068 334.72058845 146.166471591 0.99609375
v 151.401958742 334.717036855 138.457244926 0.99609375
v 151.095133077 335.056504007 146.593208109 0.99609375
v 151.392108326 335.030745683 137.770015785 0.99609375
v 151.518321633 335.105023902 146.299863027 0.99609375
v 151.174251724 335.640112818 138.473906825 0.99609375
v 151.527696093 335.811166913 146.572807811 0.99609375
v 151.397894486 335.792960084 138.523397501 0.99609375
v 151.363624845 335.746015952 147.4231475 0.99609375
v 151.561743342 336.174817309 138.43702941 0.99609375
v 151.355604003 336.175919259 147.243438223 0.99609375
v 151.215952131 336.559032217 138.349456772 0.99609375
v 151.632741237 336.429934265 147.488734627 0.99609375
v 151.481794826 336.462861253 138.820169794 0.99609375
v 151.21928072 336.573668553 147.126366723 0.99609375
v 151.306886327 336.859259213 138.467895771 0.99609375
v 151.165180633 336.951473241 147.023248983 0.99609375
v 151.332702515 337.273694834 138.859575483 0.99609375
v 151.327252129 337.03685624 147.430850497 0.99609375
v 151.219543706 337.535968465 138.007551142 0.99609375
v 151.354861931 337.735400048 147.874953125 0.99609375
v 151.151970743 337.711142201 138.665225665 0.99609375
v 151.180128845 337.802631324 147.987168689 0.99609375
v 151.141856888 338.298384404 139.331074636 0.99609375
v 151.573037849 338.13459663 148.412811495 0.99609375
v 151.260706908 338.706522001 139.023664387 0.99609375
v 151.121060595 338.642225612 147.577629885 0.99609375
v 151.121768545 338.739224071 138.767475548 0.99609375
v 151.46331403 338.56587931 148.172237388 0.99609375
v 151.635961626 338.844947128 138.941508784 0.99609375
v 151.376429076 339.133164313 148.255220728 0.99609375
v 151.113654335 339.583708752 139.330990455 0.99609375
v 151.602778789 339.300986199 148.077523789 0.99609375
v 151.313951763 339.675519579 139.42444731 0.99609375
v 151.550894609 339.379628489 148.21422807 0.99609375
v 151.559542998 339.747136357 139.344105088 0.99609375
v 151.509300779 340.011683118 148.192138622 0.99609375
v 151.091114435 340.352032412 138.910330191 0.99609375
v 151.441196301 340.352121434 148.759210672 0.99609375
v 151.277321283 340.421071517 138.860298549 0.99609375
v 151.241507292 340.242932485 148.583011157 0.99609375
v 151.47593558 340.55221368 139.754667442 0.99609375
v 151.163324848 340.8331785 148.043933007 0.99609375
v 151.429907201 341.240578554 139.871004423 0.99609375
v 151.280191829 341.090592143 148.706245458 0.99609375
v 151.498384432 341.585945899 139.714139539 0.99609375
v 151.637742954 341.447843621 148.827999372 0.99609375
v 151.365647804 341.782913775 139.971223936 0.99609375
v 151.341504342 341.865611497 148.871385744 0.99609375
v 151.326948211 341.949278709 139.942058631 0.99609375
v 151.318127409 341.630026627 148.898564379 0.99609375
v 151.302037255 342.392004829 139.885829186 0.99609375
v 151.287872221 341.969745084 148.724198222 0.99609375
v 151.417112693 342.532154228 139.552606814 0.99609375
v 151.291361554 342.435625697 148.847500145 0.99609375
v 151.616592894 342.790963821 139.285917381 0.99609375
v 151.42568951 342.977942068 148.836228 0.99609375
v 151.266204508 343.186001023 139.094388126 0.99609375
v 151.59515907 343.211749469 149.425996147 0.99609375
v 151.641884604 343.456427184 139.087031905 0.99609375
v 151.324547243 343.525029766 149.237087293 0.99609375
v 151.410977657 343.78306668 139.993218719 0.99609375
v 151.649439891 343.55214902 149.105367273 0.99609375
v 151.168956012 343.84343205 139.539273915 0.99609375
v 151.298931683 344.165452732 148.509379431 0.99609375
v 151.293151368 344.463079099 139.30743403 0.99609375
v 151.363212995 344.145537219 148.622285276 0.99609375
v 151.606704244 344.66469844 139.811257614 0.99609375
v 151.487227239 344.74599718 148.557226703 0.99609375
v 151.408815586 344.71792773 139.678812649 0.99609375
v 151.664916498 344.746376614 148.612811456 0.99609375
v 151.366214716 345.194346944 139.992611008 0.99609375
v 151.113494412 345.359703404 148.729180843 0.99609375
v 151.485367523 345.633601949 139.203683327 0.99609375
v 151.511018618 345.475709887 149.46321465 0.99609375
v 151.47000779 345.641782246 139.530754451 0.99609375
v 151.495659369 345.556622038 148.670413543 0.99609375
v 151.485619892 346.107754527 139.03389438 0.99609375
v 151.097841233 345.952639973 149.474913587 0.99609375
v 151.448873194 346.18763773 139.280223698 0.99609375
v 151.51611161 346.494201465 149.149815165 0.99609375
v 151.216440228 346.485227884 139.349700811 0.99609375
v 151.220036511 346.575350124 149.196565915 0.99609375
v 151.488149758 346.687673056 139.383508136 0.99609375
v 151.311072731 346.989954647 148.632560151 0.99609375
v 151.620501932 347.216662613 139.003970628 0.99609375
v 151.640356661 346.907207191 149.166386005 0.99609375
v 151.45434487 347.20807953 139.971483066 0.99609375
v 151.406614801 347.582461382 148.961708276 0.99609375
v 151.127753021 347.594852781 139.659559983 0.99609375
v 151.252134006 347.618222603 148.947480425 0.99609375
v 151.656160711 347.975922764 139.509227091 0.99609375
v 151.4192378 347.901060613 148.828968504 0.99609375
v 151.14580591 348.248033935 139.086170846 0.99609375
v 151.34902495 348.401275494 149.199352854 0.99609375
v 151.314085345 348.515079201 139.20133973 0.99609375
v 151.229916847 348.790425699 149.487196291 0.99609375
v 151.242813115 349.044824421 139.391824499 0.99609375
v 151.268448817 349.049986695 149.026989833 0.99609375
v 151.547062083 348.909493705 139.37349752 0.99609375
v 151.223803274 348.967563255 148.972820512 0.99609375
v 151.273639316 349.474640446 139.284644505 0.99609375
v 151.448472717 349.570691535 148.523801336 0.99609375
v 151.250217652 350.017491366 139.098412482 0.99609375
v 151.300337168 349.989017192 148.584841856 0.99609375
v 151.530042517 350.260608374 139.234132106 0.99609375
v 151.621743577 349.892788074 149.138906587 0.99609375
v 151.452138449 350.213540574 139.478834436 0.99609375
v 151.463780859 350.108338102 149.521975865 0.99609375
v 151.113595011 350.718879229 139.608949387 0.99609375
v 151.436494711 350.431295916 149.796728579 0.99609375
v 151.295790868 350.846266646 139.347532712 0.99609375
v 151.171806005 350.905492324 149.684005412 0.99609375
v 151.193565404 351.443598348 140.017452929 0.99609375
v 151.198459182 351.253587487 149.471513125 0.99609375
v 151.600978882 351.520943255 140.651522349 0.99609375
v 151.360182289 351.305279447 149.385505437 0.99609375
v 151.627035288 351.605787463 141.852999734 0.99609375
v 151.654436645 351.527620832 149.639869826 0.99609375
v 151.270700329 351.893394651 142.741673966 0.99609375
v 151.20768684 352.156965836 149.677930248 0.99609375
v 151.185431623 352.131972474 143.95015285 0.99609375
v 151.399383209 352.458755561 149.388735229 0.99609375
v 151.130349257 352.702775409 144.238575924 0.99609375
v 151.592473232 352.483759317 149.877631219 0.99609375
v 151.416270716 352.798739528 145.567687345 0.99609375
v 151.615065562 352.669949773 149.549321688 0.99609375
v 151.451913222 353.258594919 145.908839657 0.99609375
v 151.455698648 353.026076075 149.193643496 0.99609375
v 151.324459736 353.685572385 146.868059568 0.99609375
v 151.39892331 353.237796896 149.840613547 0.99609375
v 151.230960257 353.845443409 147.717915254 0.99609375
v 151.121162828 353.614169966 150.286343289 0.99609375
v 151.560668423 353.99461075 147.555402921 0.99609375
v 151.585387879 354.313043077 149.511887791 0.99609375
v 151.668603995 354.490148028 148.724841189 0.99609375
v 151.226559149 354.373718564 149.607556923 0.99609375
v 151.561703471 354.691507957 149.71847516 0.99609375
v 151.142762375 354.746322263 150.371262143 0.99609375
v 151.383056857 355.217800335 150.422085883 0.99609375
v 151.421993185 327.246798834 137.000580026 0.99609375
v 151.812812381 327.237436743 136.688152282 0.99609375
v 151.596789819 327.123345119 139.061153985 0.99609375
v 151.950775909 327.581890699 136.712151738 0.99609375
v 151.888210823 327.773956075 141.115849213 0.99609375
v 151.560860033 328.116917761 136.717351948 0.99609375
v 151.470401093 327.871640045 142.950068121 0.99609375
v 151.81419659 328.225487819 136.667277738 0.99609375
v 151.429402771 328.157927841 144.376260856 0.99609375
v 151.745438601 328.78164686 136.867056119 0.99609375
v 151.817477117 328.702716813 145.728076679 0.99609375
v 151.885957375 328.892939441 136.556508927 0.99609375
v 151.468214421 328.930196871 145.050616454 0.99609375
v 151.839618167 328.996455297 136.986196178 0.99609375
v 151.667522261 328.921243557 145.671709845 0.99609375
v 151.679391088 329.439976106 137.268405212 0.99609375
v 151.516178732 329.253781771 145.800763528 0.99609375
v 151.574318489 329.958909146 137.463715484 0.99609375
v 151.428146963 329.501958233 145.746764762 0.99609375
v 151.824412369 330.042736486 137.035388866 0.99609375
v 151.826355126 330.089045855 146.129568169 0.99609375
v 151.676500253 330.302349902 137.974321328 0.99609375
v 151.473759125 330.182136512 146.403054238 0.99609375
v 151.938987451 330.734852314 137.664301084 0.99609375
v 151.674351645 330.315628997 145.571615631 0.99609375
v 151.800050297 330.765583482 137.796860834 0.99609375
v 151.75478304 330.676309542 145.804361934 0.99609375
v 151.549935118 331.310396008 137.763319296 0.99609375
v 151.822672344 331.225286571 145.827071725 0.99609375
v 151.431999861 331.207192654 137.834014234 0.99609375
v 151.94377304 331.544415082 145.646916804 0.99609375
v 151.641334582 331.976346903 137.9906483 0.99609375
v 151.579576528 331.923391539 146.277956795 0.99609375
v 151.498080098 331.781148078 137.016654358 0.99609375
v 151.389882991 332.321372576 146.102463923 0.99609375
v 151.777810883 332.172712531 137.269575726 0.99609375
v 151.686695265 332.225249269 146.387336418 0.99609375
v 151.719838968 332.34192939 137.065042255 0.99609375
v 151.424991976 332.584185914 145.508380726 0.99609375
v 151.933205623 332.714303351 137.066681781 0.99609375
v 151.5848941 332.823509503 146.045754617 0.99609375
v 151.547048396 333.330592084 137.741675697 0.99609375
v 151.481240367 333.147096458 146.05948511 0.99609375
v 151.862226425 333.406509222 137.826974542 0.99609375
v 151.641553803 333.777983803 146.463811825 0.99609375
v 151.776211497 333.980534825 137.619580614 0.99609375
v 151.798942524 333.909279461 146.10391323 0.99609375
v 151.43074584 334.172309041 138.231349983 0.99609375
v 151.625488748 333.942338481 146.525714719 0.99609375
v 151.486156363 334.227394857 138.147930794 0.99609375
v 151.529181357 334.298311093 146.351406798 0.99609375
v 151.383814513 334.807448615 137.504441041 0.99609375
v 151.958918938 334.741103646 146.602258924 0.99609375
v 151.959763215 335.232290778 138.184823185 0.99609375
v 151.554097702 334.730862119 146.192236809 0.99609375
v 151.744728146 334.999815748 138.20125941 0.99609375
v 151.665209324 335.273006594 146.961166115 0.99609375
v 151.780391126 335.339131689 137.582314664 0.99609375
v 151.65081784 335.26159312 146.821553652 0.99609375
v 151.692805388 335.881379082 138.606742045 0.99609375
v 151.889371452 335.57627131 146.525709313 0.99609375
v 151.654278392 336.360547482 138.874747047 0.99609375
v 151.620380353 335.821774391 146.622060994 0.99609375
v 151.663561373 336.218657467 138.047010985 0.99609375
v 151.614512484 336.347075753 146.993207674 0.99609375
v 151.659408567 336.745609661 138.46292542 0.99609375
v 151.591832005 336.681982372 146.995305739 0.99609375
v 151.862259678 336.753663721 138.980711055 0.99609375
v 151.763419996 336.945228994 147.364639025 0.99609375
v 151.575757756 337.451889848 138.046948548 0.99609375
v 151.941653828 337.247682943 147.127871494 0.99609375
v 151.724588049 337.477685232 138.873520784 0.99609375
v 151.51649512 337.350627994 147.217985425 0.99609375
v 151.617429151 337.842198204 138.678023962 0.99609375
v 151.74899356 338.108485986 147.328575115 0.99609375
v 151.801779573 338.117284612 138.605530514 0.99609375
v 151.617448939 338.114214501 147.705052496 0.99609375
v 151.78147413 338.292893993 138.573776389 0.99609375
v 151.769798957 338.211016285 148.234249956 0.99609375
v 151.451919016 338.559901608 138.572879432 0.99609375
v 151.474183947 338.48964538 147.768409332 0.99609375
v 151.608702124 338.75947186 138.741826704 0.99609375
v 151.932713733 338.954575638 148.247681953 0.99609375
v 151.503759067 339.327568845 138.608075685 0.99609375
v 151.94280634 339.190540737 147.738514382 0.99609375
v 151.848209981 339.644596356 138.833102271 0.99609375
v 151.908907053 339.496340446 148.762517599 0.99609375
v 151.887640262 340.116134034 139.136106478 0.99609375
v 151.556595866 339.768121575 148.832599047 0.99609375
v 151.536987922 339.89345762 138.899459018 0.99609375
v 151.547602789 339.899876067 148.836932919 0.99609375
v 151.665347072 340.629401905 139.829704624 0.99609375
v 151.615119167 340.464184022 148.540935032 0.99609375
v 151.642436969 340.648528154 139.143657371 0.99609375
v 151.552141764 340.695696256 148.329644438 0.99609375
v 151.959239371 340.864613091 139.992813016 0.99609375
v 151.716971716 341.087166884 148.307058934 0.99609375
v 151.633602528 341.511608363 139.753096288 0.99609375
v 151.850835052 341.45239545 148.567158014 0.99609375
v 151.696204648 341.592777033 139.568228649 0.99609375
v 151.597998601 341.623543887 148.469649429 0.99609375
v 151.762460635 341.973196194 139.621437462 0.99609375
v 151.462334008 341.766237535 148.333353319 0.99609375
v 151.385652129 341.9242294 139.738349171 0.99609375
v 151.884839171 342.479704538 148.200470272 0.99609375
v 151.916983412 342.224968499 139.335009706 0.99609375
v 151.421270672 342.303135921 149.068202059 0.99609375
v 151.887057443 342.792815801 139.044743023 0.99609375
v 151.579355824 343.065962073 148.548181724 0.99609375
v 151.639624177 342.825328293 139.003528044 0.99609375
v 151.956674594 342.819667897 148.763265155 0.99609375
v 151.732466086 343.502994295 139.941248377 0.99609375
v 151.84751194 343.575825296 149.28450534 0.99609375
v 151.402609954 343.432070696 139.975028695 0.99609375
v 151.953391588 343.385679034 149.459768797 0.99609375
v 151.777071613 343.777966209 139.622061519 0.99609375
v 151.695896486 343.818758299 148.608508566 0.99609375
v 151.414293124 343.944512622 139.79144896 0.99609375
v 151.609621637 344.512439858 149.243700351 0.99609375
v 151.430301259 344.619850739 139.942195238 0.99609375
v 151.644050274 344.250063778 149.115913297 0.99609375
v 151.522789649 345.060804436 139.707802889 0.99609375
v 151.630937236 344.928397055 149.491726756 0.99609375
v 151.421671537 345.083999986 139.138236548 0.99609375
v 151.772832438 345.341096269 149.409598854 0.99609375
v 151.855455341 345.581066557 139.324527178 0.99609375
v 151.838204117 345.332417601 148.587876996 0.99609375
v 151.712036246 345.851842614 139.1106031 0.99609375
v 151.908345375 345.703962499 148.956338761 0.99609375
v 151.883378933 346.098107281 139.66516649 0.99609375
v 151.64720325 345.830523702 148.518619261 0.99609375
v 151.70327108 346.198546734 139.022794386 0.99609375
v 151.407520212 346.019057227 149.345936378 0.99609375
v 151.958252375 346.505870914 139.681342449 0.99609375
v 151.806031783 346.828127276 149.266927651 0.99609375
v 151.552586871 346.647124419 139.713495002 0.99609375
v 151.494614126 346.995405909 148.549039955 0.99609375
v 151.851621148 347.254081536 139.77430912 0.99609375
v 151.473871538 347.371772437 148.634790809 0.99609375
v 151.460891758 347.252665085 139.606744385 0.99609375
v 151.59458913 347.237276362 148.806343431 0.99609375
v 151.788724269 347.4606437 139.155155337 0.99609375
v 151.41782525 347.656749954 148.929511827 0.99609375
v 151.487753798 348.189416894 139.899211084 0.99609375
v 151.772470304 347.797745808 149.044947566 0.99609375
v 151.556735961 348.097183292 139.644192467 0.99609375
v 151.732430508 348.516931511 148.582259659 0.99609375
v 151.711767663 348.623183826 139.041120661 0.99609375
v 151.689154814 348.814430483 149.467302166 0.99609375
v 151.915232813 348.652080062 139.675753864 0.99609375
v 151.520022319 348.986252926 148.9546329 0.99609375
v 151.724547381 349.035303687 139.296660842 0.99609375
v 151.700997184 348.941226178 149.339023689 0.99609375
v 151.767057351 349.623268828 139.945868273 0.99609375
v 151.738203596 349.20104801 148.779148966 0.99609375
v 151.897010364 349.910805696 139.301162296 0.99609375
v 151.874184738 350.014335189 149.836408108 0.99609375
v 151.671764845 350.311219321 139.699151505 0.99609375
v 151.801666222 349.828712877 149.747440406 0.99609375
v 151.790658302 350.380077331 139.748554322 0.99609375
v 151.862163076 350.546437749 149.978089208 0.99609375
v 151.946506266 350.895902578 139.049559796 0.99609375
v 151.939527437 350.722240664 149.096697296 0.99609375
v 151.704101704 350.732387789 139.276206294 0.99609375
v 151.561583088 350.992409359 149.352952994 0.99609375
v 151.712658146 351.21955836 139.516188663 0.99609375
v 151.532336793 351.194669032 149.617642658 0.99609375
v 151.62587904 351.657432964 140.974714943 0.99609375
v 151.775587753 351.27740574 149.812215625 0.99609375
v 151.768283053 351.643569498 142.254433893 0.99609375
v 151.739101503 351.832292217 149.169558857 0.99609375
v 151.682250469 351.911176405 143.113484151 0.99609375
v 151.527340047 351.863973898 149.439227019 0.99609375
v 151.444031056 352.602724797 144.101738687 0.99609375
v 151.695723949 352.222093929 149.926235111 0.99609375
v 151.936418726 352.394833645 144.879068077 0.99609375
v 151.676316899 352.860673156 149.366314184 0.99609375
v 151.395111098 352.840116025 145.369316327 0.99609375
v 151.656160563 352.848293684 149.61925464 0.99609375
v 151.535349283 353.411142698 145.713776991 0.99609375
v 151.406770608 353.084114495 149.41774852 0.99609375
v 151.847173182 353.235605918 146.508522035 0.99609375
v 151.81797534 353.666746241 149.744943038 0.99609375
v 151.864315887 354.044770591 147.455110588 0.99609375
v 151.642210059 353.697172249 150.306518596 0.99609375
v 151.931897672 353.938474568 147.95238873 0.99609375
v 151.75327424 354.196270395 149.611177488 0.99609375
v 151.806251254 354.634718585 148.333896023 0.99609375
v 151.787308292 354.328513097 149.734422185 0.99609375
v 151.852872273 354.578744524 149.257330552 0.99609375
v 151.673856459 355.039681851 150.410210752 0.99609375
v 151.610587277 355.248629328 150.763490135 0.99609375
v 152.059730526 326.911654489 137.021866431 0.99609375
v 151.943958562 327.640654409 136.829656134 0.99609375
v 151.699481735 327.301470001 138.511181854 0.99609375
v 151.961994025 327.713342069 137.406150794 0.99609375
v 152.232765308 327.915146492 140.992540887 0.99609375
v 151.75162469 327.9501391 136.90170544 0.99609375
v 151.72082267 328.007826995 142.737905324 0.99609375
v 152.06522417 328.494520789 137.407444772 0.99609375
v 152.243760519 328.447631978 144.774381861 0.99609375
v 151.872276756 328.812222365 137.404956142 0.99609375
v 152.038800487 328.702279561 145.93069468 0.99609375
v 151.873072882 328.962802802 137.109390157 0.99609375
v 151.88700125 328.926853884 145.234515799 0.99609375
v 151.703812003 328.992492965 136.973227364 0.99609375
v 151.723072638 329.283641743 145.957987493 0.99609375
v 151.750859984 329.441467074 136.908903476 0.99609375
v 152.074389816 329.322233838 145.027661407 0.99609375
v 151.986244301 329.738049781 137.636014403 0.99609375
v 152.162548682 329.663706892 145.809017385 0.99609375
v 152.113230721 330.107168057 137.940150371 0.99609375
v 152.249979845 329.878039083 145.672808466 0.99609375
v 152.101421642 330.408220863 137.730263816 0.99609375
v 152.055119519 330.518007847 146.358838642 0.99609375
v 151.765738384 330.588199129 137.698474765 0.99609375
v 152.121456159 330.844263441 145.848647009 0.99609375
v 152.095989994 330.824273056 137.180313462 0.99609375
v 152.033001182 330.6846326 146.030069781 0.99609375
v 151.93722253 331.211160734 137.875854969 0.99609375
v 152.03925653 331.353052539 145.658223816 0.99609375
v 151.80186584 331.24801955 137.022019341 0.99609375
v 152.239467873 331.309268197 146.044711301 0.99609375
v 151.675883664 331.558358543 137.909886239 0.99609375
v 152.084090643 331.63444167 145.629983647 0.99609375
v 151.920106733 332.311006239 137.106018093 0.99609375
v 152.037911247 332.002158161 146.161492854 0.99609375
v 152.058254728 332.474134587 137.781217926 0.99609375
v 152.156826434 332.161216878 146.375061739 0.99609375
v 152.213033735 332.380187183 137.987983905 0.99609375
v 152.102018316 332.578329849 145.639866542 0.99609375
v 151.95687776 333.033758257 137.256998242 0.99609375
v 151.87322487 333.008001997 146.363432542 0.99609375
v 151.776659907 333.24071975 137.742322016 0.99609375
v 151.967927702 333.377538468 146.624452566 0.99609375
v 151.940201045 333.739704261 137.792198177 0.99609375
v 152.136481777 333.591607171 146.906314502 0.99609375
v 152.013077858 334.079798191 137.974536606 0.99609375
v 152.186278934 333.87216683 146.123907984 0.99609375
v 152.001727775 334.173432839 138.48176066 0.99609375
v 151.962425121 334.311764549 146.857833863 0.99609375
v 152.223364436 334.357492514 138.168191517 0.99609375
v 152.227866404 334.289558317 146.188607948 0.99609375
v 152.248422974 334.826888358 137.55264029 0.99609375
v 151.986905818 334.907517893 146.524269432 0.99609375
v 151.927272102 335.102776169 138.277970092 0.99609375
v 151.743065889 334.84662417 146.70400513 0.99609375
v 152.145233713 335.1157111 138.328853178 0.99609375
v 151.997418336 335.197553524 146.798031588 0.99609375
v 151.806422693 335.432929742 137.695600291 0.99609375
v 151.678103765 335.465279796 147.360056017 0.99609375
v 151.934889608 335.864464413 138.108483926 0.99609375
v 151.857634738 336.097519058 146.75681271 0.99609375
v 151.840954758 336.171462204 138.40485475 0.99609375
v 151.744002798 336.208866263 146.76610358 0.99609375
v 151.732870623 336.522188981 138.79151021 0.99609375
v 151.932358886 336.432773898 147.333746576 0.99609375
v 152.039116272 336.551730485 138.25922893 0.99609375
v 152.028252126 336.903710783 147.149964429 0.99609375
v 151.876242194 337.233773039 138.738155334 0.99609375
v 152.101504674 337.015895101 147.505121611 0.99609375
v 152.173043252 337.042636848 138.647461102 0.99609375
v 152.051556004 337.240754582 147.359846422 0.99609375
v 151.695472644 337.843076796 138.037739252 0.99609375
v 152.144903221 337.513514843 147.924649984 0.99609375
v 152.148623241 337.95838459 139.482256677 0.99609375
v 152.109577941 337.753074874 148.245453064 0.99609375
v 152.15360873 338.412753495 139.291421393 0.99609375
v 152.079873161 338.263093723 147.851032831 0.99609375
v 152.09545533 338.560197978 139.099541529 0.99609375
v 151.688176287 338.592496408 148.014088991 0.99609375
v 152.218533463 338.831545094 138.776438964 0.99609375
v 152.124914385 338.872032644 148.107505304 0.99609375
v 151.69721704 339.186944902 138.56908313 0.99609375
v 152.109827742 339.060240804 147.614607003 0.99609375
v 151.830757644 339.311066414 138.716177173 0.99609375
v 151.809662475 339.096608256 148.194679978 0.99609375
v 151.843677332 339.730157248 138.892976378 0.99609375
v 151.736705494 339.633375184 148.943720524 0.99609375
v 151.913902406 339.911193743 138.726934857 0.99609375
v 152.077822282 339.830061839 148.5522398 0.99609375
v 151.718899947 340.01216337 138.903121613 0.99609375
v 152.230056416 340.338280127 148.696944057 0.99609375
v 151.678072913 340.402223414 139.672665023 0.99609375
v 152.044751522 340.354489728 148.51494764 0.99609375
v 151.724632094 340.561443155 139.590415845 0.99609375
v 152.138536903 340.672778005 148.040286965 0.99609375
v 151.859191908 340.993776732 139.6677015 0.99609375
v 151.694707302 341.160691161 148.450197444 0.99609375
v 152.184686778 341.45143104 139.863330125 0.99609375
v 151.9396893 341.38835991 148.602985629 0.99609375
v 151.804285758 341.737255949 139.832819612 0.99609375
v 152.11071691 341.735658515 148.13027326 0.99609375
v 152.008646377 342.151007184 139.830189086 0.99609375
v 151.95863917 341.915278648 148.160445819 0.99609375
v 152.173767728 342.366172998 139.54350482 0.99609375
v 152.023172956 342.149873682 148.086091636 0.99609375
v 151.802942745 342.352612815 139.397128714 0.99609375
v 152.139321852 342.457748042 149.323424456 0.99609375
v 151.992332545 342.517827886 139.62677534 0.99609375
v 151.757546442 342.678365171 149.02022298 0.99609375
v 151.767453738 343.294379062 139.510487988 0.99609375
v 151.899252353 342.975999057 148.500812296 0.99609375
v 152.090302673 343.181329384 139.136786959 0.99609375
v 152.140211887 343.295182997 149.460546383 0.99609375
v 151.897306283 343.820335037 139.132136811 0.99609375
v 151.880219233 343.702688592 148.564115027 0.99609375
v 151.843219647 343.736708372 139.805693549 0.99609375
v 152.028352043 344.105066974 148.866258199 0.99609375
v 152.220705289 344.376921878 139.860261448 0.99609375
v 152.204929017 344.113254146 148.589008174 0.99609375
v 152.03116403 344.633375341 139.137948003 0.99609375
v 152.081525196 344.548596215 149.113424427 0.99609375
v 151.800585773 344.579626368 139.113328476 0.99609375
v 151.68669611 344.933807885 148.831214106 0.99609375
v 151.730190973 345.279979727 139.576994587 0.99609375
v 152.067420012 345.25871072 149.358699611 0.99609375
v 152.135209209 345.548562912 139.321429611 0.99609375
v 152.17565945 345.305858577 149.068142351 0.99609375
v 152.223136946 345.422977147 139.267378766 0.99609375
v 152.223664296 345.947853502 149.430002325 0.99609375
v 152.19429664 346.054640737 139.186031026 0.99609375
v 152.101629448 346.074444426 148.890618455 0.99609375
v 151.898060074 346.522646267 139.921681471 0.99609375
v 152.051506479 346.20272917 148.77310523 0.99609375
v 151.935489863 346.539240556 139.627128026 0.99609375
v 152.143138241 346.362416227 148.515755451 0.99609375
v 152.196600209 346.757574493 139.234302782 0.99609375
v 152.246762855 346.629247819 148.935161513 0.99609375
v 151.915193155 347.007750536 139.918059412 0.99609375
v 151.93142138 347.279936241 149.261897727 0.99609375
v 152.220828952 347.333278987 139.060267145 0.99609375
v 152.179397294 347.519277421 149.255932978 0.99609375
v 151.919052403 347.669913656 139.414585848 0.99609375
v 152.232002515 347.711790961 148.65745182 0.99609375
v 152.077547607 348.206034412 139.762054803 0.99609375
v 152.069443112 347.856107446 148.878795908 0.99609375
v 151.924144273 348.052628852 139.634489746 0.99609375
v 152.037266262 348.436255271 149.079754614 0.99609375
v 152.073475389 348.405206133 139.590301378 0.99609375
v 151.973983869 348.712818602 148.643478294 0.99609375
v 151.79972458 348.981552521 139.972407387 0.99609375
v 152.013588254 349.007570466 149.326103019 0.99609375
v 152.018862125 349.145665968 139.234613258 0.99609375
v 152.228338168 349.406854183 148.847259823 0.99609375
v 152.229474235 349.393670351 139.351980687 0.99609375
v 152.229450304 349.558158648 148.861191013 0.99609375
v 151.910593244 349.644085465 139.976671866 0.99609375
v 152.217263401 349.715256639 149.152370584 0.99609375
v 151.874097654 349.959174516 139.728312767 0.99609375
v 152.154779676 349.871735911 149.867134068 0.99609375
v 152.080180462 350.371586257 139.492537869 0.99609375
v 151.982005492 350.279320642 149.665692202 0.99609375
v 152.079762575 350.876012004 139.480298818 0.99609375
v 151.996683062 350.504551061 149.523306879 0.99609375
v 152.006411272 351.157179074 139.06712675 0.99609375
v 152.085447342 350.62992375 149.940655848 0.99609375
v 152.087897201 350.940048602 140.249330889 0.99609375
v 151.871009418 351.036638141 149.134658021 0.99609375
v 151.818375921 351.725687277 141.123845523 0.99609375
v 151.766455278 351.518481033 149.713666175 0.99609375
v 151.764074316 351.787726462 142.28382998 0.99609375
v 152.208959993 351.717881304 149.890581754 0.99609375
v 152.211429166 351.946162685 142.954084075 0.99609375
v 151.74753155 351.898481862 149.746861216 0.99609375
v 152.15545146 352.459117874 143.803914517 0.99609375
v 151.701093583 352.391021265 149.766232013 0.99609375
v 152.107609559 352.664786039 144.101318697 0.99609375
v 152.169118249 352.549601049 149.842471654 0.99609375
v 152.022832835 353.129152659 145.450264464 0.99609375
v 151.734849657 352.93796288 149.780411962 0.99609375
v 151.717219052 353.091877313 146.426956109 0.99609375
v 151.894719363 353.187243653 149.545426127 0.99609375
v 151.949014897 353.529175046 146.703026704 0.99609375
v 151.769594229 353.425870286 149.702859361 0.99609375
v 151.729270792 353.895608938 147.659762789 0.99609375
v 152.163428473 353.520208403 150.341914306 0.99609375
v 152.058793963 353.930742726 148.391759966 0.99609375
v 152.003948123 354.108683571 150.236416417 0.99609375
v 152.039725656 354.550471385 148.924067733 0.99609375
v 151.838574012 354.333596347 150.210719007 0.99609375
v 152.152880668 354.581752039 149.647866203 0.99609375
v 151.730466758 354.449809428 150.132761363 0.99609375
v 151.696902222 354.982609816 150.10423608 0.99609375
v 151.737445917 355.125479074 150.668502214 0.99609375
v 152.089526965 326.877680039 136.980604473 0.99609375
v 152.450132653 327.301390523 136.669459172 0.99609375
v 152.155234606 327.59670364 139.099421086 0.99609375
v 152.408963681 327.442264803 137.254214062 0.99609375
v 152.323101015 327.545744887 141.071729734 0.99609375
v 152.33215235 328.059700645 136.690577336 0.99609375
v 152.128789817 328.005703425 142.768667032 0.99609375
v 152.053351684 328.107304203 137.182343183 0.99609375
v 152.501647508 328.42302998 144.380622339 0.99609375
v 152.478717905 328.35362156 137.074191847 0.99609375
v 152.025580709 328.831273253 145.614867534 0.99609375
v 152.328821548 329.129509491 137.379569569 0.99609375
v 152.163477485 328.915218223 145.707319224 0.99609375
v 152.414016621 329.026146884 137.221701932 0.99609375
v 151.97232659 329.029581093 145.290993182 0.99609375
v 152.521356914 329.595877828 137.208419719 0.99609375
v 152.082961735 329.458930011 145.231192495 0.99609375
v 151.989083602 329.819877801 137.047447803 0.99609375
v 152.529226286 329.96153373 146.196175938 0.99609375
v 152.153336637 330.087097026 137.97417474 0.99609375
v 152.065287735 329.939772207 145.785609229 0.99609375
v 152.377880393 330.055430109 137.819910862 0.99609375
v 152.281994767 330.479280847 146.408058666 0.99609375
v 152.467581082 330.462166537 137.543566286 0.99609375
v 152.496828669 330.700507582 146.109212298 0.99609375
v 152.306660147 330.962462165 137.101388111 0.99609375
v 152.067088837 331.177855542 145.863660075 0.99609375
v 152.062360113 331.457202413 137.507470883 0.99609375
v 152.30572408 331.191303785 146.253222726 0.99609375
v 152.132824742 331.315147734 137.846638715 0.99609375
v 152.396902158 331.734359944 145.5218228 0.99609375
v 152.534019998 331.904563727 137.409198661 0.99609375
v 151.960428701 331.994036785 146.210654854 0.99609375
v 152.32690293 332.271089343 137.174079474 0.99609375
v 152.252950422 332.136994695 145.698449017 0.99609375
v 152.481733961 332.070258799 137.60239884 0.99609375
v 151.979385781 332.519671417 145.811684968 0.99609375
v 152.066750275 332.398334696 137.094784625 0.99609375
v 152.397756875 332.761966006 145.85963832 0.99609375
v 151.972302903 332.971622864 137.436177328 0.99609375
v 152.099492787 332.812606816 146.370874044 0.99609375
v 152.522673396 333.117166856 137.015955315 0.99609375
v 152.470994047 333.296654472 146.38214258 0.99609375
v 152.506847803 333.498517423 137.878653786 0.99609375
v 152.200581753 333.621631083 146.070845174 0.99609375
v 152.463810557 333.596979662 137.000414075 0.99609375
v 152.34188886 333.813583808 146.931487213 0.99609375
v 152.232298392 333.856885378 138.327134139 0.99609375
v 152.358514892 333.970620233 146.98599701 0.99609375
v 152.275922753 334.100094214 138.241650101 0.99609375
v 152.318877253 334.237840097 146.649969723 0.99609375
v 151.961449849 334.536496273 137.811408421 0.99609375
v 152.462161678 334.453010026 146.477297364 0.99609375
v 152.057424191 334.695568561 138.165582384 0.99609375
v 152.117552449 335.181364766 146.471757466 0.99609375
v 152.255595783 335.364404843 137.61644948 0.99609375
v 152.24080435 335.253990706 147.077255455 0.99609375
v 151.963095764 335.473195052 137.667485846 0.99609375
v 152.029701008 335.742879537 146.591096631 0.99609375
v 152.163140177 335.620628243 138.484860177 0.99609375
v 152.231526409 335.693802649 146.771774044 0.99609375
v 152.045457913 336.186232562 138.669519493 0.99609375
v 151.993029112 336.082028776 146.969012346 0.99609375
v 152.516738506 336.261094095 138.250726017 0.99609375
v 152.163146335 336.651412324 146.661761788 0.99609375
v 152.230848797 336.756279084 138.425572581 0.99609375
v 152.072832145 336.48061519 146.684226841 0.99609375
v 152.435211968 336.764297951 138.028161657 0.99609375
v 152.134376959 336.949554454 147.651678571 0.99609375
v 152.391484386 337.15386328 138.660677001 0.99609375
v 152.459456158 337.368117306 147.851212092 0.99609375
v 152.41498321 337.455641544 138.920005851 0.99609375
v 152.115471718 337.747048128 147.518556594 0.99609375
v 152.377632719 337.954791541 138.98733721 0.99609375
v 152.34728486 337.771107042 147.869697148 0.99609375
v 152.515429133 338.184409505 138.948979605 0.99609375
v 152.514341845 338.051348776 147.706368907 0.99609375
v 152.055204682 338.22012361 139.391795451 0.99609375
v 152.511884199 338.549360258 147.672452099 0.99609375
v 152.513737535 338.670453323 139.043664655 0.99609375
v 152.16478827 338.919048071 147.562478876 0.99609375
v 152.296412397 338.986374231 138.897382978 0.99609375
v 152.217935931 339.141454374 147.645825389 0.99609375
v 152.172014755 339.464054207 139.180003941 0.99609375
v 152.225002549 339.060528998 147.601015371 0.99609375
v 152.497168001 339.755446848 139.342496443 0.99609375
v 152.50003481 339.489379594 148.448731208 0.99609375
v 152.177422788 339.933189758 138.824170933 0.99609375
v 152.030872292 339.641400448 148.148812084 0.99609375
v 152.023392725 340.450337757 139.174971017 0.99609375
v 152.312712725 340.427224193 148.571552907 0.99609375
v 152.343230675 340.23121002 139.058824565 0.99609375
v 152.040036845 340.456425389 148.851424674 0.99609375
v 151.968228653 340.792689895 139.208435494 0.99609375
v 152.47980868 340.479050066 148.603233671 0.99609375
v 152.428065436 341.116343566 139.740127098 0.99609375
v 152.331089469 341.072756815 148.834647572 0.99609375
v 152.426455541 341.41842237 139.399587666 0.99609375
v 151.97060679 341.529490352 148.790146024 0.99609375
v 152.240988417 341.742626956 139.454625505 0.99609375
v 152.221088487 341.565253263 148.570777138 0.99609375
v 152.321815723 341.808549035 139.467855135 0.99609375
v 152.308380223 341.794546779 148.015333993 0.99609375
v 152.490224697 342.09727088 139.694004039 0.99609375
v 152.430103987 342.459164123 148.681498344 0.99609375
v 151.980714644 342.679048736 139.571223334 0.99609375
v 152.040323591 342.735151718 149.050923652 0.99609375
v 152.293247342 342.978733238 139.549423811 0.99609375
v 152.240700537 342.593889767 148.912749074 0.99609375
v 152.31270564 343.062587029 139.762762177 0.99609375
v 152.224768057 343.01817657 148.916855897 0.99609375
v 152.201935934 343.14150339 139.741486936 0.99609375
v 152.170986183 343.543762682 149.446243018 0.99609375
v 152.233460425 343.417506481 139.231902166 0.99609375
v 152.426256072 343.374447073 149.045782173 0.99609375
v 152.059709918 343.831169905 139.632406964 0.99609375
v 152.431362732 343.751075548 149.34368834 0.99609375
v 152.45802393 344.101435712 139.816568351 0.99609375
v 152.140229735 344.056616256 148.877406754 0.99609375
v 152.265505663 344.806218635 139.276149173 0.99609375
v 152.38015752 344.775954223 149.452642217 0.99609375
v 152.10625622 344.976554267 139.211897643 0.99609375
v 152.197113044 344.867033634 149.181564242 0.99609375
v 152.108271219 345.005863334 139.750718238 0.99609375
v 152.289860301 345.204827774 148.60127259 0.99609375
v 152.291990114 345.162195181 139.779032145 0.99609375
v 152.223545917 345.447879294 149.352312079 0.99609375
v 152.153019739 345.534218448 139.448962719 0.99609375
v 152.019093475 345.522325371 148.611347599 0.99609375
v 152.281011942 346.164141524 139.40532666 0.99609375
v 152.230523052 345.698064457 149.211731992 0.99609375
v 152.321340559 346.300127053 139.27578895 0.99609375
v 152.247335525 346.376511664 149.089362735 0.99609375
v 152.16417644 346.546117946 139.758213524 0.99609375
v 152.282569033 346.567404072 148.893227404 0.99609375
v 152.108014485 347.082412118 139.603484659 0.99609375
v 152.125393852 346.651452616 148.979603416 0.99609375
v 152.266039361 346.899524005 139.051232475 0.99609375
v 151.999988586 347.336356933 149.243002569 0.99609375
v 152.124384047 347.437282638 139.610399034 0.99609375
v 152.087700335 347.630146111 149.025451333 0.99609375
v 152.337398557 347.783761588 139.751851632 0.99609375
v 152.092323991 347.929692091 149.121092552 0.99609375
v 152.257853567 347.809399195 139.786234988 0.99609375
v 152.34232914 347.857056911 148.582892594 0.99609375
v 152.028847821 348.47925731 139.559792223 0.99609375
v 152.240323623 348.207165261 149.405755175 0.99609375
v 152.103477866 348.717075384 139.487210377 0.99609375
v 152.069494074 348.813873724 148.817103039 0.99609375
v 152.078113665 348.68543432 139.826516055 0.99609375
v 152.215317911 349.028910565 149.097185757 0.99609375
v 152.178737314 349.366995092 139.044142911 0.99609375
v 152.121827816 349.103121842 148.774162779 0.99609375
v 152.026654926 349.367242143 139.752951425 0.99609375
v 152.436161442 349.392969458 149.431289024 0.99609375
v 152.383869016 349.84055832 139.299234686 0.99609375
v 152.183520605 349.734380615 149.261962669 0.99609375
v 152.359501096 349.80449753 139.789540099 0.99609375
v 152.462415057 349.884531885 149.325487433 0.99609375
v 152.376224239 350.293940801 139.185055352 0.99609375
v 152.368973627 350.532778388 149.770957071 0.99609375
v 152.170732122 350.462312639 139.519398103 0.99609375
v 152.068106163 350.828142633 149.684913036 0.99609375
v 152.49624698 351.16056032 139.789960099 0.99609375
v 152.197899536 350.883762051 149.299608615 0.99609375
v 152.106661183 351.357201691 139.894357908 0.99609375
v 152.391931767 351.305568303 149.938498929 0.99609375
v 152.452999521 351.512624062 140.879897051 0.99609375
v 152.282251954 351.406798804 149.838699187 0.99609375
v 152.073695082 351.564072528 141.900724642 0.99609375
v 152.248414664 351.984283194 149.655594024 0.99609375
v 152.496827061 351.825278906 143.403834359 0.99609375
v 152.443331109 351.832149532 149.192288863 0.99609375
v 152.523309765 352.209862908 144.052374988 0.99609375
v 152.123725695 352.135996327 149.802489772 0.99609375
v 152.284361779 352.888195444 144.793251887 0.99609375
v 152.428107199 352.711570836 149.371465711 0.99609375
v 152.076925629 352.882372018 145.7123238 0.99609375
v 152.186571902 353.158828827 150.420174568 0.99609375
v 152.241170525 352.943230107 146.105142957 0.99609375
v 152.350239143 352.945542961 149.624647302 0.99609375
v 151.981732005 353.497702529 147.309623088 0.99609375
v 152.175550752 353.252707631 150.166770936 0.99609375
v 152.533339292 354.012839819 147.323762007 0.99609375
v 152.257647031 354.003674957 149.825314849 0.99609375
v 152.343808514 354.204028476 148.313598291 0.99609375
v 152.121895142 353.952604431 150.371861418 0.99609375
v 152.063859101 354.186957244 148.983236548 0.99609375
v 152.317382946 354.445180272 150.474076443 0.99609375
v 152.333146517 354.410518142 149.24268253 0.99609375
v 152.216683833 354.405432994 150.830373169 0.99609375
v 152.532512515 354.779385648 149.96601065 0.99609375
v 151.960598857 355.4786847 150.665457104 0.99609375
v 152.710063662 327.274731079 136.820101843 0.99609375
v 152.399106952 327.615826673 137.445009943 0.99609375
v 152.265228386 327.277168569 139.397747722 0.99609375
v 152.660920972 327.892792082 137.109456632 0.99609375
v 152.629959664 327.745380478 140.558749498 0.99609375
v 152.782115501 327.86850631 137.326916264 0.99609375
v 152.553519154 327.970224849 142.319561987 0.99609375
v 152.535651522 328.266574486 137.105235188 0.99609375
v 152.588155649 328.397494336 144.398633263 0.99609375
v 152.345497183 328.615243732 136.721719423 0.99609375
v 152.619085969 328.510147814 145.186907616 0.99609375
v 152.573267615 329.13683623 136.57229034 0.99609375
v 152.697735935 328.870665949 145.579795544 0.99609375
v 152.556646523 329.069580813 137.368512799 0.99609375
v 152.66651568 328.959268293 145.810565872 0.99609375
v 152.734597783 329.499499775 137.075811224 0.99609375
v 152.592663595 329.273848867 145.257211813 0.99609375
v 152.458591607 329.997348414 136.960417624 0.99609375
v 152.798680202 329.70772486 146.283497712 0.99609375
v 152.584788532 329.747553735 137.140329344 0.99609375
v 152.74233623 329.736752021 146.359627848 0.99609375
v 152.728159453 330.212877043 137.837908993 0.99609375
v 152.340049968 330.354012059 146.191870574 0.99609375
v 152.460414757 330.611498331 137.975980058 0.99609375
v 152.310740944 330.673232983 146.246128147 0.99609375
v 152.275649929 330.661713481 137.803184109 0.99609375
v 152.352849915 331.049292301 145.889569779 0.99609375
v 152.255674565 331.445400054 137.620155458 0.99609375
v 152.485896193 331.012467514 145.701790967 0.99609375
v 152.250872993 331.378998993 137.002850654 0.99609375
v 152.738401981 331.3761286 145.772048576 0.99609375
v 152.40254702 331.956525547 137.701811192 0.99609375
v 152.68414637 331.938813138 146.140777234 0.99609375
v 152.55775946 332.082183428 137.036009808 0.99609375
v 152.721273304 332.31737187 146.078112296 0.99609375
v 152.379645995 332.556565069 137.714573224 0.99609375
v 152.63138932 332.416226468 145.795315679 0.99609375
v 152.708354685 332.814165899 137.411842096 0.99609375
v 152.639767757 332.363441079 146.250482225 0.99609375
v 152.310239346 332.804895056 137.256121751 0.99609375
v 152.419505751 332.7088105 146.80499858 0.99609375
v 152.321041071 333.292352246 137.960530802 0.99609375
v 152.528535538 333.450920323 146.612715451 0.99609375
v 152.586945206 333.621636876 137.736045338 0.99609375
v 152.363747163 333.527886843 146.667346994 0.99609375
v 152.443100583 333.679451791 137.72621894 0.99609375
v 152.373988719 333.916501497 146.655714955 0.99609375
v 152.440182311 334.323320712 138.383047683 0.99609375
v 152.655560922 334.079335606 146.983582314 0.99609375
v 152.292639589 334.362676153 138.220726997 0.99609375
v 152.825570823 334.196722197 146.35289543 0.99609375
v 152.637050505 334.41575883 137.538101313 0.99609375
v 152.253914474 334.810090387 146.023790567 0.99609375
v 152.314961849 335.157354049 137.508875185 0.99609375
v 152.37479901 334.875547297 146.904918388 0.99609375
v 152.747161862 334.979485259 138.269562356 0.99609375
v 152.822521782 335.26953323 146.718398326 0.99609375
v 152.418065913 335.522542512 137.517285536 0.99609375
v 152.65392608 335.490070006 147.143931329 0.99609375
v 152.47231368 336.071663256 138.218048243 0.99609375
v 152.718225236 335.824493834 147.011528865 0.99609375
v 152.408143057 335.870009771 138.240289795 0.99609375
v 152.511594086 336.352250622 146.840621594 0.99609375
v 152.463575108 336.359746945 138.208249289 0.99609375
v 152.42126124 336.270887814 147.372740322 0.99609375
v 152.269025603 336.732458488 138.45341814 0.99609375
v 152.718657847 336.795324646 147.251199286 0.99609375
v 152.297027986 336.80009156 138.774104949 0.99609375
v 152.300566052 336.773996145 147.508689033 0.99609375
v 152.68290468 337.246207771 138.360756671 0.99609375
v 152.345426991 337.185003054 147.378903507 0.99609375
v 152.734453227 337.430650386 138.336748886 0.99609375
v 152.546458245 337.410625295 147.392742095 0.99609375
v 152.498605649 337.850250669 139.477328207 0.99609375
v 152.317124503 337.611738117 148.345816296 0.99609375
v 152.510892753 338.389962217 139.366856119 0.99609375
v 152.817611372 337.931923976 147.561577833 0.99609375
v 152.67854089 338.228037256 139.246036175 0.99609375
v 152.434794688 338.458421397 147.892537325 0.99609375
v 152.608433745 338.570680201 138.707147908 0.99609375
v 152.283868177 338.975188614 148.164130834 0.99609375
v 152.500855431 338.858470182 139.006643372 0.99609375
v 152.747047328 338.795744846 148.084626476 0.99609375
v 152.47078462 339.420336549 138.944676889 0.99609375
v 152.668986035 339.299557767 147.730618129 0.99609375
v 152.49689925 339.822665851 138.814943978 0.99609375
v 152.533812667 339.562999152 148.052347752 0.99609375
v 152.358637137 339.604731539 139.450828518 0.99609375
v 152.813153877 339.879255164 148.099093539 0.99609375
v 152.703206072 340.409220796 138.859355577 0.99609375
v 152.691833469 339.937727011 148.023776154 0.99609375
v 152.648514193 340.444993365 139.386290663 0.99609375
v 152.750423643 340.467094688 148.971223654 0.99609375
v 152.76258811 340.607574001 139.756282466 0.99609375
v 152.535892647 340.741661872 148.410573657 0.99609375
v 152.624645049 341.01427392 139.772224917 0.99609375
v 152.353000965 341.081040009 148.932365447 0.99609375
v 152.567527464 341.078455402 139.230588158 0.99609375
v 152.410628099 341.169637709 148.451656061 0.99609375
v 152.568633493 341.745848488 139.808054386 0.99609375
v 152.497899691 341.703694574 148.379842061 0.99609375
v 152.655628096 342.190164419 139.206367902 0.99609375
v 152.616258111 341.714412618 148.280005408 0.99609375
v 152.523785602 342.191114509 139.624331194 0.99609375
v 152.649537989 342.292162953 148.839874121 0.99609375
v 152.406721105 342.612015868 139.969490917 0.99609375
v 152.436860229 342.625249887 148.680529352 0.99609375
v 152.326532846 342.97715433 139.06235644 0.99609375
v 152.577606938 342.93119714 148.68530643 0.99609375
v 152.387615077 343.01449754 139.773150972 0.99609375
v 152.564950525 342.955551851 149.365471508 0.99609375
v 152.621673767 343.11000859 139.086615851 0.99609375
v 152.797097942 343.467461837 149.305739879 0.99609375
v 152.563201724 343.775112474 139.620921141 0.99609375
v 152.76146083 343.419067269 149.10503194 0.99609375
v 152.413774207 344.074026799 139.656699632 0.99609375
v 152.276299368 343.725317528 149.43100314 0.99609375
v 152.403125671 344.415815738 139.477740624 0.99609375
v 152.51173835 344.439703051 149.370644356 0.99609375
v 152.556212217 344.238572631 139.83780193 0.99609375
v 152.553195793 344.50860873 148.540410915 0.99609375
v 152.533486345 344.594476459 139.394316425 0.99609375
v 152.302956708 344.818748136 149.374956861 0.99609375
v 152.460575649 345.009496505 139.67602604 0.99609375
v 152.298329513 345.263441469 148.634491129 0.99609375
v 152.438946581 345.41207979 139.297298402 0.99609375
v 152.469827646 345.173315188 148.850986705 0.99609375
v 152.79872131 345.587206667 139.340435071 0.99609375
v 152.753940397 345.844177962 149.325476499 0.99609375
v 152.324141521 345.798774574 139.382901518 0.99609375
v 152.287525663 346.230763409 149.09274558 0.99609375
v 152.752864485 346.467281612 139.082640148 0.99609375
v 152.740269791 346.140405276 148.530048253 0.99609375
v 152.281577094 346.819207795 139.079238674 0.99609375
v 152.38807744 346.28437284 149.480873107 0.99609375
v 152.507869922 346.844048758 139.138103057 0.99609375
v 152.336082248 346.663848085 149.141936445 0.99609375
v 152.783605363 347.361996115 139.719273977 0.99609375
v 152.469392482 347.147460084 149.240857393 0.99609375
v 152.802135278 347.374324795 139.00748277 0.99609375
v 152.293934481 347.548007836 149.037365369 0.99609375
v 152.57460588 347.878586597 139.888250466 0.99609375
v 152.516940396 347.93194172 148.996990902 0.99609375
v 152.742156673 348.174315597 139.244302038 0.99609375
v 152.375090536 347.981112095 148.651737795 0.99609375
v 152.530111894 348.14049835 139.34189215 0.99609375
v 152.406144383 348.383182304 148.813157763 0.99609375
v 152.712282858 348.48477705 139.714810665 0.99609375
v 152.473977175 348.649303983 148.808031407 0.99609375
v 152.339490988 348.65926063 139.70500354 0.99609375
v 152.656994167 348.76799747 149.431937644 0.99609375
v 152.58215572 349.044961353 139.999038442 0.99609375
v 152.461244224 349.412381213 148.984996971 0.99609375
v 152.320831481 349.297105895 139.639910623 0.99609375
v 152.437163487 349.245448542 149.390463183 0.99609375
v 152.524679458 349.884381846 139.614363817 0.99609375
v 152.272674479 349.887720342 149.865809801 0.99609375
v 152.410766821 350.058712483 139.509565532 0.99609375
v 152.462486228 350.100194147 149.111694498 0.99609375
v 152.360051725 350.345591216 139.439303927 0.99609375
v 152.489724095 350.371732109 149.292016652 0.99609375
v 152.770983103 350.839613323 139.001088826 0.99609375
v 152.266733228 350.375169527 149.029592921 0.99609375
v 152.467031947 350.941361295 139.529095697 0.99609375
v 152.609833595 350.834144345 149.371040404 0.99609375
v 152.711029952 351.121035006 140.163228564 0.99609375
v 152.31905299 350.963241586 149.103640181 0.99609375
v 152.723860769 351.706933115 140.715670741 0.99609375
v 152.567157449 351.473040886 149.452613711 0.99609375
v 152.826918432 351.529400262 142.464532714 0.99609375
v 152.798727716 351.838969068 149.188230833 0.99609375
v 152.507988667 352.112856791 142.504262695 0.99609375
v 152.739264554 351.925139754 149.835708431 0.99609375
v 152.720061984 352.216023741 144.134578588 0.99609375
v 152.282409028 352.15037602 149.817499821 0.99609375
v 152.721255025 352.456412209 144.596795151 0.99609375
v 152.2509079 352.892966378 149.70053132 0.99609375
v 152.270631674 353.108965612 145.358608757 0.99609375
v 152.747781752 352.867182344 150.248212317 0.99609375
v 152.704954626 353.246837672 146.145903325 0.99609375
v 152.482118769 353.314680227 149.996646103 0.99609375
v 152.426044945 353.428507629 147.497076803 0.99609375
v 152.453208628 353.599712851 150.123452241 0.99609375
v 152.516612445 353.83568179 147.46841573 0.99609375
v 152.273146405 354.063920679 149.973249523 0.99609375
v 152.448247736 354.252708544 147.853839359 0.99609375
v 152.651616245 353.873162349 149.653503068 0.99609375
v 152.367882834 354.281135955 148.371534871 0.99609375
v 152.274674186 354.488932802 150.84952206 0.99609375
v 152.367008265 354.875570262 149.510531077 0.99609375
v 152.630311213 354.495259332 150.967168148 0.99609375
v 152.46726496 354.824631517 150.336756515 0.99609375
v 152.796616369 355.043164007 150.157676157 0.99609375
v 152.540764081 327.341884724 137.200172498 0.99609375
v 152.560443596 327.402383249 137.178907184 0.99609375
v 152.865029762 327.511444932 139.07887907 0.99609375
v 152.608822927 327.619714177 136.731540252 0.99609375
v 153.024209226 327.843815256 141.045201849 0.99609375
v 152.799637848 327.736383349 136.879072078 0.99609375
v 152.817006437 328.127335711 142.032635724 0.99609375
v 153.112301044 328.448665817 136.610214087 0.99609375
v 152.992099417 328.37615931 144.424462649 0.99609375
v 152.670805034 328.775653968 137.421548699 0.99609375
v 152.70895966 328.753663809 145.260293432 0.99609375
v 152.77291534 328.761759839 137.156520791 0.99609375
v 153.046349002 328.810681516 145.927164579 0.99609375
v 153.082841756 329.189758879 136.928709469 0.99609375
v 152.645402366 329.305921986 145.31640511 0.99609375
v 152.845328438 329.625703913 137.171387298 0.99609375
v 152.790476124 329.701375126 145.242999768 0.99609375
v 152.620339552 329.782536876 137.24217207 0.99609375
v 152.796436775 329.699871166 146.15859046 0.99609375
v 152.924474965 330.212774725 137.245004255 0.99609375
v 152.75896945 329.972533539 146.103589998 0.99609375
v 153.015025702 330.167534295 137.190619555 0.99609375
v 152.899151514 330.192079302 145.572773613 0.99609375
v 152.941970215 330.324307144 137.105948668 0.99609375
v 152.576056614 330.545985566 145.969008324 0.99609375
v 152.961096314 331.113145405 137.607808452 0.99609375
v 152.790119041 331.110487567 145.822724985 0.99609375
v 152.55980268 331.156978929 137.325623027 0.99609375
v 152.588005315 331.365278252 146.335815849 0.99609375
v 152.847656839 331.682333442 137.745606275 0.99609375
v 152.735926787 331.330929244 145.544094133 0.99609375
v 152.589551359 331.928123014 137.992343226 0.99609375
v 152.609254416 331.794501495 146.265537639 0.99609375
v 153.076887346 332.096737193 137.307617398 0.99609375
v 153.004606863 332.017006296 145.736633721 0.99609375
v 152.904189453 332.22370741 137.909354245 0.99609375
v 152.62540946 332.204302371 145.834650865 0.99609375
v 153.081532407 332.507327932 137.91107958 0.99609375
v 152.98859744 332.57701414 146.312170251 0.99609375
v 152.664060412 333.141196781 137.496697371 0.99609375
v 152.666828444 332.997213905 146.761471965 0.99609375
v 152.791712265 333.379436224 137.416069506 0.99609375
v 152.835517646 332.928078639 146.577846044 0.99609375
v 152.654835014 333.274490531 137.390501237 0.99609375
v 152.892970684 333.433559769 146.236601144 0.99609375
v 152.769494183 333.57439256 137.70702793 0.99609375
v 152.799448755 333.562816758 146.462210167 0.99609375
v 152.569408808 333.883591071 137.850495743 0.99609375
v 152.894434253 334.211219309 146.119894407 0.99609375
v 152.935014899 334.15642938 137.864879634 0.99609375
v 152.549435087 334.626439032 146.888012285 0.99609375
v 152.582601714 334.872760143 137.800866451 0.99609375
v 153.084733033 334.458546573 146.921149201 0.99609375
v 152.927001237 334.752826646 137.65832592 0.99609375
v 153.090483425 335.092206735 146.216682867 0.99609375
v 152.657610413 335.138219693 138.325292024 0.99609375
v 152.593625616 335.29912679 147.46840876 0.99609375
v 152.815351046 335.804408678 137.534152956 0.99609375
v 152.559351073 335.282260589 146.594809484 0.99609375
v 152.827186135 335.802650295 138.721547793 0.99609375
v 152.687035403 335.993759576 146.896865842 0.99609375
v 152.772699317 336.206562856 138.314327242 0.99609375
v 153.112978092 336.283534086 146.548761923 0.99609375
v 152.579970634 336.115424544 138.097968725 0.99609375
v 152.967907518 336.455463609 146.514996409 0.99609375
v 152.901794495 336.830165908 138.665102873 0.99609375
v 152.64968279 336.713184178 147.958103903 0.99609375
v 152.953971087 337.170269099 138.1756621 0.99609375
v 153.118134935 336.965151776 147.284407993 0.99609375
v 153.077791525 337.102545304 138.641695054 0.99609375
v 152.997754695 337.42018179 147.515276802 0.99609375
v 152.787093298 337.287447992 138.666363204 0.99609375
v 152.794778301 337.402923579 147.214596386 0.99609375
v 152.754622432 337.974044667 139.483793793 0.99609375
v 152.602365066 337.713584871 148.27988373 0.99609375
v 152.875001751 338.309908466 139.426471221 0.99609375
v 153.097120692 338.247032935 148.194089286 0.99609375
v 152.597188706 338.242070671 139.354388895 0.99609375
v 152.708944508 338.4296367 148.270918686 0.99609375
v 152.62896789 338.935804146 139.395490918 0.99609375
v 153.024008088 338.651623431 147.955410724 0.99609375
v 152.931809941 338.80527919 139.317167001 0.99609375
v 152.779889662 338.7497223 147.665433541 0.99609375
v 153.06013259 339.556398591 139.052467629 0.99609375
v 153.031434006 339.073505411 148.539070892 0.99609375
v 152.892708185 339.312299862 138.528411513 0.99609375
v 152.66673854 339.577728019 148.663938384 0.99609375
v 152.926619185 339.9304021 139.281162591 0.99609375
v 152.892852783 340.008294434 148.590910459 0.99609375
v 153.04787755 340.030766962 138.802233267 0.99609375
v 152.564312618 340.051346387 148.240962223 0.99609375
v 152.821404518 340.704521139 139.566512428 0.99609375
v 152.558674156 340.220887782 148.918049957 0.99609375
v 152.882636316 340.55557506 139.439510188 0.99609375
v 152.932406658 340.795777284 148.453218289 0.99609375
v 153.010290085 341.239708707 139.666165438 0.99609375
v 152.611011525 341.239756598 148.437529185 0.99609375
v 153.11655542 341.198611167 139.671698151 0.99609375
v 152.552339559 341.291564701 148.076027171 0.99609375
v 153.108341568 341.890035735 139.339055373 0.99609375
v 152.700410876 341.795172655 148.671937624 0.99609375
v 152.990597238 341.817498867 139.549270632 0.99609375
v 152.616060895 341.754486716 149.243832108 0.99609375
v 153.117347716 342.256096009 139.036240185 0.99609375
v 153.073001195 342.429308033 148.592424485 0.99609375
v 152.998785066 342.264983297 139.584676113 0.99609375
v 152.627367431 342.595279131 148.964319238 0.99609375
v 152.609012576 342.922693473 139.746106521 0.99609375
v 152.866144813 342.879414621 148.509168046 0.99609375
v 153.093058696 343.072280522 139.827896252 0.99609375
v 152.894406726 342.792542365 148.583062329 0.99609375
v 153.001186115 343.396847927 139.082785116 0.99609375
v 152.968030431 343.256875112 149.204839542 0.99609375
v 152.933164168 343.771161734 139.56305247 0.99609375
v 153.043383576 343.510832121 149.052294531 0.99609375
v 152.672098069 344.01153483 139.990680876 0.99609375
v 152.851692057 343.737383926 148.643486111 0.99609375
v 152.909358542 344.442688893 139.853741008 0.99609375
v 152.645817028 344.317606059 148.946571665 0.99609375
v 152.993053488 344.754458006 139.440226198 0.99609375
v 152.663935501 344.584957274 148.671790043 0.99609375
v 152.8722537 344.52517052 139.225587794 0.99609375
v 152.993556051 344.997931058 149.170750725 0.99609375
v 153.116161873 345.376710433 139.152738785 0.99609375
v 152.589341005 345.195603868 149.412398822 0.99609375
v 152.809013484 345.452338902 139.753319101 0.99609375
v 152.995310686 345.127881645 149.294080148 0.99609375
v 152.959290694 345.406896361 139.882418445 0.99609375
v 152.930487385 345.896039936 148.839163229 0.99609375
v 152.7018184 345.76945525 139.759094617 0.99609375
v 152.934669202 345.745325488 148.616039556 0.99609375
v 152.771206899 346.304617917 139.949710071 0.99609375
v 152.934500405 346.001770532 148.751596906 0.99609375
v 152.823670404 346.656475382 139.122255798 0.99609375
v 152.731852764 346.639448997 148.640066021 0.99609375
v 152.943170729 347.011843399 139.79596482 0.99609375
v 152.763113437 346.704943349 149.126364692 0.99609375
v 152.580319294 347.127752914 139.635588256 0.99609375
v 152.966708434 346.990575462 149.285526185 0.99609375
v 153.051780739 347.62990725 139.571818374 0.99609375
v 152.8810889 347.177535789 148.524676066 0.99609375
v 152.616417563 347.987675645 139.386128076 0.99609375
v 152.567735757 347.429398948 149.102719985 0.99609375
v 153.118990825 347.800350604 139.414484822 0.99609375
v 152.584652171 348.130832228 148.729825766 0.99609375
v 152.911077893 348.418458419 139.588173408 0.99609375
v 152.682311367 348.061660093 149.483522463 0.99609375
v 153.103964007 348.519246134 139.541125423 0.99609375
v 152.737497009 348.508165602 148.829467762 0.99609375
v 152.876833487 348.706557069 139.54370914 0.99609375
v 153.008627387 349.049303516 149.293747714 0.99609375
v 153.105675275 348.905954747 139.981585069 0.99609375
v 152.56984446 349.286574775 149.17060589 0.99609375
v 152.996906254 349.541799945 139.377228406 0.99609375
v 152.808668702 349.579761883 149.286981528 0.99609375
v 152.716577678 349.565995104 139.647134704 0.99609375
v 153.103413009 349.838494811 149.254062275 0.99609375
v 152.786154658 350.3151678 139.448062398 0.99609375
v 152.705905331 350.229992403 149.076867049 0.99609375
v 153.096947246 350.090518378 139.695047006 0.99609375
v 152.730652302 350.566389272 149.074104244 0.99609375
v 152.878952454 350.408643967 139.246185095 0.99609375
v 152.802543088 350.538779008 149.333020628 0.99609375
v 152.976663367 350.768794591 139.357574235 0.99609375
v 152.877911037 351.097285351 149.949101504 0.99609375
v 152.703327603 351.072853285 140.444486072 0.99609375
v 153.107548127 350.99712563 149.230439617 0.99609375
v 152.974700861 351.198659699 140.857816694 0.99609375
v 152.809100294 351.197205267 149.683656665 0.99609375
v 152.735717916 351.866895719 141.631605269 0.99609375
v 152.978816982 351.706911877 149.583103499 0.99609375
v 152.818499612 352.160306258 142.706232424 0.99609375
v 152.843302565 351.796022505 149.1083703 0.99609375
v 152.910273548 352.282695115 143.99797158 0.99609375
v 153.044699265 352.306854168 149.336767163 0.99609375
v 152.624852728 352.423362444 144.732966535 0.99609375
v 153.099761778 352.527376999 150.196465053 0.99609375
v 152.967581639 352.9557273 145.118245103 0.99609375
v 153.039221239 352.832794963 149.741482646 0.99609375
v 152.838848191 353.302405707 145.962246521 0.99609375
v 152.809904358 352.960922091 149.901455174 0.99609375
v 152.656306211 353.344737145 146.632039451 0.99609375
v 152.800472289 353.396033976 149.69593121 0.99609375
v 153.018822162 353.903825287 147.941184943 0.99609375
v 152.719085632 353.850244274 150.0427592 0.99609375
v 152.906304885 353.954153883 148.239066652 0.99609375
v 152.949081376 353.964702727 150.722750375 0.99609375
v 152.676664067 354.41096998 148.735485227 0.99609375
v 152.799337924 354.19871701 150.873622324 0.99609375
v 152.585643715 354.648879236 149.915563748 0.99609375
v 152.810203338 354.474054317 150.485409486 0.99609375
v 152.767096698 354.892840947 149.603823274 0.99609375
v 152.716169934 355.033236575 150.484634089 0.99609375
v 152.905406185 355.420674773 151.055559106 0.99609375
v 153.266827377 327.100517648 137.368439397 0.99609375
v 152.926505904 327.49223739 136.765452721 0.99609375
v 153.354175849 327.2939919 138.842819473 0.99609375
v 153.112073348 327.583401579 137.442218063 0.99609375
v 153.140745229 327.663032884 140.675318333 0.99609375
v 152.954389297 328.047182276 137.192595899 0.99609375
v 153.361507195 328.101628485 142.495495598 0.99609375
v 153.328069243 328.032003477 136.8241649 0.99609375
v 153.283446305 328.426328852 144.021127165 0.99609375
v 153.045135574 328.612537795 136.559227755 0.99609375
v 153.086081718 328.829635383 145.464835508 0.99609375
v 152.883663967 328.625126486 137.428153361 0.99609375
v 153.365126829 328.892765486 145.218516409 0.99609375
v 153.15558804 329.081934044 137.40187843 0.99609375
v 153.38971053 329.143821139 145.314124572 0.99609375
v 153.239214674 329.193060679 136.585099072 0.99609375
v 152.84891582 329.220044837 145.447075532 0.99609375
v 153.082265121 329.679502597 136.571675536 0.99609375
v 153.265527901 329.780000063 146.028715401 0.99609375
v 152.927179144 330.044831817 137.22626883 0.99609375
v 152.871759396 329.953497554 145.637601684 0.99609375
v 153.278484204 330.188209208 137.577815704 0.99609375
v 152.864428028 330.189900499 146.036026269 0.99609375
v 152.937362996 330.525462092 137.336986304 0.99609375
v 153.354023323 330.789652723 145.681631529 0.99609375
v 153.061664865 330.73833628 137.753413383 0.99609375
v 153.22481368 331.146799068 145.936654517 0.99609375
v 153.399690864 331.216864029 137.44216277 0.99609375
v 152.917314889 331.370282399 146.136152028 0.99609375
v 153.320693914 331.306652476 137.708442057 0.99609375
v 153.225417583 331.534836753 145.84874435 0.99609375
v 153.245155867 331.734145396 137.780629314 0.99609375
v 152.884570194 331.708023237 145.802566538 0.99609375
v 153.050743391 332.25532104 137.361109127 0.99609375
v 153.372505772 331.922270765 145.705925045 0.99609375
v 153.282811386 332.547543008 137.983083908 0.99609375
v 153.356576699 332.421122055 146.421514003 0.99609375
v 153.069654508 332.668810403 137.351733374 0.99609375
v 153.402110306 332.452100643 145.895193745 0.99609375
v 153.005404021 332.889311824 137.801494046 0.99609375
v 153.371651633 332.812690583 146.36243048 0.99609375
v 152.849371507 333.351857024 137.299304814 0.99609375
v 153.121865893 333.299362328 146.536836193 0.99609375
v 153.130558922 333.614206159 137.796729271 0.99609375
v 153.089090819 333.256302627 146.391600633 0.99609375
v 153.163221593 333.758026511 137.158538572 0.99609375
v 153.377685485 333.813837948 146.224651973 0.99609375
v 153.00368808 333.792566272 137.810139742 0.99609375
v 153.156040602 333.804399981 146.073030753 0.99609375
v 153.146474871 334.47686703 138.281969461 0.99609375
v 153.097449653 334.34270949 146.002407336 0.99609375
v 153.045830333 334.660013224 137.750707966 0.99609375
v 153.012861442 334.946599721 146.081195395 0.99609375
v 152.861113705 335.050543248 137.694398328 0.99609375
v 152.987081956 334.823280901 146.582335037 0.99609375
v 153.345788062 334.973311079 138.285352116 0.99609375
v 152.939055266 334.998701181 147.172638155 0.99609375
v 152.851216167 335.52347964 138.468748835 0.99609375
v 152.912463164 335.391188895 146.568666614 0.99609375
v 153.260824657 335.921947368 138.682174425 0.99609375
v 153.040831104 335.853452402 147.392622225 0.99609375
v 152.947055338 335.893059784 138.495860098 0.99609375
v 153.095759698 336.060593132 147.029938936 0.99609375
v 153.332786774 336.402852122 138.353238912 0.99609375
v 153.319686845 336.253630401 146.846833858 0.99609375
v 152.868528821 336.781572176 138.805439033 0.99609375
v 153.305976705 336.431465681 147.929832336 0.99609375
v 153.073052345 337.262709679 138.485996467 0.99609375
v 153.020255258 336.898882093 147.477227 0.99609375
v 153.071403931 337.497341762 138.564873172 0.99609375
v 153.405422798 337.47843565 147.262005667 0.99609375
v 153.237408206 337.709714834 138.841470391 0.99609375
v 152.851941498 337.356246659 147.930934515 0.99609375
v 153.32190824 337.589006062 138.886098523 0.99609375
v 153.046221908 338.114438365 148.351103554 0.99609375
v 153.068845601 338.42821871 138.563406632 0.99609375
v 152.9743378 337.928259345 147.614083993 0.99609375
v 153.293014812 338.663308551 139.473594545 0.99609375
v 152.869603314 338.675121229 148.067706547 0.99609375
v 152.833134009 338.545288018 139.452270519 0.99609375
v 153.194123054 338.978611361 148.326480779 0.99609375
v 152.944158005 339.018085747 138.646401464 0.99609375
v 153.317034124 338.861302082 148.468713002 0.99609375
v 153.01074953 339.348284973 138.957411087 0.99609375
v 152.846641966 339.324532226 148.072999966 0.99609375
v 153.341605283 339.504987134 138.812830137 0.99609375
v 152.851106451 339.570829445 148.288505679 0.99609375
v 153.277930884 340.09102025 138.564620635 0.99609375
v 153.318851133 340.140704629 148.011409166 0.99609375
v 152.977214916 340.35456295 139.454542099 0.99609375
v 153.274184959 340.245800471 148.508076525 0.99609375
v 153.065662658 340.261636246 139.817120993 0.99609375
v 153.281532818 340.259646101 148.974326611 0.99609375
v 153.253363158 340.603507732 139.208433817 0.99609375
v 153.290150238 340.649196681 148.242079792 0.99609375
v 153.226855168 341.005711651 139.297900609 0.99609375
v 153.164007681 340.964561135 148.543422787 0.99609375
v 152.927438713 341.222459275 139.74802 0.99609375
v 153.149042325 341.051643182 148.975193448 0.99609375
v 153.32525291 341.891400782 139.333978027 0.99609375
v 152.939914251 341.422968517 148.603635987 0.99609375
v 152.855911435 342.078359531 139.404563628 0.99609375
v 152.96618454 341.887340863 149.259236074 0.99609375
v 153.0996836 342.441312879 139.852818458 0.99609375
v 153.364170948 342.302742656 149.184638572 0.99609375
v 152.976323356 342.465267606 139.507220388 0.99609375
v 152.980737451 342.733206254 149.025315109 0.99609375
v 152.902476367 342.959979802 139.168984085 0.99609375
v 153.071614935 342.611196424 148.594029619 0.99609375
v 153.01421714 343.032744057 139.444044902 0.99609375
v 152.938255761 342.865297102 149.315061848 0.99609375
v 153.107417248 343.165340089 139.626356072 0.99609375
v 153.039891387 343.270043195 148.64114202 0.99609375
v 152.974569773 343.794830589 139.354567719 0.99609375
v 152.85730731 343.605644738 148.949987706 0.99609375
v 153.170963997 343.8871367 139.8957968 0.99609375
v 153.06533526 343.749371159 148.753056297 0.99609375
v 152.902868907 344.199464426 139.898679683 0.99609375
v 153.08605538 344.286935679 148.729383068 0.99609375
v 153.263221074 344.370947327 139.331586775 0.99609375
v 153.169255152 344.415585437 148.943171478 0.99609375
v 153.008753434 344.565511804 139.891859307 0.99609375
v 153.392097171 344.833802918 149.188217444 0.99609375
v 153.11286486 344.853284974 139.373215051 0.99609375
v 153.090516534 344.974041007 149.176896146 0.99609375
v 153.087694549 345.331357854 139.595306625 0.99609375
v 152.840416291 345.62233179 149.215375675 0.99609375
v 152.899785949 345.491553845 139.76746164 0.99609375
v 152.877019003 345.398591188 149.250951275 0.99609375
v 153.261084654 346.121481626 139.408713278 0.99609375
v 152.885348113 345.751614273 148.670161879 0.99609375
v 152.981126098 346.122069338 139.142438707 0.99609375
v 152.928995804 346.143672672 148.641604383 0.99609375
v 153.113008076 346.445807795 139.849727854 0.99609375
v 153.116963985 346.546771335 149.363844888 0.99609375
v 153.086429196 346.942512762 139.953955049 0.99609375
v 153.324196505 346.593248994 148.926276923 0.99609375
v 153.276672948 347.278564224 139.34240009 0.99609375
v 153.272538986 347.191223962 149.0846749 0.99609375
v 152.852052703 347.396996109 139.113838115 0.99609375
v 153.005156552 347.201160646 148.880311437 0.99609375
v 153.334965099 347.701565764 139.76864753 0.99609375
v 152.935711628 347.467576937 149.485538906 0.99609375
v 152.948780914 347.960686024 139.710068497 0.99609375
v 153.169084931 347.91913205 148.678105571 0.99609375
v 153.227101286 348.385337951 139.216248757 0.99609375
v 153.214540979 348.189898643 148.762208626 0.99609375
v 153.042950839 348.638247053 139.905659619 0.99609375
v 152.879061618 348.674164147 148.708311101 0.99609375
v 153.067711095 348.660595888 139.1362621 0.99609375
v 153.371519781 348.802905758 148.566693038 0.99609375
v 152.885527787 349.028691588 139.830067535 0.99609375
v 153.218438067 349.325098273 149.148309718 0.99609375
v 153.218011215 349.191611647 139.039711571 0.99609375
v 153.070089689 349.460980385 149.956833181 0.99609375
v 153.260247114 349.756943655 139.079001378 0.99609375
v 153.032071337 349.777272565 149.331313805 0.99609375
v 153.028600066 349.785659395 139.474194927 0.99609375
v 152.961726351 349.780869936 149.048815344 0.99609375
v 153.029723411 350.285995819 139.452226909 0.99609375
v 153.178217061 350.356387422 149.407366166 0.99609375
v 153.280152079 350.357347216 139.239235136 0.99609375
v 153.379915678 350.850957483 149.193696543 0.99609375
v 153.032440624 350.729809148 139.939540175 0.99609375
v 153.339943582 350.919174515 149.592787059 0.99609375
v 153.154943715 350.906358767 140.168706492 0.99609375
v 152.874186846 351.423199496 149.10648123 0.99609375
v 153.156429351 351.263216648 140.866822212 0.99609375
v 153.162883213 351.417375874 149.037578327 0.99609375
v 153.385924499 351.708071798 142.094789918 0.99609375
v 152.968045853 351.875002302 149.190615518 0.99609375
v 152.967008617 352.249193856 142.561351358 0.99609375
v 153.328074579 352.327646857 149.170680269 0.99609375
v 153.180834133 352.146281192 143.508508929 0.99609375
v 153.145255882 352.488605985 149.777528391 0.99609375
v 153.342210405 352.493826837 144.108046384 0.99609375
v 153.327261221 352.444073614 149.960401999 0.99609375
v 153.286828989 353.060080378 145.004627735 0.99609375
v 153.08423719 353.002849891 150.131904508 0.99609375
v 153.026217863 353.34984405 145.950380225 0.99609375
v 153.359617424 353.155542951 150.013201003 0.99609375
v 153.346474631 353.44766638 147.358034951 0.99609375
v 153.002420339 353.553113591 149.563624804 0.99609375
v 153.341918485 353.727133877 147.63606114 0.99609375
v 152.88625424 353.838236429 149.983103915 0.99609375
v 153.292453427 354.31249334 147.704890706 0.99609375
v 153.166267051 354.266992231 150.63705575 0.99609375
v 153.27055903 354.381781876 148.805283444 0.99609375
v 152.892540825 354.522356516 150.12390986 0.99609375
v 153.096790423 354.680012899 149.060898307 0.99609375
v 153.176685901 354.395116362 150.886362617 0.99609375
v 153.082354472 354.69407536 150.412262 0.99609375
v 152.982165581 355.339078764 150.42854717 0.99609375
v 153.237151745 355.334038387 151.00916708 0.99609375
v 153.583324223 327.069604764 136.697145683 0.99609375
v 153.510383404 327.326804797 137.094662234 0.99609375
v 153.508707424 327.180845354 138.553747154 0.99609375
v 153.536056946 327.523408213 136.517660806 0.99609375
v 153.159855431 327.624944084 140.514498119 0.99609375
v 153.176963475 327.821827006 137.404894563 0.99609375
v 153.169479542 328.083320022 142.825356421 0.99609375
v 153.147518231 328.527976703 137.385429805 0.99609375
v 153.141019196 328.045212119 144.221272038 0.99609375
v 153.120472728 328.381361475 136.824124591 0.99609375
v 153.609293213 328.388445503 145.457186551 0.99609375
v 153.585569353 328.92832099 137.398280898 0.99609375
v 153.249500686 329.015276815 145.838616992 0.99609375
v 153.42328584 328.982578282 137.301577208 0.99609375
v 153.549568336 329.172854152 145.49166227 0.99609375
v 153.539194359 329.385756124 136.570875223 0.99609375
v 153.198848081 329.637549398 145.803284199 0.99609375
v 153.358619237 329.461959795 136.925444744 0.99609375
v 153.684856094 330.005450407 145.566735426 0.99609375
v 153.354120559 330.051196787 137.833994652 0.99609375
v 153.270193419 330.203168134 146.170409966 0.99609375
v 153.452062609 330.410861228 137.382274281 0.99609375
v 153.385321175 330.58416132 145.726745625 0.99609375
v 153.607550474 330.616513408 137.04375075 0.99609375
v 153.581777287 330.392788151 145.907105097 0.99609375
v 153.297919924 331.027389078 137.464249645 0.99609375
v 153.680948116 330.826513139 146.126857742 0.99609375
v 153.655314248 331.072466602 137.091596109 0.99609375
v 153.503407599 331.237636031 145.792189399 0.99609375
v 153.587219978 331.281198182 137.674113995 0.99609375
v 153.168926765 331.296191712 146.002481387 0.99609375
v 153.595289832 331.889661801 137.19578346 0.99609375
v 153.443416024 331.489055927 146.382405208 0.99609375
v 153.230822099 332.179071618 137.896601445 0.99609375
v 153.530568147 331.777102995 146.070074592 0.99609375
v 153.559564566 332.614727925 137.882046394 0.99609375
v 153.440352127 332.403758854 146.196306472 0.99609375
v 153.510007792 332.633014608 137.036296058 0.99609375
v 153.650187386 332.718191623 145.945206846 0.99609375
v 153.381030982 332.674325089 137.555959087 0.99609375
v 153.520717018 332.731143795 146.511455274 0.99609375
v 153.47916256 333.123627893 137.893856218 0.99609375
v 153.381726936 333.36693791 146.160689214 0.99609375
v 153.622546038 333.27939681 137.553096618 0.99609375
v 153.638903692 333.344917955 146.259651642 0.99609375
v 153.545951308 334.057177554 137.755349257 0.99609375
v 153.40859535 333.729401566 146.44452405 0.99609375
v 153.658074388 334.200736495 137.68362709 0.99609375
v 153.499602284 334.340383937 146.212253631 0.99609375
v 153.613960624 334.179604438 138.257751217 0.99609375
v 153.636648864 334.255680132 146.072812342 0.99609375
v 153.428927416 334.692142845 138.394549291 0.99609375
v 153.439303986 334.757139517 146.558485607 0.99609375
v 153.627029428 335.04539429 137.684291265 0.99609375
v 153.445571307 335.061066707 146.306583449 0.99609375
v 153.301283274 335.504801749 137.705916173 0.99609375
v 153.4191289 335.447293548 147.270339431 0.99609375
v 153.273729437 335.785119889 138.388470923 0.99609375
v 153.503279233 335.635049908 147.19264529 0.99609375
v 153.163469549 335.780981871 138.764219179 0.99609375
v 153.581325764 335.909672204 146.942866666 0.99609375
v 153.349577462 336.172764154 138.741302663 0.99609375
v 153.420540003 336.22083182 146.740317059 0.99609375
v 153.34692679 336.484077797 138.697685583 0.99609375
v 153.403320205 336.377935584 147.189709337 0.99609375
v 153.283555491 336.640747565 138.282692909 0.99609375
v 153.414230969 336.545482315 147.094002411 0.99609375
v 153.282666657 337.024251026 138.18686649 0.99609375
v 153.306679396 337.144093173 147.14027142 0.99609375
v 153.433963116 337.153404915 138.591298116 0.99609375
v 153.510231077 337.193044422 147.245516757 0.99609375
v 153.41215642 337.693404311 138.206556159 0.99609375
v 153.281826386 337.40638498 147.679525616 0.99609375
v 153.624056866 337.577125698 138.777964032 0.99609375
v 153.290510865 337.785017264 147.987696524 0.99609375
v 153.146818122 338.0957409 138.597989747 0.99609375
v 153.213432408 338.00852652 148.089740615 0.99609375
v 153.496867925 338.436313612 138.958155622 0.99609375
v 153.511757379 338.318781318 148.170868496 0.99609375
v 153.661025559 338.502202571 139.048433002 0.99609375
v 153.147401993 338.497948105 148.303150865 0.99609375
v 153.693791435 338.775308771 139.35114672 0.99609375
v 153.500868877 339.035518736 148.157192425 0.99609375
v 153.558089859 339.043125937 138.857256017 0.99609375
v 153.381538015 339.194014905 148.185953453 0.99609375
v 153.331473829 339.871510626 138.908401105 0.99609375
v 153.295719033 339.751015882 148.90664923 0.99609375
v 153.448691002 339.711295724 139.037714729 0.99609375
v 153.517697547 340.002938651 148.269591298 0.99609375
v 153.62744476 340.32351991 138.552356546 0.99609375
v 153.673298336 339.961978368 148.749593179 0.99609375
v 153.226372551 340.337480963 139.807399997 0.99609375
v 153.615551958 340.286033175 148.171174046 0.99609375
v 153.120769866 340.60348663 139.206962171 0.99609375
v 153.266695288 340.994781596 148.504401231 0.99609375
v 153.475808962 341.186358592 139.356259005 0.99609375
v 153.632927009 341.303624518 148.063376172 0.99609375
v 153.121380902 341.372882889 139.963173714 0.99609375
v 153.22768584 341.414960301 148.610629305 0.99609375
v 153.519094663 341.400960189 139.088888848 0.99609375
v 153.472065408 341.502116205 148.020765347 0.99609375
v 153.251420581 341.856025393 139.406788831 0.99609375
v 153.298916196 342.05142459 149.450013642 0.99609375
v 153.26705983 342.179747696 139.740631832 0.99609375
v 153.364250963 342.423434287 149.142062114 0.99609375
v 153.166796821 342.504160256 139.54641113 0.99609375
v 153.674770028 342.325446867 148.704884449 0.99609375
v 153.27512253 342.91213228 139.752502357 0.99609375
v 153.35768314 343.051958514 148.931824039 0.99609375
v 153.264173869 343.200264479 139.004177483 0.99609375
v 153.656641852 343.209622261 148.754776172 0.99609375
v 153.660647864 343.534477718 139.877691471 0.99609375
v 153.308857148 343.337908183 149.259218226 0.99609375
v 153.660350578 343.841442614 139.342293296 0.99609375
v 153.526628307 343.397335999 148.620808795 0.99609375
v 153.433882456 343.847560452 139.501605322 0.99609375
v 153.675135734 343.743068332 149.31088916 0.99609375
v 153.636035955 344.081724586 139.179328915 0.99609375
v 153.216573057 344.237370242 148.923259479 0.99609375
v 153.207903617 344.623034963 139.233356274 0.99609375
v 153.423603639 344.796750718 149.098812705 0.99609375
v 153.224126897 345.096240827 139.408534829 0.99609375
v 153.171178864 344.748353532 148.671674309 0.99609375
v 153.333920563 345.108270448 139.682287969 0.99609375
v 153.380228877 344.849524099 149.029300277 0.99609375
v 153.612035545 345.188732439 139.386759652 0.99609375
v 153.683046661 345.160907983 149.447192522 0.99609375
v 153.382265919 345.591217444 139.422461622 0.99609375
v 153.127172312 345.873634724 148.831340934 0.99609375
v 153.213199679 345.961453334 139.759122736 0.99609375
v 153.633443598 345.695996826 148.89002896 0.99609375
v 153.509706365 345.995145828 139.107451532 0.99609375
v 153.374091309 346.010626094 149.489224439 0.99609375
v 153.226484084 346.825689103 139.585390477 0.99609375
v 153.218763881 346.743822226 149.036575507 0.99609375
v 153.125897108 346.655351783 139.003674309 0.99609375
v 153.133289051 346.576275305 148.681476759 0.99609375
v 153.509672661 347.350546891 139.869255459 0.99609375
v 153.437657528 347.121677619 149.213725449 0.99609375
v 153.219269256 347.215779115 139.561117329 0.99609375
v 153.591681935 347.16422183 148.761400816 0.99609375
v 153.203931468 347.640903272 139.438741359 0.99609375
v 153.60562812 347.608063263 148.807706188 0.99609375
v 153.687426711 347.824006623 139.10380937 0.99609375
v 153.690092524 348.094891731 148.586430601 0.99609375
v 153.379840795 348.162092854 139.669922559 0.99609375
v 153.136992126 348.495115291 149.495888596 0.99609375
v 153.375129276 348.859172224 139.725742662 0.99609375
v 153.409562166 348.715356006 149.236016262 0.99609375
v 153.340523375 349.113953386 139.845406883 0.99609375
v 153.364440701 348.75279562 148.978404038 0.99609375
v 153.282058155 348.906118896 139.690157224 0.99609375
v 153.527765588 349.10215229 149.35605188 0.99609375
v 153.205718924 349.185449983 139.953025211 0.99609375
v 153.166028552 349.325476492 149.478563954 0.99609375
v 153.621101057 349.769840672 139.792524747 0.99609375
v 153.626355551 349.670601195 149.117478218 0.99609375
v 153.656582433 350.209997818 139.034526623 0.99609375
v 153.598325175 350.036666933 149.490179523 0.99609375
v 153.686123096 350.605564826 139.762540589 0.99609375
v 153.471568603 350.246830822 149.175730387 0.99609375
v 153.618266774 350.739099646 139.232656752 0.99609375
v 153.462229832 350.354614232 149.078618358 0.99609375
v 153.153824638 351.060091352 139.304540697 0.99609375
v 153.254828304 351.072116635 149.166869694 0.99609375
v 153.312646883 350.906991423 139.882017485 0.99609375
v 153.509970397 351.427586722 149.979691643 0.99609375
v 153.454365026 351.385165029 141.075637662 0.99609375
v 153.321101187 351.736537369 149.603309082 0.99609375
v 153.392699152 351.821968358 141.961301821 0.99609375
v 153.545219423 351.550222927 149.232480278 0.99609375
v 153.590744186 352.165391791 142.807347837 0.99609375
v 153.510577764 351.819193009 149.926932309 0.99609375
v 153.603902201 352.44479353 143.520490625 0.99609375
v 153.49264688 352.60330952 150.029429235 0.99609375
v 153.696761225 352.511339665 144.210184136 0.99609375
v 153.662386678 352.682237204 149.791534831 0.99609375
v 153.192201623 352.680004078 145.211407212 0.99609375
v 153.67385388 352.970700718 149.573732387 0.99609375
v 153.234238903 353.409740499 146.461908507 0.99609375
v 153.688024778 353.196757505 150.040974704 0.99609375
v 153.510049941 353.737352558 147.426820468 0.99609375
v 153.137121506 353.777499657 149.947855941 0.99609375
v 153.284302285 353.930735531 147.34761197 0.99609375
v 153.49250541 353.816821198 149.622378235 0.99609375
v 153.632923448 353.911442597 147.991471798 0.99609375
v 153.626912196 354.37534576 150.567166296 0.99609375
v 153.682391293 354.248805862 148.17163053 0.99609375
v 153.147624789 354.494393208 150.111974637 0.99609375
v 153.689394591 354.453384374 149.06734643 0.99609375
v 153.363738343 354.520636445 150.859396814 0.99609375
v 153.316383439 354.786811242 149.640570808 0.99609375
v 153.623580228 355.044342152 150.609150173 0.99609375
v 153.294335538 355.442608849 151.330611786 0.99609375
v 153.754332734 327.15048865 137.073142194 0.99609375
v 153.60362014 327.308920411 136.553188236 0.99609375
v 153.411351455 327.241370682 139.081522004 0.99609375
v 153.808799157 327.461476923 136.642342545 0.99609375
v 153.849269919 327.589395055 140.766045773 0.99609375
v 153.984653361 327.941465148 137.34737508 0.99609375
v 153.781787426 328.190823189 142.281469876 0.99609375
v 153.865311746 328.112977684 136.901157094 0.99609375
v 153.882509277 328.02901104 144.97335538 0.99609375
v 153.507591623 328.582609501 136.889242678 0.99609375
v 153.814367204 328.62765447 145.956193579 0.99609375
v 153.831675858 328.921351418 136.897934741 0.99609375
v 153.527435178 329.074936286 145.448334255 0.99609375
v 153.92141716 328.977678043 137.217493623 0.99609375
v 153.918063381 329.042294243 145.91519801 0.99609375
v 153.773325933 329.396997208 137.129678138 0.99609375
v 153.681402968 329.368120749 145.879537046 0.99609375
v 153.850112324 329.552363176 136.667058702 0.99609375
v 153.513888111 329.611818163 146.228954681 0.99609375
v 153.500341991 330.001695252 137.245033549 0.99609375
v 153.524277629 330.162174686 146.416272088 0.99609375
v 153.528999049 330.50383313 137.766441795 0.99609375
v 153.623178068 330.205205949 145.863573337 0.99609375
v 153.654232435 330.678024911 137.445238891 0.99609375
v 153.749756116 330.675964489 146.172279904 0.99609375
v 153.506023705 331.153531575 137.71052385 0.99609375
v 153.84521129 331.045815712 145.535262394 0.99609375
v 153.552846563 331.158345002 137.316532096 0.99609375
v 153.915595847 331.030873855 145.627007855 0.99609375
v 153.973394745 331.377010127 137.029514828 0.99609375
v 153.928895764 331.60653539 145.805977866 0.99609375
v 153.857621134 331.974870865 137.464595542 0.99609375
v 153.929502644 331.757079736 146.163209185 0.99609375
v 153.6329973 332.169647529 137.54897707 0.99609375
v 153.861005665 332.103033687 145.611027165 0.99609375
v 153.817491416 332.497835174 137.783966776 0.99609375
v 153.62428904 332.186660748 145.924960501 0.99609375
v 153.904582277 332.852004292 137.438654843 0.99609375
v 153.827639268 332.354939459 145.799122372 0.99609375
v 153.527524605 332.990867294 137.801070275 0.99609375
v 153.511355715 332.724886399 146.255956322 0.99609375
v 153.778640512 333.348295421 137.196303505 0.99609375
v 153.498980395 333.157213892 146.930389729 0.99609375
v 153.765499005 333.299252015 137.371915914 0.99609375
v 153.471634382 333.360408606 146.678871599 0.99609375
v 153.790291976 333.823507805 137.482460095 0.99609375
v 153.986463882 333.650271603 146.627283622 0.99609375
v 153.951157084 334.051841602 137.214196106 0.99609375
v 153.550985785 333.90459766 146.599224261 0.99609375
v 153.776990705 334.539236455 137.745798327 0.99609375
v 153.781988938 334.607622009 146.455845658 0.99609375
v 153.778917766 334.511046571 137.943458593 0.99609375
v 153.821675702 334.711863132 146.490684934 0.99609375
v 153.897655876 335.08606964 138.367950986 0.99609375
v 153.75967607 334.988191081 146.560784926 0.99609375
v 153.432355378 335.483248008 138.036035416 0.99609375
v 153.552290867 335.380818753 146.930094694 0.99609375
v 153.599370015 335.637796121 137.954649609 0.99609375
v 153.724956304 335.648272887 146.631697448 0.99609375
v 153.89764097 335.665425781 138.285953807 0.99609375
v 153.984608733 335.718286978 147.257800961 0.99609375
v 153.827951187 336.375739523 138.922468451 0.99609375
v 153.784405778 335.953763788 146.606153388 0.99609375
v 153.425700825 336.354409042 138.880196375 0.99609375
v 153.982198145 336.613224615 147.151196629 0.99609375
v 153.425345318 336.611560365 138.675175177 0.99609375
v 153.6929953 336.708374663 147.398072659 0.99609375
v 153.560186394 336.749879479 138.204196531 0.99609375
v 153.475143483 337.107012757 147.400418341 0.99609375
v 153.826673276 337.150150474 138.232875838 0.99609375
v 153.458092582 336.993289698 147.977038218 0.99609375
v 153.756467345 337.65338505 138.722856314 0.99609375
v 153.598299965 337.624454973 147.43444999 0.99609375
v 153.815517029 337.63325468 138.576629762 0.99609375
v 153.946908479 338.070762988 147.653209805 0.99609375
v 153.517580459 338.209388171 138.957450604 0.99609375
v 153.527696587 338.118030628 148.394639945 0.99609375
v 153.50374434 338.19352355 138.905788253 0.99609375
v 153.67632763 338.266402999 148.184347643 0.99609375
v 153.580465954 338.466481412 138.62900695 0.99609375
v 153.767991933 338.713773818 147.934093465 0.99609375
v 153.521395868 339.142778055 138.586372868 0.99609375
v 153.486631011 339.147056898 148.091353767 0.99609375
v 153.567772985 339.33709298 138.914287211 0.99609375
v 153.695298667 339.03963591 148.794771207 0.99609375
v 153.602299663 339.377456778 139.457311911 0.99609375
v 153.813517229 339.552988733 148.733776569 0.99609375
v 153.957512168 340.120278449 139.492290876 0.99609375
v 153.56624548 340.124460562 148.504353358 0.99609375
v 153.978949584 339.931323524 138.542271681 0.99609375
v 153.921967203 340.135110983 148.473501451 0.99609375
v 153.681008844 340.731339309 139.72235021 0.99609375
v 153.575299664 340.220369939 148.028671785 0.99609375
v 153.59490068 340.588351416 139.990094845 0.99609375
v 153.625153978 340.480892608 148.599645644 0.99609375
v 153.8005096 341.102796965 139.187601609 0.99609375
v 153.806556178 340.757237875 148.699934792 0.99609375
v 153.795707373 341.102122533 139.667525907 0.99609375
v 153.902564023 341.054351181 148.498222996 0.99609375
v 153.878565854 341.444142135 139.522438883 0.99609375
v 153.441956707 341.881901649 149.311150481 0.99609375
v 153.842882373 341.665068504 139.720567314 0.99609375
v 153.910816891 341.880122935 149.498145803 0.99609375
v 153.808950462 342.056179005 139.793337145 0.99609375
v 153.806192521 342.142992205 148.896225615 0.99609375
v 153.419492435 342.537323855 139.527501692 0.99609375
v 153.975779549 342.240075796 148.938379082 0.99609375
v 153.963337562 342.781084977 139.212915843 0.99609375
v 153.568829447 342.759820855 149.062258444 0.99609375
v 153.603558346 343.27516009 139.59292662 0.99609375
v 153.81578614 343.354729298 149.001902908 0.99609375
v 153.836206167 343.275349706 139.806334854 0.99609375
v 153.497455198 343.258804996 148.897639572 0.99609375
v 153.834885898 343.7224293 139.906004153 0.99609375
v 153.529141904 343.615853336 149.464956337 0.99609375
v 153.981988766 343.921260336 139.352355664 0.99609375
v 153.484200289 344.030936085 148.954464382 0.99609375
v 153.489716778 343.940231221 139.566657256 0.99609375
v 153.81495872 344.047220058 149.292560629 0.99609375
v 153.640828643 344.231542247 139.064415269 0.99609375
v 153.73286889 344.621303554 149.432334243 0.99609375
v 153.45223078 345.012800483 139.034747192 0.99609375
v 153.56605082 344.578006225 148.660370271 0.99609375
v 153.666371394 345.263203294 139.768554328 0.99609375
v 153.714802646 345.179533919 148.626187285 0.99609375
v 153.822732879 345.45247794 139.86485061 0.99609375
v 153.795121612 345.310789855 148.888804873 0.99609375
v 153.498590613 345.798228983 139.344114874 0.99609375
v 153.966624763 345.79059041 149.39771263 0.99609375
v 153.989153706 346.255701206 139.903301911 0.99609375
v 153.972959741 345.814002383 148.89443488 0.99609375
v 153.747447497 346.424844337 139.378661354 0.99609375
v 153.63984638 346.059948419 148.639655841 0.99609375
v 153.442418844 346.580436434 139.466663945 0.99609375
v 153.894883077 346.830136317 148.967865395 0.99609375
v 153.780507735 346.850908761 139.256456196 0.99609375
v 153.422841011 347.054810479 149.453826461 0.99609375
v 153.60469537 347.040167852 139.343706333 0.99609375
v 153.809515517 347.041928475 148.510775239 0.99609375
v 153.661748499 347.212474428 139.065434069 0.99609375
v 153.709648175 347.505529908 149.252717923 0.99609375
v 153.82984793 347.650710826 139.717048353 0.99609375
v 153.511923191 347.677738404 149.002919151 0.99609375
v 153.6925741 347.809840452 139.925613496 0.99609375
v 153.585371774 347.839161895 149.320071091 0.99609375
v 153.425353228 348.021219509 139.193897859 0.99609375
v 153.771458274 348.161369374 148.653457092 0.99609375
v 153.879101084 348.549010784 139.14860851 0.99609375
v 153.79480509 348.488248956 149.009554714 0.99609375
v 153.789604079 348.676713076 139.422645498 0.99609375
v 153.436348017 348.92242565 149.131760218 0.99609375
v 153.632155954 349.180813203 139.135047285 0.99609375
v 153.805717732 349.285929693 149.757899227 0.99609375
v 153.837225146 349.533626972 139.428199983 0.99609375
v 153.961995423 349.623859652 149.787753882 0.99609375
v 153.797047782 350.017626628 139.228730993 0.99609375
v 153.734291033 349.684999756 149.714607519 0.99609375
v 153.77413921 350.295586436 139.679085205 0.99609375
v 153.446484841 349.939549999 149.483423226 0.99609375
v 153.672982089 350.580934986 139.630776797 0.99609375
v 153.924411624 350.545405534 149.253878647 0.99609375
v 153.67095369 350.442660884 139.218356776 0.99609375
v 153.47483528 350.467699918 149.272435695 0.99609375
v 153.63016814 350.871640818 139.869576864 0.99609375
v 153.487744437 350.72991489 149.220119718 0.99609375
v 153.581301967 351.395662955 140.228952915 0.99609375
v 153.503976235 351.21198689 149.763304342 0.99609375
v 153.747939846 351.295810609 141.309011664 0.99609375
v 153.452929905 351.388608223 149.555180001 0.99609375
v 153.843411976 351.971064567 142.250002166 0.99609375
v 153.549065059 351.528908787 149.215233245 0.99609375
v 153.49584634 351.819007875 143.312908743 0.99609375
v 153.479113497 352.313322941 149.279142805 0.99609375
v 153.561009833 352.201667425 144.375376832 0.99609375
v 153.871362089 352.585431386 149.641139407 0.99609375
v 153.957291299 352.854641508 144.389687908 0.99609375
v 153.819465753 352.4692034 149.654002051 0.99609375
v 153.510222516 352.737381493 145.313138863 0.99609375
v 153.488960539 353.165782799 149.714755886 0.99609375
v 153.767353636 353.309762948 145.57643917 0.99609375
v 153.476222459 352.969617804 149.854117786 0.99609375
v 153.577077833 353.593037335 146.836167831 0.99609375
v 153.62547058 353.236945799 150.109624366 0.99609375
v 153.652432634 353.800791801 147.538965981 0.99609375
v 153.724078317 353.970621907 150.229896246 0.99609375
v 153.725472966 354.144895795 148.302032203 0.99609375
v 153.585425198 354.311818445 150.679502532 0.99609375
v 153.503623811 354.18520462 148.933854653 0.99609375
v 153.927208738 354.429695001 150.668356325 0.99609375
v 153.899598684 354.890833126 149.930098639 0.99609375
v 153.67763434 354.634641896 150.951355762 0.99609375
v 153.741851993 354.810203606 149.510065561 0.99609375
v 153.66075643 355.46585756 150.74526364 0.99609375
v 153.436678413 355.658969993 151.372394421 0.99609375
v 154.270673831 327.119514756 136.683787175 0.99609375
v 154.178225314 327.496453399 136.854654571 0.99609375
v 153.998772403 327.636381917 138.689527347 0.99609375
v 153.888174313 327.808199546 136.838357011 0.99609375
v 153.845344084 327.491159885 141.382781212 0.99609375
v 153.878357584 328.264137747 136.729400965 0.99609375
v 153.742816392 328.142399215 142.665746998 0.99609375
v 154.21431885 328.229211707 136.592925398 0.99609375
v 153.738054941 328.257469346 144.374851394 0.99609375
v 154.117221992 328.830841103 136.979215239 0.99609375
v 153.717555959 328.652296674 145.473850899 0.99609375
v 154.168149342 328.688803565 136.721038768 0.99609375
v 153.969147825 328.666325866 145.930797827 0.99609375
v 154.059400411 329.413697494 136.547573466 0.99609375
v 154.189425304 329.240375131 145.659374382 0.99609375
v 154.032650665 329.403597138 137.18433503 0.99609375
v 154.263287752 329.315277291 145.345257386 0.99609375
v 153.972207679 329.595128127 137.230722127 0.99609375
v 153.834427814 329.533133833 145.59963798 0.99609375
v 153.707641559 329.877494318 137.578615772 0.99609375
v 153.997244563 329.95403696 146.47111723 0.99609375
v 153.923941983 330.280434956 137.858759626 0.99609375
v 154.008916545 330.455581081 145.863267526 0.99609375
v 153.849680057 330.413299061 137.246267744 0.99609375
v 154.197510357 330.719543034 146.460714089 0.99609375
v 153.87179387 330.926423304 137.882868864 0.99609375
v 154.078246993 331.073939913 146.189892906 0.99609375
v 154.096490232 331.068197886 137.542747368 0.99609375
v 154.010761796 331.358159899 145.722543125 0.99609375
v 154.150962799 331.670859527 137.905242664 0.99609375
v 154.136384187 331.449173856 146.384773792 0.99609375
v 154.030903781 331.871445226 137.530371663 0.99609375
v 153.791065581 331.976884938 146.04835468 0.99609375
v 154.163032842 332.125732322 137.143701204 0.99609375
v 154.226141439 332.270814832 146.205030545 0.99609375
v 154.083907287 332.202138941 137.759793625 0.99609375
v 153.970192595 332.144101499 145.720743491 0.99609375
v 154.193600529 332.538010879 137.456044158 0.99609375
v 154.228423682 332.36452227 145.915322351 0.99609375
v 154.082002683 333.078748447 137.69333775 0.99609375
v 153.765582479 332.860447561 146.116090232 0.99609375
v 154.14003613 333.440390913 137.900903337 0.99609375
v 154.197494637 333.10637308 146.218212815 0.99609375
v 153.926624101 333.254852135 137.71858885 0.99609375
v 154.102841256 333.580983356 146.941528518 0.99609375
v 153.997830535 333.54723168 137.965495757 0.99609375
v 154.225219332 333.979636935 146.407302589 0.99609375
v 154.12501606 334.066684421 137.789392891 0.99609375
v 154.183849103 334.248158161 146.147350457 0.99609375
v 153.732188449 334.275505617 138.007281242 0.99609375
v 154.136064268 334.363709284 146.375917927 0.99609375
v 153.739025859 334.405131987 137.967029454 0.99609375
v 153.931043224 334.404095194 146.605178516 0.99609375
v 153.950804107 334.76744279 137.725442509 0.99609375
v 154.258851207 335.173122269 146.773738608 0.99609375
v 154.117603025 335.442141527 137.939949562 0.99609375
v 153.874000619 335.195063514 146.537811169 0.99609375
v 153.835736937 335.691737768 138.046600805 0.99609375
v 153.968942332 335.592324558 146.557138641 0.99609375
v 153.842152371 335.777585644 138.003916748 0.99609375
v 154.260775256 336.004101905 147.323981257 0.99609375
v 153.829122398 335.912600321 138.433273307 0.99609375
v 154.075381517 335.912975032 147.068829906 0.99609375
v 153.730474308 336.28907929 138.063426676 0.99609375
v 154.176392146 336.514655877 146.963962537 0.99609375
v 154.209304619 336.770381486 138.423217658 0.99609375
v 153.776621328 336.850530878 147.680513722 0.99609375
v 153.752335438 337.07596357 138.395266764 0.99609375
v 153.906903047 336.932985718 147.991164018 0.99609375
v 154.220317507 337.543785669 138.546908077 0.99609375
v 154.251646573 337.190164472 147.804488197 0.99609375
v 154.152669428 337.664057799 138.192530567 0.99609375
v 153.904886593 337.535804298 147.836218478 0.99609375
v 153.835926509 337.774676077 139.295763819 0.99609375
v 154.245667663 337.594109441 148.145220389 0.99609375
v 154.263347454 338.272110888 138.608292447 0.99609375
v 154.102159572 337.961737931 147.707471592 0.99609375
v 153.74099055 338.549893767 139.004499948 0.99609375
v 153.963725113 338.664158864 148.010321194 0.99609375
v 153.859136393 338.623539402 138.890416039 0.99609375
v 153.978973444 338.801092885 148.342499596 0.99609375
v 153.718664607 338.791123837 139.068559939 0.99609375
v 154.170145378 338.862881871 147.640397064 0.99609375
v 153.939786091 339.028152359 138.803031457 0.99609375
v 153.774009453 339.376413292 148.855581604 0.99609375
v 153.899049301 339.511192308 138.730076371 0.99609375
v 154.023274325 339.426066023 148.949814216 0.99609375
v 153.719653161 339.657627793 138.879663684 0.99609375
v 153.732215141 339.988881733 148.443039319 0.99609375
v 154.107044726 340.167975646 138.612677617 0.99609375
v 153.729495214 340.032172048 148.261959498 0.99609375
v 153.778905801 340.512316571 139.06924716 0.99609375
v 154.053801993 340.51221026 148.141544508 0.99609375
v 153.846676451 341.021562663 139.222442918 0.99609375
v 154.102040706 340.491581485 148.922128838 0.99609375
v 154.066590863 340.810217554 139.964419698 0.99609375
v 154.231599525 341.180728179 148.843124748 0.99609375
v 153.777290212 341.466240668 139.703504373 0.99609375
v 154.038463617 341.568996404 148.477621241 0.99609375
v 153.924804427 341.852056865 139.420902047 0.99609375
v 154.271304101 341.692192167 148.839131357 0.99609375
v 153.920057786 342.103360071 139.989813626 0.99609375
v 154.048644586 342.18478931 149.064170826 0.99609375
v 154.120677115 342.028142818 139.807454865 0.99609375
v 154.101645336 342.272957656 148.516511043 0.99609375
v 153.857211546 342.597814453 139.819710465 0.99609375
v 153.91631691 342.722543121 149.479910606 0.99609375
v 154.110398129 343.062681949 139.407657496 0.99609375
v 154.015348687 342.563872561 149.199100479 0.99609375
v 154.173000484 342.890364587 139.331831834 0.99609375
v 153.784050376 343.095418058 148.689760188 0.99609375
v 153.729078528 343.459704218 139.407520034 0.99609375
v 153.721542855 343.54758557 149.119046252 0.99609375
v 154.136860602 343.508386461 139.330203408 0.99609375
v 153.92709187 343.484385868 148.990420992 0.99609375
v 154.175929403 344.073338499 139.636395519 0.99609375
v 153.704068031 343.959883678 149.435801211 0.99609375
v 154.266524302 344.394440188 139.664262859 0.99609375
v 153.802925778 344.234318207 149.345133793 0.99609375
v 154.010364684 344.343461255 139.126368661 0.99609375
v 153.896241448 344.402282762 148.553045808 0.99609375
v 153.894431759 344.913668154 139.771874311 0.99609375
v 154.256618285 344.96222189 148.653528819 0.99609375
v 153.81708531 344.900869277 139.109400866 0.99609375
v 153.881747872 344.93744995 148.693150769 0.99609375
v 154.064767204 345.1534986 139.959189806 0.99609375
v 154.056131916 345.482467556 149.450695495 0.99609375
v 153.826996579 345.94701406 139.399614136 0.99609375
v 153.755436856 345.948283689 149.318254795 0.99609375
v 154.162429186 345.97152718 139.210208308 0.99609375
v 154.267475441 345.838381786 149.097241733 0.99609375
v 153.709973515 346.532332568 139.360735372 0.99609375
v 154.11823434 346.390050905 148.772091078 0.99609375
v 153.717396024 346.338615492 139.889922901 0.99609375
v 154.142976379 346.667888696 149.279974654 0.99609375
v 153.820860947 346.654448189 139.447916673 0.99609375
v 154.202014532 346.744406453 149.431707084 0.99609375
v 154.054195854 346.944338893 139.708533138 0.99609375
v 153.741067963 347.024474171 148.701027833 0.99609375
v 154.210311361 347.201750039 139.762963676 0.99609375
v 153.960536769 347.377830292 148.767898866 0.99609375
v 153.956420452 347.818121629 139.413501832 0.99609375
v 153.778575283 347.671841157 149.116575856 0.99609375
v 154.253909034 347.869740888 139.063349804 0.99609375
v 153.937131572 348.177367754 149.142602084 0.99609375
v 153.724900745 348.558562922 139.194854047 0.99609375
v 153.854359339 348.023300463 149.11747527 0.99609375
v 153.851435318 348.731182041 139.70734619 0.99609375
v 153.774529097 348.647870975 148.615272134 0.99609375
v 154.028995448 348.641672007 139.855084839 0.99609375
v 153.921127676 348.626152605 149.739764897 0.99609375
v 154.040655068 349.14230729 139.791138886 0.99609375
v 154.09338747 349.056833295 149.148610646 0.99609375
v 154.043239645 349.160665982 139.133800952 0.99609375
v 154.127334068 349.330177419 149.175066209 0.99609375
v 154.202479914 349.622111139 139.057436595 0.99609375
v 153.957024346 349.476047424 149.821731395 0.99609375
v 153.901528503 349.890014206 139.732125436 0.99609375
v 153.713514076 349.918736728 149.217857727 0.99609375
v 154.141715914 350.127727086 139.847925565 0.99609375
v 154.139421172 350.093122813 149.76656062 0.99609375
v 153.96419199 350.333103583 139.746445986 0.99609375
v 154.264395312 350.784354157 149.312652911 0.99609375
v 154.088273006 350.686240826 139.154846375 0.99609375
v 153.944308268 350.783887762 149.297086088 0.99609375
v 154.158107838 351.274352983 139.571010794 0.99609375
v 154.150749368 350.985380932 149.859816244 0.99609375
v 153.788089684 351.469985163 140.903880799 0.99609375
v 154.119869192 351.606790054 149.107269881 0.99609375
v 154.178958688 351.986712165 142.397356527 0.99609375
v 154.065827951 351.770214775 149.392452648 0.99609375
v 154.032410076 352.017842178 143.336913368 0.99609375
v 154.052519025 351.951111345 149.790391585 0.99609375
v 153.736149174 352.181534992 143.733979715 0.99609375
v 153.901362656 352.417241397 149.992660456 0.99609375
v 153.75206964 352.467918246 144.197657899 0.99609375
v 154.03993875 352.854452801 150.086672804 0.99609375
v 153.998504339 352.921825967 145.24648487 0.99609375
v 153.721205221 353.210508304 149.928345701 0.99609375
v 154.137957414 353.079673892 145.700675718 0.99609375
v 154.115611446 353.445303905 150.455772511 0.99609375
v 153.783186803 353.682807046 147.306962049 0.99609375
v 153.907294732 353.385953655 149.893011539 0.99609375
v 153.985577432 353.568319878 147.192860937 0.99609375
v 153.962416931 353.741708 150.108958053 0.99609375
v 154.095112515 354.050985441 147.749035827 0.99609375
v 153.897895429 354.045016178 150.219028055 0.99609375
v 154.205998869 354.662399451 148.418637435 0.99609375
v 153.84222357 354.481959698 150.817934582 0.99609375
v 154.162021767 354.552836099 149.127535702 0.99609375
v 153.905952646 354.843857105 150.790321332 0.99609375
v 154.217970453 355.016826271 149.502393483 0.99609375
v 154.044192393 355.234763221 150.440234482 0.99609375
v 153.703303602 355.250147513 151.157355075 0.99609375
v 154.368771986 327.058833109 136.79327176 0.99609375
v 154.353967113 327.536496676 136.649308788 0.99609375
v 154.101771225 327.333813563 138.967955605 0.99609375
v 154.366052376 327.920008091 137.459208067 0.99609375
v 153.990788999 327.678999875 141.070472664 0.99609375
v 154.039659558 328.140278945 136.685259771 0.99609375
v 154.299540221 327.718633379 142.542657698 0.99609375
v 154.122973951 328.050074787 136.553907125 0.99609375
v 154.08934247 328.104292307 144.407855322 0.99609375
v 154.210988309 328.751810221 136.706521615 0.99609375
v 154.006922688 328.789023577 145.663550744 0.99609375
v 154.080491393 329.136423325 136.586377337 0.99609375
v 154.361420644 328.768911034 145.461116058 0.99609375
v 154.515243064 329.066319304 137.365472095 0.99609375
v 154.209313584 328.901228133 145.64706554 0.99609375
v 154.105655192 329.617874441 137.008470503 0.99609375
v 154.405069388 329.3679481 145.952145853 0.99609375
v 154.130863684 329.82538145 136.824777885 0.99609375
v 154.152529026 329.563530344 146.308021373 0.99609375
v 154.447336308 330.037500776 137.779838046 0.99609375
v 154.522069817 330.291383606 145.65913507 0.99609375
v 154.100281682 330.591565331 137.642045927 0.99609375
v 154.565071943 330.149216378 145.792212305 0.99609375
v 154.446892169 330.663812363 137.646014833 0.99609375
v 154.290031727 330.68806247 145.598670289 0.99609375
v 154.495319463 330.725183061 137.583724334 0.99609375
v 154.535856959 330.82172661 145.886927261 0.99609375
v 154.411992407 331.075914176 137.538552403 0.99609375
v 154.454112943 331.234665964 146.375439836 0.99609375
v 154.261417512 331.309961123 137.103534409 0.99609375
v 154.454337685 331.504857598 146.165386207 0.99609375
v 154.077634748 331.478788676 137.550621414 0.99609375
v 154.176391512 331.768100178 146.087305384 0.99609375
v 154.306506827 332.249976915 137.688761608 0.99609375
v 154.302346792 332.165778121 145.663509343 0.99609375
v 154.345277302 332.30516715 137.456713426 0.99609375
v 154.264595342 332.167314251 146.468744373 0.99609375
v 154.398307638 332.579662054 137.822065246 0.99609375
v 154.490267177 332.471044477 145.544851909 0.99609375
v 154.061412809 332.999960015 137.997815774 0.99609375
v 154.075527114 332.999478861 146.934921054 0.99609375
v 154.452847421 333.307004917 137.107087445 0.99609375
v 154.275964542 332.931718515 146.791709902 0.99609375
v 154.097851055 333.223293183 137.066023231 0.99609375
v 154.352253486 333.68427488 146.781453891 0.99609375
v 154.308717619 334.068614316 137.695720342 0.99609375
v 154.324688868 333.598924018 146.891337789 0.99609375
v 154.230130856 334.085094073 137.035994371 0.99609375
v 154.35586041 333.796400192 146.82642858 0.99609375
v 154.507179528 334.507797215 137.766541242 0.99609375
v 154.491701614 334.297656193 146.175253305 0.99609375
v 154.276666889 334.611484001 137.593267947 0.99609375
v 154.527275409 334.946575827 146.1833895 0.99609375
v 154.246194271 335.059400604 137.658020128 0.99609375
v 154.052884057 334.964283471 147.307986456 0.99609375
v 154.225500887 335.080549939 137.512497414 0.99609375
v 154.153798362 335.473579713 147.088001396 0.99609375
v 154.484695914 335.597869489 138.184810124 0.99609375
v 154.365824789 335.737016471 146.947435768 0.99609375
v 154.168266286 335.596869369 138.079513833 0.99609375
v 154.363752151 336.079832925 147.000813688 0.99609375
v 154.25918094 336.012231352 138.003699375 0.99609375
v 154.304171309 336.278863441 147.182239142 0.99609375
v 154.330860895 336.537562266 138.316562591 0.99609375
v 154.085285457 336.169905623 146.860357735 0.99609375
v 154.006786766 336.689423384 138.140721184 0.99609375
v 154.160674978 336.939545417 147.351990542 0.99609375
v 154.125327614 337.002875444 138.427185752 0.99609375
v 154.441740699 336.749691699 147.314794055 0.99609375
v 154.539646812 337.184695911 138.399370416 0.99609375
v 154.246625151 337.218688985 147.045222248 0.99609375
v 154.364097456 337.750642652 138.814196903 0.99609375
v 154.339449878 337.34313029 147.967522759 0.99609375
v 154.501909089 337.751945177 139.376818534 0.99609375
v 154.404277478 337.728248814 147.53261082 0.99609375
v 154.264394813 338.058087368 138.529739774 0.99609375
v 154.366273042 338.401468304 148.417408192 0.99609375
v 154.112289004 338.225124314 138.923021408 0.99609375
v 154.135158627 338.242262602 147.987298208 0.99609375
v 154.221944953 338.782938446 139.030005711 0.99609375
v 154.226508115 338.585342422 148.184829654 0.99609375
v 154.274498529 338.727174968 138.701903064 0.99609375
v 154.450797932 339.252970055 148.010067623 0.99609375
v 154.01487659 339.425431794 139.436109634 0.99609375
v 154.422769928 339.014432769 148.142709378 0.99609375
v 154.05598041 339.848647076 138.734540732 0.99609375
v 154.405155577 339.510050768 148.459157343 0.99609375
v 154.245050482 339.70031236 139.153599289 0.99609375
v 154.10815636 339.82934097 148.147964426 0.99609375
v 154.03160294 340.395111796 139.025773666 0.99609375
v 154.296502669 340.222664043 148.054012523 0.99609375
v 154.071679541 340.326963779 139.179106874 0.99609375
v 154.451331837 340.67047758 148.344434093 0.99609375
v 154.478265119 340.758361429 139.498366388 0.99609375
v 154.408337937 340.861342823 148.958109488 0.99609375
v 154.084618571 340.7596425 139.269051447 0.99609375
v 154.146478153 340.928542218 148.777636931 0.99609375
v 154.45759162 341.442405937 139.148718836 0.99609375
v 154.099424958 341.339910297 148.576632882 0.99609375
v 154.296296267 341.591935182 139.049114808 0.99609375
v 154.480455714 341.867142287 149.242240497 0.99609375
v 154.532540884 341.917291317 139.48388485 0.99609375
v 154.100499765 342.171939119 148.519647526 0.99609375
v 154.149384103 342.221220846 139.249974862 0.99609375
v 154.267070333 342.254450016 149.128285434 0.99609375
v 154.479201299 342.562941061 139.441026116 0.99609375
v 154.405717532 342.255355025 149.17088204 0.99609375
v 154.076657174 342.67379387 139.654668895 0.99609375
v 154.340365216 343.003763821 149.431294062 0.99609375
v 154.463108882 342.889901333 139.344827719 0.99609375
v 154.295319091 343.356775192 149.090998236 0.99609375
v 154.539690633 343.486306333 139.86364519 0.99609375
v 154.405602537 343.5748285 148.728837507 0.99609375
v 154.277679999 343.698208878 139.21645804 0.99609375
v 154.434634579 343.714217398 148.908198487 0.99609375
v 154.434395906 343.774850124 139.169519999 0.99609375
v 154.247444678 344.075045804 149.191973529 0.99609375
v 154.003204712 344.20644115 139.545133595 0.99609375
v 154.425173553 344.395431423 148.71583707 0.99609375
v 154.415290922 344.539497953 139.008729192 0.99609375
v 154.005070219 344.244179751 149.470996547 0.99609375
v 154.475367647 345.026359815 139.103098802 0.99609375
v 154.133565622 344.89778311 149.263197008 0.99609375
v 154.340546419 345.154845283 139.550242819 0.99609375
v 154.213309847 344.842556958 148.777434752 0.99609375
v 154.328645101 345.417385808 139.538536543 0.99609375
v 154.384879946 345.329180496 149.079953732 0.99609375
v 154.214708355 345.900363373 139.749432946 0.99609375
v 154.4514526 345.539708311 149.473730292 0.99609375
v 154.567256579 345.873079393 139.603208915 0.99609375
v 154.016620248 346.112590847 148.724055544 0.99609375
v 154.22421173 346.088490162 139.102454678 0.99609375
v 154.569768307 346.392992112 149.368930334 0.99609375
v 154.189336765 346.831688332 139.189984131 0.99609375
v 154.233199601 346.838569535 149.385721266 0.99609375
v 154.55915299 347.077336199 139.08846712 0.99609375
v 154.165191472 347.102307318 148.52635178 0.99609375
v 154.379947051 347.349183013 139.00193213 0.99609375
v 154.526860775 347.376582742 148.720013663 0.99609375
v 154.548533844 347.56189371 139.443147132 0.99609375
v 154.174886826 347.159113111 149.191666179 0.99609375
v 154.374094774 347.555381033 139.49063491 0.99609375
v 154.471276449 347.686788469 148.812710217 0.99609375
v 154.092168297 347.819262187 139.950015832 0.99609375
v 154.168404992 347.724039793 148.871128281 0.99609375
v 154.303312766 348.421471333 139.81373361 0.99609375
v 154.084698736 348.089776039 149.176006773 0.99609375
v 154.410634135 348.740468588 139.605833654 0.99609375
v 154.033000425 348.520938284 148.577660283 0.99609375
v 154.222070307 348.733549155 139.972200699 0.99609375
v 154.531537374 348.923182781 149.330731327 0.99609375
v 154.394902797 349.281258937 139.717687374 0.99609375
v 154.195867751 349.150380267 149.522130339 0.99609375
v 154.465120216 349.499223139 139.594135214 0.99609375
v 154.203466455 349.234865661 149.187233818 0.99609375
v 154.452463553 349.597244494 139.053151399 0.99609375
v 154.0452187 349.854481129 149.113933522 0.99609375
v 154.398759269 349.933821783 139.694426723 0.99609375
v 154.006732111 350.24292446 149.278481315 0.99609375
v 154.542544843 350.222325036 139.5460041 0.99609375
v 154.219602301 350.497723792 149.259000104 0.99609375
v 154.077034919 350.802111917 139.14029313 0.99609375
v 154.117432525 350.555468356 149.600757782 0.99609375
v 154.507952171 350.814586326 139.732049792 0.99609375
v 154.528705084 350.98797311 149.710355033 0.99609375
v 154.26316119 351.216361118 140.156371458 0.99609375
v 154.226256759 351.298576923 149.38726547 0.99609375
v 154.396459918 351.563806007 140.974679156 0.99609375
v 154.017773979 351.563369952 149.893630949 0.99609375
v 154.54949973 351.95700093 141.820504147 0.99609375
v 154.18601878 351.778215317 149.302974182 0.99609375
v 154.255414269 351.79895751 142.583924204 0.99609375
v 154.328876607 352.12278042 150.031189424 0.99609375
v 154.353651308 352.549748908 144.213440691 0.99609375
v 154.508476828 352.504778366 150.114649796 0.99609375
v 154.354964866 352.555935336 144.230031412 0.99609375
v 154.311990419 352.641689526 149.996655474 0.99609375
v 154.25537683 353.121335712 145.762470865 0.99609375
v 154.37973417 352.776472561 150.42190784 0.99609375
v 154.444313808 353.030980781 146.353624295 0.99609375
v 154.07679092 352.944396904 150.134267918 0.99609375
v 154.282016489 353.495856586 146.897568816 0.99609375
v 154.340836327 353.488539461 150.384732562 0.99609375
v 154.259246868 354.076337134 147.950365018 0.99609375
v 154.38352256 353.764120458 150.947251373 0.99609375
v 154.437622335 353.888891152 147.861649752 0.99609375
v 154.292501784 354.312641235 150.593142016 0.99609375
v 154.239078377 354.156405631 148.471373137 0.99609375
v 154.042996371 354.362549792 150.853410498 0.99609375
v 154.099268082 354.600541726 149.693410799 0.99609375
v 154.473162185 354.506071624 150.049597995 0.99609375
v 154.18458456 354.722775832 149.552130061 0.99609375
v 154.091985922 355.058112839 150.43797412 0.99609375
v 154.533026465 355.629881402 150.995570447 0.99609375
v 154.638227289 327.056458301 137.073018514 0.99609375
v 154.807031082 327.285504459 136.600570293 0.99609375
v 154.343922292 327.462018555 139.429072578 0.99609375
v 154.712351826 327.917894041 137.324094152 0.99609375
v 154.381668004 327.969421637 140.733152108 0.99609375
v 154.377750967 327.806213793 137.199034887 0.99609375
v 154.823476381 328.045828706 142.84223968 0.99609375
v 154.494396798 328.56126049 136.745022757 0.99609375
v 154.536491283 328.262575446 144.640165261 0.99609375
v 154.40328773 328.441644583 136.98310878 0.99609375
v 154.300126275 328.688928734 145.087096953 0.99609375
v 154.78677108 329.008647228 137.409177068 0.99609375
v 154.338274977 328.65971459 145.271683977 0.99609375
v 154.390450774 329.42251693 136.705796957 0.99609375
v 154.429743039 329.115514615 145.766184209 0.99609375
v 154.510174667 329.151584522 137.478699762 0.99609375
v 154.674721684 329.562166854 145.325183749 0.99609375
v 154.824155145 329.77152332 136.562384935 0.99609375
v 154.31496969 329.588325047 145.749465392 0.99609375
v 154.460750565 330.051868871 136.635849334 0.99609375
v 154.778912572 330.054770112 145.878362333 0.99609375
v 154.592742605 330.589848959 137.585064186 0.99609375
v 154.512669977 330.481225229 145.719099463 0.99609375
v 154.707104703 330.509001489 137.393562432 0.99609375
v 154.694752213 330.612106909 146.101224 0.99609375
v 154.833401824 331.149311051 137.416724476 0.99609375
v 154.765934002 330.723219485 145.756431452 0.99609375
v 154.643313344 331.232654817 137.886376643 0.99609375
v 154.775293426 331.393712187 145.678072558 0.99609375
v 154.604862461 331.631825495 137.95803962 0.99609375
v 154.68683861 331.44758407 145.988416798 0.99609375
v 154.853245538 331.824871806 137.913750236 0.99609375
v 154.676916748 332.016645782 145.618700984 0.99609375
v 154.80151817 332.040753777 137.718610415 0.99609375
v 154.788413041 331.934211771 146.417466235 0.99609375
v 154.529685243 332.558912829 137.156836677 0.99609375
v 154.328338591 332.280735399 146.495926106 0.99609375
v 154.647185073 332.856455351 137.7085008 0.99609375
v 154.351976829 332.918091538 146.371022322 0.99609375
v 154.448235792 332.74737614 137.652281151 0.99609375
v 154.541586191 332.842824499 146.21572831 0.99609375
v 154.772384999 333.283268781 137.940753133 0.99609375
v 154.73237235 333.482169293 146.321755127 0.99609375
v 154.708042944 333.479437509 137.846976048 0.99609375
v 154.749549216 333.648986364 146.706632102 0.99609375
v 154.486497967 334.001045032 137.271312613 0.99609375
v 154.365772661 333.58991991 146.408548157 0.99609375
v 154.783024638 334.366203328 137.614343151 0.99609375
v 154.771576115 334.220816863 146.895028458 0.99609375
v 154.705271784 334.553919961 137.993916179 0.99609375
v 154.473663765 334.536567913 146.725512997 0.99609375
v 154.50339408 334.404428402 138.10883483 0.99609375
v 154.778792443 334.483555505 146.240675858 0.99609375
v 154.448128145 335.157488982 137.503527456 0.99609375
v 154.614630777 334.671643181 146.809841436 0.99609375
v 154.780593232 334.959405342 137.940925072 0.99609375
v 154.418018138 335.257399413 147.162572542 0.99609375
v 154.323825716 335.571571299 138.149001105 0.99609375
v 154.451412599 335.314368457 147.296249678 0.99609375
v 154.29839257 335.858605358 138.559709852 0.99609375
v 154.384603914 335.763382963 147.01287469 0.99609375
v 154.519760767 335.889239156 138.69525191 0.99609375
v 154.573085932 336.367102514 147.171514959 0.99609375
v 154.451540477 336.264937127 138.934073032 0.99609375
v 154.337524949 336.423431398 147.35047571 0.99609375
v 154.812191697 336.596956323 138.345397023 0.99609375
v 154.493843422 336.846650739 147.616202485 0.99609375
v 154.76343732 336.76080108 138.771694476 0.99609375
v 154.663402566 336.959844056 147.254738261 0.99609375
v 154.424023766 337.448225677 138.056147132 0.99609375
v 154.673614209 337.102941046 147.619742339 0.99609375
v 154.822419388 337.812452784 138.349806918 0.99609375
v 154.470948669 337.703103876 147.602858501 0.99609375
v 154.834229561 338.130066719 138.940111544 0.99609375
v 154.761212774 337.836187288 148.056965194 0.99609375
v 154.628019262 338.106871361 139.159572582 0.99609375
v 154.419125577 338.076882637 148.328267265 0.99609375
v 154.754679909 338.43067757 139.250335794 0.99609375
v 154.647456447 338.213086641 147.762231045 0.99609375
v 154.663554296 338.822688509 139.38880106 0.99609375
v 154.458542886 338.915670292 147.726893888 0.99609375
v 154.809097965 338.88951763 138.671578874 0.99609375
v 154.829605638 338.988471693 148.440594352 0.99609375
v 154.607926474 339.079973558 138.748470846 0.99609375
v 154.392495804 339.151776972 148.356097148 0.99609375
v 154.706334259 339.475661308 139.057672419 0.99609375
v 154.693843645 339.392638898 148.761744732 0.99609375
v 154.432260558 340.091586313 139.224256076 0.99609375
v 154.334307256 339.673855753 148.917166217 0.99609375
v 154.770904723 340.046212062 138.957530524 0.99609375
v 154.439668557 340.257679528 148.589560385 0.99609375
v 154.830336206 340.181147885 138.785034996 0.99609375
v 154.581226284 340.631839091 148.616322625 0.99609375
v 154.760583788 340.683573192 139.513737571 0.99609375
v 154.671415224 340.975869362 148.992065188 0.99609375
v 154.646476114 341.301649065 139.960025902 0.99609375
v 154.802938836 341.243129686 148.791651366 0.99609375
v 154.421876629 341.507660331 139.420216005 0.99609375
v 154.319787977 341.181325473 148.242302058 0.99609375
v 154.4124578 341.675585448 139.713593564 0.99609375
v 154.80604274 341.687053596 149.195074763 0.99609375
v 154.517196816 342.164951729 139.032172987 0.99609375
v 154.658011877 341.753473413 149.423886688 0.99609375
v 154.486636948 342.15889767 139.368018782 0.99609375
v 154.762318227 342.147572323 149.317110284 0.99609375
v 154.546511588 342.679906668 139.92209889 0.99609375
v 154.428105234 342.746292061 149.143344178 0.99609375
v 154.557950951 342.706347587 139.374037461 0.99609375
v 154.435435905 342.870845947 148.593954066 0.99609375
v 154.335809089 343.139755864 139.665027783 0.99609375
v 154.413191603 343.038635024 148.955761699 0.99609375
v 154.78538601 343.566420283 139.824398198 0.99609375
v 154.818135347 343.151955518 148.502728705 0.99609375
v 154.595399907 343.44929608 139.664154428 0.99609375
v 154.318829474 343.59386742 148.793860777 0.99609375
v 154.538284071 343.764161815 139.786558323 0.99609375
v 154.71820246 344.01092407 149.225513613 0.99609375
v 154.687420507 344.098901491 139.843200316 0.99609375
v 154.561297994 344.444874952 149.115336735 0.99609375
v 154.374089775 344.72941514 139.904656522 0.99609375
v 154.428185368 344.527882275 149.368017038 0.99609375
v 154.505925723 344.923410151 139.569194757 0.99609375
v 154.840813255 344.530093999 149.166058463 0.99609375
v 154.646441578 345.092456032 139.569046723 0.99609375
v 154.715023961 345.283266799 148.884225935 0.99609375
v 154.593607815 345.626359631 139.312644602 0.99609375
v 154.712542292 345.513935981 148.753491083 0.99609375
v 154.296436435 345.768545096 139.751296719 0.99609375
v 154.837782725 345.820012867 148.742968221 0.99609375
v 154.752273282 346.182415542 139.569826848 0.99609375
v 154.707454774 346.092829447 148.877955879 0.99609375
v 154.462619303 346.392166697 139.898384807 0.99609375
v 154.652721695 346.273251305 148.874309404 0.99609375
v 154.480810758 346.30913451 139.896289452 0.99609375
v 154.438852779 346.438481254 148.596930051 0.99609375
v 154.33715048 346.71852967 139.558511235 0.99609375
v 154.347510896 347.076731007 148.716027695 0.99609375
v 154.409523744 346.849209344 139.816107413 0.99609375
v 154.60402566 347.141801731 148.510368857 0.99609375
v 154.470921199 347.561232621 139.833575244 0.99609375
v 154.785587581 347.331881198 148.714039536 0.99609375
v 154.728564546 347.989947788 139.771938385 0.99609375
v 154.722760744 347.867150289 148.522401924 0.99609375
v 154.401734936 347.957960194 139.116952253 0.99609375
v 154.839981453 348.106363695 148.737829734 0.99609375
v 154.531084201 348.354227613 139.12016293 0.99609375
v 154.620052096 348.306617739 148.945227495 0.99609375
v 154.469523865 348.440447913 139.695150617 0.99609375
v 154.588636971 348.367752064 149.281275767 0.99609375
v 154.593066165 349.120881676 139.896155571 0.99609375
v 154.402984911 349.059784873 149.740868806 0.99609375
v 154.306127271 348.982796211 139.316933696 0.99609375
v 154.386017226 348.971112495 149.089746613 0.99609375
v 154.377173393 349.653023852 139.536245626 0.99609375
v 154.390780391 349.596041025 149.308060573 0.99609375
v 154.335876499 349.517763765 139.737312331 0.99609375
v 154.728447575 349.913273108 149.953628259 0.99609375
v 154.66464615 349.908966101 139.946286708 0.99609375
v 154.809619059 349.776639689 149.631159772 0.99609375
v 154.314809946 350.385949674 139.352077003 0.99609375
v 154.687150281 350.288379231 149.045810802 0.99609375
v 154.741167704 350.726865264 139.064455271 0.99609375
v 154.329088062 350.726182593 149.310313059 0.99609375
v 154.414617595 351.077170163 139.04045837 0.99609375
v 154.604826947 350.89276624 149.993035084 0.99609375
v 154.571317969 351.219520215 140.005858994 0.99609375
v 154.708432661 351.101331604 149.634508965 0.99609375
v 154.516464634 351.709521887 140.751760371 0.99609375
v 154.507640759 351.488566485 149.249032118 0.99609375
v 154.375979558 352.001778329 141.932625336 0.99609375
v 154.65387252 351.66065467 149.230683815 0.99609375
v 154.518594482 352.278811219 143.420967558 0.99609375
v 154.492748107 352.250868919 150.142495699 0.99609375
v 154.511804284 352.434528365 143.579880256 0.99609375
v 154.459565222 352.29563751 149.737011625 0.99609375
v 154.424846291 352.543084384 144.748345213 0.99609375
v 154.841260798 352.643920161 149.56202771 0.99609375
v 154.372235731 352.767570333 145.405344709 0.99609375
v 154.852594586 353.142919273 150.108042674 0.99609375
v 154.787459187 353.205960366 145.741246229 0.99609375
v 154.645545602 353.252573126 149.560244211 0.99609375
v 154.428740552 353.304484791 146.554367731 0.99609375
v 154.730675523 353.316201969 150.207253571 0.99609375
v 154.319189858 353.527786603 147.775271274 0.99609375
v 154.668739494 353.607712948 150.694965407 0.99609375
v 154.769732119 354.260962515 147.702526747 0.99609375
v 154.521285687 354.052884976 150.437904943 0.99609375
v 154.318934952 354.381129033 148.102816831 0.99609375
v 154.68283397 354.358730032 150.994371619 0.99609375
v 154.58473533 354.951723113 149.100407352 0.99609375
v 154.345205934 354.676397531 150.930832141 0.99609375
v 154.532606667 354.722740605 149.843962833 0.99609375
v 154.61118097 354.963566511 150.838817333 0.99609375
v 154.670856906 355.415736471 151.112677713 0.99609375
v 154.925001781 327.167951234 137.081030723 0.99609375
v 154.965066583 327.653814205 136.926215384 0.99609375
v 155.142512218 327.565909731 139.347427344 0.99609375
v 154.718021219 327.82990742 137.470437497 0.99609375
v 154.820337818 327.546982918 140.628767519 0.99609375
v 154.900252336 327.918937539 137.090463383 0.99609375
v 154.678195973 328.198557682 142.639881149 0.99609375
v 154.715362802 328.419379487 136.858085428 0.99609375
v 154.608073421 328.162066241 144.223771704 0.99609375
v 155.069258718 328.674417048 137.348757591 0.99609375
v 154.816535143 328.507789887 145.83376253 0.99609375
v 155.09567929 328.939017447 136.854444831 0.99609375
v 154.593148437 328.725143617 145.164385149 0.99609375
v 154.885035147 328.879140671 137.191953888 0.99609375
v 154.831404309 329.197970429 145.784033799 0.99609375
v 154.573785582 329.590321122 136.826464704 0.99609375
v 154.6785602 329.613710983 145.627922539 0.99609375
v 154.575138199 329.886674621 136.873312709 0.99609375
v 154.981155975 329.878035837 146.043852742 0.99609375
v 154.789256796 329.973932251 137.493628066 0.99609375
v 154.888648539 329.85352548 146.043372791 0.99609375
v 155.142975652 330.375449154 137.623806319 0.99609375
v 154.572143693 330.36406184 145.542804515 0.99609375
v 154.923893329 330.318269825 137.577653916 0.99609375
v 155.048675061 330.539941217 146.430850951 0.99609375
v 154.987705892 330.734268554 137.831680182 0.99609375
v 155.094924187 330.890821044 145.928929274 0.99609375
v 154.879366058 331.20347588 137.88671854 0.99609375
v 155.145622894 330.977950629 145.906467082 0.99609375
v 154.6173106 331.268729224 137.193344598 0.99609375
v 154.742450167 331.448965162 145.695344476 0.99609375
v 154.756478049 331.694664194 137.059463315 0.99609375
v 154.84106011 331.513186594 146.236400601 0.99609375
v 154.648788432 331.786714597 137.375371317 0.99609375
v 154.662670571 331.766884297 145.965325143 0.99609375
v 154.913997442 332.589506675 137.526192056 0.99609375
v 154.780763743 332.404882987 145.939610936 0.99609375
v 154.650977757 332.765244553 137.169137503 0.99609375
v 154.954583515 332.516588204 146.436857724 0.99609375
v 154.813878818 332.686070912 137.095428324 0.99609375
v 154.718264683 333.193927151 146.921567395 0.99609375
v 154.667285506 333.131154842 137.462703529 0.99609375
v 154.921124581 333.279786767 146.753259305 0.99609375
v 155.097055556 333.458753796 137.845745962 0.99609375
v 154.693907433 333.467983631 146.448347473 0.99609375
v 155.063506089 333.551247513 137.135606961 0.99609375
v 155.027059417 333.89194508 146.136720908 0.99609375
v 154.995256662 334.09190822 137.641367878 0.99609375
v 154.921148235 333.931425422 146.001952417 0.99609375
v 154.80335187 334.532651349 138.016960248 0.99609375
v 155.075234767 334.342578782 146.554861607 0.99609375
v 154.688819234 334.78555769 137.765793818 0.99609375
v 155.134515023 334.641291221 146.473382304 0.99609375
v 155.0391468 334.785574452 138.16053378 0.99609375
v 154.813927249 334.893937269 146.512085006 0.99609375
v 154.898442336 335.082126203 137.834828963 0.99609375
v 155.00504266 335.424230333 147.379478391 0.99609375
v 154.675810553 335.485142234 137.990762049 0.99609375
v 154.71060028 335.715602694 146.666319582 0.99609375
v 154.691725425 335.609038197 138.079965924 0.99609375
v 154.64195869 335.783094336 147.009473819 0.99609375
v 154.647354655 336.289591516 138.607503581 0.99609375
v 155.01674731 336.08400351 147.189929299 0.99609375
v 154.950407899 336.179529127 138.948247245 0.99609375
v 154.830844657 336.37805352 147.72716901 0.99609375
v 154.792011556 336.590194308 138.989054061 0.99609375
v 155.026155273 336.620578397 147.772854772 0.99609375
v 155.064115732 337.131784927 138.392622641 0.99609375
v 154.923127849 337.011174583 147.284523457 0.99609375
v 154.907212037 337.15959924 138.846710115 0.99609375
v 155.022525619 337.15215487 147.841375784 0.99609375
v 154.812874463 337.489720444 138.741926921 0.99609375
v 154.919998924 337.784520826 147.788894949 0.99609375
v 154.754483297 337.707187199 139.018929387 0.99609375
v 154.690953121 337.756413636 148.197317348 0.99609375
v 154.664340982 338.200702581 138.973973453 0.99609375
v 154.811936528 338.401230425 147.928498716 0.99609375
v 154.740347253 338.196368291 139.008904136 0.99609375
v 154.741996145 338.36696727 148.470514805 0.99609375
v 155.031265116 338.75007394 138.666932831 0.99609375
v 154.947286323 338.923995469 148.216021752 0.99609375
v 154.864024593 338.85588962 138.767788873 0.99609375
v 154.665661139 339.183870325 148.396778191 0.99609375
v 154.579899588 339.415999836 139.147885971 0.99609375
v 154.958622562 339.365224844 148.263581451 0.99609375
v 154.64200017 339.75801975 139.337041397 0.99609375
v 154.988894405 339.701482662 148.207611336 0.99609375
v 154.602654323 340.068248886 139.171235519 0.99609375
v 155.094287165 340.005796249 148.613994394 0.99609375
v 154.939448027 340.148921064 138.545986161 0.99609375
v 154.940699771 340.022910024 148.436893826 0.99609375
v 154.915312316 340.322550939 139.405351779 0.99609375
v 155.094819143 340.456099717 148.358642201 0.99609375
v 154.829067259 340.919209704 139.911347029 0.99609375
v 154.679473296 340.887776208 148.086388205 0.99609375
v 154.722351469 340.850304602 139.024560126 0.99609375
v 154.817637475 341.279163766 148.292700956 0.99609375
v 154.976371258 341.478619062 139.602399712 0.99609375
v 154.798618854 341.199009015 148.630792459 0.99609375
v 155.147635925 341.528662026 139.588323974 0.99609375
v 155.08550373 341.620544581 149.084200068 0.99609375
v 154.754354932 341.803380346 139.631260638 0.99609375
v 154.767484457 342.19000731 149.432281528 0.99609375
v 154.591720432 341.921383215 139.139760082 0.99609375
v 154.81490959 342.005171177 149.219889472 0.99609375
v 155.089156604 342.695458422 139.600376353 0.99609375
v 154.641672823 342.634328851 149.186354436 0.99609375
v 155.043382142 342.592198528 139.098280536 0.99609375
v 154.923253987 342.710156183 148.690698562 0.99609375
v 154.717877929 343.02014995 139.491526728 0.99609375
v 155.121775309 342.827190164 148.745010082 0.99609375
v 154.952083851 343.262964777 139.969814431 0.99609375
v 155.124075309 343.189947116 149.183868017 0.99609375
v 154.921703644 343.507653737 139.539125009 0.99609375
v 154.5757066 343.701517811 149.015827811 0.99609375
v 154.957469676 343.814080249 139.728826566 0.99609375
v 154.709831282 344.127327249 148.931068006 0.99609375
v 154.6255671 344.032744539 139.695942592 0.99609375
v 155.127750437 344.187322331 148.927997384 0.99609375
v 154.658567143 344.382979071 139.557834593 0.99609375
v 154.90816373 344.586310321 148.669003051 0.99609375
v 154.952421954 344.916771542 139.934060279 0.99609375
v 154.632411847 345.022575368 149.497365399 0.99609375
v 154.66369917 345.122062394 139.090810164 0.99609375
v 154.677530031 344.838220794 148.55713622 0.99609375
v 155.029538395 345.678412943 139.765821825 0.99609375
v 154.577839314 345.434100489 149.11886497 0.99609375
v 155.041408063 345.662165704 139.404558394 0.99609375
v 154.880865857 345.914422768 149.402305678 0.99609375
v 155.103061266 346.209297831 139.047004072 0.99609375
v 155.002039846 346.15693994 149.316925147 0.99609375
v 154.935655294 346.003516593 139.278626987 0.99609375
v 155.053609687 346.273598302 148.597180149 0.99609375
v 155.056842635 346.616732525 139.233485699 0.99609375
v 154.886764784 346.353328579 149.158494421 0.99609375
v 154.712824773 346.91837612 139.217293879 0.99609375
v 154.618499249 346.954684031 148.656784801 0.99609375
v 154.669037547 347.302867101 139.794390436 0.99609375
v 155.119467824 347.333008463 148.893623106 0.99609375
v 154.972713929 347.333586893 139.733426627 0.99609375
v 154.971121382 347.156151156 148.830518647 0.99609375
v 155.124919981 347.934095895 139.986970327 0.99609375
v 154.76634433 347.967237222 149.077175404 0.99609375
v 155.065974015 348.162362452 139.604005371 0.99609375
v 155.015860986 347.836025253 148.562815009 0.99609375
v 155.146840471 348.079630314 139.457085212 0.99609375
v 155.074276175 348.533509058 148.511251806 0.99609375
v 154.826839447 348.524237761 139.240548348 0.99609375
v 154.853338027 348.556286732 149.500612148 0.99609375
v 154.908909512 348.683186115 139.391133231 0.99609375
v 154.778303195 348.76014273 149.010274964 0.99609375
v 154.857576528 348.904146599 139.233464366 0.99609375
v 154.695267967 349.431058802 149.13498155 0.99609375
v 154.626262025 349.566176114 139.384099057 0.99609375
v 154.927077629 349.429284864 149.93065992 0.99609375
v 155.094781741 349.755643567 139.92415863 0.99609375
v 155.003388934 349.761713124 149.869168861 0.99609375
v 154.850986108 350.155176718 139.866331634 0.99609375
v 154.835038739 349.91835642 149.337961426 0.99609375
v 154.634333901 350.31210454 139.658700504 0.99609375
v 154.683993439 350.456454792 149.119350157 0.99609375
v 154.757377186 350.750792811 139.512604388 0.99609375
v 155.090912453 350.661664912 149.936527516 0.99609375
v 155.032972368 351.160489707 139.980564989 0.99609375
v 155.112308285 350.751530605 149.272273564 0.99609375
v 154.653059813 350.98541234 140.276868743 0.99609375
v 154.953461368 351.195403014 149.535504962 0.99609375
v 155.067322816 351.688014406 140.817761456 0.99609375
v 154.854986056 351.534443711 149.261110461 0.99609375
v 154.77906408 351.98924088 141.690379278 0.99609375
v 154.73722039 351.996607401 149.860835205 0.99609375
v 154.763033702 352.162571372 143.248782866 0.99609375
v 154.768786265 351.850193159 150.29662618 0.99609375
v 155.084200022 352.174432381 144.244784183 0.99609375
v 154.757194312 352.135230688 150.318463147 0.99609375
v 154.68966544 352.845041161 144.518210404 0.99609375
v 154.836844059 352.761286376 149.683355658 0.99609375
v 154.777445665 352.886781733 145.220133961 0.99609375
v 154.820942146 353.079019434 150.197758057 0.99609375
v 155.029240399 353.498311486 145.633166565 0.99609375
v 154.591264079 353.269849924 150.320281575 0.99609375
v 155.07125516 353.284235335 146.812544407 0.99609375
v 154.580892235 353.335477212 150.784453828 0.99609375
v 154.638674403 353.583954425 147.388785185 0.99609375
v 154.701106434 354.07163772 150.507204862 0.99609375
v 154.678502391 354.086389385 147.578707545 0.99609375
v 154.961412554 353.820441583 150.531711853 0.99609375
v 154.819332951 354.662681765 148.733326804 0.99609375
v 154.818005717 354.231111549 150.615463151 0.99609375
v 154.575967289 354.710326667 149.30969581 0.99609375
v 154.673981467 354.611391983 150.913424979 0.99609375
v 155.100611794 354.718657412 150.417079964 0.99609375
v 154.625369453 355.297652474 150.404566602 0.99609375
v 154.934590012 355.358952714 150.824688834 0.99609375
v 155.04854088 326.841979832 137.032774589 0.99609375
v 155.437492862 327.165508062 136.526456471 0.99609375
v 154.917763847 327.544166108 138.915563831 0.99609375
v 155.420973246 327.443645588 137.385403499 0.99609375
v 155.130603773 327.418135024 140.733661815 0.99609375
v 155.173970571 327.963398814 136.850766074 0.99609375
v 155.164994071 328.129332958 142.702353374 0.99609375
v 155.41161855 328.146467853 136.829278709 0.99609375
v 154.962170444 328.417522873 144.191254684 0.99609375
v 155.290656882 328.678945336 137.174276109 0.99609375
v 154.871555402 328.690987558 145.080657507 0.99609375
v 155.3370122 329.062011755 137.175210446 0.99609375
v 155.322900672 329.142503033 145.866257973 0.99609375
v 154.99600115 329.405714341 137.321241587 0.99609375
v 155.148492417 329.140969032 145.696083007 0.99609375
v 155.038142793 329.618904957 137.330815062 0.99609375
v 155.388953804 329.626168142 145.256331304 0.99609375
v 154.900889444 329.815461152 137.219808856 0.99609375
v 155.060504738 329.550567836 146.498328943 0.99609375
v 154.881695891 330.081090354 136.515482026 0.99609375
v 154.894166355 329.817686697 145.554859119 0.99609375
v 155.002295021 330.446523878 137.251996428 0.99609375
v 154.973229608 330.048010601 145.623324432 0.99609375
v 155.193263939 330.331536558 137.36332977 0.99609375
v 155.220866625 330.799558899 145.506092996 0.99609375
v 155.391103705 330.92122477 137.678479197 0.99609375
v 155.257382769 330.7335737 146.426606789 0.99609375
v 155.362353061 331.374164862 137.553247401 0.99609375
v 155.010690309 331.236559812 146.361923696 0.99609375
v 155.415490761 331.335333166 137.881396234 0.99609375
v 155.104681207 331.591714702 146.343144471 0.99609375
v 155.36644016 331.980189941 137.654668476 0.99609375
v 155.304330728 331.563922461 145.854317027 0.99609375
v 155.285428659 331.904611569 137.940045782 0.99609375
v 155.04850542 331.897585682 145.686045675 0.99609375
v 155.37744803 332.155635895 137.440558788 0.99609375
v 155.103354739 332.101116576 146.197369306 0.99609375
v 155.346284449 332.810671964 137.56274816 0.99609375
v 155.300925796 332.907156569 146.377535531 0.99609375
v 155.13756476 332.88071426 137.466498744 0.99609375
v 155.130292348 332.811466191 146.022839012 0.99609375
v 155.149778739 333.325670387 137.516843284 0.99609375
v 155.040824985 333.212388135 146.712858104 0.99609375
v 155.355790764 333.500420957 137.033589799 0.99609375
v 155.407952333 333.401776126 146.560834646 0.99609375
v 154.996362713 333.938904333 137.306660974 0.99609375
v 155.30436464 333.586178016 146.022386326 0.99609375
v 154.980874272 334.156746597 137.697322041 0.99609375
v 155.191429446 333.932464794 146.039236632 0.99609375
v 155.426797921 334.61906833 138.119677053 0.99609375
v 155.138516064 334.197309642 146.274508215 0.99609375
v 155.132471745 334.70680743 138.024547345 0.99609375
v 154.992746802 334.416118347 146.477318987 0.99609375
v 155.274514044 335.101899429 138.329084714 0.99609375
v 155.215209893 334.670774819 147.477973391 0.99609375
v 155.274409565 335.130050424 137.710399893 0.99609375
v 155.156500076 335.054954226 146.7375898 0.99609375
v 155.148517678 335.325268135 137.592654875 0.99609375
v 155.066547317 335.499080414 146.557687574 0.99609375
v 155.415299043 335.749361919 138.366341514 0.99609375
v 155.03112607 336.007711067 146.512681557 0.99609375
v 154.981063095 336.322297892 138.862878471 0.99609375
v 154.93642815 336.352537331 147.318771059 0.99609375
v 155.141758006 336.550234778 138.368582057 0.99609375
v 154.936794802 336.536985633 147.342793825 0.99609375
v 155.336857873 336.625460087 138.893324061 0.99609375
v 155.256846565 336.896711769 147.899310371 0.99609375
v 155.433127377 336.942699088 138.985667371 0.99609375
v 155.30697112 337.075946573 147.767462919 0.99609375
v 154.903181264 337.020070671 138.294418937 0.99609375
v 155.106769813 337.509852423 147.853219691 0.99609375
v 155.304524099 337.29253733 138.346085341 0.99609375
v 155.177069496 337.673255512 147.624749836 0.99609375
v 155.10851402 337.7125057 139.298268034 0.99609375
v 154.964276023 337.746772867 148.278684546 0.99609375
v 154.948224768 338.065354121 138.972897903 0.99609375
v 155.375579862 337.85974627 147.928074837 0.99609375
v 154.933874946 338.63022572 139.142523328 0.99609375
v 155.093794485 338.298160658 147.515683402 0.99609375
v 155.388436789 338.734907218 139.067198088 0.99609375
v 155.295052348 338.721810536 147.632442556 0.99609375
v 154.99840027 338.879196672 138.994271051 0.99609375
v 155.200740478 339.109909707 148.536170194 0.99609375
v 155.371793827 339.042768637 138.588090721 0.99609375
v 155.000424809 339.36183684 148.968053811 0.99609375
v 155.05578011 339.652085585 138.800948183 0.99609375
v 154.939789254 339.412152286 148.609349229 0.99609375
v 155.28688409 339.995121858 139.341685487 0.99609375
v 155.02954214 340.146297923 148.84402843 0.99609375
v 155.158969753 340.346587981 139.384643688 0.99609375
v 154.974793225 340.067326671 148.99532869 0.99609375
v 154.957409877 340.585900891 139.277453893 0.99609375
v 155.399258948 340.584157825 148.985175349 0.99609375
v 154.98925503 340.843980515 139.771407793 0.99609375
v 154.925102706 340.832560121 148.253632788 0.99609375
v 154.926033624 341.25474736 139.220452014 0.99609375
v 155.126101418 341.175329351 148.695770882 0.99609375
v 155.291226314 341.616104819 139.616671813 0.99609375
v 155.311721102 341.538099686 148.656055739 0.99609375
v 155.080296559 341.39771125 139.958010368 0.99609375
v 155.305475983 341.466822634 148.503311294 0.99609375
v 155.193786158 342.056337432 139.476388682 0.99609375
v 154.937488975 342.118686574 148.89500589 0.99609375
v 155.436011387 342.157831698 139.13029284 0.99609375
v 154.965466913 341.992763749 149.354348848 0.99609375
v 155.254158725 342.330596637 139.575554368 0.99609375
v 155.26876571 342.567267777 149.31463701 0.99609375
v 155.432604236 342.967227049 139.911592944 0.99609375
v 155.179511312 342.614465143 148.558598929 0.99609375
v 155.359077252 342.99178369 139.679147802 0.99609375
v 155.119923278 343.302740318 148.582395944 0.99609375
v 155.008363563 343.631055419 139.163028666 0.99609375
v 155.044205416 343.165732524 149.248621379 0.99609375
v 155.252483094 343.518535507 139.856309297 0.99609375
v 155.298711517 343.888109122 148.91077142 0.99609375
v 155.216616548 344.057450036 139.135000445 0.99609375
v 155.25804348 344.000773038 148.585876035 0.99609375
v 155.086576711 344.199674623 139.764240379 0.99609375
v 154.956059477 344.181736171 148.830922316 0.99609375
v 155.256642181 344.59182201 139.737441081 0.99609375
v 155.042048535 344.33167042 148.93443604 0.99609375
v 155.088661516 344.958830408 139.809985842 0.99609375
v 155.029931119 344.565989065 149.434314804 0.99609375
v 155.083001624 345.009070797 139.648391959 0.99609375
v 155.200942463 345.270674027 148.977814883 0.99609375
v 155.062336407 345.323464217 139.586145785 0.99609375
v 155.10359425 345.33622107 148.68377132 0.99609375
v 155.422997714 345.827399496 139.926142752 0.99609375
v 155.147248037 345.684935772 148.780491012 0.99609375
v 155.122834834 346.2285751 139.268578809 0.99609375
v 155.08102698 345.911883981 148.974386721 0.99609375
v 155.134735713 346.41525847 139.579327532 0.99609375
v 155.336506999 346.084913658 149.310190518 0.99609375
v 154.92785232 346.417416227 139.821160192 0.99609375
v 155.233129406 346.483212591 149.086530976 0.99609375
v 155.306974764 346.845139944 139.46856047 0.99609375
v 154.881011061 347.039582742 149.305682556 0.99609375
v 155.076231901 346.997433473 139.583064972 0.99609375
v 155.171067303 347.232888616 149.350435423 0.99609375
v 155.1665964 347.610885409 139.930043343 0.99609375
v 154.973089379 347.633509235 149.440915419 0.99609375
v 155.221961997 347.590679602 139.714642793 0.99609375
v 155.266910455 347.622978526 149.212213705 0.99609375
v 155.348257403 348.011895843 139.672364192 0.99609375
v 155.151225604 348.093266718 149.080015814 0.99609375
v 155.21849555 348.452924929 139.778107406 0.99609375
v 155.085526699 348.031805343 149.270447404 0.99609375
v 155.425206339 348.754559951 139.226864068 0.99609375
v 154.877396353 348.342156623 149.553442374 0.99609375
v 155.307536221 348.59517411 139.266981709 0.99609375
v 154.86143994 348.682176456 149.2821868 0.99609375
v 155.15423107 348.917184623 139.28367624 0.99609375
v 155.102960669 349.169612999 149.554135005 0.99609375
v 154.929411176 349.733938159 139.790839473 0.99609375
v 155.406365764 349.184275553 149.836844633 0.99609375
v 154.907428676 349.715487509 139.574452675 0.99609375
v 154.913223807 349.532209801 149.490610505 0.99609375
v 154.978182625 350.059172065 139.126990347 0.99609375
v 154.873459682 350.082656055 149.962792266 0.99609375
v 154.909789292 350.320766196 139.1159931 0.99609375
v 155.179725629 350.246399971 149.117817897 0.99609375
v 155.417690638 350.58141468 139.553608077 0.99609375
v 154.915896101 350.619990125 149.245670541 0.99609375
v 155.226402422 350.659879683 139.316046525 0.99609375
v 155.048750588 350.860834963 149.902054089 0.99609375
v 155.302427219 351.256550867 140.226186778 0.99609375
v 154.95099397 351.198056433 149.627929954 0.99609375
v 154.918247083 351.300425013 141.019983199 0.99609375
v 155.360478831 351.501818207 149.619929511 0.99609375
v 155.035760021 351.539998328 141.83000964 0.99609375
v 154.925726351 352.031213762 149.589879579 0.99609375
v 155.395131906 352.348666565 142.753479335 0.99609375
v 155.224841113 351.824399474 149.722151852 0.99609375
v 155.334097425 352.41206878 144.233940648 0.99609375
v 154.905302914 352.114062252 150.193665362 0.99609375
v 155.352430127 352.837982769 144.238170498 0.99609375
v 155.084172793 352.775830593 150.146846137 0.99609375
v 155.219566062 353.214087674 145.972416897 0.99609375
v 155.294814886 352.718373993 150.307782121 0.99609375
v 154.878678511 353.104773016 145.741623066 0.99609375
v 155.134928518 353.403583433 149.864564026 0.99609375
v 155.202084815 353.32686563 147.176307462 0.99609375
v 155.169636808 353.788316349 150.567950562 0.99609375
v 155.055629445 353.600281071 147.573187075 0.99609375
v 155.108768581 354.071507813 150.006178882 0.99609375
v 154.941517211 354.353331968 148.093599767 0.99609375
v 154.978205487 354.334740279 150.460660695 0.99609375
v 155.219484143 354.514614439 148.404831581 0.99609375
v 155.309005656 354.581101573 150.51411424 0.99609375
v 155.382683308 354.677456499 149.635998748 0.99609375
v 155.115723496 354.498386547 150.977234365 0.99609375
v 154.972217286 354.976618247 149.666224907 0.99609375
v 155.375194513 355.378267342 150.19797422 0.99609375
v 155.331600258 355.826677578 151.078052694 0.99609375
v 155.704346121 326.972214257 136.546382104 0.99609375
v 155.432893395 327.430711485 136.600667932 0.99609375
v 155.588254126 327.396002006 138.522038903 0.99609375
v 155.613243732 327.767981218 136.916929104 0.99609375
v 155.266916058 327.80008191 141.171594214 0.99609375
v 155.577917875 327.832549142 137.05644012 0.99609375
v 155.422367361 328.091337624 142.642616887 0.99609375
v 155.209569485 328.505116623 136.903503743 0.99609375
v 155.209381659 327.997531716 144.294424619 0.99609375
v 155.225386239 328.743487577 136.612229845 0.99609375
v 155.224665002 328.35974252 145.687022189 0.99609375
v 155.717428569 329.025178421 137.058563054 0.99609375
v 155.439473561 328.593046509 145.576222159 0.99609375
v 155.286877387 329.107460114 137.245718408 0.99609375
v 155.479882114 329.261843414 145.932671031 0.99609375
v 155.23382042 329.657996718 137.068693232 0.99609375
v 155.55465891 329.636483198 145.079412555 0.99609375
v 155.707365258 329.65923669 137.261770417 0.99609375
v 155.580678548 329.791038353 146.283114785 0.99609375
v 155.206265689 330.058589664 136.970708549 0.99609375
v 155.623297212 330.006751846 145.50733888 0.99609375
v 155.456802282 330.257269994 137.38605214 0.99609375
v 155.371409054 330.506557209 145.922353706 0.99609375
v 155.162459687 330.606247016 137.819627901 0.99609375
v 155.237216506 330.882396441 145.537385135 0.99609375
v 155.252744578 330.673952305 137.429121906 0.99609375
v 155.698598006 330.877563515 145.916663787 0.99609375
v 155.641437743 331.124440099 137.085343075 0.99609375
v 155.558399087 331.290803954 146.322935049 0.99609375
v 155.538079285 331.300680166 137.432226996 0.99609375
v 155.697724648 331.189046835 146.079223718 0.99609375
v 155.491114034 331.574986223 137.360207456 0.99609375
v 155.243810198 332.034200387 145.566283511 0.99609375
v 155.395948005 332.257834308 137.76092052 0.99609375
v 155.186335367 332.273299253 145.500086514 0.99609375
v 155.273916733 332.588257256 137.74143028 0.99609375
v 155.504205592 332.362195097 145.597140909 0.99609375
v 155.284199212 332.886430255 137.212371673 0.99609375
v 155.328057657 332.363729295 146.332278275 0.99609375
v 155.273645321 332.719110326 137.382444644 0.99609375
v 155.213402313 332.980792346 146.142045646 0.99609375
v 155.263508986 333.424029916 137.496476801 0.99609375
v 155.418756301 333.013579357 146.708397971 0.99609375
v 155.548682341 333.334573951 137.672763806 0.99609375
v 155.379025771 333.635417248 146.282398696 0.99609375
v 155.71397725 333.762723785 137.529888055 0.99609375
v 155.552121915 333.823640406 146.524269907 0.99609375
v 155.183832972 333.839062228 137.867755563 0.99609375
v 155.387434019 334.340999601 146.71314139 0.99609375
v 155.440605492 334.289220196 138.384975086 0.99609375
v 155.34357458 334.343600078 146.867437651 0.99609375
v 155.406670982 334.87128 138.19229226 0.99609375
v 155.456907864 334.698446576 146.56472553 0.99609375
v 155.556816093 335.124204443 138.295011465 0.99609375
v 155.615889043 334.760499896 147.138141822 0.99609375
v 155.650377109 335.317539431 137.787168287 0.99609375
v 155.428469022 335.154718645 146.809828982 0.99609375
v 155.619137941 335.29486595 138.034949901 0.99609375
v 155.521984129 335.529446435 147.101732662 0.99609375
v 155.714818819 335.716687604 138.612542421 0.99609375
v 155.22260912 335.717689586 146.548994218 0.99609375
v 155.477516784 336.207207769 138.868434787 0.99609375
v 155.682183163 336.262648312 147.276096282 0.99609375
v 155.176053444 336.120153389 138.830094232 0.99609375
v 155.309710441 336.523272155 147.367092367 0.99609375
v 155.221443401 336.574842473 138.172739862 0.99609375
v 155.686221867 336.69552234 147.535630025 0.99609375
v 155.327983253 336.932762462 138.466536499 0.99609375
v 155.542333408 336.905318965 147.952742177 0.99609375
v 155.543478212 337.522628979 138.361751198 0.99609375
v 155.612433796 337.286738566 147.016698022 0.99609375
v 155.153290318 337.845849547 138.793511763 0.99609375
v 155.639799759 337.563360272 147.936071448 0.99609375
v 155.667507079 337.732604081 139.142810712 0.99609375
v 155.720880475 337.581403783 147.835386424 0.99609375
v 155.446994132 338.279740618 139.036666236 0.99609375
v 155.186272025 338.334385183 148.086731379 0.99609375
v 155.376548323 338.462032207 138.563725365 0.99609375
v 155.655824206 338.390217185 148.489200516 0.99609375
v 155.18944274 338.460981516 138.609807416 0.99609375
v 155.364488405 338.769849029 148.003261796 0.99609375
v 155.359253317 338.854245543 139.444347214 0.99609375
v 155.625743306 339.085454233 148.35114893 0.99609375
v 155.152218187 339.322080322 138.986429214 0.99609375
v 155.496895318 339.065999713 148.76237279 0.99609375
v 155.159444777 339.481901209 139.465751239 0.99609375
v 155.294090873 339.614960301 148.331919576 0.99609375
v 155.422166153 339.825835671 139.147628106 0.99609375
v 155.426732043 339.755089987 148.279855572 0.99609375
v 155.332975436 339.989070246 138.627974495 0.99609375
v 155.365085557 340.190868558 148.621049562 0.99609375
v 155.595706198 340.507106772 138.830597228 0.99609375
v 155.697379749 340.699726562 148.001415077 0.99609375
v 155.616038115 340.807660747 139.228015593 0.99609375
v 155.408045954 340.91044402 148.462320674 0.99609375
v 155.177182011 341.196458834 139.677094072 0.99609375
v 155.282754368 341.173862642 148.595243336 0.99609375
v 155.505588412 341.406903281 139.464067596 0.99609375
v 155.423474113 341.292424912 149.007149634 0.99609375
v 155.223114313 341.450053494 139.490640841 0.99609375
v 155.391438735 341.392222859 148.995744195 0.99609375
v 155.400151984 341.717026924 139.194559891 0.99609375
v 155.387867808 341.873018855 148.805176167 0.99609375
v 155.342840199 342.245614865 139.54694738 0.99609375
v 155.361991585 342.26713397 148.808864725 0.99609375
v 155.399302553 342.487508244 139.944139515 0.99609375
v 155.522444833 342.275493513 148.85957874 0.99609375
v 155.53940739 342.535053019 139.532377104 0.99609375
v 155.186858811 342.503856107 149.124696694 0.99609375
v 155.567024521 343.203125549 139.138532582 0.99609375
v 155.653354073 343.343702843 149.209644174 0.99609375
v 155.662871788 343.118577491 139.440630489 0.99609375
v 155.353750854 343.143012793 149.218200872 0.99609375
v 155.574959019 343.373440022 139.603768516 0.99609375
v 155.438152167 343.551673477 148.714290026 0.99609375
v 155.420320212 343.840302466 139.547852384 0.99609375
v 155.25304728 344.145493956 148.697321075 0.99609375
v 155.510860109 343.95745364 139.615118142 0.99609375
v 155.202714749 344.244695342 149.426944962 0.99609375
v 155.682403325 344.525996942 139.447336426 0.99609375
v 155.471905212 344.237266652 148.881892166 0.99609375
v 155.590598382 345.051987125 139.138497013 0.99609375
v 155.199798653 344.641942898 149.349129621 0.99609375
v 155.62123269 345.175648778 139.223885932 0.99609375
v 155.320703585 344.936972052 148.917966306 0.99609375
v 155.727498499 345.219180624 139.195670638 0.99609375
v 155.334727239 345.246951268 148.897901554 0.99609375
v 155.615395516 345.418408457 139.094848906 0.99609375
v 155.278248004 345.469110948 148.685051247 0.99609375
v 155.721487822 346.107030981 139.101368927 0.99609375
v 155.662080998 345.802005338 148.584899621 0.99609375
v 155.330626218 346.492944714 139.094098357 0.99609375
v 155.232333795 346.083634721 149.222800208 0.99609375
v 155.405512887 346.403620531 139.200718432 0.99609375
v 155.422307936 346.444087103 149.266688971 0.99609375
v 155.4774049 346.893678093 139.665469262 0.99609375
v 155.559937173 347.117725865 148.927336256 0.99609375
v 155.526069162 347.201722588 139.51609079 0.99609375
v 155.415690104 347.310707824 149.003021605 0.99609375
v 155.321294872 347.642145922 139.396009877 0.99609375
v 155.364135583 347.177845206 149.029873128 0.99609375
v 155.280032225 347.836914334 139.412363981 0.99609375
v 155.416831941 347.723691615 149.05166829 0.99609375
v 155.593511994 347.836140581 139.182940014 0.99609375
v 155.199359571 348.081262737 149.384354296 0.99609375
v 155.606021987 348.446708605 139.063178734 0.99609375
v 155.502659632 348.231747982 149.385699444 0.99609375
v 155.544063453 348.791610147 139.767736888 0.99609375
v 155.507906459 348.619234464 149.74262109 0.99609375
v 155.170186074 348.829860004 139.363085009 0.99609375
v 155.26332026 348.963556955 149.231614432 0.99609375
v 155.367747775 348.897222177 139.029921418 0.99609375
v 155.397085385 349.004655984 149.85321615 0.99609375
v 155.531860402 349.545627112 139.077794623 0.99609375
v 155.456252197 349.245714565 149.203725417 0.99609375
v 155.2005695 349.745633838 139.971486244 0.99609375
v 155.390080174 350.025897907 149.808062004 0.99609375
v 155.160058737 350.24774466 139.731013743 0.99609375
v 155.286571764 350.09834399 149.325112055 0.99609375
v 155.331587076 350.362463595 139.424514985 0.99609375
v 155.589385405 350.422132738 149.857635738 0.99609375
v 155.68484894 350.412502957 139.19450197 0.99609375
v 155.283766334 350.435783548 149.233998632 0.99609375
v 155.69407167 351.03844083 139.118837488 0.99609375
v 155.620406135 350.693112085 149.402842859 0.99609375
v 155.292079891 351.197720218 139.542768269 0.99609375
v 155.673405977 351.081843095 149.026629762 0.99609375
v 155.250075664 351.720038743 141.225415935 0.99609375
v 155.452627424 351.333600658 149.817048428 0.99609375
v 155.604296525 351.492277238 141.534974612 0.99609375
v 155.680928773 351.770382547 150.351176502 0.99609375
v 155.704017031 352.324778187 143.224399812 0.99609375
v 155.356648448 352.141639193 150.06304855 0.99609375
v 155.547387011 352.173415102 144.420664036 0.99609375
v 155.669067613 352.142291735 150.10811289 0.99609375
v 155.709961914 352.697918145 144.562511052 0.99609375
v 155.44348516 352.691867689 149.500614529 0.99609375
v 155.362066788 352.967982433 145.315454054 0.99609375
v 155.381132202 353.176620964 149.83593413 0.99609375
v 155.369318138 353.072929182 146.307617657 0.99609375
v 155.28573469 353.499855467 150.400874835 0.99609375
v 155.497991192 353.457105089 146.960639263 0.99609375
v 155.502073043 353.41339885 150.20263353 0.99609375
v 155.611296684 353.86749257 147.192408604 0.99609375
v 155.543823603 354.067512309 150.156136798 0.99609375
v 155.290085942 354.131895955 148.393243798 0.99609375
v 155.326435643 353.924774708 150.369795571 0.99609375
v 155.314668668 354.638452787 148.699034417 0.99609375
v 155.213814584 354.5013087 150.076348949 0.99609375
v 155.19739548 354.906527349 149.200352791 0.99609375
v 155.669191841 354.447080281 150.519481078 0.99609375
v 155.421106765 355.061938725 150.445762653 0.99609375
v 155.673860078 355.189397347 150.972400742 0.99609375
v 155.24917354 355.548362634 150.567382155 0.99609375
v 155.844921412 326.947982454 137.315131061 0.99609375
v 155.983283601 327.440369417 137.391196681 0.99609375
v 155.456540265 327.200805479 139.132674714 0.99609375
v 155.46432326 327.437882597 137.117138166 0.99609375
v 155.82995664 327.496029612 140.73503589 0.99609375
v 155.510913764 328.007361529 136.938946952 0.99609375
v 155.922986992 327.815774 142.094406005 0.99609375
v 155.457903029 328.243771099 136.522480389 0.99609375
v 155.873363546 328.034372581 144.303016477 0.99609375
v 155.567517273 328.831169514 137.158213372 0.99609375
v 155.491813976 328.804748265 145.284384733 0.99609375
v 155.777880654 329.10923427 137.068645526 0.99609375
v 155.735752499 328.799687744 145.463453404 0.99609375
v 155.90630296 328.917640794 136.891310715 0.99609375
v 155.851992929 329.03674895 145.922856065 0.99609375
v 155.679666638 329.25675698 137.050582379 0.99609375
v 155.643711635 329.412923964 146.432955617 0.99609375
v 155.670504578 329.665614778 136.734830089 0.99609375
v 155.56721373 329.461448829 145.719003943 0.99609375
v 155.89931097 329.802947601 137.404174428 0.99609375
v 155.731800601 330.013499924 146.441546478 0.99609375
v 155.493201283 330.109455954 136.731063303 0.99609375
v 155.699010717 330.109903311 146.365052086 0.99609375
v 155.529407516 330.549779696 137.759264941 0.99609375
v 155.8305396 330.343436905 145.786133901 0.99609375
v 155.523401902 330.771816069 137.106131805 0.99609375
v 155.872756128 330.665859954 146.434426052 0.99609375
v 155.575991399 331.05315737 137.114947036 0.99609375
v 155.650816527 330.957628951 145.7526602 0.99609375
v 155.811033635 331.222337877 137.07415339 0.99609375
v 156.009266023 331.333308052 145.90948372 0.99609375
v 155.853240452 331.800848209 137.143018574 0.99609375
v 155.974129851 331.674240858 145.630830621 0.99609375
v 155.848846696 331.839451576 137.479533839 0.99609375
v 155.877949628 331.871182379 145.880353389 0.99609375
v 155.671265983 332.354646143 137.780530271 0.99609375
v 155.963894365 332.575753235 146.007683949 0.99609375
v 155.906843824 332.369686714 137.156800651 0.99609375
v 155.543731494 332.341220095 145.950818575 0.99609375
v 155.729874169 333.095856735 137.040020914 0.99609375
v 155.504169066 332.813341116 146.084682514 0.99609375
v 155.821386237 333.166228187 137.196101549 0.99609375
v 155.9983802 333.468719004 146.656195419 0.99609375
v 155.707207945 333.500493538 137.135924876 0.99609375
v 155.461881803 333.600830994 146.145219706 0.99609375
v 155.538882312 333.960266227 137.769607965 0.99609375
v 155.569232512 333.562571094 146.7596798 0.99609375
v 155.577798963 334.001722055 137.223412887 0.99609375
v 155.521472091 334.361828509 146.495413241 0.99609375
v 155.903364027 334.603339805 137.671993622 0.99609375
v 155.953592873 334.175138414 146.142772861 0.99609375
v 155.611103432 334.858198303 138.292313972 0.99609375
v 155.691148099 334.431595545 146.960911837 0.99609375
v 155.877948742 335.208818879 137.96045491 0.99609375
v 155.483717542 334.968064819 147.229335978 0.99609375
v 155.960899403 335.232718979 137.520200277 0.99609375
v 155.774884624 335.249114518 146.718597164 0.99609375
v 155.968797442 335.280175185 138.121582198 0.99609375
v 155.447295671 335.248295325 147.210408619 0.99609375
v 155.491979705 335.693654995 138.406842277 0.99609375
v 155.54250874 335.782743025 146.663415015 0.99609375
v 155.676737566 336.082420834 138.139282362 0.99609375
v 155.900477063 336.363723317 146.634768535 0.99609375
v 155.728585573 336.113036138 138.406106692 0.99609375
v 155.947915005 336.371324222 147.068252539 0.99609375
v 155.508540351 336.586579047 138.162005955 0.99609375
v 155.586400356 336.468840013 147.204977986 0.99609375
v 155.842898783 337.231653486 138.765008954 0.99609375
v 155.465754148 336.750230843 147.535221319 0.99609375
v 155.484793632 337.048868374 138.07032409 0.99609375
v 155.9888674 337.339100189 147.723120929 0.99609375
v 156.013213807 337.317906472 138.591693003 0.99609375
v 156.000143755 337.833023166 148.037317843 0.99609375
v 155.531144697 337.919203097 138.455680369 0.99609375
v 155.51455221 337.566699714 148.31967353 0.99609375
v 155.513096329 337.859343877 138.542788027 0.99609375
v 155.630029114 337.995321099 148.483621986 0.99609375
v 155.666163171 338.462519308 139.097516938 0.99609375
v 155.812966688 338.25093076 147.653837532 0.99609375
v 155.587256093 338.978844458 139.221385688 0.99609375
v 155.910484527 338.697204806 147.746318707 0.99609375
v 155.543218979 338.900877911 138.983088926 0.99609375
v 155.583630517 339.059575271 148.469866507 0.99609375
v 155.711463198 339.429650335 139.331369512 0.99609375
v 155.648176667 339.032859439 148.710763256 0.99609375
v 155.861692344 339.523888966 139.491891251 0.99609375
v 155.591971068 339.716375528 148.167712512 0.99609375
v 155.470109981 339.947909152 138.748268027 0.99609375
v 155.58624939 339.814649419 148.519558015 0.99609375
v 155.876377173 340.410673973 138.855223653 0.99609375
v 155.795444705 340.307400833 148.228941312 0.99609375
v 155.875112711 340.226599303 138.911260936 0.99609375
v 155.516178541 340.703691492 148.747663863 0.99609375
v 155.953393672 340.822897229 138.796523231 0.99609375
v 155.783550507 340.564393567 148.310353233 0.99609375
v 155.666975141 340.764803844 139.993966304 0.99609375
v 155.583762573 341.260408228 148.130235459 0.99609375
v 155.632529662 341.283509169 139.172418072 0.99609375
v 155.694407528 341.262354764 148.542166277 0.99609375
v 155.908946402 341.658888823 139.216315282 0.99609375
v 155.738182583 341.481447277 148.697726508 0.99609375
v 155.667042318 342.072588964 139.504060161 0.99609375
v 155.626924908 342.099218603 148.61781236 0.99609375
v 155.577244182 342.428283501 139.771883854 0.99609375
v 155.465198529 342.220264005 148.775038372 0.99609375
v 155.8321611 342.584074669 139.988563394 0.99609375
v 155.630224099 342.722825941 148.502481568 0.99609375
v 155.655119128 342.79175273 139.053147562 0.99609375
v 155.746682332 343.003268975 148.832286407 0.99609375
v 155.500141429 342.852784666 139.908795319 0.99609375
v 155.443981798 343.058167032 149.218712879 0.99609375
v 155.573852254 343.143105654 139.253532409 0.99609375
v 155.818175588 343.519338615 148.672326403 0.99609375
v 155.905128364 343.747090502 139.19877649 0.99609375
v 155.861856217 343.882159446 149.263495152 0.99609375
v 155.782824832 343.662734548 139.993852248 0.99609375
v 155.547338974 343.939629267 149.283965556 0.99609375
v 155.809006498 344.325274662 139.966243539 0.99609375
v 155.750169928 344.226112309 148.907657002 0.99609375
v 155.61498833 344.449187859 139.148160097 0.99609375
v 155.727409837 344.294278775 148.620948915 0.99609375
v 155.560893738 344.679238495 139.83725357 0.99609375
v 155.957215922 344.846990974 148.808196012 0.99609375
v 155.631389707 344.974567022 139.646808975 0.99609375
v 155.643223954 345.147848513 149.255425763 0.99609375
v 155.689352568 345.463158505 139.255252928 0.99609375
v 155.954232253 345.255371147 149.016279828 0.99609375
v 156.009834924 345.426232642 139.259618225 0.99609375
v 155.595995298 345.414497121 148.55426409 0.99609375
v 155.675591777 345.795570091 139.791164624 0.99609375
v 155.53915943 346.053701813 149.096956529 0.99609375
v 155.541137558 346.31998134 139.701899367 0.99609375
v 155.814148247 346.218330717 149.11907308 0.99609375
v 155.633298407 346.579700001 139.761999357 0.99609375
v 156.010348108 346.430650074 149.418014586 0.99609375
v 155.532638466 346.931950781 139.330775113 0.99609375
v 155.63100591 346.739032588 149.30303676 0.99609375
v 155.666305922 347.047883385 139.235828484 0.99609375
v 155.580509733 347.367334315 148.712939391 0.99609375
v 155.916471632 347.390578675 139.38204783 0.99609375
v 155.764108198 347.65615752 149.323218939 0.99609375
v 155.496404464 347.532506145 139.856304278 0.99609375
v 155.922141708 347.975721027 148.579782757 0.99609375
v 155.85079675 347.86762909 139.753900417 0.99609375
v 155.883939815 347.967343881 149.377991355 0.99609375
v 155.466523209 348.370246096 139.804277893 0.99609375
v 155.785858887 348.282383236 149.984163959 0.99609375
v 155.885347275 348.591931331 139.953255314 0.99609375
v 155.643175503 348.612396886 149.806516316 0.99609375
v 155.453204617 348.722561218 139.313288095 0.99609375
v 155.563882322 348.60534942 149.681194567 0.99609375
v 155.622635446 349.229036484 139.449386553 0.99609375
v 155.836192721 349.296244266 149.286696575 0.99609375
v 155.644804067 349.362806927 139.296027723 0.99609375
v 156.007271994 349.240844471 149.126660169 0.99609375
v 155.943173819 349.807639233 139.3104853 0.99609375
v 155.951646024 349.69112019 149.626862988 0.99609375
v 155.546519405 349.906514469 139.131309579 0.99609375
v 155.964416359 349.780323237 149.516500406 0.99609375
v 155.683834054 350.395542005 139.414108968 0.99609375
v 155.832335248 350.382256762 149.130530998 0.99609375
v 155.571498169 350.576169411 139.377327389 0.99609375
v 155.893895358 350.322373864 149.086801354 0.99609375
v 155.787265151 350.899456873 139.8817334 0.99609375
v 155.937348613 350.898422204 149.247989689 0.99609375
v 155.456755003 351.471348338 140.243582018 0.99609375
v 155.799919028 351.144678532 149.967660774 0.99609375
v 155.57605788 351.284104298 140.942140621 0.99609375
v 155.972673338 351.450930609 149.618220925 0.99609375
v 155.851629306 351.794259058 142.385716394 0.99609375
v 155.919110818 351.934454724 150.265779708 0.99609375
v 155.496401752 352.199686893 142.95788312 0.99609375
v 155.644465036 352.277294379 150.268054691 0.99609375
v 155.821912575 352.387187293 144.149553222 0.99609375
v 155.576059676 352.280851866 149.874264336 0.99609375
v 155.887396012 352.382064154 144.835509693 0.99609375
v 155.763381892 352.607795899 149.790518299 0.99609375
v 155.854517212 353.170148062 145.345600458 0.99609375
v 155.721637648 352.957388366 150.155663856 0.99609375
v 155.902918776 353.448173873 146.455924008 0.99609375
v 155.704255749 353.411499258 150.096863872 0.99609375
v 155.835613993 353.781490821 146.724779235 0.99609375
v 155.906006891 353.778276074 150.754998925 0.99609375
v 155.662425923 353.806543789 147.109279992 0.99609375
v 155.934344683 353.840079743 150.313581301 0.99609375
v 155.690424138 354.28638194 148.236708991 0.99609375
v 155.614610957 354.120939879 150.803729205 0.99609375
v 155.81058115 354.297601443 148.110452386 0.99609375
v 155.974678089 354.654064838 150.123006221 0.99609375
v 155.745605057 354.773046462 149.338475635 0.99609375
v 155.864013491 354.954419794 150.249166913 0.99609375
v 156.010179767 355.066231593 150.332716943 0.99609375
v 155.490291385 355.295069852 150.233166322 0.99609375
v 155.828994829 355.327197482 150.529929147 0.99609375
v 156.236322452 327.391201675 136.983338803 0.99609375
v 156.153101664 327.434370332 136.900542878 0.99609375
v 155.7961805 327.569063419 139.363285615 0.99609375
v 155.912806269 327.962934945 136.509613018 0.99609375
v 156.188961411 327.982618181 140.965427839 0.99609375
v 156.169503895 327.961793408 136.95333316 0.99609375
v 155.845609614 327.7399541 142.396419628 0.99609375
v 156.275677075 328.050875304 136.985854219 0.99609375
v 155.911206612 328.509419391 144.983442725 0.99609375
v 156.189377763 328.675234112 137.377508051 0.99609375
v 156.245510309 328.403460324 145.684873356 0.99609375
v 156.15707411 329.099542525 136.800245675 0.99609375
v 156.130521905 329.11507907 145.842954428 0.99609375
v 156.120818246 329.387201296 136.683717227 0.99609375
v 155.855681708 329.302965401 145.015226921 0.99609375
v 155.923192643 329.295305499 137.350011499 0.99609375
v 155.790368791 329.347466129 145.809770222 0.99609375
v 155.763675654 329.543265807 136.887589064 0.99609375
v 156.289498144 329.561489185 146.25316781 0.99609375
v 155.876306173 330.180435288 137.408760207 0.99609375
v 156.150212272 330.180595136 146.299235376 0.99609375
v 155.994952254 330.266593921 137.450839756 0.99609375
v 156.237918952 330.117150776 146.133447172 0.99609375
v 156.22423696 330.338404897 136.675712577 0.99609375
v 156.006228291 330.370861268 146.29591711 0.99609375
v 155.96084126 331.073979625 137.183230212 0.99609375
v 156.14464603 330.606098631 146.378513945 0.99609375
v 155.790859517 331.352095249 137.020057978 0.99609375
v 155.909945172 331.263127884 145.655418189 0.99609375
v 155.769636481 331.695190145 137.50371664 0.99609375
v 156.183283218 331.204733435 146.168917398 0.99609375
v 156.142066724 331.585841294 137.739443965 0.99609375
v 155.921302955 331.927233438 146.353730624 0.99609375
v 155.77719428 331.792306063 137.871563069 0.99609375
v 156.113654952 332.117828136 145.50732256 0.99609375
v 155.840530182 332.305230843 137.301242445 0.99609375
v 155.786982241 332.606298822 145.825525162 0.99609375
v 155.885661404 332.630871803 137.590021567 0.99609375
v 156.276467986 332.56167203 146.339393491 0.99609375
v 156.131973888 332.951802187 137.128033643 0.99609375
v 156.132532426 332.962557661 146.757681279 0.99609375
v 155.796362097 332.923934819 137.005136596 0.99609375
v 156.130844865 333.043498466 146.501077438 0.99609375
v 155.988472355 333.615450576 137.070791415 0.99609375
v 155.835493527 333.466623757 146.521488896 0.99609375
v 156.261699837 333.617950317 137.585137719 0.99609375
v 156.158026005 333.569495498 146.561613215 0.99609375
v 156.187255104 333.893789041 137.856869822 0.99609375
v 156.144201561 333.804769622 146.603987363 0.99609375
v 156.000167917 334.432999167 137.469804687 0.99609375
v 155.961875641 334.15277115 146.612176793 0.99609375
v 156.041995246 334.825577319 138.149919125 0.99609375
v 155.731714526 334.886791348 146.960610642 0.99609375
v 155.904293027 335.131978378 137.509504087 0.99609375
v 156.074362585 334.885374047 147.308246328 0.99609375
v 156.283566893 335.200458307 137.897621412 0.99609375
v 155.865901032 335.484297081 147.353505699 0.99609375
v 155.736946605 335.330938566 137.61027999 0.99609375
v 155.784235227 335.475755101 147.425172564 0.99609375
v 156.276404752 336.065185276 137.543702632 0.99609375
v 156.115983196 336.083301924 146.600101709 0.99609375
v 155.764014831 335.871639404 138.968738575 0.99609375
v 156.249945318 336.162191315 146.590445827 0.99609375
v 156.102146605 336.565314411 138.713978196 0.99609375
v 155.896944842 336.200917779 147.755074948 0.99609375
v 156.218648494 336.720501821 138.667485404 0.99609375
v 156.010686999 336.865116224 147.554867603 0.99609375
v 155.772741912 337.116072447 138.629394907 0.99609375
v 156.152596018 337.215364712 147.701261029 0.99609375
v 156.223582336 337.545314008 138.124457549 0.99609375
v 155.974678063 337.111217214 147.026212982 0.99609375
v 155.817864399 337.418714917 138.418044451 0.99609375
v 155.75952232 337.681326008 148.407435156 0.99609375
v 156.026472496 337.673552306 138.633331794 0.99609375
v 156.237728754 338.107420916 148.335294455 0.99609375
v 156.068802177 337.878113444 139.081185771 0.99609375
v 155.88464867 338.375026741 148.08823543 0.99609375
v 156.234138666 338.614873557 138.525696747 0.99609375
v 155.841306477 338.659568923 147.965479687 0.99609375
v 156.146691757 338.53559028 138.742032384 0.99609375
v 156.068515589 338.633389329 147.685820228 0.99609375
v 156.066601464 339.284706399 138.50362919 0.99609375
v 156.048252775 339.008586427 148.670538446 0.99609375
v 155.98518888 339.362682445 138.778129754 0.99609375
v 155.798159971 339.183586166 148.718442248 0.99609375
v 156.013469638 339.522337695 139.387531554 0.99609375
v 156.267999582 339.843437012 148.675117811 0.99609375
v 156.278895767 339.924100288 139.359951969 0.99609375
v 156.306087977 339.67450225 148.833261246 0.99609375
v 155.800476165 340.006952868 139.445723466 0.99609375
v 155.833640492 340.196662857 148.138485741 0.99609375
v 156.234871293 340.177744091 138.524954345 0.99609375
v 155.980427552 340.677206739 148.93802812 0.99609375
v 155.814643557 341.016520986 138.621245737 0.99609375
v 156.126754351 340.952839727 148.204182019 0.99609375
v 156.191357233 340.919572353 139.0096537 0.99609375
v 156.150169903 340.901657751 148.415426007 0.99609375
v 155.842334587 341.121650276 139.027413478 0.99609375
v 155.817946803 341.128517381 149.230317412 0.99609375
v 155.865341415 341.447773064 139.871286529 0.99609375
v 155.747765174 341.777028836 149.368615704 0.99609375
v 155.796571469 341.960193637 139.070893876 0.99609375
v 155.865921053 341.739518537 148.950836866 0.99609375
v 156.011359008 342.369221177 139.61382082 0.99609375
v 156.171857911 342.066525706 149.042010154 0.99609375
v 155.856143156 342.530240255 139.400176607 0.99609375
v 155.961469341 342.346915044 149.253758611 0.99609375
v 155.837118543 342.886296786 139.631098882 0.99609375
v 156.164473472 342.829459854 149.425612611 0.99609375
v 156.098883233 343.091542561 139.786782709 0.99609375
v 155.933398388 343.002680734 149.147643092 0.99609375
v 155.978393435 343.184927377 139.418278009 0.99609375
v 156.263278176 343.606676122 148.86205762 0.99609375
v 156.273817417 343.89110896 139.437822287 0.99609375
v 156.208547171 343.434742068 148.796622329 0.99609375
v 156.111024518 343.718243361 139.978370033 0.99609375
v 155.786291996 343.92817784 149.191436186 0.99609375
v 155.83646305 344.043978815 139.296242539 0.99609375
v 156.213458255 344.058757686 148.821393081 0.99609375
v 156.029108207 344.795218299 139.498043835 0.99609375
v 155.865183444 344.431329446 149.189408392 0.99609375
v 156.201921482 345.073750932 139.688957643 0.99609375
v 155.747852818 345.059923359 149.174770808 0.99609375
v 156.080026678 344.847318867 139.481986538 0.99609375
v 156.277409517 345.206489778 148.709095211 0.99609375
v 156.276694575 345.122393861 139.842837446 0.99609375
v 155.795552566 345.45063804 149.389877854 0.99609375
v 155.998722743 345.764070046 139.163784855 0.99609375
v 155.860443444 345.658828109 148.729103734 0.99609375
v 156.127360042 345.945863898 139.774597054 0.99609375
v 156.018244999 346.083191443 149.169344869 0.99609375
v 155.939792146 346.531760863 139.266196332 0.99609375
v 156.11178524 346.287535236 149.327939953 0.99609375
v 155.818777695 346.7354832 139.312472043 0.99609375
v 155.744361387 346.471232443 149.292627849 0.99609375
v 156.002874642 346.589452615 139.5430085 0.99609375
v 156.145982257 346.582074726 149.174013642 0.99609375
v 156.297775091 347.201611083 139.424337447 0.99609375
v 156.29832583 347.09336152 148.565225366 0.99609375
v 155.967617217 347.177579236 139.746957498 0.99609375
v 155.770213943 347.490114042 148.975716513 0.99609375
v 155.908860515 347.608517689 139.202898548 0.99609375
v 155.757305845 347.551733697 148.628621408 0.99609375
v 155.770597132 348.055112983 139.676187887 0.99609375
v 156.19958118 348.212967393 149.431785984 0.99609375
v 156.228539835 348.264375613 139.454389868 0.99609375
v 155.817565266 348.467703103 149.847952405 0.99609375
v 156.056170868 348.850923907 139.50885264 0.99609375
v 155.884458048 348.310930833 149.403867013 0.99609375
v 156.013962198 348.868161986 139.579579651 0.99609375
v 155.759266465 348.797232799 149.093931723 0.99609375
v 155.989845332 349.338807528 139.928934946 0.99609375
v 156.247830073 349.355755484 149.307224289 0.99609375
v 155.976662229 349.585816017 139.274596583 0.99609375
v 156.089594734 349.367530107 149.608869097 0.99609375
v 156.17148366 349.760010281 139.240527919 0.99609375
v 155.813601842 349.627526417 149.037068454 0.99609375
v 156.046554149 349.875027364 139.750027006 0.99609375
v 156.224410559 350.093587891 149.809922236 0.99609375
v 155.881344199 350.533556592 139.910129821 0.99609375
v 155.84830408 350.199642474 149.785071995 0.99609375
v 156.151884702 350.540168524 139.164368281 0.99609375
v 155.99536299 350.542054309 149.876975085 0.99609375
v 156.290298064 351.046917744 139.229372503 0.99609375
v 155.786604875 351.106133286 149.316112325 0.99609375
v 155.937625287 351.038187149 140.220868856 0.99609375
v 156.084266 351.159938092 149.038433988 0.99609375
v 155.786531836 351.237427331 141.177568431 0.99609375
v 155.959333217 351.287163813 149.819287982 0.99609375
v 155.853558881 351.631992426 142.35710669 0.99609375
v 155.931332501 351.86725748 149.905405793 0.99609375
v 156.138498962 351.906985064 143.122078634 0.99609375
v 156.261328703 351.941506071 150.040432637 0.99609375
v 155.899652363 352.380895103 144.465886632 0.99609375
v 156.203225926 352.620740813 150.31434669 0.99609375
v 155.774501122 352.382496719 144.84394034 0.99609375
v 155.969273746 352.773952432 149.948126861 0.99609375
v 156.134597429 352.853299264 145.336991871 0.99609375
v 156.140584833 353.142234071 149.847244202 0.99609375
v 156.005868173 352.999813019 146.277013987 0.99609375
v 155.778163551 353.339534403 150.471839974 0.99609375
v 156.100114147 353.70156486 147.195306704 0.99609375
v 156.209790388 353.279838618 150.144583165 0.99609375
v 156.077280878 353.604906273 147.29450846 0.99609375
v 155.774347077 353.631529558 150.029108295 0.99609375
v 156.276703806 353.85160527 147.599765847 0.99609375
v 155.884724781 354.144896647 150.474017541 0.99609375
v 156.047008522 354.245733478 148.60873624 0.99609375
v 155.858721453 354.299649684 150.037408063 0.99609375
v 156.019175271 354.622824465 149.944266527 0.99609375
v 156.268240372 354.949022408 150.336093358 0.99609375
v 155.970490899 354.957407764 150.156932424 0.99609375
v 156.103544408 355.440591699 150.490992728 0.99609375
v 156.247264686 355.703180051 151.062254942 0.99609375
v 156.168138278 326.994132617 137.47909314 0.99609375
v 156.0858116 327.184077893 137.290043474 0.99609375
v 156.317318644 327.183517756 138.941201126 0.99609375
v 156.210944789 327.74075818 137.081079625 0.99609375
v 156.064992044 327.45617992 140.886161541 0.99609375
v 156.520249889 328.220931401 136.919467949 0.99609375
v 156.230774354 327.811071363 142.801286723 0.99609375
v 156.474634863 328.352566723 136.973626308 0.99609375
v 156.296391481 328.522367636 144.580875377 0.99609375
v 156.153661602 328.634313117 137.406347484 0.99609375
v 156.200433145 328.501199585 145.706138313 0.99609375
v 156.399511511 329.024763225 136.567906823 0.99609375
v 156.168327996 328.673215763 145.119326147 0.99609375
v 156.466066135 329.407822095 136.730668569 0.99609375
v 156.379596944 328.865687971 145.857590952 0.99609375
v 156.480587231 329.318294126 136.669480536 0.99609375
v 156.191522403 329.287128435 145.860792737 0.99609375
v 156.5021939 329.800563374 137.333254312 0.99609375
v 156.369084978 330.011735424 146.031541411 0.99609375
v 156.508982717 329.842265768 136.537339375 0.99609375
v 156.485533872 329.742564754 145.56085017 0.99609375
v 156.284555022 330.512047568 136.572176592 0.99609375
v 156.227036243 330.206696469 146.043396696 0.99609375
v 156.073253444 330.467745294 137.285627608 0.99609375
v 156.58828082 330.652567972 145.86137996 0.99609375
v 156.286683511 330.690888084 136.797609289 0.99609375
v 156.240820969 330.824760383 145.601413865 0.99609375
v 156.391055448 331.252387195 136.93018013 0.99609375
v 156.186590696 331.210848055 146.104916856 0.99609375
v 156.163701509 331.229598269 137.277026716 0.99609375
v 156.29269889 331.701165779 145.896066572 0.99609375
v 156.465166472 331.731813938 137.606729131 0.99609375
v 156.223579419 331.662527796 145.674450697 0.99609375
v 156.564531899 332.008516977 137.590288545 0.99609375
v 156.19151182 332.032469192 145.867820832 0.99609375
v 156.048151122 332.140040261 137.064774868 0.99609375
v 156.458861543 332.596724858 145.526633997 0.99609375
v 156.265429347 332.545668956 137.215306214 0.99609375
v 156.540549677 332.640853765 145.644452199 0.99609375
v 156.192063291 332.903695514 137.458359195 0.99609375
v 156.098757823 332.815388796 146.182876034 0.99609375
v 156.12006742 332.98706829 137.719475209 0.99609375
v 156.099350302 333.310351128 146.246510129 0.99609375
v 156.459146343 333.551328531 137.360143009 0.99609375
v 156.069668448 333.50611756 146.669012303 0.99609375
v 156.079339969 333.926604177 137.619960661 0.99609375
v 156.140459153 333.908478474 146.449685358 0.99609375
v 156.03536528 334.085267811 137.178790462 0.99609375
v 156.477448356 333.919014156 146.811586201 0.99609375
v 156.361123184 334.188815676 137.064823133 0.99609375
v 156.520690469 334.17718752 146.579751116 0.99609375
v 156.30465157 334.678122389 137.968260691 0.99609375
v 156.448726938 334.901163985 146.885101958 0.99609375
v 156.082565916 334.793922351 138.362604696 0.99609375
v 156.327627935 335.021250628 146.843622431 0.99609375
v 156.236456979 335.421590558 138.13628643 0.99609375
v 156.055658176 335.270964181 147.092735725 0.99609375
v 156.344845246 335.80767574 138.374198133 0.99609375
v 156.073706061 335.793826 147.330580985 0.99609375
v 156.023214693 336.087371385 138.434531721 0.99609375
v 156.266729568 336.087227915 146.881199547 0.99609375
v 156.585003696 335.836841249 138.999701916 0.99609375
v 156.575418556 336.208379368 146.702200574 0.99609375
v 156.199439651 336.366965983 138.286734345 0.99609375
v 156.334039162 336.149098569 146.703951486 0.99609375
v 156.376905862 336.497305909 138.213223232 0.99609375
v 156.070920448 336.843248166 147.077371529 0.99609375
v 156.150809895 336.929905785 138.622910745 0.99609375
v 156.090001045 337.127934288 147.957204476 0.99609375
v 156.201938976 337.492005431 138.118341273 0.99609375
v 156.403931871 337.360854086 147.704521516 0.99609375
v 156.457078264 337.594651784 138.864557576 0.99609375
v 156.319656983 337.331850718 147.641214671 0.99609375
v 156.586500386 337.952062785 138.922262924 0.99609375
v 156.141900307 337.800080579 148.032501643 0.99609375
v 156.218166507 338.104117622 138.279132947 0.99609375
v 156.415822164 338.376227633 148.497314658 0.99609375
v 156.224524248 338.14488421 139.086683149 0.99609375
v 156.103904179 338.459234142 148.082129381 0.99609375
v 156.155190458 338.51766305 138.933840936 0.99609375
v 156.324744932 338.671670359 148.327635459 0.99609375
v 156.024755653 339.088484695 138.908501095 0.99609375
v 156.494560121 339.266129036 148.379230388 0.99609375
v 156.230154784 339.330496611 139.186680834 0.99609375
v 156.191143865 339.243567147 148.586692402 0.99609375
v 156.525861471 339.8304359 138.578877081 0.99609375
v 156.239361156 339.337578695 148.155273778 0.99609375
v 156.113501538 339.831948883 139.367002121 0.99609375
v 156.056192725 339.952957107 148.944544932 0.99609375
v 156.237509896 339.922127795 139.210554933 0.99609375
v 156.521557515 340.295139807 148.770923078 0.99609375
v 156.503083702 340.236921104 139.475289108 0.99609375
v 156.355987854 340.589227057 148.033538371 0.99609375
v 156.082474604 340.539043558 139.114590624 0.99609375
v 156.120233192 340.75581605 148.799031491 0.99609375
v 156.394848402 341.048182198 139.311285766 0.99609375
v 156.034967358 341.249677584 148.848856844 0.99609375
v 156.077556488 341.341263173 139.780607758 0.99609375
v 156.536016944 341.342913403 149.043996879 0.99609375
v 156.371748974 341.380048068 139.231616593 0.99609375
v 156.308159668 341.822927993 148.81887014 0.99609375
v 156.174977566 342.133761782 139.780325333 0.99609375
v 156.211302005 342.139153424 148.731815668 0.99609375
v 156.247344225 342.138657721 139.254015561 0.99609375
v 156.140989785 342.38566114 149.454998629 0.99609375
v 156.167268329 342.730119667 139.27049975 0.99609375
v 156.072230979 342.461942955 148.866693356 0.99609375
v 156.09973002 342.530914416 139.675515962 0.99609375
v 156.26168139 342.92154809 148.556810483 0.99609375
v 156.305719728 342.934305711 139.622158757 0.99609375
v 156.243130061 343.284381726 149.131444739 0.99609375
v 156.298344508 343.082989056 139.548722199 0.99609375
v 156.51776734 343.236485527 149.445083892 0.99609375
v 156.165916373 343.549349953 139.876003657 0.99609375
v 156.166153377 343.879362019 149.037944979 0.99609375
v 156.314776529 343.953483002 139.378724579 0.99609375
v 156.350294427 344.019549515 149.497378308 0.99609375
v 156.359415428 344.131358653 139.202165715 0.99609375
v 156.383629499 344.309979505 149.103882349 0.99609375
v 156.422208095 344.637519024 139.692737603 0.99609375
v 156.110002109 344.61525737 149.18840794 0.99609375
v 156.464690764 344.977154044 139.718675456 0.99609375
v 156.15328772 344.873304985 148.942317426 0.99609375
v 156.298185687 344.852188808 139.59782744 0.99609375
v 156.275977751 345.327780976 148.680657913 0.99609375
v 156.101429126 345.579490213 139.078415472 0.99609375
v 156.170687664 345.530966242 149.319983501 0.99609375
v 156.114546707 345.592771125 139.938545653 0.99609375
v 156.12599291 345.938804361 148.721276113 0.99609375
v 156.257284874 346.155752344 139.14074404 0.99609375
v 156.459237778 345.936415545 148.660439112 0.99609375
v 156.538737507 346.170206846 139.542252166 0.99609375
v 156.443947046 346.243888515 148.729136186 0.99609375
v 156.201902166 346.37754694 139.927523016 0.99609375
v 156.079311232 346.293524879 149.350035241 0.99609375
v 156.156850699 346.954916945 139.868401079 0.99609375
v 156.546696209 346.924516294 148.940849951 0.99609375
v 156.519523488 346.972977717 139.433154923 0.99609375
v 156.049994578 347.186101031 149.020842873 0.99609375
v 156.285681073 347.287923001 139.865667905 0.99609375
v 156.362972435 347.591296628 149.307064072 0.99609375
v 156.26529069 347.512202335 139.802044312 0.99609375
v 156.277639311 347.499756239 148.544036649 0.99609375
v 156.489152136 347.881048664 139.684461935 0.99609375
v 156.182782643 347.751583721 148.538400056 0.99609375
v 156.308546144 348.468824594 139.599684891 0.99609375
v 156.433485284 348.261093844 149.167662319 0.99609375
v 156.03897972 348.519716444 139.17165235 0.99609375
v 156.515171087 348.577407369 149.263747041 0.99609375
v 156.557883319 348.725881897 139.836250699 0.99609375
v 156.584373704 348.854523048 149.950292965 0.99609375
v 156.385182101 348.994428714 139.427825758 0.99609375
v 156.027453722 349.247064126 149.677576773 0.99609375
v 156.363313436 349.433824402 139.102008561 0.99609375
v 156.51058551 349.195503751 149.745246056 0.99609375
v 156.053449191 349.672274013 139.503065002 0.99609375
v 156.249526483 349.469820798 149.477074704 0.99609375
v 156.393075801 350.179129396 139.400339563 0.99609375
v 156.422158453 349.786262548 149.418700604 0.99609375
v 156.348394866 350.496899974 139.853870166 0.99609375
v 156.25382787 350.140695447 149.95840152 0.99609375
v 156.410607884 350.593424335 139.820775972 0.99609375
v 156.126618284 350.394716801 149.534614642 0.99609375
v 156.176425545 350.854069451 139.101329447 0.99609375
v 156.481909382 350.92516358 149.468820858 0.99609375
v 156.381461134 350.927295155 139.769114742 0.99609375
v 156.446072076 351.337738473 149.331128495 0.99609375
v 156.228635218 351.210448777 140.931420849 0.99609375
v 156.221757009 351.448366047 149.289882792 0.99609375
v 156.319766511 351.784956977 142.427945707 0.99609375
v 156.334093314 351.729906669 150.109073659 0.99609375
v 156.158458802 352.265465754 142.953000572 0.99609375
v 156.100288159 351.834093173 150.046535419 0.99609375
v 156.317893451 352.456110147 144.312132345 0.99609375
v 156.457172487 352.503192763 149.514770685 0.99609375
v 156.4513118 352.485585491 144.424847897 0.99609375
v 156.04557204 352.364909695 149.842736663 0.99609375
v 156.217132178 352.888657085 145.14509903 0.99609375
v 156.432764081 353.17060407 149.821744153 0.99609375
v 156.542165698 353.286056791 146.446407909 0.99609375
v 156.354577614 353.272861022 150.152966442 0.99609375
v 156.057385255 353.708268958 146.656207912 0.99609375
v 156.196713193 353.305632857 150.178626348 0.99609375
v 156.298868957 354.087489164 147.341123023 0.99609375
v 156.122853737 353.542210731 150.407412012 0.99609375
v 156.060515582 354.09307224 148.448784933 0.99609375
v 156.321750369 353.940694946 150.048742387 0.99609375
v 156.088601571 354.141425655 148.183912953 0.99609375
v 156.135461171 354.415978359 150.002449892 0.99609375
v 156.566762464 354.437394152 149.212228264 0.99609375
v 156.311528285 354.889345683 150.750119826 0.99609375
v 156.148616683 354.83885346 150.017436332 0.99609375
v 156.049218948 355.218356252 150.469474626 0.99609375
v 156.545764402 355.496622844 150.595863695 0.99609375
v 156.558755582 327.404364583 136.673569289 0.99609375
v 156.845345741 327.628103425 137.031447343 0.99609375
v 156.553880107 327.131186157 139.332689829 0.99609375
v 156.75499314 327.518487284 136.657069316 0.99609375
v 156.42627885 327.597135845 141.480840042 0.99609375
v 156.555601321 327.907032566 137.137065007 0.99609375
v 156.685101006 328.09400181 142.534231616 0.99609375
v 156.662165207 328.318112152 136.705399612 0.99609375
v 156.528679073 328.568823599 144.216115092 0.99609375
v 156.368994157 328.594096998 136.613570947 0.99609375
v 156.693047676 328.852182873 145.055328321 0.99609375
v 156.622266266 328.812764547 137.400484636 0.99609375
v 156.686405012 328.602140472 145.759006969 0.99609375
v 156.710206193 329.123133348 136.63204615 0.99609375
v 156.43813287 329.278208706 145.641644145 0.99609375
v 156.404274977 329.511053 137.325143016 0.99609375
v 156.385837453 329.724699387 145.033929925 0.99609375
v 156.67003404 329.576922325 137.063136268 0.99609375
v 156.581362816 329.526474566 145.703138725 0.99609375
v 156.53256565 329.84850849 137.460136511 0.99609375
v 156.409600826 330.01185357 146.043455924 0.99609375
v 156.617025155 330.521106202 137.355134859 0.99609375
v 156.592199065 330.212111131 146.411516523 0.99609375
v 156.822059945 330.336989494 137.418483477 0.99609375
v 156.586939054 330.611180114 146.347776872 0.99609375
v 156.404800806 331.062897714 137.112379235 0.99609375
v 156.471724661 331.131440767 145.621451353 0.99609375
v 156.6386349 331.11174902 137.071027342 0.99609375
v 156.750576052 331.377366671 145.751351569 0.99609375
v 156.317744893 331.701611895 136.593688101 0.99609375
v 156.636502582 331.266724419 145.97660583 0.99609375
v 156.653924031 331.54410537 136.589404967 0.99609375
v 156.407651467 331.752048359 146.315595711 0.99609375
v 156.774525478 332.022196569 137.910520514 0.99609375
v 156.447916733 332.015781012 146.003822023 0.99609375
v 156.648527377 332.054618762 137.214730387 0.99609375
v 156.689675838 332.525652543 146.229105052 0.99609375
v 156.614032699 332.618597501 137.529659253 0.99609375
v 156.650242989 332.654485989 146.13907195 0.99609375
v 156.593113195 332.683420324 137.174813827 0.99609375
v 156.805414187 332.818544158 146.691440083 0.99609375
v 156.736127293 333.45135027 137.285374086 0.99609375
v 156.586513598 333.288147839 146.691927371 0.99609375
v 156.456385518 333.385671343 137.000564413 0.99609375
v 156.58354684 333.419690286 146.486800798 0.99609375
v 156.371577946 333.595415647 137.029073722 0.99609375
v 156.494738436 333.842436224 146.636453509 0.99609375
v 156.39193255 334.149374557 137.183631173 0.99609375
v 156.782523586 333.8117328 146.705242335 0.99609375
v 156.605673257 334.155087153 137.595287419 0.99609375
v 156.649269943 334.268644756 146.388550423 0.99609375
v 156.886090952 334.922616062 137.459125358 0.99609375
v 156.718253415 334.614061558 146.152432485 0.99609375
v 156.747435995 335.238003561 138.418715426 0.99609375
v 156.530003821 335.011314528 146.690095169 0.99609375
v 156.321059156 335.175517727 138.418440172 0.99609375
v 156.748485538 335.419647978 146.521068704 0.99609375
v 156.715303331 335.756139492 137.548376947 0.99609375
v 156.747703905 335.748953156 146.90137268 0.99609375
v 156.599871973 335.90557742 138.159342674 0.99609375
v 156.586703994 335.55320646 147.253705249 0.99609375
v 156.873029058 336.362741548 137.907713376 0.99609375
v 156.842287912 336.054327477 146.978282158 0.99609375
v 156.687136714 336.204066906 138.991973951 0.99609375
v 156.542653774 336.190999067 146.710283337 0.99609375
v 156.404342128 336.869223425 138.797210401 0.99609375
v 156.830467689 336.531405488 147.010827179 0.99609375
v 156.864924769 336.94135008 138.047167913 0.99609375
v 156.371707108 336.783446804 147.665538309 0.99609375
v 156.42609554 337.229867873 138.90891839 0.99609375
v 156.838201856 337.534868371 147.641893582 0.99609375
v 156.730336045 337.588155878 138.80856162 0.99609375
v 156.807242081 337.660494624 148.350127761 0.99609375
v 156.611343067 337.891426713 138.356371799 0.99609375
v 156.740859602 337.626806307 147.52300044 0.99609375
v 156.791298456 338.396639333 138.685811892 0.99609375
v 156.59968456 337.931379047 148.171603998 0.99609375
v 156.350768467 338.400262259 138.928351413 0.99609375
v 156.753785855 338.680683126 148.379433837 0.99609375
v 156.662280574 338.788320226 139.219863764 0.99609375
v 156.487957572 338.771336468 148.099500356 0.99609375
v 156.816577624 339.037601053 138.627957764 0.99609375
v 156.450262706 339.23811563 148.137338644 0.99609375
v 156.823484835 339.436504823 139.023303741 0.99609375
v 156.866951819 339.330161644 148.601083774 0.99609375
v 156.516257948 339.637685475 139.430482983 0.99609375
v 156.415441681 339.488623049 148.259748532 0.99609375
v 156.843521648 339.627549554 138.896918559 0.99609375
v 156.674607279 339.953142589 148.872829927 0.99609375
v 156.540968839 340.389304804 139.432476186 0.99609375
v 156.35417366 340.090432111 148.555102264 0.99609375
v 156.454094519 340.738744064 138.562716113 0.99609375
v 156.705744191 340.668792496 148.828741643 0.99609375
v 156.519820562 340.97933606 138.581080952 0.99609375
v 156.341821467 340.498303964 148.611375014 0.99609375
v 156.838836085 340.828157578 139.520577555 0.99609375
v 156.658326681 341.208613268 148.310823118 0.99609375
v 156.561042761 341.40857814 139.28915415 0.99609375
v 156.351566172 341.19102333 148.822004768 0.99609375
v 156.745957336 341.752673253 139.362360568 0.99609375
v 156.838735919 341.735685735 149.145853245 0.99609375
v 156.763419773 341.79314524 139.776085152 0.99609375
v 156.791370403 342.0083354 148.658849171 0.99609375
v 156.672873202 342.051352444 139.222389523 0.99609375
v 156.442814138 342.263545471 148.891690955 0.99609375
v 156.424560866 342.398902394 139.404773236 0.99609375
v 156.584248635 342.491336491 149.141202739 0.99609375
v 156.459627854 342.64218662 139.669070956 0.99609375
v 156.605112057 342.49434542 149.338103499 0.99609375
v 156.750924805 342.919868544 139.473509917 0.99609375
v 156.356186226 342.931143504 148.501025186 0.99609375
v 156.651575422 343.519326588 139.396002144 0.99609375
v 156.557610687 343.390968665 148.916712921 0.99609375
v 156.530138246 343.698460342 139.038267828 0.99609375
v 156.762773147 343.605559508 149.125171646 0.99609375
v 156.644508685 344.121054233 139.583424286 0.99609375
v 156.568392954 344.147080483 148.999081291 0.99609375
v 156.521129136 344.37301954 139.860818694 0.99609375
v 156.358032357 344.384041391 149.45730901 0.99609375
v 156.733943416 344.544240645 139.212587002 0.99609375
v 156.886255018 344.394256131 149.262805887 0.99609375
v 156.733580657 344.736339123 139.398214382 0.99609375
v 156.785390739 344.775802218 149.116732557 0.99609375
v 156.401987511 345.351901974 139.320091897 0.99609375
v 156.312089062 345.313821129 148.580505264 0.99609375
v 156.840145301 345.578835279 139.32886686 0.99609375
v 156.706133531 345.127426605 148.599283065 0.99609375
v 156.477069446 345.903329192 139.23879594 0.99609375
v 156.462274852 345.503959932 149.167022531 0.99609375
v 156.345330123 345.949280788 139.785666858 0.99609375
v 156.854548398 346.096793243 148.758398727 0.99609375
v 156.44131968 346.075951321 139.910860663 0.99609375
v 156.818169473 346.450369986 148.90357499 0.99609375
v 156.599587605 346.285724697 139.924711638 0.99609375
v 156.717440157 346.718030492 148.663836981 0.99609375
v 156.386270182 346.739793579 139.168862677 0.99609375
v 156.839557109 346.915656928 149.409945343 0.99609375
v 156.612664936 346.876357981 139.512511785 0.99609375
v 156.556694855 347.255323893 149.301036441 0.99609375
v 156.32066604 347.624953435 139.05283586 0.99609375
v 156.524215093 347.362491324 148.579225393 0.99609375
v 156.484389186 347.703554761 139.69694241 0.99609375
v 156.620234476 347.474706554 148.930866111 0.99609375
v 156.568594422 348.098326756 139.411972444 0.99609375
v 156.478927231 347.878702462 149.383323301 0.99609375
v 156.688638538 348.062714857 139.931906385 0.99609375
v 156.713766991 348.125248165 149.13328288 0.99609375
v 156.588856774 348.455114777 139.822319517 0.99609375
v 156.469819981 348.425657698 149.013000629 0.99609375
v 156.794559281 348.607329533 139.556593898 0.99609375
v 156.801191122 348.856714968 149.664997969 0.99609375
v 156.534548547 348.897806988 139.931121204 0.99609375
v 156.393833025 349.282253736 149.522556301 0.99609375
v 156.520716854 349.646208778 139.577871045 0.99609375
v 156.690558581 349.503887287 149.137671175 0.99609375
v 156.666833366 349.762134786 139.195003351 0.99609375
v 156.446320128 349.631347365 149.291386336 0.99609375
v 156.378625953 349.880196442 139.485850953 0.99609375
v 156.477332736 350.211264923 149.585321423 0.99609375
v 156.380033046 350.586658956 139.767796511 0.99609375
v 156.482601392 350.032344854 149.595236743 0.99609375
v 156.798792507 350.323560409 139.64978351 0.99609375
v 156.687421084 350.787945757 149.61433148 0.99609375
v 156.52908194 351.015701435 139.844921558 0.99609375
v 156.320068534 351.123605039 149.844688862 0.99609375
v 156.459980048 350.934553515 140.051298939 0.99609375
v 156.44362391 351.074543424 149.74947397 0.99609375
v 156.497531841 351.409596481 140.733551731 0.99609375
v 156.818603473 351.265795237 149.727386808 0.99609375
v 156.836073759 351.969810489 142.077386433 0.99609375
v 156.829476841 351.513593476 149.811307891 0.99609375
v 156.889452001 352.303930745 142.650182791 0.99609375
v 156.737178695 352.160573454 149.847817504 0.99609375
v 156.84325412 352.367706363 143.528019222 0.99609375
v 156.467991253 352.398064455 150.325947058 0.99609375
v 156.48038958 352.505154418 144.568776617 0.99609375
v 156.377179955 352.721529545 150.288090871 0.99609375
v 156.547184112 352.820044852 145.174488731 0.99609375
v 156.673220729 352.882109399 149.883040808 0.99609375
v 156.340942419 352.966085927 145.947747605 0.99609375
v 156.839604724 353.46518376 149.986062721 0.99609375
v 156.395643565 353.632944886 147.008720669 0.99609375
v 156.651398649 353.559874209 150.05603124 0.99609375
v 156.510373881 353.670347636 147.171189666 0.99609375
v 156.775898337 354.030842804 150.783001021 0.99609375
v 156.616461896 353.877753054 147.895762075 0.99609375
v 156.607005309 354.262177611 150.274474815 0.99609375
v 156.352857644 354.166266539 148.102696926 0.99609375
v 156.494309915 354.639374718 150.238331561 0.99609375
v 156.853269397 354.880671065 149.048874563 0.99609375
v 156.679494661 354.659514051 150.554146065 0.99609375
v 156.387105774 354.790783631 150.433668955 0.99609375
v 156.753267016 355.222468908 150.343810993 0.99609375
v 156.447076559 355.353449066 151.458759752 0.99609375
v 157.097106877 327.04545951 136.888787318 0.99609375
v 157.015015269 327.265715214 136.679622455 0.99609375
v 156.760208721 327.499480089 139.400198993 0.99609375
v 156.798225459 327.630010071 136.719983757 0.99609375
v 156.65082009 327.638286336 140.689022821 0.99609375
v 156.747422896 327.883320757 136.759498097 0.99609375
v 156.908349964 328.028699503 142.015679231 0.99609375
v 157.038286886 328.063660492 137.013161215 0.99609375
v 156.936785464 328.225219699 144.835804743 0.99609375
v 156.908122631 328.420057848 136.854208267 0.99609375
v 156.714642441 328.751976453 145.054317435 0.99609375
v 156.915908482 328.588730625 137.188389937 0.99609375
v 156.743731176 329.130452945 145.197731592 0.99609375
v 157.01154513 329.096547511 137.136989606 0.99609375
v 156.979142438 328.860616756 145.236434532 0.99609375
v 156.935282005 329.316478495 136.932044654 0.99609375
v 156.94693893 329.529815883 145.310864052 0.99609375
v 156.699167627 329.694179089 137.218856898 0.99609375
v 156.821512019 329.562802204 146.178520574 0.99609375
v 156.851675888 330.234013313 137.342848589 0.99609375
v 157.102618405 330.097444501 146.188939785 0.99609375
v 156.623432638 330.372752718 137.157574916 0.99609375
v 156.603995431 330.435341531 145.609206398 0.99609375
v 156.802811236 330.772731771 137.132839308 0.99609375
v 156.640498955 330.562938794 145.817604971 0.99609375
v 156.845525952 330.774555201 137.151012671 0.99609375
v 156.858355341 330.696820614 146.194422459 0.99609375
v 157.109833319 330.896772396 137.649515259 0.99609375
v 157.130251385 331.051781516 145.991919107 0.99609375
v 157.103342161 331.37174044 137.636508834 0.99609375
v 157.069222028 331.236991726 145.511622003 0.99609375
v 157.130799964 331.52134313 137.250142986 0.99609375
v 156.94239929 331.631322587 145.810988319 0.99609375
v 157.087513981 332.142158475 137.695261422 0.99609375
v 156.811484415 331.957750347 146.236878069 0.99609375
v 156.857685941 332.445823402 137.96204773 0.99609375
v 156.921324889 332.534391217 146.218527987 0.99609375
v 156.695738914 332.584159373 137.711103397 0.99609375
v 156.625070214 332.363743828 146.016126537 0.99609375
v 156.700266232 333.041973911 137.451393411 0.99609375
v 156.915591495 332.654680411 146.249048098 0.99609375
v 156.840436651 333.304284 137.730075263 0.99609375
v 156.738758317 333.236942522 146.119210749 0.99609375
v 156.647619707 333.696773108 137.914159242 0.99609375
v 156.731607914 333.261375677 146.583870498 0.99609375
v 156.665066103 333.63658281 137.76774572 0.99609375
v 156.901935476 333.685270525 146.838207455 0.99609375
v 157.112144018 333.967465871 137.343124214 0.99609375
v 156.986753873 333.842810421 146.918376482 0.99609375
v 156.724649266 334.082690203 137.424106218 0.99609375
v 156.883790426 334.561406782 146.159109442 0.99609375
v 156.917841073 334.621991594 137.100971202 0.99609375
v 156.740370484 334.823073738 146.321949741 0.99609375
v 156.725685417 335.095639352 137.607469147 0.99609375
v 156.899253496 334.680026427 146.167529073 0.99609375
v 156.912829194 335.330385388 137.511744636 0.99609375
v 157.08808408 335.271588366 146.519755713 0.99609375
v 156.737482844 335.480163688 137.768729622 0.99609375
v 156.743352244 335.372760419 146.825399329 0.99609375
v 156.827654358 336.106434723 138.315791918 0.99609375
v 157.08181021 336.065903731 147.476814308 0.99609375
v 156.674987368 335.875424051 137.864299142 0.99609375
v 156.714744649 336.006186054 147.496056212 0.99609375
v 156.642907841 336.605974125 137.968313126 0.99609375
v 156.765950084 336.208298704 147.328379442 0.99609375
v 157.028770648 336.891438618 138.364097602 0.99609375
v 156.679846095 336.606252615 147.064567061 0.99609375
v 156.794406024 336.800188552 138.201180027 0.99609375
v 157.112152886 336.974074513 147.451742207 0.99609375
v 156.615497979 337.511232174 138.330518586 0.99609375
v 156.872012442 337.174276438 147.883863771 0.99609375
v 157.083020299 337.516179779 138.223213862 0.99609375
v 156.797619406 337.826452388 147.862034299 0.99609375
v 156.859655597 337.653164038 138.929269812 0.99609375
v 156.957192485 338.004267883 148.251629406 0.99609375
v 157.071537371 338.288966426 138.306497589 0.99609375
v 157.133326826 338.223256088 147.679323061 0.99609375
v 156.827823252 338.379439181 138.076857924 0.99609375
v 157.099188826 338.55304491 147.982213538 0.99609375
v 157.036585381 338.654393756 138.907252475 0.99609375
v 156.658124563 338.617043639 147.594497137 0.99609375
v 157.152789731 338.955874975 138.358353556 0.99609375
v 157.062947751 338.945614734 148.108866635 0.99609375
v 157.100999697 339.308898056 139.220832111 0.99609375
v 156.971624932 339.416229043 148.165901688 0.99609375
v 156.806884421 339.849866583 139.400712326 0.99609375
v 156.929706904 339.759728512 148.545533994 0.99609375
v 156.851894097 339.939565698 139.193279306 0.99609375
v 157.013113177 340.065194184 148.727311684 0.99609375
v 156.744614435 340.185362032 138.653424322 0.99609375
v 156.867851936 339.91017133 148.530153745 0.99609375
v 156.904117574 340.289402399 138.66954698 0.99609375
v 157.101679034 340.344815643 148.085439275 0.99609375
v 157.152422218 340.926418069 138.789957289 0.99609375
v 156.655795003 340.613870804 148.908457425 0.99609375
v 156.916027928 340.814940895 139.822151491 0.99609375
v 157.106726987 341.12388537 148.652638077 0.99609375
v 156.820820681 341.18899685 139.193222849 0.99609375
v 157.052529241 341.20789803 148.563462455 0.99609375
v 156.726448427 341.897381271 139.006671924 0.99609375
v 156.991678047 341.822125308 149.457006283 0.99609375
v 157.168791971 341.627516868 139.629237255 0.99609375
v 156.946463697 341.980232823 148.938425596 0.99609375
v 157.158197317 342.072989967 139.293530245 0.99609375
v 157.083448224 342.31774663 148.929514043 0.99609375
v 157.121624264 342.648210802 139.861026894 0.99609375
v 157.076578458 342.47932655 149.092745773 0.99609375
v 156.623810793 342.898957147 139.57327182 0.99609375
v 156.791412126 342.921511205 148.593813194 0.99609375
v 156.752716992 343.005955747 139.827701672 0.99609375
v 157.125877367 343.042431658 148.785421565 0.99609375
v 156.839900092 343.471604618 139.786401232 0.99609375
v 157.160312785 343.11834543 148.663147387 0.99609375
v 156.74327492 343.732807855 139.772362929 0.99609375
v 156.787062945 343.462593483 149.464192736 0.99609375
v 156.762762224 344.159525292 139.128702962 0.99609375
v 156.774893202 343.99159992 149.032890493 0.99609375
v 156.961668444 344.477215154 139.624645344 0.99609375
v 157.064496263 344.063791877 148.672951981 0.99609375
v 156.73000177 344.513930021 139.368199269 0.99609375
v 157.174498867 344.486343606 148.792789173 0.99609375
v 156.666020873 344.708243842 139.530915543 0.99609375
v 157.167686959 344.704023346 149.075759812 0.99609375
v 156.679731694 345.172619108 139.89717374 0.99609375
v 156.89517573 345.231846434 149.083107243 0.99609375
v 156.870576314 345.136105764 139.299767532 0.99609375
v 157.037997522 345.505519524 149.276985631 0.99609375
v 156.869688245 345.792000012 139.310386237 0.99609375
v 156.62034976 345.69691471 149.139434029 0.99609375
v 156.766762273 345.706734244 139.681517353 0.99609375
v 157.1251938 345.86946762 148.864643074 0.99609375
v 156.730679037 346.297510359 139.418373959 0.99609375
v 157.058452648 345.996733339 149.019611912 0.99609375
v 156.820613424 346.276859147 139.147617 0.99609375
v 157.174493712 346.288882481 148.866209813 0.99609375
v 156.997972043 346.880021504 139.161524413 0.99609375
v 157.084040843 346.849180002 149.298714704 0.99609375
v 157.100777523 347.034798267 139.486780077 0.99609375
v 156.781311089 347.295578418 148.553510996 0.99609375
v 156.781779244 347.636883572 139.430247216 0.99609375
v 156.831010451 347.336861702 149.419026408 0.99609375
v 156.89490101 347.500302789 139.221730674 0.99609375
v 156.611714948 347.890225029 149.088973362 0.99609375
v 156.712033063 348.245713463 139.903140202 0.99609375
v 157.006981906 348.221573802 148.544199232 0.99609375
v 156.727240618 348.411617433 139.664017576 0.99609375
v 156.884913379 348.096301875 149.99942713 0.99609375
v 156.783193874 348.380454269 139.625693687 0.99609375
v 156.734247023 348.476733669 149.477799172 0.99609375
v 156.647389919 349.015912358 139.125982402 0.99609375
v 156.719307876 349.14249986 149.770731144 0.99609375
v 156.721054821 349.362352534 139.388242712 0.99609375
v 157.144043293 349.046556305 149.469187804 0.99609375
v 156.629859137 349.477974177 139.090952282 0.99609375
v 156.760832248 349.243052497 149.797921154 0.99609375
v 157.176643069 349.595937244 139.032880895 0.99609375
v 157.114406217 349.570577904 149.183029566 0.99609375
v 156.712671772 350.192257103 139.497878228 0.99609375
v 156.684872355 350.219348264 149.204702194 0.99609375
v 157.002791777 350.246628994 139.732654311 0.99609375
v 156.861650596 350.538058277 149.748241713 0.99609375
v 157.107350267 350.898878228 139.475864756 0.99609375
v 156.781128947 350.515639359 149.310103325 0.99609375
v 157.008360009 350.803397252 139.12114844 0.99609375
v 156.649956567 350.78504977 149.80717241 0.99609375
v 156.663971528 350.954407088 139.97353157 0.99609375
v 156.612908344 351.160140778 149.021819557 0.99609375
v 157.09679235 351.650882709 140.644229562 0.99609375
v 156.679737545 351.328929051 149.222827797 0.99609375
v 157.006489849 351.624571533 142.379903161 0.99609375
v 156.775192281 352.02608395 149.779366374 0.99609375
v 157.058443831 352.201515024 142.690285391 0.99609375
v 156.803505204 352.120058881 150.366814114 0.99609375
v 156.611595111 352.559631458 143.794448287 0.99609375
v 156.809446302 352.518904646 149.770165287 0.99609375
v 156.753412084 352.43582161 144.531520883 0.99609375
v 156.899110969 352.404470888 149.974594202 0.99609375
v 156.763668097 353.150832389 145.103757036 0.99609375
v 157.011451004 352.710544448 149.974107918 0.99609375
v 156.732843527 353.080535189 146.208743509 0.99609375
v 157.1353361 353.067699739 149.787646943 0.99609375
v 156.813251595 353.303949386 146.871385398 0.99609375
v 157.141082695 353.537185114 149.562538436 0.99609375
v 156.916531171 353.59219887 147.235107747 0.99609375
v 156.906752448 353.603530954 150.472681585 0.99609375
v 156.760014164 354.226324701 148.037724324 0.99609375
v 157.074657878 353.947613706 150.173138728 0.99609375
v 156.761244871 354.325154913 148.683851008 0.99609375
v 156.93979867 354.09046487 150.891269731 0.99609375
v 157.046676818 354.869063649 149.570107724 0.99609375
v 157.031263001 354.926193415 150.624347217 0.99609375
v 156.653652386 354.971432963 149.909709338 0.99609375
v 156.951791552 355.127563711 150.732544206 0.99609375
v 157.370054266 326.882240358 137.999815859 0.99609375
v 157.283728407 327.603278372 137.121976405 0.99609375
v 156.894788757 327.536844424 138.56805307 0.99609375
v 157.380460544 327.986827858 137.591720259 0.99609375
v 157.086138844 327.787459715 141.145206392 0.99609375
v 157.468196954 328.240858507 137.60570918 0.99609375
v 157.058334914 327.807335651 142.324878921 0.99609375
v 157.05670913 328.23379857 137.450794142 0.99609375
v 157.32176731 328.076135938 144.050895608 0.99609375
v 156.901438286 328.288946969 137.746623483 0.99609375
v 157.401849555 328.439274829 145.269308224 0.99609375
v 157.150664673 328.942350931 137.585373617 0.99609375
v 157.062730784 329.018507623 145.967999015 0.99609375
v 157.137309994 329.112298912 137.79488022 0.99609375
v 157.092015259 329.13588239 145.967487446 0.99609375
v 156.967587864 329.381643467 137.423784997 0.99609375
v 157.303179128 329.530504467 145.787449539 0.99609375
v 156.907741279 329.872460252 137.076095243 0.99609375
v 157.369700175 329.702494126 145.346575833 0.99609375
v 157.033049171 330.059802944 137.084338797 0.99609375
v 157.319345812 330.202698564 146.103020888 0.99609375
v 157.375205384 330.116152016 137.98002552 0.99609375
v 157.14648184 330.057861679 145.556382336 0.99609375
v 157.103457324 330.666871671 137.75636969 0.99609375
v 156.919719315 330.45047353 146.386156556 0.99609375
v 157.448907973 330.957597895 137.983613134 0.99609375
v 156.968167288 331.120334168 146.02770778 0.99609375
v 157.315458244 330.986638733 137.698926462 0.99609375
v 157.357114592 330.958358236 146.297295793 0.99609375
v 157.006643036 331.663410904 137.671480819 0.99609375
v 157.3761001 331.225843523 146.130649493 0.99609375
v 157.230551804 331.982370607 137.956905648 0.99609375
v 156.979133381 331.773589532 146.488419308 0.99609375
v 157.361636898 332.200876634 137.008662422 0.99609375
v 157.416458625 331.784527014 145.570054346 0.99609375
v 157.048351261 332.574129916 137.142368792 0.99609375
v 157.455552859 332.138322008 145.717082377 0.99609375
v 157.16442504 332.418686385 137.45308355 0.99609375
v 157.333622222 332.846318 145.73383258 0.99609375
v 157.144333762 332.878349195 137.671817511 0.99609375
v 157.269977782 333.018029704 146.742931673 0.99609375
v 156.890585755 333.239292024 137.653741832 0.99609375
v 156.914891792 333.317526728 146.327240663 0.99609375
v 157.387333678 333.661238273 138.492238084 0.99609375
v 157.339634856 333.442717907 146.949295355 0.99609375
v 157.334537496 334.010570679 138.018118181 0.99609375
v 157.005169375 333.734371335 146.857421219 0.99609375
v 157.373893013 334.290744604 137.636443603 0.99609375
v 157.336067933 334.047592354 146.811556156 0.99609375
v 157.024572963 334.302383008 137.849980618 0.99609375
v 157.089869775 334.61926638 146.123704061 0.99609375
v 157.209615037 334.893709121 138.445571705 0.99609375
v 157.397098741 334.466424556 146.98518011 0.99609375
v 157.332777917 334.676168062 137.703538628 0.99609375
v 157.036016469 334.90483111 146.700213866 0.99609375
v 157.150829941 335.526293539 138.052074267 0.99609375
v 157.069810343 335.216907853 147.053851925 0.99609375
v 157.320858263 335.52876234 138.057828872 0.99609375
v 157.308471578 335.721151058 146.749025985 0.99609375
v 157.052777936 336.029464922 138.008386632 0.99609375
v 157.333635334 335.609577527 147.153648998 0.99609375
v 157.469541163 335.998299136 138.402971918 0.99609375
v 156.982621899 335.948613901 146.775928815 0.99609375
v 157.321704647 336.685938973 138.155546724 0.99609375
v 157.190551503 336.267048182 146.575622557 0.99609375
v 157.263275722 336.914521876 137.806057715 0.99609375
v 157.454148274 336.707920731 147.920437948 0.99609375
v 157.4371062 337.224826909 138.085698435 0.99609375
v 157.107685197 337.066899218 147.618525424 0.99609375
v 157.317586871 337.553870285 138.961994861 0.99609375
v 157.274043057 337.239417248 147.116887401 0.99609375
v 157.36659981 337.275684905 138.33965536 0.99609375
v 157.110111298 337.342757793 147.886009698 0.99609375
v 157.424610316 337.698115351 138.750446094 0.99609375
v 156.944050915 337.640124557 148.257791483 0.99609375
v 157.324858144 338.168014448 138.974652845 0.99609375
v 157.336366501 338.320658026 148.192929465 0.99609375
v 157.136540267 338.255197243 138.709722806 0.99609375
v 156.953508544 338.190059797 147.861585146 0.99609375
v 157.401122572 338.55374987 138.881948588 0.99609375
v 157.324498264 338.455733831 147.938242314 0.99609375
v 157.336671529 339.041520103 138.273903488 0.99609375
v 157.385284318 339.070634876 148.825182446 0.99609375
v 157.067909403 339.092081441 138.735785238 0.99609375
v 157.140685531 339.400602957 148.282322999 0.99609375
v 157.310661823 339.597498738 138.570498267 0.99609375
v 157.417999022 339.769706855 148.46997788 0.99609375
v 157.458842414 339.649822146 138.98747963 0.99609375
v 157.058200935 339.624974443 148.966112967 0.99609375
v 157.1828426 339.917160306 138.645809249 0.99609375
v 157.294068229 340.404341281 148.688188532 0.99609375
v 157.090705464 340.441168927 138.846546772 0.99609375
v 157.399339287 340.466001851 148.184207924 0.99609375
v 157.322146718 340.829137766 139.007599243 0.99609375
v 157.306703177 340.553802234 148.193700795 0.99609375
v 157.003535628 340.79159603 139.258464103 0.99609375
v 156.951466182 341.191033689 148.743582819 0.99609375
v 157.284327564 341.370460911 139.186638711 0.99609375
v 157.436552531 341.150531453 148.980961622 0.99609375
v 156.90652246 341.627815394 139.278559253 0.99609375
v 157.19332278 341.679717303 148.866917395 0.99609375
v 156.911781893 342.121048746 139.778715395 0.99609375
v 156.944593362 342.046722277 149.384451724 0.99609375
v 157.389989328 341.966175579 139.300644705 0.99609375
v 157.272065445 341.951896541 148.698963861 0.99609375
v 157.386498094 342.257908564 139.699728361 0.99609375
v 156.939891911 342.319014619 149.172596493 0.99609375
v 157.061577118 342.888004568 139.210125395 0.99609375
v 157.23813455 342.951440827 148.843388091 0.99609375
v 157.433023086 343.072665818 139.623303716 0.99609375
v 156.975883769 343.354225801 148.787436121 0.99609375
v 157.100071623 343.250367379 139.026140498 0.99609375
v 156.955998639 343.212114603 148.89303673 0.99609375
v 157.166126005 343.51683956 139.796905424 0.99609375
v 157.333778441 343.608326766 148.79711191 0.99609375
v 156.99324813 343.839421236 139.612573719 0.99609375
v 156.949013366 343.699435104 148.879473246 0.99609375
v 157.137289938 344.242185604 139.98649411 0.99609375
v 157.44258841 344.162072415 148.747108221 0.99609375
v 157.167578943 344.575934306 139.925241101 0.99609375
v 157.240617326 344.803095633 149.299487445 0.99609375
v 157.023337582 344.985568028 139.265956978 0.99609375
v 157.000489265 344.908170696 149.147419806 0.99609375
v 156.928541302 345.388861636 139.279050284 0.99609375
v 157.468524542 345.263808056 149.283040299 0.99609375
v 156.902146996 345.551741171 139.882661576 0.99609375
v 157.370981057 345.520030211 148.821172783 0.99609375
v 157.052691893 345.480804798 139.215126983 0.99609375
v 157.338631675 345.445965994 149.329340846 0.99609375
v 157.116743516 346.216540558 139.159417278 0.99609375
v 157.112507702 345.683546247 148.983048887 0.99609375
v 157.148014336 346.335635504 139.266193709 0.99609375
v 156.988028594 346.179387949 149.055360933 0.99609375
v 157.391611724 346.39390728 139.903284248 0.99609375
v 157.009601806 346.733726801 148.951367521 0.99609375
v 156.999543791 346.650988885 139.065478249 0.99609375
v 157.467766211 346.800404296 149.435830678 0.99609375
v 157.194551725 347.271586393 139.532662218 0.99609375
v 157.176492651 346.96898829 149.041150418 0.99609375
v 157.018619599 347.373950229 139.68223836 0.99609375
v 157.277269852 347.64729206 149.006926723 0.99609375
v 157.395761201 347.682281198 139.651430367 0.99609375
v 157.364639306 347.860861878 149.308241113 0.99609375
v 157.415950544 348.158330556 139.360929115 0.99609375
v 157.061192862 347.81747295 149.215211355 0.99609375
v 157.16032773 348.232519952 139.763233381 0.99609375
v 157.355016702 348.565462124 149.131643591 0.99609375
v 157.233087407 348.393381799 139.854538905 0.99609375
v 156.974664783 348.428987682 149.14529184 0.99609375
v 157.195309203 349.119230895 139.013900752 0.99609375
v 157.050753408 348.892007064 149.986018662 0.99609375
v 157.422901923 349.119564753 139.111204385 0.99609375
v 156.903437723 348.999267398 149.513298628 0.99609375
v 157.187053887 349.394206726 139.429888606 0.99609375
v 157.251942771 349.621415934 149.364014693 0.99609375
v 157.227513458 349.636892683 139.752204892 0.99609375
v 157.036396323 349.564543566 149.830619622 0.99609375
v 157.38903526 349.748739106 139.506653177 0.99609375
v 157.248116882 350.066291869 149.228882698 0.99609375
v 157.257925495 350.565962685 139.236597146 0.99609375
v 157.152869626 350.095373906 149.230400705 0.99609375
v 157.383393173 350.738122951 139.516065522 0.99609375
v 157.026348065 350.636117663 149.922525801 0.99609375
v 156.905844718 350.69931225 139.55564588 0.99609375
v 157.165395341 350.926531815 149.132282137 0.99609375
v 157.397763395 351.155109874 139.739216784 0.99609375
v 157.005060563 351.418805843 149.469796872 0.99609375
v 157.157594548 351.492682904 141.030368009 0.99609375
v 157.369786723 351.648285179 149.57635837 0.99609375
v 157.423560055 351.993139201 142.346361929 0.99609375
v 157.088688562 351.94417386 149.564666409 0.99609375
v 157.401782899 352.147667605 142.99403033 0.99609375
v 157.112943161 351.868120733 149.808362589 0.99609375
v 157.323639906 352.088823551 143.628520641 0.99609375
v 156.919669029 352.397868349 150.408397667 0.99609375
v 157.275699256 352.729093831 144.269154903 0.99609375
v 157.340486767 352.638799958 149.863161675 0.99609375
v 157.209268666 352.688949484 145.59828403 0.99609375
v 157.38240722 352.96773068 150.14396208 0.99609375
v 157.328901456 353.012488518 145.698635085 0.99609375
v 157.032019005 353.362735576 149.834295264 0.99609375
v 157.042144644 353.317618298 146.601904739 0.99609375
v 157.099270914 353.643086341 149.562113464 0.99609375
v 156.893986795 353.64542701 147.304650409 0.99609375
v 157.374405783 353.537280808 150.148838744 0.99609375
v 156.921571719 353.908755125 148.153347088 0.99609375
v 157.375087831 354.357603887 150.943925984 0.99609375
v 156.963489129 354.4164599 148.23878726 0.99609375
v 157.371781313 354.565742149 150.411779908 0.99609375
v 157.106084842 354.762358329 149.256622028 0.99609375
v 157.29402352 354.701851613 150.234699256 0.99609375
v 156.944679714 355.236241582 150.413810489 0.99609375
v 156.969391266 355.299686277 150.655490665 0.99609375
v 157.496603133 327.190674683 138.062229026 0.99609375
v 157.723060102 327.121541722 138.744104106 0.99609375
v 157.707899389 327.8626945 138.477156893 0.99609375
v 157.659437845 327.580814466 141.357031968 0.99609375
v 157.24251183 328.263048177 137.6862861 0.99609375
v 157.665270501 328.021654841 142.623973406 0.99609375
v 157.484364625 328.152191023 138.32130818 0.99609375
v 157.453854611 328.399559163 144.938246772 0.99609375
v 157.749664358 328.730038008 138.00218165 0.99609375
v 157.290528911 328.767775231 145.113668988 0.99609375
v 157.730111244 328.888266491 137.639650625 0.99609375
v 157.745501927 329.138636752 145.85253438 0.99609375
v 157.538859815 329.1076533 137.978626665 0.99609375
v 157.210327766 328.962728899 145.999988383 0.99609375
v 157.211626929 329.485245081 138.245117726 0.99609375
v 157.451999887 329.260563711 145.30606816 0.99609375
v 157.653556792 329.476514545 137.95022785 0.99609375
v 157.280797055 329.887512445 145.292557052 0.99609375
v 157.63771628 330.031619361 138.117252656 0.99609375
v 157.344708977 330.037535264 145.818643681 0.99609375
v 157.595130056 330.276887502 138.160437112 0.99609375
v 157.597615683 330.405546251 146.489817706 0.99609375
v 157.656426241 330.467472328 137.749416963 0.99609375
v 157.552983432 330.603138568 145.738242134 0.99609375
v 157.421001511 330.865267891 138.06402908 0.99609375
v 157.598049122 330.646107175 146.342946791 0.99609375
v 157.231818431 331.145607122 137.880211169 0.99609375
v 157.342462481 331.014459606 145.53993143 0.99609375
v 157.469782252 331.404880375 138.465567603 0.99609375
v 157.463856109 331.449423362 145.588726984 0.99609375
v 157.325094924 331.474096511 138.109359185 0.99609375
v 157.47648942 331.522549934 146.328352587 0.99609375
v 157.304046724 332.012201753 137.880243899 0.99609375
v 157.228392903 332.263618578 145.558600666 0.99609375
v 157.73251813 332.337331408 138.468638222 0.99609375
v 157.582952121 332.508949925 145.718239244 0.99609375
v 157.340335535 332.505579396 137.945980613 0.99609375
v 157.410108216 332.476683175 146.184745481 0.99609375
v 157.596009422 333.00806496 137.718235723 0.99609375
v 157.663662079 333.128833151 146.330286489 0.99609375
v 157.188155113 332.952240593 138.35420044 0.99609375
v 157.438746202 333.279861265 146.142468812 0.99609375
v 157.269479925 333.756464117 138.08351869 0.99609375
v 157.744421384 333.69006255 146.257463085 0.99609375
v 157.752756708 333.953850747 137.601632298 0.99609375
v 157.607161333 333.798636663 146.891066687 0.99609375
v 157.271328525 334.224251623 138.161611709 0.99609375
v 157.644958207 333.959883786 146.363797624 0.99609375
v 157.425036747 334.617393491 138.003291071 0.99609375
v 157.735255022 334.495652714 146.736465965 0.99609375
v 157.549961369 334.420857424 138.343954674 0.99609375
v 157.605248955 334.665571374 146.982181864 0.99609375
v 157.7025288 334.721147825 137.697584721 0.99609375
v 157.680207468 335.129916865 146.243766057 0.99609375
v 157.384395236 335.040961343 138.440712483 0.99609375
v 157.638408283 335.529564961 146.582388196 0.99609375
v 157.215076503 335.76708899 138.918788349 0.99609375
v 157.345772211 335.439413305 146.945346683 0.99609375
v 157.395304122 335.852919264 138.35615458 0.99609375
v 157.429869825 335.670324832 147.399269975 0.99609375
v 157.383599574 336.229768347 138.903606713 0.99609375
v 157.674046146 336.009143526 146.706437081 0.99609375
v 157.640755098 336.174260779 138.806831308 0.99609375
v 157.534520705 336.433169757 147.050916148 0.99609375
v 157.675333319 336.68904194 138.377601636 0.99609375
v 157.396742965 336.97440263 147.784168918 0.99609375
v 157.340378164 337.109192103 138.356251787 0.99609375
v 157.734564055 336.925108568 147.180679682 0.99609375
v 157.511201985 337.193884137 138.919538856 0.99609375
v 157.46652677 337.506879234 147.985096 0.99609375
v 157.390340476 337.790409935 138.56800793 0.99609375
v 157.324082411 337.587590282 147.136395977 0.99609375
v 157.43058341 337.639859911 138.383844432 0.99609375
v 157.206736826 338.136670007 148.21776888 0.99609375
v 157.697125951 337.872781995 138.084637722 0.99609375
v 157.260971135 337.878087155 148.288100118 0.99609375
v 157.532200776 338.350377929 138.233936345 0.99609375
v 157.205312684 338.459395208 148.360261854 0.99609375
v 157.180561745 338.606136304 138.095417715 0.99609375
v 157.225281851 338.454719934 148.143019875 0.99609375
v 157.288861911 339.299864583 138.571388588 0.99609375
v 157.498503558 338.813489901 148.068977226 0.99609375
v 157.576977694 339.497125703 139.348292161 0.99609375
v 157.628521841 339.169995963 148.821688354 0.99609375
v 157.55381254 339.840707068 138.658734194 0.99609375
v 157.296102932 339.427962476 148.276903916 0.99609375
v 157.414797826 339.978136396 139.18652852 0.99609375
v 157.620088827 339.942721591 148.155309443 0.99609375
v 157.31927447 340.271202537 138.729680602 0.99609375
v 157.503185387 340.057466174 148.021372303 0.99609375
v 157.720089768 340.421451509 138.969261605 0.99609375
v 157.224760491 340.555557986 148.240380185 0.99609375
v 157.374113611 340.498720597 138.578785385 0.99609375
v 157.734078749 340.492895743 148.684568257 0.99609375
v 157.203586907 340.758017592 139.305320291 0.99609375
v 157.32416605 340.949570924 148.661348485 0.99609375
v 157.718263152 341.139036647 139.247959041 0.99609375
v 157.640833553 341.192361104 148.301530918 0.99609375
v 157.18444487 341.371909941 139.774229319 0.99609375
v 157.602353035 341.536050154 148.212351934 0.99609375
v 157.298894214 341.666556194 139.232246895 0.99609375
v 157.303929357 341.637257199 148.923676362 0.99609375
v 157.267975425 342.402740232 139.216243759 0.99609375
v 157.527468899 342.280948037 149.043186476 0.99609375
v 157.631832358 342.262153912 139.223398555 0.99609375
v 157.342149444 342.506238975 149.193398863 0.99609375
v 157.638249248 342.782566061 139.834521957 0.99609375
v 157.318541748 342.577662641 149.326036547 0.99609375
v 157.287334418 343.068120604 139.936924896 0.99609375
v 157.51083354 343.020888387 149.101896066 0.99609375
v 157.660415114 343.432071027 139.04074737 0.99609375
v 157.438132197 343.525599755 149.156268055 0.99609375
v 157.38466906 343.672725674 139.009965565 0.99609375
v 157.387405309 343.815888392 149.020467025 0.99609375
v 157.559412303 343.98864023 139.147759223 0.99609375
v 157.698688871 343.899949599 149.093689558 0.99609375
v 157.662862134 344.345977006 139.11384859 0.99609375
v 157.36736786 344.146083672 148.863773583 0.99609375
v 157.665662229 344.600838123 139.131608968 0.99609375
v 157.625881447 344.725385339 149.467086176 0.99609375
v 157.520709947 345.041166745 139.9206365 0.99609375
v 157.586832476 344.781720012 148.779662101 0.99609375
v 157.261081361 344.904941193 139.038388572 0.99609375
v 157.491126431 345.121932449 149.251036314 0.99609375
v 157.56248872 345.638214818 139.078343832 0.99609375
v 157.743556837 345.604752162 148.573242991 0.99609375
v 157.611636563 345.81293933 139.547237337 0.99609375
v 157.492244089 345.67580027 148.651791203 0.99609375
v 157.640995175 346.196816258 139.255232069 0.99609375
v 157.569940645 346.188333942 149.442762863 0.99609375
v 157.66870194 346.365749303 139.49360693 0.99609375
v 157.494662545 346.540256264 148.781466707 0.99609375
v 157.5505825 346.530982553 139.785610287 0.99609375
v 157.495377722 346.78625658 149.443969011 0.99609375
v 157.210112929 347.114096327 139.690734544 0.99609375
v 157.494230661 347.102758267 148.876939317 0.99609375
v 157.734708843 347.303105553 139.983646305 0.99609375
v 157.474847194 347.412235776 149.09187369 0.99609375
v 157.683935406 347.376781965 139.487983872 0.99609375
v 157.575488165 347.525137503 148.741916553 0.99609375
v 157.253201375 347.917670999 139.811237102 0.99609375
v 157.568156123 347.558395516 148.807081626 0.99609375
v 157.332752295 347.916511739 139.461541711 0.99609375
v 157.715226281 348.071763937 148.975142661 0.99609375
v 157.425755143 348.340412948 139.02238673 0.99609375
v 157.707179058 348.233482446 149.263957946 0.99609375
v 157.625232403 348.869632111 139.358562287 0.99609375
v 157.736191716 348.585464907 149.710638279 0.99609375
v 157.678637311 349.030840591 139.07347131 0.99609375
v 157.351406305 349.142314058 149.775597915 0.99609375
v 157.333637631 349.005915515 139.639692865 0.99609375
v 157.6047046 348.874588568 149.012865121 0.99609375
v 157.589387548 349.717546031 139.204198463 0.99609375
v 157.304013508 349.508501282 149.857323077 0.99609375
v 157.631379054 349.742076589 139.815639777 0.99609375
v 157.478527793 349.649964648 149.027947526 0.99609375
v 157.570657251 349.876005064 139.893693208 0.99609375
v 157.631001502 350.078464493 149.677307237 0.99609375
v 157.268960998 350.598196965 139.842084886 0.99609375
v 157.216537939 350.574984001 149.248921309 0.99609375
v 157.740316376 350.703195513 139.136012041 0.99609375
v 157.708813971 350.794020671 149.555135453 0.99609375
v 157.409908552 350.788244979 139.204193529 0.99609375
v 157.612067357 350.679443797 149.454656815 0.99609375
v 157.546189611 351.007999728 140.063818086 0.99609375
v 157.562012012 350.919187609 149.976035663 0.99609375
v 157.399991984 351.653072812 141.087403181 0.99609375
v 157.372963928 351.381106675 149.517239484 0.99609375
v 157.549703656 352.022937376 142.475484349 0.99609375
v 157.27355047 351.851596354 150.3530535 0.99609375
v 157.557327809 352.08642465 143.426809136 0.99609375
v 157.454468207 352.027948161 150.247904244 0.99609375
v 157.574139702 352.242134422 144.329985546 0.99609375
v 157.535427651 352.623017154 149.848899501 0.99609375
v 157.277849374 352.895801762 144.912469935 0.99609375
v 157.446914921 352.492993868 150.074047365 0.99609375
v 157.6210944 352.898119731 145.826414011 0.99609375
v 157.698410933 352.92978838 149.631642494 0.99609375
v 157.6125575 352.983464852 146.362318448 0.99609375
v 157.369368792 353.207538084 149.899382609 0.99609375
v 157.479081573 353.711081293 146.571884773 0.99609375
v 157.530629779 353.325367431 150.109154935 0.99609375
v 157.370415318 353.741754143 147.152312957 0.99609375
v 157.383654427 353.940036524 150.156999953 0.99609375
v 157.222245487 353.802327138 147.954617303 0.99609375
v 157.30642761 354.02156034 150.73148201 0.99609375
v 157.27741612 354.417694123 148.284686583 0.99609375
v 157.679376027 354.413542782 150.885506574 0.99609375
v 157.706196973 354.789216028 149.61738535 0.99609375
v 157.629780021 354.871861063 150.091904674 0.99609375
v 157.654744999 355.180809615 149.521885038 0.99609375
v 157.439027377 355.157257243 150.125179083 0.99609375
v 157.611936221 327.626934676 137.554228615 0.99609375
v 157.872489122 327.323804036 138.731604984 0.99609375
v 157.912292976 327.945969966 138.325074341 0.99609375
v 157.8230649 327.707307325 141.157635344 0.99609375
v 157.613312848 327.979049748 138.010025073 0.99609375
v 157.472173875 327.789483979 142.717507957 0.99609375
v 157.60020003 328.004265364 138.455705157 0.99609375
v 157.904784091 328.463171874 144.918285739 0.99609375
v 157.567046355 328.403982802 138.012827295 0.99609375
v 157.723172177 328.361737919 145.843429993 0.99609375
v 158.001648552 328.796180481 137.719019906 0.99609375
v 157.587764706 329.113054461 145.382487545 0.99609375
v 157.86777212 329.217694225 138.48592752 0.99609375
v 157.938501032 328.905111643 145.828612501 0.99609375
v 157.532014997 329.645653722 138.39621876 0.99609375
v 157.684060993 329.653201207 145.566176455 0.99609375
v 157.77345806 329.89650635 137.656215496 0.99609375
v 157.841275296 329.822895226 145.270517583 0.99609375
v 157.701379925 330.268533482 138.115016701 0.99609375
v 158.049775532 329.926403745 145.193759315 0.99609375
v 157.865555942 330.31279393 138.462522738 0.99609375
v 157.576185133 330.033946198 145.871280413 0.99609375
v 157.508150324 330.523874601 138.285637729 0.99609375
v 157.724636824 330.392759638 146.1818076 0.99609375
v 157.576900424 331.143036302 137.933610714 0.99609375
v 158.027191867 330.711955666 146.465151199 0.99609375
v 157.840409262 331.163682773 138.117790824 0.99609375
v 157.716622984 330.893600472 145.978294758 0.99609375
v 157.819800256 331.421252998 138.22140452 0.99609375
v 157.84907392 331.350394462 145.898104094 0.99609375
v 158.023420936 332.040524442 138.34942697 0.99609375
v 157.836941383 331.645471087 145.689453927 0.99609375
v 157.795460315 331.876044735 138.205230968 0.99609375
v 157.77133154 332.027752572 146.051257324 0.99609375
v 157.976602181 332.455107719 137.955577348 0.99609375
v 157.600440891 332.320187291 145.650125548 0.99609375
v 157.854206993 332.865617922 138.160953325 0.99609375
v 157.660472349 332.718011665 145.578004945 0.99609375
v 157.611537855 332.951509788 137.757740149 0.99609375
v 157.716433627 332.85843533 146.480364648 0.99609375
v 157.81453098 333.314958069 138.99930457 0.99609375
v 158.031400102 332.997776214 146.232707706 0.99609375
v 157.65115816 333.347499536 138.699774519 0.99609375
v 158.03928468 333.506823577 146.635093526 0.99609375
v 157.690469135 333.870999321 138.006584911 0.99609375
v 157.644431763 333.624105211 146.365797528 0.99609375
v 157.79483753 334.088244193 138.428597378 0.99609375
v 157.592596234 333.996973219 146.395489566 0.99609375
v 157.811652041 334.400000603 138.78656248 0.99609375
v 157.688425503 334.356389229 146.202190333 0.99609375
v 158.030590108 334.396398502 138.078429276 0.99609375
v 157.584353723 334.904780178 146.160407362 0.99609375
v 157.473016318 334.929012766 138.278978463 0.99609375
v 157.778138614 335.052455313 146.646800431 0.99609375
v 157.7809455 335.244374223 138.495255508 0.99609375
v 157.941430072 335.450581927 146.00219599 0.99609375
v 157.577825995 335.662877602 138.688987521 0.99609375
v 157.630481408 335.302728322 147.055329607 0.99609375
v 157.565464895 336.027525582 138.283855367 0.99609375
v 157.595230733 335.959987369 147.196939396 0.99609375
v 157.963224826 335.898527473 138.971051495 0.99609375
v 157.90456465 336.027221857 147.40399971 0.99609375
v 157.640153345 336.59371693 138.217675483 0.99609375
v 157.92933029 336.245183988 147.045614712 0.99609375
v 157.471199425 336.889134609 138.047236077 0.99609375
v 157.670760035 336.745266719 147.716783948 0.99609375
v 157.775640683 336.789972329 138.87656362 0.99609375
v 158.035636452 336.774269569 147.421111324 0.99609375
v 157.509431472 337.451405445 138.671202211 0.99609375
v 157.778596267 337.119783802 147.255380241 0.99609375
v 158.012680875 337.660419605 138.571771151 0.99609375
v 157.631764519 337.406601055 147.175019432 0.99609375
v 157.556100349 337.611551254 138.96779941 0.99609375
v 157.866186999 337.563303618 147.797363182 0.99609375
v 157.605092126 337.886685379 139.096551214 0.99609375
v 157.811321599 338.063883001 148.471370677 0.99609375
v 157.754564681 338.217337473 139.465031698 0.99609375
v 157.773890019 338.167970585 148.195782537 0.99609375
v 157.930138292 339.002960421 138.926613182 0.99609375
v 158.044457803 338.795428316 147.839241658 0.99609375
v 157.658733421 339.288325658 139.473687212 0.99609375
v 157.478577704 338.928627022 147.600514116 0.99609375
v 157.488736737 339.584836222 138.740486186 0.99609375
v 157.835057756 339.129493303 148.340907974 0.99609375
v 157.70420415 339.320741692 138.623700031 0.99609375
v 157.771738181 339.307847642 148.445219548 0.99609375
v 157.654760254 339.937075904 139.195016871 0.99609375
v 157.829621813 339.73246311 148.006766256 0.99609375
v 157.608656528 340.257813506 138.977695849 0.99609375
v 157.996209514 340.242611699 148.161196591 0.99609375
v 157.829521744 340.533068201 138.781299512 0.99609375
v 157.924701825 340.368752889 148.754755203 0.99609375
v 157.835671516 340.788574081 138.891864128 0.99609375
v 157.812105307 340.866196099 148.313206081 0.99609375
v 157.549357862 340.862752764 138.908447188 0.99609375
v 157.667899253 341.261502212 148.848189782 0.99609375
v 157.772226984 341.464749448 139.323807778 0.99609375
v 157.559685883 341.506231585 148.911521619 0.99609375
v 157.96363259 341.336634071 139.470092919 0.99609375
v 157.803083971 341.424134534 148.991972562 0.99609375
v 157.500211117 341.626077553 139.439896549 0.99609375
v 158.007637989 342.150231163 148.18112844 0.99609375
v 157.531881511 341.920588346 139.504147214 0.99609375
v 157.505181359 342.107890418 148.534547295 0.99609375
v 157.761303854 342.325829427 139.761693406 0.99609375
v 157.809651533 342.749718631 149.182318127 0.99609375
v 157.522856364 342.578605379 139.483624178 0.99609375
v 157.550344134 342.512797619 149.100262408 0.99609375
v 157.75953834 343.251868096 139.482995526 0.99609375
v 157.56844039 343.180929397 148.635970482 0.99609375
v 157.925955169 343.228159461 139.899401596 0.99609375
v 157.999212973 343.500506678 149.181354494 0.99609375
v 157.912987127 343.90356356 139.674955956 0.99609375
v 157.920528016 343.570530102 149.453322003 0.99609375
v 157.948496532 344.188371742 139.267763537 0.99609375
v 157.502920996 343.821680685 148.913644922 0.99609375
v 157.786813328 344.238768899 139.677818923 0.99609375
v 157.479207266 344.149348081 148.715712305 0.99609375
v 157.954332857 344.440747318 139.932858332 0.99609375
v 157.631329244 344.740583919 148.846039051 0.99609375
v 157.97090885 345.039676585 139.417330373 0.99609375
v 157.900725431 344.920817814 149.339122033 0.99609375
v 157.861064811 344.935494817 139.780322873 0.99609375
v 157.746190069 345.051922417 148.602546588 0.99609375
v 157.843761083 345.313020637 139.169883498 0.99609375
v 157.562673447 345.423377453 148.774590378 0.99609375
v 157.853488079 345.406889769 139.299620228 0.99609375
v 157.984804107 345.642718847 148.609085663 0.99609375
v 157.594038142 346.046584991 139.419122705 0.99609375
v 157.518178083 346.153999078 149.300308435 0.99609375
v 157.587002697 346.291663891 139.268111482 0.99609375
v 157.741543759 346.046556849 149.495048349 0.99609375
v 157.706163529 346.680741429 139.12079649 0.99609375
v 158.01854571 346.502812828 149.416018713 0.99609375
v 157.641973546 347.036842331 139.420208694 0.99609375
v 157.706863908 346.942049723 149.145118387 0.99609375
v 157.596457248 347.061162775 139.542428425 0.99609375
v 157.582352491 347.18743259 148.609868424 0.99609375
v 157.898011156 347.16764828 139.510466446 0.99609375
v 157.841539708 347.500678439 149.499154662 0.99609375
v 157.910898186 347.730573023 139.375734622 0.99609375
v 157.928005575 347.827796056 149.317210246 0.99609375
v 157.979261884 348.026612534 139.89048174 0.99609375
v 157.675197397 347.886066635 149.320537963 0.99609375
v 157.877849136 348.440983515 139.322539467 0.99609375
v 157.910050338 348.44902352 148.696126985 0.99609375
v 157.797617861 348.714153543 139.714920706 0.99609375
v 157.753965591 348.644687404 149.812062271 0.99609375
v 157.811253558 348.5973709 139.815597778 0.99609375
v 158.04456063 349.120658286 149.051431162 0.99609375
v 157.924684249 349.430373803 139.344149275 0.99609375
v 157.50276464 348.893692676 149.828403074 0.99609375
v 157.603817136 349.211971486 139.084041018 0.99609375
v 157.675360014 349.649010146 149.181630832 0.99609375
v 158.006332988 349.467485422 139.79277426 0.99609375
v 157.881185093 349.547599322 149.072724079 0.99609375
v 157.793928099 349.876045311 139.567150062 0.99609375
v 157.471118005 350.239539585 149.891975746 0.99609375
v 157.647780405 350.25786093 139.806773809 0.99609375
v 157.506714939 350.108689196 149.105817715 0.99609375
v 157.519555682 350.774598108 139.564925164 0.99609375
v 157.736050185 350.765666354 149.657659371 0.99609375
v 157.773223376 350.875442848 139.089725907 0.99609375
v 157.806063989 351.030835718 149.329205611 0.99609375
v 157.710033066 351.431321227 140.482021329 0.99609375
v 157.574035937 351.349951434 149.692711216 0.99609375
v 157.787268101 351.236232948 141.13468188 0.99609375
v 157.974953777 351.353515083 149.249253149 0.99609375
v 157.522048367 351.738924677 141.865525251 0.99609375
v 157.492614194 351.64847025 149.101494486 0.99609375
v 157.98858055 352.004490525 143.25661881 0.99609375
v 157.720607822 352.328704888 149.912121946 0.99609375
v 157.58323509 352.267719321 143.991389805 0.99609375
v 157.893244758 352.118061175 150.261268342 0.99609375
v 157.626217843 352.827788229 144.339091889 0.99609375
v 157.868043531 352.520214879 149.512176921 0.99609375
v 157.963085536 352.819508034 145.949774226 0.99609375
v 157.958447109 353.061039823 150.181386311 0.99609375
v 157.615966539 353.05773478 145.653837904 0.99609375
v 158.011279218 353.472350496 150.379083789 0.99609375
v 157.747667977 353.689575796 147.467093835 0.99609375
v 157.736062754 353.581844018 149.606740125 0.99609375
v 157.829957743 353.703877036 147.831346339 0.99609375
v 157.655456179 353.741930245 150.242168881 0.99609375
v 157.683848856 353.835868311 148.33296653 0.99609375
v 157.997564673 354.191563076 150.229506779 0.99609375
v 157.995885617 354.499550465 148.042039347 0.99609375
v 158.003795956 354.256474247 150.83779039 0.99609375
v 157.865679984 354.59732943 149.268887181 0.99609375
v 157.740259276 354.918047994 150.691460784 0.99609375
v 157.747495711 354.785200073 150.049080552 0.99609375
v 157.757077024 355.473127665 150.171237473 0.99609375
v 158.155036637 327.228989703 138.508393804 0.99609375
v 158.307159743 327.842380981 138.360942422 0.99609375
v 158.048608277 327.889042312 140.714227132 0.99609375
v 157.794993232 327.737930587 138.440625499 0.99609375
v 157.925485997 327.95340657 142.59099552 0.99609375
v 157.886221989 328.315766094 138.386272348 0.99609375
v 158.043605301 328.467691273 144.994363197 0.99609375
v 158.054844516 328.60129941 138.562205114 0.99609375
v 158.271741455 328.528159761 145.335993046 0.99609375
v 158.198369877 329.042887059 138.324767898 0.99609375
v 158.209313835 328.868587215 145.592556785 0.99609375
v 158.141277805 329.301553686 138.756446162 0.99609375
v 157.805007832 329.342550539 145.300229192 0.99609375
v 157.930274947 329.253167783 138.413384624 0.99609375
v 157.814966177 329.424618491 145.645568039 0.99609375
v 158.234385112 329.99473542 138.858551182 0.99609375
v 157.974905398 329.535229157 145.02598628 0.99609375
v 157.853009295 330.287410079 138.290265279 0.99609375
v 158.246702147 330.205603828 145.466070022 0.99609375
v 158.282660234 330.284451629 138.890380559 0.99609375
v 158.334544162 330.077104216 145.252879442 0.99609375
v 158.305689984 330.565798648 138.88101511 0.99609375
v 158.132916067 330.440399695 145.17080577 0.99609375
v 158.266119933 330.681953005 138.657995012 0.99609375
v 158.079257292 330.768626255 145.802011942 0.99609375
v 158.331664092 331.06826585 138.73398068 0.99609375
v 158.072217182 331.176878908 145.92502677 0.99609375
v 157.93027623 331.37940828 138.110057462 0.99609375
v 157.86334993 331.232975018 145.781198492 0.99609375
v 157.929777203 331.933919506 138.193640544 0.99609375
v 158.208325888 331.771871423 146.113689603 0.99609375
v 158.160900016 332.006172866 138.737342818 0.99609375
v 157.890240298 331.980529537 146.328080716 0.99609375
v 158.20782665 332.247084786 138.81025944 0.99609375
v 157.897344279 332.607064967 146.284831606 0.99609375
v 158.253529102 332.503330917 138.10958448 0.99609375
v 158.113804106 332.594557621 145.924252405 0.99609375
v 157.933924383 332.997057423 138.576198968 0.99609375
v 157.932502889 333.087525451 145.729342153 0.99609375
v 157.808604959 333.476529744 138.307813216 0.99609375
v 157.833198289 332.983072699 146.448472694 0.99609375
v 158.125045116 333.290227933 138.743208134 0.99609375
v 158.033277003 333.211698952 146.816612907 0.99609375
v 158.135109209 333.840098232 138.447240832 0.99609375
v 157.925281869 333.599370451 146.664102327 0.99609375
v 158.11518496 334.219338944 138.320440676 0.99609375
v 157.763284789 334.194413796 146.424201902 0.99609375
v 157.998336584 334.385765682 138.345663833 0.99609375
v 157.768593647 334.266638597 146.289742609 0.99609375
v 158.329748999 334.404893463 138.664206669 0.99609375
v 158.062661877 334.398504669 146.681456517 0.99609375
v 158.21698944 334.864117791 138.651066933 0.99609375
v 157.911163637 334.882589531 146.716053766 0.99609375
v 157.809459112 335.06561605 138.024791782 0.99609375
v 158.010422672 335.215316533 146.684610219 0.99609375
v 158.141073063 335.796296461 138.724281645 0.99609375
v 158.087483169 335.509155654 146.815453177 0.99609375
v 157.911042623 335.921172967 138.933676572 0.99609375
v 157.850225883 335.983243168 146.566163642 0.99609375
v 158.065202052 335.822354532 138.569983047 0.99609375
v 157.90030941 336.128570166 146.618892049 0.99609375
v 158.220550612 336.51744416 139.021602756 0.99609375
v 157.762164806 336.19665845 147.363588697 0.99609375
v 158.151966368 336.840264676 138.936528276 0.99609375
v 158.317287756 336.632979615 147.379345317 0.99609375
v 157.912027402 336.908280428 139.316620048 0.99609375
v 158.31607237 336.750685735 147.163059655 0.99609375
v 158.111114215 337.139110981 139.031469987 0.99609375
v 158.286839849 337.216493997 147.612126416 0.99609375
v 157.844046705 337.663025578 138.634905895 0.99609375
v 158.170670938 337.841085273 147.567543412 0.99609375
v 157.871369192 337.926042514 138.620411888 0.99609375
v 158.052908019 337.765809726 148.28156751 0.99609375
v 158.129881365 337.931041461 138.819662553 0.99609375
v 158.175147923 338.316127112 147.623145567 0.99609375
v 157.987174966 338.359907858 139.38930406 0.99609375
v 158.205551232 338.472405205 148.014491626 0.99609375
v 157.762021075 338.875816584 138.733924568 0.99609375
v 158.282370945 338.762242031 147.629638446 0.99609375
v 158.233289571 339.125035096 139.23005422 0.99609375
v 158.025474168 339.276032826 147.540248458 0.99609375
v 158.306842763 339.403785607 138.903659492 0.99609375
v 158.32462112 339.373662554 148.505804655 0.99609375
v 158.080131629 339.490079542 138.675906463 0.99609375
v 158.3166428 339.577957287 148.093783328 0.99609375
v 158.199545048 340.072674741 139.417743821 0.99609375
v 157.810034408 339.665240153 148.17744771 0.99609375
v 158.27166787 340.062653682 138.745493727 0.99609375
v 158.041927929 340.091942029 148.388700947 0.99609375
v 158.236843541 340.17764857 139.89898581 0.99609375
v 158.044297453 340.261086533 148.250605453 0.99609375
v 158.160151073 340.755397589 139.626797364 0.99609375
v 158.180828025 340.917416912 148.718567817 0.99609375
v 158.009104073 341.02972006 139.210395958 0.99609375
v 157.921073935 340.998295408 148.89957717 0.99609375
v 158.084455364 341.062546894 139.910003266 0.99609375
v 158.024685076 341.57213826 148.911144139 0.99609375
v 158.240709058 341.764372904 139.357460685 0.99609375
v 158.205021231 341.839431046 148.678112778 0.99609375
v 158.090693801 341.798281669 139.013866369 0.99609375
v 158.245083618 341.662577892 148.113548085 0.99609375
v 157.868530349 342.418206676 139.528751481 0.99609375
v 158.019175889 342.302516128 148.252345962 0.99609375
v 158.043345111 342.503871324 139.502402059 0.99609375
v 158.196654441 342.651266398 148.858299288 0.99609375
v 158.204162178 342.531179166 139.208665789 0.99609375
v 157.98353197 342.715228063 148.281464539 0.99609375
v 158.010173635 342.957681167 139.987376684 0.99609375
v 157.910943985 342.84930031 148.576878918 0.99609375
v 158.253836064 343.509495151 139.951995055 0.99609375
v 157.863484231 343.649996115 148.732849863 0.99609375
v 157.902184198 343.406913167 139.234507747 0.99609375
v 158.101320319 343.584403188 149.051584223 0.99609375
v 158.102167937 344.039995855 139.101202581 0.99609375
v 157.819341988 343.892831009 148.838253353 0.99609375
v 158.186045665 344.321754298 139.441953374 0.99609375
v 158.121073526 343.968450636 148.818403817 0.99609375
v 157.768696517 344.775270004 139.718422198 0.99609375
v 158.150887343 344.759204016 148.834911075 0.99609375
v 157.911132813 344.674814116 139.280848672 0.99609375
v 158.203367549 344.967107093 149.452051423 0.99609375
v 158.139049971 345.186285111 139.420912818 0.99609375
v 158.175287405 345.259893612 149.073189829 0.99609375
v 157.955619745 345.109370489 139.441748255 0.99609375
v 158.009461641 345.517959632 149.305807441 0.99609375
v 158.053690546 345.540709926 139.51982228 0.99609375
v 157.972904583 345.896656018 148.838710918 0.99609375
v 157.848847698 345.762856419 139.494658449 0.99609375
v 158.258416333 346.182198667 148.899900641 0.99609375
v 157.899230024 346.008254521 139.050902168 0.99609375
v 157.986621335 346.448483452 149.177120339 0.99609375
v 158.330625569 346.501533425 139.654516869 0.99609375
v 158.047403056 346.50222879 149.337112149 0.99609375
v 158.149140929 347.084098787 139.864422507 0.99609375
v 157.979347627 346.629665571 148.670097693 0.99609375
v 158.079809023 347.08834851 139.431875573 0.99609375
v 158.311391579 347.39686626 149.070325275 0.99609375
v 157.954920969 347.13346966 139.96905544 0.99609375
v 157.860987157 347.642086549 148.572008615 0.99609375
v 158.083861698 347.883048034 139.497812064 0.99609375
v 158.301779052 347.595470402 149.297182775 0.99609375
v 157.948887547 347.927456063 139.280956845 0.99609375
v 158.274490504 347.982425255 149.199056666 0.99609375
v 157.847082709 348.136643592 139.665402414 0.99609375
v 157.969739091 348.393391175 149.246729397 0.99609375
v 158.156199554 348.561672752 139.169106826 0.99609375
v 158.313105136 348.458649825 149.977687511 0.99609375
v 158.110511353 349.024875612 139.544149982 0.99609375
v 158.276186781 348.996708237 149.490765692 0.99609375
v 158.249676213 349.064039785 139.920916154 0.99609375
v 157.896945443 349.279617023 149.716270155 0.99609375
v 158.315364141 349.422426295 139.120199877 0.99609375
v 158.152497527 349.415055375 149.145458262 0.99609375
v 158.110831131 349.553744466 139.065036284 0.99609375
v 157.827967143 349.923242687 149.236550552 0.99609375
v 158.303592677 349.865519348 139.257489304 0.99609375
v 158.125698387 349.747088786 149.363346145 0.99609375
v 157.788244635 350.20421014 139.545010678 0.99609375
v 158.044609278 350.033993216 149.565216698 0.99609375
v 158.012202626 350.712043052 139.544914685 0.99609375
v 158.205466947 350.668169248 149.024144089 0.99609375
v 158.070389515 350.758108099 139.497756253 0.99609375
v 157.851114508 350.733502481 149.707762789 0.99609375
v 157.776968445 351.305638534 140.05279322 0.99609375
v 157.923196191 351.302801522 149.123011379 0.99609375
v 157.973672449 351.495893664 140.59252443 0.99609375
v 157.921033473 351.487759475 149.525781544 0.99609375
v 157.902073194 351.871752808 141.748196072 0.99609375
v 158.037343061 352.053888122 149.227459457 0.99609375
v 157.889873201 352.316950603 143.452785255 0.99609375
v 158.17708646 352.101935371 149.611013263 0.99609375
v 157.834110041 352.462718247 143.754228816 0.99609375
v 158.12747352 352.23680431 150.489248268 0.99609375
v 157.934138705 352.458845138 144.338489944 0.99609375
v 158.045096251 352.791814273 150.445235312 0.99609375
v 158.203714137 352.659802281 145.426886147 0.99609375
v 157.907279098 352.916107641 149.743415847 0.99609375
v 158.106866901 353.052411636 145.8994807 0.99609375
v 158.198350261 352.978409461 149.937464142 0.99609375
v 157.840570144 353.427419478 147.072478531 0.99609375
v 158.313038645 353.768446256 149.641573177 0.99609375
v 158.1971157 353.812627636 147.373784948 0.99609375
v 157.866641406 353.513432798 150.077393596 0.99609375
v 158.059496849 354.054169135 147.55585694 0.99609375
v 158.083189934 354.290504824 149.818002965 0.99609375
v 158.136295348 354.398826431 148.432427072 0.99609375
v 158.128654203 354.460466011 150.842904435 0.99609375
v 157.763158723 354.634450249 149.098839186 0.99609375
v 158.121918189 354.45872402 150.714199004 0.99609375
v 158.190806794 355.13397594 149.786538559 0.99609375
v 157.916206519 355.067114157 150.796153108 0.99609375
v 158.525629141 327.174169339 138.018095602 0.99609375
v 158.44539422 327.882837353 138.628387941 0.99609375
v 158.407710535 327.861870785 140.828943517 0.99609375
v 158.155398281 327.977503858 138.311309956 0.99609375
v 158.251812064 327.932428946 142.106257924 0.99609375
v 158.155671255 328.351841883 138.642395725 0.99609375
v 158.164093846 328.449771947 144.483364473 0.99609375
v 158.465364865 328.585539149 138.165248031 0.99609375
v 158.21573759 328.700536558 145.218493668 0.99609375
v 158.105778413 329.142071857 138.419593088 0.99609375
v 158.180922453 328.771798534 145.553409578 0.99609375
v 158.299135065 328.972684017 138.194469171 0.99609375
v 158.539061914 329.093020373 145.733933981 0.99609375
v 158.255157923 329.688782316 138.021791031 0.99609375
v 158.108966553 329.374899409 145.489367982 0.99609375
v 158.571232915 329.566077175 138.308792574 0.99609375
v 158.307324868 329.572337833 145.764441374 0.99609375
v 158.429820114 330.267395255 138.913958068 0.99609375
v 158.111869205 329.777831364 145.047336115 0.99609375
v 158.523345452 330.472866658 138.547009528 0.99609375
v 158.402843953 330.501252468 145.615787773 0.99609375
v 158.315802888 330.445312864 139.009114571 0.99609375
v 158.54049628 330.774852609 145.947112394 0.99609375
v 158.285770914 330.706608336 139.482241468 0.99609375
v 158.583942432 330.661449853 145.989193496 0.99609375
v 158.491478279 331.016434342 138.519349511 0.99609375
v 158.293269128 331.045603673 145.435670338 0.99609375
v 158.603470098 331.244313215 139.252432222 0.99609375
v 158.285236888 331.754575805 146.058065148 0.99609375
v 158.61502601 331.813477308 139.453258173 0.99609375
v 158.434694001 331.950714006 145.529954775 0.99609375
v 158.533687296 332.264871744 139.317623341 0.99609375
v 158.342923932 331.836456487 145.99958604 0.99609375
v 158.565893416 332.191361107 138.607383458 0.99609375
v 158.353742055 332.32361983 146.104838967 0.99609375
v 158.52032097 332.453286752 138.598666398 0.99609375
v 158.511815207 332.451706151 146.320139975 0.99609375
v 158.164857764 332.685898938 138.741822218 0.99609375
v 158.218709397 332.885056943 146.376450396 0.99609375
v 158.436709342 332.961705723 138.8178484 0.99609375
v 158.39402893 333.068666908 146.43052349 0.99609375
v 158.433171147 333.711920526 138.944736299 0.99609375
v 158.349264672 333.242711319 145.91253111 0.99609375
v 158.275322664 333.679535301 138.685324846 0.99609375
v 158.614709406 334.040255517 146.240663601 0.99609375
v 158.487201647 334.024599535 139.417903115 0.99609375
v 158.089843514 334.271550282 146.97112679 0.99609375
v 158.57256174 334.442509565 139.095539339 0.99609375
v 158.261113053 334.607606173 146.140160872 0.99609375
v 158.587077119 334.704779845 138.648923774 0.99609375
v 158.064755099 334.471855733 146.782526173 0.99609375
v 158.519834955 334.77626838 139.229803531 0.99609375
v 158.190027844 335.22332422 146.874167286 0.99609375
v 158.191460863 334.994743312 139.449758685 0.99609375
v 158.45881787 335.262555002 146.501614623 0.99609375
v 158.416497493 335.67356559 138.765985666 0.99609375
v 158.219356544 335.411364734 146.7342553 0.99609375
v 158.165786062 335.96828788 138.768983462 0.99609375
v 158.256742592 335.943953179 147.11142108 0.99609375
v 158.135938044 336.172928963 138.792907155 0.99609375
v 158.432193788 336.00813512 146.97592757 0.99609375
v 158.319782152 336.22774285 139.10107154 0.99609375
v 158.240792293 336.18339927 147.278135076 0.99609375
v 158.167862162 336.894849453 139.150171447 0.99609375
v 158.339501773 336.971381232 146.77905985 0.99609375
v 158.509419637 336.861154388 138.635524763 0.99609375
v 158.137713972 337.08855946 147.849073683 0.99609375
v 158.541536489 337.463239604 139.286684037 0.99609375
v 158.431700866 337.359616901 147.202022704 0.99609375
v 158.212497423 337.498699297 139.381610188 0.99609375
v 158.314932436 337.551148974 147.235803209 0.99609375
v 158.612164503 337.932049163 138.789086704 0.99609375
v 158.335769327 338.013964352 147.637812198 0.99609375
v 158.382280031 338.178217094 139.860397937 0.99609375
v 158.558145424 338.194335157 147.937647022 0.99609375
v 158.108394272 338.479903207 139.060039715 0.99609375
v 158.593744681 338.249061108 147.56689855 0.99609375
v 158.282393869 338.65143171 139.720871137 0.99609375
v 158.536861889 338.792678236 148.153115109 0.99609375
v 158.083752029 338.827566464 139.3012863 0.99609375
v 158.233957372 338.986154932 148.047142999 0.99609375
v 158.165465259 339.178371661 139.427803252 0.99609375
v 158.524980536 339.522683636 148.912953052 0.99609375
v 158.463711796 339.801139574 139.976147578 0.99609375
v 158.221590301 339.45388246 148.640002823 0.99609375
v 158.502909942 339.810859832 139.479281166 0.99609375
v 158.222252339 340.053498325 148.291232743 0.99609375
v 158.329204925 340.047304938 139.118916086 0.99609375
v 158.050665511 340.385586716 148.598768485 0.99609375
v 158.091238113 340.417034876 139.491132204 0.99609375
v 158.471770887 340.484205928 148.229499638 0.99609375
v 158.347143525 340.755661772 139.20665244 0.99609375
v 158.423561762 340.691118407 148.988053767 0.99609375
v 158.2047243 340.875870205 139.030202552 0.99609375
v 158.106378427 341.127112309 148.615272532 0.99609375
v 158.102482795 341.366849139 139.34790055 0.99609375
v 158.215205168 341.176119938 148.839030727 0.99609375
v 158.362177578 341.535637333 139.325505806 0.99609375
v 158.469604993 341.489850694 148.759636321 0.99609375
v 158.222424871 342.002887899 139.338376442 0.99609375
v 158.20809471 341.742319262 148.698398004 0.99609375
v 158.392286624 342.035636357 139.200279428 0.99609375
v 158.354274801 342.423185396 148.043392742 0.99609375
v 158.398560011 342.332185855 139.472542915 0.99609375
v 158.341745149 342.483549231 148.017299988 0.99609375
v 158.334453566 342.844345698 139.896306352 0.99609375
v 158.305754278 342.71229182 148.658588282 0.99609375
v 158.070392281 343.235648732 139.722213416 0.99609375
v 158.383575885 342.934402759 148.555158411 0.99609375
v 158.383018203 343.362469947 139.502591339 0.99609375
v 158.351354735 343.121511624 148.004466831 0.99609375
v 158.155924298 343.589466058 139.308430414 0.99609375
v 158.075914639 343.469140643 148.90550621 0.99609375
v 158.133558624 344.159868131 139.965396403 0.99609375
v 158.461326252 343.826853731 148.904110899 0.99609375
v 158.578260499 344.312539263 139.783889666 0.99609375
v 158.348746433 344.252060313 148.86224803 0.99609375
v 158.464883783 344.419338879 139.291495865 0.99609375
v 158.415595163 344.722179098 148.966472117 0.99609375
v 158.350910304 344.773622647 139.396991508 0.99609375
v 158.197029248 344.633880117 149.492845668 0.99609375
v 158.252103457 345.088883203 139.619760623 0.99609375
v 158.103892924 344.866479019 148.71625247 0.99609375
v 158.268539598 345.329446887 139.053492876 0.99609375
v 158.159611 345.155591679 149.471282828 0.99609375
v 158.517806055 345.449504635 139.342498727 0.99609375
v 158.461241637 345.504873932 148.708141085 0.99609375
v 158.179313187 346.13803887 139.071919137 0.99609375
v 158.489229668 345.68059699 148.728819235 0.99609375
v 158.611596522 346.091550952 139.001863106 0.99609375
v 158.54563857 346.396951405 148.907139697 0.99609375
v 158.257964522 346.508692473 139.985628943 0.99609375
v 158.568036044 346.534191864 149.277166356 0.99609375
v 158.170590247 347.037576656 139.788237659 0.99609375
v 158.537401182 346.61028946 149.038648779 0.99609375
v 158.28347998 347.331002396 139.09567276 0.99609375
v 158.405671481 347.176283253 148.874512305 0.99609375
v 158.154534307 347.164309937 139.785019044 0.99609375
v 158.504880553 347.159159405 148.706343357 0.99609375
v 158.51935577 347.808649944 139.879812633 0.99609375
v 158.52188368 347.423791273 148.820999069 0.99609375
v 158.342065064 348.244200282 139.458444185 0.99609375
v 158.234816756 347.941169238 149.091946967 0.99609375
v 158.392229155 348.425973929 139.83542744 0.99609375
v 158.577408703 348.093137456 149.084356074 0.99609375
v 158.345646128 348.689887619 139.143501756 0.99609375
v 158.451357026 348.60828053 149.345612711 0.99609375
v 158.43415344 348.758565601 139.451862824 0.99609375
v 158.476804362 348.626088033 149.875956725 0.99609375
v 158.286677193 349.071419491 139.636111795 0.99609375
v 158.342888704 349.303731934 149.763698467 0.99609375
v 158.22731783 349.632593437 139.934553969 0.99609375
v 158.577440646 349.727912087 149.596516288 0.99609375
v 158.073969198 349.882260155 139.036492854 0.99609375
v 158.378147948 349.81647863 149.660903452 0.99609375
v 158.066693983 349.759552942 139.52184469 0.99609375
v 158.421835263 350.239312818 149.053155296 0.99609375
v 158.08481849 350.416327786 139.149654622 0.99609375
v 158.187030819 350.285820995 149.263397778 0.99609375
v 158.100874539 350.576428665 139.204524684 0.99609375
v 158.320609561 350.828398342 149.587137647 0.99609375
v 158.119658634 351.183897386 139.252524729 0.99609375
v 158.308787471 350.710425273 149.602566836 0.99609375
v 158.066451214 350.957529608 140.255882735 0.99609375
v 158.11890574 351.280539838 149.188158266 0.99609375
v 158.329766501 351.718563777 141.371164977 0.99609375
v 158.184295541 351.398432765 149.480193554 0.99609375
v 158.28899219 351.492072681 141.866338464 0.99609375
v 158.342709367 351.503480763 149.331469747 0.99609375
v 158.132121443 352.26465446 143.083361189 0.99609375
v 158.308949065 351.797027262 149.59050978 0.99609375
v 158.086286155 352.201324868 144.257906642 0.99609375
v 158.604977272 352.472955475 149.596447296 0.99609375
v 158.341392692 352.440327393 144.198949077 0.99609375
v 158.394880147 352.469955261 150.048971086 0.99609375
v 158.355896761 352.910975429 145.032731709 0.99609375
v 158.059371218 353.128850807 149.62830842 0.99609375
v 158.343673629 353.00769322 145.927492593 0.99609375
v 158.120765954 353.462799007 149.703114919 0.99609375
v 158.466171845 353.583850251 147.264830393 0.99609375
v 158.608042486 353.359272934 150.243892617 0.99609375
v 158.433954357 353.58109582 147.549231848 0.99609375
v 158.165441531 353.629323213 149.704995829 0.99609375
v 158.210688986 354.195099747 147.623332393 0.99609375
v 158.488573305 354.04640069 149.612572741 0.99609375
v 158.562978247 354.42578957 148.597216494 0.99609375
v 158.469122262 354.446641055 149.642586391 0.99609375
v 158.115340356 354.601554138 149.396924411 0.99609375
v 158.121101273 354.505835592 150.986921032 0.99609375
v 158.090832368 355.233365156 149.512278074 0.99609375
v 158.097031307 355.439982424 150.242000615 0.99609375
v 158.769585485 327.667199766 139.227122096 0.99609375
v 158.550939734 327.880158422 139.168578747 0.99609375
v 158.805231965 327.851725929 141.22664298 0.99609375
v 158.425151653 327.934480062 138.565205401 0.99609375
v 158.895100354 327.886520603 142.157329376 0.99609375
v 158.529865803 328.463972051 139.250409476 0.99609375
v 158.506357882 328.193820885 144.31000557 0.99609375
v 158.46602358 328.491902763 138.502639818 0.99609375
v 158.842935461 328.59630255 145.223588118 0.99609375
v 158.905824759 328.916942419 139.135777527 0.99609375
v 158.725183589 328.715022967 145.725293051 0.99609375
v 158.409191452 329.340802813 138.825606327 0.99609375
v 158.878799784 329.262500495 145.22666016 0.99609375
v 158.869973336 329.515184915 138.997038946 0.99609375
v 158.82932053 329.459479381 145.787845601 0.99609375
v 158.519825014 329.68206767 138.768432882 0.99609375
v 158.829599592 329.71972931 145.883433581 0.99609375
v 158.551647376 330.116660662 139.494439222 0.99609375
v 158.581932612 329.732911954 145.130412705 0.99609375
v 158.621128578 330.296513921 139.180768287 0.99609375
v 158.782626159 330.082823054 145.88634426 0.99609375
v 158.601271507 330.809895835 139.415025551 0.99609375
v 158.419275966 330.591855172 145.346496717 0.99609375
v 158.857168429 330.974678927 138.750565539 0.99609375
v 158.434937384 330.666750825 145.719151018 0.99609375
v 158.780652737 331.44328653 139.168902307 0.99609375
v 158.621783332 331.053392803 145.773115354 0.99609375
v 158.763919767 331.505548887 138.599693407 0.99609375
v 158.608193824 331.480013396 145.798492325 0.99609375
v 158.641518045 331.75120513 138.702469163 0.99609375
v 158.726014003 331.576294134 145.56354905 0.99609375
v 158.641866702 331.97908097 138.504087541 0.99609375
v 158.563383773 331.843324568 146.300733531 0.99609375
v 158.461343003 332.096058562 139.067239145 0.99609375
v 158.37836272 332.475295728 146.225865825 0.99609375
v 158.753215752 332.897686576 139.444243194 0.99609375
v 158.762328869 332.863195869 145.784896665 0.99609375
v 158.452613087 332.932552501 139.167142548 0.99609375
v 158.439958359 333.002245931 146.348694094 0.99609375
v 158.774876629 333.39706232 139.036906814 0.99609375
v 158.708749623 333.159284313 146.416843356 0.99609375
v 158.758119724 333.419581254 139.447376436 0.99609375
v 158.51636127 333.64569686 146.047929121 0.99609375
v 158.340655244 333.720264276 138.561790127 0.99609375
v 158.593688678 333.885209964 146.109805544 0.99609375
v 158.348749613 334.260026181 139.016853493 0.99609375
v 158.602679713 334.305327368 146.986242956 0.99609375
v 158.899639431 334.115970477 139.463877611 0.99609375
v 158.681164945 334.523603913 146.661803526 0.99609375
v 158.398798338 334.568691689 138.870147642 0.99609375
v 158.459051649 334.63608108 146.214333978 0.99609375
v 158.797223627 334.731739528 139.865682259 0.99609375
v 158.411812702 334.797674375 146.906045511 0.99609375
v 158.460535316 335.41502962 139.355884515 0.99609375
v 158.518107916 335.423269369 146.067422417 0.99609375
v 158.491802071 335.660414765 139.535685604 0.99609375
v 158.694033706 335.245112698 146.287312539 0.99609375
v 158.433728424 335.635689089 139.382874451 0.99609375
v 158.440939037 335.752802141 147.248510517 0.99609375
v 158.655529949 336.089120514 139.673928522 0.99609375
v 158.909058487 336.263306996 146.52092286 0.99609375
v 158.478227174 336.415670429 139.688724427 0.99609375
v 158.829792465 336.552065784 146.607248289 0.99609375
v 158.435823007 336.731429618 139.508024293 0.99609375
v 158.47252957 336.433671182 146.951786977 0.99609375
v 158.880186822 336.769088023 139.20393118 0.99609375
v 158.689603782 336.874868674 147.043144304 0.99609375
v 158.86622804 337.015695998 139.621385018 0.99609375
v 158.741083582 337.024353595 147.851471172 0.99609375
v 158.867013322 337.569920341 139.643514296 0.99609375
v 158.428055209 337.631559096 147.97475469 0.99609375
v 158.689322412 337.598887085 139.023864245 0.99609375
v 158.677283937 337.997409583 147.821646369 0.99609375
v 158.830224144 338.226142779 139.349267349 0.99609375
v 158.446518803 338.283785511 147.56601152 0.99609375
v 158.368300332 338.146072083 139.278572314 0.99609375
v 158.749548276 338.592789317 148.070161129 0.99609375
v 158.582522651 338.741197103 139.781095889 0.99609375
v 158.721425517 338.655623006 148.414092025 0.99609375
v 158.611332979 339.179365225 139.293659646 0.99609375
v 158.408663355 339.188574142 148.389466712 0.99609375
v 158.63260869 339.415536199 139.080842406 0.99609375
v 158.533463144 339.343773347 147.737130085 0.99609375
v 158.815812085 339.434215526 139.327862358 0.99609375
v 158.756708454 339.865531548 148.853029448 0.99609375
v 158.876022033 340.075606316 139.969432862 0.99609375
v 158.549588641 339.879997667 148.098548916 0.99609375
v 158.491570762 340.259566787 139.899171054 0.99609375
v 158.364183876 339.985956129 148.799578816 0.99609375
v 158.575122685 340.40876711 139.808193357 0.99609375
v 158.401680441 340.369628072 148.825015002 0.99609375
v 158.637151821 340.822500689 139.971979857 0.99609375
v 158.808561082 340.863671319 148.880085634 0.99609375
v 158.454755347 341.086286552 139.331764478 0.99609375
v 158.892694887 341.008718493 148.223488359 0.99609375
v 158.683382598 341.16851019 139.477092371 0.99609375
v 158.460233979 341.507563234 148.693331707 0.99609375
v 158.462424377 341.645392377 139.151582508 0.99609375
v 158.347790626 341.356379148 148.309356628 0.99609375
v 158.624689644 342.114033717 139.99798756 0.99609375
v 158.584082968 342.145558043 148.180372695 0.99609375
v 158.472862303 342.013374203 139.197299474 0.99609375
v 158.410567438 341.917558613 148.747457266 0.99609375
v 158.75178246 342.479059733 139.946638358 0.99609375
v 158.520854872 342.515060733 148.000263427 0.99609375
v 158.641447097 342.73895304 139.602242719 0.99609375
v 158.816400529 343.025637193 148.231272878 0.99609375
v 158.414979766 343.307621285 139.516883639 0.99609375
v 158.376348727 342.920828464 148.670958424 0.99609375
v 158.885824041 343.310914488 139.763686537 0.99609375
v 158.883592172 343.29925183 148.167726726 0.99609375
v 158.903148947 343.861100053 139.772288877 0.99609375
v 158.755219639 343.901549594 148.668100443 0.99609375
v 158.687051117 344.103827931 139.357264993 0.99609375
v 158.60348408 344.154385478 148.591167935 0.99609375
v 158.913803651 344.29419882 139.923700253 0.99609375
v 158.501623657 344.331586861 148.099268855 0.99609375
v 158.398894535 344.71309676 139.386432707 0.99609375
v 158.456941641 344.38447279 149.005100504 0.99609375
v 158.739741039 344.722088128 139.209655316 0.99609375
v 158.828857933 344.798479134 149.464653486 0.99609375
v 158.427468614 344.908933487 139.768186552 0.99609375
v 158.688924642 345.267692974 149.301359571 0.99609375
v 158.828822236 345.553423201 139.676476458 0.99609375
v 158.360251666 345.581841923 148.737680918 0.99609375
v 158.867071471 345.83762616 139.370376112 0.99609375
v 158.585307497 345.471181573 148.871595814 0.99609375
v 158.70586062 345.75623321 139.683169889 0.99609375
v 158.896829683 345.863734011 149.240239662 0.99609375
v 158.637767618 346.06093009 139.882637601 0.99609375
v 158.577427657 346.094759969 149.467276741 0.99609375
v 158.456102967 346.437479459 139.775975213 0.99609375
v 158.526550144 346.707322301 148.580569313 0.99609375
v 158.75459526 346.857962397 139.651983293 0.99609375
v 158.8809741 346.775277551 148.675661243 0.99609375
v 158.721058777 347.417087384 139.624109405 0.99609375
v 158.605563837 347.195391319 149.138131316 0.99609375
v 158.875853504 347.471624372 140.416078874 0.99609375
v 158.870981993 347.704852436 148.914554398 0.99609375
v 158.732218355 347.943544234 139.809280254 0.99609375
v 158.909627887 347.563191886 148.625626808 0.99609375
v 158.371045358 348.167256251 139.553853708 0.99609375
v 158.431848988 347.811121201 148.743595891 0.99609375
v 158.607664897 348.440639363 139.606617881 0.99609375
v 158.80051063 348.121518047 149.07290928 0.99609375
v 158.906644958 348.354827507 140.116152682 0.99609375
v 158.407456331 348.545152133 149.236972131 0.99609375
v 158.459734054 348.756405924 139.691726841 0.99609375
v 158.379719366 349.122502988 148.584326656 0.99609375
v 158.585650422 349.1383935 139.905919233 0.99609375
v 158.383752922 349.317504721 149.404819137 0.99609375
v 158.51869682 349.738082073 140.428390593 0.99609375
v 158.440542108 349.196452996 149.187053336 0.99609375
v 158.715591959 349.572576403 140.446656503 0.99609375
v 158.648090249 349.514309907 149.108376265 0.99609375
v 158.376498391 350.299116149 139.569772212 0.99609375
v 158.686386831 349.989470585 149.687541923 0.99609375
v 158.818301916 350.562553394 139.728870904 0.99609375
v 158.631461473 350.391465595 149.757834419 0.99609375
v 158.867662001 350.419664877 139.962096017 0.99609375
v 158.41466044 350.623749256 149.026315564 0.99609375
v 158.391066221 350.679709924 139.981486291 0.99609375
v 158.395331778 350.912078812 149.208004951 0.99609375
v 158.907163313 351.00516517 139.728381777 0.99609375
v 158.873612793 351.386252491 149.828460624 0.99609375
v 158.817649165 351.35935149 141.400263556 0.99609375
v 158.83350758 351.698938071 149.144702398 0.99609375
v 158.871996552 351.974156933 141.657084981 0.99609375
v 158.649798865 351.57152625 149.449196507 0.99609375
v 158.672967845 352.176125729 142.741321867 0.99609375
v 158.740018808 351.831131239 149.325255633 0.99609375
v 158.362777193 352.060335116 143.637638633 0.99609375
v 158.508134777 352.51320089 149.622696266 0.99609375
v 158.819539102 352.38454343 144.070069585 0.99609375
v 158.83867466 352.708539345 149.979356442 0.99609375
v 158.352010446 352.785631748 145.665459294 0.99609375
v 158.455920206 353.136439403 150.175735405 0.99609375
v 158.388157073 353.381759456 146.497791117 0.99609375
v 158.918835388 353.307364637 150.17871551 0.99609375
v 158.848654567 353.672193631 146.924711807 0.99609375
v 158.526016248 353.416511397 149.506052599 0.99609375
v 158.512049314 353.918730699 147.456996036 0.99609375
v 158.912896243 353.747827338 149.808371534 0.99609375
v 158.428892217 353.820649022 148.352548222 0.99609375
v 158.81179278 354.036851446 149.582148838 0.99609375
v 158.741638406 354.666244462 148.558379105 0.99609375
v 158.506399714 354.388780361 149.936948437 0.99609375
v 158.875852531 354.720624802 149.942107511 0.99609375
v 158.350025284 355.016668544 150.199783356 0.99609375
v 158.551162095 355.079253252 150.286947501 0.99609375
v 159.148297558 327.245797216 139.235061892 0.99609375
v 159.207213098 327.7967607 138.666233455 0.99609375
v 158.974331667 327.421531479 140.864091769 0.99609375
v 158.639576171 328.147890322 138.743168078 0.99609375
v 158.791301692 328.076373315 142.250638488 0.99609375
v 158.970100958 328.117808521 138.52147031 0.99609375
v 159.095517079 328.398634931 144.633469633 0.99609375
v 158.661025448 328.846766338 138.846503686 0.99609375
v 159.12079922 328.297831529 145.998287746 0.99609375
v 159.078039378 328.711292606 139.472032125 0.99609375
v 159.154157707 329.006185648 145.727725988 0.99609375
v 158.838990484 329.168688313 138.873521493 0.99609375
v 158.645463385 329.13756018 145.297121654 0.99609375
v 159.008186978 329.729052679 139.011865362 0.99609375
v 159.12245336 329.502824391 145.878468269 0.99609375
v 159.209401562 329.596706156 139.469303407 0.99609375
v 158.665940838 329.688116396 145.5524731 0.99609375
v 158.687669537 329.733603979 139.254897521 0.99609375
v 159.110641597 329.880344223 145.240751392 0.99609375
v 158.982250171 330.201491484 139.695222429 0.99609375
v 158.722237538 330.359736179 145.993323639 0.99609375
v 158.751988671 330.323874492 139.722610236 0.99609375
v 159.15836549 330.617615124 145.562064346 0.99609375
v 158.83299646 331.068263134 139.015825294 0.99609375
v 159.201201213 330.901219085 145.611489398 0.99609375
v 158.80227789 331.198420171 139.037134925 0.99609375
v 158.979680954 331.134753881 145.737924237 0.99609375
v 158.94996664 331.619868694 139.762260113 0.99609375
v 159.011307715 331.228051474 145.401116375 0.99609375
v 159.190695459 331.697017631 139.51278988 0.99609375
v 158.992256015 331.711882231 145.561232603 0.99609375
v 158.800528344 331.867182979 139.126390461 0.99609375
v 158.652788679 331.902555267 145.214755255 0.99609375
v 158.801922621 332.107816395 139.163892283 0.99609375
v 158.810525744 332.379382566 145.688265163 0.99609375
v 158.709088126 332.408339607 139.886169805 0.99609375
v 158.958081032 332.72205938 146.475635547 0.99609375
v 158.979397794 333.025530208 139.186121617 0.99609375
v 159.19279271 332.802334903 146.013101721 0.99609375
v 158.740696628 333.044901113 139.34603577 0.99609375
v 159.082373273 333.286479909 145.627579952 0.99609375
v 159.038874578 333.438808496 139.122419571 0.99609375
v 159.116563753 333.729090715 145.831517263 0.99609375
v 159.042672994 333.790713909 139.238349321 0.99609375
v 159.119477199 333.585641789 146.228004026 0.99609375
v 158.761020004 334.266979638 139.884414655 0.99609375
v 159.130144399 333.949699246 145.613181409 0.99609375
v 158.881682686 334.133080467 139.851834898 0.99609375
v 158.749541102 334.464107556 146.815496711 0.99609375
v 158.732458565 334.462486083 139.698863682 0.99609375
v 159.176716619 334.777428096 146.416778694 0.99609375
v 158.974808131 335.001981631 139.627109582 0.99609375
v 158.794297764 334.9286661 146.726899012 0.99609375
v 158.924748072 335.403784095 139.730143702 0.99609375
v 158.844260379 335.098632952 146.431491934 0.99609375
v 158.988130169 335.243201371 139.832358848 0.99609375
v 159.20632995 335.365790478 146.700726334 0.99609375
v 158.869819272 335.956002709 139.16182369 0.99609375
v 159.07701658 335.576265583 146.822262364 0.99609375
v 159.129522074 336.389222667 139.630411663 0.99609375
v 158.821670035 335.856217087 146.805486568 0.99609375
v 158.846993017 336.281255673 139.308306448 0.99609375
v 158.702706333 336.151350834 147.26515101 0.99609375
v 158.725631436 336.559960498 139.533910197 0.99609375
v 159.05990726 336.912094277 146.812955175 0.99609375
v 158.850842392 336.951019214 139.906885319 0.99609375
v 158.633351535 336.844825881 147.434051583 0.99609375
v 158.78417995 337.497272481 139.712380203 0.99609375
v 159.013213314 337.128266358 147.314935696 0.99609375
v 158.977961687 337.666559817 139.837354085 0.99609375
v 159.051848214 337.522376071 147.675009122 0.99609375
v 159.084215146 338.003015324 140.431527703 0.99609375
v 159.193811524 337.899857031 147.244823127 0.99609375
v 159.058964154 338.109145618 140.028529644 0.99609375
v 159.006313481 338.423194308 148.425933942 0.99609375
v 158.854007834 338.593735748 139.819793 0.99609375
v 158.924501241 338.16368886 148.137068056 0.99609375
v 158.86679193 338.683780865 139.85734711 0.99609375
v 159.202163079 338.524238915 147.952735446 0.99609375
v 158.677250986 339.088871709 140.213292068 0.99609375
v 159.088586264 339.174515448 148.06543919 0.99609375
v 159.016869379 339.197981881 139.619280008 0.99609375
v 159.179124666 339.313554883 147.55729669 0.99609375
v 159.174641456 339.751118179 139.7806462 0.99609375
v 158.976128128 339.334015406 148.078984819 0.99609375
v 159.040670682 339.683668354 139.888797095 0.99609375
v 159.038408556 340.146421469 148.787267972 0.99609375
v 159.075563585 339.978351563 140.370949983 0.99609375
v 159.191799618 340.413649548 148.303530526 0.99609375
v 158.719877052 340.338206104 139.526970123 0.99609375
v 158.891193578 340.745732724 148.604942983 0.99609375
v 158.908672941 340.63110732 139.581324889 0.99609375
v 158.885173346 340.850324516 148.419813576 0.99609375
v 158.652706663 340.920130543 140.379722125 0.99609375
v 158.803741441 341.32100419 148.274745027 0.99609375
v 159.046995941 341.058229787 140.189777666 0.99609375
v 158.9833883 341.216384069 148.341903805 0.99609375
v 158.844494612 341.793801575 140.229818475 0.99609375
v 158.784418575 341.611406831 148.812423359 0.99609375
v 159.102219066 342.102611475 140.183396021 0.99609375
v 159.143666092 341.638307249 148.285376018 0.99609375
v 159.173421044 342.344721046 140.281941085 0.99609375
v 159.135437915 342.125877314 148.82848241 0.99609375
v 159.064647521 342.406472484 139.618882378 0.99609375
v 159.027526086 342.398323155 148.151760999 0.99609375
v 158.977457129 343.025908618 139.942629958 0.99609375
v 158.770162115 343.019361083 148.186879455 0.99609375
v 158.805218227 342.951710678 140.056824825 0.99609375
v 159.207482725 342.938004463 148.533427917 0.99609375
v 158.658776757 343.352125142 139.859980018 0.99609375
v 158.996995272 343.41049659 148.739878111 0.99609375
v 159.125132198 343.409216019 139.698645533 0.99609375
v 158.985686171 343.645624438 148.146603989 0.99609375
v 158.857925212 343.820163529 139.928682661 0.99609375
v 159.040654187 343.935365734 148.631409429 0.99609375
v 158.85491396 343.985547879 139.689124777 0.99609375
v 158.921812271 344.196958002 148.436852807 0.99609375
v 158.814560992 344.516393106 140.303840371 0.99609375
v 158.896859955 344.275938021 148.332338938 0.99609375
v 159.067881011 344.848318998 140.303232999 0.99609375
v 158.783218821 344.896851545 148.67550335 0.99609375
v 158.98944686 345.12758863 139.57063963 0.99609375
v 158.954895434 345.26127152 148.918388767 0.99609375
v 159.097852714 345.245422898 139.980852552 0.99609375
v 158.701543442 345.366971787 149.240957481 0.99609375
v 158.676327864 345.505274809 140.076209078 0.99609375
v 158.994594363 345.756089652 149.405204303 0.99609375
v 158.948529903 345.908290538 139.873876266 0.99609375
v 158.664712695 345.959833091 149.057000789 0.99609375
v 158.647232814 346.424037351 140.358961578 0.99609375
v 159.091487186 346.166241856 148.754544805 0.99609375
v 158.655768963 346.530615671 139.789528269 0.99609375
v 159.198039224 346.296151228 149.197242488 0.99609375
v 158.906697817 346.794297555 139.62246975 0.99609375
v 158.883964883 346.556793641 148.517186192 0.99609375
v 158.899672535 347.117561459 139.898968558 0.99609375
v 159.096912551 346.92900787 148.747841118 0.99609375
v 158.912834174 347.408614364 140.058674297 0.99609375
v 158.739877138 347.238594468 149.170643891 0.99609375
v 158.679027918 347.890758312 140.179398189 0.99609375
v 159.00977998 347.961575575 149.303808942 0.99609375
v 158.888720718 347.92893065 139.738944415 0.99609375
v 158.699141149 347.85451988 149.390075515 0.99609375
v 159.1183864 348.33436769 139.710022163 0.99609375
v 158.715891349 348.519019682 149.171526758 0.99609375
v 158.97940628 348.411007203 139.759715641 0.99609375
v 158.925841175 348.324250498 149.246377788 0.99609375
v 159.046989697 348.591242069 139.789098229 0.99609375
v 158.778827062 348.80940336 149.323624368 0.99609375
v 158.791741042 349.101093779 140.059149954 0.99609375
v 158.670298336 348.938928906 148.557560561 0.99609375
v 158.807365285 349.486930286 140.028970393 0.99609375
v 158.658168391 349.413830157 149.153929591 0.99609375
v 158.935446803 349.695410861 140.372884063 0.99609375
v 158.780384954 349.593673098 149.117461179 0.99609375
v 158.967068809 349.957371544 140.295666355 0.99609375
v 158.653905305 350.07944553 149.991062105 0.99609375
v 158.812788356 350.087534553 139.795898087 0.99609375
v 158.860590056 350.190604454 149.459638637 0.99609375
v 158.718247758 350.624302823 139.657623283 0.99609375
v 158.948207668 350.767470824 149.820662378 0.99609375
v 158.76103848 350.997110033 139.660625727 0.99609375
v 158.957134941 351.124194957 149.672450488 0.99609375
v 158.754309091 351.378133515 139.744747348 0.99609375
v 158.778783484 351.020581565 149.804913456 0.99609375
v 158.900308646 351.482716809 140.72882474 0.99609375
v 158.71260803 351.525881719 149.567528957 0.99609375
v 158.933163513 351.564243607 142.416757059 0.99609375
v 158.901571093 351.626383959 149.794516051 0.99609375
v 159.186654681 351.826621736 143.236229049 0.99609375
v 158.651809748 352.043552394 149.216310334 0.99609375
v 158.780980989 352.501582627 144.182048671 0.99609375
v 159.118319048 352.506727062 149.908405403 0.99609375
v 158.865045347 352.498488946 144.072500928 0.99609375
v 158.959264784 352.656864554 149.831242757 0.99609375
v 159.09561191 353.20072723 145.003353853 0.99609375
v 158.887551793 353.055111756 149.252336542 0.99609375
v 158.70394967 353.068398503 146.348651606 0.99609375
v 158.80682136 353.49101745 150.349105072 0.99609375
v 159.174218363 353.241407287 146.850071855 0.99609375
v 158.738890351 353.267137032 150.13847283 0.99609375
v 158.926576593 354.0013513 147.278189553 0.99609375
v 158.741482485 353.679295274 149.906984525 0.99609375
v 158.981480144 354.043721568 147.626352008 0.99609375
v 158.885552583 354.02693465 150.109574409 0.99609375
v 158.678639693 354.627947802 148.640047209 0.99609375
v 158.69516162 354.493113581 150.418167622 0.99609375
v 158.998772289 354.739531659 149.359572944 0.99609375
v 158.924864622 355.045835435 150.497118781 0.99609375
v 159.223994833 327.917219062 139.442980262 0.99609375
v 159.018988072 327.883854946 140.538372333 0.99609375
v 159.152132303 327.998865901 139.936972531 0.99609375
v 159.386646481 328.274707538 142.980605947 0.99609375
v 159.413680915 328.319753411 139.727168607 0.99609375
v 158.982839105 328.107091507 143.667413514 0.99609375
v 159.350142494 328.841029587 139.941890989 0.99609375
v 159.026709479 328.697302088 143.264318588 0.99609375
v 159.257800664 328.770760358 139.654564472 0.99609375
v 159.468068867 328.743205628 143.405148757 0.99609375
v 159.284379038 329.047452085 139.24425847 0.99609375
v 159.039361405 328.894607187 143.839963769 0.99609375
v 158.97131615 329.708767161 139.254616313 0.99609375
v 159.357955244 329.546624755 143.9820424 0.99609375
v 159.081049491 330.006088452 139.514708853 0.99609375
v 159.43332138 329.714716799 143.833674918 0.99609375
v 159.157429928 329.933578539 139.752050629 0.99609375
v 158.964338944 330.193457054 143.12801899 0.99609375
v 159.37528576 330.121039862 139.859959618 0.99609375
v 159.255307159 330.050867137 145.914917651 0.99609375
v 159.254062966 330.744476597 139.502914554 0.99609375
v 159.077426286 330.590858703 145.199413215 0.99609375
v 159.215638417 330.763451009 140.00784083 0.99609375
v 159.159129389 330.829987011 145.889324066 0.99609375
v 159.231571907 330.939801655 139.652211318 0.99609375
v 159.24337708 331.19619615 145.814671707 0.99609375
v 159.476350442 331.693074139 140.120570419 0.99609375
v 158.957259913 331.253641653 145.944116536 0.99609375
v 159.033468337 331.783491408 140.154048942 0.99609375
v 159.473261149 332.00514102 145.430380229 0.99609375
v 159.183092671 332.255848537 139.963023987 0.99609375
v 159.306525321 331.881961633 145.412672376 0.99609375
v 159.478974013 332.115827262 140.019827689 0.99609375
v 159.31357557 332.177195476 145.484665493 0.99609375
v 159.292620227 332.855238446 139.820135939 0.99609375
v 159.113639247 332.797795213 145.595499986 0.99609375
v 159.168365496 333.174245733 139.911501728 0.99609375
v 159.362867441 333.090495701 146.290169813 0.99609375
v 159.189726177 333.225234106 140.385009061 0.99609375
v 159.247482631 333.291528484 145.986185506 0.99609375
v 159.389201051 333.654579456 140.046091295 0.99609375
v 159.244056768 333.467747818 145.647065425 0.99609375
v 159.213536864 333.561410169 139.825436223 0.99609375
v 159.323738788 334.051480909 145.852819098 0.99609375
v 159.140602706 334.366207266 140.107205384 0.99609375
v 159.434760702 334.216642853 146.325574307 0.99609375
v 159.107951397 334.147919038 139.694094175 0.99609375
v 158.949598284 334.124031407 146.470942284 0.99609375
v 159.403011796 334.588730726 139.533124748 0.99609375
v 159.455233971 334.803688181 146.222269987 0.99609375
v 159.438800717 334.664949784 139.801607819 0.99609375
v 158.995119766 335.135613324 146.687429493 0.99609375
v 158.966111195 335.321813538 140.259244386 0.99609375
v 159.434061934 335.142201111 146.999125566 0.99609375
v 159.28151456 335.446746113 140.303449867 0.99609375
v 159.182927228 335.262530456 146.101789791 0.99609375
v 158.994743788 336.030999509 139.7135043 0.99609375
v 159.305422844 335.893489944 146.663182281 0.99609375
v 158.953204375 336.346632476 140.255606344 0.99609375
v 159.145990021 336.010966603 146.961120792 0.99609375
v 159.444427085 336.426897307 139.686123177 0.99609375
v 159.284336133 336.250413087 146.62610306 0.99609375
v 159.286609786 336.83462291 139.78541793 0.99609375
v 159.363322556 336.619497004 147.378889562 0.99609375
v 159.218324849 337.250875372 140.021393375 0.99609375
v 159.195309004 337.19237738 147.331176527 0.99609375
v 159.310742034 337.537121325 140.178370681 0.99609375
v 159.379726814 337.381227489 147.230658496 0.99609375
v 159.014447157 337.505409086 140.06245757 0.99609375
v 159.374914806 337.528429168 147.764430507 0.99609375
v 159.102523318 337.607105377 139.984295884 0.99609375
v 159.064573254 337.99406736 147.346777076 0.99609375
v 159.265382954 338.289322057 140.216740527 0.99609375
v 159.453979512 338.411413521 147.556454658 0.99609375
v 159.206500304 338.498575846 140.346880178 0.99609375
v 158.942173695 338.556693832 148.381137551 0.99609375
v 158.996546486 338.945928107 139.677174197 0.99609375
v 159.45909428 338.660294069 148.08883389 0.99609375
v 159.408119275 339.11037812 140.018247011 0.99609375
v 159.147576476 338.896210302 147.592663825 0.99609375
v 159.329635619 339.55348422 140.18722654 0.99609375
v 158.959485629 339.533754441 148.02375918 0.99609375
v 158.989566521 339.418898799 140.114916821 0.99609375
v 159.445581109 339.779024627 148.267178273 0.99609375
v 159.201904538 339.879865517 139.875993685 0.99609375
v 159.196906875 339.643262803 147.937040565 0.99609375
v 159.424921523 339.888527717 140.228693874 0.99609375
v 159.219297016 339.882642752 148.052134963 0.99609375
v 159.321506482 340.554783316 139.542575782 0.99609375
v 159.295577492 340.747942227 148.112812335 0.99609375
v 159.089218694 340.4826872 140.28409027 0.99609375
v 159.315110761 340.985206903 148.453273333 0.99609375
v 159.347758084 340.911173132 139.945863125 0.99609375
v 159.176961023 340.844596584 148.342739612 0.99609375
v 159.429550101 341.552294478 140.355538719 0.99609375
v 159.222313249 341.348078159 148.504984075 0.99609375
v 159.041062285 341.674091058 139.68530309 0.99609375
v 158.944654565 341.688323307 148.38471934 0.99609375
v 159.265110265 342.102830864 139.737925228 0.99609375
v 159.353223469 342.196197175 148.971006336 0.99609375
v 159.074587439 342.076358372 140.221797084 0.99609375
v 159.497704783 341.967114784 148.169675461 0.99609375
v 159.229853684 342.74289362 140.381227635 0.99609375
v 159.037543501 342.666564754 148.092788951 0.99609375
v 159.15826931 342.949462297 140.155421092 0.99609375
v 159.066339899 342.780737051 148.650718276 0.99609375
v 159.039496652 342.948781091 140.38079313 0.99609375
v 159.125292725 342.977883303 148.371957511 0.99609375
v 159.02592936 343.451242556 140.275188795 0.99609375
v 158.94546883 343.461843288 148.882499886 0.99609375
v 159.299209827 343.37351198 139.537490984 0.99609375
v 159.045861038 343.798588882 148.032542016 0.99609375
v 159.36793817 343.742717856 140.113014225 0.99609375
v 159.061471654 344.196461995 148.172367536 0.99609375
v 159.284638599 344.253549858 140.410038826 0.99609375
v 159.32431347 344.245021203 148.749396783 0.99609375
v 159.052882426 344.549360194 140.42442231 0.99609375
v 159.219611327 344.377859855 148.96644448 0.99609375
v 159.048725121 344.547583651 140.138780201 0.99609375
v 159.210309615 344.598454319 148.859311069 0.99609375
v 159.349629587 345.294910843 140.279130041 0.99609375
v 159.179889476 345.205367401 148.891259027 0.99609375
v 159.289940033 345.566438427 139.587243237 0.99609375
v 159.162120294 345.554701398 148.525837132 0.99609375
v 159.388469421 345.909085963 139.967765824 0.99609375
v 159.14430913 345.734576978 148.831839625 0.99609375
v 159.098635607 346.109526922 140.156247274 0.99609375
v 159.411242871 345.82042574 148.317749646 0.99609375
v 158.988218574 346.09687527 140.335323942 0.99609375
v 159.450488065 346.307620832 148.87765254 0.99609375
v 159.049146295 346.689202753 140.14555881 0.99609375
v 159.455885138 346.364395907 149.430118575 0.99609375
v 158.989473994 347.086447312 139.960367825 0.99609375
v 159.100771983 347.107180523 149.252618025 0.99609375
v 159.20400185 346.949243969 140.043476764 0.99609375
v 159.029297886 347.414119626 148.582409084 0.99609375
v 159.149609663 347.243456197 139.820766542 0.99609375
v 159.252000133 347.340973862 148.980555807 0.99609375
v 159.08423722 347.53478238 140.152920956 0.99609375
v 159.105711504 347.817788473 148.963476153 0.99609375
v 159.091591565 348.258279209 140.403099782 0.99609375
v 159.433816987 348.285283811 148.765304625 0.99609375
v 159.273980969 348.310817234 140.406773202 0.99609375
v 159.292763934 348.308680667 148.930412676 0.99609375
v 159.345225064 348.775980725 139.701388271 0.99609375
v 159.023281448 348.692521308 149.449771796 0.99609375
v 159.441241185 348.692442912 140.072115387 0.99609375
v 159.063717865 348.766226916 149.46200851 0.99609375
v 159.312186392 349.386540224 140.268598984 0.99609375
v 159.060927848 349.388594236 148.746565404 0.99609375
v 159.002835807 349.700452177 140.477027676 0.99609375
v 158.965437211 349.564452815 148.623772441 0.99609375
v 159.427448211 350.009081755 139.815891291 0.99609375
v 159.349842046 349.993466891 149.018677358 0.99609375
v 159.079180793 350.204173866 140.476663061 0.99609375
v 159.081222866 349.753692749 149.153285646 0.99609375
v 159.260718114 350.092649239 140.039767007 0.99609375
v 159.192766835 350.382203814 149.854405376 0.99609375
v 159.036604156 350.461252569 140.369093861 0.99609375
v 159.328626681 350.752348019 149.644653847 0.99609375
v 159.260612444 350.961817929 139.874493821 0.99609375
v 159.173036771 350.611246008 149.345020506 0.99609375
v 159.413313098 351.084155992 139.813073842 0.99609375
v 159.319475846 350.956099545 149.377716982 0.99609375
v 159.148976654 351.205731974 141.456565412 0.99609375
v 159.429813478 351.241107254 149.553803359 0.99609375
v 158.973172648 351.764301105 141.801360499 0.99609375
v 158.975167673 351.963997788 149.514947323 0.99609375
v 159.387011329 352.011207777 142.613583744 0.99609375
v 159.360082143 351.775899095 149.10623199 0.99609375
v 159.431076237 352.475126111 144.396624379 0.99609375
v 159.084439935 352.32666827 149.687653181 0.99609375
v 159.059863849 352.543164897 144.373170707 0.99609375
v 159.225072548 352.450362652 149.627190897 0.99609375
v 159.430317443 352.928062234 145.86994586 0.99609375
v 159.049693416 353.119431977 149.653115248 0.99609375
v 158.920201527 353.135131104 145.916992952 0.99609375
v 159.326245154 353.108133903 149.175139457 0.99609375
v 158.953132804 353.561581293 146.548188803 0.99609375
v 159.127335395 353.650940504 149.871470819 0.99609375
v 159.417797768 353.74800099 147.235497911 0.99609375
v 158.973531157 353.938435444 149.773930333 0.99609375
v 158.983719808 353.936474927 147.701203146 0.99609375
v 159.318771338 354.03590738 149.677051754 0.99609375
v 158.966096422 354.399775846 148.32651326 0.99609375
v 159.280210632 354.307215029 150.235286948 0.99609375
v 159.237923137 354.40107129 149.552375181 0.99609375
v 159.103134625 354.706269164 150.11076594 0.99609375
v 159.70257134 327.914614473 139.818958056 0.99609375
v 159.495680256 327.905217772 140.801771826 0.99609375
v 159.687646749 328.050333135 139.819172975 0.99609375
v 159.512552439 328.017258283 142.567517845 0.99609375
v 159.522003002 328.477325772 139.877753215 0.99609375
v 159.421991672 328.066574244 142.938616188 0.99609375
v 159.688975352 328.612046274 139.367685672 0.99609375
v 159.338706275 328.522677554 143.233872094 0.99609375
v 159.230777046 328.746556686 139.45007331 0.99609375
v 159.277596768 328.842696791 142.704955946 0.99609375
v 159.669974104 329.288822365 140.170939201 0.99609375
v 159.759509927 329.183964277 143.124126913 0.99609375
v 159.583535493 329.164348716 140.434625986 0.99609375
v 159.567338207 329.723412972 143.142186228 0.99609375
v 159.659139873 329.455302414 139.69221279 0.99609375
v 159.370004655 329.66052246 143.378145379 0.99609375
v 159.735172935 330.138792874 140.058231693 0.99609375
v 159.485901544 329.861980815 142.593288799 0.99609375
v 159.465749791 330.228121424 139.745213514 0.99609375
v 159.627767135 330.407767048 143.373206632 0.99609375
v 159.276558723 330.53405512 139.546234702 0.99609375
v 159.247762956 330.821550329 143.402118137 0.99609375
v 159.786909821 330.67158821 139.87368198 0.99609375
v 159.345639245 330.704692165 143.116413734 0.99609375
v 159.551536724 331.305280454 139.975034057 0.99609375
v 159.564133234 331.323764889 143.253739828 0.99609375
v 159.334207148 331.323683765 139.545311347 0.99609375
v 159.432501695 331.326731155 142.965838533 0.99609375
v 159.609747311 331.572772187 139.91605678 0.99609375
v 159.494081465 331.906613292 142.627754969 0.99609375
v 159.487982835 331.940071165 140.20486627 0.99609375
v 159.485722251 331.867753681 145.99906747 0.99609375
v 159.453040998 332.05409374 140.396588063 0.99609375
v 159.707889768 332.490039105 145.976146078 0.99609375
v 159.355166316 332.510822323 140.498016021 0.99609375
v 159.407806781 332.3876666 145.487041617 0.99609375
v 159.385436835 332.935991721 139.7196828 0.99609375
v 159.433556854 332.858708848 145.256511783 0.99609375
v 159.223355642 333.265417066 139.747021603 0.99609375
v 159.298755065 333.004728747 145.309020004 0.99609375
v 159.606006617 333.508369425 139.684926068 0.99609375
v 159.459997305 333.733272623 146.478387847 0.99609375
v 159.314596907 333.745956115 140.307256688 0.99609375
v 159.749786721 333.828841004 146.007528118 0.99609375
v 159.756284235 333.793437142 139.732918814 0.99609375
v 159.286594832 334.333640241 145.917737958 0.99609375
v 159.491908624 334.349611338 139.822559451 0.99609375
v 159.467378555 334.410084043 145.673670222 0.99609375
v 159.662261523 334.565927413 140.071464071 0.99609375
v 159.425546909 334.432933462 145.904147844 0.99609375
v 159.430941543 335.012099377 139.681931493 0.99609375
v 159.64993639 335.173505346 146.882975778 0.99609375
v 159.287592029 335.18864598 140.101138292 0.99609375
v 159.515261018 335.110301415 146.434884944 0.99609375
v 159.779543184 335.750009521 140.258790582 0.99609375
v 159.515352954 335.6169403 146.065926872 0.99609375
v 159.231614313 335.837458375 139.691676223 0.99609375
v 159.478971275 335.686088129 146.089472633 0.99609375
v 159.477507539 336.003415243 140.406520617 0.99609375
v 159.465271218 336.286777871 146.424243501 0.99609375
v 159.763395748 336.462158705 140.470617236 0.99609375
v 159.220294395 336.381799014 146.98344142 0.99609375
v 159.539290219 336.974777798 139.734508966 0.99609375
v 159.345276765 336.862471294 146.879103779 0.99609375
v 159.325876215 336.987875176 139.677372801 0.99609375
v 159.444482203 337.224075848 147.324805702 0.99609375
v 159.645368067 337.308446784 140.099129139 0.99609375
v 159.239379064 337.209867112 147.902568465 0.99609375
v 159.512745027 337.593550745 139.750366653 0.99609375
v 159.384842833 337.277077692 147.686076908 0.99609375
v 159.442871857 337.665008794 140.375421886 0.99609375
v 159.333250837 337.896677609 147.854995014 0.99609375
v 159.473546106 338.077050937 139.838236391 0.99609375
v 159.65815724 337.907492644 147.779869082 0.99609375
v 159.410291502 338.625884143 140.380396161 0.99609375
v 159.302820641 338.242711538 147.880595234 0.99609375
v 159.674961802 338.626819744 140.101234731 0.99609375
v 159.365370043 338.941016329 147.811185223 0.99609375
v 159.634428905 338.792320557 139.614390766 0.99609375
v 159.580312644 339.019908603 148.273354836 0.99609375
v 159.355268724 339.011461726 140.288214322 0.99609375
v 159.601756508 339.179682511 148.161272395 0.99609375
v 159.293467543 339.699251102 139.932193651 0.99609375
v 159.662422756 339.705236682 147.949611897 0.99609375
v 159.548499146 339.668071522 140.483906316 0.99609375
v 159.59644166 339.646134107 147.59554704 0.99609375
v 159.723530092 339.890824986 140.029803216 0.99609375
v 159.393174693 340.20075008 147.847547951 0.99609375
v 159.392495257 340.715713986 139.927531479 0.99609375
v 159.736207403 340.175449502 148.44662646 0.99609375
v 159.751442787 340.753746808 139.629143227 0.99609375
v 159.692135806 340.792283348 147.894649025 0.99609375
v 159.668732075 341.264330698 140.041473637 0.99609375
v 159.504581886 340.798198867 148.146868126 0.99609375
v 159.313804733 341.517174171 140.02194267 0.99609375
v 159.782910605 341.052857803 148.317967148 0.99609375
v 159.318526003 341.410910401 140.327036239 0.99609375
v 159.231644241 341.651006874 148.181741584 0.99609375
v 159.580883856 342.15049778 139.578089834 0.99609375
v 159.477709702 341.930496479 148.018710434 0.99609375
v 159.582022593 342.302076761 140.20213937 0.99609375
v 159.530876215 342.445612605 148.427399399 0.99609375
v 159.395289587 342.238926043 139.595552481 0.99609375
v 159.265672621 342.244576459 147.631039522 0.99609375
v 159.277758241 342.900107549 139.84246992 0.99609375
v 159.237193822 342.97833372 147.854897622 0.99609375
v 159.726317019 343.275204995 139.588588362 0.99609375
v 159.447665684 343.313389581 148.446923394 0.99609375
v 159.345759904 343.593086086 139.888722005 0.99609375
v 159.483240807 343.146080322 148.252892821 0.99609375
v 159.75737932 343.850955874 139.689750023 0.99609375
v 159.49833259 343.452555909 148.175242212 0.99609375
v 159.456564677 343.979336851 140.335387245 0.99609375
v 159.249679304 343.964885264 148.552463876 0.99609375
v 159.779018016 344.211078273 140.384782686 0.99609375
v 159.362980474 343.940637569 148.604870146 0.99609375
v 159.506989723 344.340965614 139.933416279 0.99609375
v 159.641904467 344.240470919 148.364786461 0.99609375
v 159.521318604 344.640959032 140.278064559 0.99609375
v 159.392305064 344.686625993 148.771240899 0.99609375
v 159.545414256 345.160754003 140.340301397 0.99609375
v 159.349867931 344.9971102 148.093806492 0.99609375
v 159.419118932 345.551206361 140.189183144 0.99609375
v 159.308607734 345.490501905 148.080607221 0.99609375
v 159.460769515 345.531096589 140.471239507 0.99609375
v 159.740754906 345.568682654 148.415620121 0.99609375
v 159.41509342 346.042664304 140.169344444 0.99609375
v 159.695160784 345.685513149 148.474588056 0.99609375
v 159.445236716 346.350696293 139.666682853 0.99609375
v 159.341778201 346.147315162 148.115006017 0.99609375
v 159.767893634 346.715643333 139.879687033 0.99609375
v 159.44159347 346.354520796 148.724361939 0.99609375
v 159.460611436 347.020184816 139.5463137 0.99609375
v 159.226335038 346.605526854 148.179660286 0.99609375
v 159.765581541 347.106483274 140.43219984 0.99609375
v 159.308095221 346.855538378 148.571183159 0.99609375
v 159.604353812 347.577630682 140.666844062 0.99609375
v 159.275762062 347.492582038 148.807081196 0.99609375
v 159.328446514 347.723991454 140.558361949 0.99609375
v 159.663902705 347.700612416 148.276155899 0.99609375
v 159.551157015 348.080619889 140.912568473 0.99609375
v 159.578668714 348.061189937 148.884556424 0.99609375
v 159.367115807 348.09068487 140.540716762 0.99609375
v 159.595457537 348.275803302 148.7356126 0.99609375
v 159.21057439 348.574031848 140.598035955 0.99609375
v 159.304068519 348.431139342 149.077697072 0.99609375
v 159.386189904 349.089788446 140.130923981 0.99609375
v 159.230891065 349.083361746 149.339237941 0.99609375
v 159.408035519 349.151856754 140.161669915 0.99609375
v 159.613508015 349.235480774 148.513247524 0.99609375
v 159.702978886 349.550273 140.359880917 0.99609375
v 159.590336155 349.727670576 149.164049639 0.99609375
v 159.639257285 350.025680329 139.565422522 0.99609375
v 159.364326325 349.859116436 148.621684477 0.99609375
v 159.334899526 350.238758946 140.114092424 0.99609375
v 159.715963409 350.21713285 148.562504966 0.99609375
v 159.510759145 350.597564071 139.655239323 0.99609375
v 159.250138184 350.336751227 148.661810776 0.99609375
v 159.322821108 350.517397806 139.992805771 0.99609375
v 159.503229999 350.404496601 148.555955357 0.99609375
v 159.275314908 350.920861725 139.769523062 0.99609375
v 159.319885325 350.662771669 149.39078945 0.99609375
v 159.368148542 351.262318354 140.477424479 0.99609375
v 159.480028549 351.287478478 149.852192071 0.99609375
v 159.324345714 351.236059442 141.044914545 0.99609375
v 159.772285707 351.300288852 149.190709939 0.99609375
v 159.772754025 351.894662285 142.48890361 0.99609375
v 159.28988609 351.917698128 149.318357528 0.99609375
v 159.549709864 352.161883924 143.10257056 0.99609375
v 159.755413301 351.79518856 149.218210061 0.99609375
v 159.500010712 352.615122525 143.775540246 0.99609375
v 159.661090585 352.27230077 149.404627155 0.99609375
v 159.225054834 352.367734004 144.652027143 0.99609375
v 159.222758904 352.920955925 149.583329913 0.99609375
v 159.750179542 352.918829725 145.145177414 0.99609375
v 159.333903787 352.872153109 149.997154541 0.99609375
v 159.606249867 353.004933812 146.35350354 0.99609375
v 159.41850706 353.225527954 149.17141214 0.99609375
v 159.379210669 353.378605349 147.192742175 0.99609375
v 159.424407814 353.475639897 149.328949898 0.99609375
v 159.776617977 353.825148654 147.83701362 0.99609375
v 159.455984187 353.655387652 149.179535751 0.99609375
v 159.522262119 353.953505756 147.908112655 0.99609375
v 159.735969794 354.338157106 149.897059848 0.99609375
v 159.346174678 354.239224795 148.732535894 0.99609375
v 159.557322679 354.157136742 149.651784178 0.99609375
v 159.491871758 354.823924541 149.71430281 0.99609375
v 159.768265065 354.767923979 150.216329719 0.99609375
v 159.670150722 327.835670093 140.894713377 0.99609375
v 159.769123348 328.24069514 141.481250956 0.99609375
v 159.969095406 327.79212508 142.213512649 0.99609375
v 159.991455024 328.108376232 141.497817827 0.99609375
v 160.048784897 328.15695091 142.178848624 0.99609375
v 159.74257613 328.340318276 141.302209789 0.99609375
v 159.96678912 328.373064773 142.764169371 0.99609375
v 159.981992431 328.652789043 141.200725909 0.99609375
v 159.533308614 329.029585132 142.538803224 0.99609375
v 160.039531836 329.378263134 141.308218328 0.99609375
v 159.595714471 328.978962565 142.868199286 0.99609375
v 159.943704703 329.419107247 140.627399848 0.99609375
v 159.87222899 329.249069518 142.379736092 0.99609375
v 159.769016407 329.568338338 140.630833532 0.99609375
v 160.043169294 329.783794469 142.690834952 0.99609375
v 159.981931759 329.770746151 141.329039689 0.99609375
v 159.728443681 329.90171174 142.708803896 0.99609375
v 159.588890881 330.577504071 141.132575298 0.99609375
v 159.703035604 330.461729082 142.537600878 0.99609375
v 159.985240403 330.75687982 140.834638054 0.99609375
v 159.604569868 330.576002128 142.549705026 0.99609375
v 159.658175146 331.048878702 140.867839305 0.99609375
v 160.042133895 330.696989122 142.764486814 0.99609375
v 159.901461486 331.460209053 141.112439655 0.99609375
v 159.881006986 331.357115466 142.556684693 0.99609375
v 160.071522674 331.741021124 141.243621524 0.99609375
v 159.982686767 331.596657917 142.836370407 0.99609375
v 159.506092451 331.491149052 141.155171089 0.99609375
v 159.832465437 331.952264528 142.885689468 0.99609375
v 159.910466591 331.916395843 141.470448358 0.99609375
v 159.887679321 332.130755679 143.190088486 0.99609375
v 159.704448245 332.593394484 140.155183777 0.99609375
v 159.535676661 332.261394659 143.311730266 0.99609375
v 160.016085206 332.745992759 140.405640555 0.99609375
v 159.617900047 332.605238242 142.804516442 0.99609375
v 159.722157213 332.851291757 140.06021867 0.99609375
v 159.957920633 332.972084919 142.57774889 0.99609375
v 159.79405702 332.942356057 140.299816792 0.99609375
v 159.999926338 333.40693184 145.061898869 0.99609375
v 160.057109996 333.603580906 139.780514844 0.99609375
v 159.5478365 333.733310069 145.732915628 0.99609375
v 160.057754657 333.769111389 140.364445826 0.99609375
v 160.054663472 333.556558698 145.795461036 0.99609375
v 159.930439526 334.215841391 139.521854577 0.99609375
v 159.597876293 333.914637513 146.077011291 0.99609375
v 160.027347366 334.647353509 140.142344527 0.99609375
v 159.592176897 334.420349269 146.074592486 0.99609375
v 159.995003773 334.577411466 140.046066438 0.99609375
v 159.747875475 334.637368643 145.864922448 0.99609375
v 159.827981862 334.714386773 140.217738553 0.99609375
v 159.855779198 335.142256232 146.084858125 0.99609375
v 159.818215921 335.305930883 140.057388298 0.99609375
v 160.061957996 335.085418341 146.519438748 0.99609375
v 160.032318851 335.455170119 140.7968772 0.99609375
v 159.589913708 335.601247429 146.969009779 0.99609375
v 159.684538913 335.687277478 140.79612777 0.99609375
v 159.863418333 335.578792219 146.048145864 0.99609375
v 159.91090953 336.111901198 140.826235526 0.99609375
v 159.797657065 336.014152888 146.749451821 0.99609375
v 159.863257003 336.303868859 140.800971469 0.99609375
v 159.740248309 336.428325392 146.917692031 0.99609375
v 159.980645025 336.531061599 140.753005385 0.99609375
v 159.85797048 336.416787036 146.945904205 0.99609375
v 159.595199173 336.811745406 140.202223352 0.99609375
v 160.027922877 337.094844288 147.010476171 0.99609375
v 159.706345309 337.078251643 140.291477534 0.99609375
v 159.982522402 337.046662465 146.670830684 0.99609375
v 159.783515137 337.429285687 140.179589731 0.99609375
v 159.844158977 337.805170193 147.34890823 0.99609375
v 159.906420271 337.998021827 140.773797731 0.99609375
v 159.64537555 337.946591828 147.039766644 0.99609375
v 159.700979593 337.945213277 140.809603103 0.99609375
v 159.820767244 338.266511706 147.580353691 0.99609375
v 159.505036533 338.337754023 140.756076514 0.99609375
v 159.585869335 338.483705075 147.961040532 0.99609375
v 159.636851461 338.534658015 140.08549288 0.99609375
v 159.765236129 338.682430079 147.933330216 0.99609375
v 159.7941231 338.811333612 140.246490946 0.99609375
v 159.811609128 339.092872956 148.457701268 0.99609375
v 160.040143364 339.056076769 140.173126207 0.99609375
v 159.535003985 339.269154049 147.916013871 0.99609375
v 160.009103423 339.750772672 140.18036982 0.99609375
v 159.908909063 339.775438028 147.944346321 0.99609375
v 159.812058627 339.888736797 140.23934083 0.99609375
v 159.758864972 339.677055965 148.393677278 0.99609375
v 159.780727028 340.250385057 140.883504003 0.99609375
v 159.8044885 340.358004058 147.734463712 0.99609375
v 159.696785095 340.499206613 140.649968621 0.99609375
v 159.728659416 340.467512599 148.383572756 0.99609375
v 159.693139089 340.636051908 140.897877433 0.99609375
v 159.699638664 341.039624997 148.271681706 0.99609375
v 159.993427595 340.765239183 140.909023551 0.99609375
v 159.832505582 341.060452677 147.743777689 0.99609375
v 160.020136408 341.432553309 140.877957836 0.99609375
v 159.659877784 341.389636478 148.380703774 0.99609375
v 160.070563343 341.366402364 140.187877118 0.99609375
v 159.991231729 341.727511449 147.886593901 0.99609375
v 159.755960893 341.937536575 140.092966735 0.99609375
v 159.592051517 341.703487319 147.792346932 0.99609375
v 159.80575169 342.432447407 140.834391722 0.99609375
v 159.575871483 342.046562267 148.350855108 0.99609375
v 159.787502345 342.403977759 140.813938234 0.99609375
v 159.780795459 342.417557289 147.61740558 0.99609375
v 159.810398953 343.003513472 140.157863259 0.99609375
v 160.019776878 342.551672945 147.641065555 0.99609375
v 159.982344889 342.828042896 140.839719014 0.99609375
v 159.981275405 342.973256026 147.812629523 0.99609375
v 159.647631611 343.542814543 140.5772548 0.99609375
v 159.919293135 343.147660659 148.034182403 0.99609375
v 159.94429933 343.398005425 140.23799325 0.99609375
v 159.533520593 343.909022741 147.96017831 0.99609375
v 160.060013416 343.770752351 140.464959892 0.99609375
v 159.821675001 344.109915133 148.440152359 0.99609375
v 159.600402882 344.143799838 140.512259357 0.99609375
v 159.643566611 344.292500621 147.585905017 0.99609375
v 159.790011701 344.504015217 140.025602097 0.99609375
v 159.730025157 344.441114869 148.430650159 0.99609375
v 159.729406002 344.861589048 140.659505866 0.99609375
v 159.981657265 344.71734123 148.271372219 0.99609375
v 159.960700911 344.950538315 140.71481895 0.99609375
v 159.805557368 345.323859725 148.322028284 0.99609375
v 159.683644665 345.334507012 140.109001186 0.99609375
v 159.895464644 345.6361115 147.795209645 0.99609375
v 159.51635201 345.6225204 140.585377026 0.99609375
v 159.863556911 345.954465824 148.106391818 0.99609375
v 159.710502863 345.696897134 140.62842673 0.99609375
v 159.693024817 346.20716642 148.455829436 0.99609375
v 159.586315575 346.390129284 140.004096146 0.99609375
v 159.754402702 346.016558197 148.109027315 0.99609375
v 159.777384199 346.373160858 140.871610229 0.99609375
v 159.733929528 346.288673775 148.921830329 0.99609375
v 159.892530007 346.837033661 140.962682358 0.99609375
v 159.516534786 346.708977913 148.821174212 0.99609375
v 159.833327854 346.950761851 140.654285377 0.99609375
v 159.96639939 347.284848576 148.341778325 0.99609375
v 159.701481393 347.646226759 140.312862998 0.99609375
v 160.043099675 347.6331854 148.546617096 0.99609375
v 159.721541117 347.965222254 140.588749095 0.99609375
v 159.978772846 347.675788123 148.006816943 0.99609375
v 159.887439377 347.946057842 140.201496743 0.99609375
v 159.793950637 347.921201702 148.879772011 0.99609375
v 160.072846721 348.302517118 140.617370984 0.99609375
v 159.721457238 348.534425591 148.765706812 0.99609375
v 159.765294823 348.548112298 140.774784459 0.99609375
v 159.842827999 348.790195528 148.179792856 0.99609375
v 159.947036932 348.765508214 140.458650592 0.99609375
v 159.651822838 349.14317002 148.824273615 0.99609375
v 160.05812903 348.916843548 140.82693479 0.99609375
v 160.0006742 349.138824046 148.558984851 0.99609375
v 159.600694918 349.475691724 140.850217038 0.99609375
v 159.749901282 349.240620462 149.044333205 0.99609375
v 159.573265385 349.627395257 140.438706139 0.99609375
v 159.87580442 349.913973684 148.979079348 0.99609375
v 160.048623636 349.996531593 140.959206632 0.99609375
v 160.036817086 349.790889987 149.44250456 0.99609375
v 159.969660153 350.363109721 140.814781259 0.99609375
v 159.571509588 350.49288909 148.828433838 0.99609375
v 159.790410823 350.837104025 140.967389144 0.99609375
v 159.711975132 350.356885704 148.74799231 0.99609375
v 159.869084152 351.170318112 140.506999999 0.99609375
v 159.675394972 351.136882591 149.316583042 0.99609375
v 159.603983031 351.320873339 140.515640653 0.99609375
v 159.526262493 351.423051211 148.755448603 0.99609375
v 159.87290045 351.762968974 140.953232452 0.99609375
v 159.619826194 351.748351795 148.580679012 0.99609375
v 159.728709291 351.669432167 141.969144807 0.99609375
v 159.977361934 351.916961446 149.455032368 0.99609375
v 159.822593124 351.838240762 142.982396716 0.99609375
v 159.912754329 351.865129366 149.138808243 0.99609375
v 160.026436433 352.330770086 144.164122368 0.99609375
v 160.052224431 352.069522624 149.116722044 0.99609375
v 159.732598903 352.420727285 144.482429286 0.99609375
v 159.582043145 352.840564202 149.593137663 0.99609375
v 159.850027198 352.962225021 145.020738 0.99609375
v 159.999944671 352.896674903 149.359977352 0.99609375
v 159.911642407 353.360868467 146.31289104 0.99609375
v 159.931201194 353.335529843 149.001359688 0.99609375
v 159.77446286 353.612743607 146.912061807 0.99609375
v 159.519983576 353.726558079 149.946099133 0.99609375
v 159.998776139 353.965798708 147.538383202 0.99609375
v 159.829455351 353.901430212 149.118744521 0.99609375
v 160.03763973 353.872168377 147.503082926 0.99609375
v 159.836759056 354.299871734 149.329881137 0.99609375
v 159.845789805 354.328424807 148.744299587 0.99609375
v 159.926456442 354.63850743 149.997483955 0.99609375
v 159.664620276 354.576589124 149.953173037 0.99609375
v 160.340088863 330.0826765 141.717745322 0.99609375
v 159.793795197 330.499265892 141.525881523 0.99609375
v 160.259364859 330.931710726 141.348234965 0.99609375
v 160.331697395 331.135826471 141.65005789 0.99609375
v 159.818341209 331.477332403 141.443594447 0.99609375
v 160.006811516 331.29098809 142.566444101 0.99609375
v 159.884983445 331.679335194 141.351817787 0.99609375
v 159.836348989 331.651923692 142.791485103 0.99609375
v 159.841837887 331.782816299 141.331381476 0.99609375
v 159.98149813 332.283086539 142.811772589 0.99609375
v 160.136491272 332.285698597 140.735670647 0.99609375
v 160.15902904 332.106518229 142.000268532 0.99609375
v 159.87085719 332.430912135 140.601581732 0.99609375
v 159.889767354 332.863315381 142.605758754 0.99609375
v 160.064250471 332.741359343 140.829332361 0.99609375
v 159.97679356 332.765097883 142.777340299 0.99609375
v 159.952552504 332.98027722 141.414852388 0.99609375
v 160.193092599 333.280538728 142.684201449 0.99609375
v 160.185316066 333.486644814 140.768891988 0.99609375
v 159.842017104 333.449507156 142.098355042 0.99609375
v 160.22695897 333.701156597 140.876040304 0.99609375
v 160.172915969 333.830527074 142.198848119 0.99609375
v 160.222824018 334.175117219 140.371007383 0.99609375
v 160.183978527 333.99924563 142.293394547 0.99609375
v 160.313733486 334.306889789 140.865789451 0.99609375
v 159.945591895 334.353179923 145.870781571 0.99609375
v 160.274374441 334.690210669 140.311052174 0.99609375
v 160.039721395 334.797144877 146.085349915 0.99609375
v 160.021624273 335.193299029 140.409323436 0.99609375
v 160.295010251 335.145729151 145.795012059 0.99609375
v 159.880363601 335.250697385 140.507774334 0.99609375
v 160.362962893 335.175586528 146.437287531 0.99609375
v 160.280196684 335.781918342 140.848707842 0.99609375
v 160.062197929 335.358210229 146.468388649 0.99609375
v 160.123920031 336.070283138 140.377152173 0.99609375
v 160.28290052 335.654191056 146.593610261 0.99609375
v 160.303189259 336.122965323 140.251312135 0.99609375
v 160.065511889 336.029939407 146.19527293 0.99609375
v 160.201894457 336.270497595 140.852110997 0.99609375
v 160.088993686 336.279875236 146.140059759 0.99609375
v 160.032555245 336.756534572 140.25240472 0.99609375
v 159.976327479 336.683675568 146.831567275 0.99609375
v 159.826656032 336.921865689 140.164026819 0.99609375
v 160.248868416 336.99088513 146.656101522 0.99609375
v 159.834228273 337.274318747 140.544907424 0.99609375
v 159.834687185 337.366892058 146.978646807 0.99609375
v 160.239945567 337.706022157 140.687759024 0.99609375
v 159.974729441 337.736477454 147.456523248 0.99609375
v 159.897901302 337.627919143 140.396667746 0.99609375
v 159.899824135 338.029571276 147.100626873 0.99609375
v 160.042111101 338.211445781 140.033664669 0.99609375
v 160.079830577 338.093884192 147.761627519 0.99609375
v 159.866555146 338.624819775 140.7709349 0.99609375
v 160.120519714 338.238008201 147.823847488 0.99609375
v 159.956081963 338.450079701 140.311837946 0.99609375
v 159.916139075 338.91618157 148.126200879 0.99609375
v 159.841634374 338.726131905 140.903455604 0.99609375
v 160.290201015 339.266355801 148.486732533 0.99609375
v 160.238930682 339.201582903 140.80610616 0.99609375
v 159.99297164 339.033531724 148.253389064 0.99609375
v 160.183966505 339.447782718 140.094817183 0.99609375
v 160.070437484 339.376412208 148.04121271 0.99609375
v 160.212493176 339.741075323 140.528574188 0.99609375
v 160.181143471 339.991973367 147.840830862 0.99609375
v 160.306135218 340.001380339 140.047139235 0.99609375
v 160.141936416 340.231270421 147.674414078 0.99609375
v 159.852812802 340.498763181 140.782996831 0.99609375
v 160.162364017 340.597184795 147.623105186 0.99609375
v 159.842682258 340.877526087 140.098238319 0.99609375
v 159.89659629 340.708517896 147.912686764 0.99609375
v 160.233060716 341.009037682 140.631808885 0.99609375
v 160.04613125 341.123432208 148.478414411 0.99609375
v 160.36758146 341.118589426 140.727436483 0.99609375
v 159.883644782 341.188054656 148.188312186 0.99609375
v 159.851970235 341.55858282 140.615098697 0.99609375
v 160.160185236 341.330069234 147.909751734 0.99609375
v 160.028499213 342.007028155 140.092802659 0.99609375
v 160.187551521 342.059647542 147.846087237 0.99609375
v 160.086888178 342.205368592 140.530760909 0.99609375
v 160.030199116 342.074181223 148.15680992 0.99609375
v 160.354186854 342.37336454 140.260159736 0.99609375
v 160.029105955 342.327720878 147.534152587 0.99609375
v 160.01303405 342.659084277 140.587688604 0.99609375
v 160.194694595 342.819388936 148.425177225 0.99609375
v 160.252982055 343.141065216 140.627707201 0.99609375
v 160.130572886 343.037856936 148.382357225 0.99609375
v 160.075331014 343.13618373 140.512849174 0.99609375
v 160.019377839 343.396459425 147.787173682 0.99609375
v 159.987004717 343.681868031 140.406647501 0.99609375
v 160.319933837 343.694970916 147.99089999 0.99609375
v 159.934187696 343.856655688 140.066598596 0.99609375
v 160.017404549 343.935874093 147.885015219 0.99609375
v 160.116024489 344.506285212 140.736114102 0.99609375
v 159.79030976 344.404737029 147.526069879 0.99609375
v 159.961416265 344.646201721 140.895407307 0.99609375
v 160.027316263 344.784697056 147.86164998 0.99609375
v 160.336525991 344.584894694 140.431032632 0.99609375
v 160.202318578 344.679559436 147.982745571 0.99609375
v 160.129728649 345.094448206 140.892084981 0.99609375
v 160.10210289 345.259421503 148.202803071 0.99609375
v 160.024175131 345.149580335 140.176952894 0.99609375
v 159.906816583 345.251336212 147.833684398 0.99609375
v 159.965309945 345.784672323 140.035851797 0.99609375
v 159.829553692 345.397376189 148.06402819 0.99609375
v 160.312481281 345.687699954 140.3713303 0.99609375
v 160.196967344 346.139612221 147.594288633 0.99609375
v 160.022513946 346.534868243 140.691548126 0.99609375
v 160.037378351 346.512686397 147.935046641 0.99609375
v 160.097087334 346.495774525 140.03574989 0.99609375
v 159.87476301 346.748487668 148.083358969 0.99609375
v 160.203617926 346.935283287 140.461833176 0.99609375
v 159.860013365 347.040109559 148.208735307 0.99609375
v 160.299889565 347.028324357 140.846586328 0.99609375
v 160.161486475 347.31893833 147.83227008 0.99609375
v 160.182089995 347.173647406 140.707676738 0.99609375
v 160.063636547 347.688604742 148.954909737 0.99609375
v 160.234417306 347.833797439 140.501182105 0.99609375
v 159.88882131 347.619710718 148.548617927 0.99609375
v 160.333330262 348.283835709 140.693597356 0.99609375
v 159.990377451 347.720440193 148.944138333 0.99609375
v 159.923796479 348.40360491 140.181807103 0.99609375
v 159.834824987 348.15093514 148.455691614 0.99609375
v 160.063214811 348.387764135 140.006157425 0.99609375
v 159.957190003 348.608334548 148.504464357 0.99609375
v 160.200227141 348.754143986 140.205066645 0.99609375
v 160.00633307 348.827161458 148.340084526 0.99609375
v 160.231947896 349.187846715 140.974308604 0.99609375
v 160.132261604 348.918686919 148.298725705 0.99609375
v 159.940821193 349.389612152 140.783186713 0.99609375
v 160.210928465 349.563684955 148.777877248 0.99609375
v 160.077256834 349.863863153 140.450771035 0.99609375
v 160.255357674 349.81890646 148.924294865 0.99609375
v 160.090039111 349.894214391 140.348530056 0.99609375
v 160.194967034 349.954230971 148.068883898 0.99609375
v 160.242349584 350.54226412 140.412708584 0.99609375
v 160.031139379 350.58473091 148.730880079 0.99609375
v 160.077468505 350.579878925 140.516096922 0.99609375
v 159.972466629 350.369559946 149.354725147 0.99609375
v 159.813371763 350.780199276 140.204619143 0.99609375
v 159.918181005 351.060483422 149.082200491 0.99609375
v 160.341372409 351.073782305 140.099441671 0.99609375
v 160.305559057 350.968194035 148.840040018 0.99609375
v 159.922200137 351.394364754 141.198066349 0.99609375
v 159.835652501 351.494114594 149.040270552 0.99609375
v 160.080659275 351.777584431 142.231647372 0.99609375
v 160.162860656 351.878605246 149.374630705 0.99609375
v 160.175428215 352.204161134 143.373797651 0.99609375
v 159.809047342 352.005911331 148.701497865 0.99609375
v 160.071080035 352.587629577 143.54747327 0.99609375
v 159.840423974 352.545378711 148.523293524 0.99609375
v 160.221182037 352.647370222 144.422572595 0.99609375
v 159.982534474 352.728785729 149.255026431 0.99609375
v 160.000945219 352.829997778 145.196699543 0.99609375
v 160.175289333 353.121313454 149.1543206 0.99609375
v 160.030853 352.974162556 146.325070486 0.99609375
v 160.183454771 353.430360156 149.445176021 0.99609375
v 160.172684063 353.283786764 147.901124362 0.99609375
v 160.24549174 353.24682064 148.545737907 0.99609375
v 160.270851254 353.689384453 147.614180545 0.99609375
v 160.247956507 353.836842769 149.223541351 0.99609375
v 160.200544549 353.997004508 148.247036586 0.99609375
v 160.013555472 353.902601622 149.119062745 0.99609375
v 160.294039405 354.470511349 148.824731728 0.99609375
v 160.365893351 354.18268001 149.772560391 0.99609375
v 160.01395525 354.390025754 149.475561955 0.99609375
v 160.200940131 332.705489247 141.238901721 0.99609375
v 160.366834515 333.104897563 141.750790263 0.99609375
v 160.39016195 333.360188603 141.336850557 0.99609375
v 160.337904374 333.741752945 141.709863229 0.99609375
v 160.608766514 334.235052345 141.282345634 0.99609375
v 160.568268529 334.0421104 141.769514505 0.99609375
v 160.411208912 334.509477565 140.943882251 0.99609375
v 160.511194174 334.401323658 142.431510395 0.99609375
v 160.618286713 334.921677811 140.982239134 0.99609375
v 160.259613594 334.551158344 145.566480781 0.99609375
v 160.195396285 335.14642421 141.205267651 0.99609375
v 160.514683629 334.881537395 145.699455005 0.99609375
v 160.472192648 334.977642302 141.046579995 0.99609375
v 160.299532686 335.371547108 146.451907019 0.99609375
v 160.638454706 335.741015641 141.254264012 0.99609375
v 160.243850501 335.783384371 145.913602151 0.99609375
v 160.332141146 335.699662345 140.782629944 0.99609375
v 160.279723202 336.073687156 145.949516641 0.99609375
v 160.657446549 336.284978382 141.205746045 0.99609375
v 160.104421659 335.859344236 146.84027129 0.99609375
v 160.651127901 336.652500741 140.539103365 0.99609375
v 160.601752257 336.199381549 146.081214703 0.99609375
v 160.243897917 336.833960776 140.833008929 0.99609375
v 160.433475904 336.825667232 146.62020166 0.99609375
v 160.648287966 336.87229173 140.810815001 0.99609375
v 160.130373901 336.938446946 147.12041869 0.99609375
v 160.547421249 337.479263606 140.974689625 0.99609375
v 160.637740907 337.253181444 147.396740346 0.99609375
v 160.627951096 337.305454418 140.858091445 0.99609375
v 160.634750294 337.44975883 147.242924358 0.99609375
v 160.265169599 337.60979436 141.257609298 0.99609375
v 160.230816108 337.667974739 147.743178323 0.99609375
v 160.626697531 337.862572522 141.099165 0.99609375
v 160.511263334 338.183542027 147.613581977 0.99609375
v 160.431157168 338.705013827 140.916123756 0.99609375
v 160.097569652 338.321838763 147.499496381 0.99609375
v 160.28696439 338.791610401 140.487394949 0.99609375
v 160.309175323 338.551478092 147.217353703 0.99609375
v 160.117623162 338.787097995 140.965312527 0.99609375
v 160.083001007 339.174467845 148.059284027 0.99609375
v 160.411511589 339.183119115 140.100513332 0.99609375
v 160.594573481 339.213191295 147.926001603 0.99609375
v 160.65521601 339.812476116 140.650869154 0.99609375
v 160.466426905 339.514498043 148.268852694 0.99609375
v 160.081072758 339.725252956 140.768555261 0.99609375
v 160.593645028 339.816794472 147.914036284 0.99609375
v 160.235563062 340.459005535 140.388987085 0.99609375
v 160.444684718 340.410954051 147.994937284 0.99609375
v 160.482484255 340.714876603 140.464703939 0.99609375
v 160.101150245 340.493633815 148.130016162 0.99609375
v 160.249370853 340.835533949 140.246652749 0.99609375
v 160.231562121 340.84703414 147.642811012 0.99609375
v 160.141011845 341.12897647 140.867134126 0.99609375
v 160.101278218 341.118509434 147.705963605 0.99609375
v 160.166287364 341.140852582 140.946558684 0.99609375
v 160.624457074 341.555084202 147.899938512 0.99609375
v 160.51436252 341.895864199 140.123237896 0.99609375
v 160.161115524 341.361702028 147.630797831 0.99609375
v 160.539598609 341.812291666 140.145036129 0.99609375
v 160.170671853 341.9627774 147.763114457 0.99609375
v 160.127525642 342.157503904 140.901248524 0.99609375
v 160.562163894 342.478444668 147.686663354 0.99609375
v 160.589774667 342.296788912 140.065948765 0.99609375
v 160.201441035 342.511162883 147.625084818 0.99609375
v 160.257875444 342.897709765 140.076891547 0.99609375
v 160.526134455 342.758756741 147.31852302 0.99609375
v 160.335830814 343.000843927 140.941646125 0.99609375
v 160.538403682 343.137751821 147.194652532 0.99609375
v 160.410492716 343.431862461 140.190374933 0.99609375
v 160.105309394 343.278115801 147.405779967 0.99609375
v 160.614763937 343.467594513 140.639309808 0.99609375
v 160.526096483 343.87083732 147.716009603 0.99609375
v 160.13675371 344.046138252 140.503904591 0.99609375
v 160.22335166 344.134030127 143.813603588 0.99609375
v 160.492433559 343.985214469 140.429700834 0.99609375
v 160.116007338 344.450185239 144.369350894 0.99609375
v 160.512157405 344.743266716 140.97983223 0.99609375
v 160.628073914 344.432071625 143.565316703 0.99609375
v 160.148674094 344.890049208 140.786071554 0.99609375
v 160.155127074 344.597284473 143.731868434 0.99609375
v 160.189628447 344.893112484 140.168029813 0.99609375
v 160.35068437 345.147484598 144.545987908 0.99609375
v 160.371490364 345.660647157 140.294942743 0.99609375
v 160.266463145 345.509288342 144.735666245 0.99609375
v 160.167640155 345.644105669 140.159846265 0.99609375
v 160.177533742 345.596820892 144.863125814 0.99609375
v 160.174088247 345.997867871 140.841472915 0.99609375
v 160.457517592 345.944311973 145.205613405 0.99609375
v 160.180049426 346.522937191 140.4701886 0.99609375
v 160.622945826 346.35875695 144.723315674 0.99609375
v 160.492624159 346.667304663 140.79167969 0.99609375
v 160.536520463 346.295270058 144.603964969 0.99609375
v 160.590880981 346.874437608 140.440608414 0.99609375
v 160.287793246 346.676504213 145.354211162 0.99609375
v 160.090103948 347.413657128 140.857885011 0.99609375
v 160.466577266 347.411604747 145.789010546 0.99609375
v 160.369003692 347.395818042 140.006459296 0.99609375
v 160.324528313 347.547609228 145.280043526 0.99609375
v 160.308154516 347.758919901 140.110563372 0.99609375
v 160.651551024 347.914908349 145.99116682 0.99609375
v 160.549444918 347.893132238 140.3953781 0.99609375
v 160.104661928 348.069012343 145.749231523 0.99609375
v 160.330622013 348.064394399 140.003380921 0.99609375
v 160.111070858 348.504402156 145.292837289 0.99609375
v 160.164509928 348.585554898 140.005549206 0.99609375
v 160.651156348 348.341904395 145.408013099 0.99609375
v 160.473924609 348.658975306 140.602304569 0.99609375
v 160.600063693 348.865769994 145.500047393 0.99609375
v 160.303564545 349.086874179 140.355952276 0.99609375
v 160.245228343 349.349564406 145.809148863 0.99609375
v 160.599775739 349.703260434 140.197002704 0.99609375
v 160.10894352 349.550451661 145.216170044 0.99609375
v 160.287111286 349.706943385 140.094007061 0.99609375
v 160.451284361 349.709386594 145.602514073 0.99609375
v 160.356181137 350.007392543 140.275618065 0.99609375
v 160.382683315 349.817985652 145.877034833 0.99609375
v 160.393327811 350.146360661 140.624562436 0.99609375
v 160.256371305 350.516771881 145.486787421 0.99609375
v 160.650091641 350.729905585 140.90671095 0.99609375
v 160.449086728 350.360193002 145.102802801 0.99609375
v 160.29549886 350.620265807 140.621106723 0.99609375
v 160.497790814 350.753207396 145.648235812 0.99609375
v 160.626765546 351.395184517 140.831784436 0.99609375
v 160.655407721 351.191499892 145.820634957 0.99609375
v 160.14811938 351.355125241 140.7369616 0.99609375
v 160.115901501 351.520589821 145.520133175 0.99609375
v 160.584325442 351.89046984 142.438024903 0.99609375
v 160.505891199 351.803183213 145.865452902 0.99609375
v 160.598234526 351.773634422 142.869622603 0.99609375
v 160.496408761 352.072938708 145.635464557 0.99609375
v 160.312452952 352.218859323 143.815568259 0.99609375
v 160.187999685 352.595386254 145.048834796 0.99609375
v 160.215193052 352.926188163 144.689698011 0.99609375
v 160.276641812 352.710246933 148.275245801 0.99609375
v 160.130804259 352.743506899 145.407404301 0.99609375
v 160.356814225 352.740247345 148.042984091 0.99609375
v 160.635098122 353.310222631 145.624205734 0.99609375
v 160.445050371 353.30736653 149.433308717 0.99609375
v 160.23202279 353.224531755 148.20023365 0.99609375
v 160.620267048 353.608055471 148.170728959 0.99609375
v 160.612518791 353.946578765 148.571359899 0.99609375
v 160.276560777 354.25158601 148.852470078 0.99609375
v 160.851047148 335.12852564 145.660831497 0.99609375
v 160.633640604 335.241514175 145.776074988 0.99609375
v 160.578910164 335.861206265 141.904099289 0.99609375
v 160.901369329 335.743409554 146.447127255 0.99609375
v 160.584308807 336.319232884 141.110932307 0.99609375
v 160.615365746 336.192153516 146.194881802 0.99609375
v 160.434823303 336.440099701 141.148443264 0.99609375
v 160.622946357 336.384215666 146.644041672 0.99609375
v 160.906823974 336.668603 141.537342308 0.99609375
v 160.507724192 336.651518534 146.78535019 0.99609375
v 160.504486116 337.100468211 140.8061731 0.99609375
v 160.905095339 337.150641135 146.912114095 0.99609375
v 160.731463169 337.421155869 141.29758034 0.99609375
v 160.781157068 337.299439493 146.741367273 0.99609375
v 160.451929797 337.385178896 141.38835205 0.99609375
v 160.758657295 337.63742811 147.066367386 0.99609375
v 160.878185952 337.876334132 140.846436086 0.99609375
v 160.846297308 337.898434413 146.53426265 0.99609375
v 160.592085012 338.286595846 140.830655805 0.99609375
v 160.813895879 338.270652002 147.14696153 0.99609375
v 160.541427605 338.188324904 140.875733703 0.99609375
v 160.370558544 338.158229728 147.965160324 0.99609375
v 160.734265452 338.836913468 141.271696326 0.99609375
v 160.750201488 339.000228554 147.658755864 0.99609375
v 160.646349601 339.035856781 140.972750507 0.99609375
v 160.839725238 339.028019249 147.7912262 0.99609375
v 160.617027422 339.555742416 140.877177356 0.99609375
v 160.44117968 339.058548384 147.185184159 0.99609375
v 160.560103934 339.856786495 140.853158311 0.99609375
v 160.936099084 339.350472891 148.488256263 0.99609375
v 160.934327214 340.12290939 140.76184103 0.99609375
v 160.577943132 339.880930398 147.630302386 0.99609375
v 160.41147204 340.445805941 141.476292925 0.99609375
v 160.372940516 339.983053985 147.577930413 0.99609375
v 160.695164866 340.411397007 140.55047433 0.99609375
v 160.413013909 340.450256653 147.693813385 0.99609375
v 160.439902335 340.474739287 141.324487455 0.99609375
v 160.880135307 340.994401688 147.753495299 0.99609375
v 160.686429656 341.250686037 140.639391724 0.99609375
v 160.491258355 340.860134192 148.362880363 0.99609375
v 160.481461247 341.333224966 140.63455061 0.99609375
v 160.414175377 341.082048546 147.908890247 0.99609375
v 160.621705711 341.871463883 140.934062535 0.99609375
v 160.606372519 341.606573006 147.780892323 0.99609375
v 160.518325214 342.09952403 140.867859167 0.99609375
v 160.626040751 342.115009009 147.212628087 0.99609375
v 160.667850628 341.995339182 140.731993694 0.99609375
v 160.715787548 341.911154544 142.705852627 0.99609375
v 160.484629477 342.550099081 140.774150723 0.99609375
v 160.715926523 342.267547456 143.201905094 0.99609375
v 160.941285447 342.783041529 140.178452214 0.99609375
v 160.694045907 342.783053331 142.58585482 0.99609375
v 160.698140533 343.051149647 140.329134076 0.99609375
v 160.70161938 343.049244212 143.352096892 0.99609375
v 160.897309333 343.249777519 140.913891859 0.99609375
v 160.748757796 343.484016095 143.149025466 0.99609375
v 160.714124152 343.391566071 140.923567825 0.99609375
v 160.663811713 343.939650325 143.107745973 0.99609375
v 160.389894535 343.813154634 140.970993904 0.99609375
v 160.493781878 344.222635331 143.124503906 0.99609375
v 160.513558344 344.302009968 140.800392079 0.99609375
v 160.830301901 344.090949489 142.722443769 0.99609375
v 160.936905151 344.408034427 140.280502616 0.99609375
v 160.46559261 344.710933579 143.454227656 0.99609375
v 160.849557187 344.84631453 140.629094945 0.99609375
v 160.839913797 345.011227098 143.473078074 0.99609375
v 160.918262514 345.021530997 140.153631457 0.99609375
v 160.50768394 345.172307653 143.485204678 0.99609375
v 160.706982133 345.174635382 140.760843649 0.99609375
v 160.83597747 345.44773177 143.800383699 0.99609375
v 160.67073489 345.648766632 140.058038723 0.99609375
v 160.555206186 345.716691714 143.394520364 0.99609375
v 160.579356715 346.176222446 140.227152498 0.99609375
v 160.542882372 345.999307748 143.644200371 0.99609375
v 160.637395007 346.137723365 140.528539771 0.99609375
v 160.765363336 346.450720328 143.894261039 0.99609375
v 160.763154355 346.413061216 140.210590573 0.99609375
v 160.608521352 346.767048401 144.393460019 0.99609375
v 160.866475735 346.859321661 140.263329856 0.99609375
v 160.775217785 347.084915028 144.22470315 0.99609375
v 160.725683426 347.169289278 140.629384138 0.99609375
v 160.77826074 347.312007908 143.709882454 0.99609375
v 160.477714409 347.269240226 141.012944008 0.99609375
v 160.772216951 347.273461489 144.33105168 0.99609375
v 160.538366682 347.969212021 140.343840666 0.99609375
v 160.435989983 347.677919231 144.75424378 0.99609375
v 160.488365976 348.195014273 140.647591778 0.99609375
v 160.471757359 348.022386969 144.750401087 0.99609375
v 160.888061982 348.237705175 140.330864014 0.99609375
v 160.40006642 348.011237122 144.791658316 0.99609375
v 160.60828499 348.611917332 140.68465699 0.99609375
v 160.802775625 348.650317246 144.206702011 0.99609375
v 160.88607853 348.815972617 140.759458907 0.99609375
v 160.517463021 349.081813046 144.951968828 0.99609375
v 160.860231516 349.057252554 140.679738074 0.99609375
v 160.836175775 348.979438118 145.035212914 0.99609375
v 160.839936264 349.712512324 140.567802068 0.99609375
v 160.531993224 349.477734309 145.139600834 0.99609375
v 160.45410607 349.708909492 140.432490712 0.99609375
v 160.470885842 349.893927906 145.484335507 0.99609375
v 160.905459823 350.310889896 140.163491614 0.99609375
v 160.677531272 350.288008795 145.448607203 0.99609375
v 160.754248862 350.305601947 140.902582449 0.99609375
v 160.675238391 350.283676585 144.765700994 0.99609375
v 160.877557109 350.392824699 140.707165318 0.99609375
v 160.846728413 350.647715499 144.964016261 0.99609375
v 160.599729784 350.730994273 140.007980202 0.99609375
v 160.784447787 350.690161115 145.188929855 0.99609375
v 160.683861607 350.969337778 140.198007735 0.99609375
v 160.418994598 351.114485083 144.826023875 0.99609375
v 160.376830961 351.60371401 141.026503451 0.99609375
v 160.48041663 351.744606829 144.741634422 0.99609375
v 160.376749035 351.99944671 142.395388373 0.99609375
v 160.677717361 351.814658823 145.373789181 0.99609375
v 160.561117686 351.798358369 142.726824003 0.99609375
v 160.484573132 352.046100509 145.159684662 0.99609375
v 160.938453451 352.214070012 143.778111747 0.99609375
v 160.539452624 352.095663431 145.857179223 0.99609375
v 160.821114659 352.599944087 144.795792984 0.99609375
v 160.394115199 352.471183694 145.688483434 0.99609375
v 160.676978957 352.971676462 145.656246199 0.99609375
v 161.216949682 336.27628704 145.907193333 0.99609375
v 160.890151455 336.961545756 145.591162903 0.99609375
v 161.126296159 337.10352107 145.595710981 0.99609375
v 160.858732122 337.339424011 146.236221524 0.99609375
v 161.005669726 337.282384715 146.06773537 0.99609375
v 160.757119736 337.594152593 145.593040685 0.99609375
v 161.13721348 337.744086538 146.818980868 0.99609375
v 160.982129863 338.212215592 145.935964901 0.99609375
v 160.930674929 338.015911357 147.187631642 0.99609375
v 160.708956659 338.540582737 145.594157478 0.99609375
v 161.162918758 338.404056878 146.657808304 0.99609375
v 160.734268103 338.794609436 141.668811634 0.99609375
v 161.094017014 338.649083772 147.795052205 0.99609375
v 160.974714297 339.248241235 141.011891348 0.99609375
v 161.072393698 339.077750883 147.692177065 0.99609375
v 161.222962856 339.304069344 140.678935959 0.99609375
v 160.996964295 339.427818765 147.638427186 0.99609375
v 160.781154005 339.689898113 140.615855591 0.99609375
v 161.11641484 339.726475441 147.602080815 0.99609375
v 160.930479252 339.917851218 141.079951679 0.99609375
v 160.883329197 339.774987946 147.141829907 0.99609375
v 161.005873432 340.010461078 140.6319372 0.99609375
v 160.903944423 340.182589875 147.392451235 0.99609375
v 160.766672577 340.228531672 140.728347362 0.99609375
v 160.966351978 340.621260477 147.766341002 0.99609375
v 160.904307373 340.78068112 141.275542963 0.99609375
v 161.065123739 340.479828397 147.117764591 0.99609375
v 161.176582353 341.015916143 141.294451983 0.99609375
v 160.667998534 341.306458237 141.632182975 0.99609375
v 160.898052167 341.078386693 141.370891073 0.99609375
v 161.020971564 341.132199893 142.127040397 0.99609375
v 160.936602567 341.589720591 140.529047216 0.99609375
v 160.941727383 341.40248861 141.622365038 0.99609375
v 161.13642192 341.729841354 141.482369478 0.99609375
v 160.939585475 341.99952692 141.933162744 0.99609375
v 161.225988277 342.223333706 141.020913405 0.99609375
v 161.011868454 341.920731058 142.21105548 0.99609375
v 160.95058956 342.719429213 140.882916922 0.99609375
v 160.964337929 342.573789056 142.806007598 0.99609375
v 160.908973362 342.814854195 140.836430492 0.99609375
v 161.177232854 342.626331643 142.562402849 0.99609375
v 161.119912655 342.913299589 140.910510632 0.99609375
v 160.93496812 343.151504695 142.495280118 0.99609375
v 160.896792785 343.511499263 141.345484722 0.99609375
v 161.184192186 343.167870427 142.024319632 0.99609375
v 161.207546772 343.365974145 140.8182599 0.99609375
v 160.902172525 343.65130694 142.461281372 0.99609375
v 160.748029991 343.82266655 140.654276466 0.99609375
v 161.103542754 344.113378109 142.295809721 0.99609375
v 160.960497895 344.475614537 141.059922857 0.99609375
v 160.773322307 344.341118399 142.778338703 0.99609375
v 161.103347759 344.400780194 140.915060464 0.99609375
v 160.710907182 344.42908334 142.647083771 0.99609375
v 161.235705875 344.896398678 140.666215003 0.99609375
v 161.072209386 345.025982047 142.016425102 0.99609375
v 161.100851872 344.875189069 140.510499921 0.99609375
v 160.890669395 345.088101003 142.02943081 0.99609375
v 161.047090822 345.538460939 141.31197611 0.99609375
v 161.119186689 345.594982067 142.053306356 0.99609375
v 160.745392907 345.755163422 141.240575755 0.99609375
v 160.942405325 345.710403887 142.69487477 0.99609375
v 161.218098825 345.797655163 140.902403071 0.99609375
v 160.798444305 346.225782421 143.034113372 0.99609375
v 161.167955337 346.479292204 140.904732196 0.99609375
v 161.079198904 346.319547267 143.196835526 0.99609375
v 160.858433074 346.74463237 141.138376461 0.99609375
v 161.040984974 346.589889802 143.004913461 0.99609375
v 161.038971932 346.928041117 141.143148743 0.99609375
v 161.22588749 346.824296088 142.737407422 0.99609375
v 160.98089263 346.920078536 140.592244138 0.99609375
v 160.906941434 347.106693115 143.386584519 0.99609375
v 161.129587769 347.20072405 141.441549405 0.99609375
v 161.054475802 347.595581725 143.739553941 0.99609375
v 161.208356109 347.497084797 141.196345513 0.99609375
v 160.79859312 347.750125009 143.428608142 0.99609375
v 160.958628428 347.798805242 141.049697809 0.99609375
v 160.673371652 348.236412656 143.38149889 0.99609375
v 160.94421333 348.227730629 141.429540474 0.99609375
v 160.967304612 348.387842662 143.935134375 0.99609375
v 160.691384006 348.815245569 140.754816678 0.99609375
v 160.676461122 348.687128935 143.63759999 0.99609375
v 161.031525345 348.881538375 140.967548329 0.99609375
v 161.04998185 348.697226042 144.031274255 0.99609375
v 160.881829273 349.007759403 141.329278005 0.99609375
v 160.684161992 349.153215941 144.155514115 0.99609375
v 161.047659137 349.399231762 141.261258545 0.99609375
v 160.720807664 349.609022836 144.14865731 0.99609375
v 161.156059378 349.938239036 141.062081617 0.99609375
v 160.874744668 349.523602599 144.042580989 0.99609375
v 161.223317824 350.013654068 140.786732846 0.99609375
v 161.113201165 350.147577426 144.823336127 0.99609375
v 161.115898605 350.522061506 141.158478419 0.99609375
v 160.732545559 350.252758335 144.381735045 0.99609375
v 160.734210703 350.765218387 140.848798431 0.99609375
v 161.061233467 350.870082608 144.905692669 0.99609375
v 160.780394811 351.054542318 140.793885042 0.99609375
v 161.183861716 350.75538368 144.765332347 0.99609375
v 161.00645524 351.257374156 141.318053221 0.99609375
v 160.865498888 351.187381896 144.568520644 0.99609375
v 160.891485383 351.697210655 140.844718343 0.99609375
v 161.211527614 351.369002763 144.058138768 0.99609375
v 160.698028063 351.905091595 142.31898682 0.99609375
v 161.023950732 351.498103323 144.121688387 0.99609375
v 161.064314307 352.200881806 142.978314501 0.99609375
v 161.221815513 352.341342572 144.157799804 0.99609375
v 160.902195392 352.487010986 143.892097192 0.99609375
v 160.894081536 352.276161842 145.022137093 0.99609375
v 160.769928749 352.598099066 144.589964297 0.99609375
v 161.393624206 337.720173901 146.521422582 0.99609375
v 161.224643889 337.9884618 146.242945063 0.99609375
v 161.305750302 337.854271208 146.469839024 0.99609375
v 161.054009602 338.453426223 146.666698557 0.99609375
v 161.333567559 338.790984206 146.507576882 0.99609375
v 161.202703558 339.067785197 146.352590212 0.99609375
v 161.206578204 339.29410038 146.618180389 0.99609375
v 161.065349486 339.579164513 147.04797709 0.99609375
v 161.033748813 340.076155413 147.260231284 0.99609375
v 161.284890377 347.514480787 141.90384021 0.99609375
v 161.304901901 347.971698683 141.792551763 0.99609375
v 160.950344266 348.256451804 141.708787188 0.99609375
v 160.964433626 348.131740443 142.681461676 0.99609375
v 160.961531689 348.803721318 141.099163343 0.99609375
v 161.52117126 348.463598405 142.800899521 0.99609375
v 161.244022859 349.065577501 141.048359375 0.99609375
v 161.086133047 348.912779242 142.77311429 0.99609375
v 160.977234381 348.980048322 141.975682359 0.99609375
v 161.301294001 349.116251625 143.217185506 0.99609375
v 161.174859972 349.531134475 140.796620001 0.99609375
v 161.213561175 349.717806495 143.497756356 0.99609375
v 161.236397055 349.791329385 140.672808599 0.99609375
v 161.184773138 349.631487534 143.560594076 0.99609375
v 161.293221509 349.882540301 140.877493215 0.99609375
v 161.053287782 350.161440329 143.15497151 0.99609375
v 161.487627499 350.366671579 140.713149889 0.99609375
v 161.15302919 350.07854527 143.849574259 0.99609375
v 161.359923371 350.398810632 140.701443735 0.99609375
v 161.523910418 350.782275193 143.80599706 0.99609375
v 161.416983559 350.891635757 141.434472694 0.99609375
v 160.986306231 350.985662508 143.937143165 0.99609375
v 161.193341561 351.185836753 141.19871766 0.99609375
v 161.031871514 351.237882006 143.565544889 0.99609375
v 161.197192463 351.543564488 140.93647399 0.99609375
v 161.417743047 351.261949163 143.693877964 0.99609375
v 161.228515053 351.928514184 142.138477638 0.99609375
v 161.417359313 351.670849289 143.876418572 0.99609375
v 161.460293652 351.902119087 142.829878134 0.99609375
v 161.169224567 352.326749011 144.322833433 0.99609375
v 161.223447759 352.625828723 144.179065343 0.99609375
v 146.666016638 326.843842381 136.92880281 0.99609375
v 148.945276914 326.92787825 137.278555622 0.99609375
v 146.479478656 327.610259481 136.760402543 0.99609375
v 146.331439442 326.961225552 137.168867336 0.99609375
v 157.117760647 327.127008847 137.43775357 0.99609375
v 146.623560762 327.440599536 137.010676311 0.99609375
v 156.642738808 327.190152306 137.005033136 0.99609375
v 146.609469586 327.436929222 137.281615731 0.99609375
v 157.153890524 327.824537235 137.713637378 0.99609375
v 146.580417661 328.272957326 137.217066039 0.99609375
v 156.623575058 327.89072162 137.818472226 0.99609375
v 146.740444981 328.303328292 137.182786571 0.99609375
v 156.851233088 328.399144828 137.171936891 0.99609375
v 146.686159468 328.604203883 137.193822227 0.99609375
v 156.649722472 328.355538027 137.570110265 0.99609375
v 146.974721041 329.096638736 137.977990665 0.99609375
v 156.930431817 328.987347557 137.355200762 0.99609375
v 146.962837958 329.260728763 137.20721948 0.99609375
v 156.847587684 328.876968439 137.418379029 0.99609375
v 150.063394176 329.227019669 137.450043375 0.99609375
v 157.089761826 329.692196476 137.538636639 0.99609375
v 152.310688831 329.573679344 137.745856149 0.99609375
v 156.583330506 329.505220291 137.372967862 0.99609375
v 154.569648892 329.785204492 137.532890483 0.99609375
v 156.881792645 330.036456898 137.442894204 0.99609375
v 155.659857319 330.565901184 137.265114091 0.99609375
v 156.835115574 330.557684243 137.257676177 0.99609375
v 156.178481349 330.418666475 137.786084076 0.99609375
v 156.47461539 330.555320185 137.761554325 0.99609375
v 156.229913622 331.179165575 137.678939964 0.99609375
v 156.476573318 331.400175287 137.538848445 0.99609375
v 156.647920635 331.393404265 137.347284331 0.99609375
v 156.364289983 331.536532923 137.531141286 0.99609375
v 146.303574556 327.356268022 137.54498538 0.99609375
v 157.257403912 327.629324668 137.807550123 0.99609375
v 146.623298949 327.915105419 137.989732436 0.99609375
v 157.427622924 327.875237456 138.4790839 0.99609375
v 146.732712505 327.915292727 137.583543897 0.99609375
v 157.468843023 328.270602451 137.925599189 0.99609375
v 146.659691237 328.095839369 137.807349617 0.99609375
v 156.909576974 328.048238674 138.106703459 0.99609375
v 146.512471342 328.845838466 137.648405982 0.99609375
v 157.213397797 328.792224284 138.215152912 0.99609375
v 146.820860687 329.112192815 138.288152942 0.99609375
v 157.310661327 328.703865887 137.744602266 0.99609375
v 146.970236673 328.916067494 138.264729077 0.99609375
v 156.964454117 329.187202645 138.101864209 0.99609375
v 146.519434942 329.658472535 138.411339884 0.99609375
v 157.261279073 329.341449349 138.35647326 0.99609375
v 146.788735697 329.893445894 137.783933583 0.99609375
v 156.968881769 329.561057704 137.510934004 0.99609375
v 146.988361321 329.857998977 137.597918144 0.99609375
v 157.074698556 329.757151302 137.978686376 0.99609375
v 146.798940885 330.484699541 137.82572309 0.99609375
v 157.367115566 330.168122493 137.956287175 0.99609375
v 147.168768209 330.795562119 137.652251656 0.99609375
v 157.174444946 330.535380752 138.375971042 0.99609375
v 146.750111701 330.931760186 138.065348574 0.99609375
v 157.06722497 330.821555216 137.62779117 0.99609375
v 147.15028609 331.396165063 137.681764566 0.99609375
v 157.319336417 330.954699635 138.194089208 0.99609375
v 147.090520984 331.679588898 137.74304083 0.99609375
v 157.239317641 331.537265995 137.952201437 0.99609375
v 147.088277451 331.83482924 137.805729547 0.99609375
v 157.342268 331.51113076 138.156133646 0.99609375
v 147.046882078 331.773377031 138.487123125 0.99609375
v 157.066057331 331.884479784 138.288311743 0.99609375
v 147.089780767 332.608290584 137.792601835 0.99609375
v 157.195628877 332.554194772 138.098495968 0.99609375
v 147.010230932 332.850433869 137.815637018 0.99609375
v 157.415453522 332.728631004 138.446965498 0.99609375
v 147.4895395 333.020812155 137.901407271 0.99609375
v 156.907105426 332.720733658 137.766532754 0.99609375
v 147.229275146 333.134503192 137.9064407 0.99609375
v 157.237895448 333.191258919 137.518938041 0.99609375
v 148.102979894 333.24270765 138.285026462 0.99609375
v 156.933467519 333.492578834 138.35208844 0.99609375
v 149.262786533 333.678372936 137.702069905 0.99609375
v 156.970460761 334.006864798 138.112214436 0.99609375
v 152.935934338 334.325727072 138.374246234 0.99609375
v 157.154393729 333.95011137 138.266337898 0.99609375
v 155.770840412 334.200665512 138.033559057 0.99609375
v 157.005853508 334.209184537 138.062826531 0.99609375
v 156.777106221 334.657263457 138.059603861 0.99609375
v 146.59135382 327.215752637 138.318612422 0.99609375
v 158.03896698 327.49037823 138.190158948 0.99609375
v 146.287876799 327.547823922 138.675255678 0.99609375
v 157.942217443 327.591527605 138.303458019 0.99609375
v 146.205317182 328.088159544 138.777818136 0.99609375
v 157.8647614 328.011353948 138.868854017 0.99609375
v 146.475435391 328.223947153 138.878568208 0.99609375
v 157.78524886 328.03853278 138.828797952 0.99609375
v 146.677421966 328.370304099 138.946055407 0.99609375
v 157.979520084 328.375452423 138.277583218 0.99609375
v 146.46022701 328.61272628 138.967528384 0.99609375
v 157.706300078 328.810494088 138.144862746 0.99609375
v 146.211039852 329.072916389 138.480043173 0.99609375
v 157.612109782 329.063693054 138.085391381 0.99609375
v 146.626334823 329.202702004 138.567371184 0.99609375
v 157.89100596 329.546027012 138.644566442 0.99609375
v 146.661294459 329.580986361 138.007443211 0.99609375
v 157.92756102 329.870342586 138.015421787 0.99609375
v 146.763804882 330.288870716 138.719139034 0.99609375
v 157.704264932 330.293788787 138.350044162 0.99609375
v 146.703821431 330.199110416 138.829311368 0.99609375
v 157.96821751 330.230244706 138.988213214 0.99609375
v 146.617896162 330.707356884 138.207418766 0.99609375
v 158.002935875 330.862816256 138.830335508 0.99609375
v 146.963529717 330.98438137 138.80124675 0.99609375
v 157.767116934 330.713782958 138.543596319 0.99609375
v 146.839177428 330.896520711 138.313636032 0.99609375
v 157.834586992 331.376462927 138.936563938 0.99609375
v 146.858196749 331.355195392 138.274476399 0.99609375
v 157.575053011 331.425901511 138.222813224 0.99609375
v 146.836778993 332.010501509 138.391407515 0.99609375
v 157.808722411 331.833040223 138.306076509 0.99609375
v 147.279300475 332.213937105 138.944125052 0.99609375
v 157.602505101 332.295671063 138.658127238 0.99609375
v 146.862499371 332.171668882 138.803968141 0.99609375
v 157.968206817 332.533507248 138.517768766 0.99609375
v 146.975461269 332.882124949 138.995063492 0.99609375
v 157.88617657 332.781778867 138.52541167 0.99609375
v 147.10389908 332.884633154 138.933362118 0.99609375
v 157.564906128 332.836692724 138.7288417 0.99609375
v 146.758933874 333.340474736 138.100987998 0.99609375
v 157.352255372 333.241422812 138.436916116 0.99609375
v 147.093042476 333.403460991 138.609615708 0.99609375
v 157.655488311 333.210260965 138.841169244 0.99609375
v 146.857963642 333.538027655 138.523923893 0.99609375
v 157.600088171 334.069696043 138.681067283 0.99609375
v 147.479365152 334.08474209 138.527092976 0.99609375
v 157.371102671 334.138218988 138.439609687 0.99609375
v 147.394924168 334.624061571 138.617995563 0.99609375
v 157.700751345 334.572937179 138.102256295 0.99609375
v 147.299419603 334.709957457 138.342230298 0.99609375
v 157.454291083 334.907911855 138.346432508 0.99609375
v 147.032003811 335.029747156 138.938331084 0.99609375
v 157.634453884 334.745525122 138.029056941 0.99609375
v 147.276796751 335.244776082 138.629431504 0.99609375
v 157.74641484 335.403225543 138.902688966 0.99609375
v 147.344985582 335.740602794 138.525100308 0.99609375
v 157.118840997 335.591758794 138.21323197 0.99609375
v 155.989838149 335.848346853 138.885282274 0.99609375
v 157.013168433 335.558091167 138.713510843 0.99609375
v 156.315205627 335.835857181 138.968154667 0.99609375
v 156.904143132 336.375976582 138.440541915 0.99609375
v 156.679804667 336.31567817 138.323378226 0.99609375
v 157.450870492 336.456304913 138.787911267 0.99609375
v 157.845538017 327.559718768 138.949411726 0.99609375
v 146.22305143 327.637000308 139.042513246 0.99609375
v 158.509843063 327.768103286 139.06003578 0.99609375
v 146.509808807 327.829778176 139.264447805 0.99609375
v 158.424383597 327.768139544 138.716917291 0.99609375
v 146.655303627 328.546432232 139.425441699 0.99609375
v 158.3259389 328.144541705 139.060370955 0.99609375
v 146.23428588 328.39144404 138.814078531 0.99609375
v 158.576663179 328.524362169 139.189614647 0.99609375
v 146.355741706 328.781212384 139.000076711 0.99609375
v 158.063137692 328.841458138 138.68290927 0.99609375
v 146.340236697 329.281723941 139.471632408 0.99609375
v 158.573842705 329.082001267 138.516400518 0.99609375
v 146.594085828 329.215096909 138.954365348 0.99609375
v 158.181373627 329.279864997 138.561077126 0.99609375
v 146.47827933 329.496532799 139.004343628 0.99609375
v 158.627300674 329.813586481 139.201639013 0.99609375
v 146.595039348 329.898391428 138.856035035 0.99609375
v 158.438415048 329.810494822 139.370112129 0.99609375
v 146.648672151 330.10043947 138.510370405 0.99609375
v 158.307335274 330.145408036 138.921605884 0.99609375
v 146.768024541 330.676059299 139.144257527 0.99609375
v 158.138043406 330.798221312 139.433561886 0.99609375
v 146.860859299 330.74492353 139.142415935 0.99609375
v 158.207236047 330.882470218 138.528636966 0.99609375
v 146.837201013 330.971230204 139.462723327 0.99609375
v 158.074760437 331.025422601 138.941789186 0.99609375
v 146.839640949 331.742331408 138.780499729 0.99609375
v 158.159104206 331.61324876 138.50879754 0.99609375
v 146.596119085 331.641047134 139.460878108 0.99609375
v 158.203390215 332.014058307 138.658542077 0.99609375
v 146.574207542 331.957666435 138.554069112 0.99609375
v 157.800503349 332.147500937 138.697220557 0.99609375
v 147.306907945 332.304106642 139.106069791 0.99609375
v 158.123315249 332.187934278 139.471610421 0.99609375
v 146.995253842 332.465702049 139.131817435 0.99609375
v 157.927142141 332.38649286 139.185304918 0.99609375
v 147.249556914 332.821189173 138.512096442 0.99609375
v 157.792671323 333.182410618 138.614004022 0.99609375
v 146.83162056 333.459538723 139.490935648 0.99609375
v 158.053072355 333.278546704 138.8323782 0.99609375
v 147.051916833 333.330125428 138.770365729 0.99609375
v 157.907300234 333.377229354 138.829308812 0.99609375
v 147.286330251 334.028854434 138.731727595 0.99609375
v 158.116660221 333.835726082 139.160375044 0.99609375
v 146.780453663 334.169651253 139.247658778 0.99609375
v 158.01657449 333.976120137 139.452328487 0.99609375
v 146.897441879 334.470104265 138.881745374 0.99609375
v 158.026993692 334.363134141 139.088171628 0.99609375
v 146.834582769 334.713707573 139.088722327 0.99609375
v 158.021589177 334.409332306 138.575196742 0.99609375
v 147.310403155 335.20770869 138.803261585 0.99609375
v 157.791048806 334.677582126 138.918757607 0.99609375
v 146.778904808 335.132310078 139.244933526 0.99609375
v 158.259454095 334.98893168 139.276393352 0.99609375
v 147.08926761 335.510290556 138.88715098 0.99609375
v 157.875333471 335.440182219 138.830670867 0.99609375
v 146.956983967 335.752621304 139.274948183 0.99609375
v 157.729447455 335.626207027 139.084042128 0.99609375
v 146.968205181 336.154384711 138.903596041 0.99609375
v 157.64434943 335.973664824 138.514987003 0.99609375
v 147.013968742 336.622584579 138.864551375 0.99609375
v 157.869953397 336.307045749 139.487654935 0.99609375
v 146.74913215 336.735632127 138.750304605 0.99609375
v 157.697367832 336.60497702 138.802196613 0.99609375
v 147.1081438 337.039763504 139.283907287 0.99609375
v 157.583747663 336.975171613 138.903678302 0.99609375
v 147.116909469 337.410892832 138.70167488 0.99609375
v 157.801523435 337.220535783 138.631205871 0.99609375
v 146.8390695 337.501493624 138.86708588 0.99609375
v 157.656287527 337.321013717 139.051481005 0.99609375
v 146.894002522 338.004880244 139.389133408 0.99609375
v 157.667441876 338.096613697 139.10377811 0.99609375
v 146.872233734 337.992500088 139.305328718 0.99609375
v 157.204783773 337.872085474 138.535841206 0.99609375
v 147.187627498 338.408066054 139.066027141 0.99609375
v 157.602682807 338.169964101 138.579036686 0.99609375
v 147.239003241 338.612673312 139.070632168 0.99609375
v 157.330589107 338.796333223 138.619594297 0.99609375
v 157.156894672 338.992345735 139.199508622 0.99609375
v 157.353391253 339.067470457 139.473552077 0.99609375
v 157.406404649 339.503806496 139.091492763 0.99609375
v 146.367974221 327.987903319 139.132646116 0.99609375
v 159.115028803 327.467486896 139.855573985 0.99609375
v 146.345339223 327.947237419 139.805901566 0.99609375
v 159.146537844 328.085109786 139.473241881 0.99609375
v 146.588655923 328.324013942 139.225162514 0.99609375
v 158.633125429 327.996251868 139.080898184 0.99609375
v 146.420833238 328.373594669 139.058359317 0.99609375
v 158.751402477 328.828292091 139.530357484 0.99609375
v 146.444179544 328.834154669 139.290466613 0.99609375
v 159.180599657 328.919239002 139.419491662 0.99609375
v 146.221440701 329.00307737 139.890528644 0.99609375
v 158.80617446 329.116516688 139.911768459 0.99609375
v 146.715538116 329.729075165 139.207434325 0.99609375
v 158.739727003 329.390863255 139.056093686 0.99609375
v 146.181829474 329.556466128 139.805411632 0.99609375
v 158.760592232 329.590725472 139.252467896 0.99609375
v 146.520693766 329.940236876 139.190789697 0.99609375
v 158.413909788 329.847515866 139.198286812 0.99609375
v 146.380501 330.383872185 139.945197079 0.99609375
v 158.916021045 330.118132452 139.356007188 0.99609375
v 146.386849026 330.359680441 139.651681326 0.99609375
v 158.675454373 330.786461974 139.645285157 0.99609375
v 146.557462153 330.692045492 139.511440691 0.99609375
v 158.67619596 330.945054422 139.937334501 0.99609375
v 146.831109328 331.367845411 139.218814068 0.99609375
v 158.676258419 331.287448849 139.861424035 0.99609375
v 146.544336252 331.319094024 139.687269104 0.99609375
v 158.79202895 331.548613769 139.423335817 0.99609375
v 146.459431814 331.600209099 139.941667421 0.99609375
v 158.516582934 331.631958396 139.377225294 0.99609375
v 146.745421166 332.111494603 139.594104919 0.99609375
v 158.396505599 332.087865534 139.529074824 0.99609375
v 146.601217512 332.528159289 139.886049612 0.99609375
v 158.447932402 332.097865721 139.709483053 0.99609375
v 146.727418607 332.726465195 139.452464414 0.99609375
v 158.868085336 332.440926728 139.10039837 0.99609375
v 146.930126469 332.701198924 139.163686798 0.99609375
v 158.771072357 333.182196263 139.207592495 0.99609375
v 147.004025349 333.373325886 139.407404723 0.99609375
v 158.675232084 333.069327763 139.884194695 0.99609375
v 146.954596039 333.740561751 139.584851791 0.99609375
v 158.483793967 333.678452681 139.191782622 0.99609375
v 146.690582231 333.932160591 139.00843158 0.99609375
v 158.706126032 333.622457801 139.007137534 0.99609375
v 146.858499981 334.129919209 139.303315612 0.99609375
v 158.513747671 334.011360127 139.438011098 0.99609375
v 146.698510985 334.407706153 139.468176246 0.99609375
v 158.659374042 334.240998302 139.698604228 0.99609375
v 146.704819779 334.775413334 139.233978325 0.99609375
v 158.565064097 334.5420607 139.714541105 0.99609375
v 146.457041763 335.140958171 139.743666984 0.99609375
v 158.112746172 334.76291313 139.627003868 0.99609375
v 146.853425821 335.390742422 139.394451387 0.99609375
v 158.409126275 335.377080385 139.911984197 0.99609375
v 146.611191875 335.453308417 139.157727143 0.99609375
v 158.408855931 335.447440235 139.990284154 0.99609375
v 146.491816945 335.750058744 139.708778549 0.99609375
v 158.493158396 336.03673205 139.480253103 0.99609375
v 146.550189094 336.17500697 139.046077218 0.99609375
v 158.543263154 336.036400722 139.478372288 0.99609375
v 146.74612616 336.113574607 139.860569522 0.99609375
v 158.300591823 336.564428613 139.918252709 0.99609375
v 146.712924488 336.634689272 139.781029078 0.99609375
v 158.290478195 336.672497542 139.925130921 0.99609375
v 146.457893354 337.252657675 139.869855681 0.99609375
v 158.370434965 337.205590625 139.762236978 0.99609375
v 146.951333391 337.398235205 139.112992812 0.99609375
v 158.592697742 337.381728996 139.488054568 0.99609375
v 146.599432438 337.593074647 139.106564658 0.99609375
v 158.072441365 337.377859181 139.293015505 0.99609375
v 146.476743193 337.66615768 139.468518209 0.99609375
v 158.054688376 337.890995932 139.894471033 0.99609375
v 146.536531412 338.315315201 139.446055679 0.99609375
v 158.074933874 338.282434466 139.924045447 0.99609375
v 146.860412571 338.675936709 139.666074899 0.99609375
v 158.100193765 338.716524476 139.08818955 0.99609375
v 146.468856078 338.759331212 139.757951213 0.99609375
v 158.317858239 338.580746027 139.878545623 0.99609375
v 146.484701666 339.241285469 139.507711413 0.99609375
v 157.870681458 339.255597989 139.685509628 0.99609375
v 146.952729405 339.148657172 139.656925603 0.99609375
v 158.219712544 339.067049865 139.687086998 0.99609375
v 147.041491668 339.783456298 139.896459195 0.99609375
v 158.171347889 339.338752516 139.902185843 0.99609375
v 146.884892537 340.086523085 139.151250114 0.99609375
v 157.892215172 340.139381112 139.314753008 0.99609375
v 146.74688392 340.217178337 139.148433674 0.99609375
v 157.857310352 340.144685189 139.673209961 0.99609375
v 146.807840659 340.468717991 139.865761011 0.99609375
v 157.995989276 340.564279815 139.721601602 0.99609375
v 147.097843232 341.012695052 139.118903288 0.99609375
v 157.56629266 340.998787886 139.412724263 0.99609375
v 146.914112305 340.956440431 139.85032606 0.99609375
v 157.654457423 341.14562883 139.502153538 0.99609375
v 147.239082951 341.604860991 139.170551334 0.99609375
v 148.47980501 341.279867362 139.252378064 0.99609375
v 146.745597615 341.485346709 139.42306155 0.99609375
v 147.854636335 341.331916537 139.206162079 0.99609375
v 146.865025884 341.901315005 139.724266232 0.99609375
v 147.306445678 342.025389829 139.452085157 0.99609375
v 146.285041176 327.463258161 140.358999053 0.99609375
v 159.362792084 327.98799807 140.238802275 0.99609375
v 145.998455501 327.764437088 139.642736928 0.99609375
v 159.26472774 328.14848312 140.229378114 0.99609375
v 145.876547331 328.321813561 140.284076521 0.99609375
v 159.237757275 328.332063551 140.228524398 0.99609375
v 146.37911795 328.590921424 139.826118086 0.99609375
v 159.518604445 328.45384344 140.49126255 0.99609375
v 146.295309187 328.941996645 140.282309266 0.99609375
v 159.513382327 329.115656453 139.976753682 0.99609375
v 146.302819397 329.124974586 140.383675032 0.99609375
v 158.984421196 329.25992975 139.574126207 0.99609375
v 146.288100999 329.476086793 139.600537127 0.99609375
v 159.037847543 329.202978328 139.51583036 0.99609375
v 146.697067034 329.446607854 140.189368442 0.99609375
v 159.217322344 330.01387005 139.644034014 0.99609375
v 146.641366918 330.013355068 139.968845398 0.99609375
v 159.000648846 330.154151845 139.701896664 0.99609375
v 146.546442076 330.557121938 139.963418267 0.99609375
v 159.21368223 330.416374999 139.944804745 0.99609375
v 146.513950288 330.526050784 140.369235954 0.99609375
v 158.769450591 330.326632254 140.025492097 0.99609375
v 146.402405185 330.732169892 140.43913064 0.99609375
v 158.700564636 330.804981857 140.233365275 0.99609375
v 146.441635091 331.300284185 140.149506202 0.99609375
v 159.193464261 331.179098814 140.061944787 0.99609375
v 146.351199775 331.556390407 139.835558226 0.99609375
v 158.983880872 331.721637152 139.950034499 0.99609375
v 146.677770985 332.02465617 140.328440618 0.99609375
v 159.073281459 331.71944701 140.320290442 0.99609375
v 146.442965739 332.136992906 140.312150731 0.99609375
v 158.884414452 332.157271678 139.754983655 0.99609375
v 146.591309432 332.57567597 139.931432165 0.99609375
v 159.113446564 332.577485144 140.431702971 0.99609375
v 146.375835959 332.689738107 140.026116363 0.99609375
v 159.142823438 332.359178289 139.961712632 0.99609375
v 146.566135909 332.809534831 140.087943171 0.99609375
v 158.974454588 333.053715294 140.210288276 0.99609375
v 146.951767712 333.026826085 140.123870566 0.99609375
v 159.023490914 333.40880841 140.038923069 0.99609375
v 146.600348809 333.437560378 139.594842148 0.99609375
v 158.697459356 333.760087193 139.732707798 0.99609375
v 146.327117882 333.670100907 140.00375503 0.99609375
v 158.84278045 333.89804449 139.626621925 0.99609375
v 146.221513685 333.868654233 139.929242114 0.99609375
v 158.731712967 334.270503071 139.75448237 0.99609375
v 146.417591488 334.114743993 140.454998448 0.99609375
v 159.080696515 334.642583016 139.821950961 0.99609375
v 146.72654211 334.707988976 139.63395539 0.99609375
v 158.672342194 334.777597261 140.254062452 0.99609375
v 146.424074563 335.020560003 140.365334751 0.99609375
v 159.120525672 334.70986441 140.067024927 0.99609375
v 146.298395325 335.434775744 139.806505725 0.99609375
v 159.161592311 335.126584011 140.016886456 0.99609375
v 146.441699313 335.34684047 139.529120584 0.99609375
v 158.919573244 335.672805899 140.475206768 0.99609375
v 146.70419493 335.906101436 140.434886534 0.99609375
v 158.699206552 335.717640562 139.887015354 0.99609375
v 146.265076898 335.985352091 139.819700375 0.99609375
v 159.157303924 336.363271931 139.65316043 0.99609375
v 146.17645854 336.492303726 139.694714468 0.99609375
v 158.846262302 336.537536391 140.442410939 0.99609375
v 146.532908096 336.859243019 140.277180701 0.99609375
v 158.728615415 336.832931677 140.377027356 0.99609375
v 146.501927524 336.939281846 139.934507052 0.99609375
v 158.952191394 337.139081055 139.816993156 0.99609375
v 146.728461408 337.127336964 140.326497332 0.99609375
v 159.162579623 337.282700205 140.112154896 0.99609375
v 146.723840759 337.382322668 140.311606661 0.99609375
v 159.120317525 337.369164046 139.826978086 0.99609375
v 146.357708939 337.893121997 140.421060144 0.99609375
v 158.883489643 338.050446104 139.859275026 0.99609375
v 146.706577409 338.228968743 139.52540323 0.99609375
v 158.508450872 337.903740053 139.62919364 0.99609375
v 146.449118359 338.379983208 139.713554906 0.99609375
v 158.888022563 338.188117471 139.626125529 0.99609375
v 146.229548869 338.510661149 139.538830795 0.99609375
v 158.389164136 338.986692103 139.700794711 0.99609375
v 146.303747902 338.978788043 140.420529347 0.99609375
v 158.603344961 338.729009633 139.7279927 0.99609375
v 146.389587538 339.589663845 140.269794042 0.99609375
v 158.435926422 339.202150089 140.13770558 0.99609375
v 146.574402862 339.505461986 139.898069981 0.99609375
v 158.350338986 339.546143638 140.323020441 0.99609375
v 146.273615733 339.773979934 140.277644078 0.99609375
v 158.768850706 340.075221017 139.651223369 0.99609375
v 146.886904336 340.208160185 140.169272172 0.99609375
v 158.524919058 340.218691321 140.468377547 0.99609375
v 146.482902886 340.25995371 140.362617224 0.99609375
v 158.834616859 340.323606993 140.205309179 0.99609375
v 146.915456606 340.940500749 140.498346937 0.99609375
v 158.626082701 340.592901441 140.131980927 0.99609375
v 146.888960495 340.853334653 140.397078068 0.99609375
v 158.650981549 341.171211229 139.942395762 0.99609375
v 146.779253753 341.238710316 140.326150514 0.99609375
v 158.477491596 341.251036957 140.189627557 0.99609375
v 146.809345011 341.402346417 139.582819006 0.99609375
v 158.898701738 341.79910508 139.936961435 0.99609375
v 146.901667555 342.00738661 140.484720059 0.99609375
v 158.648787532 341.720129858 139.741403175 0.99609375
v 146.695084512 342.32411796 139.529835542 0.99609375
v 158.613426427 342.07814465 140.275702266 0.99609375
v 146.924963808 342.674741265 139.873985904 0.99609375
v 158.444404631 342.568595361 140.243948369 0.99609375
v 146.579677635 342.763967527 140.328963325 0.99609375
v 158.848526295 342.67777263 139.546129978 0.99609375
v 146.672106771 343.339420595 140.252718306 0.99609375
v 158.504195627 342.956586487 140.110257637 0.99609375
v 146.729496927 343.537019057 139.719134919 0.99609375
v 158.627964273 343.376635583 140.069802832 0.99609375
v 146.977664707 343.789213484 139.898120564 0.99609375
v 158.801959661 343.489908465 140.199053668 0.99609375
v 146.503540769 343.969779741 139.98489467 0.99609375
v 158.347578298 343.931242625 140.278580217 0.99609375
v 146.622360028 344.070472161 139.893155563 0.99609375
v 158.48868424 344.513065458 140.118622465 0.99609375
v 146.926137535 344.316569861 140.294376119 0.99609375
v 158.913458713 344.255488574 139.503749495 0.99609375
v 146.703191006 344.544028586 139.868751169 0.99609375
v 158.54290251 344.680232633 139.635405344 0.99609375
v 146.747390017 345.368537985 139.905491583 0.99609375
v 158.870588847 344.851934596 140.299012384 0.99609375
v 147.030204004 345.579418874 140.127373914 0.99609375
v 158.61686915 345.469112917 139.551503857 0.99609375
v 146.741449682 345.519159339 139.805037651 0.99609375
v 158.664893011 345.393079154 140.02224223 0.99609375
v 147.179310707 345.986477476 140.496346415 0.99609375
v 158.401257265 345.95720927 140.190361716 0.99609375
v 147.20624937 346.153420578 140.227772825 0.99609375
v 158.264576239 346.175214381 139.660377523 0.99609375
v 146.930948448 346.431475924 139.653143824 0.99609375
v 158.447678194 346.802831062 139.580083539 0.99609375
v 147.107445183 347.029353787 140.330918363 0.99609375
v 158.44562215 346.559338498 139.738754122 0.99609375
v 146.991026647 346.93106394 139.871956888 0.99609375
v 158.383423492 346.942702111 140.329775105 0.99609375
v 147.06698307 347.296398026 140.386873616 0.99609375
v 158.384008912 347.238586662 140.326082939 0.99609375
v 147.207734981 347.516930228 139.739973211 0.99609375
v 158.513310626 347.785053959 139.719726472 0.99609375
v 147.017284793 347.944943941 140.124600556 0.99609375
v 158.3478257 348.235648297 140.146025708 0.99609375
v 147.275297776 348.307582875 140.410244548 0.99609375
v 158.230931222 348.456163499 139.648023239 0.99609375
v 147.600159817 348.679558978 139.866558809 0.99609375
v 158.204370977 348.506056485 139.870158314 0.99609375
v 147.30946752 348.72995225 139.956411095 0.99609375
v 158.462375184 349.011897426 139.588740216 0.99609375
v 147.52935474 349.239374873 139.638540658 0.99609375
v 158.374035504 349.010685364 140.040062915 0.99609375
v 147.041360587 349.69070369 140.194792182 0.99609375
v 158.350292358 349.640120431 139.624685904 0.99609375
v 147.231368625 349.602753579 139.764602298 0.99609375
v 158.309223024 349.940565235 140.071585295 0.99609375
v 147.087591058 350.201019808 140.387170278 0.99609375
v 158.215496381 350.056133414 139.566152698 0.99609375
v 147.381280022 350.290115893 139.781893515 0.99609375
v 158.191807424 350.152266575 139.815557594 0.99609375
v 147.221883043 350.558742791 139.922496858 0.99609375
v 158.603209832 350.899349304 139.823651868 0.99609375
v 147.321676116 350.742779807 140.058319231 0.99609375
v 158.431327737 351.129465925 139.875891175 0.99609375
v 146.401387191 327.716382514 140.929762148 0.99609375
v 159.530124198 327.912141299 140.382313558 0.99609375
v 145.971817431 328.020323254 140.099977126 0.99609375
v 159.268008269 327.895018288 140.308798104 0.99609375
v 146.311761888 328.52751303 140.361936235 0.99609375
v 159.320077675 328.055150702 140.588284576 0.99609375
v 146.418702437 328.480134362 140.000613219 0.99609375
v 159.476727369 328.608743849 140.239253591 0.99609375
v 146.405455434 328.614341588 140.365513937 0.99609375
v 159.241032399 328.819347908 140.987741645 0.99609375
v 146.420928085 329.107807847 140.331854763 0.99609375
v 159.289989676 329.424856856 140.383646768 0.99609375
v 146.44584633 329.379772075 140.267176663 0.99609375
v 159.691681959 329.428577373 140.544121706 0.99609375
v 146.20226554 329.8271167 140.696659568 0.99609375
v 159.737453634 329.963055443 140.079150619 0.99609375
v 146.149022545 330.009336793 140.357753495 0.99609375
v 159.393418507 330.18795915 140.699112426 0.99609375
v 146.378053935 330.580023712 140.006596001 0.99609375
v 159.54324733 330.406198665 140.557777964 0.99609375
v 146.379096975 330.738411355 140.673274073 0.99609375
v 159.574353576 330.570078818 140.448934469 0.99609375
v 146.443559104 330.794382763 140.528184214 0.99609375
v 159.226624952 330.62205664 140.916243839 0.99609375
v 145.920572986 331.032326425 140.743432938 0.99609375
v 159.415120297 331.431464828 140.439640768 0.99609375
v 146.263573995 331.602529249 140.327507528 0.99609375
v 159.659673591 331.431958878 140.910893768 0.99609375
v 146.634100238 331.545204112 140.055303132 0.99609375
v 159.523395395 331.703619335 140.73355433 0.99609375
v 146.298260321 332.24200878 140.354732803 0.99609375
v 159.419209677 331.823444301 140.559667291 0.99609375
v 146.711449795 332.221504089 140.268170538 0.99609375
v 159.627945419 332.340186941 140.78754956 0.99609375
v 146.261949331 332.662807652 140.142907069 0.99609375
v 159.390185547 332.904604946 140.715258195 0.99609375
v 146.365200981 333.113948069 140.325485729 0.99609375
v 159.564705333 333.130979089 140.784132381 0.99609375
v 146.6544893 333.279901517 140.497700268 0.99609375
v 159.77720393 333.027741544 140.391782695 0.99609375
v 146.611114423 333.355479313 140.70176043 0.99609375
v 159.920021581 333.604067785 140.909308316 0.99609375
v 146.49353978 333.999439652 140.045126336 0.99609375
v 159.895796472 334.043634891 140.516429075 0.99609375
v 146.333313329 334.152515428 140.309387427 0.99609375
v 159.723633128 333.803743646 140.772898058 0.99609375
v 146.194287899 334.577347395 140.628014608 0.99609375
v 159.312776186 334.180828572 140.017104592 0.99609375
v 146.077215798 334.701880671 140.671233884 0.99609375
v 159.54758734 334.408474935 140.588343357 0.99609375
v 146.141689004 334.784691551 140.974379788 0.99609375
v 159.589183382 335.034713968 140.757231765 0.99609375
v 146.24228971 335.259024217 140.628662007 0.99609375
v 159.540024618 335.268931325 140.482853738 0.99609375
v 146.298366237 335.304012691 140.930844177 0.99609375
v 159.638138337 335.776449312 140.769114349 0.99609375
v 146.14565449 336.028609966 140.600994412 0.99609375
v 159.696182515 335.631583288 140.41139213 0.99609375
v 146.430187189 335.872473353 140.583851382 0.99609375
v 159.251140977 335.905962325 140.074650513 0.99609375
v 145.885606599 336.262461579 140.874421986 0.99609375
v 159.292131763 336.44091491 140.554372851 0.99609375
v 146.295475144 336.723673128 140.860187175 0.99609375
v 159.71016803 336.842780261 140.690300247 0.99609375
v 145.921199387 336.859509772 140.518224876 0.99609375
v 159.258636326 337.111290462 140.588639112 0.99609375
v 145.874284181 337.011235705 140.051361607 0.99609375
v 159.693048513 337.230185 140.377544043 0.99609375
v 145.985149817 337.27912754 140.111952279 0.99609375
v 159.57350476 337.364023999 140.766796413 0.99609375
v 146.233293316 337.808326719 140.341307227 0.99609375
v 159.355115604 337.744115705 140.507729861 0.99609375
v 146.073213356 338.290849417 140.190137437 0.99609375
v 159.329994935 338.12434016 140.891766373 0.99609375
v 146.191460853 338.264866238 140.64588344 0.99609375
v 159.558659609 338.566830613 140.908939456 0.99609375
v 146.243265485 338.519421685 140.109717257 0.99609375
v 159.541659097 338.679910254 140.489952686 0.99609375
v 146.455116961 339.065562643 140.402581964 0.99609375
v 159.424284351 339.071918199 140.592695814 0.99609375
v 146.732813292 339.358464586 140.808449578 0.99609375
v 159.600642235 339.495156936 140.763933202 0.99609375
v 146.588136684 339.542667026 140.511227266 0.99609375
v 159.416938018 339.596748209 140.131361505 0.99609375
v 146.705259743 339.698694389 140.176411553 0.99609375
v 159.74622774 339.862332901 140.157092752 0.99609375
v 146.495035961 340.093082143 140.151521228 0.99609375
v 159.282279475 340.136980645 140.107521623 0.99609375
v 146.55700892 340.708329316 140.441695406 0.99609375
v 159.716495346 340.459707755 140.888324943 0.99609375
v 146.268308904 340.554475719 140.292291249 0.99609375
v 159.308399568 340.874669039 140.800184995 0.99609375
v 146.615425463 340.900808676 140.35170185 0.99609375
v 159.284591723 341.085802061 140.45675659 0.99609375
v 146.23703533 341.426211685 140.199970377 0.99609375
v 159.343105933 341.300732389 140.382017744 0.99609375
v 146.320090362 341.510048367 140.920466226 0.99609375
v 159.375632428 341.906579941 140.449924177 0.99609375
v 146.726296337 342.014827504 140.475021394 0.99609375
v 159.689254494 342.038706998 140.198782856 0.99609375
v 146.323772585 342.108317063 140.657488195 0.99609375
v 159.404241474 342.034818214 140.538759608 0.99609375
v 146.378607436 342.704907283 140.70483703 0.99609375
v 159.509156701 342.479943382 140.048847855 0.99609375
v 146.477309721 342.746771243 140.727747625 0.99609375
v 159.419539116 342.719238614 140.501303515 0.99609375
v 146.576386213 343.314630475 140.741652368 0.99609375
v 159.567544967 342.966197666 140.298373732 0.99609375
v 146.69598098 343.382523105 140.428428427 0.99609375
v 159.343342157 343.132723732 140.931022218 0.99609375
v 146.371607339 343.922935439 140.931817582 0.99609375
v 159.622064006 343.465945239 140.162629122 0.99609375
v 146.723302284 344.139440882 140.46598764 0.99609375
v 159.475167488 343.793863195 140.247479186 0.99609375
v 146.624284971 344.134998837 140.15306775 0.99609375
v 159.642599757 344.221943236 140.111385374 0.99609375
v 146.734912979 344.314861599 140.752600387 0.99609375
v 159.566284473 344.518640312 140.40996577 0.99609375
v 146.579757672 344.877810558 140.853946127 0.99609375
v 159.538333379 344.801483674 140.925998745 0.99609375
v 146.934141773 345.070787451 140.008478589 0.99609375
v 159.465914595 345.248410275 140.769938751 0.99609375
v 146.465086146 345.160191969 140.11944592 0.99609375
v 159.479985229 345.348383796 140.066792145 0.99609375
v 146.650438063 345.95653338 140.104522494 0.99609375
v 159.755980908 345.601453027 140.822157984 0.99609375
v 146.991855355 346.158099113 140.568563004 0.99609375
v 159.428447979 346.192361701 140.026095255 0.99609375
v 147.207986413 346.537594462 140.557034022 0.99609375
v 159.524240031 346.450059266 140.361896293 0.99609375
v 146.899402985 346.616651683 140.792177874 0.99609375
v 159.411484427 346.712837749 140.028172396 0.99609375
v 147.011091223 347.030213332 140.396859315 0.99609375
v 159.393617659 346.598019034 140.879103026 0.99609375
v 146.838401582 346.977450073 140.712464038 0.99609375
v 159.325452327 347.13295713 140.862600167 0.99609375
v 147.066645617 347.335402869 140.021839584 0.99609375
v 159.186725298 347.334644696 140.841211506 0.99609375
v 146.803474128 347.773568232 140.451959224 0.99609375
v 159.385881621 347.719635303 140.575940281 0.99609375
v 147.134738556 348.149279788 140.333167244 0.99609375
v 159.145227966 348.18217352 140.637890012 0.99609375
v 146.786708922 348.106019248 140.800604316 0.99609375
v 159.095940797 348.485942609 140.928780895 0.99609375
v 147.248605806 348.847159741 140.531295775 0.99609375
v 159.289960635 348.660121063 140.26669913 0.99609375
v 146.920775685 349.040871323 140.487058211 0.99609375
v 159.249125745 349.098536875 140.842857282 0.99609375
v 147.073831928 349.14408723 140.173593491 0.99609375
v 159.41309573 349.101243392 140.03838097 0.99609375
v 146.96206469 349.509772574 140.302165178 0.99609375
v 159.770451589 349.639317905 140.179247881 0.99609375
v 146.814314017 349.827324086 140.664345033 0.99609375
v 159.327196991 349.505038393 140.988387049 0.99609375
v 147.0763837 349.767785913 140.179748537 0.99609375
v 159.525192992 350.008924906 140.203487635 0.99609375
v 146.775390788 350.080020232 140.371822586 0.99609375
v 159.390497367 350.471312055 140.951276238 0.99609375
v 147.066172212 350.454156045 140.7500114 0.99609375
v 159.697970081 350.532056897 140.139365004 0.99609375
v 146.854046149 350.688767615 140.111419347 0.99609375
v 159.328646616 350.643906607 140.336989341 0.99609375
v 146.870821088 351.371362084 140.215987343 0.99609375
v 159.771370011 351.14057407 140.373571172 0.99609375
v 146.465299919 328.011026482 141.055825755 0.99609375
v 159.241656043 328.24394858 141.248276513 0.99609375
v 146.169552671 328.171480275 141.476821504 0.99609375
v 159.324720021 328.035988317 141.144511294 0.99609375
v 146.16158928 328.684555445 141.212885219 0.99609375
v 159.568426791 328.548827889 140.896649962 0.99609375
v 146.476904418 329.010038989 141.19996265 0.99609375
v 159.738027332 329.006488641 140.651524765 0.99609375
v 146.462883316 329.196226656 140.808550391 0.99609375
v 159.469583211 329.212990492 141.122024494 0.99609375
v 146.615792175 329.608916855 140.908611112 0.99609375
v 159.306371989 329.69907945 140.550992443 0.99609375
v 146.65437073 329.552140356 141.182043527 0.99609375
v 159.329928288 329.742411763 140.96794946 0.99609375
v 146.592972307 330.203187765 141.000481667 0.99609375
v 159.256411943 329.979742068 141.182553455 0.99609375
v 146.597074613 330.476532362 141.268180196 0.99609375
v 159.757940127 330.1106325 140.629471086 0.99609375
v 146.508620526 330.849062994 140.587544731 0.99609375
v 159.432862605 330.753489715 140.874927466 0.99609375
v 146.33599827 330.627145647 140.748520546 0.99609375
v 159.700151877 330.940344706 141.439008248 0.99609375
v 146.625378476 331.173810207 140.946953763 0.99609375
v 159.338279348 331.399861364 140.651879456 0.99609375
v 146.348037865 331.51408894 140.765227876 0.99609375
v 159.504646039 331.644283534 140.65498306 0.99609375
v 146.269442483 331.640431775 140.648056637 0.99609375
v 159.643583892 331.817220485 140.619020142 0.99609375
v 146.038578121 331.951636158 141.33664892 0.99609375
v 159.515688975 332.073216739 140.890465756 0.99609375
v 146.335765808 332.274438925 140.837568443 0.99609375
v 159.968144227 332.267674846 141.471795447 0.99609375
v 146.028921243 332.827285805 141.444648759 0.99609375
v 159.719336219 332.829664769 141.048787503 0.99609375
v 146.043298349 333.121035042 140.965659954 0.99609375
v 159.872043177 332.944362036 141.447348444 0.99609375
v 146.150200187 333.191667102 140.863304995 0.99609375
v 160.0649191 333.24581545 140.732964387 0.99609375
v 146.060590041 333.580285998 141.199183773 0.99609375
v 159.990797986 333.760874837 140.97954368 0.99609375
v 145.977616795 333.560896009 141.470860599 0.99609375
v 160.36040409 333.791939989 140.949525954 0.99609375
v 145.89657053 334.243263336 141.028429493 0.99609375
v 159.966709277 334.035982115 140.68215528 0.99609375
v 146.647315509 334.110487822 141.489610664 0.99609375
v 160.069573672 334.486896386 140.801705634 0.99609375
v 146.170663743 334.949079739 141.102685543 0.99609375
v 159.88135924 334.470120713 140.561322719 0.99609375
v 146.483291143 335.037143522 141.115672289 0.99609375
v 160.235780868 334.955648847 140.553105348 0.99609375
v 146.219228151 334.981449868 141.217792366 0.99609375
v 160.263559926 334.975183918 140.959430334 0.99609375
v 146.345267297 335.534069583 141.030346594 0.99609375
v 160.280000468 335.498258018 141.424644323 0.99609375
v 146.172779564 335.752381122 141.248355448 0.99609375
v 159.91020824 335.682450228 141.311867082 0.99609375
v 146.35785634 336.095297047 140.704255947 0.99609375
v 160.128274361 335.957546976 140.813870602 0.99609375
v 146.167685183 336.37883729 141.006203203 0.99609375
v 160.125617594 336.482778399 141.466043029 0.99609375
v 146.739781876 336.450228386 141.369370704 0.99609375
v 160.221057868 336.42243114 141.116913816 0.99609375
v 146.585032921 336.929763743 140.536345727 0.99609375
v 160.150840254 336.930198669 140.578428963 0.99609375
v 146.599192545 337.03475783 141.214009012 0.99609375
v 160.240893317 337.067609563 140.79476545 0.99609375
v 146.184423648 337.351487404 141.264215468 0.99609375
v 159.939429338 337.681591545 140.764331255 0.99609375
v 146.842196001 337.92399802 140.861495738 0.99609375
v 159.989393897 337.709120962 141.482440031 0.99609375
v 146.513464081 337.86057493 140.536082795 0.99609375
v 159.971755199 338.250042312 140.614855257 0.99609375
v 146.960895967 338.247985619 140.546962777 0.99609375
v 160.189572307 338.629665529 141.10953541 0.99609375
v 146.969235951 338.474811209 140.62956037 0.99609375
v 160.444076882 338.878756711 141.395855498 0.99609375
v 146.784369941 339.095794445 140.532783925 0.99609375
v 160.239036653 338.861900732 141.312552665 0.99609375
v 146.971349759 339.474276891 141.336621758 0.99609375
v 160.603825254 339.390369736 140.831803353 0.99609375
v 146.957166492 339.50676975 141.376530496 0.99609375
v 160.154055102 339.48035974 140.595879104 0.99609375
v 146.886974441 339.615202516 140.5924467 0.99609375
v 160.401512242 339.883647342 140.637862422 0.99609375
v 146.567895495 340.340593526 141.197861772 0.99609375
v 160.593864084 340.007727667 141.204062582 0.99609375
v 146.868058445 340.334758998 141.0773308 0.99609375
v 160.584902796 340.565684343 140.677078398 0.99609375
v 146.553236029 340.822566044 140.697735708 0.99609375
v 160.202491926 340.674244679 140.61180596 0.99609375
v 146.585781981 340.792892798 140.897640035 0.99609375
v 160.519705917 340.772066162 140.966357233 0.99609375
v 146.699355313 341.440973747 140.804241874 0.99609375
v 160.310519521 341.098811101 141.342625286 0.99609375
v 147.28858872 341.34934346 140.836535992 0.99609375
v 160.544123339 341.575203047 140.958985691 0.99609375
v 147.047961474 341.985502869 140.532674149 0.99609375
v 160.820286683 342.114796348 140.67168674 0.99609375
v 147.075282578 342.080281986 141.058768254 0.99609375
v 160.736403874 342.250824023 141.278061712 0.99609375
v 146.944834394 342.549952388 140.538080171 0.99609375
v 160.495274634 342.599470525 140.644356065 0.99609375
v 146.810196807 342.874850849 140.522696867 0.99609375
v 160.880979134 342.800896961 140.791636336 0.99609375
v 147.068178308 342.813112366 140.624173074 0.99609375
v 160.375763397 343.134584936 140.748608872 0.99609375
v 147.174733321 343.558340417 140.614861242 0.99609375
v 160.754922949 343.606350928 140.510353829 0.99609375
v 147.264183709 343.705880174 140.548294688 0.99609375
v 160.699387543 343.573160757 141.103778417 0.99609375
v 147.046276375 344.201930022 140.78979 0.99609375
v 160.592730615 343.887450054 141.037033521 0.99609375
v 147.290874865 344.477283214 141.178337348 0.99609375
v 160.405285795 344.137024597 140.755041953 0.99609375
v 147.370060757 344.4941464 141.311622873 0.99609375
v 160.440398212 344.404579116 140.688534612 0.99609375
v 147.264097962 344.678970919 141.418850669 0.99609375
v 160.623760691 344.780350223 140.556589278 0.99609375
v 147.390766988 345.179841573 140.960566895 0.99609375
v 160.684775941 345.090604863 140.521165894 0.99609375
v 147.60727491 345.203235675 140.586797788 0.99609375
v 160.840013039 345.450322441 141.005269339 0.99609375
v 147.588016829 345.757152586 140.789990725 0.99609375
v 160.543525471 345.648348751 140.840270446 0.99609375
v 147.265286113 346.159885498 141.078949068 0.99609375
v 160.746045837 346.173586943 141.38155559 0.99609375
v 147.253871014 346.081629833 140.784099876 0.99609375
v 160.421340623 346.25343859 140.649887862 0.99609375
v 147.218524834 346.454827894 141.339095687 0.99609375
v 160.618313064 346.646857053 140.788439488 0.99609375
v 147.521590181 346.595257647 140.888689083 0.99609375
v 160.390674397 346.556600904 140.787410098 0.99609375
v 147.635950145 347.31374196 140.878522002 0.99609375
v 160.120174438 347.414520865 141.254858258 0.99609375
v 147.762355816 347.265159293 141.451658704 0.99609375
v 160.426439926 347.139078259 141.257247642 0.99609375
v 147.421063163 347.497278594 141.201175982 0.99609375
v 160.902812907 347.698599051 140.87271444 0.99609375
v 147.885594263 348.108102218 141.084182237 0.99609375
v 160.640800839 348.012571024 140.712193586 0.99609375
v 147.507947854 348.318339167 141.282040614 0.99609375
v 160.826537749 348.539832591 140.926163678 0.99609375
v 147.323818025 348.443145464 141.062931208 0.99609375
v 160.7698329 348.851861801 141.21828802 0.99609375
v 147.538995348 348.89914378 141.253203621 0.99609375
v 160.782184076 348.581368057 141.338442139 0.99609375
v 147.514652616 349.040043153 140.511054502 0.99609375
v 160.381357235 348.895299759 141.285398482 0.99609375
v 147.372733194 349.650167138 141.351724449 0.99609375
v 160.682546476 349.683353499 141.217551582 0.99609375
v 147.791096002 349.855808927 140.671597279 0.99609375
v 160.778325794 349.649953617 141.103796243 0.99609375
v 147.888986932 350.267009499 140.723479683 0.99609375
v 160.553739224 350.054480602 141.009524643 0.99609375
v 147.495456212 350.542467005 141.262907306 0.99609375
v 160.454820045 350.217496287 140.839262241 0.99609375
v 147.874688425 350.784009759 140.645919206 0.99609375
v 160.410191127 350.581212565 141.298476596 0.99609375
v 147.489030955 350.715750091 141.415344687 0.99609375
v 160.781057405 350.874078595 140.522826344 0.99609375
v 147.32171905 350.908057491 141.052229401 0.99609375
v 160.501078975 351.044379394 140.761736936 0.99609375
v 147.043611795 327.958852643 141.990532227 0.99609375
v 159.569613706 327.74020392 141.813001669 0.99609375
v 146.744226926 328.43602334 141.149544485 0.99609375
v 159.503506428 328.514630156 141.411634348 0.99609375
v 146.875259082 328.828120682 141.976367922 0.99609375
v 159.583480586 328.593470829 141.839780493 0.99609375
v 146.839903742 328.823475531 141.772120128 0.99609375
v 159.929040818 329.117373376 141.292086694 0.99609375
v 146.989544458 329.059579943 141.408423715 0.99609375
v 159.741703611 329.161650153 141.807443201 0.99609375
v 146.828471514 329.255224947 141.139528044 0.99609375
v 160.057908379 329.299876042 141.444669978 0.99609375
v 146.861407559 329.714178977 141.781320295 0.99609375
v 159.941539942 329.495172903 141.667300876 0.99609375
v 146.876663012 329.953661032 141.241673966 0.99609375
v 159.685187816 329.795877876 141.457515235 0.99609375
v 146.975584827 330.184102563 141.043662291 0.99609375
v 159.686065223 330.471904418 141.846844475 0.99609375
v 147.262293422 330.775155889 141.185253049 0.99609375
v 159.675031179 330.87335601 141.264990118 0.99609375
v 146.854509648 330.844903275 141.829093931 0.99609375
v 159.548508968 331.154578805 141.363280983 0.99609375
v 147.090326083 331.208536361 141.267032148 0.99609375
v 159.575158377 331.061731344 141.251611521 0.99609375
v 146.751999904 331.652905536 141.762342624 0.99609375
v 159.893201713 331.346652164 141.387053758 0.99609375
v 147.195046563 331.525010322 141.613803375 0.99609375
v 159.764259282 331.683727466 141.348314931 0.99609375
v 147.176044498 332.079096802 141.778556829 0.99609375
v 160.030371909 332.079653659 141.599166388 0.99609375
v 146.963979808 332.547364426 141.753491608 0.99609375
v 159.840336502 332.300284866 141.82937657 0.99609375
v 146.968731276 332.8268769 141.26924466 0.99609375
v 159.927351518 332.758110286 141.711920005 0.99609375
v 146.953262205 332.986483276 141.000340314 0.99609375
v 159.826022774 332.662270598 141.318587753 0.99609375
v 146.77750354 333.195349599 141.437005162 0.99609375
v 159.990647388 333.049964693 141.644945731 0.99609375
v 147.063952535 333.383165852 141.85696673 0.99609375
v 160.307997532 333.360533432 141.731755421 0.99609375
v 147.056406018 334.014597895 141.393256442 0.99609375
v 160.293712376 333.572870357 141.377488063 0.99609375
v 147.059057586 333.946138971 141.969964351 0.99609375
v 160.405776008 334.199601977 141.978678463 0.99609375
v 147.338502072 334.549078947 141.411577344 0.99609375
v 160.34238778 334.558331003 141.305461671 0.99609375
v 147.252202531 334.467076105 141.422478383 0.99609375
v 160.533073047 334.830755353 141.275785278 0.99609375
v 147.538811767 334.788560528 141.721617096 0.99609375
v 160.336629221 334.882632413 141.592395348 0.99609375
v 147.404982287 335.197632735 141.951420944 0.99609375
v 160.099585145 335.21885757 141.298381034 0.99609375
v 147.542947557 335.555037308 141.423427067 0.99609375
v 160.171437024 335.536032731 141.772895918 0.99609375
v 147.259640962 336.01297199 141.259477902 0.99609375
v 160.381844301 335.563594231 141.649509508 0.99609375
v 147.09321135 336.096941862 141.709141246 0.99609375
v 160.163303174 336.041258042 141.141696245 0.99609375
v 147.35355805 336.626130114 141.927442975 0.99609375
v 160.361566165 336.219247197 141.166994023 0.99609375
v 147.56114726 336.845672796 141.300628835 0.99609375
v 160.391105675 336.520990708 141.428564178 0.99609375
v 147.315997468 336.837544355 141.387694422 0.99609375
v 160.695605552 336.831248377 141.462254547 0.99609375
v 147.121403175 337.506540859 141.526886873 0.99609375
v 160.811412021 337.500890016 141.28290638 0.99609375
v 147.197541579 337.658579211 141.109881228 0.99609375
v 160.617939551 337.406186955 141.605405211 0.99609375
v 147.481518719 337.735392871 141.697361842 0.99609375
v 160.478937229 337.823786971 141.337886679 0.99609375
v 147.35704439 338.007961673 141.282438901 0.99609375
v 160.79728259 338.289657607 141.237340476 0.99609375
v 147.736479809 338.24569192 141.799371123 0.99609375
v 160.806231232 338.415673138 141.593449396 0.99609375
v 147.405078333 338.988836036 141.392321366 0.99609375
v 160.671952309 338.485627564 141.353773448 0.99609375
v 147.855653626 339.166714934 141.859798288 0.99609375
v 160.507007751 339.090324189 141.901724594 0.99609375
v 147.729486909 339.323599769 141.2025368 0.99609375
v 160.727053434 339.540525453 141.317461381 0.99609375
v 147.777281419 339.741205632 141.516141539 0.99609375
v 160.695639466 339.35600293 141.897401843 0.99609375
v 147.335911181 340.116397575 141.531151696 0.99609375
v 160.725558628 340.129421953 141.717578695 0.99609375
v 147.771894689 340.07600553 141.87577123 0.99609375
v 160.666203986 340.155627428 141.529727828 0.99609375
v 147.36166869 340.204765413 141.717948095 0.99609375
v 161.200234849 340.299934283 141.365915759 0.99609375
v 147.623833131 340.881499485 141.074762631 0.99609375
v 161.238659515 340.611512643 141.640752133 0.99609375
v 147.807007148 341.326036678 141.278046212 0.99609375
v 161.055485345 340.792932743 141.840670371 0.99609375
v 147.759821575 341.259436973 141.804795719 0.99609375
v 161.171523899 341.589967137 141.921744605 0.99609375
v 147.468218424 341.671721548 141.698572493 0.99609375
v 161.101438946 341.610118704 141.406625148 0.99609375
v 147.637728759 341.69632126 141.958202442 0.99609375
v 160.832086407 342.126445024 141.711815108 0.99609375
v 147.4084761 342.477846446 141.43691714 0.99609375
v 160.985084056 342.068021161 141.090060865 0.99609375
v 147.788569759 342.380806388 141.351339196 0.99609375
v 160.964375835 342.582609617 141.529404188 0.99609375
v 147.416474366 342.543817679 141.218286454 0.99609375
v 161.015538637 342.996742283 141.833828757 0.99609375
v 147.702410543 343.216209733 141.959694052 0.99609375
v 160.685555134 342.831575369 141.274920134 0.99609375
v 147.738872614 343.442140687 141.184463527 0.99609375
v 160.816375517 343.288289438 141.758804955 0.99609375
v 147.894944976 343.878637293 141.322437885 0.99609375
v 160.986304476 343.911412976 141.928825155 0.99609375
v 147.616559383 343.708234042 141.041613802 0.99609375
v 161.150577883 343.837231094 141.663996294 0.99609375
v 147.491777546 344.254789133 141.052940651 0.99609375
v 161.21161259 344.080489279 141.764457393 0.99609375
v 147.634007343 344.452825091 141.390835265 0.99609375
v 160.940674806 344.769876529 141.808349038 0.99609375
v 147.751256016 344.678658977 141.888195441 0.99609375
v 160.737250642 344.785461411 141.485460169 0.99609375
v 147.739795263 345.154001058 141.149973654 0.99609375
v 160.84056824 345.347546289 141.297645265 0.99609375
v 147.624637267 345.123587833 141.094692415 0.99609375
v 161.098728461 345.494068081 141.051339431 0.99609375
v 147.806251141 345.474544706 141.689410831 0.99609375
v 160.873640728 345.422865907 141.399565625 0.99609375
v 147.624753625 345.91257606 141.762115731 0.99609375
v 161.144789151 345.680389574 141.388226411 0.99609375
v 147.572388642 346.301085082 141.309899674 0.99609375
v 160.778490259 346.153498023 141.264173865 0.99609375
v 147.790212049 346.806535217 141.625214985 0.99609375
v 160.907167978 346.613337863 141.331784696 0.99609375
v 147.414017048 346.646640037 141.994534156 0.99609375
v 161.125345501 346.96983375 141.274144647 0.99609375
v 147.680102238 347.244995867 141.657214647 0.99609375
v 160.71056129 346.847508592 141.444831861 0.99609375
v 147.416376268 347.702633279 141.87043901 0.99609375
v 161.056318747 347.195258723 141.995402005 0.99609375
v 147.781346867 347.577458213 141.969218868 0.99609375
v 160.968841756 347.929923354 141.402262741 0.99609375
v 147.680485048 347.744553351 141.911246114 0.99609375
v 160.817269051 348.104014115 141.429730471 0.99609375
v 147.673006343 348.003479791 141.140038494 0.99609375
v 160.722915535 348.108763631 141.269656846 0.99609375
v 147.503362724 348.372849567 141.033836338 0.99609375
v 160.773025273 348.483691073 141.26758706 0.99609375
v 147.563858302 348.967128354 141.19161205 0.99609375
v 161.075842825 348.975489251 141.569166592 0.99609375
v 147.578806016 349.372793249 141.185261098 0.99609375
v 160.806911026 349.216864336 141.948221247 0.99609375
v 147.772326319 349.219047125 141.592579673 0.99609375
v 160.957294654 349.54962531 141.34888411 0.99609375
v 147.684551972 349.492608852 141.700409424 0.99609375
v 161.525254502 349.749313857 141.060408534 0.99609375
v 147.661002236 350.150974771 141.167133852 0.99609375
v 161.326126073 349.779362921 141.340508335 0.99609375
v 147.485412551 350.573910002 141.436507459 0.99609375
v 160.979870825 350.321806247 141.955791353 0.99609375
v 147.356360683 350.474454695 141.458364008 0.99609375
v 161.183230122 350.44918951 141.420629304 0.99609375
v 147.699482108 351.040178143 141.742283388 0.99609375
v 161.445020816 351.065527023 141.886986984 0.99609375
v 147.64466637 350.989643151 141.893345728 0.99609375
v 161.455808482 351.21519666 141.709246466 0.99609375
v 147.349432907 351.457619363 141.615430353 0.99609375
v 161.036935133 351.589488591 141.76885326 0.99609375
v 147.704266775 327.800951569 142.330462562 0.99609375
v 159.53825672 328.096663938 142.260367631 0.99609375
v 147.507243598 328.260032349 141.871122584 0.99609375
v 159.876334465 328.167915739 141.787314251 0.99609375
v 147.580309657 328.477349253 142.183990386 0.99609375
v 160.078500464 328.706196389 141.743882965 0.99609375
v 147.594158222 329.133418437 142.440466833 0.99609375
v 159.641607071 329.144451739 142.12585861 0.99609375
v 147.808228257 329.109128727 142.170370189 0.99609375
v 159.979858226 329.072952218 142.26680131 0.99609375
v 147.731988659 329.27524616 141.622597409 0.99609375
v 159.640345108 329.589892015 142.454618682 0.99609375
v 147.668348725 329.609665228 142.126900321 0.99609375
v 160.013627285 329.785161855 142.409024633 0.99609375
v 147.454416992 329.845727933 141.877693268 0.99609375
v 160.066041578 330.157652648 142.037782204 0.99609375
v 147.893850837 330.161077347 141.764443295 0.99609375
v 159.618788474 330.331801715 142.012263055 0.99609375
v 147.391478894 330.364306885 141.738327805 0.99609375
v 160.101206121 330.713883619 142.297135139 0.99609375
v 148.005356359 330.673152029 141.985979642 0.99609375
v 160.051997545 330.778361385 141.95237626 0.99609375
v 147.85944083 331.061102032 141.962275643 0.99609375
v 160.073261525 331.242627212 141.543711117 0.99609375
v 148.050954849 331.650791375 141.794320387 0.99609375
v 160.262109544 331.575587075 141.997653 0.99609375
v 147.703556538 331.968626284 142.394585514 0.99609375
v 160.011339522 331.4812493 141.910980795 0.99609375
v 148.158952432 331.813347682 142.071772981 0.99609375
v 159.993566824 332.06640146 142.498187558 0.99609375
v 148.182475481 332.468250124 142.310869221 0.99609375
v 159.817974365 332.298186925 141.8203039 0.99609375
v 148.027114045 332.910105879 141.926374161 0.99609375
v 160.012788397 332.457229431 142.381576079 0.99609375
v 147.847606765 332.784146346 141.582789488 0.99609375
v 160.379528443 332.889764864 142.048622728 0.99609375
v 148.133798123 333.390169595 142.330694091 0.99609375
v 160.486221976 333.411273514 141.886360746 0.99609375
v 147.630544346 333.544149104 141.749486469 0.99609375
v 160.345660942 333.627967527 142.411758171 0.99609375
v 147.791233242 333.632074004 141.618754188 0.99609375
v 160.420610489 333.702919341 141.537868576 0.99609375
v 147.741514125 334.333722581 141.714927501 0.99609375
v 160.194519363 334.336899709 142.352303078 0.99609375
v 147.895525631 334.635786967 141.558685023 0.99609375
v 159.931642311 334.573219234 141.818744228 0.99609375
v 147.850375723 334.472370138 141.597772996 0.99609375
v 160.335807473 334.578541035 141.903967334 0.99609375
v 147.902395951 334.960383301 142.062848579 0.99609375
v 160.174111191 334.970237215 142.3256318 0.99609375
v 148.000448417 335.188283625 141.791072613 0.99609375
v 160.106324804 334.985412004 142.042479328 0.99609375
v 148.007602808 335.745419953 141.597144434 0.99609375
v 160.611728348 335.384298661 142.071246581 0.99609375
v 147.978496711 335.530669736 142.205463534 0.99609375
v 160.236869258 335.79810397 142.273943377 0.99609375
v 148.404693134 336.312169172 141.75642204 0.99609375
v 160.448032372 335.969303849 142.073956318 0.99609375
v 148.236211916 336.360840598 142.423094802 0.99609375
v 160.773097388 336.375106158 141.855059158 0.99609375
v 148.01915441 336.771726446 141.853671299 0.99609375
v 160.642121595 336.448494174 141.610450873 0.99609375
v 148.473696113 337.25223089 142.233151065 0.99609375
v 160.912491016 337.023454867 141.977542179 0.99609375
v 148.259130611 337.173902183 141.61705156 0.99609375
v 160.450996835 337.546041866 142.173374539 0.99609375
v 148.322053274 337.788298068 142.447876034 0.99609375
v 160.423633286 337.512348478 141.758964132 0.99609375
v 148.34051113 337.658959348 141.632414035 0.99609375
v 160.565955558 337.623136002 141.659277171 0.99609375
v 148.098819677 338.179616309 142.107974546 0.99609375
v 160.539983477 338.012520131 141.993239477 0.99609375
v 148.159974812 338.311734107 142.062386165 0.99609375
v 160.933206901 338.472755213 142.400159445 0.99609375
v 147.634977676 338.540055607 141.77823193 0.99609375
v 160.771366819 338.523797031 141.836412197 0.99609375
v 148.10140447 339.115395282 142.076948281 0.99609375
v 160.728372792 338.785254862 142.456138641 0.99609375
v 147.74815407 339.36119885 142.419488956 0.99609375
v 161.019780559 339.010565204 141.910042339 0.99609375
v 147.772063364 339.803059523 141.97442277 0.99609375
v 161.074842272 339.59630256 141.688892318 0.99609375
v 147.74737884 339.964425044 142.097564619 0.99609375
v 161.15392689 339.748331617 141.692328549 0.99609375
v 147.580992392 340.28552826 141.570973846 0.99609375
v 161.202138925 340.302004511 142.444124745 0.99609375
v 147.537079847 340.337620482 142.189033375 0.99609375
v 160.697652688 340.374797208 142.006319346 0.99609375
v 147.486587567 340.769136637 141.820330186 0.99609375
v 160.927645361 340.775135999 141.768953666 0.99609375
v 147.33169612 340.93155226 142.132439497 0.99609375
v 160.810861809 340.771547966 141.590527848 0.99609375
v 147.380227792 341.35908008 141.585289463 0.99609375
v 160.625344414 341.469195913 142.453641947 0.99609375
v 147.415049413 341.867461725 141.90284163 0.99609375
v 160.711756457 341.852852081 142.321947108 0.99609375
v 147.755356851 342.057061099 141.665574328 0.99609375
v 160.521366635 341.681422677 142.366364145 0.99609375
v 147.353703279 342.380155176 141.523423521 0.99609375
v 161.111617098 342.063201454 141.685504115 0.99609375
v 148.054402121 342.428498784 142.193240606 0.99609375
v 161.043567577 342.506517484 142.108012021 0.99609375
v 147.8949685 342.860019641 142.419359886 0.99609375
v 160.916659906 342.925563377 141.761112652 0.99609375
v 147.662224855 343.054516957 141.863766077 0.99609375
v 161.191747329 343.205299946 141.683022304 0.99609375
v 148.060132735 343.160279473 142.034611736 0.99609375
v 160.857786126 343.133317631 142.067729176 0.99609375
v 147.856828391 343.71065528 141.711423983 0.99609375
v 161.177198307 343.514678745 141.79829614 0.99609375
v 147.630736864 343.967243146 142.128532041 0.99609375
v 161.044720936 343.682721956 142.091291435 0.99609375
v 147.948603927 344.144609326 141.505740617 0.99609375
v 160.793505465 344.488974385 141.748011271 0.99609375
v 147.636473803 344.335884383 141.828055412 0.99609375
v 161.213236363 344.494558382 142.422522964 0.99609375
v 148.139008845 345.098691611 141.896321899 0.99609375
v 161.193363167 344.953264305 141.567911479 0.99609375
v 147.636990176 345.144421763 142.041814423 0.99609375
v 160.854694433 345.389949094 141.97590505 0.99609375
v 147.944444901 345.448157693 142.242642888 0.99609375
v 160.777718872 345.511331317 141.878377145 0.99609375
v 147.828326821 345.466573078 141.568394169 0.99609375
v 160.944601984 345.689657844 142.482678295 0.99609375
v 147.78305799 345.860743484 142.23500579 0.99609375
v 161.215056601 346.114038143 141.923588173 0.99609375
v 147.685900602 346.161397276 142.444370918 0.99609375
v 160.955483714 345.973354548 142.499941884 0.99609375
v 148.121024202 346.704048574 141.929031401 0.99609375
v 161.225012975 346.689669869 141.722161111 0.99609375
v 148.434276364 346.919868732 141.500988981 0.99609375
v 160.817585569 347.124303724 141.606164961 0.99609375
v 148.183884199 347.321472475 142.188204589 0.99609375
v 160.777654825 347.29025192 142.335181037 0.99609375
v 148.33661474 347.386850321 142.334306927 0.99609375
v 160.781608668 347.518969486 142.399389682 0.99609375
v 148.123303715 347.8020412 141.59168182 0.99609375
v 160.907882516 347.519375881 141.633375288 0.99609375
v 148.030386851 347.90686926 142.238186308 0.99609375
v 160.793185009 347.819133369 141.889483224 0.99609375
v 148.369728762 348.284952524 141.921278358 0.99609375
v 160.974780866 348.103004125 141.69066438 0.99609375
v 148.267284982 348.458348795 142.120003402 0.99609375
v 160.992831556 348.755552761 142.120466736 0.99609375
v 148.153555715 348.982733238 142.158416872 0.99609375
v 161.344506664 348.8075955 142.30331695 0.99609375
v 148.425220856 349.205885925 141.655607821 0.99609375
v 161.37061025 348.904891758 141.517330404 0.99609375
v 147.936008196 349.248851002 142.4140563 0.99609375
v 161.19787859 349.683503714 142.36464715 0.99609375
v 148.457998656 349.708375364 142.472918845 0.99609375
v 161.264324903 349.858074909 141.833040075 0.99609375
v 148.276233067 349.88743431 141.903118264 0.99609375
v 161.025754265 350.239960174 142.410146927 0.99609375
v 148.067221999 350.496264254 142.246300747 0.99609375
v 161.286638366 350.111533366 142.165038846 0.99609375
v 148.439904772 350.52299676 141.757987437 0.99609375
v 161.281342999 350.338228673 141.681824653 0.99609375
v 148.392059426 351.109327035 141.518278639 0.99609375
v 161.17898289 350.952073448 142.156597283 0.99609375
v 148.376342549 351.06629256 141.969030615 0.99609375
v 161.296344556 351.355259626 142.177899745 0.99609375
v 148.165142962 351.472477291 141.548370497 0.99609375
v 161.007204391 351.217223068 141.767537727 0.99609375
v 148.044013511 328.18721871 142.907973829 0.99609375
v 159.640497708 328.302728483 142.912509266 0.99609375
v 148.079578669 328.480059865 142.28133201 0.99609375
v 159.576146464 328.628057655 142.020214762 0.99609375
v 147.679505702 328.755751075 142.049966411 0.99609375
v 159.466910575 328.780561502 142.59024932 0.99609375
v 148.075776008 328.97047802 142.258477599 0.99609375
v 159.430427841 329.200415295 142.928595879 0.99609375
v 147.942159277 329.392123843 142.154605219 0.99609375
v 159.782283815 329.273092324 142.254545874 0.99609375
v 148.460292773 329.813616576 142.962387064 0.99609375
v 159.538881773 329.670071503 142.615227047 0.99609375
v 148.174119986 330.255403015 142.719473422 0.99609375
v 159.330953585 330.204173228 142.049749337 0.99609375
v 147.939420302 330.275471963 142.669172391 0.99609375
v 159.316026196 330.350618436 142.497388284 0.99609375
v 148.427083234 330.349298445 142.900042281 0.99609375
v 159.75158889 330.859950582 142.070054565 0.99609375
v 148.15097749 331.015625263 142.170889026 0.99609375
v 159.438165256 330.625691752 142.267734225 0.99609375
v 148.252093943 331.115227105 142.916821769 0.99609375
v 159.493301225 331.40235692 142.105590656 0.99609375
v 147.978513392 331.349498045 142.395541919 0.99609375
v 159.654383542 331.641955913 142.571327167 0.99609375
v 148.166826684 331.986627244 142.44289257 0.99609375
v 160.061502894 331.575268106 142.923212797 0.99609375
v 148.055851737 331.982437351 142.48580865 0.99609375
v 159.945223576 332.222904824 142.684943848 0.99609375
v 148.365420216 332.554494797 142.409357584 0.99609375
v 159.587969197 332.610744785 142.909487144 0.99609375
v 148.021667761 332.426356012 142.994143926 0.99609375
v 159.922208654 332.684108663 142.400289769 0.99609375
v 148.403735708 332.876521552 142.375610885 0.99609375
v 159.778313641 332.837060743 142.946637298 0.99609375
v 148.419665172 333.405287089 142.545226836 0.99609375
v 160.070365338 333.392353554 142.642503345 0.99609375
v 148.392020308 333.581084683 142.392694764 0.99609375
v 159.787520492 333.774799051 142.444745629 0.99609375
v 148.002411584 334.056638142 142.508048031 0.99609375
v 159.993645168 333.871420907 142.667254742 0.99609375
v 148.60500757 333.844245324 142.969423732 0.99609375
v 159.756487794 333.917817616 142.601015838 0.99609375
v 148.75905946 334.25728508 142.745787969 0.99609375
v 160.316240954 334.369721437 142.950330151 0.99609375
v 148.714947531 334.576652783 142.159604139 0.99609375
v 160.098568367 334.443149196 142.161325443 0.99609375
v 148.670613862 335.114561363 142.203448999 0.99609375
v 159.982788037 334.840234598 142.460248865 0.99609375
v 148.516704631 335.403637285 142.441005154 0.99609375
v 160.297992823 335.486785484 142.73876739 0.99609375
v 148.562624132 335.363988939 142.528841251 0.99609375
v 159.91592593 335.620059218 142.636262699 0.99609375
v 148.757527616 335.711694038 142.348490972 0.99609375
v 160.195356862 335.776040598 142.345046849 0.99609375
v 148.39414859 335.935071613 142.194747273 0.99609375
v 160.573803381 336.227793302 142.135723152 0.99609375
v 148.387960673 336.605580576 142.223540628 0.99609375
v 160.332961197 336.458875405 142.757400912 0.99609375
v 148.278801698 336.764811425 142.152375754 0.99609375
v 160.541774644 336.524169115 142.834211185 0.99609375
v 148.221712642 337.001175941 142.926212042 0.99609375
v 160.128927067 336.994265509 142.151050309 0.99609375
v 148.458266582 337.373444069 142.676644163 0.99609375
v 160.143672116 337.449440006 142.471883781 0.99609375
v 148.245720592 337.365672367 142.545642308 0.99609375
v 160.09119185 337.295825978 142.708519984 0.99609375
v 148.452433071 337.694457781 142.117661501 0.99609375
v 160.202903095 338.130597701 142.027322594 0.99609375
v 148.000817731 338.103055541 142.73096441 0.99609375
v 160.218473859 338.154299517 142.003093617 0.99609375
v 148.235766421 338.497131419 142.34100747 0.99609375
v 160.659279667 338.448811692 142.785913379 0.99609375
v 148.36428011 338.486804958 142.972633313 0.99609375
v 160.474106152 338.781135212 142.029200203 0.99609375
v 148.368671005 339.055741533 142.521724042 0.99609375
v 160.859591658 339.271641621 142.121108256 0.99609375
v 148.383582291 339.510232226 142.248456415 0.99609375
v 160.601203076 339.484277425 142.948746606 0.99609375
v 147.941869688 339.652683272 142.996710427 0.99609375
v 160.459016816 339.353850176 142.844576536 0.99609375
v 148.125657276 340.088742182 142.885203231 0.99609375
v 160.397571346 339.6899644 142.869140536 0.99609375
v 148.458478898 340.274299601 142.259261966 0.99609375
v 160.646826375 340.405654454 142.783856804 0.99609375
v 147.906967256 340.632884333 142.963877108 0.99609375
v 160.847167886 340.348053436 142.438305651 0.99609375
v 148.476426186 340.850719727 142.551440411 0.99609375
v 160.923084055 340.59812129 142.668674672 0.99609375
v 148.054255345 341.026261702 142.695209144 0.99609375
v 160.58711175 340.951353439 142.887164915 0.99609375
v 148.326310624 341.148313165 142.153339118 0.99609375
v 160.766966689 341.554552878 142.747091411 0.99609375
v 148.222043339 341.739059002 142.246064054 0.99609375
v 160.799731616 341.852528166 142.209976629 0.99609375
v 148.315544203 342.091306855 142.09494773 0.99609375
v 160.861316296 342.177670383 142.34989666 0.99609375
v 148.70044128 342.070412271 142.733197195 0.99609375
v 160.577313821 342.421346424 142.099714231 0.99609375
v 148.550718961 342.667350038 142.811382778 0.99609375
v 160.626880978 342.467171982 142.171798677 0.99609375
v 148.747698989 342.713489583 142.33011316 0.99609375
v 160.377383719 343.005516095 142.878528136 0.99609375
v 148.43048112 343.078679478 142.089780103 0.99609375
v 160.63132109 343.338885206 142.425640689 0.99609375
v 148.31150431 343.201825962 142.24304244 0.99609375
v 160.601101172 343.641776481 142.034662858 0.99609375
v 148.227736437 343.733090012 142.888047972 0.99609375
v 160.811865381 343.883974723 142.561030098 0.99609375
v 148.515163627 343.88174433 142.590312696 0.99609375
v 160.47238557 344.011551891 142.55162903 0.99609375
v 148.521647255 344.309567931 142.613155475 0.99609375
v 160.57773774 344.447027153 142.350199042 0.99609375
v 148.289458262 344.478395966 142.034301702 0.99609375
v 160.756034815 344.665370659 142.332096929 0.99609375
v 148.51058844 344.754908387 142.166236515 0.99609375
v 160.933017901 344.660779812 142.567817153 0.99609375
v 148.721641029 345.371569789 142.3340608 0.99609375
v 160.524850289 345.200331814 142.93421222 0.99609375
v 148.698037263 345.102722069 142.472034768 0.99609375
v 160.853482689 345.403645617 142.127197323 0.99609375
v 148.549124683 345.617500574 142.46604193 0.99609375
v 161.084952191 345.762988019 142.269327474 0.99609375
v 148.641369293 345.721131583 142.437897452 0.99609375
v 161.217899773 345.939827171 142.358962448 0.99609375
v 148.394123135 346.113332763 142.25701981 0.99609375
v 161.123117022 346.210223979 142.199816473 0.99609375
v 148.515078352 346.349835018 142.889453558 0.99609375
v 161.194657602 346.286361334 142.221402132 0.99609375
v 148.317101277 346.569405471 142.069257985 0.99609375
v 161.103703004 347.047897737 142.341524006 0.99609375
v 148.637276165 347.377132843 142.579618646 0.99609375
v 160.708976835 346.908363534 142.897702577 0.99609375
v 148.192598243 347.320090608 142.691023337 0.99609375
v 160.784166717 347.478833861 142.710730319 0.99609375
v 148.539097678 347.912794308 142.630054527 0.99609375
v 161.124139487 347.94640292 142.645088786 0.99609375
v 148.627051291 347.747687317 142.483390644 0.99609375
v 161.411678263 348.124263775 142.41415554 0.99609375
v 148.752655474 348.102024814 142.414314943 0.99609375
v 160.673526397 348.23910294 142.284091929 0.99609375
v 148.589129153 348.796826591 142.822704296 0.99609375
v 161.263315818 348.620549002 142.011192697 0.99609375
v 148.67548086 349.150565571 142.97714592 0.99609375
v 161.06959149 348.984750275 142.544850552 0.99609375
v 148.692185676 349.336141019 142.136983692 0.99609375
v 161.517479199 348.938400289 142.996868686 0.99609375
v 148.374382836 349.172329278 142.926660457 0.99609375
v 161.207385237 349.656621533 142.564436198 0.99609375
v 148.50300423 349.979765424 142.621797128 0.99609375
v 161.462294114 349.853336508 142.963881463 0.99609375
v 148.325806664 350.280848442 142.622936185 0.99609375
v 161.207670713 350.068382539 142.072287846 0.99609375
v 148.43819933 350.171666869 142.329534706 0.99609375
v 161.216919365 350.421033643 142.996613864 0.99609375
v 148.963386415 350.589937027 142.105513886 0.99609375
v 160.990043772 350.381972058 142.874697007 0.99609375
v 148.904941537 351.085198765 142.036474226 0.99609375
v 161.437856196 350.823302458 142.219974492 0.99609375
v 149.028097304 351.353440194 142.085666684 0.99609375
v 161.035589003 351.016436109 142.813642731 0.99609375
v 148.644765304 351.453047761 142.200231177 0.99609375
v 161.390608902 351.224942007 142.889600011 0.99609375
v 148.522861661 351.581789622 142.379841279 0.99609375
v 161.504155017 351.776586406 142.676808022 0.99609375
v 148.331082008 328.158118063 143.488968858 0.99609375
v 159.005445423 328.0944805 143.264841603 0.99609375
v 148.02660226 328.596231739 143.289668741 0.99609375
v 159.174836505 328.319386364 143.097230531 0.99609375
v 148.241621752 328.81613467 143.1885005 0.99609375
v 159.255012094 328.964835854 143.010659887 0.99609375
v 148.009162747 328.893693775 143.226061755 0.99609375
v 159.337918227 329.388192909 143.434693129 0.99609375
v 148.433139306 329.199177139 142.854746589 0.99609375
v 159.031708185 329.544433542 143.071650352 0.99609375
v 148.230634948 329.688319119 143.314478821 0.99609375
v 159.315163152 329.561901817 143.285656899 0.99609375
v 147.925676474 329.929032225 143.194181857 0.99609375
v 159.30677689 330.057784943 143.42877237 0.99609375
v 148.497065161 330.087422627 142.525456917 0.99609375
v 159.299366435 330.183067895 143.014959877 0.99609375
v 148.214562613 330.418686237 142.596722952 0.99609375
v 159.032304008 330.594371845 143.46712455 0.99609375
v 148.3337331 330.655995289 143.356171753 0.99609375
v 159.286374613 331.160657753 142.670929394 0.99609375
v 148.497733482 331.211914286 143.034918935 0.99609375
v 159.307718204 331.126852341 143.140111966 0.99609375
v 148.392280446 331.490817084 142.861309718 0.99609375
v 159.181015051 331.730455356 142.915803483 0.99609375
v 148.198787039 331.925010372 143.087504195 0.99609375
v 158.982393129 331.480204809 142.935473074 0.99609375
v 148.321611573 331.932139243 142.810895792 0.99609375
v 159.405279952 331.918577764 143.48307647 0.99609375
v 148.536037755 332.06553808 142.71835306 0.99609375
v 159.223407618 332.149712722 142.728948872 0.99609375
v 148.621246378 332.470347207 143.10240336 0.99609375
v 159.439073936 332.710882692 143.226358731 0.99609375
v 148.631275013 332.921379125 142.677264022 0.99609375
v 159.409629032 332.925198033 142.81116579 0.99609375
v 148.387713028 333.436695857 143.269952908 0.99609375
v 159.663196548 332.94655084 143.12261699 0.99609375
v 148.702587811 333.741832544 142.913725843 0.99609375
v 159.693016478 333.35828931 143.138286782 0.99609375
v 148.647908464 333.719477601 142.953017607 0.99609375
v 159.982518264 334.06661898 142.848392986 0.99609375
v 148.687180779 334.12588199 143.461862432 0.99609375
v 159.510150921 334.338720314 143.029732433 0.99609375
v 148.641099677 334.627807198 143.490293277 0.99609375
v 159.657437336 334.554962835 142.970817281 0.99609375
v 148.281051395 334.429766404 143.135250725 0.99609375
v 159.989645718 334.761293091 142.690976459 0.99609375
v 148.214691231 334.770774233 143.163616838 0.99609375
v 159.682675215 334.840272598 143.006393416 0.99609375
v 148.621567354 335.417809323 143.470190941 0.99609375
v 159.544365129 335.520449543 143.159575268 0.99609375
v 148.294101894 335.277116239 143.454264522 0.99609375
v 159.945055809 335.430311646 142.790451331 0.99609375
v 148.689696038 335.818478559 142.918921859 0.99609375
v 159.898923756 335.694595488 143.229559268 0.99609375
v 148.604876165 335.877155773 143.246550098 0.99609375
v 160.105306159 336.204252579 142.76335924 0.99609375
v 148.571295818 336.176254991 142.887046473 0.99609375
v 159.934865529 336.50505101 142.682069976 0.99609375
v 148.603486475 336.448919124 143.412012363 0.99609375
v 160.278308374 336.689636936 142.772682635 0.99609375
v 148.42405108 336.809341195 142.872870724 0.99609375
v 159.824942104 337.04735357 143.327483327 0.99609375
v 148.682860033 337.086292254 143.200285502 0.99609375
v 160.283193856 337.015560825 143.214766003 0.99609375
v 148.688924699 337.818933819 142.882874707 0.99609375
v 159.955991211 337.656038319 143.322018123 0.99609375
v 148.304505511 337.766976955 143.154958027 0.99609375
v 160.352427315 337.750873345 142.943037578 0.99609375
v 148.433546301 337.905923964 143.471012287 0.99609375
v 160.619774004 337.985482267 143.044432661 0.99609375
v 148.272518311 338.40865522 142.827213066 0.99609375
v 160.402438753 338.346201535 143.383482162 0.99609375
v 148.640843481 338.62619986 143.368960147 0.99609375
v 160.40420819 338.715140441 142.674364266 0.99609375
v 148.298098873 338.870432474 143.11947817 0.99609375
v 160.113041789 339.228972018 143.12319402 0.99609375
v 148.34170989 339.467359836 142.622842531 0.99609375
v 160.081515805 339.341230694 142.712708058 0.99609375
v 148.250470335 339.873502585 142.9493758 0.99609375
v 160.312302778 339.811858896 142.898973605 0.99609375
v 148.712561818 339.986293477 142.842453205 0.99609375
v 160.503885604 340.011936744 142.881643181 0.99609375
v 148.541803477 340.119561697 142.939621712 0.99609375
v 160.608442701 339.951930793 142.685235399 0.99609375
v 148.615729917 340.20403698 143.435175373 0.99609375
v 160.363603911 340.250367796 143.474262904 0.99609375
v 148.218544959 340.873408942 143.360623855 0.99609375
v 160.300840237 341.028649172 143.199583552 0.99609375
v 148.560294175 340.892619202 142.513274716 0.99609375
v 160.282621192 340.815676915 143.464415874 0.99609375
v 148.646818404 341.607855348 142.837781142 0.99609375
v 160.579976584 341.3105578 142.515710963 0.99609375
v 148.891886219 341.632497238 143.345512697 0.99609375
v 160.085228367 341.462195837 143.051891375 0.99609375
v 148.983255177 342.147417825 143.247434763 0.99609375
v 160.647744893 341.62349622 143.112223152 0.99609375
v 148.970651715 342.108329664 143.368558823 0.99609375
v 160.454788153 342.083981243 143.361826713 0.99609375
v 148.590666724 342.515236145 142.981005249 0.99609375
v 160.562014205 342.694539713 142.693436464 0.99609375
v 148.691830743 343.067239352 143.43684991 0.99609375
v 160.259172388 342.972304803 142.692239163 0.99609375
v 148.891468933 343.111867009 142.820203609 0.99609375
v 160.296589921 342.829529076 142.60184598 0.99609375
v 148.696184413 343.396989848 142.640692798 0.99609375
v 160.291297627 343.559381872 143.074509654 0.99609375
v 148.835061487 343.563752183 143.048900938 0.99609375
v 160.351798193 343.651949063 142.728861125 0.99609375
v 148.506297454 344.167580703 143.399585689 0.99609375
v 160.14307842 344.028361588 142.93117062 0.99609375
v 149.006584249 343.948961615 143.260261213 0.99609375
v 160.502364569 344.2221526 142.53404573 0.99609375
v 148.820625153 344.54057727 143.428136181 0.99609375
v 160.482603497 344.473497421 143.34401148 0.99609375
v 148.896519347 344.556077409 142.848032611 0.99609375
v 160.916918235 344.774101337 143.079599734 0.99609375
v 148.53485622 345.116264957 143.090043558 0.99609375
v 160.747374456 345.327409667 142.839674611 0.99609375
v 148.679572965 345.184016933 143.394816291 0.99609375
v 160.855665917 345.527677667 142.684973065 0.99609375
v 148.89970922 345.46259328 142.883154279 0.99609375
v 160.684310736 345.414411749 142.846425757 0.99609375
v 148.817150162 345.71949577 142.984585453 0.99609375
v 160.896933643 345.738499399 143.026780364 0.99609375
v 148.535966712 346.384196464 142.710711041 0.99609375
v 160.881795515 346.162892038 142.753334889 0.99609375
v 148.664043536 346.604116918 143.02008414 0.99609375
v 160.772720252 346.295366178 143.034910475 0.99609375
v 148.531059645 346.773885759 142.690699163 0.99609375
v 160.851150689 347.052383102 142.699384175 0.99609375
v 148.753871515 347.202634263 143.130379194 0.99609375
v 160.852181276 346.888339654 142.875816784 0.99609375
v 148.860200203 347.679768483 142.769177544 0.99609375
v 160.815899011 347.390251512 142.598364595 0.99609375
v 148.657850558 347.472874912 142.621803665 0.99609375
v 161.219009562 347.7019248 142.970536999 0.99609375
v 148.903492245 347.80640997 142.500550024 0.99609375
v 161.07311762 347.774267983 142.983871818 0.99609375
v 148.968163712 348.25025476 143.435234246 0.99609375
v 161.157160703 348.085748511 142.961188554 0.99609375
v 148.733465422 348.800772522 142.778160111 0.99609375
v 160.964782881 348.714180684 143.171238638 0.99609375
v 148.937909553 348.918712345 142.7838547 0.99609375
v 161.227517827 348.867868072 143.1617077 0.99609375
v 148.965131917 348.989862559 143.395998175 0.99609375
v 160.873811291 349.137266425 142.57603818 0.99609375
v 148.569751717 349.597325064 142.520347301 0.99609375
v 161.108994294 349.728732232 143.208624758 0.99609375
v 148.64211531 349.843774007 142.922871444 0.99609375
v 161.026620529 349.816052778 143.230254143 0.99609375
v 149.012708762 349.843179976 142.749364062 0.99609375
v 161.467310308 350.08206388 142.887159888 0.99609375
v 149.333954345 350.134187316 142.740936059 0.99609375
v 161.159068479 350.530781003 142.683442191 0.99609375
v 149.262088948 350.484495965 142.962427537 0.99609375
v 161.24634936 350.699537887 143.322748473 0.99609375
v 149.102811809 350.848407641 143.199053786 0.99609375
v 161.254543282 350.916127057 143.34587233 0.99609375
v 149.307311184 351.336101323 142.86926323 0.99609375
v 161.277368375 351.367094513 142.719148064 0.99609375
v 148.948413674 351.335548867 142.581880295 0.99609375
v 161.24605586 351.527413883 142.833924885 0.99609375
v 148.877987167 351.945710397 143.181275118 0.99609375
v 161.218310107 351.699210431 143.435063991 0.99609375
v 148.109139551 328.494695951 143.33021429 0.99609375
v 159.050020883 328.372034854 143.803769124 0.99609375
v 148.321448886 328.528236497 143.821946978 0.99609375
v 158.918328326 328.485772113 143.254559857 0.99609375
v 148.321991757 329.084695248 143.041378344 0.99609375
v 158.660393989 328.664815251 143.549982647 0.99609375
v 148.441992789 329.15676044 143.161326061 0.99609375
v 159.174368073 329.278426975 143.959765791 0.99609375
v 148.474052415 329.724802126 143.678065778 0.99609375
v 159.12003497 329.724683257 143.702510198 0.99609375
v 148.446902259 329.795191684 143.136241664 0.99609375
v 158.651300822 329.837129313 143.219212438 0.99609375
v 148.33913597 329.771320629 143.917643754 0.99609375
v 158.831505799 330.290843376 143.51052119 0.99609375
v 148.21890701 330.366826069 143.171811752 0.99609375
v 159.113806612 330.046058884 143.512505536 0.99609375
v 148.420718921 330.633484849 143.384668846 0.99609375
v 159.106454169 330.577677003 143.425985034 0.99609375
v 148.756633165 330.72799056 143.499162599 0.99609375
v 158.928821071 330.946355875 143.488399601 0.99609375
v 148.47954234 331.038240748 143.48374613 0.99609375
v 158.970510235 331.160686945 143.962705164 0.99609375
v 148.519113864 331.502616945 143.057987032 0.99609375
v 159.303906709 331.670129784 143.029763176 0.99609375
v 148.729081296 331.95974764 143.945551703 0.99609375
v 159.467483603 331.695012798 143.567866741 0.99609375
v 148.573532903 332.151972902 143.33873943 0.99609375
v 159.3225389 331.944993175 143.685935324 0.99609375
v 148.561816376 332.199328819 143.741085588 0.99609375
v 159.584695135 332.375928411 143.079834118 0.99609375
v 148.493646296 332.79723008 143.409005129 0.99609375
v 159.676261 332.632380944 143.699738797 0.99609375
v 148.355991275 332.837719564 143.779581587 0.99609375
v 159.45433626 332.631551298 143.788011911 0.99609375
v 148.28269974 333.261253869 143.794226309 0.99609375
v 159.514454012 333.046896941 143.470321683 0.99609375
v 148.278033831 333.269793285 143.804931826 0.99609375
v 159.299065959 333.370946118 143.727783692 0.99609375
v 148.709438548 333.665653995 143.238340026 0.99609375
v 159.290683779 333.845570504 143.692448944 0.99609375
v 148.602748174 334.299029183 143.037794688 0.99609375
v 159.712008855 334.073269472 143.297996938 0.99609375
v 148.510333431 334.265373063 143.614577096 0.99609375
v 159.361751094 334.535567385 143.677047753 0.99609375
v 148.978689902 334.911820186 143.132766387 0.99609375
v 159.225324001 334.730336109 143.541226937 0.99609375
v 148.475827468 334.878010845 143.023483223 0.99609375
v 159.488449312 334.960051233 143.365275759 0.99609375
v 148.877490076 335.268174548 143.016423593 0.99609375
v 159.229369605 335.244348071 143.503579228 0.99609375
v 148.649809847 335.486616153 143.235290455 0.99609375
v 159.557689381 335.286260757 143.356122944 0.99609375
v 148.569974687 336.010297639 143.303752127 0.99609375
v 159.634271349 335.935604252 143.782055201 0.99609375
v 148.896995981 336.059637385 143.784739531 0.99609375
v 159.594168322 336.191741972 143.207686453 0.99609375
v 148.659530563 336.117581769 143.367858875 0.99609375
v 159.510923849 336.213566024 143.38793993 0.99609375
v 148.982669658 336.712212277 143.965641249 0.99609375
v 159.940241071 336.718803916 143.318412369 0.99609375
v 148.885286833 337.054146352 143.684410699 0.99609375
v 159.554091883 336.69867186 143.451179674 0.99609375
v 148.301218157 337.267612875 143.577308728 0.99609375
v 159.786807138 337.324207779 143.636972283 0.99609375
v 148.736412244 337.312955477 143.528941368 0.99609375
v 160.023088767 337.566683096 143.895651121 0.99609375
v 148.296072833 337.620254243 143.535172538 0.99609375
v 160.126311313 338.084290393 143.819387078 0.99609375
v 148.647247665 338.419566622 143.212930082 0.99609375
v 160.32044058 337.879629809 143.013897664 0.99609375
v 148.443495107 338.469585275 143.241362957 0.99609375
v 160.318770563 338.479540798 143.231783657 0.99609375
v 148.449039308 338.619309242 143.637419231 0.99609375
v 159.951378779 338.525032547 143.256578903 0.99609375
v 148.51994147 338.773146287 143.927966644 0.99609375
v 160.128965045 338.999232655 143.031212143 0.99609375
v 148.301200807 339.259638645 143.134749326 0.99609375
v 160.191598222 339.505952413 143.833314418 0.99609375
v 148.546919424 339.577688326 143.191319344 0.99609375
v 160.213337164 339.441282624 143.908578103 0.99609375
v 149.036922257 340.158238551 143.984876329 0.99609375
v 160.174732643 340.021491335 143.290845061 0.99609375
v 148.813141596 340.07723853 143.209074564 0.99609375
v 160.023763487 340.036503699 143.642708833 0.99609375
v 148.671778031 340.225339139 143.809595654 0.99609375
v 160.310304852 340.329405161 143.309992309 0.99609375
v 148.968267824 340.550940128 143.077130662 0.99609375
v 159.861381502 341.022487131 143.835651089 0.99609375
v 148.912493233 340.908442303 143.444910269 0.99609375
v 160.21029982 341.311436272 143.669149263 0.99609375
v 148.810949879 341.167852013 143.954225764 0.99609375
v 160.349309578 341.172068433 143.72106989 0.99609375
v 148.598822998 341.477680575 143.348605442 0.99609375
v 160.208979544 341.840684429 143.324050597 0.99609375
v 148.519118677 341.788474327 143.868535587 0.99609375
v 160.301867757 341.835358283 143.397275212 0.99609375
v 148.789543487 342.135323954 143.171916611 0.99609375
v 160.630220553 342.279708707 143.827111341 0.99609375
v 148.481967188 342.610046499 143.118475563 0.99609375
v 160.466974508 342.668179943 143.745761952 0.99609375
v 148.859767625 342.500461429 143.301934929 0.99609375
v 160.369926217 342.842552005 143.01961039 0.99609375
v 148.539804019 343.257234872 143.232900183 0.99609375
v 160.656610025 342.96667894 143.676124175 0.99609375
v 148.647426845 343.615784262 143.984823267 0.99609375
v 160.658279771 343.614848513 143.260791072 0.99609375
v 148.949225932 343.431443981 143.581957507 0.99609375
v 160.576922433 343.899786416 143.271763819 0.99609375
v 148.726009293 344.108492134 143.80400921 0.99609375
v 159.844044773 343.673489458 143.591396433 0.99609375
v 148.890853977 344.037725481 143.52041955 0.99609375
v 160.128011472 344.251200522 143.454260956 0.99609375
v 149.014535138 344.630376995 143.401222163 0.99609375
v 160.114649586 344.472293848 143.957031137 0.99609375
v 148.787177163 344.946562904 143.132278231 0.99609375
v 160.514779493 344.72419249 143.89404331 0.99609375
v 148.651576048 344.902706985 143.631368067 0.99609375
v 160.10736909 345.073996623 143.223073988 0.99609375
v 148.855718098 345.532721035 143.364324536 0.99609375
v 160.363307634 345.161369616 143.778553848 0.99609375
v 149.316832848 345.468932399 143.602332101 0.99609375
v 160.535791391 345.907468268 143.970315214 0.99609375
v 149.143572744 346.25617529 143.841938541 0.99609375
v 160.105020413 346.243543559 143.452479954 0.99609375
v 148.996135097 346.2909129 143.924682757 0.99609375
v 160.429189799 346.45048374 143.584142964 0.99609375
v 148.933765197 346.525270176 143.942814613 0.99609375
v 160.723041192 346.292711924 143.898450045 0.99609375
v 149.19409651 346.831115259 143.876982163 0.99609375
v 160.646424949 346.71835434 143.111457833 0.99609375
v 149.021958719 347.164569249 143.620307317 0.99609375
v 160.748156099 346.903569021 143.703909691 0.99609375
v 149.04798196 347.331455253 143.666718787 0.99609375
v 160.646378991 347.578359909 143.479901203 0.99609375
v 149.1829431 347.684979205 143.527698838 0.99609375
v 160.596812821 347.455055547 143.725235615 0.99609375
v 148.985280674 347.876791842 143.435866686 0.99609375
v 160.761315617 347.815891184 143.419619827 0.99609375
v 149.302279111 348.203946079 143.10943558 0.99609375
v 160.885451713 348.538658794 143.973580742 0.99609375
v 149.055874232 348.577143346 143.216698889 0.99609375
v 160.922431749 348.402282324 143.305753053 0.99609375
v 148.792069917 348.964800911 143.680883378 0.99609375
v 160.72370078 349.010227679 143.86456426 0.99609375
v 149.232451049 349.365726967 143.509234144 0.99609375
v 160.858002328 349.074536355 143.41286339 0.99609375
v 149.231991996 349.40842548 143.596755883 0.99609375
v 160.723468181 349.21709464 143.642049494 0.99609375
v 148.969931069 349.555462663 143.993245926 0.99609375
v 161.089498047 349.684535408 143.674276166 0.99609375
v 149.051223514 349.950261747 143.96049755 0.99609375
v 161.194005315 350.128998217 143.716217245 0.99609375
v 148.917561804 350.100723089 143.444353549 0.99609375
v 160.692714641 350.080748315 143.729948682 0.99609375
v 149.278460399 350.358412176 143.899714757 0.99609375
v 160.873618854 350.503057205 143.532739082 0.99609375
v 149.038708818 350.860554656 143.987307169 0.99609375
v 161.152004665 351.023524455 143.427332888 0.99609375
v 148.810885972 351.08308077 143.840216449 0.99609375
v 161.469249234 351.445734568 143.17267661 0.99609375
v 149.596397343 351.500695722 143.199612955 0.99609375
v 161.157867672 351.357065588 143.722547766 0.99609375
v 149.592574421 351.823619373 143.591164074 0.99609375
v 161.047089957 352.041967511 143.9654441 0.99609375
v 149.407274938 351.825004808 143.433749618 0.99609375
v 161.087316277 351.949368372 143.258213191 0.99609375
v 148.052859814 328.202244705 144.429960146 0.99609375
v 158.947525534 328.264662507 143.705330024 0.99609375
v 148.153903999 328.540468871 144.411102018 0.99609375
v 158.989361314 328.758862553 143.842336188 0.99609375
v 148.2339672 329.105188519 143.728072316 0.99609375
v 158.661573393 328.577254765 143.664260493 0.99609375
v 148.627020945 329.366244866 143.563804343 0.99609375
v 159.043586501 329.266119895 143.931940514 0.99609375
v 148.398133061 329.412462938 144.277323803 0.99609375
v 158.87449267 329.516311192 143.696849703 0.99609375
v 148.756607035 329.929793682 143.761891901 0.99609375
v 158.857898725 329.67350034 144.404707657 0.99609375
v 148.720626379 330.286224823 144.16776988 0.99609375
v 158.65728288 330.275950825 143.728293673 0.99609375
v 148.641891706 330.459344781 143.703438098 0.99609375
v 158.807318748 330.403205851 143.687559691 0.99609375
v 148.527713273 330.727091834 143.532005526 0.99609375
v 159.077308949 330.464202987 144.368385893 0.99609375
v 148.225773601 331.014159945 144.194692131 0.99609375
v 158.682314761 331.136124031 144.177873548 0.99609375
v 148.391397419 331.145975432 144.147185494 0.99609375
v 159.06861305 331.343739273 144.433826266 0.99609375
v 148.190078119 331.432282934 143.782957536 0.99609375
v 159.230432633 331.321348073 143.585080594 0.99609375
v 148.646636724 331.84121159 144.302815638 0.99609375
v 159.053036656 331.59898995 144.3040042 0.99609375
v 148.310777876 331.832718729 143.627210904 0.99609375
v 158.959288493 332.094918367 144.128988542 0.99609375
v 148.62726152 332.357017934 144.206571598 0.99609375
v 159.407187295 332.59216766 143.995885691 0.99609375
v 148.664754908 332.786240677 143.517351237 0.99609375
v 159.278992172 332.692771534 143.607736778 0.99609375
v 148.996561922 332.987767205 144.166703934 0.99609375
v 159.075639104 332.689493184 144.174221366 0.99609375
v 148.766540714 332.941314713 143.669504022 0.99609375
v 159.052082401 333.42717027 144.468486008 0.99609375
v 148.765863821 333.4853907 143.578228365 0.99609375
v 158.956603376 333.668812242 143.565401176 0.99609375
v 148.900795008 333.924122928 143.838826618 0.99609375
v 159.312055785 334.032715245 143.775183644 0.99609375
v 148.785452608 333.927296764 143.871641834 0.99609375
v 159.072178095 334.038914206 144.195841241 0.99609375
v 148.637342338 334.265683967 143.587714951 0.99609375
v 158.980399232 334.407425663 144.330888727 0.99609375
v 148.609640891 334.537985041 143.653398155 0.99609375
v 159.125286282 334.524861487 143.61229621 0.99609375
v 148.870852647 334.978264271 144.443014527 0.99609375
v 159.141330987 334.773467558 143.73659081 0.99609375
v 148.786401772 335.357820735 143.544549746 0.99609375
v 159.720986429 335.244106615 144.484856387 0.99609375
v 148.764673292 335.563113734 143.847210076 0.99609375
v 159.225772442 335.492519157 143.793639591 0.99609375
v 148.563389596 335.881051556 143.790521423 0.99609375
v 159.679487763 335.867525507 144.237072373 0.99609375
v 148.493537709 336.283031438 144.282991477 0.99609375
v 159.660020948 336.102520053 144.326010459 0.99609375
v 148.607202432 336.612309484 144.281264249 0.99609375
v 159.262687164 336.484555833 143.887488674 0.99609375
v 149.01303122 336.861777759 143.597994245 0.99609375
v 159.621095278 336.875733625 144.121406578 0.99609375
v 148.23850215 337.04346974 144.312432598 0.99609375
v 159.383531034 337.099528759 144.025677862 0.99609375
v 148.370847176 337.214737859 144.164049639 0.99609375
v 159.736266883 337.485846101 144.295203571 0.99609375
v 148.240043835 337.582701713 143.752083262 0.99609375
v 159.926708231 337.407953927 143.51966078 0.99609375
v 148.50201469 338.109250468 144.168397089 0.99609375
v 159.815849709 337.924727231 143.718589593 0.99609375
v 148.31176039 338.261987635 144.329014188 0.99609375
v 159.735177431 338.29250627 144.35828822 0.99609375
v 148.420240496 338.4385302 144.079942102 0.99609375
v 159.788249727 338.568151565 143.734160966 0.99609375
v 148.612144195 338.579055659 144.252060096 0.99609375
v 159.707659672 338.439551384 144.269836776 0.99609375
v 148.298492088 339.173166822 143.57518934 0.99609375
v 159.962017414 339.241312182 144.207624891 0.99609375
v 148.465089363 339.014021455 144.48598721 0.99609375
v 160.018543156 339.378525818 144.166965749 0.99609375
v 148.535618537 339.781583661 143.522809851 0.99609375
v 160.017343384 339.721823621 143.699565798 0.99609375
v 148.435482093 339.844129146 144.173820619 0.99609375
v 159.84901362 340.097558375 144.257804215 0.99609375
v 148.437352805 340.338844046 144.305580575 0.99609375
v 160.340201572 340.114625636 144.030969968 0.99609375
v 148.987292985 340.332736835 143.757671788 0.99609375
v 159.893523296 340.547408294 143.870546893 0.99609375
v 148.82422643 340.978468292 144.461336682 0.99609375
v 160.343964088 340.612258472 144.345259461 0.99609375
v 148.606200496 340.998322313 144.048139295 0.99609375
v 160.291943012 340.950417326 143.731210871 0.99609375
v 148.739780861 341.338923036 143.817728445 0.99609375
v 160.357099033 341.528832231 143.630534658 0.99609375
v 148.733916632 341.351919432 144.315557811 0.99609375
v 160.010414151 341.890608564 143.555614774 0.99609375
v 148.579291727 342.160968365 144.248401051 0.99609375
v 160.263004902 341.770337379 144.372814611 0.99609375
v 148.616483838 342.023966736 144.455639222 0.99609375
v 160.353454243 342.34960928 143.534110702 0.99609375
v 148.763101637 342.597138361 144.373718118 0.99609375
v 160.021415521 342.736809078 144.067700936 0.99609375
v 148.951014752 342.88353157 143.675658952 0.99609375
v 160.09268602 342.643516467 143.618850297 0.99609375
v 148.792519088 342.853952189 144.331480308 0.99609375
v 160.184841334 342.930254377 143.659936705 0.99609375
v 149.019269568 343.372784188 143.941375321 0.99609375
v 160.095485205 343.323477681 143.957427315 0.99609375
v 148.618221018 343.519302721 144.38852985 0.99609375
v 160.149947262 343.442011333 143.698316507 0.99609375
v 148.539789113 344.006377946 143.78625615 0.99609375
v 160.298386224 343.707129051 144.087953402 0.99609375
v 148.665581082 344.461111793 143.728403824 0.99609375
v 159.842427273 344.446929828 143.922763346 0.99609375
v 148.880114229 344.287817397 144.446247143 0.99609375
v 160.355033791 344.793546082 144.083967128 0.99609375
v 148.916252702 344.537027036 143.925370568 0.99609375
v 159.845941964 344.748476309 143.945655574 0.99609375
v 148.606617195 345.005765415 143.569875733 0.99609375
v 160.398724268 345.337015125 143.572947963 0.99609375
v 148.661350097 345.458468306 144.167417545 0.99609375
v 160.563461539 345.549310934 144.413977506 0.99609375
v 148.546821173 345.505465095 144.361328251 0.99609375
v 160.243592955 345.702989625 144.385982016 0.99609375
v 149.136172591 345.974703963 144.11512029 0.99609375
v 160.604820244 346.034846262 144.235018544 0.99609375
v 149.311104317 346.195148615 144.022236303 0.99609375
v 160.225790425 345.999476302 143.613394155 0.99609375
v 149.139019361 346.690556122 144.419356805 0.99609375
v 160.339219641 346.38895735 143.921224137 0.99609375
v 148.815769437 346.990167338 143.796164527 0.99609375
v 160.553817331 346.641755404 144.197940706 0.99609375
v 149.313787183 347.262025971 143.84679082 0.99609375
v 160.258177059 346.915148792 143.792498201 0.99609375
v 148.865161982 347.612610752 143.966167531 0.99609375
v 160.735710488 347.541224411 144.004032775 0.99609375
v 149.190805488 347.634081108 143.504905601 0.99609375
v 160.423886867 347.647247273 143.971040787 0.99609375
v 148.940601139 348.085312848 143.581015054 0.99609375
v 160.517908151 348.167246187 143.928572881 0.99609375
v 148.915407548 348.056995969 144.317030011 0.99609375
v 160.530315736 348.331969636 144.220447065 0.99609375
v 148.922193648 348.831463384 144.033248942 0.99609375
v 160.564510308 348.736001614 144.148331868 0.99609375
v 149.227652444 348.995026474 144.26956404 0.99609375
v 160.685627672 348.94385873 144.264105626 0.99609375
v 148.913997445 349.273283687 143.570557969 0.99609375
v 160.88821004 349.346582495 143.693196735 0.99609375
v 148.890321583 349.199095118 143.817834485 0.99609375
v 160.462929007 349.520153427 143.850350586 0.99609375
v 149.300398365 349.754563518 143.836683463 0.99609375
v 160.927131752 349.85408026 143.827786392 0.99609375
v 149.164237741 349.808895193 144.268800753 0.99609375
v 160.735534227 350.299934637 144.352796765 0.99609375
v 149.271079746 350.257961001 143.591130112 0.99609375
v 160.902055827 350.356735633 143.539505191 0.99609375
v 148.960254052 350.756422439 143.827078011 0.99609375
v 161.055002591 350.790849506 143.89706747 0.99609375
v 148.903990381 350.923928159 144.085958183 0.99609375
v 161.18235768 350.922640284 144.249526453 0.99609375
v 149.628602295 351.316826519 143.52290596 0.99609375
v 161.130989212 351.017998555 144.20426135 0.99609375
v 149.252943071 351.258862742 144.096918471 0.99609375
v 160.776608746 351.335327408 143.944199382 0.99609375
v 149.628058951 351.639397433 143.832235772 0.99609375
v 161.175162107 351.497876468 144.228354563 0.99609375
v 149.08637182 351.825458104 143.911204455 0.99609375
v 161.132316757 351.850129633 144.109484624 0.99609375
v 148.387648779 328.592290004 144.940427766 0.99609375
v 158.922911679 328.614830525 144.317295253 0.99609375
v 148.248483911 329.070255605 144.583643268 0.99609375
v 158.73918218 328.862691008 144.962254746 0.99609375
v 148.562469058 329.266624507 144.795159334 0.99609375
v 158.751732722 329.419952137 144.122761179 0.99609375
v 148.565324762 329.553111327 144.836756228 0.99609375
v 159.126136149 329.585149014 144.04792076 0.99609375
v 148.199021495 329.643205534 144.059230722 0.99609375
v 159.079317998 329.903802382 144.811440304 0.99609375
v 148.422652314 329.956327357 144.616038012 0.99609375
v 158.993360499 329.905216411 144.552498215 0.99609375
v 148.390999827 330.402875241 144.719698205 0.99609375
v 158.686289418 330.048340873 144.310054531 0.99609375
v 148.237355246 330.506404044 144.592958849 0.99609375
v 158.772708746 330.462954233 144.128932935 0.99609375
v 149.021169984 330.940701085 144.621161976 0.99609375
v 159.099256843 331.084353066 144.529701887 0.99609375
v 149.028913226 330.987008704 144.90431747 0.99609375
v 158.82938685 331.302165115 144.454823335 0.99609375
v 148.807955556 331.378042042 144.998995754 0.99609375
v 158.837277809 331.384868218 144.289091934 0.99609375
v 148.91089407 331.701302002 144.771819086 0.99609375
v 159.241935866 331.668816949 144.587093085 0.99609375
v 148.861585041 332.019500689 144.269475763 0.99609375
v 159.344665152 332.069740693 144.823083881 0.99609375
v 148.484021423 332.152060763 144.419729626 0.99609375
v 159.214212909 332.5624701 144.309990361 0.99609375
v 148.528282398 332.834591389 144.272667827 0.99609375
v 159.17425578 332.803170562 144.055182063 0.99609375
v 149.035354539 332.734961051 144.750168673 0.99609375
v 159.005735593 332.669194754 144.697993213 0.99609375
v 148.73630138 332.962762661 144.294230107 0.99609375
v 158.938251945 333.01844973 144.651583254 0.99609375
v 148.802202969 333.48196772 144.162570569 0.99609375
v 159.1908776 333.409818323 144.141479742 0.99609375
v 148.957914392 333.513533034 144.897136724 0.99609375
v 159.410241468 333.966157557 144.034168127 0.99609375
v 148.523979378 333.999541713 144.625478108 0.99609375
v 159.331946363 334.19512644 144.815052776 0.99609375
v 148.88661553 334.403594617 144.50306439 0.99609375
v 159.23169532 334.552304118 144.670945254 0.99609375
v 148.632940773 334.739361523 144.535125846 0.99609375
v 159.725079993 334.745111086 144.794594108 0.99609375
v 149.009112607 334.893578548 144.598067426 0.99609375
v 159.302511143 334.86527319 144.112471907 0.99609375
v 148.504960261 335.367587389 144.938127291 0.99609375
v 159.662380428 335.390009129 144.697383864 0.99609375
v 148.481679521 335.346915841 144.098294778 0.99609375
v 159.220184892 335.766660469 144.793321012 0.99609375
v 148.311420646 335.820448758 144.055122348 0.99609375
v 159.773804001 335.745500613 144.55676193 0.99609375
v 148.388897727 335.843707776 144.099873003 0.99609375
v 159.69513304 336.260385755 144.500229307 0.99609375
v 148.690144509 336.240750391 144.210212253 0.99609375
v 159.587329615 336.610282218 144.836294097 0.99609375
v 148.243085958 336.876129563 144.765435754 0.99609375
v 159.860923587 336.714486611 144.792466258 0.99609375
v 148.200968184 336.702079009 144.209126995 0.99609375
v 159.719962632 336.698238465 144.311612763 0.99609375
v 148.228272175 337.157208727 144.16806868 0.99609375
v 159.62780814 337.263210826 144.806327198 0.99609375
v 148.363831453 337.326582471 144.807606517 0.99609375
v 159.796963362 337.777745429 144.270452064 0.99609375
v 148.256865752 338.054803781 144.657504004 0.99609375
v 159.633732465 337.840617033 144.124634218 0.99609375
v 148.387123025 338.253062837 144.690231588 0.99609375
v 159.977372993 338.010481436 144.36975614 0.99609375
v 148.346078834 338.592580451 144.495233909 0.99609375
v 159.747860818 338.462027992 144.748938598 0.99609375
v 148.722519925 338.982266076 144.587302465 0.99609375
v 159.556761473 338.775972402 144.024109158 0.99609375
v 148.634004204 339.158777785 144.003591038 0.99609375
v 160.043689768 339.089609872 144.503659759 0.99609375
v 148.217452665 339.501019168 144.672524736 0.99609375
v 160.35387711 339.551686686 144.469168445 0.99609375
v 148.326416651 339.77638923 144.937834674 0.99609375
v 160.171728338 339.323715038 144.550939268 0.99609375
v 148.660649315 339.75780416 144.887948301 0.99609375
v 160.287423515 339.863016399 144.759583639 0.99609375
v 148.529894635 339.956125462 144.009518437 0.99609375
v 159.718837264 340.285219409 144.744000027 0.99609375
v 148.458649665 340.441923134 144.711603969 0.99609375
v 159.977864577 340.725667453 144.674965737 0.99609375
v 148.431478004 340.862096083 144.327084298 0.99609375
v 160.055116293 340.460422214 144.031561757 0.99609375
v 148.456893767 340.756146587 144.051692311 0.99609375
v 159.58197394 340.796268247 144.198581366 0.99609375
v 148.579906357 341.446822639 144.594757226 0.99609375
v 160.07713667 341.289001502 144.101937021 0.99609375
v 148.766579897 341.712886681 144.575553936 0.99609375
v 159.983462427 341.3373308 144.434662622 0.99609375
v 148.376128696 341.688908921 144.276472901 0.99609375
v 159.916186782 341.920756747 144.615449986 0.99609375
v 149.001480184 342.094111699 144.915626543 0.99609375
v 159.807902004 342.365803 144.776566732 0.99609375
v 148.923903457 342.60480692 144.468275263 0.99609375
v 160.086307516 342.275534609 144.69271776 0.99609375
v 148.997589301 342.614504493 144.046844138 0.99609375
v 160.355105457 343.037035399 144.986118437 0.99609375
v 148.832535106 342.808150163 144.236559615 0.99609375
v 160.194245462 343.057015869 144.704598647 0.99609375
v 149.001275025 343.217080381 144.06435085 0.99609375
v 160.215060833 343.283505658 144.027021013 0.99609375
v 148.995435199 343.537976403 144.973006549 0.99609375
v 160.063655969 343.643302272 144.387088458 0.99609375
v 148.729480761 343.936557661 144.585510153 0.99609375
v 160.01910697 343.969350522 144.920288794 0.99609375
v 148.619783149 344.326400735 144.701576817 0.99609375
v 159.927367785 343.950623398 144.26206729 0.99609375
v 148.752641027 344.479778161 144.198144458 0.99609375
v 160.034591231 344.559868284 144.542865614 0.99609375
v 148.593710705 344.577087455 144.696787083 0.99609375
v 160.214147741 344.915353746 144.846842968 0.99609375
v 149.002254632 345.361046995 144.257158883 0.99609375
v 159.868430492 345.277774324 144.085602193 0.99609375
v 148.939809674 345.155427046 144.751614646 0.99609375
v 160.208268407 345.307793796 144.104004988 0.99609375
v 148.836788005 345.829166039 144.088476771 0.99609375
v 160.591242105 345.901242225 144.385697992 0.99609375
v 148.707376236 345.756814285 144.296071496 0.99609375
v 160.192364915 346.074466183 144.783113473 0.99609375
v 148.623370545 346.147141886 144.6880313 0.99609375
v 160.168980736 346.503737725 144.143771527 0.99609375
v 148.491654057 346.380562587 144.469054279 0.99609375
v 160.529605092 346.751221504 144.915629325 0.99609375
v 148.796154067 346.552350106 144.60750402 0.99609375
v 160.083386831 346.573606513 144.71692207 0.99609375
v 148.747861566 346.874279662 144.120136837 0.99609375
v 160.60451007 347.112041907 144.744927531 0.99609375
v 148.924232369 347.152420153 144.768267977 0.99609375
v 160.166737272 347.613194383 144.531344064 0.99609375
v 149.046052699 347.503195882 144.649969524 0.99609375
v 160.277056376 347.492000347 144.918241418 0.99609375
v 149.31674602 348.205812379 144.890864744 0.99609375
v 160.264576336 347.947164311 144.431650423 0.99609375
v 149.197950935 348.469457333 144.510995171 0.99609375
v 160.177526494 348.540414423 144.014437798 0.99609375
v 149.12605303 348.350174228 144.912568316 0.99609375
v 160.292257923 348.739365152 144.221163921 0.99609375
v 148.976434498 348.651645478 144.111309854 0.99609375
v 160.783098654 348.833919277 144.203338924 0.99609375
v 149.295492721 348.931102061 144.899285034 0.99609375
v 160.388430426 349.335633128 144.571298405 0.99609375
v 148.905672029 349.441294322 144.612659305 0.99609375
v 160.434388809 349.502546287 144.252626378 0.99609375
v 149.138228211 349.912097238 144.65166425 0.99609375
v 160.692642783 349.486690067 144.397190127 0.99609375
v 148.770900349 350.099781478 144.462085575 0.99609375
v 160.746297257 349.816350853 144.765215868 0.99609375
v 148.971272521 350.230316625 144.76465844 0.99609375
v 160.416453125 350.032946147 144.173799796 0.99609375
v 149.239883802 350.42131511 144.404837533 0.99609375
v 160.63233501 350.813488294 144.801803259 0.99609375
v 149.241866626 350.843731047 144.977375474 0.99609375
v 160.510991166 350.680628993 144.391166319 0.99609375
v 149.05442525 351.024764794 144.82860494 0.99609375
v 160.916932989 351.45325814 144.028406603 0.99609375
v 149.272453667 351.453198053 144.960958093 0.99609375
v 160.68158852 351.400997618 144.453336555 0.99609375
v 149.393536076 352.048083905 144.431011346 0.99609375
v 160.391221846 351.945303012 144.619886265 0.99609375
v 149.44992305 351.92608694 144.891284104 0.99609375
v 160.947056476 351.863712054 144.488311169 0.99609375
v 149.16985588 352.474566781 144.645792484 0.99609375
v 160.992471756 352.39381588 144.847172146 0.99609375
v 148.789933101 328.581572563 144.829304555 0.99609375
v 158.909842107 328.564389706 144.696681516 0.99609375
v 148.945822242 328.735990864 145.043368322 0.99609375
v 158.856569889 328.603848154 145.332116114 0.99609375
v 148.883890194 329.114475257 144.511268602 0.99609375
v 158.911413291 328.885229386 144.525767793 0.99609375
v 148.847213794 329.640098688 144.634513841 0.99609375
v 158.740306983 329.693008046 145.421194996 0.99609375
v 148.760687833 329.581923112 144.859620417 0.99609375
v 159.024666358 329.48910151 145.023812801 0.99609375
v 148.4872657 330.286975289 144.741015666 0.99609375
v 158.780165329 329.966270592 145.047432744 0.99609375
v 148.717447947 330.147800141 144.920341422 0.99609375
v 158.933694537 330.070687978 145.379013877 0.99609375
v 148.768387347 330.640546824 144.555905803 0.99609375
v 158.999542808 330.877123898 145.077313366 0.99609375
v 148.483281157 330.63918918 144.572666938 0.99609375
v 158.63626016 330.91665467 144.640249896 0.99609375
v 148.879916741 331.208697254 145.195240607 0.99609375
v 159.151469219 331.389928631 144.824488785 0.99609375
v 148.847234971 331.477608845 145.496798567 0.99609375
v 159.365465043 331.670608698 145.472607902 0.99609375
v 148.783886175 331.833438272 145.454982995 0.99609375
v 159.36821596 332.036229307 144.885102491 0.99609375
v 148.743325926 331.807532163 144.938161166 0.99609375
v 159.488955318 332.226876396 144.57120429 0.99609375
v 148.741796366 332.487017903 145.097236856 0.99609375
v 159.433137957 332.356287356 145.316976996 0.99609375
v 148.806639331 332.697116993 145.023245059 0.99609375
v 159.307122848 332.569625349 145.453053104 0.99609375
v 148.593899239 332.785138438 144.632423741 0.99609375
v 159.209383886 332.862471639 145.344497553 0.99609375
v 148.714671086 333.215779839 144.668995848 0.99609375
v 159.311927032 333.257156688 145.280169509 0.99609375
v 148.644189377 333.406852256 145.252368149 0.99609375
v 159.787191893 333.761814544 144.973343073 0.99609375
v 148.806848568 333.608032126 145.151573158 0.99609375
v 159.651726871 333.984803413 144.989593027 0.99609375
v 148.756476908 334.261408474 145.173034623 0.99609375
v 159.635628726 333.837285096 144.748289185 0.99609375
v 148.621683768 334.162668062 144.845121366 0.99609375
v 159.254680212 334.119525437 144.569519064 0.99609375
v 148.868050687 334.888196163 145.467697544 0.99609375
v 159.285480081 334.854408079 145.014450539 0.99609375
v 148.94632421 335.078432695 145.130590291 0.99609375
v 159.58966402 334.822357019 144.845061502 0.99609375
v 148.958303552 335.084561417 145.132439477 0.99609375
v 159.890489703 335.523589202 145.192562888 0.99609375
v 148.242232321 335.770967639 145.00323795 0.99609375
v 160.070446612 335.603921557 145.18492189 0.99609375
v 148.68920741 335.815688908 144.525716187 0.99609375
v 159.575896221 335.64738461 145.377515085 0.99609375
v 148.378270635 336.338232948 144.978345357 0.99609375
v 159.813922766 336.248346198 145.457874639 0.99609375
v 148.248512714 336.220688892 145.198499119 0.99609375
v 159.725595411 336.502471685 144.912516379 0.99609375
v 148.54225382 336.947955721 144.833596704 0.99609375
v 159.841469985 336.977814281 144.643531435 0.99609375
v 148.22231654 337.053179426 145.063859632 0.99609375
v 160.245459786 337.156935988 145.036762922 0.99609375
v 148.241630817 337.535344877 145.039334208 0.99609375
v 159.879419329 337.47083165 144.963294106 0.99609375
v 148.482294664 337.448149983 145.248968118 0.99609375
v 160.078206725 337.342337689 144.660308985 0.99609375
v 148.088010104 337.561157865 144.57630003 0.99609375
v 160.013039347 337.989853181 145.14566232 0.99609375
v 147.972627832 338.007715929 144.984066823 0.99609375
v 160.326705011 338.154805817 144.785276905 0.99609375
v 148.353730974 338.591333174 144.707011446 0.99609375
v 159.794021759 338.311567018 144.65021276 0.99609375
v 147.931366751 338.845211863 145.038804522 0.99609375
v 159.79734283 338.696553765 144.645445469 0.99609375
v 148.167254101 338.837310462 145.442272636 0.99609375
v 160.08601235 338.987078751 145.418736992 0.99609375
v 148.421574633 339.507150742 144.568747421 0.99609375
v 160.024289264 339.507019912 144.928837381 0.99609375
v 148.054645558 339.323224962 144.985834261 0.99609375
v 159.885731798 339.496874479 145.177684064 0.99609375
v 148.191685009 339.759465012 144.949381237 0.99609375
v 160.027788067 339.666837829 145.420712806 0.99609375
v 148.322347777 340.321379719 145.058615384 0.99609375
v 160.188168633 340.082830147 145.346149802 0.99609375
v 148.430974191 340.18863049 144.971656084 0.99609375
v 159.808526406 340.390549784 144.995331141 0.99609375
v 148.4788619 340.8290529 145.010082485 0.99609375
v 160.236491475 340.872500161 144.735716296 0.99609375
v 147.902580694 341.141103287 145.219372406 0.99609375
v 159.94648285 341.024161394 145.345780773 0.99609375
v 148.362129673 341.084920369 145.454155598 0.99609375
v 159.821462464 341.314829537 145.010673549 0.99609375
v 148.47127998 341.588168304 145.380134005 0.99609375
v 160.335115904 341.42514646 144.645550676 0.99609375
v 148.735245965 341.647496006 144.852680205 0.99609375
v 159.881217646 342.034646587 144.618578522 0.99609375
v 148.229339776 342.366588638 144.626209942 0.99609375
v 159.947407219 342.425396999 145.350256837 0.99609375
v 148.360695965 342.496316704 144.975844305 0.99609375
v 160.027656102 342.202309799 144.630477477 0.99609375
v 148.751597221 342.753587071 144.985355624 0.99609375
v 160.12890933 342.862637741 145.257697582 0.99609375
v 148.614550628 343.020521619 144.699862843 0.99609375
v 160.150951217 343.05336633 144.553069743 0.99609375
v 148.485693592 343.586015112 145.359307509 0.99609375
v 159.894381015 343.624878541 145.356866242 0.99609375
v 148.681010345 343.627240674 144.925211247 0.99609375
v 160.309452065 343.632212463 145.308039894 0.99609375
v 148.717458998 343.984979708 144.771770595 0.99609375
v 160.300344879 343.675698754 145.037817247 0.99609375
v 148.500229264 344.422060153 145.470471288 0.99609375
v 160.222181191 344.485028463 145.336488551 0.99609375
v 148.279257546 344.701602302 145.03542828 0.99609375
v 159.833747347 344.77756402 144.989925736 0.99609375
v 148.495687265 344.703602677 144.674335763 0.99609375
v 159.821287896 344.695532617 145.353108455 0.99609375
v 148.368765069 344.91369495 145.357003998 0.99609375
v 160.183035436 345.231748258 144.982173744 0.99609375
v 148.284422187 345.235456842 145.425051429 0.99609375
v 159.995514642 345.28734199 145.324424869 0.99609375
v 148.450735923 345.70592531 144.620002888 0.99609375
v 159.844145187 345.611714674 145.204752451 0.99609375
v 148.371341017 345.776889198 144.889040059 0.99609375
v 159.942859338 346.205187685 144.718911187 0.99609375
v 148.702058403 346.275106906 144.850708842 0.99609375
v 160.272117326 346.458112879 145.020819149 0.99609375
v 148.674139932 346.669928703 144.801882097 0.99609375
v 160.08329679 346.693028143 144.923351482 0.99609375
v 148.265614198 346.753928213 144.801112981 0.99609375
v 160.320051728 346.625137207 144.867454842 0.99609375
v 148.82168771 347.031457689 144.600867633 0.99609375
v 160.126818362 347.089390697 144.640525162 0.99609375
v 148.945481079 347.508532422 144.892631481 0.99609375
v 160.523419393 347.132615936 145.217681693 0.99609375
v 148.596147661 347.755990424 145.4501509 0.99609375
v 160.114066073 347.580997829 144.549050532 0.99609375
v 148.953894897 348.167421296 144.707533199 0.99609375
v 160.388687402 347.925038838 144.990949606 0.99609375
v 148.943663075 348.01186442 144.583938443 0.99609375
v 160.445875928 348.145460061 144.710180714 0.99609375
v 148.546262112 348.298430469 145.336517986 0.99609375
v 160.11891199 348.605124225 145.126661834 0.99609375
v 148.589228937 348.776326816 144.738555147 0.99609375
v 160.106622123 348.870264948 144.962568482 0.99609375
v 148.600077797 349.068621426 145.373943535 0.99609375
v 160.480636112 349.412607293 145.285120468 0.99609375
v 148.522399951 349.510938037 145.190856395 0.99609375
v 160.357705068 349.313950812 145.467710622 0.99609375
v 148.488269688 349.474915599 145.048604552 0.99609375
v 160.143799299 349.960053489 144.700751871 0.99609375
v 148.624542028 349.839980652 145.126742296 0.99609375
v 160.289511375 350.289914676 145.019282825 0.99609375
v 148.632176235 350.355548362 144.559692063 0.99609375
v 160.249598443 350.391168204 144.755134987 0.99609375
v 148.66750055 350.388613661 145.035945329 0.99609375
v 160.578324543 350.454157429 144.744967034 0.99609375
v 149.000981044 350.622450327 144.717736433 0.99609375
v 160.10124596 350.685985819 145.213423218 0.99609375
v 149.176163917 351.193320935 145.442154281 0.99609375
v 160.441128865 350.99842157 145.31180529 0.99609375
v 148.865111762 351.629059771 145.20578207 0.99609375
v 160.412387445 351.404412346 145.474447041 0.99609375
v 149.347031316 351.742753954 144.948272035 0.99609375
v 160.634611571 351.968455672 144.962164349 0.99609375
v 149.331938625 352.083362833 144.860789656 0.99609375
v 160.534709275 352.003553956 144.75287532 0.99609375
v 149.313575708 352.375897475 145.410014978 0.99609375
v 160.587924525 352.13572735 145.266991854 0.99609375
v 149.18903743 352.784865557 144.714170505 0.99609375
v 161.208041733 352.404469657 145.384461051 0.99609375
v 156.01070808 329.451263979 145.715236603 0.99609375
v 150.190924065 329.885432603 145.52446398 0.99609375
v 157.080542718 329.669155757 145.999889387 0.99609375
v 150.125516928 329.975784541 145.792946019 0.99609375
v 157.216267144 329.838408595 145.674640894 0.99609375
v 150.130224003 330.377047002 145.010634383 0.99609375
v 157.23105091 330.053278736 145.079534238 0.99609375
v 150.016050054 330.794851402 145.60439892 0.99609375
v 157.756726298 330.791956176 145.83207365 0.99609375
v 149.800025809 330.843307683 145.35304672 0.99609375
v 158.260689493 330.810639156 145.13315082 0.99609375
v 149.354783659 330.899951325 145.938651959 0.99609375
v 157.927185568 331.114467037 145.902480426 0.99609375
v 149.779642213 331.759857939 145.03824941 0.99609375
v 158.404085208 331.694465494 145.952979366 0.99609375
v 149.293262412 331.759894275 145.918392683 0.99609375
v 158.453283866 331.830642723 145.395003052 0.99609375
v 149.183632511 332.025189488 145.809261898 0.99609375
v 158.479937002 331.85816237 145.833192042 0.99609375
v 149.446451886 332.36719751 145.429888868 0.99609375
v 158.960620633 332.557506083 145.450657347 0.99609375
v 149.591815511 332.451630219 145.168099715 0.99609375
v 158.879266471 332.386207823 145.886038607 0.99609375
v 149.109972351 333.000042975 145.98193991 0.99609375
v 158.92757728 332.643345354 145.592436745 0.99609375
v 149.562805818 333.400873246 145.545445483 0.99609375
v 159.210266048 333.445305317 145.369314024 0.99609375
v 149.213128938 333.392776018 145.933937938 0.99609375
v 159.610525488 333.34979519 145.563975779 0.99609375
v 149.277815964 333.553643448 145.343260926 0.99609375
v 160.061963668 333.573286189 145.425525652 0.99609375
v 149.169628174 333.993356509 145.548984885 0.99609375
v 160.077459831 334.314240028 145.881703432 0.99609375
v 149.169592963 334.445076272 145.850781031 0.99609375
v 160.043632955 334.619346508 145.558568795 0.99609375
v 149.324065431 334.732429599 145.237122675 0.99609375
v 160.275801579 334.688670492 145.658726055 0.99609375
v 148.946283054 335.025165682 145.428798463 0.99609375
v 160.249812211 335.156257692 145.980997034 0.99609375
v 148.861101523 335.400522345 145.539853602 0.99609375
v 160.151291313 335.160771617 145.837895141 0.99609375
v 148.522079941 335.498305319 145.018578443 0.99609375
v 160.041038839 335.743471632 145.427823945 0.99609375
v 148.582312131 335.642039777 145.319979082 0.99609375
v 160.113069616 335.9700335 145.693490829 0.99609375
v 148.651057604 335.922167846 145.815428644 0.99609375
v 160.180640749 336.344355854 145.353266493 0.99609375
v 148.413376165 336.188341392 145.193518109 0.99609375
v 160.648700433 336.589875501 145.701733062 0.99609375
v 148.61003368 336.511140561 145.869822185 0.99609375
v 160.137229761 336.577291275 145.660838056 0.99609375
v 148.416734068 337.125308421 145.0350547 0.99609375
v 160.382292463 337.131895514 145.536998384 0.99609375
v 148.238695955 337.464856949 145.649856324 0.99609375
v 160.272613344 337.147521867 145.21295609 0.99609375
v 148.02033453 337.689660167 145.73751571 0.99609375
v 160.541182691 337.361786944 145.607328846 0.99609375
v 148.274071416 337.94777799 145.495643059 0.99609375
v 160.649730808 337.644216744 145.149230016 0.99609375
v 148.397674756 337.94605421 145.471428175 0.99609375
v 160.893233632 337.854974288 145.325355697 0.99609375
v 148.319115555 338.583356386 145.294050998 0.99609375
v 160.62838594 338.363484479 145.046531295 0.99609375
v 148.479840634 338.471815362 145.44862903 0.99609375
v 160.153875362 338.571516785 145.74439406 0.99609375
v 147.651144207 338.847638452 145.473833201 0.99609375
v 160.339731 339.282342299 145.857817955 0.99609375
v 148.131325055 339.56291926 145.090431225 0.99609375
v 160.296100155 339.269479962 145.163608258 0.99609375
v 148.038756451 339.804286233 145.624897587 0.99609375
v 160.30369958 339.505956001 145.235906797 0.99609375
v 147.707355785 339.605852778 145.061459229 0.99609375
v 160.431233194 339.732022778 145.314813653 0.99609375
v 148.177154531 339.96381035 145.476888623 0.99609375
v 160.470435316 339.884696918 145.641506926 0.99609375
v 147.948558673 340.711613538 145.262140109 0.99609375
v 160.452453201 340.330700591 145.249397869 0.99609375
v 147.731135096 340.564283419 145.307545029 0.99609375
v 160.000308574 340.949254992 145.319748606 0.99609375
v 147.708155229 340.949355468 145.044099434 0.99609375
v 159.972812694 340.886765354 145.321460158 0.99609375
v 147.663528901 341.317297085 145.827000658 0.99609375
v 159.930218534 341.59463017 145.130978597 0.99609375
v 148.401510082 341.902268969 145.178334673 0.99609375
v 160.109349055 341.453186081 145.395465489 0.99609375
v 148.421646862 342.049095462 145.068494599 0.99609375
v 159.884958959 341.623771068 145.919327107 0.99609375
v 147.980313197 341.948185956 145.896348491 0.99609375
v 160.201529503 342.195938641 145.224941409 0.99609375
v 148.171352379 342.235543719 145.408370618 0.99609375
v 159.812355598 342.628888481 145.202182533 0.99609375
v 148.200127275 343.025913109 145.880042229 0.99609375
v 160.194175274 342.857718464 145.039753559 0.99609375
v 148.180380814 343.085964049 145.664298752 0.99609375
v 160.270474584 342.90482883 145.522751168 0.99609375
v 148.471964439 343.090824846 145.596447055 0.99609375
v 160.010224557 343.598749569 145.652054841 0.99609375
v 148.390304841 343.569157027 145.204403532 0.99609375
v 160.198077761 343.784930639 145.276556484 0.99609375
v 147.954378059 344.094622213 145.600611018 0.99609375
v 160.055223177 343.803614467 145.035999701 0.99609375
v 148.147329673 344.040536088 145.865409995 0.99609375
v 160.31739119 344.099161153 145.925055791 0.99609375
v 148.235937585 344.604281967 145.472504839 0.99609375
v 160.04232128 344.283007682 145.941368474 0.99609375
v 148.329620397 345.011609907 145.44896587 0.99609375
v 160.229456574 344.994743131 145.628715733 0.99609375
v 148.095000872 345.281021333 145.217236828 0.99609375
v 159.892418017 345.146851853 145.672563749 0.99609375
v 148.410336061 345.667404638 145.477399196 0.99609375
v 160.03063069 345.130255852 145.166371452 0.99609375
v 148.179046689 345.443410119 145.2785832 0.99609375
v 160.256405138 345.754216294 145.530570839 0.99609375
v 148.208097833 345.858654549 145.592633962 0.99609375
v 160.201145462 345.794932921 145.495791985 0.99609375
v 148.455520955 346.229953794 145.772564941 0.99609375
v 160.340539032 346.420206518 145.100460009 0.99609375
v 147.949905493 346.412294345 145.460214869 0.99609375
v 160.259804038 346.507950211 145.13888952 0.99609375
v 148.142919187 347.062787085 145.30287002 0.99609375
v 160.140456991 346.750939042 145.272560137 0.99609375
v 148.649792659 346.868344845 145.076795691 0.99609375
v 159.935282992 346.869067803 145.833833102 0.99609375
v 148.502515506 347.655721053 145.525629681 0.99609375
v 160.281165026 347.547700231 145.815855936 0.99609375
v 148.582252513 347.446541312 145.579396623 0.99609375
v 160.240353997 347.812966551 145.856476692 0.99609375
v 148.72564413 347.723893097 145.5845486 0.99609375
v 160.263347984 348.25014005 145.801899703 0.99609375
v 148.362275208 348.558381817 145.762691394 0.99609375
v 160.361625426 348.43809889 145.374911895 0.99609375
v 148.651632366 348.776612979 145.066044028 0.99609375
v 160.245163117 348.322228715 145.345522592 0.99609375
v 148.708035112 349.097656181 145.661126414 0.99609375
v 159.797734844 349.06546343 145.507705449 0.99609375
v 148.38467528 349.406798072 145.293563526 0.99609375
v 159.845628527 349.258059954 145.918500644 0.99609375
v 148.737326042 349.283326859 145.537743527 0.99609375
v 159.922546331 349.574348768 145.08093018 0.99609375
v 148.233897352 349.881935286 145.748913549 0.99609375
v 160.357093079 349.967056391 145.7085233 0.99609375
v 148.237214278 349.811095612 145.189545533 0.99609375
v 160.250612779 350.2678378 145.307514463 0.99609375
v 148.240000455 350.202700262 145.709282134 0.99609375
v 159.92548524 350.31571924 145.841773924 0.99609375
v 148.423531494 350.668273438 145.198814567 0.99609375
v 159.969365787 350.521683571 145.51067642 0.99609375
v 148.653940524 351.1726883 145.30817699 0.99609375
v 160.057829194 350.874541225 145.063930086 0.99609375
v 148.612217722 350.908580555 145.388463835 0.99609375
v 159.972016624 351.099307369 145.058875139 0.99609375
v 148.929005135 351.531114371 145.839540285 0.99609375
v 160.001778067 351.64109759 145.816719776 0.99609375
v 148.59922174 351.877600978 145.828327911 0.99609375
v 160.22155764 351.639407944 145.805885091 0.99609375
v 149.32853462 351.809696834 145.940543548 0.99609375
v 160.350733793 352.120417525 145.150621036 0.99609375
v 148.940300006 352.578175377 145.81557883 0.99609375
v 159.916382341 352.486219252 145.637823447 0.99609375
v 149.235914527 352.598290742 145.67135506 0.99609375
v 160.286152633 352.804988616 145.270756954 0.99609375
v 151.476803803 333.02459537 145.593344077 0.99609375
v 157.251252301 333.14805829 146.386669646 0.99609375
v 151.055034258 333.307492734 145.929169509 0.99609375
v 157.621671598 333.194008528 146.055640418 0.99609375
v 150.433904083 333.523419284 146.372281116 0.99609375
v 158.239891353 333.632252991 145.951292504 0.99609375
v 150.115517282 333.688413527 145.763827 0.99609375
v 158.308699841 333.622817263 146.465586187 0.99609375
v 150.500468815 333.998928745 146.061131879 0.99609375
v 158.722861965 333.97727818 145.969068794 0.99609375
v 150.095928447 334.447492566 145.84558035 0.99609375
v 159.151265748 334.593611263 145.78633785 0.99609375
v 150.096685128 334.567270306 145.971831354 0.99609375
v 159.156808844 334.658017971 146.324654493 0.99609375
v 149.868205167 335.131232414 145.506768353 0.99609375
v 159.31777246 334.899166644 145.90381624 0.99609375
v 149.816360033 335.13958393 146.408348164 0.99609375
v 159.822738968 335.498638946 145.917356558 0.99609375
v 149.452332669 335.758188865 145.888656829 0.99609375
v 159.951761744 335.621467286 145.838723798 0.99609375
v 149.524683208 335.744469768 145.77218054 0.99609375
v 160.368559792 336.054742004 146.227393793 0.99609375
v 149.303420422 336.359073364 145.813174177 0.99609375
v 160.404166018 336.174555294 145.57409573 0.99609375
v 149.032640961 336.479007136 146.248949996 0.99609375
v 160.941424507 336.177037798 145.588221999 0.99609375
v 148.88536893 336.620432801 145.956964575 0.99609375
v 160.499993407 336.740701891 145.605052984 0.99609375
v 148.446558719 336.947682059 145.575482708 0.99609375
v 160.705807886 337.013222583 145.793665529 0.99609375
v 148.648578212 337.190102307 146.482953168 0.99609375
v 160.414157213 336.980695809 146.131916236 0.99609375
v 148.196329593 337.470706104 145.520502694 0.99609375
v 160.391765063 337.331474074 146.302039218 0.99609375
v 148.087237076 338.118263457 145.808970172 0.99609375
v 160.714150094 337.855876394 146.239077971 0.99609375
v 147.693873892 337.955532045 146.207632273 0.99609375
v 160.908846426 337.916468525 145.526511099 0.99609375
v 148.083139521 338.193132301 145.5889561 0.99609375
v 160.397816721 338.492745294 145.884768481 0.99609375
v 148.119812578 338.891834572 146.404615473 0.99609375
v 160.993637105 338.443226685 146.263134385 0.99609375
v 147.843221294 339.059637484 145.580840943 0.99609375
v 160.70325651 339.296592097 146.235259482 0.99609375
v 147.809105664 339.506002479 145.979858406 0.99609375
v 160.533560741 339.322109342 145.97020014 0.99609375
v 147.960793653 339.857622337 145.872877577 0.99609375
v 160.596409048 339.682906085 146.199985873 0.99609375
v 147.901628282 339.981367538 146.435502718 0.99609375
v 160.765144629 339.784872387 146.170723363 0.99609375
v 147.564925428 340.052242813 146.307688766 0.99609375
v 160.375415555 340.152960557 146.276290711 0.99609375
v 147.736151899 340.481301107 146.492351163 0.99609375
v 160.131967474 340.459006702 145.56377933 0.99609375
v 147.485695084 340.612700546 145.949457987 0.99609375
v 160.462639823 340.570821635 146.47530182 0.99609375
v 147.874900647 341.287698594 146.335827911 0.99609375
v 160.363922997 340.937122248 146.221865162 0.99609375
v 147.57251039 341.444550042 145.965290715 0.99609375
v 160.339002903 341.424252363 145.910947696 0.99609375
v 147.828213758 341.436752089 146.32105923 0.99609375
v 160.487659435 341.339662203 146.222603043 0.99609375
v 147.687520248 341.800940806 145.689145494 0.99609375
v 160.398603439 341.815537092 146.390036969 0.99609375
v 147.635808612 342.059141072 145.578680141 0.99609375
v 160.565452485 342.168006412 145.581406657 0.99609375
v 148.181752355 342.30600558 145.697277426 0.99609375
v 159.965737539 342.252173107 145.560984851 0.99609375
v 148.017422391 342.89430078 146.111905828 0.99609375
v 160.285431016 342.885779867 146.257837344 0.99609375
v 147.822255515 342.90681144 145.918544113 0.99609375
v 159.960849649 342.973451881 146.195739482 0.99609375
v 147.842495361 343.149418481 146.158103598 0.99609375
v 160.294510704 343.170520162 146.437027787 0.99609375
v 147.632930222 343.92153027 145.893493523 0.99609375
v 160.247959312 343.629878959 146.380311434 0.99609375
v 147.938190488 343.850782667 146.411290058 0.99609375
v 160.02470535 343.920267912 146.083203961 0.99609375
v 147.795160462 344.425179915 146.282089823 0.99609375
v 160.239023974 344.175966313 146.371528895 0.99609375
v 148.13096482 344.546428287 145.753935599 0.99609375
v 159.860320803 344.433594157 145.792187993 0.99609375
v 147.705313116 344.917102424 146.173804672 0.99609375
v 160.273063382 344.744306673 145.634050159 0.99609375
v 147.719790026 345.296878323 145.622544468 0.99609375
v 159.992919615 345.000576195 146.039602691 0.99609375
v 147.702106824 345.307824834 145.600144773 0.99609375
v 159.922616958 345.264055958 145.887226171 0.99609375
v 148.16036063 345.434612159 145.513849903 0.99609375
v 160.14772334 345.785344539 145.720018071 0.99609375
v 148.149306744 345.806183542 145.525137491 0.99609375
v 159.848317819 346.105208271 146.471929901 0.99609375
v 148.03178917 346.489077165 145.66702026 0.99609375
v 160.348421705 346.373333942 146.315991035 0.99609375
v 148.184577522 346.728859957 146.289184763 0.99609375
v 160.049990565 346.460735139 145.573076482 0.99609375
v 147.779908678 347.123119182 146.059565159 0.99609375
v 159.950801291 347.087867316 146.427330574 0.99609375
v 148.052889302 347.079450083 146.061899729 0.99609375
v 160.044099122 346.956932902 146.016353725 0.99609375
v 147.871557056 347.180011782 146.481298996 0.99609375
v 160.057677357 347.247031195 146.417096713 0.99609375
v 148.342526749 347.508468147 146.243846049 0.99609375
v 159.87341724 347.987835885 145.880428502 0.99609375
v 148.47454143 347.719364058 146.066407557 0.99609375
v 159.892384023 347.948982504 146.220272594 0.99609375
v 147.981744273 348.084475023 146.056041424 0.99609375
v 159.865723782 348.56031211 145.893433 0.99609375
v 148.408088738 348.393509169 145.57368798 0.99609375
v 159.924696224 348.666113109 145.721681022 0.99609375
v 148.364597239 348.798012613 146.202515296 0.99609375
v 160.015217475 348.603268129 146.243534214 0.99609375
v 148.293970996 349.291792805 145.502353391 0.99609375
v 160.21150715 349.038732008 145.730776154 0.99609375
v 148.411767311 349.532540716 146.405141044 0.99609375
v 160.299453761 349.58236072 145.689889066 0.99609375
v 148.479061418 350.027247548 145.910361397 0.99609375
v 160.115447093 349.815105186 145.810028858 0.99609375
v 147.95453262 349.882212852 146.05978719 0.99609375
v 159.890615851 350.189251888 146.285195806 0.99609375
v 148.012854307 350.11171584 146.392037966 0.99609375
v 159.904953304 350.123774866 146.063094428 0.99609375
v 148.324946715 350.681357286 145.686654771 0.99609375
v 160.044848187 350.713873267 146.214923016 0.99609375
v 148.427173841 350.835570954 145.741274432 0.99609375
v 160.03599405 350.859720945 146.005214104 0.99609375
v 148.339414867 351.15459077 145.617108771 0.99609375
v 159.967630993 351.46843415 145.638850535 0.99609375
v 148.37382255 351.558059058 145.647301625 0.99609375
v 160.192764914 351.558573434 145.727599251 0.99609375
v 148.190715403 351.593509089 145.611435034 0.99609375
v 159.874335497 351.951130493 145.866413443 0.99609375
v 148.810923795 352.139170384 146.316663653 0.99609375
v 159.969011931 352.303792932 145.957481804 0.99609375
v 148.914667247 352.303205799 145.773584885 0.99609375
v 159.955504781 352.524192291 146.393741533 0.99609375
v 148.838232315 352.523797922 145.752983469 0.99609375
v 160.148900559 352.869310585 146.121104813 0.99609375
v 148.815867286 352.766570056 145.55277713 0.99609375
v 160.167763392 353.10230879 146.454220584 0.99609375
v 153.890769949 335.062062562 146.057551399 0.99609375
v 155.989364023 335.190748259 146.339736651 0.99609375
v 152.005826674 335.327813753 146.925414461 0.99609375
v 157.395028457 335.206800324 146.26940715 0.99609375
v 151.202585749 335.460726136 146.873411756 0.99609375
v 158.24929345 335.289638983 146.105116644 0.99609375
v 150.535255238 335.792109165 146.777049863 0.99609375
v 159.097752823 335.978199712 146.238646784 0.99609375
v 150.443632547 336.229584976 146.026015023 0.99609375
v 159.283683095 336.132256069 146.281727971 0.99609375
v 149.809324939 336.187958104 146.618637721 0.99609375
v 159.922591197 336.59611787 146.121909788 0.99609375
v 149.164694022 336.509092077 146.856595659 0.99609375
v 160.099118198 336.735787298 146.512506071 0.99609375
v 148.827391212 336.810576361 146.088551096 0.99609375
v 160.865728279 337.006084456 146.219162952 0.99609375
v 148.55286008 337.230661427 146.98767918 0.99609375
v 160.710479535 337.544885159 146.253203104 0.99609375
v 148.596271596 337.567208077 146.652137156 0.99609375
v 161.178438907 337.713727556 146.52669154 0.99609375
v 148.318287778 337.978836284 146.998626841 0.99609375
v 161.082811305 337.981565139 146.465918401 0.99609375
v 148.014393321 338.204316369 146.753027143 0.99609375
v 160.789533467 338.328977057 146.502040903 0.99609375
v 148.01893227 338.574282175 146.941222482 0.99609375
v 161.089938299 338.652829265 146.307530618 0.99609375
v 148.174689152 338.809290321 146.968359368 0.99609375
v 160.920125124 338.597877312 146.102084652 0.99609375
v 147.632976291 338.947909148 146.075040363 0.99609375
v 160.867849382 338.781952439 146.286913792 0.99609375
v 147.39524747 339.165992305 146.566449828 0.99609375
v 160.830859714 339.437372579 146.226595821 0.99609375
v 147.649455836 339.564866087 146.548908186 0.99609375
v 160.662945953 339.529351941 146.757891239 0.99609375
v 147.701445027 339.882649083 146.565625945 0.99609375
v 160.881002552 340.019882605 146.57891429 0.99609375
v 147.484414254 340.070628738 146.046592763 0.99609375
v 160.895360972 340.298596626 146.353077737 0.99609375
v 147.849787611 340.724698936 146.99514737 0.99609375
v 160.376487807 340.418281136 146.92106849 0.99609375
v 147.373118198 340.690523143 146.356209179 0.99609375
v 160.572448373 340.796099905 146.644448035 0.99609375
v 147.766879034 340.91414637 146.269176333 0.99609375
v 160.70377694 341.124452891 146.005350143 0.99609375
v 147.566356744 341.47754172 146.470394357 0.99609375
v 160.436054789 341.473691147 146.40056101 0.99609375
v 147.325801728 341.831188987 146.651822265 0.99609375
v 160.625514599 341.547284133 146.365403328 0.99609375
v 147.724608412 342.109800251 146.220807501 0.99609375
v 160.496231111 341.800543635 146.115030772 0.99609375
v 147.584652153 342.196314612 146.925227071 0.99609375
v 160.572766805 342.19773469 146.055698425 0.99609375
v 147.840721875 342.461450426 146.797097037 0.99609375
v 160.169229333 342.751698026 146.901907191 0.99609375
v 147.822852171 343.045922127 146.516184861 0.99609375
v 160.265380777 342.784478145 146.995777675 0.99609375
v 147.867963749 342.785758394 146.254208747 0.99609375
v 160.169728789 343.355751012 146.706192517 0.99609375
v 147.460337498 343.330510322 146.636157289 0.99609375
v 160.15659473 343.61671528 146.471506475 0.99609375
v 147.574814192 343.776995282 146.107551187 0.99609375
v 159.86187458 343.635658884 146.060383429 0.99609375
v 147.594266915 344.020319038 146.541457705 0.99609375
v 159.891424038 344.095699913 146.904036618 0.99609375
v 147.739932582 344.454492084 146.929251333 0.99609375
v 160.271683641 344.350997086 146.492242183 0.99609375
v 147.705309353 344.238279034 146.996667817 0.99609375
v 160.064969989 344.485706245 146.502480669 0.99609375
v 147.465636339 344.63348189 146.552848041 0.99609375
v 160.055611762 344.626994801 146.9026364 0.99609375
v 147.369537294 345.28373485 146.872199091 0.99609375
v 160.237508424 345.338117746 146.956057107 0.99609375
v 147.369624661 345.618328161 146.504813803 0.99609375
v 160.246715438 345.483385115 146.34536046 0.99609375
v 147.495395884 345.493195013 146.548210299 0.99609375
v 159.921350104 345.614799577 146.717367622 0.99609375
v 147.697099558 345.917246489 146.001017235 0.99609375
v 160.32951251 345.682948152 146.397863123 0.99609375
v 147.678557333 346.474688647 146.298777668 0.99609375
v 159.934056017 346.340059142 146.627864023 0.99609375
v 147.827423839 346.475350784 146.163953855 0.99609375
v 159.951112389 346.461154224 146.8918319 0.99609375
v 147.373490581 346.682684377 146.93410865 0.99609375
v 160.026926116 346.981066086 146.359384503 0.99609375
v 147.699577481 347.184091496 146.995921587 0.99609375
v 160.056735102 347.335722904 146.30142639 0.99609375
v 147.451446812 347.330609514 146.208254476 0.99609375
v 159.914558998 347.152805075 146.942476479 0.99609375
v 147.846141521 347.945272862 146.018991433 0.99609375
v 160.352929635 347.888967692 146.040695097 0.99609375
v 147.68047052 348.266878608 146.54838436 0.99609375
v 160.118662428 347.936860863 146.862517849 0.99609375
v 148.060632832 348.220234278 146.206787529 0.99609375
v 160.242096854 348.231610021 146.448741601 0.99609375
v 148.188946501 348.481813852 146.358341087 0.99609375
v 159.838111907 348.671600576 146.021476025 0.99609375
v 148.070026647 348.692642837 146.97934267 0.99609375
v 159.803328527 348.948787767 146.698673382 0.99609375
v 147.899830783 349.126493359 146.774785642 0.99609375
v 160.075943818 349.02563047 146.433620681 0.99609375
v 147.892987363 349.179374508 146.901811282 0.99609375
v 159.725932673 349.479658865 146.211521426 0.99609375
v 148.100599036 349.945519257 146.515515339 0.99609375
v 159.712862927 349.7055373 146.921266107 0.99609375
v 148.086963026 349.76090182 146.727193723 0.99609375
v 159.588949872 350.057380168 146.798899246 0.99609375
v 147.993846677 350.456122415 146.85655671 0.99609375
v 159.631540434 350.110001825 146.826551717 0.99609375
v 147.829004719 350.608229632 146.997857146 0.99609375
v 160.077304584 350.758474436 146.170552713 0.99609375
v 148.033826131 350.613221798 146.725445972 0.99609375
v 159.720511395 350.639377373 146.154824927 0.99609375
v 148.110043193 351.422646073 146.657018446 0.99609375
v 159.918078614 351.130950494 146.199363405 0.99609375
v 147.654193466 351.582825936 146.941476173 0.99609375
v 159.63941045 351.51113018 146.832418624 0.99609375
v 148.435484129 352.004163713 146.412619714 0.99609375
v 159.919177983 351.530735462 146.905492675 0.99609375
v 148.213998668 352.254334498 146.627427965 0.99609375
v 160.321098246 352.209674033 146.864806227 0.99609375
v 148.71746471 352.256681885 146.849650027 0.99609375
v 160.076818981 352.062960516 146.776057223 0.99609375
v 148.384408118 352.4962131 146.530537001 0.99609375
v 160.015230913 352.634506332 146.200305864 0.99609375
v 148.398286822 352.719287282 146.383327548 0.99609375
v 159.90075537 353.031995569 146.874550171 0.99609375
v 148.549227059 353.370070406 146.729515043 0.99609375
v 159.897547519 353.49551913 146.238131366 0.99609375
v 154.714468915 336.173765116 146.704577984 0.99609375
v 156.133072307 336.130228258 147.038223365 0.99609375
v 152.746818767 336.92136847 147.031012681 0.99609375
v 157.526959619 336.448521846 147.081482222 0.99609375
v 150.935069884 337.238477698 146.798348072 0.99609375
v 158.683393986 337.221562059 146.562219811 0.99609375
v 149.757329096 337.053714244 147.108804303 0.99609375
v 159.765958778 337.128770398 146.653527749 0.99609375
v 149.367017544 337.604417881 146.577668983 0.99609375
v 159.978117772 337.804681316 147.150332285 0.99609375
v 149.159929031 337.715647837 146.738351107 0.99609375
v 160.376679124 337.578527561 146.728230239 0.99609375
v 148.5202285 337.878847929 147.362821699 0.99609375
v 160.388073365 337.854589347 147.143203681 0.99609375
v 148.486749094 338.335514212 146.845202115 0.99609375
v 161.510243544 338.227135022 147.2061166 0.99609375
v 147.970293168 338.515023456 147.236624725 0.99609375
v 161.491555271 338.653437714 147.169956402 0.99609375
v 148.295192137 339.052125843 146.532994381 0.99609375
v 161.358264536 338.795970685 147.08041188 0.99609375
v 147.662776583 339.520776913 146.760410016 0.99609375
v 160.685993297 339.521889745 147.127167346 0.99609375
v 147.758462365 339.855355324 147.260835736 0.99609375
v 160.716831993 339.43712353 146.81706823 0.99609375
v 147.83181862 340.096055919 147.230583342 0.99609375
v 160.988932514 339.958150559 146.601543115 0.99609375
v 147.750770865 340.310706051 146.92844264 0.99609375
v 161.148733119 340.084141574 147.30912084 0.99609375
v 147.351223338 340.64930558 146.513443551 0.99609375
v 160.896643676 340.719003268 147.437348061 0.99609375
v 147.824164904 340.493203533 146.853980884 0.99609375
v 160.435087033 340.907261402 147.352114718 0.99609375
v 147.745937134 341.263631555 146.727432972 0.99609375
v 160.90172271 341.214792503 146.638287534 0.99609375
v 147.506043211 341.488174188 147.498423121 0.99609375
v 160.716023865 341.207245032 147.02348078 0.99609375
v 147.756151575 341.801502887 147.174078924 0.99609375
v 160.835133224 341.504081436 146.959093314 0.99609375
v 147.565376692 341.952956178 146.766158734 0.99609375
v 160.488849415 341.704621555 147.083892709 0.99609375
v 147.376193699 342.443461025 147.048065113 0.99609375
v 160.598620909 342.161327855 147.246149083 0.99609375
v 147.324176174 342.584158264 146.546151293 0.99609375
v 160.642435286 342.381323419 146.967985308 0.99609375
v 147.589875955 342.648979013 147.303332279 0.99609375
v 160.337069425 342.582803128 146.533002723 0.99609375
v 147.753737572 343.019158528 147.098864595 0.99609375
v 160.458975054 343.178791622 147.128982894 0.99609375
v 147.785219907 343.286092229 146.952209254 0.99609375
v 160.44173633 343.227974402 146.671045393 0.99609375
v 147.773989936 343.626511731 147.208918471 0.99609375
v 160.086245066 343.388963825 147.248654233 0.99609375
v 147.668636956 343.736524207 146.92501663 0.99609375
v 160.120233912 344.092141699 146.610793419 0.99609375
v 147.763680838 344.086749319 146.631848085 0.99609375
v 160.244571831 344.226745336 146.773394062 0.99609375
v 147.662571303 344.672357244 146.846269377 0.99609375
v 160.204844011 344.521867041 146.748861641 0.99609375
v 147.853054264 345.091657246 147.392205423 0.99609375
v 160.015793832 345.093190939 146.902625877 0.99609375
v 147.451490879 345.045505757 146.624947689 0.99609375
v 160.189553808 345.364896197 146.902234569 0.99609375
v 147.503491907 345.533686927 147.311466965 0.99609375
v 160.291089161 345.39481572 147.276300382 0.99609375
v 147.855783447 345.464900547 146.910635007 0.99609375
v 159.836719605 345.480389358 147.265795229 0.99609375
v 147.529624505 345.783964621 146.710832501 0.99609375
v 160.343214418 346.166884348 147.159766704 0.99609375
v 147.366927386 345.98855822 147.125317739 0.99609375
v 160.328104947 346.409135604 147.036579616 0.99609375
v 147.539957875 346.387451733 147.013132737 0.99609375
v 159.951716002 346.412139593 147.481556594 0.99609375
v 147.377683585 346.756113273 146.830171236 0.99609375
v 160.30913972 347.095227474 146.995881957 0.99609375
v 147.786095022 347.379225603 146.572335973 0.99609375
v 159.580797909 347.335937467 146.710375411 0.99609375
v 147.79795261 347.160101981 147.019210237 0.99609375
v 159.82329111 347.635877726 147.377364484 0.99609375
v 147.437018893 347.786976614 147.190571126 0.99609375
v 159.781130692 347.979931738 146.702663179 0.99609375
v 147.421847956 348.107451889 147.371483907 0.99609375
v 159.745584376 347.869129434 146.812297783 0.99609375
v 147.336299184 348.284997772 147.435454764 0.99609375
v 160.001924451 348.33701638 147.270778915 0.99609375
v 147.781482667 348.813985938 147.117600086 0.99609375
v 159.937003647 348.536138807 147.245444645 0.99609375
v 147.387631339 348.705064148 147.039631426 0.99609375
v 160.040089 348.652799874 146.676463867 0.99609375
v 147.519707177 348.878121976 147.189627269 0.99609375
v 159.838259593 348.932008701 146.801007503 0.99609375
v 147.438858793 349.532449893 147.193684281 0.99609375
v 159.866716687 349.727783168 147.404337847 0.99609375
v 147.370294041 349.799177128 147.031277795 0.99609375
v 159.576460505 349.591084872 147.039789136 0.99609375
v 147.410786868 349.792965967 147.134764348 0.99609375
v 159.837019116 349.820840225 146.663739257 0.99609375
v 147.551417961 350.055911047 146.984637594 0.99609375
v 159.88045023 350.345653285 146.681698929 0.99609375
v 147.346662448 350.514140813 146.623059031 0.99609375
v 159.96089873 350.578087806 146.593524665 0.99609375
v 147.637258095 350.881710764 147.116790461 0.99609375
v 159.881173768 351.017123132 147.268761906 0.99609375
v 147.611824462 350.923069473 147.446016567 0.99609375
v 159.998587452 350.957291488 146.529521826 0.99609375
v 148.045553902 351.497625763 147.295509118 0.99609375
v 159.740990207 351.513416669 146.521144425 0.99609375
v 148.114358687 351.679712559 147.461247045 0.99609375
v 159.988652574 351.526932508 146.695859101 0.99609375
v 148.073768853 351.912395247 147.31468984 0.99609375
v 159.946189486 351.884143004 146.996064755 0.99609375
v 148.132984409 352.123363888 147.353503977 0.99609375
v 159.61432407 352.45545866 146.617499968 0.99609375
v 147.919486942 352.846697824 147.108084652 0.99609375
v 159.876254839 352.500426482 147.150476036 0.99609375
v 148.151052739 352.70275929 146.580584295 0.99609375
v 159.989170839 352.682691793 146.886203583 0.99609375
v 148.343879481 353.501608697 146.812036839 0.99609375
v 159.975898641 353.452458554 146.824725726 0.99609375
v 155.01101342 337.405105318 147.912914394 0.99609375
v 156.934340488 337.541215117 147.522241568 0.99609375
v 152.002961293 337.992244074 147.741740508 0.99609375
v 158.655176441 337.57664671 147.872330583 0.99609375
v 150.040414146 337.922019488 147.257357104 0.99609375
v 159.464864476 338.387485903 147.674503652 0.99609375
v 149.299945908 338.254355081 147.50861795 0.99609375
v 160.013543561 338.385164576 147.10618564 0.99609375
v 149.134902757 338.784796499 147.570713819 0.99609375
v 159.963385106 338.804040846 147.277421211 0.99609375
v 148.542084558 338.836761566 147.368798297 0.99609375
v 160.353517598 338.891251866 147.237266812 0.99609375
v 148.489249487 339.435479772 147.043477567 0.99609375
v 161.186231125 339.072890016 147.367637557 0.99609375
v 148.61448023 339.809650988 147.241615265 0.99609375
v 161.466701792 339.507370539 147.248630267 0.99609375
v 147.964379134 339.909968258 147.497026317 0.99609375
v 160.692711511 339.608579809 147.773036823 0.99609375
v 148.062527491 340.149369819 147.482705385 0.99609375
v 160.703480904 340.081063751 147.378971837 0.99609375
v 148.087321037 340.434213015 147.048104786 0.99609375
v 160.703802947 340.525381575 147.165679285 0.99609375
v 147.936709773 340.90046327 147.194637005 0.99609375
v 160.795101774 340.948894744 147.913492898 0.99609375
v 148.075226726 341.158901733 147.042644717 0.99609375
v 160.659122787 341.082248821 147.805932032 0.99609375
v 148.137388773 341.287789199 147.408899723 0.99609375
v 160.379349991 341.23306526 147.195898237 0.99609375
v 147.719749779 341.761181218 147.153602185 0.99609375
v 160.31882399 341.359801034 147.113098081 0.99609375
v 148.082349154 341.855371498 147.688239683 0.99609375
v 160.166580351 341.835646952 147.69746527 0.99609375
v 147.740942356 342.046650958 147.959041264 0.99609375
v 160.550924523 342.389527982 147.196699895 0.99609375
v 147.715567399 342.362623385 147.384520131 0.99609375
v 160.237212302 342.645454711 147.837639063 0.99609375
v 147.757840148 342.65877014 147.980633752 0.99609375
v 160.287395642 342.611693251 147.635511313 0.99609375
v 147.745570144 343.156152639 147.897994661 0.99609375
v 159.847614986 343.358994053 147.335221578 0.99609375
v 148.07991278 343.273847788 147.150127207 0.99609375
v 159.991644789 343.093654475 147.826183928 0.99609375
v 147.810458543 343.407757487 147.092013417 0.99609375
v 160.24278907 343.492037909 147.221451222 0.99609375
v 147.784162558 343.903427987 147.485774737 0.99609375
v 160.328789821 343.67504398 147.365695152 0.99609375
v 147.968892632 344.07458776 147.916199602 0.99609375
v 160.323711603 344.198812842 147.303964115 0.99609375
v 148.115444662 344.383283567 147.972473075 0.99609375
v 160.184395362 344.800971822 147.400057596 0.99609375
v 147.769373734 344.672532498 147.903497918 0.99609375
v 159.863262097 344.937841197 147.198882146 0.99609375
v 147.640086596 345.389761157 147.616153043 0.99609375
v 160.329036683 344.970278631 147.251627512 0.99609375
v 148.176612497 345.270333227 147.411867016 0.99609375
v 160.104383263 345.401658038 147.698252038 0.99609375
v 148.071734459 345.787162968 147.524259754 0.99609375
v 160.259345827 345.567125781 147.289584372 0.99609375
v 148.169223947 345.897181594 147.393108114 0.99609375
v 159.998337532 345.740628713 147.869833816 0.99609375
v 147.937132235 346.077213284 147.566391242 0.99609375
v 160.16352278 346.364067252 147.686774063 0.99609375
v 147.879073334 346.784889928 147.843035787 0.99609375
v 160.264207038 346.532215086 147.415913336 0.99609375
v 147.93963799 346.647466566 147.27558733 0.99609375
v 160.143641756 346.632361568 147.688156044 0.99609375
v 147.91359958 347.175189037 147.230396797 0.99609375
v 159.806762718 347.294742681 147.591938062 0.99609375
v 147.681106377 347.481901075 147.271232833 0.99609375
v 159.60805778 347.306668715 147.886177684 0.99609375
v 147.661800882 347.671178003 147.628969625 0.99609375
v 159.841584802 347.471750359 147.169340182 0.99609375
v 147.951277401 347.928244188 147.247647646 0.99609375
v 159.601691148 347.984696344 147.381429704 0.99609375
v 148.179154908 348.065680806 147.962376389 0.99609375
v 159.71039026 348.220833313 147.639817816 0.99609375
v 147.733248778 348.759335568 147.304626931 0.99609375
v 159.863585177 348.704841889 147.866136426 0.99609375
v 147.622556966 348.611681928 147.836296508 0.99609375
v 159.642805542 348.792421203 147.301895107 0.99609375
v 148.017217802 348.931828037 147.543808154 0.99609375
v 159.6665172 349.305541824 147.864999971 0.99609375
v 147.702367812 349.484670088 147.28246678 0.99609375
v 160.000593745 349.26896332 147.25152849 0.99609375
v 147.691135195 349.636612727 147.746846927 0.99609375
v 159.685008007 350.013010003 147.988832666 0.99609375
v 147.715720253 350.224649684 147.74334346 0.99609375
v 159.703144067 349.846368995 147.664068829 0.99609375
v 147.639814766 350.308820312 147.155294912 0.99609375
v 159.742012636 350.149751854 147.134739449 0.99609375
v 147.743443974 350.678910028 147.668619795 0.99609375
v 159.861972494 350.676949738 147.954410621 0.99609375
v 147.698231702 350.916269809 147.402963306 0.99609375
v 159.779124175 350.665431189 147.786422597 0.99609375
v 148.097576878 351.251922073 147.812817799 0.99609375
v 159.573836041 351.111437545 147.845280753 0.99609375
v 147.935629177 351.538844612 147.519215696 0.99609375
v 159.832495708 351.488343262 147.15034767 0.99609375
v 147.725916873 351.816673999 147.57948783 0.99609375
v 159.742712226 351.931365868 147.61449284 0.99609375
v 147.976967617 351.832018869 147.981699977 0.99609375
v 159.878395564 352.268174633 147.563376884 0.99609375
v 148.188583331 352.626191438 147.867091473 0.99609375
v 160.005620226 352.492519189 147.664558292 0.99609375
v 148.096657669 352.481784153 147.792361662 0.99609375
v 159.869660258 352.472261761 147.322711469 0.99609375
v 147.72144729 352.653996852 147.592370274 0.99609375
v 160.033740617 353.099761384 147.65811213 0.99609375
v 148.002128884 353.087583572 147.048933002 0.99609375
v 159.552277368 353.4743029 147.98668295 0.99609375
v 147.988922241 353.510894359 147.118482755 0.99609375
v 160.054282504 353.545733327 147.045280372 0.99609375
v 154.715230035 339.048140345 147.949551324 0.99609375
v 157.371489035 338.989493765 147.743176825 0.99609375
v 152.851999135 339.530468638 147.658218491 0.99609375
v 158.471597604 339.260386775 148.450380677 0.99609375
v 151.313029943 339.470894825 148.045959734 0.99609375
v 158.360565317 339.525559096 147.682455545 0.99609375
v 150.79717611 339.744112432 148.072007926 0.99609375
v 158.704503808 340.139402392 147.662387417 0.99609375
v 150.219709038 340.126935309 148.493347186 0.99609375
v 159.142502479 340.35277992 148.345631584 0.99609375
v 149.724788116 340.338494788 148.366341799 0.99609375
v 158.792822514 340.562921048 147.836922925 0.99609375
v 149.818959869 340.744343768 148.167258201 0.99609375
v 158.668193909 340.940393626 148.455479287 0.99609375
v 149.591942446 341.20693657 147.547527016 0.99609375
v 159.487605115 340.852634182 148.476425691 0.99609375
v 149.291809083 341.400978673 147.645565998 0.99609375
v 159.45011536 341.304034798 147.556095425 0.99609375
v 149.209367586 341.366340486 148.309075849 0.99609375
v 159.439875572 341.442126295 148.156294638 0.99609375
v 149.177935724 342.112260395 148.118976889 0.99609375
v 159.348611108 341.947490557 147.995912496 0.99609375
v 148.785912199 341.987948833 147.96704343 0.99609375
v 159.206201011 342.282352992 147.983915117 0.99609375
v 149.003032685 342.541508461 148.404919868 0.99609375
v 159.260231158 342.768113798 147.813553607 0.99609375
v 148.516939841 342.963252544 147.966797875 0.99609375
v 159.340619041 342.813737317 148.309753284 0.99609375
v 148.805301072 342.85225327 148.23827625 0.99609375
v 159.066585853 343.348993446 147.803149491 0.99609375
v 148.747673802 343.492621803 147.611147056 0.99609375
v 159.366393404 343.190410907 147.804739397 0.99609375
v 148.885622951 343.786604255 147.883533904 0.99609375
v 159.309208763 343.5573793 148.083901899 0.99609375
v 148.625337824 343.739589722 147.6307548 0.99609375
v 159.70144071 344.034121225 148.101588891 0.99609375
v 148.683802364 344.153726707 148.364064052 0.99609375
v 159.327499671 344.211788677 147.78629103 0.99609375
v 148.986968639 344.536391954 147.879377118 0.99609375
v 159.333890013 344.344076445 148.003607214 0.99609375
v 148.207683924 344.959891325 148.142358973 0.99609375
v 159.252752048 344.586993329 148.173035657 0.99609375
v 148.356092391 345.145907826 148.301953013 0.99609375
v 159.376396591 344.833330195 148.38768132 0.99609375
v 148.728608771 345.516475582 147.8459146 0.99609375
v 159.304613721 345.11611829 148.134270795 0.99609375
v 148.514351907 345.887465352 148.39498094 0.99609375
v 160.041607455 345.8700944 147.883225968 0.99609375
v 148.280434187 345.682358894 147.708153995 0.99609375
v 159.747644938 346.212923125 147.516400897 0.99609375
v 148.690623977 346.451404075 147.871428797 0.99609375
v 159.68400728 346.405404832 148.418159928 0.99609375
v 148.574161365 346.660545641 147.734011749 0.99609375
v 159.520426569 346.690377175 147.711402151 0.99609375
v 148.507561756 346.787464825 148.026799784 0.99609375
v 159.884637417 347.070623638 148.187261835 0.99609375
v 148.19532477 346.910058377 147.52520698 0.99609375
v 160.031365711 347.404260271 147.568549176 0.99609375
v 148.741930473 347.170073594 147.922259813 0.99609375
v 160.038822842 347.304542682 148.242457678 0.99609375
v 148.69886012 347.599904924 147.992950484 0.99609375
v 160.048966837 347.506935536 147.633015295 0.99609375
v 148.450870172 347.730708281 147.522420248 0.99609375
v 159.945891248 348.261745941 147.748554736 0.99609375
v 148.403300159 348.421042406 147.990283606 0.99609375
v 159.869076294 348.075053104 148.308891962 0.99609375
v 148.458925295 348.78258746 148.222337541 0.99609375
v 160.17663233 348.302679882 147.960812207 0.99609375
v 148.039894788 349.08735164 148.280682815 0.99609375
v 159.980642892 348.928200249 147.710372081 0.99609375
v 148.213382001 349.303450938 147.755829989 0.99609375
v 159.713730528 349.099194151 147.754298632 0.99609375
v 148.122670321 349.52657806 148.326594155 0.99609375
v 159.678918838 349.495174759 147.662584455 0.99609375
v 148.39125247 349.476445615 148.059700998 0.99609375
v 159.625103074 349.672864233 147.845886126 0.99609375
v 148.187551604 350.056940281 148.314648647 0.99609375
v 159.665336548 349.953577982 148.066627441 0.99609375
v 148.426171688 350.308453943 148.329858428 0.99609375
v 160.048702664 350.493245883 147.678414148 0.99609375
v 148.412240595 350.611531551 147.507451313 0.99609375
v 160.029459558 350.582021027 147.524843776 0.99609375
v 148.472287013 350.917888462 147.658854963 0.99609375
v 159.609524098 350.855208523 148.247330374 0.99609375
v 148.406242172 350.951040215 148.407328133 0.99609375
v 159.791169281 351.073066075 147.575343464 0.99609375
v 148.097280023 351.19905467 148.144500008 0.99609375
v 159.835671205 351.450508095 147.524900956 0.99609375
v 148.222043851 351.728564222 148.487228257 0.99609375
v 160.262813747 351.822015165 147.53287162 0.99609375
v 148.220589861 351.880990588 148.456263576 0.99609375
v 159.874362564 351.902030193 147.849469498 0.99609375
v 148.410368411 352.555881247 147.695322786 0.99609375
v 160.140217163 352.525304943 147.637224947 0.99609375
v 148.065125194 352.487006769 147.501930072 0.99609375
v 160.045170174 352.815328321 148.48320363 0.99609375
v 147.90944761 352.702694936 147.578082154 0.99609375
v 160.305886923 353.181142373 148.434842901 0.99609375
v 148.065693794 353.333603852 147.767099265 0.99609375
v 160.129537798 353.46640426 148.215911175 0.99609375
v 147.920416719 353.48886817 147.701027235 0.99609375
v 159.926498857 353.762149278 148.416210493 0.99609375
v 148.350789296 353.962676211 147.765156787 0.99609375
v 160.050641422 353.651430425 148.310655316 0.99609375
v 154.946857974 341.169395109 148.05280921 0.99609375
v 156.566393875 341.345054689 148.443431942 0.99609375
v 153.659493079 341.602063766 148.473350022 0.99609375
v 157.046393799 341.546256562 148.463537525 0.99609375
v 152.96557959 341.993617724 148.309414621 0.99609375
v 156.915629498 341.645060545 148.004255696 0.99609375
v 152.243560382 342.297862884 148.666749667 0.99609375
v 157.421678434 342.281574757 148.620856019 0.99609375
v 151.759005657 342.272745174 148.914143291 0.99609375
v 157.502596921 342.503796021 148.499249554 0.99609375
v 151.373983096 342.774309369 148.80750744 0.99609375
v 157.560913843 342.796960268 148.129487472 0.99609375
v 151.368738149 343.026955049 148.793615191 0.99609375
v 158.092004979 343.344407696 148.317221949 0.99609375
v 150.960653693 343.362356115 148.820734078 0.99609375
v 158.230771414 343.32579005 148.937507838 0.99609375
v 150.678740245 343.860195342 148.929968922 0.99609375
v 158.483902977 343.394670764 148.634846153 0.99609375
v 150.741057461 343.741414409 148.3590861 0.99609375
v 158.574808842 343.91800415 148.662745773 0.99609375
v 150.446452609 344.084728473 148.674600104 0.99609375
v 158.276969967 344.340894517 148.238229955 0.99609375
v 150.42044391 344.538809169 148.453726597 0.99609375
v 158.843999835 344.338085973 148.606281207 0.99609375
v 149.827749821 344.561361866 148.696666159 0.99609375
v 158.782197044 344.750641194 148.113127474 0.99609375
v 149.851574816 344.966943314 148.092067572 0.99609375
v 158.540378283 345.126238464 148.634128514 0.99609375
v 149.87960658 345.523591886 148.660799488 0.99609375
v 158.740269979 345.402740972 148.070551921 0.99609375
v 149.853151004 345.586762597 148.939509717 0.99609375
v 158.718782995 345.659098563 148.008169215 0.99609375
v 149.593063799 346.113035463 148.645023513 0.99609375
v 158.917805001 345.761926502 148.490170361 0.99609375
v 149.643855063 346.27355154 148.271238445 0.99609375
v 158.702068776 346.357963339 148.183797864 0.99609375
v 149.422700392 346.800863773 148.32642696 0.99609375
v 159.416346371 346.496917075 148.233913127 0.99609375
v 149.719044519 346.93226536 148.464046878 0.99609375
v 158.99215905 346.84281928 148.922743581 0.99609375
v 149.076101946 346.972734641 148.008634577 0.99609375
v 159.477052574 347.371570329 148.558540573 0.99609375
v 149.555476998 347.488524618 148.943767463 0.99609375
v 159.348511792 347.639782258 148.078659908 0.99609375
v 149.399486417 347.997193522 148.031486901 0.99609375
v 159.22437154 347.59864899 148.558149455 0.99609375
v 149.291360455 347.798668969 148.609874292 0.99609375
v 159.268081433 347.854907463 148.111360914 0.99609375
v 149.24295694 348.534040857 148.511866684 0.99609375
v 159.214990803 348.559334378 148.52926762 0.99609375
v 149.476800299 348.35163031 148.900576618 0.99609375
v 159.611902274 348.543020197 148.779782248 0.99609375
v 149.086629269 349.002436787 148.547388008 0.99609375
v 159.371406994 348.59740044 148.757597863 0.99609375
v 149.082498987 349.184942066 148.292178104 0.99609375
v 159.338329539 349.44583015 148.364209884 0.99609375
v 148.970332021 349.364251105 148.193412689 0.99609375
v 160.020942877 349.368521734 148.7822724 0.99609375
v 149.001578345 349.621309931 148.645235037 0.99609375
v 159.553733214 349.878542002 148.043967607 0.99609375
v 148.849688637 349.820147676 148.173689215 0.99609375
v 159.649683081 349.842687299 148.814706972 0.99609375
v 148.953269422 350.292508182 148.170483673 0.99609375
v 159.593789145 350.516198729 148.759970655 0.99609375
v 149.142608396 350.75031501 148.626751541 0.99609375
v 160.341985572 350.762514406 148.824318041 0.99609375
v 149.251792067 350.67484633 148.727908199 0.99609375
v 159.81599476 350.670997824 148.288194353 0.99609375
v 149.111463633 351.167619639 148.438479995 0.99609375
v 160.166036606 351.132365555 148.517507383 0.99609375
v 148.932589386 351.519420936 148.93391668 0.99609375
v 159.888924423 351.620141807 148.200392071 0.99609375
v 148.939330486 351.814953154 148.779513106 0.99609375
v 160.26488699 351.607468079 148.076252843 0.99609375
v 148.627026565 352.308805568 148.39468956 0.99609375
v 160.211369148 352.244824316 148.201661274 0.99609375
v 148.672989071 352.631471789 148.340405719 0.99609375
v 160.002235574 352.313278865 148.584883302 0.99609375
v 149.050553905 352.449621244 148.268655842 0.99609375
v 160.216603852 352.665316674 148.191642797 0.99609375
v 148.631393221 352.866187295 148.549696723 0.99609375
v 159.905867437 353.007409748 148.267815799 0.99609375
v 148.482389387 353.194662876 148.468756263 0.99609375
v 160.103202333 353.197886714 148.569228168 0.99609375
v 148.848980916 353.50709539 148.95768469 0.99609375
v 160.246008304 353.607765592 148.782567981 0.99609375
v 148.502015549 353.838574378 148.203312864 0.99609375
v 160.301401001 354.008682251 148.879868252 0.99609375
v 147.909308017 354.020778875 148.603328302 0.99609375
v 159.863921755 353.933825822 148.742384723 0.99609375
v 155.432634194 348.042629639 148.642112283 0.99609375
v 157.740239674 348.003128348 148.508127064 0.99609375
v 154.524718702 348.338592662 149.491996969 0.99609375
v 158.102350355 348.450341593 148.912993147 0.99609375
v 153.494065092 348.929281042 149.077322387 0.99609375
v 158.253693187 348.82090888 149.493697867 0.99609375
v 152.692776334 348.938238072 148.583970845 0.99609375
v 158.405379828 349.275848114 149.351175434 0.99609375
v 152.406287397 349.479700867 148.977110344 0.99609375
v 158.559582362 349.330270206 148.749947553 0.99609375
v 151.532656587 349.735202813 149.363580087 0.99609375
v 158.942693212 349.694972536 149.489059219 0.99609375
v 151.626283903 350.034404795 149.014517683 0.99609375
v 158.677063286 349.937025466 148.684747622 0.99609375
v 151.314718089 350.203491955 148.510289955 0.99609375
v 159.447185621 350.183196275 149.4988135 0.99609375
v 150.61465326 350.591574565 148.734485248 0.99609375
v 159.494703893 350.479743643 148.751063438 0.99609375
v 150.940567927 350.881425853 148.601628206 0.99609375
v 158.922723988 350.746907632 148.536431862 0.99609375
v 150.402639285 351.065622317 149.235143743 0.99609375
v 159.648912316 351.129780968 149.493989331 0.99609375
v 150.432445528 351.494755377 149.269385571 0.99609375
v 159.393611346 351.685396352 148.620649155 0.99609375
v 150.099289307 351.895519092 149.238711954 0.99609375
v 159.456360044 351.720646436 148.760242214 0.99609375
v 150.154796797 351.894410115 149.009615896 0.99609375
v 159.70385762 352.317020144 148.988344814 0.99609375
v 149.983926868 352.269687014 148.963021971 0.99609375
v 159.444401383 352.210370763 148.928613525 0.99609375
v 150.095963291 352.837749461 149.427045889 0.99609375
v 159.690277248 352.752316143 148.778251945 0.99609375
v 150.021381737 352.86848047 148.65720494 0.99609375
v 159.713586085 353.18335096 149.238347375 0.99609375
v 149.898956704 353.374075139 148.8040416 0.99609375
v 159.60887209 353.098982879 149.239298244 0.99609375
v 149.790024988 353.735705462 149.067738833 0.99609375
v 160.527190177 353.23559613 149.059411573 0.99609375
v 149.764728046 353.747023568 148.685093003 0.99609375
v 160.628272121 353.826915081 148.760551102 0.99609375
v 149.510163701 353.853097368 149.210982335 0.99609375
v 160.441396656 354.139935419 149.065207719 0.99609375
v 148.57461576 354.15299816 148.92170479 0.99609375
v 160.569162547 354.229945953 149.214887696 0.99609375
v 154.734627623 351.714292298 149.326103085 0.99609375
v 157.638093436 351.532930052 149.731584068 0.99609375
v 154.071516427 351.887216333 149.568857334 0.99609375
v 158.182247373 351.832423283 149.76379503 0.99609375
v 152.836347845 352.250419773 149.156873636 0.99609375
v 158.195676733 352.535228913 149.645873708 0.99609375
v 152.384076628 352.52082348 149.160191874 0.99609375
v 158.385084392 352.660558924 149.921234726 0.99609375
v 152.082921071 352.659350384 149.360425278 0.99609375
v 158.696800668 352.79653642 149.096904268 0.99609375
v 152.039805682 353.277777238 149.247220917 0.99609375
v 159.133174085 353.426699491 149.660527609 0.99609375
v 151.165368709 353.66387485 149.807129599 0.99609375
v 158.973311205 353.548465752 149.691174489 0.99609375
v 151.144145658 353.748113393 149.495543145 0.99609375
v 159.012169409 353.997056514 149.999021707 0.99609375
v 150.824621905 354.025913512 149.330525267 0.99609375
v 159.135603442 354.262581005 149.737538508 0.99609375
v 150.767173776 354.245643478 149.970574849 0.99609375
v 159.343077396 354.169256586 149.168873869 0.99609375
v 154.887120999 353.418366707 149.735855156 0.99609375
v 156.408907006 353.423723772 149.579648528 0.99609375
v 153.451435864 353.767892493 150.28396034 0.99609375
v 157.403116096 353.898899262 149.669867516 0.99609375
v 152.997351298 354.145567573 150.027798318 0.99609375
v 157.961906698 353.937336356 150.050452564 0.99609375
v 152.735816696 354.441925736 149.562630579 0.99609375
v 158.17467062 354.51876408 149.695255448 0.99609375
v 150.791111908 354.386943957 150.197349907 0.99609375
v 159.593726548 354.691967789 149.57863286 0.99609375
v 151.529771922 355.134788584 150.677404262 0.99609375
v 158.842193106 355.031594521 150.357137112 0.99609375
v 153.452754231 355.231446923 150.836135662 0.99609375
v 156.017524288 355.135851664 150.654195177 0.99609375
v 146.740343724 326.913524497 136.875497279 0.99609375
v 147.083414137 326.840311448 136.848422854 0.99609375
v 147.801630084 326.955036925 136.542260775 0.99609375
v 148.074913749 327.205287044 137.228028829 0.99609375
v 148.305377127 327.358778325 137.408518726 0.99609375
v 148.534649977 327.005169409 136.830853573 0.99609375
v 146.707398075 327.523712751 137.791495314 0.99609375
v 146.825906733 327.439349932 137.973255959 0.99609375
v 147.200147109 328.967615796 137.296108222 0.99609375
v 147.254273797 327.649943372 137.14520728 0.99609375
v 147.321955129 329.026323614 137.482122467 0.99609375
v 147.618535061 327.323390466 137.535286542 0.99609375
v 147.777280384 329.241984424 137.840388059 0.99609375
v 148.039977927 327.514102999 137.732549248 0.99609375
v 147.845142784 329.013419391 137.980250202 0.99609375
v 148.143807666 327.221238685 137.857812644 0.99609375
v 147.966753047 329.374798262 137.616694684 0.99609375
v 148.601912466 327.600424826 137.713936195 0.99609375
v 148.520596267 329.127805289 137.378966032 0.99609375
v 148.797218222 327.671393123 137.057720387 0.99609375
v 149.048096939 329.289843689 137.9484554 0.99609375
v 148.956344547 327.22321934 137.602923089 0.99609375
v 149.17789928 329.419218847 137.442520814 0.99609375
v 149.098677402 327.172025095 137.331979218 0.99609375
v 149.196076486 329.056363219 137.147133549 0.99609375
v 149.570477383 327.245410646 137.892256995 0.99609375
v 149.671648098 328.942911168 137.798207574 0.99609375
v 150.215438199 327.305505638 137.133316599 0.99609375
v 150.057027727 329.414977066 137.922003405 0.99609375
v 150.060028838 327.16843181 137.648519514 0.99609375
v 150.378935794 329.25023866 137.300598731 0.99609375
v 150.631904077 327.264418136 137.438640463 0.99609375
v 150.233147573 329.246784538 137.778786767 0.99609375
v 150.818001851 327.085753876 137.30089169 0.99609375
v 150.725402811 329.325338269 137.324784428 0.99609375
v 150.848351862 326.991660527 137.036005669 0.99609375
v 151.174050673 329.595196278 137.458076791 0.99609375
v 151.416271834 327.189937842 137.281165644 0.99609375
v 151.386873005 329.584686945 137.660109743 0.99609375
v 151.959550727 326.832452038 137.677145002 0.99609375
v 151.619544509 329.718263155 137.808724517 0.99609375
v 152.163922165 326.9786462 137.076372765 0.99609375
v 151.673561878 329.547817014 137.303502912 0.99609375
v 152.386837745 327.109971809 137.381878311 0.99609375
v 152.358697863 329.183133899 137.626521153 0.99609375
v 152.360046719 327.271083488 137.700503587 0.99609375
v 152.630951302 329.460339555 137.638170961 0.99609375
v 152.976042951 326.910016174 137.194010066 0.99609375
v 152.665829488 329.477119841 137.245924591 0.99609375
v 152.867135344 327.331023589 137.331443535 0.99609375
v 153.213655221 329.663061553 137.032468481 0.99609375
v 153.194697778 326.840869543 137.625609325 0.99609375
v 153.652098641 329.753021293 137.254979808 0.99609375
v 153.501319307 327.373847836 137.391324133 0.99609375
v 153.763148611 329.991962566 137.957613057 0.99609375
v 153.969691946 327.36693482 137.256411873 0.99609375
v 153.760877817 329.762984583 137.479462068 0.99609375
v 154.224966661 327.190286412 137.051892523 0.99609375
v 154.533056373 329.72209723 137.738069574 0.99609375
v 154.553522243 327.202807292 137.394289357 0.99609375
v 154.517805734 329.891872523 137.033866175 0.99609375
v 155.132366317 327.007961152 137.744545901 0.99609375
v 155.085754497 329.959222627 137.834889064 0.99609375
v 155.250401934 327.240946961 137.357725948 0.99609375
v 155.117422389 330.007063788 137.065914417 0.99609375
v 155.150924574 327.089730608 137.458555744 0.99609375
v 155.174719114 329.874717004 137.187671357 0.99609375
v 155.779923712 327.38114362 137.980534847 0.99609375
v 155.83398428 330.02643021 137.309755361 0.99609375
v 155.923776707 326.906997617 137.155928109 0.99609375
v 156.05844743 330.589936816 137.06160207 0.99609375
v 156.284713321 326.956704749 137.589045789 0.99609375
v 156.060604674 330.884584307 137.469686506 0.99609375
v 156.329348997 327.312946226 137.545928053 0.99609375
v 156.331797596 331.295858631 137.136054206 0.99609375
v 146.531772924 327.458170855 138.462251298 0.99609375
v 146.450392065 328.554950094 138.350222742 0.99609375
v 147.005259317 327.393596836 138.34033936 0.99609375
v 146.944707563 330.201996376 137.692996004 0.99609375
v 147.180752879 327.561088101 138.018291785 0.99609375
v 147.058531978 332.464415792 138.381211286 0.99609375
v 147.83824597 327.258272943 137.768377794 0.99609375
v 147.358684879 333.297697831 137.511976662 0.99609375
v 147.778838757 327.647355858 138.463506596 0.99609375
v 148.166138357 333.461888263 138.448512916 0.99609375
v 148.368184994 327.303530805 138.185008424 0.99609375
v 147.966436321 333.756579765 138.318439564 0.99609375
v 148.441626066 327.653060022 138.476927693 0.99609375
v 148.460638964 333.263571839 138.464242993 0.99609375
v 148.8806957 327.645008131 138.175373191 0.99609375
v 148.885167173 333.461617803 138.356174021 0.99609375
v 149.183248873 327.629793801 138.368113741 0.99609375
v 149.328485123 333.405533485 138.011783088 0.99609375
v 149.544867782 327.557592714 137.651515065 0.99609375
v 149.261086883 333.240521299 138.323970497 0.99609375
v 149.848999183 327.549172771 137.831767462 0.99609375
v 149.407687277 334.042054169 137.814195368 0.99609375
v 150.102266985 327.363517829 137.51854108 0.99609375
v 149.774909728 334.03413185 138.489440232 0.99609375
v 150.031095212 327.453863083 138.476037265 0.99609375
v 149.990367901 333.749246913 137.529551985 0.99609375
v 150.361239176 327.555850346 137.756965266 0.99609375
v 150.254175295 333.922870059 138.259757667 0.99609375
v 150.752303727 327.53300732 138.447243313 0.99609375
v 151.065732878 333.929829921 137.699232116 0.99609375
v 151.1204924 327.57497151 137.929649743 0.99609375
v 151.058385618 333.682286048 138.136865131 0.99609375
v 151.394488026 327.60546624 138.481897551 0.99609375
v 151.338207399 333.751463972 138.356802276 0.99609375
v 151.663825004 327.563171772 137.507932509 0.99609375
v 151.574253247 333.6090076 137.759831429 0.99609375
v 151.782282195 327.623855279 138.238005577 0.99609375
v 152.119802472 333.741196738 137.773447741 0.99609375
v 152.042047433 327.124152599 137.696443 0.99609375
v 152.000084563 334.076326895 138.072925843 0.99609375
v 152.571832241 327.300123184 138.13929527 0.99609375
v 152.826902812 333.832387226 137.792014311 0.99609375
v 152.798926128 327.458189966 137.76078107 0.99609375
v 152.922155829 334.044053338 137.729371723 0.99609375
v 153.254489745 327.442405211 138.414825446 0.99609375
v 152.967741115 333.807416988 137.529458207 0.99609375
v 153.54265721 327.289080762 137.896748183 0.99609375
v 153.400681883 334.060280091 137.758691381 0.99609375
v 153.62210655 327.228790683 137.75728233 0.99609375
v 153.754698209 334.044248342 137.829718749 0.99609375
v 154.169142251 327.389190784 137.893114774 0.99609375
v 154.08552024 334.180489581 138.312264495 0.99609375
v 154.22954399 327.352483611 137.689016374 0.99609375
v 154.428214215 334.366483116 137.753540231 0.99609375
v 154.848147579 327.507209788 138.375953336 0.99609375
v 154.804946355 333.874290939 137.51754411 0.99609375
v 154.956270971 327.642916628 137.799865072 0.99609375
v 154.963981143 333.967990933 138.041716895 0.99609375
v 155.358758297 327.188720006 138.092203395 0.99609375
v 155.062579096 333.962400659 138.07916127 0.99609375
v 155.487841026 327.414663687 138.321964117 0.99609375
v 155.525228034 334.01081648 138.417294017 0.99609375
v 155.493256839 327.410626048 138.005113889 0.99609375
v 155.815032253 334.015258008 138.145979708 0.99609375
v 155.990594135 327.187161928 138.393825934 0.99609375
v 155.917046067 334.288779223 138.254444437 0.99609375
v 156.50613729 327.438328312 137.582036189 0.99609375
v 156.350379194 334.201259559 138.342337853 0.99609375
v 156.76030019 327.539636084 138.216014586 0.99609375
v 156.731543182 334.658300901 138.293480378 0.99609375
v 156.966054298 327.446067183 137.927680069 0.99609375
v 156.954784127 334.855226847 137.723574836 0.99609375
v 146.667382614 327.684315993 138.934260792 0.99609375
v 146.939707169 328.890446819 138.787736487 0.99609375
v 146.791203193 327.56392193 138.593298345 0.99609375
v 146.873927009 330.995018623 138.807661816 0.99609375
v 147.308173891 327.395504817 138.607411286 0.99609375
v 147.153787993 333.923122995 138.899267404 0.99609375
v 147.32702064 327.658810308 138.774159072 0.99609375
v 147.501191351 335.583671894 138.083895297 0.99609375
v 147.917739889 327.431730165 138.034706007 0.99609375
v 147.670124937 335.323234816 138.79787108 0.99609375
v 148.306708172 327.447107314 138.107534238 0.99609375
v 148.232668974 335.446734533 138.894285015 0.99609375
v 148.655611594 327.127923177 138.062042895 0.99609375
v 148.490387117 335.653552743 138.676829468 0.99609375
v 148.586767809 327.643189459 138.167162471 0.99609375
v 148.649507929 335.8034099 138.55118307 0.99609375
v 149.110137524 327.435007897 138.708095175 0.99609375
v 149.025210161 335.328798641 138.811351321 0.99609375
v 149.3593249 327.160060017 138.607608543 0.99609375
v 149.126232274 335.397892471 138.364570554 0.99609375
v 149.748128102 327.558233039 138.559718648 0.99609375
v 149.673223506 335.404661002 138.719421842 0.99609375
v 150.112163591 327.142283528 138.914609772 0.99609375
v 149.78187905 335.549922044 138.713072959 0.99609375
v 149.986936189 327.120138413 138.238962592 0.99609375
v 150.01181941 335.571870612 138.228744255 0.99609375
v 150.633700555 327.1690267 138.241854258 0.99609375
v 150.582623501 335.403725291 138.818546258 0.99609375
v 151.078441831 327.22980011 138.858836066 0.99609375
v 150.865939675 335.46225562 138.726772156 0.99609375
v 150.900997175 327.380362505 138.431015074 0.99609375
v 151.124286687 335.350189898 138.405878485 0.99609375
v 151.385401012 327.251353655 138.873086714 0.99609375
v 151.450377258 335.299837022 138.019689309 0.99609375
v 151.493311093 327.247512375 138.663112415 0.99609375
v 151.75292972 335.649084497 138.850552053 0.99609375
v 151.920597732 327.654829411 138.783520825 0.99609375
v 152.092181553 335.754184704 138.288163388 0.99609375
v 152.519883635 327.225091057 138.221642773 0.99609375
v 152.316582194 335.31621953 138.282165114 0.99609375
v 152.2733094 327.257020649 138.990159765 0.99609375
v 152.504489752 335.430570145 138.588098392 0.99609375
v 152.759079159 327.278559748 138.163766846 0.99609375
v 152.967243556 335.811774518 138.158909823 0.99609375
v 153.264467324 327.51252856 138.309045166 0.99609375
v 153.171149592 335.331911226 138.433824946 0.99609375
v 153.320564009 327.246225527 138.38326313 0.99609375
v 153.290065585 335.614026356 138.949147971 0.99609375
v 153.49659997 327.292053579 138.921604901 0.99609375
v 153.730931338 335.506504686 138.398511527 0.99609375
v 153.828220244 327.463062083 138.419112152 0.99609375
v 153.789827996 335.436730252 138.553213972 0.99609375
v 154.207295011 327.221437688 138.91811336 0.99609375
v 154.531260048 335.364440047 138.924356597 0.99609375
v 154.319132241 327.552232633 138.501190615 0.99609375
v 154.724970189 335.273181541 138.963790401 0.99609375
v 154.706044163 327.697071415 138.780448856 0.99609375
v 154.616297403 335.336643276 138.056784374 0.99609375
v 155.117403476 327.596019369 138.174905422 0.99609375
v 154.989686027 335.274552186 138.236546849 0.99609375
v 155.469354967 327.666976732 138.957973735 0.99609375
v 155.676126208 335.490625578 138.831969332 0.99609375
v 155.775967974 327.438147701 138.202974711 0.99609375
v 155.475810452 335.565090911 138.688807235 0.99609375
v 156.26080712 327.302252883 138.954143955 0.99609375
v 156.043991277 335.516986976 138.214934954 0.99609375
v 156.072509094 327.252794746 138.147749948 0.99609375
v 156.072821077 335.939782955 138.223194116 0.99609375
v 156.382056329 327.602589228 138.749290611 0.99609375
v 156.568704353 336.083475846 138.25831407 0.99609375
v 156.755537525 327.301969714 138.198495126 0.99609375
v 157.014660318 336.179404075 138.765290899 0.99609375
v 157.307665964 327.248279142 138.376845795 0.99609375
v 157.412314632 336.640487596 138.408623876 0.99609375
v 157.55025898 327.388993752 138.25760471 0.99609375
v 157.515036148 333.103773821 138.326051513 0.99609375
v 146.918420733 327.89904569 139.083811495 0.99609375
v 146.607323717 329.565079152 139.270120649 0.99609375
v 147.038739163 327.86713896 138.586109869 0.99609375
v 147.02583316 331.856213011 138.504260195 0.99609375
v 147.102971699 327.473893535 138.638042103 0.99609375
v 147.552562112 338.693700624 139.328094741 0.99609375
v 147.641812472 327.957208775 138.524363764 0.99609375
v 147.422438559 337.961388625 138.529103847 0.99609375
v 147.722807401 327.439201451 138.815598155 0.99609375
v 148.106512014 337.644762835 138.605531076 0.99609375
v 148.318383234 327.676572812 138.995361106 0.99609375
v 147.931233086 337.774639133 138.967795497 0.99609375
v 148.691047023 327.423096116 138.680649876 0.99609375
v 148.544594421 337.713636835 138.76913905 0.99609375
v 148.969634763 327.610463548 138.913415646 0.99609375
v 148.602351269 337.818321134 138.806680438 0.99609375
v 148.992349893 327.728891333 138.808850926 0.99609375
v 149.137151983 337.64592373 139.242347676 0.99609375
v 149.333609795 327.50892707 138.789818594 0.99609375
v 149.467402105 337.773801253 139.006457363 0.99609375
v 149.514431373 327.718258749 139.101964458 0.99609375
v 149.493615689 337.842297453 139.202161889 0.99609375
v 150.031569135 327.967277375 138.845996432 0.99609375
v 149.890219654 337.592060159 139.400982098 0.99609375
v 150.349904156 327.957514187 139.080223871 0.99609375
v 150.352230691 337.504683063 139.011187579 0.99609375
v 150.391532661 327.469864174 138.934528453 0.99609375
v 150.663565145 337.649252339 139.046782276 0.99609375
v 151.027818581 327.635676883 138.841084162 0.99609375
v 150.705066823 337.696670655 138.549873695 0.99609375
v 151.221855873 327.68446151 139.475991296 0.99609375
v 150.813322797 337.300023836 139.000498156 0.99609375
v 151.392134806 327.469904243 138.868823618 0.99609375
v 151.532859627 337.839015184 139.100955493 0.99609375
v 151.529808672 327.739587838 138.797757026 0.99609375
v 151.953239718 337.803802389 139.08779461 0.99609375
v 152.147016802 327.499714266 139.304246476 0.99609375
v 151.750918214 337.3520767 138.788048609 0.99609375
v 152.518540008 327.537200117 139.295468526 0.99609375
v 152.468498522 337.58583657 138.809956492 0.99609375
v 152.276358614 327.967948608 139.281452761 0.99609375
v 152.308678752 337.426799161 138.915914 0.99609375
v 152.622950476 327.70620037 138.980980285 0.99609375
v 153.086742172 337.774943487 138.753603552 0.99609375
v 153.115726504 327.47215068 139.337964561 0.99609375
v 153.136183944 337.431579727 138.676592906 0.99609375
v 153.164678584 327.560749925 139.469782204 0.99609375
v 153.607127572 337.344665375 138.730324957 0.99609375
v 153.831473844 327.975616193 138.836037212 0.99609375
v 153.894720709 337.433300975 139.335051037 0.99609375
v 153.828932019 327.971728406 138.529360777 0.99609375
v 153.930580442 337.516523907 138.715776245 0.99609375
v 154.019437879 327.944560737 138.621539914 0.99609375
v 154.093890383 337.710573306 138.647650089 0.99609375
v 154.585675846 327.629137493 139.078210012 0.99609375
v 154.498966049 337.621505472 138.849460058 0.99609375
v 154.66436077 327.584979136 138.948368514 0.99609375
v 154.622178873 337.44951045 139.11723294 0.99609375
v 155.15253632 327.758406934 138.508539141 0.99609375
v 155.128816472 337.814601147 138.684599608 0.99609375
v 155.250794641 327.862088228 139.381464973 0.99609375
v 155.698724102 337.693133528 138.703944143 0.99609375
v 155.669807682 327.671000391 138.987502637 0.99609375
v 155.749713753 337.756384215 138.822169993 0.99609375
v 156.140789369 327.733631964 138.836934021 0.99609375
v 156.142926937 337.858994523 139.449567598 0.99609375
v 156.291822998 327.753436894 139.176937264 0.99609375
v 156.144718014 338.037705 139.415181122 0.99609375
v 156.691264271 327.650775197 139.282326217 0.99609375
v 156.420063862 338.703665249 139.489108024 0.99609375
v 157.16795379 327.703496498 139.161537067 0.99609375
v 156.937618501 338.747422144 139.210247236 0.99609375
v 157.005725876 327.971319137 139.053877071 0.99609375
v 157.175774913 339.034979841 138.738803222 0.99609375
v 157.625617992 327.781892977 139.379689675 0.99609375
v 157.213623757 337.227281187 138.831144584 0.99609375
v 157.530524957 327.723258118 138.779344256 0.99609375
v 157.854937289 335.616225747 139.043084605 0.99609375
v 157.825736868 327.923947415 139.334457566 0.99609375
v 157.81544612 330.233838877 138.555188685 0.99609375
v 158.471753727 327.24146317 139.299697654 0.99609375
v 146.869163417 327.823678076 139.968581662 0.99609375
v 146.743930768 330.749711986 139.331336751 0.99609375
v 147.142013843 327.804964805 139.252867805 0.99609375
v 147.266562141 339.080648034 139.250965151 0.99609375
v 147.58478749 327.91648323 139.903830606 0.99609375
v 147.167589262 342.087347493 139.820687797 0.99609375
v 147.701229422 327.484501999 139.747041745 0.99609375
v 147.45346093 341.469638075 139.584107605 0.99609375
v 148.15326607 327.810398773 139.75151583 0.99609375
v 147.877705366 341.334224715 139.122763022 0.99609375
v 147.901156215 327.560165939 139.175111192 0.99609375
v 148.064956634 340.939090154 139.971765127 0.99609375
v 148.733895465 327.925960642 139.784945101 0.99609375
v 148.655999182 340.972074692 139.964640679 0.99609375
v 148.988288607 327.888989191 139.872271735 0.99609375
v 148.645715003 341.188931109 139.569747951 0.99609375
v 149.339554914 327.67039558 139.788259567 0.99609375
v 148.846638967 341.314838267 139.407124566 0.99609375
v 149.51212853 327.800435486 139.648188302 0.99609375
v 149.382273898 340.829262907 139.551406842 0.99609375
v 149.396938837 327.436411907 139.243724298 0.99609375
v 149.408414537 340.979178004 139.386567974 0.99609375
v 149.870160222 327.439278546 139.04346573 0.99609375
v 149.815971601 340.758309445 139.653071664 0.99609375
v 149.946795638 327.645589299 139.687097242 0.99609375
v 150.233171523 340.601889633 139.838166563 0.99609375
v 150.788657494 327.769821522 139.361376403 0.99609375
v 150.254850799 340.460442632 139.107610635 0.99609375
v 150.62850667 327.707732221 139.837311245 0.99609375
v 150.597267543 340.325135626 139.428494473 0.99609375
v 151.294327018 327.833712196 139.448987539 0.99609375
v 151.238426436 340.681239755 139.207998521 0.99609375
v 151.244964463 327.880037455 139.967693522 0.99609375
v 151.400041778 340.281946975 139.223513267 0.99609375
v 151.753311261 327.80699825 139.255466448 0.99609375
v 151.472355751 340.0451992 139.801753265 0.99609375
v 152.036989113 327.665752253 139.087787669 0.99609375
v 151.721738765 340.318640263 139.94134627 0.99609375
v 152.089103779 327.674627516 139.17024968 0.99609375
v 152.356805214 340.097087459 139.29882857 0.99609375
v 152.418943994 327.947034957 139.281806295 0.99609375
v 152.361872954 340.442199298 139.535829524 0.99609375
v 152.564231925 327.440375137 139.982314782 0.99609375
v 152.85134964 339.94468534 139.713858666 0.99609375
v 153.075783526 327.956393249 139.836423121 0.99609375
v 153.073797504 340.386022351 139.062271641 0.99609375
v 153.629253575 327.966128623 139.768601794 0.99609375
v 153.302379558 340.404379212 139.76403924 0.99609375
v 153.838432908 327.680001177 139.467739358 0.99609375
v 153.419585374 340.329700368 139.952187415 0.99609375
v 153.964213068 327.903931113 139.802262079 0.99609375
v 153.815244746 340.484729836 139.311778029 0.99609375
v 154.319396268 327.792686936 139.343968545 0.99609375
v 154.361184725 340.622020097 139.139000981 0.99609375
v 154.585250827 327.559501273 139.97238974 0.99609375
v 154.489025923 340.173507518 139.006853927 0.99609375
v 154.853412672 327.424832181 139.116546077 0.99609375
v 154.941404894 340.56065054 139.605331687 0.99609375
v 155.177069067 327.591397543 139.837704346 0.99609375
v 155.011306619 340.368342829 139.508369949 0.99609375
v 155.210219263 327.792143569 139.892291204 0.99609375
v 155.503478816 340.401541977 139.196427022 0.99609375
v 155.527111355 327.827591207 139.692211463 0.99609375
v 155.842982966 340.978809061 139.116246262 0.99609375
v 155.996545268 327.626979058 139.853414103 0.99609375
v 156.23805231 340.545693335 139.95332138 0.99609375
v 156.204364899 327.528886903 139.547447582 0.99609375
v 156.360800407 340.578683442 139.559957409 0.99609375
v 156.795135717 327.749830472 139.861609152 0.99609375
v 156.502321855 340.816933372 139.307406903 0.99609375
v 156.605267167 327.798707774 139.866931803 0.99609375
v 156.841603203 340.65807153 139.440837014 0.99609375
v 157.463931937 327.464885922 139.175359542 0.99609375
v 157.162519145 341.00115439 139.417671265 0.99609375
v 157.672270969 327.665555416 139.640987736 0.99609375
v 157.536287364 340.699350181 139.552106053 0.99609375
v 157.977268693 327.743943223 139.924250186 0.99609375
v 157.86620255 340.323801985 139.343338531 0.99609375
v 158.269336058 327.813153386 139.627653735 0.99609375
v 158.155857876 337.957681738 139.475317788 0.99609375
v 158.392740621 327.695781981 139.76299931 0.99609375
v 158.085362394 334.919509914 139.644521485 0.99609375
v 158.554754884 327.415552379 139.409697668 0.99609375
v 158.848761929 329.428569913 139.515542086 0.99609375
v 146.707104247 327.585258321 139.760205988 0.99609375
v 146.547597361 328.843435761 139.986392551 0.99609375
v 146.657668287 327.688049456 140.371489335 0.99609375
v 146.61699162 339.829397603 139.640780397 0.99609375
v 146.744815135 327.897787966 139.930437651 0.99609375
v 147.162281822 344.780393889 139.501849182 0.99609375
v 147.057530849 327.675259256 140.437930346 0.99609375
v 147.331453162 347.828455269 139.595623461 0.99609375
v 147.520651236 327.960427862 139.871951462 0.99609375
v 147.52140826 350.87902261 139.541536474 0.99609375
v 148.05763089 327.920477848 139.70155147 0.99609375
v 147.83724231 350.610463719 139.617228538 0.99609375
v 148.077178999 327.963197819 140.363786626 0.99609375
v 148.421531438 350.824281888 140.039213331 0.99609375
v 148.678082742 327.897243865 140.169256614 0.99609375
v 148.376915606 350.713493686 140.455779934 0.99609375
v 148.592185168 327.830449394 139.669906126 0.99609375
v 148.90465359 350.878485848 139.700136918 0.99609375
v 149.001228673 327.861678595 139.842759516 0.99609375
v 148.967499813 350.639884963 140.457419661 0.99609375
v 149.487763925 327.642047432 140.145681684 0.99609375
v 149.454463254 351.141503063 139.987049366 0.99609375
v 149.70894092 327.937220991 139.545079826 0.99609375
v 149.62674399 350.949492114 140.356705364 0.99609375
v 149.849082221 327.625045416 140.152766153 0.99609375
v 150.068093754 350.718924857 140.364905345 0.99609375
v 150.03673598 327.865711612 140.258645472 0.99609375
v 149.996200668 350.881456617 140.322968586 0.99609375
v 150.67765763 327.59605723 140.168119753 0.99609375
v 150.765109459 351.124582431 139.847436256 0.99609375
v 150.73239021 327.564801574 139.935799686 0.99609375
v 151.084827207 350.712704298 139.697397258 0.99609375
v 150.889555948 327.822954195 139.803509326 0.99609375
v 150.957261382 350.99455882 140.333728772 0.99609375
v 151.438496868 327.45531113 139.999642169 0.99609375
v 151.143166614 351.155589594 140.022836391 0.99609375
v 151.670192669 327.866257163 139.859841913 0.99609375
v 151.713393127 350.96720358 140.360546799 0.99609375
v 152.054038103 327.971707101 140.409645752 0.99609375
v 152.016565571 351.007585344 139.894415603 0.99609375
v 152.294665452 327.545235459 140.476029868 0.99609375
v 152.057286783 351.042370021 139.665542271 0.99609375
v 152.818714427 327.431303653 140.280058598 0.99609375
v 152.417448379 350.666607466 139.588042892 0.99609375
v 152.727019093 327.814928306 139.867305129 0.99609375
v 152.867732627 351.060499953 140.215083136 0.99609375
v 153.076869809 327.542854811 139.820830242 0.99609375
v 153.083736675 350.899730285 139.884213621 0.99609375
v 153.352971804 327.6166557 140.404836315 0.99609375
v 153.688903644 350.642434305 139.644463849 0.99609375
v 153.440193669 327.909982037 140.22570684 0.99609375
v 153.646748591 351.154095403 139.78450198 0.99609375
v 154.159334598 327.45255608 139.873348814 0.99609375
v 154.106148111 350.822404016 139.805876368 0.99609375
v 154.527694667 327.429175133 139.745251845 0.99609375
v 154.518768301 350.948272302 139.786092816 0.99609375
v 154.557050244 327.481359674 139.590737832 0.99609375
v 154.387105746 351.184138971 140.229937429 0.99609375
v 154.951949687 327.56626264 140.087665963 0.99609375
v 155.139120279 351.118712269 140.135663648 0.99609375
v 155.204800787 327.478325715 140.02733572 0.99609375
v 154.977104191 350.868914345 140.128615686 0.99609375
v 155.440378443 327.761221903 140.391867783 0.99609375
v 155.496853433 351.054207196 140.346311716 0.99609375
v 155.54946763 327.487171797 139.872911513 0.99609375
v 155.699316164 350.624324204 139.687009 0.99609375
v 156.232662796 327.666989666 139.724531717 0.99609375
v 155.808497525 351.138701631 139.817553601 0.99609375
v 156.162496352 327.916913515 139.756265061 0.99609375
v 156.199240265 351.090471065 139.878489019 0.99609375
v 156.586070487 327.913978288 139.742910839 0.99609375
v 156.592884573 350.929515364 140.164367786 0.99609375
v 156.93821913 327.919357334 139.650678436 0.99609375
v 156.626961113 350.689998284 140.449995081 0.99609375
v 157.067358028 327.83255634 139.744014401 0.99609375
v 156.937880394 350.957521417 140.338150213 0.99609375
v 157.696238848 327.410814477 139.974368307 0.99609375
v 157.329846178 351.141131893 139.861241092 0.99609375
v 157.554936682 327.598172072 139.547357458 0.99609375
v 157.86076409 350.920325131 140.380209361 0.99609375
v 158.074704598 327.642864241 139.647628842 0.99609375
v 158.2399894 351.14363602 139.620429321 0.99609375
v 158.120846525 327.640434642 139.940929858 0.99609375
v 158.396962128 345.874936255 140.158109147 0.99609375
v 158.702221827 327.729020513 140.185496634 0.99609375
v 158.681119614 337.311144653 140.300780352 0.99609375
v 159.107083493 327.54112864 139.739301612 0.99609375
v 158.974739271 330.403792598 140.437638938 0.99609375
v 159.215761803 327.528406915 140.072608172 0.99609375
v 159.053315978 328.895568946 139.624420471 0.99609375
v 146.644842465 327.710102555 140.062959641 0.99609375
v 146.172772492 338.937922868 140.133917378 0.99609375
v 146.795455498 327.78269905 140.806434549 0.99609375
v 146.793155678 344.024826624 140.648402876 0.99609375
v 146.810434045 327.897396045 140.46341359 0.99609375
v 147.172471567 345.880858003 140.664836344 0.99609375
v 147.121710611 327.810382652 140.729364803 0.99609375
v 147.058453617 351.465882478 140.427018897 0.99609375
v 147.781538957 327.626175671 140.487105188 0.99609375
v 147.773698769 350.91601571 140.454428176 0.99609375
v 148.039683679 327.721937748 140.581643557 0.99609375
v 147.653813778 351.01294864 140.641519484 0.99609375
v 148.390423962 327.932900888 140.613789045 0.99609375
v 147.976717126 350.936808333 140.969225407 0.99609375
v 148.370612769 327.462982672 140.781694716 0.99609375
v 148.547438407 350.998876944 140.063082579 0.99609375
v 148.700867887 327.725462219 140.406840238 0.99609375
v 148.861979158 351.26457855 140.522722262 0.99609375
v 149.213504342 327.496298986 140.234477532 0.99609375
v 148.85723143 351.334195619 140.372799589 0.99609375
v 149.285078839 327.878399539 140.4279889 0.99609375
v 149.405069163 351.292368287 140.039336791 0.99609375
v 149.62826928 327.620802836 140.021264673 0.99609375
v 149.55510965 351.246840232 140.307696288 0.99609375
v 150.139792949 327.892241279 140.475794236 0.99609375
v 150.086548563 351.084356516 140.868511542 0.99609375
v 150.093910449 327.938012667 140.388222349 0.99609375
v 150.188505917 350.953296411 140.16181552 0.99609375
v 150.508207253 327.746425937 140.706982081 0.99609375
v 150.300735992 351.392723651 140.23003123 0.99609375
v 150.903062761 327.912191155 140.087013746 0.99609375
v 150.604498458 351.002789482 140.704219548 0.99609375
v 151.191197349 327.862974006 140.023806574 0.99609375
v 151.248142948 351.02843238 140.928056925 0.99609375
v 151.605964589 327.735797729 140.658462501 0.99609375
v 151.550168689 351.334848778 140.048889377 0.99609375
v 151.858056137 327.503287959 140.342194936 0.99609375
v 151.823633158 351.386303349 140.656278794 0.99609375
v 152.031056854 327.613158882 140.898365422 0.99609375
v 152.129366647 350.910728867 140.428343243 0.99609375
v 152.268001464 327.85154177 140.961528776 0.99609375
v 152.314932748 351.176106533 140.265283416 0.99609375
v 152.730177574 327.697025006 140.89811524 0.99609375
v 152.294977143 350.933887547 140.368571645 0.99609375
v 152.8638082 327.534382961 140.855264032 0.99609375
v 152.60421152 351.346371591 140.126288592 0.99609375
v 153.202421365 327.86743258 140.287846718 0.99609375
v 153.399052898 351.321524156 140.844360849 0.99609375
v 153.464062432 327.718827712 140.681475233 0.99609375
v 153.332463795 351.326561396 140.037363631 0.99609375
v 153.48832224 327.987978087 140.509817699 0.99609375
v 153.697680217 351.478870958 140.613276537 0.99609375
v 154.167308357 327.540333841 140.188007389 0.99609375
v 153.900059507 351.216833077 140.055411345 0.99609375
v 154.243824014 327.698552661 140.883522592 0.99609375
v 154.36468228 351.383089609 140.896408168 0.99609375
v 154.313330581 327.850528575 140.991127772 0.99609375
v 154.733719683 351.142789646 140.383314987 0.99609375
v 154.922461565 327.892054537 140.213865917 0.99609375
v 155.094074559 351.03112311 140.898675842 0.99609375
v 155.277285543 327.740012364 140.962423754 0.99609375
v 155.426212462 350.97383361 140.936354491 0.99609375
v 155.705603525 327.717965788 140.888097213 0.99609375
v 155.341975106 350.936809281 140.60611746 0.99609375
v 155.717313721 327.782594097 140.454804185 0.99609375
v 156.017244437 351.395273143 140.662739796 0.99609375
v 156.127252546 327.945362343 140.808308395 0.99609375
v 155.983180189 351.168190266 140.608694386 0.99609375
v 156.138722028 327.882950488 140.619140063 0.99609375
v 156.132538748 350.960260754 140.263862117 0.99609375
v 156.551155321 327.963499851 140.842066987 0.99609375
v 156.685655455 351.016384267 140.714577802 0.99609375
v 157.001431683 327.434010347 140.238278668 0.99609375
v 156.925751358 351.171618316 140.237736496 0.99609375
v 157.285655184 327.891114618 140.476577113 0.99609375
v 157.366508787 351.477944525 140.588772218 0.99609375
v 157.193575063 327.500888041 140.025450742 0.99609375
v 157.526224141 351.298544826 140.671035528 0.99609375
v 157.909718102 327.552145447 140.832090443 0.99609375
v 157.651769695 351.450990621 140.875342901 0.99609375
v 157.955095547 327.96338983 140.073141086 0.99609375
v 157.81158589 351.070658956 140.697264435 0.99609375
v 158.126020709 327.910800799 140.717090343 0.99609375
v 158.124724875 351.167865643 140.979990894 0.99609375
v 158.400710751 327.794463805 140.454290065 0.99609375
v 158.402607641 350.911835551 140.59773173 0.99609375
v 158.894229245 327.955305812 140.198255996 0.99609375
v 158.974785319 351.209531336 140.402838672 0.99609375
v 159.029958003 327.706584196 140.40415251 0.99609375
v 159.026555277 350.957402258 140.236520485 0.99609375
v 159.634724985 332.719040251 140.813051094 0.99609375
v 159.435540683 334.288360134 140.269880969 0.99609375
v 146.265298711 331.521435001 140.681523671 0.99609375
v 146.563934125 334.352242791 141.451865504 0.99609375
v 146.784249579 327.933092864 140.810827373 0.99609375
v 146.630398245 337.702344448 140.774654146 0.99609375
v 147.075528012 328.126288997 140.907974714 0.99609375
v 147.238871181 341.237197297 140.87643413 0.99609375
v 147.244792201 328.079133632 140.626696326 0.99609375
v 147.145412607 344.153704731 141.409123059 0.99609375
v 147.761913532 328.219937924 140.955361517 0.99609375
v 147.426349743 346.597880297 140.841035882 0.99609375
v 147.91183984 327.704301794 140.994682114 0.99609375
v 147.936655233 351.226480158 140.588469224 0.99609375
v 148.041271343 328.234442299 140.910199065 0.99609375
v 148.071565971 351.442223465 141.420057718 0.99609375
v 148.610674644 327.903663657 141.385649319 0.99609375
v 148.376561491 351.203213455 141.40162008 0.99609375
v 148.876847586 328.097266949 141.262796135 0.99609375
v 148.873061299 350.91227862 141.188241888 0.99609375
v 149.079042752 327.893144418 140.739011699 0.99609375
v 149.156320309 351.302134455 140.672392381 0.99609375
v 149.557459031 328.196115397 140.6293081 0.99609375
v 149.554872078 351.45937653 141.427531796 0.99609375
v 149.886881619 327.780635492 141.373537707 0.99609375
v 149.430230211 351.301651521 140.854171763 0.99609375
v 150.035831507 327.913638124 140.788485474 0.99609375
v 150.15559208 351.234233353 141.137765819 0.99609375
v 150.167646744 327.784117407 140.778502001 0.99609375
v 150.108427303 351.316171735 141.2592478 0.99609375
v 150.643979391 328.183818687 141.356784233 0.99609375
v 150.788965324 350.942243498 141.455776368 0.99609375
v 151.036280379 328.273576244 141.310999189 0.99609375
v 150.686949884 351.026518664 141.053754344 0.99609375
v 150.828296631 327.964779624 141.023243298 0.99609375
v 151.188732687 351.044309695 141.083327562 0.99609375
v 151.348222607 327.884702426 140.573320264 0.99609375
v 151.26354528 351.060424041 141.025338771 0.99609375
v 151.575798308 328.124267957 141.282670358 0.99609375
v 151.91439099 351.460619915 140.820962814 0.99609375
v 152.187367434 328.163851717 140.681380502 0.99609375
v 152.12625194 350.951506128 141.152358643 0.99609375
v 151.995748715 327.780112382 141.46559377 0.99609375
v 152.280532416 351.071639553 140.597305645 0.99609375
v 152.621835799 327.961717565 140.551065276 0.99609375
v 152.466591044 351.325654791 141.058878658 0.99609375
v 153.084413597 328.250599558 141.422395536 0.99609375
v 152.72081904 351.114416016 141.311513278 0.99609375
v 153.204624199 327.779126122 141.350906701 0.99609375
v 153.088084034 350.969359369 141.076516632 0.99609375
v 153.598355289 327.729320945 141.05514524 0.99609375
v 153.665576574 351.143618658 140.75195725 0.99609375
v 153.593987414 328.198386517 141.270778815 0.99609375
v 153.663129285 351.281648535 140.72079112 0.99609375
v 154.108436061 328.054785149 141.248798005 0.99609375
v 153.803092042 350.927644475 141.283044244 0.99609375
v 154.210985543 328.029193279 141.14826371 0.99609375
v 154.553161757 350.901790315 141.023375739 0.99609375
v 154.366735122 327.898965462 140.540378504 0.99609375
v 154.501447691 351.326886935 140.546740558 0.99609375
v 154.645981754 327.778678151 141.470400844 0.99609375
v 154.754894473 351.17227274 141.423902808 0.99609375
v 155.405760787 327.832300829 141.048303972 0.99609375
v 155.025364304 351.04307403 141.481483323 0.99609375
v 155.254097221 327.715869348 141.101738466 0.99609375
v 155.345104465 351.110167678 141.280852914 0.99609375
v 155.5683031 327.8743486 141.089074203 0.99609375
v 155.733278906 351.132302437 140.890791306 0.99609375
v 156.203875292 327.797641405 141.175142916 0.99609375
v 156.084178235 351.347025312 140.818089505 0.99609375
v 156.511348645 328.045662733 140.918080306 0.99609375
v 156.264539935 351.06402968 140.951399383 0.99609375
v 156.332184664 327.778854565 141.083491144 0.99609375
v 156.843512182 350.979735856 141.199645106 0.99609375
v 156.712933361 328.233566457 140.877670642 0.99609375
v 157.065305332 351.261638075 141.164607841 0.99609375
v 156.958460381 328.148259674 140.949482748 0.99609375
v 157.182340458 351.182212723 141.409974307 0.99609375
v 157.570055474 327.801713233 141.224620017 0.99609375
v 157.373561917 351.153341285 141.313974339 0.99609375
v 157.666110069 327.856658741 141.484520657 0.99609375
v 157.55386902 350.920638928 140.632493029 0.99609375
v 157.988161423 328.265291166 141.17383316 0.99609375
v 158.005251658 351.268353097 140.809073277 0.99609375
v 158.326716963 327.953366099 141.061510179 0.99609375
v 158.196366716 351.160512688 141.182175568 0.99609375
v 158.878772415 327.747184476 140.61100319 0.99609375
v 158.588666002 351.15677056 141.005249472 0.99609375
v 158.780383862 328.251638673 140.728150439 0.99609375
v 159.012764064 351.198949497 141.154440754 0.99609375
v 159.364252611 328.089603113 140.697910988 0.99609375
v 159.007823876 351.183510093 140.503149742 0.99609375
v 159.390086116 332.585852965 140.850892217 0.99609375
v 159.745921346 350.969836132 140.584841083 0.99609375
v 159.970510503 334.025495924 140.568163506 0.99609375
v 159.547809255 351.111629584 140.690072525 0.99609375
v 160.05782615 338.610492039 141.296580904 0.99609375
v 160.330447369 351.398623077 140.52378467 0.99609375
v 160.296634609 341.437577892 141.26662776 0.99609375
v 160.15312245 351.430856691 140.94599971 0.99609375
v 147.276828448 328.074717671 141.107211405 0.99609375
v 147.196244055 334.115677683 141.056443128 0.99609375
v 147.753860344 328.138036768 141.432234489 0.99609375
v 147.641072689 338.013613463 141.396059571 0.99609375
v 147.725356081 327.821148286 141.746304579 0.99609375
v 148.078850243 351.362892829 141.715556668 0.99609375
v 148.135065252 328.137962625 141.403426105 0.99609375
v 148.463509822 351.456091321 141.156406209 0.99609375
v 148.711391597 328.069179526 141.810934096 0.99609375
v 148.487671879 351.707875617 141.193059575 0.99609375
v 148.842363665 328.207924025 141.812466431 0.99609375
v 148.817077812 351.359222256 141.354070671 0.99609375
v 148.989237634 327.736692134 141.131946536 0.99609375
v 148.956662437 351.401071014 141.438607133 0.99609375
v 149.280726932 327.706127048 141.647089909 0.99609375
v 149.588648161 351.317731278 141.842284813 0.99609375
v 149.707498033 327.839363618 141.444039618 0.99609375
v 149.500852809 351.738574867 141.551452865 0.99609375
v 149.652100551 327.763228074 141.03152274 0.99609375
v 149.845204323 351.761182989 141.898241466 0.99609375
v 150.42393714 328.194421177 141.915496194 0.99609375
v 150.341294498 351.742496358 141.890802351 0.99609375
v 150.645848708 328.2702982 141.140237393 0.99609375
v 150.413617943 351.521313631 141.638352833 0.99609375
v 150.52552516 327.894829245 141.422269919 0.99609375
v 150.646893688 351.313849698 141.670783762 0.99609375
v 150.971885027 327.732859321 141.657651492 0.99609375
v 150.859778032 351.323130876 141.53198514 0.99609375
v 151.446716762 328.278340021 141.50544116 0.99609375
v 151.111614207 351.555407375 141.193465892 0.99609375
v 151.943303129 327.786950383 141.160515232 0.99609375
v 151.412463492 351.655352076 141.724088232 0.99609375
v 151.731437869 328.208619952 141.52898352 0.99609375
v 151.769515054 351.334551772 141.017888366 0.99609375
v 152.385778497 328.018996906 141.039502233 0.99609375
v 152.201822404 351.709200432 141.473092224 0.99609375
v 152.765801314 327.887606199 141.577706556 0.99609375
v 152.319914886 351.213047048 141.64286261 0.99609375
v 152.61166761 327.914474974 141.501170372 0.99609375
v 153.037002919 351.614592685 141.167128863 0.99609375
v 153.260956315 327.72471847 141.455556816 0.99609375
v 152.95226898 351.564500373 141.326916525 0.99609375
v 153.353479229 327.949036017 141.201513745 0.99609375
v 153.624629963 351.284515176 141.637733845 0.99609375
v 153.835163231 327.760722419 141.474231903 0.99609375
v 153.523672831 351.565793601 141.064254261 0.99609375
v 154.024746828 328.018482525 141.420230358 0.99609375
v 154.089734921 351.239738902 141.630902622 0.99609375
v 154.363841176 327.7382122 141.31111454 0.99609375
v 154.035666246 351.319119711 141.687529182 0.99609375
v 154.833329622 327.844986954 141.578507724 0.99609375
v 154.290671104 351.197376865 141.817667954 0.99609375
v 154.605795106 327.922377784 141.346141131 0.99609375
v 155.067119359 351.437435402 141.949132445 0.99609375
v 155.214517196 328.201957489 141.859775715 0.99609375
v 154.968649808 351.339215129 141.764862275 0.99609375
v 155.236965433 328.199725841 141.587149895 0.99609375
v 155.565287794 351.200457903 141.059629633 0.99609375
v 155.561692578 327.702646399 141.649076625 0.99609375
v 155.664587836 351.672088296 141.27971495 0.99609375
v 155.862545396 327.97962051 141.736331968 0.99609375
v 155.795171741 351.348541234 141.28871741 0.99609375
v 156.199131452 328.129103337 141.01788832 0.99609375
v 156.344301158 351.453097219 141.709734862 0.99609375
v 156.691507332 327.817151839 141.898707725 0.99609375
v 156.726062101 351.744818614 141.125369528 0.99609375
v 156.693636469 327.930446123 141.959974926 0.99609375
v 156.657454432 351.485455434 141.220292091 0.99609375
v 157.170255404 328.00533479 141.062689318 0.99609375
v 157.187062313 351.709062651 141.297876541 0.99609375
v 157.2675627 328.175244015 141.919600586 0.99609375
v 157.239295856 351.735167548 141.722075296 0.99609375
v 157.759975061 327.700862084 141.000683605 0.99609375
v 157.90211584 351.747068961 141.664036556 0.99609375
v 157.902694455 328.136897011 141.757887679 0.99609375
v 157.802579603 351.499590731 141.491653992 0.99609375
v 158.618250412 328.211143528 141.563017856 0.99609375
v 158.567370862 351.429131409 141.102776914 0.99609375
v 158.640402429 328.228362499 141.441284539 0.99609375
v 158.622432022 351.466191691 141.002233952 0.99609375
v 158.760341877 328.163227825 141.627154582 0.99609375
v 158.721493809 351.648373992 141.193731794 0.99609375
v 159.339729098 327.908560634 141.294451444 0.99609375
v 159.180502521 351.262831254 141.208366389 0.99609375
v 159.406054281 328.095782546 141.994262321 0.99609375
v 159.408287424 351.309069549 141.185613486 0.99609375
v 159.570993435 332.115588945 141.571073933 0.99609375
v 160.010648861 351.526977393 141.094805635 0.99609375
v 159.794346153 333.905356668 141.182365457 0.99609375
v 160.033217287 351.718792224 141.872661073 0.99609375
v 160.253617559 337.140233668 141.250219151 0.99609375
v 160.294654085 351.190615443 141.547157679 0.99609375
v 160.788128728 339.427510353 141.735411417 0.99609375
v 160.61054484 351.347419163 141.957467409 0.99609375
v 160.780989607 349.683162958 141.017270748 0.99609375
v 160.846842537 351.382967084 141.674891636 0.99609375
v 147.727676004 328.10137858 142.231931243 0.99609375
v 147.770122424 342.085917109 142.468374869 0.99609375
v 147.907315926 328.20841947 141.850636016 0.99609375
v 148.150069139 346.421384397 142.382895611 0.99609375
v 148.631442526 328.09406919 141.881504558 0.99609375
v 148.331703527 351.640534834 142.359696642 0.99609375
v 148.753216464 327.991337201 141.569241459 0.99609375
v 148.649362951 351.338988227 141.670905137 0.99609375
v 148.77179338 327.94055232 142.008109978 0.99609375
v 149.076228528 351.611767234 142.41246061 0.99609375
v 149.432412761 328.167599458 142.33578217 0.99609375
v 149.30391271 351.426264573 141.945128275 0.99609375
v 149.429651702 327.821050452 142.071038421 0.99609375
v 149.424668759 351.715572293 142.053563206 0.99609375
v 149.855917358 327.722964787 141.649187737 0.99609375
v 149.707801147 351.748469531 142.038991662 0.99609375
v 150.319789072 328.25793084 141.703160169 0.99609375
v 150.436322456 351.314538489 142.430871832 0.99609375
v 150.353336409 327.751178049 142.284640942 0.99609375
v 150.467365143 351.76091476 141.941035782 0.99609375
v 150.550029786 327.824923884 142.23388062 0.99609375
v 150.629249205 351.204569736 141.620076247 0.99609375
v 151.044665873 328.240018799 142.37160669 0.99609375
v 151.11366945 351.515099593 141.516903977 0.99609375
v 151.419080092 327.827337662 142.373924135 0.99609375
v 151.312019972 351.488658899 142.27421346 0.99609375
v 151.857149656 327.834071058 142.411628497 0.99609375
v 151.613428095 351.326269726 142.330817003 0.99609375
v 151.799758603 327.991470725 141.949946692 0.99609375
v 152.213700197 351.510695196 142.472117103 0.99609375
v 152.138801419 328.228020967 142.231428548 0.99609375
v 152.311908269 351.608446706 142.356511921 0.99609375
v 152.693822467 328.220788275 141.76920083 0.99609375
v 152.738388223 351.32639385 142.024545912 0.99609375
v 152.882948506 328.174863898 142.144547658 0.99609375
v 152.610731273 351.639724162 142.354556046 0.99609375
v 152.911809857 327.906119304 141.635521529 0.99609375
v 153.304417231 351.555852734 141.776949036 0.99609375
v 153.285312531 328.138713838 142.31340551 0.99609375
v 153.150296363 351.35500008 141.923788104 0.99609375
v 153.95661041 327.745284615 141.944597579 0.99609375
v 153.418296508 351.190802856 142.409802541 0.99609375
v 154.062275923 328.014715938 142.471085621 0.99609375
v 153.786690214 351.287399565 141.50849987 0.99609375
v 154.242823955 327.839414863 142.257986246 0.99609375
v 154.490786064 351.758392167 142.114038753 0.99609375
v 154.483006784 328.077534054 141.868284618 0.99609375
v 154.479400126 351.539866789 142.248573422 0.99609375
v 154.991845891 328.19928288 142.346423768 0.99609375
v 154.679241048 351.587342424 141.832704173 0.99609375
v 154.943144349 327.820233084 142.346488018 0.99609375
v 155.256578644 351.223694233 142.315200318 0.99609375
v 155.626735885 328.040054415 141.80214666 0.99609375
v 155.61099121 351.745274635 141.628458963 0.99609375
v 155.757984441 328.161426316 142.134783767 0.99609375
v 155.925674052 351.562420161 142.301445468 0.99609375
v 156.027747786 327.847550066 141.590269585 0.99609375
v 155.97827589 351.512597524 142.305520119 0.99609375
v 156.272128752 328.160487191 142.038318195 0.99609375
v 156.199689755 351.760765349 142.329150848 0.99609375
v 156.579040777 327.805584467 142.452241909 0.99609375
v 156.474237832 351.76633796 142.023312216 0.99609375
v 156.946760298 327.980435894 142.319073933 0.99609375
v 156.72943672 351.759590789 141.81083387 0.99609375
v 157.38669787 328.010444614 142.024314924 0.99609375
v 157.443825906 351.625900984 141.733407554 0.99609375
v 157.597396439 328.038166049 142.302904603 0.99609375
v 157.672507007 351.658182587 142.13122643 0.99609375
v 157.730344662 327.985422046 141.785811094 0.99609375
v 157.966829413 351.257503344 142.205763733 0.99609375
v 158.20961102 328.107056953 142.03684028 0.99609375
v 157.9436642 351.544721252 142.233306783 0.99609375
v 158.625170718 327.789547858 142.436637027 0.99609375
v 158.545312051 351.740008213 141.683802887 0.99609375
v 158.49546197 328.163577609 141.909258607 0.99609375
v 158.43840139 351.430926566 141.647640854 0.99609375
v 158.650541022 328.002766146 141.955699239 0.99609375
v 159.027102361 351.734715143 141.501650446 0.99609375
v 159.057613214 328.20220428 142.378245979 0.99609375
v 159.247779468 351.482730291 141.641859471 0.99609375
v 159.563978695 328.259285253 141.871686973 0.99609375
v 159.386562741 351.417727752 142.307871311 0.99609375
v 159.622307196 330.669255426 142.046690776 0.99609375
v 160.048591862 351.232214973 142.260269051 0.99609375
v 160.047166515 332.846477769 141.747094824 0.99609375
v 160.196497214 351.663658667 141.932690528 0.99609375
v 160.414876661 336.411685224 142.045987948 0.99609375
v 160.327837413 351.521201147 141.730360675 0.99609375
v 160.489607314 339.340082241 142.037677008 0.99609375
v 160.755709479 351.529742984 142.438971632 0.99609375
v 161.216037006 348.288766104 141.980511557 0.99609375
v 160.838348628 351.587795729 142.07310451 0.99609375
v 148.133432162 328.53997223 142.483466978 0.99609375
v 148.235005379 328.93622723 142.401354578 0.99609375
v 148.505086792 327.997543276 142.737282874 0.99609375
v 148.741958385 341.288517127 142.742786309 0.99609375
v 148.793073284 328.377851338 142.315572595 0.99609375
v 148.497775687 350.586726262 142.23938248 0.99609375
v 148.845145499 328.302775185 142.865891265 0.99609375
v 148.863310968 351.933796736 142.927914657 0.99609375
v 149.071603541 328.194037241 142.43581821 0.99609375
v 149.56535583 351.846519017 142.018413304 0.99609375
v 149.817782223 328.443284283 142.41459062 0.99609375
v 149.670190168 352.021240317 142.945776925 0.99609375
v 149.99514879 328.478929102 142.098685599 0.99609375
v 150.032559719 351.58701173 142.494351868 0.99609375
v 150.343050712 328.475440895 142.080582144 0.99609375
v 150.03669115 351.589456621 142.309664859 0.99609375
v 150.387975202 328.174085914 142.60539222 0.99609375
v 150.604471411 351.693116328 142.516453351 0.99609375
v 150.563877401 328.268862529 142.084777596 0.99609375
v 150.74608603 351.8321731 142.275421159 0.99609375
v 150.9212058 328.037806264 142.861685929 0.99609375
v 150.864903544 351.984075245 142.686544249 0.99609375
v 151.588020489 328.222566099 142.381502667 0.99609375
v 151.553266595 351.977727749 142.774309689 0.99609375
v 151.421201282 328.432126144 142.364659329 0.99609375
v 151.628429158 351.710286699 142.375017791 0.99609375
v 151.674475182 328.300996075 142.812017683 0.99609375
v 152.200812185 351.77416603 142.137488102 0.99609375
v 152.080449893 328.139016675 142.143987476 0.99609375
v 152.449912053 351.835724444 142.69938844 0.99609375
v 152.759193104 328.333683973 142.662763998 0.99609375
v 152.361170961 351.517289204 142.41505928 0.99609375
v 153.060885531 328.40044949 142.246651283 0.99609375
v 153.118947632 351.898679202 142.842406737 0.99609375
v 153.28995676 328.110816641 142.116130324 0.99609375
v 152.863996129 351.91421259 142.9546846 0.99609375
v 153.299205543 328.337224356 142.47646656 0.99609375
v 153.602018164 351.743703236 142.387289461 0.99609375
v 153.973115335 328.025902022 142.933241904 0.99609375
v 153.535934463 351.805586917 142.771647022 0.99609375
v 154.039662904 328.533710053 142.310642208 0.99609375
v 154.0245044 351.776417726 142.118158723 0.99609375
v 154.465739908 328.158737197 142.51883476 0.99609375
v 154.04346243 351.67591548 142.056871371 0.99609375
v 154.530259673 328.454024891 142.663681718 0.99609375
v 154.314531816 351.584372633 142.381287317 0.99609375
v 154.994553189 328.027548861 142.877867514 0.99609375
v 154.923636433 351.944595875 142.480304029 0.99609375
v 155.243318026 328.068905446 142.257624208 0.99609375
v 155.225002314 351.702619241 142.342735989 0.99609375
v 155.605145602 328.55546427 142.772749513 0.99609375
v 155.284021406 351.48512054 142.622555032 0.99609375
v 155.649869632 328.24702186 142.213483494 0.99609375
v 155.468286462 351.543358406 142.91747898 0.99609375
v 155.920080305 328.518303585 142.413063534 0.99609375
v 156.019527929 351.820930828 142.170437013 0.99609375
v 156.276082912 328.08440957 142.185875262 0.99609375
v 156.255099323 352.045467081 142.007106898 0.99609375
v 156.740170468 328.540218452 142.221890161 0.99609375
v 156.591794014 351.976561964 142.089826822 0.99609375
v 156.796946026 328.355532195 142.076741366 0.99609375
v 156.847527193 351.648205373 142.895485558 0.99609375
v 157.206847642 328.533461278 142.914888398 0.99609375
v 156.935038919 351.496450775 142.959355841 0.99609375
v 157.646519359 328.347878254 142.7521769 0.99609375
v 157.546427241 351.892359555 142.425492366 0.99609375
v 157.603869585 328.133051163 142.708352391 0.99609375
v 157.803939784 351.862351543 142.18971011 0.99609375
v 158.12296403 328.440225516 142.271083181 0.99609375
v 158.113075643 351.586422112 142.889896845 0.99609375
v 158.155354768 328.236510127 142.429219568 0.99609375
v 158.149353285 351.595120769 142.856270809 0.99609375
v 158.405961481 328.46198949 142.821022496 0.99609375
v 158.838604236 351.552989533 142.146228851 0.99609375
v 158.637760652 328.22799767 142.42147935 0.99609375
v 158.646536619 351.963090925 142.21329362 0.99609375
v 159.345492047 328.553064097 142.996028369 0.99609375
v 159.24446355 351.807621032 142.477104901 0.99609375
v 159.783279631 331.735848474 142.945442315 0.99609375
v 159.536879546 351.976246531 142.524589466 0.99609375
v 160.056935366 334.514755669 142.718511139 0.99609375
v 159.868980139 351.967623406 142.861094039 0.99609375
v 160.106234825 335.89527734 142.577040776 0.99609375
v 160.094489523 351.508235299 142.269245124 0.99609375
v 160.489293922 338.21277329 142.388223118 0.99609375
v 160.465522859 351.792030962 142.069333666 0.99609375
v 160.91789263 345.447405911 142.806082019 0.99609375
v 160.805524132 351.872696339 142.186290958 0.99609375
v 161.013021065 348.080125067 142.285172007 0.99609375
v 160.966881412 351.660807145 142.464278168 0.99609375
v 148.763438888 328.119248207 142.514202268 0.99609375
v 148.319539559 329.946913956 143.369964157 0.99609375
v 148.950882769 328.359877511 142.952967835 0.99609375
v 148.592633599 340.985455973 142.794060695 0.99609375
v 148.773757657 328.372700311 143.377473936 0.99609375
v 148.979001601 350.020992675 142.918323411 0.99609375
v 149.372088435 328.225859047 143.072304046 0.99609375
v 149.142858302 351.897442759 142.841850617 0.99609375
v 149.437149895 328.215367401 143.453485482 0.99609375
v 149.398740038 351.748450337 143.119800037 0.99609375
v 149.681953611 328.343832604 143.126586771 0.99609375
v 150.053480972 351.999315034 142.865066316 0.99609375
v 150.061244103 328.525571426 143.257388409 0.99609375
v 150.192901993 351.499146225 143.028931464 0.99609375
v 150.276748248 328.14699967 143.200334732 0.99609375
v 150.756317742 351.750703926 143.320712855 0.99609375
v 150.615132656 328.074094777 142.508448296 0.99609375
v 150.735948762 351.885806879 143.492670883 0.99609375
v 150.804789533 328.498938315 142.554622748 0.99609375
v 151.170263527 351.66558397 142.910368151 0.99609375
v 151.394891127 328.205957613 143.157382073 0.99609375
v 151.583124732 351.973510987 143.234492974 0.99609375
v 151.767313596 328.353598716 142.700076883 0.99609375
v 151.806652849 351.491277934 143.022602396 0.99609375
v 152.095998994 328.477822116 143.109079457 0.99609375
v 152.151457779 351.613722067 143.237391701 0.99609375
v 151.998706911 328.053387399 142.708611572 0.99609375
v 152.278702483 351.547161141 142.940705983 0.99609375
v 152.605452473 328.398574305 143.306575999 0.99609375
v 152.427078029 351.916548047 143.012746429 0.99609375
v 153.068165405 328.125264564 143.087792087 0.99609375
v 152.763829166 351.701137439 142.854897324 0.99609375
v 153.404174178 328.245333546 143.416432182 0.99609375
v 152.866575012 351.624570113 143.346641336 0.99609375
v 153.369085819 328.272368954 143.412690321 0.99609375
v 153.450935887 351.511657033 142.829778867 0.99609375
v 153.586066278 328.462087212 142.773948012 0.99609375
v 153.661221837 351.982441623 143.128447652 0.99609375
v 154.105922786 328.224061896 142.60180194 0.99609375
v 154.103163328 351.985712001 142.806023081 0.99609375
v 154.218420539 328.384020962 143.40679309 0.99609375
v 154.257139632 351.961648493 142.671447901 0.99609375
v 154.422716218 328.540132968 142.910498108 0.99609375
v 154.340686382 351.897342482 143.391906967 0.99609375
v 154.881023869 328.41711629 143.012264549 0.99609375
v 154.953659198 351.673795757 142.709487974 0.99609375
v 155.022864583 328.150819 143.002108643 0.99609375
v 154.873965926 351.857663383 142.695660618 0.99609375
v 155.445243326 328.257736594 142.826408927 0.99609375
v 155.66637859 351.826728907 142.779548392 0.99609375
v 155.573436878 328.195185406 142.581207926 0.99609375
v 155.634005045 351.738990851 142.537955346 0.99609375
v 155.769183979 328.367330664 143.106045365 0.99609375
v 155.940892261 352.045693777 142.921286689 0.99609375
v 156.379727341 328.468831765 143.07204482 0.99609375
v 156.548999962 351.634724248 142.642994704 0.99609375
v 156.822628183 328.098173726 143.25412884 0.99609375
v 156.738552722 351.818231652 143.10191978 0.99609375
v 157.096621194 328.305641848 142.802663001 0.99609375
v 156.942150028 351.839019774 142.797711373 0.99609375
v 156.995955875 328.441199459 143.295877837 0.99609375
v 157.214871811 351.708147883 143.021237892 0.99609375
v 157.501564903 328.559022341 142.763864736 0.99609375
v 157.688119685 351.798069911 143.109129319 0.99609375
v 157.588643443 328.190947388 142.562332267 0.99609375
v 157.863445064 351.963300532 143.32054708 0.99609375
v 157.88572799 328.395275567 143.423067895 0.99609375
v 158.290463578 352.014789964 143.010459317 0.99609375
v 158.433254618 328.385213833 143.20978434 0.99609375
v 158.281878604 351.656316 143.436267014 0.99609375
v 158.532147096 328.226734022 142.511044249 0.99609375
v 158.368691744 351.705061685 142.782393047 0.99609375
v 158.698332167 328.111322902 142.565378685 0.99609375
v 158.732682314 351.563763478 143.127377228 0.99609375
v 159.420255494 332.011617229 142.825325429 0.99609375
v 158.988790558 351.586608113 142.937247309 0.99609375
v 159.399764819 333.227071139 143.298303174 0.99609375
v 159.595956576 351.579333309 142.713016895 0.99609375
v 160.032976283 335.835489486 142.842586314 0.99609375
v 159.676455097 351.583286544 143.18442107 0.99609375
v 160.116476487 338.381421052 143.448336471 0.99609375
v 160.043112716 352.057618324 143.320488165 0.99609375
v 160.574384366 341.780576324 142.692404535 0.99609375
v 160.608872856 351.91434336 143.411076649 0.99609375
v 160.408192887 346.903561097 142.997993068 0.99609375
v 160.907141192 351.624493516 142.611957554 0.99609375
v 161.146861001 349.6894124 142.641746324 0.99609375
v 161.153240505 351.705799864 143.033699001 0.99609375
v 148.198823903 328.44780315 143.076066602 0.99609375
v 148.454472312 329.592975628 143.08577571 0.99609375
v 148.999478959 328.100254048 143.771938625 0.99609375
v 148.709000787 339.484991223 143.237220445 0.99609375
v 148.992519885 328.113555534 143.388990386 0.99609375
v 148.970238713 344.883040541 143.594658592 0.99609375
v 149.607147885 328.038460263 143.45323611 0.99609375
v 149.358868645 351.122941586 143.215088854 0.99609375
v 149.537148695 328.260321904 143.364886009 0.99609375
v 149.404816867 351.932639624 143.792072471 0.99609375
v 150.156566881 328.473457226 143.218446456 0.99609375
v 150.063253178 351.793072776 143.747733956 0.99609375
v 150.412733545 328.143629664 143.967160427 0.99609375
v 150.156050307 352.183893345 143.620804756 0.99609375
v 150.272751847 328.162005656 143.997425805 0.99609375
v 150.544129113 352.203888671 143.540789807 0.99609375
v 150.572053205 328.503427263 143.050455103 0.99609375
v 150.516371653 351.864125842 143.058551399 0.99609375
v 151.0930449 328.497028221 143.590341439 0.99609375
v 151.194197616 351.954101093 143.885262679 0.99609375
v 151.126090009 328.49577368 143.531396351 0.99609375
v 151.461158236 351.838435146 143.426929382 0.99609375
v 151.926454389 328.406078312 143.40307318 0.99609375
v 151.677163975 351.829509142 143.499950365 0.99609375
v 152.04834902 328.366952201 143.174171179 0.99609375
v 152.079674518 352.144031963 143.21333563 0.99609375
v 151.984255792 328.213712702 143.908002063 0.99609375
v 151.986049276 351.910268508 143.339865393 0.99609375
v 152.711033196 328.167449533 143.548795679 0.99609375
v 152.81352241 352.120172325 143.081983985 0.99609375
v 152.811114109 328.072612424 143.823491682 0.99609375
v 153.092786933 351.863053842 143.085343029 0.99609375
v 153.173102434 328.41490202 143.908767791 0.99609375
v 152.941176289 351.775941238 143.865989444 0.99609375
v 153.188199574 328.401577531 143.088878542 0.99609375
v 153.177474106 351.908451848 143.118140365 0.99609375
v 153.97401498 328.041843974 143.230526349 0.99609375
v 153.493801182 352.266974211 143.745712446 0.99609375
v 153.980810307 328.463994058 143.390670834 0.99609375
v 153.937805783 351.836135259 143.960157411 0.99609375
v 154.11615647 328.41921325 143.511859787 0.99609375
v 154.368469148 351.855225828 143.142377829 0.99609375
v 154.317274181 328.560464557 143.314332208 0.99609375
v 154.502008644 352.075308961 143.337161528 0.99609375
v 154.631735221 328.565746123 143.114532359 0.99609375
v 154.865270142 352.212716223 143.898011 0.99609375
v 155.122572643 328.156110944 143.608575886 0.99609375
v 155.392100644 352.302678326 143.392862596 0.99609375
v 155.683041461 328.213849047 143.815574999 0.99609375
v 155.287921783 351.835418931 143.691002288 0.99609375
v 155.824951844 328.134995021 143.900985139 0.99609375
v 155.814942821 351.991241586 143.079442559 0.99609375
v 156.276288324 328.391216655 143.812193732 0.99609375
v 155.783226144 352.179355583 143.11300121 0.99609375
v 156.327627987 328.066976455 143.876187581 0.99609375
v 156.573669939 352.288433998 143.850610423 0.99609375
v 156.492480288 328.069460831 143.25312754 0.99609375
v 156.603440351 352.237173935 143.582477197 0.99609375
v 156.894326511 328.229182893 143.268060082 0.99609375
v 156.657024651 351.91768728 143.380383111 0.99609375
v 157.459125354 328.041377138 143.65569921 0.99609375
v 157.219832736 352.013257446 143.888280943 0.99609375
v 157.680059985 328.188500504 143.27336546 0.99609375
v 157.612924363 351.844757003 143.713437717 0.99609375
v 157.794871343 328.277150795 143.712088819 0.99609375
v 157.547504707 351.946799277 143.040846229 0.99609375
v 158.215974194 328.369566976 143.732591889 0.99609375
v 158.19308115 352.307607004 143.744518409 0.99609375
v 158.118335073 328.540182423 143.857482158 0.99609375
v 158.592256087 352.267240481 143.045799719 0.99609375
v 158.496760428 328.138413541 143.020866179 0.99609375
v 158.472448101 351.843109116 143.893358276 0.99609375
v 158.82311501 330.3893068 143.104873905 0.99609375
v 159.012403708 352.294489761 143.211890052 0.99609375
v 159.11305801 332.24388594 143.020515776 0.99609375
v 159.145042903 351.782472809 143.965706703 0.99609375
v 159.277573761 335.823160878 143.75625552 0.99609375
v 159.73642745 352.335143597 143.762684805 0.99609375
v 159.823463869 337.65185316 143.698864505 0.99609375
v 159.761555697 352.087111786 143.197718599 0.99609375
v 160.345289431 341.845415263 143.547808795 0.99609375
v 160.171014832 351.858764607 143.783212331 0.99609375
v 160.298014054 346.094854699 143.825367249 0.99609375
v 160.618291334 351.928137636 143.800020093 0.99609375
v 160.687992963 348.516581433 143.898241719 0.99609375
v 160.692242157 351.853828444 143.589211411 0.99609375
v 160.83871458 351.220600076 143.288253419 0.99609375
v 160.810108352 352.029652264 143.91110394 0.99609375
v 148.708518743 328.494817584 144.429343132 0.99609375
v 148.373351894 328.979699762 143.632513311 0.99609375
v 148.989243135 328.490386978 143.624687294 0.99609375
v 148.48527935 340.298906435 143.556651843 0.99609375
v 149.215610902 327.994873686 144.216809817 0.99609375
v 149.061093424 345.714024645 143.743804003 0.99609375
v 149.357353237 328.129841407 143.735925063 0.99609375
v 149.352758234 350.828063711 143.876094333 0.99609375
v 149.619821649 328.422030174 143.95148224 0.99609375
v 149.885107901 351.821572475 143.553606519 0.99609375
v 149.870600383 328.522063674 143.730454935 0.99609375
v 150.028712204 352.183692156 144.074382862 0.99609375
v 149.987230925 328.085447875 143.65898601 0.99609375
v 150.311956822 351.773552032 143.695056103 0.99609375
v 150.510826696 328.263856118 144.454741534 0.99609375
v 150.528323701 351.896278798 143.896702637 0.99609375
v 150.825235381 328.408623059 144.389749003 0.99609375
v 150.864040576 351.856772465 144.04107801 0.99609375
v 150.838816252 328.451487418 143.609450463 0.99609375
v 151.034240564 351.882003917 144.151951489 0.99609375
v 151.121398368 328.173551114 143.903797079 0.99609375
v 151.367331556 351.985451306 143.585380019 0.99609375
v 151.681518309 328.161472608 144.486046135 0.99609375
v 151.732542557 352.316983742 143.576267137 0.99609375
v 152.204130371 328.405352965 144.371305207 0.99609375
v 151.707985139 352.265409186 144.067814306 0.99609375
v 151.961432049 328.360107644 143.851165448 0.99609375
v 152.477143813 352.105359025 143.763566291 0.99609375
v 152.667963556 328.442285387 144.001647424 0.99609375
v 152.529736206 351.791439299 143.936760257 0.99609375
v 153.056692924 328.41002011 144.055363099 0.99609375
v 152.773395711 352.22335255 144.396815383 0.99609375
v 152.882314344 328.006178993 143.681988022 0.99609375
v 153.368245843 351.924403739 143.651399446 0.99609375
v 153.358836207 328.546306407 144.221397985 0.99609375
v 153.677308826 352.290752636 143.903638661 0.99609375
v 153.683622217 328.414882647 144.010654416 0.99609375
v 153.527767432 352.057539144 144.383119563 0.99609375
v 153.757275101 328.418201061 143.774498593 0.99609375
v 153.802650145 352.273302875 144.431596337 0.99609375
v 154.147530839 328.329910337 143.687861954 0.99609375
v 154.012969695 351.969481171 143.530791482 0.99609375
v 154.522217395 328.393818622 143.963142397 0.99609375
v 154.386927508 352.276181023 143.815836363 0.99609375
v 155.085213409 328.05227786 143.978550881 0.99609375
v 154.633683909 351.819264391 143.836455908 0.99609375
v 155.298473993 328.080421464 144.195442247 0.99609375
v 155.334578824 351.883960693 144.350242378 0.99609375
v 155.289385514 328.525555132 143.957115653 0.99609375
v 155.525797848 352.327304462 143.724600831 0.99609375
v 155.950154972 328.276990324 144.453940363 0.99609375
v 155.894838219 352.29592986 144.460343584 0.99609375
v 156.077468682 328.282732293 143.963182389 0.99609375
v 155.756621752 352.244364883 143.614154706 0.99609375
v 156.373751606 328.154690078 143.605436417 0.99609375
v 156.585279153 352.045439329 144.137293932 0.99609375
v 156.787183715 328.496980296 144.410121053 0.99609375
v 156.562413076 351.774137197 143.513995641 0.99609375
v 156.885174176 328.038160181 144.431518622 0.99609375
v 157.167220788 352.154833148 143.536309244 0.99609375
v 157.226106982 328.445023419 144.144803482 0.99609375
v 156.904031465 352.303695176 143.537393741 0.99609375
v 157.34064097 328.170658398 143.971024808 0.99609375
v 157.410191199 351.870953699 144.239429526 0.99609375
v 157.906596687 328.104522484 143.788390523 0.99609375
v 157.616353751 351.865273396 144.237717454 0.99609375
v 158.098494817 328.463795269 143.657863609 0.99609375
v 157.943243899 352.239387803 144.230150845 0.99609375
v 158.127476324 328.520047363 143.583010071 0.99609375
v 158.502925572 352.249473043 143.761800729 0.99609375
v 158.591129608 328.221174068 143.888648497 0.99609375
v 158.834168857 352.017882961 144.316747846 0.99609375
v 159.00171404 331.1289346 144.298986401 0.99609375
v 158.80378681 351.933292166 144.140683202 0.99609375
v 158.974166974 334.960031269 144.235779007 0.99609375
v 159.113494735 351.942248959 144.455050102 0.99609375
v 159.383713006 337.420899003 143.71875164 0.99609375
v 159.324676542 352.058372961 143.808100938 0.99609375
v 159.973071563 339.434869581 143.719728306 0.99609375
v 160.063822429 352.044010583 144.000124299 0.99609375
v 160.124432588 345.161903547 144.325875226 0.99609375
v 160.154382439 352.291616538 143.884486046 0.99609375
v 160.416167185 347.695302193 144.25242867 0.99609375
v 160.150400166 352.000046697 143.973775054 0.99609375
v 160.585353479 350.227658681 143.527258309 0.99609375
v 160.829359001 352.285634213 144.153336471 0.99609375
v 148.866777098 328.303485442 144.821587583 0.99609375
v 149.006029351 342.155854006 144.793832419 0.99609375
v 149.232626935 328.810123799 144.556653794 0.99609375
v 149.331738641 347.426896222 144.863404777 0.99609375
v 149.416787233 328.458365747 144.600938516 0.99609375
v 149.154614581 351.585033079 144.227505056 0.99609375
v 149.716135891 328.364227203 144.555734844 0.99609375
v 149.450053926 352.317969369 144.712580176 0.99609375
v 150.048536295 328.853008393 144.735891785 0.99609375
v 149.805617405 352.120521411 144.945267099 0.99609375
v 149.964512554 328.349693415 144.271986762 0.99609375
v 150.052982354 352.472276172 144.187398323 0.99609375
v 150.33389966 328.463911607 144.521393286 0.99609375
v 150.467845922 352.372878048 144.678529705 0.99609375
v 150.698944871 328.704209689 144.73803131 0.99609375
v 150.868067067 352.422902859 144.872541621 0.99609375
v 151.130580229 328.408145242 144.42425522 0.99609375
v 151.10265643 352.210940537 144.151868798 0.99609375
v 151.545408565 328.730705238 144.850744678 0.99609375
v 151.297048258 352.084284215 144.139817911 0.99609375
v 151.506729246 328.804361485 144.879056619 0.99609375
v 151.814257414 352.443367935 144.789638947 0.99609375
v 151.870392369 328.640219764 144.267904819 0.99609375
v 152.238506248 352.550617577 144.852432493 0.99609375
v 151.979151269 328.573364152 144.964336672 0.99609375
v 152.215008712 352.176996597 144.757258935 0.99609375
v 152.784289056 328.548295349 144.307862657 0.99609375
v 152.306054882 352.565887009 144.499670554 0.99609375
v 153.066756361 328.729053475 144.065959124 0.99609375
v 153.099137334 352.603276571 144.960006635 0.99609375
v 152.970964575 328.379856936 144.528829064 0.99609375
v 153.162834373 352.062963682 144.231626392 0.99609375
v 153.633239673 328.537505247 144.42804216 0.99609375
v 153.220808917 352.371928618 144.336948096 0.99609375
v 153.83668435 328.582717207 144.698041638 0.99609375
v 153.522590989 352.202094271 144.957015153 0.99609375
v 153.883096819 328.29227985 144.165980961 0.99609375
v 153.712201382 352.357753817 144.585093928 0.99609375
v 154.05503768 328.412394723 144.077466807 0.99609375
v 154.407921983 352.323735487 144.762161599 0.99609375
v 154.632145362 328.707578498 144.476184231 0.99609375
v 154.613633853 352.115104102 144.961127133 0.99609375
v 154.829225764 328.40593731 144.226191097 0.99609375
v 154.698041071 352.081673151 144.595152808 0.99609375
v 155.197318264 328.50595968 144.510346134 0.99609375
v 155.00643493 352.150209434 144.031154136 0.99609375
v 155.665383506 328.356630371 144.150462254 0.99609375
v 155.715774158 352.599588624 144.097630028 0.99609375
v 155.826516157 328.560946066 144.805149092 0.99609375
v 155.888473208 352.272541776 144.144374853 0.99609375
v 156.28298625 328.85578461 144.745314106 0.99609375
v 156.015750149 352.414813971 144.280308665 0.99609375
v 156.52198532 328.768643676 144.970490399 0.99609375
v 156.161058061 352.148369117 144.074024179 0.99609375
v 156.790447735 328.474640815 144.501663927 0.99609375
v 156.36292247 352.13228502 144.115311696 0.99609375
v 156.641642242 328.788377338 144.937457807 0.99609375
v 157.041958588 352.219843769 144.761924854 0.99609375
v 156.954071503 328.380917088 144.166539403 0.99609375
v 156.992270115 352.429229516 144.180996878 0.99609375
v 157.518941739 328.385801733 144.046796554 0.99609375
v 157.295022912 352.523443181 144.102628015 0.99609375
v 157.870212257 328.844188947 144.70538087 0.99609375
v 157.977146504 352.529782397 144.363401728 0.99609375
v 158.203362966 328.574837109 144.871301676 0.99609375
v 158.012764641 352.340196898 144.307366882 0.99609375
v 158.603756551 328.760900059 144.090086315 0.99609375
v 158.471131967 352.551023706 144.881349291 0.99609375
v 158.586027084 328.756294815 144.27256331 0.99609375
v 158.802534762 352.552655599 144.125138163 0.99609375
v 158.963094873 331.979371373 144.732731478 0.99609375
v 159.103132512 352.121248663 144.368206225 0.99609375
v 159.344926116 334.374096367 144.26553587 0.99609375
v 159.439183489 352.622649572 144.173607595 0.99609375
v 159.471409528 336.721836119 144.306043068 0.99609375
v 159.419174923 352.197726231 144.67564081 0.99609375
v 159.770160735 339.358398254 144.165979045 0.99609375
v 159.535427802 352.540890463 144.374824396 0.99609375
v 160.170337776 345.526875629 144.744850514 0.99609375
v 160.202448967 352.217838515 144.738328079 0.99609375
v 160.195651718 348.772422096 144.468355835 0.99609375
v 160.63357529 352.427852219 144.229296132 0.99609375
v 160.42206578 352.312928756 144.092369077 0.99609375
v 148.632504906 337.619041206 145.012728944 0.99609375
v 148.315536481 341.778593908 145.422448423 0.99609375
v 148.980491111 335.392282782 145.118217395 0.99609375
v 148.733077841 346.634968047 145.008805794 0.99609375
v 149.278157839 328.768616893 145.210994718 0.99609375
v 149.34554176 350.756235095 144.652069624 0.99609375
v 149.173714829 328.644803095 145.414940355 0.99609375
v 149.120634255 352.313538904 144.854981241 0.99609375
v 149.495612337 328.461363879 144.977319466 0.99609375
v 149.759231969 352.900000173 145.096410707 0.99609375
v 149.907280001 328.574202287 144.573435224 0.99609375
v 149.866860987 352.450197635 145.201054924 0.99609375
v 150.342034775 328.606813904 144.77542135 0.99609375
v 150.226149952 352.462242885 145.324380445 0.99609375
v 150.562024253 328.662533994 145.36520193 0.99609375
v 150.305390133 352.71152223 145.071300714 0.99609375
v 150.640840445 328.319652872 145.263297065 0.99609375
v 150.535085711 352.483574303 145.455041363 0.99609375
v 150.870585228 328.376748906 144.687459818 0.99609375
v 150.907667128 352.496163661 145.220428041 0.99609375
v 151.338944296 328.828187444 145.200689998 0.99609375
v 151.103187938 352.390539851 145.009728974 0.99609375
v 151.76591501 328.56264858 144.531656631 0.99609375
v 151.468823062 352.473563972 144.604727198 0.99609375
v 151.676996912 328.708709699 145.045876968 0.99609375
v 152.132409576 352.438725228 145.18894678 0.99609375
v 152.378711681 328.624438279 145.063072014 0.99609375
v 152.291606161 352.508262314 144.55461049 0.99609375
v 152.717960347 328.692881348 144.664096006 0.99609375
v 152.64860427 352.687761619 144.728135629 0.99609375
v 152.878165707 328.54667732 144.973296428 0.99609375
v 152.582823099 352.549665099 145.214752583 0.99609375
v 153.389039294 328.752017225 145.27884142 0.99609375
v 152.905006108 352.788557964 145.483456231 0.99609375
v 153.265116704 328.471202371 144.896030029 0.99609375
v 153.424789855 352.64146104 144.647739742 0.99609375
v 153.624669462 328.560029416 144.934482213 0.99609375
v 153.714051525 352.493535879 145.146096293 0.99609375
v 154.098834372 328.418085817 145.238724783 0.99609375
v 154.148814597 352.529017087 144.575342586 0.99609375
v 154.215776831 328.310641951 144.876724035 0.99609375
v 154.161948108 352.92088998 145.41430337 0.99609375
v 154.627378123 328.574507602 145.147847909 0.99609375
v 154.742840375 352.425747191 145.322468248 0.99609375
v 154.992485145 328.309556021 144.55071243 0.99609375
v 154.886070929 352.778240068 145.238412274 0.99609375
v 155.194328578 328.305422494 145.014990475 0.99609375
v 155.175005732 352.402322951 144.997367708 0.99609375
v 155.473207919 328.408700724 144.808747388 0.99609375
v 155.391336708 352.90875884 144.616180779 0.99609375
v 155.594606554 328.304329226 144.551500094 0.99609375
v 155.72479677 352.650851484 145.238569306 0.99609375
v 155.858105523 328.501113211 144.67143155 0.99609375
v 156.082318862 352.691999301 144.582044161 0.99609375
v 156.30651301 328.72436674 144.659969371 0.99609375
v 156.580278553 352.86324358 145.301521894 0.99609375
v 156.646123385 328.544944975 145.282262783 0.99609375
v 156.355397253 352.697789695 145.025789848 0.99609375
v 156.86255788 328.54343869 145.484261959 0.99609375
v 156.931481641 352.895378846 144.562673262 0.99609375
v 157.423812983 328.64402456 145.311851204 0.99609375
v 157.429907352 352.434304302 144.679373672 0.99609375
v 157.349477808 328.555820731 145.400778471 0.99609375
v 157.423717102 352.656143962 145.27673572 0.99609375
v 157.772152937 328.646172742 145.384048892 0.99609375
v 157.700701195 352.758338437 145.232570771 0.99609375
v 158.220984056 328.757265144 144.851620042 0.99609375
v 158.274237413 352.575513044 145.188963311 0.99609375
v 158.592675849 328.756283005 145.221081445 0.99609375
v 158.191846879 352.573732937 144.876473894 0.99609375
v 158.364555305 328.56701544 145.171029361 0.99609375
v 158.75139223 352.530084362 145.357596071 0.99609375
v 158.791257635 331.240774208 145.069622143 0.99609375
v 159.199372036 352.423493905 144.747460819 0.99609375
v 158.999645516 333.026767811 144.666901887 0.99609375
v 159.000162376 352.357738632 144.820885332 0.99609375
v 159.218308796 335.076871839 144.999308318 0.99609375
v 159.55068401 352.730586973 144.641621591 0.99609375
v 159.813228341 336.55473151 145.2183994 0.99609375
v 159.745724582 352.593936091 145.362759371 0.99609375
v 159.865942995 347.221669668 145.167954958 0.99609375
v 159.880927979 352.493976891 144.595523815 0.99609375
v 160.442633009 352.077065457 145.458531926 0.99609375
v 160.810361526 352.815197868 144.882923342 0.99609375
v 148.158657093 339.185283665 145.758488024 0.99609375
v 148.189757519 341.610513879 145.042023322 0.99609375
v 148.261261744 337.523861094 145.506346908 0.99609375
v 148.40562116 346.659714803 145.16837099 0.99609375
v 148.737528654 336.642456628 145.205794777 0.99609375
v 149.042520733 351.18041344 145.874611623 0.99609375
v 149.110031004 335.478835909 145.043064854 0.99609375
v 149.20378224 351.810938795 145.757312672 0.99609375
v 149.622639326 333.592495403 145.85643338 0.99609375
v 149.162232031 352.683802462 145.306427016 0.99609375
v 149.861161488 331.992118557 145.601704911 0.99609375
v 149.571854153 352.645463591 145.318925404 0.99609375
v 150.200887984 331.068942003 145.680567791 0.99609375
v 150.113636334 352.557019032 145.209237671 0.99609375
v 150.051808715 330.341116552 145.885039847 0.99609375
v 150.050766296 352.41113921 145.050928 0.99609375
v 150.314932117 329.788310762 145.264650903 0.99609375
v 150.268994181 352.384746997 145.185385824 0.99609375
v 151.068850225 329.829169258 145.665675723 0.99609375
v 150.910017516 352.749977891 145.318791341 0.99609375
v 150.805728584 329.732627296 145.970706743 0.99609375
v 150.888269993 352.385043582 145.117570761 0.99609375
v 151.326537176 330.006280177 145.169471723 0.99609375
v 151.358839265 352.525050375 145.699105625 0.99609375
v 151.45001158 329.902125218 145.454801405 0.99609375
v 151.838185687 352.415686827 145.548257985 0.99609375
v 151.812256959 329.506196487 145.591131429 0.99609375
v 151.814768134 352.924096977 145.878234605 0.99609375
v 151.995945643 329.652810431 145.290646996 0.99609375
v 152.127827196 352.411496141 145.033676407 0.99609375
v 152.375840546 329.85921596 145.627405407 0.99609375
v 152.73811795 352.419687275 145.074208949 0.99609375
v 152.614812334 329.569836262 145.359005864 0.99609375
v 152.824703727 352.407098169 145.483141676 0.99609375
v 153.190215233 329.535513908 145.782896365 0.99609375
v 153.33150338 352.850015011 145.752812447 0.99609375
v 153.505630684 329.463601202 145.181248682 0.99609375
v 153.594732358 352.708082498 145.639933761 0.99609375
v 153.871909328 329.843103901 145.414109583 0.99609375
v 153.754088426 352.398464407 145.161634627 0.99609375
v 153.928545814 329.526970027 145.293841103 0.99609375
v 153.866854507 352.798357761 145.30885858 0.99609375
v 154.093505409 329.816299908 145.024528299 0.99609375
v 154.110032026 352.820396019 145.937654339 0.99609375
v 154.37694893 329.781733276 145.698034262 0.99609375
v 154.78558862 352.503806649 145.378819004 0.99609375
v 154.952649034 329.927317429 145.061172996 0.99609375
v 154.865827525 352.807283695 145.021601442 0.99609375
v 154.937609525 329.942626968 145.897777781 0.99609375
v 154.892275039 352.424768216 145.080605876 0.99609375
v 155.56095275 329.930796104 145.017745688 0.99609375
v 155.447599488 352.791530251 145.036152948 0.99609375
v 155.773766569 330.003675339 145.571364547 0.99609375
v 155.741262172 352.830479185 145.465456946 0.99609375
v 155.8241988 329.437101729 145.115170647 0.99609375
v 155.802327027 352.843035226 145.986819726 0.99609375
v 156.291385626 329.520979351 145.422113849 0.99609375
v 156.191036266 352.624409324 145.498854833 0.99609375
v 156.772629953 329.450276378 145.976193319 0.99609375
v 156.650719892 352.80772417 145.40129959 0.99609375
v 156.836480906 329.839871124 145.244785326 0.99609375
v 157.099310704 352.505655472 145.310776209 0.99609375
v 157.20492043 330.052650749 145.935136706 0.99609375
v 157.094435335 352.404428285 145.116738478 0.99609375
v 157.377476422 330.486506182 145.344316402 0.99609375
v 157.214847398 352.842548127 145.197531893 0.99609375
v 157.755140709 331.018798042 145.803238729 0.99609375
v 157.964546817 352.778346824 145.078344868 0.99609375
v 157.893693255 331.439083349 145.034658531 0.99609375
v 158.201655577 352.837171842 145.607885177 0.99609375
v 158.204876429 331.471591241 145.637471431 0.99609375
v 158.324088438 352.416250781 145.68247665 0.99609375
v 158.65478413 332.300953679 145.339544011 0.99609375
v 158.571734392 352.704624022 145.879320244 0.99609375
v 158.983106123 332.934827035 145.7899071 0.99609375
v 158.817559748 352.374403596 145.634087399 0.99609375
v 159.288926512 333.441366208 145.362911074 0.99609375
v 158.959419919 352.536678992 145.466894602 0.99609375
v 159.639289618 333.551731019 145.628798809 0.99609375
v 159.491848651 352.510871698 145.978685039 0.99609375
v 159.516541676 334.391126111 145.382582254 0.99609375
v 159.972458294 352.499269915 145.49040604 0.99609375
v 160.016723419 335.869865806 145.024858653 0.99609375
v 160.039731951 352.674225724 145.047532957 0.99609375
v 160.163035437 337.60424549 145.751022369 0.99609375
v 160.340933319 338.230395542 145.083802234 0.99609375
v 147.957196719 340.281519353 146.191699543 0.99609375
v 147.825015807 341.563922064 145.839072728 0.99609375
v 148.218960624 337.880459965 146.360902469 0.99609375
v 148.269783171 347.581314591 145.756062375 0.99609375
v 148.354741389 337.812269998 145.947714577 0.99609375
v 148.467325647 351.298619691 146.3781535 0.99609375
v 148.824229569 336.74887303 146.147197927 0.99609375
v 148.890109381 352.013050764 145.681835158 0.99609375
v 149.00484637 336.18664929 146.28855726 0.99609375
v 149.228428097 353.01718392 145.526545724 0.99609375
v 149.066299343 336.359822754 146.034718222 0.99609375
v 149.136426659 352.863999118 145.666250003 0.99609375
v 149.85758009 335.593260492 146.41138007 0.99609375
v 149.92137327 353.161689779 146.477418085 0.99609375
v 150.032607091 334.864009707 145.912043935 0.99609375
v 149.75853894 353.040832055 145.791976576 0.99609375
v 150.21988748 334.577420075 145.872829954 0.99609375
v 150.084919478 352.672850609 145.843492419 0.99609375
v 150.506609245 333.883776014 145.506068317 0.99609375
v 150.481870588 352.734584494 145.525739982 0.99609375
v 150.694377623 333.363923082 145.521136352 0.99609375
v 150.555803402 353.080332933 146.34158948 0.99609375
v 151.267614218 333.152629636 145.917889525 0.99609375
v 151.030080022 352.83330029 146.44309326 0.99609375
v 151.326260382 333.071266215 145.829216416 0.99609375
v 151.241456497 352.812106893 146.04958649 0.99609375
v 151.874798712 333.106040838 146.088310967 0.99609375
v 151.495707207 353.168208618 146.196476968 0.99609375
v 152.028064936 332.944909395 145.857894298 0.99609375
v 151.887855564 353.12483236 146.232825454 0.99609375
v 152.371431159 333.04916473 146.029476896 0.99609375
v 152.422408424 352.981813536 145.957460595 0.99609375
v 152.41917143 333.028122074 145.803625654 0.99609375
v 152.781699464 353.159602446 146.299634104 0.99609375
v 152.927543332 333.015994842 145.724855311 0.99609375
v 152.778387061 352.885479752 146.239702271 0.99609375
v 153.083807937 332.746474391 146.17845484 0.99609375
v 153.163513448 353.048464047 146.275057733 0.99609375
v 153.578954213 333.147048055 145.770820025 0.99609375
v 153.557381971 352.688427223 146.023046383 0.99609375
v 153.778878205 332.689434525 145.648034302 0.99609375
v 153.835938827 352.716401439 146.417866566 0.99609375
v 154.177149976 332.968384441 146.131943342 0.99609375
v 154.257568836 352.8352898 145.612498229 0.99609375
v 154.327780938 332.857692027 145.62125257 0.99609375
v 154.421449276 352.952427355 146.47248897 0.99609375
v 154.336146414 332.967693008 146.016031211 0.99609375
v 154.322432084 352.874528926 146.413666619 0.99609375
v 154.606824029 333.016427519 145.582960319 0.99609375
v 154.914906984 352.664525898 145.526031111 0.99609375
v 154.942405532 332.680076512 146.126347643 0.99609375
v 155.323204579 352.688918341 145.710570337 0.99609375
v 155.547328289 333.01773323 145.877385635 0.99609375
v 155.419510934 352.849918849 146.079895752 0.99609375
v 155.4675996 333.097985464 146.115864598 0.99609375
v 155.918897616 353.120367634 146.144241157 0.99609375
v 155.946766381 333.155090541 146.125016125 0.99609375
v 156.025761386 352.746048889 146.033965957 0.99609375
v 156.449195415 332.822159943 146.114282077 0.99609375
v 156.419685618 353.017648719 146.344015931 0.99609375
v 156.327034451 332.892175841 145.514116213 0.99609375
v 156.641574869 352.685666391 145.58517386 0.99609375
v 156.904783454 332.841477339 145.625098484 0.99609375
v 156.877536306 352.868371533 146.275306628 0.99609375
v 157.021863144 332.978275348 146.032494063 0.99609375
v 157.369156923 352.703502266 146.293960005 0.99609375
v 157.296490998 332.99130419 146.012949153 0.99609375
v 157.231915281 353.193854629 146.41401837 0.99609375
v 157.950973207 333.52622972 146.287677267 0.99609375
v 157.857284564 352.675329331 146.471848353 0.99609375
v 158.171060259 333.542691954 145.756269792 0.99609375
v 157.799654705 352.860165489 146.047029209 0.99609375
v 158.210861235 334.193345616 145.790789539 0.99609375
v 158.06193429 352.910005785 145.758048662 0.99609375
v 158.908962346 334.506862811 145.872429851 0.99609375
v 158.751954579 352.723577672 145.782444649 0.99609375
v 158.722250168 334.426271332 146.370801117 0.99609375
v 159.071685179 352.689330946 145.941019982 0.99609375
v 158.967687377 334.968323956 145.500342891 0.99609375
v 159.01542099 352.66050538 146.31129166 0.99609375
v 159.446085005 335.430987397 145.954887824 0.99609375
v 159.451126079 352.871496562 145.569707172 0.99609375
v 159.704377732 335.618950769 145.989502637 0.99609375
v 159.854451474 352.85953111 146.022122915 0.99609375
v 159.913166601 335.901935199 146.48974506 0.99609375
v 160.366057249 353.14479433 146.325339421 0.99609375
v 160.461941393 336.548356871 145.88680602 0.99609375
v 160.491313609 340.071961262 146.422813642 0.99609375
v 160.611309941 338.864056531 145.608002839 0.99609375
v 148.173202837 339.011111265 146.698438714 0.99609375
v 147.95462332 347.330240452 146.976719412 0.99609375
v 148.395230751 338.653226201 146.807850231 0.99609375
v 148.452116311 351.211333019 146.809220005 0.99609375
v 148.333432225 338.368582835 146.824059361 0.99609375
v 148.585534425 351.752118198 146.205058291 0.99609375
v 148.881623653 337.380948475 146.430884281 0.99609375
v 148.907284733 353.320859407 146.200193918 0.99609375
v 148.964869789 337.549551806 146.465349159 0.99609375
v 149.118460487 353.403855471 146.532289916 0.99609375
v 149.270041571 337.051945161 146.549870871 0.99609375
v 149.398348191 353.412288199 146.774951641 0.99609375
v 149.611758621 336.816069413 146.410705546 0.99609375
v 149.385930035 353.008212587 146.113070991 0.99609375
v 150.204971843 336.424104628 146.487825802 0.99609375
v 149.728089545 353.500883488 146.92646212 0.99609375
v 150.15855477 336.128724259 146.483702915 0.99609375
v 150.398489815 353.423967143 146.114428985 0.99609375
v 150.632062864 335.943026302 146.06811957 0.99609375
v 150.542315281 353.187917186 146.623798494 0.99609375
v 150.726418396 335.648391853 146.140449816 0.99609375
v 150.697269556 353.043130002 146.405083854 0.99609375
v 151.133878291 335.705604783 146.472672002 0.99609375
v 151.264567706 353.127802023 146.300265355 0.99609375
v 151.535305987 335.545649207 146.151489226 0.99609375
v 151.555841523 353.164870731 146.869995976 0.99609375
v 151.54900673 335.497097213 146.183637976 0.99609375
v 151.594249892 353.039759883 146.541361922 0.99609375
v 152.224557584 335.474808921 146.472432081 0.99609375
v 151.919986324 353.317793938 146.73673158 0.99609375
v 152.031616999 335.209053089 146.156502498 0.99609375
v 152.099983344 353.112158792 146.79113362 0.99609375
v 152.496221024 335.348925502 146.92029196 0.99609375
v 152.735498847 353.311773879 146.020628705 0.99609375
v 152.869055767 335.104216862 146.609843779 0.99609375
v 152.898988913 353.492525307 146.861170938 0.99609375
v 153.073272332 335.247231063 146.861152947 0.99609375
v 153.109748717 353.053485557 146.777729473 0.99609375
v 153.547899666 335.113665613 146.726030348 0.99609375
v 153.345287417 353.049790902 146.635975137 0.99609375
v 153.583458153 335.396286594 146.159458182 0.99609375
v 153.852431306 353.504179579 146.115263371 0.99609375
v 153.960327916 334.791554769 146.293448156 0.99609375
v 153.990541837 353.434358697 146.400640878 0.99609375
v 154.413164701 335.124720519 146.732422686 0.99609375
v 153.992156413 353.101836335 146.198455695 0.99609375
v 154.517875082 334.794319367 146.511548974 0.99609375
v 154.75024631 353.452301818 146.949303143 0.99609375
v 154.666777652 334.833212234 146.074000674 0.99609375
v 154.668433787 352.954260234 146.166391758 0.99609375
v 155.180737283 334.93798204 146.388941694 0.99609375
v 154.912272105 353.297868985 146.682551678 0.99609375
v 155.183579408 335.185051119 146.416419208 0.99609375
v 155.170951181 353.219111171 146.374144393 0.99609375
v 155.578529226 335.144696128 146.48108417 0.99609375
v 155.480657697 353.076522426 146.427409762 0.99609375
v 155.804205045 335.114245482 146.968471959 0.99609375
v 156.074685955 353.220132653 146.182484971 0.99609375
v 156.088428359 335.262406069 146.962178036 0.99609375
v 156.169635658 353.436587045 146.806754849 0.99609375
v 156.824279543 335.293763546 146.579364505 0.99609375
v 156.324694606 353.270178869 146.89533246 0.99609375
v 156.658618694 335.153696812 146.237863775 0.99609375
v 156.726538656 353.181398398 146.959381399 0.99609375
v 157.08856793 335.104683154 146.576621968 0.99609375
v 157.311528584 353.077255236 146.216263259 0.99609375
v 157.297753595 335.775376175 146.760317053 0.99609375
v 157.228622364 353.194991001 146.974348721 0.99609375
v 157.670765333 335.813621143 146.71676363 0.99609375
v 158.008319647 353.309746103 146.173300601 0.99609375
v 157.952610417 335.306269949 146.02861846 0.99609375
v 158.187482549 353.3834961 146.354560341 0.99609375
v 158.581942641 335.553806316 146.624221694 0.99609375
v 158.577787624 353.423274208 146.976872903 0.99609375
v 158.389554905 335.997721852 146.740676258 0.99609375
v 158.782860719 353.011240352 146.884063545 0.99609375
v 158.946732387 336.050758111 146.739977377 0.99609375
v 158.902858662 353.389292062 146.985129308 0.99609375
v 159.108978727 336.524717825 146.92513941 0.99609375
v 159.034690666 352.983455982 146.271897044 0.99609375
v 159.519533506 336.392450957 146.298489296 0.99609375
v 159.630984696 353.341865588 146.302062621 0.99609375
v 159.595598029 336.909711671 146.648244525 0.99609375
v 159.681494826 353.488177022 146.035077774 0.99609375
v 159.964178382 336.751054872 146.624117207 0.99609375
v 160.073615346 343.416769644 146.648520504 0.99609375
v 160.119894825 337.003738892 146.582613733 0.99609375
v 160.389413501 341.31429703 146.096469273 0.99609375
v 160.922888263 337.303944434 146.991783192 0.99609375
v 160.63957311 340.055369654 146.216014181 0.99609375
v 147.736351048 339.898320907 147.177566893 0.99609375
v 147.785190627 350.622819792 147.294228328 0.99609375
v 148.004309487 339.020094102 146.554092877 0.99609375
v 148.067843227 351.636050445 147.192942379 0.99609375
v 148.318744486 338.959689273 147.289238589 0.99609375
v 148.452465882 353.503789724 147.075593238 0.99609375
v 148.908665625 338.322834074 147.194031029 0.99609375
v 148.599019371 353.130892979 147.328502691 0.99609375
v 149.027416892 338.054376286 146.862731156 0.99609375
v 149.199346634 353.069828735 146.762404884 0.99609375
v 149.368421799 337.933662835 146.918488044 0.99609375
v 149.534552157 352.998448815 146.504570406 0.99609375
v 149.833302017 337.352688081 146.634486394 0.99609375
v 149.41324414 353.252298239 146.932332829 0.99609375
v 149.715448967 337.445129188 146.882818833 0.99609375
v 150.202942381 353.502312913 147.025174806 0.99609375
v 150.387119083 337.526581599 146.582951021 0.99609375
v 150.09069548 353.314113869 146.913585495 0.99609375
v 150.49447212 337.416052908 146.630239605 0.99609375
v 150.760899711 353.296277922 146.99374332 0.99609375
v 150.630889521 337.229252644 146.868294579 0.99609375
v 150.793329256 353.340507687 147.38828372 0.99609375
v 151.347012156 336.752160834 146.707190969 0.99609375
v 151.070293064 353.222280377 147.224961851 0.99609375
v 151.277241718 337.117358944 147.39786934 0.99609375
v 151.183851768 353.428690329 146.690981813 0.99609375
v 151.763543747 337.071624284 147.385576651 0.99609375
v 151.478633716 353.48247275 147.161210023 0.99609375
v 151.73829942 336.858085286 146.717090557 0.99609375
v 151.795322405 353.208660287 146.818184191 0.99609375
v 152.237000904 336.724911212 146.702032295 0.99609375
v 152.039931688 353.257998104 146.908348342 0.99609375
v 152.559258193 337.056412283 147.392374466 0.99609375
v 152.418362821 353.338093807 146.593723999 0.99609375
v 152.728481419 336.931751141 146.568481135 0.99609375
v 152.671014089 353.161244935 146.618844564 0.99609375
v 152.865489267 336.709486869 147.428025556 0.99609375
v 153.022903136 353.379010664 147.446462274 0.99609375
v 153.58700091 336.875313504 147.336616771 0.99609375
v 153.608695346 353.341924073 147.278359388 0.99609375
v 153.528009098 336.718773859 147.378089503 0.99609375
v 153.979180942 353.348189994 146.890078864 0.99609375
v 154.23650128 336.757240962 147.341430828 0.99609375
v 153.853906734 353.100311191 146.61693437 0.99609375
v 154.490284341 336.726729922 146.795125723 0.99609375
v 154.44699349 353.043820533 147.182776647 0.99609375
v 154.383994483 336.816549647 147.371043428 0.99609375
v 154.344917341 353.342313974 146.813373344 0.99609375
v 154.76066068 336.492396425 146.544165941 0.99609375
v 154.633925307 353.235739907 146.775987379 0.99609375
v 154.92989832 336.300458535 147.067242145 0.99609375
v 155.123177316 353.152955121 146.775123999 0.99609375
v 155.624818255 336.152459531 146.655298114 0.99609375
v 155.623768207 353.465393936 147.307889642 0.99609375
v 155.534330252 336.596440614 146.911886534 0.99609375
v 155.763136624 353.394890477 146.813910336 0.99609375
v 155.906341571 336.489268923 147.163222915 0.99609375
v 155.946722637 353.43733144 146.986299766 0.99609375
v 156.579786163 336.490344219 146.587227469 0.99609375
v 156.291544061 353.067577369 147.074646159 0.99609375
v 156.343403464 336.848836221 147.086351797 0.99609375
v 156.592031145 353.225873191 146.883806599 0.99609375
v 156.616519589 336.696759631 147.248358449 0.99609375
v 156.882115389 352.943541186 146.569707291 0.99609375
v 157.358815133 336.665018997 147.116006453 0.99609375
v 157.280131131 353.137849522 146.535510529 0.99609375
v 157.277925734 336.687542424 146.931024272 0.99609375
v 157.757528973 352.945973646 147.205652079 0.99609375
v 157.771835331 336.784407472 147.314491023 0.99609375
v 157.699639887 353.490904245 146.701773691 0.99609375
v 158.23649418 336.811609437 146.609500658 0.99609375
v 158.123517815 352.975472698 147.003641785 0.99609375
v 158.099892159 336.845878131 146.528816608 0.99609375
v 158.05586421 353.414618692 147.2990336 0.99609375
v 158.612115065 337.207552105 147.449639996 0.99609375
v 158.768341402 353.160585302 146.511267974 0.99609375
v 159.090556064 337.224260331 146.809389963 0.99609375
v 159.165542443 353.132993101 146.695179426 0.99609375
v 159.230524515 337.298564537 147.14691649 0.99609375
v 159.406386571 352.962299275 146.632024135 0.99609375
v 159.43990822 337.332749419 147.017179499 0.99609375
v 159.219941979 352.98773052 147.075953814 0.99609375
v 159.874041122 337.738385062 146.999358294 0.99609375
v 159.817578101 346.556486448 147.213793698 0.99609375
v 159.820579569 337.711969892 146.837208551 0.99609375
v 160.040095977 343.562339096 146.818165539 0.99609375
v 160.324165905 337.963161654 147.182599574 0.99609375
v 160.338330813 341.689564729 146.989110851 0.99609375
v 160.803556404 338.465051259 147.062804727 0.99609375
v 160.755305695 340.381670693 147.32576615 0.99609375
v 160.722028381 338.928333279 147.285135243 0.99609375
v 148.411214475 340.652298444 147.498447851 0.99609375
v 148.388535939 352.940707408 147.464649458 0.99609375
v 148.389009167 339.753524332 147.573597169 0.99609375
v 148.704539352 353.628858854 147.046552904 0.99609375
v 148.704393379 339.527906937 147.532787667 0.99609375
v 148.663252274 353.494417315 147.883618268 0.99609375
v 149.307908867 339.141106219 147.173700441 0.99609375
v 149.011358628 353.702182557 147.778699617 0.99609375
v 149.256389378 338.533057638 147.362110035 0.99609375
v 149.152836844 353.234343384 147.347714775 0.99609375
v 149.794574349 338.255630625 147.690705133 0.99609375
v 149.807783041 353.595743998 147.447430864 0.99609375
v 150.119880321 338.205767308 147.430073039 0.99609375
v 149.825483616 353.437351714 147.346465529 0.99609375
v 150.222064663 338.533750151 147.452941016 0.99609375
v 149.967570336 353.304734136 147.337023332 0.99609375
v 150.352505308 338.196730831 147.141132424 0.99609375
v 150.647970604 353.647387464 147.844109028 0.99609375
v 150.86695785 337.896568576 147.196295543 0.99609375
v 150.64090349 353.471665027 147.875984761 0.99609375
v 150.928522574 338.249071926 147.485495454 0.99609375
v 151.242901883 353.41371863 147.149749785 0.99609375
v 151.359816892 338.309673884 147.312223202 0.99609375
v 151.184191916 353.656720136 147.354933767 0.99609375
v 151.472068806 338.221431914 147.942598971 0.99609375
v 151.75479687 353.731454584 147.881310126 0.99609375
v 152.197444265 338.104581337 147.918833936 0.99609375
v 152.138737988 353.559531121 147.294913254 0.99609375
v 152.334856126 337.718962148 147.589463687 0.99609375
v 152.528657842 353.425721324 147.8367745 0.99609375
v 152.612777314 337.673843977 147.224976536 0.99609375
v 152.636160702 353.325616676 147.540289238 0.99609375
v 153.050650299 337.616307068 147.512623434 0.99609375
v 152.678675296 353.706005948 147.817744354 0.99609375
v 152.976805224 337.843859628 147.842003673 0.99609375
v 153.130869742 353.450353714 147.112729447 0.99609375
v 153.316299478 337.932767481 147.846361254 0.99609375
v 153.643032552 353.756622987 147.382146907 0.99609375
v 153.870593145 337.846590211 147.929624984 0.99609375
v 153.731689991 353.795835883 147.198195867 0.99609375
v 154.277470714 337.843341722 147.032285611 0.99609375
v 154.104500819 353.626457612 147.69340371 0.99609375
v 154.270271089 337.602965757 147.445015805 0.99609375
v 154.419856589 353.460429998 147.391373473 0.99609375
v 154.481527077 337.812163552 147.378686184 0.99609375
v 154.565132519 353.324522632 147.89166948 0.99609375
v 154.721234233 338.10253412 147.362104532 0.99609375
v 154.993626258 353.794457628 147.483632002 0.99609375
v 155.046964575 337.772283195 147.868858658 0.99609375
v 155.131802131 353.502640686 147.229441624 0.99609375
v 155.528466728 337.637650816 147.97877453 0.99609375
v 155.394688494 353.372521917 147.168038039 0.99609375
v 155.525802575 337.363885857 147.262142774 0.99609375
v 155.935521977 353.398439156 147.016946146 0.99609375
v 156.059485091 337.406646352 147.316982161 0.99609375
v 155.74822808 353.706010524 147.717969999 0.99609375
v 156.403631059 337.497078256 147.854938869 0.99609375
v 156.453944967 353.584947189 147.920379257 0.99609375
v 156.683964267 337.519299655 147.92293193 0.99609375
v 156.692458418 353.730974106 147.20112222 0.99609375
v 156.898082755 338.019306741 147.586870348 0.99609375
v 156.907450692 353.225385397 147.075579194 0.99609375
v 157.316837341 337.852706236 147.375218234 0.99609375
v 157.369525894 353.6853447 147.57369133 0.99609375
v 157.443425718 337.71832184 147.704167903 0.99609375
v 157.659851549 353.60240741 147.625933467 0.99609375
v 157.932491935 337.887734335 147.426865902 0.99609375
v 157.755412433 353.470085095 147.045600109 0.99609375
v 158.219628242 338.076779359 147.894426833 0.99609375
v 158.172910275 353.37705609 147.277168741 0.99609375
v 158.284766382 337.656245218 147.578728903 0.99609375
v 158.354301945 353.581943081 147.944870567 0.99609375
v 158.909787236 338.172356531 147.256782644 0.99609375
v 158.831955411 353.460447265 147.19159257 0.99609375
v 158.67703114 337.883271476 147.371480488 0.99609375
v 158.641150764 353.441598113 147.395324939 0.99609375
v 159.215675498 338.130162442 147.930079046 0.99609375
v 159.435002107 353.487920267 147.263442694 0.99609375
v 159.634502439 338.185684879 147.124703845 0.99609375
v 159.430993724 353.710201257 147.440650522 0.99609375
v 160.013866434 338.439822184 147.701438146 0.99609375
v 159.993810295 347.116623603 147.446083158 0.99609375
v 159.878378998 338.943978272 147.388400383 0.99609375
v 160.195545844 342.709225512 147.113704076 0.99609375
v 160.327186896 339.223038681 147.21691307 0.99609375
v 160.604137272 340.761629583 147.552389765 0.99609375
v 160.882409449 339.854704254 147.787057694 0.99609375
v 148.137682311 353.588300416 147.861145505 0.99609375
v 148.750373065 349.121495695 147.649695698 0.99609375
v 148.316181375 353.975151599 148.41169941 0.99609375
v 148.779930497 344.806229335 147.933644118 0.99609375
v 148.713957184 353.597544877 147.748203725 0.99609375
v 149.038744048 342.811813134 147.740171018 0.99609375
v 149.343647082 353.882738337 148.062129913 0.99609375
v 149.072738982 341.539143366 148.449094206 0.99609375
v 149.189563185 353.69479275 147.995309877 0.99609375
v 149.749597707 341.088483531 148.281253349 0.99609375
v 149.752236208 353.933415572 148.28889329 0.99609375
v 150.062829879 340.54627689 148.061067168 0.99609375
v 150.072917095 353.612732895 148.378956499 0.99609375
v 150.492745347 340.300386107 148.01040943 0.99609375
v 150.356822533 353.942934811 148.337301189 0.99609375
v 150.533755477 340.348528764 148.094841534 0.99609375
v 150.563330309 353.647686898 147.796743176 0.99609375
v 150.515153534 339.914292925 148.486795984 0.99609375
v 150.71782093 353.972155757 147.525622765 0.99609375
v 151.300425708 340.035864682 147.575780054 0.99609375
v 151.034672924 353.665801343 148.064230795 0.99609375
v 151.448018156 339.679174538 147.769870589 0.99609375
v 151.620821335 353.634433123 147.606374324 0.99609375
v 151.798453234 339.616591985 147.866496042 0.99609375
v 151.944585026 353.847435546 148.45240231 0.99609375
v 152.218848753 339.725531629 147.709767357 0.99609375
v 152.019446101 353.700555565 148.123233431 0.99609375
v 152.304033244 339.440988979 148.282802397 0.99609375
v 152.366588407 353.888710648 147.757987199 0.99609375
v 152.390781782 339.319699861 148.455866033 0.99609375
v 152.454092435 353.585199917 147.765147648 0.99609375
v 152.814998855 339.565481941 147.886992648 0.99609375
v 153.044012565 353.691794399 148.343407318 0.99609375
v 153.252560918 339.415680238 147.613430864 0.99609375
v 153.214250661 354.044575653 148.247306322 0.99609375
v 153.162367188 339.070027875 147.984916459 0.99609375
v 153.623268835 353.639080964 147.602274483 0.99609375
v 153.771570643 339.213990861 147.573452032 0.99609375
v 153.776407464 353.799317376 148.485952912 0.99609375
v 153.792921833 339.221421367 147.938289445 0.99609375
v 153.94145171 353.866998671 147.678402289 0.99609375
v 154.182048409 339.303653581 148.185367499 0.99609375
v 154.316246156 353.748150724 148.206083175 0.99609375
v 154.312763908 339.547923037 148.496457604 0.99609375
v 154.494287346 354.003108993 147.899860193 0.99609375
v 154.774373458 339.110997309 147.820570228 0.99609375
v 155.032635701 353.996951589 148.102523556 0.99609375
v 155.20016293 339.260260465 147.72729628 0.99609375
v 155.239588962 353.755753435 147.728959197 0.99609375
v 155.316051149 339.19921302 147.963524711 0.99609375
v 155.689840648 354.07472001 148.32773172 0.99609375
v 155.46967924 339.119564639 148.19955793 0.99609375
v 155.968880399 353.851869702 148.040716904 0.99609375
v 156.245999199 338.976574549 148.015376754 0.99609375
v 155.86754136 353.523044432 147.730293193 0.99609375
v 156.263501383 339.2057552 147.582886573 0.99609375
v 156.583529892 353.724541555 148.08716881 0.99609375
v 156.880000951 339.184135864 147.905898446 0.99609375
v 156.326696769 353.985351686 148.276042504 0.99609375
v 157.177551175 339.19729819 148.414048107 0.99609375
v 156.951230908 353.755646745 148.170427709 0.99609375
v 157.455093479 339.240649128 148.393451914 0.99609375
v 157.23357628 353.779010723 147.697979473 0.99609375
v 157.509400244 339.288668238 148.387727074 0.99609375
v 157.407948311 353.6360178 147.763928838 0.99609375
v 157.949520824 339.095385609 147.858372479 0.99609375
v 157.587947799 353.546164869 147.728833396 0.99609375
v 158.195581312 339.377067881 148.478822383 0.99609375
v 158.223872226 353.612794783 148.347542833 0.99609375
v 158.383685095 339.301322166 148.434275735 0.99609375
v 158.438195026 353.732374948 147.79687625 0.99609375
v 158.754081546 339.937794219 148.288011058 0.99609375
v 158.449339741 353.91142329 147.697405801 0.99609375
v 158.993024177 341.011184102 148.309239513 0.99609375
v 159.082320958 353.737288937 147.690536995 0.99609375
v 159.044983687 344.186223479 148.462907965 0.99609375
v 159.356057272 353.578808916 147.669158845 0.99609375
v 159.330689343 345.640654412 147.710887882 0.99609375
v 159.259932304 353.604328823 148.418216935 0.99609375
v 159.762257694 347.662153852 148.070864685 0.99609375
v 159.618735558 353.196369828 147.589461553 0.99609375
v 148.378932738 354.378296458 148.25704245 0.99609375
v 148.591950414 353.971576075 148.361343708 0.99609375
v 149.046322095 352.148537513 148.247857054 0.99609375
v 148.831508471 354.307473884 148.389024752 0.99609375
v 149.343997223 348.974327377 148.668941395 0.99609375
v 149.302075332 353.910723195 148.011508171 0.99609375
v 149.498639343 346.937041269 148.190749071 0.99609375
v 149.771976823 354.170548183 148.742159516 0.99609375
v 150.076545918 345.463164093 148.433707183 0.99609375
v 150.200562613 354.297044229 148.543210498 0.99609375
v 150.413689931 344.74687645 148.476005546 0.99609375
v 149.981430244 353.813567763 148.729056524 0.99609375
v 150.349471706 344.216265025 148.386896236 0.99609375
v 150.498728031 353.952779563 148.202320707 0.99609375
v 150.962910853 344.053019167 148.483815377 0.99609375
v 150.712248133 353.961458325 148.510921069 0.99609375
v 150.932611204 343.379420548 148.996748732 0.99609375
v 150.875192951 354.023476842 148.48410162 0.99609375
v 151.666426549 342.78385863 148.353808128 0.99609375
v 151.351330816 354.159996623 148.672509891 0.99609375
v 151.492268053 343.049246997 148.264801924 0.99609375
v 151.90447539 353.947174725 148.983563151 0.99609375
v 151.862699258 342.599253544 148.561454281 0.99609375
v 151.767525171 354.356668277 148.576737714 0.99609375
v 152.261586299 342.223289507 148.187514153 0.99609375
v 152.328260061 353.832782508 148.456100888 0.99609375
v 152.252664612 342.343225648 148.290382409 0.99609375
v 152.594247261 353.811779306 148.878238301 0.99609375
v 153.079729176 342.329292747 148.108945805 0.99609375
v 153.089182321 354.358669763 148.203963617 0.99609375
v 153.348831369 341.881662837 148.058456725 0.99609375
v 153.350287649 353.83556273 148.766730506 0.99609375
v 153.152346482 341.83421234 148.868185026 0.99609375
v 153.6454155 354.21570172 148.682974231 0.99609375
v 153.657216927 341.952688827 148.856606987 0.99609375
v 153.474070888 354.081173851 148.200181151 0.99609375
v 153.868591542 341.710527308 148.241863348 0.99609375
v 153.768246186 354.227521549 148.422579261 0.99609375
v 154.370001853 341.559243151 148.710570797 0.99609375
v 154.443171122 353.953974145 148.606159355 0.99609375
v 154.621270663 341.37284913 148.125171902 0.99609375
v 154.303407584 354.16588501 148.036037484 0.99609375
v 154.733595094 341.510289906 148.784223614 0.99609375
v 154.761606427 353.936974412 148.432422767 0.99609375
v 155.355111185 341.079431227 148.611421557 0.99609375
v 154.989400046 354.144968423 148.353270637 0.99609375
v 155.473684418 341.593665063 148.227036116 0.99609375
v 155.634057402 354.099295355 148.498822321 0.99609375
v 155.802144994 341.061497907 148.02733009 0.99609375
v 155.793870638 354.016078231 148.369034039 0.99609375
v 156.103772372 341.504039294 148.228829625 0.99609375
v 155.834580803 354.145473141 148.196899596 0.99609375
v 156.363289821 341.385041539 148.396786469 0.99609375
v 156.565295487 353.930702138 148.708764288 0.99609375
v 156.385511621 341.830468255 148.407795042 0.99609375
v 156.57771235 354.149202619 148.785018307 0.99609375
v 157.129475358 341.806661379 148.522802586 0.99609375
v 156.637783224 354.022971058 148.764760688 0.99609375
v 156.909717124 342.038080147 148.095142971 0.99609375
v 157.289624656 354.225075606 148.671052742 0.99609375
v 157.709900568 342.424790592 148.960015092 0.99609375
v 157.185710837 354.100164221 148.057336609 0.99609375
v 157.776835868 343.270455954 148.351702506 0.99609375
v 157.510297239 353.84192123 148.819799384 0.99609375
v 158.031348357 343.413008021 148.004237609 0.99609375
v 158.150902362 353.994985316 148.254174207 0.99609375
v 158.226987131 344.51447622 148.795780363 0.99609375
v 158.501221603 354.062335833 148.090039716 0.99609375
v 158.749352992 345.153108735 148.693117324 0.99609375
v 158.899040266 354.177552536 148.380322953 0.99609375
v 158.852082761 346.665696802 148.100583546 0.99609375
v 158.688658603 354.149568663 148.289260144 0.99609375
v 159.485359736 348.227017131 148.685710649 0.99609375
v 159.247857914 354.147450345 148.66988158 0.99609375
v 159.457750586 349.703716863 148.545321141 0.99609375
v 159.53620585 354.332609728 148.347455291 0.99609375
v 159.670489884 350.476967574 148.31776586 0.99609375
v 160.033678323 354.208387354 148.790953254 0.99609375
v 160.07199234 353.4838092 148.398925186 0.99609375
v 148.986388582 354.54452494 148.802779876 0.99609375
v 149.363416759 354.37226279 148.535171091 0.99609375
v 149.743572476 354.32582495 149.4823256 0.99609375
v 150.050747935 353.583406574 148.849414062 0.99609375
v 149.903807197 354.104630101 149.013320726 0.99609375
v 150.012004676 352.565699752 149.109594675 0.99609375
v 149.97193068 354.529004692 148.900856372 0.99609375
v 150.611690975 351.983129408 148.750639364 0.99609375
v 150.33195747 354.228108209 149.292670478 0.99609375
v 150.602887612 351.395270787 149.186283904 0.99609375
v 151.084368274 354.187991748 149.010200871 0.99609375
v 150.957654144 350.508533167 148.608264359 0.99609375
v 150.925779937 354.620780988 149.466045668 0.99609375
v 151.647790125 350.347594791 148.579447698 0.99609375
v 151.604018 354.462289294 149.058129724 0.99609375
v 151.791545463 349.889013816 148.758192519 0.99609375
v 151.554554721 354.579191216 149.487332682 0.99609375
v 151.9857143 349.650382607 148.537842033 0.99609375
v 152.112720962 354.569309448 149.462728039 0.99609375
v 152.44578355 349.625898821 149.14560421 0.99609375
v 152.311442321 354.367566072 148.513142566 0.99609375
v 152.264028392 349.587239359 149.056602382 0.99609375
v 152.644975275 354.556149751 148.657320715 0.99609375
v 152.967523715 349.658452891 149.123176612 0.99609375
v 153.053028015 354.653319506 148.958386546 0.99609375
v 152.850337829 348.940476424 148.649429968 0.99609375
v 153.338166078 354.398953036 149.385827167 0.99609375
v 153.535933238 349.383355853 148.588251907 0.99609375
v 153.450199795 354.640601923 148.626896561 0.99609375
v 153.814153204 349.334401006 148.920485998 0.99609375
v 153.875408032 354.116279477 148.852716643 0.99609375
v 154.119017187 348.709224802 149.102641709 0.99609375
v 154.133274523 354.185874054 149.489606539 0.99609375
v 154.006291835 348.743462959 149.267681557 0.99609375
v 154.19368464 354.105896068 149.032390907 0.99609375
v 154.722998928 348.730208981 149.031757406 0.99609375
v 154.682796174 354.207357842 149.026607356 0.99609375
v 154.595288692 348.494527435 148.897263813 0.99609375
v 154.673562355 354.167147759 149.253723252 0.99609375
v 155.353261699 348.336035872 148.658086622 0.99609375
v 155.105145445 354.582252447 149.255114536 0.99609375
v 155.267308717 348.518268181 149.419307188 0.99609375
v 155.628402148 354.310146273 149.09426301 0.99609375
v 155.961048136 348.092070413 148.995708445 0.99609375
v 155.567587757 354.445108234 149.29743188 0.99609375
v 156.297773731 348.294939391 148.728701454 0.99609375
v 155.912161917 354.16220841 149.241955702 0.99609375
v 156.240244828 348.506919112 148.715849152 0.99609375
v 156.265274952 354.23788998 148.710251712 0.99609375
v 156.852615651 348.167803129 148.761516346 0.99609375
v 156.582380408 354.597146798 148.745724504 0.99609375
v 156.72611729 348.50375622 148.580925803 0.99609375
v 156.714183215 354.131292721 148.545984433 0.99609375
v 157.412531411 348.047320989 149.008637495 0.99609375
v 156.942353056 354.461318684 149.36033293 0.99609375
v 157.267501908 348.562267868 148.605614293 0.99609375
v 157.556697905 354.206404043 148.910134011 0.99609375
v 157.993814615 348.298891389 148.600115887 0.99609375
v 157.988926695 354.516612678 148.620796397 0.99609375
v 158.249955074 349.077641768 148.619155605 0.99609375
v 158.048703767 354.157939204 149.275220833 0.99609375
v 158.44407053 349.494616459 149.281533783 0.99609375
v 158.30036098 354.194624414 149.09997494 0.99609375
v 158.658403187 349.796295413 148.814047419 0.99609375
v 158.469234496 354.358760038 148.808447796 0.99609375
v 158.720700331 350.060206887 148.797481681 0.99609375
v 158.9108465 354.159135027 149.136952157 0.99609375
v 159.1504518 351.172675999 149.069403962 0.99609375
v 159.071422647 354.396669323 148.866849102 0.99609375
v 159.441672332 352.703733034 149.315577308 0.99609375
v 159.251208808 354.61947289 149.080825346 0.99609375
v 159.713455879 353.675870863 149.396802413 0.99609375
v 159.983742485 354.287549194 148.832602769 0.99609375
v 160.091756638 353.803412532 148.930296737 0.99609375
v 151.30949318 353.806870206 149.019545225 0.99609375
v 151.344400932 354.005629465 149.859705493 0.99609375
v 151.392161 354.469643397 149.273253638 0.99609375
v 151.62145785 353.695059912 149.464908922 0.99609375
v 151.588840461 354.462257248 149.487960086 0.99609375
v 151.788829421 353.545689321 149.651851154 0.99609375
v 152.059437498 354.487566392 149.161047866 0.99609375
v 152.449410044 353.00165647 149.050885293 0.99609375
v 152.031968849 354.442780169 149.344890852 0.99609375
v 152.499476671 352.892149655 149.170892673 0.99609375
v 152.351966807 354.24800858 149.501513453 0.99609375
v 152.900146601 352.500414223 149.960984083 0.99609375
v 152.586769117 354.348318611 149.573373412 0.99609375
v 152.905314038 352.697890632 149.395379879 0.99609375
v 152.841024574 354.186345111 149.517565778 0.99609375
v 153.652844275 352.194511981 149.89310639 0.99609375
v 153.19621022 354.242456257 149.108840382 0.99609375
v 153.529686071 352.173671506 149.50670101 0.99609375
v 153.904178426 354.149368621 149.039495327 0.99609375
v 153.984726696 352.129091607 149.645545977 0.99609375
v 154.270647596 354.544033664 149.611804568 0.99609375
v 154.068542122 351.87085319 149.879210438 0.99609375
v 154.174164187 354.258381988 149.163642425 0.99609375
v 154.487212444 352.169819605 149.063755539 0.99609375
v 154.38822363 354.272528524 149.210544261 0.99609375
v 155.081515083 351.906109523 149.270186046 0.99609375
v 154.660520492 354.120661576 149.594736892 0.99609375
v 154.868357703 351.887315327 149.666642341 0.99609375
v 155.195391353 354.552546565 149.647109963 0.99609375
v 155.369738462 351.77667318 149.685928251 0.99609375
v 155.400227103 354.244534887 149.601159941 0.99609375
v 155.446637465 351.782486925 149.151813083 0.99609375
v 155.86053943 354.163887591 149.808122085 0.99609375
v 155.950321008 351.799642453 149.263782526 0.99609375
v 156.293629081 354.638262138 149.977394612 0.99609375
v 156.37850346 351.714069046 149.007299065 0.99609375
v 156.080109794 354.140535135 149.051095597 0.99609375
v 156.351860788 351.761129371 149.130136492 0.99609375
v 156.856829885 354.278413825 149.305879054 0.99609375
v 156.68706563 351.572152053 149.453073381 0.99609375
v 156.621686818 354.558983283 149.874818415 0.99609375
v 157.42625399 351.628659934 149.709088084 0.99609375
v 157.005113581 354.359675736 149.39856455 0.99609375
v 157.52487758 352.217054849 149.117871316 0.99609375
v 157.403391105 354.358978747 149.188994021 0.99609375
v 157.872935144 352.138945149 149.146917732 0.99609375
v 157.579311327 354.453707384 149.684097452 0.99609375
v 158.09433475 352.616422195 149.906694566 0.99609375
v 158.246438484 354.35105053 149.857884713 0.99609375
v 158.387809402 352.880220819 149.242336044 0.99609375
v 158.143098284 354.417469811 149.87974936 0.99609375
v 158.838558874 353.394341699 149.902419196 0.99609375
v 158.535344653 354.286063145 149.515609946 0.99609375
v 159.176263734 353.525556284 149.796426574 0.99609375
v 159.001042893 354.459276555 149.373409606 0.99609375
v 150.85027006 354.939319083 149.503542379 0.99609375
v 151.171021174 354.538165941 150.256880511 0.99609375
v 151.532762102 354.654850845 149.950246948 0.99609375
v 151.487522385 354.765182165 150.051652299 0.99609375
v 151.861312188 354.472599524 150.498058495 0.99609375
v 152.145599892 354.685219835 150.087708189 0.99609375
v 152.682634012 354.953912303 149.77802695 0.99609375
v 153.08348269 354.475998081 150.127376524 0.99609375
v 153.298091302 353.88520829 150.187362857 0.99609375
v 153.2165862 354.755892823 149.927300256 0.99609375
v 153.696981341 354.184933535 150.387206988 0.99609375
v 153.404037264 354.719704832 149.544216729 0.99609375
v 153.906785527 353.836579459 149.922372925 0.99609375
v 153.541701114 354.526928938 150.401252527 0.99609375
v 153.993619372 353.633695648 149.99376833 0.99609375
v 153.996200972 354.721134249 150.137967455 0.99609375
v 154.417408754 354.042230142 149.546746167 0.99609375
v 154.304396005 354.774698459 150.092692218 0.99609375
v 154.443382018 353.63952946 150.230505539 0.99609375
v 154.779333892 354.518623986 149.590365985 0.99609375
v 154.65943943 353.592092858 149.934299823 0.99609375
v 155.052346246 354.781225238 150.486164252 0.99609375
v 155.132321305 353.311372965 149.70814579 0.99609375
v 154.941047212 354.400717733 149.723462892 0.99609375
v 155.355598709 353.722969187 150.078622755 0.99609375
v 155.433174093 354.760424484 149.6032675 0.99609375
v 155.503863677 353.349234746 150.181333647 0.99609375
v 155.946532824 354.545163896 150.229764855 0.99609375
v 155.902952335 353.521830942 149.771980467 0.99609375
v 156.130049039 354.634725723 149.753248294 0.99609375
v 156.521495231 353.738831542 150.428700804 0.99609375
v 156.211053153 354.822217106 149.742981965 0.99609375
v 156.789239708 353.998337965 150.440375279 0.99609375
v 156.534539159 354.657923622 150.171221672 0.99609375
v 156.852957134 353.640841382 149.946243788 0.99609375
v 156.887127339 354.532707206 150.199571025 0.99609375
v 157.096858505 353.55725313 149.947367464 0.99609375
v 157.418234145 354.700371557 149.666408651 0.99609375
v 157.458507828 353.998538566 149.588598636 0.99609375
v 157.462843663 354.389174229 149.771452703 0.99609375
v 157.827901527 354.578760835 149.640720346 0.99609375
v 157.925878178 354.441616569 150.158630505 0.99609375
v 158.494533038 354.857113673 150.094103225 0.99609375
v 158.646615087 354.460216286 150.078647533 0.99609375
v 158.800611599 354.852625947 149.594132592 0.99609375
v 159.331702496 354.564186842 149.560922037 0.99609375
v 152.199069952 355.233375266 150.806752652 0.99609375
v 152.388899351 354.963991439 150.649705726 0.99609375
v 152.371022607 354.811100674 150.993011978 0.99609375
v 152.998570539 354.966046825 150.13478491 0.99609375
v 152.93547293 354.995728125 150.625433417 0.99609375
v 153.499102856 354.96346132 150.696351655 0.99609375
v 153.736833898 355.002845224 150.165059738 0.99609375
v 154.254617735 354.993579451 150.210144529 0.99609375
v 154.381611844 355.228126312 150.570328768 0.99609375
v 154.525344091 355.167560644 150.466205603 0.99609375
v 155.066504019 354.932755796 150.806698187 0.99609375
v 154.921791828 355.121438954 150.697638691 0.99609375
v 155.286643125 354.844748777 150.04829801 0.99609375
v 155.731594177 354.685943711 150.249550361 0.99609375
v 155.734037699 354.827015509 150.12289753 0.99609375
v 156.471801696 355.218657122 150.88428601 0.99609375
v 156.744804284 355.245173232 150.243058835 0.99609375
v 157.147525719 355.089870641 150.103033481 0.99609375
v 157.459005956 354.968939064 150.633468772 0.99609375
v 157.23701271 354.791808374 150.547380617 0.99609375
v 157.942696687 354.80087071 150.432628757 0.99609375
v 158.002732725 354.673060586 150.177138494 0.99609375
v 158.230785677 355.164020888 150.339072949 0.99609375
v 154.084469773 355.243208025 150.68247866 0.99609375
v 154.111233391 355.481915969 150.504549512 0.99609375
v 154.526062334 355.054348919 150.614119923 0.99609375
v 155.111543047 355.508737233 150.725696251 0.99609375
v 155.285301648 354.988549944 151.465002015 0.99609375
v 155.625346748 355.384551197 150.80808844 0.99609375
