####
#
# OBJ File Generated by Meshlab
#
####
# Object domain0540.obj
#
# Vertices: 4980
# Faces: 9952
#
####
v 51.677471 63.900673 122.993912
v 51.789551 63.905727 122.607635
v 51.721931 63.834621 122.992950
v 51.855946 63.894958 123.345177
v 51.728298 64.076141 122.992317
v 51.989334 63.949699 122.095551
v 52.307583 63.947479 121.594193
v 52.228233 63.664852 122.050560
v 52.141586 63.519024 122.997299
v 52.274094 63.690533 123.903091
v 52.119801 63.882870 123.833878
v 52.438007 63.880939 124.100006
v 52.025558 64.447548 122.044815
v 52.220390 64.463112 121.526817
v 51.884628 64.441025 122.970428
v 52.165859 64.483223 123.516174
v 52.237957 64.117615 123.920815
v 52.128601 64.952896 122.048523
v 52.261181 65.008156 121.550636
v 52.111412 64.939598 122.939453
v 52.313049 64.948967 123.280785
v 52.260857 65.265579 122.021217
v 52.292797 65.230034 122.953178
v 52.535553 63.405983 122.034645
v 52.813919 63.461586 121.594330
v 52.834919 63.259567 122.056915
v 52.806084 63.148651 123.002525
v 52.463070 63.318119 123.001785
v 52.842041 63.289574 123.924461
v 52.560665 63.437325 123.937469
v 52.858509 63.507984 124.175674
v 52.607437 63.970848 121.067871
v 52.828972 64.041748 120.599068
v 52.822987 63.746677 121.097939
v 52.800964 63.873409 124.269333
v 52.688461 64.562378 120.065247
v 52.827614 64.533768 119.531616
v 52.847336 64.329788 120.063614
v 52.427269 64.467300 120.996895
v 52.493305 64.406975 123.937813
v 52.840664 64.255196 124.176796
v 52.682228 65.132149 119.053268
v 52.820301 65.097519 118.531334
v 52.815922 64.803070 119.028709
v 52.547642 65.062592 120.014954
v 52.388550 65.068176 120.997795
v 52.784351 64.633774 123.902596
v 52.746143 65.022591 123.545609
v 52.733898 65.713943 118.094429
v 52.919067 65.719109 117.726051
v 52.840786 65.400581 118.061401
v 52.597633 65.637466 119.013062
v 52.550743 65.620697 120.000801
v 52.506897 65.615417 120.998703
v 52.479843 65.604301 121.955093
v 52.555141 65.497803 122.942085
v 52.839569 65.428101 123.233803
v 52.696480 66.212730 118.048210
v 52.885910 66.212364 117.558395
v 52.648060 66.154488 118.978882
v 52.668167 66.129417 119.995255
v 52.705662 66.090286 120.968880
v 52.812794 66.134491 121.475731
v 52.760189 65.913544 122.019600
v 52.838703 65.673424 122.924690
v 52.742508 66.697762 118.016266
v 52.887466 66.756874 117.569183
v 52.777004 66.787849 118.493988
v 52.744354 66.521362 119.007401
v 52.835987 66.444939 120.008835
v 52.868942 66.275612 120.962967
v 52.832920 67.036255 118.007080
v 53.325912 63.377373 121.545700
v 53.338470 63.153629 122.044945
v 53.323925 62.948811 122.997795
v 53.337261 63.192688 123.919823
v 53.323902 63.459980 124.213959
v 53.328041 63.919086 120.521904
v 53.327190 63.651581 121.039703
v 53.295315 63.856529 124.296974
v 53.086750 64.543549 119.038490
v 53.386890 64.617363 118.586327
v 53.397476 64.403831 119.076118
v 53.336109 64.159340 120.000298
v 53.231346 64.257469 124.186554
v 53.092720 65.118294 118.055847
v 53.404404 65.203407 117.712357
v 53.386826 64.901329 118.095413
v 53.288311 64.649597 123.917816
v 53.348694 65.061417 123.592751
v 53.296600 65.601501 117.380562
v 53.325840 65.482864 123.278831
v 53.172638 66.270981 117.100464
v 53.517509 66.319031 116.793655
v 53.366940 65.954750 117.046730
v 53.073795 66.142052 121.969856
v 53.372005 66.054886 122.421356
v 53.311676 65.821823 122.905937
v 53.111549 66.829811 117.085922
v 53.459129 66.815826 116.724960
v 52.903130 66.859062 119.014687
v 53.107544 66.733086 119.944206
v 53.370277 66.676331 120.434792
v 53.327538 66.487587 120.980255
v 53.390991 66.256393 121.920525
v 53.200886 67.372444 117.063736
v 53.453793 67.389496 116.666435
v 52.982307 67.389206 117.992172
v 53.200550 67.315132 118.960495
v 53.427113 67.288475 119.407852
v 53.387775 66.948448 119.909050
v 53.291973 67.887123 117.051895
v 53.507465 67.909325 116.566101
v 53.241600 67.875198 117.969505
v 53.404312 67.918999 118.469727
v 53.401707 67.632912 118.965363
v 53.413223 68.222626 117.023102
v 53.418598 68.197403 117.984230
v 53.684071 62.834465 122.997299
v 53.878544 62.917850 122.605881
v 53.883205 62.799274 122.999199
v 53.861698 62.949181 123.377724
v 53.842892 63.442417 121.594444
v 53.837868 63.123970 122.094139
v 53.785164 63.171432 123.852303
v 53.710670 63.462559 124.134552
v 53.878372 63.956257 120.545845
v 53.857830 63.715137 121.075996
v 53.703613 63.780010 124.176437
v 53.910744 64.557518 118.548019
v 53.911945 64.362419 119.053505
v 53.922607 64.149796 120.007500
v 53.596710 64.429604 123.960938
v 53.872902 64.140686 123.950569
v 53.982716 64.536880 123.665863
v 53.899448 65.166603 117.558647
v 53.912685 64.834038 118.050224
v 53.896008 65.021904 123.455299
v 53.650726 65.677742 117.051987
v 54.006283 65.837051 116.811829
v 53.960884 65.494217 117.115318
v 53.812370 65.441841 123.218765
v 53.937859 66.250977 116.634933
v 53.848148 65.760406 122.888649
v 53.852818 66.041435 122.406738
v 53.906143 66.806099 116.481621
v 53.908447 66.489357 120.978783
v 53.880249 66.710503 120.447075
v 53.841721 66.242744 121.915466
v 53.830273 67.304916 116.316437
v 53.873917 66.993546 119.936523
v 53.942204 67.371773 119.562561
v 53.720860 68.066238 116.060753
v 53.956928 68.009705 115.521187
v 53.916267 67.685677 116.002396
v 53.680073 67.899200 118.940239
v 54.003170 67.779556 119.239883
v 53.842064 68.645790 115.057877
v 53.992195 68.613029 114.531082
v 53.982212 68.313896 115.027054
v 53.687485 68.568924 116.019318
v 53.544777 68.574348 116.973122
v 53.682968 68.515015 117.955330
v 53.991993 68.481186 118.421761
v 53.973297 68.122467 118.896225
v 53.896763 69.228951 114.091705
v 54.098915 69.249123 113.746422
v 54.013756 68.917511 114.063667
v 53.748520 69.165504 115.013031
v 53.721294 69.131248 115.988480
v 53.798546 69.068771 116.947578
v 53.970570 69.100647 117.473648
v 53.951122 68.818054 117.975830
v 53.850864 69.734261 114.057327
v 54.063728 69.730293 113.562828
v 53.756462 69.715744 114.994003
v 53.850933 69.644653 115.947624
v 53.992172 69.679810 116.468155
v 53.977379 69.398506 116.976913
v 53.882778 70.233322 114.048233
v 54.051712 70.275940 113.568268
v 53.872993 70.214256 114.968498
v 54.000111 70.258469 115.467987
v 53.988007 69.978592 115.973038
v 53.983307 70.574379 114.017029
v 54.015606 70.535088 114.982750
v 53.956104 62.848274 122.998558
v 54.120110 63.362839 122.051353
v 54.245811 63.292957 123.005821
v 53.928036 63.389584 123.888741
v 54.170944 63.926624 121.019722
v 54.425747 63.929306 121.526093
v 54.387745 63.664368 122.022194
v 54.411572 63.628910 122.981583
v 54.316833 63.937382 123.427193
v 54.049751 63.810951 123.866440
v 54.425629 64.634827 118.593666
v 54.403259 64.444359 119.056984
v 54.421982 64.345093 120.015236
v 54.454796 64.182152 120.987709
v 54.355469 64.449707 123.321434
v 54.431683 65.212677 117.599075
v 54.440483 64.897766 118.085274
v 54.299297 64.944519 123.219131
v 54.401993 65.840805 116.811958
v 54.439655 65.516266 117.122490
v 54.144302 65.556679 122.937912
v 54.403877 65.280762 122.936646
v 54.430019 65.586761 122.472588
v 54.472939 66.259499 116.613380
v 54.146351 66.123222 121.957672
v 54.428013 65.876854 121.973450
v 54.411495 66.127640 121.468803
v 54.471424 66.768181 116.376656
v 54.206474 66.800194 120.008354
v 54.531387 66.556793 120.037590
v 54.591953 66.904007 119.700935
v 54.386040 66.291451 120.961273
v 54.217228 67.407677 116.010475
v 54.548637 67.529572 115.582489
v 54.537140 67.190010 116.059143
v 54.495338 67.378242 119.480766
v 54.254208 68.037170 115.037102
v 54.555199 68.114639 114.582024
v 54.556427 67.826317 115.083855
v 54.496384 67.829613 119.251740
v 54.267971 68.638062 114.061859
v 54.589733 68.750626 113.759010
v 54.558838 68.422722 114.103546
v 54.499413 68.210869 118.940544
v 54.505650 68.584961 118.570923
v 54.507229 69.168594 113.453056
v 54.259621 69.073814 117.944450
v 54.577915 68.953300 118.242310
v 54.361023 69.805946 113.120041
v 54.668022 69.906090 112.828598
v 54.562622 69.565292 113.107452
v 54.257275 69.667671 116.960976
v 54.562408 69.553627 117.393433
v 54.556328 69.261414 117.878838
v 54.272369 70.347977 113.076897
v 54.623947 70.342094 112.689621
v 54.257366 70.253746 115.961052
v 54.562241 70.140503 116.394814
v 54.553982 69.859505 116.900513
v 54.328541 70.900993 113.043106
v 54.601246 70.889786 112.533501
v 54.110252 70.936630 113.981728
v 54.263428 70.866287 114.952927
v 54.582516 70.818420 115.415169
v 54.554337 70.465286 115.904114
v 54.378719 71.479713 113.036781
v 54.554787 71.491432 112.521912
v 54.323910 71.456627 113.981430
v 54.512836 71.510490 114.520241
v 54.525394 71.173729 114.980507
v 54.481747 71.983719 113.048378
v 54.621265 72.033310 112.556473
v 54.488838 71.978691 113.935974
v 54.666195 71.972572 114.271942
v 54.622707 72.280319 113.024178
v 54.646122 72.258797 113.951691
v 55.176731 58.626892 124.066353
v 55.368717 58.596809 123.882187
v 55.250263 58.400509 124.044144
v 55.167114 58.624882 124.490639
v 55.223423 58.828007 124.081764
v 55.224941 59.071068 124.535110
v 55.175777 59.130852 124.940590
v 55.176182 58.908989 124.963409
v 55.396332 59.050587 125.201126
v 55.226376 59.160961 124.960617
v 54.543907 63.978107 122.028229
v 54.518246 63.960678 122.946388
v 54.691151 64.590210 119.032753
v 54.729263 64.550018 120.016411
v 54.638153 64.516495 121.011803
v 54.663910 64.477051 122.002274
v 54.558170 64.458328 122.932220
v 54.743992 65.105011 118.034920
v 55.004299 65.103836 118.529732
v 54.964283 64.847931 119.020126
v 54.958885 64.838394 119.976868
v 54.962288 65.083305 120.446419
v 54.810417 65.034866 120.997696
v 54.683613 65.030350 121.981415
v 54.513424 64.966965 122.905083
v 54.728107 65.713417 117.066040
v 55.016003 65.680313 117.528923
v 55.028015 65.377098 118.021423
v 54.775578 65.629082 120.985207
v 54.954926 65.594215 120.440102
v 54.588974 65.554077 121.950798
v 54.908169 66.325279 116.755066
v 55.004498 65.978394 117.055084
v 54.814178 66.230232 120.026199
v 55.025860 65.896095 119.972488
v 55.093971 66.265457 119.527939
v 54.569904 66.103302 120.961418
v 55.046444 66.819557 116.529991
v 55.006245 66.807800 119.381531
v 55.044403 67.517426 115.568909
v 55.040424 67.219749 116.081909
v 54.953194 67.377098 119.278290
v 55.082771 68.053917 114.546440
v 55.096672 67.765541 115.063263
v 54.908314 67.800484 119.155602
v 55.082863 68.697166 113.699959
v 55.085388 68.360435 114.070389
v 55.019287 68.143280 118.890007
v 55.071419 68.532433 118.537598
v 55.084373 69.086952 113.388557
v 54.996414 68.946198 118.226669
v 55.083668 69.881584 112.720093
v 55.085026 69.478340 113.038506
v 55.026268 69.265251 117.880394
v 55.027416 69.566139 117.400772
v 55.073517 70.322983 112.431435
v 55.028141 69.863686 116.904282
v 55.032246 70.166206 116.407845
v 54.932968 70.988800 112.059334
v 55.169964 71.067070 111.596832
v 55.140820 70.720665 112.073212
v 55.045040 70.505234 115.929283
v 55.113510 70.890976 115.566063
v 55.031506 71.593834 111.066910
v 55.179184 71.570999 110.535118
v 55.190929 71.361176 111.063576
v 54.775688 71.496864 112.000763
v 54.827583 71.448326 114.953125
v 55.172543 71.304337 115.246635
v 55.083260 72.151505 110.093819
v 55.277653 72.165390 109.737442
v 55.192581 71.851013 110.065819
v 54.919678 72.097000 111.021996
v 54.763344 72.090202 111.998116
v 55.129246 71.679573 114.919075
v 55.088161 72.060448 114.553749
v 55.073254 72.595840 110.082153
v 55.300182 72.606209 109.588982
v 54.941040 72.638741 111.004204
v 54.949921 72.601181 111.978401
v 54.860516 72.572617 112.974274
v 54.904800 72.515038 113.945816
v 55.184361 72.453667 114.230072
v 55.169418 72.912544 110.036247
v 55.080185 73.110855 111.000526
v 55.173508 73.178253 110.522354
v 55.171932 73.159584 111.474251
v 55.141907 72.924759 112.022987
v 55.165581 72.775963 112.995476
v 55.183872 72.658203 113.925377
v 55.224365 73.293549 111.001366
v 55.661217 57.570263 124.074486
v 55.852154 57.613514 123.825172
v 55.808689 57.420959 124.082588
v 55.824009 57.256203 124.957741
v 55.645760 57.526711 124.951096
v 55.830780 57.510361 125.412567
v 55.423130 58.041859 124.053101
v 55.764713 58.059258 123.697968
v 55.453194 58.033550 124.992432
v 55.646679 57.999355 125.521301
v 55.736221 58.583508 123.650002
v 55.286739 58.566303 125.034019
v 55.751053 58.333042 125.946526
v 55.692513 58.585739 125.888916
v 55.928013 58.522659 126.072647
v 55.454655 59.071445 124.077438
v 55.783817 58.987717 123.791611
v 55.711887 58.750988 125.814011
v 55.702343 59.065281 125.421730
v 55.762829 59.227993 124.090988
v 55.691216 59.265408 124.961823
v 55.117340 65.152191 119.029411
v 55.081970 65.132545 119.947952
v 55.200253 65.708450 118.051582
v 55.244102 65.642899 118.999794
v 55.103889 65.567451 119.918541
v 55.183575 66.289200 117.071121
v 55.438358 66.213043 118.007889
v 55.269962 66.190331 118.977196
v 55.426834 66.777946 116.993553
v 55.612984 66.828499 117.512749
v 55.578506 66.571800 117.996452
v 55.546207 66.848785 118.443016
v 55.335571 66.772171 118.950226
v 55.350468 67.430794 116.017769
v 55.622276 67.421242 116.516716
v 55.630074 67.114876 117.007202
v 55.298599 67.379555 118.938759
v 55.588848 67.393265 118.460907
v 55.581329 68.139488 114.585617
v 55.560326 67.925751 115.061203
v 55.660423 67.683640 115.986725
v 55.225693 67.904068 118.883255
v 55.538464 67.979324 118.443497
v 55.573994 68.751579 113.760139
v 55.610119 68.421638 114.105751
v 55.490471 68.465126 118.260155
v 55.664467 69.162514 113.444977
v 55.316666 69.071808 117.937401
v 55.580879 68.799652 117.942848
v 55.621761 69.110680 117.476196
v 55.586689 69.907486 112.736816
v 55.628803 69.546341 113.083687
v 55.332150 69.674942 116.964424
v 55.632191 69.410202 116.981522
v 55.659992 69.723328 116.493690
v 55.660847 70.285294 112.417519
v 55.368587 70.306862 115.994400
v 55.693813 70.048737 116.018364
v 55.756104 70.415947 115.691826
v 55.671577 70.945778 111.520119
v 55.671978 70.638351 112.019684
v 55.667332 70.893555 115.479263
v 55.437725 71.586937 110.057961
v 55.753998 71.665001 109.722076
v 55.745525 71.448219 110.087090
v 55.680401 71.192978 111.001366
v 55.668701 71.345680 115.252312
v 55.646107 72.054276 109.386246
v 55.669937 71.744247 114.956947
v 55.668468 72.136505 114.609428
v 55.534866 72.730927 109.135902
v 55.870552 72.748856 108.774399
v 55.718624 72.403427 109.051208
v 55.671028 72.504120 114.285675
v 55.645210 73.153625 109.081276
v 55.878857 73.164886 108.762733
v 55.386478 73.232613 109.977646
v 55.419861 73.182755 111.971107
v 55.707169 73.143654 112.446648
v 55.660954 72.970955 112.994011
v 55.669083 72.728020 113.919502
v 55.795727 73.447830 109.053223
v 55.665382 73.538963 110.019966
v 55.671238 73.586060 111.008331
v 55.736145 73.337868 111.934578
v 56.093052 57.020958 124.993591
v 56.266972 57.055717 124.598213
v 56.262253 56.952164 124.996063
v 56.267456 57.106632 125.358559
v 56.275101 57.553223 123.686394
v 56.273407 57.213425 124.086159
v 56.278767 57.366920 125.841019
v 56.116570 57.520981 125.884682
v 56.314995 57.684097 126.063553
v 56.250462 58.002178 123.424500
v 55.948074 58.010345 125.983223
v 56.328102 58.072544 126.198830
v 56.230965 58.618149 123.400108
v 56.268826 58.459663 126.191536
v 56.292107 59.132622 123.634018
v 56.259266 58.790897 125.917076
v 56.255596 59.129379 125.469711
v 56.280190 59.442703 124.053131
v 56.261829 59.357891 124.964050
v 55.680969 66.906822 117.985680
v 55.752781 67.474731 117.041138
v 55.752731 67.405159 117.963989
v 55.756416 68.094429 115.036179
v 55.925743 68.012390 116.033249
v 55.893181 67.991653 117.000443
v 55.763218 67.964584 117.946075
v 55.870335 68.647217 114.068420
v 56.081844 68.516312 114.983955
v 56.207661 68.584213 115.506630
v 56.131016 68.357109 115.992622
v 56.115265 68.603012 116.443405
v 55.966888 68.528381 116.979538
v 55.709896 68.483612 117.907890
v 56.084812 69.248604 113.727623
v 56.123932 68.952072 114.053581
v 56.246960 68.847130 114.998703
v 55.840126 69.084122 116.953094
v 56.088665 69.090607 116.410873
v 55.928143 69.780746 113.038994
v 56.237637 69.711662 113.483673
v 55.960739 69.733162 116.000069
v 56.186157 69.403557 115.962875
v 56.236748 69.769005 115.518295
v 56.177853 70.394791 112.573189
v 56.240192 70.048187 113.020226
v 56.165249 70.322701 115.368629
v 56.222157 70.987923 111.546036
v 56.205799 70.733925 112.071556
v 56.121246 70.892410 115.272163
v 56.246914 71.627159 109.557678
v 56.257404 71.406845 110.060379
v 56.266487 71.182350 111.007629
v 56.080357 71.316429 115.155754
v 55.990074 72.115341 109.039474
v 56.342644 72.236305 108.724533
v 56.311844 71.917229 109.092865
v 56.190784 71.658699 114.889282
v 56.245865 72.056374 114.546082
v 56.283630 72.674751 108.459999
v 56.160683 72.458076 114.232391
v 56.233482 73.243271 108.428474
v 56.248177 72.967834 112.999741
v 56.251919 73.192230 112.472954
v 56.176735 72.690056 113.902824
v 56.042683 73.760269 109.025482
v 56.336235 73.760345 108.571823
v 55.976082 73.821205 109.999229
v 56.009499 73.746429 110.971306
v 56.259232 73.659180 111.406570
v 56.253708 73.464485 111.933517
v 56.317406 74.069305 109.019722
v 56.316982 74.063049 110.033920
v 56.262794 73.829453 110.936874
v 56.477989 56.970646 124.998749
v 56.816830 57.531811 123.540428
v 56.840466 57.260437 124.041161
v 56.848335 57.117828 124.976173
v 56.504440 57.497467 125.931160
v 56.884945 57.414295 125.532646
v 56.679386 58.073769 123.118263
v 57.028343 58.181507 122.860680
v 56.915020 57.872204 123.119049
v 56.784645 57.767063 125.940308
v 56.642746 58.117390 126.155762
v 56.654964 58.561394 123.084480
v 57.048424 58.505363 122.820251
v 56.654068 58.430450 126.129898
v 56.873955 58.869190 123.041565
v 56.783772 59.239307 123.356216
v 56.772232 58.743107 125.880112
v 56.861492 59.098248 125.468628
v 56.648132 59.611069 124.015419
v 56.934528 59.605949 123.710190
v 56.894714 59.624729 124.435608
v 56.818588 59.444355 124.951622
v 56.945747 59.712811 124.015770
v 56.236263 68.665558 115.982201
v 56.270077 69.249168 114.062950
v 56.336575 69.210060 115.017876
v 56.256481 69.085236 115.920929
v 56.434483 69.771362 114.017448
v 56.378353 69.713051 114.982033
v 56.491489 70.357979 113.040146
v 56.644104 70.290123 114.013855
v 56.417545 70.316208 114.952164
v 56.515217 70.958214 112.019569
v 56.770802 70.959480 112.525307
v 56.738186 70.690102 113.020790
v 56.778580 70.648445 113.988518
v 56.708233 70.948944 114.437820
v 56.474037 70.874908 114.920181
v 56.794724 71.631859 109.563416
v 56.751419 71.467468 110.052299
v 56.766087 71.376869 111.015030
v 56.798882 71.214088 111.987701
v 56.392719 71.416733 114.877693
v 56.693726 71.499283 114.435127
v 56.834667 72.187607 108.551300
v 56.874653 71.843353 109.062065
v 56.660088 71.980949 114.258011
v 56.674286 72.728561 108.109406
v 57.017429 72.841034 107.847046
v 56.913101 72.522583 108.117790
v 56.484173 72.559929 113.933342
v 56.745739 72.309608 113.939751
v 56.752792 72.584885 113.464760
v 56.604004 73.249580 108.056618
v 56.992817 73.251457 107.766335
v 56.742157 72.806152 112.938988
v 56.757874 73.087791 112.411728
v 56.681297 73.781898 108.096718
v 57.038616 73.732689 107.800705
v 56.542244 73.851959 110.934151
v 56.895855 73.694267 111.045868
v 56.946358 73.949440 110.693832
v 56.749043 73.304985 111.912064
v 56.901382 74.082153 108.050217
v 56.603821 74.365860 109.011391
v 56.871510 74.392448 108.516327
v 56.634743 74.305222 109.960503
v 56.873840 74.200294 110.330544
v 56.914089 74.646873 109.027451
v 56.940868 74.491501 109.940407
v 57.428795 57.479759 123.526680
v 57.426102 57.292622 124.036331
v 57.402607 57.300186 124.945229
v 57.407578 57.540543 125.334717
v 57.443798 58.161205 122.767799
v 57.435814 57.793785 123.057472
v 57.025246 58.050266 125.903870
v 57.455471 57.997501 125.602943
v 57.463238 58.587296 122.674614
v 57.010464 58.542358 125.889206
v 57.453930 58.618958 125.607162
v 57.149391 59.171806 123.020790
v 57.556168 59.058193 122.760994
v 57.421318 59.087337 125.343742
v 57.457458 59.443226 123.039627
v 57.418114 59.713638 123.489601
v 57.427937 59.430836 124.965118
v 57.432384 59.695412 124.468781
v 57.462799 59.797962 123.987625
v 56.888767 71.009674 113.028175
v 56.873600 70.991066 113.951416
v 57.066757 71.591789 110.021049
v 57.073704 71.582054 111.015015
v 56.981369 71.548721 112.011742
v 57.008953 71.508980 113.002747
v 56.909180 71.491394 113.944252
v 57.419106 72.159973 108.544693
v 57.410213 71.937691 109.038582
v 57.402828 71.818779 109.960266
v 57.325382 71.859291 110.977203
v 57.328087 72.118164 111.450623
v 57.163719 72.065254 112.000023
v 57.018318 72.060333 112.980293
v 56.867741 71.999184 113.912178
v 57.429424 72.818962 107.768997
v 57.428097 72.468933 108.076332
v 57.143181 72.653183 111.999786
v 57.376316 72.662178 111.474304
v 56.905529 72.568413 112.939224
v 57.444344 73.265060 107.637917
v 56.965946 73.139557 111.928688
v 57.275070 73.171219 111.408424
v 57.458313 73.810463 107.637283
v 57.375370 73.453720 110.972664
v 57.460056 73.884064 110.649727
v 57.169128 74.390289 108.035545
v 57.558399 74.294006 107.761040
v 57.470989 74.348717 110.334831
v 57.465145 74.676231 108.037689
v 57.224346 74.894020 108.998665
v 57.478466 74.946747 108.522903
v 57.459839 74.951050 109.485207
v 57.412647 74.742073 109.978104
v 57.534958 75.083221 109.003731
v 58.014076 57.470856 123.520348
v 58.006252 57.328041 124.033112
v 57.937862 57.402817 124.911369
v 57.917747 57.628983 125.217140
v 58.014366 58.146427 122.731972
v 58.015125 57.771370 123.039963
v 57.994305 58.033699 125.419708
v 58.016705 58.611317 122.595299
v 58.005932 58.594749 125.455696
v 58.040813 59.156986 122.634186
v 58.011929 59.061359 125.284485
v 57.771759 59.681210 123.065514
v 58.121624 59.555641 122.809891
v 58.013336 59.425922 124.957878
v 58.014423 59.721306 124.475853
v 58.093788 59.778709 123.095566
v 58.023312 59.869164 123.966621
v 57.940701 72.253883 108.592468
v 57.896198 72.080666 109.024811
v 57.731380 72.076103 110.018829
v 57.964989 72.143883 109.480438
v 57.506161 72.158859 110.945236
v 57.918106 72.862091 107.794502
v 57.954315 72.529930 108.106728
v 58.005695 72.376389 109.996780
v 57.963123 72.727226 110.449570
v 57.662251 72.644783 110.943695
v 58.000366 73.276619 107.621620
v 57.616737 73.191444 110.922638
v 58.009773 73.286507 110.582626
v 58.015636 73.836411 107.567390
v 58.015640 73.835533 110.515114
v 58.037659 74.399597 107.603607
v 58.027370 74.395859 110.394310
v 57.764782 74.959312 108.041336
v 58.147583 74.878845 107.741417
v 57.753757 74.938698 109.958977
v 58.110558 74.800705 110.203156
v 58.078484 75.216881 108.064194
v 58.011192 75.352386 109.010307
v 58.086411 75.074883 109.913292
v 58.600876 57.468445 123.516678
v 58.570938 57.367874 124.010551
v 58.280117 57.486801 124.956619
v 58.609760 57.441502 124.516968
v 58.603046 58.127258 122.698479
v 58.604053 57.750866 123.024445
v 58.609905 57.692299 125.000923
v 58.548496 58.091858 125.286201
v 58.604233 58.603062 122.523384
v 58.580650 58.598244 125.362701
v 58.606941 59.177715 122.542046
v 58.585594 59.041019 125.241684
v 58.617767 59.608727 122.750145
v 58.592751 59.405762 124.941483
v 58.597752 59.720886 124.473946
v 58.614861 59.834435 123.070610
v 58.601185 59.892101 123.963081
v 58.194912 72.221962 109.014198
v 58.275764 72.719925 108.039436
v 58.580086 72.687408 108.509094
v 58.504745 72.468712 109.000275
v 58.295147 72.674507 109.991203
v 58.568928 72.695122 109.484497
v 58.549866 73.330811 107.711914
v 58.622116 72.924065 108.019569
v 58.571011 72.983795 109.974792
v 58.475262 73.365273 110.280083
v 58.599865 73.841621 107.537399
v 58.575249 73.858383 110.389313
v 58.591011 74.416992 107.458519
v 58.596783 74.405724 110.375969
v 58.654263 74.982162 107.459595
v 58.601055 74.850151 110.231636
v 58.401550 75.468712 108.044250
v 58.699154 75.434166 107.722610
v 58.353100 75.517944 108.982574
v 58.647850 75.464508 109.433296
v 58.589848 75.205841 109.906784
v 58.701450 75.647972 108.057121
v 58.686333 75.677536 108.962006
v 59.164070 57.452114 123.476372
v 59.150208 57.431164 123.956306
v 59.130768 57.561810 124.429001
v 59.201149 58.040993 122.598610
v 59.160809 57.667904 122.973816
v 59.108196 57.860661 124.897964
v 59.009888 58.183617 125.161987
v 59.143517 58.576515 122.371086
v 59.034657 58.600040 125.227386
v 59.160099 59.204945 122.396843
v 59.011372 59.009975 125.156387
v 59.199162 59.643879 122.681679
v 59.117508 59.331657 124.884911
v 59.204113 59.661346 124.460297
v 59.188358 59.865677 123.059608
v 59.185780 59.885876 123.957344
v 58.820354 72.741211 109.000626
v 59.092354 73.451706 107.777336
v 59.093300 73.178520 108.065460
v 59.125683 73.009552 108.975388
v 58.864265 73.277870 109.970726
v 59.166080 73.271507 109.488495
v 59.178421 73.850555 107.515282
v 59.156895 73.573311 109.968430
v 59.050621 73.963211 110.229935
v 59.089211 74.321907 107.286415
v 59.125782 74.419945 110.292061
v 59.067726 75.006142 107.132683
v 59.445744 75.019302 106.854431
v 59.229477 74.740013 107.053017
v 59.079075 74.812523 110.189415
v 59.233696 75.277016 107.053291
v 59.140167 75.625381 107.456017
v 59.138218 75.173653 109.903580
v 59.245625 75.555878 109.475090
v 59.173553 75.912071 108.003006
v 59.187225 75.883202 108.980331
v 59.504578 57.500175 123.037971
v 59.850849 57.595375 122.713310
v 59.810295 57.453278 123.058174
v 59.794849 57.445564 123.524719
v 59.460194 57.469997 123.980179
v 59.712708 57.966141 122.359146
v 59.799042 57.649998 124.044319
v 59.347805 58.078747 124.893845
v 59.781960 58.034107 124.493195
v 59.583927 58.636810 122.084900
v 59.974491 58.693207 121.816071
v 59.807785 58.333580 122.043556
v 59.438061 58.599136 124.955414
v 59.862804 58.595783 124.660423
v 59.603294 59.128468 122.110397
v 59.957996 59.017975 121.858040
v 59.366116 59.127632 124.901863
v 59.801514 59.207317 124.614410
v 59.842491 59.329147 122.119087
v 59.753880 59.661400 122.539673
v 59.760723 59.642876 124.319450
v 59.772228 59.885830 123.042686
v 59.769615 59.865673 123.940353
v 59.414391 73.352715 108.038422
v 59.456192 73.275146 108.994232
v 59.704704 73.869019 107.523689
v 59.773743 73.550415 108.017754
v 59.786030 73.514091 108.997704
v 59.450176 73.859901 109.964798
v 59.802311 73.828117 109.525566
v 59.502186 74.452927 107.041855
v 59.871994 74.603134 106.774429
v 59.824219 74.253098 107.096970
v 59.704258 74.171761 109.935295
v 59.501099 74.422249 110.112625
v 59.821487 75.023895 106.586296
v 59.455139 74.976669 109.958023
v 59.728741 74.689568 109.941406
v 59.864979 75.108208 109.707817
v 59.416538 75.638351 107.001450
v 59.816261 75.540939 106.532578
v 59.777214 75.573807 109.472649
v 59.677124 76.090042 107.040703
v 59.925049 76.112404 106.583809
v 59.496387 76.137764 107.971497
v 59.548424 76.058411 108.955765
v 59.853809 75.955772 109.200790
v 59.888199 76.381500 107.044785
v 59.840302 76.323769 108.006149
v 59.859940 76.171501 108.924210
v 60.357784 57.549061 122.542923
v 60.367775 57.401081 123.005867
v 60.361057 57.464401 123.488029
v 60.091152 58.048748 122.042274
v 60.460133 58.199326 121.787575
v 60.410656 57.834522 122.080360
v 60.356205 57.721737 123.998398
v 60.352283 58.110786 124.328941
v 60.392200 58.616425 121.680397
v 60.357708 58.601582 124.494553
v 60.374702 59.039371 121.767281
v 60.349873 59.179649 124.462135
v 60.365299 59.405231 122.059021
v 60.360245 59.720901 122.526062
v 60.343315 59.611580 124.251106
v 60.356804 59.892136 123.036873
v 60.343353 59.835281 123.929764
v 60.310490 73.953125 107.558281
v 60.276672 73.750389 108.040718
v 60.255337 73.785416 108.942703
v 60.256123 74.001816 109.271561
v 60.365791 74.530403 106.655022
v 60.389881 74.193298 107.067795
v 59.884945 74.420212 109.855057
v 60.298454 74.451408 109.531242
v 60.278316 74.943184 106.336235
v 60.349789 75.011078 109.500008
v 60.199158 75.639297 106.101051
v 60.552227 75.677849 105.766106
v 60.391300 75.324181 106.039780
v 60.331150 75.563484 109.373428
v 60.217712 76.130417 106.107849
v 60.550453 76.100906 105.757095
v 60.259747 75.958504 109.177025
v 60.428505 76.415237 106.056557
v 60.168766 76.635750 107.001434
v 60.416962 76.682098 106.529289
v 60.388081 76.701286 107.486923
v 60.329861 76.558128 108.040054
v 60.288364 76.215454 108.904640
v 60.473953 76.785316 107.001274
v 60.924690 57.411140 122.475029
v 60.980366 57.284275 123.000023
v 60.921326 57.390804 123.534149
v 60.988575 58.090958 121.709793
v 60.931709 57.689056 121.996338
v 60.917915 57.671276 124.018906
v 60.977505 58.079700 124.314461
v 60.950256 58.596973 121.617500
v 60.945282 58.603542 124.439423
v 60.944683 59.053066 121.735374
v 60.931793 59.160961 124.387222
v 60.944656 59.425930 122.042122
v 60.943558 59.721439 122.524078
v 60.846756 59.559620 124.199921
v 60.935429 59.872715 123.033218
v 60.868351 59.787376 123.906624
v 60.612312 73.899323 108.012230
v 60.552467 73.966225 108.949974
v 60.918030 74.531311 106.545250
v 60.932961 74.277260 107.050018
v 60.953743 74.064728 107.984856
v 60.854038 74.228317 108.927528
v 60.742977 74.525078 109.222672
v 60.671131 75.035950 106.032158
v 61.024502 75.150604 105.706627
v 61.001854 74.841866 106.085052
v 60.802959 75.008804 109.261826
v 60.963348 75.600143 105.450462
v 60.755119 75.494965 109.208321
v 60.922302 76.171310 105.428787
v 60.614410 76.171356 108.885239
v 60.909588 75.857826 108.953156
v 61.026630 76.186279 108.627159
v 60.704437 76.683022 106.036827
v 61.041862 76.666267 105.587929
v 60.669067 76.681999 107.964500
v 60.896606 76.494492 108.263596
v 61.039028 76.859787 106.058540
v 60.960197 76.910904 106.993935
v 60.943966 76.723976 107.887459
v 61.260845 57.471664 122.036743
v 61.625633 57.622627 121.781700
v 61.598866 57.326618 122.070175
v 61.521870 57.076077 122.998093
v 61.600307 57.351032 123.915955
v 61.261101 57.483387 123.964371
v 61.626701 57.630852 124.208328
v 61.543854 58.040493 121.621094
v 61.542000 58.040138 124.382050
v 61.531368 58.590923 121.581299
v 61.527962 58.596001 124.433640
v 61.529549 59.055420 121.728783
v 61.494587 59.118259 124.309639
v 61.528362 59.415920 122.048874
v 61.525738 59.699970 122.530159
v 61.210144 59.703487 123.958672
v 61.552471 59.520252 124.010818
v 61.540218 59.765274 123.520920
v 61.497559 59.817959 123.014519
v 61.488403 74.545067 106.557549
v 61.446930 74.372040 107.047409
v 61.421909 74.340332 107.967628
v 61.092381 74.480774 108.895447
v 61.427010 74.531471 108.415199
v 61.505566 75.022377 105.489677
v 61.582996 74.761665 106.020752
v 61.185528 75.006302 108.944290
v 61.558735 75.019150 108.575203
v 61.336231 75.633453 105.075317
v 61.679550 75.671173 104.709160
v 61.577728 75.340416 105.043694
v 61.142540 75.554222 108.928574
v 61.545288 75.608353 108.585320
v 61.274300 76.177734 105.028328
v 61.642803 76.170082 104.552673
v 61.496384 76.133759 108.372917
v 61.373356 76.702858 105.081345
v 61.677208 76.705833 104.586113
v 61.211479 76.678947 107.946068
v 61.544403 76.502991 108.005280
v 61.551052 76.794159 107.527252
v 61.603340 76.979942 105.052971
v 61.516933 77.129532 106.020294
v 61.510929 76.955681 106.979286
v 61.883282 56.932713 122.997726
v 62.143726 56.908558 122.515350
v 62.216690 56.820927 122.986702
v 62.161991 56.951668 123.447441
v 62.160324 57.507896 121.712883
v 62.102203 57.107723 122.019211
v 62.113979 57.189075 123.938385
v 62.130592 57.563858 124.261330
v 62.120159 58.019936 121.563828
v 62.118122 58.025116 124.422447
v 62.114491 58.588268 121.578056
v 62.113907 58.588882 124.422447
v 62.104824 59.040794 121.749641
v 62.101429 59.050156 124.261307
v 62.120750 59.399456 122.078728
v 62.065125 59.625854 122.568481
v 62.117916 59.424164 123.937630
v 62.066669 59.653313 123.444435
v 62.023094 59.747456 123.001587
v 61.782619 74.495155 107.013260
v 61.735031 74.534233 107.967499
v 61.871605 75.093300 105.059433
v 62.199654 75.193245 104.730629
v 62.183777 74.998421 105.098351
v 62.107864 74.795837 106.016579
v 62.122074 74.652252 106.980522
v 62.028461 74.807877 107.934219
v 61.933823 75.096573 108.255905
v 62.088741 75.567711 104.383736
v 61.966228 75.594238 108.279915
v 61.971462 76.228767 104.108360
v 62.311291 76.264160 103.767265
v 62.159454 75.917297 104.047211
v 61.944733 76.018761 108.184502
v 61.976475 76.715767 104.106918
v 62.306576 76.688042 103.754860
v 62.041561 76.340210 107.896904
v 62.113018 76.669052 107.457680
v 62.179836 77.009232 104.050758
v 61.891754 77.263138 105.014610
v 62.162846 77.297417 104.523003
v 61.867451 77.271774 105.980591
v 62.160259 77.212349 106.432236
v 62.088272 77.008408 106.942703
v 62.211987 77.445953 105.030426
v 62.201851 77.395729 105.953583
v 62.442963 56.918839 122.044548
v 62.799217 57.053646 121.799873
v 62.779045 56.822613 122.087952
v 62.737026 56.719975 122.986107
v 62.688145 56.829262 123.522629
v 62.714321 57.454281 121.614723
v 62.678898 57.091846 124.012062
v 62.737404 57.495743 124.309624
v 62.701996 58.013996 121.543869
v 62.704048 58.017998 124.433647
v 62.690372 58.574680 121.611977
v 62.689259 58.572906 124.379280
v 62.606422 58.982006 121.792427
v 62.604099 58.981762 124.206741
v 62.628860 59.254528 122.084686
v 62.341473 59.660500 123.002815
v 62.691013 59.511467 122.999031
v 62.627789 59.254623 123.914841
v 62.650768 75.198769 104.578636
v 62.621986 75.003349 105.058746
v 62.611874 74.940155 106.001778
v 62.568272 74.947311 106.963211
v 62.257328 75.067322 107.895302
v 62.535648 75.100731 107.413445
v 62.438175 75.634033 104.043022
v 62.789860 75.756096 103.728859
v 62.784103 75.427155 104.114548
v 62.320316 75.592361 107.930916
v 62.638428 75.600143 107.460342
v 62.729668 76.190033 103.457985
v 62.254711 76.106544 107.880173
v 62.592609 76.185875 107.448853
v 62.668594 76.765343 103.412819
v 62.547337 76.613281 107.239937
v 62.438412 77.319649 104.017624
v 62.757511 77.290878 103.557388
v 62.631123 76.908005 106.887680
v 62.707111 77.208786 106.440269
v 62.740692 77.592468 104.040138
v 62.697334 77.694504 105.016769
v 62.713379 77.463417 105.939301
v 63.300476 57.007797 121.760231
v 63.301994 56.767788 122.072067
v 63.295979 56.642788 122.996620
v 63.360729 56.817764 123.906082
v 63.020676 56.906479 123.960052
v 63.384789 57.054848 124.198601
v 63.289631 57.440838 121.580841
v 63.299778 57.454155 124.382034
v 63.285614 58.010090 121.550697
v 63.284203 58.008095 124.420937
v 63.253941 58.529999 121.695992
v 63.241833 58.519955 124.288689
v 63.320198 58.940784 122.010391
v 62.965691 59.121723 122.037529
v 63.269974 59.144505 122.510071
v 62.958981 59.108425 123.956123
v 63.303543 58.916573 123.979630
v 63.262676 59.138298 123.487236
v 63.190887 59.274677 122.999481
v 62.950974 75.094116 105.018532
v 62.937473 75.101830 106.008499
v 62.740055 75.127762 106.937401
v 63.278687 75.711052 103.552696
v 63.291424 75.450798 104.054863
v 63.301418 75.228081 104.983177
v 63.250912 75.349327 105.969093
v 63.241428 75.651459 106.452316
v 62.946827 75.582222 106.948990
v 63.106876 76.238823 103.074455
v 63.440090 76.261780 102.592407
v 63.369911 76.028214 103.061646
v 62.978271 76.172363 106.981590
v 63.324562 76.186447 106.585136
v 63.002083 76.765663 103.005928
v 63.322948 76.770012 102.522369
v 62.875938 76.702133 106.904861
v 63.258118 76.754700 106.537888
v 63.029259 77.365166 103.050270
v 63.332382 77.348381 102.527649
v 63.190529 77.182381 106.259987
v 63.230297 77.841980 103.052780
v 63.439690 77.870811 102.581512
v 63.057198 77.847847 103.975883
v 63.042732 77.827873 104.971107
v 63.284100 77.704727 105.382790
v 63.203876 77.495033 105.879311
v 63.413456 78.135010 103.049049
v 63.373501 78.021790 103.993423
v 63.299671 77.895172 104.910934
v 63.874767 56.998375 121.749252
v 63.875393 56.742531 122.067535
v 63.874493 56.621067 122.999237
v 63.874081 56.785477 123.922707
v 63.873310 57.020325 124.224533
v 63.873997 57.437862 121.569160
v 63.872223 57.443165 124.391144
v 63.873615 58.004368 121.569023
v 63.860508 57.988464 124.381027
v 63.870461 58.461391 121.730225
v 63.775913 58.406086 124.217163
v 63.864388 58.778683 122.051697
v 63.533493 59.125359 123.003937
v 63.899441 58.984482 122.994186
v 63.807930 58.703335 123.927574
v 63.868504 75.666321 103.529602
v 63.859154 75.491631 104.034081
v 63.798019 75.475876 104.953484
v 63.557594 75.612747 105.982094
v 63.841343 75.640358 105.481476
v 63.743053 76.301537 102.128342
v 63.951080 76.452141 101.944054
v 63.889057 76.234512 102.129181
v 63.881222 75.897438 103.010773
v 63.808659 75.935684 105.951920
v 63.685486 76.258904 106.246536
v 63.663979 76.775452 102.068436
v 64.014702 76.796303 101.803169
v 63.676338 76.679993 106.230217
v 63.653549 77.346039 102.058006
v 64.017349 77.342270 101.743927
v 63.537727 77.293152 105.947968
v 63.817478 77.015442 105.944687
v 63.905849 77.360512 105.525406
v 63.713619 77.888901 102.091072
v 64.057983 77.856117 101.744125
v 63.559517 77.867813 104.968826
v 63.903378 77.703995 105.033752
v 63.896732 77.977425 104.530128
v 63.914070 78.207344 102.028725
v 63.679520 78.420624 102.991364
v 63.900742 78.502174 102.509743
v 63.947044 78.451553 103.435783
v 63.836796 78.185783 103.981102
v 63.992130 78.698982 102.989662
v 64.460014 56.997509 121.747864
v 64.459740 56.744354 122.067528
v 64.454819 56.628254 122.996140
v 64.387733 56.815948 123.906273
v 64.361336 57.056786 124.192123
v 64.460915 57.437016 121.564056
v 64.440041 57.445515 124.342720
v 64.460815 58.004948 121.563904
v 64.421494 57.940643 124.289642
v 64.459999 58.442928 121.748924
v 64.145302 58.551235 123.968216
v 64.484116 58.354095 124.016136
v 64.486572 58.657356 123.538429
v 64.457054 58.709400 122.061409
v 64.440155 58.817173 122.986763
v 64.411598 75.721062 103.559021
v 64.350060 75.598122 104.015442
v 64.134438 75.640808 104.980850
v 64.406349 75.673882 104.474022
v 64.142754 76.271400 102.059746
v 64.480156 76.142464 102.472466
v 64.456367 75.929024 103.022087
v 64.410492 75.927254 104.972046
v 64.012421 76.231445 105.892776
v 64.320465 76.234100 105.416794
v 64.430756 76.846649 101.715775
v 64.483009 76.437004 101.995293
v 64.012962 76.714134 105.886703
v 64.336197 76.775757 105.440292
v 64.470604 77.361633 101.537308
v 64.309341 77.216843 105.261833
v 64.466866 77.911819 101.419144
v 64.391380 77.522171 104.910164
v 64.460510 77.853165 104.465904
v 64.108444 78.559410 101.994080
v 64.441193 78.500206 101.516380
v 64.460823 78.211983 103.985054
v 64.461037 78.559601 103.590538
v 64.375778 79.016312 102.041969
v 64.589371 79.055565 101.564949
v 64.280251 78.964584 102.933899
v 64.554482 78.916183 103.254753
v 64.579010 79.316925 102.044586
v 64.569412 79.166557 102.935623
v 65.048470 56.991627 121.735535
v 65.045891 56.750938 122.065247
v 65.022896 56.673176 122.985405
v 64.727859 56.899433 123.959175
v 65.066856 56.813656 123.525444
v 65.051369 57.431477 121.526855
v 65.055878 57.106037 123.999336
v 64.988708 57.505943 124.242104
v 65.049324 58.008675 121.526733
v 65.025711 57.879730 124.216583
v 65.050674 58.448677 121.735069
v 65.034874 58.255070 123.955429
v 65.041183 58.570934 123.485237
v 65.046104 58.685413 122.066322
v 65.045273 58.753273 122.967697
v 64.649208 75.730125 104.009140
v 64.994377 76.291679 102.554298
v 64.956192 76.117523 103.059044
v 64.917976 75.980110 103.959900
v 64.627457 76.229385 104.926712
v 64.897980 76.244682 104.420425
v 65.031471 76.895241 101.697304
v 65.051620 76.526329 102.064713
v 64.681793 76.763924 104.954384
v 64.989922 76.770592 104.466141
v 65.017601 77.334030 101.395897
v 64.605110 77.279648 104.891907
v 64.935989 77.357384 104.448013
v 64.868492 77.994484 101.098099
v 65.218727 78.110413 100.838737
v 65.100182 77.751472 101.090385
v 64.894051 77.788635 104.243317
v 64.815353 78.525063 101.057785
v 65.189705 78.537079 100.753448
v 64.995071 78.128357 103.919647
v 65.075790 78.552048 103.621819
v 64.838577 79.115883 101.088181
v 65.186554 79.099724 100.735008
v 65.091454 79.035400 103.329323
v 65.010811 79.593544 101.073586
v 65.255173 79.599319 100.764015
v 64.830200 79.610863 101.968315
v 65.065430 79.675934 102.491432
v 65.023453 79.439224 102.980141
v 65.174942 79.890892 101.049889
v 65.109825 79.926598 101.987389
v 65.640472 56.967060 121.675583
v 65.634743 56.744049 122.057846
v 65.628937 56.717541 122.961578
v 65.651184 56.935806 123.470268
v 65.606026 57.410679 121.395821
v 65.559326 57.264011 123.898842
v 65.446564 57.590347 124.141411
v 65.605927 58.033173 121.397171
v 65.446823 57.844299 124.132622
v 65.644890 58.475376 121.678131
v 65.561768 58.159649 123.883476
v 65.649765 58.492386 123.461906
v 65.632553 58.697559 122.058838
v 65.631989 58.713181 122.957314
v 65.259850 76.300125 103.036751
v 65.100273 76.274765 103.937370
v 65.540581 76.959282 101.747093
v 65.532547 76.725220 102.073219
v 65.544197 76.548172 102.966095
v 65.571426 76.832817 103.446373
v 65.297310 76.749939 103.950066
v 65.624603 77.312019 101.411278
v 65.322128 77.344299 103.981415
v 65.675354 77.359207 103.593384
v 65.644585 78.077652 100.748947
v 65.640335 77.684212 101.046211
v 65.235512 77.883667 103.919273
v 65.661598 77.969940 103.621277
v 65.643211 78.535172 100.577736
v 65.634392 78.526474 103.531136
v 65.630638 79.106186 100.480850
v 65.642914 79.082703 103.387390
v 65.645233 79.667076 100.431793
v 65.370850 79.637177 102.957695
v 65.719284 79.488808 103.193443
v 65.422806 80.202499 101.025101
v 65.721550 80.200279 100.580086
v 65.406601 80.213463 101.977066
v 65.720161 80.187775 102.412033
v 65.688240 79.832268 102.884987
v 65.695267 80.513809 101.019485
v 65.713684 80.489464 101.972771
v 66.198799 56.935886 121.529762
v 66.221077 56.717533 122.038429
v 66.215279 56.743977 122.942169
v 66.207657 56.965645 123.323639
v 66.050453 57.482655 121.113365
v 66.402336 57.589550 120.856285
v 66.290619 57.263905 121.100914
v 65.799606 57.482582 123.886444
v 66.245529 57.409119 123.603027
v 66.049423 57.958618 121.109398
v 66.403252 57.852402 120.857773
v 65.798210 57.956165 123.886848
v 66.242218 58.031258 123.603394
v 66.286903 58.178020 121.102432
v 66.203583 58.509674 121.527870
v 66.207741 58.471859 123.320663
v 66.219246 58.734665 122.038460
v 66.217026 58.697575 122.941246
v 65.828865 76.895370 102.044403
v 65.838554 76.847580 102.973305
v 66.148743 77.415924 101.555962
v 66.137070 77.144829 102.026390
v 66.093140 77.153229 102.956451
v 66.033333 77.445595 103.258842
v 66.207222 78.076569 100.732346
v 66.229103 77.714775 101.081558
v 66.144371 77.984894 103.332382
v 66.214096 78.522751 100.481133
v 66.190948 78.534805 103.387955
v 66.112358 79.004593 100.276184
v 66.185272 79.077263 103.335960
v 66.040298 79.736053 100.093781
v 66.419258 79.790176 99.809135
v 66.244225 79.422279 100.034653
v 66.123650 79.494156 103.189995
v 66.070091 80.230263 100.109337
v 66.424004 80.186302 99.813850
v 66.178314 79.870552 102.903015
v 66.248093 80.266533 102.565430
v 66.281219 80.526245 100.053429
v 65.981209 80.810318 101.011467
v 66.248024 80.837692 100.516563
v 66.023308 80.738991 101.949760
v 66.315773 80.658867 102.235077
v 66.295898 81.087280 101.029060
v 66.320435 80.903229 101.926376
v 66.783134 56.813667 121.474495
v 66.826859 56.672890 122.014862
v 66.804085 56.751034 122.934685
v 66.799538 56.993073 123.265556
v 66.858627 57.504593 120.746765
v 66.794037 57.106018 121.000671
v 66.800659 57.433296 123.473366
v 66.859924 57.936638 120.748253
v 66.798584 58.010525 123.473106
v 66.792915 58.333931 121.004066
v 66.780823 58.643642 121.467209
v 66.801346 58.449791 123.263573
v 66.823959 58.815372 122.013062
v 66.805977 58.704895 122.937096
v 66.450615 77.426949 102.030922
v 66.284920 77.449463 102.935455
v 66.705124 78.144936 100.764336
v 66.704170 77.899895 101.075279
v 66.736542 77.699379 101.972374
v 66.791801 77.948692 102.494499
v 66.547485 77.913307 102.984352
v 66.770187 78.536942 100.435799
v 66.754593 78.260193 102.962158
v 66.600151 78.611183 103.195045
v 66.530640 79.136566 100.035980
v 66.898148 79.311775 99.809410
v 66.847145 78.934235 100.100250
v 66.602684 79.015839 103.191109
v 66.837166 79.728172 99.666664
v 66.491547 79.669411 102.964867
v 66.777802 79.383545 102.964470
v 66.909317 79.801804 102.723946
v 66.836662 80.256989 99.645393
v 66.809242 80.284355 102.522827
v 66.545120 80.836403 100.035660
v 66.933884 80.741837 99.756119
v 66.814400 80.728859 102.266647
v 66.840950 81.122375 100.037659
v 66.609390 81.321938 100.990524
v 66.860840 81.383652 100.525101
v 66.859901 81.317673 101.435013
v 66.798569 81.077034 101.913918
v 66.920456 81.486748 100.988792
v 67.122948 56.905884 121.043900
v 67.479118 57.064331 120.813820
v 67.455177 56.831242 121.096489
v 67.394646 56.642467 122.004868
v 67.388786 56.749249 122.931183
v 67.389107 56.998703 123.250504
v 67.405693 57.457298 120.645172
v 67.389084 57.437134 123.435486
v 67.407227 57.986912 120.636368
v 67.389084 58.004978 123.435951
v 67.122574 58.542374 121.038589
v 67.489143 58.395126 120.794701
v 67.390671 58.452682 123.259789
v 67.460541 58.677303 121.082863
v 67.369415 58.972691 122.006500
v 67.395638 58.747116 122.935982
v 67.000664 78.067085 101.046249
v 67.044540 77.991158 101.988068
v 67.298775 78.619308 100.585861
v 67.310226 78.315430 101.027847
v 67.326851 78.292114 101.980965
v 66.954971 78.569420 102.896828
v 67.299500 78.608688 102.421524
v 67.301590 79.316742 99.806885
v 67.336685 78.976097 100.112549
v 66.983223 79.066299 102.902931
v 67.379234 79.142845 102.566917
v 67.377495 79.724869 99.629547
v 67.397491 79.701447 102.531181
v 67.393318 80.282959 99.551643
v 67.389618 80.271858 102.447815
v 67.417709 80.847252 99.574554
v 67.390007 80.736450 102.268974
v 67.139740 81.406044 100.039360
v 67.508942 81.343323 99.713120
v 67.393150 81.116547 101.959793
v 67.415321 81.469910 101.482994
v 67.446953 81.675308 100.056046
v 67.400299 81.732033 100.986298
v 67.886711 57.065468 120.813934
v 67.909447 56.833862 121.098106
v 67.969597 56.653530 122.005051
v 67.961952 56.768276 122.927628
v 67.962318 57.009216 123.237366
v 67.963470 57.456470 120.630821
v 67.974541 57.440388 123.416862
v 67.979546 58.001713 120.592537
v 67.976051 58.005005 123.432938
v 67.993195 58.464741 120.737801
v 67.976196 58.465820 123.265564
v 67.974205 58.838619 121.061501
v 67.741501 59.087635 121.996376
v 68.025322 59.067211 121.555595
v 68.022797 59.048992 122.436440
v 67.956505 58.836201 122.930687
v 68.068893 59.161556 121.998375
v 67.615952 78.591576 101.022591
v 67.600296 78.601349 101.974045
v 67.650909 79.169067 100.042206
v 67.961830 79.124199 100.506447
v 67.915497 78.877602 101.014641
v 67.851334 78.911072 101.955338
v 67.777779 79.211250 102.242088
v 67.929092 79.773056 99.697525
v 67.998970 79.369614 100.018867
v 67.897949 79.743553 102.301437
v 67.975731 80.280045 99.488625
v 67.945229 80.281799 102.343864
v 67.936203 80.840752 99.364281
v 67.960793 80.724098 102.236809
v 67.930382 81.449532 99.406906
v 67.973274 81.125748 101.961731
v 67.975449 81.507004 101.602974
v 67.756027 81.964554 100.023026
v 68.062637 81.955406 99.578812
v 67.750832 81.935120 100.959465
v 68.059540 81.860474 101.269035
v 68.063210 82.248825 100.037247
v 68.071037 82.113937 100.941223
v 68.242844 56.911224 121.043793
v 68.583145 56.815742 121.471687
v 68.534012 56.700352 122.013474
v 68.487656 56.818172 122.911469
v 68.464111 57.054901 123.198273
v 68.528206 57.492847 120.679512
v 68.588081 57.086391 120.981163
v 68.547813 57.453979 123.378067
v 68.569969 58.011448 120.547920
v 68.560875 58.003288 123.412750
v 68.597923 58.552464 120.641670
v 68.561447 58.469501 123.271385
v 68.537582 58.942287 120.980949
v 68.551491 59.185982 121.477303
v 68.561874 58.830605 122.951500
v 68.566071 59.113049 122.469566
v 68.595695 59.228611 121.985062
v 68.218811 79.172752 101.025093
v 68.042252 79.207848 101.934090
v 68.468468 79.889648 99.749474
v 68.470940 79.622055 100.063560
v 68.500420 79.452469 100.974983
v 68.549759 79.706581 101.494476
v 68.303169 79.672707 101.981621
v 68.529961 80.286476 99.419182
v 68.512909 80.018295 101.962143
v 68.353539 80.370125 102.184113
v 68.374359 80.919533 99.087769
v 68.735413 81.040215 98.840103
v 68.622063 80.687927 99.100876
v 68.377434 80.702904 102.142105
v 68.324341 81.451553 99.058586
v 68.713196 81.454018 98.772293
v 68.506721 81.051331 101.906227
v 68.593491 81.482544 101.623123
v 68.417435 81.965729 99.110802
v 68.739349 81.870911 98.838577
v 68.606857 81.966209 101.330368
v 68.642075 82.192551 99.101097
v 68.372215 82.490036 100.009056
v 68.633675 82.482910 99.575500
v 68.601112 82.550552 100.482567
v 68.546104 82.360519 100.977951
v 68.670006 82.629860 100.015160
v 69.140305 56.891048 121.520592
v 69.116119 56.779240 122.013161
v 68.828056 56.901493 122.956253
v 69.157715 56.854561 122.516716
v 69.145203 57.506088 120.629265
v 69.153877 57.155323 121.009621
v 69.158195 57.105919 123.001205
v 69.096252 57.507504 123.281105
v 69.110725 57.993813 120.379898
v 69.129578 58.011856 123.357666
v 69.089073 58.598755 120.391449
v 69.133583 58.455097 123.241837
v 68.871216 59.146435 121.011017
v 69.232338 59.087826 120.585175
v 69.140663 58.819977 122.941689
v 69.145996 59.121384 122.468559
v 69.234283 59.289379 121.055984
v 69.157768 59.304249 121.968651
v 68.788353 79.801361 100.036354
v 68.808304 79.744705 100.986832
v 69.111618 80.271812 99.519753
v 69.142677 80.002464 100.014793
v 69.114998 80.033707 100.970894
v 68.712135 80.326706 101.895744
v 69.079689 80.364914 101.427696
v 69.162216 81.011246 98.755890
v 69.155930 80.636230 99.053986
v 68.729294 80.808823 101.883430
v 69.154289 80.902336 101.589310
v 69.166428 81.455978 98.642136
v 69.151154 81.457504 101.533531
v 69.200340 81.959969 98.719856
v 69.160233 82.015739 101.398422
v 69.137154 82.361328 99.000015
v 69.137390 82.631233 99.480217
v 68.888733 82.548149 100.955963
v 69.245804 82.412361 101.198044
v 69.181923 82.762459 100.013161
v 69.225037 82.645348 100.911736
v 69.689369 56.965973 121.555176
v 69.637947 56.875446 122.001030
v 69.666679 56.988068 122.424156
v 69.688698 57.422798 120.473221
v 69.786995 57.161800 121.013611
v 69.656647 57.273838 122.899780
v 69.558334 57.597191 123.162506
v 69.517952 58.044132 120.049889
v 69.877487 58.075745 119.587486
v 69.767471 57.749229 120.025040
v 69.582687 58.014050 123.227386
v 69.460075 58.598530 120.015076
v 69.794426 58.600754 119.536758
v 69.559372 58.423962 123.156380
v 69.575249 59.123634 120.080940
v 69.866013 59.129547 119.576019
v 69.665314 58.745674 122.885231
v 69.752434 59.081345 122.462273
v 69.807907 59.399685 120.053047
v 69.722374 59.545860 121.019051
v 69.737762 59.348606 121.951599
v 69.686707 80.392731 99.553947
v 69.632950 80.223984 100.014107
v 69.439186 80.280006 100.994408
v 69.718109 80.318863 100.491699
v 69.733566 81.002480 98.735046
v 69.755775 80.631363 99.067947
v 69.766457 80.513718 101.004799
v 69.692932 80.924339 101.345772
v 69.735130 81.464592 98.587105
v 69.732658 81.458458 101.463486
v 69.748306 82.013832 98.622368
v 69.735435 82.027588 101.417061
v 69.468857 82.558029 99.043640
v 69.832901 82.412987 98.801773
v 69.747665 82.458824 101.237404
v 69.806892 82.673935 99.087234
v 69.743874 82.877274 100.003654
v 69.749626 82.719475 100.932457
v 69.953926 56.960728 122.001968
v 70.068398 57.494659 120.037689
v 70.387291 57.596210 119.593742
v 70.390251 57.392445 120.087242
v 70.311874 57.211472 121.010529
v 70.300316 57.145699 121.962509
v 69.895805 57.490875 122.894150
v 70.294930 57.475029 122.462822
v 70.195656 58.102043 119.116531
v 70.477119 58.160610 118.749290
v 70.408043 57.891144 119.110443
v 69.980354 58.013374 122.950409
v 70.380165 58.014889 122.609032
v 70.106850 58.601971 119.049149
v 70.445953 58.591366 118.558228
v 69.910049 58.539307 122.898048
v 70.323006 58.613148 122.577095
v 70.152168 59.135983 119.073074
v 70.458885 59.132374 118.582962
v 70.297882 59.061497 122.311798
v 70.370949 59.436954 119.029259
v 70.102608 59.672035 120.016922
v 70.369774 59.700531 119.526184
v 70.072556 59.683945 120.980042
v 70.362900 59.616623 121.426453
v 70.289345 59.406048 121.921577
v 70.425713 59.802849 120.030899
v 70.400993 59.782162 120.948471
v 69.977890 80.348518 100.000893
v 70.317741 81.015251 98.740990
v 70.312691 80.717628 99.060966
v 70.357826 80.455994 100.002472
v 70.307533 80.688637 100.951759
v 70.314430 81.006248 101.270447
v 70.319855 81.464188 98.570915
v 70.319923 81.463928 101.430382
v 70.321495 82.027557 98.583176
v 70.320099 82.030060 101.430359
v 70.339142 82.476173 98.748215
v 70.324478 82.485542 101.266556
v 70.339561 82.787277 99.054413
v 70.284660 83.030426 100.002800
v 70.331543 82.806030 100.950432
v 70.908005 57.513794 119.540283
v 70.901283 57.363998 120.040558
v 70.835022 57.342876 120.977211
v 70.769043 57.407669 121.928848
v 70.713470 57.594711 122.203804
v 70.885017 58.033733 118.493073
v 70.936623 57.763683 118.999832
v 70.773064 58.024490 122.301926
v 70.766762 58.650703 118.113907
v 71.104195 58.686264 117.770531
v 70.968307 58.355686 118.057938
v 70.772064 58.592213 122.297173
v 70.766907 59.134567 118.107262
v 71.097054 59.107876 117.755196
v 70.730621 59.012333 122.168999
v 70.970718 59.428295 118.051926
v 70.647881 59.717636 119.020042
v 70.943169 59.725700 118.520325
v 70.816978 59.297058 121.872017
v 70.841240 59.586376 121.400917
v 70.984978 59.886448 119.054237
v 70.917534 59.923553 119.999977
v 70.837631 59.775410 120.911888
v 70.891945 81.035652 98.763138
v 70.892616 80.772423 99.068466
v 70.899094 80.597130 99.999443
v 70.890472 80.768303 100.932350
v 70.892326 81.035378 101.237236
v 70.904572 81.466423 98.583008
v 70.904572 81.466400 101.417068
v 70.906662 82.034042 98.554054
v 70.906723 82.034065 101.446777
v 70.945366 82.553078 98.697510
v 70.942223 82.554321 101.303223
v 70.874321 82.958443 99.013596
v 70.654671 83.162239 99.995766
v 70.927574 83.171104 99.510445
v 70.922821 83.172096 100.490402
v 70.874588 82.965797 100.989815
v 71.003372 83.300240 100.000710
v 71.449158 57.543446 119.548271
v 71.382790 57.432766 120.013985
v 71.177994 57.482227 121.008102
v 71.441612 57.501698 120.477768
v 70.924675 57.559498 121.912331
v 71.247025 58.094360 118.058083
v 71.588219 58.194744 117.741272
v 71.567070 57.973850 118.094276
v 71.520546 57.691376 119.014946
v 71.475151 57.735348 120.991646
v 71.438866 58.072834 121.445442
v 71.128700 58.006523 121.921967
v 71.522171 58.613087 117.462418
v 71.144997 58.589798 121.946625
v 71.483803 58.599850 121.547577
v 71.459824 59.185284 117.414116
v 71.038689 59.099880 121.881042
v 71.408875 59.110146 121.420738
v 71.228142 59.740067 118.017609
v 71.547974 59.710583 117.557800
v 71.155655 59.696259 120.959999
v 71.480911 59.463966 120.987038
v 71.514030 59.748600 120.519310
v 71.530106 60.012547 118.040207
v 71.479858 60.133831 119.021118
v 71.467438 59.925900 119.971115
v 71.392479 81.082207 98.802818
v 71.413826 80.850655 99.092720
v 71.469055 80.696388 99.999229
v 71.415352 80.844475 100.908600
v 71.393661 81.080513 101.198540
v 71.477959 81.480240 98.617416
v 71.477928 81.480171 101.382622
v 71.491997 82.039909 98.547211
v 71.492004 82.039909 101.452873
v 71.505173 82.600342 98.614998
v 71.505150 82.600479 101.385201
v 71.230347 83.142952 99.038513
v 71.593460 83.012985 98.789665
v 71.227104 83.152420 100.963837
v 71.590248 83.012459 101.212059
v 71.563217 83.305092 99.075851
v 71.497017 83.549255 100.002144
v 71.563828 83.307770 100.926865
v 71.697037 57.550659 120.007530
v 72.070793 58.162563 117.565338
v 72.078415 57.941044 118.056198
v 72.060356 57.796062 118.999619
v 72.029419 57.774372 119.944901
v 71.766449 58.029205 120.986946
v 72.057335 58.034512 120.487732
v 71.904167 58.662807 117.098579
v 72.231232 58.754269 116.760323
v 72.154289 58.459446 117.113411
v 71.999916 58.356415 120.939796
v 71.829758 58.601669 121.179535
v 71.809570 59.186577 117.019379
v 72.198967 59.181969 116.558296
v 71.776871 59.177837 120.996971
v 72.025116 58.863373 120.942863
v 72.109795 59.221191 120.623520
v 71.839104 59.778084 117.061676
v 72.198074 59.776951 116.556526
v 72.000206 59.640320 120.301582
v 72.054604 60.227043 117.075417
v 72.247238 60.203300 116.748581
v 71.846336 60.263626 117.985512
v 71.832962 60.262672 118.974548
v 72.134796 60.151077 119.416504
v 72.000496 59.945602 119.886742
v 72.211403 60.383144 117.068558
v 72.170158 60.419262 118.002739
v 72.159508 60.356480 118.940018
v 71.746819 80.955643 99.047989
v 72.049217 80.925217 99.514847
v 71.972046 80.824043 100.000519
v 71.750702 80.945229 100.955353
v 72.052414 80.925690 100.485680
v 72.027611 81.535652 98.712982
v 72.093422 81.137741 99.021202
v 72.091797 81.133942 100.980293
v 72.029625 81.535439 101.285629
v 72.075264 82.048470 98.572090
v 72.076172 82.048111 101.430519
v 72.079857 82.617638 98.570747
v 72.079834 82.617859 101.430527
v 72.128357 83.130272 98.712914
v 72.126350 83.130516 101.285622
v 72.062592 83.528244 99.021187
v 71.842346 83.723610 99.996994
v 72.102936 83.751389 99.512459
v 72.100266 83.749962 100.487572
v 72.064209 83.532074 100.980293
v 72.175369 83.886238 100.000687
v 72.622101 58.144470 117.559998
v 72.578941 57.982086 118.048401
v 72.561630 57.954025 118.976219
v 72.355827 58.026058 119.989914
v 72.620155 58.073490 119.478256
v 72.660324 58.700436 116.543816
v 72.698158 58.355000 117.048904
v 72.609688 58.347218 119.968323
v 72.157242 58.605057 120.850792
v 72.471840 58.660618 120.397369
v 72.539986 59.255680 116.132088
v 72.852348 59.347412 115.853401
v 72.743240 59.027927 116.107651
v 72.498657 59.109619 120.279465
v 72.527153 59.721455 116.117065
v 72.874649 59.675385 115.822784
v 72.343628 59.733608 119.962234
v 72.624733 59.451263 119.959641
v 72.690491 59.797554 119.615837
v 72.719864 60.023636 116.053711
v 72.639481 60.359703 116.478371
v 72.577553 60.164867 119.263382
v 72.678528 60.648125 117.028259
v 72.673828 60.566433 117.987831
v 72.595482 60.358063 118.897362
v 72.311996 80.949684 99.997063
v 72.553780 81.654503 98.797348
v 72.587502 81.367790 99.079399
v 72.658768 81.117081 100.002113
v 72.592148 81.358215 100.926865
v 72.565247 81.653313 101.212036
v 72.637772 82.070465 98.634773
v 72.649841 82.066307 101.382362
v 72.663574 82.625435 98.564415
v 72.664001 82.625969 101.451813
v 72.678726 83.184883 98.619698
v 72.678123 83.185684 101.382454
v 72.405914 83.724777 99.042427
v 72.765923 83.599136 98.789749
v 72.402435 83.734512 100.960228
v 72.762802 83.598694 101.211998
v 72.735214 83.891098 99.075844
v 72.669029 84.135277 100.002167
v 72.735840 83.893776 100.926865
v 72.916634 58.085701 118.013420
v 72.883545 58.112541 118.980263
v 73.225052 58.560925 116.474236
v 73.275833 58.401302 117.021271
v 73.264915 58.232491 117.983589
v 73.181091 58.383495 118.953117
v 72.808594 58.649055 119.909302
v 73.106834 58.659187 119.415382
v 73.302063 59.266697 115.727486
v 73.238548 58.861305 115.996773
v 72.813240 59.135773 119.899719
v 73.138252 59.197910 119.446190
v 73.284882 59.757664 115.656639
v 73.100243 59.696812 119.292542
v 72.981422 60.337532 116.031021
v 73.378273 60.231602 115.757111
v 72.907234 60.269741 118.936371
v 73.207123 60.026390 118.952240
v 73.288704 60.349983 118.526123
v 73.288658 60.605564 116.043381
v 73.025581 60.833656 116.988411
v 73.305244 60.858074 116.528336
v 73.296288 60.817295 117.440208
v 73.202225 60.615646 117.983871
v 73.360359 60.942898 116.985626
v 72.900322 81.542854 99.059532
v 73.197166 81.533699 99.526306
v 73.138611 81.385246 100.002068
v 72.925438 81.518639 100.960693
v 73.216576 81.512611 100.484932
v 73.129623 82.171501 98.755272
v 73.207161 81.795601 99.044220
v 73.264145 81.722305 100.974876
v 73.201363 82.121635 101.285477
v 73.235916 82.646530 98.607964
v 73.247215 82.634560 101.427559
v 73.253052 83.202431 98.586472
v 73.251869 83.203568 101.429131
v 73.300865 83.715714 98.713898
v 73.298439 83.716461 101.285637
v 73.234604 84.114258 99.021194
v 73.014336 84.309616 99.997009
v 73.274933 84.337387 99.512436
v 73.272263 84.335976 100.487564
v 73.236221 84.118088 100.980278
v 73.347382 84.472244 100.000702
v 73.569328 58.665909 116.044579
v 73.924805 58.822605 115.813889
v 73.901131 58.601624 116.100853
v 73.824928 58.440510 117.000168
v 73.746925 58.496128 117.946144
v 73.415894 58.651470 118.922508
v 73.744392 58.700253 118.419518
v 73.848022 59.213013 115.611786
v 73.512001 59.183559 118.972664
v 73.868591 59.196049 118.580154
v 73.841133 59.772507 115.517677
v 73.450905 59.730289 118.936348
v 73.841301 59.786705 118.578644
v 73.861404 60.339062 115.574272
v 73.812599 60.256779 118.336487
v 73.599876 60.850559 116.059090
v 73.944611 60.764889 115.757812
v 73.831520 60.586472 117.950813
v 73.839355 60.877594 117.468750
v 73.919655 61.009346 116.079346
v 73.863655 61.078148 116.972740
v 73.442581 81.577927 100.002068
v 73.525726 82.062485 99.020287
v 73.837204 82.038086 99.499435
v 73.769775 81.809319 100.029991
v 73.731728 81.978638 100.933441
v 73.722374 82.247543 101.197746
v 73.783165 82.706818 98.714310
v 73.859474 82.292633 99.010216
v 73.809181 82.656876 101.363884
v 73.832962 83.221519 98.587074
v 73.835602 83.211426 101.435242
v 73.850937 83.771072 98.624313
v 73.850754 83.770988 101.380379
v 73.577927 84.310791 99.042419
v 73.937958 84.185158 98.789742
v 73.574425 84.320511 100.960220
v 73.934807 84.184669 101.211975
v 73.907196 84.477089 99.075859
v 73.841011 84.721252 100.002113
v 73.907852 84.479790 100.926865
v 74.339905 58.825901 115.802795
v 74.333778 58.626026 116.076355
v 74.323700 58.553741 116.972023
v 74.084785 58.664062 117.967384
v 74.376556 58.667553 117.474487
v 74.421486 59.207035 115.550041
v 74.361046 58.943604 117.949646
v 74.247116 59.269821 118.261948
v 74.383888 59.734592 115.345062
v 74.275764 59.772060 118.281418
v 74.334091 60.366081 115.344673
v 74.250229 60.189507 118.174454
v 74.416458 60.921383 115.506691
v 74.358238 60.514740 117.890694
v 74.485474 60.910957 117.478409
v 74.404930 61.270813 116.008278
v 74.407135 61.250313 116.982735
v 74.107819 82.057899 100.003883
v 74.034943 82.162613 100.946167
v 74.320503 82.825081 98.789848
v 74.351692 82.531090 99.075584
v 74.437340 82.259689 99.991295
v 74.363510 82.413658 100.943390
v 74.298668 82.762062 101.240540
v 74.408020 83.238213 98.621742
v 74.408585 83.232437 101.393440
v 74.424957 83.788727 98.585709
v 74.425026 83.788551 101.414635
v 74.472786 84.301834 98.713776
v 74.470901 84.301956 101.284706
v 74.406586 84.700249 99.021194
v 74.188004 84.888313 99.997047
v 74.450783 84.912758 99.514854
v 74.447601 84.912315 100.485695
v 74.408195 84.704056 100.980270
v 74.525742 85.027267 100.000534
v 74.644905 58.724693 116.042076
v 74.669502 58.673172 116.993065
v 74.935745 59.233768 115.529442
v 75.009102 58.902206 116.018051
v 75.005493 58.889347 116.987656
v 74.602524 59.228172 117.914406
v 74.995674 59.222973 117.475525
v 74.822716 59.826660 115.092628
v 75.177673 59.940914 114.823715
v 75.078751 59.622116 115.119293
v 74.679237 59.769817 117.961563
v 75.091721 59.769859 117.645653
v 74.740219 60.359730 115.027557
v 75.135612 60.366478 114.693680
v 74.606659 60.302422 117.906975
v 75.044327 60.396027 117.650482
v 74.745918 60.965622 115.067543
v 75.106804 60.946720 114.647194
v 75.009865 60.925808 117.457710
v 74.944862 61.437019 115.055618
v 75.204811 61.452908 114.593063
v 74.718575 61.509743 115.972893
v 74.775848 61.431984 116.958908
v 75.097031 61.317654 117.212395
v 75.117355 61.739906 115.034729
v 75.053375 61.781429 116.016655
v 75.103264 61.572380 116.925415
v 74.683662 82.694923 99.038460
v 74.986519 82.666718 99.510414
v 74.911499 82.534386 99.999916
v 74.698807 82.646393 100.975876
v 74.994888 82.657585 100.492813
v 74.968155 83.285477 98.698418
v 75.039749 82.879456 99.013550
v 75.038429 82.868759 100.993217
v 74.968620 83.283943 101.299896
v 75.006416 83.805443 98.571381
v 75.006371 83.805542 101.428452
v 75.022415 84.357727 98.622513
v 75.022453 84.357803 101.377495
v 74.753189 84.882271 99.048042
v 75.107491 84.755974 98.802559
v 74.749207 84.893280 100.955505
v 75.106300 84.757790 101.198753
v 75.085869 85.002373 99.090042
v 75.034058 85.178619 100.000763
v 75.083580 85.007439 100.912598
v 75.545990 59.304859 115.558983
v 75.512657 59.100349 116.040726
v 75.487671 59.144543 116.937347
v 75.478615 59.371593 117.235420
v 75.610313 59.896526 114.684608
v 75.627052 59.548740 115.071922
v 75.562035 59.793148 117.413277
v 75.575012 60.340946 114.401253
v 75.579414 60.360897 117.462753
v 75.457703 60.880104 114.305420
v 75.579315 60.928757 117.393814
v 75.503319 61.527924 114.141563
v 75.833229 61.532665 113.812935
v 75.625565 61.249104 114.033592
v 75.593002 61.369541 117.223312
v 75.655495 61.791996 114.046669
v 75.364067 62.053665 115.012177
v 75.613632 62.100792 114.508041
v 75.374718 62.015671 115.973351
v 75.648109 61.965775 116.425758
v 75.579849 61.718636 116.898781
v 75.676170 62.334774 115.032097
v 75.684822 62.180988 115.950523
v 75.259361 82.675606 99.995766
v 75.574883 83.361763 98.748138
v 75.574966 83.049423 99.054153
v 75.625328 82.818382 100.002724
v 75.572075 83.052132 100.946007
v 75.577347 83.363007 101.252647
v 75.592369 83.810677 98.584335
v 75.592384 83.810616 101.415871
v 75.595573 84.371323 98.584351
v 75.595589 84.371376 101.415741
v 75.608658 84.811676 98.755226
v 75.607773 84.811523 101.245026
v 75.612503 85.100227 99.065491
v 75.568962 85.347733 100.000664
v 75.612350 85.099190 100.933472
v 75.848328 59.249336 116.012268
v 75.785614 59.320267 116.945679
v 76.152008 59.893486 114.550621
v 76.169014 59.628307 115.050400
v 76.189728 59.414730 115.984856
v 76.089455 59.579094 116.925682
v 75.981552 59.880020 117.202286
v 75.988770 60.414768 114.086380
v 76.336075 60.520355 113.801636
v 76.253098 60.220428 114.121109
v 76.043633 60.368980 117.263855
v 75.822510 60.915215 113.964073
v 76.234428 60.970463 113.630867
v 76.039795 60.931606 117.250069
v 76.209625 61.520164 113.449310
v 76.006622 61.353077 117.156136
v 75.843422 62.141460 114.000885
v 76.179802 62.088123 113.529999
v 76.110474 61.670212 116.880341
v 76.199516 61.999279 116.452980
v 76.121277 62.580715 114.050713
v 76.348305 62.613861 113.587990
v 75.979645 62.564571 114.961601
v 76.236618 62.554359 115.430580
v 76.170502 62.339134 115.936897
v 76.316994 62.753525 114.040810
v 76.277908 62.723705 114.950600
v 76.081543 83.424667 98.801353
v 76.106384 83.166679 99.088089
v 76.165352 82.978302 99.999878
v 76.106590 83.164619 100.914917
v 76.082756 83.423622 101.199425
v 76.166473 83.823601 98.620262
v 76.166481 83.823509 101.379906
v 76.180305 84.373695 98.583336
v 76.180328 84.373695 101.416641
v 76.181580 84.835281 98.735619
v 76.181015 84.834351 101.262947
v 76.160385 85.203812 99.068848
v 75.941101 85.466637 99.997345
v 76.225807 85.425690 99.558189
v 76.225624 85.422066 100.437462
v 76.163124 85.201332 100.929596
v 76.273560 85.524208 99.999062
v 76.712585 59.921429 114.570473
v 76.675552 59.737099 115.048271
v 76.658241 59.689960 115.967697
v 76.329453 59.831097 116.895401
v 76.664017 59.879971 116.416168
v 76.771889 60.488384 113.673958
v 76.787834 60.155453 114.082245
v 76.435974 60.360298 116.958900
v 76.804619 60.367531 116.586395
v 76.705002 60.877983 113.350082
v 76.448006 60.940739 116.973030
v 76.844200 60.943947 116.631775
v 76.574326 61.571220 113.072693
v 76.913246 61.605022 112.707161
v 76.789650 61.255005 113.027145
v 76.357834 61.470066 116.900505
v 76.771400 61.543915 116.580475
v 76.531563 62.110928 113.040710
v 76.879898 62.107552 112.548653
v 76.746994 61.994621 116.315674
v 76.620857 62.637417 113.084435
v 76.907211 62.649796 112.576347
v 76.759453 62.335133 115.944626
v 76.767548 62.632977 115.465363
v 76.827553 62.931633 113.050446
v 76.762093 63.048885 114.017822
v 76.778732 62.855377 114.955650
v 76.446747 83.277176 99.040810
v 76.785973 83.191566 99.470856
v 76.726830 83.096306 100.000633
v 76.448280 83.266541 100.959305
v 76.787148 83.189903 100.527573
v 76.728371 83.868446 98.696007
v 76.790840 83.457771 98.983452
v 76.791527 83.453125 101.020241
v 76.729050 83.868584 101.303871
v 76.764931 84.381706 98.606445
v 76.764961 84.381760 101.393806
v 76.765884 84.838348 98.733284
v 76.765778 84.838943 101.267448
v 76.765114 85.204681 99.046341
v 76.771309 85.477104 99.532974
v 76.766434 85.203842 100.954048
v 76.770523 85.475838 100.467522
v 76.774200 85.564491 99.999779
v 76.986481 59.877274 115.020821
v 76.960312 59.892780 115.970078
v 77.280930 60.543781 113.579674
v 77.264030 60.298824 114.060188
v 77.299904 60.111149 114.987335
v 77.218834 60.167271 115.951447
v 77.160400 60.449348 116.252831
v 77.084572 60.980995 113.040848
v 77.428787 61.110020 112.720505
v 77.422485 60.801315 113.127266
v 77.226242 60.952076 116.312141
v 77.323845 61.501251 112.382248
v 77.212547 61.521339 116.291885
v 77.198868 62.168068 112.101540
v 77.538948 62.214008 111.780861
v 77.393028 61.852718 112.046547
v 77.178482 61.944382 116.171730
v 77.155678 62.716415 112.094681
v 77.500618 62.702232 111.720047
v 77.276466 62.255032 115.879990
v 77.352448 62.580460 115.443352
v 77.313972 63.187851 112.073608
v 77.549881 63.196045 111.751160
v 77.097733 63.241142 112.983452
v 77.099228 63.223969 113.975739
v 77.395508 63.157642 114.434662
v 77.326141 62.931679 114.936668
v 77.486252 63.474693 112.054153
v 77.407005 63.529339 113.018517
v 77.433090 63.369183 113.953773
v 77.348473 83.254189 99.516533
v 77.350784 83.158600 100.001129
v 77.352966 83.237640 100.491638
v 77.348419 83.923019 98.725388
v 77.349548 83.531532 99.022110
v 77.351501 83.511566 100.992844
v 77.352257 83.916130 101.285149
v 77.351997 84.383980 98.619301
v 77.352188 84.383896 101.381432
v 77.352005 84.837883 98.734032
v 77.351952 84.837982 101.266228
v 77.351913 85.209923 99.041611
v 77.352516 85.490074 99.527306
v 77.351906 85.210167 100.958580
v 77.352570 85.489548 100.472511
v 77.352295 85.581322 99.999992
v 77.574455 60.457283 114.025871
v 77.599655 60.409847 115.009750
v 77.394920 60.455246 115.925095
v 77.882347 61.133209 112.585533
v 77.858795 60.887531 113.062973
v 77.882668 60.700123 113.988266
v 77.847778 60.715981 114.979187
v 77.812485 60.994656 115.437546
v 77.567619 60.934998 115.921295
v 77.678413 61.579021 112.055763
v 78.030670 61.730206 111.799438
v 78.002243 61.392605 112.133408
v 77.570961 61.521969 115.941711
v 77.888069 61.533005 115.469528
v 77.966217 62.144695 111.577255
v 77.490295 62.039703 115.879013
v 77.827477 62.121571 115.448082
v 77.926392 62.678535 111.404900
v 77.783058 62.547306 115.237770
v 77.912056 63.277592 111.425751
v 77.867867 62.846294 114.888962
v 77.942184 63.157707 114.439926
v 77.746330 63.747913 112.030365
v 78.051460 63.754238 111.597504
v 77.725166 63.758877 112.975845
v 77.991760 63.718960 113.426247
v 77.923691 63.494007 113.925957
v 78.047119 63.945030 112.037659
v 78.030937 63.904552 112.951462
v 77.939842 83.243111 99.512779
v 77.963226 83.129745 100.011803
v 77.918785 83.201004 100.527443
v 77.940994 83.922585 98.723526
v 77.941032 83.532814 99.022423
v 77.911819 83.454514 101.019363
v 77.973526 83.866577 101.305199
v 77.938225 84.383904 98.618675
v 77.940979 84.380394 101.395660
v 77.938026 84.837990 98.733757
v 77.938065 84.837891 101.266106
v 77.938087 85.210159 99.041420
v 77.937424 85.489555 99.527496
v 77.938103 85.209930 100.958374
v 77.937477 85.490059 100.472694
v 77.937698 85.581345 100.000000
v 78.185753 61.021488 113.020096
v 78.205421 60.982498 114.008659
v 78.013390 61.027439 114.947289
v 78.445251 61.737122 111.764206
v 78.452026 61.478260 112.091545
v 78.526039 61.183384 112.993904
v 78.496895 61.272598 113.973717
v 78.477516 61.587482 114.452301
v 78.193138 61.513611 114.954277
v 78.496330 62.125298 111.428436
v 78.214279 62.108368 114.981598
v 78.560570 62.122463 114.585144
v 78.340378 62.755657 111.092171
v 78.697441 62.874260 110.840157
v 78.583633 62.522163 111.100502
v 78.111946 62.638130 114.904846
v 78.495049 62.691429 114.538879
v 78.292747 63.283943 111.064133
v 78.676102 63.287319 110.773972
v 78.433586 63.127075 114.269829
v 78.405304 63.767883 111.127014
v 78.708488 63.684105 110.848976
v 78.473892 63.449844 113.907471
v 78.544334 63.762016 113.461075
v 78.626190 63.910172 111.103218
v 78.531563 64.199043 112.008980
v 78.541107 64.011101 112.949036
v 78.501633 83.170425 99.469086
v 78.548866 83.020042 100.010742
v 78.597816 83.170303 100.913582
v 78.257393 83.278938 100.958755
v 78.621407 83.423843 101.200272
v 78.558891 83.866806 98.695114
v 78.499161 83.453590 98.979958
v 78.536217 83.823723 101.382492
v 78.526985 84.380440 98.604248
v 78.525330 84.374840 101.418602
v 78.523613 84.837669 98.734764
v 78.524117 84.840111 101.272758
v 78.522453 85.200447 99.048515
v 78.519325 85.475998 99.532547
v 78.524918 85.204681 100.953659
v 78.518700 85.477104 100.467010
v 78.515800 85.564507 100.000237
v 78.787445 61.599609 112.036110
v 79.084114 61.579063 112.512337
v 79.003700 61.450668 112.998650
v 78.791313 61.550003 113.980331
v 79.064301 61.592560 113.478035
v 79.082222 62.074162 111.496529
v 79.158524 61.754421 111.988426
v 79.044037 61.871918 113.952133
v 78.922241 62.194839 114.246902
v 79.124084 62.845547 110.756195
v 79.115463 62.463509 111.046257
v 78.917969 62.618320 114.235092
v 79.128036 63.288200 110.652054
v 78.797058 63.260464 113.968010
v 79.082329 62.974171 113.964180
v 79.199501 63.370060 113.684906
v 79.129524 63.731121 110.758629
v 79.106155 63.774059 113.354813
v 79.135498 64.120506 111.069687
v 78.881683 64.338455 112.000626
v 79.115677 64.289993 111.584633
v 79.114044 64.282188 112.413109
v 79.109421 64.117645 112.933784
v 79.111931 64.388191 111.999809
v 78.837860 83.255318 99.033043
v 79.205139 83.415054 98.791595
v 79.180824 83.136688 99.081924
v 79.090263 82.843681 100.002510
v 79.130440 83.054855 100.943466
v 79.127266 83.359451 101.255913
v 79.122269 83.823669 98.617653
v 79.112450 83.810257 101.419098
v 79.109528 84.372345 98.593170
v 79.110001 84.375244 101.434212
v 79.098801 84.824768 98.749672
v 79.108566 84.835594 101.265106
v 79.113777 85.182991 99.077881
v 79.060783 85.413673 99.567047
v 79.129967 85.203850 100.930618
v 79.064201 85.425690 100.441803
v 79.016441 85.524216 100.000923
v 79.318588 61.638233 113.000481
v 79.691399 62.134670 111.512558
v 79.688652 61.922626 112.026337
v 79.646957 61.882515 112.942253
v 79.260132 62.163033 113.897255
v 79.625603 62.200054 113.426331
v 79.696411 62.834747 110.735138
v 79.696457 62.460800 111.041344
v 79.294456 62.658752 113.908829
v 79.710030 62.731853 113.591446
v 79.698410 63.289978 110.612000
v 79.700394 63.290066 113.517082
v 79.736465 63.797783 110.704216
v 79.694405 63.750210 113.296715
v 79.671883 64.202599 111.027855
v 79.363937 64.403221 112.002670
v 79.689590 64.423058 112.012344
v 79.696930 64.064362 112.951698
v 79.456207 82.705490 100.007942
v 79.742584 82.746552 99.560188
v 79.802017 82.578316 100.013237
v 79.722336 82.677567 100.487129
v 79.707191 83.357269 98.749741
v 79.693161 82.997902 99.078041
v 79.663582 82.878426 100.986580
v 79.733032 83.283318 101.303154
v 79.696457 83.809639 98.593170
v 79.698395 83.801888 101.449371
v 79.682907 84.357445 98.620415
v 79.694321 84.371193 101.419136
v 79.600311 84.767067 98.791748
v 79.682564 84.813011 101.247070
v 79.625145 85.045441 99.081779
v 79.343231 85.455811 100.002113
v 79.712311 85.329964 100.005424
v 79.676163 85.095116 100.933212
v 80.280090 62.171238 111.524666
v 80.249542 62.037544 112.019714
v 79.991211 62.100475 112.994522
v 80.301819 62.094486 112.528641
v 80.281921 62.832588 110.728386
v 80.282059 62.462421 111.041817
v 80.307220 62.345406 113.035149
v 80.239662 62.758476 113.344604
v 80.282677 63.297852 110.577950
v 80.277206 63.286449 113.409264
v 80.296585 63.848995 110.616768
v 80.281670 63.736881 113.257652
v 80.048843 64.354523 111.037300
v 80.385101 64.244705 110.801796
v 80.004517 64.447105 111.990051
v 80.318573 64.350105 112.443306
v 80.264351 64.113480 112.937370
v 80.380890 64.457184 111.072189
v 80.364197 64.507561 111.954323
v 80.308495 82.611397 99.518089
v 80.304298 82.360153 100.023201
v 80.354996 82.535629 100.925377
v 80.020576 82.696167 100.961487
v 80.380455 82.819336 101.219391
v 80.281715 83.344360 98.735588
v 80.285332 82.964294 99.040886
v 80.294952 83.236336 101.391220
v 80.275734 83.800980 98.617363
v 80.282448 83.797607 101.456207
v 80.237633 84.307259 98.709419
v 80.270454 84.358620 101.388084
v 80.293755 84.708321 98.997086
v 79.965408 84.921211 99.036324
v 80.294685 84.987587 99.479187
v 80.184067 84.756592 101.199097
v 80.248329 85.140556 100.010353
v 80.203262 84.999779 100.911713
v 80.862701 62.195362 111.533066
v 80.858696 62.097477 112.001556
v 80.857689 62.184025 112.472290
v 80.869682 62.824581 110.712204
v 80.869286 62.467728 111.046066
v 80.855911 62.461567 112.958344
v 80.850060 62.836895 113.255989
v 80.872841 63.290787 110.524139
v 80.849983 63.287819 113.347778
v 80.871399 63.869465 110.521164
v 80.853523 63.730076 113.243134
v 80.895920 64.323029 110.716499
v 80.860672 64.087036 112.936493
v 80.869324 64.387550 112.465355
v 80.896500 64.570724 111.060867
v 80.881012 64.569687 111.961357
v 80.658401 82.174973 100.028893
v 80.951653 82.236816 99.744461
v 80.988701 82.063622 100.035309
v 80.907928 82.103188 100.485115
v 80.869453 82.573524 99.399437
v 80.846756 82.297218 100.986992
v 80.910637 82.690086 101.329933
v 80.851845 83.354225 98.763138
v 80.865295 82.953964 99.037743
v 80.873138 83.213379 101.480141
v 80.833847 83.781631 98.680191
v 80.868378 83.793510 101.467918
v 80.763817 84.196320 98.790939
v 80.831924 84.311508 101.302811
v 80.809303 84.550240 99.084816
v 80.804764 84.827789 99.574196
v 80.540291 84.884689 100.955727
v 80.901833 84.718369 100.984619
v 80.835106 84.902016 100.484520
v 80.761536 84.983376 100.014992
v 81.405922 62.250614 111.559555
v 81.358513 62.156872 111.998482
v 81.387024 62.277157 112.416344
v 81.458755 62.806000 110.660698
v 81.483192 62.454639 111.059952
v 81.378281 62.565140 112.887520
v 81.278610 62.877277 113.154869
v 81.423035 63.265190 110.381744
v 81.302788 63.287937 113.227699
v 81.363579 63.879417 110.340599
v 81.279381 63.698071 113.156586
v 81.457100 64.424454 110.522705
v 81.385544 64.020035 112.885223
v 81.473740 64.355225 112.463280
v 81.455849 64.756630 111.032677
v 81.462265 64.624153 111.960541
v 81.463654 82.183098 99.703262
v 81.489044 81.914360 100.053268
v 81.526344 81.836983 100.922104
v 81.182686 82.073608 100.979828
v 81.539795 82.128258 101.318855
v 81.487091 82.602020 99.391533
v 81.440132 82.619781 101.578880
v 81.269577 83.376678 98.854736
v 81.399048 83.028572 99.093857
v 81.412613 83.246826 101.644409
v 81.249504 83.703156 98.818710
v 81.452171 83.795731 101.499344
v 81.400818 84.048882 99.052963
v 81.118156 84.329933 99.052971
v 81.483932 84.386063 99.476379
v 81.443871 84.238716 101.270439
v 81.089523 84.860100 100.009987
v 81.447487 84.675453 100.023148
v 81.430260 84.529503 100.943039
v 81.677277 62.229488 112.000725
v 82.014519 62.803337 110.538681
v 82.037796 62.528568 111.038696
v 82.039604 62.401752 111.967934
v 81.615570 62.766548 112.892998
v 82.037575 62.737309 112.478745
v 81.861229 63.346107 110.101028
v 82.215034 63.463699 109.843483
v 82.110512 63.143372 110.115334
v 81.706406 63.286922 112.955658
v 82.129982 63.284061 112.658676
v 81.788956 63.873657 110.045197
v 82.191277 63.873959 109.772324
v 81.634125 63.815632 112.901855
v 82.070236 63.896988 112.617355
v 81.875031 64.397926 110.104439
v 82.215462 64.291580 109.837013
v 82.030029 64.355217 112.335632
v 82.116722 64.613853 110.101067
v 81.821472 64.924500 110.996277
v 82.110428 64.899963 110.576660
v 82.090630 64.903046 111.434967
v 82.016632 64.705452 111.935364
v 82.136673 65.008911 110.999336
v 81.867615 81.609489 100.971878
v 82.077362 81.524078 100.515778
v 82.159393 81.425919 100.972038
v 82.124092 81.605110 101.298836
v 82.067581 82.109245 99.683807
v 82.007492 81.706284 100.021660
v 81.996147 81.996460 101.633820
v 82.046402 82.616859 99.469742
v 82.074883 82.358635 101.957344
v 81.860764 82.667267 101.907364
v 82.243851 82.719246 102.182037
v 81.631783 83.264267 99.099533
v 82.083809 83.176254 99.354607
v 81.862823 83.160728 101.900246
v 82.224136 83.047127 102.144119
v 81.629265 83.758720 99.100487
v 82.046440 83.794914 99.433914
v 82.102448 83.387222 101.892532
v 82.003571 83.796890 101.577003
v 81.953850 84.229317 99.711609
v 81.954636 84.179794 101.240585
v 81.940689 84.435425 100.055695
v 81.941597 84.394417 100.931274
v 82.626450 62.756573 110.528038
v 82.623505 62.569767 111.036674
v 82.599113 62.585171 111.938950
v 82.598274 62.839073 112.283691
v 82.640228 63.431885 109.756310
v 82.633850 63.066975 110.056633
v 82.621490 63.292957 112.476120
v 82.644424 63.875950 109.642151
v 82.620934 63.871063 112.474808
v 82.678322 64.379944 109.719826
v 82.623810 64.337852 112.287476
v 82.615997 64.779366 110.001350
v 82.618774 65.031937 110.481430
v 82.626457 64.693428 111.953751
v 82.630356 64.972748 111.469589
v 82.658279 65.091873 110.985313
v 82.361069 81.513817 100.036201
v 82.721954 81.650757 99.783493
v 82.700096 81.361168 100.071808
v 82.641502 81.174835 100.983826
v 82.592644 81.436653 101.531052
v 82.637627 82.066109 99.612747
v 82.645294 81.767952 101.975075
v 82.349136 82.055923 101.978157
v 82.750481 82.161903 102.240166
v 82.623260 82.629272 99.508499
v 82.663170 82.635025 102.320183
v 82.620163 83.210220 99.520233
v 82.630447 83.056107 102.220284
v 82.580750 83.725403 99.679855
v 82.625114 83.423531 101.931976
v 82.588173 83.802505 101.475365
v 82.613564 84.068085 100.037102
v 82.265671 84.276382 100.033951
v 82.265114 84.267410 100.963547
v 82.628487 84.089622 100.985809
v 83.207169 62.765121 110.529892
v 83.195938 62.617489 111.034546
v 83.130150 62.687603 111.909058
v 83.104164 62.914692 112.194206
v 83.212349 63.418926 109.729050
v 83.213615 63.053574 110.047302
v 83.185150 63.316891 112.366211
v 83.214142 63.884129 109.582123
v 83.209312 63.862648 112.404434
v 83.226791 64.434891 109.617233
v 83.211533 64.327370 112.267662
v 82.948097 64.974113 110.044983
v 83.311424 64.834625 109.798660
v 83.211311 64.699936 111.957863
v 83.212433 64.995453 111.475914
v 83.288704 65.067497 110.092369
v 83.220566 65.146729 110.966751
v 82.992569 80.965027 100.998863
v 83.239006 80.920555 100.513351
v 83.317459 80.792221 100.998222
v 83.256371 80.941544 101.475876
v 83.256096 81.533661 99.712654
v 83.198433 81.134529 100.021423
v 83.251846 81.206100 101.956879
v 82.943741 81.479080 101.971664
v 83.334984 81.579460 102.241066
v 83.215759 82.045898 99.557915
v 83.237534 82.064636 102.365364
v 83.209526 82.623482 99.541771
v 83.202896 82.598373 102.355988
v 83.189690 83.180061 99.627754
v 83.118988 83.017487 102.210022
v 83.100090 83.593018 99.796211
v 83.155449 83.355247 101.899277
v 83.150581 83.656494 101.420952
v 83.101784 83.832191 100.066330
v 83.123871 83.871498 100.956390
v 83.751541 62.828209 110.557648
v 83.692680 62.698421 111.013618
v 83.450066 62.793987 111.939034
v 83.747658 62.782711 111.473526
v 83.799423 63.414467 109.718773
v 83.821884 63.050930 110.070389
v 83.761223 63.037239 111.958694
v 83.668213 63.417488 112.236435
v 83.803108 63.876431 109.523849
v 83.762962 63.886555 112.325455
v 83.801399 64.455467 109.521149
v 83.781883 64.311523 112.229706
v 83.826042 64.908432 109.716980
v 83.790596 64.678802 111.940399
v 83.795746 64.994896 111.473930
v 83.825226 65.161736 110.061501
v 83.800713 65.179535 110.964203
v 83.537712 80.936836 100.040894
v 83.894150 81.071793 99.792519
v 83.871193 80.799599 100.084686
v 83.806778 80.537956 100.998520
v 83.873848 80.780701 101.921494
v 83.560005 80.954796 101.942177
v 83.905800 81.065338 102.207367
v 83.810448 81.480324 99.614998
v 83.820663 81.486641 102.364151
v 83.797523 82.040421 99.543991
v 83.797768 82.036804 102.416153
v 83.782242 82.608620 99.601646
v 83.762573 82.558388 102.309830
v 83.679131 83.080872 99.757790
v 83.489845 83.182320 101.975288
v 83.824501 82.972977 102.020531
v 83.828949 83.283905 101.542351
v 83.738152 83.422653 100.056091
v 83.403908 83.663628 100.052467
v 83.449623 83.712578 100.983192
v 83.800789 83.511681 100.995155
v 84.031715 62.796669 111.010231
v 84.388771 63.403545 109.668839
v 84.382057 63.134037 110.052544
v 84.392891 62.968628 110.978699
v 84.069023 63.305580 111.970764
v 84.432251 63.264389 111.540085
v 84.353226 63.852932 109.384483
v 84.335777 63.617722 111.953598
v 84.176758 63.969570 112.178841
v 84.293594 64.465424 109.340591
v 84.197647 64.291557 112.138412
v 84.387108 65.010445 109.522720
v 84.313484 64.603096 111.880836
v 84.404015 64.944534 111.465240
v 84.385887 65.342369 110.032867
v 84.390678 65.215340 110.961472
v 84.154274 80.380524 101.008820
v 84.433548 80.419205 100.566078
v 84.489365 80.270844 101.014175
v 84.416077 80.346748 101.483887
v 84.395157 81.013191 99.749657
v 84.379486 80.654900 100.078957
v 84.368172 80.551155 101.979103
v 84.430458 80.947624 102.289032
v 84.385498 81.465729 99.578064
v 84.388763 81.460518 102.432762
v 84.379158 82.033356 99.567696
v 84.382164 82.028572 102.422440
v 84.337601 82.547775 99.713333
v 84.369423 82.490143 102.261307
v 84.400703 82.954117 100.013802
v 84.071640 83.189232 100.027283
v 84.360863 83.163704 100.511757
v 84.385338 82.863129 101.937317
v 84.339951 83.113823 101.451134
v 84.285370 83.276245 100.986465
v 84.950256 63.381596 109.530663
v 84.971519 63.149857 110.036980
v 84.956642 63.138817 110.949280
v 84.960419 63.387749 111.348785
v 84.788933 63.928982 109.097710
v 85.143890 64.042206 108.832726
v 85.040115 63.707870 109.098312
v 84.568535 63.909611 111.906349
v 85.004974 63.852680 111.613403
v 84.718796 64.459663 109.044922
v 85.120522 64.459953 108.771027
v 84.552391 64.402382 111.889175
v 84.995163 64.479073 111.606865
v 84.807182 64.981079 109.106750
v 85.145004 64.870148 108.845276
v 84.959991 64.941101 111.335426
v 85.045944 65.179840 109.114944
v 84.752541 65.509346 109.997574
v 85.038445 65.467690 109.585083
v 85.020546 65.490265 110.435242
v 84.946678 65.291451 110.935318
v 85.067261 65.587975 110.000526
v 84.974052 80.328644 100.522118
v 84.996529 80.146240 101.029816
v 85.050812 80.219582 101.920036
v 84.713692 80.362427 101.955116
v 85.069824 80.482635 102.211105
v 84.970451 80.998581 99.728775
v 84.972145 80.633575 100.046761
v 84.983055 80.894318 102.384415
v 84.966232 81.463120 99.593353
v 84.970009 81.453987 102.456062
v 84.947388 82.007530 99.635452
v 84.958298 82.014587 102.387856
v 84.865051 82.427994 99.791351
v 84.872566 82.421577 102.206810
v 84.894066 82.716614 100.075439
v 84.614304 83.123634 100.997253
v 84.962082 82.957970 100.998207
v 84.895828 82.694733 101.914864
v 85.535126 63.259682 109.474541
v 85.578964 63.105301 110.013893
v 85.554359 63.190399 110.935966
v 85.551147 63.437439 111.267586
v 85.605949 63.951859 108.717575
v 85.544479 63.549076 108.996330
v 85.552689 63.879173 111.473969
v 85.575317 64.456703 108.639191
v 85.551041 64.457504 111.476334
v 85.570534 64.901443 108.758141
v 85.553772 64.923851 111.287422
v 85.564079 65.261581 109.059982
v 85.562798 65.541344 109.538544
v 85.556419 65.280151 110.954292
v 85.560402 65.548172 110.466156
v 85.563820 65.639404 109.999664
v 85.578125 80.237923 100.500916
v 85.539307 79.968513 101.010132
v 85.565483 80.011711 101.959167
v 85.605850 80.369156 102.280937
v 85.553848 81.003548 99.747017
v 85.557884 80.608078 100.029388
v 85.560066 80.874550 102.434669
v 85.534584 81.446030 99.652771
v 85.553642 81.450020 102.449455
v 85.440155 81.913216 99.756638
v 85.519730 81.969688 102.305130
v 85.523880 82.296700 100.037086
v 85.212051 82.548172 100.054779
v 85.516624 82.558136 100.521904
v 85.230606 82.552719 101.960014
v 85.591965 82.377846 101.986588
v 85.530350 82.577911 101.487640
v 85.452797 82.705368 101.000732
v 85.873970 63.344669 109.040192
v 86.238449 63.497887 108.798401
v 86.214088 63.237930 109.085426
v 86.148361 63.022572 110.003738
v 86.143837 63.175392 110.935402
v 86.142105 63.443413 111.252235
v 86.154861 63.899876 108.618774
v 86.141182 63.883076 111.436058
v 86.144524 64.450531 108.585739
v 86.141136 64.451904 111.438934
v 86.142075 64.914482 108.730431
v 86.141388 64.914963 111.270767
v 86.141098 65.274033 109.050385
v 86.137672 65.549362 109.533600
v 86.141556 65.277794 110.951683
v 86.137192 65.549965 110.465767
v 86.134125 65.639458 110.000237
v 85.911621 79.804207 101.034325
v 86.223640 79.886879 100.741608
v 86.239761 79.702141 101.068550
v 86.240814 79.706551 101.927765
v 85.923164 79.821526 101.956749
v 86.243698 79.911728 102.196953
v 86.141205 80.215744 100.385422
v 86.154747 80.308937 102.383537
v 86.136337 80.998268 99.775085
v 86.142532 80.596405 100.024529
v 86.142769 80.868958 102.471970
v 86.089119 81.377625 99.754082
v 86.141624 81.444473 102.436852
v 86.159203 81.791847 99.986145
v 85.844528 82.034172 100.007034
v 86.180763 82.134483 100.445244
v 86.135818 81.901703 102.268349
v 85.790359 82.547134 101.002777
v 86.160568 82.374382 101.015907
v 86.131821 82.214500 101.950180
v 86.742859 63.436493 108.743172
v 86.749870 63.127861 109.053787
v 86.694565 62.888416 109.998856
v 86.733627 63.129284 110.941650
v 86.729698 63.433887 111.260986
v 86.730438 63.886227 108.580780
v 86.728027 63.883827 111.430862
v 86.726196 64.448563 108.578049
v 86.726212 64.448586 111.421959
v 86.716805 64.900787 108.749680
v 86.716316 64.901558 111.251457
v 86.732460 65.259407 109.078362
v 86.677719 65.487976 109.567757
v 86.734573 65.262352 110.923569
v 86.679214 65.494743 110.437721
v 86.634445 65.600220 110.000916
v 86.735764 79.841972 100.699593
v 86.743095 79.636467 101.066452
v 86.743416 79.640060 101.930283
v 86.740700 79.862701 102.239059
v 86.728622 80.201347 100.363785
v 86.729698 80.294647 102.425049
v 86.694016 80.993156 99.822563
v 86.724045 80.606613 100.036903
v 86.727997 80.868004 102.487778
v 86.617203 81.268974 99.819725
v 86.728012 81.444283 102.436905
v 86.677765 81.637718 100.078209
v 86.748604 81.978233 100.513008
v 86.727600 81.883423 102.251152
v 86.719604 82.211403 101.033440
v 86.724007 82.144302 101.935783
v 87.069084 62.766148 109.999931
v 87.334152 62.751232 109.511627
v 87.412308 62.639984 109.986778
v 87.354469 62.793354 110.454872
v 87.348801 63.359074 108.698174
v 87.285042 62.951881 109.011688
v 87.298126 63.027710 110.947533
v 87.318115 63.412865 111.277145
v 87.316032 63.877983 108.566284
v 87.313095 63.882668 111.419395
v 87.302055 64.433945 108.617661
v 87.300880 64.433334 111.379410
v 87.219032 64.843086 108.791451
v 87.216896 64.843094 111.207977
v 87.243088 65.119820 109.082161
v 86.955681 65.523277 110.001907
v 87.318695 65.390060 109.999275
v 87.243034 65.118622 110.914551
v 87.312935 79.840691 100.702667
v 87.315453 79.612488 101.063560
v 87.315460 79.616623 101.932953
v 87.314812 79.853729 102.249741
v 87.347000 80.257156 100.384689
v 87.313988 80.291725 102.436813
v 87.054352 80.934937 99.945679
v 87.249062 80.688507 100.108025
v 87.314209 80.867912 102.493782
v 87.261650 81.132195 100.065163
v 86.996109 81.422081 100.043961
v 87.402359 81.530037 100.320236
v 87.314674 81.445198 102.442078
v 87.312500 81.926414 100.650459
v 87.314079 81.883217 102.251266
v 87.310593 82.150215 101.053848
v 87.313873 82.123634 101.933578
v 87.634773 62.760967 109.036003
v 87.995964 62.898739 108.783485
v 87.973976 62.608898 109.071716
v 87.908379 62.413185 109.986450
v 87.871819 62.638638 110.539032
v 87.912689 63.313976 108.618347
v 87.871559 62.938274 111.022560
v 87.934723 63.356499 111.306229
v 87.897972 63.870022 108.566277
v 87.898163 63.872452 111.394974
v 87.866180 64.393684 108.687851
v 87.855095 64.382751 111.290009
v 87.922775 64.798752 108.985229
v 87.583252 64.997810 109.036667
v 87.917068 65.059853 109.476570
v 87.579773 64.985489 110.960434
v 87.910484 64.779419 110.999329
v 87.911362 65.053566 110.523216
v 87.856697 65.176918 110.000046
v 87.896606 79.847038 100.732307
v 87.899994 79.612579 101.066330
v 87.900017 79.612434 101.933754
v 87.900017 79.852730 102.251221
v 87.900024 80.282951 100.495842
v 87.901459 80.287933 102.457314
v 87.435448 80.879990 100.138832
v 87.907776 80.862877 100.364845
v 87.897926 80.865936 102.533188
v 87.901062 81.462753 100.473541
v 87.902527 81.449356 102.479355
v 87.897881 81.897614 100.722237
v 87.904457 81.889206 102.265793
v 87.899490 82.123466 101.065994
v 87.900276 82.123474 101.933838
v 88.276382 62.238369 109.990608
v 88.519119 62.186069 109.515991
v 88.594620 62.111191 109.981956
v 88.553963 62.292690 110.407883
v 88.529961 62.779293 108.707779
v 88.472366 62.382298 109.021271
v 88.533760 62.565918 110.890678
v 88.211693 62.739216 110.969894
v 88.572838 62.906479 111.194962
v 88.490524 63.293282 108.558212
v 88.492668 63.317970 111.347740
v 88.486107 63.865185 108.565178
v 88.462723 63.842426 111.354576
v 88.482300 64.332619 108.726273
v 88.383682 64.273026 111.213120
v 88.499580 64.713005 109.059738
v 88.436218 64.920792 109.557823
v 88.426086 64.622337 110.913025
v 88.415451 64.894554 110.420441
v 88.388634 65.023827 109.997276
v 88.484856 79.854080 100.750397
v 88.484344 79.617241 101.067215
v 88.486000 79.612434 101.933739
v 88.488571 79.838631 102.277115
v 88.483650 80.290741 100.547462
v 88.482567 80.271118 102.535149
v 88.486473 80.869209 100.481850
v 88.431297 80.836334 102.666527
v 88.484543 81.447922 100.543427
v 88.456825 81.474289 102.607590
v 88.485977 81.883247 100.748787
v 88.496162 81.914368 102.321579
v 88.486031 82.123650 101.066254
v 88.488548 82.138054 101.942406
v 88.810356 62.181835 109.038750
v 89.169319 62.293770 108.752884
v 89.150642 62.043667 109.075180
v 89.097603 61.994576 109.963524
v 89.106377 62.230118 110.451530
v 89.085884 62.716862 108.559692
v 89.023010 62.560204 110.886658
v 88.972191 62.908802 111.175972
v 89.071266 63.287544 108.483154
v 89.008598 63.294910 111.284081
v 89.074570 63.861313 108.557205
v 88.943382 63.751171 111.233116
v 89.059608 64.300018 108.755302
v 88.742996 64.413071 110.953140
v 89.049698 64.141930 110.970444
v 89.104317 64.470078 110.527695
v 89.049866 64.574608 109.068703
v 88.698883 64.917130 110.000359
v 89.058792 64.742249 109.972397
v 89.058067 79.864929 100.763840
v 89.057678 79.634842 101.070602
v 89.069862 79.609062 101.942299
v 89.075096 79.816055 102.343506
v 89.070732 80.294502 100.577072
v 88.984169 80.199852 102.683060
v 89.071930 80.867912 100.507515
v 89.100517 80.596848 102.960556
v 88.880524 80.905685 102.920845
v 89.275589 80.961845 103.182251
v 89.072006 81.444267 100.563156
v 88.904793 81.396599 102.885406
v 89.257919 81.286888 103.142921
v 89.072006 81.883255 100.748772
v 89.144592 81.598824 102.883614
v 89.051628 81.930611 102.460243
v 89.072014 82.126144 101.066139
v 89.073524 82.154930 101.957748
v 89.671707 62.158623 108.529114
v 89.654907 61.816723 109.016495
v 89.643608 61.827194 109.971863
v 89.687347 62.151882 110.376213
v 89.572243 62.700802 108.349159
v 89.338234 62.739212 110.950111
v 89.761887 62.604008 110.690811
v 89.617622 63.330647 108.344048
v 89.612450 63.021301 110.944008
v 89.388580 63.288727 111.113693
v 89.656891 63.860714 108.540222
v 89.345680 63.856316 110.973183
v 89.609741 63.552097 110.936096
v 89.715530 63.925072 110.641487
v 89.570152 64.245667 108.787949
v 89.584007 64.321815 110.307610
v 89.559311 64.460548 109.071144
v 89.558846 64.513542 109.943199
v 89.558762 79.911255 100.803368
v 89.578636 79.687294 101.091324
v 89.637978 79.634285 101.957596
v 89.638786 79.822296 102.454781
v 89.645142 80.307220 100.614334
v 89.709366 80.124641 102.901100
v 89.387527 80.313339 102.960846
v 89.760017 80.474419 103.202164
v 89.658890 80.867584 100.529182
v 89.692139 80.884460 103.319450
v 89.658051 81.444199 100.563530
v 89.677132 81.315277 103.243294
v 89.658012 81.883331 100.748764
v 89.669525 81.698166 102.960754
v 89.660721 82.008629 102.484901
v 89.657982 82.125999 101.066216
v 89.659134 82.181824 101.966858
v 89.993843 61.598507 109.004723
v 90.292885 61.597553 108.527534
v 90.332916 61.426983 109.026497
v 90.340820 61.522049 109.928978
v 90.019600 61.648430 109.959045
v 90.342484 61.746346 110.198990
v 90.073631 62.160225 108.098297
v 90.438354 62.219337 107.798607
v 90.313957 61.881413 108.059174
v 90.242661 62.144573 110.421112
v 89.989906 62.700108 108.043053
v 90.393066 62.699581 107.762573
v 90.256157 62.694504 110.564163
v 90.058792 63.232815 108.092674
v 90.419395 63.111855 107.844177
v 89.786942 63.285995 110.875221
v 90.242561 63.280304 110.600273
v 90.307701 63.445168 108.108994
v 90.180618 63.841133 108.521912
v 90.208176 63.821419 110.363861
v 90.257881 64.177895 109.017387
v 89.886055 64.346764 109.038177
v 89.884003 64.353195 109.967804
v 90.238174 64.153252 109.968117
v 89.916168 79.781113 101.044601
v 90.215233 79.757111 101.514427
v 90.138062 79.694908 101.985283
v 90.198677 79.836311 102.433624
v 90.205574 80.353951 100.695610
v 90.278976 79.944351 101.011482
v 90.269775 80.063477 102.917389
v 90.255142 80.427940 103.245667
v 90.243637 80.873528 100.552025
v 90.248558 80.871475 103.380859
v 90.244019 81.444138 100.569077
v 90.281509 81.382896 103.302437
v 90.244011 81.882980 100.748970
v 90.220520 81.795738 103.017532
v 90.221100 82.079979 102.530174
v 90.244804 82.132195 101.065346
v 90.266403 82.210983 101.986168
v 90.591362 61.611099 108.057442
v 90.935631 61.727264 107.790611
v 90.905479 61.437782 108.074806
v 90.828697 61.184212 109.005379
v 90.848923 61.409508 109.928741
v 90.843437 61.687061 110.246902
v 90.860626 62.145733 107.645302
v 90.830597 62.129238 110.426575
v 90.846718 62.689861 107.620888
v 90.827576 62.703606 110.492409
v 90.843651 63.143291 107.754997
v 90.811798 63.264549 110.411163
v 90.835144 63.498962 108.066917
v 90.826363 63.811859 108.530228
v 90.733398 63.684204 110.228294
v 90.802322 64.008186 109.027222
v 90.748260 63.936279 109.919037
v 90.488907 79.770760 101.991478
v 90.823090 80.421082 100.733681
v 90.820709 80.101265 101.050041
v 90.867020 79.871635 102.004295
v 90.823219 80.132881 102.940002
v 90.830055 80.430084 103.258049
v 90.829910 80.877953 100.569748
v 90.829773 80.879395 103.414108
v 90.830017 81.444138 100.569252
v 90.843529 81.428513 103.379913
v 90.829262 81.883621 100.749252
v 90.559921 81.986626 102.962250
v 90.927376 81.828102 103.199257
v 90.829269 82.133171 101.068466
v 90.835312 82.254410 101.996452
v 90.902321 82.071625 102.908577
v 91.183708 61.035412 108.996429
v 91.443253 61.008648 108.515137
v 91.517967 60.923042 108.985840
v 91.460464 61.065456 109.443863
v 91.460587 61.609486 107.712486
v 91.402237 61.209732 108.019119
v 91.395927 61.296780 109.929787
v 91.417427 61.664398 110.265106
v 91.420990 62.122280 107.567039
v 91.415939 62.124817 110.434242
v 91.415413 62.689579 107.582932
v 91.410751 62.695786 110.432480
v 91.405350 63.141804 107.751274
v 91.370071 63.210007 110.293564
v 91.420860 63.498669 108.080788
v 91.366432 63.735962 108.566406
v 91.086189 63.793102 109.954933
v 91.431847 63.604828 109.979118
v 91.383896 63.809177 109.483879
v 91.310616 63.885441 109.014168
v 91.401581 80.449661 100.763466
v 91.402077 80.181961 101.066566
v 91.413673 79.994904 101.999550
v 91.413063 80.162003 102.936127
v 91.416000 80.437469 103.252129
v 91.413536 80.880852 100.586029
v 91.416840 80.877235 103.434868
v 91.412941 81.441147 100.584412
v 91.418358 81.442528 103.422539
v 91.403427 81.874290 100.760017
v 91.430908 81.874992 103.240639
v 91.403633 82.121460 101.071701
v 91.416275 82.261993 102.000412
v 91.429527 82.128815 102.930473
v 91.741486 61.012177 108.042023
v 92.099678 61.144642 107.788017
v 92.083893 60.879601 108.078766
v 92.023979 60.805214 108.969681
v 92.009491 60.987263 109.476845
v 92.014999 61.556259 107.615448
v 92.001015 61.291466 109.955704
v 92.001900 61.659882 110.272774
v 92.002014 62.116005 107.543945
v 91.997345 62.125210 110.403465
v 91.990356 62.676697 107.611969
v 91.979172 62.669792 110.364700
v 91.906410 63.083988 107.792381
v 91.894218 63.090675 110.207359
v 91.928802 63.356403 108.084686
v 91.645744 63.775463 109.008820
v 91.993317 63.618229 108.998566
v 91.925888 63.374908 109.921402
v 91.893196 80.498039 100.810936
v 91.924858 80.262482 101.096779
v 91.996666 80.055687 102.003174
v 92.001015 80.184235 102.932358
v 92.004677 80.430473 103.264839
v 91.967728 80.898766 100.658630
v 92.007378 80.871384 103.473602
v 91.967812 81.424545 100.655731
v 92.003235 81.451485 103.491074
v 91.895729 81.827873 100.807030
v 92.016708 81.913803 103.297165
v 91.927322 82.065247 101.094933
v 92.000404 82.267303 102.007530
v 92.014053 82.186684 102.944458
v 92.636620 61.030857 107.719711
v 92.598373 60.671783 108.040039
v 92.569160 60.632317 108.989594
v 92.613937 60.899490 109.502167
v 92.592117 61.536644 107.565559
v 92.587769 61.273697 109.968430
v 92.583977 61.667538 110.245705
v 92.585686 62.112041 107.550606
v 92.557655 62.103565 110.336723
v 92.554047 62.632072 107.695984
v 92.463615 62.576023 110.237045
v 92.621109 63.042061 108.013313
v 92.265579 63.223152 108.037453
v 92.565811 63.242332 108.511185
v 92.238800 63.199875 109.941261
v 92.544655 62.946468 109.956215
v 92.537895 63.213741 109.474442
v 92.483116 63.363960 108.997925
v 92.242905 80.371178 101.068825
v 92.620491 80.310707 101.479782
v 92.564857 80.134613 102.017036
v 92.587830 80.177628 102.942238
v 92.598221 80.410416 103.320595
v 92.384277 80.963905 100.812401
v 92.535240 80.622795 101.064522
v 92.558487 80.846687 103.614441
v 92.384254 81.358177 100.812195
v 92.498589 81.457756 103.657761
v 92.530823 81.700661 101.056870
v 92.246300 81.958450 101.063438
v 92.629143 82.025932 101.482719
v 92.591637 81.998199 103.473846
v 92.564735 82.241631 102.011284
v 92.582199 82.341660 102.962090
v 92.952347 60.473713 108.041466
v 93.275818 60.560513 107.787857
v 93.278610 60.317989 108.064522
v 93.274734 60.311462 108.940033
v 92.942093 60.458622 108.967186
v 93.256882 60.536549 109.266243
v 93.188004 60.969975 107.613129
v 93.179817 60.887104 109.602592
v 93.175087 61.530682 107.527885
v 93.166916 61.276516 109.954788
v 93.138695 61.654152 110.197433
v 93.173637 62.106514 107.563026
v 93.038437 61.993458 110.211380
v 93.169632 62.561157 107.733116
v 92.861755 62.687008 109.970909
v 93.155876 62.389008 109.974724
v 93.223419 62.734867 109.544556
v 93.160522 62.870903 108.052505
v 92.822525 63.204109 109.007202
v 93.185768 63.019981 108.976311
v 93.155067 80.394318 101.665710
v 93.171989 80.179802 102.055969
v 93.173920 80.169861 102.956985
v 93.156265 80.389496 103.461929
v 92.773682 80.908371 101.086357
v 93.204895 80.844864 101.386971
v 93.242203 80.719917 103.887131
v 92.994072 80.926392 103.901573
v 93.348473 81.043625 104.156975
v 92.773926 81.418571 101.092804
v 93.208084 81.475662 101.382278
v 92.923866 81.454147 103.953629
v 93.325798 81.453781 104.227135
v 93.169060 81.949493 101.643394
v 93.026497 81.964790 103.882927
v 93.353134 81.860588 104.152252
v 93.139679 82.291710 102.052536
v 92.958427 82.501457 102.994728
v 93.223686 82.488403 102.560440
v 93.247559 82.446625 103.404999
v 93.257751 82.160820 103.879402
v 93.272324 82.578957 102.995743
v 93.805069 60.431072 107.680397
v 93.773148 60.089283 108.037361
v 93.771713 60.090839 108.962090
v 93.800224 60.434853 109.321365
v 93.765038 60.944984 107.516487
v 93.801544 60.911228 109.618912
v 93.761932 61.527859 107.492905
v 93.695503 61.348190 109.896271
v 93.506554 61.592037 110.067482
v 93.759018 62.102715 107.574417
v 93.452408 62.102745 109.976578
v 93.713387 61.796722 109.935783
v 93.846367 62.194298 109.677536
v 93.747200 62.535072 107.761261
v 93.747704 62.604301 109.360405
v 93.742004 62.773972 108.067360
v 93.734390 62.827724 108.948097
v 93.741577 80.443573 101.748268
v 93.745903 80.220680 102.071030
v 93.758751 80.151611 102.966148
v 93.765228 80.310867 103.484863
v 93.754135 80.875717 101.538910
v 93.770164 80.623650 103.959503
v 93.777588 81.004875 104.251724
v 93.755318 81.451134 101.523888
v 93.777977 81.454178 104.348785
v 93.758011 81.918831 101.709801
v 93.777184 81.902817 104.251534
v 93.758499 82.273819 102.046074
v 93.765350 82.546349 102.533203
v 93.773880 82.276764 103.955940
v 93.772163 82.553513 103.469994
v 93.769661 82.643295 103.001350
v 94.120377 59.879700 108.033989
v 94.432251 59.926857 107.711731
v 94.446907 59.720776 108.057602
v 94.444519 59.766380 108.929932
v 94.126434 59.896564 108.957275
v 94.447144 59.987843 109.197266
v 94.339584 60.361088 107.433937
v 94.350403 60.387978 109.400970
v 94.301262 60.980484 107.348969
v 94.351624 60.938782 109.546906
v 94.339378 61.536873 107.444984
v 93.879807 61.539501 109.863503
v 94.349289 61.524021 109.626549
v 94.341637 62.085922 107.599159
v 94.333618 62.105701 109.471123
v 94.245239 62.485916 107.802841
v 94.248245 62.505768 109.226768
v 94.247185 62.691105 108.072334
v 94.246468 62.698631 108.928978
v 94.247032 80.496284 101.802391
v 94.272469 80.264053 102.093590
v 94.365715 80.147835 102.986420
v 94.323761 80.252304 103.529793
v 94.331062 80.893250 101.617912
v 94.321709 80.527786 104.016487
v 94.382309 80.937057 104.304077
v 94.345139 81.444046 101.578819
v 94.350578 81.452774 104.410782
v 94.345360 81.908348 101.730270
v 94.382980 81.970901 104.307945
v 94.345299 82.276985 102.043861
v 94.347221 82.569946 102.524719
v 94.322990 82.380203 104.016289
v 94.327568 82.632965 103.523705
v 94.371971 82.693642 103.013855
v 94.899460 59.765415 107.472641
v 94.938965 59.476540 108.023758
v 94.955109 59.626484 108.941132
v 94.949615 59.920441 109.254868
v 94.756592 60.397179 107.100380
v 95.136635 60.452049 106.818748
v 94.981140 60.102314 107.047188
v 94.933540 60.371006 109.425293
v 94.754234 60.891727 107.099518
v 95.116318 60.779377 106.854507
v 94.930473 60.945637 109.505104
v 94.986504 61.128239 107.092918
v 94.892502 61.566685 107.376709
v 94.926132 61.524002 109.466011
v 94.892799 62.038456 107.680489
v 94.885376 62.037067 109.300438
v 94.919334 62.384865 108.037621
v 94.566299 62.578831 108.042336
v 94.565453 62.577190 108.957092
v 94.918770 62.380981 108.959328
v 94.611053 80.351273 102.044800
v 94.950287 80.263824 102.474625
v 94.913010 80.150223 103.012756
v 95.005325 80.262978 103.906914
v 94.664543 80.347214 103.959152
v 95.029282 80.494766 104.199638
v 94.882736 80.947258 101.712769
v 94.946281 80.542870 101.997620
v 94.943214 80.888397 104.407402
v 94.925323 81.451263 101.630760
v 94.933685 81.454094 104.501144
v 94.920937 81.897758 101.748535
v 94.949493 82.021622 104.426483
v 94.925201 82.262917 102.055336
v 94.931252 82.566025 102.529236
v 94.663467 82.572174 103.959328
v 95.027924 82.423431 104.215370
v 94.939590 82.728569 103.034004
v 95.006630 82.645790 103.910721
v 95.283096 59.270313 107.996536
v 95.563873 59.255783 107.523956
v 95.620735 59.106594 108.001122
v 95.542641 59.232792 108.487923
v 95.250771 59.793327 107.034508
v 95.643051 59.896954 106.761749
v 95.559715 59.524483 107.041672
v 95.484756 59.438255 108.984703
v 95.555000 59.843319 109.303253
v 95.554901 60.367870 106.668739
v 95.520256 60.361629 109.455376
v 95.534569 60.801441 106.763809
v 95.515556 60.941494 109.458000
v 95.520576 61.201824 107.038055
v 95.515312 61.584839 107.399124
v 95.496124 61.498196 109.372940
v 95.436836 61.936466 107.733009
v 95.405159 61.909637 109.200043
v 95.414810 62.160347 108.060532
v 95.408546 62.149960 108.934235
v 95.529892 80.360588 102.524071
v 95.517578 80.174904 103.041336
v 95.532333 80.220146 103.929337
v 95.531921 80.435234 104.264145
v 95.408165 81.057777 101.802139
v 95.469337 80.683914 102.078079
v 95.518120 80.861099 104.524284
v 95.457008 81.454575 101.717903
v 95.463264 81.422562 104.666214
v 95.411217 81.845680 101.807365
v 95.495514 82.054955 104.597885
v 95.466835 82.202759 102.095398
v 95.537216 82.528290 102.534645
v 95.539558 82.489021 104.309685
v 95.518021 82.732224 103.042671
v 95.532761 82.702782 103.937576
v 95.863342 59.265526 107.055756
v 96.208458 59.381119 106.786621
v 96.179619 59.095112 107.075348
v 96.112190 58.854149 107.998650
v 96.178299 59.123058 108.912422
v 95.843338 59.259212 108.960052
v 96.201157 59.392120 109.204269
v 96.126923 59.803162 106.630669
v 96.115517 59.797443 109.387733
v 96.109146 60.348404 106.595833
v 96.102806 60.358059 109.450264
v 96.104736 60.814575 106.727280
v 96.088280 60.927322 109.399879
v 96.101631 61.195309 107.037781
v 96.079582 61.547646 107.516052
v 95.984070 61.398033 109.240753
v 96.093872 61.808350 108.013603
v 95.740891 62.002029 108.037498
v 95.709366 61.981411 108.948624
v 96.043129 61.739902 108.938927
v 96.085457 80.408424 102.668182
v 96.090645 80.206726 103.061554
v 96.103294 80.200073 103.941292
v 96.108154 80.403351 104.342125
v 95.785416 80.900719 102.043762
v 96.185562 80.794983 102.332962
v 96.016151 80.785835 104.683029
v 95.834373 81.454590 101.886581
v 96.059532 81.187866 102.061401
v 96.132530 81.182854 104.960579
v 95.912521 81.491676 104.920807
v 96.307808 81.547791 105.181656
v 96.056770 81.719627 102.057755
v 95.784615 82.004944 102.046211
v 96.191505 82.116432 102.320816
v 95.934479 81.985527 104.888565
v 96.289909 81.878654 105.150238
v 96.102623 82.509903 102.652725
v 96.177025 82.203400 104.897743
v 96.086365 82.530502 104.468964
v 96.101807 82.729889 103.055290
v 96.108032 82.745857 103.960808
v 96.461990 58.697327 107.995453
v 96.718010 58.665501 107.515427
v 96.792351 58.581268 107.985435
v 96.739548 58.743153 108.434059
v 96.730873 59.251274 106.672546
v 96.674767 58.862820 107.015862
v 96.676125 58.989025 108.909737
v 96.689758 59.341618 109.234886
v 96.696404 59.773712 106.523758
v 96.686012 59.787319 109.392143
v 96.693176 60.348804 106.547676
v 96.679672 60.348690 109.415123
v 96.689621 60.807766 106.736649
v 96.636192 60.863842 109.279640
v 96.706802 61.177048 107.072189
v 96.645386 61.414394 107.557266
v 96.372467 61.494419 108.973518
v 96.705910 61.266266 108.983696
v 96.660759 61.484882 108.487816
v 96.583939 61.579891 108.010208
v 96.593193 80.480522 102.772240
v 96.610764 80.272728 103.090820
v 96.670006 80.220299 103.957611
v 96.670761 80.408302 104.454781
v 96.680443 80.878891 102.526321
v 96.741379 80.710632 104.901115
v 96.419540 80.899345 104.960869
v 96.792084 81.060471 105.201958
v 96.236694 81.456230 102.121231
v 96.698273 81.454147 102.370934
v 96.724075 81.471588 105.328468
v 96.691338 82.048592 102.473404
v 96.744408 81.959320 105.272583
v 96.687088 82.482384 102.723877
v 96.678719 82.364456 105.003021
v 96.669098 82.654472 104.525505
v 96.689003 82.713226 103.066345
v 96.712730 82.794952 103.985802
v 97.012589 58.661045 107.034286
v 97.356216 58.747139 106.706375
v 97.351585 58.518192 107.070068
v 97.300720 58.478237 107.964058
v 97.309105 58.705196 108.457802
v 97.268234 59.188007 106.431900
v 97.222130 59.031044 108.896004
v 97.169022 59.382843 109.191696
v 97.234673 59.807724 106.356148
v 97.220299 59.789490 109.309776
v 97.275208 60.355259 106.499413
v 97.193939 60.312374 109.277130
v 97.270676 60.788147 106.739159
v 97.101212 60.765812 109.173126
v 97.256073 61.060120 107.073204
v 96.925369 61.443279 108.008881
v 97.272636 61.281433 107.990799
v 97.180069 61.009140 108.908760
v 96.948326 80.366684 103.044060
v 97.247253 80.343117 103.514427
v 97.170082 80.280914 103.985291
v 97.230675 80.422318 104.433632
v 97.240433 80.932510 102.678329
v 97.308174 80.534767 103.013283
v 97.301796 80.649483 104.917427
v 97.286797 81.012619 105.250969
v 97.271736 81.458199 102.522400
v 97.280746 81.465813 105.409019
v 97.272232 82.030487 102.561043
v 97.290634 82.014999 105.382950
v 97.263504 82.460144 102.760216
v 97.008080 82.569038 104.959404
v 97.373627 82.414505 105.199722
v 97.263908 82.700790 103.072807
v 97.280952 82.826042 103.996468
v 97.348305 82.657654 104.908600
v 97.826851 58.588936 106.470261
v 97.851921 58.287586 107.006660
v 97.847137 58.310421 107.972054
v 97.891327 58.635601 108.376534
v 97.686569 59.225193 106.100281
v 98.066628 59.280048 105.818748
v 97.910965 58.930222 106.047119
v 97.543602 59.219795 108.954033
v 97.965981 59.087997 108.690903
v 97.684242 59.719730 106.099525
v 98.046677 59.607010 105.855347
v 97.816826 59.505135 108.944824
v 97.599083 59.778145 109.127556
v 97.920364 59.946987 106.103271
v 97.830017 60.357227 106.418793
v 97.613594 60.374302 109.010338
v 97.829079 60.050838 108.958534
v 97.971107 60.413898 108.668983
v 97.778831 60.740406 106.757652
v 97.420639 60.843201 108.892830
v 97.776718 60.839817 108.421120
v 97.764969 60.953171 107.067535
v 97.760826 61.024864 107.965134
v 97.520905 80.356758 103.991508
v 97.843071 81.017281 102.747536
v 97.842339 80.706810 103.054482
v 97.895264 80.470779 104.004959
v 97.855194 80.718872 104.939987
v 97.864685 81.008827 105.271408
v 97.856415 81.465805 102.594780
v 97.867401 81.457718 105.472237
v 97.848793 82.014122 102.619537
v 97.867882 82.032166 105.460495
v 97.765518 82.416061 102.798576
v 97.879196 82.464951 105.251999
v 97.789787 82.658150 103.090981
v 97.857033 82.826027 104.003532
v 97.874306 82.700615 104.927162
v 98.199463 58.086235 107.005974
v 98.493683 58.085026 106.526093
v 98.541176 57.942657 107.027390
v 98.545876 58.018692 107.927612
v 98.223564 58.132332 107.959045
v 98.546341 58.230438 108.198982
v 98.180412 58.621460 106.033440
v 98.573090 58.724983 105.761810
v 98.488708 58.351326 106.041145
v 98.446609 58.628571 108.421104
v 98.484894 59.195862 105.668739
v 98.460144 59.178520 108.564102
v 98.465057 59.625805 105.767258
v 97.994408 59.771076 108.880516
v 98.447357 59.764133 108.601318
v 98.449699 60.009861 106.050903
v 98.422180 60.390747 106.510506
v 98.416420 60.314072 108.374939
v 98.464989 60.670494 107.011230
v 98.091911 60.834934 107.035515
v 98.095856 60.852501 107.982269
v 98.443954 60.641552 107.969948
v 98.338158 81.084534 102.814629
v 98.371429 80.828957 103.090599
v 98.442833 80.606506 104.002762
v 98.444580 80.742851 104.941849
v 98.458900 80.992645 105.323433
v 98.411102 81.473595 102.676102
v 98.423439 81.436424 105.603996
v 98.395660 81.959564 102.727699
v 98.420815 82.058678 105.602821
v 98.459351 82.364624 102.996758
v 98.130043 82.569382 103.040169
v 98.468887 82.654465 103.474464
v 98.459320 82.500710 105.322029
v 98.425346 82.794914 104.014290
v 98.450813 82.726517 104.941971
v 98.793396 58.096645 106.056854
v 99.140228 58.216141 105.795708
v 99.115791 57.944225 106.080109
v 99.051842 57.778961 107.005394
v 99.049667 57.931042 107.929848
v 99.046753 58.179523 108.239723
v 99.056549 58.632072 105.634651
v 99.034523 58.613293 108.426559
v 99.038734 59.176720 105.595894
v 99.031578 59.187588 108.492416
v 99.034729 59.641735 105.728157
v 99.015671 59.748501 108.410980
v 99.033333 60.007015 106.046562
v 99.030151 60.310482 106.522285
v 98.937584 60.168846 108.229149
v 99.008095 60.493080 107.028893
v 98.952240 60.420212 107.919044
v 98.688934 80.957100 103.068756
v 99.066483 80.896645 103.479767
v 99.011658 80.705025 104.016312
v 99.032425 80.736359 104.960487
v 99.019958 80.958397 105.471680
v 98.826431 81.551193 102.822044
v 98.981369 81.208687 103.064262
v 99.102913 81.289963 105.897614
v 98.865524 81.509415 105.890564
v 99.219238 81.615585 106.142242
v 98.848877 81.879425 102.851013
v 98.866341 81.985420 105.886688
v 99.218315 81.878464 106.143745
v 98.960945 82.203384 103.102264
v 99.053200 82.532196 103.529701
v 99.106613 82.204094 105.899071
v 99.014832 82.532280 105.470329
v 99.031197 82.752815 104.038422
v 99.036804 82.752808 104.961586
v 99.668457 58.099766 105.718246
v 99.625931 57.733360 106.038254
v 99.579765 57.607277 107.014336
v 99.626198 57.861351 107.938499
v 99.622185 58.161091 108.259254
v 99.625130 58.607002 105.569290
v 99.619965 58.609894 108.430923
v 99.620079 59.177174 105.565788
v 99.614769 59.179794 108.432465
v 99.619850 59.637821 105.734413
v 99.574066 59.694016 108.293579
v 99.639206 60.007847 106.069588
v 99.574486 60.230175 106.561134
v 99.290199 60.277100 107.954926
v 99.635674 60.088673 107.979500
v 99.587929 60.293179 107.483902
v 99.514679 60.369308 107.014137
v 99.602097 80.979485 103.664597
v 99.620514 80.754173 104.053871
v 99.641472 80.703285 104.986061
v 99.600006 80.839264 105.527809
v 99.217018 81.494537 103.089638
v 99.650986 81.430809 103.387138
v 99.608910 81.134087 105.995934
v 99.675987 81.531265 106.251770
v 99.203438 81.985489 103.111481
v 99.646194 82.057404 103.395332
v 99.674698 81.963554 106.253357
v 99.611633 82.500626 103.675919
v 99.610092 82.362015 105.999420
v 99.599098 82.654465 105.525536
v 99.618256 82.731445 104.056862
v 99.642654 82.794907 104.985725
v 99.982880 57.547272 106.043205
v 100.307617 57.643894 105.803131
v 100.304337 57.436996 106.072609
v 100.291557 57.392937 106.953712
v 99.942688 57.479252 106.990555
v 100.247284 57.544529 107.444458
v 100.218842 58.041050 105.616692
v 100.184898 57.776669 107.933006
v 100.205994 58.148823 108.264587
v 100.206795 58.600956 105.528099
v 100.202049 58.609123 108.407028
v 100.205978 59.176292 105.563141
v 100.183289 59.153442 108.364281
v 100.204750 59.623688 105.741821
v 100.099060 59.575745 108.208611
v 100.198441 59.914360 106.065453
v 99.859352 60.272884 107.008850
v 100.226921 60.147175 106.993423
v 100.134842 59.866852 107.923599
v 100.199715 81.017487 103.733910
v 100.205536 80.776802 104.069031
v 100.211426 80.653214 104.996353
v 100.279121 80.839691 105.906815
v 99.940453 80.934799 105.956917
v 100.304077 81.079033 106.200577
v 100.202545 81.459282 103.526428
v 100.223564 81.479790 106.366615
v 100.200592 82.036491 103.526833
v 100.222923 82.013336 106.364777
v 100.202843 82.477043 103.735634
v 99.938072 82.569046 105.959396
v 100.304222 82.414314 106.198990
v 100.204926 82.719093 104.068314
v 100.211304 82.840439 104.996483
v 100.278297 82.657616 105.908546
v 100.804741 57.595081 105.761459
v 100.807312 57.370228 106.070061
v 100.803482 57.329891 106.960091
v 100.795380 57.499790 107.464661
v 100.793701 58.026684 105.575005
v 100.783699 57.796566 107.939583
v 100.777435 58.159637 108.238724
v 100.791992 58.599987 105.512192
v 100.766403 58.593243 108.339363
v 100.790306 59.173367 105.574898
v 100.677170 59.062641 108.247528
v 100.779366 59.604683 105.761185
v 100.456337 59.702278 107.945572
v 100.771179 59.451817 107.967911
v 100.826714 59.767727 107.527611
v 100.777519 59.853668 106.067253
v 100.765717 59.960449 106.983444
v 100.778168 81.035820 103.763084
v 100.779167 80.787071 104.071815
v 100.792000 80.647285 105.000000
v 100.804840 80.786942 105.928291
v 100.804634 81.034363 106.239235
v 100.789665 81.465530 103.577812
v 100.794083 81.466362 106.418663
v 100.788994 82.028503 103.576050
v 100.793427 82.027588 106.416862
v 100.779510 82.460121 103.760262
v 100.805649 82.458725 106.237373
v 100.779625 82.707428 104.071716
v 100.792000 82.848160 104.999992
v 100.804375 82.707359 105.928215
v 101.378799 57.585804 105.750366
v 101.379440 57.346485 106.067139
v 101.377640 57.316940 106.957253
v 101.397156 57.528130 107.463806
v 101.377998 58.023727 105.563179
v 101.326126 57.852882 107.902000
v 101.266212 58.205029 108.173622
v 101.377228 58.599041 105.528099
v 101.301605 58.532585 108.211411
v 101.366470 59.160736 105.611687
v 101.093834 59.196861 108.013496
v 101.400871 58.950359 108.022385
v 101.448105 59.330490 107.705536
v 101.281441 59.560596 105.799408
v 101.361183 59.669010 107.355820
v 101.300377 59.784309 106.088791
v 101.358810 59.846943 106.949051
v 101.278595 81.081039 103.802002
v 101.304810 80.840240 104.093681
v 101.372581 80.653267 105.003609
v 101.378799 80.775490 105.931374
v 101.378792 81.024399 106.250717
v 101.360901 81.480820 103.635727
v 101.377991 81.463875 106.430748
v 101.360596 82.014359 103.632919
v 101.378075 82.030045 106.430191
v 101.281075 82.416260 103.798515
v 101.378807 82.469536 106.250603
v 101.305779 82.658142 104.090981
v 101.372704 82.840424 105.003510
v 101.378716 82.719177 105.931496
v 101.963982 57.584721 105.748795
v 101.963997 57.344490 106.066238
v 101.961716 57.326107 106.944572
v 101.957062 57.540894 107.343811
v 101.963921 58.023941 105.569130
v 101.644783 58.049278 107.952065
v 102.056686 57.934311 107.676476
v 101.961617 58.596100 105.550713
v 101.912247 58.335445 107.935234
v 101.705299 58.542645 108.062927
v 101.930077 59.116081 105.695984
v 101.896980 58.784653 107.897743
v 101.977196 59.194889 107.585976
v 101.997871 59.526608 106.013847
v 101.640495 59.699913 106.040581
v 101.932434 59.700603 106.514641
v 101.870842 59.580963 107.253494
v 101.848770 59.744698 106.963120
v 101.643379 80.935150 104.043587
v 101.983971 80.839310 104.472198
v 101.942307 80.701683 105.013374
v 101.963188 80.775749 105.934723
v 101.963974 81.025108 106.250938
v 101.908096 81.531357 103.748207
v 101.975075 81.134079 104.004066
v 101.964905 81.463005 106.435944
v 101.909210 81.963600 103.746727
v 101.964821 82.030914 106.436035
v 101.973869 82.362007 104.000549
v 101.646027 82.569374 104.040199
v 101.984886 82.654465 104.474480
v 101.964058 82.468933 106.251060
v 101.941269 82.794952 105.014198
v 101.963196 82.718239 105.934662
v 102.550079 57.584625 105.748657
v 102.552101 57.337574 106.064835
v 102.551552 57.336929 106.935715
v 102.543083 57.573986 107.282265
v 102.549995 58.023865 105.569115
v 102.554031 58.010624 107.521744
v 102.549614 58.590355 105.569016
v 102.083443 58.588799 107.860329
v 102.547638 58.593231 107.596474
v 102.546249 59.046265 105.731300
v 102.518875 59.128948 107.358078
v 102.537560 59.355820 106.051720
v 102.165611 59.628689 106.973305
v 102.550812 59.465500 106.950272
v 102.564034 80.957878 104.528107
v 102.549896 80.743828 105.039482
v 102.549667 80.784103 105.933449
v 102.553612 81.016235 106.265778
v 102.364769 81.615608 103.857796
v 102.481117 81.289970 104.102432
v 102.555161 81.457390 106.474030
v 102.365662 81.878464 103.856293
v 102.553276 82.034798 106.473961
v 102.477379 82.204086 104.100922
v 102.569191 82.532120 104.529747
v 102.554848 82.476906 106.267845
v 102.547050 82.751328 105.038200
v 102.550201 82.710068 105.933708
v 103.139984 57.572922 105.736748
v 103.150078 57.291290 106.057251
v 103.148582 57.290123 106.942703
v 103.140686 57.572197 107.263771
v 103.136292 58.023678 105.568901
v 103.133644 58.022385 107.450661
v 103.135979 58.590145 105.569107
v 103.130653 58.593967 107.460228
v 103.135925 59.029369 105.748672
v 103.130287 59.048634 107.276390
v 103.132675 59.286507 106.063232
v 103.122139 59.315224 106.938690
v 103.123108 80.992523 104.678101
v 103.135498 80.773346 105.058960
v 103.136719 80.763123 105.944824
v 103.152054 80.980209 106.336510
v 102.718590 81.509369 104.109398
v 103.162094 81.434860 104.397148
v 103.106148 81.432175 106.614250
v 102.717537 81.985352 104.113380
v 103.161980 82.057320 104.395836
v 103.101631 82.061447 106.613258
v 103.127548 82.500977 104.675537
v 103.147903 82.514168 106.337875
v 103.133453 82.721939 105.057854
v 103.141724 82.730904 105.947556
v 103.759811 57.505524 105.704674
v 103.713013 57.137188 106.035484
v 103.711967 57.138527 106.964424
v 103.761124 57.505650 107.295944
v 103.724564 58.018246 105.552673
v 103.724503 58.018276 107.447441
v 103.722061 58.590057 105.569122
v 103.721237 58.590862 107.435722
v 103.722000 59.029274 105.748795
v 103.721802 59.029495 107.251450
v 103.722000 59.269554 106.066269
v 103.719933 59.276699 106.935074
v 103.717323 81.019699 104.735367
v 103.722832 80.777016 105.065468
v 103.745239 80.720428 105.983147
v 103.689484 80.896828 106.520187
v 103.718658 81.459305 104.526718
v 103.774757 81.208786 106.935478
v 103.536423 81.494446 106.913528
v 103.925774 81.549835 107.187645
v 103.716614 82.036491 104.526848
v 103.535950 82.004654 106.907242
v 103.925766 81.944092 107.187759
v 103.719543 82.476364 104.735519
v 103.779243 82.286629 106.943092
v 103.688499 82.600113 106.516457
v 103.722588 82.717422 105.065269
v 103.748039 82.778412 105.982010
v 104.083168 56.959614 106.040115
v 104.409027 57.058117 105.803017
v 104.406807 56.852886 106.072357
v 104.406822 56.852551 106.927765
v 104.084152 56.961834 106.959053
v 104.409187 57.057980 107.196983
v 104.320030 57.454025 105.613792
v 104.319984 57.453976 107.386345
v 104.308746 58.014961 105.528076
v 104.308754 58.014957 107.471924
v 104.308014 58.590275 105.563194
v 104.307976 58.590260 107.436806
v 104.307991 59.029255 105.748787
v 104.307991 59.029255 107.251198
v 104.307999 59.269558 106.066261
v 104.307999 59.269550 106.933731
v 104.307091 81.024574 104.749451
v 104.307213 80.775497 105.068634
v 104.313820 80.656403 105.996147
v 104.385033 80.847923 106.903748
v 104.066948 80.956894 106.931732
v 104.415520 81.082047 107.191589
v 104.307114 81.463135 104.564522
v 104.342239 81.483566 107.344048
v 104.307076 82.030983 104.564049
v 104.342224 82.009369 107.341591
v 104.307228 82.469612 104.749237
v 104.063354 82.545601 106.936523
v 104.415558 82.411995 107.190628
v 104.307251 82.719170 105.068466
v 104.313583 82.838455 105.996361
v 104.383308 82.650963 106.905533
v 104.906746 57.009090 105.761467
v 104.909515 56.786724 106.069939
v 104.909424 56.786068 106.930290
v 104.906654 57.008709 107.239052
v 104.895691 57.440674 105.575005
v 104.895699 57.440655 107.425072
v 104.893982 58.013988 105.512192
v 104.894020 58.014004 107.487785
v 104.894035 58.590275 105.563187
v 104.893997 58.590267 107.436836
v 104.893196 59.028187 105.750374
v 104.893204 59.028255 107.249733
v 104.892502 59.265232 106.067078
v 104.892555 59.265369 106.932945
v 104.880028 81.035835 104.763229
v 104.881050 80.787514 105.071945
v 104.894012 80.647301 105.999977
v 104.906944 80.787376 106.928139
v 104.906731 81.034279 107.239365
v 104.891541 81.466850 104.586037
v 104.897972 81.466019 107.420807
v 104.890945 82.027138 104.584404
v 104.897308 82.028038 107.419434
v 104.881424 82.460281 104.760017
v 104.907715 82.458794 107.237488
v 104.881638 82.707436 105.071724
v 104.894005 82.848175 106.000000
v 104.906334 82.707397 106.928223
v 105.480812 56.999817 105.750374
v 105.481438 56.762764 106.067062
v 105.481453 56.762630 106.932961
v 105.480789 56.999733 107.249725
v 105.480003 57.437733 105.563171
v 105.479996 57.437729 107.436821
v 105.480011 58.014008 105.512215
v 105.480003 58.013992 107.487793
v 105.478279 58.587307 105.574989
v 105.478302 58.587341 107.425064
v 105.467262 59.018894 105.761452
v 105.467323 59.019295 107.239067
v 105.464500 59.241268 106.069969
v 105.464577 59.241940 106.930290
v 105.371193 81.083992 104.810944
v 105.402870 80.848480 105.096786
v 105.474167 80.656326 106.003761
v 105.480438 80.776649 106.931053
v 105.484436 81.015945 107.265236
v 105.445717 81.484749 104.658638
v 105.485161 81.457405 107.474045
v 105.445816 82.010544 104.655724
v 105.483437 82.034683 107.473534
v 105.373726 82.413864 104.807030
v 105.485497 82.477112 107.267380
v 105.404800 82.651451 105.094002
v 105.474419 82.838531 106.003639
v 105.481041 82.717682 106.931442
v 106.066071 56.998642 105.748680
v 106.068108 56.751579 106.064857
v 106.068031 56.750969 106.935303
v 106.066193 56.998520 107.251419
v 106.066002 57.437714 105.563110
v 106.066017 57.437721 107.436905
v 106.065208 58.013031 105.528084
v 106.065224 58.013039 107.471916
v 106.053955 58.573963 105.613792
v 106.054024 58.574039 107.386368
v 105.964973 58.969894 105.803032
v 105.964828 58.970032 107.196991
v 105.967163 59.175114 106.072327
v 105.967178 59.175449 106.927765
v 105.720894 80.957184 105.068802
v 106.098465 80.896645 105.479759
v 106.042992 80.722054 106.017525
v 106.065521 80.755409 106.945915
v 106.082092 80.980644 107.336266
v 105.862259 81.549911 104.812401
v 106.013268 81.208809 105.064545
v 106.036156 81.432167 107.614258
v 105.862259 81.944191 104.812210
v 106.031593 82.061447 107.613243
v 106.008751 82.286613 105.056915
v 105.724770 82.545853 105.062973
v 106.099518 82.600060 105.483528
v 106.077835 82.513840 107.337547
v 106.040802 82.776443 106.019371
v 106.070633 82.749748 106.950439
v 106.655983 56.986919 105.736748
v 106.666069 56.705284 106.057251
v 106.664604 56.704159 106.942711
v 106.657310 56.985989 107.263374
v 106.652214 57.437744 105.568794
v 106.652206 57.437737 107.431175
v 106.649422 58.009754 105.552597
v 106.649445 58.009777 107.447540
v 106.614166 58.522484 105.704674
v 106.612862 58.522350 107.295975
v 106.660973 58.890816 106.035446
v 106.290833 59.068359 106.040131
v 106.289841 59.066162 106.959053
v 106.662033 58.889458 106.964455
v 106.633018 80.980721 105.665932
v 106.651245 80.760811 106.055374
v 106.675011 80.722008 106.982491
v 106.619476 80.896774 107.520195
v 106.251717 81.494408 105.086380
v 106.682861 81.430870 105.386955
v 106.704781 81.208786 107.935493
v 106.466415 81.494431 107.913521
v 106.855743 81.549812 108.187622
v 106.251923 82.004585 105.092850
v 106.685051 82.060020 105.385757
v 106.465935 82.004654 107.907242
v 106.855766 81.944099 108.187767
v 106.642593 82.512550 105.662514
v 106.709229 82.286629 107.943108
v 106.615349 82.611420 107.521431
v 106.651138 82.754410 106.052139
v 106.672897 82.826134 106.985039
v 107.275833 56.919540 105.704674
v 107.228989 56.551174 106.035461
v 107.227974 56.552544 106.964447
v 107.277138 56.919662 107.295975
v 107.240555 57.432236 105.552605
v 107.240547 57.432213 107.447533
v 107.237785 58.004261 105.568787
v 107.237778 58.004261 107.431168
v 107.234001 58.455082 105.736732
v 107.232689 58.456024 107.263359
v 107.223915 58.736713 106.057251
v 107.225395 58.737839 106.942741
v 107.219612 81.028587 105.747673
v 107.225670 80.795410 106.073418
v 107.243484 80.671440 106.996231
v 107.315033 80.847931 107.903709
v 106.996971 80.956894 107.931747
v 107.345512 81.082031 108.191582
v 107.232117 81.461723 105.538902
v 107.272644 81.482674 108.349144
v 107.232826 82.036232 105.526917
v 107.272644 82.010132 108.346558
v 107.236427 82.487633 105.724892
v 106.990852 82.554382 107.941010
v 107.344437 82.419479 108.198082
v 107.244286 82.770515 106.060387
v 107.215637 82.996834 106.991570
v 107.312508 82.697311 107.914917
v 107.599174 56.373627 106.040108
v 107.925018 56.472118 105.803024
v 107.922791 56.266884 106.072342
v 107.922806 56.266548 106.927788
v 107.600151 56.375828 106.959053
v 107.925171 56.471981 107.196991
v 107.836029 56.868031 105.613785
v 107.835976 56.867973 107.386345
v 107.824760 57.428955 105.528091
v 107.824738 57.428947 107.471916
v 107.823967 58.004272 105.563095
v 107.823990 58.004288 107.436905
v 107.823074 58.442280 105.750221
v 107.822990 58.442486 107.249939
v 107.820419 58.686165 106.065643
v 107.820518 58.686909 106.934517
v 107.725365 81.080894 105.801315
v 107.750778 80.840248 106.093643
v 107.818916 80.668396 107.003609
v 107.836685 80.794388 107.926910
v 107.838654 81.027466 108.251793
v 107.809189 81.479149 105.617500
v 107.833549 81.460800 108.458496
v 107.819244 82.028252 105.590858
v 107.830276 82.033180 108.462608
v 107.813858 82.482674 105.747223
v 107.840141 82.496582 108.277252
v 107.793190 82.847855 106.079704
v 107.590691 83.111801 106.998810
v 107.871590 83.066086 106.563629
v 107.871918 83.088768 107.440758
v 107.824966 82.861534 107.936890
v 107.917953 83.187630 107.001297
v 108.422707 56.423073 105.761452
v 108.425514 56.200737 106.069923
v 108.425438 56.200066 106.930290
v 108.422668 56.422688 107.239029
v 108.411697 56.854675 105.574997
v 108.411713 56.854652 107.425056
v 108.409981 57.427990 105.512199
v 108.409973 57.427990 107.487778
v 108.408287 58.001328 105.575005
v 108.408295 58.001339 107.425064
v 108.397255 58.432896 105.761452
v 108.397339 58.433300 107.239067
v 108.394478 58.655262 106.069923
v 108.394600 58.655930 106.930290
v 108.089462 80.934837 106.043633
v 108.429993 80.839302 106.472176
v 108.388420 80.701805 107.013512
v 108.411171 80.767822 107.941025
v 108.421364 80.997620 108.319038
v 108.354759 81.535393 105.728691
v 108.422112 81.131950 106.000710
v 108.385208 81.436371 108.604683
v 108.376030 82.022446 105.671555
v 108.367111 82.064629 108.627777
v 108.307838 82.433029 105.798279
v 108.427078 82.599510 108.399872
v 108.355049 82.781578 106.102196
v 108.434013 83.083221 106.547935
v 108.385208 82.973038 108.025696
v 108.397591 83.205597 107.518982
v 108.441933 83.242317 107.020782
v 108.996880 56.413715 105.750252
v 108.999565 56.169838 106.065659
v 108.999451 56.169083 106.934509
v 108.996964 56.413509 107.249939
v 108.996010 56.851723 105.563110
v 108.995995 56.851715 107.436890
v 108.995247 57.427036 105.528076
v 108.995216 57.427044 107.471901
v 108.983963 57.987968 105.613808
v 108.983994 57.988029 107.386368
v 108.894958 58.383884 105.803001
v 108.894836 58.384014 107.196976
v 108.897179 58.589104 106.072350
v 108.897186 58.589451 106.927780
v 109.008537 80.959663 106.529549
v 108.994629 80.747116 107.040421
v 108.995918 80.753555 107.956970
v 108.978256 80.975571 108.461929
v 108.810074 81.614693 105.849464
v 108.926926 81.290245 106.102974
v 109.066315 81.308548 108.883011
v 108.827339 81.511566 108.889549
v 109.182198 81.622009 109.138992
v 108.793335 81.946709 105.816620
v 108.807884 82.003273 108.914825
v 109.201164 81.945419 109.181114
v 108.966255 82.311104 106.038139
v 108.679764 82.593689 106.041176
v 109.078346 82.701263 106.327438
v 109.032135 82.306213 108.955811
v 108.935806 82.675659 108.642487
v 108.982193 83.074005 106.672112
v 108.726021 83.162697 107.967010
v 109.071526 83.055305 108.292725
v 108.990997 83.262390 107.057465
v 109.070129 83.233948 107.917694
v 109.585960 56.400921 105.736748
v 109.596077 56.119293 106.057236
v 109.594604 56.118176 106.942719
v 109.587273 56.399971 107.263351
v 109.582207 56.851734 105.568794
v 109.582230 56.851753 107.431175
v 109.579422 57.423759 105.552605
v 109.579453 57.423782 107.447540
v 109.544151 57.936485 105.704666
v 109.542839 57.936340 107.295944
v 109.591011 58.304836 106.035484
v 109.220833 58.482361 106.040108
v 109.219856 58.480152 106.959038
v 109.592049 58.303455 106.964432
v 109.557747 81.006363 106.692261
v 109.568108 80.794510 107.063789
v 109.580688 80.737602 107.966057
v 109.587250 80.896873 108.484871
v 109.166878 81.509193 106.106827
v 109.603043 81.438751 106.402214
v 109.592407 81.210510 108.958542
v 109.601494 81.594597 109.239357
v 109.188675 82.003807 106.079086
v 109.631775 82.068481 106.349289
v 109.618156 82.023666 109.319679
v 109.574402 82.620659 106.516098
v 109.315422 82.590828 108.957016
v 109.685936 82.438255 109.208847
v 109.489906 83.019592 106.769966
v 109.634163 82.806740 108.919846
v 109.578499 83.106735 108.460625
v 109.507950 83.221176 107.091103
v 109.587860 83.282150 107.959061
v 110.205826 56.333523 105.704666
v 110.159004 55.965195 106.035500
v 110.157951 55.966534 106.964417
v 110.207138 56.333672 107.295952
v 110.170563 56.846230 105.552612
v 110.170547 56.846226 107.447525
v 110.167778 57.418259 105.568794
v 110.167747 57.418247 107.431168
v 110.164024 57.869080 105.736740
v 110.162712 57.870010 107.263374
v 110.153908 58.150715 106.057236
v 110.155388 58.151836 106.942719
v 110.069908 81.073341 106.787422
v 110.094521 80.849709 107.093338
v 110.187698 80.733826 107.986412
v 110.145760 80.838303 108.529778
v 110.148315 81.473801 106.581192
v 110.143745 81.113770 109.016449
v 110.202866 81.517090 109.322189
v 110.164177 82.036240 106.526871
v 110.179436 82.039108 109.422676
v 110.135590 82.565605 106.670364
v 110.211983 82.554962 109.306816
v 110.191154 82.966728 106.983162
v 109.850708 83.157356 107.040024
v 110.189804 83.232498 107.474136
v 110.155426 82.951576 109.004181
v 110.149040 83.219490 108.520897
v 110.168839 83.302109 107.999603
v 110.529190 55.787617 106.040108
v 110.855057 55.886108 105.803009
v 110.852814 55.680885 106.072372
v 110.852814 55.680550 106.927773
v 110.530136 55.789837 106.959038
v 110.855194 55.885971 107.196976
v 110.766006 56.282024 105.613800
v 110.765991 56.281967 107.386353
v 110.754784 56.842968 105.528099
v 110.754776 56.842968 107.471916
v 110.753960 57.418282 105.563110
v 110.753975 57.418285 107.436897
v 110.753891 57.857357 105.748642
v 110.753807 57.857483 107.251411
v 110.751900 58.104443 106.064835
v 110.751976 58.105053 106.935310
v 110.433174 80.936974 107.044395
v 110.770851 80.853195 107.475922
v 110.734177 80.742065 108.013237
v 110.827324 80.848976 108.906921
v 110.486549 80.933197 108.959122
v 110.848518 81.063538 109.226646
v 110.701485 81.532867 106.715416
v 110.765991 81.131737 107.000122
v 110.764626 81.461937 109.475304
v 110.735229 82.038292 106.635033
v 110.751053 82.038849 109.614632
v 110.737106 82.489700 106.746246
v 110.764717 82.614227 109.471573
v 110.742340 82.870422 107.039131
v 110.751205 83.170578 107.519218
v 110.487488 83.153770 108.957222
v 110.847839 83.018959 109.233055
v 110.758949 83.323418 108.031349
v 110.828636 83.230087 108.910439
v 111.352707 55.837090 105.761452
v 111.355515 55.614731 106.069954
v 111.355415 55.614067 106.930283
v 111.352646 55.836700 107.239044
v 111.341690 56.268677 105.574997
v 111.341698 56.268658 107.425064
v 111.339981 56.841980 105.512215
v 111.339989 56.841991 107.487770
v 111.340019 57.418278 105.563171
v 111.339989 57.418266 107.436829
v 111.339165 57.856186 105.750374
v 111.339180 57.856262 107.249741
v 111.338524 58.093243 106.067101
v 111.338547 58.093353 106.932938
v 111.337074 80.974434 107.541542
v 111.329575 80.782951 108.046555
v 111.352173 80.801964 108.937332
v 111.355888 80.997734 109.332527
v 111.164772 81.622780 106.835205
v 111.271149 81.290573 107.099976
v 111.259720 81.382385 109.667839
v 111.188011 82.040306 106.773262
v 111.384758 81.774117 109.938293
v 111.207275 82.042198 109.879005
v 111.608345 82.041100 110.115791
v 111.164925 82.450394 106.843323
v 111.384109 82.308044 109.947258
v 111.252754 82.702553 109.675095
v 111.269844 82.773476 107.112793
v 111.359062 83.101608 107.540726
v 111.356728 83.099411 109.346291
v 111.338776 83.309708 108.044395
v 111.355965 83.300636 108.944786
v 111.926819 55.827808 105.750374
v 111.927452 55.590763 106.067093
v 111.927437 55.590630 106.932938
v 111.926811 55.827736 107.249733
v 111.925987 56.265724 105.563164
v 111.925987 56.265728 107.436829
v 111.926010 56.842003 105.512222
v 111.926018 56.841991 107.487785
v 111.924286 57.415314 105.575012
v 111.924309 57.415340 107.425049
v 111.913231 57.846905 105.761452
v 111.913307 57.847294 107.239052
v 111.910477 58.069267 106.069939
v 111.910568 58.069935 106.930290
v 111.834419 81.041336 107.731506
v 111.852417 80.841911 108.086525
v 111.917236 80.790070 108.958931
v 111.910873 80.976929 109.460327
v 111.514359 81.514252 107.102280
v 111.932045 81.453102 107.429733
v 111.976593 81.291595 109.904472
v 111.660362 81.490234 109.952843
v 112.033470 81.649307 110.190987
v 111.595894 82.040337 107.039368
v 112.026566 82.038429 107.324181
v 111.986107 82.042213 110.292458
v 111.518539 82.567825 107.101349
v 111.952538 82.644234 107.392410
v 111.645355 82.617249 109.977509
v 112.058311 82.498238 110.232491
v 111.905258 83.073524 107.690727
v 111.953995 82.887962 109.965874
v 111.893913 83.196457 109.518997
v 111.913376 83.294846 108.062599
v 111.952484 83.346779 108.981026
v 112.512009 55.826725 105.748802
v 112.512009 55.586445 106.066254
v 112.511993 55.586449 106.933739
v 112.511993 55.826736 107.251205
v 112.512009 56.265728 105.563179
v 112.511978 56.265724 107.436813
v 112.511238 56.841042 105.528084
v 112.511200 56.841034 107.471893
v 112.499962 57.401970 105.613815
v 112.500000 57.402042 107.386360
v 112.410957 57.797890 105.803024
v 112.410805 57.798019 107.196976
v 112.413162 58.003117 106.072357
v 112.413170 58.003448 106.927773
v 112.194366 80.929222 108.034988
v 112.529556 80.861549 108.474266
v 112.485786 80.809006 108.987190
v 112.513634 80.939400 109.468521
v 112.478661 81.508492 107.650642
v 112.536568 81.112343 107.980797
v 112.518333 81.234245 109.942200
v 112.523720 81.593353 110.259224
v 112.509781 82.041046 107.509544
v 112.517792 82.053078 110.396538
v 112.494644 82.606354 107.577827
v 112.538956 82.596970 110.365585
v 112.416389 83.011200 107.783623
v 112.263916 83.135078 109.940414
v 112.618477 82.998444 110.192055
v 112.439262 83.237640 108.092308
v 112.512123 83.388435 108.999954
v 112.587395 83.230644 109.904091
v 113.098076 55.826614 105.748657
v 113.100098 55.579567 106.064835
v 113.100021 55.578964 106.935303
v 113.098175 55.826519 107.251411
v 113.097939 56.265923 105.569061
v 113.097961 56.265919 107.430939
v 113.095444 56.837765 105.552673
v 113.095436 56.837784 107.447464
v 113.060165 57.350460 105.704666
v 113.058861 57.350342 107.295944
v 113.106987 57.718826 106.035484
v 112.736816 57.896378 106.040115
v 112.735870 57.894165 106.959068
v 113.108025 57.717464 106.964439
v 113.084068 80.939163 108.529686
v 113.089455 80.853279 108.998367
v 113.093063 80.953598 109.465431
v 113.079453 81.589676 107.746162
v 113.084610 81.217415 108.044922
v 113.098747 81.216034 109.958862
v 113.113113 81.563751 110.307014
v 113.078049 82.043091 107.633598
v 113.098625 82.041779 110.492462
v 113.048279 82.549713 107.712463
v 113.105003 82.617645 110.459084
v 113.109528 82.950951 107.996338
v 112.780037 83.155373 108.040161
v 113.118919 83.240463 108.474487
v 113.115883 83.050972 110.252808
v 113.075661 83.367371 109.014519
v 113.109726 83.280098 109.928947
v 113.687988 55.814919 105.736748
v 113.698074 55.533298 106.057259
v 113.696594 55.532173 106.942719
v 113.689301 55.813992 107.263374
v 113.684280 56.265663 105.568817
v 113.684265 56.265663 107.431114
v 113.683708 56.832333 105.568840
v 113.683693 56.832325 107.431122
v 113.680016 57.283089 105.736740
v 113.678696 57.284023 107.263367
v 113.669914 57.564720 106.057251
v 113.671379 57.565845 106.942726
v 113.609177 81.048141 108.595444
v 113.583488 80.920265 109.003326
v 113.634529 81.006378 109.436935
v 113.505226 81.633522 107.847527
v 113.599785 81.334351 108.121384
v 113.743446 81.201088 109.978951
v 113.696053 81.511650 110.461281
v 113.532982 82.040283 107.771736
v 113.595154 82.035835 110.656219
v 113.510117 82.457764 107.832787
v 113.645065 82.651299 110.623627
v 113.613876 82.792130 108.098297
v 113.703178 83.118729 108.529587
v 113.697037 83.099075 110.336868
v 113.681152 83.335983 109.038551
v 113.690773 83.313538 109.946533
v 114.307816 55.747520 105.704666
v 114.261009 55.379181 106.035477
v 114.259949 55.380531 106.964409
v 114.309135 55.747654 107.295959
v 114.272545 56.260242 105.552673
v 114.272537 56.260204 107.447449
v 114.270042 56.832054 105.569046
v 114.270073 56.832081 107.430939
v 114.269913 57.271355 105.748650
v 114.269814 57.271469 107.251404
v 114.267891 57.518444 106.064850
v 114.267944 57.519054 106.935310
v 113.892921 81.001785 109.003540
v 113.832588 81.529602 108.116844
v 114.264565 81.496330 108.527946
v 114.270920 81.154091 109.042053
v 114.271126 81.195541 109.996811
v 114.361702 81.451118 110.886497
v 114.133560 81.555016 110.870453
v 114.455193 81.653481 111.142403
v 113.932961 82.041016 108.047134
v 114.359642 82.035103 108.342255
v 114.020737 82.042183 110.952919
v 114.420677 82.041870 111.234489
v 113.864868 82.570953 108.098000
v 114.300797 82.647079 108.384506
v 114.072113 82.590096 110.921249
v 114.463730 82.522499 111.201782
v 114.260483 83.085632 108.676994
v 114.323647 82.874641 110.946709
v 114.236465 83.186722 110.516518
v 114.267174 83.311668 109.058144
v 114.295929 83.364349 109.981941
v 114.631180 55.201622 106.040131
v 114.957054 55.300106 105.803017
v 114.954811 55.094891 106.072357
v 114.954811 55.094547 106.927757
v 114.632111 55.203838 106.959030
v 114.957191 55.299984 107.196991
v 114.868027 55.696030 105.613800
v 114.867973 55.695961 107.386360
v 114.856750 56.256954 105.528069
v 114.856781 56.256954 107.471916
v 114.856003 56.832275 105.563194
v 114.856003 56.832275 107.436813
v 114.856010 57.271275 105.748802
v 114.855980 57.271267 107.251190
v 114.855980 57.511555 106.066254
v 114.856003 57.511555 106.933723
v 114.828445 81.590637 108.716461
v 114.834335 81.321884 109.058907
v 114.852715 81.215904 109.996185
v 114.870537 81.379562 110.925980
v 114.871796 81.623596 111.229919
v 114.851456 82.044952 108.523895
v 114.874008 82.053024 111.380104
v 114.846481 82.619217 108.540901
v 114.887901 82.595932 111.355064
v 114.841751 83.053665 108.746727
v 114.611328 83.131577 110.936501
v 114.963234 82.998276 111.191444
v 114.843712 83.286812 109.072693
v 114.861214 83.410057 109.996368
v 114.931274 83.236984 110.905556
v 115.454735 55.251076 105.761452
v 115.457520 55.028740 106.069939
v 115.457428 55.028065 106.930298
v 115.454674 55.250702 107.239059
v 115.443695 55.682678 105.575027
v 115.443710 55.682655 107.425064
v 115.442001 56.255993 105.512207
v 115.442223 56.255943 107.493378
v 115.441994 56.832268 105.563171
v 115.442055 56.832199 107.436806
v 115.441994 57.271278 105.748810
v 115.442001 57.271305 107.251228
v 115.441994 57.511555 106.066261
v 115.442001 57.511555 106.933739
v 115.332794 81.667137 108.806686
v 115.364426 81.426819 109.094322
v 115.435974 81.242615 110.003586
v 115.442474 81.362793 110.931023
v 115.446030 81.601784 111.265717
v 115.407242 82.069908 108.653374
v 115.448631 82.044418 111.468452
v 115.407410 82.597450 108.650658
v 115.449005 82.617828 111.458351
v 115.335693 82.999855 108.806999
v 115.459602 83.052658 111.254066
v 115.366837 83.237450 109.094025
v 115.436752 83.410133 110.003593
v 115.454330 83.285324 110.926941
v 116.028809 55.241806 105.750381
v 116.029465 55.004765 106.067078
v 116.029419 55.004627 106.932938
v 116.028778 55.241726 107.249725
v 116.027977 55.679726 105.563156
v 116.029442 55.676067 107.456551
v 116.027985 56.255989 105.512207
v 116.027527 56.254803 107.518112
v 116.027985 56.832268 105.563171
v 116.030319 56.833340 107.453003
v 116.027992 57.271275 105.748817
v 116.028275 57.271046 107.251266
v 116.027969 57.511543 106.066223
v 116.027985 57.511593 106.933769
v 115.682907 81.543159 109.068832
v 116.060493 81.482651 109.479752
v 116.004967 81.308067 110.017532
v 116.027542 81.341415 110.945915
v 116.044106 81.566635 111.336288
v 115.824280 82.135918 108.812416
v 115.975250 81.794800 109.064552
v 115.998138 82.018181 111.614250
v 115.824249 82.530182 108.812180
v 115.993904 82.647263 111.613007
v 115.970757 82.872620 109.056885
v 115.686783 83.131844 109.062988
v 116.061562 83.186104 109.483543
v 116.041054 83.098579 111.336342
v 116.002266 83.362900 110.018578
v 116.033592 83.319786 110.947418
v 116.613991 55.240730 105.748787
v 116.614006 55.000454 106.066254
v 116.613998 55.000450 106.933739
v 116.616631 55.226830 107.276779
v 116.613983 55.679737 105.563171
v 116.612946 55.661034 107.526741
v 116.613998 56.255993 105.512215
v 116.607376 56.259521 107.635269
v 116.614014 56.832279 105.563187
v 116.613724 56.841938 107.507095
v 116.613998 57.271282 105.748795
v 116.617584 57.277134 107.268341
v 116.613983 57.511543 106.066254
v 116.614067 57.511639 106.933762
v 116.595016 81.566734 109.665924
v 116.613243 81.346809 110.055359
v 116.636993 81.308014 110.982498
v 116.581482 81.482780 111.520210
v 116.213676 82.080383 109.086349
v 116.644859 82.016853 109.386948
v 116.666771 81.794800 111.935478
v 116.428436 82.080429 111.913528
v 116.817749 82.135818 112.187614
v 116.213913 82.590576 109.092842
v 116.647034 82.645996 109.385735
v 116.427963 82.590660 111.907257
v 116.817734 82.530090 112.187759
v 116.603828 83.098557 109.661728
v 116.671242 82.872612 111.943115
v 116.580467 83.186150 111.516495
v 116.609344 83.324768 110.051430
v 116.639725 83.362900 110.981392
v 117.199989 55.240730 105.748795
v 117.199997 55.000336 106.066231
v 117.200508 54.983395 106.943916
v 117.203064 55.200550 107.346657
v 117.199982 55.679737 105.563164
v 117.112663 55.592258 107.679283
v 117.199974 56.256001 105.512199
v 117.248901 55.991341 107.931129
v 117.078117 56.247952 107.866280
v 117.453705 56.201107 108.073013
v 117.199974 56.832253 105.563171
v 117.262367 56.447815 107.907501
v 117.161636 56.877712 107.631485
v 117.199982 57.271259 105.748779
v 117.203728 57.292641 107.310677
v 117.199997 57.511566 106.066238
v 117.200188 57.516415 106.937622
v 117.181602 81.614609 109.747673
v 117.187668 81.381416 110.073425
v 117.205460 81.257439 110.996201
v 117.277008 81.433922 111.903725
v 116.958954 81.542900 111.931755
v 117.307503 81.668037 112.191582
v 117.194122 82.047722 109.538918
v 117.234673 82.068680 112.349152
v 117.194855 82.622253 109.526947
v 117.234650 82.596153 112.346581
v 117.196327 83.064590 109.733490
v 116.955345 83.131592 111.936493
v 117.307419 82.998215 112.191223
v 117.198952 83.303772 110.068489
v 117.205566 83.424530 110.996407
v 117.275261 83.236984 111.905502
v 117.785988 55.240726 105.748787
v 117.785995 54.998119 106.066154
v 117.786339 54.967960 106.958038
v 117.768631 55.181511 107.466705
v 117.785988 55.679726 105.563171
v 117.837013 55.508976 107.902199
v 117.521255 55.707573 107.949356
v 117.897392 55.861351 108.174530
v 117.785988 56.256001 105.512199
v 117.857918 56.189861 108.220428
v 117.785988 56.832260 105.563164
v 117.764404 56.604149 108.020874
v 117.713509 56.988449 107.706993
v 117.785202 57.270233 105.750305
v 117.790504 57.325726 107.355766
v 117.784523 57.507080 106.067207
v 117.788185 57.530945 106.945114
v 117.687347 81.666908 109.801315
v 117.712807 81.426239 110.093681
v 117.780922 81.254402 111.003624
v 117.798676 81.380409 111.926941
v 117.800674 81.613480 112.251816
v 117.771202 82.065140 109.617523
v 117.795563 82.046806 112.458511
v 117.781029 82.613037 109.593529
v 117.792992 82.617836 112.458435
v 117.773438 83.046165 109.760193
v 117.803673 83.053062 112.254555
v 117.773621 83.293442 110.071709
v 117.786270 83.433990 111.000420
v 117.799606 83.300804 111.930466
v 118.371140 55.241825 105.750412
v 118.370354 55.002136 106.067177
v 118.372025 54.951283 106.964577
v 118.373932 55.133381 107.474861
v 118.371933 55.679825 105.563721
v 118.378090 55.447094 107.944115
v 118.386261 55.816204 108.238106
v 118.371979 56.255989 105.512199
v 118.392487 56.241917 108.325317
v 118.370300 56.829361 105.574890
v 118.084145 56.831112 107.986198
v 118.466820 56.648804 108.207352
v 118.359421 57.261055 105.760971
v 118.420403 57.012054 107.911423
v 118.354027 57.335041 107.466766
v 118.358459 57.492073 106.070488
v 118.372208 57.533508 106.957542
v 118.051476 81.520821 110.043663
v 118.391960 81.425293 110.472168
v 118.350410 81.287712 111.013474
v 118.372955 81.355042 111.940781
v 118.383995 81.581459 112.321091
v 118.316765 82.121361 109.728699
v 118.384087 81.717941 110.000725
v 118.347160 82.022255 112.604576
v 118.337509 82.607498 109.673622
v 118.336586 82.647133 112.613907
v 118.264771 82.998856 109.811287
v 118.381943 83.114319 112.350952
v 118.297340 83.237244 110.094948
v 118.370567 83.439262 111.007820
v 118.383224 83.370796 111.952309
v 118.944077 55.252953 105.763878
v 118.944153 55.019485 106.070518
v 118.956276 54.960762 106.964012
v 118.958168 55.120949 107.481529
v 118.956787 55.682442 105.577057
v 118.958549 55.430222 107.957687
v 118.958679 55.803486 108.263161
v 118.957108 56.255108 105.528961
v 118.960083 56.254917 108.367355
v 118.946434 56.816708 105.611839
v 118.972618 56.705997 108.258362
v 118.862022 57.217407 105.798798
v 118.968521 57.088299 107.962105
v 118.960732 57.387733 107.481293
v 118.884163 57.447613 106.089645
v 118.952995 57.539307 106.968605
v 118.972008 81.543816 110.528084
v 118.957993 81.328766 111.039726
v 118.957993 81.328705 111.960281
v 118.943932 81.543930 112.471863
v 118.772072 82.200668 109.849449
v 118.888916 81.876244 110.102974
v 119.027107 81.876228 112.897079
v 118.787415 82.095253 112.892883
v 119.143112 82.199890 113.149300
v 118.753235 82.530685 109.819672
v 118.773239 82.590042 112.907318
v 119.164162 82.529839 113.180428
v 118.901299 82.873016 110.055992
v 118.616318 83.130455 110.063477
v 118.999130 83.197899 110.482735
v 119.008644 82.878983 112.948105
v 118.906967 83.227661 112.537865
v 118.934723 83.414833 111.011093
v 118.945450 83.528847 111.970085
v 119.445419 55.297974 105.802315
v 119.469002 55.068058 106.092865
v 119.534813 54.982475 106.966118
v 119.543396 55.133759 107.476280
v 119.530640 55.695450 105.620110
v 119.544083 55.427380 107.960075
v 119.544022 55.802032 108.266182
v 119.541901 56.250423 105.567528
v 119.545105 56.258297 108.392548
v 119.509598 56.774662 105.689499
v 119.581856 56.770588 108.301826
v 119.568443 57.185089 105.981133
v 119.226715 57.373367 106.040054
v 119.565887 57.449390 106.473869
v 119.520966 57.182373 108.016403
v 119.522179 57.448513 107.525879
v 119.543983 57.524971 107.000015
v 119.530182 81.580353 110.679840
v 119.543037 81.355034 111.059181
v 119.565582 81.287712 111.986542
v 119.524025 81.425316 112.527824
v 119.128616 82.095222 110.107231
v 119.569992 82.020920 110.396820
v 119.531815 81.717796 112.999481
v 119.597099 82.121056 113.271149
v 119.141930 82.590591 110.095001
v 119.577843 82.647507 110.382797
v 119.580109 82.607590 113.326401
v 119.539070 83.121490 110.643402
v 119.293999 83.154648 112.943886
v 119.649635 83.013573 113.195740
v 119.509857 83.463982 111.052086
v 119.325592 83.678070 111.995277
v 119.593681 83.660339 111.560448
v 119.610992 83.625427 112.410545
v 119.605263 83.348534 112.895027
v 119.641983 83.752449 111.995995
v 119.810104 55.152351 106.041626
v 120.140182 55.090569 106.479027
v 120.097542 55.038212 106.985420
v 120.125847 55.156200 107.469910
v 120.091705 55.740776 105.696999
v 120.152351 55.336075 105.989624
v 120.129471 55.436680 107.953682
v 120.130127 55.799549 108.272957
v 120.128860 56.253719 105.606293
v 120.130753 56.265751 108.422401
v 120.126335 56.716423 105.725334
v 120.143967 56.817478 108.384766
v 120.125618 57.105091 106.024780
v 120.128716 57.401127 106.511703
v 119.861343 57.373020 107.959526
v 120.227188 57.215969 108.199547
v 120.135277 57.541122 107.031296
v 120.204628 57.453629 107.911522
v 120.112335 81.616264 110.749489
v 120.117447 81.380264 111.073174
v 120.135124 81.254417 111.996407
v 120.203110 81.425682 112.906784
v 119.864395 81.520401 112.956909
v 120.227470 81.665283 113.200531
v 120.124062 82.047852 110.539642
v 120.143280 82.066025 113.380013
v 120.125267 82.623131 110.523880
v 120.134438 82.614616 113.402969
v 120.127357 83.089760 110.711739
v 120.141525 83.070679 113.255493
v 120.127876 83.443352 111.047966
v 120.134819 83.716003 111.534203
v 120.138344 83.427162 112.939873
v 120.138206 83.704597 112.459808
v 120.137909 83.805061 111.999680
v 120.666687 55.202682 106.555565
v 120.623108 55.108547 106.998405
v 120.669250 55.221012 107.436440
v 120.698677 55.809586 105.749229
v 120.717644 55.431618 106.061646
v 120.735634 55.433434 107.930992
v 120.718468 55.797523 108.279007
v 120.710068 56.255756 105.642059
v 120.721222 56.258476 108.475609
v 120.704910 56.699890 105.748306
v 120.721748 56.834587 108.462540
v 120.708870 57.067719 106.052917
v 120.714890 57.380947 106.524261
v 120.734894 57.279907 108.265541
v 120.719978 57.564178 107.037743
v 120.742287 57.536930 107.936142
v 120.617355 81.666924 110.801323
v 120.642410 81.426346 111.093269
v 120.709892 81.261169 112.003891
v 120.727478 81.384415 112.925926
v 120.727852 81.621628 113.237480
v 120.701241 82.065155 110.617516
v 120.717842 82.052628 113.418518
v 120.711304 82.614090 110.590981
v 120.716072 82.617004 113.433136
v 120.705650 83.071922 110.741928
v 120.716774 83.080940 113.270737
v 120.708382 83.428909 111.058899
v 120.708427 83.706009 111.539383
v 120.717552 83.443901 112.951523
v 120.711182 83.715744 112.465691
v 120.708145 83.805588 112.000191
v 120.950340 55.182659 106.996521
v 121.187698 55.880310 105.816208
v 121.226021 55.602406 106.087936
v 121.324165 55.299965 107.010559
v 121.295242 55.510971 107.948837
v 121.310776 55.787045 108.328827
v 121.240456 56.257473 105.719803
v 121.277222 56.238384 108.604721
v 121.195274 56.647694 105.807388
v 121.259842 56.866013 108.625847
v 121.250801 57.004566 106.095528
v 121.326096 57.341427 106.531761
v 121.325188 57.387623 108.382042
v 121.305931 57.605579 107.034836
v 121.306023 57.706913 107.950577
v 120.980637 81.522774 111.044212
v 121.311424 81.447617 111.480850
v 121.271141 81.319595 112.016373
v 121.287514 81.396103 112.929398
v 121.288803 81.623787 113.234520
v 121.246780 82.121315 110.728645
v 121.310516 81.721649 111.002243
v 121.299545 82.052879 113.413864
v 121.268089 82.608528 110.671379
v 121.301056 82.616379 113.428001
v 121.198029 83.016663 110.801590
v 121.300713 83.077805 113.265541
v 121.244217 83.356644 111.100693
v 121.235573 83.629364 111.586601
v 121.324326 83.446060 112.927544
v 121.252625 83.661530 112.440094
v 121.204285 83.753471 112.003067
v 121.540062 55.755085 106.070770
v 121.920799 55.694233 106.479805
v 121.867355 55.475811 107.014229
v 121.882309 55.531967 107.956070
v 121.869865 55.781372 108.459991
v 121.615242 56.258751 105.891472
v 121.819206 56.014053 106.084557
v 121.958534 56.112885 108.880844
v 121.719345 56.313576 108.889542
v 122.074364 56.424438 109.138420
v 121.840782 56.521618 106.057755
v 121.568611 56.806934 106.046204
v 121.977104 56.920555 106.317360
v 121.699799 56.805305 108.914955
v 122.092972 56.748165 109.181915
v 121.895508 57.344433 106.627968
v 121.921097 57.111523 108.960876
v 121.825729 57.481480 108.646233
v 121.861771 57.701225 107.043770
v 121.677200 57.879086 107.984505
v 121.940338 57.889561 107.554810
v 121.972168 57.848011 108.292625
v 121.991653 57.973057 107.986725
v 121.806061 81.614220 111.589783
v 121.792229 81.438942 112.051064
v 121.784004 81.472328 112.925446
v 121.774139 81.673409 113.186363
v 121.695740 82.203758 110.854866
v 121.794823 81.906097 111.113258
v 121.854988 82.071732 113.347549
v 121.680466 82.530617 110.820900
v 121.869896 82.612061 113.372971
v 121.828560 82.873962 111.057457
v 121.550301 83.154068 111.055710
v 121.909676 83.202675 111.484055
v 121.871147 83.050797 113.236732
v 121.516319 83.672966 112.003716
v 121.873871 83.493263 112.026619
v 121.863922 83.322914 112.932693
v 122.442184 55.798748 106.685616
v 122.461037 55.575726 107.058037
v 122.470779 55.553486 107.962341
v 122.475838 55.724224 108.472397
v 122.012535 56.259518 106.130722
v 122.457710 56.262947 106.417282
v 122.481422 56.036758 108.940788
v 122.490143 56.404411 109.229782
v 122.477669 56.855255 106.461205
v 122.509003 56.829445 109.325455
v 122.504501 57.365032 106.668251
v 122.195358 57.415653 108.977165
v 122.602180 57.299980 109.238876
v 122.449265 57.756481 106.992249
v 122.460915 58.006676 107.479561
v 122.504929 57.686623 108.963699
v 122.458458 57.969872 108.509422
v 122.523796 58.077824 107.996002
v 122.077065 81.589455 112.031090
v 122.064888 81.606812 112.944626
v 121.987053 82.122261 111.135735
v 122.274063 82.122871 111.610207
v 122.338242 81.851646 112.032715
v 122.321236 81.863060 112.944672
v 122.253937 82.153770 113.185173
v 122.018486 82.575905 111.120644
v 122.314590 82.634277 111.569260
v 122.293686 82.624969 113.217392
v 122.293770 83.052933 111.755203
v 122.273720 83.013123 113.140678
v 122.328156 83.226028 112.062141
v 122.331657 83.182968 112.922997
v 122.960869 55.874821 106.787888
v 122.980995 55.661236 107.091202
v 123.041512 55.589344 107.964714
v 123.056145 55.736309 108.469971
v 123.037880 56.279854 106.589668
v 123.060211 56.022552 108.953056
v 123.060593 56.387615 109.268929
v 123.054825 56.840073 106.546318
v 123.062653 56.853298 109.404617
v 123.061325 57.378967 106.661072
v 123.086845 57.399101 109.366219
v 122.792603 57.923450 107.056427
v 123.060501 57.741795 106.868523
v 122.815109 57.933220 108.937889
v 123.166824 57.803219 109.195740
v 123.060631 57.970810 107.115784
v 123.070160 58.169376 108.008217
v 123.137466 58.037838 108.908264
v 122.472137 82.138161 112.055031
v 122.452515 82.143143 112.924820
v 122.514854 82.623169 112.053284
v 122.499741 82.624107 112.926842
v 122.442451 83.077171 112.068840
v 122.433205 83.070724 112.924789
v 123.314857 55.758881 107.048004
v 123.613869 55.736546 107.516365
v 123.540794 55.665718 107.985420
v 123.600479 55.798538 108.438591
v 123.590660 56.338696 106.722473
v 123.658058 55.943466 107.022575
v 123.665398 56.019817 108.930717
v 123.648460 56.383541 109.279037
v 123.629494 56.844067 106.624672
v 123.651329 56.844685 109.474876
v 123.611832 57.349133 106.715919
v 123.650536 57.423050 109.476143
v 123.668930 57.763424 106.988297
v 123.330154 57.933857 107.051712
v 123.674438 58.066097 107.467941
v 123.673561 57.877319 109.284203
v 123.630737 58.212646 108.012466
v 123.666718 58.146526 108.943588
v 123.885262 55.755341 107.991272
v 124.053070 56.437733 106.836349
v 124.142181 56.185257 107.091293
v 124.250015 55.895187 108.012321
v 124.225227 56.097115 108.948792
v 124.240753 56.372944 109.329018
v 124.143539 56.884388 106.748199
v 124.202461 56.820694 109.614456
v 124.201393 57.297905 106.783813
v 124.142075 57.431915 109.658508
v 124.222176 57.682114 107.036095
v 124.262550 58.066662 107.492172
v 124.230209 57.984810 109.484489
v 124.203094 58.345867 108.003052
v 124.217720 58.330551 108.990898
v 124.392090 56.344814 107.104431
v 124.793869 56.322193 107.539192
v 124.781754 56.100040 108.025696
v 124.809402 56.134956 108.952545
v 124.800255 56.370979 109.457794
v 124.574432 56.822727 106.986916
v 124.958427 56.768810 107.292122
v 124.886436 56.695953 109.885239
v 124.638023 56.900383 109.901680
v 124.992935 57.017925 110.155899
v 124.567604 57.360340 106.919800
v 124.785477 57.147568 107.043739
v 124.564949 57.429070 109.956696
v 124.968193 57.429321 110.235390
v 124.748047 57.605549 107.111176
v 124.850121 58.007195 107.420105
v 124.648926 57.962612 109.906731
v 125.015465 57.908745 110.198204
v 124.588158 58.490250 108.034996
v 124.906052 58.391048 107.758423
v 124.572670 58.527771 108.988510
v 124.865120 58.522419 109.471130
v 124.887428 58.247292 109.935143
v 124.915573 58.598564 108.070526
v 124.911949 58.669319 108.972939
v 125.302818 56.439228 107.755089
v 125.325615 56.227730 108.084412
v 125.384651 56.179817 108.964325
v 125.402069 56.336395 109.462753
v 125.398224 56.848003 107.513992
v 125.411446 56.628613 109.936775
v 125.417908 56.985432 110.247513
v 124.939659 57.417927 107.133812
v 125.402786 57.433731 107.382141
v 125.420769 57.440796 110.377007
v 125.399864 58.009983 107.510963
v 125.436172 57.983524 110.354218
v 125.414810 58.438549 107.749557
v 125.167313 58.514053 109.939026
v 125.512848 58.395882 110.200790
v 125.421036 58.680920 108.073372
v 125.420746 58.834267 108.997421
v 125.485374 58.669125 109.919922
v 125.659134 56.344578 108.046043
v 125.957695 56.323040 108.516472
v 125.884819 56.251251 108.985413
v 125.944420 56.385365 109.438309
v 125.944107 56.914764 107.693596
v 126.005669 56.525143 108.020378
v 126.009880 56.608128 109.928947
v 125.990311 56.977165 110.263969
v 125.982109 57.435013 107.540413
v 125.992142 57.435860 110.443443
v 125.985786 58.002762 107.569931
v 125.998215 58.006508 110.458183
v 125.980690 58.443268 107.753265
v 126.037743 58.520359 110.297928
v 125.992416 58.729836 108.067497
v 125.951111 59.002453 108.981133
v 125.995277 58.880779 109.961327
v 126.229256 56.341312 108.991234
v 126.465958 57.040684 107.795479
v 126.503685 56.748611 108.077095
v 126.596878 56.472950 109.010582
v 126.565964 56.699974 109.938118
v 126.575996 56.983158 110.273453
v 126.541122 57.458298 107.654564
v 126.576889 57.428959 110.503296
v 126.542435 57.985943 107.653358
v 126.574135 58.009201 110.619820
v 126.474823 58.405964 107.798393
v 126.587860 58.587288 110.469429
v 126.498085 58.766911 108.120499
v 126.315796 59.125370 109.013184
v 126.638779 59.011658 108.567421
v 126.353043 59.066429 109.956680
v 126.675049 58.987198 110.228203
v 126.663658 59.206936 109.051811
v 126.675156 59.184418 109.929222
v 126.820114 56.918972 108.061684
v 127.178917 56.872555 108.485886
v 127.130234 56.676266 109.015755
v 127.142761 56.761314 109.932167
v 127.150879 57.000847 110.284279
v 126.958313 57.523972 107.812431
v 127.106186 57.184776 108.064796
v 127.133713 57.410744 110.606567
v 126.960556 57.920238 107.808929
v 127.227036 57.834713 110.891861
v 127.040535 58.025948 110.861427
v 127.420914 58.080685 111.055222
v 127.131630 58.284740 108.038986
v 126.844070 58.565144 108.045372
v 127.247063 58.679348 108.320328
v 127.211548 58.280613 110.939590
v 127.073364 58.676441 110.676186
v 127.164444 59.054569 108.666901
v 127.175270 59.088959 110.358391
v 127.175545 59.271744 109.060234
v 127.187157 59.310886 109.950104
v 127.651779 57.006241 108.722130
v 127.653854 56.823566 109.061623
v 127.649643 56.849628 109.930603
v 127.664665 57.035408 110.257896
v 127.339569 57.471451 108.094444
v 127.749619 57.427074 108.434021
v 127.748688 57.372581 110.605019
v 127.356506 57.977894 108.076950
v 127.798553 58.041443 108.348450
v 127.752113 57.763729 110.950836
v 127.782562 58.141838 111.179680
v 127.751564 58.610348 108.465500
v 127.467560 58.590187 110.977112
v 127.889702 58.472717 111.202919
v 127.748352 59.051571 108.715057
v 127.771828 58.867218 110.969063
v 127.697884 59.212803 110.541039
v 127.756233 59.324341 109.060654
v 127.740791 59.494190 109.973251
v 127.969597 56.962303 109.035995
v 127.978294 56.950363 109.965485
v 128.282990 57.502632 108.679138
v 128.326019 57.154472 109.037704
v 128.350693 57.114483 109.989906
v 128.311569 57.383896 110.498779
v 128.327972 58.019806 108.526245
v 128.331711 57.761402 110.963203
v 128.334747 58.155579 111.236053
v 128.331421 58.593201 108.551582
v 128.365143 58.582859 111.314583
v 128.334305 59.051636 108.734642
v 128.080338 59.131844 110.948410
v 128.439026 58.986015 111.193405
v 128.309509 59.422489 109.071571
v 128.115448 59.652378 109.995399
v 128.383286 59.632820 109.560829
v 128.400986 59.597038 110.409477
v 128.395264 59.320103 110.893166
v 128.431763 59.725227 109.995918
v 128.808334 57.630974 108.797318
v 128.833786 57.373615 109.083061
v 128.891098 57.297356 109.969872
v 128.909393 57.490734 110.468254
v 128.886551 58.045036 108.647507
v 128.909348 57.799267 110.938560
v 128.905045 58.159794 111.239067
v 128.902161 58.587097 108.624924
v 128.903076 58.598572 111.330246
v 128.905579 59.042545 108.752411
v 128.917801 59.029823 111.224884
v 128.907761 59.391342 109.067749
v 128.915573 59.660088 109.547943
v 128.919708 59.374054 110.919647
v 128.920181 59.652550 110.447723
v 128.918655 59.759674 109.999947
v 129.145920 57.532070 109.068954
v 129.396957 57.538765 109.533134
v 129.363617 57.459686 109.980423
v 129.385986 57.629253 110.397186
v 129.290070 58.122181 108.811920
v 129.404068 57.786659 109.067513
v 129.388962 57.912231 110.865379
v 129.305405 58.200012 111.142540
v 129.324692 58.598793 108.783974
v 129.325073 58.600491 111.210411
v 129.305573 59.000870 108.857513
v 129.309235 59.003582 111.142799
v 129.389084 59.288059 109.134438
v 129.384094 59.564377 109.605751
v 129.399506 59.303410 110.872734
v 129.392166 59.581245 110.405632
v 129.373520 59.699200 110.002403
v 129.492844 57.581993 109.990105
v 129.518112 58.093159 109.094627
v 129.650833 58.042030 109.999962
v 129.491470 58.116489 110.893547
v 129.557312 58.598671 109.078613
v 129.690063 58.599949 109.999924
v 129.555054 58.600414 110.921227
v 129.491928 59.083717 109.106071
v 129.647842 59.157112 109.999664
v 129.503143 59.090115 110.897842
v 129.486404 59.613167 110.002373
# 4980 vertices, 0 vertices normals

f 3 2 1
f 1 4 3
f 2 5 1
f 1 5 4
f 8 7 6
f 2 3 6
f 3 8 6
f 3 9 8
f 11 10 4
f 10 3 4
f 10 9 3
f 11 12 10
f 6 7 13
f 13 7 14
f 15 5 2
f 6 15 2
f 13 15 6
f 15 16 5
f 5 16 4
f 16 17 4
f 17 11 4
f 11 17 12
f 13 14 18
f 18 14 19
f 13 20 15
f 13 18 20
f 16 15 21
f 21 15 20
f 19 22 18
f 18 22 20
f 20 22 23
f 20 23 21
f 26 25 24
f 28 27 24
f 24 27 26
f 30 29 28
f 28 29 27
f 30 31 29
f 34 33 32
f 34 32 25
f 25 32 24
f 32 7 24
f 7 8 24
f 24 8 9
f 24 9 28
f 28 9 10
f 28 10 30
f 10 12 30
f 12 31 30
f 12 35 31
f 38 37 36
f 38 36 33
f 36 32 33
f 36 39 32
f 39 14 7
f 39 7 32
f 16 40 17
f 40 41 17
f 41 12 17
f 41 35 12
f 44 43 42
f 44 42 37
f 42 36 37
f 42 45 36
f 36 46 39
f 36 45 46
f 46 19 14
f 46 14 39
f 48 47 40
f 16 48 40
f 21 48 16
f 40 47 41
f 51 50 49
f 51 49 43
f 49 42 43
f 49 52 42
f 42 53 45
f 42 52 53
f 45 54 46
f 45 53 54
f 55 22 19
f 46 55 19
f 54 55 46
f 56 23 22
f 56 22 55
f 56 57 23
f 57 21 23
f 57 48 21
f 49 50 58
f 58 50 59
f 49 60 52
f 49 58 60
f 52 61 53
f 52 60 61
f 53 62 54
f 53 61 62
f 64 55 63
f 55 62 63
f 55 54 62
f 55 64 56
f 56 64 65
f 56 65 57
f 58 59 66
f 66 59 67
f 69 60 68
f 60 66 68
f 60 58 66
f 60 69 61
f 61 69 70
f 61 70 62
f 62 70 71
f 62 71 63
f 67 72 66
f 66 72 68
f 74 73 26
f 26 73 25
f 75 26 27
f 75 74 26
f 76 27 29
f 76 75 27
f 29 31 76
f 76 31 77
f 79 78 34
f 34 78 33
f 34 25 73
f 34 73 79
f 35 77 31
f 35 80 77
f 83 82 81
f 37 38 81
f 38 83 81
f 38 84 83
f 38 33 78
f 38 78 84
f 41 80 35
f 41 85 80
f 88 87 86
f 88 86 82
f 82 86 81
f 86 43 81
f 43 44 81
f 81 44 37
f 90 89 47
f 90 47 48
f 41 47 85
f 85 47 89
f 86 87 51
f 87 50 51
f 87 91 50
f 86 51 43
f 57 90 48
f 57 92 90
f 95 94 93
f 91 95 93
f 59 91 93
f 50 91 59
f 63 96 64
f 64 96 97
f 98 64 97
f 65 64 98
f 57 65 92
f 92 65 98
f 93 94 99
f 99 94 100
f 99 67 59
f 99 59 93
f 68 101 69
f 102 70 69
f 102 69 101
f 70 102 103
f 104 70 103
f 71 70 104
f 63 71 96
f 71 105 96
f 71 104 105
f 96 105 97
f 99 100 106
f 106 100 107
f 108 72 67
f 99 108 67
f 106 108 99
f 101 68 72
f 108 101 72
f 109 101 108
f 111 102 110
f 102 109 110
f 102 101 109
f 102 111 103
f 106 107 112
f 112 107 113
f 106 114 108
f 106 112 114
f 116 109 115
f 109 114 115
f 109 108 114
f 109 116 110
f 113 117 112
f 112 117 114
f 114 117 118
f 114 118 115
f 121 120 119
f 119 122 121
f 124 123 74
f 74 123 73
f 75 119 120
f 124 75 120
f 74 75 124
f 125 122 119
f 75 125 119
f 76 125 75
f 76 77 125
f 125 77 126
f 128 127 79
f 79 127 78
f 79 73 123
f 79 123 128
f 80 126 77
f 80 129 126
f 131 130 83
f 83 130 82
f 132 83 84
f 132 131 83
f 84 78 127
f 84 127 132
f 135 134 133
f 134 129 133
f 129 85 133
f 129 80 85
f 137 136 88
f 88 136 87
f 88 82 130
f 88 130 137
f 135 133 89
f 90 135 89
f 138 135 90
f 89 133 85
f 141 140 139
f 136 141 139
f 91 136 139
f 87 136 91
f 92 138 90
f 92 142 138
f 139 140 95
f 140 94 95
f 140 143 94
f 139 95 91
f 145 144 98
f 145 98 97
f 92 98 142
f 142 98 144
f 143 100 94
f 146 100 143
f 148 147 104
f 148 104 103
f 104 149 105
f 147 149 104
f 97 105 145
f 145 105 149
f 146 107 100
f 150 107 146
f 152 151 111
f 152 111 110
f 103 111 148
f 148 111 151
f 155 154 153
f 150 155 153
f 113 150 153
f 107 150 113
f 115 156 116
f 156 157 116
f 157 110 116
f 157 152 110
f 160 159 158
f 160 158 154
f 158 153 154
f 158 161 153
f 162 117 113
f 153 162 113
f 161 162 153
f 163 118 117
f 163 117 162
f 163 164 118
f 118 164 115
f 164 165 115
f 165 156 115
f 156 165 157
f 168 167 166
f 168 166 159
f 166 158 159
f 166 169 158
f 158 170 161
f 158 169 170
f 161 171 162
f 161 170 171
f 173 163 172
f 163 171 172
f 163 162 171
f 163 173 164
f 166 167 174
f 174 167 175
f 166 176 169
f 166 174 176
f 169 177 170
f 169 176 177
f 179 171 178
f 171 177 178
f 171 170 177
f 171 179 172
f 174 175 180
f 180 175 181
f 174 182 176
f 174 180 182
f 184 177 183
f 177 182 183
f 177 176 182
f 177 184 178
f 181 185 180
f 180 185 182
f 182 185 186
f 182 186 183
f 187 120 121
f 122 187 121
f 188 123 124
f 120 187 124
f 187 188 124
f 187 189 188
f 125 190 122
f 190 187 122
f 190 189 187
f 126 190 125
f 191 127 128
f 192 191 128
f 192 128 123
f 193 192 123
f 188 193 123
f 193 188 189
f 193 189 194
f 196 195 194
f 189 196 194
f 190 196 189
f 129 196 126
f 126 196 190
f 198 197 131
f 131 197 130
f 199 131 132
f 199 198 131
f 132 127 191
f 200 132 191
f 199 132 200
f 200 191 192
f 195 196 134
f 135 195 134
f 201 195 135
f 134 196 129
f 203 202 137
f 137 202 136
f 137 130 197
f 137 197 203
f 138 201 135
f 138 204 201
f 206 205 141
f 141 205 140
f 141 136 202
f 141 202 206
f 209 208 207
f 208 204 207
f 204 142 207
f 204 138 142
f 205 143 140
f 210 143 205
f 213 212 211
f 211 212 209
f 211 209 207
f 145 211 207
f 144 145 207
f 144 207 142
f 210 146 143
f 214 146 210
f 217 216 215
f 147 148 215
f 216 147 215
f 218 147 216
f 211 149 213
f 149 218 213
f 149 147 218
f 149 211 145
f 221 220 219
f 214 221 219
f 150 214 219
f 146 214 150
f 217 215 151
f 152 217 151
f 222 217 152
f 151 215 148
f 225 224 223
f 225 223 220
f 220 223 219
f 223 154 219
f 154 155 219
f 219 155 150
f 157 222 152
f 157 226 222
f 229 228 227
f 229 227 224
f 224 227 223
f 227 159 223
f 159 160 223
f 223 160 154
f 231 230 165
f 231 165 164
f 157 165 226
f 226 165 230
f 227 228 168
f 228 167 168
f 228 232 167
f 227 168 159
f 172 233 173
f 233 234 173
f 234 164 173
f 234 231 164
f 237 236 235
f 232 237 235
f 175 232 235
f 167 232 175
f 178 238 179
f 238 239 179
f 179 239 172
f 239 240 172
f 240 233 172
f 233 240 234
f 235 236 241
f 241 236 242
f 241 181 175
f 241 175 235
f 183 243 184
f 243 244 184
f 184 244 178
f 244 245 178
f 245 238 178
f 238 245 239
f 241 242 246
f 246 242 247
f 248 185 181
f 241 248 181
f 246 248 241
f 249 186 185
f 249 185 248
f 249 250 186
f 186 250 183
f 250 251 183
f 251 243 183
f 243 251 244
f 246 247 252
f 252 247 253
f 246 254 248
f 246 252 254
f 256 249 255
f 249 254 255
f 249 248 254
f 249 256 250
f 252 253 257
f 257 253 258
f 252 259 254
f 252 257 259
f 255 254 260
f 260 254 259
f 258 261 257
f 257 261 259
f 259 261 262
f 259 262 260
f 265 264 263
f 263 266 265
f 264 267 263
f 267 268 263
f 268 269 263
f 270 266 263
f 270 263 269
f 269 271 270
f 268 272 269
f 269 272 271
f 273 192 193
f 194 274 193
f 193 274 273
f 195 274 194
f 275 197 198
f 199 276 198
f 198 276 275
f 200 277 199
f 199 277 276
f 192 273 200
f 273 277 200
f 273 278 277
f 279 273 274
f 278 273 279
f 201 279 195
f 195 279 274
f 280 202 203
f 281 280 203
f 281 203 197
f 282 281 197
f 275 282 197
f 282 275 276
f 282 276 283
f 285 284 283
f 276 285 283
f 277 285 276
f 286 277 278
f 285 277 286
f 287 278 279
f 286 278 287
f 204 287 201
f 201 287 279
f 288 205 206
f 289 288 206
f 289 206 202
f 290 289 202
f 280 290 202
f 290 280 281
f 284 285 291
f 284 291 292
f 293 285 286
f 291 285 293
f 209 293 208
f 293 287 208
f 293 286 287
f 208 287 204
f 295 294 288
f 294 205 288
f 294 210 205
f 295 288 289
f 298 297 296
f 296 297 292
f 291 296 292
f 299 296 291
f 213 299 212
f 299 293 212
f 299 291 293
f 212 293 209
f 294 214 210
f 300 214 294
f 298 296 216
f 217 298 216
f 301 298 217
f 216 296 218
f 218 296 299
f 218 299 213
f 303 302 221
f 221 302 220
f 221 214 300
f 221 300 303
f 222 301 217
f 222 304 301
f 306 305 225
f 225 305 224
f 225 220 302
f 225 302 306
f 226 304 222
f 226 307 304
f 309 308 229
f 229 308 228
f 229 224 305
f 229 305 309
f 311 310 230
f 311 230 231
f 226 230 307
f 307 230 310
f 308 232 228
f 312 232 308
f 234 311 231
f 234 313 311
f 315 314 237
f 237 314 236
f 237 232 312
f 237 312 315
f 317 316 240
f 317 240 239
f 234 240 313
f 313 240 316
f 314 242 236
f 318 242 314
f 320 319 245
f 320 245 244
f 239 245 317
f 317 245 319
f 323 322 321
f 318 323 321
f 247 318 321
f 242 318 247
f 325 324 251
f 325 251 250
f 244 251 320
f 320 251 324
f 328 327 326
f 328 326 322
f 326 321 322
f 326 329 321
f 329 253 247
f 329 247 321
f 255 330 256
f 330 331 256
f 331 250 256
f 331 325 250
f 334 333 332
f 334 332 327
f 332 326 327
f 332 335 326
f 326 336 329
f 326 335 336
f 336 258 253
f 336 253 329
f 338 337 330
f 255 338 330
f 260 338 255
f 330 337 331
f 332 333 339
f 339 333 340
f 332 341 335
f 332 339 341
f 335 342 336
f 335 341 342
f 343 261 258
f 336 343 258
f 342 343 336
f 344 262 261
f 344 261 343
f 344 345 262
f 345 260 262
f 345 338 260
f 340 346 339
f 348 347 346
f 347 339 346
f 347 341 339
f 350 342 349
f 342 347 349
f 342 341 347
f 342 350 343
f 343 350 351
f 343 351 344
f 344 351 352
f 344 352 345
f 348 353 347
f 347 353 349
f 356 355 354
f 358 357 354
f 354 357 356
f 358 359 357
f 354 355 360
f 360 355 361
f 354 362 358
f 354 360 362
f 359 358 363
f 363 358 362
f 360 361 265
f 361 264 265
f 361 364 264
f 360 265 266
f 365 360 266
f 362 360 365
f 363 362 366
f 362 367 366
f 362 365 367
f 367 368 366
f 267 264 369
f 264 370 369
f 264 364 370
f 270 365 266
f 268 267 369
f 367 365 371
f 365 271 371
f 271 372 371
f 271 365 270
f 367 371 368
f 370 373 369
f 369 373 268
f 373 272 268
f 373 374 272
f 271 272 372
f 372 272 374
f 375 281 282
f 283 376 282
f 282 376 375
f 284 376 283
f 377 289 290
f 281 375 290
f 375 377 290
f 375 378 377
f 379 375 376
f 378 375 379
f 292 379 284
f 284 379 376
f 380 294 295
f 289 377 295
f 377 380 295
f 377 381 380
f 382 377 378
f 381 377 382
f 298 382 297
f 382 379 297
f 382 378 379
f 297 379 292
f 383 300 380
f 380 300 294
f 381 385 384
f 383 381 384
f 380 381 383
f 387 386 385
f 381 387 385
f 382 387 381
f 301 387 298
f 298 387 382
f 388 302 303
f 389 388 303
f 389 303 300
f 390 389 300
f 383 390 300
f 390 383 384
f 386 387 391
f 386 391 392
f 304 391 301
f 301 391 387
f 394 393 306
f 306 393 305
f 306 302 388
f 395 306 388
f 394 306 395
f 395 388 389
f 392 391 396
f 392 396 397
f 307 396 304
f 304 396 391
f 399 398 309
f 309 398 308
f 309 305 393
f 309 393 399
f 397 396 310
f 311 397 310
f 400 397 311
f 310 396 307
f 398 312 308
f 401 312 398
f 404 403 402
f 403 400 402
f 400 313 402
f 400 311 313
f 406 405 315
f 315 405 314
f 315 312 401
f 315 401 406
f 409 408 407
f 407 408 404
f 407 404 402
f 317 407 402
f 316 317 402
f 316 402 313
f 405 318 314
f 410 318 405
f 413 412 411
f 411 412 409
f 411 409 407
f 320 411 407
f 319 320 407
f 319 407 317
f 415 414 323
f 323 414 322
f 323 318 410
f 323 410 415
f 413 411 324
f 325 413 324
f 416 413 325
f 324 411 320
f 419 418 417
f 327 328 417
f 328 419 417
f 328 420 419
f 328 322 414
f 328 414 420
f 331 416 325
f 331 421 416
f 417 418 334
f 418 333 334
f 418 422 333
f 417 334 327
f 424 423 337
f 424 337 338
f 331 337 421
f 421 337 423
f 427 426 425
f 422 427 425
f 340 422 425
f 333 422 340
f 345 424 338
f 345 428 424
f 425 426 429
f 429 426 430
f 431 346 340
f 425 431 340
f 429 431 425
f 431 348 346
f 349 432 350
f 350 432 433
f 434 350 433
f 351 350 434
f 351 435 352
f 434 435 351
f 345 352 428
f 428 352 435
f 430 436 429
f 429 436 431
f 431 436 437
f 431 437 348
f 437 353 348
f 437 438 353
f 349 353 432
f 353 439 432
f 353 438 439
f 432 439 433
f 442 441 440
f 440 443 442
f 445 444 356
f 356 444 355
f 357 440 441
f 445 357 441
f 356 357 445
f 447 446 359
f 359 446 357
f 446 443 357
f 443 440 357
f 447 448 446
f 444 361 355
f 449 361 444
f 363 450 447
f 363 447 359
f 448 447 451
f 451 447 450
f 449 364 361
f 452 364 449
f 366 450 363
f 366 368 450
f 368 451 450
f 368 453 451
f 452 370 364
f 454 370 452
f 456 455 371
f 456 371 372
f 368 371 453
f 453 371 455
f 454 457 370
f 370 457 373
f 373 458 374
f 457 458 373
f 372 374 456
f 456 374 458
f 459 384 385
f 386 459 385
f 460 389 390
f 384 459 390
f 459 460 390
f 459 461 460
f 392 461 386
f 386 461 459
f 462 393 394
f 395 463 394
f 394 463 462
f 389 460 395
f 460 463 395
f 460 464 463
f 465 460 461
f 464 460 465
f 397 465 392
f 392 465 461
f 466 398 399
f 393 462 399
f 462 466 399
f 462 467 466
f 463 469 468
f 467 463 468
f 462 463 467
f 471 470 469
f 463 471 469
f 464 471 463
f 472 464 465
f 471 464 472
f 400 472 397
f 397 472 465
f 474 473 466
f 473 398 466
f 473 401 398
f 474 466 467
f 474 467 475
f 475 467 468
f 470 471 476
f 470 476 477
f 404 476 403
f 476 472 403
f 476 471 472
f 403 472 400
f 478 405 406
f 479 478 406
f 401 479 406
f 473 479 401
f 482 481 480
f 480 481 477
f 480 477 476
f 409 480 476
f 408 409 476
f 408 476 404
f 484 483 478
f 483 405 478
f 483 410 405
f 484 478 479
f 482 480 412
f 413 482 412
f 485 482 413
f 412 480 409
f 487 486 415
f 415 486 414
f 415 410 483
f 415 483 487
f 416 485 413
f 416 488 485
f 490 489 419
f 419 489 418
f 491 419 420
f 491 490 419
f 420 414 486
f 420 486 491
f 421 488 416
f 421 492 488
f 495 494 493
f 489 495 493
f 422 489 493
f 418 489 422
f 497 496 423
f 497 423 424
f 421 423 492
f 492 423 496
f 493 494 427
f 494 426 427
f 494 498 426
f 493 427 422
f 428 497 424
f 428 499 497
f 498 430 426
f 500 430 498
f 502 501 434
f 502 434 433
f 434 503 435
f 501 503 434
f 428 435 499
f 499 435 503
f 436 430 504
f 430 505 504
f 430 500 505
f 506 437 436
f 506 436 504
f 507 438 437
f 507 437 506
f 438 507 508
f 509 438 508
f 439 438 509
f 433 439 502
f 502 439 509
f 505 510 504
f 504 510 506
f 506 510 511
f 506 511 507
f 507 511 512
f 507 512 508
f 513 441 442
f 443 513 442
f 515 514 445
f 445 514 444
f 445 441 513
f 516 445 513
f 515 445 516
f 518 516 517
f 517 516 446
f 516 513 446
f 513 443 446
f 448 517 446
f 521 520 519
f 514 521 519
f 449 514 519
f 444 514 449
f 522 518 517
f 517 448 522
f 448 523 522
f 448 451 523
f 519 520 524
f 524 520 525
f 524 452 449
f 524 449 519
f 453 523 451
f 453 526 523
f 525 527 524
f 452 524 527
f 528 452 527
f 454 452 528
f 530 529 455
f 530 455 456
f 453 455 526
f 526 455 529
f 457 454 531
f 454 532 531
f 454 528 532
f 457 531 533
f 534 457 533
f 458 457 534
f 456 458 530
f 530 458 534
f 532 535 531
f 531 535 533
f 536 468 469
f 470 536 469
f 537 473 474
f 475 538 474
f 474 538 537
f 468 536 475
f 536 538 475
f 536 539 538
f 477 539 470
f 470 539 536
f 540 479 537
f 537 479 473
f 541 537 538
f 540 537 541
f 482 541 481
f 541 539 481
f 541 538 539
f 481 539 477
f 542 483 484
f 479 540 484
f 540 542 484
f 540 543 542
f 544 540 541
f 543 540 544
f 485 544 482
f 482 544 541
f 545 486 487
f 546 545 487
f 546 487 483
f 547 546 483
f 542 547 483
f 547 542 543
f 547 543 548
f 550 549 548
f 543 550 548
f 544 550 543
f 488 550 485
f 485 550 544
f 552 551 490
f 490 551 489
f 553 490 491
f 553 552 490
f 491 486 545
f 554 491 545
f 553 491 554
f 554 545 546
f 549 550 555
f 549 555 556
f 492 555 488
f 488 555 550
f 558 557 495
f 495 557 494
f 495 489 551
f 495 551 558
f 556 555 496
f 497 556 496
f 559 556 497
f 496 555 492
f 562 561 560
f 557 562 560
f 498 557 560
f 494 557 498
f 565 564 563
f 564 559 563
f 559 499 563
f 559 497 499
f 560 561 566
f 566 561 567
f 566 500 498
f 566 498 560
f 569 568 501
f 569 501 502
f 563 503 565
f 503 568 565
f 503 501 568
f 503 563 499
f 566 567 570
f 570 567 571
f 570 505 500
f 570 500 566
f 574 573 572
f 509 508 572
f 573 509 572
f 575 509 573
f 502 509 569
f 569 509 575
f 571 576 570
f 576 578 577
f 576 577 510
f 570 576 510
f 505 570 510
f 579 511 510
f 579 510 577
f 580 574 572
f 511 580 572
f 512 511 572
f 580 511 579
f 512 572 508
f 578 581 577
f 577 581 579
f 579 581 582
f 579 582 580
f 584 583 515
f 515 583 514
f 585 515 516
f 585 584 515
f 516 518 585
f 585 518 586
f 588 587 521
f 521 587 520
f 521 514 583
f 521 583 588
f 518 522 589
f 590 518 589
f 586 518 590
f 523 589 522
f 587 525 520
f 591 525 587
f 590 589 592
f 590 592 593
f 526 592 523
f 523 592 589
f 527 525 594
f 525 595 594
f 525 591 595
f 594 528 527
f 593 592 529
f 530 593 529
f 596 593 530
f 529 592 526
f 595 597 594
f 528 594 597
f 598 528 597
f 532 528 598
f 600 599 534
f 600 534 533
f 530 534 596
f 596 534 599
f 598 601 532
f 532 601 535
f 533 535 600
f 600 535 601
f 602 546 547
f 548 603 547
f 547 603 602
f 549 603 548
f 604 551 552
f 553 605 552
f 552 605 604
f 554 606 553
f 553 606 605
f 546 602 554
f 602 606 554
f 602 607 606
f 608 602 603
f 607 602 608
f 556 608 549
f 549 608 603
f 610 609 558
f 558 609 557
f 558 551 604
f 611 558 604
f 610 558 611
f 611 604 605
f 611 605 612
f 614 613 612
f 605 614 612
f 606 614 605
f 615 606 607
f 614 606 615
f 616 607 608
f 615 607 616
f 559 616 556
f 556 616 608
f 618 617 562
f 562 617 561
f 562 557 609
f 562 609 618
f 613 614 619
f 613 619 620
f 621 614 615
f 619 614 621
f 565 621 564
f 621 616 564
f 621 615 616
f 564 616 559
f 617 567 561
f 622 567 617
f 620 619 623
f 620 623 624
f 569 623 568
f 623 621 568
f 623 619 621
f 568 621 565
f 622 571 567
f 625 571 622
f 627 626 573
f 627 573 574
f 623 575 624
f 575 626 624
f 575 573 626
f 575 623 569
f 576 571 628
f 571 629 628
f 571 625 629
f 628 578 576
f 580 627 574
f 580 630 627
f 629 631 628
f 631 633 632
f 631 632 581
f 628 631 581
f 578 628 581
f 581 632 634
f 635 581 634
f 582 581 635
f 580 582 630
f 630 582 635
f 633 636 632
f 632 636 634
f 638 637 584
f 584 637 583
f 639 584 585
f 639 638 584
f 585 586 639
f 639 586 640
f 642 641 588
f 588 641 587
f 588 583 637
f 588 637 642
f 590 640 586
f 590 643 640
f 641 591 587
f 644 591 641
f 593 643 590
f 593 645 643
f 644 595 591
f 646 595 644
f 596 645 593
f 596 647 645
f 597 595 648
f 595 649 648
f 595 646 649
f 648 598 597
f 651 650 599
f 651 599 600
f 596 599 647
f 647 599 650
f 649 652 648
f 648 652 598
f 652 601 598
f 652 653 601
f 600 601 651
f 651 601 653
f 655 654 610
f 610 654 609
f 657 655 656
f 655 611 656
f 655 610 611
f 612 658 611
f 611 658 656
f 613 658 612
f 660 659 618
f 618 659 617
f 618 609 654
f 618 654 660
f 661 657 656
f 663 662 661
f 656 663 661
f 658 663 656
f 620 663 613
f 613 663 658
f 659 622 617
f 664 622 659
f 662 663 665
f 662 665 666
f 624 665 620
f 620 665 663
f 664 625 622
f 667 625 664
f 666 665 626
f 627 666 626
f 668 666 627
f 626 665 624
f 667 629 625
f 669 629 667
f 630 668 627
f 630 670 668
f 631 629 671
f 629 672 671
f 629 669 672
f 671 633 631
f 634 673 635
f 673 674 635
f 674 630 635
f 674 670 630
f 672 675 671
f 671 675 633
f 675 636 633
f 675 676 636
f 634 636 673
f 636 677 673
f 636 676 677
f 673 677 674
f 679 678 638
f 638 678 637
f 681 679 680
f 679 639 680
f 679 638 639
f 640 680 639
f 683 682 642
f 642 682 641
f 642 637 678
f 642 678 683
f 684 681 680
f 680 640 684
f 640 685 684
f 640 643 685
f 682 644 641
f 686 644 682
f 645 685 643
f 645 687 685
f 686 646 644
f 688 646 686
f 647 687 645
f 647 689 687
f 688 649 646
f 690 649 688
f 692 691 650
f 692 650 651
f 647 650 689
f 689 650 691
f 690 693 649
f 649 693 652
f 652 694 653
f 693 694 652
f 651 653 692
f 692 653 694
f 695 654 655
f 657 695 655
f 696 659 660
f 697 696 660
f 697 660 654
f 698 697 654
f 695 698 654
f 700 698 699
f 699 698 661
f 698 695 661
f 695 657 661
f 662 699 661
f 702 701 696
f 701 659 696
f 701 664 659
f 702 696 697
f 703 700 699
f 699 662 703
f 662 704 703
f 662 666 704
f 701 667 664
f 705 667 701
f 668 704 666
f 668 706 704
f 705 669 667
f 707 669 705
f 670 706 668
f 670 708 706
f 707 672 669
f 709 672 707
f 674 708 670
f 674 710 708
f 675 672 711
f 672 712 711
f 672 709 712
f 713 676 675
f 713 675 711
f 676 713 714
f 715 676 714
f 677 676 715
f 674 677 710
f 710 677 715
f 712 716 711
f 711 716 713
f 713 716 717
f 713 717 714
f 719 718 679
f 679 718 678
f 679 681 719
f 719 681 720
f 722 721 683
f 683 721 682
f 683 678 718
f 683 718 722
f 723 720 681
f 723 681 684
f 684 685 723
f 723 685 724
f 721 686 682
f 725 686 721
f 687 724 685
f 687 726 724
f 725 688 686
f 727 688 725
f 689 726 687
f 689 728 726
f 727 690 688
f 729 690 727
f 731 730 691
f 731 691 692
f 689 691 728
f 728 691 730
f 729 732 690
f 690 732 693
f 693 733 694
f 732 733 693
f 692 694 731
f 731 694 733
f 734 697 698
f 700 734 698
f 736 735 702
f 702 735 701
f 702 697 734
f 737 702 734
f 736 702 737
f 739 737 738
f 738 737 703
f 737 734 703
f 734 700 703
f 704 738 703
f 735 705 701
f 740 705 735
f 741 739 738
f 738 704 741
f 704 742 741
f 704 706 742
f 740 707 705
f 743 707 740
f 708 742 706
f 708 744 742
f 747 746 745
f 743 747 745
f 709 743 745
f 707 743 709
f 710 744 708
f 710 748 744
f 746 749 745
f 709 745 749
f 750 709 749
f 712 709 750
f 752 751 715
f 752 715 714
f 710 715 748
f 748 715 751
f 750 753 712
f 712 753 716
f 716 754 717
f 753 754 716
f 714 717 752
f 752 717 754
f 757 756 755
f 755 718 757
f 718 719 757
f 759 758 757
f 759 757 719
f 720 759 719
f 755 756 722
f 756 721 722
f 756 760 721
f 759 761 758
f 718 755 722
f 763 761 762
f 762 761 723
f 761 759 723
f 759 720 723
f 724 762 723
f 766 765 764
f 760 766 764
f 725 760 764
f 721 760 725
f 763 762 767
f 763 767 768
f 726 767 724
f 724 767 762
f 764 765 769
f 769 765 770
f 769 727 725
f 769 725 764
f 768 767 771
f 768 771 772
f 728 771 726
f 726 771 767
f 770 773 769
f 727 769 773
f 774 727 773
f 729 727 774
f 772 771 730
f 731 772 730
f 775 772 731
f 730 771 728
f 774 776 729
f 729 776 732
f 732 777 733
f 776 777 732
f 731 733 775
f 775 733 777
f 778 735 736
f 737 779 736
f 736 779 778
f 739 779 737
f 781 780 778
f 780 735 778
f 780 740 735
f 781 778 779
f 781 779 782
f 784 782 783
f 783 782 741
f 782 779 741
f 779 739 741
f 742 783 741
f 787 786 785
f 780 787 785
f 743 780 785
f 740 780 743
f 788 784 783
f 783 742 788
f 742 789 788
f 742 744 789
f 785 786 747
f 786 746 747
f 786 790 746
f 785 747 743
f 793 792 791
f 792 789 791
f 789 748 791
f 789 744 748
f 749 746 794
f 746 795 794
f 746 790 795
f 794 750 749
f 793 791 751
f 752 793 751
f 796 793 752
f 751 791 748
f 794 795 797
f 797 795 798
f 799 753 750
f 794 799 750
f 797 799 794
f 800 754 753
f 800 753 799
f 800 801 754
f 801 752 754
f 801 796 752
f 798 802 797
f 797 802 799
f 799 802 803
f 799 803 800
f 800 803 804
f 800 804 801
f 806 805 757
f 757 805 756
f 757 758 806
f 806 758 807
f 810 809 808
f 805 810 808
f 760 805 808
f 756 805 760
f 811 807 758
f 811 758 761
f 761 763 811
f 811 763 812
f 808 809 766
f 809 765 766
f 809 813 765
f 808 766 760
f 768 812 763
f 768 814 812
f 813 770 765
f 815 770 813
f 772 814 768
f 772 816 814
f 815 817 770
f 770 817 773
f 774 773 817
f 774 817 818
f 775 816 772
f 775 819 816
f 818 820 774
f 774 820 776
f 776 821 777
f 820 821 776
f 775 777 819
f 819 777 821
f 823 822 781
f 781 822 780
f 824 781 782
f 824 823 781
f 782 784 824
f 824 784 825
f 827 826 787
f 787 826 786
f 787 780 822
f 787 822 827
f 784 788 828
f 829 784 828
f 825 784 829
f 789 828 788
f 826 790 786
f 830 790 826
f 829 828 792
f 793 829 792
f 831 829 793
f 792 828 789
f 834 833 832
f 830 834 832
f 795 830 832
f 790 830 795
f 796 831 793
f 796 835 831
f 832 833 836
f 836 833 837
f 836 798 795
f 836 795 832
f 801 835 796
f 801 838 835
f 837 839 836
f 839 841 840
f 839 840 802
f 836 839 802
f 798 836 802
f 802 840 842
f 843 802 842
f 803 802 843
f 803 844 804
f 843 844 803
f 801 804 838
f 838 804 844
f 841 845 840
f 840 845 842
f 847 846 806
f 806 846 805
f 806 807 847
f 847 807 848
f 850 849 810
f 810 849 809
f 810 805 846
f 810 846 850
f 851 848 807
f 851 807 811
f 811 812 851
f 851 812 852
f 849 813 809
f 853 813 849
f 814 852 812
f 814 854 852
f 853 815 813
f 855 815 853
f 816 854 814
f 816 856 854
f 855 857 815
f 815 857 817
f 818 817 857
f 818 857 858
f 819 856 816
f 819 859 856
f 858 860 818
f 818 860 820
f 820 861 821
f 860 861 820
f 819 821 859
f 859 821 861
f 862 822 823
f 824 863 823
f 823 863 862
f 825 863 824
f 865 864 827
f 827 864 826
f 827 822 862
f 866 827 862
f 865 827 866
f 866 862 863
f 866 863 867
f 863 825 867
f 825 868 867
f 825 829 868
f 871 870 869
f 864 871 869
f 830 864 869
f 826 864 830
f 831 868 829
f 831 872 868
f 869 870 834
f 870 833 834
f 870 873 833
f 869 834 830
f 835 872 831
f 835 874 872
f 873 837 833
f 875 837 873
f 878 877 876
f 877 874 876
f 874 838 876
f 874 835 838
f 839 837 879
f 837 880 879
f 837 875 880
f 879 841 839
f 842 881 843
f 882 878 876
f 843 882 876
f 844 843 876
f 882 843 881
f 844 876 838
f 880 883 879
f 879 883 841
f 883 845 841
f 883 884 845
f 842 845 881
f 845 885 881
f 845 884 885
f 881 885 882
f 888 887 886
f 846 847 886
f 847 888 886
f 847 889 888
f 891 890 848
f 890 847 848
f 890 889 847
f 891 892 890
f 886 887 850
f 887 849 850
f 887 893 849
f 886 850 846
f 851 891 848
f 851 852 891
f 852 892 891
f 852 894 892
f 893 853 849
f 895 853 893
f 854 894 852
f 854 896 894
f 895 855 853
f 897 855 895
f 856 896 854
f 856 898 896
f 897 899 855
f 855 899 857
f 858 857 899
f 858 899 900
f 903 902 901
f 902 898 901
f 898 859 901
f 898 856 859
f 900 904 858
f 858 904 860
f 901 861 903
f 861 904 903
f 861 860 904
f 861 901 859
f 906 905 865
f 865 905 864
f 907 865 866
f 907 906 865
f 909 907 908
f 907 867 908
f 907 866 867
f 868 908 867
f 911 910 871
f 871 910 870
f 871 864 905
f 871 905 911
f 909 908 912
f 909 912 913
f 872 912 868
f 868 912 908
f 916 915 914
f 910 916 914
f 873 910 914
f 870 910 873
f 913 912 917
f 913 917 918
f 874 917 872
f 872 917 912
f 914 915 919
f 919 915 920
f 919 875 873
f 919 873 914
f 918 917 877
f 878 918 877
f 921 918 878
f 877 917 874
f 919 920 922
f 922 920 923
f 922 880 875
f 922 875 919
f 926 925 924
f 925 921 924
f 921 882 924
f 921 878 882
f 923 927 922
f 922 927 880
f 927 883 880
f 927 928 883
f 883 929 884
f 928 929 883
f 924 885 926
f 885 929 926
f 885 884 929
f 885 924 882
f 932 931 930
f 930 933 932
f 935 934 888
f 888 934 887
f 889 930 931
f 935 889 931
f 888 889 935
f 936 933 930
f 889 936 930
f 890 936 889
f 890 892 936
f 936 892 937
f 934 893 887
f 938 893 934
f 894 937 892
f 894 939 937
f 938 895 893
f 940 895 938
f 896 939 894
f 896 941 939
f 940 897 895
f 942 897 940
f 898 941 896
f 898 943 941
f 942 944 897
f 897 944 899
f 900 899 944
f 900 944 945
f 947 946 902
f 947 902 903
f 898 902 943
f 943 902 946
f 945 948 900
f 900 948 904
f 903 904 947
f 947 904 948
f 949 905 906
f 907 950 906
f 906 950 949
f 909 950 907
f 953 952 951
f 910 911 951
f 911 953 951
f 911 954 953
f 911 905 949
f 955 911 949
f 954 911 955
f 955 949 950
f 955 950 956
f 950 909 956
f 909 957 956
f 909 913 957
f 951 952 916
f 952 915 916
f 952 958 915
f 951 916 910
f 918 957 913
f 918 959 957
f 962 961 960
f 958 962 960
f 920 958 960
f 915 958 920
f 921 959 918
f 921 963 959
f 960 961 964
f 964 961 965
f 964 923 920
f 964 920 960
f 967 966 925
f 967 925 926
f 921 925 963
f 963 925 966
f 965 968 964
f 968 970 969
f 968 969 927
f 964 968 927
f 923 964 927
f 971 928 927
f 971 927 969
f 928 971 972
f 973 928 972
f 929 928 973
f 926 929 967
f 967 929 973
f 970 974 969
f 969 974 971
f 971 974 975
f 971 975 972
f 978 977 976
f 931 932 976
f 932 978 976
f 932 979 978
f 932 933 979
f 979 933 980
f 976 977 935
f 977 934 935
f 977 981 934
f 976 935 931
f 982 980 933
f 982 933 936
f 936 937 982
f 982 937 983
f 981 938 934
f 984 938 981
f 939 983 937
f 939 985 983
f 984 940 938
f 986 940 984
f 941 985 939
f 941 987 985
f 986 942 940
f 988 942 986
f 943 987 941
f 943 989 987
f 988 990 942
f 942 990 944
f 992 991 945
f 944 992 945
f 990 992 944
f 946 947 991
f 992 946 991
f 993 946 992
f 943 946 989
f 989 946 993
f 991 948 945
f 948 991 947
f 995 994 953
f 953 994 952
f 996 953 954
f 996 995 953
f 997 954 955
f 997 996 954
f 999 997 998
f 997 956 998
f 997 955 956
f 957 998 956
f 1002 1001 1000
f 994 1002 1000
f 958 994 1000
f 952 994 958
f 999 998 1003
f 999 1003 1004
f 959 1003 957
f 957 1003 998
f 1000 1001 962
f 1001 961 962
f 1001 1005 961
f 1000 962 958
f 1004 1003 1006
f 1004 1006 1007
f 963 1006 959
f 959 1006 1003
f 1005 965 961
f 1008 965 1005
f 1007 1006 966
f 967 1007 966
f 1009 1007 967
f 966 1006 963
f 968 965 1010
f 965 1011 1010
f 965 1008 1011
f 1010 970 968
f 1013 1012 973
f 1013 973 972
f 967 973 1009
f 1009 973 1012
f 1011 1014 1010
f 1010 1014 970
f 1014 974 970
f 1014 1015 974
f 974 1016 975
f 1015 1016 974
f 972 975 1013
f 1013 975 1016
f 1018 1017 978
f 978 1017 977
f 1019 978 979
f 1019 1018 978
f 1021 1020 980
f 1020 979 980
f 1020 1019 979
f 1021 1022 1020
f 1017 981 977
f 1023 981 1017
f 982 1021 980
f 982 983 1021
f 983 1022 1021
f 983 1024 1022
f 1023 984 981
f 1025 984 1023
f 985 1024 983
f 985 1026 1024
f 1025 986 984
f 1027 986 1025
f 987 1026 985
f 987 1028 1026
f 1030 988 1029
f 988 1027 1029
f 988 986 1027
f 1031 1030 1029
f 1034 1033 1032
f 1033 1028 1032
f 1028 989 1032
f 1028 987 989
f 1030 990 988
f 1031 1035 1030
f 1035 990 1030
f 1035 992 990
f 1032 993 1034
f 993 1035 1034
f 993 992 1035
f 993 1032 989
f 1036 994 995
f 996 1037 995
f 995 1037 1036
f 997 1038 996
f 996 1038 1037
f 999 1038 997
f 1040 1039 1002
f 1002 1039 1001
f 1002 994 1036
f 1041 1002 1036
f 1040 1002 1041
f 1041 1036 1037
f 1041 1037 1042
f 1044 1043 1042
f 1037 1044 1042
f 1038 1044 1037
f 1004 1044 999
f 999 1044 1038
f 1047 1046 1045
f 1039 1047 1045
f 1005 1039 1045
f 1001 1039 1005
f 1043 1044 1048
f 1043 1048 1049
f 1007 1048 1004
f 1004 1048 1044
f 1045 1046 1050
f 1050 1046 1051
f 1050 1008 1005
f 1050 1005 1045
f 1049 1048 1052
f 1049 1052 1053
f 1009 1052 1007
f 1007 1052 1048
f 1050 1051 1054
f 1054 1051 1055
f 1054 1011 1008
f 1054 1008 1050
f 1053 1052 1012
f 1013 1053 1012
f 1056 1053 1013
f 1012 1052 1009
f 1054 1055 1057
f 1057 1055 1058
f 1059 1014 1011
f 1054 1059 1011
f 1057 1059 1054
f 1060 1015 1014
f 1060 1014 1059
f 1015 1060 1061
f 1062 1015 1061
f 1016 1015 1062
f 1013 1016 1056
f 1056 1016 1062
f 1058 1063 1057
f 1057 1063 1059
f 1059 1063 1064
f 1059 1064 1060
f 1060 1064 1065
f 1060 1065 1061
f 1067 1066 1018
f 1018 1066 1017
f 1068 1018 1019
f 1068 1067 1018
f 1069 1019 1020
f 1069 1068 1019
f 1020 1022 1069
f 1069 1022 1070
f 1066 1023 1017
f 1071 1023 1066
f 1024 1070 1022
f 1024 1072 1070
f 1071 1025 1023
f 1073 1025 1071
f 1026 1072 1024
f 1026 1074 1072
f 1073 1027 1025
f 1075 1027 1073
f 1028 1074 1026
f 1028 1076 1074
f 1075 1077 1027
f 1027 1077 1029
f 1079 1078 1031
f 1029 1079 1031
f 1077 1079 1029
f 1033 1034 1078
f 1079 1033 1078
f 1080 1033 1079
f 1028 1033 1076
f 1076 1033 1080
f 1078 1035 1031
f 1035 1078 1034
f 1082 1081 1040
f 1040 1081 1039
f 1083 1040 1041
f 1083 1082 1040
f 1085 1083 1084
f 1083 1042 1084
f 1083 1041 1042
f 1043 1084 1042
f 1088 1087 1086
f 1046 1047 1086
f 1047 1088 1086
f 1047 1089 1088
f 1047 1039 1081
f 1047 1081 1089
f 1090 1085 1084
f 1084 1043 1090
f 1043 1091 1090
f 1043 1049 1091
f 1086 1087 1092
f 1092 1087 1093
f 1092 1051 1046
f 1092 1046 1086
f 1053 1091 1049
f 1053 1094 1091
f 1092 1093 1095
f 1095 1093 1096
f 1095 1055 1051
f 1095 1051 1092
f 1099 1098 1097
f 1098 1094 1097
f 1094 1056 1097
f 1094 1053 1056
f 1095 1096 1100
f 1100 1096 1101
f 1100 1058 1055
f 1100 1055 1095
f 1104 1103 1102
f 1102 1103 1099
f 1102 1099 1097
f 1061 1102 1097
f 1062 1061 1097
f 1062 1097 1056
f 1101 1105 1100
f 1105 1107 1106
f 1105 1106 1063
f 1100 1105 1063
f 1058 1100 1063
f 1063 1106 1108
f 1109 1063 1108
f 1064 1063 1109
f 1102 1065 1104
f 1065 1109 1104
f 1065 1064 1109
f 1065 1102 1061
f 1107 1110 1106
f 1106 1110 1108
f 1112 1111 1067
f 1067 1111 1066
f 1113 1067 1068
f 1113 1112 1067
f 1114 1068 1069
f 1114 1113 1068
f 1069 1070 1114
f 1114 1070 1115
f 1111 1071 1066
f 1116 1071 1111
f 1072 1115 1070
f 1072 1117 1115
f 1116 1073 1071
f 1118 1073 1116
f 1074 1117 1072
f 1074 1119 1117
f 1118 1075 1073
f 1120 1075 1118
f 1123 1122 1121
f 1122 1119 1121
f 1119 1076 1121
f 1119 1074 1076
f 1120 1124 1075
f 1075 1124 1077
f 1077 1125 1079
f 1124 1125 1077
f 1121 1080 1123
f 1080 1125 1123
f 1080 1079 1125
f 1080 1121 1076
f 1127 1126 1082
f 1082 1126 1081
f 1129 1127 1128
f 1127 1083 1128
f 1127 1082 1083
f 1085 1128 1083
f 1130 1087 1088
f 1130 1088 1131
f 1088 1132 1131
f 1088 1089 1132
f 1089 1081 1126
f 1089 1126 1132
f 1133 1129 1128
f 1135 1133 1134
f 1134 1133 1090
f 1133 1128 1090
f 1128 1085 1090
f 1091 1134 1090
f 1137 1136 1130
f 1136 1087 1130
f 1136 1093 1087
f 1137 1130 1131
f 1135 1134 1138
f 1135 1138 1139
f 1094 1138 1091
f 1091 1138 1134
f 1136 1096 1093
f 1140 1096 1136
f 1139 1138 1098
f 1099 1139 1098
f 1141 1139 1099
f 1098 1138 1094
f 1140 1101 1096
f 1142 1101 1140
f 1144 1143 1103
f 1144 1103 1104
f 1099 1103 1141
f 1141 1103 1143
f 1105 1101 1145
f 1101 1146 1145
f 1101 1142 1146
f 1145 1107 1105
f 1148 1147 1109
f 1148 1109 1108
f 1104 1109 1144
f 1144 1109 1147
f 1145 1146 1149
f 1149 1146 1150
f 1151 1110 1107
f 1145 1151 1107
f 1149 1151 1145
f 1151 1152 1110
f 1152 1108 1110
f 1152 1148 1108
f 1150 1153 1149
f 1149 1153 1151
f 1151 1153 1154
f 1151 1154 1152
f 1156 1155 1112
f 1112 1155 1111
f 1157 1112 1113
f 1157 1156 1112
f 1159 1157 1158
f 1157 1114 1158
f 1157 1113 1114
f 1115 1158 1114
f 1155 1116 1111
f 1160 1116 1155
f 1161 1159 1158
f 1158 1115 1161
f 1115 1162 1161
f 1115 1117 1162
f 1160 1118 1116
f 1163 1118 1160
f 1119 1162 1117
f 1119 1164 1162
f 1163 1120 1118
f 1165 1120 1163
f 1167 1166 1122
f 1167 1122 1123
f 1119 1122 1164
f 1164 1122 1166
f 1165 1168 1120
f 1120 1168 1124
f 1124 1169 1125
f 1168 1169 1124
f 1123 1125 1167
f 1167 1125 1169
f 1170 1126 1127
f 1129 1170 1127
f 1172 1171 1132
f 1132 1171 1131
f 1132 1126 1170
f 1173 1132 1170
f 1172 1132 1173
f 1175 1173 1174
f 1174 1173 1133
f 1173 1170 1133
f 1170 1129 1133
f 1135 1174 1133
f 1177 1176 1137
f 1137 1176 1136
f 1137 1131 1171
f 1137 1171 1177
f 1175 1174 1178
f 1175 1178 1179
f 1139 1178 1135
f 1135 1178 1174
f 1176 1140 1136
f 1180 1140 1176
f 1179 1178 1181
f 1179 1181 1182
f 1141 1181 1139
f 1139 1181 1178
f 1185 1184 1183
f 1180 1185 1183
f 1142 1180 1183
f 1140 1180 1142
f 1182 1181 1143
f 1144 1182 1143
f 1186 1182 1144
f 1143 1181 1141
f 1183 1184 1187
f 1187 1184 1188
f 1187 1146 1142
f 1187 1142 1183
f 1190 1189 1147
f 1190 1147 1148
f 1144 1147 1186
f 1186 1147 1189
f 1187 1188 1191
f 1191 1188 1192
f 1191 1150 1146
f 1191 1146 1187
f 1152 1190 1148
f 1152 1193 1190
f 1191 1192 1194
f 1194 1192 1195
f 1196 1153 1150
f 1191 1196 1150
f 1194 1196 1191
f 1153 1196 1197
f 1198 1153 1197
f 1154 1153 1198
f 1152 1154 1193
f 1193 1154 1198
f 1195 1199 1194
f 1194 1199 1196
f 1196 1199 1200
f 1196 1200 1197
f 1202 1201 1156
f 1156 1201 1155
f 1203 1156 1157
f 1203 1202 1156
f 1157 1159 1203
f 1203 1159 1204
f 1201 1160 1155
f 1205 1160 1201
f 1206 1204 1159
f 1206 1159 1161
f 1161 1162 1206
f 1206 1162 1207
f 1205 1163 1160
f 1208 1163 1205
f 1164 1207 1162
f 1164 1209 1207
f 1208 1165 1163
f 1210 1165 1208
f 1212 1211 1166
f 1212 1166 1167
f 1164 1166 1209
f 1209 1166 1211
f 1210 1213 1165
f 1165 1213 1168
f 1168 1214 1169
f 1213 1214 1168
f 1167 1169 1212
f 1212 1169 1214
f 1215 1171 1172
f 1173 1216 1172
f 1172 1216 1215
f 1175 1216 1173
f 1218 1217 1177
f 1177 1217 1176
f 1177 1171 1215
f 1219 1177 1215
f 1218 1177 1219
f 1221 1220 1219
f 1215 1221 1219
f 1216 1221 1215
f 1179 1221 1175
f 1175 1221 1216
f 1217 1180 1176
f 1222 1180 1217
f 1220 1221 1223
f 1220 1223 1224
f 1182 1223 1179
f 1179 1223 1221
f 1226 1225 1185
f 1185 1225 1184
f 1185 1180 1222
f 1185 1222 1226
f 1224 1223 1227
f 1224 1227 1228
f 1186 1227 1182
f 1182 1227 1223
f 1225 1188 1184
f 1229 1188 1225
f 1228 1227 1189
f 1190 1228 1189
f 1230 1228 1190
f 1189 1227 1186
f 1229 1192 1188
f 1231 1192 1229
f 1193 1230 1190
f 1193 1232 1230
f 1231 1195 1192
f 1233 1195 1231
f 1197 1234 1198
f 1234 1235 1198
f 1235 1193 1198
f 1235 1232 1193
f 1199 1195 1236
f 1195 1237 1236
f 1195 1233 1237
f 1238 1200 1199
f 1238 1199 1236
f 1238 1239 1200
f 1200 1239 1197
f 1239 1240 1197
f 1240 1234 1197
f 1234 1240 1235
f 1237 1241 1236
f 1236 1241 1238
f 1238 1241 1242
f 1238 1242 1239
f 1244 1243 1202
f 1202 1243 1201
f 1245 1202 1203
f 1245 1244 1202
f 1203 1204 1245
f 1245 1204 1246
f 1249 1248 1247
f 1243 1249 1247
f 1205 1243 1247
f 1201 1243 1205
f 1204 1206 1250
f 1251 1204 1250
f 1246 1204 1251
f 1207 1250 1206
f 1247 1248 1252
f 1252 1248 1253
f 1252 1208 1205
f 1252 1205 1247
f 1251 1250 1254
f 1251 1254 1255
f 1209 1254 1207
f 1207 1254 1250
f 1253 1256 1252
f 1208 1252 1256
f 1257 1208 1256
f 1210 1208 1257
f 1255 1254 1211
f 1212 1255 1211
f 1258 1255 1212
f 1211 1254 1209
f 1257 1259 1210
f 1210 1259 1213
f 1213 1260 1214
f 1259 1260 1213
f 1212 1214 1258
f 1258 1214 1260
f 1261 1217 1218
f 1219 1262 1218
f 1218 1262 1261
f 1220 1262 1219
f 1264 1263 1261
f 1263 1217 1261
f 1263 1222 1217
f 1264 1261 1262
f 1264 1262 1265
f 1262 1220 1265
f 1220 1266 1265
f 1220 1224 1266
f 1268 1267 1226
f 1226 1267 1225
f 1226 1222 1263
f 1226 1263 1268
f 1228 1266 1224
f 1228 1269 1266
f 1267 1229 1225
f 1270 1229 1267
f 1230 1269 1228
f 1230 1271 1269
f 1270 1231 1229
f 1272 1231 1270
f 1232 1271 1230
f 1232 1273 1271
f 1276 1275 1274
f 1272 1276 1274
f 1233 1272 1274
f 1231 1272 1233
f 1235 1273 1232
f 1235 1277 1273
f 1274 1275 1278
f 1278 1275 1279
f 1278 1237 1233
f 1278 1233 1274
f 1281 1280 1240
f 1281 1240 1239
f 1235 1240 1277
f 1277 1240 1280
f 1279 1282 1278
f 1282 1284 1283
f 1282 1283 1241
f 1278 1282 1241
f 1237 1278 1241
f 1285 1242 1241
f 1285 1241 1283
f 1285 1286 1242
f 1286 1239 1242
f 1286 1281 1239
f 1284 1287 1283
f 1283 1287 1285
f 1285 1287 1288
f 1285 1288 1286
f 1290 1289 1244
f 1244 1289 1243
f 1291 1244 1245
f 1291 1290 1244
f 1245 1246 1291
f 1291 1246 1292
f 1294 1293 1249
f 1249 1293 1248
f 1249 1243 1289
f 1249 1289 1294
f 1251 1292 1246
f 1251 1295 1292
f 1293 1253 1248
f 1296 1253 1293
f 1255 1295 1251
f 1255 1297 1295
f 1296 1298 1253
f 1253 1298 1256
f 1257 1256 1298
f 1257 1298 1299
f 1258 1297 1255
f 1258 1300 1297
f 1299 1301 1257
f 1257 1301 1259
f 1259 1302 1260
f 1301 1302 1259
f 1258 1260 1300
f 1300 1260 1302
f 1303 1263 1264
f 1265 1304 1264
f 1264 1304 1303
f 1266 1304 1265
f 1306 1305 1268
f 1268 1305 1267
f 1268 1263 1303
f 1307 1268 1303
f 1306 1268 1307
f 1309 1308 1307
f 1303 1309 1307
f 1304 1309 1303
f 1269 1309 1266
f 1266 1309 1304
f 1305 1270 1267
f 1310 1270 1305
f 1311 1308 1309
f 1309 1269 1311
f 1269 1312 1311
f 1269 1271 1312
f 1315 1314 1313
f 1310 1315 1313
f 1272 1310 1313
f 1270 1310 1272
f 1273 1312 1271
f 1273 1316 1312
f 1313 1314 1276
f 1314 1275 1276
f 1314 1317 1275
f 1313 1276 1272
f 1320 1319 1318
f 1319 1316 1318
f 1316 1277 1318
f 1316 1273 1277
f 1317 1279 1275
f 1321 1279 1317
f 1320 1318 1280
f 1281 1320 1280
f 1322 1320 1281
f 1280 1318 1277
f 1282 1279 1323
f 1279 1324 1323
f 1279 1321 1324
f 1323 1284 1282
f 1286 1322 1281
f 1286 1325 1322
f 1324 1326 1323
f 1326 1328 1327
f 1326 1327 1287
f 1323 1326 1287
f 1284 1323 1287
f 1287 1327 1329
f 1330 1287 1329
f 1288 1287 1330
f 1286 1288 1325
f 1325 1288 1330
f 1328 1331 1327
f 1327 1331 1329
f 1334 1333 1332
f 1289 1290 1332
f 1290 1334 1332
f 1290 1335 1334
f 1336 1290 1291
f 1336 1335 1290
f 1291 1292 1336
f 1336 1292 1337
f 1332 1333 1294
f 1333 1293 1294
f 1333 1338 1293
f 1332 1294 1289
f 1295 1337 1292
f 1295 1339 1337
f 1338 1296 1293
f 1340 1296 1338
f 1297 1339 1295
f 1297 1341 1339
f 1298 1296 1342
f 1296 1343 1342
f 1296 1340 1343
f 1342 1299 1298
f 1300 1341 1297
f 1300 1344 1341
f 1343 1345 1342
f 1342 1345 1299
f 1345 1301 1299
f 1345 1346 1301
f 1301 1347 1302
f 1346 1347 1301
f 1300 1302 1344
f 1344 1302 1347
f 1348 1305 1306
f 1307 1349 1306
f 1306 1349 1348
f 1308 1349 1307
f 1351 1350 1348
f 1350 1305 1348
f 1350 1310 1305
f 1351 1348 1349
f 1351 1349 1352
f 1354 1352 1353
f 1353 1352 1311
f 1352 1349 1311
f 1349 1308 1311
f 1312 1353 1311
f 1356 1355 1315
f 1315 1355 1314
f 1315 1310 1350
f 1315 1350 1356
f 1354 1353 1357
f 1354 1357 1358
f 1316 1357 1312
f 1312 1357 1353
f 1355 1317 1314
f 1359 1317 1355
f 1358 1357 1319
f 1320 1358 1319
f 1360 1358 1320
f 1319 1357 1316
f 1359 1321 1317
f 1361 1321 1359
f 1322 1360 1320
f 1322 1362 1360
f 1361 1324 1321
f 1363 1324 1361
f 1325 1362 1322
f 1325 1364 1362
f 1326 1324 1365
f 1324 1366 1365
f 1324 1363 1366
f 1365 1328 1326
f 1368 1367 1330
f 1368 1330 1329
f 1325 1330 1364
f 1364 1330 1367
f 1366 1369 1365
f 1365 1369 1328
f 1369 1331 1328
f 1369 1370 1331
f 1329 1331 1368
f 1368 1331 1370
f 1372 1371 1334
f 1334 1371 1333
f 1373 1334 1335
f 1373 1372 1334
f 1374 1335 1336
f 1374 1373 1335
f 1336 1337 1374
f 1374 1337 1375
f 1371 1338 1333
f 1376 1338 1371
f 1339 1375 1337
f 1339 1377 1375
f 1376 1340 1338
f 1378 1340 1376
f 1341 1377 1339
f 1341 1379 1377
f 1378 1343 1340
f 1380 1343 1378
f 1344 1379 1341
f 1344 1381 1379
f 1380 1382 1343
f 1343 1382 1345
f 1382 1384 1383
f 1346 1382 1383
f 1345 1382 1346
f 1346 1383 1385
f 1386 1346 1385
f 1347 1346 1386
f 1344 1347 1381
f 1381 1347 1386
f 1384 1387 1383
f 1383 1387 1385
f 1388 1350 1351
f 1352 1389 1351
f 1351 1389 1388
f 1354 1389 1352
f 1390 1355 1356
f 1391 1390 1356
f 1391 1356 1350
f 1392 1391 1350
f 1388 1392 1350
f 1392 1388 1389
f 1392 1389 1393
f 1389 1354 1393
f 1354 1394 1393
f 1354 1358 1394
f 1396 1395 1390
f 1395 1355 1390
f 1395 1359 1355
f 1396 1390 1391
f 1360 1394 1358
f 1360 1397 1394
f 1395 1361 1359
f 1398 1361 1395
f 1362 1397 1360
f 1362 1399 1397
f 1398 1363 1361
f 1400 1363 1398
f 1364 1399 1362
f 1364 1401 1399
f 1400 1366 1363
f 1402 1366 1400
f 1404 1403 1367
f 1404 1367 1368
f 1364 1367 1401
f 1401 1367 1403
f 1369 1366 1405
f 1366 1406 1405
f 1366 1402 1406
f 1407 1370 1369
f 1407 1369 1405
f 1407 1408 1370
f 1408 1368 1370
f 1408 1404 1368
f 1406 1409 1405
f 1405 1409 1407
f 1407 1409 1410
f 1407 1410 1408
f 1411 1371 1372
f 1411 1372 1412
f 1372 1413 1412
f 1372 1373 1413
f 1414 1373 1374
f 1414 1413 1373
f 1374 1375 1414
f 1414 1375 1415
f 1417 1416 1411
f 1416 1371 1411
f 1416 1376 1371
f 1417 1411 1412
f 1377 1415 1375
f 1377 1418 1415
f 1416 1378 1376
f 1419 1378 1416
f 1379 1418 1377
f 1379 1420 1418
f 1419 1380 1378
f 1421 1380 1419
f 1381 1420 1379
f 1381 1422 1420
f 1421 1423 1380
f 1380 1423 1382
f 1384 1382 1423
f 1384 1423 1424
f 1426 1425 1386
f 1426 1386 1385
f 1381 1386 1422
f 1422 1386 1425
f 1424 1427 1384
f 1384 1427 1387
f 1385 1387 1426
f 1426 1387 1427
f 1428 1391 1392
f 1393 1429 1392
f 1392 1429 1428
f 1394 1429 1393
f 1431 1430 1396
f 1396 1430 1395
f 1396 1391 1428
f 1432 1396 1428
f 1431 1396 1432
f 1434 1433 1432
f 1428 1434 1432
f 1429 1434 1428
f 1397 1434 1394
f 1394 1434 1429
f 1430 1398 1395
f 1435 1398 1430
f 1436 1433 1434
f 1434 1397 1436
f 1397 1437 1436
f 1397 1399 1437
f 1440 1439 1438
f 1435 1440 1438
f 1400 1435 1438
f 1398 1435 1400
f 1401 1437 1399
f 1401 1441 1437
f 1438 1439 1442
f 1442 1439 1443
f 1442 1402 1400
f 1442 1400 1438
f 1445 1444 1403
f 1445 1403 1404
f 1401 1403 1441
f 1441 1403 1444
f 1442 1443 1446
f 1446 1443 1447
f 1446 1406 1402
f 1446 1402 1442
f 1408 1445 1404
f 1408 1448 1445
f 1447 1449 1446
f 1449 1451 1450
f 1449 1450 1409
f 1446 1449 1409
f 1406 1446 1409
f 1409 1450 1452
f 1453 1409 1452
f 1410 1409 1453
f 1408 1410 1448
f 1448 1410 1453
f 1451 1454 1450
f 1450 1454 1452
f 1456 1455 1413
f 1413 1455 1412
f 1458 1456 1457
f 1456 1414 1457
f 1456 1413 1414
f 1415 1457 1414
f 1460 1459 1417
f 1417 1459 1416
f 1417 1412 1455
f 1417 1455 1460
f 1461 1458 1457
f 1457 1415 1461
f 1415 1462 1461
f 1415 1418 1462
f 1459 1419 1416
f 1463 1419 1459
f 1420 1462 1418
f 1420 1464 1462
f 1463 1421 1419
f 1465 1421 1463
f 1422 1464 1420
f 1422 1466 1464
f 1423 1421 1467
f 1421 1468 1467
f 1421 1465 1468
f 1467 1424 1423
f 1470 1469 1425
f 1470 1425 1426
f 1422 1425 1466
f 1466 1425 1469
f 1468 1471 1467
f 1467 1471 1424
f 1471 1427 1424
f 1471 1472 1427
f 1426 1427 1470
f 1470 1427 1472
f 1473 1430 1431
f 1432 1474 1431
f 1431 1474 1473
f 1433 1474 1432
f 1476 1475 1473
f 1475 1430 1473
f 1475 1435 1430
f 1476 1473 1474
f 1476 1474 1477
f 1479 1477 1478
f 1478 1477 1436
f 1477 1474 1436
f 1474 1433 1436
f 1437 1478 1436
f 1481 1480 1440
f 1440 1480 1439
f 1440 1435 1475
f 1440 1475 1481
f 1479 1478 1482
f 1479 1482 1483
f 1441 1482 1437
f 1437 1482 1478
f 1480 1443 1439
f 1484 1443 1480
f 1483 1482 1444
f 1445 1483 1444
f 1485 1483 1445
f 1444 1482 1441
f 1484 1447 1443
f 1486 1447 1484
f 1448 1485 1445
f 1448 1487 1485
f 1486 1488 1447
f 1447 1488 1449
f 1451 1449 1488
f 1451 1488 1489
f 1452 1490 1453
f 1490 1491 1453
f 1491 1448 1453
f 1491 1487 1448
f 1489 1492 1451
f 1451 1492 1454
f 1452 1454 1490
f 1454 1493 1490
f 1454 1492 1493
f 1490 1493 1491
f 1495 1494 1456
f 1456 1494 1455
f 1456 1458 1495
f 1495 1458 1496
f 1498 1497 1460
f 1460 1497 1459
f 1460 1455 1494
f 1460 1494 1498
f 1499 1496 1458
f 1499 1458 1461
f 1461 1462 1499
f 1499 1462 1500
f 1503 1502 1501
f 1497 1503 1501
f 1463 1497 1501
f 1459 1497 1463
f 1464 1500 1462
f 1464 1504 1500
f 1501 1502 1505
f 1505 1502 1506
f 1505 1465 1463
f 1505 1463 1501
f 1466 1504 1464
f 1466 1507 1504
f 1505 1506 1508
f 1508 1506 1509
f 1508 1468 1465
f 1508 1465 1505
f 1511 1510 1469
f 1511 1469 1470
f 1466 1469 1507
f 1507 1469 1510
f 1509 1512 1508
f 1508 1512 1468
f 1512 1471 1468
f 1512 1513 1471
f 1471 1514 1472
f 1513 1514 1471
f 1470 1472 1511
f 1511 1472 1514
f 1516 1515 1476
f 1476 1515 1475
f 1518 1516 1517
f 1516 1477 1517
f 1516 1476 1477
f 1479 1517 1477
f 1520 1519 1481
f 1481 1519 1480
f 1481 1475 1515
f 1481 1515 1520
f 1521 1518 1517
f 1517 1479 1521
f 1479 1522 1521
f 1479 1483 1522
f 1519 1484 1480
f 1523 1484 1519
f 1485 1522 1483
f 1485 1524 1522
f 1523 1486 1484
f 1525 1486 1523
f 1487 1524 1485
f 1487 1526 1524
f 1488 1486 1527
f 1486 1528 1527
f 1486 1525 1528
f 1527 1489 1488
f 1491 1526 1487
f 1491 1529 1526
f 1528 1530 1527
f 1527 1530 1489
f 1530 1492 1489
f 1530 1531 1492
f 1492 1532 1493
f 1531 1532 1492
f 1491 1493 1529
f 1529 1493 1532
f 1533 1494 1495
f 1496 1533 1495
f 1536 1535 1534
f 1497 1498 1534
f 1498 1536 1534
f 1498 1537 1536
f 1498 1494 1533
f 1538 1498 1533
f 1537 1498 1538
f 1540 1538 1539
f 1539 1538 1499
f 1538 1533 1499
f 1533 1496 1499
f 1500 1539 1499
f 1543 1542 1541
f 1543 1541 1535
f 1535 1541 1534
f 1541 1502 1534
f 1502 1503 1534
f 1534 1503 1497
f 1540 1539 1544
f 1540 1544 1545
f 1504 1544 1500
f 1500 1544 1539
f 1541 1542 1546
f 1546 1542 1547
f 1546 1506 1502
f 1546 1502 1541
f 1545 1544 1548
f 1545 1548 1549
f 1507 1548 1504
f 1504 1548 1544
f 1546 1547 1550
f 1550 1547 1551
f 1550 1509 1506
f 1550 1506 1546
f 1549 1548 1510
f 1511 1549 1510
f 1552 1549 1511
f 1510 1548 1507
f 1551 1553 1550
f 1553 1555 1554
f 1553 1554 1512
f 1550 1553 1512
f 1509 1550 1512
f 1556 1513 1512
f 1556 1512 1554
f 1513 1556 1557
f 1558 1513 1557
f 1514 1513 1558
f 1511 1514 1552
f 1552 1514 1558
f 1555 1559 1554
f 1554 1559 1556
f 1556 1559 1560
f 1556 1560 1557
f 1561 1515 1516
f 1518 1561 1516
f 1563 1562 1520
f 1520 1562 1519
f 1520 1515 1561
f 1564 1520 1561
f 1563 1520 1564
f 1564 1561 1518
f 1521 1564 1518
f 1565 1564 1521
f 1521 1522 1565
f 1565 1522 1566
f 1562 1523 1519
f 1567 1523 1562
f 1524 1566 1522
f 1524 1568 1566
f 1567 1525 1523
f 1569 1525 1567
f 1526 1568 1524
f 1526 1570 1568
f 1569 1528 1525
f 1571 1528 1569
f 1529 1570 1526
f 1529 1572 1570
f 1571 1573 1528
f 1528 1573 1530
f 1530 1574 1531
f 1573 1574 1530
f 1531 1575 1532
f 1574 1575 1531
f 1529 1532 1572
f 1572 1532 1575
f 1577 1576 1536
f 1536 1576 1535
f 1578 1536 1537
f 1578 1577 1536
f 1579 1537 1538
f 1579 1578 1537
f 1538 1540 1579
f 1579 1540 1580
f 1582 1581 1543
f 1543 1581 1542
f 1543 1535 1576
f 1543 1576 1582
f 1545 1580 1540
f 1545 1583 1580
f 1586 1585 1584
f 1581 1586 1584
f 1547 1581 1584
f 1542 1581 1547
f 1549 1583 1545
f 1549 1587 1583
f 1584 1585 1588
f 1588 1585 1589
f 1588 1551 1547
f 1588 1547 1584
f 1552 1587 1549
f 1552 1590 1587
f 1589 1591 1588
f 1591 1593 1592
f 1591 1592 1553
f 1588 1591 1553
f 1551 1588 1553
f 1592 1555 1553
f 1595 1594 1558
f 1595 1558 1557
f 1552 1558 1590
f 1590 1558 1594
f 1593 1596 1592
f 1592 1596 1555
f 1596 1559 1555
f 1596 1597 1559
f 1559 1598 1560
f 1597 1598 1559
f 1557 1560 1595
f 1595 1560 1598
f 1600 1599 1563
f 1563 1599 1562
f 1601 1563 1564
f 1601 1600 1563
f 1602 1564 1565
f 1602 1601 1564
f 1565 1566 1602
f 1602 1566 1603
f 1599 1567 1562
f 1604 1567 1599
f 1568 1603 1566
f 1568 1605 1603
f 1604 1569 1567
f 1606 1569 1604
f 1570 1605 1568
f 1570 1607 1605
f 1606 1571 1569
f 1608 1571 1606
f 1572 1607 1570
f 1572 1609 1607
f 1608 1610 1571
f 1571 1610 1573
f 1610 1612 1611
f 1574 1610 1611
f 1573 1610 1574
f 1574 1611 1613
f 1614 1574 1613
f 1575 1574 1614
f 1572 1575 1609
f 1609 1575 1614
f 1612 1615 1611
f 1611 1615 1613
f 1617 1616 1577
f 1577 1616 1576
f 1619 1617 1618
f 1617 1578 1618
f 1617 1577 1578
f 1579 1620 1578
f 1578 1620 1618
f 1580 1620 1579
f 1623 1622 1621
f 1581 1582 1621
f 1582 1623 1621
f 1582 1624 1623
f 1582 1576 1616
f 1582 1616 1624
f 1625 1619 1618
f 1627 1626 1625
f 1618 1627 1625
f 1620 1627 1618
f 1583 1627 1580
f 1580 1627 1620
f 1621 1622 1586
f 1622 1585 1586
f 1622 1628 1585
f 1621 1586 1581
f 1626 1627 1629
f 1626 1629 1630
f 1587 1629 1583
f 1583 1629 1627
f 1628 1589 1585
f 1631 1589 1628
f 1630 1629 1632
f 1630 1632 1633
f 1590 1632 1587
f 1587 1632 1629
f 1591 1589 1634
f 1589 1635 1634
f 1589 1631 1635
f 1634 1593 1591
f 1638 1637 1636
f 1636 1637 1633
f 1636 1633 1632
f 1595 1636 1632
f 1594 1595 1632
f 1594 1632 1590
f 1635 1639 1634
f 1634 1639 1593
f 1639 1596 1593
f 1639 1640 1596
f 1596 1641 1597
f 1640 1641 1596
f 1636 1598 1638
f 1598 1641 1638
f 1598 1597 1641
f 1598 1636 1595
f 1643 1642 1600
f 1600 1642 1599
f 1644 1600 1601
f 1644 1643 1600
f 1645 1601 1602
f 1645 1644 1601
f 1602 1603 1645
f 1645 1603 1646
f 1642 1604 1599
f 1647 1604 1642
f 1605 1646 1603
f 1605 1648 1646
f 1647 1606 1604
f 1649 1606 1647
f 1607 1648 1605
f 1607 1650 1648
f 1649 1608 1606
f 1651 1608 1649
f 1609 1650 1607
f 1609 1652 1650
f 1610 1608 1653
f 1608 1654 1653
f 1608 1651 1654
f 1653 1612 1610
f 1613 1655 1614
f 1655 1656 1614
f 1656 1609 1614
f 1656 1652 1609
f 1654 1657 1653
f 1653 1657 1612
f 1657 1615 1612
f 1657 1658 1615
f 1613 1615 1655
f 1615 1659 1655
f 1615 1658 1659
f 1655 1659 1656
f 1660 1616 1617
f 1619 1660 1617
f 1662 1661 1623
f 1623 1661 1622
f 1663 1623 1624
f 1663 1662 1623
f 1624 1616 1660
f 1664 1624 1660
f 1663 1624 1664
f 1666 1664 1665
f 1665 1664 1625
f 1664 1660 1625
f 1660 1619 1625
f 1626 1665 1625
f 1669 1668 1667
f 1661 1669 1667
f 1628 1661 1667
f 1622 1661 1628
f 1670 1666 1665
f 1665 1626 1670
f 1626 1671 1670
f 1626 1630 1671
f 1667 1668 1672
f 1672 1668 1673
f 1672 1631 1628
f 1672 1628 1667
f 1676 1675 1674
f 1675 1671 1674
f 1671 1633 1674
f 1671 1630 1633
f 1672 1673 1677
f 1677 1673 1678
f 1677 1635 1631
f 1677 1631 1672
f 1676 1674 1637
f 1638 1676 1637
f 1679 1676 1638
f 1637 1674 1633
f 1677 1678 1680
f 1680 1678 1681
f 1682 1639 1635
f 1677 1682 1635
f 1680 1682 1677
f 1683 1640 1639
f 1683 1639 1682
f 1640 1683 1684
f 1685 1640 1684
f 1641 1640 1685
f 1638 1641 1679
f 1679 1641 1685
f 1681 1686 1680
f 1680 1686 1682
f 1682 1686 1687
f 1682 1687 1683
f 1683 1687 1688
f 1683 1688 1684
f 1689 1642 1643
f 1689 1643 1690
f 1643 1691 1690
f 1643 1644 1691
f 1693 1691 1692
f 1691 1645 1692
f 1691 1644 1645
f 1646 1692 1645
f 1695 1694 1689
f 1694 1642 1689
f 1694 1647 1642
f 1695 1689 1690
f 1696 1693 1692
f 1692 1646 1696
f 1646 1697 1696
f 1646 1648 1697
f 1694 1649 1647
f 1698 1649 1694
f 1650 1697 1648
f 1650 1699 1697
f 1698 1651 1649
f 1700 1651 1698
f 1652 1699 1650
f 1652 1701 1699
f 1700 1654 1651
f 1702 1654 1700
f 1656 1701 1652
f 1656 1703 1701
f 1702 1704 1654
f 1654 1704 1657
f 1704 1706 1705
f 1658 1704 1705
f 1657 1704 1658
f 1658 1705 1707
f 1708 1658 1707
f 1659 1658 1708
f 1656 1659 1703
f 1703 1659 1708
f 1706 1709 1705
f 1705 1709 1707
f 1711 1710 1662
f 1662 1710 1661
f 1712 1662 1663
f 1712 1711 1662
f 1714 1712 1713
f 1712 1664 1713
f 1712 1663 1664
f 1666 1713 1664
f 1716 1715 1669
f 1669 1715 1668
f 1669 1661 1710
f 1669 1710 1716
f 1717 1714 1713
f 1719 1717 1718
f 1718 1717 1670
f 1717 1713 1670
f 1713 1666 1670
f 1671 1718 1670
f 1722 1721 1720
f 1715 1722 1720
f 1673 1715 1720
f 1668 1715 1673
f 1719 1718 1675
f 1676 1719 1675
f 1723 1719 1676
f 1675 1718 1671
f 1720 1721 1724
f 1724 1721 1725
f 1724 1678 1673
f 1724 1673 1720
f 1728 1727 1726
f 1727 1723 1726
f 1723 1679 1726
f 1723 1676 1679
f 1725 1729 1724
f 1678 1724 1729
f 1730 1678 1729
f 1681 1678 1730
f 1728 1726 1685
f 1684 1728 1685
f 1731 1728 1684
f 1685 1726 1679
f 1730 1732 1681
f 1681 1732 1686
f 1686 1733 1687
f 1732 1733 1686
f 1687 1734 1688
f 1733 1734 1687
f 1684 1688 1731
f 1731 1688 1734
f 1735 1690 1691
f 1693 1735 1691
f 1737 1736 1695
f 1695 1736 1694
f 1695 1690 1735
f 1738 1695 1735
f 1737 1695 1738
f 1738 1735 1693
f 1696 1738 1693
f 1739 1738 1696
f 1696 1697 1739
f 1739 1697 1740
f 1736 1698 1694
f 1741 1698 1736
f 1699 1740 1697
f 1699 1742 1740
f 1741 1700 1698
f 1743 1700 1741
f 1701 1742 1699
f 1701 1744 1742
f 1743 1702 1700
f 1745 1702 1743
f 1703 1744 1701
f 1703 1746 1744
f 1704 1702 1747
f 1702 1748 1747
f 1702 1745 1748
f 1747 1706 1704
f 1707 1749 1708
f 1749 1750 1708
f 1750 1703 1708
f 1750 1746 1703
f 1748 1751 1747
f 1747 1751 1706
f 1751 1709 1706
f 1751 1752 1709
f 1707 1709 1749
f 1709 1753 1749
f 1709 1752 1753
f 1749 1753 1750
f 1754 1710 1711
f 1712 1755 1711
f 1711 1755 1754
f 1714 1755 1712
f 1757 1756 1716
f 1716 1756 1715
f 1716 1710 1754
f 1758 1716 1754
f 1757 1716 1758
f 1758 1754 1755
f 1758 1755 1759
f 1761 1759 1760
f 1760 1759 1717
f 1759 1755 1717
f 1755 1714 1717
f 1719 1760 1717
f 1763 1762 1722
f 1722 1762 1721
f 1722 1715 1756
f 1722 1756 1763
f 1761 1760 1764
f 1761 1764 1765
f 1723 1764 1719
f 1719 1764 1760
f 1762 1725 1721
f 1766 1725 1762
f 1765 1764 1727
f 1728 1765 1727
f 1767 1765 1728
f 1727 1764 1723
f 1729 1725 1768
f 1725 1769 1768
f 1725 1766 1769
f 1768 1730 1729
f 1772 1771 1770
f 1771 1767 1770
f 1767 1731 1770
f 1767 1728 1731
f 1769 1773 1768
f 1773 1775 1774
f 1773 1774 1732
f 1768 1773 1732
f 1730 1768 1732
f 1732 1774 1776
f 1777 1732 1776
f 1733 1732 1777
f 1770 1734 1772
f 1734 1777 1772
f 1734 1733 1777
f 1734 1770 1731
f 1775 1778 1774
f 1774 1778 1776
f 1779 1736 1737
f 1779 1737 1780
f 1737 1781 1780
f 1737 1738 1781
f 1783 1781 1782
f 1781 1739 1782
f 1781 1738 1739
f 1740 1782 1739
f 1785 1784 1779
f 1784 1736 1779
f 1784 1741 1736
f 1785 1779 1780
f 1786 1783 1782
f 1782 1740 1786
f 1740 1787 1786
f 1740 1742 1787
f 1784 1743 1741
f 1788 1743 1784
f 1744 1787 1742
f 1744 1789 1787
f 1788 1745 1743
f 1790 1745 1788
f 1746 1789 1744
f 1746 1791 1789
f 1790 1748 1745
f 1792 1748 1790
f 1750 1791 1746
f 1750 1793 1791
f 1792 1794 1748
f 1748 1794 1751
f 1794 1796 1795
f 1752 1794 1795
f 1751 1794 1752
f 1752 1795 1797
f 1798 1752 1797
f 1753 1752 1798
f 1750 1753 1793
f 1793 1753 1798
f 1796 1799 1795
f 1795 1799 1797
f 1802 1801 1800
f 1756 1757 1800
f 1757 1802 1800
f 1757 1803 1802
f 1804 1757 1758
f 1804 1803 1757
f 1806 1804 1805
f 1804 1759 1805
f 1804 1758 1759
f 1761 1805 1759
f 1800 1801 1763
f 1801 1762 1763
f 1801 1807 1762
f 1800 1763 1756
f 1806 1805 1808
f 1806 1808 1809
f 1765 1808 1761
f 1761 1808 1805
f 1807 1766 1762
f 1810 1766 1807
f 1809 1808 1811
f 1809 1811 1812
f 1767 1811 1765
f 1765 1811 1808
f 1810 1769 1766
f 1813 1769 1810
f 1812 1811 1771
f 1772 1812 1771
f 1814 1812 1772
f 1771 1811 1767
f 1773 1769 1815
f 1769 1816 1815
f 1769 1813 1816
f 1815 1775 1773
f 1818 1817 1777
f 1818 1777 1776
f 1772 1777 1814
f 1814 1777 1817
f 1816 1819 1815
f 1815 1819 1775
f 1819 1778 1775
f 1819 1820 1778
f 1776 1778 1818
f 1818 1778 1820
f 1821 1780 1781
f 1783 1821 1781
f 1822 1784 1785
f 1823 1822 1785
f 1823 1785 1780
f 1824 1823 1780
f 1821 1824 1780
f 1824 1821 1783
f 1786 1824 1783
f 1825 1824 1786
f 1786 1787 1825
f 1825 1787 1826
f 1828 1827 1822
f 1827 1784 1822
f 1827 1788 1784
f 1828 1822 1823
f 1789 1826 1787
f 1789 1829 1826
f 1827 1790 1788
f 1830 1790 1827
f 1791 1829 1789
f 1791 1831 1829
f 1830 1792 1790
f 1832 1792 1830
f 1793 1831 1791
f 1793 1833 1831
f 1794 1792 1834
f 1792 1835 1834
f 1792 1832 1835
f 1834 1796 1794
f 1797 1836 1798
f 1836 1837 1798
f 1837 1793 1798
f 1837 1833 1793
f 1835 1838 1834
f 1834 1838 1796
f 1838 1799 1796
f 1838 1839 1799
f 1797 1799 1836
f 1799 1840 1836
f 1799 1839 1840
f 1836 1840 1837
f 1842 1841 1802
f 1802 1841 1801
f 1843 1802 1803
f 1843 1842 1802
f 1845 1843 1844
f 1843 1804 1844
f 1843 1803 1804
f 1806 1844 1804
f 1841 1807 1801
f 1846 1807 1841
f 1847 1845 1844
f 1844 1806 1847
f 1806 1848 1847
f 1806 1809 1848
f 1846 1810 1807
f 1849 1810 1846
f 1812 1848 1809
f 1812 1850 1848
f 1849 1813 1810
f 1851 1813 1849
f 1814 1850 1812
f 1814 1852 1850
f 1851 1816 1813
f 1853 1816 1851
f 1855 1854 1817
f 1855 1817 1818
f 1814 1817 1852
f 1852 1817 1854
f 1853 1856 1816
f 1816 1856 1819
f 1819 1857 1820
f 1856 1857 1819
f 1818 1820 1855
f 1855 1820 1857
f 1858 1823 1824
f 1825 1859 1824
f 1824 1859 1858
f 1826 1859 1825
f 1861 1860 1828
f 1828 1860 1827
f 1828 1823 1858
f 1862 1828 1858
f 1861 1828 1862
f 1862 1858 1859
f 1862 1859 1863
f 1859 1826 1863
f 1826 1864 1863
f 1826 1829 1864
f 1860 1830 1827
f 1865 1830 1860
f 1831 1864 1829
f 1831 1866 1864
f 1865 1832 1830
f 1867 1832 1865
f 1833 1866 1831
f 1833 1868 1866
f 1867 1835 1832
f 1869 1835 1867
f 1837 1868 1833
f 1837 1870 1868
f 1869 1871 1835
f 1835 1871 1838
f 1871 1873 1872
f 1839 1871 1872
f 1838 1871 1839
f 1839 1872 1874
f 1875 1839 1874
f 1840 1839 1875
f 1837 1840 1870
f 1870 1840 1875
f 1873 1876 1872
f 1872 1876 1874
f 1877 1841 1842
f 1843 1878 1842
f 1842 1878 1877
f 1845 1878 1843
f 1880 1879 1877
f 1879 1841 1877
f 1879 1846 1841
f 1880 1877 1878
f 1880 1878 1881
f 1883 1881 1882
f 1882 1881 1847
f 1881 1878 1847
f 1878 1845 1847
f 1848 1882 1847
f 1886 1885 1884
f 1879 1886 1884
f 1849 1879 1884
f 1846 1879 1849
f 1883 1882 1887
f 1883 1887 1888
f 1850 1887 1848
f 1848 1887 1882
f 1884 1885 1889
f 1889 1885 1890
f 1889 1851 1849
f 1889 1849 1884
f 1888 1887 1891
f 1888 1891 1892
f 1852 1891 1850
f 1850 1891 1887
f 1889 1890 1893
f 1893 1890 1894
f 1893 1853 1851
f 1893 1851 1889
f 1892 1891 1854
f 1855 1892 1854
f 1895 1892 1855
f 1854 1891 1852
f 1893 1894 1896
f 1896 1894 1897
f 1898 1856 1853
f 1893 1898 1853
f 1896 1898 1893
f 1899 1857 1856
f 1899 1856 1898
f 1899 1900 1857
f 1900 1855 1857
f 1900 1895 1855
f 1897 1901 1896
f 1896 1901 1898
f 1898 1901 1902
f 1898 1902 1899
f 1899 1902 1903
f 1899 1903 1900
f 1904 1860 1861
f 1904 1861 1905
f 1861 1906 1905
f 1861 1862 1906
f 1908 1906 1907
f 1906 1863 1907
f 1906 1862 1863
f 1864 1907 1863
f 1910 1909 1904
f 1909 1860 1904
f 1909 1865 1860
f 1910 1904 1905
f 1911 1908 1907
f 1907 1864 1911
f 1864 1912 1911
f 1864 1866 1912
f 1909 1867 1865
f 1913 1867 1909
f 1868 1912 1866
f 1868 1914 1912
f 1913 1869 1867
f 1915 1869 1913
f 1870 1914 1868
f 1870 1916 1914
f 1871 1869 1917
f 1869 1918 1917
f 1869 1915 1918
f 1917 1873 1871
f 1874 1919 1875
f 1919 1920 1875
f 1920 1870 1875
f 1920 1916 1870
f 1918 1921 1917
f 1917 1921 1873
f 1921 1876 1873
f 1921 1922 1876
f 1874 1876 1919
f 1876 1923 1919
f 1876 1922 1923
f 1919 1923 1920
f 1925 1924 1880
f 1880 1924 1879
f 1926 1880 1881
f 1926 1925 1880
f 1881 1883 1926
f 1926 1883 1927
f 1929 1928 1886
f 1886 1928 1885
f 1886 1879 1924
f 1886 1924 1929
f 1888 1927 1883
f 1888 1930 1927
f 1928 1890 1885
f 1931 1890 1928
f 1892 1930 1888
f 1892 1932 1930
f 1931 1894 1890
f 1933 1894 1931
f 1895 1932 1892
f 1895 1934 1932
f 1937 1936 1935
f 1933 1937 1935
f 1897 1933 1935
f 1894 1933 1897
f 1900 1934 1895
f 1900 1938 1934
f 1936 1939 1935
f 1939 1941 1940
f 1939 1940 1901
f 1935 1939 1901
f 1897 1935 1901
f 1942 1902 1901
f 1942 1901 1940
f 1902 1942 1943
f 1944 1902 1943
f 1903 1902 1944
f 1900 1903 1938
f 1938 1903 1944
f 1941 1945 1940
f 1940 1945 1942
f 1942 1945 1946
f 1942 1946 1943
f 1947 1905 1906
f 1908 1947 1906
f 1949 1948 1910
f 1910 1948 1909
f 1910 1905 1947
f 1950 1910 1947
f 1949 1910 1950
f 1950 1947 1908
f 1911 1950 1908
f 1951 1950 1911
f 1911 1912 1951
f 1951 1912 1952
f 1948 1913 1909
f 1953 1913 1948
f 1914 1952 1912
f 1914 1954 1952
f 1953 1915 1913
f 1955 1915 1953
f 1916 1954 1914
f 1916 1956 1954
f 1955 1918 1915
f 1957 1918 1955
f 1920 1956 1916
f 1920 1958 1956
f 1957 1959 1918
f 1918 1959 1921
f 1921 1960 1922
f 1959 1960 1921
f 1922 1961 1923
f 1960 1961 1922
f 1920 1923 1958
f 1958 1923 1961
f 1962 1924 1925
f 1926 1963 1925
f 1925 1963 1962
f 1927 1963 1926
f 1965 1964 1929
f 1929 1964 1928
f 1929 1924 1962
f 1966 1929 1962
f 1965 1929 1966
f 1966 1962 1963
f 1966 1963 1967
f 1963 1927 1967
f 1927 1968 1967
f 1927 1930 1968
f 1971 1970 1969
f 1964 1971 1969
f 1931 1964 1969
f 1928 1964 1931
f 1932 1968 1930
f 1932 1972 1968
f 1969 1970 1973
f 1973 1970 1974
f 1973 1933 1931
f 1973 1931 1969
f 1934 1972 1932
f 1934 1975 1972
f 1973 1974 1937
f 1974 1936 1937
f 1974 1976 1936
f 1973 1937 1933
f 1938 1975 1934
f 1938 1977 1975
f 1939 1936 1978
f 1936 1979 1978
f 1936 1976 1979
f 1978 1941 1939
f 1981 1980 1944
f 1981 1944 1943
f 1938 1944 1977
f 1977 1944 1980
f 1978 1979 1982
f 1982 1979 1983
f 1984 1945 1941
f 1978 1984 1941
f 1982 1984 1978
f 1945 1984 1985
f 1986 1945 1985
f 1946 1945 1986
f 1943 1946 1981
f 1981 1946 1986
f 1983 1987 1982
f 1982 1987 1984
f 1984 1987 1988
f 1984 1988 1985
f 1990 1989 1949
f 1949 1989 1948
f 1991 1949 1950
f 1991 1990 1949
f 1992 1950 1951
f 1992 1991 1950
f 1951 1952 1992
f 1992 1952 1993
f 1989 1953 1948
f 1994 1953 1989
f 1954 1993 1952
f 1954 1995 1993
f 1994 1955 1953
f 1996 1955 1994
f 1956 1995 1954
f 1956 1997 1995
f 1996 1957 1955
f 1998 1957 1996
f 1958 1997 1956
f 1958 1999 1997
f 1998 2000 1957
f 1957 2000 1959
f 2000 2002 2001
f 1960 2000 2001
f 1959 2000 1960
f 1960 2001 2003
f 2004 1960 2003
f 1961 1960 2004
f 1958 1961 1999
f 1999 1961 2004
f 2002 2005 2001
f 2001 2005 2003
f 2007 2006 1965
f 1965 2006 1964
f 2008 1965 1966
f 2008 2007 1965
f 2010 2008 2009
f 2008 1967 2009
f 2008 1966 1967
f 1968 2009 1967
f 2012 2011 1971
f 1971 2011 1970
f 1971 1964 2006
f 1971 2006 2012
f 2010 2009 2013
f 2010 2013 2014
f 1972 2013 1968
f 1968 2013 2009
f 2011 1974 1970
f 2015 1974 2011
f 2014 2013 2016
f 2014 2016 2017
f 1975 2016 1972
f 1972 2016 2013
f 2020 2019 2018
f 2015 2020 2018
f 1976 2015 2018
f 1974 2015 1976
f 2017 2016 2021
f 2017 2021 2022
f 1977 2021 1975
f 1975 2021 2016
f 2018 2019 2023
f 2023 2019 2024
f 2023 1979 1976
f 2023 1976 2018
f 2022 2021 1980
f 1981 2022 1980
f 2025 2022 1981
f 1980 2021 1977
f 2023 2024 2026
f 2026 2024 2027
f 2026 1983 1979
f 2026 1979 2023
f 2029 2028 1986
f 2029 1986 1985
f 1981 1986 2025
f 2025 1986 2028
f 2027 2030 2026
f 2026 2030 1983
f 2030 1987 1983
f 2030 2031 1987
f 1987 2032 1988
f 2031 2032 1987
f 1985 1988 2029
f 2029 1988 2032
f 2033 1989 1990
f 2033 1990 2034
f 1990 2035 2034
f 1990 1991 2035
f 2037 2035 2036
f 2035 1992 2036
f 2035 1991 1992
f 1993 2036 1992
f 2039 2038 2033
f 2038 1989 2033
f 2038 1994 1989
f 2039 2033 2034
f 2040 2037 2036
f 2036 1993 2040
f 1993 2041 2040
f 1993 1995 2041
f 2038 1996 1994
f 2042 1996 2038
f 1997 2041 1995
f 1997 2043 2041
f 2042 1998 1996
f 2044 1998 2042
f 1999 2043 1997
f 1999 2045 2043
f 2044 2046 1998
f 1998 2046 2000
f 2002 2000 2046
f 2002 2046 2047
f 2049 2048 2004
f 2049 2004 2003
f 1999 2004 2045
f 2045 2004 2048
f 2047 2050 2002
f 2002 2050 2005
f 2003 2005 2049
f 2049 2005 2050
f 2051 2006 2007
f 2008 2052 2007
f 2007 2052 2051
f 2010 2052 2008
f 2054 2053 2012
f 2012 2053 2011
f 2012 2006 2051
f 2055 2012 2051
f 2054 2012 2055
f 2055 2051 2052
f 2055 2052 2056
f 2052 2010 2056
f 2010 2057 2056
f 2010 2014 2057
f 2060 2059 2058
f 2053 2060 2058
f 2015 2053 2058
f 2011 2053 2015
f 2017 2057 2014
f 2017 2061 2057
f 2058 2059 2020
f 2059 2019 2020
f 2059 2062 2019
f 2058 2020 2015
f 2022 2061 2017
f 2022 2063 2061
f 2066 2065 2064
f 2062 2066 2064
f 2024 2062 2064
f 2019 2062 2024
f 2025 2063 2022
f 2025 2067 2063
f 2064 2065 2068
f 2068 2065 2069
f 2068 2027 2024
f 2068 2024 2064
f 2071 2070 2028
f 2071 2028 2029
f 2025 2028 2067
f 2067 2028 2070
f 2068 2069 2072
f 2072 2069 2073
f 2074 2030 2027
f 2068 2074 2027
f 2072 2074 2068
f 2075 2031 2030
f 2075 2030 2074
f 2031 2075 2076
f 2077 2031 2076
f 2032 2031 2077
f 2029 2032 2071
f 2071 2032 2077
f 2073 2078 2072
f 2072 2078 2074
f 2074 2078 2079
f 2074 2079 2075
f 2075 2079 2080
f 2075 2080 2076
f 2082 2081 2035
f 2035 2081 2034
f 2035 2037 2082
f 2082 2037 2083
f 2085 2084 2039
f 2039 2084 2038
f 2039 2034 2081
f 2039 2081 2085
f 2086 2083 2037
f 2086 2037 2040
f 2040 2041 2086
f 2086 2041 2087
f 2084 2042 2038
f 2088 2042 2084
f 2043 2087 2041
f 2043 2089 2087
f 2088 2044 2042
f 2090 2044 2088
f 2045 2089 2043
f 2045 2091 2089
f 2090 2092 2044
f 2044 2092 2046
f 2047 2046 2092
f 2047 2092 2093
f 2095 2094 2048
f 2095 2048 2049
f 2045 2048 2091
f 2091 2048 2094
f 2093 2096 2047
f 2047 2096 2050
f 2049 2050 2095
f 2095 2050 2096
f 2097 2053 2054
f 2055 2098 2054
f 2054 2098 2097
f 2056 2099 2055
f 2055 2099 2098
f 2057 2099 2056
f 2101 2100 2060
f 2060 2100 2059
f 2060 2053 2097
f 2102 2060 2097
f 2101 2060 2102
f 2102 2097 2098
f 2102 2098 2103
f 2105 2104 2103
f 2098 2105 2103
f 2099 2105 2098
f 2061 2105 2057
f 2057 2105 2099
f 2108 2107 2106
f 2100 2108 2106
f 2062 2100 2106
f 2059 2100 2062
f 2104 2105 2109
f 2104 2109 2110
f 2063 2109 2061
f 2061 2109 2105
f 2106 2107 2066
f 2107 2065 2066
f 2107 2111 2065
f 2106 2066 2062
f 2110 2109 2112
f 2110 2112 2113
f 2067 2112 2063
f 2063 2112 2109
f 2111 2069 2065
f 2114 2069 2111
f 2113 2112 2070
f 2071 2113 2070
f 2115 2113 2071
f 2070 2112 2067
f 2114 2073 2069
f 2116 2073 2114
f 2118 2117 2077
f 2118 2077 2076
f 2071 2077 2115
f 2115 2077 2117
f 2078 2073 2119
f 2073 2120 2119
f 2073 2116 2120
f 2121 2079 2078
f 2121 2078 2119
f 2079 2121 2122
f 2123 2079 2122
f 2080 2079 2123
f 2076 2080 2118
f 2118 2080 2123
f 2120 2124 2119
f 2119 2124 2121
f 2121 2124 2125
f 2121 2125 2122
f 2127 2126 2082
f 2082 2126 2081
f 2082 2083 2127
f 2127 2083 2128
f 2130 2129 2085
f 2085 2129 2084
f 2085 2081 2126
f 2085 2126 2130
f 2131 2128 2083
f 2131 2083 2086
f 2086 2087 2131
f 2131 2087 2132
f 2129 2088 2084
f 2133 2088 2129
f 2089 2132 2087
f 2089 2134 2132
f 2133 2090 2088
f 2135 2090 2133
f 2091 2134 2089
f 2091 2136 2134
f 2135 2137 2090
f 2090 2137 2092
f 2093 2092 2137
f 2093 2137 2138
f 2140 2139 2094
f 2140 2094 2095
f 2091 2094 2136
f 2136 2094 2139
f 2138 2141 2093
f 2093 2141 2096
f 2095 2096 2140
f 2140 2096 2141
f 2142 2100 2101
f 2102 2143 2101
f 2101 2143 2142
f 2103 2144 2102
f 2102 2144 2143
f 2104 2144 2103
f 2146 2145 2108
f 2108 2145 2107
f 2108 2100 2142
f 2147 2108 2142
f 2146 2108 2147
f 2147 2142 2143
f 2147 2143 2148
f 2150 2149 2148
f 2143 2150 2148
f 2144 2150 2143
f 2110 2150 2104
f 2104 2150 2144
f 2145 2111 2107
f 2151 2111 2145
f 2149 2150 2152
f 2149 2152 2153
f 2113 2152 2110
f 2110 2152 2150
f 2156 2155 2154
f 2151 2156 2154
f 2114 2151 2154
f 2111 2151 2114
f 2153 2152 2157
f 2153 2157 2158
f 2115 2157 2113
f 2113 2157 2152
f 2154 2155 2159
f 2159 2155 2160
f 2159 2116 2114
f 2159 2114 2154
f 2158 2157 2117
f 2118 2158 2117
f 2161 2158 2118
f 2117 2157 2115
f 2159 2160 2162
f 2162 2160 2163
f 2162 2120 2116
f 2162 2116 2159
f 2165 2164 2123
f 2165 2123 2122
f 2118 2123 2161
f 2161 2123 2164
f 2163 2166 2162
f 2162 2166 2120
f 2166 2124 2120
f 2166 2167 2124
f 2124 2168 2125
f 2167 2168 2124
f 2122 2125 2165
f 2165 2125 2168
f 2170 2169 2127
f 2127 2169 2126
f 2172 2171 2128
f 2171 2127 2128
f 2171 2170 2127
f 2172 2173 2171
f 2175 2174 2130
f 2130 2174 2129
f 2130 2126 2169
f 2130 2169 2175
f 2131 2172 2128
f 2131 2132 2172
f 2132 2173 2172
f 2132 2176 2173
f 2174 2133 2129
f 2177 2133 2174
f 2134 2176 2132
f 2134 2178 2176
f 2177 2135 2133
f 2179 2135 2177
f 2136 2178 2134
f 2136 2180 2178
f 2179 2181 2135
f 2135 2181 2137
f 2138 2137 2181
f 2138 2181 2182
f 2184 2183 2139
f 2184 2139 2140
f 2136 2139 2180
f 2180 2139 2183
f 2182 2185 2138
f 2138 2185 2141
f 2140 2141 2184
f 2184 2141 2185
f 2186 2145 2146
f 2186 2146 2187
f 2146 2188 2187
f 2146 2147 2188
f 2190 2188 2189
f 2188 2148 2189
f 2188 2147 2148
f 2149 2189 2148
f 2192 2191 2186
f 2191 2145 2186
f 2191 2151 2145
f 2192 2186 2187
f 2193 2190 2189
f 2189 2149 2193
f 2149 2194 2193
f 2149 2153 2194
f 2196 2195 2156
f 2156 2195 2155
f 2156 2151 2191
f 2156 2191 2196
f 2158 2194 2153
f 2158 2197 2194
f 2195 2160 2155
f 2198 2160 2195
f 2201 2200 2199
f 2200 2197 2199
f 2197 2161 2199
f 2197 2158 2161
f 2198 2163 2160
f 2202 2163 2198
f 2201 2199 2164
f 2165 2201 2164
f 2203 2201 2165
f 2164 2199 2161
f 2202 2204 2163
f 2163 2204 2166
f 2204 2206 2205
f 2167 2204 2205
f 2166 2204 2167
f 2167 2205 2207
f 2208 2167 2207
f 2168 2167 2208
f 2165 2168 2203
f 2203 2168 2208
f 2206 2209 2205
f 2205 2209 2207
f 2212 2211 2210
f 2169 2170 2210
f 2170 2212 2210
f 2170 2213 2212
f 2214 2170 2171
f 2214 2213 2170
f 2171 2173 2214
f 2214 2173 2215
f 2210 2211 2175
f 2211 2174 2175
f 2211 2216 2174
f 2210 2175 2169
f 2176 2215 2173
f 2176 2217 2215
f 2216 2177 2174
f 2218 2177 2216
f 2178 2217 2176
f 2178 2219 2217
f 2218 2179 2177
f 2220 2179 2218
f 2180 2219 2178
f 2180 2221 2219
f 2220 2222 2179
f 2179 2222 2181
f 2182 2181 2222
f 2182 2222 2223
f 2225 2224 2183
f 2225 2183 2184
f 2180 2183 2221
f 2221 2183 2224
f 2223 2226 2182
f 2182 2226 2185
f 2184 2185 2225
f 2225 2185 2226
f 2227 2187 2188
f 2190 2227 2188
f 2229 2228 2192
f 2192 2228 2191
f 2192 2187 2227
f 2230 2192 2227
f 2229 2192 2230
f 2232 2230 2231
f 2231 2230 2193
f 2230 2227 2193
f 2227 2190 2193
f 2194 2231 2193
f 2234 2233 2196
f 2196 2233 2195
f 2196 2191 2228
f 2196 2228 2234
f 2232 2231 2235
f 2232 2235 2236
f 2197 2235 2194
f 2194 2235 2231
f 2233 2198 2195
f 2237 2198 2233
f 2236 2235 2200
f 2201 2236 2200
f 2238 2236 2201
f 2200 2235 2197
f 2237 2202 2198
f 2239 2202 2237
f 2203 2238 2201
f 2203 2240 2238
f 2239 2241 2202
f 2202 2241 2204
f 2243 2242 2206
f 2204 2243 2206
f 2241 2243 2204
f 2208 2207 2242
f 2243 2208 2242
f 2244 2208 2243
f 2203 2208 2240
f 2240 2208 2244
f 2242 2209 2206
f 2209 2242 2207
f 2247 2246 2245
f 2245 2248 2247
f 2250 2249 2212
f 2212 2249 2211
f 2213 2245 2246
f 2250 2213 2246
f 2212 2213 2250
f 2251 2248 2245
f 2213 2251 2245
f 2214 2251 2213
f 2214 2215 2251
f 2251 2215 2252
f 2249 2216 2211
f 2253 2216 2249
f 2217 2252 2215
f 2217 2254 2252
f 2253 2218 2216
f 2255 2218 2253
f 2219 2254 2217
f 2219 2256 2254
f 2255 2220 2218
f 2257 2220 2255
f 2221 2256 2219
f 2221 2258 2256
f 2257 2259 2220
f 2220 2259 2222
f 2261 2260 2223
f 2222 2261 2223
f 2259 2261 2222
f 2224 2225 2260
f 2261 2224 2260
f 2262 2224 2261
f 2221 2224 2258
f 2258 2224 2262
f 2260 2226 2223
f 2226 2260 2225
f 2264 2263 2229
f 2229 2263 2228
f 2266 2264 2265
f 2264 2230 2265
f 2264 2229 2230
f 2232 2265 2230
f 2268 2267 2234
f 2234 2267 2233
f 2234 2228 2263
f 2234 2263 2268
f 2269 2266 2265
f 2265 2232 2269
f 2232 2270 2269
f 2232 2236 2270
f 2267 2237 2233
f 2271 2237 2267
f 2238 2270 2236
f 2238 2272 2270
f 2271 2239 2237
f 2273 2239 2271
f 2240 2272 2238
f 2240 2274 2272
f 2241 2239 2275
f 2239 2276 2275
f 2239 2273 2276
f 2277 2243 2241
f 2277 2241 2275
f 2243 2277 2278
f 2279 2243 2278
f 2244 2243 2279
f 2240 2244 2274
f 2274 2244 2279
f 2276 2280 2275
f 2275 2280 2277
f 2277 2280 2281
f 2277 2281 2278
f 2283 2282 2247
f 2247 2282 2246
f 2285 2284 2248
f 2284 2247 2248
f 2284 2283 2247
f 2285 2286 2284
f 2288 2287 2250
f 2250 2287 2249
f 2250 2246 2282
f 2250 2282 2288
f 2251 2285 2248
f 2251 2252 2285
f 2252 2286 2285
f 2252 2289 2286
f 2287 2253 2249
f 2290 2253 2287
f 2254 2289 2252
f 2254 2291 2289
f 2290 2255 2253
f 2292 2255 2290
f 2256 2291 2254
f 2256 2293 2291
f 2295 2257 2294
f 2257 2292 2294
f 2257 2255 2292
f 2296 2295 2294
f 2258 2293 2256
f 2258 2297 2293
f 2295 2259 2257
f 2296 2298 2295
f 2298 2259 2295
f 2298 2261 2259
f 2261 2299 2262
f 2298 2299 2261
f 2258 2262 2297
f 2297 2262 2299
f 2301 2300 2264
f 2264 2300 2263
f 2264 2266 2301
f 2301 2266 2302
f 2304 2303 2268
f 2268 2303 2267
f 2268 2263 2300
f 2268 2300 2304
f 2305 2302 2266
f 2305 2266 2269
f 2269 2270 2305
f 2305 2270 2306
f 2303 2271 2267
f 2307 2271 2303
f 2272 2306 2270
f 2272 2308 2306
f 2307 2273 2271
f 2309 2273 2307
f 2274 2308 2272
f 2274 2310 2308
f 2309 2276 2273
f 2311 2276 2309
f 2313 2312 2279
f 2313 2279 2278
f 2274 2279 2310
f 2310 2279 2312
f 2311 2314 2276
f 2276 2314 2280
f 2280 2315 2281
f 2314 2315 2280
f 2278 2281 2313
f 2313 2281 2315
f 2318 2317 2316
f 2316 2319 2318
f 2316 2317 2283
f 2317 2282 2283
f 2317 2320 2282
f 2321 2319 2316
f 2283 2321 2316
f 2284 2321 2283
f 2284 2286 2321
f 2321 2286 2322
f 2324 2323 2288
f 2288 2323 2287
f 2288 2282 2320
f 2288 2320 2324
f 2289 2322 2286
f 2289 2325 2322
f 2323 2290 2287
f 2326 2290 2323
f 2291 2325 2289
f 2291 2327 2325
f 2326 2292 2290
f 2328 2292 2326
f 2293 2327 2291
f 2293 2329 2327
f 2328 2330 2292
f 2292 2330 2294
f 2296 2294 2330
f 2296 2330 2331
f 2334 2333 2332
f 2333 2329 2332
f 2329 2297 2332
f 2329 2293 2297
f 2331 2335 2296
f 2296 2335 2298
f 2332 2299 2334
f 2299 2335 2334
f 2299 2298 2335
f 2299 2332 2297
f 2337 2336 2301
f 2301 2336 2300
f 2301 2302 2337
f 2337 2302 2338
f 2340 2339 2304
f 2304 2339 2303
f 2304 2300 2336
f 2304 2336 2340
f 2341 2338 2302
f 2341 2302 2305
f 2305 2306 2341
f 2341 2306 2342
f 2339 2307 2303
f 2343 2307 2339
f 2308 2342 2306
f 2308 2344 2342
f 2343 2309 2307
f 2345 2309 2343
f 2310 2344 2308
f 2310 2346 2344
f 2345 2311 2309
f 2347 2311 2345
f 2349 2348 2312
f 2349 2312 2313
f 2310 2312 2346
f 2346 2312 2348
f 2347 2350 2311
f 2311 2350 2314
f 2314 2351 2315
f 2350 2351 2314
f 2313 2315 2349
f 2349 2315 2351
f 2353 2352 2318
f 2318 2352 2317
f 2355 2354 2319
f 2354 2318 2319
f 2354 2353 2318
f 2355 2356 2354
f 2352 2320 2317
f 2357 2320 2352
f 2321 2355 2319
f 2321 2322 2355
f 2322 2356 2355
f 2322 2358 2356
f 2360 2359 2324
f 2324 2359 2323
f 2324 2320 2357
f 2324 2357 2360
f 2325 2358 2322
f 2325 2361 2358
f 2359 2326 2323
f 2362 2326 2359
f 2327 2361 2325
f 2327 2363 2361
f 2365 2328 2364
f 2328 2362 2364
f 2328 2326 2362
f 2366 2365 2364
f 2329 2363 2327
f 2329 2367 2363
f 2365 2330 2328
f 2369 2368 2331
f 2369 2331 2330
f 2366 2369 2330
f 2365 2366 2330
f 2333 2334 2368
f 2369 2333 2368
f 2370 2333 2369
f 2329 2333 2367
f 2367 2333 2370
f 2368 2335 2331
f 2335 2368 2334
f 2371 2336 2337
f 2338 2371 2337
f 2373 2372 2340
f 2340 2372 2339
f 2340 2336 2371
f 2374 2340 2371
f 2373 2340 2374
f 2376 2374 2375
f 2375 2374 2341
f 2374 2371 2341
f 2371 2338 2341
f 2342 2375 2341
f 2379 2378 2377
f 2372 2379 2377
f 2343 2372 2377
f 2339 2372 2343
f 2376 2375 2380
f 2376 2380 2381
f 2344 2380 2342
f 2342 2380 2375
f 2377 2378 2382
f 2382 2378 2383
f 2382 2345 2343
f 2382 2343 2377
f 2381 2380 2384
f 2381 2384 2385
f 2346 2384 2344
f 2344 2384 2380
f 2382 2383 2386
f 2386 2383 2387
f 2386 2347 2345
f 2386 2345 2382
f 2385 2384 2348
f 2349 2385 2348
f 2388 2385 2349
f 2348 2384 2346
f 2387 2389 2386
f 2389 2391 2390
f 2389 2390 2350
f 2386 2389 2350
f 2347 2386 2350
f 2350 2390 2392
f 2393 2350 2392
f 2351 2350 2393
f 2349 2351 2388
f 2388 2351 2393
f 2391 2394 2390
f 2390 2394 2392
f 2397 2396 2395
f 2395 2398 2397
f 2400 2399 2353
f 2353 2399 2352
f 2354 2395 2396
f 2400 2354 2396
f 2353 2354 2400
f 2354 2356 2395
f 2356 2398 2395
f 2356 2401 2398
f 2399 2357 2352
f 2402 2357 2399
f 2358 2404 2403
f 2401 2358 2403
f 2356 2358 2401
f 2404 2405 2403
f 2406 2359 2360
f 2407 2406 2360
f 2357 2407 2360
f 2402 2407 2357
f 2361 2408 2404
f 2361 2404 2358
f 2405 2404 2409
f 2409 2404 2408
f 2410 2362 2406
f 2406 2362 2359
f 2406 2407 2411
f 2406 2411 2410
f 2413 2412 2408
f 2361 2413 2408
f 2363 2413 2361
f 2408 2412 2409
f 2410 2364 2362
f 2366 2364 2410
f 2411 2366 2410
f 2414 2366 2411
f 2367 2413 2363
f 2367 2415 2413
f 2414 2416 2366
f 2366 2416 2369
f 2369 2417 2370
f 2416 2417 2369
f 2367 2370 2415
f 2415 2370 2417
f 2419 2418 2373
f 2373 2418 2372
f 2420 2373 2374
f 2420 2419 2373
f 2374 2376 2420
f 2420 2376 2421
f 2423 2422 2379
f 2379 2422 2378
f 2379 2372 2418
f 2379 2418 2423
f 2381 2421 2376
f 2381 2424 2421
f 2422 2383 2378
f 2425 2383 2422
f 2385 2424 2381
f 2385 2426 2424
f 2425 2387 2383
f 2427 2387 2425
f 2388 2426 2385
f 2388 2428 2426
f 2427 2429 2387
f 2387 2429 2389
f 2391 2389 2429
f 2391 2429 2430
f 2432 2431 2393
f 2432 2393 2392
f 2388 2393 2428
f 2428 2393 2431
f 2430 2433 2391
f 2391 2433 2394
f 2392 2394 2432
f 2432 2394 2433
f 2436 2435 2434
f 2396 2397 2434
f 2397 2436 2434
f 2397 2437 2436
f 2397 2398 2437
f 2437 2398 2438
f 2434 2435 2400
f 2435 2399 2400
f 2435 2439 2399
f 2434 2400 2396
f 2401 2441 2440
f 2438 2401 2440
f 2398 2401 2438
f 2441 2442 2440
f 2439 2402 2399
f 2443 2402 2439
f 2403 2441 2401
f 2403 2405 2441
f 2405 2442 2441
f 2405 2444 2442
f 2443 2407 2402
f 2445 2407 2443
f 2409 2444 2405
f 2409 2446 2444
f 2445 2411 2407
f 2447 2411 2445
f 2449 2448 2412
f 2449 2412 2413
f 2409 2412 2446
f 2446 2412 2448
f 2451 2414 2450
f 2414 2447 2450
f 2414 2411 2447
f 2453 2452 2451
f 2453 2451 2450
f 2453 2449 2452
f 2449 2415 2452
f 2449 2413 2415
f 2451 2416 2414
f 2416 2451 2417
f 2417 2451 2452
f 2417 2452 2415
f 2455 2454 2419
f 2419 2454 2418
f 2456 2419 2420
f 2456 2455 2419
f 2420 2421 2456
f 2456 2421 2457
f 2459 2458 2423
f 2423 2458 2422
f 2423 2418 2454
f 2423 2454 2459
f 2424 2457 2421
f 2424 2460 2457
f 2458 2425 2422
f 2461 2425 2458
f 2426 2460 2424
f 2426 2462 2460
f 2461 2427 2425
f 2463 2427 2461
f 2428 2462 2426
f 2428 2464 2462
f 2429 2427 2465
f 2427 2466 2465
f 2427 2463 2466
f 2465 2430 2429
f 2468 2467 2431
f 2468 2431 2432
f 2428 2431 2464
f 2464 2431 2467
f 2466 2469 2465
f 2465 2469 2430
f 2469 2433 2430
f 2469 2470 2433
f 2432 2433 2468
f 2468 2433 2470
f 2473 2472 2471
f 2471 2474 2473
f 2476 2475 2436
f 2436 2475 2435
f 2437 2471 2472
f 2476 2437 2472
f 2436 2437 2476
f 2478 2477 2438
f 2438 2477 2437
f 2477 2474 2437
f 2474 2471 2437
f 2478 2479 2477
f 2475 2439 2435
f 2480 2439 2475
f 2440 2478 2438
f 2440 2442 2478
f 2442 2479 2478
f 2442 2481 2479
f 2480 2443 2439
f 2482 2443 2480
f 2444 2481 2442
f 2444 2483 2481
f 2482 2445 2443
f 2484 2445 2482
f 2446 2483 2444
f 2446 2485 2483
f 2484 2447 2445
f 2486 2447 2484
f 2488 2487 2448
f 2488 2448 2449
f 2446 2448 2485
f 2485 2448 2487
f 2486 2489 2447
f 2447 2489 2450
f 2450 2490 2453
f 2489 2490 2450
f 2449 2453 2488
f 2488 2453 2490
f 2492 2491 2455
f 2455 2491 2454
f 2494 2492 2493
f 2492 2456 2493
f 2492 2455 2456
f 2457 2493 2456
f 2496 2495 2459
f 2459 2495 2458
f 2459 2454 2491
f 2459 2491 2496
f 2497 2494 2493
f 2493 2457 2497
f 2457 2498 2497
f 2457 2460 2498
f 2495 2461 2458
f 2499 2461 2495
f 2462 2498 2460
f 2462 2500 2498
f 2499 2463 2461
f 2501 2463 2499
f 2464 2500 2462
f 2464 2502 2500
f 2501 2466 2463
f 2503 2466 2501
f 2505 2504 2467
f 2505 2467 2468
f 2464 2467 2502
f 2502 2467 2504
f 2503 2506 2466
f 2466 2506 2469
f 2469 2507 2470
f 2506 2507 2469
f 2468 2470 2505
f 2505 2470 2507
f 2510 2509 2508
f 2472 2473 2508
f 2473 2510 2508
f 2473 2511 2510
f 2513 2512 2474
f 2512 2473 2474
f 2512 2511 2473
f 2513 2514 2512
f 2508 2509 2476
f 2509 2475 2476
f 2509 2515 2475
f 2508 2476 2472
f 2477 2513 2474
f 2477 2479 2513
f 2479 2514 2513
f 2479 2516 2514
f 2515 2480 2475
f 2517 2480 2515
f 2481 2516 2479
f 2481 2518 2516
f 2517 2482 2480
f 2519 2482 2517
f 2483 2518 2481
f 2483 2520 2518
f 2519 2484 2482
f 2521 2484 2519
f 2524 2523 2522
f 2523 2520 2522
f 2520 2485 2522
f 2520 2483 2485
f 2526 2486 2525
f 2486 2521 2525
f 2486 2484 2521
f 2528 2527 2526
f 2528 2526 2525
f 2527 2528 2524
f 2527 2524 2522
f 2488 2527 2522
f 2487 2488 2522
f 2487 2522 2485
f 2526 2489 2486
f 2489 2526 2490
f 2490 2526 2527
f 2490 2527 2488
f 2529 2491 2492
f 2494 2529 2492
f 2531 2530 2496
f 2496 2530 2495
f 2496 2491 2529
f 2532 2496 2529
f 2531 2496 2532
f 2534 2532 2533
f 2533 2532 2497
f 2532 2529 2497
f 2529 2494 2497
f 2498 2533 2497
f 2530 2499 2495
f 2535 2499 2530
f 2536 2534 2533
f 2533 2498 2536
f 2498 2537 2536
f 2498 2500 2537
f 2535 2501 2499
f 2538 2501 2535
f 2502 2537 2500
f 2502 2539 2537
f 2538 2503 2501
f 2540 2503 2538
f 2542 2541 2504
f 2542 2504 2505
f 2502 2504 2539
f 2539 2504 2541
f 2540 2543 2503
f 2503 2543 2506
f 2506 2544 2507
f 2543 2544 2506
f 2505 2507 2542
f 2542 2507 2544
f 2547 2546 2545
f 2545 2548 2547
f 2550 2549 2510
f 2510 2549 2509
f 2511 2545 2546
f 2550 2511 2546
f 2510 2511 2550
f 2551 2548 2545
f 2511 2551 2545
f 2512 2551 2511
f 2512 2514 2551
f 2551 2514 2552
f 2549 2515 2509
f 2553 2515 2549
f 2516 2552 2514
f 2516 2554 2552
f 2553 2517 2515
f 2555 2517 2553
f 2518 2554 2516
f 2518 2556 2554
f 2555 2519 2517
f 2557 2519 2555
f 2520 2556 2518
f 2520 2558 2556
f 2560 2521 2559
f 2521 2557 2559
f 2521 2519 2557
f 2561 2560 2559
f 2563 2562 2523
f 2563 2523 2524
f 2520 2523 2558
f 2558 2523 2562
f 2560 2525 2521
f 2561 2564 2560
f 2564 2525 2560
f 2564 2528 2525
f 2524 2528 2563
f 2563 2528 2564
f 2566 2565 2531
f 2531 2565 2530
f 2567 2531 2532
f 2567 2566 2531
f 2532 2534 2567
f 2567 2534 2568
f 2571 2570 2569
f 2565 2571 2569
f 2535 2565 2569
f 2530 2565 2535
f 2534 2536 2572
f 2573 2534 2572
f 2568 2534 2573
f 2537 2572 2536
f 2569 2570 2574
f 2574 2570 2575
f 2574 2538 2535
f 2574 2535 2569
f 2573 2572 2576
f 2573 2576 2577
f 2539 2576 2537
f 2537 2576 2572
f 2574 2575 2578
f 2578 2575 2579
f 2578 2540 2538
f 2578 2538 2574
f 2577 2576 2541
f 2542 2577 2541
f 2580 2577 2542
f 2541 2576 2539
f 2579 2581 2578
f 2581 2583 2582
f 2581 2582 2543
f 2578 2581 2543
f 2540 2578 2543
f 2543 2582 2584
f 2585 2543 2584
f 2544 2543 2585
f 2542 2544 2580
f 2580 2544 2585
f 2583 2586 2582
f 2582 2586 2584
f 2588 2587 2547
f 2547 2587 2546
f 2590 2589 2548
f 2589 2547 2548
f 2589 2588 2547
f 2590 2591 2589
f 2593 2592 2550
f 2550 2592 2549
f 2550 2546 2587
f 2550 2587 2593
f 2551 2590 2548
f 2551 2552 2590
f 2552 2591 2590
f 2552 2594 2591
f 2592 2553 2549
f 2595 2553 2592
f 2554 2594 2552
f 2554 2596 2594
f 2595 2555 2553
f 2597 2555 2595
f 2556 2596 2554
f 2556 2598 2596
f 2597 2557 2555
f 2599 2557 2597
f 2558 2598 2556
f 2558 2600 2598
f 2599 2601 2557
f 2557 2601 2559
f 2603 2602 2561
f 2559 2603 2561
f 2601 2603 2559
f 2562 2563 2602
f 2603 2562 2602
f 2604 2562 2603
f 2558 2562 2600
f 2600 2562 2604
f 2602 2564 2561
f 2564 2602 2563
f 2606 2605 2566
f 2566 2605 2565
f 2607 2566 2567
f 2607 2606 2566
f 2567 2568 2607
f 2607 2568 2608
f 2610 2609 2571
f 2571 2609 2570
f 2571 2565 2605
f 2571 2605 2610
f 2573 2608 2568
f 2573 2611 2608
f 2609 2575 2570
f 2612 2575 2609
f 2577 2611 2573
f 2577 2613 2611
f 2612 2579 2575
f 2614 2579 2612
f 2580 2613 2577
f 2580 2615 2613
f 2614 2616 2579
f 2579 2616 2581
f 2583 2581 2616
f 2583 2616 2617
f 2619 2618 2585
f 2619 2585 2584
f 2580 2585 2615
f 2615 2585 2618
f 2617 2620 2583
f 2583 2620 2586
f 2584 2586 2619
f 2619 2586 2620
f 2622 2621 2588
f 2588 2621 2587
f 2623 2588 2589
f 2623 2622 2588
f 2589 2591 2623
f 2623 2591 2624
f 2626 2625 2593
f 2593 2625 2592
f 2593 2587 2621
f 2593 2621 2626
f 2594 2624 2591
f 2594 2627 2624
f 2625 2595 2592
f 2628 2595 2625
f 2596 2627 2594
f 2596 2629 2627
f 2628 2597 2595
f 2630 2597 2628
f 2598 2629 2596
f 2598 2631 2629
f 2633 2599 2632
f 2599 2630 2632
f 2599 2597 2630
f 2634 2633 2632
f 2637 2636 2635
f 2636 2631 2635
f 2631 2600 2635
f 2631 2598 2600
f 2633 2601 2599
f 2634 2638 2633
f 2638 2601 2633
f 2638 2603 2601
f 2635 2604 2637
f 2604 2638 2637
f 2604 2603 2638
f 2604 2635 2600
f 2641 2640 2639
f 2605 2606 2639
f 2606 2641 2639
f 2606 2642 2641
f 2643 2606 2607
f 2643 2642 2606
f 2607 2608 2643
f 2643 2608 2644
f 2639 2640 2610
f 2640 2609 2610
f 2640 2645 2609
f 2639 2610 2605
f 2611 2644 2608
f 2611 2646 2644
f 2645 2612 2609
f 2647 2612 2645
f 2613 2646 2611
f 2613 2648 2646
f 2647 2614 2612
f 2649 2614 2647
f 2615 2648 2613
f 2615 2650 2648
f 2649 2651 2614
f 2614 2651 2616
f 2617 2616 2651
f 2617 2651 2652
f 2654 2653 2618
f 2654 2618 2619
f 2615 2618 2650
f 2650 2618 2653
f 2652 2655 2617
f 2617 2655 2620
f 2619 2620 2654
f 2654 2620 2655
f 2658 2657 2656
f 2660 2659 2656
f 2656 2659 2658
f 2660 2661 2659
f 2656 2657 2622
f 2657 2621 2622
f 2657 2662 2621
f 2656 2622 2623
f 2656 2623 2660
f 2623 2624 2660
f 2624 2661 2660
f 2624 2663 2661
f 2665 2664 2626
f 2626 2664 2625
f 2626 2621 2662
f 2626 2662 2665
f 2627 2663 2624
f 2627 2666 2663
f 2664 2628 2625
f 2667 2628 2664
f 2629 2666 2627
f 2629 2668 2666
f 2670 2630 2669
f 2630 2667 2669
f 2630 2628 2667
f 2671 2670 2669
f 2631 2668 2629
f 2631 2672 2668
f 2670 2632 2630
f 2674 2673 2634
f 2674 2634 2632
f 2671 2674 2632
f 2670 2671 2632
f 2636 2637 2673
f 2674 2636 2673
f 2675 2636 2674
f 2631 2636 2672
f 2672 2636 2675
f 2673 2638 2634
f 2638 2673 2637
f 2677 2676 2641
f 2641 2676 2640
f 2678 2641 2642
f 2678 2677 2641
f 2679 2642 2643
f 2679 2678 2642
f 2643 2644 2679
f 2679 2644 2680
f 2676 2645 2640
f 2681 2645 2676
f 2646 2680 2644
f 2646 2682 2680
f 2681 2647 2645
f 2683 2647 2681
f 2648 2682 2646
f 2648 2684 2682
f 2683 2649 2647
f 2685 2649 2683
f 2650 2684 2648
f 2650 2686 2684
f 2685 2687 2649
f 2649 2687 2651
f 2652 2651 2687
f 2652 2687 2688
f 2690 2689 2653
f 2690 2653 2654
f 2650 2653 2686
f 2686 2653 2689
f 2688 2691 2652
f 2652 2691 2655
f 2654 2655 2690
f 2690 2655 2691
f 2693 2692 2658
f 2658 2692 2657
f 2694 2658 2659
f 2694 2693 2658
f 2659 2661 2694
f 2694 2661 2695
f 2692 2662 2657
f 2696 2662 2692
f 2663 2695 2661
f 2663 2697 2695
f 2699 2698 2665
f 2665 2698 2664
f 2665 2662 2696
f 2665 2696 2699
f 2666 2697 2663
f 2666 2700 2697
f 2698 2667 2664
f 2701 2667 2698
f 2668 2700 2666
f 2668 2702 2700
f 2701 2703 2667
f 2667 2703 2669
f 2671 2669 2703
f 2671 2703 2704
f 2672 2702 2668
f 2672 2705 2702
f 2704 2706 2671
f 2671 2706 2674
f 2674 2707 2675
f 2706 2707 2674
f 2672 2675 2705
f 2705 2675 2707
f 2710 2709 2708
f 2708 2711 2710
f 2713 2712 2677
f 2677 2712 2676
f 2678 2708 2709
f 2713 2678 2709
f 2677 2678 2713
f 2714 2711 2708
f 2678 2714 2708
f 2679 2714 2678
f 2679 2680 2714
f 2714 2680 2715
f 2712 2681 2676
f 2716 2681 2712
f 2682 2715 2680
f 2682 2717 2715
f 2716 2683 2681
f 2718 2683 2716
f 2684 2717 2682
f 2684 2719 2717
f 2718 2685 2683
f 2720 2685 2718
f 2686 2719 2684
f 2686 2721 2719
f 2720 2722 2685
f 2685 2722 2687
f 2724 2723 2688
f 2687 2724 2688
f 2722 2724 2687
f 2689 2690 2723
f 2724 2689 2723
f 2725 2689 2724
f 2686 2689 2721
f 2721 2689 2725
f 2723 2691 2688
f 2691 2723 2690
f 2727 2726 2693
f 2693 2726 2692
f 2728 2693 2694
f 2728 2727 2693
f 2694 2695 2728
f 2728 2695 2729
f 2726 2696 2692
f 2730 2696 2726
f 2697 2729 2695
f 2697 2731 2729
f 2733 2732 2699
f 2699 2732 2698
f 2699 2696 2730
f 2699 2730 2733
f 2700 2731 2697
f 2700 2734 2731
f 2736 2701 2735
f 2701 2732 2735
f 2701 2698 2732
f 2737 2736 2735
f 2702 2734 2700
f 2702 2738 2734
f 2736 2703 2701
f 2704 2703 2736
f 2737 2704 2736
f 2739 2704 2737
f 2705 2738 2702
f 2705 2740 2738
f 2739 2741 2704
f 2704 2741 2706
f 2706 2742 2707
f 2741 2742 2706
f 2705 2707 2740
f 2740 2707 2742
f 2745 2744 2743
f 2709 2710 2743
f 2710 2745 2743
f 2710 2746 2745
f 2710 2711 2746
f 2746 2711 2747
f 2743 2744 2713
f 2744 2712 2713
f 2744 2748 2712
f 2743 2713 2709
f 2749 2747 2711
f 2749 2711 2714
f 2714 2715 2749
f 2749 2715 2750
f 2748 2716 2712
f 2751 2716 2748
f 2717 2750 2715
f 2717 2752 2750
f 2751 2718 2716
f 2753 2718 2751
f 2719 2752 2717
f 2719 2754 2752
f 2756 2720 2755
f 2720 2753 2755
f 2720 2718 2753
f 2757 2756 2755
f 2760 2759 2758
f 2759 2754 2758
f 2754 2721 2758
f 2754 2719 2721
f 2756 2722 2720
f 2757 2761 2756
f 2761 2722 2756
f 2761 2724 2722
f 2758 2725 2760
f 2725 2761 2760
f 2725 2724 2761
f 2725 2758 2721
f 2763 2762 2727
f 2727 2762 2726
f 2764 2727 2728
f 2764 2763 2727
f 2728 2729 2764
f 2764 2729 2765
f 2762 2730 2726
f 2766 2730 2762
f 2731 2765 2729
f 2731 2767 2765
f 2768 2732 2733
f 2769 2768 2733
f 2730 2769 2733
f 2766 2769 2730
f 2734 2767 2731
f 2734 2770 2767
f 2768 2735 2732
f 2737 2735 2768
f 2769 2737 2768
f 2771 2737 2769
f 2738 2770 2734
f 2738 2772 2770
f 2771 2739 2737
f 2773 2739 2771
f 2740 2772 2738
f 2740 2774 2772
f 2773 2775 2739
f 2739 2775 2741
f 2741 2776 2742
f 2775 2776 2741
f 2740 2742 2774
f 2774 2742 2776
f 2779 2778 2777
f 2777 2780 2779
f 2782 2781 2745
f 2745 2781 2744
f 2746 2777 2778
f 2782 2746 2778
f 2745 2746 2782
f 2784 2783 2747
f 2747 2783 2746
f 2783 2780 2746
f 2780 2777 2746
f 2784 2785 2783
f 2781 2748 2744
f 2786 2748 2781
f 2749 2784 2747
f 2749 2750 2784
f 2750 2785 2784
f 2750 2787 2785
f 2786 2751 2748
f 2788 2751 2786
f 2752 2787 2750
f 2752 2789 2787
f 2788 2753 2751
f 2790 2753 2788
f 2754 2789 2752
f 2754 2791 2789
f 2790 2792 2753
f 2753 2792 2755
f 2757 2755 2792
f 2757 2792 2793
f 2795 2794 2759
f 2795 2759 2760
f 2754 2759 2791
f 2791 2759 2794
f 2793 2796 2757
f 2757 2796 2761
f 2760 2761 2795
f 2795 2761 2796
f 2798 2797 2763
f 2763 2797 2762
f 2799 2763 2764
f 2799 2798 2763
f 2764 2765 2799
f 2799 2765 2800
f 2797 2766 2762
f 2801 2766 2797
f 2767 2800 2765
f 2767 2802 2800
f 2801 2769 2766
f 2803 2769 2801
f 2770 2802 2767
f 2770 2804 2802
f 2803 2771 2769
f 2805 2771 2803
f 2772 2804 2770
f 2772 2806 2804
f 2805 2773 2771
f 2807 2773 2805
f 2774 2806 2772
f 2774 2808 2806
f 2807 2809 2773
f 2773 2809 2775
f 2775 2810 2776
f 2809 2810 2775
f 2774 2776 2808
f 2808 2776 2810
f 2813 2812 2811
f 2778 2779 2811
f 2779 2813 2811
f 2779 2814 2813
f 2779 2780 2814
f 2814 2780 2815
f 2811 2812 2782
f 2812 2781 2782
f 2812 2816 2781
f 2811 2782 2778
f 2817 2815 2780
f 2817 2780 2783
f 2783 2785 2817
f 2817 2785 2818
f 2816 2786 2781
f 2819 2786 2816
f 2787 2818 2785
f 2787 2820 2818
f 2819 2788 2786
f 2821 2788 2819
f 2789 2820 2787
f 2789 2822 2820
f 2821 2790 2788
f 2823 2790 2821
f 2826 2825 2824
f 2825 2822 2824
f 2822 2791 2824
f 2822 2789 2791
f 2823 2827 2790
f 2790 2827 2792
f 2829 2828 2793
f 2792 2829 2793
f 2827 2829 2792
f 2828 2829 2826
f 2828 2826 2824
f 2795 2828 2824
f 2794 2795 2824
f 2794 2824 2791
f 2828 2796 2793
f 2796 2828 2795
f 2831 2830 2798
f 2798 2830 2797
f 2832 2798 2799
f 2832 2831 2798
f 2799 2800 2832
f 2832 2800 2833
f 2830 2801 2797
f 2834 2801 2830
f 2802 2833 2800
f 2802 2835 2833
f 2834 2803 2801
f 2836 2803 2834
f 2804 2838 2837
f 2835 2804 2837
f 2802 2804 2835
f 2838 2839 2837
f 2836 2805 2803
f 2840 2805 2836
f 2806 2841 2838
f 2806 2838 2804
f 2839 2838 2842
f 2842 2838 2841
f 2840 2807 2805
f 2843 2807 2840
f 2845 2844 2841
f 2806 2845 2841
f 2808 2845 2806
f 2841 2844 2842
f 2843 2846 2807
f 2807 2846 2809
f 2809 2847 2810
f 2846 2847 2809
f 2808 2810 2845
f 2845 2810 2847
f 2849 2848 2813
f 2813 2848 2812
f 2850 2813 2814
f 2850 2849 2813
f 2814 2815 2850
f 2850 2815 2851
f 2848 2816 2812
f 2852 2816 2848
f 2815 2817 2853
f 2854 2815 2853
f 2851 2815 2854
f 2818 2853 2817
f 2852 2819 2816
f 2855 2819 2852
f 2856 2854 2853
f 2853 2818 2856
f 2818 2857 2856
f 2818 2820 2857
f 2855 2821 2819
f 2858 2821 2855
f 2861 2860 2859
f 2860 2857 2859
f 2857 2822 2859
f 2857 2820 2822
f 2858 2823 2821
f 2862 2823 2858
f 2861 2859 2825
f 2826 2861 2825
f 2863 2861 2826
f 2825 2859 2822
f 2862 2864 2823
f 2823 2864 2827
f 2827 2865 2829
f 2864 2865 2827
f 2826 2829 2863
f 2863 2829 2865
f 2867 2866 2831
f 2831 2866 2830
f 2868 2831 2832
f 2868 2867 2831
f 2832 2833 2868
f 2868 2833 2869
f 2866 2834 2830
f 2870 2834 2866
f 2835 2872 2871
f 2869 2835 2871
f 2833 2835 2869
f 2872 2873 2871
f 2870 2836 2834
f 2874 2836 2870
f 2837 2872 2835
f 2837 2839 2872
f 2839 2873 2872
f 2839 2875 2873
f 2874 2840 2836
f 2876 2840 2874
f 2842 2875 2839
f 2842 2877 2875
f 2876 2843 2840
f 2878 2843 2876
f 2880 2879 2844
f 2880 2844 2845
f 2842 2844 2877
f 2877 2844 2879
f 2878 2881 2843
f 2843 2881 2846
f 2846 2882 2847
f 2881 2882 2846
f 2845 2847 2880
f 2880 2847 2882
f 2885 2884 2883
f 2887 2886 2883
f 2883 2886 2885
f 2887 2888 2886
f 2891 2890 2889
f 2891 2889 2884
f 2884 2889 2883
f 2889 2848 2883
f 2848 2849 2883
f 2883 2849 2850
f 2883 2850 2887
f 2850 2851 2887
f 2851 2888 2887
f 2851 2892 2888
f 2889 2890 2893
f 2893 2890 2894
f 2893 2852 2848
f 2893 2848 2889
f 2854 2892 2851
f 2854 2895 2892
f 2893 2894 2896
f 2896 2894 2897
f 2896 2855 2852
f 2896 2852 2893
f 2854 2856 2898
f 2899 2854 2898
f 2895 2854 2899
f 2857 2898 2856
f 2897 2900 2896
f 2855 2896 2900
f 2901 2855 2900
f 2858 2855 2901
f 2899 2898 2860
f 2861 2899 2860
f 2902 2899 2861
f 2860 2898 2857
f 2904 2862 2903
f 2862 2901 2903
f 2862 2858 2901
f 2906 2905 2904
f 2906 2904 2903
f 2906 2902 2905
f 2902 2863 2905
f 2902 2861 2863
f 2904 2864 2862
f 2864 2904 2865
f 2865 2904 2905
f 2865 2905 2863
f 2907 2866 2867
f 2907 2867 2908
f 2867 2909 2908
f 2867 2868 2909
f 2868 2869 2909
f 2909 2869 2910
f 2912 2911 2907
f 2911 2866 2907
f 2911 2870 2866
f 2912 2907 2908
f 2913 2910 2869
f 2913 2869 2871
f 2871 2873 2913
f 2913 2873 2914
f 2911 2874 2870
f 2915 2874 2911
f 2875 2914 2873
f 2875 2916 2914
f 2915 2876 2874
f 2917 2876 2915
f 2877 2916 2875
f 2877 2918 2916
f 2917 2878 2876
f 2919 2878 2917
f 2921 2920 2879
f 2921 2879 2880
f 2877 2879 2918
f 2918 2879 2920
f 2919 2922 2878
f 2878 2922 2881
f 2881 2923 2882
f 2922 2923 2881
f 2880 2882 2921
f 2921 2882 2923
f 2926 2925 2924
f 2884 2885 2924
f 2885 2926 2924
f 2885 2927 2926
f 2928 2885 2886
f 2928 2927 2885
f 2886 2888 2928
f 2928 2888 2929
f 2924 2925 2891
f 2925 2890 2891
f 2925 2930 2890
f 2924 2891 2884
f 2892 2929 2888
f 2892 2931 2929
f 2930 2894 2890
f 2932 2894 2930
f 2895 2931 2892
f 2895 2933 2931
f 2932 2897 2894
f 2934 2897 2932
f 2899 2933 2895
f 2899 2935 2933
f 2934 2936 2897
f 2897 2936 2900
f 2901 2900 2936
f 2901 2936 2937
f 2902 2935 2899
f 2902 2938 2935
f 2937 2939 2901
f 2901 2939 2903
f 2903 2940 2906
f 2939 2940 2903
f 2902 2906 2938
f 2938 2906 2940
f 2941 2908 2909
f 2910 2941 2909
f 2943 2942 2912
f 2912 2942 2911
f 2912 2908 2941
f 2944 2912 2941
f 2943 2912 2944
f 2944 2941 2910
f 2913 2944 2910
f 2945 2944 2913
f 2913 2914 2945
f 2945 2914 2946
f 2942 2915 2911
f 2947 2915 2942
f 2916 2946 2914
f 2916 2948 2946
f 2947 2917 2915
f 2949 2917 2947
f 2918 2948 2916
f 2918 2950 2948
f 2949 2919 2917
f 2951 2919 2949
f 2921 2952 2920
f 2952 2953 2920
f 2953 2918 2920
f 2953 2950 2918
f 2951 2954 2919
f 2919 2954 2922
f 2922 2955 2923
f 2954 2955 2922
f 2921 2923 2952
f 2923 2956 2952
f 2923 2955 2956
f 2952 2956 2953
f 2959 2958 2957
f 2957 2960 2959
f 2962 2961 2926
f 2926 2961 2925
f 2927 2957 2958
f 2962 2927 2958
f 2926 2927 2962
f 2963 2960 2957
f 2927 2963 2957
f 2928 2963 2927
f 2928 2929 2963
f 2963 2929 2964
f 2961 2930 2925
f 2965 2930 2961
f 2931 2964 2929
f 2931 2966 2964
f 2965 2932 2930
f 2967 2932 2965
f 2933 2966 2931
f 2933 2968 2966
f 2967 2934 2932
f 2969 2934 2967
f 2935 2968 2933
f 2935 2970 2968
f 2969 2971 2934
f 2934 2971 2936
f 2937 2936 2971
f 2937 2971 2972
f 2975 2974 2973
f 2974 2970 2973
f 2970 2938 2973
f 2970 2935 2938
f 2972 2976 2937
f 2937 2976 2939
f 2973 2940 2975
f 2940 2976 2975
f 2940 2939 2976
f 2940 2973 2938
f 2978 2977 2943
f 2943 2977 2942
f 2979 2943 2944
f 2979 2978 2943
f 2980 2944 2945
f 2980 2979 2944
f 2945 2946 2980
f 2980 2946 2981
f 2977 2947 2942
f 2982 2947 2977
f 2948 2981 2946
f 2948 2983 2981
f 2982 2949 2947
f 2984 2949 2982
f 2950 2983 2948
f 2950 2985 2983
f 2984 2951 2949
f 2986 2951 2984
f 2953 2985 2950
f 2953 2987 2985
f 2986 2988 2951
f 2951 2988 2954
f 2954 2989 2955
f 2988 2989 2954
f 2955 2990 2956
f 2989 2990 2955
f 2953 2956 2987
f 2987 2956 2990
f 2993 2992 2991
f 2958 2959 2991
f 2959 2993 2991
f 2959 2994 2993
f 2959 2960 2994
f 2994 2960 2995
f 2991 2992 2962
f 2992 2961 2962
f 2992 2996 2961
f 2991 2962 2958
f 2997 2995 2960
f 2997 2960 2963
f 2963 2964 2997
f 2997 2964 2998
f 2996 2965 2961
f 2999 2965 2996
f 2966 2998 2964
f 2966 3000 2998
f 2999 2967 2965
f 3001 2967 2999
f 2968 3000 2966
f 2968 3002 3000
f 3001 2969 2967
f 3003 2969 3001
f 2970 3002 2968
f 2970 3004 3002
f 3003 3005 2969
f 2969 3005 2971
f 3007 3006 2972
f 2971 3007 2972
f 3005 3007 2971
f 2974 2975 3006
f 3007 2974 3006
f 3008 2974 3007
f 2970 2974 3004
f 3004 2974 3008
f 3006 2976 2972
f 2976 3006 2975
f 3010 3009 2978
f 2978 3009 2977
f 3011 2978 2979
f 3011 3010 2978
f 3012 2979 2980
f 3012 3011 2979
f 2980 2981 3012
f 3012 2981 3013
f 3009 2982 2977
f 3014 2982 3009
f 2983 3013 2981
f 2983 3015 3013
f 3014 2984 2982
f 3016 2984 3014
f 2985 3015 2983
f 2985 3017 3015
f 3016 2986 2984
f 3018 2986 3016
f 2987 3017 2985
f 2987 3019 3017
f 3018 3020 2986
f 2986 3020 2988
f 2988 3021 2989
f 3020 3021 2988
f 2989 3022 2990
f 3021 3022 2989
f 2987 2990 3019
f 3019 2990 3022
f 3024 3023 2993
f 2993 3023 2992
f 3025 2993 2994
f 3025 3024 2993
f 2994 2995 3025
f 3025 2995 3026
f 3023 2996 2992
f 3027 2996 3023
f 3028 3026 2995
f 3028 2995 2997
f 2997 2998 3028
f 3028 2998 3029
f 3027 2999 2996
f 3030 2999 3027
f 3000 3029 2998
f 3000 3031 3029
f 3030 3001 2999
f 3032 3001 3030
f 3002 3031 3000
f 3002 3033 3031
f 3035 3003 3034
f 3003 3032 3034
f 3003 3001 3032
f 3036 3035 3034
f 3039 3038 3037
f 3038 3033 3037
f 3033 3004 3037
f 3033 3002 3004
f 3035 3005 3003
f 3036 3040 3035
f 3040 3005 3035
f 3040 3007 3005
f 3037 3008 3039
f 3008 3040 3039
f 3008 3007 3040
f 3008 3037 3004
f 3041 3009 3010
f 3041 3010 3042
f 3010 3043 3042
f 3010 3011 3043
f 3044 3011 3012
f 3044 3043 3011
f 3012 3013 3044
f 3044 3013 3045
f 3047 3046 3041
f 3046 3009 3041
f 3046 3014 3009
f 3047 3041 3042
f 3015 3045 3013
f 3015 3048 3045
f 3046 3016 3014
f 3049 3016 3046
f 3017 3048 3015
f 3017 3050 3048
f 3052 3018 3051
f 3018 3049 3051
f 3018 3016 3049
f 3053 3052 3051
f 3019 3050 3017
f 3019 3054 3050
f 3052 3020 3018
f 3053 3055 3052
f 3055 3020 3052
f 3055 3021 3020
f 3021 3056 3022
f 3055 3056 3021
f 3019 3022 3054
f 3054 3022 3056
f 3059 3058 3057
f 3061 3060 3057
f 3057 3060 3059
f 3061 3062 3060
f 3057 3058 3024
f 3058 3023 3024
f 3058 3063 3023
f 3057 3024 3025
f 3057 3025 3061
f 3025 3026 3061
f 3026 3062 3061
f 3026 3064 3062
f 3063 3027 3023
f 3065 3027 3063
f 3066 3064 3026
f 3066 3026 3028
f 3028 3029 3066
f 3066 3029 3067
f 3065 3030 3027
f 3068 3030 3065
f 3031 3067 3029
f 3031 3069 3067
f 3068 3032 3030
f 3070 3032 3068
f 3073 3072 3071
f 3072 3069 3071
f 3069 3033 3071
f 3069 3031 3033
f 3070 3074 3032
f 3032 3074 3034
f 3076 3075 3036
f 3034 3076 3036
f 3074 3076 3034
f 3075 3076 3073
f 3075 3073 3071
f 3039 3075 3071
f 3038 3039 3071
f 3038 3071 3033
f 3075 3040 3036
f 3040 3075 3039
f 3078 3077 3043
f 3043 3077 3042
f 3079 3043 3044
f 3079 3078 3043
f 3044 3045 3079
f 3079 3045 3080
f 3081 3046 3047
f 3082 3081 3047
f 3042 3082 3047
f 3077 3082 3042
f 3048 3084 3083
f 3080 3048 3083
f 3045 3048 3080
f 3084 3085 3083
f 3086 3049 3081
f 3081 3049 3046
f 3081 3082 3087
f 3081 3087 3086
f 3050 3088 3084
f 3050 3084 3048
f 3085 3084 3089
f 3089 3084 3088
f 3086 3051 3049
f 3053 3051 3086
f 3087 3053 3086
f 3090 3053 3087
f 3054 3091 3088
f 3054 3088 3050
f 3089 3088 3092
f 3092 3088 3091
f 3090 3093 3053
f 3053 3093 3055
f 3093 3095 3094
f 3056 3093 3094
f 3055 3093 3056
f 3094 3096 3056
f 3056 3096 3054
f 3096 3097 3054
f 3097 3091 3054
f 3091 3097 3092
f 3095 3098 3094
f 3094 3098 3096
f 3100 3099 3059
f 3059 3099 3058
f 3101 3059 3060
f 3101 3100 3059
f 3060 3062 3101
f 3101 3062 3102
f 3099 3063 3058
f 3103 3063 3099
f 3064 3102 3062
f 3064 3104 3102
f 3103 3065 3063
f 3105 3065 3103
f 3106 3104 3064
f 3106 3064 3066
f 3066 3067 3106
f 3106 3067 3107
f 3105 3068 3065
f 3108 3068 3105
f 3111 3110 3109
f 3110 3107 3109
f 3107 3069 3109
f 3107 3067 3069
f 3108 3070 3068
f 3112 3070 3108
f 3111 3109 3072
f 3073 3111 3072
f 3113 3111 3073
f 3072 3109 3069
f 3112 3114 3070
f 3070 3114 3074
f 3074 3115 3076
f 3114 3115 3074
f 3073 3076 3113
f 3113 3076 3115
f 3117 3116 3078
f 3078 3116 3077
f 3118 3078 3079
f 3118 3117 3078
f 3079 3080 3118
f 3118 3080 3119
f 3116 3082 3077
f 3120 3082 3116
f 3121 3119 3080
f 3121 3080 3083
f 3083 3085 3121
f 3121 3085 3122
f 3120 3087 3082
f 3123 3087 3120
f 3089 3122 3085
f 3089 3124 3122
f 3123 3090 3087
f 3125 3090 3123
f 3092 3124 3089
f 3092 3126 3124
f 3125 3127 3090
f 3090 3127 3093
f 3095 3093 3127
f 3095 3127 3128
f 3130 3129 3097
f 3130 3097 3096
f 3092 3097 3126
f 3126 3097 3129
f 3128 3131 3095
f 3095 3131 3098
f 3096 3098 3130
f 3130 3098 3131
f 3134 3133 3132
f 3136 3135 3132
f 3132 3135 3134
f 3136 3137 3135
f 3132 3133 3100
f 3133 3099 3100
f 3133 3138 3099
f 3132 3100 3101
f 3132 3101 3136
f 3101 3102 3136
f 3102 3137 3136
f 3102 3139 3137
f 3138 3103 3099
f 3140 3103 3138
f 3104 3139 3102
f 3104 3141 3139
f 3140 3105 3103
f 3142 3105 3140
f 3104 3106 3143
f 3144 3104 3143
f 3141 3104 3144
f 3107 3143 3106
f 3142 3108 3105
f 3145 3108 3142
f 3144 3143 3110
f 3111 3144 3110
f 3146 3144 3111
f 3110 3143 3107
f 3145 3112 3108
f 3147 3112 3145
f 3113 3146 3111
f 3113 3148 3146
f 3147 3149 3112
f 3112 3149 3114
f 3114 3150 3115
f 3149 3150 3114
f 3113 3115 3148
f 3148 3115 3150
f 3152 3151 3117
f 3117 3151 3116
f 3153 3117 3118
f 3153 3152 3117
f 3118 3119 3153
f 3153 3119 3154
f 3151 3120 3116
f 3155 3120 3151
f 3156 3154 3119
f 3156 3119 3121
f 3121 3122 3156
f 3156 3122 3157
f 3155 3123 3120
f 3158 3123 3155
f 3124 3157 3122
f 3124 3159 3157
f 3158 3125 3123
f 3160 3125 3158
f 3126 3159 3124
f 3126 3161 3159
f 3160 3162 3125
f 3125 3162 3127
f 3128 3127 3162
f 3128 3162 3163
f 3165 3164 3129
f 3165 3129 3130
f 3126 3129 3161
f 3161 3129 3164
f 3163 3166 3128
f 3128 3166 3131
f 3130 3131 3165
f 3165 3131 3166
f 3168 3167 3134
f 3134 3167 3133
f 3169 3134 3135
f 3169 3168 3134
f 3135 3137 3169
f 3169 3137 3170
f 3173 3172 3171
f 3167 3173 3171
f 3138 3167 3171
f 3133 3167 3138
f 3139 3170 3137
f 3139 3174 3170
f 3171 3172 3175
f 3175 3172 3176
f 3175 3140 3138
f 3175 3138 3171
f 3141 3174 3139
f 3141 3177 3174
f 3176 3178 3175
f 3140 3175 3178
f 3179 3140 3178
f 3142 3140 3179
f 3144 3177 3141
f 3144 3180 3177
f 3179 3145 3142
f 3181 3145 3179
f 3146 3180 3144
f 3146 3182 3180
f 3184 3147 3183
f 3147 3181 3183
f 3147 3145 3181
f 3186 3185 3184
f 3186 3184 3183
f 3186 3182 3185
f 3182 3148 3185
f 3182 3146 3148
f 3184 3149 3147
f 3149 3184 3150
f 3150 3184 3185
f 3150 3185 3148
f 3187 3151 3152
f 3187 3152 3188
f 3152 3189 3188
f 3152 3153 3189
f 3191 3190 3154
f 3190 3153 3154
f 3190 3189 3153
f 3191 3192 3190
f 3194 3193 3187
f 3193 3151 3187
f 3193 3155 3151
f 3194 3187 3188
f 3156 3191 3154
f 3156 3157 3191
f 3157 3192 3191
f 3157 3195 3192
f 3193 3158 3155
f 3196 3158 3193
f 3159 3195 3157
f 3159 3197 3195
f 3196 3160 3158
f 3198 3160 3196
f 3161 3197 3159
f 3161 3199 3197
f 3198 3200 3160
f 3160 3200 3162
f 3163 3162 3200
f 3163 3200 3201
f 3165 3202 3164
f 3202 3203 3164
f 3203 3161 3164
f 3203 3199 3161
f 3201 3204 3163
f 3163 3204 3166
f 3165 3166 3202
f 3166 3205 3202
f 3166 3204 3205
f 3202 3205 3203
f 3208 3207 3206
f 3206 3209 3208
f 3212 3211 3210
f 3212 3210 3207
f 3207 3210 3206
f 3210 3167 3206
f 3167 3168 3206
f 3213 3209 3206
f 3168 3213 3206
f 3169 3213 3168
f 3169 3170 3213
f 3213 3170 3214
f 3210 3211 3173
f 3211 3172 3173
f 3211 3215 3172
f 3210 3173 3167
f 3174 3214 3170
f 3174 3216 3214
f 3215 3176 3172
f 3217 3176 3215
f 3177 3216 3174
f 3177 3218 3216
f 3217 3219 3176
f 3176 3219 3178
f 3179 3178 3219
f 3179 3219 3220
f 3180 3218 3177
f 3180 3221 3218
f 3220 3181 3179
f 3222 3181 3220
f 3182 3221 3180
f 3182 3223 3221
f 3222 3224 3181
f 3181 3224 3183
f 3183 3225 3186
f 3224 3225 3183
f 3182 3186 3223
f 3223 3186 3225
f 3227 3226 3189
f 3189 3226 3188
f 3228 3189 3190
f 3228 3227 3189
f 3190 3192 3228
f 3228 3192 3229
f 3231 3230 3194
f 3194 3230 3193
f 3194 3188 3226
f 3194 3226 3231
f 3195 3229 3192
f 3195 3232 3229
f 3230 3196 3193
f 3233 3196 3230
f 3197 3232 3195
f 3197 3234 3232
f 3233 3198 3196
f 3235 3198 3233
f 3199 3234 3197
f 3199 3236 3234
f 3235 3237 3198
f 3198 3237 3200
f 3201 3200 3237
f 3201 3237 3238
f 3203 3236 3199
f 3203 3239 3236
f 3238 3240 3201
f 3201 3240 3204
f 3204 3241 3205
f 3240 3241 3204
f 3203 3205 3239
f 3239 3205 3241
f 3244 3243 3242
f 3207 3208 3242
f 3208 3244 3242
f 3208 3245 3244
f 3247 3246 3209
f 3246 3208 3209
f 3246 3245 3208
f 3247 3248 3246
f 3242 3243 3212
f 3243 3211 3212
f 3243 3249 3211
f 3242 3212 3207
f 3213 3247 3209
f 3213 3214 3247
f 3214 3248 3247
f 3214 3250 3248
f 3249 3215 3211
f 3251 3215 3249
f 3216 3250 3214
f 3216 3252 3250
f 3251 3217 3215
f 3253 3217 3251
f 3218 3252 3216
f 3218 3254 3252
f 3253 3255 3217
f 3217 3255 3219
f 3220 3219 3255
f 3220 3255 3256
f 3221 3254 3218
f 3221 3257 3254
f 3259 3222 3258
f 3222 3256 3258
f 3222 3220 3256
f 3261 3260 3259
f 3261 3259 3258
f 3261 3257 3260
f 3257 3223 3260
f 3257 3221 3223
f 3259 3224 3222
f 3224 3259 3225
f 3225 3259 3260
f 3225 3260 3223
f 3263 3262 3227
f 3227 3262 3226
f 3264 3227 3228
f 3264 3263 3227
f 3228 3229 3264
f 3264 3229 3265
f 3266 3230 3231
f 3267 3266 3231
f 3226 3267 3231
f 3262 3267 3226
f 3232 3265 3229
f 3232 3268 3265
f 3270 3269 3266
f 3269 3230 3266
f 3269 3233 3230
f 3270 3266 3267
f 3234 3272 3271
f 3268 3234 3271
f 3232 3234 3268
f 3272 3273 3271
f 3275 3235 3274
f 3235 3269 3274
f 3235 3233 3269
f 3276 3275 3274
f 3236 3277 3272
f 3236 3272 3234
f 3273 3272 3278
f 3278 3272 3277
f 3275 3237 3235
f 3238 3237 3275
f 3276 3238 3275
f 3279 3238 3276
f 3281 3280 3277
f 3236 3281 3277
f 3239 3281 3236
f 3277 3280 3278
f 3279 3282 3238
f 3238 3282 3240
f 3240 3283 3241
f 3282 3283 3240
f 3239 3241 3281
f 3281 3241 3283
f 3286 3285 3284
f 3284 3287 3286
f 3289 3288 3244
f 3244 3288 3243
f 3245 3284 3285
f 3289 3245 3285
f 3244 3245 3289
f 3290 3287 3284
f 3245 3290 3284
f 3246 3290 3245
f 3246 3248 3290
f 3290 3248 3291
f 3288 3249 3243
f 3292 3249 3288
f 3250 3291 3248
f 3250 3293 3291
f 3292 3251 3249
f 3294 3251 3292
f 3252 3293 3250
f 3252 3295 3293
f 3294 3253 3251
f 3296 3253 3294
f 3254 3295 3252
f 3254 3297 3295
f 3296 3298 3253
f 3253 3298 3255
f 3256 3255 3298
f 3256 3298 3299
f 3302 3301 3300
f 3301 3297 3300
f 3297 3257 3300
f 3297 3254 3257
f 3299 3303 3256
f 3256 3303 3258
f 3300 3261 3302
f 3261 3303 3302
f 3261 3258 3303
f 3261 3300 3257
f 3305 3304 3263
f 3263 3304 3262
f 3306 3263 3264
f 3306 3305 3263
f 3264 3265 3306
f 3306 3265 3307
f 3304 3267 3262
f 3308 3267 3304
f 3268 3310 3309
f 3307 3268 3309
f 3265 3268 3307
f 3310 3311 3309
f 3312 3269 3270
f 3313 3312 3270
f 3267 3313 3270
f 3308 3313 3267
f 3271 3310 3268
f 3271 3273 3310
f 3273 3311 3310
f 3273 3314 3311
f 3312 3274 3269
f 3276 3274 3312
f 3313 3276 3312
f 3315 3276 3313
f 3278 3314 3273
f 3278 3316 3314
f 3315 3279 3276
f 3317 3279 3315
f 3319 3318 3280
f 3319 3280 3281
f 3278 3280 3316
f 3316 3280 3318
f 3317 3320 3279
f 3279 3320 3282
f 3282 3321 3283
f 3320 3321 3282
f 3281 3283 3319
f 3319 3283 3321
f 3324 3323 3322
f 3285 3286 3322
f 3286 3324 3322
f 3286 3325 3324
f 3286 3287 3325
f 3325 3287 3326
f 3322 3323 3289
f 3323 3288 3289
f 3323 3327 3288
f 3322 3289 3285
f 3328 3326 3287
f 3328 3287 3290
f 3290 3291 3328
f 3328 3291 3329
f 3327 3292 3288
f 3330 3292 3327
f 3293 3329 3291
f 3293 3331 3329
f 3330 3294 3292
f 3332 3294 3330
f 3295 3331 3293
f 3295 3333 3331
f 3332 3296 3294
f 3334 3296 3332
f 3297 3333 3295
f 3297 3335 3333
f 3334 3336 3296
f 3296 3336 3298
f 3338 3337 3299
f 3298 3338 3299
f 3336 3338 3298
f 3301 3302 3337
f 3338 3301 3337
f 3339 3301 3338
f 3297 3301 3335
f 3335 3301 3339
f 3337 3303 3299
f 3303 3337 3302
f 3340 3304 3305
f 3340 3305 3341
f 3305 3342 3341
f 3305 3306 3342
f 3306 3307 3342
f 3342 3307 3343
f 3345 3344 3340
f 3344 3304 3340
f 3344 3308 3304
f 3345 3340 3341
f 3346 3343 3307
f 3346 3307 3309
f 3309 3311 3346
f 3346 3311 3347
f 3344 3313 3308
f 3348 3313 3344
f 3314 3347 3311
f 3314 3349 3347
f 3348 3315 3313
f 3350 3315 3348
f 3316 3349 3314
f 3316 3351 3349
f 3350 3317 3315
f 3352 3317 3350
f 3319 3353 3318
f 3353 3354 3318
f 3354 3316 3318
f 3354 3351 3316
f 3352 3355 3317
f 3317 3355 3320
f 3320 3356 3321
f 3355 3356 3320
f 3319 3321 3353
f 3321 3357 3353
f 3321 3356 3357
f 3353 3357 3354
f 3359 3358 3324
f 3324 3358 3323
f 3360 3324 3325
f 3360 3359 3324
f 3325 3326 3360
f 3360 3326 3361
f 3364 3363 3362
f 3358 3364 3362
f 3327 3358 3362
f 3323 3358 3327
f 3326 3328 3365
f 3366 3326 3365
f 3361 3326 3366
f 3329 3365 3328
f 3362 3363 3367
f 3367 3363 3368
f 3367 3330 3327
f 3367 3327 3362
f 3369 3366 3365
f 3365 3329 3369
f 3329 3370 3369
f 3329 3331 3370
f 3368 3371 3367
f 3330 3367 3371
f 3372 3330 3371
f 3332 3330 3372
f 3375 3374 3373
f 3374 3370 3373
f 3370 3333 3373
f 3370 3331 3333
f 3372 3334 3332
f 3376 3334 3372
f 3375 3373 3377
f 3375 3377 3378
f 3335 3377 3333
f 3333 3377 3373
f 3376 3379 3334
f 3334 3379 3336
f 3336 3380 3338
f 3379 3380 3336
f 3377 3339 3378
f 3339 3380 3378
f 3339 3338 3380
f 3339 3377 3335
f 3381 3341 3342
f 3343 3381 3342
f 3383 3382 3345
f 3345 3382 3344
f 3345 3341 3381
f 3384 3345 3381
f 3383 3345 3384
f 3384 3381 3343
f 3346 3384 3343
f 3385 3384 3346
f 3346 3347 3385
f 3385 3347 3386
f 3382 3348 3344
f 3387 3348 3382
f 3349 3386 3347
f 3349 3388 3386
f 3387 3350 3348
f 3389 3350 3387
f 3351 3388 3349
f 3351 3390 3388
f 3389 3352 3350
f 3391 3352 3389
f 3354 3390 3351
f 3354 3392 3390
f 3391 3393 3352
f 3352 3393 3355
f 3355 3394 3356
f 3393 3394 3355
f 3356 3395 3357
f 3394 3395 3356
f 3354 3357 3392
f 3392 3357 3395
f 3398 3397 3396
f 3400 3399 3396
f 3396 3399 3398
f 3400 3401 3399
f 3404 3403 3402
f 3404 3402 3397
f 3397 3402 3396
f 3402 3358 3396
f 3358 3359 3396
f 3396 3359 3360
f 3396 3360 3400
f 3360 3361 3400
f 3361 3401 3400
f 3361 3405 3401
f 3402 3403 3364
f 3403 3363 3364
f 3403 3406 3363
f 3402 3364 3358
f 3366 3405 3361
f 3366 3407 3405
f 3406 3368 3363
f 3408 3368 3406
f 3366 3369 3409
f 3410 3366 3409
f 3407 3366 3410
f 3370 3409 3369
f 3408 3411 3368
f 3368 3411 3371
f 3372 3371 3411
f 3372 3411 3412
f 3410 3409 3374
f 3375 3410 3374
f 3413 3410 3375
f 3374 3409 3370
f 3415 3376 3414
f 3376 3412 3414
f 3376 3372 3412
f 3417 3416 3415
f 3417 3415 3414
f 3417 3413 3416
f 3413 3378 3416
f 3413 3375 3378
f 3415 3379 3376
f 3379 3415 3380
f 3380 3415 3416
f 3380 3416 3378
f 3419 3418 3383
f 3383 3418 3382
f 3420 3383 3384
f 3420 3419 3383
f 3421 3384 3385
f 3421 3420 3384
f 3385 3386 3421
f 3421 3386 3422
f 3418 3387 3382
f 3423 3387 3418
f 3388 3422 3386
f 3388 3424 3422
f 3423 3389 3387
f 3425 3389 3423
f 3390 3424 3388
f 3390 3426 3424
f 3428 3391 3427
f 3391 3425 3427
f 3391 3389 3425
f 3429 3428 3427
f 3392 3426 3390
f 3392 3430 3426
f 3428 3393 3391
f 3429 3431 3428
f 3431 3393 3428
f 3431 3394 3393
f 3394 3432 3395
f 3431 3432 3394
f 3392 3395 3430
f 3430 3395 3432
f 3435 3434 3433
f 3397 3398 3433
f 3398 3435 3433
f 3398 3436 3435
f 3437 3398 3399
f 3437 3436 3398
f 3399 3401 3437
f 3437 3401 3438
f 3433 3434 3404
f 3434 3403 3404
f 3434 3439 3403
f 3433 3404 3397
f 3405 3438 3401
f 3405 3440 3438
f 3439 3406 3403
f 3441 3406 3439
f 3407 3440 3405
f 3407 3442 3440
f 3441 3408 3406
f 3443 3408 3441
f 3410 3442 3407
f 3410 3444 3442
f 3443 3445 3408
f 3408 3445 3411
f 3412 3411 3445
f 3412 3445 3446
f 3413 3444 3410
f 3413 3447 3444
f 3446 3448 3412
f 3412 3448 3414
f 3414 3449 3417
f 3448 3449 3414
f 3413 3417 3447
f 3447 3417 3449
f 3450 3418 3419
f 3450 3419 3451
f 3419 3452 3451
f 3419 3420 3452
f 3453 3420 3421
f 3453 3452 3420
f 3421 3422 3453
f 3453 3422 3454
f 3456 3455 3450
f 3455 3418 3450
f 3455 3423 3418
f 3456 3450 3451
f 3424 3458 3457
f 3454 3424 3457
f 3422 3424 3454
f 3458 3459 3457
f 3455 3425 3423
f 3460 3425 3455
f 3426 3461 3458
f 3426 3458 3424
f 3459 3458 3462
f 3462 3458 3461
f 3460 3463 3425
f 3425 3463 3427
f 3429 3427 3463
f 3429 3463 3464
f 3466 3465 3461
f 3426 3466 3461
f 3430 3466 3426
f 3461 3465 3462
f 3464 3467 3429
f 3429 3467 3431
f 3431 3468 3432
f 3467 3468 3431
f 3430 3432 3466
f 3466 3432 3468
f 3470 3469 3435
f 3435 3469 3434
f 3471 3435 3436
f 3471 3470 3435
f 3472 3436 3437
f 3472 3471 3436
f 3437 3438 3472
f 3472 3438 3473
f 3469 3439 3434
f 3474 3439 3469
f 3440 3473 3438
f 3440 3475 3473
f 3474 3441 3439
f 3476 3441 3474
f 3442 3475 3440
f 3442 3477 3475
f 3476 3443 3441
f 3478 3443 3476
f 3444 3477 3442
f 3444 3479 3477
f 3478 3480 3443
f 3443 3480 3445
f 3446 3445 3480
f 3446 3480 3481
f 3484 3483 3482
f 3483 3479 3482
f 3479 3447 3482
f 3479 3444 3447
f 3481 3485 3446
f 3446 3485 3448
f 3482 3449 3484
f 3449 3485 3484
f 3449 3448 3485
f 3449 3482 3447
f 3487 3486 3452
f 3452 3486 3451
f 3488 3452 3453
f 3488 3487 3452
f 3453 3454 3488
f 3488 3454 3489
f 3490 3455 3456
f 3491 3490 3456
f 3451 3491 3456
f 3486 3491 3451
f 3492 3489 3454
f 3492 3454 3457
f 3457 3459 3492
f 3492 3459 3493
f 3494 3460 3490
f 3490 3460 3455
f 3490 3491 3495
f 3490 3495 3494
f 3462 3493 3459
f 3462 3496 3493
f 3494 3463 3460
f 3464 3463 3494
f 3495 3464 3494
f 3497 3464 3495
f 3499 3498 3465
f 3499 3465 3466
f 3462 3465 3496
f 3496 3465 3498
f 3497 3500 3464
f 3464 3500 3467
f 3467 3501 3468
f 3500 3501 3467
f 3466 3468 3499
f 3499 3468 3501
f 3504 3503 3502
f 3506 3505 3502
f 3502 3505 3504
f 3506 3507 3505
f 3502 3503 3470
f 3503 3469 3470
f 3503 3508 3469
f 3502 3470 3471
f 3502 3471 3506
f 3509 3507 3506
f 3471 3509 3506
f 3472 3509 3471
f 3472 3473 3509
f 3509 3473 3510
f 3508 3474 3469
f 3511 3474 3508
f 3475 3510 3473
f 3475 3512 3510
f 3511 3476 3474
f 3513 3476 3511
f 3477 3512 3475
f 3477 3514 3512
f 3513 3478 3476
f 3515 3478 3513
f 3479 3514 3477
f 3479 3516 3514
f 3515 3517 3478
f 3478 3517 3480
f 3519 3518 3481
f 3480 3519 3481
f 3517 3519 3480
f 3483 3484 3518
f 3519 3483 3518
f 3520 3483 3519
f 3479 3483 3516
f 3516 3483 3520
f 3518 3485 3481
f 3485 3518 3484
f 3522 3521 3487
f 3487 3521 3486
f 3523 3487 3488
f 3523 3522 3487
f 3525 3524 3489
f 3524 3488 3489
f 3524 3523 3488
f 3525 3526 3524
f 3521 3491 3486
f 3527 3491 3521
f 3492 3525 3489
f 3492 3493 3525
f 3493 3526 3525
f 3493 3528 3526
f 3527 3495 3491
f 3529 3495 3527
f 3496 3528 3493
f 3496 3530 3528
f 3529 3497 3495
f 3531 3497 3529
f 3499 3532 3498
f 3532 3533 3498
f 3533 3496 3498
f 3533 3530 3496
f 3531 3534 3497
f 3497 3534 3500
f 3500 3535 3501
f 3534 3535 3500
f 3499 3501 3532
f 3501 3536 3532
f 3501 3535 3536
f 3532 3536 3533
f 3538 3537 3504
f 3504 3537 3503
f 3539 3504 3505
f 3539 3538 3504
f 3505 3507 3539
f 3539 3507 3540
f 3537 3508 3503
f 3541 3508 3537
f 3542 3540 3507
f 3542 3507 3509
f 3509 3510 3542
f 3542 3510 3543
f 3541 3511 3508
f 3544 3511 3541
f 3512 3543 3510
f 3512 3545 3543
f 3544 3513 3511
f 3546 3513 3544
f 3514 3545 3512
f 3514 3547 3545
f 3546 3515 3513
f 3548 3515 3546
f 3551 3550 3549
f 3550 3547 3549
f 3547 3516 3549
f 3547 3514 3516
f 3548 3552 3515
f 3515 3552 3517
f 3517 3553 3519
f 3552 3553 3517
f 3549 3520 3551
f 3520 3553 3551
f 3520 3519 3553
f 3520 3549 3516
f 3555 3554 3522
f 3522 3554 3521
f 3556 3522 3523
f 3556 3555 3522
f 3557 3523 3524
f 3557 3556 3523
f 3524 3526 3557
f 3557 3526 3558
f 3554 3527 3521
f 3559 3527 3554
f 3528 3558 3526
f 3528 3560 3558
f 3559 3529 3527
f 3561 3529 3559
f 3530 3560 3528
f 3530 3562 3560
f 3561 3531 3529
f 3563 3531 3561
f 3533 3562 3530
f 3533 3564 3562
f 3563 3565 3531
f 3531 3565 3534
f 3534 3566 3535
f 3565 3566 3534
f 3535 3567 3536
f 3566 3567 3535
f 3533 3536 3564
f 3564 3536 3567
f 3569 3568 3538
f 3538 3568 3537
f 3570 3538 3539
f 3570 3569 3538
f 3539 3540 3570
f 3570 3540 3571
f 3568 3541 3537
f 3572 3541 3568
f 3573 3571 3540
f 3573 3540 3542
f 3542 3543 3573
f 3573 3543 3574
f 3572 3544 3541
f 3575 3544 3572
f 3545 3574 3543
f 3545 3576 3574
f 3575 3546 3544
f 3577 3546 3575
f 3580 3579 3578
f 3579 3576 3578
f 3576 3547 3578
f 3576 3545 3547
f 3577 3548 3546
f 3581 3548 3577
f 3580 3578 3550
f 3551 3580 3550
f 3582 3580 3551
f 3550 3578 3547
f 3581 3583 3548
f 3548 3583 3552
f 3552 3584 3553
f 3583 3584 3552
f 3551 3553 3582
f 3582 3553 3584
f 3586 3585 3555
f 3555 3585 3554
f 3587 3555 3556
f 3587 3586 3555
f 3588 3556 3557
f 3588 3587 3556
f 3557 3558 3588
f 3588 3558 3589
f 3585 3559 3554
f 3590 3559 3585
f 3560 3589 3558
f 3560 3591 3589
f 3590 3561 3559
f 3592 3561 3590
f 3562 3591 3560
f 3562 3593 3591
f 3592 3563 3561
f 3594 3563 3592
f 3564 3593 3562
f 3564 3595 3593
f 3594 3596 3563
f 3563 3596 3565
f 3565 3597 3566
f 3596 3597 3565
f 3566 3598 3567
f 3597 3598 3566
f 3564 3567 3595
f 3595 3567 3598
f 3600 3599 3569
f 3569 3599 3568
f 3601 3569 3570
f 3601 3600 3569
f 3570 3571 3601
f 3601 3571 3602
f 3599 3572 3568
f 3603 3572 3599
f 3571 3573 3604
f 3605 3571 3604
f 3602 3571 3605
f 3574 3604 3573
f 3603 3575 3572
f 3606 3575 3603
f 3607 3605 3604
f 3604 3574 3607
f 3574 3608 3607
f 3574 3576 3608
f 3606 3577 3575
f 3609 3577 3606
f 3611 3610 3579
f 3611 3579 3580
f 3576 3579 3608
f 3608 3579 3610
f 3613 3581 3612
f 3581 3609 3612
f 3581 3577 3609
f 3614 3613 3612
f 3582 3611 3580
f 3582 3615 3611
f 3613 3583 3581
f 3614 3616 3613
f 3616 3583 3613
f 3616 3584 3583
f 3582 3584 3615
f 3615 3584 3616
f 3617 3585 3586
f 3617 3586 3618
f 3586 3619 3618
f 3586 3587 3619
f 3620 3587 3588
f 3620 3619 3587
f 3588 3589 3620
f 3620 3589 3621
f 3623 3622 3617
f 3622 3585 3617
f 3622 3590 3585
f 3623 3617 3618
f 3591 3621 3589
f 3591 3624 3621
f 3622 3592 3590
f 3625 3592 3622
f 3593 3624 3591
f 3593 3626 3624
f 3628 3594 3627
f 3594 3625 3627
f 3594 3592 3625
f 3629 3628 3627
f 3595 3626 3593
f 3595 3630 3626
f 3628 3596 3594
f 3629 3631 3628
f 3631 3596 3628
f 3631 3597 3596
f 3597 3632 3598
f 3631 3632 3597
f 3595 3598 3630
f 3630 3598 3632
f 3634 3633 3600
f 3600 3633 3599
f 3635 3600 3601
f 3635 3634 3600
f 3601 3602 3635
f 3635 3602 3636
f 3633 3603 3599
f 3637 3603 3633
f 3605 3636 3602
f 3605 3638 3636
f 3637 3606 3603
f 3639 3606 3637
f 3605 3607 3640
f 3641 3605 3640
f 3638 3605 3641
f 3608 3640 3607
f 3639 3609 3606
f 3642 3609 3639
f 3641 3640 3610
f 3611 3641 3610
f 3643 3641 3611
f 3610 3640 3608
f 3642 3644 3609
f 3609 3644 3612
f 3646 3645 3614
f 3612 3646 3614
f 3644 3646 3612
f 3646 3643 3645
f 3643 3615 3645
f 3643 3611 3615
f 3645 3616 3614
f 3616 3645 3615
f 3648 3647 3619
f 3619 3647 3618
f 3649 3619 3620
f 3649 3648 3619
f 3620 3621 3649
f 3649 3621 3650
f 3652 3651 3623
f 3623 3651 3622
f 3623 3618 3647
f 3623 3647 3652
f 3624 3650 3621
f 3624 3653 3650
f 3651 3625 3622
f 3654 3625 3651
f 3626 3653 3624
f 3626 3655 3653
f 3654 3656 3625
f 3625 3656 3627
f 3629 3627 3656
f 3629 3656 3657
f 3630 3655 3626
f 3630 3658 3655
f 3657 3659 3629
f 3629 3659 3631
f 3631 3660 3632
f 3659 3660 3631
f 3630 3632 3658
f 3658 3632 3660
f 3662 3661 3634
f 3634 3661 3633
f 3663 3634 3635
f 3663 3662 3634
f 3635 3636 3663
f 3663 3636 3664
f 3661 3637 3633
f 3665 3637 3661
f 3638 3664 3636
f 3638 3666 3664
f 3665 3639 3637
f 3667 3639 3665
f 3641 3666 3638
f 3641 3668 3666
f 3667 3642 3639
f 3669 3642 3667
f 3643 3668 3641
f 3643 3670 3668
f 3669 3671 3642
f 3642 3671 3644
f 3644 3672 3646
f 3671 3672 3644
f 3643 3646 3670
f 3670 3646 3672
f 3674 3673 3648
f 3648 3673 3647
f 3675 3648 3649
f 3675 3674 3648
f 3649 3650 3675
f 3675 3650 3676
f 3677 3651 3652
f 3678 3677 3652
f 3647 3678 3652
f 3673 3678 3647
f 3653 3676 3650
f 3653 3679 3676
f 3680 3654 3677
f 3677 3654 3651
f 3677 3678 3681
f 3677 3681 3680
f 3655 3679 3653
f 3655 3682 3679
f 3680 3656 3654
f 3657 3656 3680
f 3681 3657 3680
f 3683 3657 3681
f 3658 3682 3655
f 3658 3684 3682
f 3683 3685 3657
f 3657 3685 3659
f 3659 3686 3660
f 3685 3686 3659
f 3658 3660 3684
f 3684 3660 3686
f 3688 3687 3662
f 3662 3687 3661
f 3689 3662 3663
f 3689 3688 3662
f 3663 3664 3689
f 3689 3664 3690
f 3687 3665 3661
f 3691 3665 3687
f 3666 3690 3664
f 3666 3692 3690
f 3691 3667 3665
f 3693 3667 3691
f 3668 3692 3666
f 3668 3694 3692
f 3693 3669 3667
f 3695 3669 3693
f 3670 3694 3668
f 3670 3696 3694
f 3695 3697 3669
f 3669 3697 3671
f 3671 3698 3672
f 3697 3698 3671
f 3670 3672 3696
f 3696 3672 3698
f 3700 3699 3674
f 3674 3699 3673
f 3701 3674 3675
f 3701 3700 3674
f 3675 3676 3701
f 3701 3676 3702
f 3699 3678 3673
f 3703 3678 3699
f 3679 3705 3704
f 3702 3679 3704
f 3676 3679 3702
f 3705 3706 3704
f 3703 3681 3678
f 3707 3681 3703
f 3682 3708 3705
f 3682 3705 3679
f 3706 3705 3709
f 3709 3705 3708
f 3707 3683 3681
f 3710 3683 3707
f 3712 3711 3708
f 3682 3712 3708
f 3684 3712 3682
f 3708 3711 3709
f 3710 3713 3683
f 3683 3713 3685
f 3685 3714 3686
f 3713 3714 3685
f 3684 3686 3712
f 3712 3686 3714
f 3717 3716 3715
f 3719 3718 3715
f 3715 3718 3717
f 3719 3720 3718
f 3715 3716 3688
f 3716 3687 3688
f 3716 3721 3687
f 3715 3688 3689
f 3715 3689 3719
f 3689 3690 3719
f 3690 3720 3719
f 3690 3722 3720
f 3721 3691 3687
f 3723 3691 3721
f 3692 3722 3690
f 3692 3724 3722
f 3723 3693 3691
f 3725 3693 3723
f 3694 3724 3692
f 3694 3726 3724
f 3725 3695 3693
f 3727 3695 3725
f 3696 3726 3694
f 3696 3728 3726
f 3727 3729 3695
f 3695 3729 3697
f 3697 3730 3698
f 3729 3730 3697
f 3696 3698 3728
f 3728 3698 3730
f 3732 3731 3700
f 3700 3731 3699
f 3733 3700 3701
f 3733 3732 3700
f 3735 3734 3702
f 3734 3701 3702
f 3734 3733 3701
f 3735 3736 3734
f 3731 3703 3699
f 3737 3703 3731
f 3704 3735 3702
f 3704 3706 3735
f 3706 3736 3735
f 3706 3738 3736
f 3737 3707 3703
f 3739 3707 3737
f 3709 3738 3706
f 3709 3740 3738
f 3739 3710 3707
f 3741 3710 3739
f 3712 3742 3711
f 3742 3743 3711
f 3743 3709 3711
f 3743 3740 3709
f 3741 3744 3710
f 3710 3744 3713
f 3713 3745 3714
f 3744 3745 3713
f 3712 3714 3742
f 3714 3746 3742
f 3714 3745 3746
f 3742 3746 3743
f 3748 3747 3717
f 3717 3747 3716
f 3749 3717 3718
f 3749 3748 3717
f 3718 3720 3749
f 3749 3720 3750
f 3747 3721 3716
f 3751 3721 3747
f 3722 3750 3720
f 3722 3752 3750
f 3751 3723 3721
f 3753 3723 3751
f 3724 3752 3722
f 3724 3754 3752
f 3753 3725 3723
f 3755 3725 3753
f 3726 3754 3724
f 3726 3756 3754
f 3755 3727 3725
f 3757 3727 3755
f 3728 3756 3726
f 3728 3758 3756
f 3757 3759 3727
f 3727 3759 3729
f 3729 3760 3730
f 3759 3760 3729
f 3728 3730 3758
f 3758 3730 3760
f 3762 3761 3732
f 3732 3761 3731
f 3763 3732 3733
f 3763 3762 3732
f 3764 3733 3734
f 3764 3763 3733
f 3734 3736 3764
f 3764 3736 3765
f 3761 3737 3731
f 3766 3737 3761
f 3738 3765 3736
f 3738 3767 3765
f 3766 3739 3737
f 3768 3739 3766
f 3740 3767 3738
f 3740 3769 3767
f 3768 3741 3739
f 3770 3741 3768
f 3743 3769 3740
f 3743 3771 3769
f 3770 3772 3741
f 3741 3772 3744
f 3744 3773 3745
f 3772 3773 3744
f 3745 3774 3746
f 3773 3774 3745
f 3743 3746 3771
f 3771 3746 3774
f 3776 3775 3748
f 3748 3775 3747
f 3777 3748 3749
f 3777 3776 3748
f 3749 3750 3777
f 3777 3750 3778
f 3775 3751 3747
f 3779 3751 3775
f 3752 3778 3750
f 3752 3780 3778
f 3779 3753 3751
f 3781 3753 3779
f 3754 3780 3752
f 3754 3782 3780
f 3781 3755 3753
f 3783 3755 3781
f 3756 3782 3754
f 3756 3784 3782
f 3783 3757 3755
f 3785 3757 3783
f 3758 3784 3756
f 3758 3786 3784
f 3785 3787 3757
f 3757 3787 3759
f 3759 3788 3760
f 3787 3788 3759
f 3758 3760 3786
f 3786 3760 3788
f 3790 3789 3762
f 3762 3789 3761
f 3791 3762 3763
f 3791 3790 3762
f 3792 3763 3764
f 3792 3791 3763
f 3764 3765 3792
f 3792 3765 3793
f 3789 3766 3761
f 3794 3766 3789
f 3767 3793 3765
f 3767 3795 3793
f 3794 3768 3766
f 3796 3768 3794
f 3769 3795 3767
f 3769 3797 3795
f 3796 3770 3768
f 3798 3770 3796
f 3771 3797 3769
f 3771 3799 3797
f 3798 3800 3770
f 3770 3800 3772
f 3772 3801 3773
f 3800 3801 3772
f 3773 3802 3774
f 3801 3802 3773
f 3771 3774 3799
f 3799 3774 3802
f 3804 3803 3776
f 3776 3803 3775
f 3805 3776 3777
f 3805 3804 3776
f 3777 3778 3805
f 3805 3778 3806
f 3803 3779 3775
f 3807 3779 3803
f 3780 3806 3778
f 3780 3808 3806
f 3807 3781 3779
f 3809 3781 3807
f 3782 3808 3780
f 3782 3810 3808
f 3809 3783 3781
f 3811 3783 3809
f 3784 3810 3782
f 3784 3812 3810
f 3811 3785 3783
f 3813 3785 3811
f 3786 3812 3784
f 3786 3814 3812
f 3813 3815 3785
f 3785 3815 3787
f 3787 3816 3788
f 3815 3816 3787
f 3786 3788 3814
f 3814 3788 3816
f 3817 3789 3790
f 3817 3790 3818
f 3790 3819 3818
f 3790 3791 3819
f 3820 3791 3792
f 3820 3819 3791
f 3792 3793 3820
f 3820 3793 3821
f 3823 3822 3817
f 3822 3789 3817
f 3822 3794 3789
f 3823 3817 3818
f 3795 3821 3793
f 3795 3824 3821
f 3822 3796 3794
f 3825 3796 3822
f 3797 3824 3795
f 3797 3826 3824
f 3828 3798 3827
f 3798 3825 3827
f 3798 3796 3825
f 3829 3828 3827
f 3799 3826 3797
f 3799 3830 3826
f 3828 3800 3798
f 3829 3831 3828
f 3831 3800 3828
f 3831 3801 3800
f 3801 3832 3802
f 3831 3832 3801
f 3799 3802 3830
f 3830 3802 3832
f 3834 3833 3804
f 3804 3833 3803
f 3835 3804 3805
f 3835 3834 3804
f 3805 3806 3835
f 3835 3806 3836
f 3833 3807 3803
f 3837 3807 3833
f 3808 3836 3806
f 3808 3838 3836
f 3837 3809 3807
f 3839 3809 3837
f 3810 3838 3808
f 3810 3840 3838
f 3839 3811 3809
f 3841 3811 3839
f 3812 3840 3810
f 3812 3842 3840
f 3844 3813 3843
f 3813 3841 3843
f 3813 3811 3841
f 3846 3845 3844
f 3846 3844 3843
f 3846 3842 3845
f 3842 3814 3845
f 3842 3812 3814
f 3844 3815 3813
f 3815 3844 3816
f 3816 3844 3845
f 3816 3845 3814
f 3848 3847 3819
f 3819 3847 3818
f 3849 3819 3820
f 3849 3848 3819
f 3820 3821 3849
f 3849 3821 3850
f 3851 3822 3823
f 3852 3851 3823
f 3818 3852 3823
f 3847 3852 3818
f 3824 3854 3853
f 3850 3824 3853
f 3821 3824 3850
f 3854 3855 3853
f 3856 3825 3851
f 3851 3825 3822
f 3851 3852 3857
f 3851 3857 3856
f 3826 3858 3854
f 3826 3854 3824
f 3855 3854 3859
f 3859 3854 3858
f 3856 3827 3825
f 3829 3827 3856
f 3857 3829 3856
f 3860 3829 3857
f 3862 3861 3858
f 3826 3862 3858
f 3830 3862 3826
f 3858 3861 3859
f 3860 3863 3829
f 3829 3863 3831
f 3831 3864 3832
f 3863 3864 3831
f 3830 3832 3862
f 3862 3832 3864
f 3866 3865 3834
f 3834 3865 3833
f 3867 3834 3835
f 3867 3866 3834
f 3835 3836 3867
f 3867 3836 3868
f 3865 3837 3833
f 3869 3837 3865
f 3838 3868 3836
f 3838 3870 3868
f 3869 3839 3837
f 3871 3839 3869
f 3840 3870 3838
f 3840 3872 3870
f 3871 3841 3839
f 3873 3841 3871
f 3842 3872 3840
f 3842 3874 3872
f 3873 3875 3841
f 3841 3875 3843
f 3843 3876 3846
f 3875 3876 3843
f 3842 3846 3874
f 3874 3846 3876
f 3878 3877 3848
f 3848 3877 3847
f 3879 3848 3849
f 3879 3878 3848
f 3881 3880 3850
f 3880 3849 3850
f 3880 3879 3849
f 3881 3882 3880
f 3877 3852 3847
f 3883 3852 3877
f 3853 3881 3850
f 3853 3855 3881
f 3855 3882 3881
f 3855 3884 3882
f 3883 3857 3852
f 3885 3857 3883
f 3859 3884 3855
f 3859 3886 3884
f 3885 3860 3857
f 3887 3860 3885
f 3862 3888 3861
f 3888 3889 3861
f 3889 3859 3861
f 3889 3886 3859
f 3887 3890 3860
f 3860 3890 3863
f 3863 3891 3864
f 3890 3891 3863
f 3862 3864 3888
f 3864 3892 3888
f 3864 3891 3892
f 3888 3892 3889
f 3895 3894 3893
f 3897 3896 3893
f 3893 3896 3895
f 3897 3898 3896
f 3893 3894 3866
f 3894 3865 3866
f 3894 3899 3865
f 3893 3866 3867
f 3893 3867 3897
f 3867 3868 3897
f 3868 3898 3897
f 3868 3900 3898
f 3899 3869 3865
f 3901 3869 3899
f 3870 3900 3868
f 3870 3902 3900
f 3901 3871 3869
f 3903 3871 3901
f 3872 3902 3870
f 3872 3904 3902
f 3903 3873 3871
f 3905 3873 3903
f 3874 3904 3872
f 3874 3906 3904
f 3905 3907 3873
f 3873 3907 3875
f 3875 3908 3876
f 3907 3908 3875
f 3874 3876 3906
f 3906 3876 3908
f 3910 3909 3878
f 3878 3909 3877
f 3911 3878 3879
f 3911 3910 3878
f 3912 3879 3880
f 3912 3911 3879
f 3880 3882 3912
f 3912 3882 3913
f 3909 3883 3877
f 3914 3883 3909
f 3884 3913 3882
f 3884 3915 3913
f 3914 3885 3883
f 3916 3885 3914
f 3886 3915 3884
f 3886 3917 3915
f 3916 3887 3885
f 3918 3887 3916
f 3889 3917 3886
f 3889 3919 3917
f 3918 3920 3887
f 3887 3920 3890
f 3920 3922 3921
f 3891 3920 3921
f 3890 3920 3891
f 3891 3921 3923
f 3924 3891 3923
f 3892 3891 3924
f 3889 3892 3919
f 3919 3892 3924
f 3922 3925 3921
f 3921 3925 3923
f 3927 3926 3895
f 3895 3926 3894
f 3928 3895 3896
f 3928 3927 3895
f 3896 3898 3928
f 3928 3898 3929
f 3926 3899 3894
f 3930 3899 3926
f 3900 3929 3898
f 3900 3931 3929
f 3930 3901 3899
f 3932 3901 3930
f 3902 3931 3900
f 3902 3933 3931
f 3932 3903 3901
f 3934 3903 3932
f 3904 3933 3902
f 3904 3935 3933
f 3934 3905 3903
f 3936 3905 3934
f 3906 3935 3904
f 3906 3937 3935
f 3936 3938 3905
f 3905 3938 3907
f 3907 3939 3908
f 3938 3939 3907
f 3906 3908 3937
f 3937 3908 3939
f 3940 3909 3910
f 3940 3910 3941
f 3910 3942 3941
f 3910 3911 3942
f 3943 3911 3912
f 3943 3942 3911
f 3912 3913 3943
f 3943 3913 3944
f 3946 3945 3940
f 3945 3909 3940
f 3945 3914 3909
f 3946 3940 3941
f 3915 3944 3913
f 3915 3947 3944
f 3945 3916 3914
f 3948 3916 3945
f 3917 3947 3915
f 3917 3949 3947
f 3948 3918 3916
f 3950 3918 3948
f 3919 3949 3917
f 3919 3951 3949
f 3950 3952 3918
f 3918 3952 3920
f 3922 3920 3952
f 3922 3952 3953
f 3955 3954 3924
f 3955 3924 3923
f 3919 3924 3951
f 3951 3924 3954
f 3953 3956 3922
f 3922 3956 3925
f 3923 3925 3955
f 3955 3925 3956
f 3958 3957 3927
f 3927 3957 3926
f 3959 3927 3928
f 3959 3958 3927
f 3928 3929 3959
f 3959 3929 3960
f 3957 3930 3926
f 3961 3930 3957
f 3931 3960 3929
f 3931 3962 3960
f 3961 3932 3930
f 3963 3932 3961
f 3933 3962 3931
f 3933 3964 3962
f 3963 3934 3932
f 3965 3934 3963
f 3935 3964 3933
f 3935 3966 3964
f 3965 3936 3934
f 3967 3936 3965
f 3937 3966 3935
f 3937 3968 3966
f 3967 3969 3936
f 3936 3969 3938
f 3938 3970 3939
f 3969 3970 3938
f 3937 3939 3968
f 3968 3939 3970
f 3972 3971 3942
f 3942 3971 3941
f 3973 3942 3943
f 3973 3972 3942
f 3943 3944 3973
f 3973 3944 3974
f 3976 3975 3946
f 3946 3975 3945
f 3946 3941 3971
f 3946 3971 3976
f 3947 3978 3977
f 3974 3947 3977
f 3944 3947 3974
f 3978 3979 3977
f 3975 3948 3945
f 3980 3948 3975
f 3949 3981 3978
f 3949 3978 3947
f 3979 3978 3982
f 3982 3978 3981
f 3984 3950 3983
f 3950 3980 3983
f 3950 3948 3980
f 3985 3984 3983
f 3987 3986 3981
f 3949 3987 3981
f 3951 3987 3949
f 3981 3986 3982
f 3984 3952 3950
f 3953 3952 3984
f 3985 3953 3984
f 3988 3953 3985
f 3955 3989 3954
f 3989 3990 3954
f 3990 3951 3954
f 3990 3987 3951
f 3988 3991 3953
f 3953 3991 3956
f 3955 3956 3989
f 3956 3992 3989
f 3956 3991 3992
f 3989 3992 3990
f 3994 3993 3958
f 3958 3993 3957
f 3995 3958 3959
f 3995 3994 3958
f 3959 3960 3995
f 3995 3960 3996
f 3993 3961 3957
f 3997 3961 3993
f 3962 3996 3960
f 3962 3998 3996
f 3997 3963 3961
f 3999 3963 3997
f 3964 3998 3962
f 3964 4000 3998
f 3999 3965 3963
f 4001 3965 3999
f 3966 4000 3964
f 3966 4002 4000
f 4004 3967 4003
f 3967 4001 4003
f 3967 3965 4001
f 4006 4005 4004
f 4006 4004 4003
f 4006 4002 4005
f 4002 3968 4005
f 4002 3966 3968
f 4004 3969 3967
f 3969 4004 3970
f 3970 4004 4005
f 3970 4005 3968
f 4008 4007 3972
f 3972 4007 3971
f 4009 3972 3973
f 4009 4008 3972
f 3973 3974 4009
f 4009 3974 4010
f 4011 3975 3976
f 4012 4011 3976
f 3971 4012 3976
f 4007 4012 3971
f 4013 4010 3974
f 4013 3974 3977
f 3977 3979 4013
f 4013 3979 4014
f 4015 3980 4011
f 4011 3980 3975
f 4011 4012 4016
f 4011 4016 4015
f 3982 4014 3979
f 3982 4017 4014
f 4015 3983 3980
f 3985 3983 4015
f 4016 3985 4015
f 4018 3985 4016
f 3987 4019 3986
f 4019 4020 3986
f 4020 3982 3986
f 4020 4017 3982
f 4018 3988 3985
f 4021 3988 4018
f 4023 4022 4019
f 3987 4023 4019
f 3990 4023 3987
f 4019 4022 4020
f 4021 4024 3988
f 3988 4024 3991
f 3991 4025 3992
f 4024 4025 3991
f 3990 3992 4023
f 4023 3992 4025
f 4027 4026 3994
f 3994 4026 3993
f 4028 3994 3995
f 4028 4027 3994
f 3995 3996 4028
f 4028 3996 4029
f 4026 3997 3993
f 4030 3997 4026
f 3998 4029 3996
f 3998 4031 4029
f 4030 3999 3997
f 4032 3999 4030
f 4000 4031 3998
f 4000 4033 4031
f 4032 4001 3999
f 4034 4001 4032
f 4002 4033 4000
f 4002 4035 4033
f 4034 4036 4001
f 4001 4036 4003
f 4003 4037 4006
f 4036 4037 4003
f 4002 4006 4035
f 4035 4006 4037
f 4039 4038 4008
f 4008 4038 4007
f 4040 4008 4009
f 4040 4039 4008
f 4009 4010 4040
f 4040 4010 4041
f 4038 4012 4007
f 4042 4012 4038
f 4043 4041 4010
f 4043 4010 4013
f 4013 4014 4043
f 4043 4014 4044
f 4042 4016 4012
f 4045 4016 4042
f 4017 4044 4014
f 4017 4046 4044
f 4045 4018 4016
f 4047 4018 4045
f 4020 4046 4017
f 4020 4048 4046
f 4050 4021 4049
f 4021 4047 4049
f 4021 4018 4047
f 4051 4050 4049
f 4053 4052 4022
f 4053 4022 4023
f 4020 4022 4048
f 4048 4022 4052
f 4050 4024 4021
f 4051 4054 4050
f 4054 4024 4050
f 4054 4025 4024
f 4023 4025 4053
f 4053 4025 4054
f 4057 4056 4055
f 4059 4058 4055
f 4055 4058 4057
f 4059 4060 4058
f 4055 4056 4027
f 4056 4026 4027
f 4056 4061 4026
f 4055 4027 4028
f 4055 4028 4059
f 4028 4029 4059
f 4029 4060 4059
f 4029 4062 4060
f 4061 4030 4026
f 4063 4030 4061
f 4031 4062 4029
f 4031 4064 4062
f 4063 4032 4030
f 4065 4032 4063
f 4033 4064 4031
f 4033 4066 4064
f 4065 4034 4032
f 4067 4034 4065
f 4035 4066 4033
f 4035 4068 4066
f 4067 4069 4034
f 4034 4069 4036
f 4036 4070 4037
f 4069 4070 4036
f 4035 4037 4068
f 4068 4037 4070
f 4071 4038 4039
f 4071 4039 4072
f 4039 4073 4072
f 4039 4040 4073
f 4075 4074 4041
f 4074 4040 4041
f 4074 4073 4040
f 4075 4076 4074
f 4078 4077 4071
f 4077 4038 4071
f 4077 4042 4038
f 4078 4071 4072
f 4043 4075 4041
f 4043 4044 4075
f 4044 4076 4075
f 4044 4079 4076
f 4077 4045 4042
f 4080 4045 4077
f 4046 4079 4044
f 4046 4081 4079
f 4080 4047 4045
f 4082 4047 4080
f 4048 4081 4046
f 4048 4083 4081
f 4082 4084 4047
f 4047 4084 4049
f 4051 4049 4084
f 4051 4084 4085
f 4053 4086 4052
f 4086 4087 4052
f 4087 4048 4052
f 4087 4083 4048
f 4085 4088 4051
f 4051 4088 4054
f 4053 4054 4086
f 4054 4089 4086
f 4054 4088 4089
f 4086 4089 4087
f 4091 4090 4057
f 4057 4090 4056
f 4092 4057 4058
f 4092 4091 4057
f 4058 4060 4092
f 4092 4060 4093
f 4090 4061 4056
f 4094 4061 4090
f 4062 4093 4060
f 4062 4095 4093
f 4094 4063 4061
f 4096 4063 4094
f 4064 4095 4062
f 4064 4097 4095
f 4096 4065 4063
f 4098 4065 4096
f 4066 4097 4064
f 4066 4099 4097
f 4098 4067 4065
f 4100 4067 4098
f 4068 4099 4066
f 4068 4101 4099
f 4100 4102 4067
f 4067 4102 4069
f 4069 4103 4070
f 4102 4103 4069
f 4068 4070 4101
f 4101 4070 4103
f 4105 4104 4073
f 4073 4104 4072
f 4106 4073 4074
f 4106 4105 4073
f 4074 4076 4106
f 4106 4076 4107
f 4109 4108 4078
f 4078 4108 4077
f 4078 4072 4104
f 4078 4104 4109
f 4079 4107 4076
f 4079 4110 4107
f 4108 4080 4077
f 4111 4080 4108
f 4081 4113 4112
f 4110 4081 4112
f 4079 4081 4110
f 4113 4114 4112
f 4111 4082 4080
f 4115 4082 4111
f 4117 4116 4113
f 4081 4117 4113
f 4083 4117 4081
f 4113 4116 4114
f 4115 4118 4082
f 4082 4118 4084
f 4085 4084 4118
f 4085 4118 4119
f 4087 4117 4083
f 4087 4120 4117
f 4119 4121 4085
f 4085 4121 4088
f 4088 4122 4089
f 4121 4122 4088
f 4087 4089 4120
f 4120 4089 4122
f 4124 4123 4091
f 4091 4123 4090
f 4125 4091 4092
f 4125 4124 4091
f 4092 4093 4125
f 4125 4093 4126
f 4123 4094 4090
f 4127 4094 4123
f 4095 4126 4093
f 4095 4128 4126
f 4127 4096 4094
f 4129 4096 4127
f 4097 4128 4095
f 4097 4130 4128
f 4129 4098 4096
f 4131 4098 4129
f 4099 4130 4097
f 4099 4132 4130
f 4131 4100 4098
f 4133 4100 4131
f 4101 4132 4099
f 4101 4134 4132
f 4133 4135 4100
f 4100 4135 4102
f 4102 4136 4103
f 4135 4136 4102
f 4101 4103 4134
f 4134 4103 4136
f 4138 4137 4105
f 4105 4137 4104
f 4139 4105 4106
f 4139 4138 4105
f 4106 4107 4139
f 4139 4107 4140
f 4141 4108 4109
f 4142 4141 4109
f 4104 4142 4109
f 4137 4142 4104
f 4110 4144 4143
f 4140 4110 4143
f 4107 4110 4140
f 4144 4145 4143
f 4146 4111 4141
f 4141 4111 4108
f 4141 4142 4147
f 4141 4147 4146
f 4112 4144 4110
f 4112 4114 4144
f 4114 4145 4144
f 4114 4148 4145
f 4149 4115 4146
f 4146 4115 4111
f 4146 4147 4150
f 4146 4150 4149
f 4117 4151 4116
f 4151 4152 4116
f 4152 4114 4116
f 4152 4148 4114
f 4149 4118 4115
f 4119 4118 4149
f 4150 4119 4149
f 4153 4119 4150
f 4155 4154 4151
f 4117 4155 4151
f 4120 4155 4117
f 4151 4154 4152
f 4153 4156 4119
f 4119 4156 4121
f 4121 4157 4122
f 4156 4157 4121
f 4120 4122 4155
f 4155 4122 4157
f 4159 4158 4124
f 4124 4158 4123
f 4160 4124 4125
f 4160 4159 4124
f 4125 4126 4160
f 4160 4126 4161
f 4158 4127 4123
f 4162 4127 4158
f 4128 4161 4126
f 4128 4163 4161
f 4162 4129 4127
f 4164 4129 4162
f 4130 4163 4128
f 4130 4165 4163
f 4164 4131 4129
f 4166 4131 4164
f 4132 4165 4130
f 4132 4167 4165
f 4166 4133 4131
f 4168 4133 4166
f 4134 4167 4132
f 4134 4169 4167
f 4168 4170 4133
f 4133 4170 4135
f 4135 4171 4136
f 4170 4171 4135
f 4134 4136 4169
f 4169 4136 4171
f 4172 4137 4138
f 4172 4138 4173
f 4138 4174 4173
f 4138 4139 4174
f 4139 4140 4174
f 4174 4140 4175
f 4177 4176 4172
f 4176 4137 4172
f 4176 4142 4137
f 4177 4172 4173
f 4178 4175 4140
f 4178 4140 4143
f 4143 4145 4178
f 4178 4145 4179
f 4176 4147 4142
f 4180 4147 4176
f 4148 4179 4145
f 4148 4181 4179
f 4180 4150 4147
f 4182 4150 4180
f 4152 4181 4148
f 4152 4183 4181
f 4182 4153 4150
f 4184 4153 4182
f 4155 4185 4154
f 4185 4186 4154
f 4186 4152 4154
f 4186 4183 4152
f 4184 4187 4153
f 4153 4187 4156
f 4156 4188 4157
f 4187 4188 4156
f 4155 4157 4185
f 4157 4189 4185
f 4157 4188 4189
f 4185 4189 4186
f 4191 4190 4159
f 4159 4190 4158
f 4192 4159 4160
f 4192 4191 4159
f 4160 4161 4192
f 4192 4161 4193
f 4190 4162 4158
f 4194 4162 4190
f 4163 4193 4161
f 4163 4195 4193
f 4194 4164 4162
f 4196 4164 4194
f 4165 4195 4163
f 4165 4197 4195
f 4196 4166 4164
f 4198 4166 4196
f 4167 4197 4165
f 4167 4199 4197
f 4201 4168 4200
f 4168 4198 4200
f 4168 4166 4198
f 4203 4202 4201
f 4203 4201 4200
f 4203 4199 4202
f 4199 4169 4202
f 4199 4167 4169
f 4201 4170 4168
f 4170 4201 4171
f 4171 4201 4202
f 4171 4202 4169
f 4205 4204 4174
f 4174 4204 4173
f 4174 4175 4205
f 4205 4175 4206
f 4208 4207 4177
f 4177 4207 4176
f 4177 4173 4204
f 4177 4204 4208
f 4209 4206 4175
f 4209 4175 4178
f 4178 4179 4209
f 4209 4179 4210
f 4207 4180 4176
f 4211 4180 4207
f 4181 4210 4179
f 4181 4212 4210
f 4211 4182 4180
f 4213 4182 4211
f 4183 4212 4181
f 4183 4214 4212
f 4216 4184 4215
f 4184 4213 4215
f 4184 4182 4213
f 4217 4216 4215
f 4186 4214 4183
f 4186 4218 4214
f 4216 4187 4184
f 4217 4219 4216
f 4219 4187 4216
f 4219 4188 4187
f 4188 4220 4189
f 4219 4220 4188
f 4186 4189 4218
f 4218 4189 4220
f 4222 4221 4191
f 4191 4221 4190
f 4223 4191 4192
f 4223 4222 4191
f 4192 4193 4223
f 4223 4193 4224
f 4221 4194 4190
f 4225 4194 4221
f 4195 4224 4193
f 4195 4226 4224
f 4225 4196 4194
f 4227 4196 4225
f 4197 4226 4195
f 4197 4228 4226
f 4227 4198 4196
f 4229 4198 4227
f 4199 4228 4197
f 4199 4230 4228
f 4229 4231 4198
f 4198 4231 4200
f 4200 4232 4203
f 4231 4232 4200
f 4199 4203 4230
f 4230 4203 4232
f 4234 4233 4205
f 4205 4233 4204
f 4205 4206 4234
f 4234 4206 4235
f 4237 4236 4208
f 4208 4236 4207
f 4208 4204 4233
f 4208 4233 4237
f 4238 4235 4206
f 4238 4206 4209
f 4209 4210 4238
f 4238 4210 4239
f 4236 4211 4207
f 4240 4211 4236
f 4212 4239 4210
f 4212 4241 4239
f 4240 4213 4211
f 4242 4213 4240
f 4214 4241 4212
f 4214 4243 4241
f 4242 4244 4213
f 4213 4244 4215
f 4217 4215 4244
f 4217 4244 4245
f 4218 4243 4214
f 4218 4246 4243
f 4245 4247 4217
f 4217 4247 4219
f 4219 4248 4220
f 4247 4248 4219
f 4218 4220 4246
f 4246 4220 4248
f 4250 4249 4222
f 4222 4249 4221
f 4251 4222 4223
f 4251 4250 4222
f 4223 4224 4251
f 4251 4224 4252
f 4249 4225 4221
f 4253 4225 4249
f 4226 4252 4224
f 4226 4254 4252
f 4253 4227 4225
f 4255 4227 4253
f 4228 4254 4226
f 4228 4256 4254
f 4255 4229 4227
f 4257 4229 4255
f 4230 4256 4228
f 4230 4258 4256
f 4257 4259 4229
f 4229 4259 4231
f 4231 4260 4232
f 4259 4260 4231
f 4230 4232 4258
f 4258 4232 4260
f 4261 4233 4234
f 4235 4261 4234
f 4262 4236 4237
f 4263 4262 4237
f 4263 4237 4233
f 4264 4263 4233
f 4261 4264 4233
f 4264 4261 4235
f 4238 4264 4235
f 4265 4264 4238
f 4267 4266 4239
f 4266 4238 4239
f 4266 4265 4238
f 4267 4268 4266
f 4269 4240 4262
f 4262 4240 4236
f 4262 4263 4270
f 4262 4270 4269
f 4241 4271 4267
f 4241 4267 4239
f 4268 4267 4272
f 4272 4267 4271
f 4273 4242 4269
f 4269 4242 4240
f 4269 4270 4274
f 4269 4274 4273
f 4243 4275 4271
f 4243 4271 4241
f 4272 4271 4276
f 4276 4271 4275
f 4273 4244 4242
f 4245 4244 4273
f 4274 4245 4273
f 4277 4245 4274
f 4279 4278 4275
f 4243 4279 4275
f 4246 4279 4243
f 4275 4278 4276
f 4277 4280 4245
f 4245 4280 4247
f 4247 4281 4248
f 4280 4281 4247
f 4246 4248 4279
f 4279 4248 4281
f 4284 4283 4282
f 4286 4285 4282
f 4282 4285 4284
f 4286 4287 4285
f 4282 4283 4250
f 4283 4249 4250
f 4283 4288 4249
f 4282 4250 4251
f 4282 4251 4286
f 4251 4252 4286
f 4252 4287 4286
f 4252 4289 4287
f 4288 4253 4249
f 4290 4253 4288
f 4254 4289 4252
f 4254 4291 4289
f 4290 4255 4253
f 4292 4255 4290
f 4256 4291 4254
f 4256 4293 4291
f 4292 4257 4255
f 4294 4257 4292
f 4258 4293 4256
f 4258 4295 4293
f 4294 4296 4257
f 4257 4296 4259
f 4259 4297 4260
f 4296 4297 4259
f 4258 4260 4295
f 4295 4260 4297
f 4299 4298 4264
f 4264 4298 4263
f 4300 4264 4265
f 4300 4299 4264
f 4301 4265 4266
f 4301 4300 4265
f 4266 4268 4301
f 4301 4268 4302
f 4298 4270 4263
f 4303 4270 4298
f 4272 4302 4268
f 4272 4304 4302
f 4303 4274 4270
f 4305 4274 4303
f 4276 4304 4272
f 4276 4306 4304
f 4305 4277 4274
f 4307 4277 4305
f 4279 4308 4278
f 4308 4309 4278
f 4309 4276 4278
f 4309 4306 4276
f 4307 4310 4277
f 4277 4310 4280
f 4280 4311 4281
f 4310 4311 4280
f 4279 4281 4308
f 4281 4312 4308
f 4281 4311 4312
f 4308 4312 4309
f 4314 4313 4284
f 4284 4313 4283
f 4315 4284 4285
f 4315 4314 4284
f 4285 4287 4315
f 4315 4287 4316
f 4313 4288 4283
f 4317 4288 4313
f 4289 4316 4287
f 4289 4318 4316
f 4317 4290 4288
f 4319 4290 4317
f 4291 4318 4289
f 4291 4320 4318
f 4319 4292 4290
f 4321 4292 4319
f 4293 4320 4291
f 4293 4322 4320
f 4321 4294 4292
f 4323 4294 4321
f 4295 4322 4293
f 4295 4324 4322
f 4323 4325 4294
f 4294 4325 4296
f 4296 4326 4297
f 4325 4326 4296
f 4295 4297 4324
f 4324 4297 4326
f 4328 4327 4299
f 4299 4327 4298
f 4329 4299 4300
f 4329 4328 4299
f 4330 4300 4301
f 4330 4329 4300
f 4301 4302 4330
f 4330 4302 4331
f 4327 4303 4298
f 4332 4303 4327
f 4304 4331 4302
f 4304 4333 4331
f 4332 4305 4303
f 4334 4305 4332
f 4306 4333 4304
f 4306 4335 4333
f 4334 4307 4305
f 4336 4307 4334
f 4309 4335 4306
f 4309 4337 4335
f 4336 4338 4307
f 4307 4338 4310
f 4310 4339 4311
f 4338 4339 4310
f 4311 4340 4312
f 4339 4340 4311
f 4309 4312 4337
f 4337 4312 4340
f 4342 4341 4314
f 4314 4341 4313
f 4343 4314 4315
f 4343 4342 4314
f 4315 4316 4343
f 4343 4316 4344
f 4341 4317 4313
f 4345 4317 4341
f 4318 4344 4316
f 4318 4346 4344
f 4345 4319 4317
f 4347 4319 4345
f 4320 4346 4318
f 4320 4348 4346
f 4347 4321 4319
f 4349 4321 4347
f 4322 4348 4320
f 4322 4350 4348
f 4349 4323 4321
f 4351 4323 4349
f 4324 4350 4322
f 4324 4352 4350
f 4351 4353 4323
f 4323 4353 4325
f 4325 4354 4326
f 4353 4354 4325
f 4324 4326 4352
f 4352 4326 4354
f 4355 4327 4328
f 4355 4328 4356
f 4328 4357 4356
f 4328 4329 4357
f 4358 4329 4330
f 4358 4357 4329
f 4330 4331 4358
f 4358 4331 4359
f 4361 4360 4355
f 4360 4327 4355
f 4360 4332 4327
f 4361 4355 4356
f 4333 4359 4331
f 4333 4362 4359
f 4360 4334 4332
f 4363 4334 4360
f 4335 4362 4333
f 4335 4364 4362
f 4366 4336 4365
f 4336 4363 4365
f 4336 4334 4363
f 4367 4366 4365
f 4337 4364 4335
f 4337 4368 4364
f 4366 4338 4336
f 4367 4369 4366
f 4369 4338 4366
f 4369 4339 4338
f 4339 4370 4340
f 4369 4370 4339
f 4337 4340 4368
f 4368 4340 4370
f 4372 4371 4342
f 4342 4371 4341
f 4373 4342 4343
f 4373 4372 4342
f 4343 4344 4373
f 4373 4344 4374
f 4371 4345 4341
f 4375 4345 4371
f 4346 4374 4344
f 4346 4376 4374
f 4375 4347 4345
f 4377 4347 4375
f 4348 4376 4346
f 4348 4378 4376
f 4377 4349 4347
f 4379 4349 4377
f 4350 4378 4348
f 4350 4380 4378
f 4379 4351 4349
f 4381 4351 4379
f 4352 4380 4350
f 4352 4382 4380
f 4381 4383 4351
f 4351 4383 4353
f 4353 4384 4354
f 4383 4384 4353
f 4352 4354 4382
f 4382 4354 4384
f 4386 4385 4357
f 4357 4385 4356
f 4387 4357 4358
f 4387 4386 4357
f 4358 4359 4387
f 4387 4359 4388
f 4389 4360 4361
f 4390 4389 4361
f 4356 4390 4361
f 4385 4390 4356
f 4362 4392 4391
f 4388 4362 4391
f 4359 4362 4388
f 4392 4393 4391
f 4394 4363 4389
f 4389 4363 4360
f 4389 4390 4395
f 4389 4395 4394
f 4364 4396 4392
f 4364 4392 4362
f 4393 4392 4397
f 4397 4392 4396
f 4394 4365 4363
f 4367 4365 4394
f 4395 4367 4394
f 4398 4367 4395
f 4400 4399 4396
f 4364 4400 4396
f 4368 4400 4364
f 4396 4399 4397
f 4398 4401 4367
f 4367 4401 4369
f 4369 4402 4370
f 4401 4402 4369
f 4368 4370 4400
f 4400 4370 4402
f 4404 4403 4372
f 4372 4403 4371
f 4405 4372 4373
f 4405 4404 4372
f 4373 4374 4405
f 4405 4374 4406
f 4403 4375 4371
f 4407 4375 4403
f 4376 4406 4374
f 4376 4408 4406
f 4407 4377 4375
f 4409 4377 4407
f 4378 4411 4410
f 4408 4378 4410
f 4376 4378 4408
f 4411 4412 4410
f 4409 4379 4377
f 4413 4379 4409
f 4415 4414 4411
f 4378 4415 4411
f 4380 4415 4378
f 4411 4414 4412
f 4413 4381 4379
f 4416 4381 4413
f 4382 4415 4380
f 4382 4417 4415
f 4416 4418 4381
f 4381 4418 4383
f 4383 4419 4384
f 4418 4419 4383
f 4382 4384 4417
f 4417 4384 4419
f 4421 4420 4386
f 4386 4420 4385
f 4422 4386 4387
f 4422 4421 4386
f 4424 4423 4388
f 4423 4387 4388
f 4423 4422 4387
f 4424 4425 4423
f 4420 4390 4385
f 4426 4390 4420
f 4391 4424 4388
f 4391 4393 4424
f 4393 4425 4424
f 4393 4427 4425
f 4426 4395 4390
f 4428 4395 4426
f 4397 4427 4393
f 4397 4429 4427
f 4428 4398 4395
f 4430 4398 4428
f 4400 4431 4399
f 4431 4432 4399
f 4432 4397 4399
f 4432 4429 4397
f 4430 4433 4398
f 4398 4433 4401
f 4401 4434 4402
f 4433 4434 4401
f 4400 4402 4431
f 4402 4435 4431
f 4402 4434 4435
f 4431 4435 4432
f 4437 4436 4404
f 4404 4436 4403
f 4438 4404 4405
f 4438 4437 4404
f 4405 4406 4438
f 4438 4406 4439
f 4436 4407 4403
f 4440 4407 4436
f 4408 4442 4441
f 4439 4408 4441
f 4406 4408 4439
f 4442 4443 4441
f 4440 4409 4407
f 4444 4409 4440
f 4410 4442 4408
f 4410 4412 4442
f 4412 4443 4442
f 4412 4445 4443
f 4444 4413 4409
f 4446 4413 4444
f 4448 4447 4414
f 4448 4414 4415
f 4412 4414 4445
f 4445 4414 4447
f 4446 4416 4413
f 4449 4416 4446
f 4417 4448 4415
f 4417 4450 4448
f 4449 4451 4416
f 4416 4451 4418
f 4418 4452 4419
f 4451 4452 4418
f 4417 4419 4450
f 4450 4419 4452
f 4454 4453 4421
f 4421 4453 4420
f 4455 4421 4422
f 4455 4454 4421
f 4456 4422 4423
f 4456 4455 4422
f 4423 4425 4456
f 4456 4425 4457
f 4453 4426 4420
f 4458 4426 4453
f 4427 4457 4425
f 4427 4459 4457
f 4458 4428 4426
f 4460 4428 4458
f 4429 4459 4427
f 4429 4461 4459
f 4460 4430 4428
f 4462 4430 4460
f 4432 4461 4429
f 4432 4463 4461
f 4462 4464 4430
f 4430 4464 4433
f 4433 4465 4434
f 4464 4465 4433
f 4434 4466 4435
f 4465 4466 4434
f 4432 4435 4463
f 4463 4435 4466
f 4468 4467 4437
f 4437 4467 4436
f 4469 4437 4438
f 4469 4468 4437
f 4438 4439 4469
f 4469 4439 4470
f 4467 4440 4436
f 4471 4440 4467
f 4472 4470 4439
f 4472 4439 4441
f 4441 4443 4472
f 4472 4443 4473
f 4471 4444 4440
f 4474 4444 4471
f 4445 4473 4443
f 4445 4475 4473
f 4474 4446 4444
f 4476 4446 4474
f 4448 4477 4447
f 4477 4478 4447
f 4478 4445 4447
f 4478 4475 4445
f 4476 4449 4446
f 4479 4449 4476
f 4481 4480 4477
f 4448 4481 4477
f 4450 4481 4448
f 4477 4480 4478
f 4479 4482 4449
f 4449 4482 4451
f 4451 4483 4452
f 4482 4483 4451
f 4450 4452 4481
f 4481 4452 4483
f 4484 4453 4454
f 4484 4454 4485
f 4454 4486 4485
f 4454 4455 4486
f 4487 4455 4456
f 4487 4486 4455
f 4456 4457 4487
f 4487 4457 4488
f 4490 4489 4484
f 4489 4453 4484
f 4489 4458 4453
f 4490 4484 4485
f 4459 4488 4457
f 4459 4491 4488
f 4489 4460 4458
f 4492 4460 4489
f 4461 4491 4459
f 4461 4493 4491
f 4492 4462 4460
f 4494 4462 4492
f 4463 4493 4461
f 4463 4495 4493
f 4494 4496 4462
f 4462 4496 4464
f 4464 4497 4465
f 4496 4497 4464
f 4465 4498 4466
f 4497 4498 4465
f 4463 4466 4495
f 4495 4466 4498
f 4500 4499 4468
f 4468 4499 4467
f 4501 4468 4469
f 4501 4500 4468
f 4469 4470 4501
f 4501 4470 4502
f 4499 4471 4467
f 4503 4471 4499
f 4504 4502 4470
f 4504 4470 4472
f 4472 4473 4504
f 4504 4473 4505
f 4503 4474 4471
f 4506 4474 4503
f 4475 4505 4473
f 4475 4507 4505
f 4506 4476 4474
f 4508 4476 4506
f 4478 4507 4475
f 4478 4509 4507
f 4508 4479 4476
f 4510 4479 4508
f 4512 4511 4480
f 4512 4480 4481
f 4478 4480 4509
f 4509 4480 4511
f 4510 4513 4479
f 4479 4513 4482
f 4482 4514 4483
f 4513 4514 4482
f 4481 4483 4512
f 4512 4483 4514
f 4516 4515 4486
f 4486 4515 4485
f 4517 4486 4487
f 4517 4516 4486
f 4487 4488 4517
f 4517 4488 4518
f 4520 4519 4490
f 4490 4519 4489
f 4490 4485 4515
f 4490 4515 4520
f 4491 4522 4521
f 4518 4491 4521
f 4488 4491 4518
f 4522 4523 4521
f 4519 4492 4489
f 4524 4492 4519
f 4493 4525 4522
f 4493 4522 4491
f 4523 4522 4526
f 4526 4522 4525
f 4528 4494 4527
f 4494 4524 4527
f 4494 4492 4524
f 4529 4528 4527
f 4531 4530 4525
f 4493 4531 4525
f 4495 4531 4493
f 4525 4530 4526
f 4528 4496 4494
f 4529 4532 4528
f 4532 4496 4528
f 4532 4497 4496
f 4497 4533 4498
f 4532 4533 4497
f 4495 4498 4531
f 4531 4498 4533
f 4535 4534 4500
f 4500 4534 4499
f 4536 4500 4501
f 4536 4535 4500
f 4501 4502 4536
f 4536 4502 4537
f 4534 4503 4499
f 4538 4503 4534
f 4539 4537 4502
f 4539 4502 4504
f 4504 4505 4539
f 4539 4505 4540
f 4538 4506 4503
f 4541 4506 4538
f 4507 4540 4505
f 4507 4542 4540
f 4541 4508 4506
f 4543 4508 4541
f 4509 4542 4507
f 4509 4544 4542
f 4546 4510 4545
f 4510 4543 4545
f 4510 4508 4543
f 4547 4546 4545
f 4549 4548 4511
f 4549 4511 4512
f 4509 4511 4544
f 4544 4511 4548
f 4546 4513 4510
f 4547 4550 4546
f 4550 4513 4546
f 4550 4514 4513
f 4512 4514 4549
f 4549 4514 4550
f 4552 4551 4516
f 4516 4551 4515
f 4553 4516 4517
f 4553 4552 4516
f 4517 4518 4553
f 4553 4518 4554
f 4555 4519 4520
f 4556 4555 4520
f 4515 4556 4520
f 4551 4556 4515
f 4557 4554 4518
f 4557 4518 4521
f 4521 4523 4557
f 4557 4523 4558
f 4559 4524 4555
f 4555 4524 4519
f 4555 4556 4560
f 4555 4560 4559
f 4526 4558 4523
f 4526 4561 4558
f 4559 4527 4524
f 4529 4527 4559
f 4560 4529 4559
f 4562 4529 4560
f 4531 4563 4530
f 4563 4564 4530
f 4564 4526 4530
f 4564 4561 4526
f 4562 4565 4529
f 4529 4565 4532
f 4565 4567 4566
f 4533 4565 4566
f 4532 4565 4533
f 4566 4568 4533
f 4533 4568 4531
f 4568 4569 4531
f 4569 4563 4531
f 4563 4569 4564
f 4567 4570 4566
f 4566 4570 4568
f 4571 4534 4535
f 4571 4535 4572
f 4535 4573 4572
f 4535 4536 4573
f 4536 4537 4573
f 4573 4537 4574
f 4576 4575 4571
f 4575 4534 4571
f 4575 4538 4534
f 4576 4571 4572
f 4577 4574 4537
f 4577 4537 4539
f 4539 4540 4577
f 4577 4540 4578
f 4575 4541 4538
f 4579 4541 4575
f 4542 4578 4540
f 4542 4580 4578
f 4579 4543 4541
f 4581 4543 4579
f 4544 4580 4542
f 4544 4582 4580
f 4581 4583 4543
f 4543 4583 4545
f 4547 4545 4583
f 4547 4583 4584
f 4549 4585 4548
f 4585 4586 4548
f 4586 4544 4548
f 4586 4582 4544
f 4584 4587 4547
f 4547 4587 4550
f 4549 4550 4585
f 4550 4588 4585
f 4550 4587 4588
f 4585 4588 4586
f 4590 4589 4552
f 4552 4589 4551
f 4591 4552 4553
f 4591 4590 4552
f 4593 4592 4554
f 4592 4553 4554
f 4592 4591 4553
f 4593 4594 4592
f 4589 4556 4551
f 4595 4556 4589
f 4557 4593 4554
f 4557 4558 4593
f 4558 4594 4593
f 4558 4596 4594
f 4595 4560 4556
f 4597 4560 4595
f 4561 4596 4558
f 4561 4598 4596
f 4597 4562 4560
f 4599 4562 4597
f 4564 4598 4561
f 4564 4600 4598
f 4599 4601 4562
f 4562 4601 4565
f 4567 4565 4601
f 4567 4601 4602
f 4604 4603 4569
f 4604 4569 4568
f 4564 4569 4600
f 4600 4569 4603
f 4602 4605 4567
f 4567 4605 4570
f 4568 4570 4604
f 4604 4570 4605
f 4607 4606 4573
f 4573 4606 4572
f 4573 4574 4607
f 4607 4574 4608
f 4610 4609 4576
f 4576 4609 4575
f 4576 4572 4606
f 4576 4606 4610
f 4611 4608 4574
f 4611 4574 4577
f 4577 4578 4611
f 4611 4578 4612
f 4609 4579 4575
f 4613 4579 4609
f 4580 4612 4578
f 4580 4614 4612
f 4613 4581 4579
f 4615 4581 4613
f 4582 4614 4580
f 4582 4616 4614
f 4615 4617 4581
f 4581 4617 4583
f 4584 4583 4617
f 4584 4617 4618
f 4586 4616 4582
f 4586 4619 4616
f 4618 4620 4584
f 4584 4620 4587
f 4587 4621 4588
f 4620 4621 4587
f 4586 4588 4619
f 4619 4588 4621
f 4623 4622 4590
f 4590 4622 4589
f 4624 4590 4591
f 4624 4623 4590
f 4625 4591 4592
f 4625 4624 4591
f 4592 4594 4625
f 4625 4594 4626
f 4622 4595 4589
f 4627 4595 4622
f 4596 4626 4594
f 4596 4628 4626
f 4627 4597 4595
f 4629 4597 4627
f 4598 4628 4596
f 4598 4630 4628
f 4629 4599 4597
f 4631 4599 4629
f 4600 4630 4598
f 4600 4632 4630
f 4631 4633 4599
f 4599 4633 4601
f 4602 4601 4633
f 4602 4633 4634
f 4636 4635 4603
f 4636 4603 4604
f 4600 4603 4632
f 4632 4603 4635
f 4634 4637 4602
f 4602 4637 4605
f 4604 4605 4636
f 4636 4605 4637
f 4638 4606 4607
f 4608 4638 4607
f 4640 4639 4610
f 4610 4639 4609
f 4610 4606 4638
f 4641 4610 4638
f 4640 4610 4641
f 4641 4638 4608
f 4611 4641 4608
f 4642 4641 4611
f 4611 4612 4642
f 4642 4612 4643
f 4639 4613 4609
f 4644 4613 4639
f 4614 4643 4612
f 4614 4645 4643
f 4644 4615 4613
f 4646 4615 4644
f 4616 4645 4614
f 4616 4647 4645
f 4646 4648 4615
f 4615 4648 4617
f 4618 4617 4648
f 4618 4648 4649
f 4619 4647 4616
f 4619 4650 4647
f 4649 4651 4618
f 4618 4651 4620
f 4620 4652 4621
f 4651 4652 4620
f 4619 4621 4650
f 4650 4621 4652
f 4653 4622 4623
f 4653 4623 4654
f 4623 4655 4654
f 4623 4624 4655
f 4656 4624 4625
f 4656 4655 4624
f 4625 4626 4656
f 4656 4626 4657
f 4659 4658 4653
f 4658 4622 4653
f 4658 4627 4622
f 4659 4653 4654
f 4628 4657 4626
f 4628 4660 4657
f 4658 4629 4627
f 4661 4629 4658
f 4630 4660 4628
f 4630 4662 4660
f 4661 4631 4629
f 4663 4631 4661
f 4632 4662 4630
f 4632 4664 4662
f 4663 4665 4631
f 4631 4665 4633
f 4634 4633 4665
f 4634 4665 4666
f 4668 4667 4635
f 4668 4635 4636
f 4632 4635 4664
f 4664 4635 4667
f 4666 4669 4634
f 4634 4669 4637
f 4636 4637 4668
f 4668 4637 4669
f 4670 4639 4640
f 4670 4640 4671
f 4640 4672 4671
f 4640 4641 4672
f 4673 4641 4642
f 4673 4672 4641
f 4642 4643 4673
f 4673 4643 4674
f 4676 4675 4670
f 4675 4639 4670
f 4675 4644 4639
f 4676 4670 4671
f 4645 4678 4677
f 4674 4645 4677
f 4643 4645 4674
f 4678 4679 4677
f 4681 4646 4680
f 4646 4675 4680
f 4646 4644 4675
f 4682 4681 4680
f 4647 4683 4678
f 4647 4678 4645
f 4679 4678 4684
f 4684 4678 4683
f 4681 4648 4646
f 4649 4648 4681
f 4682 4649 4681
f 4685 4649 4682
f 4687 4686 4683
f 4647 4687 4683
f 4650 4687 4647
f 4683 4686 4684
f 4685 4688 4649
f 4649 4688 4651
f 4688 4690 4689
f 4652 4688 4689
f 4651 4688 4652
f 4689 4691 4652
f 4691 4650 4652
f 4691 4687 4650
f 4690 4692 4689
f 4689 4692 4691
f 4694 4693 4655
f 4655 4693 4654
f 4695 4655 4656
f 4695 4694 4655
f 4656 4657 4695
f 4695 4657 4696
f 4698 4697 4659
f 4659 4697 4658
f 4659 4654 4693
f 4659 4693 4698
f 4660 4696 4657
f 4660 4699 4696
f 4697 4661 4658
f 4700 4661 4697
f 4662 4699 4660
f 4662 4701 4699
f 4703 4663 4702
f 4663 4700 4702
f 4663 4661 4700
f 4704 4703 4702
f 4664 4701 4662
f 4664 4705 4701
f 4703 4665 4663
f 4707 4706 4666
f 4707 4666 4665
f 4704 4707 4665
f 4703 4704 4665
f 4667 4668 4706
f 4707 4667 4706
f 4708 4667 4707
f 4664 4667 4705
f 4705 4667 4708
f 4706 4669 4666
f 4669 4706 4668
f 4710 4709 4672
f 4672 4709 4671
f 4711 4672 4673
f 4711 4710 4672
f 4673 4674 4711
f 4711 4674 4712
f 4713 4675 4676
f 4714 4713 4676
f 4671 4714 4676
f 4709 4714 4671
f 4715 4712 4674
f 4715 4674 4677
f 4677 4679 4715
f 4715 4679 4716
f 4713 4680 4675
f 4682 4680 4713
f 4714 4682 4713
f 4717 4682 4714
f 4684 4716 4679
f 4684 4718 4716
f 4717 4685 4682
f 4719 4685 4717
f 4687 4720 4686
f 4720 4721 4686
f 4721 4684 4686
f 4721 4718 4684
f 4719 4722 4685
f 4685 4722 4688
f 4690 4688 4722
f 4690 4722 4723
f 4725 4724 4720
f 4687 4725 4720
f 4691 4725 4687
f 4720 4724 4721
f 4723 4726 4690
f 4690 4726 4692
f 4691 4692 4725
f 4725 4692 4726
f 4727 4693 4694
f 4695 4728 4694
f 4694 4728 4727
f 4696 4728 4695
f 4729 4697 4698
f 4730 4729 4698
f 4730 4698 4693
f 4731 4730 4693
f 4727 4731 4693
f 4731 4727 4728
f 4731 4728 4732
f 4728 4696 4732
f 4696 4733 4732
f 4696 4699 4733
f 4734 4700 4729
f 4729 4700 4697
f 4729 4730 4735
f 4729 4735 4734
f 4701 4733 4699
f 4701 4736 4733
f 4734 4702 4700
f 4704 4702 4734
f 4735 4704 4734
f 4737 4704 4735
f 4705 4736 4701
f 4705 4738 4736
f 4737 4739 4704
f 4704 4739 4707
f 4707 4740 4708
f 4739 4740 4707
f 4705 4708 4738
f 4738 4708 4740
f 4742 4741 4710
f 4710 4741 4709
f 4743 4710 4711
f 4743 4742 4710
f 4711 4712 4743
f 4743 4712 4744
f 4741 4714 4709
f 4745 4714 4741
f 4746 4744 4712
f 4746 4712 4715
f 4715 4716 4746
f 4746 4716 4747
f 4745 4717 4714
f 4748 4717 4745
f 4718 4747 4716
f 4718 4749 4747
f 4748 4719 4717
f 4750 4719 4748
f 4721 4749 4718
f 4721 4751 4749
f 4722 4719 4752
f 4719 4753 4752
f 4719 4750 4753
f 4752 4723 4722
f 4725 4754 4724
f 4754 4755 4724
f 4755 4721 4724
f 4755 4751 4721
f 4753 4756 4752
f 4752 4756 4723
f 4756 4726 4723
f 4756 4757 4726
f 4725 4726 4754
f 4726 4758 4754
f 4726 4757 4758
f 4754 4758 4755
f 4759 4730 4731
f 4732 4760 4731
f 4731 4760 4759
f 4733 4760 4732
f 4761 4735 4759
f 4759 4735 4730
f 4762 4759 4760
f 4761 4759 4762
f 4736 4762 4733
f 4733 4762 4760
f 4763 4737 4761
f 4761 4737 4735
f 4764 4761 4762
f 4763 4761 4764
f 4738 4764 4736
f 4736 4764 4762
f 4763 4739 4737
f 4739 4763 4740
f 4740 4763 4764
f 4740 4764 4738
f 4765 4741 4742
f 4765 4742 4766
f 4742 4767 4766
f 4742 4743 4767
f 4743 4744 4767
f 4767 4744 4768
f 4770 4769 4765
f 4769 4741 4765
f 4769 4745 4741
f 4770 4765 4766
f 4771 4768 4744
f 4771 4744 4746
f 4746 4747 4771
f 4771 4747 4772
f 4769 4748 4745
f 4773 4748 4769
f 4749 4772 4747
f 4749 4774 4772
f 4773 4750 4748
f 4775 4750 4773
f 4751 4774 4749
f 4751 4776 4774
f 4778 4753 4777
f 4753 4775 4777
f 4753 4750 4775
f 4779 4778 4777
f 4755 4776 4751
f 4755 4780 4776
f 4778 4756 4753
f 4779 4781 4778
f 4781 4756 4778
f 4781 4757 4756
f 4757 4782 4758
f 4781 4782 4757
f 4755 4758 4780
f 4780 4758 4782
f 4783 4766 4767
f 4768 4783 4767
f 4785 4784 4770
f 4770 4784 4769
f 4770 4766 4783
f 4786 4770 4783
f 4785 4770 4786
f 4786 4783 4768
f 4771 4786 4768
f 4787 4786 4771
f 4771 4772 4787
f 4787 4772 4788
f 4784 4773 4769
f 4789 4773 4784
f 4774 4788 4772
f 4774 4790 4788
f 4789 4775 4773
f 4791 4775 4789
f 4776 4790 4774
f 4776 4792 4790
f 4791 4793 4775
f 4775 4793 4777
f 4779 4777 4793
f 4779 4793 4794
f 4780 4792 4776
f 4780 4795 4792
f 4794 4796 4779
f 4779 4796 4781
f 4781 4797 4782
f 4796 4797 4781
f 4780 4782 4795
f 4795 4782 4797
f 4798 4784 4785
f 4798 4785 4799
f 4785 4800 4799
f 4785 4786 4800
f 4801 4786 4787
f 4801 4800 4786
f 4787 4788 4801
f 4801 4788 4802
f 4803 4789 4798
f 4798 4789 4784
f 4798 4799 4804
f 4798 4804 4803
f 4790 4806 4805
f 4802 4790 4805
f 4788 4790 4802
f 4806 4807 4805
f 4809 4808 4803
f 4808 4789 4803
f 4808 4791 4789
f 4809 4803 4804
f 4792 4810 4806
f 4792 4806 4790
f 4807 4806 4811
f 4811 4806 4810
f 4808 4812 4791
f 4791 4812 4793
f 4794 4793 4812
f 4794 4812 4813
f 4795 4814 4810
f 4795 4810 4792
f 4811 4810 4815
f 4815 4810 4814
f 4796 4794 4816
f 4794 4817 4816
f 4794 4813 4817
f 4818 4797 4796
f 4818 4796 4816
f 4818 4819 4797
f 4797 4819 4795
f 4819 4820 4795
f 4820 4814 4795
f 4814 4820 4815
f 4817 4821 4816
f 4816 4821 4818
f 4818 4821 4822
f 4818 4822 4819
f 4824 4823 4800
f 4800 4823 4799
f 4825 4800 4801
f 4825 4824 4800
f 4801 4802 4825
f 4825 4802 4826
f 4823 4804 4799
f 4827 4804 4823
f 4828 4826 4802
f 4828 4802 4805
f 4805 4807 4828
f 4828 4807 4829
f 4830 4808 4809
f 4831 4830 4809
f 4804 4831 4809
f 4827 4831 4804
f 4811 4829 4807
f 4811 4832 4829
f 4830 4812 4808
f 4813 4812 4830
f 4831 4813 4830
f 4833 4813 4831
f 4815 4832 4811
f 4815 4834 4832
f 4833 4817 4813
f 4835 4817 4833
f 4819 4836 4820
f 4836 4837 4820
f 4837 4815 4820
f 4837 4834 4815
f 4835 4838 4817
f 4817 4838 4821
f 4821 4839 4822
f 4838 4839 4821
f 4819 4822 4836
f 4822 4840 4836
f 4822 4839 4840
f 4836 4840 4837
f 4841 4823 4824
f 4841 4824 4842
f 4824 4843 4842
f 4824 4825 4843
f 4825 4826 4843
f 4843 4826 4844
f 4846 4845 4841
f 4845 4823 4841
f 4845 4827 4823
f 4846 4841 4842
f 4847 4844 4826
f 4847 4826 4828
f 4828 4829 4847
f 4847 4829 4848
f 4845 4831 4827
f 4849 4831 4845
f 4832 4848 4829
f 4832 4850 4848
f 4849 4833 4831
f 4851 4833 4849
f 4834 4850 4832
f 4834 4852 4850
f 4851 4835 4833
f 4853 4835 4851
f 4837 4852 4834
f 4837 4854 4852
f 4853 4855 4835
f 4835 4855 4838
f 4838 4856 4839
f 4855 4856 4838
f 4839 4857 4840
f 4856 4857 4839
f 4837 4840 4854
f 4854 4840 4857
f 4858 4842 4843
f 4844 4858 4843
f 4860 4859 4846
f 4846 4859 4845
f 4846 4842 4858
f 4861 4846 4858
f 4860 4846 4861
f 4861 4858 4844
f 4847 4861 4844
f 4862 4861 4847
f 4847 4848 4862
f 4862 4848 4863
f 4859 4849 4845
f 4864 4849 4859
f 4850 4863 4848
f 4850 4865 4863
f 4864 4851 4849
f 4866 4851 4864
f 4852 4865 4850
f 4852 4867 4865
f 4866 4853 4851
f 4868 4853 4866
f 4854 4867 4852
f 4854 4869 4867
f 4868 4870 4853
f 4853 4870 4855
f 4870 4872 4871
f 4856 4870 4871
f 4855 4870 4856
f 4873 4857 4856
f 4873 4856 4871
f 4873 4874 4857
f 4874 4854 4857
f 4874 4869 4854
f 4872 4875 4871
f 4871 4875 4873
f 4873 4875 4876
f 4873 4876 4874
f 4877 4859 4860
f 4877 4860 4878
f 4860 4879 4878
f 4860 4861 4879
f 4880 4861 4862
f 4880 4879 4861
f 4862 4863 4880
f 4880 4863 4881
f 4883 4882 4877
f 4882 4859 4877
f 4882 4864 4859
f 4883 4877 4878
f 4865 4881 4863
f 4865 4884 4881
f 4882 4866 4864
f 4885 4866 4882
f 4867 4887 4886
f 4884 4867 4886
f 4865 4867 4884
f 4887 4888 4886
f 4890 4868 4889
f 4868 4885 4889
f 4868 4866 4885
f 4891 4890 4889
f 4893 4892 4887
f 4867 4893 4887
f 4869 4893 4867
f 4887 4892 4888
f 4890 4870 4868
f 4872 4870 4890
f 4891 4872 4890
f 4894 4872 4891
f 4874 4893 4869
f 4874 4895 4893
f 4894 4896 4872
f 4872 4896 4875
f 4875 4897 4876
f 4896 4897 4875
f 4874 4876 4895
f 4895 4876 4897
f 4899 4898 4879
f 4879 4898 4878
f 4900 4879 4880
f 4900 4899 4879
f 4880 4881 4900
f 4900 4881 4901
f 4902 4882 4883
f 4903 4902 4883
f 4878 4903 4883
f 4898 4903 4878
f 4884 4901 4881
f 4884 4904 4901
f 4905 4885 4902
f 4902 4885 4882
f 4902 4903 4906
f 4902 4906 4905
f 4907 4904 4884
f 4907 4884 4886
f 4886 4888 4907
f 4907 4888 4908
f 4905 4889 4885
f 4891 4889 4905
f 4906 4891 4905
f 4909 4891 4906
f 4893 4910 4892
f 4910 4911 4892
f 4911 4888 4892
f 4911 4908 4888
f 4909 4894 4891
f 4912 4894 4909
f 4914 4913 4910
f 4893 4914 4910
f 4895 4914 4893
f 4910 4913 4911
f 4912 4915 4894
f 4894 4915 4896
f 4896 4916 4897
f 4915 4916 4896
f 4895 4897 4914
f 4914 4897 4916
f 4917 4898 4899
f 4900 4918 4899
f 4899 4918 4917
f 4901 4918 4900
f 4920 4919 4917
f 4919 4898 4917
f 4919 4903 4898
f 4920 4917 4918
f 4920 4918 4921
f 4918 4901 4921
f 4901 4922 4921
f 4901 4904 4922
f 4919 4906 4903
f 4923 4906 4919
f 4924 4922 4904
f 4924 4904 4907
f 4907 4908 4924
f 4924 4908 4925
f 4923 4909 4906
f 4926 4909 4923
f 4911 4925 4908
f 4911 4927 4925
f 4926 4912 4909
f 4928 4912 4926
f 4914 4929 4913
f 4929 4930 4913
f 4930 4911 4913
f 4930 4927 4911
f 4928 4931 4912
f 4912 4931 4915
f 4931 4933 4932
f 4916 4931 4932
f 4915 4931 4916
f 4932 4934 4916
f 4916 4934 4914
f 4934 4935 4914
f 4935 4929 4914
f 4929 4935 4930
f 4933 4936 4932
f 4932 4936 4934
f 4938 4937 4920
f 4920 4937 4919
f 4939 4920 4921
f 4939 4938 4920
f 4921 4922 4939
f 4939 4922 4940
f 4937 4923 4919
f 4941 4923 4937
f 4942 4940 4922
f 4942 4922 4924
f 4924 4925 4942
f 4942 4925 4943
f 4941 4926 4923
f 4944 4926 4941
f 4927 4943 4925
f 4927 4945 4943
f 4944 4928 4926
f 4946 4928 4944
f 4930 4945 4927
f 4930 4947 4945
f 4946 4948 4928
f 4928 4948 4931
f 4933 4931 4948
f 4933 4948 4949
f 4951 4950 4935
f 4951 4935 4934
f 4930 4935 4947
f 4947 4935 4950
f 4949 4952 4933
f 4933 4952 4936
f 4934 4936 4951
f 4951 4936 4952
f 4953 4937 4938
f 4953 4938 4954
f 4938 4955 4954
f 4938 4939 4955
f 4939 4940 4955
f 4955 4940 4956
f 4958 4957 4953
f 4957 4937 4953
f 4957 4941 4937
f 4958 4953 4954
f 4959 4956 4940
f 4959 4940 4942
f 4942 4943 4959
f 4959 4943 4960
f 4957 4944 4941
f 4961 4944 4957
f 4945 4960 4943
f 4945 4962 4960
f 4961 4946 4944
f 4963 4946 4961
f 4947 4962 4945
f 4947 4964 4962
f 4963 4965 4946
f 4946 4965 4948
f 4949 4948 4965
f 4949 4965 4966
f 4968 4967 4950
f 4968 4950 4951
f 4947 4950 4964
f 4964 4950 4967
f 4966 4969 4949
f 4949 4969 4952
f 4951 4952 4968
f 4968 4952 4969
f 4970 4954 4955
f 4956 4970 4955
f 4971 4957 4958
f 4954 4970 4958
f 4970 4971 4958
f 4970 4972 4971
f 4959 4973 4956
f 4973 4970 4956
f 4973 4972 4970
f 4960 4973 4959
f 4974 4961 4971
f 4971 4961 4957
f 4975 4971 4972
f 4974 4971 4975
f 4976 4972 4973
f 4975 4972 4976
f 4962 4976 4960
f 4960 4976 4973
f 4977 4963 4974
f 4974 4963 4961
f 4978 4974 4975
f 4977 4974 4978
f 4979 4975 4976
f 4978 4975 4979
f 4964 4979 4962
f 4962 4979 4976
f 4977 4965 4963
f 4965 4977 4966
f 4977 4980 4966
f 4977 4978 4980
f 4968 4980 4967
f 4980 4979 4967
f 4980 4978 4979
f 4967 4979 4964
f 4980 4969 4966
f 4969 4980 4968
# 9952 faces, 0 coords texture

# End of File