####
#
# OBJ File Generated by Meshlab
#
####
# Object domain0529.obj
#
# Vertices: 4404
# Faces: 8804
#
####
v 172.870972 95.027443 129.063538
v 173.021271 95.016113 128.703339
v 172.983246 94.706345 129.033493
v 172.936646 94.673660 129.986206
v 172.862518 95.013100 129.948746
v 173.003662 94.972885 130.436035
v 172.773666 95.548302 129.016479
v 172.915283 95.504791 128.489105
v 172.835464 95.459267 129.926529
v 172.992188 95.484344 130.440399
v 172.846893 96.180382 128.089142
v 173.051208 96.202759 127.740387
v 172.955811 95.858932 128.059174
v 172.714508 96.106560 128.999344
v 172.772934 96.101257 129.564011
v 172.854813 95.816200 130.006851
v 172.769348 96.702347 128.047333
v 172.976822 96.692398 127.541328
v 172.693573 96.690361 128.989105
v 172.890778 96.397842 129.986755
v 172.888229 96.686699 129.896118
v 173.120331 96.645584 130.274414
v 172.702621 97.298683 128.014725
v 172.844803 97.257225 127.473518
v 172.708023 97.256615 128.984543
v 172.850754 97.295677 129.524521
v 172.955475 96.957787 129.947418
v 172.842285 97.935822 127.094101
v 173.081589 97.959450 126.799667
v 172.936890 97.596489 127.043350
v 172.655930 97.867447 128.004456
v 172.737762 97.860481 128.958313
v 172.961777 97.874580 129.470306
v 172.791794 98.461464 127.072067
v 173.027695 98.463310 126.746147
v 172.650681 98.448013 128.000015
v 172.780273 98.434608 128.935089
v 173.006958 98.424011 129.308624
v 172.757538 99.036140 127.057587
v 172.981873 99.051071 126.663948
v 172.660995 99.028107 127.995682
v 172.850861 98.956223 128.902634
v 173.077957 98.926476 129.204636
v 172.717957 99.643112 127.017860
v 172.899475 99.587692 126.480057
v 172.722351 99.595535 127.981750
v 172.901016 99.650589 128.518723
v 172.959290 99.274971 128.931396
v 172.851532 100.283928 126.097679
v 173.069443 100.308907 125.781570
v 172.959167 99.964951 126.068344
v 172.676407 100.211823 127.004997
v 172.778915 100.192894 127.937386
v 172.993378 100.176315 128.322723
v 172.782227 100.805321 126.063293
v 172.997894 100.807129 125.665878
v 172.675171 100.786240 126.994865
v 172.853027 100.714157 127.901726
v 173.076126 100.684105 128.206528
v 172.754440 101.379440 126.043068
v 172.969711 101.361839 125.534706
v 172.726746 101.352585 126.981651
v 172.900604 101.408707 127.518875
v 172.959351 101.033012 127.931435
v 172.751160 101.962914 126.036911
v 172.916534 101.965935 125.523102
v 172.787796 101.950417 126.939819
v 172.994354 101.934273 127.322334
v 172.769302 102.541435 126.033241
v 172.915237 102.549713 125.520737
v 172.856018 102.474480 126.906204
v 173.073257 102.451881 127.214706
v 172.824051 103.103569 126.014534
v 172.936340 103.132202 125.527199
v 172.876755 103.146233 126.520912
v 172.938690 102.816071 126.958450
v 172.894531 103.629112 126.001610
v 173.012650 103.672592 125.566246
v 172.988678 103.672676 126.444427
v 172.981491 103.947487 126.002838
v 173.441147 90.921455 132.050186
v 173.596573 90.895233 131.577744
v 173.551636 90.596169 132.020477
v 173.530396 90.573517 132.982162
v 173.464020 90.912064 132.941696
v 173.655060 90.886559 133.420471
v 173.354355 91.445374 132.013718
v 173.452423 91.406311 131.479858
v 173.456879 91.349648 132.907928
v 173.637878 91.334953 133.273270
v 173.400131 92.090515 131.059052
v 173.579071 92.101791 130.598221
v 173.508133 91.730782 131.018600
v 173.324203 91.983238 131.987564
v 173.439529 92.020393 132.525009
v 173.524292 91.682091 132.960052
v 173.460358 92.689056 130.103027
v 173.636444 92.782951 129.813141
v 173.572189 92.472969 130.130035
v 173.285492 92.607368 131.007996
v 173.339188 92.586464 131.954712
v 173.533936 92.599968 132.476105
v 173.329498 93.215866 130.031403
v 173.546494 93.220177 129.562347
v 173.242447 93.176064 130.999603
v 173.363876 93.161125 131.936905
v 173.580841 93.155769 132.332642
v 173.409103 93.856842 129.098984
v 173.632492 93.938240 128.823547
v 173.552261 93.623634 129.126373
v 173.188171 93.768875 130.007980
v 173.213867 93.755333 130.993256
v 173.429367 93.686371 131.904648
v 173.652512 93.663986 132.229523
v 173.172455 94.350876 129.031952
v 173.510101 94.382744 128.634491
v 173.037521 94.300972 130.016357
v 173.228073 94.325249 130.994354
v 173.412857 94.369484 131.532852
v 173.522919 94.025497 131.956650
v 173.401489 94.871696 128.354309
v 173.195816 94.911507 130.959320
v 173.524002 94.946342 131.479340
v 173.194138 95.543938 128.033661
v 173.562607 95.629196 127.720695
v 173.467712 95.236816 128.015762
v 173.236160 95.523087 130.931900
v 173.568787 95.498207 131.324005
v 173.463257 96.111412 127.444588
v 172.920181 96.116272 130.107498
v 173.360733 96.032616 130.934555
v 173.648865 96.000343 131.216629
v 173.292282 96.758881 127.099365
v 173.623138 96.863602 126.831993
v 173.518265 96.518974 127.104774
v 173.452225 96.365570 130.899353
v 173.448288 96.773201 130.628128
v 173.133224 97.263771 126.999458
v 173.534424 97.326576 126.718430
v 173.133179 97.290451 130.004944
v 173.499847 97.240311 130.371552
v 173.480392 97.874687 126.608856
v 173.289536 97.795380 129.901505
v 173.618637 97.690468 130.189056
v 173.461792 98.454933 126.531258
v 173.511887 98.043739 129.904999
v 173.437775 98.472214 129.604538
v 173.428696 98.996933 126.371826
v 173.481277 98.996498 129.392456
v 173.208420 99.669525 126.059410
v 173.552917 99.804161 125.775551
v 173.496826 99.421852 126.072777
v 173.208679 99.570229 128.940033
v 173.557755 99.428047 129.207581
v 173.471954 100.229637 125.543907
v 173.496719 99.818069 128.926788
v 173.433350 100.235748 128.614304
v 173.382324 100.711639 125.330322
v 173.480743 100.756386 128.397385
v 173.284607 101.426346 125.085617
v 173.614395 101.467216 124.726662
v 173.483810 101.105133 125.032494
v 173.208664 101.328217 127.940041
v 173.557587 101.185753 128.207184
v 173.207809 101.966782 125.027420
v 173.557617 101.957672 124.543159
v 173.496719 101.576111 127.926842
v 173.432480 101.995438 127.617081
v 173.170639 102.549942 125.004173
v 173.479141 102.551437 124.514549
v 173.474091 102.532692 127.426712
v 173.182358 103.134750 125.010399
v 173.474030 103.135605 124.510719
v 173.122070 103.158379 127.010353
v 173.523529 103.098747 127.313881
v 173.220703 103.729309 125.052467
v 173.547226 103.730591 124.537079
v 173.217926 103.723862 126.937492
v 173.593582 103.705658 127.257408
v 173.372955 104.239075 125.074539
v 173.604935 104.234467 124.702110
v 173.130966 104.296837 125.999390
v 173.394852 104.228783 126.910866
v 173.664307 104.200127 127.196220
v 173.517456 104.571678 125.032394
v 173.387100 104.782700 125.997978
v 173.514847 104.860428 125.515114
v 173.539108 104.838440 126.472435
v 173.549530 104.542542 126.938332
v 173.581726 105.085373 125.997948
v 174.041870 88.006737 134.016220
v 174.182617 87.964851 133.574280
v 174.157013 87.685158 134.007278
v 174.113068 87.929466 134.484665
v 173.951828 88.518997 134.009308
v 174.037201 88.476036 133.478531
v 174.137115 88.221596 134.949493
v 174.094147 88.488327 134.887589
v 174.306610 88.471237 135.158356
v 173.953506 89.148514 133.051620
v 174.105453 89.107330 132.522659
v 174.067017 88.790504 133.009232
v 173.912628 89.055771 133.986038
v 174.033112 89.090393 134.522049
v 174.134369 88.752716 134.940933
v 173.969864 89.738190 132.078568
v 174.222687 89.765770 131.760513
v 174.132080 89.420471 132.057968
v 173.801620 89.675064 133.007126
v 173.908875 89.658920 133.956238
v 174.134262 89.669991 134.469620
v 173.739731 90.241516 132.016083
v 174.084076 90.258423 131.533340
v 173.642120 90.206459 133.016083
v 173.901062 90.243362 133.937225
v 174.168549 90.222107 134.315186
v 173.895584 90.912186 131.104874
v 174.208710 91.006554 130.830261
v 174.114609 90.679962 131.114227
v 173.881516 90.752609 133.876633
v 174.230927 90.727516 134.214035
v 173.715118 91.403603 130.992935
v 174.096710 91.464386 130.664169
v 174.084442 91.093544 133.951126
v 173.997650 91.468842 133.635559
v 174.043320 91.936462 130.385971
v 173.706726 92.020996 133.014938
v 174.079575 91.975609 133.382767
v 174.050064 92.713181 129.690216
v 174.048492 92.330940 130.036774
v 173.856812 92.539948 132.923279
v 174.216614 92.490349 133.234756
v 174.044220 93.117226 129.395752
v 174.070175 92.860107 132.964111
v 173.964645 93.257675 132.672211
v 174.042145 93.907387 128.719620
v 174.044342 93.513985 129.048126
v 174.051117 93.752449 132.480225
v 174.028122 94.338844 128.425858
v 173.719467 94.358521 131.999542
v 174.114151 94.298691 132.303772
v 173.772598 94.964142 128.040451
v 174.133881 95.135399 127.812874
v 174.081757 94.750038 128.089249
v 173.873566 94.866417 131.902908
v 174.210358 94.756721 132.165619
v 174.049484 95.554543 127.598907
v 174.097733 95.114174 131.905136
v 174.022995 95.542038 131.604675
v 174.043610 96.022362 127.353897
v 174.067657 96.062759 131.384506
v 174.041626 96.841293 126.772255
v 174.042587 96.433800 127.039139
v 173.780334 96.652214 130.947586
v 174.133560 96.490608 131.197388
v 174.040894 97.294731 126.628349
v 174.081467 96.875893 130.914948
v 174.025421 97.283257 130.573532
v 174.043045 97.864777 126.543747
v 174.045044 97.717133 130.279724
v 174.041946 98.441261 126.452187
v 174.043091 98.123756 129.967712
v 174.040985 98.544144 129.670578
v 174.041794 98.926483 126.307167
v 174.038559 99.019096 129.452347
v 174.042419 99.757530 125.708832
v 174.042419 99.355942 126.028854
v 174.040741 99.470749 129.240616
v 174.018524 100.182480 125.395615
v 174.042023 99.878410 128.963776
v 174.041595 100.309792 128.684784
v 173.767471 100.815773 125.030609
v 174.128937 100.970444 124.749855
v 174.080185 100.587685 125.064705
v 174.041504 100.780777 128.470169
v 174.049805 101.398399 124.452827
v 174.042664 101.232170 128.250137
v 173.897690 102.033539 124.115273
v 174.206985 102.128548 123.811722
v 174.107635 101.794632 124.106079
v 174.042389 101.638885 127.966621
v 174.041595 102.071167 127.692154
v 173.810349 102.555428 124.045784
v 174.158066 102.559456 123.660461
v 174.040558 102.555756 127.532196
v 173.795044 103.131607 124.028236
v 174.138046 103.116035 123.533638
v 174.046967 103.135201 127.453270
v 173.854370 103.678444 124.064232
v 174.162506 103.679863 123.567070
v 174.053589 103.719757 127.417198
v 174.046036 104.012939 124.002441
v 173.974075 104.378494 124.340286
v 174.072250 104.281914 127.365562
v 173.713531 104.914268 125.012878
v 174.057556 104.883316 124.591362
v 173.801453 104.845612 126.952232
v 174.172180 104.763718 127.238197
v 173.974930 105.379639 125.061287
v 174.214462 105.396431 124.728462
v 173.829361 105.396698 125.967735
v 174.080383 105.440887 126.478943
v 174.083832 105.143326 126.957314
v 174.165634 105.677307 125.047554
v 174.109283 105.707352 125.985802
v 174.597778 82.138451 139.026672
v 174.708023 82.084389 138.526199
v 174.712021 81.799561 139.012161
v 174.737701 81.791245 139.965652
v 174.688797 82.051918 139.906357
v 174.904388 81.993858 140.261475
v 174.605652 82.705658 138.083435
v 174.772964 82.704453 137.697250
v 174.719818 82.385414 138.050964
v 174.534836 82.615799 138.987305
v 174.630142 82.642723 139.519669
v 174.719513 82.306900 139.943863
v 174.523178 83.247986 138.023438
v 174.658524 83.193687 137.483719
v 174.548737 83.201027 138.952393
v 174.738083 83.207970 139.456482
v 174.574005 83.889290 137.062164
v 174.735565 83.881523 136.579758
v 174.691864 83.542152 137.033371
v 174.467194 83.798187 137.999634
v 174.608688 83.719498 138.905670
v 174.809479 83.698105 139.258652
v 174.620712 84.480530 136.095688
v 174.779694 84.529625 135.729935
v 174.735336 84.237923 136.101837
v 174.469193 84.403465 137.009155
v 174.513596 84.349548 137.972260
v 174.674545 84.395340 138.508484
v 174.716949 84.039108 138.936569
v 174.503372 85.005325 136.025635
v 174.666168 84.955399 135.486908
v 174.446869 84.964447 136.993423
v 174.594940 84.893524 137.911240
v 174.793304 84.869843 138.272598
v 174.574570 85.627274 135.074509
v 174.767365 85.620224 134.578537
v 174.697037 85.302826 135.036560
v 174.435806 85.562645 136.005875
v 174.497620 85.523346 136.975693
v 174.673660 85.567657 137.508713
v 174.716476 85.211494 137.938278
v 174.480209 86.172188 135.020203
v 174.615860 86.130623 134.478867
v 174.435791 86.135399 135.993607
v 174.593262 86.065948 136.912140
v 174.793625 86.041626 137.272232
v 174.540771 86.801071 134.078796
v 174.774567 86.809540 133.706726
v 174.682236 86.458702 134.031784
v 174.410568 86.735016 135.005707
v 174.497849 86.695290 135.975769
v 174.673752 86.739662 136.508713
v 174.716888 86.383270 136.938110
v 174.323441 87.316162 134.027908
v 174.623413 87.284996 133.475876
v 174.342850 87.312180 134.993393
v 174.583542 87.244141 135.904404
v 174.793747 87.213905 136.272186
v 174.448685 87.952324 133.073669
v 174.765427 87.981941 132.703186
v 174.677094 87.645798 133.044281
v 174.267929 87.818283 135.037491
v 174.576279 87.982758 135.538010
v 174.703476 87.563789 135.941452
v 174.265854 88.455551 132.955887
v 174.597656 88.441292 132.460373
v 174.655624 88.473366 135.435013
v 174.382797 89.113724 132.044586
v 174.749847 89.195351 131.753036
v 174.656342 88.808151 132.033432
v 174.313080 89.082726 134.993301
v 174.707062 89.025078 135.294174
v 174.648438 89.678802 131.575317
v 174.461624 89.591286 134.901291
v 174.796448 89.482758 135.165588
v 174.626068 90.159546 131.351746
v 174.683701 89.840179 134.905121
v 174.610794 90.266617 134.601013
v 174.627563 90.980782 130.766617
v 174.629242 90.580635 131.046936
v 174.652634 90.789322 134.386032
v 174.626633 91.434464 130.565140
v 174.361679 91.381500 133.954132
v 174.720825 91.215439 134.195465
v 174.629120 91.904449 130.330292
v 174.666519 91.606010 133.919312
v 174.607208 92.035667 133.613754
v 174.616776 92.720589 129.705307
v 174.626572 92.313011 130.018631
v 174.651871 92.548073 133.388153
v 174.645966 93.160149 129.414520
v 174.356689 93.145561 132.960419
v 174.720734 92.973473 133.195587
v 174.537598 93.943237 128.754486
v 174.590546 93.564400 129.078171
v 174.665588 93.367973 132.923798
v 174.599609 93.806793 132.645660
v 174.615646 94.375977 128.465836
v 174.633881 94.327400 132.436722
v 174.468979 95.117043 127.844353
v 174.567764 94.774445 128.120483
v 174.630203 94.783386 132.241791
v 174.559418 95.572113 127.686501
v 174.629410 95.185165 131.956436
v 174.629364 95.598656 131.643051
v 174.627899 96.098373 127.430359
v 174.607925 96.066887 131.402496
v 174.458115 96.865440 126.835823
v 174.568192 96.517410 127.105171
v 174.533707 96.487816 131.193649
v 174.548294 97.327881 126.719589
v 174.587387 96.862846 130.897354
v 174.619659 97.254463 130.543503
v 174.603439 97.875847 126.611404
v 174.539017 97.680756 130.246674
v 174.620636 98.452843 126.532394
v 174.588318 98.052635 129.917618
v 174.631805 98.461754 129.578842
v 174.654816 98.993553 126.372971
v 174.564026 98.987503 129.326981
v 174.545166 99.793114 125.736626
v 174.592896 99.419754 126.073959
v 174.462311 99.446648 129.171982
v 174.617371 100.173340 125.420494
v 174.572937 99.800842 128.901978
v 174.645508 100.231308 128.605499
v 174.626205 100.929367 124.705467
v 174.627853 100.551224 125.054161
v 174.604385 100.758064 128.400970
v 174.628784 101.319916 124.392090
v 174.527527 101.186981 128.208817
v 174.634216 102.080917 123.664169
v 174.634277 101.691925 124.022659
v 174.592072 101.575996 127.921654
v 174.653427 102.003555 127.628532
v 174.571030 102.493179 123.359184
v 174.625198 102.545708 127.479950
v 174.471481 103.187126 123.100365
v 174.823792 103.242218 122.808464
v 174.667297 102.872910 123.049377
v 174.619003 103.135101 127.436226
v 174.433395 103.734085 123.095398
v 174.785355 103.720650 122.767265
v 174.621811 103.722748 127.445473
v 174.586243 104.209702 123.079018
v 174.842239 104.196259 122.809769
v 174.277512 104.346764 123.948143
v 174.627533 104.306343 127.433487
v 174.746078 104.510803 123.056335
v 174.512680 104.689224 123.951180
v 174.441818 104.988556 124.253342
v 174.653000 104.861198 127.354431
v 174.556320 105.489548 124.376083
v 174.390152 105.405426 126.939590
v 174.724625 105.270332 127.183983
v 174.414932 105.989929 125.023170
v 174.688431 106.000999 124.558968
v 174.402756 105.997322 125.977028
v 174.717239 105.970612 126.411377
v 174.688293 105.610603 126.880585
v 174.696625 106.291092 125.020042
v 174.709305 106.274193 125.972900
v 175.158936 80.386375 140.000626
v 175.269409 80.310349 139.514465
v 175.281799 80.038078 139.996094
v 175.265091 80.303322 140.488052
v 175.122238 80.939301 139.068481
v 175.343582 80.935471 138.686523
v 175.281830 80.606308 139.033463
v 175.007507 80.894890 140.002548
v 175.292572 80.606720 140.956696
v 175.198807 80.937317 140.906921
v 175.436157 80.956718 141.186630
v 174.898315 81.443130 139.004715
v 175.180206 81.408745 138.458649
v 174.856445 81.435295 140.025803
v 175.176956 81.386520 140.913025
v 175.434311 81.355682 141.178238
v 174.950043 82.063698 138.019653
v 175.263901 82.099312 137.551834
v 175.214111 81.747108 138.000107
v 175.222336 81.710190 140.885056
v 175.208969 82.121811 140.626083
v 175.103500 82.573029 137.331802
v 174.890579 82.640366 140.005768
v 175.258347 82.589867 140.370941
v 174.927032 83.214935 137.005676
v 175.242493 83.256721 136.536255
v 175.176346 82.890060 136.967026
v 175.050430 83.143059 139.900482
v 175.376694 83.040459 140.189072
v 175.095428 83.682648 136.298676
v 175.275894 83.382683 139.895340
v 175.224014 83.774368 139.544067
v 175.162613 84.347221 135.457062
v 175.148453 83.969757 135.918747
v 174.966827 84.333145 138.943726
v 175.303772 84.201965 139.246719
v 174.940567 84.988510 135.013748
v 175.286728 85.040039 134.571075
v 175.221603 84.683235 135.003784
v 175.258987 84.571762 138.919632
v 175.218262 84.951782 138.552704
v 175.072021 85.644234 134.108231
v 175.381912 85.735069 133.833145
v 175.295120 85.423645 134.118042
v 174.966812 85.505119 137.943695
v 175.303253 85.374466 138.247482
v 174.891418 86.131126 133.996796
v 175.277573 86.189163 133.673126
v 175.258896 85.743599 137.919540
v 175.220520 86.117538 137.546143
v 175.214584 86.723663 133.434540
v 174.969269 86.673538 136.939178
v 175.299622 86.532654 137.231628
v 174.961899 87.361984 133.054108
v 175.299103 87.509888 132.769821
v 175.256989 87.135666 133.091690
v 175.258011 86.902840 136.905792
v 175.220779 87.288170 136.542984
v 175.220169 87.928696 132.460693
v 174.956802 87.859985 135.950699
v 175.303497 87.717545 136.246567
v 174.959106 88.532555 132.052185
v 175.308990 88.689690 131.811890
v 175.258118 88.312881 132.097382
v 175.251907 88.105278 135.936462
v 175.178238 88.526161 135.647675
v 175.233902 89.107758 131.637070
v 175.220306 89.052910 135.436279
v 175.213974 89.661880 131.499863
v 175.216156 89.509415 135.241776
v 175.252075 90.191040 131.331085
v 175.215271 89.911095 134.956528
v 175.215637 90.325264 134.644012
v 175.049637 91.002251 130.826080
v 175.164978 90.639389 131.083130
v 175.195053 90.794205 134.405029
v 175.149933 91.464371 130.675232
v 175.121704 91.215935 134.196518
v 175.216080 91.995476 130.427704
v 175.177170 91.606064 133.917297
v 175.234268 92.037392 133.614777
v 175.043488 92.760338 129.819092
v 175.151306 92.415878 130.105988
v 175.189621 92.547546 133.387985
v 175.109924 93.193863 129.664581
v 175.119446 92.971382 133.193039
v 174.879471 93.810410 129.048782
v 175.216202 93.717323 129.475174
v 175.178589 93.359909 132.907135
v 175.230835 93.787521 132.604813
v 175.037766 94.441315 128.736954
v 175.137222 94.098953 129.056732
v 175.190079 94.310631 132.396851
v 174.788025 95.006973 128.104050
v 175.105469 94.929573 128.542297
v 175.111801 94.737915 132.206360
v 174.955856 95.505234 127.992050
v 175.242279 95.497818 128.475037
v 175.161789 95.098930 131.905685
v 175.175888 95.505081 131.470840
v 175.043839 96.191673 127.728371
v 175.160904 95.834808 128.034973
v 175.036301 95.997299 131.242279
v 174.790924 96.761818 127.100113
v 175.105835 96.687454 127.541779
v 174.872940 96.630775 130.942154
v 175.140335 96.350273 130.942413
v 175.174652 96.704735 130.506317
v 174.952499 97.264702 126.997002
v 175.241837 97.256004 127.475067
v 175.050491 97.183128 130.276337
v 175.002274 97.959702 126.800529
v 175.156250 97.594200 127.040871
v 174.877167 97.808876 129.950089
v 175.133789 97.521156 129.943405
v 175.175659 97.877129 129.506882
v 175.054520 98.465576 126.746033
v 175.056992 98.363655 129.285004
v 175.100601 99.047020 126.663536
v 174.956329 99.046844 129.008667
v 175.161072 98.717415 128.966034
v 175.242279 99.054863 128.525482
v 174.881622 99.671440 126.043320
v 175.191360 99.586082 126.481918
v 174.793854 99.549683 128.901352
v 175.118851 99.637787 128.469009
v 175.098297 100.309502 125.591629
v 175.151566 99.953491 126.036125
v 175.079041 100.185509 128.312424
v 175.053848 100.971634 124.791954
v 175.114349 100.662575 125.119797
v 175.009995 100.687134 128.207962
v 175.186829 101.380257 124.510483
v 174.876953 101.324669 127.947266
v 175.133057 101.036575 127.936737
v 175.190369 101.412155 127.516876
v 175.200851 102.119263 123.566177
v 175.231415 101.714394 124.068375
v 175.104370 101.954590 127.341019
v 174.952072 102.606552 123.066704
v 175.219559 102.816391 122.875221
v 175.215393 102.462135 123.150764
v 175.069061 102.547478 127.268944
v 175.229279 103.191154 122.690262
v 175.076538 103.142105 127.268799
v 175.231552 103.723976 122.608444
v 175.141861 103.760422 127.304474
v 175.244843 104.281303 122.635918
v 175.185989 104.319534 127.373337
v 174.989944 104.847221 123.056740
v 175.349319 104.770966 122.758766
v 174.676971 104.988747 123.924240
v 175.181808 104.860809 127.333290
v 175.222626 105.179947 123.014084
v 174.862778 105.469902 123.937454
v 175.121582 105.517502 123.447815
v 175.119720 105.278160 127.189957
v 174.956543 106.075920 124.047356
v 175.242859 106.059479 123.517273
v 175.174362 105.654495 126.902901
v 175.242126 106.042061 126.553581
v 175.178940 106.528793 124.060715
v 175.392136 106.560020 123.592789
v 174.989944 106.549080 124.985229
v 175.024521 106.506363 125.948837
v 175.303299 106.424011 126.216461
v 175.351105 106.705086 124.042999
v 175.305054 106.718864 125.000587
v 175.305237 106.620880 125.921982
v 175.804077 78.638519 140.029114
v 175.963135 78.616959 139.710648
v 175.961655 78.353455 140.028946
v 175.876663 78.561630 140.484879
v 175.646301 79.148132 140.014999
v 175.826920 79.091766 139.483887
v 175.866562 78.844200 140.965469
v 175.759598 79.186150 140.919052
v 175.996704 79.190094 141.247208
v 175.704758 79.767448 139.075516
v 175.976685 79.792328 138.758316
v 175.872055 79.447296 139.055786
v 175.429367 79.676041 140.005997
v 175.644867 79.719002 140.943298
v 175.943222 79.702827 141.275482
v 175.472672 80.261055 139.008545
v 175.828171 80.301392 138.602097
v 175.463104 80.252266 140.987900
v 175.872833 80.315140 141.302353
v 175.730270 80.796898 138.338959
v 175.830002 80.877571 141.373932
v 175.493011 81.440163 137.990646
v 175.814301 81.468018 137.509384
v 175.779312 81.140266 137.980606
v 175.833374 81.420258 141.331833
v 175.612793 82.088028 137.070160
v 175.939316 82.123367 136.704895
v 175.860550 81.796158 137.048004
v 175.538345 82.002220 140.947571
v 175.892899 81.839783 141.192978
v 175.408737 82.578476 136.936401
v 175.774582 82.583649 136.463303
v 175.839462 82.226196 140.915298
v 175.783432 82.633568 140.573959
v 175.605850 83.256546 136.063995
v 175.937332 83.293297 135.702713
v 175.848404 82.957245 136.043930
v 175.803116 83.067451 140.280075
v 175.382095 83.725021 135.914474
v 175.761627 83.746582 135.453857
v 175.800568 83.460960 139.954880
v 175.799026 83.851814 139.600418
v 175.522385 84.399475 135.018906
v 175.898865 84.491150 134.709412
v 175.823257 84.115349 135.026657
v 175.800034 84.247345 139.295639
v 175.810074 84.918373 134.407120
v 175.799240 84.633301 138.955658
v 175.798752 85.023483 138.600098
v 175.800842 85.704536 133.758545
v 175.803757 85.317375 134.056610
v 175.800079 85.419258 138.295624
v 175.802475 86.164955 133.577042
v 175.799408 85.796547 137.946686
v 175.790512 86.167801 137.571838
v 175.829239 86.691765 133.388046
v 175.722549 86.544609 137.250183
v 175.714508 87.510292 132.770218
v 175.765152 87.125351 133.087952
v 175.761581 86.914772 136.916534
v 175.813812 87.322517 136.575577
v 175.790375 87.929939 132.464539
v 175.799911 87.752525 136.279877
v 175.704117 88.689720 131.812149
v 175.759430 88.313034 132.102600
v 175.800476 88.154564 135.958679
v 175.800003 88.566368 135.642731
v 175.769150 89.106651 131.658676
v 175.780594 89.040657 135.412140
v 175.787537 89.662575 131.561935
v 175.698059 89.463737 135.206314
v 175.802094 90.242561 131.484909
v 175.747955 89.825539 134.905960
v 175.773682 90.243690 134.482910
v 175.414017 90.879776 131.074051
v 175.840744 90.791687 131.364227
v 175.639114 90.732391 134.256363
v 175.572281 91.388489 130.963455
v 175.943344 91.347374 131.297836
v 175.480148 91.379616 133.955643
v 175.766968 91.098160 133.961243
v 175.848083 91.474510 133.640396
v 175.646561 92.081871 130.717361
v 175.793732 91.712433 131.009811
v 175.759338 91.975060 133.377960
v 175.353027 92.661278 130.118210
v 175.683868 92.578369 130.552704
v 175.614273 92.487503 133.229218
v 175.448120 93.185257 130.037903
v 175.744019 93.175583 130.529205
v 175.460632 93.116768 132.943115
v 175.734085 92.837288 132.944412
v 175.783478 93.209038 132.520111
v 175.502228 93.783897 129.979141
v 175.769836 93.759705 130.514450
v 175.675934 93.737045 132.326019
v 175.264008 94.419273 129.088409
v 175.570267 94.347046 129.983154
v 175.758667 94.342300 130.515045
v 175.596588 94.240395 132.209427
v 175.346512 94.943420 129.045685
v 175.579956 94.956749 129.997253
v 175.703995 94.896126 130.543839
v 175.448151 94.864128 131.937912
v 175.704941 94.579826 131.935272
v 175.710480 94.880936 131.471756
v 175.400925 95.540833 129.014847
v 175.512192 95.520012 130.003418
v 175.688980 95.150658 131.004501
v 175.507050 95.503777 130.966583
v 175.256073 96.177048 128.085007
v 175.439423 96.108803 129.006622
v 175.446716 96.098503 129.993988
v 175.286880 96.024887 130.915451
v 175.330658 96.702454 128.044632
v 175.441574 96.689659 129.000702
v 175.357697 96.657005 129.977997
v 175.387787 97.300377 128.016632
v 175.424133 97.269768 128.994812
v 175.254913 97.198311 129.917374
v 175.243896 97.935020 127.092865
v 175.418213 97.867035 128.005417
v 175.351974 97.828362 128.975937
v 175.285782 98.461494 127.073174
v 175.411285 98.442818 127.995079
v 175.261383 98.372765 128.919266
v 175.320404 99.040619 127.052979
v 175.381195 99.010773 127.985207
v 175.365173 99.647499 127.018547
v 175.339600 99.616135 127.960823
v 175.279068 100.293655 126.057144
v 175.415970 100.211525 127.004097
v 175.299789 100.191200 127.935501
v 175.259308 100.894547 125.095650
v 175.414337 100.807198 126.009491
v 175.421951 100.786476 126.990868
v 175.238266 100.715790 127.904633
v 175.516937 101.388344 125.032982
v 175.502670 101.377594 125.995842
v 175.389343 101.352623 126.981613
v 175.646652 102.138130 123.752800
v 175.667877 101.941483 124.077919
v 175.701126 101.721016 124.963387
v 175.724182 101.998123 125.459137
v 175.597809 101.937569 126.005455
v 175.354614 101.958031 126.949150
v 175.479782 102.612709 123.053154
v 175.822418 102.509903 123.464493
v 175.658279 102.541054 126.042343
v 175.879456 102.561470 125.521584
v 175.354492 102.551193 126.941925
v 175.753387 103.222603 122.720909
v 175.832855 102.798668 123.018585
v 175.749481 103.061867 126.084496
v 175.961670 103.056923 125.711182
v 175.411072 103.141388 126.956871
v 175.798035 103.731514 122.573242
v 175.884018 103.378372 126.051422
v 175.826950 103.702179 126.512955
v 175.561584 103.685783 126.997925
v 175.800064 104.309425 122.548851
v 175.751755 104.043259 126.963821
v 175.595764 104.395523 127.194618
v 175.819443 104.881905 122.599258
v 175.595367 104.799370 127.188492
v 175.448746 105.506210 122.974258
v 175.863098 105.443214 122.673706
v 175.484756 105.449768 126.960930
v 175.764160 105.162361 126.955025
v 175.873947 105.561920 126.671150
v 175.553391 106.054924 123.036049
v 175.923080 106.054260 122.688309
v 175.780640 106.035194 126.442917
v 175.670334 106.580353 123.108078
v 175.986069 106.563629 122.744843
v 175.703827 106.431023 126.193161
v 175.886353 106.857475 123.071411
v 175.789444 107.017334 124.024460
v 175.807693 106.868683 124.983475
v 175.731125 106.643936 125.890587
v 176.384491 77.467339 140.983871
v 176.464523 77.403992 140.524750
v 176.504807 77.138489 140.994629
v 176.523254 77.402657 141.436432
v 176.187790 78.015228 140.080185
v 176.484116 78.038094 139.696030
v 176.435898 77.687721 140.037842
v 176.219696 77.960403 140.971741
v 176.428268 77.940964 141.479568
v 176.347321 78.486214 139.372284
v 176.022995 78.477951 141.008820
v 176.343933 78.545685 141.497147
v 176.126923 79.138474 139.037567
v 176.502594 79.232483 138.746002
v 176.405975 78.838829 139.029083
v 176.374176 79.138603 141.589752
v 176.399063 79.711884 138.533905
v 176.380905 79.700653 141.521118
v 176.296143 80.186272 138.307297
v 176.388672 80.281029 141.490784
v 176.080826 80.857689 137.984406
v 176.455017 80.936996 137.570450
v 176.377655 80.565071 137.986786
v 176.387970 80.862793 141.444809
v 176.149551 81.525818 137.060364
v 176.472763 81.656242 136.774155
v 176.443939 81.315292 137.111664
v 176.365601 81.417732 141.357361
v 176.392181 82.068840 136.460739
v 176.292740 81.839027 141.192017
v 176.133240 82.673637 136.053146
v 176.471069 82.821869 135.769836
v 176.429916 82.451530 136.094330
v 176.345230 82.217537 140.906677
v 176.385254 82.613472 140.554825
v 176.392242 83.240913 135.460968
v 176.298187 83.030266 140.247940
v 176.130814 83.844162 135.051590
v 176.479385 84.003670 134.815979
v 176.430008 83.627716 135.100220
v 176.337143 83.385429 139.912918
v 176.362000 83.795662 139.484161
v 176.392563 84.426735 134.613922
v 176.237854 84.209076 139.211945
v 176.415390 84.930809 134.363754
v 176.315216 84.535210 138.889206
v 176.352127 84.958870 138.473358
v 176.278305 85.750107 133.806595
v 176.351425 85.349640 134.064957
v 176.236618 85.378838 138.210022
v 176.328262 86.167305 133.675674
v 176.306656 85.687973 137.884995
v 176.313324 86.072891 137.430801
v 176.353104 86.706421 133.613770
v 176.072968 86.697418 136.970001
v 176.389816 86.437126 137.001770
v 176.443436 86.793839 136.650848
v 176.049652 87.367744 133.052246
v 176.399246 87.261230 133.470306
v 176.338821 87.281937 136.370010
v 176.221710 87.993553 132.724396
v 176.308517 87.652458 133.056091
v 176.213638 87.728729 136.182480
v 176.044968 88.545120 132.057938
v 176.346634 88.471291 132.493683
v 176.302612 88.049355 135.883240
v 176.312653 88.455566 135.450989
v 176.171738 89.179611 131.809570
v 176.302734 88.828789 132.064087
v 176.198730 88.961060 135.232300
v 176.218613 89.671875 131.762390
v 176.033203 89.589821 134.936325
v 176.293549 89.307968 134.939301
v 176.324051 89.622337 134.476730
v 176.233688 90.248322 131.733215
v 176.152222 90.263374 134.037903
v 176.366867 89.940353 133.991623
v 176.419678 90.265213 133.527618
v 176.248901 90.833580 131.690765
v 175.986282 90.779953 133.926041
v 176.288635 90.834526 133.464218
v 176.262680 91.418114 131.660614
v 176.227646 91.339157 133.291595
v 175.975342 92.082726 131.109787
v 176.208542 91.937447 131.568573
v 176.128174 92.019714 132.990356
v 176.316254 91.677505 132.963928
v 176.321182 91.975441 132.485138
v 175.956589 92.591003 131.047607
v 176.291565 92.235512 132.006714
v 176.173996 92.607681 131.994324
v 175.896851 92.515778 132.926422
v 175.949844 93.173935 131.035172
v 176.000717 93.148026 131.982147
v 175.918411 93.758476 131.037094
v 175.893921 93.742096 131.944092
v 175.886749 94.330154 131.033676
v 175.807175 94.264709 131.908173
v 175.803650 94.825539 131.012817
v 175.828232 102.098335 124.062454
v 175.871689 102.053276 124.957382
v 176.130615 102.532280 124.000557
v 176.110809 102.537697 124.991325
v 176.270950 103.340721 122.801521
v 176.291656 103.062157 123.067551
v 176.381958 102.833374 123.979538
v 176.339935 102.883698 124.978996
v 176.322006 103.198387 125.344360
v 176.359299 103.752708 122.636002
v 176.120377 103.696724 126.023750
v 176.435226 103.668999 125.642021
v 176.385910 104.308296 122.545761
v 176.368515 104.026581 125.989906
v 175.940414 104.357033 126.892807
v 176.254669 104.358917 126.422165
v 176.384293 104.894730 122.495415
v 175.945557 104.845261 126.889557
v 176.293701 104.917397 126.461952
v 176.372849 105.470291 122.446625
v 176.287964 105.473488 126.353432
v 176.353363 106.039970 122.381119
v 176.209747 105.971046 126.236320
v 176.351303 106.646019 122.416733
v 176.040955 106.558594 125.927834
v 176.337494 106.315285 125.942650
v 176.425034 106.645111 125.526581
v 176.164917 107.166832 123.024078
v 176.466492 107.161682 122.572212
v 176.114258 107.217720 123.987564
v 176.438675 107.200584 124.452103
v 176.342255 106.930321 124.990585
v 176.449570 107.469406 123.019691
v 176.450089 107.462669 123.979279
v 176.930634 76.286819 141.060333
v 177.130249 76.275520 140.717865
v 177.100571 75.984207 141.044128
v 177.093872 75.958969 141.961304
v 176.967209 76.277687 141.932465
v 177.164673 76.262146 142.256699
v 176.686691 76.778488 141.022141
v 176.959564 76.734970 140.471756
v 176.857712 76.787315 141.933411
v 177.120529 76.773148 142.291306
v 176.715546 77.386597 140.035141
v 177.083893 77.470169 139.732727
v 176.999039 77.086815 140.030762
v 176.742279 77.332573 141.924408
v 177.103043 77.348534 142.280426
v 177.001114 77.973091 139.453201
v 176.736740 77.938782 141.953369
v 177.102661 77.936867 142.271652
v 176.709366 78.575104 139.064545
v 176.973053 78.790039 138.876694
v 176.974304 78.405678 139.133591
v 176.728836 78.522797 141.954300
v 177.112823 78.512398 142.255768
v 176.971817 79.174828 138.651199
v 176.777985 79.069946 141.923767
v 177.162643 79.008400 142.206360
v 176.949753 79.665230 138.388885
v 176.994553 79.386063 141.970535
v 176.857025 79.809792 141.733505
v 176.694626 80.303177 138.027344
v 177.050751 80.476685 137.766739
v 177.010162 80.087158 138.074860
v 176.961685 80.297401 141.571548
v 177.000412 80.886772 137.443741
v 176.964691 80.849472 141.420288
v 176.888443 81.647331 136.766983
v 176.932343 81.277458 137.093338
v 176.861969 81.332680 141.255508
v 176.964539 82.066788 136.461121
v 176.653915 82.004662 140.959015
v 176.963806 81.737320 140.987061
v 177.027924 82.094574 140.646881
v 176.886642 82.822136 135.770248
v 176.931427 82.450821 136.097534
v 176.895081 82.546371 140.328247
v 176.960297 83.247421 135.471054
v 176.643372 83.165627 139.955475
v 176.957230 82.902580 139.981445
v 177.023819 83.253761 139.547134
v 176.810898 83.983788 134.849228
v 176.911758 83.640419 135.120499
v 176.784653 83.855293 139.076889
v 177.040619 83.628220 139.082748
v 177.092133 83.920937 138.707047
v 176.895813 84.436104 134.709915
v 176.551239 84.310028 138.907425
v 176.938904 84.336159 138.457352
v 176.958725 84.980217 134.531708
v 176.757812 85.002167 138.052765
v 177.006424 84.702599 138.027725
v 177.077927 85.024635 137.667160
v 176.646027 85.595200 134.050293
v 177.069687 85.524300 134.385498
v 176.544098 85.475204 137.902039
v 176.916626 85.493973 137.442413
v 176.691666 86.151054 133.881317
v 176.888168 85.880257 134.078644
v 176.678543 86.140854 137.000610
v 176.968506 85.845535 136.997131
v 177.003952 86.186989 136.540436
v 176.880707 86.409828 134.058990
v 176.726959 86.763519 133.970230
v 176.986603 86.743652 134.477798
v 176.841827 86.661217 136.313385
v 176.685944 87.365196 133.998917
v 176.875793 87.274048 134.546341
v 176.710922 87.329277 135.989120
v 176.913040 86.992355 135.967758
v 176.906921 87.287712 135.485138
v 176.430466 87.975243 133.086960
v 176.662491 87.902939 134.008347
v 176.889496 87.552406 135.001999
v 176.762726 87.919518 134.991653
v 176.459549 87.808098 135.910812
v 176.528885 88.518814 133.023102
v 176.626022 88.483772 133.999741
v 176.561676 88.448814 134.972305
v 176.410065 89.148193 132.095398
v 176.587097 89.078461 133.009476
v 176.575485 89.056549 133.989761
v 176.423599 88.992676 134.914459
v 176.459320 89.671303 132.073044
v 176.591446 89.652763 132.996155
v 176.476547 89.583488 133.950211
v 176.471466 90.245132 132.066849
v 176.546814 90.218735 132.985001
v 176.462479 90.828323 132.064575
v 176.484222 90.816185 132.957123
v 176.443405 91.400139 132.053757
v 176.411850 91.338486 132.918839
v 176.384048 91.897408 132.019623
v 176.581451 103.261711 123.051628
v 176.669708 103.144142 123.997681
v 176.600021 103.210991 124.964981
v 176.834503 103.862709 122.772278
v 176.880386 103.524208 123.048615
v 176.954910 103.446358 124.001678
v 176.854233 103.520729 124.956657
v 176.815155 103.804192 125.291252
v 176.949875 104.331604 122.605232
v 176.581451 104.348984 125.940132
v 176.947601 104.319748 125.478615
v 176.967270 104.882629 122.451859
v 176.669754 104.894279 125.992523
v 177.033051 104.895470 125.609627
v 176.869751 105.372017 122.275482
v 176.668182 105.477173 125.991699
v 177.051971 105.479828 125.633987
v 176.770538 106.103882 122.068604
v 177.164856 106.171509 121.805679
v 176.999237 105.794518 122.036919
v 176.581100 106.023224 125.925316
v 176.985809 106.084023 125.591370
v 176.730438 106.650269 122.053589
v 177.119217 106.651634 121.755135
v 176.949753 106.556305 125.340424
v 176.805557 107.188118 122.092201
v 177.165726 107.155495 121.777481
v 176.970840 106.918007 124.973694
v 176.971497 107.273453 124.590919
v 177.014740 107.505623 122.032104
v 176.731873 107.769508 123.010086
v 176.983948 107.814568 122.504791
v 176.774429 107.700737 123.952209
v 177.062561 107.636116 124.259163
v 177.039429 108.060417 123.030334
v 177.072830 107.891190 123.938385
v 177.528793 75.127327 141.988632
v 177.632721 75.065865 141.525345
v 177.694153 74.818954 141.994583
v 177.685883 75.059914 142.439758
v 177.350937 75.658844 141.060867
v 177.673904 75.711472 140.729446
v 177.606277 75.344254 141.039703
v 177.279984 75.604416 141.986404
v 177.543488 75.618614 142.483337
v 177.565308 76.188309 140.446396
v 177.504227 76.181183 142.601944
v 177.303650 76.813179 140.052765
v 177.652542 76.970100 139.812408
v 177.602890 76.591888 140.097565
v 177.535156 76.797615 142.610184
v 177.569763 77.392273 139.624374
v 177.555481 77.353714 142.515564
v 177.564697 77.931770 139.453705
v 177.566208 77.935471 142.457199
v 177.241867 78.565208 139.049408
v 177.664383 78.401482 139.264572
v 177.570023 78.521446 142.416870
v 177.448868 79.229256 138.722443
v 177.554626 78.821190 139.006821
v 177.587494 79.076317 142.343567
v 177.554367 79.705666 138.442551
v 177.283722 79.670883 141.965439
v 177.651932 79.494415 142.190872
v 177.463715 80.480347 137.792358
v 177.517456 80.108437 138.101791
v 177.596817 79.885986 141.918488
v 177.522110 80.321457 141.618149
v 177.535828 80.898163 137.559402
v 177.520569 80.806252 141.335632
v 177.244354 81.482330 137.034760
v 177.631485 81.371185 137.331558
v 177.272125 81.463112 141.010925
v 177.586853 81.224052 141.030426
v 177.611633 81.565842 140.669891
v 177.421402 82.116997 136.700409
v 177.535782 81.763870 137.026947
v 177.499359 81.985283 140.351639
v 177.224640 82.677147 136.049973
v 177.571442 82.586815 136.470444
v 177.259155 82.619720 139.993332
v 177.555649 82.329376 139.994507
v 177.601929 82.670959 139.635254
v 177.394485 83.302383 135.729538
v 177.500931 82.962547 136.051880
v 177.491470 83.086334 139.315201
v 177.131866 83.872925 135.103973
v 177.458649 83.789207 135.541656
v 177.511902 83.403465 138.934937
v 177.501709 83.754486 138.452072
v 177.296631 84.372589 134.996765
v 177.582993 84.363770 135.476791
v 177.268875 84.387291 138.002747
v 177.551010 84.079819 137.988312
v 177.553650 84.412056 137.522278
v 177.347412 85.062935 134.784744
v 177.494278 84.702919 135.043533
v 177.416092 84.898849 137.306992
v 177.372070 85.442978 134.752304
v 177.239502 85.533241 136.983261
v 177.476410 85.214951 136.952377
v 177.490479 85.517143 136.477127
v 176.958496 86.128166 134.148453
v 177.422897 85.814331 134.981155
v 177.330414 86.173332 135.011230
v 177.285202 86.151558 135.996170
v 177.483170 85.800240 135.986679
v 177.143387 86.694534 135.009567
v 177.062897 86.656929 135.933823
v 177.003494 87.214714 135.013412
v 177.177475 103.809380 123.045074
v 177.242935 103.753242 124.013626
v 177.054108 103.811600 124.941994
v 177.425934 104.445969 122.744873
v 177.470383 104.102394 123.043015
v 177.517410 104.053795 123.990227
v 177.552277 104.312294 124.497566
v 177.317551 104.277725 125.004738
v 177.535217 104.938583 122.449448
v 177.519028 104.624100 124.972862
v 177.390656 104.971649 125.271484
v 177.289658 105.521454 122.056160
v 177.564499 105.742805 121.872215
v 177.560684 105.360092 122.131149
v 177.438324 105.487000 125.318466
v 177.573334 106.121216 121.690559
v 177.423279 106.057991 125.295776
v 177.573944 106.656807 121.589241
v 177.389847 106.487022 125.181015
v 177.574539 107.234741 121.537491
v 177.505142 106.837807 124.910843
v 177.587860 107.267860 124.622780
v 177.212021 107.855782 121.999283
v 177.601791 107.763412 121.525398
v 177.603363 107.750160 124.329552
v 177.444778 108.333679 122.034164
v 177.684158 108.362656 121.566086
v 177.322693 108.341766 122.967934
v 177.573242 108.393669 123.493042
v 177.536118 108.153740 123.981682
v 177.623123 108.659874 122.021446
v 177.611313 108.651886 122.987961
v 178.155838 73.957176 142.981995
v 178.220276 73.893738 142.524063
v 178.291733 73.653648 142.992966
v 178.298935 73.895836 143.429474
v 177.920578 74.479698 142.057617
v 178.168869 74.446121 141.514465
v 178.168152 74.150398 142.011398
v 178.009781 74.444580 142.963898
v 178.215988 74.424713 143.464737
v 177.890472 75.046669 141.038254
v 178.265900 75.133179 140.755295
v 178.183014 74.755890 141.039780
v 177.895645 74.986885 142.943314
v 178.235977 75.026596 143.465820
v 178.159897 75.618652 140.577194
v 177.881500 75.596077 142.973984
v 178.241211 75.584801 143.342407
v 178.176987 76.133316 140.357925
v 177.886032 76.177338 142.962158
v 178.282990 76.159447 143.255630
v 178.050201 76.967384 139.808777
v 178.107529 76.571106 140.075821
v 177.960358 76.711121 142.906357
v 178.309082 76.581070 143.144836
v 178.113876 77.386826 139.656097
v 178.195740 76.943611 142.901367
v 178.108032 77.400558 142.658890
v 178.133484 77.942848 139.538620
v 178.143707 77.939217 142.516861
v 178.161911 78.511765 139.441574
v 178.138489 78.518425 142.438004
v 177.847244 79.113708 139.005447
v 178.239944 79.017151 139.313400
v 178.114594 79.075516 142.344086
v 178.002533 79.775337 138.704987
v 178.120880 79.419472 139.026718
v 178.048187 79.492256 142.187866
v 177.803848 80.339844 138.057632
v 178.129272 80.257515 138.489655
v 178.103287 79.868736 141.897278
v 178.135483 80.262466 141.545166
v 177.943970 80.971611 137.777695
v 178.060120 80.624268 138.063828
v 178.049210 80.690704 141.251617
v 178.019577 81.469955 137.666489
v 178.087646 81.041161 140.914490
v 178.054489 81.380005 140.433624
v 177.756027 82.086594 137.062988
v 178.061737 82.023392 137.525360
v 177.832306 82.020432 139.982971
v 178.095749 81.714699 139.972092
v 178.115875 82.057915 139.511459
v 177.917542 82.596161 136.961563
v 178.156113 82.604614 137.477936
v 177.990234 82.547295 139.295273
v 177.708130 83.296532 136.112732
v 177.921463 83.220200 136.613129
v 178.082275 82.937904 137.026474
v 177.799469 83.150246 138.951904
v 178.053726 82.863663 138.945847
v 178.059158 83.156837 138.470078
v 177.719772 83.804832 136.044678
v 178.051468 83.464966 137.019485
v 177.933624 83.822472 136.985199
v 177.796997 83.760155 137.963791
v 178.032593 83.424309 137.976868
v 177.719482 84.405968 136.018066
v 177.745239 84.349640 136.981842
v 177.553406 85.035370 135.099869
v 177.696091 84.957756 135.999496
v 177.602066 84.890656 136.920029
v 177.534775 85.461380 135.069717
v 177.602097 85.457138 135.971329
v 177.761612 104.397469 123.043304
v 177.794556 104.362221 123.988228
v 178.049026 104.990959 122.689629
v 178.054825 104.689209 123.039803
v 178.047043 104.676178 123.977272
v 177.717865 104.944298 124.909309
v 178.008881 104.958351 124.423355
v 177.836212 105.516991 122.039207
v 178.188187 105.383423 122.344063
v 177.798157 105.484581 124.956482
v 178.189713 105.510818 124.499054
v 178.100433 106.147064 121.707809
v 178.165787 105.725403 121.987190
v 177.823929 106.061157 124.969963
v 178.225510 106.064949 124.637283
v 178.140732 106.660713 121.521645
v 177.748230 106.599968 124.914566
v 178.194992 106.685410 124.662910
v 178.104797 107.200615 121.346245
v 178.145035 107.248863 124.553497
v 177.994064 107.889198 121.116081
v 178.320602 107.998688 120.846550
v 178.198914 107.639030 121.092384
v 178.155396 107.801460 124.401657
v 177.949738 108.420525 121.096291
v 178.304749 108.411118 120.777191
v 177.881378 108.355927 123.961136
v 178.238556 108.213341 124.208229
v 178.077286 108.923584 121.086731
v 178.351196 108.898369 120.797119
v 177.799164 108.999008 121.989777
v 177.902252 108.956718 122.959702
v 178.220764 108.921616 123.424889
v 178.200836 108.563805 123.901566
v 178.213425 109.256165 121.041016
v 178.072723 109.471481 121.996124
v 178.203110 109.548279 121.515182
v 178.207993 109.531723 122.477989
v 178.178711 109.257713 122.979851
v 178.268951 109.774078 121.998375
v 178.503479 73.318832 143.028870
v 178.727386 73.248154 142.498962
v 178.739380 72.971115 143.003662
v 178.815079 73.006454 143.969620
v 178.678238 73.341690 143.933731
v 178.957977 73.270523 144.315735
v 178.446960 73.847321 142.006744
v 178.782791 73.875458 141.547562
v 178.729797 73.540741 141.995605
v 178.525635 73.829330 143.911774
v 178.876205 73.833031 144.275131
v 178.486191 74.483757 141.052094
v 178.833359 74.612991 140.792130
v 178.788422 74.246941 141.081909
v 178.519638 74.415421 143.934021
v 178.875610 74.407463 144.245285
v 178.750977 75.040276 140.632309
v 178.581619 74.940468 143.886688
v 178.906540 74.832504 144.155579
v 178.727737 75.600403 140.523163
v 178.788376 75.187973 143.901505
v 178.707809 75.620293 143.603470
v 178.741516 76.162445 140.408218
v 178.732651 76.142639 143.390976
v 178.417999 76.792068 140.034500
v 178.845123 76.660912 140.276978
v 178.645874 76.566368 143.198624
v 178.536758 77.454094 139.795609
v 178.702988 77.078453 140.035355
v 178.694214 76.957642 142.920380
v 178.751450 77.391479 142.621719
v 178.589310 77.950081 139.742172
v 178.710144 77.921700 142.426300
v 178.607208 78.530418 139.698532
v 178.652374 78.480026 142.292725
v 178.627411 79.113434 139.650574
v 178.533325 79.004700 142.209900
v 178.310471 79.753761 139.084885
v 178.610336 79.672569 139.547714
v 178.389053 79.636940 141.942078
v 178.661865 79.357941 141.943649
v 178.700165 79.713654 141.510010
v 178.402374 80.336014 139.018341
v 178.607208 80.241119 139.556763
v 178.558151 80.180717 141.271820
v 178.171219 80.942696 138.098755
v 178.400192 80.872246 139.015457
v 178.656616 80.534508 140.013031
v 178.515335 80.882851 139.978668
v 178.340775 80.782913 140.930786
v 178.590942 80.473312 140.948853
v 178.232224 81.468407 138.062958
v 178.355835 81.447060 138.996063
v 178.259674 81.374702 139.947845
v 178.251053 82.042763 138.040604
v 178.270844 82.003906 138.979340
v 178.248566 82.638435 138.014526
v 178.172501 82.545166 138.920486
v 178.101776 83.200905 137.082825
v 178.169739 83.110603 137.973892
v 178.768433 95.659637 102.074997
v 178.929642 95.717346 101.857918
v 178.871490 95.555283 102.074707
v 178.871689 95.556458 102.925003
v 178.767593 95.660042 102.925087
v 178.920807 95.709564 103.167969
v 178.679108 96.121727 102.070152
v 178.899551 96.119766 101.769302
v 178.661346 96.121925 102.940163
v 178.869171 96.116974 103.327568
v 178.652969 96.689980 102.068069
v 178.888580 96.689705 101.751465
v 178.617966 96.692696 102.957375
v 178.830582 96.671471 103.463707
v 178.665436 97.262505 102.070580
v 178.898376 97.262260 101.763397
v 178.608307 97.274750 102.963562
v 178.780258 97.277260 103.474609
v 178.710358 97.787598 102.089569
v 178.942474 97.764175 101.801399
v 178.626465 97.854027 102.966377
v 178.779129 97.860992 103.476715
v 178.788925 98.128113 102.043442
v 178.676788 98.415604 102.985443
v 178.740829 98.457954 102.483109
v 178.799805 98.442245 103.469269
v 178.762634 98.937782 102.999039
v 178.876190 98.966553 102.575890
v 178.857681 98.988937 103.443573
v 178.851212 99.252831 102.997925
v 178.347824 104.992943 123.047821
v 178.243500 104.974609 123.955078
v 178.650726 105.551727 122.566284
v 178.631714 105.281700 123.010338
v 178.730972 105.480103 123.500778
v 178.525223 105.423080 124.027130
v 178.635269 106.252571 121.777367
v 178.675644 105.893471 122.081818
v 178.768234 105.700272 124.009476
v 178.690811 106.112808 124.356277
v 178.723236 106.669281 121.549599
v 178.726746 106.656700 124.485390
v 178.730835 107.135643 121.321533
v 178.729736 107.238457 124.503357
v 178.731155 107.974503 120.765259
v 178.730713 107.565063 121.035706
v 178.731094 107.812653 124.425774
v 178.745224 108.426331 120.638565
v 178.740784 108.273308 124.260155
v 178.757828 108.981995 120.624153
v 178.736069 108.665955 123.961441
v 178.731873 109.049988 123.602615
v 178.412292 109.596146 121.025146
v 178.811691 109.533234 120.714554
v 178.474991 109.543495 122.965698
v 178.833740 109.470268 123.293053
v 178.668289 110.064125 121.066353
v 178.937149 110.054443 120.801971
v 178.517334 110.084732 121.967720
v 178.767120 110.129723 122.479454
v 178.769058 109.834450 122.962036
v 178.860474 110.358887 121.053268
v 178.797195 110.395378 121.985756
v 179.214767 72.168823 143.025864
v 179.389908 72.129868 142.528610
v 179.404099 71.854187 143.016251
v 179.364624 71.818474 143.988480
v 179.190262 72.154327 143.980621
v 179.356598 72.096054 144.488251
v 179.225632 72.738632 142.077530
v 179.501923 72.767929 141.773270
v 179.406708 72.430443 142.062378
v 178.933762 72.637672 142.991425
v 178.978302 72.664909 144.019409
v 179.404404 72.400291 144.949509
v 179.330658 72.661148 144.896088
v 179.591644 72.653961 145.121140
v 178.969696 73.219170 141.997681
v 179.351974 73.276733 141.615982
v 179.328384 72.929672 144.873795
v 179.269241 73.374382 144.654190
v 179.252670 73.717484 141.320389
v 179.311188 73.842316 144.528183
v 179.352219 74.507263 140.735855
v 179.297195 74.082458 140.988770
v 179.329849 74.402649 144.401031
v 179.306702 75.019951 140.613968
v 179.318481 74.858360 144.236816
v 179.306396 75.595222 140.563263
v 179.317154 75.262009 143.958466
v 179.310791 75.675987 143.633667
v 179.303131 76.184753 140.539398
v 179.282516 76.123444 143.348389
v 179.308456 76.764565 140.518509
v 179.016388 76.752029 142.984924
v 179.344864 76.534523 143.027893
v 179.374283 76.883545 142.675705
v 178.904404 77.400078 140.090332
v 179.298523 77.288002 140.513901
v 179.277191 77.327583 142.382828
v 178.948822 77.946266 140.059708
v 179.257828 77.928352 140.531616
v 179.127991 77.843887 142.231583
v 178.965027 78.546944 140.068604
v 179.193420 78.479263 140.556427
v 179.049423 78.537064 141.980881
v 179.247787 78.198502 141.957932
v 179.252441 78.497841 141.485260
v 178.890076 79.108253 140.052673
v 179.232529 78.761314 141.002625
v 179.101868 79.129791 140.996490
v 178.826523 79.037292 141.926514
v 178.833542 79.684563 140.045258
v 178.904190 79.660698 140.979950
v 178.760513 80.195923 140.047272
v 178.740631 80.179260 140.938385
v 179.330795 95.687820 101.769737
v 179.332291 95.469894 102.070358
v 179.332047 95.460884 102.936699
v 179.328094 95.668526 103.317398
v 179.331009 96.118980 101.610466
v 179.261993 96.050423 103.637177
v 179.326675 96.690811 101.568489
v 179.354538 96.426109 103.951225
v 179.153214 96.741158 103.904594
v 179.510300 96.796783 104.192635
v 179.328430 97.274796 101.576996
v 179.093033 97.282722 103.944695
v 179.458206 97.287041 104.251534
v 179.341797 97.847969 101.621773
v 179.076736 97.863098 103.957680
v 179.441101 97.865051 104.281502
v 178.993835 98.458252 101.998734
v 179.395447 98.396263 101.718727
v 179.067581 98.455154 103.972824
v 179.402359 98.451431 104.362022
v 179.162018 98.955673 102.099251
v 179.485184 98.858147 101.837593
v 179.038345 99.088104 103.986832
v 179.315796 98.991440 104.523758
v 179.379684 99.194275 102.108727
v 179.024155 99.611244 103.044075
v 179.360397 99.602158 102.532150
v 179.062393 99.619896 103.996964
v 179.396408 99.374481 104.937332
v 179.287079 99.692810 104.902596
v 179.528625 99.726654 105.192574
v 179.244614 100.129723 103.080139
v 179.494705 100.098038 102.758934
v 179.109314 100.195755 103.997688
v 179.246323 100.217239 104.925583
v 179.468643 100.218834 105.264824
v 179.388718 100.452515 103.057640
v 179.194046 100.755844 104.020218
v 179.355774 100.806175 103.493706
v 179.241669 100.781357 104.939812
v 179.448898 100.791359 105.332367
v 179.314590 101.274292 104.062126
v 179.487305 101.278145 103.726982
v 179.296616 101.290047 104.947815
v 179.490295 101.315254 105.432640
v 179.450180 101.574104 104.048691
v 179.397552 101.627007 104.983459
v 178.926605 105.579117 123.008415
v 178.996780 106.113052 122.033195
v 179.317612 106.062523 122.498726
v 179.254181 105.829445 123.030525
v 179.220917 105.989944 123.939087
v 179.212646 106.267654 124.212173
v 179.282883 106.707741 121.650368
v 179.355682 106.299408 122.000771
v 179.300919 106.677795 124.385612
v 179.347931 107.188766 121.356895
v 179.317001 107.237434 124.469604
v 179.215561 108.015327 120.793999
v 179.278549 107.621727 121.067688
v 179.316071 107.815056 124.438896
v 179.290405 108.440506 120.637627
v 179.316620 108.282997 124.275299
v 179.316406 108.997650 120.567375
v 179.316071 108.700699 123.997169
v 179.310791 109.107056 123.683441
v 179.325333 109.579147 120.568848
v 179.330933 109.555992 123.425056
v 179.346710 110.141251 120.636063
v 179.076172 110.097816 122.943016
v 179.418228 109.969772 123.203674
v 179.124039 110.656975 121.048843
v 179.456680 110.617691 120.768387
v 179.090790 110.685463 121.977562
v 179.399963 110.670853 122.419792
v 179.377945 110.313255 122.894516
v 179.407394 110.955673 121.045280
v 179.391083 110.971832 121.976593
v 179.808746 71.002777 144.030533
v 179.955444 70.948517 143.521011
v 179.986847 70.679390 144.015350
v 179.981583 70.657310 144.981277
v 179.847534 70.990700 144.955811
v 180.039322 70.951042 145.432739
v 179.670151 71.540192 143.041000
v 179.976501 71.564568 142.572662
v 179.934418 71.227852 143.018326
v 179.535233 71.475204 144.017014
v 179.725525 71.510109 144.963089
v 180.000732 71.515945 145.469330
v 179.672653 72.154419 142.064407
v 180.004623 72.274361 141.795929
v 179.962219 71.927856 142.101349
v 179.559052 72.043526 144.993271
v 179.938873 72.093712 145.374313
v 179.928909 72.702011 141.618286
v 179.961548 72.636314 145.344131
v 179.913666 73.261940 141.413834
v 179.636322 73.219421 144.952759
v 180.007401 73.057526 145.199036
v 179.624039 73.874245 141.049622
v 179.834442 74.086166 140.919540
v 179.891327 73.716919 141.135941
v 179.939438 73.457161 144.936722
v 179.868774 73.884628 144.646606
v 179.768661 74.452072 140.787994
v 179.889893 74.386673 144.411728
v 179.768204 75.010063 140.737946
v 179.803253 74.817566 144.210526
v 179.767395 75.592598 140.735046
v 179.859955 75.194191 143.913651
v 179.897476 75.583199 143.556961
v 179.744141 76.167336 140.752945
v 179.807632 76.003502 143.252853
v 179.689697 76.678146 140.784454
v 179.845337 76.352463 142.913910
v 179.806808 76.691483 142.433151
v 179.788956 76.994286 141.037842
v 179.618851 77.368446 141.014725
v 179.602570 77.345352 141.973267
v 179.816422 77.001137 141.981308
v 179.453018 77.915680 141.030701
v 179.380661 77.856483 141.921494
v 179.336945 78.422020 141.014175
v 179.888412 95.686890 101.764366
v 179.887848 95.465584 102.070755
v 179.888535 95.455063 102.944702
v 179.890411 95.688232 103.433434
v 179.900742 96.117905 101.584808
v 179.901779 96.017517 103.851082
v 179.640060 96.160217 103.933945
v 179.901566 96.374878 104.113487
v 179.902008 96.690407 101.519394
v 179.901428 96.750954 104.282219
v 179.901077 97.275139 101.528976
v 179.902130 97.283379 104.362320
v 179.896164 97.858681 101.572136
v 179.902130 97.872208 104.436043
v 179.899780 98.429848 101.640846
v 179.884995 98.418663 104.603951
v 179.902054 98.882713 101.772423
v 179.937607 98.847832 104.907944
v 179.654282 99.089714 104.943649
v 179.997803 99.237770 105.187775
v 179.900787 99.285965 102.045044
v 179.900085 99.701164 102.358780
v 179.928894 99.653656 105.363136
v 179.923126 100.172859 102.589844
v 179.896957 100.207108 105.520195
v 179.654907 100.736549 103.054306
v 180.003342 100.599991 102.791718
v 179.822693 100.706841 105.679749
v 179.943878 100.977440 103.088417
v 179.904388 101.372444 103.436241
v 179.936829 101.109955 105.954597
v 179.737564 101.457733 105.877289
v 180.081589 101.473511 106.231453
v 179.690796 101.903114 104.056351
v 180.017380 101.844109 103.723671
v 179.542664 101.980858 105.025337
v 179.768921 101.963203 105.942467
v 180.019699 101.972435 106.338715
v 179.939651 102.217552 104.041145
v 179.777573 102.482819 105.037453
v 179.946823 102.519852 104.517921
v 179.815643 102.527542 105.949638
v 180.026443 102.526901 106.450249
v 179.926743 102.831619 105.002647
v 179.894974 103.032005 105.984367
v 179.959137 103.110847 105.513107
v 180.038864 103.089485 106.438469
v 179.994507 103.367859 105.996231
v 179.606171 106.059319 123.001427
v 179.543076 106.168350 123.957680
v 179.895737 106.780479 121.709564
v 179.895447 106.464317 122.048103
v 179.953491 106.217430 122.984993
v 179.895706 106.372116 123.961174
v 179.849350 106.740265 124.279243
v 179.906601 107.226616 121.460655
v 179.899429 107.246658 124.427498
v 179.594681 107.843483 121.024277
v 180.017120 107.698410 121.255135
v 179.901962 107.814613 124.431274
v 179.778000 108.535423 120.753319
v 179.899475 108.119835 121.005013
v 179.901367 108.282974 124.275307
v 179.877777 109.020279 120.619408
v 179.902100 108.701286 123.997673
v 179.902924 109.111816 123.700867
v 179.902420 109.582405 120.551498
v 179.899155 109.567154 123.453865
v 179.902863 110.168640 120.531288
v 179.900681 110.018776 123.240585
v 179.929840 110.733414 120.576286
v 179.904617 110.404633 122.940567
v 179.907303 110.796921 122.590424
v 179.697845 111.251076 121.041267
v 180.025970 111.225304 120.718071
v 179.693710 111.253983 121.960426
v 180.016312 111.215202 122.282715
v 179.988281 111.548012 121.039894
v 179.997131 111.534004 121.955223
v 180.387894 69.825668 145.029068
v 180.516800 69.754562 144.508713
v 180.557465 69.492661 145.011383
v 180.573410 69.486877 145.977951
v 180.453308 69.822784 145.948471
v 180.673248 69.801811 146.430649
v 180.236542 70.347458 144.029694
v 180.501358 70.331383 143.508087
v 180.479599 70.021111 143.996445
v 180.128357 70.307747 145.017319
v 180.360367 70.336555 145.935684
v 180.611801 70.313980 146.330139
v 180.228470 70.939812 143.031357
v 180.587479 71.013611 142.708908
v 180.524200 70.650795 143.035645
v 180.272720 70.880859 145.914795
v 180.626984 70.887337 146.276428
v 180.498505 71.440979 142.407883
v 180.330841 71.440666 145.899918
v 180.683899 71.383522 146.194565
v 180.485413 72.228386 141.764877
v 180.490540 71.840828 142.059158
v 180.522186 71.759163 145.954620
v 180.394730 72.176888 145.682266
v 180.474548 72.682625 141.605026
v 180.489227 72.654922 145.487305
v 180.486267 73.251266 141.502243
v 180.492493 73.106834 145.262283
v 180.082809 73.900925 141.104599
v 180.505661 73.802162 141.395111
v 180.488617 73.489983 144.943741
v 180.474701 73.887665 144.592224
v 180.157349 74.429016 141.042923
v 180.542038 74.417419 141.398361
v 180.388306 74.316467 144.292480
v 180.152939 75.009605 141.037964
v 180.515274 74.978943 141.508575
v 180.159134 74.962036 143.955368
v 180.462494 74.688797 143.971359
v 180.503738 75.043564 143.530838
v 180.137314 75.613434 141.068649
v 180.385956 75.551178 141.551804
v 180.328812 75.498901 143.282166
v 180.024200 76.161972 141.071930
v 180.425415 75.848656 142.011932
v 180.258347 76.189636 141.985809
v 180.098801 76.094406 142.931107
v 180.358826 75.789185 142.950790
v 179.908783 76.668755 141.070679
v 179.993637 76.666374 141.969833
v 180.374268 95.737083 101.813255
v 180.383911 95.536530 102.074158
v 180.386215 95.522888 102.934608
v 180.397583 95.704407 103.269501
v 180.455933 96.136047 101.647972
v 180.160385 96.165535 103.929581
v 180.512650 96.080231 103.612923
v 180.471832 96.690475 101.591583
v 180.441910 96.432236 103.944969
v 180.291275 96.798622 104.189674
v 180.462585 97.264496 101.612221
v 180.354141 97.292023 104.261856
v 180.420303 97.826286 101.690460
v 180.430954 97.897751 104.343681
v 180.351120 98.430397 101.748405
v 180.488846 98.445961 104.565315
v 180.312393 98.859520 101.843033
v 180.444778 98.856934 104.905365
v 180.394287 99.236534 105.193550
v 180.429642 99.214142 102.098129
v 180.507339 99.647400 102.390404
v 180.467453 99.657448 105.399490
v 180.480942 100.181831 102.578453
v 180.462708 100.161987 105.633377
v 180.487183 100.642235 102.759605
v 180.524338 100.598068 105.922371
v 180.217270 100.822350 105.960983
v 180.578629 100.986145 106.210388
v 180.486588 101.050514 103.037140
v 180.486633 101.470078 103.344734
v 180.506042 101.407074 106.445518
v 180.505020 101.932587 103.584549
v 180.416397 101.883255 106.668694
v 180.247284 102.484451 104.053993
v 180.581924 102.347023 103.806892
v 180.520233 102.280151 106.959137
v 180.330505 102.605209 106.899216
v 180.665405 102.644600 107.235451
v 180.526947 102.716278 104.105080
v 180.149841 103.157410 104.993156
v 180.526871 103.114189 104.533424
v 180.260818 103.168900 106.931061
v 180.595062 103.144203 107.345688
v 180.414856 103.628708 105.086044
v 180.646805 103.543175 104.792870
v 180.147842 103.722176 106.010422
v 180.344559 103.708427 106.954880
v 180.594955 103.695999 107.456459
v 180.581650 103.855255 105.116058
v 180.409683 104.204506 106.031654
v 180.603165 104.200218 105.590073
v 180.436111 104.222633 106.948631
v 180.619080 104.263870 107.438194
v 180.599304 104.513535 106.032303
v 180.560318 104.560303 106.987076
v 180.489792 106.799416 121.733162
v 180.485809 106.535149 122.063080
v 180.482727 106.379784 122.996574
v 180.409897 106.578590 123.917732
v 180.379990 106.856697 124.200233
v 180.486206 107.237518 121.485329
v 180.461227 107.268135 124.360443
v 180.500900 107.791687 121.335350
v 180.483261 107.810287 124.390732
v 180.197327 108.407623 120.995468
v 180.622299 108.277946 121.196144
v 180.477783 108.273094 124.260345
v 180.363266 109.121498 120.754677
v 180.490311 108.700981 120.996346
v 180.484787 108.675377 123.970482
v 180.490585 109.082924 123.640472
v 180.466675 109.604553 120.604446
v 180.442383 109.540245 123.350555
v 180.490067 110.159378 120.468170
v 180.325531 109.996864 123.176529
v 180.448196 110.726036 120.359695
v 180.438751 110.357780 122.915543
v 180.516602 110.795074 122.639885
v 180.436798 111.342110 120.395538
v 180.509872 111.305725 122.410538
v 180.271454 111.848053 121.021301
v 180.553711 111.854782 120.563934
v 180.297791 111.794739 121.946526
v 180.599533 111.719574 122.202515
v 180.577225 112.137688 121.036385
v 180.591812 111.987648 121.933510
v 180.971649 68.653084 146.027542
v 181.080124 68.568756 145.501282
v 181.146500 68.322021 146.011185
v 181.192947 68.339417 146.961258
v 181.066284 68.658188 146.932129
v 181.268616 68.643974 147.254883
v 180.998352 69.241684 144.062408
v 181.253571 69.259216 143.758621
v 181.195129 68.950020 144.052246
v 181.019089 68.811630 144.985458
v 180.786270 69.152252 145.002457
v 180.717331 69.137772 146.017319
v 180.975021 69.160995 146.920715
v 181.236023 69.145569 147.276001
v 180.723373 69.706169 143.987015
v 181.102264 69.738243 143.521225
v 180.915024 69.657257 146.873276
v 181.266159 69.633186 147.212753
v 180.830902 70.379761 143.054916
v 181.174728 70.515091 142.794098
v 181.126678 70.150925 143.093918
v 181.108994 70.002876 146.956497
v 180.992676 70.408096 146.674728
v 181.086044 70.941483 142.588547
v 181.074265 70.904129 146.505951
v 181.109558 71.453888 142.361069
v 181.095566 71.433655 146.329376
v 180.901199 72.252464 141.841385
v 181.022919 71.889793 142.087204
v 180.807312 72.033493 145.940323
v 181.080643 71.812744 146.125076
v 180.930954 72.678398 141.751556
v 181.078506 72.194839 145.859802
v 181.043823 72.610847 145.533676
v 180.942871 73.252975 141.719330
v 180.979004 73.055367 145.226501
v 180.927750 73.827812 141.707718
v 181.016006 73.400658 144.902008
v 180.998062 73.764336 144.428833
v 180.881393 74.338982 141.743774
v 180.751114 74.390968 143.972504
v 181.052185 74.104538 143.980331
v 181.025650 74.391258 143.483063
v 180.959167 74.647926 142.035980
v 180.782227 75.012817 142.012939
v 180.795685 75.014450 142.995590
v 181.010376 74.670128 142.988693
v 180.575363 75.513268 142.040375
v 180.540421 75.491890 142.943634
v 180.664429 95.671356 102.055115
v 180.668594 95.665146 102.952805
v 180.853485 96.217422 101.815170
v 180.920532 95.927612 102.055214
v 180.927002 95.923248 102.953079
v 180.895569 96.195496 103.275391
v 180.894714 96.690880 101.776360
v 180.649185 96.742035 103.904510
v 180.959122 96.686745 103.453972
v 180.860550 97.179146 101.801949
v 180.734756 97.285179 103.961708
v 181.032074 97.284012 103.478981
v 181.007599 97.542656 102.041031
v 180.826187 97.885796 101.985237
v 181.093033 97.882057 102.471077
v 180.829697 97.837250 104.019020
v 181.092590 97.841904 103.528809
v 180.731995 98.437744 102.040741
v 181.034225 98.440742 102.519981
v 181.012924 98.179359 103.966408
v 180.917221 98.538254 104.282951
v 180.636078 98.965790 102.112877
v 180.965393 99.051208 102.539001
v 180.737686 99.085403 104.941948
v 181.057098 99.016762 104.518852
v 180.955582 99.610909 102.672333
v 181.034225 99.363754 104.959999
v 180.956772 99.742722 105.275116
v 180.931076 100.189995 102.746445
v 181.070129 100.220673 105.553543
v 180.898575 100.617218 102.843636
v 181.029434 100.616631 105.905563
v 180.992889 100.991188 106.231201
v 181.015976 100.972221 103.097748
v 181.090836 101.401527 103.396431
v 181.047379 101.397507 106.558197
v 181.051117 101.923912 103.610992
v 181.113998 101.786385 106.906036
v 180.803009 101.993813 106.961433
v 181.164963 102.159058 107.208191
v 180.981323 102.350105 103.803375
v 181.092850 102.583817 107.435356
v 181.032944 102.735825 104.088066
v 181.098480 103.144531 104.416573
v 181.005112 103.056816 107.665573
v 181.075012 103.577080 104.720795
v 181.109283 103.455536 107.953384
v 180.917023 103.777245 107.898918
v 181.255615 103.822334 108.224876
v 181.074142 103.962502 105.054520
v 181.085129 104.339424 105.421501
v 180.845642 104.339912 107.932098
v 181.182602 104.315887 108.344757
v 180.874954 104.805855 106.067230
v 181.162338 104.711868 105.744553
v 180.718231 104.905304 107.018639
v 180.928970 104.880775 107.954842
v 181.181107 104.867943 108.456375
v 181.132492 105.043488 106.102394
v 180.992767 105.374077 107.028725
v 181.183060 105.377388 106.584557
v 181.022156 105.394455 107.948318
v 181.200714 105.437164 108.440956
v 181.185898 105.685173 107.032318
v 181.146759 105.732155 107.986877
v 181.082397 106.777184 121.675652
v 181.076370 106.548920 122.057152
v 181.047546 106.485245 122.983124
v 180.738220 106.720772 123.943863
v 181.107574 106.665932 123.519989
v 181.040939 107.214386 121.379250
v 181.046021 106.976028 123.965881
v 180.941681 107.365761 124.232506
v 180.951508 107.824951 121.261017
v 181.013916 107.821754 124.292473
v 181.039322 108.460274 121.229172
v 180.966599 108.215050 124.191353
v 180.777481 108.999542 121.004822
v 181.293716 108.983795 121.264381
v 181.027130 108.587425 123.915634
v 181.070480 109.002670 123.500313
v 180.956879 109.710106 120.723785
v 181.063980 109.297806 121.012573
v 180.869644 109.628578 123.057602
v 181.165451 109.420769 123.040268
v 181.256149 109.672592 122.591888
v 181.037628 110.175621 120.423264
v 180.689224 110.112259 122.921608
v 181.098190 110.203064 122.619370
v 180.880264 110.803200 120.075935
v 181.219223 110.891556 119.738739
v 181.144379 110.574417 120.093285
v 181.083649 110.750259 122.531487
v 180.801483 111.338478 120.018456
v 181.164719 111.332901 119.533394
v 181.075317 111.330658 122.442024
v 180.817276 111.937706 120.050743
v 181.119110 111.924973 119.525040
v 181.119827 111.837212 122.274216
v 181.018585 112.414696 120.051636
v 181.212463 112.453331 119.571075
v 180.865509 112.395996 120.958740
v 181.108505 112.451698 121.482071
v 181.060287 112.237328 121.968605
v 181.204498 112.702065 120.045250
v 181.169998 112.595360 120.971329
v 181.629150 67.509239 146.988174
v 181.710480 67.429016 146.514557
v 181.795151 67.200310 146.994080
v 181.788116 67.442032 147.439682
v 181.544510 68.062119 145.029358
v 181.752014 68.060905 144.574554
v 181.760223 67.761444 145.026199
v 181.637070 67.660576 145.991592
v 181.388947 67.991180 146.005661
v 181.376541 67.983543 146.986328
v 181.645004 68.000389 147.483521
v 181.462357 68.650436 144.077148
v 181.767242 68.754074 143.787430
v 181.729446 68.400734 144.091629
v 181.225296 68.498405 144.981430
v 181.606262 68.562950 147.602066
v 181.679962 69.178833 143.586914
v 181.649307 69.173195 147.595947
v 181.656723 69.648705 143.349533
v 181.688080 69.703133 147.419083
v 181.657532 70.470306 142.764526
v 181.660675 70.068794 143.045059
v 181.388779 70.290894 146.960953
v 181.753540 70.123131 147.208145
v 181.645157 70.925949 142.603302
v 181.700623 70.504417 146.911102
v 181.626541 70.933502 146.602478
v 181.657196 71.491913 142.500671
v 181.619766 71.411591 146.311295
v 181.253693 72.137970 142.101166
v 181.660629 72.041458 142.421570
v 181.341385 72.021477 145.950989
v 181.687332 71.826309 145.984360
v 181.700821 72.136841 145.547104
v 181.307053 72.671738 142.053177
v 181.682556 72.632439 142.509964
v 181.517609 72.579338 145.291214
v 181.306824 73.270180 142.070129
v 181.561432 73.206390 142.551620
v 181.313202 73.182449 144.944458
v 181.598099 72.906715 144.950974
v 181.619995 73.212906 144.478241
v 181.199692 73.818726 142.068237
v 181.606674 73.508202 143.011993
v 181.436401 73.848915 142.986572
v 181.318756 73.799591 143.967957
v 181.603577 73.488342 143.978745
v 181.086899 74.326561 142.067322
v 181.179825 74.332237 142.974289
v 181.050430 96.207451 102.075058
v 181.069321 96.205551 102.934738
v 181.109238 96.690720 102.074516
v 181.145355 96.702477 102.952721
v 181.085175 97.202202 102.094017
v 181.178452 97.268150 102.967651
v 181.163116 97.861908 102.999954
v 181.181396 98.457504 103.032631
v 181.117920 98.519791 103.918594
v 181.199600 99.041931 103.047363
v 181.251556 99.062630 103.984161
v 181.231659 99.626038 103.052032
v 181.456985 99.587563 103.977028
v 181.289337 99.675957 104.934937
v 181.290527 100.178848 103.084953
v 181.523102 100.250175 103.567108
v 181.588303 99.951645 104.016174
v 181.525604 100.010971 104.954193
v 181.491867 100.310593 105.272446
v 181.214340 100.721954 103.119179
v 181.524109 100.811050 103.550591
v 181.328659 100.838707 105.949707
v 181.646362 100.772926 105.520836
v 181.528915 101.357475 103.687866
v 181.634079 101.108940 105.982758
v 181.584824 101.458084 106.424675
v 181.472107 101.862465 103.785713
v 181.608200 101.816727 106.889275
v 181.571625 102.170906 107.213676
v 181.624405 102.232460 104.043831
v 181.344971 102.520638 104.039162
v 181.729401 102.624901 104.335632
v 181.639145 102.609688 107.530479
v 181.643082 103.109688 104.548721
v 181.659561 103.014328 107.871048
v 181.394104 103.182602 107.943520
v 181.669388 103.394485 108.145920
v 181.564514 103.539536 104.773117
v 181.675720 103.776558 108.405006
v 181.620605 103.923668 105.069000
v 181.686234 104.329483 105.394531
v 181.599548 104.231575 108.657768
v 181.659958 104.756393 105.708664
v 181.692276 104.625351 108.960495
v 181.495926 104.949196 108.908234
v 181.823380 104.985893 109.266228
v 181.658188 105.138397 106.051208
v 181.671127 105.508369 106.425240
v 181.422302 105.509163 108.945419
v 181.771072 105.473236 109.447617
v 181.460953 105.977867 107.067253
v 181.748749 105.883499 106.744476
v 181.303452 106.077751 108.018425
v 181.501007 106.053673 108.961525
v 181.722366 106.061279 109.466049
v 181.718506 106.215530 107.102432
v 181.578751 106.546112 108.028725
v 181.769073 106.549423 107.584595
v 181.606003 106.566910 108.948860
v 181.772888 106.611519 109.446205
v 181.640839 106.745323 121.529617
v 181.663284 106.529579 122.038658
v 181.653473 106.547226 122.948265
v 181.651855 106.751083 123.358185
v 181.771912 106.857140 108.032272
v 181.732590 106.904083 108.987160
v 181.479126 107.293015 121.097984
v 181.833862 107.406204 120.832748
v 181.730103 107.071861 121.098305
v 181.354782 107.246605 123.977592
v 181.756866 107.152901 123.684433
v 181.401932 107.823654 121.036827
v 181.811249 107.823677 120.772087
v 181.615997 107.555885 123.947418
v 181.391663 107.822861 124.115807
v 181.466766 108.359131 121.082016
v 181.834946 108.233444 120.843796
v 181.339828 108.374184 123.953285
v 181.615372 108.089989 123.938408
v 181.742172 108.483185 123.669937
v 181.722000 108.569534 121.105705
v 181.620880 108.974144 121.423431
v 181.648117 108.888756 123.348961
v 181.344040 109.599480 121.086700
v 181.672226 109.402390 121.958626
v 181.580902 109.587852 122.014526
v 181.646744 109.178047 122.960281
v 181.595169 110.219162 120.548088
v 181.614914 109.919197 121.021614
v 181.644287 109.895561 121.985512
v 181.531586 110.273682 122.288750
v 181.636032 110.770554 119.492035
v 181.716324 110.500290 120.019699
v 181.631683 110.777176 122.381531
v 181.475388 111.394730 119.037560
v 181.697632 111.365524 118.515503
v 181.687424 111.069229 119.015594
v 181.642502 111.338028 122.391983
v 181.634735 111.996017 118.084106
v 181.805069 111.967621 117.567680
v 181.728577 111.669250 118.026001
v 181.372208 111.927155 119.004890
v 181.644745 111.870193 122.308586
v 181.652084 112.428246 118.062119
v 181.823486 112.453651 117.584572
v 181.462082 112.466904 119.014221
v 181.399246 112.408241 121.943512
v 181.652969 112.231972 122.116821
v 181.780014 112.715881 118.033104
v 181.673859 112.795898 119.004150
v 181.479492 112.951920 119.992973
v 181.709976 113.022499 119.520973
v 181.715591 112.947990 120.433952
v 181.652893 112.780159 120.969215
v 181.657318 112.465767 121.874161
v 181.773865 113.080673 119.984344
v 182.256363 66.338341 147.981934
v 182.315720 66.268356 147.519836
v 182.393372 66.035530 147.992599
v 182.401062 66.277931 148.429428
v 182.018509 66.858849 147.057114
v 182.215424 66.785225 146.489761
v 182.256210 66.516891 147.001526
v 182.111984 66.826622 147.963928
v 182.317978 66.806709 148.464737
v 182.034286 67.469627 145.038513
v 182.336563 67.484818 144.686203
v 182.320816 67.172295 145.037643
v 182.173065 67.037567 145.981628
v 181.905121 67.343948 145.987015
v 181.997696 67.368881 147.943283
v 182.337936 67.408585 148.465790
v 182.200134 67.884216 144.345459
v 181.983505 67.978050 147.973984
v 182.343201 67.966789 148.342407
v 182.285889 68.641800 143.708725
v 182.228378 68.224327 143.988846
v 181.987961 68.559296 147.962173
v 182.386063 68.540215 148.251938
v 182.247925 69.153290 143.522095
v 182.062973 69.092422 147.905746
v 182.410873 68.963242 148.144913
v 182.284805 69.684860 143.337753
v 182.305344 69.308907 147.879044
v 182.211700 69.707916 147.547668
v 182.073166 70.494446 142.841354
v 182.194916 70.131775 143.087189
v 182.163605 70.119438 147.227188
v 182.101395 70.919846 142.753860
v 182.196564 70.476639 146.896988
v 182.208817 70.884903 146.465652
v 182.102829 71.488014 142.733353
v 182.084961 71.314751 146.217392
v 182.054779 71.995872 142.750580
v 182.052353 72.125473 145.060013
v 182.292328 71.841698 145.041382
v 182.328934 72.114914 144.548950
v 182.129013 71.552429 145.929199
v 182.175003 72.339424 143.037048
v 181.998428 72.695885 142.993713
v 182.180771 72.628265 143.515823
v 181.834290 72.607727 144.924332
v 182.110275 72.597404 144.427567
v 181.775238 73.181473 143.042389
v 182.115448 72.856949 143.989288
v 181.880722 73.172493 143.973007
v 181.688690 100.294029 104.048027
v 181.670135 100.304657 104.936394
v 181.755920 100.809532 104.052322
v 181.831863 100.824829 104.985855
v 181.791885 101.381096 104.061485
v 182.039703 101.347755 104.976532
v 181.900284 101.415245 105.957245
v 181.823990 101.886444 104.123550
v 182.060242 102.031128 104.569855
v 182.167145 101.711662 105.020760
v 182.150726 101.740509 105.987160
v 181.899582 102.031967 106.945740
v 182.179230 102.018173 106.473114
v 182.098419 102.538086 104.682785
v 182.193604 102.303024 106.959534
v 182.156464 102.644234 107.314156
v 182.046631 103.034279 104.782715
v 181.939194 103.169273 107.960854
v 182.290451 103.044846 107.653870
v 182.189407 103.396881 105.057281
v 181.925720 103.688988 105.043571
v 182.351822 103.749901 105.377335
v 182.265121 103.377495 108.023643
v 182.203018 103.813950 108.452744
v 182.225906 104.279808 105.557526
v 182.245270 104.208946 108.858788
v 181.981140 104.358475 108.941414
v 182.254028 104.563545 109.170166
v 182.148087 104.708862 105.778107
v 182.256302 104.954041 109.518417
v 182.203384 105.087929 106.077080
v 182.260742 105.485542 106.421089
v 182.313889 105.321754 109.883492
v 182.103058 105.551895 109.883667
v 182.416138 105.652069 110.171448
v 182.246338 105.918930 106.719704
v 182.021133 106.076965 109.950302
v 182.364090 106.082474 110.321541
v 182.243469 106.307709 107.053947
v 182.257324 106.679665 107.425751
v 181.987122 106.678284 109.961983
v 182.319260 106.629303 110.478905
v 182.225189 106.624466 121.474739
v 182.269775 106.497513 122.016472
v 182.231888 106.586624 122.930237
v 182.226456 106.808144 123.268867
v 182.047089 107.149841 108.067375
v 182.334824 107.055435 107.744499
v 181.889130 107.251236 109.019569
v 182.071365 107.254745 109.985580
v 182.220322 107.213478 110.520805
v 182.295670 107.314270 120.712440
v 182.234451 106.913040 120.996330
v 182.247894 107.236862 123.515663
v 182.304581 107.387451 108.102432
v 182.162369 107.719521 109.029053
v 182.354492 107.721664 108.584427
v 182.160782 107.747185 109.989304
v 182.329285 107.555748 110.948730
v 182.301254 107.811607 110.905373
v 182.524384 107.870010 111.260551
v 182.265900 107.820862 120.634087
v 181.792770 107.821770 123.879120
v 182.255356 107.822998 123.628868
v 182.353989 108.031326 109.032806
v 182.292511 108.097183 110.000969
v 182.359680 108.068794 110.963455
v 182.261139 108.264565 120.758919
v 182.234238 108.400764 123.472801
v 182.251984 108.630241 121.059944
v 182.245773 108.949669 121.523514
v 182.152283 108.802017 123.228477
v 182.226273 109.150291 122.024139
v 182.170273 109.028831 122.911133
v 181.932236 110.187424 121.008278
v 181.877029 110.241508 121.956543
v 181.990173 110.815544 119.026680
v 182.282272 110.822556 118.522507
v 182.322296 110.713669 119.060425
v 182.238403 110.537827 120.015419
v 182.258621 110.384155 120.978844
v 182.161362 110.551582 121.930901
v 182.044037 110.861977 122.194740
v 182.202209 111.455589 117.062767
v 182.413376 111.436951 116.589157
v 182.374512 111.288582 117.048294
v 182.254288 111.049561 117.982895
v 181.952011 111.347733 117.986221
v 182.093567 111.341095 122.239632
v 182.032150 111.914223 117.060173
v 182.297302 111.929489 116.524246
v 182.049026 111.818542 122.190598
v 182.079178 112.461662 117.072601
v 182.346298 112.474426 116.555229
v 181.904129 112.400871 121.918434
v 182.182877 112.164894 121.934464
v 182.261993 112.479271 121.509705
v 182.290527 112.769234 117.025414
v 182.033646 112.994370 118.020531
v 182.294296 113.030617 117.523834
v 181.970459 113.056244 119.002655
v 182.222000 112.742645 120.995232
v 182.241516 113.006805 120.460213
v 182.345978 113.151573 118.030945
v 182.316574 113.171333 119.023598
v 182.251785 113.156860 119.959137
v 182.614517 65.710526 148.029816
v 182.812286 65.619888 147.493164
v 182.879333 65.381317 148.009384
v 182.949692 65.427597 148.966568
v 182.781677 65.728271 148.943161
v 183.032715 65.708130 149.422272
v 182.714890 66.303017 146.029877
v 182.923798 66.302734 145.574432
v 182.924225 65.996536 146.024231
v 182.765533 65.871490 146.981659
v 182.503098 66.194740 146.976379
v 182.617599 66.209251 148.921982
v 182.944107 66.210800 149.334564
v 182.624542 66.885353 145.070587
v 182.930710 66.995377 144.767166
v 182.901199 66.641479 145.088974
v 182.390961 66.735062 145.979294
v 182.621597 66.797440 148.934189
v 182.969513 66.784058 149.276611
v 182.856766 67.438698 144.460953
v 182.683563 67.322456 148.886642
v 183.009338 67.213219 149.156143
v 182.554199 68.011909 144.042603
v 182.826035 68.238960 143.872650
v 182.832458 67.854576 144.129135
v 182.890823 67.570282 148.900940
v 182.812424 67.995773 148.590897
v 182.814423 68.618645 143.691681
v 182.826767 68.515549 148.374054
v 182.818695 69.155579 143.571762
v 182.737900 68.938553 148.182480
v 182.829041 69.733459 143.499481
v 182.776596 69.280914 147.886490
v 182.753799 69.654778 147.424515
v 182.425766 70.380135 143.101364
v 182.831467 70.283691 143.422455
v 182.492371 70.260727 146.949463
v 182.809967 70.003052 146.982391
v 182.827744 70.316788 146.497040
v 182.474380 70.912827 143.056412
v 182.842392 70.869438 143.519760
v 182.597733 70.933548 146.014450
v 182.852341 70.628883 146.009323
v 182.844330 70.915703 145.505569
v 182.458023 71.499214 143.080383
v 182.708328 71.438232 143.560165
v 182.569427 71.510880 145.023346
v 182.835205 71.197502 144.996735
v 182.779037 71.461426 144.485107
v 182.303879 71.372948 145.929474
v 182.312683 72.003349 143.081192
v 182.726242 71.710808 144.004211
v 182.530746 72.064362 143.985046
v 182.284302 72.552071 143.983658
v 182.261368 102.054573 105.056084
v 182.310837 102.063957 105.973473
v 182.315369 102.556526 105.077332
v 182.499176 102.561905 105.999916
v 182.453278 102.623161 106.923317
v 182.310852 103.084244 105.125038
v 182.672119 103.062881 105.984016
v 182.774948 103.158882 106.509758
v 182.683060 102.957771 106.987206
v 182.708038 103.241127 107.413406
v 182.740677 103.433281 105.966431
v 182.649155 103.834618 105.742027
v 182.730591 103.576141 107.897247
v 182.686432 103.879280 108.256477
v 182.619827 104.209366 105.798470
v 182.514481 104.362221 108.950356
v 182.851318 104.270226 108.538818
v 182.739410 104.549194 106.071075
v 182.495300 104.845467 106.057350
v 182.824051 104.932701 106.473846
v 182.871979 104.542572 109.000099
v 182.804352 104.897392 109.465317
v 182.730820 105.456581 106.663452
v 182.827789 105.266624 109.931908
v 182.831680 105.633217 110.274971
v 182.663132 105.894104 106.825859
v 182.822006 106.067413 110.568840
v 182.770645 106.241562 107.102745
v 182.842850 106.650215 107.431427
v 182.889526 106.475281 110.898842
v 182.664612 106.721992 110.902107
v 182.992538 106.819427 111.187408
v 182.564117 106.709625 121.040611
v 182.927704 106.851562 120.781708
v 182.906372 106.628937 121.094742
v 182.832001 106.474915 122.000000
v 182.758041 106.627815 122.904907
v 182.734222 106.863716 123.200310
v 182.832306 107.090134 107.720779
v 182.503876 107.223587 111.009796
v 182.879349 107.271973 111.370529
v 182.849335 107.257744 120.578117
v 182.816910 107.261566 123.396957
v 182.829529 107.479706 108.053947
v 182.843552 107.844437 108.432907
v 182.828018 107.742271 111.625572
v 182.839249 107.818123 120.542755
v 182.822769 107.818123 123.448326
v 182.632446 108.320099 109.067474
v 182.916046 108.215492 108.759483
v 182.459000 108.435249 110.002258
v 182.497742 108.416260 111.031143
v 182.840530 108.154884 111.885529
v 182.795135 108.478561 111.922745
v 183.019699 108.504791 112.249695
v 182.836731 108.285362 120.713120
v 182.790756 108.341675 123.314606
v 182.886856 108.537247 109.115883
v 182.764481 108.867783 110.033745
v 182.927750 108.818123 109.593719
v 182.708847 108.921883 110.996033
v 182.813721 108.912148 111.934479
v 183.036530 108.945122 112.414497
v 182.832108 108.640640 121.048462
v 182.827667 108.921783 121.530800
v 182.509644 108.924438 122.955307
v 182.842606 108.729675 122.999496
v 182.837814 108.980217 122.517838
v 182.948242 109.040817 110.061966
v 182.889694 109.266174 110.980431
v 182.912003 109.248550 111.981773
v 182.799057 109.046463 122.014549
v 182.576080 110.844261 118.032738
v 182.832657 110.926567 117.584763
v 182.823624 110.801582 118.080215
v 182.759399 110.708214 119.007935
v 182.742859 110.683716 119.999916
v 182.698242 110.693268 120.963234
v 182.385574 110.813713 121.891594
v 182.665634 110.846664 121.413445
v 182.691330 111.439644 116.060410
v 182.898239 111.407455 115.525513
v 182.932816 111.273010 116.053093
v 182.852859 111.054825 117.023537
v 182.449448 111.339241 121.928360
v 182.768250 111.345787 121.460976
v 182.797012 111.995247 115.080849
v 182.978256 111.968391 114.568573
v 182.905273 111.672043 115.027161
v 182.533035 111.933777 116.001900
v 182.400665 111.871574 121.897987
v 182.728973 111.933899 121.454918
v 182.797150 112.446205 115.080147
v 182.985367 112.461136 114.580513
v 182.548462 112.512131 116.016426
v 182.671066 112.367577 121.250366
v 182.918640 112.750900 115.037231
v 182.772675 112.971252 116.039688
v 182.920319 113.004967 115.530907
v 182.571228 113.031731 116.990303
v 182.749771 112.638695 120.887459
v 182.762100 112.926178 120.405403
v 182.957840 113.125351 116.036919
v 182.903549 113.189812 117.025772
v 182.849609 113.261848 118.008362
v 182.826736 113.237946 118.987518
v 182.753387 113.116768 119.917221
v 183.280334 65.114418 147.024338
v 183.468185 65.083099 146.520233
v 183.474609 64.793884 147.010880
v 183.425385 64.745590 148.020905
v 183.143738 65.071892 147.990036
v 183.491547 64.921783 148.989914
v 183.199707 65.148476 149.010666
v 183.459610 65.120529 149.892914
v 183.395782 65.179131 149.921295
v 183.511429 65.296211 150.066193
v 183.194107 65.685318 146.052826
v 183.503448 65.721207 145.681427
v 183.462921 65.381012 146.037033
v 182.970078 65.558784 146.978500
v 183.284149 65.564720 149.858398
v 183.608810 65.546669 150.151108
v 183.371628 66.125298 145.344635
v 183.457901 65.899101 149.950165
v 183.337708 66.304405 149.671417
v 183.448380 66.886253 144.713440
v 183.401962 66.469177 144.994186
v 183.423050 66.794098 149.478714
v 183.419022 67.393097 144.502884
v 183.425018 67.242630 149.256226
v 183.098862 68.021187 144.055176
v 183.511383 67.875076 144.315384
v 183.419327 67.627739 148.941833
v 183.404114 68.025002 148.588409
v 183.222595 68.669197 143.806015
v 183.384216 68.294388 144.045975
v 183.316071 68.452835 148.287354
v 183.271591 69.159088 143.751923
v 183.072937 69.079674 147.942749
v 183.382217 68.817825 147.964935
v 183.405380 69.134621 147.491455
v 183.262558 69.728050 143.739304
v 183.112289 69.719414 146.991806
v 183.414886 69.437729 146.998108
v 183.410507 69.726761 146.495804
v 183.213684 70.235039 143.759247
v 183.127182 70.322144 146.001099
v 183.411102 70.017227 145.992874
v 183.370300 70.286514 145.482758
v 183.296097 70.541389 144.037247
v 183.112244 70.901512 144.013916
v 183.077499 70.874641 144.972580
v 183.328568 70.542717 144.982208
v 182.880402 71.384933 144.014099
v 182.843903 103.262115 106.990227
v 182.835663 103.795555 106.091301
v 182.984146 103.751572 107.006844
v 182.879578 103.819794 107.913475
v 182.832153 104.240089 106.104767
v 183.069565 104.311592 107.007095
v 183.133926 104.313164 107.962311
v 183.104645 104.844910 107.013359
v 183.293304 104.939590 107.560165
v 183.306473 104.657372 108.039742
v 183.300949 104.828285 108.950500
v 183.327103 105.065628 109.409790
v 183.059814 105.474258 107.048325
v 183.352356 105.481361 107.532478
v 183.345657 105.354523 109.887825
v 183.327591 105.670204 110.250702
v 182.979996 105.998276 107.113350
v 183.323212 106.084259 107.535812
v 183.408752 106.041313 110.573097
v 183.298706 106.633133 107.681618
v 183.416061 106.415596 110.943359
v 183.417633 106.798759 111.281334
v 183.441025 106.776306 120.674324
v 183.435608 106.554810 121.055618
v 183.394104 106.498459 121.983620
v 183.099808 106.709976 122.958923
v 183.438766 106.624519 122.525238
v 183.247513 107.066071 107.828430
v 183.404373 107.222778 111.585350
v 183.390778 107.221855 120.397316
v 183.429291 106.913536 123.003029
v 183.363632 107.318619 123.272865
v 183.353088 107.406670 108.107697
v 183.407822 107.796295 108.459908
v 183.456635 107.625336 111.929779
v 183.152985 107.858315 111.957596
v 183.505463 108.003822 112.248283
v 183.391312 107.844696 120.394196
v 183.383789 107.806732 123.333794
v 183.333878 108.213524 108.768555
v 183.430267 108.433899 112.543427
v 183.429977 108.306534 120.665459
v 183.313263 108.222069 123.208397
v 183.369156 108.556908 109.108627
v 183.443054 108.890480 109.547264
v 183.485977 108.831261 112.885536
v 183.272552 109.094933 112.860046
v 183.585236 109.161858 113.183472
v 183.440750 108.655533 121.063866
v 183.367432 108.852913 121.564896
v 183.357941 108.572075 122.912880
v 183.347595 108.845192 122.420601
v 183.397354 109.252052 110.056923
v 183.109970 109.584023 111.010681
v 183.440811 109.583702 110.506065
v 183.042755 109.608101 112.023331
v 183.288559 109.582245 112.941505
v 183.544785 109.590034 113.333023
v 183.319901 108.955917 121.999199
v 183.387161 110.036392 111.067184
v 183.580658 109.978729 110.790321
v 183.272705 110.116104 112.016113
v 183.323456 110.152100 112.958336
v 183.510284 110.149651 113.470039
v 183.546341 110.193527 111.085892
v 183.437500 110.467911 111.977753
v 183.396164 110.708946 113.030746
v 183.453430 110.739990 112.507538
v 183.412766 110.724991 113.527145
v 183.090012 110.836617 118.015564
v 183.104691 110.805878 118.999031
v 183.063461 110.850319 120.005814
v 182.869400 110.873878 120.937111
v 183.434906 111.042412 113.003860
v 183.392578 111.375313 113.473572
v 183.329819 111.356270 113.996773
v 183.403809 111.033066 114.004219
v 183.428452 111.058617 115.031097
v 183.127304 111.348259 114.983994
v 183.429581 111.092125 116.003654
v 183.420013 111.056396 117.002472
v 183.441422 110.962265 117.983017
v 183.445038 110.962387 118.999718
v 183.355240 111.112511 119.959145
v 183.310715 111.382599 120.441406
v 183.065140 111.331085 120.946709
v 183.194901 111.904381 114.048065
v 183.442505 111.922882 113.512527
v 183.065201 111.917770 120.962410
v 183.363007 111.924736 120.468430
v 183.257980 112.457863 114.077072
v 183.545410 112.456978 113.576614
v 182.960693 112.425568 120.887741
v 183.267639 112.447266 120.409348
v 183.468918 112.761261 114.031761
v 183.171219 113.027802 115.025681
v 183.460449 113.030281 114.525253
v 183.070038 113.011681 119.959381
v 183.358734 112.755356 119.964516
v 183.365784 113.018326 119.468979
v 183.502823 113.159279 115.051849
v 183.437759 113.265594 116.010139
v 183.428284 113.290588 117.002678
v 183.399384 113.265053 117.987709
v 183.330902 113.153008 118.946701
v 183.962784 63.980373 147.062500
v 184.187729 63.987663 146.762512
v 184.139954 63.685623 147.052048
v 184.073547 63.622398 147.983917
v 183.912308 63.953991 147.960388
v 184.090073 63.910927 148.452972
v 183.708618 64.463676 147.013351
v 184.039062 64.470894 146.528030
v 183.660019 64.432381 148.002792
v 183.905304 64.407806 148.558197
v 183.764633 65.109344 146.056229
v 184.097092 65.238365 145.770569
v 184.056610 64.876297 146.091888
v 183.900803 64.710632 149.044601
v 183.679199 65.150627 149.932877
v 184.100113 64.951286 149.384506
v 184.031799 65.691971 145.470566
v 184.015579 65.317383 149.969406
v 183.970139 65.704910 150.191544
v 183.727386 66.260109 145.050842
v 183.942932 66.467239 144.911667
v 183.993469 66.106171 145.141708
v 183.733978 66.186821 149.957596
v 184.102386 66.016457 150.151138
v 183.923569 66.870956 144.762680
v 184.046524 66.390938 149.895752
v 183.967117 66.794540 149.560196
v 183.949615 67.404457 144.637863
v 183.916840 67.202133 149.242340
v 183.967941 67.952560 144.617737
v 183.946487 67.542152 148.903198
v 183.932480 67.910378 148.433029
v 183.576035 68.616203 144.101669
v 183.911865 68.528030 144.536209
v 183.682999 68.531830 147.974625
v 183.985962 68.250435 147.986725
v 183.992401 68.550720 147.493332
v 183.635315 69.176064 144.081680
v 183.874008 69.103577 144.561508
v 183.706696 69.143974 146.997772
v 183.997116 68.845230 146.992859
v 183.956451 69.114685 146.482834
v 183.536987 69.716377 144.072968
v 183.932297 69.400597 145.013062
v 183.781113 69.747566 144.985565
v 183.662384 69.701180 145.971466
v 183.918091 69.374115 145.979919
v 183.429382 70.224297 144.068649
v 183.514328 70.222710 144.973724
v 183.451675 104.989365 108.053444
v 183.469299 105.027344 108.962067
v 183.576965 105.495140 108.037376
v 183.761459 105.474686 108.977570
v 183.612106 105.574226 109.923820
v 183.672180 106.046509 108.046585
v 183.883286 106.108818 108.559425
v 183.922607 105.817955 109.018578
v 183.884979 105.865952 109.970375
v 183.896423 106.174088 110.408310
v 183.640488 106.645058 108.052956
v 183.939255 106.652718 108.532585
v 183.933533 106.513100 110.892685
v 183.913666 106.841629 111.251137
v 183.968964 106.668518 120.479874
v 184.030273 106.452347 121.017738
v 184.001938 106.506424 121.963005
v 184.023865 106.746399 122.468773
v 183.562881 107.168571 108.114853
v 183.894180 107.241508 108.550140
v 183.994797 107.212456 111.573975
v 183.820084 107.273399 120.095009
v 184.208649 107.333229 119.819061
v 184.060776 106.991028 120.056023
v 183.930954 107.074570 122.897743
v 183.818054 107.399330 123.150246
v 183.846146 107.734505 108.726608
v 184.001572 107.583282 111.947777
v 184.003250 107.953865 112.304688
v 183.835526 107.766388 120.110748
v 184.190002 107.655975 119.858025
v 183.798264 107.728447 123.179100
v 183.972809 108.094322 109.035164
v 183.684799 108.372360 109.043991
v 184.064651 108.470161 109.353798
v 184.006439 108.340492 112.622589
v 184.074493 107.967148 120.119102
v 183.984009 108.308815 120.534637
v 183.673035 108.362869 122.949631
v 183.957764 108.077347 122.944595
v 184.048813 108.425117 122.535553
v 183.997787 108.886398 109.655670
v 184.004852 108.718788 112.985504
v 184.011826 109.106750 113.343666
v 183.997726 108.580956 121.038727
v 183.635071 108.872414 122.002037
v 184.009949 108.717468 121.973259
v 183.996857 109.269028 110.020721
v 184.003708 109.647987 110.383034
v 183.942886 109.520813 113.647652
v 184.014099 110.037354 110.696358
v 184.017502 109.885834 113.987541
v 183.793610 110.225433 113.975403
v 184.091995 110.255745 114.421097
v 183.985870 110.415932 111.074669
v 183.659012 110.776535 111.986404
v 184.025040 110.757927 111.506363
v 183.560028 110.700691 114.039932
v 184.055923 110.600037 114.918045
v 183.762222 110.805000 114.961945
v 184.038269 110.852814 115.447456
v 183.919678 111.254364 112.086273
v 184.159119 111.165977 111.785378
v 183.558258 111.388893 112.950584
v 183.976639 111.016724 115.992966
v 183.987961 111.128601 116.988403
v 183.925293 111.222061 117.968880
v 183.867355 111.277916 118.965462
v 183.578629 111.391533 119.923843
v 183.834564 111.429947 119.414543
v 184.088104 111.491074 112.113983
v 183.726471 111.900070 112.987617
v 184.060867 111.900261 112.545738
v 183.647339 111.925423 119.963280
v 183.906860 111.926399 119.452797
v 183.865189 112.433205 113.107208
v 184.157349 112.332787 112.795967
v 183.574051 112.456398 119.919373
v 183.845016 112.449501 119.413719
v 184.086685 112.637138 113.119011
v 183.762527 113.013176 114.038620
v 184.060349 112.930962 113.587875
v 183.660446 113.022209 118.971481
v 183.921173 112.752380 118.960754
v 183.930374 113.010307 118.468575
v 184.075119 113.103584 114.081871
v 184.009201 113.235558 115.013359
v 183.992340 113.280998 115.999153
v 183.983047 113.260117 116.988625
v 183.898483 113.136574 117.938881
v 184.516220 62.814178 148.036148
v 184.698730 62.808815 147.592575
v 184.705338 62.497265 148.026886
v 184.712006 62.481110 148.960693
v 184.579803 62.798714 148.933273
v 184.782715 62.784149 149.256638
v 184.400223 63.384739 147.082169
v 184.698196 63.488979 146.798599
v 184.661026 63.149471 147.108841
v 184.237701 63.279629 148.017273
v 184.465286 63.307148 148.930954
v 184.739197 63.294571 149.290039
v 184.609558 63.904877 146.585938
v 184.337952 63.865532 148.942093
v 184.721344 63.863873 149.273087
v 184.587036 64.375999 146.351425
v 184.229279 64.430061 149.028168
v 184.594162 64.505310 149.189163
v 184.583557 65.194962 145.750641
v 184.590561 64.795242 146.045670
v 184.575165 65.033630 149.082504
v 184.494736 65.021362 149.142197
v 184.585861 64.923706 149.147705
v 184.579849 65.647964 145.550018
v 184.595474 65.042198 149.096237
v 184.514648 65.527817 149.883514
v 184.395767 65.811981 150.123230
v 184.197388 66.281013 145.092087
v 184.616394 66.181976 145.382339
v 184.409943 66.035156 150.113708
v 184.338165 66.786713 144.994690
v 184.745056 66.786232 145.368561
v 184.508087 66.329117 149.866241
v 184.501221 66.713989 149.415237
v 184.315948 67.391785 144.868210
v 184.524353 67.111687 145.055054
v 184.246384 67.323456 148.949677
v 184.562012 67.065208 148.975616
v 184.548340 67.361626 148.483704
v 184.482635 67.651161 145.059525
v 184.338364 68.015045 145.004028
v 184.546921 67.955856 145.511887
v 184.271622 67.949600 147.984253
v 184.549164 67.655853 147.984009
v 184.532181 67.935722 147.478622
v 184.183640 68.551727 145.038239
v 184.545197 68.238022 146.006485
v 184.374054 68.580246 145.987152
v 184.249115 68.529808 146.971771
v 184.506271 68.203888 146.981445
v 184.061447 69.066551 145.046432
v 184.101761 69.051697 145.973587
v 184.056519 106.153198 109.050156
v 184.077744 106.175323 109.966888
v 184.159027 106.666977 109.038490
v 184.355743 106.641731 109.977737
v 184.198120 106.745125 110.922577
v 184.340652 106.717888 120.055580
v 184.696487 106.849930 119.794289
v 184.662506 106.555557 120.073853
v 184.568039 106.274849 121.003227
v 184.590118 106.491455 121.946487
v 184.583176 106.764511 122.331566
v 184.239441 107.213470 109.059288
v 184.455170 107.281967 109.565529
v 184.508240 106.990105 110.018845
v 184.470840 107.038063 110.970314
v 184.482391 107.346085 111.408318
v 184.624802 107.255424 119.682655
v 184.173477 107.292412 122.888550
v 184.617920 107.218811 122.603371
v 184.169037 107.773834 109.089806
v 184.476166 107.843033 109.540260
v 184.519440 107.685204 111.892586
v 184.500702 108.012550 112.250946
v 184.606674 107.677345 119.767273
v 184.186996 107.783432 122.910545
v 184.615845 107.842247 122.604309
v 184.469025 108.397423 109.666382
v 184.583603 108.369965 112.589920
v 184.597305 108.043228 120.059006
v 184.592239 108.358887 120.526054
v 184.568924 108.299637 122.337074
v 184.425888 108.831688 109.810768
v 184.585800 108.720604 112.986725
v 184.568405 109.091103 113.461876
v 184.587234 108.544022 121.035759
v 184.564758 108.538460 121.944572
v 184.528671 109.172768 110.100021
v 184.602936 109.584015 110.423721
v 184.637939 109.433525 113.893967
v 184.321243 109.620270 113.962280
v 184.669952 109.777946 114.232758
v 184.582062 110.033646 110.703796
v 184.622375 110.184814 114.556442
v 184.584442 110.433197 111.031700
v 184.588898 110.813278 111.390633
v 184.547546 110.562813 114.931770
v 184.549118 110.868683 115.434250
v 184.591812 111.202682 111.705406
v 184.540253 111.144737 115.979317
v 184.458054 111.311897 116.956413
v 184.164902 111.427254 117.973373
v 184.423218 111.437386 117.415138
v 184.004776 111.462257 118.936523
v 184.590652 111.588768 112.045761
v 184.590942 111.976715 112.402275
v 184.329361 111.930717 118.010719
v 184.565063 111.929802 117.488335
v 184.099533 111.928162 118.946877
v 184.591263 112.366852 112.712624
v 184.316742 112.504036 118.004211
v 184.554764 112.506828 117.481873
v 184.059402 112.440559 118.923729
v 184.602356 112.705467 113.090538
v 184.543884 112.940224 113.576332
v 184.130203 112.987961 117.935791
v 184.400940 112.985283 117.398712
v 184.509933 113.112938 114.053078
v 184.503815 113.157608 115.001099
v 184.501114 113.169800 115.996758
v 184.450439 113.106758 116.955048
v 185.146622 61.649223 148.988678
v 185.255386 61.593201 148.527863
v 185.320465 61.348976 148.993546
v 185.312439 61.586594 149.435822
v 184.965942 62.179371 148.059143
v 185.281448 62.230930 147.716751
v 185.228241 61.871777 148.044220
v 184.897903 62.126385 148.986420
v 185.160721 62.141136 149.483017
v 185.184738 62.649574 147.405289
v 185.122162 62.703190 149.601898
v 185.185486 63.423717 146.735046
v 185.182526 63.034878 147.041962
v 185.153397 63.319370 149.610580
v 185.175934 63.886452 146.535950
v 185.177429 63.873718 149.502533
v 185.216751 64.421341 146.349472
v 185.198105 64.444214 149.394714
v 184.999420 65.222809 145.844559
v 185.121246 64.861839 146.094208
v 184.721756 65.089340 149.200806
v 185.215622 65.018364 149.317780
v 185.034973 65.648216 145.736618
v 185.069077 65.521317 149.392593
v 184.706207 65.714378 149.858383
v 185.043228 66.216988 145.693390
v 184.689194 66.133614 149.861343
v 184.997589 66.146767 149.399811
v 185.027985 66.689491 145.721146
v 185.046432 66.879715 148.025543
v 185.244644 66.565651 148.014175
v 185.209198 66.826241 147.510757
v 184.824112 66.761108 148.962540
v 185.084427 66.439018 148.968719
v 184.575684 67.373375 145.148026
v 185.053497 67.061363 145.981796
v 184.931213 67.407318 146.015793
v 184.976212 67.418251 147.009506
v 185.165817 67.080254 146.991531
v 184.743164 67.333961 147.968369
v 184.710510 67.898010 146.021194
v 184.694504 67.886391 146.975647
v 184.938660 106.149460 120.997353
v 185.202164 106.129570 120.514771
v 185.277969 106.045036 120.985832
v 185.220459 106.187469 121.443893
v 185.221497 106.732552 119.717613
v 185.162918 106.332558 120.019058
v 185.153961 106.414864 121.932404
v 185.172287 106.779961 122.282623
v 184.639374 107.326439 110.050224
v 184.663773 107.347290 110.966911
v 185.182266 107.234993 119.617699
v 185.170242 107.243332 122.462021
v 184.729553 107.842087 110.046173
v 184.940964 107.814041 110.977585
v 184.784042 107.917198 111.922455
v 185.176697 107.691063 119.735390
v 185.158356 107.803436 122.420357
v 184.812286 108.383392 110.077637
v 185.036896 108.455040 110.567986
v 185.094284 108.162125 111.018837
v 185.056763 108.210114 111.970314
v 185.071594 108.514786 112.410973
v 185.176697 108.063950 120.042137
v 185.175552 108.359444 120.524071
v 185.078842 108.208931 122.217049
v 184.730347 108.925720 110.118805
v 185.048950 109.016418 110.546944
v 185.113800 108.836487 112.920761
v 185.115936 109.140686 113.415344
v 185.167404 108.510674 121.033218
v 185.099335 108.432396 121.908195
v 185.048431 109.559822 110.691566
v 185.124985 109.446190 113.886925
v 185.081131 109.782494 114.205460
v 185.006516 109.997658 110.825317
v 185.153824 110.197884 114.440941
v 185.111725 110.338661 111.105072
v 185.166000 110.731049 111.455780
v 184.871719 110.772346 114.991150
v 185.253052 110.669853 114.673485
v 185.086899 111.158791 111.753197
v 185.173004 111.048981 115.001633
v 184.862671 111.375641 116.002930
v 185.142944 111.362343 115.486153
v 184.627045 111.463760 116.935867
v 185.131165 111.528282 112.079674
v 185.171417 111.908005 112.447800
v 185.099594 111.674721 115.970184
v 185.037659 111.965729 116.435204
v 184.819611 111.919304 116.948502
v 185.083633 112.316200 112.759750
v 184.814499 112.519073 116.945526
v 185.015778 112.459930 116.426125
v 185.100586 112.576782 113.085762
v 184.834930 113.008270 114.021248
v 185.174026 112.849815 113.991745
v 184.833282 113.026405 115.000458
v 185.137955 112.759109 114.972588
v 184.805252 112.989296 116.009499
v 185.050491 112.715439 115.968521
v 184.617294 112.966393 116.936424
v 185.562775 61.042294 149.039810
v 185.845856 61.031940 148.579758
v 185.850922 60.741497 149.026962
v 185.874680 60.737190 149.971436
v 185.698792 61.035576 149.950638
v 185.915710 61.000114 150.424210
v 185.525314 61.601284 148.058167
v 185.862915 61.726509 147.794830
v 185.822449 61.380539 148.101715
v 185.535751 61.521854 149.937286
v 185.875366 61.550259 150.455338
v 185.773056 62.146000 147.574203
v 185.502853 62.118557 149.971298
v 185.862076 62.106674 150.338913
v 185.763733 62.604187 147.327774
v 185.503983 62.699326 149.962158
v 185.901047 62.681461 150.255646
v 185.748749 63.429195 146.751587
v 185.759995 63.015686 147.022552
v 185.578384 63.233143 149.906357
v 185.927078 63.103073 150.144821
v 185.744659 63.889885 146.599777
v 185.814590 63.465816 149.900024
v 185.727188 63.908951 149.628464
v 185.748077 64.459114 146.542862
v 185.746735 64.425888 149.405807
v 185.332962 65.111916 146.111160
v 185.736862 64.979080 146.511871
v 185.627823 64.939369 149.228867
v 185.389389 65.640526 146.063385
v 185.710388 65.621132 146.530197
v 185.518372 65.659409 148.996872
v 185.742035 65.323532 148.980377
v 185.765228 65.634369 148.501495
v 185.385635 66.226303 146.081619
v 185.620270 66.162186 146.564468
v 185.508667 66.243729 148.029327
v 185.760544 65.919731 147.994797
v 185.695480 66.176010 147.481583
v 185.272110 66.128967 148.958710
v 185.226089 66.708595 146.065781
v 185.628067 66.410034 147.006195
v 185.409561 66.738487 146.973129
v 185.501495 106.134201 120.042053
v 185.859634 106.266640 119.788025
v 185.843918 106.001625 120.078789
v 185.783951 105.927208 120.969673
v 185.769775 106.110397 121.476357
v 185.775711 106.678528 119.620911
v 185.760406 106.416077 121.953621
v 185.761093 106.784508 122.265503
v 185.763336 107.228897 119.581284
v 185.754715 107.240913 122.387451
v 185.762161 107.694679 119.726486
v 185.717377 107.748795 122.295494
v 185.225342 108.498528 111.050133
v 185.249359 108.520233 111.967262
v 185.761505 108.057419 120.046249
v 185.757675 108.336670 120.530487
v 185.439606 108.337761 121.955048
v 185.772583 108.143692 121.999496
v 185.767838 108.394058 121.517815
v 185.314011 109.014465 111.046921
v 185.528442 108.985199 111.977829
v 185.390823 109.067955 112.946587
v 185.729645 108.454720 121.014816
v 185.396545 109.554749 111.079590
v 185.620468 109.626854 111.569046
v 185.682190 109.332825 112.018440
v 185.661041 109.365028 112.984123
v 185.408630 109.655251 113.938652
v 185.680878 109.637566 113.469322
v 185.313004 110.096069 111.120071
v 185.610367 110.171707 111.562813
v 185.657776 109.938133 113.931847
v 185.559387 110.274239 114.219505
v 185.576309 110.654053 111.745674
v 185.633530 110.772102 114.329742
v 185.674530 110.995544 112.062828
v 185.423447 111.289406 112.055771
v 185.715668 111.351387 112.491440
v 185.366211 111.392746 114.965736
v 185.666122 111.324890 114.469620
v 185.594879 111.824287 112.728577
v 185.454300 111.927345 114.993576
v 185.681564 111.919914 114.466621
v 185.201019 111.995117 115.917564
v 185.653671 112.152504 113.063583
v 185.406555 112.420853 113.061066
v 185.651932 112.408752 113.533028
v 185.347900 112.452507 114.979614
v 185.585815 112.425339 114.416809
v 185.184204 112.427109 115.936989
v 185.604858 112.542534 113.990173
v 186.156708 60.498180 149.048523
v 186.438446 60.561123 148.755066
v 186.450043 60.379757 149.073486
v 186.432526 60.348244 149.993881
v 186.142288 60.485916 150.011017
v 186.384415 60.435535 150.903336
v 186.316254 60.492588 150.922470
v 186.431900 60.619961 151.072739
v 186.356430 60.911148 148.420242
v 186.163391 60.931278 150.895081
v 186.492340 60.957905 151.183060
v 186.345764 61.679249 147.759537
v 186.350067 61.293949 148.059387
v 186.208099 61.460579 150.879272
v 186.527802 61.351917 151.140854
v 186.338181 62.138462 147.576096
v 186.406189 61.710392 150.901611
v 186.326920 62.139584 150.599304
v 186.372726 62.670837 147.384827
v 186.350235 62.665535 150.391571
v 186.170380 63.462852 146.844727
v 186.290070 63.108097 147.099869
v 186.262909 63.085987 150.195801
v 186.189438 63.876778 146.772491
v 186.311035 63.464241 149.901840
v 186.337601 63.866394 149.552658
v 186.144989 64.375069 146.779572
v 186.234100 64.344246 149.273254
v 186.280243 64.723396 147.036606
v 186.113419 65.091393 146.993790
v 186.297180 65.018387 147.512665
v 186.020294 65.012512 148.964691
v 186.311020 64.714684 148.960312
v 186.282654 65.001633 148.478394
v 185.933258 65.615723 147.030502
v 186.236542 65.250252 147.997971
v 186.001740 65.587440 147.950195
v 185.770218 66.103920 147.018921
v 186.396606 106.152855 119.719727
v 186.358383 105.793793 120.040039
v 186.329361 105.755074 120.989243
v 186.379456 106.033966 121.493797
v 186.352432 106.658325 119.565590
v 186.342270 106.414825 121.952606
v 186.331802 106.797119 122.235062
v 186.348038 107.229141 119.565781
v 186.313721 107.221428 122.319595
v 186.347214 107.688629 119.736458
v 186.243362 107.636131 122.208618
v 186.367722 108.054245 120.075073
v 186.296677 108.265564 120.565376
v 186.287979 107.986107 121.912895
v 186.277603 108.259209 121.420616
v 186.249969 108.369896 120.999237
v 185.791672 109.668945 112.048744
v 185.809738 109.682800 112.970016
v 185.824783 110.168777 112.057831
v 185.922882 110.186607 112.994377
v 185.775162 110.249428 113.904999
v 185.786758 110.677979 112.090675
v 185.941620 110.748291 113.004677
v 185.850815 110.766113 113.936760
v 185.885254 111.308228 113.021332
v 185.863937 111.338120 113.954407
v 185.783020 111.845451 113.083458
v 185.836044 111.905266 113.965729
v 185.730270 112.374870 113.981636
v 186.930740 60.531845 148.731461
v 186.929352 60.338436 149.063110
v 186.858337 60.312176 149.952164
v 186.608978 60.463093 150.942688
v 186.914810 60.411953 150.485138
v 186.958878 60.934708 148.405930
v 186.941635 60.636784 150.969482
v 186.889816 61.030853 151.205719
v 186.760941 61.704662 147.841110
v 186.880478 61.346157 148.091980
v 186.933380 61.384384 151.193237
v 186.796036 62.133171 147.735855
v 186.933716 61.772938 150.945786
v 186.930649 62.188190 150.620621
v 186.828522 62.709179 147.664917
v 186.893738 62.635414 150.332642
v 186.484970 63.361683 147.123398
v 186.813034 63.258900 147.549728
v 186.620789 63.252216 149.969894
v 186.967392 63.042614 149.985229
v 186.964355 63.334904 149.541153
v 186.544464 63.888046 147.090210
v 186.795441 63.827480 147.566315
v 186.776382 63.780903 149.284103
v 186.413101 64.386658 147.087296
v 186.855911 64.122063 148.013702
v 186.695572 64.463821 147.992462
v 186.559113 64.398438 148.944885
v 186.808624 64.073212 148.952408
v 186.425125 64.938194 147.998428
v 186.712372 105.595695 120.041489
v 187.036011 105.685387 119.792130
v 187.039093 105.440468 120.064758
v 187.035141 105.434357 120.939400
v 186.702377 105.581383 120.966621
v 187.019867 105.670776 121.251007
v 186.947495 106.093018 119.617409
v 186.972198 106.064262 121.576538
v 186.934784 106.652954 119.528145
v 186.871597 106.475052 121.894638
v 186.749817 106.815842 122.146378
v 186.932220 107.225349 119.575005
v 186.728561 107.142410 122.179680
v 186.921158 107.664780 119.754768
v 186.600845 107.773613 121.948296
v 186.884705 107.489326 121.943634
v 186.961487 107.825401 121.522713
v 186.912247 107.935280 120.069916
v 186.560211 108.279594 121.000977
v 186.920288 108.105286 120.972305
v 187.406738 60.572845 148.797180
v 187.401123 60.395271 149.041397
v 187.216385 60.387493 149.994125
v 187.487335 60.423096 149.489975
v 187.486923 60.974648 148.583557
v 187.553635 60.545727 150.019318
v 187.424774 60.869869 150.910156
v 187.331070 61.119801 151.134888
v 187.114090 61.590054 148.100998
v 187.508713 61.500782 148.433075
v 187.331146 61.359730 151.129150
v 187.165100 62.124123 148.053772
v 187.533859 62.081356 148.516830
v 187.442963 61.675163 150.880280
v 187.473007 62.092243 150.461472
v 187.175461 62.729767 148.062607
v 187.407074 62.653671 148.555771
v 187.354736 62.521366 150.213394
v 187.073654 63.274555 148.046707
v 187.428864 62.947926 149.033325
v 187.236298 63.280998 148.976501
v 187.387939 62.744972 149.926147
v 186.978958 63.789745 148.046768
v 186.978607 63.767506 148.940552
v 187.571198 105.566200 119.721519
v 187.530090 105.202744 120.036987
v 187.529160 105.205460 120.962143
v 187.562683 105.565804 121.293823
v 187.524094 106.072372 119.560036
v 187.525696 106.060600 121.515587
v 187.519424 106.650803 119.528000
v 187.111160 106.703239 121.900200
v 187.561646 106.616486 121.644455
v 187.507141 107.210907 119.616791
v 187.108917 107.194252 121.902252
v 187.524887 107.237457 121.566681
v 187.418427 107.608177 119.803131
v 187.432755 107.670418 121.288376
v 187.421310 107.824409 120.071335
v 187.419098 107.873726 120.941116
v 187.672806 60.536537 149.041245
v 187.877914 61.052090 148.812927
v 187.933533 60.781487 149.064743
v 187.966766 60.873756 149.961746
v 187.629776 61.033852 150.869003
v 187.909317 61.036415 150.398514
v 187.887405 61.451180 148.773575
v 187.624954 61.450653 150.866211
v 187.914734 61.466438 150.397202
v 187.984238 61.754246 149.038239
v 187.811462 62.119503 149.013657
v 187.806946 62.109444 149.982208
v 188.000381 61.759727 149.977570
v 187.591415 62.612869 149.043213
v 187.544418 62.568451 149.934204
v 187.869888 104.960495 120.033730
v 188.229050 105.030174 119.763130
v 188.195511 104.697105 120.045868
v 188.195297 104.696663 120.954391
v 187.870575 104.961632 120.965576
v 188.229416 105.030182 121.236488
v 188.122284 105.498100 119.604088
v 188.121277 105.499229 121.395905
v 188.106842 106.066856 119.528107
v 188.103577 106.068977 121.491463
v 188.101929 106.645668 119.559799
v 188.101013 106.651031 121.483742
v 188.057053 107.150452 119.720314
v 188.059799 107.165337 121.320396
v 188.091812 107.504204 120.040459
v 187.740280 107.700882 120.042374
v 187.744858 107.714424 120.965714
v 188.094238 107.506210 120.962509
v 188.055359 61.043556 149.077652
v 188.078934 61.058487 149.942825
v 188.074814 61.441776 149.072754
v 188.088577 61.445763 149.944962
v 188.505096 104.448021 120.051079
v 188.804031 104.515671 119.800720
v 188.803253 104.275772 120.066368
v 188.800980 104.273537 120.934456
v 188.504227 104.446686 120.949409
v 188.804657 104.514122 121.200134
v 188.714355 104.927185 119.632553
v 188.714371 104.927109 121.367584
v 188.694153 105.482925 119.535988
v 188.694107 105.482941 121.463989
v 188.691315 106.064728 119.522057
v 188.691040 106.065018 121.478142
v 188.678421 106.624939 119.617493
v 188.678024 106.626068 121.386993
v 188.590012 107.032707 119.792015
v 188.589325 107.036568 121.212479
v 188.586899 107.277489 120.064758
v 188.588760 107.279190 120.935844
v 189.329346 104.393753 119.720970
v 189.288116 104.030724 120.037003
v 189.287338 104.032494 120.962456
v 189.330261 104.393150 121.280594
v 189.282684 104.901161 119.563774
v 189.282654 104.901123 121.436447
v 189.277985 105.480003 119.512009
v 189.278000 105.480003 121.488029
v 189.273315 106.058868 119.563538
v 189.273361 106.058952 121.436768
v 189.228790 106.564934 119.719833
v 189.228043 106.565605 121.281784
v 189.263855 106.918198 120.040482
v 188.913681 107.122452 120.041260
v 188.913086 107.121475 120.958191
v 189.264740 106.916969 120.959312
v 189.627792 103.788353 120.033730
v 189.988907 103.857170 119.764542
v 189.947891 103.515511 120.042641
v 189.948090 103.515671 120.957306
v 189.628693 103.789803 120.965485
v 189.989273 103.857262 121.234970
v 189.880325 104.326157 119.604233
v 189.880249 104.326096 121.395935
v 189.864960 104.894951 119.522141
v 189.864975 104.894951 121.477875
v 189.861832 105.477081 119.535995
v 189.861877 105.477089 121.464005
v 189.841583 106.032814 119.632591
v 189.841583 106.032860 121.367523
v 189.751968 106.444397 119.800598
v 189.751373 106.446014 121.200371
v 189.752731 106.684204 120.066315
v 189.754990 106.686440 120.934433
v 190.248230 103.227303 120.044174
v 190.583511 103.272202 119.770805
v 190.546936 102.943878 120.047462
v 190.546463 102.943245 120.952911
v 190.248016 103.227005 120.955933
v 190.583389 103.272026 121.229393
v 190.474060 103.746689 119.620209
v 190.474075 103.746674 121.379845
v 190.452560 104.310570 119.536324
v 190.452560 104.310562 121.463669
v 190.449036 104.893051 119.522141
v 190.449036 104.893044 121.477867
v 190.433655 105.461884 119.604080
v 190.433701 105.461960 121.396164
v 190.326904 105.929825 119.763107
v 190.326599 105.929863 121.236588
v 190.360474 106.262924 120.045921
v 190.050903 106.511993 120.051086
v 190.051743 106.513313 120.949379
v 190.360672 106.263344 120.954369
v 190.849091 102.690018 120.051064
v 191.147995 102.757645 119.800667
v 191.147263 102.517776 120.066353
v 191.145020 102.515549 120.934448
v 190.848282 102.688797 120.949348
v 191.148636 102.756119 121.200165
v 191.058533 103.168701 119.632034
v 191.058472 103.168640 121.368111
v 191.038712 103.725517 119.540092
v 191.038742 103.725533 121.459908
v 191.035919 104.307922 119.506004
v 191.035904 104.307922 121.494003
v 191.031296 104.886841 119.563774
v 191.031281 104.886894 121.436432
v 190.984558 105.394257 119.720955
v 190.983719 105.394859 121.280563
v 191.025848 105.757248 120.036995
v 190.686127 105.999489 120.033730
v 190.685349 105.998276 120.965538
v 191.026657 105.755508 120.962448
v 191.673401 102.635773 119.720970
v 191.632111 102.272736 120.036995
v 191.631348 102.274483 120.962463
v 191.674225 102.635124 121.280571
v 191.626678 103.143150 119.563789
v 191.626648 103.143097 121.436440
v 191.622086 103.722069 119.506004
v 191.622009 103.722069 121.493996
v 191.619217 104.304443 119.540092
v 191.619217 104.304443 121.459900
v 191.599442 104.861298 119.632042
v 191.599487 104.861359 121.368088
v 191.509918 105.272362 119.800682
v 191.509384 105.273880 121.200172
v 191.510712 105.512253 120.066338
v 191.513000 105.514488 120.934418
v 191.971786 102.030342 120.033752
v 192.332916 102.099174 119.764542
v 192.291855 101.757500 120.042648
v 192.292084 101.757652 120.957298
v 191.972656 102.031784 120.965454
v 192.333282 102.099266 121.234985
v 192.224335 102.568176 119.604263
v 192.224289 102.568130 121.395958
v 192.208939 103.136940 119.522156
v 192.208954 103.136948 121.477882
v 192.205399 103.719421 119.536331
v 192.205414 103.719421 121.463676
v 192.183823 104.283287 119.620186
v 192.183884 104.283302 121.379829
v 192.074463 104.757759 119.770813
v 192.074554 104.757957 121.229416
v 192.110992 105.086128 120.047447
v 191.808884 105.340012 120.051064
v 191.809692 105.341225 120.949356
v 192.111511 105.086777 120.952881
v 192.592255 101.469299 120.044174
v 192.927521 101.514206 119.770813
v 192.890976 101.185867 120.047440
v 192.890488 101.185242 120.952904
v 192.592056 101.469009 120.955933
v 192.927414 101.514023 121.229401
v 192.818100 101.988701 119.620216
v 192.818085 101.988686 121.379837
v 192.796600 102.552574 119.536354
v 192.796585 102.552582 121.463692
v 192.793091 103.135063 119.522141
v 192.793060 103.135056 121.477875
v 192.777695 103.703812 119.604240
v 192.777710 103.703865 121.395950
v 192.669052 104.172829 119.764519
v 192.668732 104.172714 121.234962
v 192.710190 104.514465 120.042641
v 192.409775 104.802689 120.044174
v 192.409943 104.802963 120.955925
v 192.709885 104.514328 120.957314
v 193.193085 100.931992 120.051064
v 193.492050 100.999649 119.800652
v 193.491257 100.759781 120.066353
v 193.488998 100.757530 120.934456
v 193.192322 100.930771 120.949356
v 193.492645 100.998093 121.200150
v 193.402512 101.410698 119.632042
v 193.402527 101.410637 121.368111
v 193.382751 101.967552 119.540108
v 193.382751 101.967545 121.459915
v 193.379929 102.549911 119.506004
v 193.379929 102.549911 121.493996
v 193.375290 103.128838 119.563782
v 193.375275 103.128876 121.436424
v 193.328613 103.636223 119.720978
v 193.327728 103.636841 121.280548
v 193.369888 103.999260 120.036987
v 193.030182 104.241646 120.033714
v 193.029312 104.240204 120.965469
v 193.370667 103.997505 120.962479
v 194.017349 100.877769 119.720955
v 193.976120 100.514740 120.036995
v 193.975342 100.516495 120.962463
v 194.018265 100.877151 121.280571
v 193.970673 101.385147 119.563766
v 193.970673 101.385101 121.436447
v 193.966080 101.964058 119.505997
v 193.966095 101.964066 121.494003
v 193.963196 102.546448 119.540085
v 193.963272 102.546463 121.459915
v 193.943436 103.103279 119.632034
v 193.943466 103.103340 121.368088
v 193.853958 103.514336 119.800667
v 193.853302 103.515869 121.200127
v 193.854736 103.754219 120.066345
v 193.856979 103.756462 120.934425
v 194.315796 100.272339 120.033730
v 194.676895 100.341194 119.764526
v 194.635834 99.999519 120.042641
v 194.636108 99.999680 120.957321
v 194.316681 100.273788 120.965462
v 194.677277 100.341309 121.234978
v 194.568298 100.810181 119.604233
v 194.568314 100.810120 121.395935
v 194.552948 101.378937 119.522118
v 194.552963 101.378937 121.477867
v 194.548798 101.960800 119.540451
v 194.548782 101.960793 121.459541
v 194.527725 102.525764 119.619705
v 194.527725 102.525764 121.380341
v 194.418488 102.999825 119.770729
v 194.418579 102.999985 121.229462
v 194.455048 103.328140 120.047462
v 194.152878 103.581970 120.051094
v 194.153656 103.583214 120.949341
v 194.455536 103.328735 120.952866
v 194.936142 99.711151 120.044189
v 195.273178 99.755165 119.772087
v 195.229111 99.418137 120.044197
v 195.229156 99.418137 120.955811
v 194.936111 99.711105 120.955879
v 195.273132 99.755165 121.227959
v 195.162140 100.230751 119.620331
v 195.162094 100.230743 121.379639
v 195.140594 100.794571 119.536316
v 195.140594 100.794563 121.463669
v 195.134811 101.374786 119.540443
v 195.134781 101.374786 121.459549
v 195.113754 101.939720 119.619858
v 195.113708 101.939720 121.380157
v 195.002838 102.414886 119.771973
v 195.002808 102.414879 121.228004
v 195.046844 102.751839 120.044189
v 194.753769 103.044685 120.044167
v 194.753891 103.044907 120.955879
v 195.046844 102.751862 120.955788
v 195.522110 99.125145 120.044197
v 195.859131 99.169106 119.772018
v 195.815125 98.832153 120.044167
v 195.815186 98.832146 120.955818
v 195.522125 99.125153 120.955795
v 195.859070 99.169106 121.227989
v 195.748276 99.644279 119.619843
v 195.748276 99.644279 121.380135
v 195.727203 100.209198 119.540459
v 195.727203 100.209198 121.459564
v 195.721405 100.789413 119.536331
v 195.720779 100.788788 121.459564
v 195.699875 101.353241 119.620346
v 195.699692 101.353699 121.380173
v 195.588806 101.828819 119.772049
v 195.588852 101.828873 121.228012
v 195.632858 102.165871 120.044189
v 195.339874 102.458847 120.044205
v 195.339859 102.458847 120.955795
v 195.632858 102.165855 120.955818
v 196.108170 98.539154 120.044182
v 196.445160 98.583122 119.772018
v 196.401093 98.246078 120.044151
v 196.401169 98.246155 120.955818
v 196.108109 98.539154 120.955818
v 196.445175 98.583145 121.227913
v 196.334244 99.058304 119.619873
v 196.334320 99.058289 121.380150
v 196.313187 99.623215 119.540451
v 196.313187 99.623199 121.459564
v 196.308456 100.204491 119.527924
v 196.306778 100.202782 121.459549
v 196.293640 100.774559 119.602798
v 196.285843 100.767868 121.380646
v 196.185196 101.242569 119.764664
v 196.174667 101.242531 121.227638
v 196.225983 101.584389 120.042702
v 195.925888 101.872841 120.044220
v 195.925873 101.872849 120.955795
v 196.218353 101.579521 120.955582
v 196.689621 97.946106 120.042664
v 197.031235 97.987259 119.765022
v 196.963776 97.626701 120.034508
v 196.962326 97.625824 120.966270
v 196.689499 97.945831 120.957375
v 197.031189 97.986916 121.235481
v 196.920715 98.472130 119.620346
v 196.920715 98.472122 121.379654
v 196.899231 99.037209 119.540443
v 196.899200 99.037201 121.459557
v 196.894455 99.618484 119.527939
v 196.892807 99.616791 121.459541
v 196.885727 100.195740 119.583107
v 196.872025 100.182045 121.381226
v 196.838379 100.703499 119.730019
v 196.764847 100.660759 121.232063
v 196.872879 101.052994 120.035530
v 196.540649 101.305557 120.036377
v 196.516815 101.291153 120.955673
v 196.833115 101.005219 120.940186
v 197.585037 67.975357 121.078651
v 197.770813 67.973877 120.892990
v 197.643036 67.786018 121.059334
v 197.646545 67.788765 121.940048
v 197.585403 67.976479 121.921234
v 197.772034 67.975616 122.101013
v 197.651093 68.156403 121.061447
v 197.647507 68.159264 121.939423
v 197.440796 96.793259 120.064125
v 197.686356 96.793213 119.792099
v 197.598526 96.468918 120.041801
v 197.597504 96.468269 120.958733
v 197.442474 96.795120 120.935265
v 197.687424 96.792038 121.207878
v 197.206497 97.285347 120.037552
v 197.567535 97.328094 119.719978
v 197.204742 97.286110 120.963028
v 197.568207 97.327171 121.278481
v 197.500137 97.878296 119.604042
v 197.500183 97.878334 121.395775
v 197.484589 98.450584 119.536324
v 197.484604 98.450577 121.463676
v 197.479446 99.031441 119.536346
v 197.478821 99.030800 121.459572
v 197.464645 99.603706 119.602539
v 197.457901 99.595917 121.380775
v 197.393768 100.147293 119.728745
v 197.351791 100.075951 121.233521
v 197.297195 100.604012 119.831123
v 197.140503 100.738083 120.955093
v 197.438828 100.454300 120.954163
v 197.385849 100.704147 120.473488
v 197.326370 100.779045 120.037590
v 197.876678 67.486191 121.045265
v 198.198532 67.508209 120.739975
v 198.156647 67.185593 121.041054
v 198.160233 67.188805 121.955551
v 197.882889 67.491829 121.948593
v 198.211273 67.523598 122.218399
v 198.138870 67.970947 120.649971
v 198.133331 67.970161 122.288643
v 197.894928 68.411911 121.055557
v 198.190689 68.376892 120.771057
v 197.892990 68.413673 121.944252
v 198.188950 68.350555 122.183624
v 198.175659 68.604332 121.062119
v 198.179688 68.593277 121.932655
v 198.026810 95.621254 120.064117
v 198.272476 95.620667 119.791847
v 198.179565 95.292519 120.039841
v 198.178040 95.291763 120.960945
v 198.028503 95.623108 120.935234
v 198.273651 95.619453 121.208046
v 197.803024 96.117226 120.040695
v 198.154831 96.153770 119.718758
v 197.801788 96.118126 120.959480
v 198.155518 96.153000 121.279640
v 198.094925 96.703491 119.617241
v 198.095001 96.703545 121.382523
v 198.074326 97.280075 119.559822
v 198.074387 97.280106 121.439995
v 198.068924 97.862946 119.522125
v 198.068985 97.862953 121.477898
v 198.064774 98.444786 119.540451
v 198.064789 98.444801 121.459557
v 198.043228 99.009872 119.620346
v 198.043686 99.009727 121.380203
v 197.932602 99.494980 119.765091
v 197.932693 99.484886 121.227921
v 197.994904 99.850060 120.035980
v 197.743103 100.185028 120.036438
v 197.695709 100.144783 120.944893
v 197.981140 99.827278 120.955162
v 197.477158 100.636803 120.040871
v 198.447922 66.891296 121.038811
v 198.764389 66.917488 120.713394
v 198.751678 66.613983 121.045288
v 198.752335 66.615135 121.951477
v 198.452179 66.895218 121.955750
v 198.787277 66.946259 122.219528
v 198.656784 67.393776 120.439537
v 198.678665 67.414261 122.376251
v 198.584488 67.983391 120.369110
v 198.662216 67.967720 122.403366
v 198.648621 68.539467 120.506683
v 198.707336 68.472137 122.277687
v 198.640381 68.883698 121.008270
v 198.667114 68.830261 121.959488
v 198.656967 93.859436 120.070763
v 198.869766 93.861259 119.802773
v 198.773819 93.536140 120.040939
v 198.771606 93.535179 120.959900
v 198.658066 93.859657 120.928825
v 198.869965 93.861084 121.197144
v 198.543182 94.374084 120.060875
v 198.807755 94.363075 119.749229
v 198.544968 94.375816 120.938942
v 198.809204 94.361855 121.250092
v 198.368195 94.924492 120.036499
v 198.732666 94.971985 119.705910
v 198.366745 94.925552 120.963570
v 198.732620 94.970673 121.293251
v 198.679977 95.530754 119.614517
v 198.680038 95.530762 121.385437
v 198.660294 96.108032 119.559471
v 198.660339 96.108055 121.440216
v 198.655304 96.690651 119.522072
v 198.655228 96.690628 121.477928
v 198.653976 97.276001 119.512001
v 198.654007 97.276001 121.488022
v 198.650467 97.859238 119.540092
v 198.650436 97.859230 121.459900
v 198.629776 98.423752 119.619659
v 198.629730 98.423714 121.380280
v 198.518860 98.898827 119.772057
v 198.518860 98.898865 121.227997
v 198.562927 99.235909 120.044174
v 198.274139 99.535789 120.042824
v 198.269669 99.528435 120.955704
v 198.562836 99.235855 120.955803
v 199.051422 66.380127 121.056480
v 199.250259 66.491638 120.839478
v 199.243790 66.314804 121.076088
v 199.239120 66.321442 121.921242
v 199.049789 66.378510 121.941071
v 199.238953 66.506645 122.103798
v 199.243301 66.856239 120.477470
v 199.237457 66.867172 122.300377
v 199.066010 67.449463 120.100433
v 199.412445 67.562164 119.838112
v 199.304703 67.221992 120.108574
v 199.242615 67.396225 122.425354
v 198.974899 67.978363 120.031227
v 199.379822 67.988647 119.749649
v 199.238510 67.975685 122.467461
v 198.988968 68.580788 120.079460
v 199.383911 68.550232 119.750900
v 199.252960 68.531792 122.368492
v 199.185394 69.054695 120.071106
v 199.451370 69.045738 119.800026
v 198.942688 69.137749 120.972923
v 199.017288 69.035683 121.951233
v 199.333862 68.926735 122.186653
v 199.347397 69.372238 120.046455
v 199.255249 69.440659 121.028625
v 199.332108 69.182159 121.921272
v 199.242966 92.101433 120.070786
v 199.455750 92.103264 119.802765
v 199.359833 91.778152 120.040939
v 199.357651 91.777191 120.959892
v 199.244080 92.101669 120.928856
v 199.455994 92.103065 121.197136
v 199.129181 92.616096 120.060883
v 199.393768 92.605072 119.749245
v 199.130981 92.617828 120.938957
v 199.395264 92.603882 121.250092
v 198.954208 93.166496 120.036499
v 199.318619 93.213921 119.705833
v 198.952713 93.167542 120.963577
v 199.318649 93.212624 121.293304
v 199.265945 93.772018 119.613617
v 199.266022 93.772049 121.386253
v 199.252396 94.348122 119.574806
v 199.252396 94.348099 121.425156
v 199.243927 94.934418 119.546547
v 199.243942 94.934433 121.453331
v 199.241180 95.518570 119.528023
v 199.241180 95.518570 121.471970
v 199.239929 96.104065 119.512062
v 199.239944 96.104065 121.487968
v 199.238739 96.689362 119.522018
v 199.238739 96.689354 121.477989
v 199.232956 97.271370 119.563210
v 199.232895 97.271324 121.436455
v 199.207382 97.839462 119.631966
v 199.207275 97.839432 121.367897
v 199.104004 98.314613 119.770523
v 199.103821 98.314491 121.229279
v 199.148926 98.649910 120.044098
v 198.855881 98.942848 120.044205
v 198.855850 98.942848 120.955780
v 199.148697 98.649750 120.955826
v 199.462524 66.363251 121.046806
v 199.430298 66.379112 121.938141
v 199.792099 66.805496 120.527534
v 199.817810 66.533005 121.015442
v 199.756058 66.605659 121.936646
v 199.692642 66.945602 122.223312
v 199.838959 67.533722 119.752945
v 199.832901 67.162003 120.056526
v 199.797134 67.415688 122.367577
v 199.839783 67.989723 119.606697
v 199.810638 67.975403 122.407669
v 199.838272 68.561783 119.579544
v 199.797058 68.528618 122.347946
v 199.852585 69.133560 119.618942
v 199.731232 68.940643 122.182167
v 199.557861 69.720840 120.040512
v 199.915588 69.680717 119.722244
v 199.511139 69.743126 120.987556
v 199.887238 69.685448 121.481262
v 199.752655 69.321632 121.861938
v 199.787292 70.214600 120.065514
v 200.035309 70.215904 119.797630
v 199.777191 70.218567 120.938644
v 200.021042 70.207848 121.230186
v 199.936768 70.545906 120.039833
v 199.936752 70.545891 120.961128
v 199.836563 89.756813 120.072227
v 200.041977 89.759201 119.803024
v 199.945877 89.434135 120.040939
v 199.943634 89.433174 120.959908
v 199.836884 89.756805 120.927635
v 200.042068 89.759026 121.196968
v 199.762512 90.261086 120.068161
v 199.992493 90.256882 119.760780
v 199.763809 90.261330 120.931435
v 199.993011 90.256828 121.238693
v 199.692169 90.844360 120.058075
v 199.971024 90.836044 119.738144
v 199.693375 90.845901 120.941917
v 199.972031 90.834709 121.261581
v 199.536560 91.405991 120.035561
v 199.903656 91.455154 119.704056
v 199.535187 91.406998 120.964531
v 199.903534 91.453835 121.295326
v 199.851929 92.014000 119.613609
v 199.852005 92.014053 121.386238
v 199.838394 92.590096 119.574806
v 199.838409 92.590088 121.425156
v 199.829971 93.176437 119.546547
v 199.829926 93.176414 121.453316
v 199.827179 93.760582 119.528008
v 199.827179 93.760567 121.472023
v 199.825974 94.346001 119.512093
v 199.826004 94.346008 121.487915
v 199.824814 94.931435 119.527992
v 199.824829 94.931435 121.472015
v 199.822037 95.515587 119.546547
v 199.822021 95.515564 121.453323
v 199.813614 96.101883 119.574791
v 199.813599 96.101891 121.425148
v 199.799042 96.677223 119.616425
v 199.798935 96.677139 121.383247
v 199.739609 97.226112 119.718109
v 199.738892 97.226830 121.280212
v 199.620041 97.749397 119.799614
v 199.618393 97.749954 121.199463
v 199.687256 98.049652 120.050674
v 199.432755 98.351524 120.047119
v 199.432144 98.351036 120.952530
v 199.685959 98.048874 120.948906
v 200.355911 66.931175 120.561615
v 200.302765 66.758545 121.014000
v 200.075226 66.845482 121.952675
v 200.359482 66.876251 121.474808
v 200.399353 67.536148 119.751961
v 200.420410 67.179779 120.084709
v 200.347641 67.148178 121.946724
v 200.215759 67.493164 122.199623
v 200.410904 67.988716 119.582268
v 200.265244 67.976662 122.245544
v 200.411926 68.562553 119.520355
v 200.221832 68.461937 122.206337
v 200.411804 69.149086 119.524582
v 200.096848 69.115318 121.957222
v 200.389359 68.837700 121.969849
v 200.510468 69.261696 121.729340
v 200.420166 69.732758 119.563683
v 200.415970 69.741074 121.535454
v 200.437836 70.306526 119.616371
v 200.433868 70.305962 121.400902
v 200.125031 70.912376 120.036766
v 200.492477 70.864990 119.707726
v 200.126572 70.913383 120.963165
v 200.492142 70.863060 121.292786
v 200.303223 71.462105 120.061287
v 200.569748 71.474426 119.754196
v 200.301514 71.463829 120.938873
v 200.568314 71.473198 121.246475
v 200.416656 71.978210 120.071671
v 200.630112 71.975525 119.805634
v 200.415558 71.978378 120.928658
v 200.629898 71.975327 121.194420
v 200.530106 72.302650 120.040604
v 200.532303 72.301666 120.958542
v 200.422592 86.826820 120.072220
v 200.628006 86.829208 119.803009
v 200.531860 86.504128 120.040955
v 200.529648 86.503174 120.959915
v 200.422897 86.826820 120.927643
v 200.628128 86.829041 121.196983
v 200.356079 87.329430 120.069725
v 200.578705 87.326691 119.760948
v 200.356720 87.329536 120.930069
v 200.579086 87.326736 121.238525
v 200.325104 87.903488 120.065460
v 200.569504 87.900986 119.750053
v 200.325806 87.903580 120.934311
v 200.569717 87.900894 121.249779
v 200.274185 88.498650 120.057281
v 200.556000 88.491310 119.736641
v 200.275253 88.500076 120.942711
v 200.556900 88.489967 121.263252
v 200.122543 89.061966 120.035545
v 200.489670 89.111160 119.704041
v 200.121170 89.063004 120.964531
v 200.489517 89.109825 121.295334
v 200.438004 89.669991 119.613647
v 200.438019 89.670006 121.386200
v 200.424622 90.245712 119.574875
v 200.424698 90.245720 121.425072
v 200.421524 90.830292 119.562973
v 200.421539 90.830276 121.437073
v 200.416290 91.418480 119.552437
v 200.416275 91.418495 121.447418
v 200.412933 92.002777 119.528030
v 200.412949 92.002769 121.471962
v 200.412003 92.587997 119.512131
v 200.412003 92.587990 121.487854
v 200.410812 93.173454 119.528000
v 200.410812 93.173439 121.472008
v 200.408035 93.757584 119.546539
v 200.408005 93.757576 121.453308
v 200.399567 94.343895 119.574799
v 200.399567 94.343887 121.425156
v 200.386017 94.919998 119.613594
v 200.385941 94.919952 121.386230
v 200.333328 95.478073 119.705811
v 200.333359 95.479393 121.293289
v 200.258209 96.086922 119.749237
v 200.256775 96.088150 121.250069
v 200.196442 96.588211 119.802788
v 200.196259 96.588341 121.197060
v 200.287201 96.909477 120.042892
v 200.090988 97.262764 120.040695
v 200.092148 97.261848 120.959511
v 200.288818 96.910286 120.957680
v 199.860489 97.752998 120.065559
v 199.858154 97.750748 120.933617
v 200.611923 66.927170 121.008659
v 200.884628 67.602303 119.807716
v 200.896179 67.356766 120.078438
v 200.907700 67.178917 120.964172
v 200.572037 67.441605 121.904350
v 200.914185 67.471725 121.426659
v 200.965790 68.008110 119.648163
v 200.654419 67.974564 121.945755
v 201.032410 67.985222 121.581802
v 200.989243 68.564156 119.566635
v 200.614685 68.523254 121.932198
v 201.038544 68.590630 121.629471
v 200.998199 69.146919 119.524590
v 201.014328 69.155960 121.575455
v 200.997971 69.734001 119.514069
v 200.999054 69.735039 121.517220
v 200.997452 70.320984 119.529152
v 200.997528 70.320992 121.470833
v 201.003983 70.905510 119.548874
v 201.003937 70.905510 121.451248
v 201.010452 71.490761 119.576981
v 201.010406 71.490738 121.423027
v 201.023773 72.064545 119.616241
v 201.023773 72.064606 121.383942
v 200.707474 72.672897 120.035789
v 201.077408 72.623955 119.705719
v 200.708923 72.673927 120.964096
v 201.077591 72.622627 121.294891
v 200.861465 73.235886 120.057411
v 201.144104 73.245819 119.738617
v 200.860336 73.237373 120.942574
v 201.143173 73.244469 121.261452
v 200.907532 73.833878 120.064850
v 201.154724 73.835968 119.748810
v 200.906952 73.833969 120.935303
v 201.154633 73.835884 121.251228
v 200.914459 74.422012 120.066254
v 201.154724 74.422012 119.748787
v 200.914444 74.421997 120.933731
v 201.154739 74.422005 121.251221
v 200.914413 75.008003 120.066261
v 201.154709 75.007980 119.748779
v 200.914429 75.008011 120.933739
v 201.154709 75.007996 121.251198
v 200.918747 75.592552 120.067139
v 201.155899 75.593117 119.750519
v 200.918625 75.592567 120.932945
v 201.155807 75.593147 121.249573
v 200.942764 76.164474 120.070030
v 201.166489 76.166069 119.763832
v 200.942169 76.164574 120.930206
v 201.166168 76.166122 121.236626
v 201.009430 76.667053 120.072845
v 201.216049 76.663528 119.805550
v 201.009140 76.667023 120.927231
v 201.215942 76.663376 121.194412
v 201.116135 76.990639 120.040611
v 201.118332 76.989670 120.958534
v 201.008545 83.310822 120.072212
v 201.213974 83.313171 119.803024
v 201.117828 82.988152 120.040932
v 201.115616 82.987190 120.959900
v 201.008911 83.310822 120.927673
v 201.214096 83.313019 121.196983
v 200.942032 83.813416 120.069679
v 201.164688 83.810677 119.760933
v 200.942719 83.813492 120.930046
v 201.165085 83.810722 121.238564
v 200.918610 84.385429 120.067062
v 201.155701 84.384796 119.750252
v 200.918762 84.385460 120.932907
v 201.155823 84.384804 121.249649
v 200.906952 84.972023 120.064713
v 201.154510 84.970177 119.748581
v 200.907562 84.972122 120.935173
v 201.154633 84.970070 121.251335
v 200.860153 85.568611 120.057289
v 201.141983 85.561287 119.736633
v 200.861298 85.570068 120.942757
v 201.142944 85.559967 121.263283
v 200.708588 86.131989 120.035599
v 201.075684 86.181137 119.704048
v 200.707199 86.133003 120.964531
v 201.075546 86.179840 121.295341
v 201.023972 86.740013 119.613663
v 201.024002 86.740005 121.386169
v 201.010635 87.315681 119.574951
v 201.010681 87.315712 121.425003
v 201.007675 87.900002 119.563095
v 201.007690 87.899994 121.436890
v 201.007706 88.486198 119.568840
v 201.007721 88.486183 121.431198
v 201.002182 89.074539 119.552475
v 201.002197 89.074532 121.447380
v 200.998917 89.658752 119.528084
v 200.998978 89.658775 121.471931
v 200.998001 90.244011 119.512207
v 200.997955 90.244011 121.487793
v 200.997009 90.829231 119.528023
v 200.996994 90.829239 121.471985
v 200.993729 91.413551 119.552444
v 200.993668 91.413506 121.447426
v 200.988449 92.001732 119.562965
v 200.988434 92.001724 121.437080
v 200.985321 92.586288 119.574860
v 200.985336 92.586296 121.425049
v 200.972015 93.162018 119.613655
v 200.971954 93.161964 121.386192
v 200.919357 93.720070 119.705833
v 200.919312 93.721375 121.293297
v 200.844223 94.328918 119.749245
v 200.842773 94.330124 121.250099
v 200.782257 94.830742 119.802795
v 200.782013 94.830917 121.197121
v 200.878174 95.155853 120.040977
v 200.697769 95.525513 120.036530
v 200.699265 95.524452 120.963562
v 200.880371 95.156815 120.959885
v 200.522781 96.075920 120.060852
v 200.520996 96.074173 120.938919
v 200.409042 96.590584 120.070854
v 200.407898 96.590347 120.928833
v 201.179428 67.531593 120.054878
v 201.201294 67.474518 120.971848
v 201.373642 68.091354 119.805603
v 201.437653 67.797531 120.054619
v 201.450851 67.781776 120.955566
v 201.394638 68.070152 121.256065
v 201.494461 68.615349 119.722244
v 201.504150 68.611977 121.324661
v 201.557419 69.162437 119.618950
v 201.560135 69.160042 121.401611
v 201.571518 69.735245 119.576973
v 201.571533 69.735237 121.423058
v 201.577927 70.320488 119.548851
v 201.578003 70.320488 121.451248
v 201.584442 70.905006 119.529152
v 201.584457 70.905014 121.470810
v 201.584000 71.491997 119.514061
v 201.583984 71.492012 121.485954
v 201.583496 72.078987 119.529350
v 201.583557 72.079002 121.470657
v 201.590012 72.663513 119.553856
v 201.589966 72.663521 121.446274
v 201.593842 73.249962 119.568886
v 201.593796 73.249954 121.431068
v 201.593796 73.835938 119.563507
v 201.593781 73.835938 121.436501
v 201.593765 74.421997 119.563179
v 201.593689 74.421974 121.436836
v 201.593689 75.007988 119.563187
v 201.593750 75.007996 121.436821
v 201.593796 75.593941 119.563721
v 201.593796 75.593933 121.436272
v 201.596481 76.178787 119.577156
v 201.596481 76.178787 121.422913
v 201.609787 76.752548 119.616226
v 201.609741 76.752602 121.383926
v 201.293488 77.360909 120.035789
v 201.663422 77.311951 119.705757
v 201.294891 77.361900 120.964096
v 201.663589 77.310623 121.294876
v 201.447479 77.923897 120.057388
v 201.730072 77.933830 119.738647
v 201.446365 77.925392 120.942574
v 201.729156 77.932457 121.261444
v 201.493530 78.521873 120.064835
v 201.740723 78.523972 119.748810
v 201.492935 78.521965 120.935310
v 201.740646 78.523872 121.251251
v 201.500443 79.110001 120.066284
v 201.740707 79.109985 119.748795
v 201.500412 79.109978 120.933723
v 201.740692 79.109993 121.251205
v 201.500397 79.695984 120.066246
v 201.740692 79.695984 119.748787
v 201.500412 79.695969 120.933723
v 201.740707 79.695999 121.251205
v 201.500458 80.281998 120.066277
v 201.740723 80.281982 119.748779
v 201.500427 80.281990 120.933731
v 201.740723 80.281990 121.251213
v 201.500443 80.867996 120.066254
v 201.740723 80.867981 119.748787
v 201.500458 80.867996 120.933731
v 201.740692 80.867989 121.251205
v 201.492920 81.456032 120.064682
v 201.740509 81.454163 119.748581
v 201.493546 81.456085 120.935143
v 201.740631 81.454063 121.251350
v 201.446167 82.052612 120.057281
v 201.727982 82.045296 119.736626
v 201.447266 82.054054 120.942741
v 201.728882 82.043961 121.263252
v 201.294571 82.615982 120.035538
v 201.661606 82.665123 119.704071
v 201.293167 82.616989 120.964523
v 201.661484 82.663818 121.295319
v 201.609955 83.223969 119.613632
v 201.610031 83.224014 121.386208
v 201.596634 83.799683 119.574936
v 201.596664 83.799698 121.424988
v 201.593689 84.383987 119.563164
v 201.593750 84.384003 121.436829
v 201.593689 84.970016 119.563103
v 201.593704 84.970016 121.436897
v 201.593719 85.556221 119.568825
v 201.593750 85.556213 121.431213
v 201.588196 86.144524 119.552475
v 201.588226 86.144539 121.447380
v 201.584946 86.728752 119.528069
v 201.584976 86.728775 121.471924
v 201.584015 87.314003 119.512222
v 201.583984 87.314003 121.487793
v 201.583023 87.899216 119.528076
v 201.582993 87.899223 121.471924
v 201.579788 88.483444 119.552467
v 201.579727 88.483437 121.447380
v 201.574249 89.071777 119.568817
v 201.574265 89.071777 121.431206
v 201.574310 89.657974 119.563103
v 201.574249 89.657982 121.436897
v 201.571335 90.242302 119.574936
v 201.571304 90.242302 121.425003
v 201.558014 90.818016 119.613647
v 201.557953 90.817986 121.386185
v 201.506332 91.376869 119.704041
v 201.506485 91.378159 121.295326
v 201.439041 91.995979 119.738152
v 201.437988 91.997299 121.261551
v 201.417496 92.575104 119.760757
v 201.416992 92.575203 121.238686
v 201.367996 93.072823 119.803024
v 201.367874 93.072968 121.196983
v 201.464172 93.397865 120.040962
v 201.283798 93.767502 120.036522
v 201.285248 93.766441 120.963570
v 201.466385 93.398819 120.959892
v 201.108780 94.317924 120.060852
v 201.107025 94.316177 120.938927
v 200.994995 94.832565 120.070763
v 200.993896 94.832321 120.928810
v 201.615463 68.087578 120.067123
v 201.622299 68.083084 120.938072
v 201.849976 68.576241 120.040710
v 201.850845 68.573959 120.961739
v 201.952194 69.251022 119.805672
v 202.046371 68.927933 120.042824
v 202.044937 68.928612 120.956734
v 201.951920 69.250359 121.194443
v 202.012207 69.751572 119.754173
v 202.013687 69.752800 121.246460
v 202.089554 70.361008 119.707710
v 202.089508 70.362343 121.293144
v 202.144211 70.919449 119.616249
v 202.144257 70.919411 121.383942
v 202.157516 71.493225 119.577133
v 202.157516 71.493210 121.422943
v 202.160110 72.078117 119.564064
v 202.160095 72.078125 121.435966
v 202.160141 72.664017 119.568878
v 202.160141 72.664024 121.431076
v 202.163956 73.250481 119.553871
v 202.163986 73.250473 121.446274
v 202.170471 73.835007 119.529366
v 202.170441 73.834999 121.470627
v 202.170135 74.421852 119.513145
v 202.170120 74.421844 121.486870
v 202.170029 75.008003 119.512215
v 202.169937 75.007996 121.487801
v 202.170013 75.593994 119.512222
v 202.169998 75.593994 121.487785
v 202.169876 76.180130 119.513138
v 202.169891 76.180130 121.486877
v 202.169479 76.766968 119.529343
v 202.169510 76.766983 121.470634
v 202.176025 77.351517 119.553879
v 202.175964 77.351517 121.446251
v 202.179855 77.937950 119.569084
v 202.179810 77.937965 121.430901
v 202.179871 78.523994 119.569260
v 202.179871 78.523994 121.430756
v 202.179855 79.109985 119.569244
v 202.179871 79.109993 121.430771
v 202.179855 79.695992 119.569244
v 202.179901 79.696007 121.430771
v 202.179855 80.281982 119.569229
v 202.179886 80.281982 121.430748
v 202.179840 80.867989 119.569252
v 202.179840 80.867989 121.430740
v 202.179871 81.454002 119.569168
v 202.179825 81.454010 121.430817
v 202.179688 82.040276 119.568947
v 202.179672 82.040268 121.431107
v 202.174194 82.628525 119.552528
v 202.174240 82.628548 121.447327
v 202.170975 83.212753 119.528091
v 202.170959 83.212753 121.471924
v 202.169952 83.797989 119.512222
v 202.170013 83.797997 121.487785
v 202.170044 84.383995 119.512215
v 202.169968 84.383995 121.487785
v 202.169037 84.969238 119.528076
v 202.169022 84.969231 121.471916
v 202.165771 85.553444 119.552460
v 202.165741 85.553436 121.447380
v 202.160233 86.141754 119.568840
v 202.160233 86.141777 121.431213
v 202.160294 86.727997 119.563103
v 202.160278 86.727982 121.436882
v 202.157364 87.312286 119.574936
v 202.157272 87.312309 121.424988
v 202.144012 87.887993 119.613625
v 202.143921 87.887962 121.386200
v 202.092316 88.446846 119.704018
v 202.092453 88.448143 121.295311
v 202.026047 89.066719 119.736626
v 202.025070 89.068024 121.263260
v 202.012497 89.657036 119.750046
v 202.012268 89.657104 121.249741
v 202.003296 90.231316 119.760941
v 202.002914 90.231247 121.238533
v 201.954010 90.728836 119.803024
v 201.953918 90.728981 121.196968
v 202.050156 91.053848 120.040939
v 201.873444 91.426041 120.035545
v 201.874802 91.425003 120.964523
v 202.052353 91.054810 120.959869
v 201.717819 91.987610 120.058014
v 201.716644 91.986092 120.941917
v 201.647476 92.570908 120.068169
v 201.646133 92.570648 120.931427
v 201.573441 93.075165 120.072250
v 201.573120 93.075195 120.927635
v 202.165329 69.247780 120.071663
v 202.166382 69.247597 120.928680
v 202.278748 69.763908 120.061287
v 202.280472 69.762177 120.938843
v 202.456940 70.313644 120.036743
v 202.455460 70.312622 120.963135
v 202.537964 71.008461 119.805565
v 202.637924 70.681366 120.040611
v 202.635696 70.682327 120.958519
v 202.538071 71.008652 121.194412
v 202.587418 71.505920 119.763832
v 202.587799 71.505859 121.236633
v 202.598068 72.078873 119.750549
v 202.598206 72.078972 121.249596
v 202.609909 72.668175 119.738647
v 202.610855 72.669533 121.261429
v 202.676575 73.290047 119.705757
v 202.676392 73.291374 121.294868
v 202.730164 73.849426 119.616234
v 202.730255 73.849380 121.383942
v 202.743530 74.423218 119.577164
v 202.743546 74.423203 121.422913
v 202.746170 75.008049 119.563705
v 202.746155 75.008041 121.436272
v 202.746246 75.594002 119.563179
v 202.746277 75.593987 121.436821
v 202.746292 76.180000 119.563171
v 202.746231 76.179977 121.436829
v 202.746155 76.766060 119.563492
v 202.746201 76.766052 121.436493
v 202.746109 77.351982 119.569061
v 202.746094 77.351997 121.430946
v 202.746124 77.937996 119.569244
v 202.746078 77.937988 121.430748
v 202.746078 78.523979 119.569244
v 202.746140 78.523994 121.430763
v 202.746094 79.109985 119.569244
v 202.746124 79.109993 121.430756
v 202.746109 79.695984 119.569244
v 202.746094 79.695992 121.430756
v 202.746078 80.281982 119.569244
v 202.746124 80.282005 121.430756
v 202.746140 80.867996 119.569260
v 202.746078 80.867989 121.430740
v 202.746063 81.453987 119.569237
v 202.746109 81.453995 121.430740
v 202.746078 82.039978 119.569153
v 202.746109 82.039993 121.430840
v 202.746033 82.626045 119.569145
v 202.746033 82.626045 121.430862
v 202.746231 83.211983 119.563179
v 202.746262 83.211990 121.436813
v 202.746307 83.797997 119.563187
v 202.746262 83.797989 121.436836
v 202.743332 84.382301 119.574944
v 202.743317 84.382286 121.424980
v 202.729996 84.957993 119.613632
v 202.729965 84.957970 121.386208
v 202.678360 85.516853 119.704063
v 202.678497 85.518166 121.295334
v 202.612030 86.136688 119.736633
v 202.611084 86.138000 121.263260
v 202.598465 86.727005 119.750046
v 202.598267 86.727112 121.249763
v 202.589294 87.301338 119.760948
v 202.588898 87.301247 121.238533
v 202.540024 87.798805 119.803032
v 202.539856 87.798965 121.196953
v 202.636169 88.123840 120.040939
v 202.459442 88.496048 120.035576
v 202.460815 88.495003 120.964516
v 202.638382 88.124817 120.959877
v 202.307816 89.059364 120.057243
v 202.306717 89.057930 120.942757
v 202.256943 89.654549 120.065491
v 202.256149 89.654404 120.934319
v 202.225937 90.228577 120.069733
v 202.225266 90.228485 120.930046
v 202.159470 90.731178 120.072212
v 202.159134 90.731194 120.927620
v 202.744553 71.004929 120.072861
v 202.744843 71.004936 120.927254
v 202.811203 71.507545 120.070030
v 202.811813 71.507431 120.930214
v 202.842117 72.081581 120.065659
v 202.842850 72.081467 120.934509
v 202.892517 72.678123 120.057358
v 202.893646 72.676628 120.942574
v 203.046494 73.241089 120.035789
v 203.045120 73.240089 120.964119
v 203.123962 73.938461 119.805557
v 203.223892 73.611374 120.040611
v 203.221725 73.612320 120.958542
v 203.124100 73.938652 121.194405
v 203.173447 74.435913 119.763840
v 203.173798 74.435852 121.236641
v 203.184067 75.008850 119.750519
v 203.184128 75.008842 121.249580
v 203.185272 75.594002 119.748772
v 203.185272 75.594002 121.251190
v 203.185257 76.179985 119.748772
v 203.185287 76.180000 121.251221
v 203.185272 76.765999 119.748787
v 203.185257 76.766006 121.251228
v 203.185257 77.352005 119.748787
v 203.185242 77.351982 121.251198
v 203.185272 77.937996 119.748787
v 203.185242 77.937996 121.251213
v 203.185287 78.524002 119.748795
v 203.185272 78.524017 121.251221
v 203.185242 79.109985 119.748779
v 203.185257 79.109993 121.251221
v 203.185272 79.695984 119.748795
v 203.185242 79.696007 121.251213
v 203.185226 80.281990 119.748795
v 203.185257 80.281982 121.251213
v 203.185257 80.867989 119.748787
v 203.185242 80.867981 121.251190
v 203.185226 81.453979 119.748772
v 203.185226 81.453979 121.251213
v 203.185211 82.039970 119.748772
v 203.185242 82.040001 121.251213
v 203.185272 82.625999 119.748779
v 203.185272 82.625984 121.251213
v 203.185257 83.211990 119.748795
v 203.185272 83.211990 121.251213
v 203.184280 83.797188 119.750252
v 203.184174 83.797173 121.249634
v 203.175262 84.371315 119.760941
v 203.174911 84.371269 121.238548
v 203.126068 84.868851 119.803062
v 203.125900 84.868980 121.196976
v 203.222183 85.193840 120.040947
v 203.045471 85.566032 120.035561
v 203.046783 85.565010 120.964531
v 203.224396 85.194801 120.959892
v 202.893814 86.129395 120.057243
v 202.892700 86.127930 120.942741
v 202.842896 86.724533 120.065475
v 202.842133 86.724403 120.934326
v 202.811905 87.298584 120.069702
v 202.811249 87.298500 120.930054
v 202.745438 87.801193 120.072212
v 202.745132 87.801208 120.927612
v 203.330551 73.934944 120.072853
v 203.330826 73.934914 120.927261
v 203.397186 74.437508 120.070000
v 203.397797 74.437424 120.930191
v 203.421249 75.009476 120.067139
v 203.421326 75.009430 120.932938
v 203.425552 75.594002 120.066246
v 203.425537 75.594002 120.933723
v 203.425552 76.180008 120.066261
v 203.425568 76.180000 120.933739
v 203.425568 76.765984 120.066246
v 203.425568 76.765999 120.933731
v 203.425537 77.351997 120.066238
v 203.425522 77.351974 120.933731
v 203.425552 77.937996 120.066269
v 203.425552 77.938004 120.933754
v 203.425552 78.524002 120.066231
v 203.425552 78.524010 120.933739
v 203.425537 79.109993 120.066246
v 203.425552 79.109993 120.933739
v 203.425568 79.695992 120.066269
v 203.425552 79.695999 120.933739
v 203.425552 80.281998 120.066261
v 203.425537 80.281967 120.933723
v 203.425552 80.867996 120.066223
v 203.425522 80.867973 120.933716
v 203.425552 81.453995 120.066277
v 203.425522 81.453987 120.933739
v 203.425552 82.039986 120.066246
v 203.425552 82.039993 120.933739
v 203.425568 82.625999 120.066261
v 203.425552 82.626007 120.933754
v 203.425552 83.211975 120.066246
v 203.425537 83.211983 120.933731
v 203.421356 83.796562 120.067055
v 203.421249 83.796516 120.932884
v 203.397949 84.368599 120.069733
v 203.397278 84.368492 120.930046
v 203.331451 84.871178 120.072189
v 203.331116 84.871193 120.927643
# 4404 vertices, 0 vertices normals

f 3 2 1
f 5 4 1
f 1 4 3
f 5 6 4
f 1 2 7
f 7 2 8
f 1 9 5
f 1 7 9
f 6 5 10
f 10 5 9
f 13 12 11
f 13 11 8
f 11 7 8
f 11 14 7
f 16 9 15
f 9 14 15
f 9 7 14
f 9 16 10
f 11 12 17
f 17 12 18
f 11 19 14
f 11 17 19
f 15 14 20
f 14 21 20
f 14 19 21
f 21 22 20
f 17 18 23
f 23 18 24
f 17 25 19
f 17 23 25
f 27 21 26
f 21 25 26
f 21 19 25
f 21 27 22
f 30 29 28
f 30 28 24
f 28 23 24
f 28 31 23
f 23 32 25
f 23 31 32
f 26 25 33
f 33 25 32
f 28 29 34
f 34 29 35
f 28 36 31
f 28 34 36
f 31 37 32
f 31 36 37
f 33 32 38
f 38 32 37
f 34 35 39
f 39 35 40
f 34 41 36
f 34 39 41
f 36 42 37
f 36 41 42
f 38 37 43
f 43 37 42
f 39 40 44
f 44 40 45
f 39 46 41
f 39 44 46
f 48 42 47
f 42 46 47
f 42 41 46
f 42 48 43
f 51 50 49
f 51 49 45
f 49 44 45
f 49 52 44
f 44 53 46
f 44 52 53
f 47 46 54
f 54 46 53
f 49 50 55
f 55 50 56
f 49 57 52
f 49 55 57
f 52 58 53
f 52 57 58
f 54 53 59
f 59 53 58
f 55 56 60
f 60 56 61
f 55 62 57
f 55 60 62
f 64 58 63
f 58 62 63
f 58 57 62
f 58 64 59
f 60 61 65
f 65 61 66
f 60 67 62
f 60 65 67
f 63 62 68
f 68 62 67
f 65 66 69
f 69 66 70
f 65 71 67
f 65 69 71
f 68 67 72
f 72 67 71
f 69 70 73
f 73 70 74
f 76 71 75
f 71 73 75
f 71 69 73
f 71 76 72
f 73 74 77
f 77 74 78
f 75 73 79
f 79 73 77
f 78 80 77
f 77 80 79
f 83 82 81
f 85 84 81
f 81 84 83
f 85 86 84
f 81 82 87
f 87 82 88
f 81 89 85
f 81 87 89
f 86 85 90
f 90 85 89
f 93 92 91
f 93 91 88
f 91 87 88
f 91 94 87
f 96 89 95
f 89 94 95
f 89 87 94
f 89 96 90
f 99 98 97
f 99 97 92
f 97 91 92
f 97 100 91
f 91 101 94
f 91 100 101
f 95 94 102
f 102 94 101
f 97 98 103
f 103 98 104
f 97 105 100
f 97 103 105
f 100 106 101
f 100 105 106
f 102 101 107
f 107 101 106
f 110 109 108
f 110 108 104
f 108 103 104
f 108 111 103
f 103 112 105
f 103 111 112
f 105 113 106
f 105 112 113
f 107 106 114
f 114 106 113
f 108 109 115
f 115 109 116
f 108 117 111
f 108 115 117
f 111 118 112
f 111 117 118
f 120 113 119
f 113 118 119
f 113 112 118
f 113 120 114
f 115 116 3
f 116 2 3
f 116 121 2
f 115 3 4
f 115 4 117
f 117 4 6
f 122 117 6
f 118 117 122
f 119 118 123
f 123 118 122
f 126 125 124
f 121 126 124
f 8 121 124
f 2 121 8
f 10 127 122
f 10 122 6
f 123 122 128
f 128 122 127
f 124 125 13
f 125 12 13
f 125 129 12
f 124 13 8
f 15 130 16
f 127 10 16
f 130 127 16
f 131 127 130
f 128 127 132
f 132 127 131
f 135 134 133
f 129 135 133
f 18 129 133
f 12 129 18
f 20 130 15
f 131 130 136
f 130 22 136
f 22 137 136
f 22 130 20
f 131 136 132
f 133 134 138
f 138 134 139
f 138 24 18
f 138 18 133
f 26 140 27
f 140 141 27
f 141 22 27
f 141 137 22
f 138 139 30
f 139 29 30
f 139 142 29
f 138 30 24
f 33 143 140
f 33 140 26
f 141 140 144
f 144 140 143
f 142 35 29
f 145 35 142
f 147 146 143
f 33 147 143
f 38 147 33
f 143 146 144
f 145 40 35
f 148 40 145
f 43 147 38
f 43 149 147
f 152 151 150
f 148 152 150
f 45 148 150
f 40 148 45
f 47 153 48
f 153 154 48
f 154 43 48
f 154 149 43
f 150 151 51
f 151 50 51
f 151 155 50
f 150 51 45
f 157 156 153
f 47 157 153
f 54 157 47
f 153 156 154
f 155 56 50
f 158 56 155
f 59 157 54
f 59 159 157
f 162 161 160
f 158 162 160
f 61 158 160
f 56 158 61
f 63 163 64
f 163 164 64
f 164 59 64
f 164 159 59
f 160 161 165
f 165 161 166
f 165 66 61
f 165 61 160
f 168 167 163
f 63 168 163
f 68 168 63
f 163 167 164
f 165 166 169
f 169 166 170
f 169 70 66
f 169 66 165
f 72 168 68
f 72 171 168
f 169 170 172
f 172 170 173
f 172 74 70
f 172 70 169
f 75 174 76
f 174 175 76
f 175 72 76
f 175 171 72
f 172 173 176
f 176 173 177
f 176 78 74
f 176 74 172
f 79 178 174
f 79 174 75
f 175 174 179
f 179 174 178
f 176 177 180
f 180 177 181
f 182 80 78
f 176 182 78
f 180 182 176
f 178 79 80
f 182 178 80
f 183 178 182
f 179 178 184
f 184 178 183
f 181 185 180
f 187 186 185
f 186 180 185
f 186 182 180
f 189 183 188
f 183 186 188
f 183 182 186
f 183 189 184
f 187 190 186
f 186 190 188
f 193 192 191
f 191 194 193
f 191 192 195
f 195 192 196
f 194 191 197
f 191 198 197
f 191 195 198
f 198 199 197
f 202 201 200
f 202 200 196
f 200 195 196
f 200 203 195
f 205 198 204
f 198 203 204
f 198 195 203
f 198 205 199
f 208 207 206
f 208 206 201
f 206 200 201
f 206 209 200
f 200 210 203
f 200 209 210
f 204 203 211
f 211 203 210
f 206 207 212
f 212 207 213
f 206 214 209
f 206 212 214
f 209 215 210
f 209 214 215
f 211 210 216
f 216 210 215
f 219 218 217
f 219 217 213
f 213 217 212
f 217 82 212
f 82 83 212
f 212 83 84
f 212 84 214
f 214 84 86
f 220 214 86
f 215 214 220
f 216 215 221
f 221 215 220
f 217 218 222
f 222 218 223
f 222 88 82
f 222 82 217
f 225 224 220
f 86 225 220
f 90 225 86
f 220 224 221
f 222 223 93
f 223 92 93
f 223 226 92
f 222 93 88
f 95 227 96
f 227 228 96
f 228 90 96
f 228 225 90
f 230 229 99
f 99 229 98
f 99 92 226
f 99 226 230
f 102 231 227
f 102 227 95
f 228 227 232
f 232 227 231
f 229 104 98
f 233 104 229
f 235 234 231
f 102 235 231
f 107 235 102
f 231 234 232
f 237 236 110
f 110 236 109
f 110 104 233
f 110 233 237
f 114 235 107
f 114 238 235
f 236 116 109
f 239 116 236
f 119 240 120
f 240 241 120
f 241 114 120
f 241 238 114
f 244 243 242
f 239 244 242
f 121 239 242
f 116 239 121
f 123 245 240
f 123 240 119
f 241 240 246
f 246 240 245
f 242 243 126
f 243 125 126
f 243 247 125
f 242 126 121
f 249 248 245
f 123 249 245
f 128 249 123
f 245 248 246
f 247 129 125
f 250 129 247
f 132 249 128
f 132 251 249
f 253 252 135
f 135 252 134
f 135 129 250
f 135 250 253
f 137 254 136
f 254 255 136
f 255 132 136
f 255 251 132
f 252 139 134
f 256 139 252
f 258 257 254
f 137 258 254
f 141 258 137
f 254 257 255
f 256 142 139
f 259 142 256
f 144 258 141
f 144 260 258
f 259 145 142
f 261 145 259
f 263 262 146
f 263 146 147
f 144 146 260
f 260 146 262
f 261 148 145
f 264 148 261
f 149 263 147
f 149 265 263
f 267 266 152
f 152 266 151
f 152 148 264
f 152 264 267
f 154 265 149
f 154 268 265
f 266 155 151
f 269 155 266
f 271 270 156
f 271 156 157
f 154 156 268
f 268 156 270
f 274 273 272
f 269 274 272
f 158 269 272
f 155 269 158
f 159 271 157
f 159 275 271
f 272 273 162
f 273 161 162
f 273 276 161
f 272 162 158
f 164 275 159
f 164 277 275
f 280 279 278
f 276 280 278
f 166 276 278
f 161 276 166
f 282 281 167
f 282 167 168
f 164 167 277
f 277 167 281
f 278 279 283
f 283 279 284
f 283 170 166
f 283 166 278
f 171 282 168
f 171 285 282
f 283 284 286
f 286 284 287
f 286 173 170
f 286 170 283
f 175 285 171
f 175 288 285
f 286 287 289
f 289 287 290
f 289 177 173
f 289 173 286
f 179 288 175
f 179 291 288
f 290 292 289
f 177 289 292
f 293 177 292
f 181 177 293
f 184 291 179
f 184 294 291
f 185 181 295
f 181 296 295
f 181 293 296
f 295 187 185
f 188 297 189
f 297 298 189
f 298 184 189
f 298 294 184
f 295 296 299
f 299 296 300
f 301 190 187
f 295 301 187
f 299 301 295
f 301 302 190
f 190 302 188
f 302 303 188
f 303 297 188
f 297 303 298
f 300 304 299
f 299 304 301
f 301 304 305
f 301 305 302
f 308 307 306
f 310 309 306
f 306 309 308
f 310 311 309
f 314 313 312
f 314 312 307
f 312 306 307
f 312 315 306
f 317 310 316
f 310 315 316
f 310 306 315
f 310 317 311
f 312 313 318
f 318 313 319
f 312 320 315
f 312 318 320
f 316 315 321
f 321 315 320
f 324 323 322
f 324 322 319
f 322 318 319
f 322 325 318
f 318 326 320
f 318 325 326
f 321 320 327
f 327 320 326
f 330 329 328
f 330 328 323
f 328 322 323
f 328 331 322
f 322 332 325
f 322 331 332
f 334 326 333
f 326 332 333
f 326 325 332
f 326 334 327
f 328 329 335
f 335 329 336
f 328 337 331
f 328 335 337
f 331 338 332
f 331 337 338
f 333 332 339
f 339 332 338
f 342 341 340
f 342 340 336
f 340 335 336
f 340 343 335
f 335 344 337
f 335 343 344
f 346 338 345
f 338 344 345
f 338 337 344
f 338 346 339
f 340 341 347
f 347 341 348
f 340 349 343
f 340 347 349
f 343 350 344
f 343 349 350
f 345 344 351
f 351 344 350
f 354 353 352
f 354 352 348
f 352 347 348
f 352 355 347
f 347 356 349
f 347 355 356
f 358 350 357
f 350 356 357
f 350 349 356
f 350 358 351
f 352 353 359
f 359 353 360
f 352 361 355
f 352 359 361
f 355 362 356
f 355 361 362
f 357 356 363
f 363 356 362
f 366 365 364
f 366 364 360
f 360 364 359
f 364 192 359
f 192 193 359
f 359 193 194
f 367 359 194
f 361 359 367
f 369 362 368
f 362 367 368
f 362 361 367
f 362 369 363
f 364 365 370
f 370 365 371
f 370 196 192
f 370 192 364
f 197 367 194
f 197 199 367
f 199 368 367
f 199 372 368
f 375 374 373
f 375 373 371
f 371 373 370
f 373 201 370
f 201 202 370
f 370 202 196
f 204 376 205
f 376 377 205
f 377 199 205
f 377 372 199
f 373 374 208
f 374 207 208
f 374 378 207
f 373 208 201
f 211 379 376
f 211 376 204
f 377 376 380
f 380 376 379
f 378 213 207
f 381 213 378
f 383 382 379
f 211 383 379
f 216 383 211
f 379 382 380
f 385 384 219
f 219 384 218
f 219 213 381
f 219 381 385
f 221 383 216
f 221 386 383
f 384 223 218
f 387 223 384
f 225 388 224
f 388 389 224
f 389 221 224
f 389 386 221
f 387 226 223
f 390 226 387
f 392 391 388
f 225 392 388
f 228 392 225
f 388 391 389
f 394 393 230
f 230 393 229
f 230 226 390
f 230 390 394
f 232 392 228
f 232 395 392
f 393 233 229
f 396 233 393
f 235 397 234
f 397 398 234
f 398 232 234
f 398 395 232
f 400 399 237
f 237 399 236
f 237 233 396
f 237 396 400
f 402 401 397
f 235 402 397
f 238 402 235
f 397 401 398
f 399 239 236
f 403 239 399
f 241 402 238
f 241 404 402
f 406 405 244
f 244 405 243
f 244 239 403
f 244 403 406
f 246 404 241
f 246 407 404
f 405 247 243
f 408 247 405
f 410 409 248
f 410 248 249
f 246 248 407
f 407 248 409
f 408 250 247
f 411 250 408
f 251 410 249
f 251 412 410
f 414 413 253
f 253 413 252
f 253 250 411
f 253 411 414
f 255 412 251
f 255 415 412
f 413 256 252
f 416 256 413
f 418 417 257
f 418 257 258
f 255 257 415
f 415 257 417
f 416 259 256
f 419 259 416
f 260 418 258
f 260 420 418
f 419 261 259
f 421 261 419
f 423 422 262
f 423 262 263
f 260 262 420
f 420 262 422
f 421 264 261
f 424 264 421
f 265 423 263
f 265 425 423
f 427 426 267
f 267 426 266
f 267 264 424
f 267 424 427
f 268 425 265
f 268 428 425
f 426 269 266
f 429 269 426
f 431 430 270
f 431 270 271
f 268 270 428
f 428 270 430
f 433 432 274
f 274 432 273
f 274 269 429
f 274 429 433
f 275 431 271
f 275 434 431
f 432 276 273
f 435 276 432
f 277 434 275
f 277 436 434
f 438 437 280
f 280 437 279
f 280 276 435
f 280 435 438
f 440 439 281
f 440 281 282
f 277 281 436
f 436 281 439
f 437 284 279
f 441 284 437
f 285 440 282
f 285 442 440
f 445 444 443
f 441 445 443
f 287 441 443
f 284 441 287
f 288 442 285
f 288 446 442
f 443 444 447
f 447 444 448
f 447 290 287
f 447 287 443
f 291 446 288
f 291 449 446
f 447 448 450
f 450 448 451
f 452 292 290
f 447 452 290
f 450 452 447
f 452 293 292
f 294 449 291
f 294 453 449
f 451 454 450
f 450 454 452
f 452 454 455
f 293 452 455
f 456 293 455
f 296 293 456
f 298 453 294
f 298 457 453
f 456 300 296
f 458 300 456
f 302 459 303
f 459 460 303
f 460 298 303
f 460 457 298
f 304 300 461
f 300 462 461
f 300 458 462
f 463 305 304
f 463 304 461
f 463 464 305
f 305 464 302
f 464 465 302
f 465 459 302
f 459 465 460
f 462 466 461
f 461 466 463
f 463 466 467
f 463 467 464
f 470 469 468
f 468 471 470
f 474 473 472
f 474 472 469
f 472 468 469
f 472 475 468
f 471 468 476
f 468 477 476
f 468 475 477
f 477 478 476
f 472 473 479
f 479 473 480
f 472 481 475
f 472 479 481
f 475 482 477
f 475 481 482
f 478 477 483
f 483 477 482
f 486 485 484
f 486 484 480
f 480 484 479
f 484 307 479
f 307 308 479
f 479 308 309
f 479 309 481
f 482 481 487
f 481 311 487
f 311 488 487
f 311 481 309
f 482 487 483
f 484 485 314
f 485 313 314
f 485 489 313
f 484 314 307
f 316 490 317
f 490 491 317
f 491 311 317
f 491 488 311
f 494 493 492
f 489 494 492
f 319 489 492
f 313 489 319
f 321 495 490
f 321 490 316
f 491 490 496
f 496 490 495
f 492 493 324
f 493 323 324
f 493 497 323
f 492 324 319
f 499 498 495
f 321 499 495
f 327 499 321
f 495 498 496
f 501 500 330
f 330 500 329
f 330 323 497
f 330 497 501
f 333 502 334
f 502 503 334
f 503 327 334
f 503 499 327
f 506 505 504
f 500 506 504
f 336 500 504
f 329 500 336
f 508 507 502
f 333 508 502
f 339 508 333
f 502 507 503
f 511 510 509
f 511 509 505
f 505 509 504
f 509 341 504
f 341 342 504
f 504 342 336
f 345 512 346
f 512 513 346
f 513 339 346
f 513 508 339
f 509 510 514
f 514 510 515
f 514 348 341
f 514 341 509
f 517 516 512
f 345 517 512
f 351 517 345
f 512 516 513
f 514 515 354
f 515 353 354
f 515 518 353
f 514 354 348
f 357 519 358
f 519 520 358
f 520 351 358
f 520 517 351
f 523 522 521
f 518 523 521
f 360 518 521
f 353 518 360
f 525 524 519
f 357 525 519
f 363 525 357
f 519 524 520
f 521 522 366
f 522 365 366
f 522 526 365
f 521 366 360
f 368 527 369
f 527 528 369
f 528 363 369
f 528 525 363
f 531 530 529
f 526 531 529
f 371 526 529
f 365 526 371
f 533 532 527
f 368 533 527
f 372 533 368
f 527 532 528
f 529 530 375
f 530 374 375
f 530 534 374
f 529 375 371
f 377 533 372
f 377 535 533
f 534 378 374
f 536 378 534
f 380 535 377
f 380 537 535
f 536 381 378
f 538 381 536
f 540 539 382
f 540 382 383
f 380 382 537
f 537 382 539
f 542 541 385
f 385 541 384
f 385 381 538
f 385 538 542
f 386 540 383
f 386 543 540
f 541 387 384
f 544 387 541
f 389 543 386
f 389 545 543
f 544 390 387
f 546 390 544
f 548 547 391
f 548 391 392
f 389 391 545
f 545 391 547
f 550 549 394
f 394 549 393
f 394 390 546
f 394 546 550
f 395 548 392
f 395 551 548
f 549 396 393
f 552 396 549
f 398 551 395
f 398 553 551
f 554 399 400
f 555 554 400
f 396 555 400
f 552 555 396
f 557 556 401
f 557 401 402
f 398 401 553
f 553 401 556
f 559 558 554
f 558 399 554
f 558 403 399
f 559 554 555
f 404 557 402
f 404 560 557
f 561 405 406
f 562 561 406
f 403 562 406
f 558 562 403
f 407 560 404
f 407 563 560
f 564 408 561
f 561 408 405
f 561 562 565
f 561 565 564
f 567 566 409
f 567 409 410
f 407 409 563
f 563 409 566
f 569 568 564
f 568 408 564
f 568 411 408
f 569 564 565
f 412 567 410
f 412 570 567
f 571 413 414
f 572 571 414
f 411 572 414
f 568 572 411
f 575 574 573
f 574 570 573
f 570 415 573
f 570 412 415
f 576 416 571
f 571 416 413
f 571 572 577
f 571 577 576
f 575 573 417
f 418 575 417
f 578 575 418
f 417 573 415
f 580 579 576
f 579 416 576
f 579 419 416
f 580 576 577
f 583 582 581
f 582 578 581
f 578 420 581
f 578 418 420
f 579 421 419
f 584 421 579
f 583 581 422
f 423 583 422
f 585 583 423
f 422 581 420
f 584 424 421
f 586 424 584
f 589 588 587
f 588 585 587
f 585 425 587
f 585 423 425
f 590 426 427
f 591 590 427
f 424 591 427
f 586 591 424
f 589 587 592
f 589 592 593
f 428 592 425
f 425 592 587
f 595 594 590
f 594 426 590
f 594 429 426
f 595 590 591
f 593 592 430
f 431 593 430
f 596 593 431
f 430 592 428
f 598 597 433
f 433 597 432
f 433 429 594
f 433 594 598
f 434 596 431
f 434 599 596
f 597 435 432
f 600 435 597
f 603 602 601
f 602 599 601
f 599 436 601
f 599 434 436
f 605 604 438
f 438 604 437
f 438 435 600
f 438 600 605
f 603 601 439
f 440 603 439
f 606 603 440
f 439 601 436
f 609 608 607
f 604 609 607
f 441 604 607
f 437 604 441
f 442 606 440
f 442 610 606
f 607 608 445
f 608 444 445
f 608 611 444
f 607 445 441
f 446 610 442
f 446 612 610
f 611 448 444
f 613 448 611
f 449 612 446
f 449 614 612
f 613 451 448
f 615 451 613
f 453 614 449
f 453 616 614
f 454 451 617
f 451 618 617
f 451 615 618
f 619 455 454
f 619 454 617
f 619 456 455
f 457 616 453
f 457 620 616
f 618 621 617
f 623 622 621
f 622 617 621
f 622 619 617
f 622 458 456
f 622 456 619
f 460 620 457
f 460 624 620
f 622 623 625
f 625 623 626
f 625 462 458
f 625 458 622
f 628 627 465
f 628 465 464
f 460 465 624
f 624 465 627
f 625 626 629
f 629 626 630
f 631 466 462
f 625 631 462
f 629 631 625
f 632 467 466
f 632 466 631
f 632 633 467
f 633 464 467
f 633 628 464
f 630 634 629
f 629 634 631
f 631 634 635
f 631 635 632
f 632 635 636
f 632 636 633
f 639 638 637
f 637 640 639
f 637 638 641
f 641 638 642
f 640 637 643
f 637 644 643
f 637 641 644
f 644 645 643
f 648 647 646
f 648 646 642
f 646 641 642
f 646 649 641
f 641 650 644
f 641 649 650
f 645 644 651
f 651 644 650
f 646 647 652
f 652 647 653
f 652 469 470
f 649 652 470
f 646 652 649
f 649 470 471
f 654 649 471
f 650 649 654
f 651 650 655
f 655 650 654
f 652 653 474
f 653 473 474
f 653 656 473
f 652 474 469
f 476 654 471
f 476 478 654
f 478 655 654
f 478 657 655
f 660 659 658
f 656 660 658
f 480 656 658
f 473 656 480
f 483 657 478
f 483 661 657
f 664 663 662
f 664 662 659
f 659 662 658
f 662 485 658
f 485 486 658
f 658 486 480
f 488 665 487
f 665 666 487
f 666 483 487
f 666 661 483
f 662 663 667
f 667 663 668
f 667 489 485
f 667 485 662
f 670 669 665
f 488 670 665
f 491 670 488
f 665 669 666
f 673 672 671
f 673 671 668
f 668 671 667
f 671 493 667
f 493 494 667
f 667 494 489
f 496 670 491
f 496 674 670
f 671 672 675
f 675 672 676
f 675 497 493
f 675 493 671
f 678 677 498
f 678 498 499
f 496 498 674
f 674 498 677
f 681 680 679
f 681 679 676
f 676 679 675
f 679 500 675
f 500 501 675
f 675 501 497
f 503 678 499
f 503 682 678
f 679 680 506
f 680 505 506
f 680 683 505
f 679 506 500
f 685 684 507
f 685 507 508
f 503 507 682
f 682 507 684
f 687 686 511
f 511 686 510
f 511 505 683
f 511 683 687
f 513 685 508
f 513 688 685
f 686 515 510
f 689 515 686
f 691 690 516
f 691 516 517
f 513 516 688
f 688 516 690
f 689 518 515
f 692 518 689
f 520 691 517
f 520 693 691
f 695 694 523
f 523 694 522
f 523 518 692
f 523 692 695
f 697 696 524
f 697 524 525
f 520 524 693
f 693 524 696
f 694 526 522
f 698 526 694
f 528 697 525
f 528 699 697
f 701 700 531
f 531 700 530
f 531 526 698
f 531 698 701
f 703 702 532
f 703 532 533
f 528 532 699
f 699 532 702
f 700 534 530
f 704 534 700
f 535 703 533
f 535 705 703
f 704 536 534
f 706 536 704
f 537 705 535
f 537 707 705
f 706 538 536
f 708 538 706
f 710 709 539
f 710 539 540
f 537 539 707
f 707 539 709
f 711 541 542
f 712 711 542
f 538 712 542
f 708 712 538
f 543 710 540
f 543 713 710
f 714 544 711
f 711 544 541
f 711 712 715
f 711 715 714
f 718 717 716
f 717 713 716
f 713 545 716
f 713 543 545
f 720 719 714
f 719 544 714
f 719 546 544
f 720 714 715
f 718 716 547
f 548 718 547
f 721 718 548
f 547 716 545
f 722 549 550
f 723 722 550
f 546 723 550
f 719 723 546
f 551 721 548
f 551 724 721
f 725 552 722
f 722 552 549
f 722 723 726
f 722 726 725
f 729 728 727
f 728 724 727
f 724 553 727
f 724 551 553
f 730 555 725
f 725 555 552
f 725 726 731
f 725 731 730
f 729 727 556
f 557 729 556
f 732 729 557
f 556 727 553
f 733 558 559
f 555 730 559
f 730 733 559
f 730 734 733
f 730 731 735
f 730 735 734
f 560 732 557
f 560 736 732
f 737 562 733
f 733 562 558
f 738 733 734
f 737 733 738
f 734 735 739
f 734 739 738
f 742 741 740
f 741 736 740
f 736 563 740
f 736 560 563
f 743 565 737
f 737 565 562
f 744 737 738
f 743 737 744
f 738 739 745
f 746 738 745
f 744 738 746
f 746 745 742
f 746 742 740
f 567 746 740
f 566 567 740
f 566 740 563
f 747 568 569
f 565 743 569
f 743 747 569
f 743 748 747
f 749 743 744
f 748 743 749
f 750 744 746
f 749 744 750
f 570 750 567
f 567 750 746
f 751 572 747
f 747 572 568
f 752 747 748
f 751 747 752
f 753 748 749
f 752 748 753
f 575 753 574
f 753 750 574
f 753 749 750
f 574 750 570
f 754 577 751
f 751 577 572
f 755 751 752
f 754 751 755
f 756 752 753
f 755 752 756
f 578 756 575
f 575 756 753
f 757 579 580
f 577 754 580
f 754 757 580
f 754 758 757
f 759 754 755
f 758 754 759
f 583 759 582
f 759 756 582
f 759 755 756
f 582 756 578
f 760 584 757
f 757 584 579
f 761 757 758
f 760 757 761
f 762 758 759
f 761 758 762
f 585 762 583
f 583 762 759
f 763 586 760
f 760 586 584
f 764 760 761
f 763 760 764
f 589 764 588
f 764 762 588
f 764 761 762
f 588 762 585
f 765 591 763
f 763 591 586
f 766 763 764
f 765 763 766
f 593 766 589
f 589 766 764
f 767 594 595
f 591 765 595
f 765 767 595
f 765 768 767
f 769 765 766
f 768 765 769
f 596 769 593
f 593 769 766
f 770 597 598
f 594 767 598
f 767 770 598
f 767 771 770
f 772 767 768
f 771 767 772
f 773 768 769
f 772 768 773
f 599 773 596
f 596 773 769
f 774 600 770
f 770 600 597
f 775 770 771
f 774 770 775
f 776 771 772
f 775 771 776
f 603 776 602
f 776 773 602
f 776 772 773
f 602 773 599
f 778 777 605
f 605 777 604
f 605 600 774
f 779 605 774
f 778 605 779
f 781 780 779
f 774 781 779
f 775 781 774
f 782 775 776
f 781 775 782
f 606 782 603
f 603 782 776
f 783 608 609
f 784 783 609
f 604 784 609
f 777 784 604
f 780 781 785
f 780 785 786
f 787 781 782
f 785 781 787
f 610 787 606
f 606 787 782
f 789 788 783
f 788 608 783
f 788 611 608
f 789 783 784
f 786 785 790
f 786 790 791
f 792 785 787
f 790 785 792
f 612 792 610
f 610 792 787
f 788 613 611
f 793 613 788
f 794 791 790
f 796 795 794
f 790 796 794
f 792 796 790
f 614 796 612
f 612 796 792
f 793 615 613
f 797 615 793
f 798 795 796
f 796 614 798
f 614 799 798
f 614 616 799
f 797 618 615
f 800 618 797
f 620 799 616
f 620 801 799
f 621 618 802
f 618 803 802
f 618 800 803
f 802 623 621
f 806 805 804
f 805 801 804
f 801 624 804
f 801 620 624
f 802 803 807
f 807 803 808
f 807 626 623
f 807 623 802
f 806 804 627
f 628 806 627
f 809 806 628
f 627 804 624
f 807 808 810
f 810 808 811
f 810 630 626
f 810 626 807
f 633 809 628
f 633 812 809
f 811 813 810
f 810 813 630
f 813 634 630
f 813 814 634
f 634 815 635
f 814 815 634
f 635 816 636
f 815 816 635
f 633 636 812
f 812 636 816
f 819 818 817
f 817 820 819
f 823 822 821
f 823 821 818
f 821 817 818
f 821 824 817
f 820 817 825
f 825 817 824
f 821 822 639
f 822 638 639
f 822 826 638
f 821 639 640
f 827 821 640
f 824 821 827
f 825 824 828
f 828 824 827
f 831 830 829
f 826 831 829
f 642 826 829
f 638 826 642
f 643 827 640
f 643 645 827
f 645 828 827
f 645 832 828
f 829 830 648
f 830 647 648
f 830 833 647
f 829 648 642
f 651 832 645
f 651 834 832
f 833 653 647
f 835 653 833
f 655 834 651
f 655 836 834
f 839 838 837
f 835 839 837
f 656 835 837
f 653 835 656
f 657 836 655
f 657 840 836
f 843 842 841
f 843 841 838
f 838 841 837
f 841 659 837
f 659 660 837
f 837 660 656
f 661 840 657
f 661 844 840
f 841 842 664
f 842 663 664
f 842 845 663
f 841 664 659
f 666 844 661
f 666 846 844
f 849 848 847
f 845 849 847
f 668 845 847
f 663 845 668
f 851 850 669
f 851 669 670
f 666 669 846
f 846 669 850
f 847 848 673
f 848 672 673
f 848 852 672
f 847 673 668
f 674 851 670
f 674 853 851
f 856 855 854
f 852 856 854
f 676 852 854
f 672 852 676
f 858 857 677
f 858 677 678
f 674 677 853
f 853 677 857
f 854 855 681
f 855 680 681
f 855 859 680
f 854 681 676
f 682 858 678
f 682 860 858
f 859 683 680
f 861 683 859
f 863 862 684
f 863 684 685
f 682 684 860
f 860 684 862
f 865 864 687
f 687 864 686
f 687 683 861
f 687 861 865
f 688 863 685
f 688 866 863
f 864 689 686
f 867 689 864
f 869 868 690
f 869 690 691
f 688 690 866
f 866 690 868
f 867 692 689
f 870 692 867
f 873 872 871
f 872 869 871
f 869 693 871
f 869 691 693
f 874 694 695
f 875 874 695
f 692 875 695
f 870 875 692
f 873 871 696
f 697 873 696
f 876 873 697
f 696 871 693
f 878 877 874
f 877 694 874
f 877 698 694
f 878 874 875
f 699 876 697
f 699 879 876
f 880 700 701
f 881 880 701
f 698 881 701
f 877 881 698
f 883 882 702
f 883 702 703
f 699 702 879
f 879 702 882
f 885 884 880
f 884 700 880
f 884 704 700
f 885 880 881
f 705 883 703
f 705 886 883
f 884 706 704
f 887 706 884
f 890 889 888
f 889 886 888
f 886 707 888
f 886 705 707
f 887 708 706
f 891 708 887
f 894 893 892
f 892 893 890
f 892 890 888
f 710 892 888
f 709 710 888
f 709 888 707
f 891 712 708
f 895 712 891
f 894 892 896
f 894 896 897
f 713 896 710
f 710 896 892
f 895 715 712
f 898 715 895
f 897 896 717
f 718 897 717
f 899 897 718
f 717 896 713
f 900 719 720
f 901 900 720
f 715 901 720
f 898 901 715
f 904 903 902
f 903 899 902
f 899 721 902
f 899 718 721
f 905 723 900
f 900 723 719
f 900 901 906
f 907 900 906
f 905 900 907
f 907 906 904
f 902 907 904
f 908 907 902
f 724 908 721
f 721 908 902
f 909 726 905
f 905 726 723
f 910 905 907
f 909 905 910
f 729 910 728
f 910 908 728
f 910 907 908
f 728 908 724
f 911 731 909
f 909 731 726
f 912 909 910
f 911 909 912
f 732 912 729
f 729 912 910
f 913 735 911
f 911 735 731
f 914 911 912
f 913 911 914
f 736 914 732
f 732 914 912
f 915 739 913
f 913 739 735
f 742 915 741
f 915 914 741
f 915 913 914
f 741 914 736
f 915 745 739
f 745 915 742
f 916 777 778
f 779 917 778
f 778 917 916
f 780 917 779
f 918 784 916
f 916 784 777
f 919 916 917
f 918 916 919
f 786 919 780
f 780 919 917
f 921 920 789
f 789 920 788
f 789 784 918
f 922 789 918
f 921 789 922
f 922 918 919
f 922 919 923
f 919 786 923
f 786 924 923
f 786 791 924
f 920 793 788
f 925 793 920
f 791 794 926
f 927 791 926
f 924 791 927
f 795 926 794
f 925 797 793
f 928 797 925
f 929 927 926
f 931 929 930
f 930 929 798
f 929 926 798
f 926 795 798
f 799 930 798
f 928 800 797
f 932 800 928
f 931 930 933
f 931 933 934
f 801 933 799
f 799 933 930
f 932 803 800
f 935 803 932
f 934 933 805
f 806 934 805
f 936 934 806
f 805 933 801
f 935 808 803
f 937 808 935
f 809 936 806
f 809 938 936
f 937 811 808
f 939 811 937
f 942 941 940
f 941 938 940
f 938 812 940
f 938 809 812
f 813 811 943
f 811 944 943
f 811 939 944
f 945 814 813
f 945 813 943
f 814 945 946
f 947 814 946
f 815 814 947
f 940 816 942
f 816 947 942
f 816 815 947
f 816 940 812
f 944 948 943
f 943 948 945
f 945 948 949
f 945 949 946
f 952 951 950
f 954 953 950
f 950 953 952
f 954 955 953
f 950 951 956
f 956 951 957
f 950 958 954
f 950 956 958
f 955 954 959
f 959 954 958
f 962 961 960
f 962 960 957
f 957 960 956
f 960 818 956
f 818 819 956
f 956 819 820
f 963 956 820
f 958 956 963
f 959 958 964
f 964 958 963
f 960 961 823
f 961 822 823
f 961 965 822
f 960 823 818
f 825 966 963
f 825 963 820
f 964 963 967
f 967 963 966
f 970 969 968
f 965 970 968
f 826 965 968
f 822 965 826
f 828 971 966
f 828 966 825
f 967 966 972
f 972 966 971
f 968 969 831
f 969 830 831
f 969 973 830
f 968 831 826
f 832 974 971
f 832 971 828
f 972 971 975
f 975 971 974
f 973 833 830
f 976 833 973
f 978 977 974
f 832 978 974
f 834 978 832
f 974 977 975
f 981 980 979
f 976 981 979
f 835 976 979
f 833 976 835
f 836 978 834
f 836 982 978
f 979 980 839
f 980 838 839
f 980 983 838
f 979 839 835
f 840 982 836
f 840 984 982
f 986 985 843
f 843 985 842
f 843 838 983
f 843 983 986
f 844 984 840
f 844 987 984
f 985 845 842
f 988 845 985
f 991 990 989
f 990 987 989
f 987 846 989
f 987 844 846
f 993 992 849
f 849 992 848
f 849 845 988
f 849 988 993
f 991 989 850
f 851 991 850
f 994 991 851
f 850 989 846
f 992 852 848
f 995 852 992
f 998 997 996
f 997 994 996
f 994 853 996
f 994 851 853
f 1000 999 856
f 856 999 855
f 856 852 995
f 856 995 1000
f 1003 1002 1001
f 1001 1002 998
f 1001 998 996
f 858 1001 996
f 857 858 996
f 857 996 853
f 999 859 855
f 1004 859 999
f 1003 1001 1005
f 1003 1005 1006
f 860 1005 858
f 858 1005 1001
f 1004 861 859
f 1007 861 1004
f 1010 1009 1008
f 1008 1009 1006
f 1008 1006 1005
f 863 1008 1005
f 862 863 1005
f 862 1005 860
f 1011 864 865
f 1012 1011 865
f 861 1012 865
f 1007 1012 861
f 1010 1008 1013
f 1010 1013 1014
f 866 1013 863
f 863 1013 1008
f 1016 1015 1011
f 1015 864 1011
f 1015 867 864
f 1016 1011 1012
f 1019 1018 1017
f 1017 1018 1014
f 1017 1014 1013
f 869 1017 1013
f 868 869 1013
f 868 1013 866
f 1021 870 1020
f 870 1015 1020
f 870 867 1015
f 1022 1021 1020
f 1019 1017 872
f 873 1019 872
f 1023 1019 873
f 872 1017 869
f 1024 875 1021
f 1021 875 870
f 1021 1022 1025
f 1021 1025 1024
f 1028 1027 1026
f 1027 1023 1026
f 1023 876 1026
f 1023 873 876
f 1029 877 878
f 875 1024 878
f 1024 1029 878
f 1024 1030 1029
f 1024 1025 1031
f 1032 1024 1031
f 1030 1024 1032
f 1032 1031 1028
f 1026 1032 1028
f 1033 1032 1026
f 879 1033 876
f 876 1033 1026
f 1034 881 1029
f 1029 881 877
f 1035 1029 1030
f 1034 1029 1035
f 1036 1030 1032
f 1035 1030 1036
f 883 1036 882
f 1036 1033 882
f 1036 1032 1033
f 882 1033 879
f 1037 884 885
f 881 1034 885
f 1034 1037 885
f 1034 1038 1037
f 1039 1034 1035
f 1038 1034 1039
f 1040 1035 1036
f 1039 1035 1040
f 886 1040 883
f 883 1040 1036
f 1041 887 1037
f 1037 887 884
f 1042 1037 1038
f 1041 1037 1042
f 1043 1038 1039
f 1042 1038 1043
f 890 1043 889
f 1043 1040 889
f 1043 1039 1040
f 889 1040 886
f 1044 891 1041
f 1041 891 887
f 1045 1041 1042
f 1044 1041 1045
f 894 1045 893
f 1045 1043 893
f 1045 1042 1043
f 893 1043 890
f 1046 895 1044
f 1044 895 891
f 1047 1044 1045
f 1046 1044 1047
f 897 1047 894
f 894 1047 1045
f 1048 898 1046
f 1046 898 895
f 1049 1046 1047
f 1048 1046 1049
f 899 1049 897
f 897 1049 1047
f 1050 901 1048
f 1048 901 898
f 904 1050 903
f 1050 1049 903
f 1050 1048 1049
f 903 1049 899
f 1050 906 901
f 906 1050 904
f 1051 920 921
f 922 1052 921
f 921 1052 1051
f 923 1053 922
f 922 1053 1052
f 924 1053 923
f 1055 1054 1051
f 1054 920 1051
f 1054 925 920
f 1055 1051 1052
f 1055 1052 1056
f 1056 1052 1053
f 1056 1053 1057
f 1053 924 1057
f 924 1058 1057
f 924 927 1058
f 1054 928 925
f 1059 928 1054
f 927 929 1060
f 1061 927 1060
f 1058 927 1061
f 931 1060 929
f 1059 932 928
f 1062 932 1059
f 1061 1060 1063
f 1061 1063 1064
f 934 1063 931
f 931 1063 1060
f 1062 935 932
f 1065 935 1062
f 1064 1063 1066
f 1064 1066 1067
f 936 1066 934
f 934 1066 1063
f 1070 1069 1068
f 1065 1070 1068
f 937 1065 1068
f 935 1065 937
f 1067 1066 1071
f 1067 1071 1072
f 938 1071 936
f 936 1071 1066
f 1068 1069 1073
f 1073 1069 1074
f 1073 939 937
f 1073 937 1068
f 1072 1071 941
f 942 1072 941
f 1075 1072 942
f 941 1071 938
f 1073 1074 1076
f 1076 1074 1077
f 1076 944 939
f 1076 939 1073
f 1079 1078 947
f 1079 947 946
f 942 947 1075
f 1075 947 1078
f 1077 1080 1076
f 1080 1082 1081
f 1080 1081 948
f 1076 1080 948
f 944 1076 948
f 1083 949 948
f 1083 948 1081
f 1083 1084 949
f 1084 946 949
f 1084 1079 946
f 1082 1085 1081
f 1081 1085 1083
f 1083 1085 1086
f 1083 1086 1084
f 1089 1088 1087
f 1087 1090 1089
f 1093 1092 1091
f 1093 1091 1088
f 1091 1087 1088
f 1091 1094 1087
f 1090 1087 1095
f 1095 1087 1094
f 1091 1092 952
f 1092 951 952
f 1092 1096 951
f 1091 952 953
f 1091 953 1094
f 953 955 1094
f 955 1095 1094
f 955 1097 1095
f 1100 1099 1098
f 1096 1100 1098
f 957 1096 1098
f 951 1096 957
f 959 1097 955
f 959 1101 1097
f 1098 1099 962
f 1099 961 962
f 1099 1102 961
f 1098 962 957
f 964 1101 959
f 964 1103 1101
f 1102 965 961
f 1104 965 1102
f 967 1103 964
f 967 1105 1103
f 1106 969 970
f 1107 1106 970
f 965 1107 970
f 1104 1107 965
f 972 1105 967
f 972 1108 1105
f 1110 1109 1106
f 1109 969 1106
f 1109 973 969
f 1110 1106 1107
f 975 1108 972
f 975 1111 1108
f 1109 976 973
f 1112 976 1109
f 978 1113 977
f 1113 1114 977
f 1114 975 977
f 1114 1111 975
f 1116 1115 981
f 981 1115 980
f 981 976 1112
f 981 1112 1116
f 1118 1117 1113
f 978 1118 1113
f 982 1118 978
f 1113 1117 1114
f 1115 983 980
f 1119 983 1115
f 984 1118 982
f 984 1120 1118
f 1121 985 986
f 1122 1121 986
f 983 1122 986
f 1119 1122 983
f 1125 1124 1123
f 1124 1120 1123
f 1120 987 1123
f 1120 984 987
f 1127 1126 1121
f 1126 985 1121
f 1126 988 985
f 1127 1121 1122
f 1125 1123 990
f 991 1125 990
f 1128 1125 991
f 990 1123 987
f 1129 992 993
f 1130 1129 993
f 988 1130 993
f 1126 1130 988
f 1133 1132 1131
f 1132 1128 1131
f 1128 994 1131
f 1128 991 994
f 1135 1134 1129
f 1134 992 1129
f 1134 995 992
f 1135 1129 1130
f 1133 1131 997
f 998 1133 997
f 1136 1133 998
f 997 1131 994
f 1137 999 1000
f 1138 1137 1000
f 995 1138 1000
f 1134 1138 995
f 1140 1139 1002
f 1140 1002 1003
f 998 1002 1136
f 1136 1002 1139
f 1141 1004 1137
f 1137 1004 999
f 1137 1138 1142
f 1137 1142 1141
f 1145 1144 1143
f 1144 1140 1143
f 1140 1006 1143
f 1140 1003 1006
f 1147 1146 1141
f 1146 1004 1141
f 1146 1007 1004
f 1147 1141 1142
f 1145 1143 1009
f 1010 1145 1009
f 1148 1145 1010
f 1009 1143 1006
f 1146 1012 1007
f 1149 1012 1146
f 1152 1151 1150
f 1151 1148 1150
f 1148 1014 1150
f 1148 1010 1014
f 1153 1015 1016
f 1012 1149 1154
f 1153 1012 1154
f 1155 1153 1154
f 1016 1012 1153
f 1157 1156 1155
f 1157 1155 1154
f 1156 1157 1152
f 1156 1152 1150
f 1019 1156 1150
f 1018 1019 1150
f 1018 1150 1014
f 1153 1020 1015
f 1020 1153 1022
f 1153 1158 1022
f 1153 1155 1158
f 1159 1155 1156
f 1158 1155 1159
f 1023 1159 1019
f 1019 1159 1156
f 1160 1025 1158
f 1158 1025 1022
f 1028 1160 1027
f 1160 1159 1027
f 1160 1158 1159
f 1027 1159 1023
f 1160 1031 1025
f 1031 1160 1028
f 1161 1054 1055
f 1056 1162 1055
f 1055 1162 1161
f 1057 1163 1056
f 1056 1163 1162
f 1058 1163 1057
f 1165 1164 1161
f 1164 1054 1161
f 1164 1059 1054
f 1165 1161 1162
f 1165 1162 1166
f 1168 1167 1166
f 1162 1168 1166
f 1163 1168 1162
f 1061 1168 1058
f 1058 1168 1163
f 1164 1062 1059
f 1169 1062 1164
f 1170 1167 1168
f 1168 1061 1170
f 1061 1171 1170
f 1061 1064 1171
f 1174 1173 1172
f 1169 1174 1172
f 1065 1169 1172
f 1062 1169 1065
f 1067 1171 1064
f 1067 1175 1171
f 1172 1173 1070
f 1173 1069 1070
f 1173 1176 1069
f 1172 1070 1065
f 1072 1175 1067
f 1072 1177 1175
f 1176 1074 1069
f 1178 1074 1176
f 1075 1177 1072
f 1075 1179 1177
f 1178 1077 1074
f 1180 1077 1178
f 1182 1181 1078
f 1182 1078 1079
f 1075 1078 1179
f 1179 1078 1181
f 1080 1077 1183
f 1077 1184 1183
f 1077 1180 1184
f 1183 1082 1080
f 1084 1182 1079
f 1084 1185 1182
f 1183 1184 1186
f 1186 1184 1187
f 1188 1085 1082
f 1183 1188 1082
f 1186 1188 1183
f 1085 1188 1189
f 1190 1085 1189
f 1086 1085 1190
f 1084 1086 1185
f 1185 1086 1190
f 1187 1191 1186
f 1186 1191 1188
f 1188 1191 1192
f 1188 1192 1189
f 1195 1194 1193
f 1193 1196 1195
f 1199 1198 1197
f 1199 1197 1194
f 1197 1193 1194
f 1197 1200 1193
f 1196 1193 1201
f 1201 1193 1200
f 1204 1203 1202
f 1204 1202 1198
f 1198 1202 1197
f 1202 1088 1197
f 1088 1089 1197
f 1197 1089 1090
f 1205 1197 1090
f 1200 1197 1205
f 1201 1200 1206
f 1206 1200 1205
f 1202 1203 1093
f 1203 1092 1093
f 1203 1207 1092
f 1202 1093 1088
f 1095 1208 1205
f 1095 1205 1090
f 1206 1205 1209
f 1209 1205 1208
f 1207 1096 1092
f 1210 1096 1207
f 1097 1211 1208
f 1097 1208 1095
f 1209 1208 1212
f 1212 1208 1211
f 1214 1213 1100
f 1100 1213 1099
f 1100 1096 1210
f 1100 1210 1214
f 1101 1215 1211
f 1101 1211 1097
f 1212 1211 1216
f 1216 1211 1215
f 1213 1102 1099
f 1217 1102 1213
f 1219 1218 1215
f 1101 1219 1215
f 1103 1219 1101
f 1215 1218 1216
f 1217 1104 1102
f 1220 1104 1217
f 1105 1219 1103
f 1105 1221 1219
f 1220 1107 1104
f 1222 1107 1220
f 1108 1221 1105
f 1108 1223 1221
f 1224 1109 1110
f 1225 1224 1110
f 1107 1225 1110
f 1222 1225 1107
f 1111 1223 1108
f 1111 1226 1223
f 1228 1227 1224
f 1227 1109 1224
f 1227 1112 1109
f 1228 1224 1225
f 1114 1226 1111
f 1114 1229 1226
f 1230 1115 1116
f 1231 1230 1116
f 1112 1231 1116
f 1227 1231 1112
f 1233 1232 1117
f 1233 1117 1118
f 1114 1117 1229
f 1229 1117 1232
f 1235 1234 1230
f 1234 1115 1230
f 1234 1119 1115
f 1235 1230 1231
f 1120 1233 1118
f 1120 1236 1233
f 1234 1122 1119
f 1237 1122 1234
f 1239 1238 1124
f 1239 1124 1125
f 1120 1124 1236
f 1236 1124 1238
f 1240 1126 1127
f 1241 1240 1127
f 1122 1241 1127
f 1237 1241 1122
f 1244 1243 1242
f 1243 1239 1242
f 1239 1128 1242
f 1239 1125 1128
f 1245 1130 1240
f 1240 1130 1126
f 1240 1241 1246
f 1240 1246 1245
f 1244 1242 1132
f 1133 1244 1132
f 1247 1244 1133
f 1132 1242 1128
f 1248 1134 1135
f 1249 1248 1135
f 1249 1135 1130
f 1250 1249 1130
f 1245 1250 1130
f 1250 1245 1246
f 1253 1252 1251
f 1252 1247 1251
f 1247 1136 1251
f 1247 1133 1136
f 1254 1138 1248
f 1248 1138 1134
f 1248 1249 1255
f 1256 1248 1255
f 1254 1248 1256
f 1258 1257 1256
f 1258 1256 1255
f 1257 1258 1253
f 1257 1253 1251
f 1140 1257 1251
f 1139 1140 1251
f 1139 1251 1136
f 1259 1142 1254
f 1254 1142 1138
f 1260 1254 1256
f 1259 1254 1260
f 1145 1260 1144
f 1260 1257 1144
f 1260 1256 1257
f 1144 1257 1140
f 1261 1146 1147
f 1142 1259 1147
f 1259 1261 1147
f 1259 1262 1261
f 1263 1259 1260
f 1262 1259 1263
f 1148 1263 1145
f 1145 1263 1260
f 1264 1149 1261
f 1261 1149 1146
f 1265 1261 1262
f 1264 1261 1265
f 1152 1265 1151
f 1265 1263 1151
f 1265 1262 1263
f 1151 1263 1148
f 1264 1154 1149
f 1154 1264 1157
f 1157 1264 1265
f 1157 1265 1152
f 1266 1164 1165
f 1166 1267 1165
f 1165 1267 1266
f 1167 1267 1166
f 1269 1268 1266
f 1268 1164 1266
f 1268 1169 1164
f 1269 1266 1267
f 1269 1267 1270
f 1272 1270 1271
f 1271 1270 1170
f 1270 1267 1170
f 1267 1167 1170
f 1171 1271 1170
f 1273 1173 1174
f 1274 1273 1174
f 1169 1274 1174
f 1268 1274 1169
f 1272 1271 1275
f 1272 1275 1276
f 1175 1275 1171
f 1171 1275 1271
f 1278 1277 1273
f 1277 1173 1273
f 1277 1176 1173
f 1278 1273 1274
f 1276 1275 1279
f 1276 1279 1280
f 1177 1279 1175
f 1175 1279 1275
f 1277 1178 1176
f 1281 1178 1277
f 1280 1279 1282
f 1280 1282 1283
f 1179 1282 1177
f 1177 1282 1279
f 1281 1180 1178
f 1284 1180 1281
f 1283 1282 1181
f 1182 1283 1181
f 1285 1283 1182
f 1181 1282 1179
f 1288 1287 1286
f 1284 1288 1286
f 1184 1284 1286
f 1180 1284 1184
f 1185 1285 1182
f 1185 1289 1285
f 1286 1287 1290
f 1290 1287 1291
f 1290 1187 1184
f 1290 1184 1286
f 1189 1292 1190
f 1292 1293 1190
f 1293 1185 1190
f 1293 1289 1185
f 1290 1291 1294
f 1294 1291 1295
f 1296 1191 1187
f 1290 1296 1187
f 1294 1296 1290
f 1297 1192 1191
f 1297 1191 1296
f 1297 1298 1192
f 1192 1298 1189
f 1298 1299 1189
f 1299 1292 1189
f 1292 1299 1293
f 1295 1300 1294
f 1302 1301 1300
f 1301 1294 1300
f 1301 1296 1294
f 1304 1297 1303
f 1297 1301 1303
f 1297 1296 1301
f 1297 1304 1298
f 1302 1305 1301
f 1301 1305 1303
f 1308 1307 1306
f 1310 1309 1306
f 1306 1309 1308
f 1310 1311 1309
f 1314 1313 1312
f 1314 1312 1307
f 1307 1312 1306
f 1312 1194 1306
f 1194 1195 1306
f 1306 1195 1196
f 1315 1306 1196
f 1310 1306 1315
f 1311 1310 1316
f 1316 1310 1315
f 1319 1318 1317
f 1319 1317 1313
f 1313 1317 1312
f 1317 1198 1312
f 1198 1199 1312
f 1312 1199 1194
f 1201 1320 1315
f 1201 1315 1196
f 1316 1315 1321
f 1321 1315 1320
f 1317 1318 1204
f 1318 1203 1204
f 1318 1322 1203
f 1317 1204 1198
f 1206 1323 1320
f 1206 1320 1201
f 1321 1320 1324
f 1324 1320 1323
f 1322 1207 1203
f 1325 1207 1322
f 1327 1326 1323
f 1206 1327 1323
f 1209 1327 1206
f 1323 1326 1324
f 1325 1210 1207
f 1328 1210 1325
f 1212 1327 1209
f 1212 1329 1327
f 1330 1213 1214
f 1331 1330 1214
f 1210 1331 1214
f 1328 1331 1210
f 1216 1329 1212
f 1216 1332 1329
f 1334 1333 1330
f 1333 1213 1330
f 1333 1217 1213
f 1334 1330 1331
f 1336 1335 1218
f 1336 1218 1219
f 1216 1218 1332
f 1332 1218 1335
f 1333 1220 1217
f 1337 1220 1333
f 1221 1336 1219
f 1221 1338 1336
f 1337 1222 1220
f 1339 1222 1337
f 1223 1338 1221
f 1223 1340 1338
f 1339 1225 1222
f 1341 1225 1339
f 1226 1340 1223
f 1226 1342 1340
f 1343 1227 1228
f 1344 1343 1228
f 1225 1344 1228
f 1341 1344 1225
f 1347 1346 1345
f 1346 1342 1345
f 1342 1229 1345
f 1342 1226 1229
f 1348 1231 1343
f 1343 1231 1227
f 1343 1344 1349
f 1343 1349 1348
f 1347 1345 1232
f 1233 1347 1232
f 1350 1347 1233
f 1232 1345 1229
f 1351 1234 1235
f 1231 1348 1235
f 1348 1351 1235
f 1348 1352 1351
f 1348 1349 1353
f 1354 1348 1353
f 1352 1348 1354
f 1356 1355 1354
f 1356 1354 1353
f 1356 1350 1355
f 1350 1236 1355
f 1350 1233 1236
f 1357 1237 1351
f 1351 1237 1234
f 1358 1351 1352
f 1357 1351 1358
f 1359 1352 1354
f 1358 1352 1359
f 1239 1359 1238
f 1359 1355 1238
f 1359 1354 1355
f 1238 1355 1236
f 1360 1241 1357
f 1357 1241 1237
f 1361 1357 1358
f 1360 1357 1361
f 1244 1361 1243
f 1361 1359 1243
f 1361 1358 1359
f 1243 1359 1239
f 1362 1246 1360
f 1360 1246 1241
f 1363 1360 1361
f 1362 1360 1363
f 1247 1363 1244
f 1244 1363 1361
f 1364 1249 1250
f 1246 1362 1250
f 1362 1364 1250
f 1362 1365 1364
f 1253 1365 1252
f 1365 1363 1252
f 1365 1362 1363
f 1252 1363 1247
f 1364 1255 1249
f 1255 1364 1258
f 1258 1364 1365
f 1258 1365 1253
f 1368 1367 1366
f 1370 1369 1366
f 1366 1369 1368
f 1370 1371 1369
f 1366 1367 1372
f 1372 1367 1373
f 1366 1374 1370
f 1366 1372 1374
f 1371 1370 1375
f 1375 1370 1374
f 1372 1373 1376
f 1376 1373 1377
f 1372 1378 1374
f 1372 1376 1378
f 1375 1374 1379
f 1379 1374 1378
f 1376 1377 1380
f 1380 1377 1381
f 1376 1382 1378
f 1376 1380 1382
f 1379 1378 1383
f 1383 1378 1382
f 1380 1381 1384
f 1384 1381 1385
f 1380 1386 1382
f 1380 1384 1386
f 1383 1382 1387
f 1387 1382 1386
f 1385 1388 1384
f 1390 1389 1388
f 1389 1384 1388
f 1389 1386 1384
f 1387 1386 1391
f 1391 1386 1389
f 1389 1390 1392
f 1392 1390 1393
f 1391 1389 1394
f 1394 1389 1392
f 1393 1395 1392
f 1392 1395 1394
f 1396 1268 1269
f 1270 1397 1269
f 1269 1397 1396
f 1272 1397 1270
f 1399 1398 1396
f 1398 1268 1396
f 1398 1274 1268
f 1401 1400 1399
f 1396 1401 1399
f 1397 1401 1396
f 1276 1401 1272
f 1272 1401 1397
f 1403 1402 1278
f 1278 1402 1277
f 1278 1274 1398
f 1278 1398 1403
f 1404 1400 1401
f 1401 1276 1404
f 1276 1405 1404
f 1276 1280 1405
f 1402 1281 1277
f 1406 1281 1402
f 1283 1405 1280
f 1283 1407 1405
f 1406 1284 1281
f 1408 1284 1406
f 1285 1407 1283
f 1285 1409 1407
f 1411 1410 1288
f 1288 1410 1287
f 1288 1284 1408
f 1288 1408 1411
f 1289 1409 1285
f 1289 1412 1409
f 1410 1291 1287
f 1413 1291 1410
f 1293 1412 1289
f 1293 1414 1412
f 1413 1295 1291
f 1415 1295 1413
f 1417 1416 1299
f 1417 1299 1298
f 1293 1299 1414
f 1414 1299 1416
f 1300 1295 1418
f 1295 1419 1418
f 1295 1415 1419
f 1418 1302 1300
f 1303 1420 1304
f 1420 1421 1304
f 1421 1298 1304
f 1421 1417 1298
f 1418 1419 1422
f 1422 1419 1423
f 1424 1305 1302
f 1418 1424 1302
f 1422 1424 1418
f 1424 1425 1305
f 1305 1425 1303
f 1425 1426 1303
f 1426 1420 1303
f 1420 1426 1421
f 1423 1427 1422
f 1422 1427 1424
f 1424 1427 1428
f 1424 1428 1425
f 1431 1430 1429
f 1433 1432 1429
f 1429 1432 1431
f 1433 1434 1432
f 1437 1436 1435
f 1437 1435 1430
f 1435 1429 1430
f 1435 1438 1429
f 1429 1439 1433
f 1429 1438 1439
f 1434 1433 1440
f 1433 1441 1440
f 1433 1439 1441
f 1441 1442 1440
f 1435 1436 1443
f 1443 1436 1444
f 1443 1307 1308
f 1438 1443 1308
f 1435 1443 1438
f 1438 1308 1309
f 1438 1309 1439
f 1441 1439 1445
f 1439 1311 1445
f 1311 1446 1445
f 1311 1439 1309
f 1441 1445 1442
f 1443 1444 1314
f 1444 1313 1314
f 1444 1447 1313
f 1443 1314 1307
f 1316 1446 1311
f 1316 1448 1446
f 1450 1449 1319
f 1319 1449 1318
f 1319 1313 1447
f 1319 1447 1450
f 1321 1448 1316
f 1321 1451 1448
f 1449 1322 1318
f 1452 1322 1449
f 1324 1451 1321
f 1324 1453 1451
f 1452 1325 1322
f 1454 1325 1452
f 1456 1455 1326
f 1456 1326 1327
f 1324 1326 1453
f 1453 1326 1455
f 1454 1328 1325
f 1457 1328 1454
f 1329 1456 1327
f 1329 1458 1456
f 1457 1331 1328
f 1459 1331 1457
f 1462 1461 1460
f 1461 1458 1460
f 1458 1332 1460
f 1458 1329 1332
f 1463 1333 1334
f 1464 1463 1334
f 1331 1464 1334
f 1459 1464 1331
f 1462 1460 1335
f 1336 1462 1335
f 1465 1462 1336
f 1335 1460 1332
f 1466 1337 1463
f 1463 1337 1333
f 1463 1464 1467
f 1463 1467 1466
f 1338 1465 1336
f 1338 1468 1465
f 1469 1339 1466
f 1466 1339 1337
f 1466 1467 1470
f 1466 1470 1469
f 1473 1472 1471
f 1472 1468 1471
f 1468 1340 1471
f 1468 1338 1340
f 1474 1341 1469
f 1469 1341 1339
f 1469 1470 1475
f 1476 1469 1475
f 1474 1469 1476
f 1476 1475 1473
f 1471 1476 1473
f 1477 1476 1471
f 1342 1477 1340
f 1340 1477 1471
f 1478 1344 1474
f 1474 1344 1341
f 1479 1474 1476
f 1478 1474 1479
f 1347 1479 1346
f 1479 1477 1346
f 1479 1476 1477
f 1346 1477 1342
f 1480 1349 1478
f 1478 1349 1344
f 1481 1478 1479
f 1480 1478 1481
f 1350 1481 1347
f 1347 1481 1479
f 1480 1353 1349
f 1353 1480 1356
f 1356 1480 1481
f 1356 1481 1350
f 1483 1482 1368
f 1368 1482 1367
f 1484 1368 1369
f 1484 1483 1368
f 1369 1371 1484
f 1484 1371 1485
f 1482 1373 1367
f 1486 1373 1482
f 1375 1485 1371
f 1375 1487 1485
f 1486 1377 1373
f 1488 1377 1486
f 1379 1490 1489
f 1487 1379 1489
f 1375 1379 1487
f 1490 1491 1489
f 1488 1381 1377
f 1492 1381 1488
f 1383 1493 1490
f 1383 1490 1379
f 1491 1490 1494
f 1494 1490 1493
f 1492 1385 1381
f 1495 1385 1492
f 1387 1496 1493
f 1387 1493 1383
f 1494 1493 1497
f 1497 1493 1496
f 1388 1385 1498
f 1385 1499 1498
f 1385 1495 1499
f 1498 1390 1388
f 1391 1500 1496
f 1391 1496 1387
f 1497 1496 1501
f 1501 1496 1500
f 1498 1499 1502
f 1502 1499 1503
f 1502 1393 1390
f 1502 1390 1498
f 1394 1504 1500
f 1394 1500 1391
f 1501 1500 1505
f 1505 1500 1504
f 1503 1506 1502
f 1506 1508 1507
f 1506 1507 1395
f 1502 1506 1395
f 1393 1502 1395
f 1504 1394 1395
f 1507 1504 1395
f 1509 1504 1507
f 1505 1504 1510
f 1504 1511 1510
f 1504 1509 1511
f 1511 1512 1510
f 1507 1508 1513
f 1513 1508 1514
f 1507 1515 1509
f 1507 1513 1515
f 1509 1516 1511
f 1509 1515 1516
f 1512 1511 1517
f 1517 1511 1516
f 1514 1518 1513
f 1520 1519 1518
f 1519 1513 1518
f 1519 1515 1513
f 1515 1521 1516
f 1515 1519 1521
f 1517 1516 1522
f 1522 1516 1521
f 1519 1520 1523
f 1523 1520 1524
f 1519 1525 1521
f 1519 1523 1525
f 1522 1521 1526
f 1526 1521 1525
f 1524 1527 1523
f 1523 1527 1525
f 1525 1527 1528
f 1525 1528 1526
f 1529 1398 1399
f 1400 1529 1399
f 1530 1402 1403
f 1531 1530 1403
f 1531 1403 1398
f 1532 1531 1398
f 1529 1532 1398
f 1532 1529 1400
f 1404 1532 1400
f 1533 1532 1404
f 1404 1405 1533
f 1533 1405 1534
f 1536 1535 1530
f 1535 1402 1530
f 1535 1406 1402
f 1536 1530 1531
f 1407 1534 1405
f 1407 1537 1534
f 1535 1408 1406
f 1538 1408 1535
f 1409 1537 1407
f 1409 1539 1537
f 1541 1540 1411
f 1411 1540 1410
f 1411 1408 1538
f 1411 1538 1541
f 1412 1539 1409
f 1412 1542 1539
f 1540 1413 1410
f 1543 1413 1540
f 1414 1542 1412
f 1414 1544 1542
f 1543 1415 1413
f 1545 1415 1543
f 1547 1546 1416
f 1547 1416 1417
f 1414 1416 1544
f 1544 1416 1546
f 1545 1419 1415
f 1548 1419 1545
f 1421 1547 1417
f 1421 1549 1547
f 1548 1423 1419
f 1550 1423 1548
f 1425 1551 1426
f 1551 1552 1426
f 1552 1421 1426
f 1552 1549 1421
f 1427 1423 1553
f 1423 1554 1553
f 1423 1550 1554
f 1555 1428 1427
f 1555 1427 1553
f 1555 1556 1428
f 1428 1556 1425
f 1556 1557 1425
f 1557 1551 1425
f 1551 1557 1552
f 1554 1558 1553
f 1553 1558 1555
f 1555 1558 1559
f 1555 1559 1556
f 1562 1561 1560
f 1564 1563 1560
f 1560 1563 1562
f 1564 1565 1563
f 1568 1567 1566
f 1568 1566 1561
f 1566 1560 1561
f 1566 1569 1560
f 1560 1570 1564
f 1560 1569 1570
f 1565 1564 1571
f 1571 1564 1570
f 1574 1573 1572
f 1574 1572 1567
f 1567 1572 1566
f 1572 1430 1566
f 1430 1431 1566
f 1566 1431 1432
f 1566 1432 1569
f 1569 1432 1434
f 1575 1569 1434
f 1570 1569 1575
f 1571 1570 1576
f 1576 1570 1575
f 1572 1573 1437
f 1573 1436 1437
f 1573 1577 1436
f 1572 1437 1430
f 1440 1575 1434
f 1440 1442 1575
f 1442 1576 1575
f 1442 1578 1576
f 1577 1444 1436
f 1579 1444 1577
f 1446 1580 1445
f 1580 1581 1445
f 1581 1442 1445
f 1581 1578 1442
f 1584 1583 1582
f 1579 1584 1582
f 1447 1579 1582
f 1444 1579 1447
f 1586 1585 1580
f 1446 1586 1580
f 1448 1586 1446
f 1580 1585 1581
f 1582 1583 1450
f 1583 1449 1450
f 1583 1587 1449
f 1582 1450 1447
f 1451 1586 1448
f 1451 1588 1586
f 1587 1452 1449
f 1589 1452 1587
f 1453 1588 1451
f 1453 1590 1588
f 1589 1454 1452
f 1591 1454 1589
f 1593 1592 1455
f 1593 1455 1456
f 1453 1455 1590
f 1590 1455 1592
f 1591 1457 1454
f 1594 1457 1591
f 1458 1593 1456
f 1458 1595 1593
f 1594 1459 1457
f 1596 1459 1594
f 1598 1597 1461
f 1598 1461 1462
f 1458 1461 1595
f 1595 1461 1597
f 1600 1464 1599
f 1464 1596 1599
f 1464 1459 1596
f 1602 1601 1600
f 1602 1600 1599
f 1602 1598 1601
f 1598 1465 1601
f 1598 1462 1465
f 1603 1467 1600
f 1600 1467 1464
f 1604 1600 1601
f 1603 1600 1604
f 1468 1604 1465
f 1465 1604 1601
f 1605 1470 1603
f 1603 1470 1467
f 1473 1605 1472
f 1605 1604 1472
f 1605 1603 1604
f 1472 1604 1468
f 1605 1475 1470
f 1475 1605 1473
f 1607 1606 1483
f 1483 1606 1482
f 1608 1483 1484
f 1608 1607 1483
f 1484 1485 1608
f 1608 1485 1609
f 1606 1486 1482
f 1610 1486 1606
f 1487 1612 1611
f 1609 1487 1611
f 1485 1487 1609
f 1612 1613 1611
f 1610 1488 1486
f 1614 1488 1610
f 1489 1612 1487
f 1489 1491 1612
f 1491 1613 1612
f 1491 1615 1613
f 1614 1492 1488
f 1616 1492 1614
f 1494 1615 1491
f 1494 1617 1615
f 1616 1495 1492
f 1618 1495 1616
f 1497 1617 1494
f 1497 1619 1617
f 1618 1499 1495
f 1620 1499 1618
f 1501 1619 1497
f 1501 1621 1619
f 1620 1503 1499
f 1622 1503 1620
f 1505 1624 1623
f 1621 1505 1623
f 1501 1505 1621
f 1624 1625 1623
f 1622 1626 1503
f 1503 1626 1506
f 1508 1506 1626
f 1508 1626 1627
f 1510 1624 1505
f 1510 1512 1624
f 1512 1625 1624
f 1512 1628 1625
f 1627 1514 1508
f 1629 1514 1627
f 1517 1628 1512
f 1517 1630 1628
f 1518 1514 1631
f 1514 1632 1631
f 1514 1629 1632
f 1631 1520 1518
f 1522 1630 1517
f 1522 1633 1630
f 1632 1634 1631
f 1520 1631 1634
f 1635 1520 1634
f 1524 1520 1635
f 1526 1637 1636
f 1633 1526 1636
f 1522 1526 1633
f 1637 1638 1636
f 1527 1524 1639
f 1524 1640 1639
f 1524 1635 1640
f 1641 1528 1527
f 1641 1527 1639
f 1637 1526 1528
f 1641 1637 1528
f 1642 1637 1641
f 1638 1637 1643
f 1643 1637 1642
f 1640 1644 1639
f 1646 1645 1644
f 1645 1639 1644
f 1645 1641 1639
f 1641 1647 1642
f 1641 1645 1647
f 1643 1642 1648
f 1648 1642 1647
f 1646 1649 1645
f 1651 1650 1649
f 1650 1645 1649
f 1650 1647 1645
f 1648 1647 1652
f 1652 1647 1650
f 1651 1653 1650
f 1650 1653 1652
f 1654 1531 1532
f 1533 1655 1532
f 1532 1655 1654
f 1534 1655 1533
f 1657 1656 1536
f 1536 1656 1535
f 1536 1531 1654
f 1658 1536 1654
f 1657 1536 1658
f 1658 1654 1655
f 1658 1655 1659
f 1655 1534 1659
f 1534 1660 1659
f 1534 1537 1660
f 1656 1538 1535
f 1661 1538 1656
f 1539 1660 1537
f 1539 1662 1660
f 1663 1540 1541
f 1664 1663 1541
f 1538 1664 1541
f 1661 1664 1538
f 1542 1662 1539
f 1542 1665 1662
f 1667 1666 1663
f 1666 1540 1663
f 1666 1543 1540
f 1667 1663 1664
f 1544 1665 1542
f 1544 1668 1665
f 1666 1545 1543
f 1669 1545 1666
f 1671 1670 1546
f 1671 1546 1547
f 1544 1546 1668
f 1668 1546 1670
f 1669 1548 1545
f 1672 1548 1669
f 1549 1671 1547
f 1549 1673 1671
f 1672 1550 1548
f 1674 1550 1672
f 1552 1673 1549
f 1552 1675 1673
f 1674 1554 1550
f 1676 1554 1674
f 1678 1677 1557
f 1678 1557 1556
f 1552 1557 1675
f 1675 1557 1677
f 1558 1554 1679
f 1554 1680 1679
f 1554 1676 1680
f 1681 1559 1558
f 1681 1558 1679
f 1681 1682 1559
f 1682 1556 1559
f 1682 1678 1556
f 1680 1683 1679
f 1679 1683 1681
f 1681 1683 1684
f 1681 1684 1682
f 1687 1686 1685
f 1689 1688 1685
f 1685 1688 1687
f 1689 1690 1688
f 1693 1692 1691
f 1693 1691 1686
f 1691 1685 1686
f 1691 1694 1685
f 1685 1695 1689
f 1685 1694 1695
f 1690 1689 1696
f 1696 1689 1695
f 1699 1698 1697
f 1699 1697 1692
f 1692 1697 1691
f 1697 1561 1691
f 1561 1562 1691
f 1691 1562 1563
f 1691 1563 1694
f 1694 1563 1565
f 1700 1694 1565
f 1695 1694 1700
f 1696 1695 1701
f 1701 1695 1700
f 1697 1698 1568
f 1698 1567 1568
f 1698 1702 1567
f 1697 1568 1561
f 1571 1703 1700
f 1571 1700 1565
f 1701 1700 1704
f 1704 1700 1703
f 1706 1705 1574
f 1574 1705 1573
f 1574 1567 1702
f 1574 1702 1706
f 1708 1707 1703
f 1571 1708 1703
f 1576 1708 1571
f 1703 1707 1704
f 1705 1577 1573
f 1709 1577 1705
f 1578 1708 1576
f 1578 1710 1708
f 1709 1579 1577
f 1711 1579 1709
f 1581 1710 1578
f 1581 1712 1710
f 1713 1583 1584
f 1714 1713 1584
f 1579 1714 1584
f 1711 1714 1579
f 1716 1715 1585
f 1716 1585 1586
f 1581 1585 1712
f 1712 1585 1715
f 1717 1587 1713
f 1713 1587 1583
f 1713 1714 1718
f 1713 1718 1717
f 1588 1716 1586
f 1588 1719 1716
f 1720 1589 1717
f 1717 1589 1587
f 1717 1718 1721
f 1717 1721 1720
f 1724 1723 1722
f 1723 1719 1722
f 1719 1590 1722
f 1719 1588 1590
f 1725 1591 1720
f 1720 1591 1589
f 1720 1721 1726
f 1720 1726 1725
f 1724 1722 1592
f 1593 1724 1592
f 1727 1724 1593
f 1592 1722 1590
f 1728 1594 1725
f 1725 1594 1591
f 1725 1726 1729
f 1730 1725 1729
f 1728 1725 1730
f 1732 1731 1730
f 1732 1730 1729
f 1732 1727 1731
f 1727 1595 1731
f 1727 1593 1595
f 1733 1596 1728
f 1728 1596 1594
f 1734 1728 1730
f 1733 1728 1734
f 1598 1734 1597
f 1734 1731 1597
f 1734 1730 1731
f 1597 1731 1595
f 1733 1599 1596
f 1599 1733 1602
f 1602 1733 1734
f 1602 1734 1598
f 1736 1735 1607
f 1607 1735 1606
f 1737 1607 1608
f 1737 1736 1607
f 1608 1609 1737
f 1737 1609 1738
f 1735 1610 1606
f 1739 1610 1735
f 1609 1611 1740
f 1741 1609 1740
f 1738 1609 1741
f 1613 1740 1611
f 1739 1614 1610
f 1742 1614 1739
f 1743 1741 1740
f 1740 1613 1743
f 1613 1744 1743
f 1613 1615 1744
f 1742 1616 1614
f 1745 1616 1742
f 1617 1744 1615
f 1617 1746 1744
f 1745 1618 1616
f 1747 1618 1745
f 1619 1746 1617
f 1619 1748 1746
f 1747 1620 1618
f 1749 1620 1747
f 1621 1748 1619
f 1621 1750 1748
f 1749 1622 1620
f 1751 1622 1749
f 1752 1750 1621
f 1752 1621 1623
f 1623 1625 1752
f 1752 1625 1753
f 1751 1754 1622
f 1622 1754 1626
f 1627 1626 1754
f 1627 1754 1755
f 1628 1753 1625
f 1628 1756 1753
f 1755 1629 1627
f 1757 1629 1755
f 1630 1756 1628
f 1630 1758 1756
f 1757 1632 1629
f 1759 1632 1757
f 1633 1761 1760
f 1758 1633 1760
f 1630 1633 1758
f 1761 1762 1760
f 1759 1763 1632
f 1632 1763 1634
f 1635 1634 1763
f 1635 1763 1764
f 1636 1761 1633
f 1636 1638 1761
f 1638 1762 1761
f 1638 1765 1762
f 1764 1640 1635
f 1766 1640 1764
f 1643 1765 1638
f 1643 1767 1765
f 1644 1640 1768
f 1640 1769 1768
f 1640 1766 1769
f 1768 1646 1644
f 1648 1771 1770
f 1767 1648 1770
f 1643 1648 1767
f 1771 1772 1770
f 1769 1773 1768
f 1773 1775 1774
f 1773 1774 1649
f 1768 1773 1649
f 1646 1768 1649
f 1774 1651 1649
f 1652 1776 1771
f 1652 1771 1648
f 1772 1771 1777
f 1777 1771 1776
f 1774 1775 1778
f 1778 1775 1779
f 1780 1653 1651
f 1774 1780 1651
f 1778 1780 1774
f 1776 1652 1653
f 1780 1776 1653
f 1781 1776 1780
f 1777 1776 1782
f 1782 1776 1781
f 1779 1783 1778
f 1785 1784 1783
f 1784 1778 1783
f 1784 1780 1778
f 1780 1786 1781
f 1780 1784 1786
f 1782 1781 1787
f 1787 1781 1786
f 1785 1788 1784
f 1784 1788 1786
f 1786 1788 1789
f 1786 1789 1787
f 1791 1790 1657
f 1657 1790 1656
f 1792 1657 1658
f 1792 1791 1657
f 1793 1658 1659
f 1793 1792 1658
f 1659 1660 1793
f 1793 1660 1794
f 1790 1661 1656
f 1795 1661 1790
f 1662 1794 1660
f 1662 1796 1794
f 1795 1664 1661
f 1797 1664 1795
f 1665 1796 1662
f 1665 1798 1796
f 1799 1666 1667
f 1800 1799 1667
f 1664 1800 1667
f 1797 1800 1664
f 1668 1798 1665
f 1668 1801 1798
f 1803 1802 1799
f 1802 1666 1799
f 1802 1669 1666
f 1803 1799 1800
f 1805 1804 1670
f 1805 1670 1671
f 1668 1670 1801
f 1801 1670 1804
f 1802 1672 1669
f 1806 1672 1802
f 1673 1805 1671
f 1673 1807 1805
f 1806 1674 1672
f 1808 1674 1806
f 1675 1807 1673
f 1675 1809 1807
f 1808 1676 1674
f 1810 1676 1808
f 1812 1811 1677
f 1812 1677 1678
f 1675 1677 1809
f 1809 1677 1811
f 1810 1680 1676
f 1813 1680 1810
f 1682 1812 1678
f 1682 1814 1812
f 1683 1680 1815
f 1680 1816 1815
f 1680 1813 1816
f 1817 1684 1683
f 1817 1683 1815
f 1817 1818 1684
f 1818 1682 1684
f 1818 1814 1682
f 1816 1819 1815
f 1815 1819 1817
f 1817 1819 1820
f 1817 1820 1818
f 1823 1822 1821
f 1825 1824 1821
f 1821 1824 1823
f 1825 1826 1824
f 1829 1828 1827
f 1831 1830 1827
f 1827 1830 1829
f 1830 1831 1822
f 1831 1821 1822
f 1831 1832 1821
f 1821 1833 1825
f 1821 1832 1833
f 1826 1825 1834
f 1834 1825 1833
f 1827 1828 1835
f 1835 1828 1836
f 1835 1686 1687
f 1831 1835 1687
f 1827 1835 1831
f 1831 1687 1688
f 1831 1688 1832
f 1832 1688 1690
f 1837 1832 1690
f 1833 1832 1837
f 1834 1833 1838
f 1838 1833 1837
f 1841 1840 1839
f 1841 1839 1836
f 1836 1839 1835
f 1839 1692 1835
f 1692 1693 1835
f 1835 1693 1686
f 1843 1842 1837
f 1690 1843 1837
f 1696 1843 1690
f 1837 1842 1838
f 1839 1840 1699
f 1840 1698 1699
f 1840 1844 1698
f 1839 1699 1692
f 1701 1843 1696
f 1701 1845 1843
f 1844 1702 1698
f 1846 1702 1844
f 1704 1845 1701
f 1704 1847 1845
f 1849 1848 1706
f 1706 1848 1705
f 1706 1702 1846
f 1706 1846 1849
f 1708 1850 1707
f 1850 1851 1707
f 1851 1704 1707
f 1851 1847 1704
f 1848 1709 1705
f 1852 1709 1848
f 1854 1853 1850
f 1708 1854 1850
f 1710 1854 1708
f 1850 1853 1851
f 1852 1711 1709
f 1855 1711 1852
f 1712 1854 1710
f 1712 1856 1854
f 1855 1714 1711
f 1857 1714 1855
f 1859 1858 1715
f 1859 1715 1716
f 1712 1715 1856
f 1856 1715 1858
f 1857 1718 1714
f 1860 1718 1857
f 1863 1862 1861
f 1862 1859 1861
f 1859 1719 1861
f 1859 1716 1719
f 1865 1721 1864
f 1721 1860 1864
f 1721 1718 1860
f 1867 1866 1865
f 1867 1865 1864
f 1866 1867 1863
f 1866 1863 1861
f 1724 1866 1861
f 1723 1724 1861
f 1723 1861 1719
f 1868 1726 1865
f 1865 1726 1721
f 1869 1865 1866
f 1868 1865 1869
f 1727 1869 1724
f 1724 1869 1866
f 1868 1729 1726
f 1729 1868 1732
f 1732 1868 1869
f 1732 1869 1727
f 1870 1735 1736
f 1737 1871 1736
f 1736 1871 1870
f 1738 1871 1737
f 1873 1872 1870
f 1872 1735 1870
f 1872 1739 1735
f 1873 1870 1871
f 1873 1871 1874
f 1871 1738 1874
f 1738 1875 1874
f 1738 1741 1875
f 1872 1742 1739
f 1876 1742 1872
f 1741 1743 1877
f 1878 1741 1877
f 1875 1741 1878
f 1744 1877 1743
f 1876 1745 1742
f 1879 1745 1876
f 1878 1877 1880
f 1878 1880 1881
f 1746 1880 1744
f 1744 1880 1877
f 1883 1747 1882
f 1747 1879 1882
f 1747 1745 1879
f 1884 1883 1882
f 1881 1880 1885
f 1881 1885 1886
f 1748 1885 1746
f 1746 1885 1880
f 1887 1749 1883
f 1883 1749 1747
f 1883 1884 1888
f 1883 1888 1887
f 1889 1886 1885
f 1885 1748 1889
f 1748 1890 1889
f 1748 1750 1890
f 1891 1751 1887
f 1887 1751 1749
f 1887 1888 1892
f 1887 1892 1891
f 1750 1752 1893
f 1894 1750 1893
f 1890 1750 1894
f 1753 1893 1752
f 1891 1754 1751
f 1755 1754 1891
f 1892 1755 1891
f 1895 1755 1892
f 1896 1894 1893
f 1893 1753 1896
f 1753 1897 1896
f 1753 1756 1897
f 1895 1757 1755
f 1898 1757 1895
f 1758 1897 1756
f 1758 1899 1897
f 1898 1759 1757
f 1900 1759 1898
f 1901 1899 1758
f 1901 1758 1760
f 1760 1762 1901
f 1901 1762 1902
f 1900 1903 1759
f 1759 1903 1763
f 1764 1763 1903
f 1764 1903 1904
f 1765 1902 1762
f 1765 1905 1902
f 1904 1766 1764
f 1906 1766 1904
f 1767 1908 1907
f 1905 1767 1907
f 1765 1767 1905
f 1908 1909 1907
f 1906 1769 1766
f 1910 1769 1906
f 1770 1908 1767
f 1770 1772 1908
f 1772 1909 1908
f 1772 1911 1909
f 1910 1912 1769
f 1769 1912 1773
f 1775 1773 1912
f 1775 1912 1913
f 1777 1911 1772
f 1777 1914 1911
f 1913 1779 1775
f 1915 1779 1913
f 1782 1917 1916
f 1914 1782 1916
f 1777 1782 1914
f 1917 1918 1916
f 1915 1919 1779
f 1779 1919 1783
f 1785 1783 1919
f 1785 1919 1920
f 1787 1921 1917
f 1787 1917 1782
f 1918 1917 1922
f 1922 1917 1921
f 1788 1785 1923
f 1785 1924 1923
f 1785 1920 1924
f 1925 1789 1788
f 1925 1788 1923
f 1921 1787 1789
f 1925 1921 1789
f 1926 1921 1925
f 1922 1921 1927
f 1927 1921 1926
f 1924 1928 1923
f 1930 1929 1928
f 1929 1923 1928
f 1929 1925 1923
f 1925 1931 1926
f 1925 1929 1931
f 1927 1926 1932
f 1932 1926 1931
f 1930 1933 1929
f 1929 1933 1931
f 1931 1933 1934
f 1931 1934 1932
f 1936 1935 1791
f 1791 1935 1790
f 1937 1791 1792
f 1937 1936 1791
f 1939 1937 1938
f 1937 1793 1938
f 1937 1792 1793
f 1794 1938 1793
f 1935 1795 1790
f 1940 1795 1935
f 1941 1939 1938
f 1938 1794 1941
f 1794 1942 1941
f 1794 1796 1942
f 1940 1797 1795
f 1943 1797 1940
f 1798 1942 1796
f 1798 1944 1942
f 1943 1800 1797
f 1945 1800 1943
f 1801 1944 1798
f 1801 1946 1944
f 1947 1802 1803
f 1948 1947 1803
f 1800 1948 1803
f 1945 1948 1800
f 1950 1949 1804
f 1950 1804 1805
f 1801 1804 1946
f 1946 1804 1949
f 1952 1951 1947
f 1951 1802 1947
f 1951 1806 1802
f 1952 1947 1948
f 1955 1954 1953
f 1954 1950 1953
f 1950 1807 1953
f 1950 1805 1807
f 1951 1808 1806
f 1956 1808 1951
f 1955 1953 1957
f 1955 1957 1958
f 1809 1957 1807
f 1807 1957 1953
f 1961 1960 1959
f 1956 1961 1959
f 1810 1956 1959
f 1808 1956 1810
f 1958 1957 1811
f 1812 1958 1811
f 1962 1958 1812
f 1811 1957 1809
f 1959 1960 1963
f 1963 1960 1964
f 1963 1813 1810
f 1963 1810 1959
f 1814 1962 1812
f 1814 1965 1962
f 1963 1964 1966
f 1966 1964 1967
f 1966 1816 1813
f 1966 1813 1963
f 1818 1965 1814
f 1818 1968 1965
f 1966 1967 1969
f 1969 1967 1970
f 1971 1819 1816
f 1966 1971 1816
f 1969 1971 1966
f 1819 1971 1972
f 1973 1819 1972
f 1820 1819 1973
f 1818 1820 1968
f 1968 1820 1973
f 1970 1974 1969
f 1969 1974 1971
f 1971 1974 1975
f 1971 1975 1972
f 1978 1977 1976
f 1976 1979 1978
f 1982 1981 1980
f 1984 1983 1980
f 1980 1983 1982
f 1983 1984 1977
f 1984 1976 1977
f 1984 1985 1976
f 1979 1976 1986
f 1986 1976 1985
f 1989 1988 1987
f 1989 1987 1981
f 1987 1980 1981
f 1987 1990 1980
f 1990 1822 1823
f 1984 1990 1823
f 1980 1990 1984
f 1984 1823 1824
f 1984 1824 1985
f 1824 1826 1985
f 1826 1986 1985
f 1826 1991 1986
f 1987 1988 1829
f 1988 1828 1829
f 1988 1992 1828
f 1987 1829 1830
f 1987 1830 1990
f 1990 1830 1822
f 1834 1991 1826
f 1834 1993 1991
f 1992 1836 1828
f 1994 1836 1992
f 1838 1993 1834
f 1838 1995 1993
f 1997 1996 1841
f 1841 1996 1840
f 1841 1836 1994
f 1841 1994 1997
f 1843 1998 1842
f 1998 1999 1842
f 1999 1838 1842
f 1999 1995 1838
f 1996 1844 1840
f 2000 1844 1996
f 2002 2001 1998
f 1843 2002 1998
f 1845 2002 1843
f 1998 2001 1999
f 2000 1846 1844
f 2003 1846 2000
f 1847 2002 1845
f 1847 2004 2002
f 2005 1848 1849
f 2006 2005 1849
f 1846 2006 1849
f 2003 2006 1846
f 2009 2008 2007
f 2008 2004 2007
f 2004 1851 2007
f 2004 1847 1851
f 2010 1852 2005
f 2005 1852 1848
f 2005 2006 2011
f 2005 2011 2010
f 2009 2007 1853
f 1854 2009 1853
f 2012 2009 1854
f 1853 2007 1851
f 2013 1855 2010
f 2010 1855 1852
f 2010 2011 2014
f 2010 2014 2013
f 2017 2016 2015
f 2016 2012 2015
f 2012 1856 2015
f 2012 1854 1856
f 2018 1857 2013
f 2013 1857 1855
f 2013 2014 2019
f 2020 2013 2019
f 2018 2013 2020
f 2022 2021 2020
f 2022 2020 2019
f 2021 2022 2017
f 2021 2017 2015
f 1859 2021 2015
f 1858 1859 2015
f 1858 2015 1856
f 2023 1860 2018
f 2018 1860 1857
f 2024 2018 2020
f 2023 2018 2024
f 1863 2024 1862
f 2024 2021 1862
f 2024 2020 2021
f 1862 2021 1859
f 2023 1864 1860
f 1864 2023 1867
f 1867 2023 2024
f 1867 2024 1863
f 2025 1872 1873
f 1874 2026 1873
f 1873 2026 2025
f 1875 2026 1874
f 2027 1876 2025
f 2025 1876 1872
f 2028 2025 2026
f 2027 2025 2028
f 1878 2028 1875
f 1875 2028 2026
f 2029 1879 2027
f 2027 1879 1876
f 2030 2027 2028
f 2029 2027 2030
f 1881 2030 1878
f 1878 2030 2028
f 2029 1882 1879
f 1882 2029 1884
f 2029 2031 1884
f 2029 2030 2031
f 1886 2031 1881
f 1881 2031 2030
f 2032 1888 2031
f 2031 1888 1884
f 1889 2033 1886
f 2033 2031 1886
f 2033 2032 2031
f 1890 2033 1889
f 2034 1892 2032
f 2032 1892 1888
f 2035 2032 2033
f 2034 2032 2035
f 1894 2035 1890
f 1890 2035 2033
f 2036 1895 2034
f 2034 1895 1892
f 2037 2034 2035
f 2036 2034 2037
f 1896 2038 1894
f 2038 2035 1894
f 2038 2037 2035
f 1897 2038 1896
f 2039 1898 2036
f 2036 1898 1895
f 2037 2041 2040
f 2039 2037 2040
f 2036 2037 2039
f 2041 2037 2038
f 2041 2038 2042
f 2038 1897 2042
f 1897 2043 2042
f 1897 1899 2043
f 2044 1900 2039
f 2039 1900 1898
f 2039 2040 2045
f 2039 2045 2044
f 1899 1901 2046
f 2047 1899 2046
f 2043 1899 2047
f 1902 2046 1901
f 2044 1903 1900
f 1904 1903 2044
f 2045 1904 2044
f 2048 1904 2045
f 2049 2047 2046
f 2046 1902 2049
f 1902 2050 2049
f 1902 1905 2050
f 2048 1906 1904
f 2051 1906 2048
f 2052 2050 1905
f 2052 1905 1907
f 1907 1909 2052
f 2052 1909 2053
f 2055 1910 2054
f 1910 2051 2054
f 1910 1906 2051
f 2056 2055 2054
f 1911 2053 1909
f 1911 2057 2053
f 2055 1912 1910
f 1913 1912 2055
f 2056 1913 2055
f 2058 1913 2056
f 1914 2060 2059
f 2057 1914 2059
f 1911 1914 2057
f 2060 2061 2059
f 2058 1915 1913
f 2062 1915 2058
f 1916 2060 1914
f 1916 1918 2060
f 1918 2061 2060
f 1918 2063 2061
f 2062 2064 1915
f 1915 2064 1919
f 1920 1919 2064
f 1920 2064 2065
f 1922 2063 1918
f 1922 2066 2063
f 2065 1924 1920
f 2067 1924 2065
f 1927 2069 2068
f 2066 1927 2068
f 1922 1927 2066
f 2069 2070 2068
f 2067 2071 1924
f 1924 2071 1928
f 1930 1928 2071
f 1930 2071 2072
f 1932 2073 2069
f 1932 2069 1927
f 2070 2069 2074
f 2074 2069 2073
f 1933 1930 2075
f 1930 2076 2075
f 1930 2072 2076
f 2077 1934 1933
f 2077 1933 2075
f 2073 1932 1934
f 2077 2073 1934
f 2078 2073 2077
f 2074 2073 2079
f 2079 2073 2078
f 2076 2080 2075
f 2082 2081 2080
f 2081 2075 2080
f 2081 2077 2075
f 2077 2083 2078
f 2077 2081 2083
f 2079 2078 2084
f 2084 2078 2083
f 2086 2085 1936
f 1936 2085 1935
f 2087 1936 1937
f 2087 2086 1936
f 1937 1939 2087
f 2087 1939 2088
f 2082 2089 2081
f 2081 2089 2083
f 2083 2089 2090
f 2083 2090 2084
f 2093 2092 2091
f 2085 2093 2091
f 1940 2085 2091
f 1935 2085 1940
f 1939 1941 2094
f 2095 1939 2094
f 2088 1939 2095
f 1942 2094 1941
f 2091 2092 2096
f 2096 2092 2097
f 2096 1943 1940
f 2096 1940 2091
f 2098 2095 2094
f 2094 1942 2098
f 1942 2099 2098
f 1942 1944 2099
f 2096 2097 2100
f 2100 2097 2101
f 2100 1945 1943
f 2100 1943 2096
f 2104 2103 2102
f 2103 2099 2102
f 2099 1946 2102
f 2099 1944 1946
f 2101 2105 2100
f 1945 2100 2105
f 2106 1945 2105
f 1948 1945 2106
f 2104 2102 1949
f 1950 2104 1949
f 2107 2104 1950
f 1949 2102 1946
f 2108 1951 1952
f 1948 2106 2109
f 2108 1948 2109
f 2110 2108 2109
f 1952 1948 2108
f 1954 1955 2110
f 2109 1954 2110
f 2111 1954 2109
f 1950 1954 2107
f 2107 1954 2111
f 2113 2112 2108
f 2112 1951 2108
f 2112 1956 1951
f 2113 2108 2110
f 2113 2110 2114
f 2110 1955 2114
f 1955 2115 2114
f 1955 1958 2115
f 2117 2116 1961
f 1961 2116 1960
f 1961 1956 2112
f 1961 2112 2117
f 1962 2115 1958
f 1962 2118 2115
f 2121 2120 2119
f 2116 2121 2119
f 1964 2116 2119
f 1960 2116 1964
f 1965 2118 1962
f 1965 2122 2118
f 2125 2124 2123
f 2125 2123 2120
f 2123 2119 2120
f 2123 2126 2119
f 2126 1967 1964
f 2126 1964 2119
f 1968 2122 1965
f 1968 2127 2122
f 2123 2124 2128
f 2128 2124 2129
f 2123 2130 2126
f 2123 2128 2130
f 2130 1970 1967
f 2130 1967 2126
f 1972 2131 1973
f 2131 2132 1973
f 2132 1968 1973
f 2132 2127 1968
f 2129 2133 2128
f 2128 2133 2130
f 2130 2133 2134
f 2134 2136 2135
f 2134 2135 1974
f 2130 2134 1974
f 1970 2130 1974
f 1974 2135 2137
f 2138 1974 2137
f 1975 1974 2138
f 1972 1975 2131
f 1975 2139 2131
f 1975 2138 2139
f 2131 2139 2132
f 2136 2140 2135
f 2135 2140 2137
f 2143 2142 2141
f 2141 2144 2143
f 2147 2146 2145
f 2147 2145 2142
f 2145 2141 2142
f 2145 2148 2141
f 2144 2141 2149
f 2149 2141 2148
f 2152 2151 2150
f 2154 2153 2150
f 2150 2153 2152
f 2153 2154 2146
f 2146 2154 2145
f 2154 1977 2145
f 1977 1978 2145
f 2145 1978 1979
f 2155 2145 1979
f 2148 2145 2155
f 2149 2148 2156
f 2156 2148 2155
f 2150 2151 1982
f 2151 1981 1982
f 2151 2157 1981
f 2150 1982 1983
f 2150 1983 2154
f 2154 1983 1977
f 1986 2158 2155
f 1986 2155 1979
f 2156 2155 2159
f 2159 2155 2158
f 2161 2160 1989
f 1989 2160 1988
f 1989 1981 2157
f 1989 2157 2161
f 1991 2162 2158
f 1991 2158 1986
f 2159 2158 2163
f 2163 2158 2162
f 2160 1992 1988
f 2164 1992 2160
f 1993 2165 2162
f 1993 2162 1991
f 2163 2162 2166
f 2166 2162 2165
f 2164 1994 1992
f 2167 1994 2164
f 2169 2168 2165
f 1993 2169 2165
f 1995 2169 1993
f 2165 2168 2166
f 2171 2170 1997
f 1997 2170 1996
f 1997 1994 2167
f 1997 2167 2171
f 1999 2169 1995
f 1999 2172 2169
f 2170 2000 1996
f 2173 2000 2170
f 2175 2174 2001
f 2175 2001 2002
f 1999 2001 2172
f 2172 2001 2174
f 2173 2003 2000
f 2176 2003 2173
f 2004 2175 2002
f 2004 2177 2175
f 2176 2006 2003
f 2178 2006 2176
f 2181 2180 2179
f 2008 2009 2179
f 2180 2008 2179
f 2182 2008 2180
f 2004 2008 2177
f 2177 2008 2182
f 2184 2011 2183
f 2011 2178 2183
f 2011 2006 2178
f 2185 2184 2183
f 2181 2179 2186
f 2181 2186 2187
f 2012 2186 2009
f 2009 2186 2179
f 2188 2014 2184
f 2184 2014 2011
f 2184 2185 2189
f 2190 2184 2189
f 2188 2184 2190
f 2190 2189 2187
f 2190 2187 2186
f 2017 2190 2186
f 2016 2017 2186
f 2016 2186 2012
f 2188 2019 2014
f 2019 2188 2022
f 2022 2188 2190
f 2022 2190 2017
f 2191 2040 2041
f 2042 2192 2041
f 2041 2192 2191
f 2043 2192 2042
f 2193 2045 2191
f 2191 2045 2040
f 2194 2191 2192
f 2193 2191 2194
f 2047 2194 2043
f 2043 2194 2192
f 2195 2048 2193
f 2193 2048 2045
f 2196 2193 2194
f 2195 2193 2196
f 2049 2197 2047
f 2197 2194 2047
f 2197 2196 2194
f 2050 2197 2049
f 2198 2051 2195
f 2195 2051 2048
f 2196 2200 2199
f 2198 2196 2199
f 2195 2196 2198
f 2200 2196 2197
f 2200 2197 2201
f 2203 2201 2202
f 2202 2201 2052
f 2201 2197 2052
f 2197 2050 2052
f 2053 2202 2052
f 2198 2054 2051
f 2056 2054 2198
f 2199 2056 2198
f 2204 2056 2199
f 2205 2203 2202
f 2202 2053 2205
f 2053 2206 2205
f 2053 2057 2206
f 2204 2058 2056
f 2207 2058 2204
f 2057 2059 2208
f 2209 2057 2208
f 2206 2057 2209
f 2061 2208 2059
f 2211 2062 2210
f 2062 2207 2210
f 2062 2058 2207
f 2212 2211 2210
f 2213 2209 2208
f 2208 2061 2213
f 2061 2214 2213
f 2061 2063 2214
f 2211 2064 2062
f 2065 2064 2211
f 2212 2065 2211
f 2215 2065 2212
f 2066 2217 2216
f 2214 2066 2216
f 2063 2066 2214
f 2217 2218 2216
f 2215 2067 2065
f 2219 2067 2215
f 2068 2217 2066
f 2068 2070 2217
f 2070 2218 2217
f 2070 2220 2218
f 2219 2221 2067
f 2067 2221 2071
f 2072 2071 2221
f 2072 2221 2222
f 2074 2224 2223
f 2220 2074 2223
f 2070 2074 2220
f 2224 2225 2223
f 2222 2076 2072
f 2226 2076 2222
f 2079 2227 2224
f 2079 2224 2074
f 2225 2224 2228
f 2228 2224 2227
f 2226 2229 2076
f 2076 2229 2080
f 2082 2080 2229
f 2082 2229 2230
f 2084 2231 2227
f 2084 2227 2079
f 2228 2227 2232
f 2232 2227 2231
f 2234 2233 2086
f 2086 2233 2085
f 2235 2086 2087
f 2235 2234 2086
f 2087 2088 2235
f 2235 2088 2236
f 2089 2082 2237
f 2082 2238 2237
f 2082 2230 2238
f 2239 2090 2089
f 2239 2089 2237
f 2231 2084 2090
f 2239 2231 2090
f 2240 2231 2239
f 2232 2231 2241
f 2241 2231 2240
f 2243 2242 2093
f 2093 2242 2092
f 2093 2085 2233
f 2093 2233 2243
f 2095 2236 2088
f 2095 2244 2236
f 2238 2245 2237
f 2247 2246 2245
f 2246 2237 2245
f 2246 2239 2237
f 2239 2248 2240
f 2239 2246 2248
f 2241 2240 2249
f 2240 2250 2249
f 2240 2248 2250
f 2250 2251 2249
f 2242 2097 2092
f 2252 2097 2242
f 2095 2098 2253
f 2254 2095 2253
f 2244 2095 2254
f 2099 2253 2098
f 2247 2255 2246
f 2246 2255 2248
f 2248 2255 2256
f 2248 2256 2250
f 2250 2256 2257
f 2250 2257 2251
f 2252 2101 2097
f 2258 2101 2252
f 2254 2253 2103
f 2104 2254 2103
f 2259 2254 2104
f 2103 2253 2099
f 2258 2260 2101
f 2101 2260 2105
f 2106 2105 2260
f 2106 2260 2261
f 2107 2259 2104
f 2107 2262 2259
f 2261 2263 2106
f 2106 2263 2109
f 2109 2264 2111
f 2263 2264 2109
f 2107 2111 2262
f 2262 2111 2264
f 2265 2112 2113
f 2114 2266 2113
f 2113 2266 2265
f 2115 2266 2114
f 2269 2268 2267
f 2116 2117 2267
f 2117 2269 2267
f 2117 2270 2269
f 2117 2112 2265
f 2271 2117 2265
f 2270 2117 2271
f 2271 2265 2266
f 2271 2266 2272
f 2266 2115 2272
f 2115 2273 2272
f 2115 2118 2273
f 2276 2275 2274
f 2278 2277 2274
f 2274 2277 2276
f 2277 2278 2268
f 2268 2278 2267
f 2278 2120 2267
f 2120 2121 2267
f 2267 2121 2116
f 2122 2273 2118
f 2122 2279 2273
f 2274 2275 2280
f 2280 2275 2281
f 2280 2124 2125
f 2278 2280 2125
f 2274 2280 2278
f 2278 2125 2120
f 2127 2279 2122
f 2127 2282 2279
f 2280 2281 2283
f 2283 2281 2284
f 2283 2129 2124
f 2283 2124 2280
f 2287 2286 2285
f 2286 2282 2285
f 2282 2132 2285
f 2282 2127 2132
f 2284 2288 2283
f 2288 2290 2289
f 2288 2289 2133
f 2283 2288 2133
f 2129 2283 2133
f 2291 2134 2133
f 2291 2133 2289
f 2291 2136 2134
f 2293 2292 2138
f 2293 2138 2137
f 2285 2139 2287
f 2139 2292 2287
f 2139 2138 2292
f 2139 2285 2132
f 2290 2294 2289
f 2289 2294 2291
f 2291 2294 2295
f 2291 2295 2136
f 2295 2140 2136
f 2295 2296 2140
f 2137 2140 2293
f 2293 2140 2296
f 2299 2298 2297
f 2301 2300 2297
f 2297 2300 2299
f 2301 2302 2300
f 2305 2304 2303
f 2307 2306 2303
f 2303 2306 2305
f 2306 2307 2298
f 2298 2307 2297
f 2307 2142 2297
f 2142 2143 2297
f 2297 2143 2144
f 2308 2297 2144
f 2301 2297 2308
f 2302 2301 2309
f 2309 2301 2308
f 2312 2311 2310
f 2312 2310 2304
f 2310 2303 2304
f 2310 2313 2303
f 2313 2146 2147
f 2307 2313 2147
f 2303 2313 2307
f 2307 2147 2142
f 2149 2314 2308
f 2149 2308 2144
f 2309 2308 2315
f 2315 2308 2314
f 2310 2311 2152
f 2311 2151 2152
f 2311 2316 2151
f 2310 2152 2153
f 2310 2153 2313
f 2313 2153 2146
f 2156 2317 2314
f 2156 2314 2149
f 2315 2314 2318
f 2318 2314 2317
f 2321 2320 2319
f 2316 2321 2319
f 2157 2316 2319
f 2151 2316 2157
f 2323 2322 2317
f 2156 2323 2317
f 2159 2323 2156
f 2317 2322 2318
f 2319 2320 2161
f 2320 2160 2161
f 2320 2324 2160
f 2319 2161 2157
f 2163 2323 2159
f 2163 2325 2323
f 2324 2164 2160
f 2326 2164 2324
f 2166 2325 2163
f 2166 2327 2325
f 2326 2167 2164
f 2328 2167 2326
f 2330 2329 2168
f 2330 2168 2169
f 2166 2168 2327
f 2327 2168 2329
f 2331 2170 2171
f 2332 2331 2171
f 2167 2332 2171
f 2328 2332 2167
f 2335 2334 2333
f 2334 2330 2333
f 2330 2172 2333
f 2330 2169 2172
f 2336 2173 2331
f 2331 2173 2170
f 2331 2332 2337
f 2331 2337 2336
f 2340 2339 2338
f 2338 2339 2335
f 2338 2335 2333
f 2175 2338 2333
f 2174 2175 2333
f 2174 2333 2172
f 2341 2176 2336
f 2336 2176 2173
f 2336 2337 2342
f 2336 2342 2341
f 2345 2344 2343
f 2343 2344 2340
f 2338 2343 2340
f 2346 2343 2338
f 2177 2346 2175
f 2175 2346 2338
f 2347 2178 2341
f 2341 2178 2176
f 2341 2342 2348
f 2349 2341 2348
f 2347 2341 2349
f 2349 2348 2345
f 2349 2345 2343
f 2181 2349 2343
f 2180 2181 2343
f 2180 2343 2182
f 2182 2343 2346
f 2182 2346 2177
f 2347 2183 2178
f 2183 2347 2185
f 2347 2350 2185
f 2347 2349 2350
f 2187 2350 2181
f 2181 2350 2349
f 2350 2189 2185
f 2189 2350 2187
f 2351 2199 2200
f 2201 2352 2200
f 2200 2352 2351
f 2203 2352 2201
f 2353 2204 2351
f 2351 2204 2199
f 2354 2351 2352
f 2353 2351 2354
f 2205 2355 2203
f 2355 2352 2203
f 2355 2354 2352
f 2206 2355 2205
f 2356 2207 2353
f 2353 2207 2204
f 2357 2353 2354
f 2356 2353 2357
f 2355 2359 2358
f 2357 2355 2358
f 2354 2355 2357
f 2355 2206 2359
f 2206 2360 2359
f 2206 2209 2360
f 2356 2210 2207
f 2356 2357 2361
f 2212 2356 2361
f 2362 2212 2361
f 2356 2212 2210
f 2361 2357 2358
f 2363 2360 2209
f 2363 2209 2213
f 2213 2214 2363
f 2363 2214 2364
f 2362 2215 2212
f 2365 2215 2362
f 2214 2216 2366
f 2367 2214 2366
f 2364 2214 2367
f 2218 2366 2216
f 2369 2219 2368
f 2219 2365 2368
f 2219 2215 2365
f 2370 2369 2368
f 2371 2367 2366
f 2366 2218 2371
f 2218 2372 2371
f 2218 2220 2372
f 2369 2221 2219
f 2222 2221 2369
f 2370 2222 2369
f 2373 2222 2370
f 2374 2372 2220
f 2374 2220 2223
f 2223 2225 2374
f 2374 2225 2375
f 2373 2226 2222
f 2376 2226 2373
f 2228 2375 2225
f 2228 2377 2375
f 2376 2378 2226
f 2226 2378 2229
f 2230 2229 2378
f 2230 2378 2379
f 2232 2381 2380
f 2377 2232 2380
f 2228 2232 2377
f 2381 2382 2380
f 2385 2384 2383
f 2233 2234 2383
f 2234 2385 2383
f 2234 2386 2385
f 2387 2234 2235
f 2387 2386 2234
f 2235 2236 2387
f 2387 2236 2388
f 2379 2238 2230
f 2389 2238 2379
f 2241 2390 2381
f 2241 2381 2232
f 2382 2381 2391
f 2391 2381 2390
f 2383 2384 2243
f 2384 2242 2243
f 2384 2392 2242
f 2383 2243 2233
f 2244 2388 2236
f 2244 2393 2388
f 2389 2394 2238
f 2238 2394 2245
f 2247 2245 2394
f 2247 2394 2395
f 2249 2390 2241
f 2249 2251 2390
f 2251 2391 2390
f 2251 2396 2391
f 2392 2252 2242
f 2397 2252 2392
f 2254 2393 2244
f 2254 2398 2393
f 2255 2247 2399
f 2247 2400 2399
f 2247 2395 2400
f 2401 2256 2255
f 2401 2255 2399
f 2402 2257 2256
f 2402 2256 2401
f 2396 2251 2403
f 2251 2402 2403
f 2402 2404 2403
f 2251 2257 2402
f 2404 2405 2403
f 2397 2258 2252
f 2406 2258 2397
f 2259 2398 2254
f 2259 2407 2398
f 2400 2408 2399
f 2410 2409 2408
f 2409 2399 2408
f 2409 2401 2399
f 2401 2411 2402
f 2401 2409 2411
f 2402 2412 2404
f 2402 2411 2412
f 2405 2404 2413
f 2413 2404 2412
f 2406 2414 2258
f 2258 2414 2260
f 2261 2260 2414
f 2261 2414 2415
f 2418 2417 2416
f 2417 2407 2416
f 2407 2262 2416
f 2407 2259 2262
f 2410 2419 2409
f 2409 2419 2411
f 2411 2419 2420
f 2411 2420 2412
f 2412 2420 2421
f 2412 2421 2413
f 2415 2422 2261
f 2261 2422 2263
f 2416 2264 2418
f 2264 2422 2418
f 2264 2263 2422
f 2264 2416 2262
f 2425 2424 2423
f 2268 2269 2423
f 2269 2425 2423
f 2269 2426 2425
f 2427 2269 2270
f 2427 2426 2269
f 2428 2270 2271
f 2428 2427 2270
f 2430 2428 2429
f 2428 2272 2429
f 2428 2271 2272
f 2273 2429 2272
f 2433 2432 2431
f 2275 2276 2431
f 2276 2433 2431
f 2276 2434 2433
f 2277 2423 2424
f 2434 2277 2424
f 2276 2277 2434
f 2423 2277 2268
f 2430 2429 2435
f 2430 2435 2436
f 2279 2435 2273
f 2273 2435 2429
f 2439 2438 2437
f 2439 2437 2432
f 2437 2431 2432
f 2437 2440 2431
f 2440 2281 2275
f 2440 2275 2431
f 2436 2435 2441
f 2436 2441 2442
f 2282 2441 2279
f 2279 2441 2435
f 2437 2438 2443
f 2443 2438 2444
f 2437 2445 2440
f 2437 2443 2445
f 2445 2284 2281
f 2445 2281 2440
f 2442 2441 2286
f 2287 2442 2286
f 2446 2442 2287
f 2286 2441 2282
f 2444 2447 2443
f 2449 2448 2447
f 2448 2443 2447
f 2448 2445 2443
f 2450 2288 2284
f 2445 2450 2284
f 2448 2450 2445
f 2450 2290 2288
f 2452 2451 2292
f 2452 2292 2293
f 2287 2292 2446
f 2446 2292 2451
f 2449 2453 2448
f 2448 2453 2450
f 2450 2453 2454
f 2450 2454 2290
f 2454 2294 2290
f 2454 2455 2294
f 2294 2456 2295
f 2455 2456 2294
f 2295 2457 2296
f 2456 2457 2295
f 2293 2296 2452
f 2452 2296 2457
f 2460 2459 2458
f 2462 2461 2458
f 2458 2461 2460
f 2464 2463 2462
f 2462 2463 2461
f 2466 2465 2464
f 2464 2465 2463
f 2466 2467 2465
f 2470 2469 2468
f 2470 2468 2459
f 2468 2458 2459
f 2468 2471 2458
f 2471 2298 2299
f 2462 2471 2299
f 2458 2471 2462
f 2462 2299 2300
f 2462 2300 2464
f 2464 2300 2302
f 2472 2464 2302
f 2466 2464 2472
f 2467 2466 2473
f 2473 2466 2472
f 2468 2469 2305
f 2469 2304 2305
f 2469 2474 2304
f 2468 2305 2306
f 2468 2306 2471
f 2471 2306 2298
f 2476 2475 2472
f 2302 2476 2472
f 2309 2476 2302
f 2472 2475 2473
f 2478 2477 2312
f 2312 2477 2311
f 2312 2304 2474
f 2312 2474 2478
f 2315 2476 2309
f 2315 2479 2476
f 2477 2316 2311
f 2480 2316 2477
f 2318 2479 2315
f 2318 2481 2479
f 2482 2320 2321
f 2483 2482 2321
f 2316 2483 2321
f 2480 2483 2316
f 2485 2484 2322
f 2485 2322 2323
f 2318 2322 2481
f 2481 2322 2484
f 2487 2486 2482
f 2486 2320 2482
f 2486 2324 2320
f 2487 2482 2483
f 2325 2485 2323
f 2325 2488 2485
f 2486 2326 2324
f 2489 2326 2486
f 2492 2491 2490
f 2491 2488 2490
f 2488 2327 2490
f 2488 2325 2327
f 2489 2328 2326
f 2493 2328 2489
f 2496 2495 2494
f 2494 2495 2492
f 2494 2492 2490
f 2330 2494 2490
f 2329 2330 2490
f 2329 2490 2327
f 2493 2332 2328
f 2497 2332 2493
f 2500 2499 2498
f 2498 2499 2496
f 2498 2496 2494
f 2335 2498 2494
f 2334 2335 2494
f 2334 2494 2330
f 2502 2337 2501
f 2337 2497 2501
f 2337 2332 2497
f 2504 2503 2502
f 2504 2502 2501
f 2503 2504 2500
f 2503 2500 2498
f 2340 2503 2498
f 2339 2340 2498
f 2339 2498 2335
f 2505 2342 2502
f 2502 2342 2337
f 2345 2505 2344
f 2505 2503 2344
f 2505 2502 2503
f 2344 2503 2340
f 2505 2348 2342
f 2348 2505 2345
f 2506 2358 2359
f 2360 2506 2359
f 2507 2362 2361
f 2358 2506 2361
f 2506 2507 2361
f 2506 2508 2507
f 2363 2509 2360
f 2509 2506 2360
f 2509 2508 2506
f 2364 2509 2363
f 2510 2365 2507
f 2507 2365 2362
f 2511 2507 2508
f 2510 2507 2511
f 2512 2508 2509
f 2511 2508 2512
f 2367 2512 2364
f 2364 2512 2509
f 2510 2368 2365
f 2368 2510 2370
f 2510 2513 2370
f 2510 2511 2513
f 2512 2515 2514
f 2513 2512 2514
f 2511 2512 2513
f 2515 2512 2367
f 2371 2515 2367
f 2516 2515 2371
f 2371 2372 2516
f 2516 2372 2517
f 2518 2373 2513
f 2513 2373 2370
f 2513 2514 2519
f 2513 2519 2518
f 2520 2517 2372
f 2520 2372 2374
f 2374 2375 2520
f 2520 2375 2521
f 2522 2376 2518
f 2518 2376 2373
f 2518 2519 2523
f 2518 2523 2522
f 2377 2521 2375
f 2377 2524 2521
f 2522 2378 2376
f 2379 2378 2522
f 2523 2379 2522
f 2525 2379 2523
f 2526 2524 2377
f 2526 2377 2380
f 2380 2382 2526
f 2526 2382 2527
f 2529 2528 2385
f 2385 2528 2384
f 2530 2385 2386
f 2530 2529 2385
f 2532 2530 2531
f 2530 2387 2531
f 2530 2386 2387
f 2388 2531 2387
f 2525 2389 2379
f 2533 2389 2525
f 2391 2527 2382
f 2391 2534 2527
f 2528 2392 2384
f 2535 2392 2528
f 2536 2532 2531
f 2531 2388 2536
f 2388 2537 2536
f 2388 2393 2537
f 2533 2538 2389
f 2389 2538 2394
f 2395 2394 2538
f 2395 2538 2539
f 2396 2541 2540
f 2534 2396 2540
f 2391 2396 2534
f 2541 2542 2540
f 2535 2397 2392
f 2543 2397 2535
f 2398 2537 2393
f 2398 2544 2537
f 2539 2400 2395
f 2545 2400 2539
f 2403 2541 2396
f 2403 2405 2541
f 2405 2542 2541
f 2405 2546 2542
f 2543 2406 2397
f 2547 2406 2543
f 2407 2544 2398
f 2407 2548 2544
f 2545 2549 2400
f 2400 2549 2408
f 2410 2408 2549
f 2410 2549 2550
f 2413 2552 2551
f 2546 2413 2551
f 2405 2413 2546
f 2552 2553 2551
f 2547 2554 2406
f 2406 2554 2414
f 2415 2414 2554
f 2415 2554 2555
f 2557 2556 2417
f 2557 2417 2418
f 2407 2417 2548
f 2548 2417 2556
f 2550 2558 2410
f 2410 2558 2419
f 2558 2560 2559
f 2420 2558 2559
f 2419 2558 2420
f 2561 2421 2420
f 2561 2420 2559
f 2552 2413 2421
f 2561 2552 2421
f 2562 2552 2561
f 2553 2552 2563
f 2563 2552 2562
f 2555 2564 2415
f 2415 2564 2422
f 2418 2422 2557
f 2557 2422 2564
f 2559 2560 2565
f 2565 2560 2566
f 2559 2567 2561
f 2559 2565 2567
f 2561 2568 2562
f 2561 2567 2568
f 2563 2562 2569
f 2569 2562 2568
f 2566 2570 2565
f 2565 2570 2567
f 2567 2570 2571
f 2573 2572 2571
f 2572 2567 2571
f 2572 2568 2567
f 2569 2568 2574
f 2574 2568 2572
f 2575 2424 2425
f 2426 2576 2425
f 2425 2576 2575
f 2427 2577 2426
f 2426 2577 2576
f 2428 2578 2427
f 2427 2578 2577
f 2430 2578 2428
f 2573 2579 2572
f 2579 2580 2572
f 2580 2581 2572
f 2582 2574 2572
f 2582 2572 2581
f 2584 2583 2581
f 2581 2583 2582
f 2432 2433 2584
f 2433 2583 2584
f 2433 2585 2583
f 2586 2433 2434
f 2586 2585 2433
f 2434 2424 2575
f 2587 2434 2575
f 2586 2434 2587
f 2587 2575 2576
f 2587 2576 2588
f 2588 2576 2577
f 2588 2577 2589
f 2591 2590 2589
f 2577 2591 2589
f 2578 2591 2577
f 2436 2591 2430
f 2430 2591 2578
f 2581 2580 2592
f 2592 2580 2593
f 2592 2438 2439
f 2584 2592 2439
f 2581 2592 2584
f 2584 2439 2432
f 2590 2591 2594
f 2590 2594 2595
f 2442 2594 2436
f 2436 2594 2591
f 2592 2593 2596
f 2596 2593 2597
f 2596 2444 2438
f 2596 2438 2592
f 2595 2594 2598
f 2595 2598 2599
f 2446 2598 2442
f 2442 2598 2594
f 2597 2600 2596
f 2600 2602 2601
f 2600 2601 2447
f 2596 2600 2447
f 2444 2596 2447
f 2601 2449 2447
f 2605 2604 2603
f 2603 2604 2599
f 2603 2599 2598
f 2452 2603 2598
f 2451 2452 2598
f 2451 2598 2446
f 2602 2606 2601
f 2601 2606 2449
f 2606 2453 2449
f 2606 2607 2453
f 2453 2608 2454
f 2607 2608 2453
f 2454 2609 2455
f 2608 2609 2454
f 2455 2610 2456
f 2609 2610 2455
f 2603 2457 2605
f 2457 2610 2605
f 2457 2456 2610
f 2457 2603 2452
f 2613 2612 2611
f 2615 2614 2611
f 2611 2614 2613
f 2615 2616 2614
f 2611 2612 2617
f 2617 2612 2618
f 2611 2619 2615
f 2611 2617 2619
f 2616 2615 2620
f 2620 2615 2619
f 2623 2622 2621
f 2623 2621 2618
f 2618 2621 2617
f 2621 2459 2617
f 2459 2460 2617
f 2617 2460 2461
f 2617 2461 2619
f 2624 2620 2619
f 2461 2624 2619
f 2463 2624 2461
f 2626 2624 2625
f 2624 2465 2625
f 2624 2463 2465
f 2467 2625 2465
f 2621 2622 2470
f 2622 2469 2470
f 2622 2627 2469
f 2621 2470 2459
f 2628 2626 2625
f 2625 2467 2628
f 2467 2629 2628
f 2467 2473 2629
f 2632 2631 2630
f 2627 2632 2630
f 2474 2627 2630
f 2469 2627 2474
f 2476 2633 2475
f 2633 2634 2475
f 2634 2473 2475
f 2634 2629 2473
f 2630 2631 2478
f 2631 2477 2478
f 2631 2635 2477
f 2630 2478 2474
f 2637 2636 2633
f 2476 2637 2633
f 2479 2637 2476
f 2633 2636 2634
f 2635 2480 2477
f 2638 2480 2635
f 2481 2637 2479
f 2481 2639 2637
f 2638 2483 2480
f 2640 2483 2638
f 2642 2641 2484
f 2642 2484 2485
f 2481 2484 2639
f 2639 2484 2641
f 2643 2486 2487
f 2644 2643 2487
f 2483 2644 2487
f 2640 2644 2483
f 2647 2646 2645
f 2646 2642 2645
f 2642 2488 2645
f 2642 2485 2488
f 2648 2489 2643
f 2643 2489 2486
f 2643 2644 2649
f 2643 2649 2648
f 2652 2651 2650
f 2650 2651 2647
f 2650 2647 2645
f 2492 2650 2645
f 2491 2492 2645
f 2491 2645 2488
f 2653 2493 2648
f 2648 2493 2489
f 2648 2649 2654
f 2655 2648 2654
f 2653 2648 2655
f 2657 2656 2655
f 2657 2655 2654
f 2656 2657 2652
f 2656 2652 2650
f 2496 2656 2650
f 2495 2496 2650
f 2495 2650 2492
f 2658 2497 2653
f 2653 2497 2493
f 2659 2653 2655
f 2658 2653 2659
f 2500 2659 2499
f 2659 2656 2499
f 2659 2655 2656
f 2499 2656 2496
f 2658 2501 2497
f 2501 2658 2504
f 2504 2658 2659
f 2504 2659 2500
f 2660 2514 2515
f 2516 2661 2515
f 2515 2661 2660
f 2517 2661 2516
f 2662 2519 2660
f 2660 2519 2514
f 2663 2660 2661
f 2662 2660 2663
f 2520 2664 2517
f 2664 2661 2517
f 2664 2663 2661
f 2521 2664 2520
f 2665 2523 2662
f 2662 2523 2519
f 2663 2667 2666
f 2665 2663 2666
f 2662 2663 2665
f 2667 2663 2664
f 2667 2664 2668
f 2664 2521 2668
f 2521 2669 2668
f 2521 2524 2669
f 2670 2525 2665
f 2665 2525 2523
f 2665 2666 2671
f 2665 2671 2670
f 2672 2669 2524
f 2672 2524 2526
f 2526 2527 2672
f 2672 2527 2673
f 2675 2674 2529
f 2529 2674 2528
f 2676 2529 2530
f 2676 2675 2529
f 2530 2532 2676
f 2676 2532 2677
f 2678 2533 2670
f 2670 2533 2525
f 2670 2671 2679
f 2670 2679 2678
f 2534 2673 2527
f 2534 2680 2673
f 2683 2682 2681
f 2674 2683 2681
f 2535 2674 2681
f 2528 2674 2535
f 2684 2677 2532
f 2684 2532 2536
f 2536 2537 2684
f 2684 2537 2685
f 2678 2538 2533
f 2539 2538 2678
f 2679 2539 2678
f 2686 2539 2679
f 2687 2680 2534
f 2687 2534 2540
f 2540 2542 2687
f 2687 2542 2688
f 2681 2682 2689
f 2689 2682 2690
f 2689 2543 2535
f 2689 2535 2681
f 2544 2685 2537
f 2544 2691 2685
f 2693 2545 2692
f 2545 2686 2692
f 2545 2539 2686
f 2694 2693 2692
f 2546 2688 2542
f 2546 2695 2688
f 2690 2696 2689
f 2543 2689 2696
f 2697 2543 2696
f 2547 2543 2697
f 2700 2699 2698
f 2699 2691 2698
f 2691 2548 2698
f 2691 2544 2548
f 2693 2549 2545
f 2550 2549 2693
f 2694 2550 2693
f 2701 2550 2694
f 2702 2695 2546
f 2702 2546 2551
f 2551 2553 2702
f 2702 2553 2703
f 2697 2704 2547
f 2547 2704 2554
f 2706 2705 2555
f 2554 2706 2555
f 2704 2706 2554
f 2705 2706 2700
f 2705 2700 2698
f 2557 2705 2698
f 2556 2557 2698
f 2556 2698 2548
f 2701 2707 2550
f 2550 2707 2558
f 2560 2558 2707
f 2560 2707 2708
f 2563 2703 2553
f 2563 2709 2703
f 2705 2564 2555
f 2564 2705 2557
f 2708 2566 2560
f 2710 2566 2708
f 2569 2712 2711
f 2709 2569 2711
f 2563 2569 2709
f 2712 2713 2711
f 2710 2714 2566
f 2566 2714 2570
f 2714 2716 2715
f 2571 2714 2715
f 2570 2714 2571
f 2715 2573 2571
f 2574 2717 2712
f 2574 2712 2569
f 2713 2712 2718
f 2712 2719 2718
f 2712 2717 2719
f 2719 2720 2718
f 2715 2716 2721
f 2721 2716 2722
f 2723 2579 2573
f 2715 2723 2573
f 2721 2723 2715
f 2582 2717 2574
f 2580 2579 2723
f 2717 2582 2583
f 2717 2583 2719
f 2724 2720 2719
f 2583 2724 2719
f 2585 2724 2583
f 2725 2585 2586
f 2725 2724 2585
f 2726 2586 2587
f 2726 2725 2586
f 2727 2587 2588
f 2727 2726 2587
f 2729 2727 2728
f 2727 2589 2728
f 2727 2588 2589
f 2590 2728 2589
f 2722 2730 2721
f 2732 2731 2730
f 2731 2721 2730
f 2731 2723 2721
f 2731 2593 2580
f 2731 2580 2723
f 2729 2728 2733
f 2729 2733 2734
f 2595 2733 2590
f 2590 2733 2728
f 2731 2732 2735
f 2735 2732 2736
f 2735 2597 2593
f 2735 2593 2731
f 2734 2733 2737
f 2734 2737 2738
f 2599 2737 2595
f 2595 2737 2733
f 2736 2739 2735
f 2739 2741 2740
f 2739 2740 2600
f 2735 2739 2600
f 2597 2735 2600
f 2740 2602 2600
f 2744 2743 2742
f 2742 2743 2738
f 2742 2738 2737
f 2605 2742 2737
f 2604 2605 2737
f 2604 2737 2599
f 2741 2745 2740
f 2740 2745 2602
f 2745 2606 2602
f 2745 2746 2606
f 2606 2747 2607
f 2746 2747 2606
f 2607 2748 2608
f 2747 2748 2607
f 2608 2749 2609
f 2748 2749 2608
f 2742 2610 2744
f 2610 2749 2744
f 2610 2609 2749
f 2610 2742 2605
f 2752 2751 2750
f 2754 2753 2750
f 2750 2753 2752
f 2754 2755 2753
f 2758 2757 2756
f 2758 2756 2751
f 2756 2750 2751
f 2756 2759 2750
f 2750 2760 2754
f 2750 2759 2760
f 2755 2754 2761
f 2761 2754 2760
f 2756 2757 2613
f 2757 2612 2613
f 2757 2762 2612
f 2756 2613 2614
f 2756 2614 2759
f 2759 2614 2616
f 2763 2759 2616
f 2760 2759 2763
f 2761 2760 2764
f 2764 2760 2763
f 2762 2618 2612
f 2765 2618 2762
f 2620 2766 2763
f 2620 2763 2616
f 2764 2763 2767
f 2767 2763 2766
f 2769 2768 2623
f 2623 2768 2622
f 2623 2618 2765
f 2623 2765 2769
f 2766 2620 2624
f 2772 2771 2770
f 2771 2772 2626
f 2772 2767 2626
f 2766 2624 2626
f 2766 2626 2767
f 2768 2627 2622
f 2773 2627 2768
f 2774 2770 2771
f 2774 2771 2626
f 2628 2774 2626
f 2775 2774 2628
f 2628 2629 2775
f 2775 2629 2776
f 2777 2631 2632
f 2778 2777 2632
f 2627 2778 2632
f 2773 2778 2627
f 2634 2776 2629
f 2634 2779 2776
f 2780 2635 2777
f 2777 2635 2631
f 2777 2778 2781
f 2777 2781 2780
f 2783 2782 2636
f 2783 2636 2637
f 2634 2636 2779
f 2779 2636 2782
f 2785 2784 2780
f 2784 2635 2780
f 2784 2638 2635
f 2785 2780 2781
f 2788 2787 2786
f 2787 2783 2786
f 2783 2639 2786
f 2783 2637 2639
f 2790 2640 2789
f 2640 2784 2789
f 2640 2638 2784
f 2791 2790 2789
f 2794 2793 2792
f 2792 2793 2788
f 2792 2788 2786
f 2642 2792 2786
f 2641 2642 2786
f 2641 2786 2639
f 2795 2644 2790
f 2790 2644 2640
f 2790 2791 2796
f 2797 2790 2796
f 2795 2790 2797
f 2799 2798 2797
f 2799 2797 2796
f 2798 2799 2794
f 2798 2794 2792
f 2647 2798 2792
f 2646 2647 2792
f 2646 2792 2642
f 2800 2649 2795
f 2795 2649 2644
f 2801 2795 2797
f 2800 2795 2801
f 2652 2801 2651
f 2801 2798 2651
f 2801 2797 2798
f 2651 2798 2647
f 2800 2654 2649
f 2654 2800 2657
f 2657 2800 2801
f 2657 2801 2652
f 2802 2666 2667
f 2668 2803 2667
f 2667 2803 2802
f 2669 2803 2668
f 2804 2671 2802
f 2802 2671 2666
f 2805 2802 2803
f 2804 2802 2805
f 2672 2806 2669
f 2806 2803 2669
f 2806 2805 2803
f 2673 2806 2672
f 2809 2808 2807
f 2674 2675 2807
f 2675 2809 2807
f 2675 2810 2809
f 2811 2675 2676
f 2811 2810 2675
f 2676 2677 2811
f 2811 2677 2812
f 2813 2679 2804
f 2804 2679 2671
f 2805 2815 2814
f 2813 2805 2814
f 2804 2805 2813
f 2815 2805 2806
f 2815 2806 2816
f 2806 2673 2816
f 2673 2817 2816
f 2673 2680 2817
f 2807 2808 2683
f 2808 2682 2683
f 2808 2818 2682
f 2807 2683 2674
f 2677 2684 2819
f 2820 2677 2819
f 2812 2677 2820
f 2685 2819 2684
f 2821 2686 2813
f 2813 2686 2679
f 2813 2814 2822
f 2813 2822 2821
f 2823 2817 2680
f 2823 2680 2687
f 2687 2688 2823
f 2823 2688 2824
f 2818 2690 2682
f 2825 2690 2818
f 2820 2819 2826
f 2820 2826 2827
f 2691 2826 2685
f 2685 2826 2819
f 2821 2692 2686
f 2694 2692 2821
f 2822 2694 2821
f 2828 2694 2822
f 2695 2824 2688
f 2695 2829 2824
f 2825 2830 2690
f 2690 2830 2696
f 2697 2696 2830
f 2697 2830 2831
f 2827 2826 2699
f 2700 2827 2699
f 2832 2827 2700
f 2699 2826 2691
f 2828 2701 2694
f 2833 2701 2828
f 2834 2829 2695
f 2834 2695 2702
f 2702 2703 2834
f 2834 2703 2835
f 2831 2836 2697
f 2697 2836 2704
f 2704 2837 2706
f 2836 2837 2704
f 2700 2706 2832
f 2832 2706 2837
f 2833 2838 2701
f 2701 2838 2707
f 2708 2707 2838
f 2708 2838 2839
f 2709 2841 2840
f 2835 2709 2840
f 2703 2709 2835
f 2841 2842 2840
f 2839 2710 2708
f 2843 2710 2839
f 2711 2841 2709
f 2711 2713 2841
f 2713 2842 2841
f 2713 2844 2842
f 2843 2845 2710
f 2710 2845 2714
f 2716 2714 2845
f 2716 2845 2846
f 2847 2844 2713
f 2847 2713 2718
f 2718 2720 2847
f 2847 2720 2848
f 2846 2722 2716
f 2849 2722 2846
f 2850 2848 2720
f 2850 2720 2724
f 2851 2724 2725
f 2851 2850 2724
f 2853 2851 2852
f 2851 2726 2852
f 2851 2725 2726
f 2727 2854 2726
f 2726 2854 2852
f 2729 2854 2727
f 2849 2855 2722
f 2722 2855 2730
f 2732 2730 2855
f 2732 2855 2856
f 2853 2852 2857
f 2853 2857 2858
f 2859 2852 2854
f 2857 2852 2859
f 2734 2859 2729
f 2729 2859 2854
f 2856 2736 2732
f 2860 2736 2856
f 2858 2857 2861
f 2858 2861 2862
f 2863 2857 2859
f 2861 2857 2863
f 2738 2863 2734
f 2734 2863 2859
f 2860 2864 2736
f 2736 2864 2739
f 2741 2739 2864
f 2741 2864 2865
f 2862 2861 2866
f 2862 2866 2867
f 2744 2866 2743
f 2866 2863 2743
f 2866 2861 2863
f 2743 2863 2738
f 2865 2868 2741
f 2741 2868 2745
f 2745 2869 2746
f 2868 2869 2745
f 2746 2870 2747
f 2869 2870 2746
f 2747 2871 2748
f 2870 2871 2747
f 2866 2749 2867
f 2749 2871 2867
f 2749 2748 2871
f 2749 2866 2744
f 2874 2873 2872
f 2872 2875 2874
f 2878 2877 2876
f 2878 2876 2873
f 2876 2872 2873
f 2876 2879 2872
f 2875 2872 2880
f 2880 2872 2879
f 2876 2877 2752
f 2877 2751 2752
f 2877 2881 2751
f 2876 2752 2753
f 2876 2753 2879
f 2753 2755 2879
f 2755 2880 2879
f 2755 2882 2880
f 2884 2883 2758
f 2758 2883 2757
f 2758 2751 2881
f 2758 2881 2884
f 2761 2882 2755
f 2761 2885 2882
f 2883 2762 2757
f 2886 2762 2883
f 2764 2885 2761
f 2764 2887 2885
f 2886 2765 2762
f 2888 2765 2886
f 2767 2887 2764
f 2767 2889 2887
f 2891 2890 2769
f 2769 2890 2768
f 2769 2765 2888
f 2769 2888 2891
f 2770 2892 2772
f 2892 2893 2772
f 2893 2767 2772
f 2893 2889 2767
f 2890 2773 2768
f 2894 2773 2890
f 2774 2892 2770
f 2774 2775 2892
f 2775 2895 2892
f 2895 2893 2892
f 2775 2896 2895
f 2776 2896 2775
f 2894 2778 2773
f 2897 2778 2894
f 2895 2896 2898
f 2895 2898 2899
f 2779 2898 2776
f 2776 2898 2896
f 2897 2781 2778
f 2900 2781 2897
f 2903 2902 2901
f 2905 2904 2901
f 2905 2901 2902
f 2904 2905 2899
f 2904 2899 2898
f 2783 2904 2898
f 2782 2783 2898
f 2782 2898 2779
f 2906 2784 2785
f 2781 2900 2907
f 2906 2781 2907
f 2908 2906 2907
f 2785 2781 2906
f 2910 2909 2908
f 2910 2908 2907
f 2909 2910 2903
f 2901 2909 2903
f 2911 2909 2901
f 2788 2911 2787
f 2911 2904 2787
f 2911 2901 2904
f 2787 2904 2783
f 2906 2789 2784
f 2789 2906 2791
f 2906 2912 2791
f 2906 2908 2912
f 2913 2908 2909
f 2912 2908 2913
f 2794 2913 2793
f 2913 2911 2793
f 2913 2909 2911
f 2793 2911 2788
f 2912 2796 2791
f 2796 2912 2799
f 2799 2912 2913
f 2799 2913 2794
f 2916 2915 2914
f 2914 2917 2916
f 2919 2918 2809
f 2809 2918 2808
f 2810 2914 2915
f 2919 2810 2915
f 2809 2810 2919
f 2920 2917 2914
f 2810 2920 2914
f 2811 2920 2810
f 2811 2812 2920
f 2920 2812 2921
f 2922 2814 2815
f 2816 2923 2815
f 2815 2923 2922
f 2817 2923 2816
f 2918 2818 2808
f 2924 2818 2918
f 2820 2921 2812
f 2820 2925 2921
f 2926 2822 2922
f 2922 2822 2814
f 2927 2922 2923
f 2926 2922 2927
f 2823 2928 2817
f 2928 2923 2817
f 2928 2927 2923
f 2824 2928 2823
f 2924 2825 2818
f 2929 2825 2924
f 2827 2925 2820
f 2827 2930 2925
f 2931 2828 2926
f 2926 2828 2822
f 2927 2933 2932
f 2931 2927 2932
f 2926 2927 2931
f 2933 2927 2928
f 2933 2928 2934
f 2928 2824 2934
f 2824 2935 2934
f 2824 2829 2935
f 2929 2936 2825
f 2825 2936 2830
f 2831 2830 2936
f 2831 2936 2937
f 2832 2930 2827
f 2832 2938 2930
f 2939 2833 2931
f 2931 2833 2828
f 2931 2932 2940
f 2931 2940 2939
f 2941 2935 2829
f 2941 2829 2834
f 2834 2835 2941
f 2941 2835 2942
f 2937 2943 2831
f 2831 2943 2836
f 2836 2944 2837
f 2943 2944 2836
f 2832 2837 2938
f 2938 2837 2944
f 2939 2838 2833
f 2839 2838 2939
f 2940 2839 2939
f 2945 2839 2940
f 2946 2942 2835
f 2946 2835 2840
f 2840 2842 2946
f 2946 2842 2947
f 2945 2843 2839
f 2948 2843 2945
f 2844 2947 2842
f 2844 2949 2947
f 2948 2950 2843
f 2843 2950 2845
f 2846 2845 2950
f 2846 2950 2951
f 2844 2847 2952
f 2953 2844 2952
f 2949 2844 2953
f 2848 2952 2847
f 2951 2849 2846
f 2954 2849 2951
f 2955 2953 2952
f 2957 2955 2956
f 2956 2955 2850
f 2955 2952 2850
f 2952 2848 2850
f 2851 2958 2850
f 2850 2958 2956
f 2853 2958 2851
f 2954 2959 2849
f 2849 2959 2855
f 2856 2855 2959
f 2856 2959 2960
f 2961 2957 2956
f 2963 2962 2961
f 2956 2963 2961
f 2958 2963 2956
f 2858 2963 2853
f 2853 2963 2958
f 2960 2860 2856
f 2964 2860 2960
f 2962 2963 2965
f 2962 2965 2966
f 2862 2965 2858
f 2858 2965 2963
f 2964 2967 2860
f 2860 2967 2864
f 2969 2968 2865
f 2864 2969 2865
f 2967 2969 2864
f 2971 2970 2968
f 2971 2968 2969
f 2973 2972 2970
f 2973 2970 2971
f 2972 2973 2966
f 2965 2972 2966
f 2974 2972 2965
f 2867 2974 2862
f 2862 2974 2965
f 2968 2868 2865
f 2868 2968 2869
f 2869 2968 2970
f 2869 2970 2870
f 2870 2970 2972
f 2870 2972 2871
f 2871 2972 2974
f 2871 2974 2867
f 2977 2976 2975
f 2979 2978 2975
f 2975 2978 2977
f 2979 2980 2978
f 2983 2982 2981
f 2983 2981 2976
f 2976 2981 2975
f 2981 2873 2975
f 2873 2874 2975
f 2975 2874 2875
f 2984 2975 2875
f 2979 2975 2984
f 2980 2979 2985
f 2985 2979 2984
f 2981 2982 2878
f 2982 2877 2878
f 2982 2986 2877
f 2981 2878 2873
f 2880 2987 2984
f 2880 2984 2875
f 2985 2984 2988
f 2988 2984 2987
f 2986 2881 2877
f 2989 2881 2986
f 2882 2990 2987
f 2882 2987 2880
f 2988 2987 2991
f 2991 2987 2990
f 2993 2992 2884
f 2884 2992 2883
f 2884 2881 2989
f 2884 2989 2993
f 2885 2994 2990
f 2885 2990 2882
f 2991 2990 2995
f 2995 2990 2994
f 2992 2886 2883
f 2996 2886 2992
f 2998 2997 2994
f 2885 2998 2994
f 2887 2998 2885
f 2994 2997 2995
f 2996 2888 2886
f 2999 2888 2996
f 2889 2998 2887
f 2889 3000 2998
f 3001 2890 2891
f 3002 3001 2891
f 2888 3002 2891
f 2999 3002 2888
f 2893 3000 2889
f 2893 3003 3000
f 3004 2894 3001
f 3001 2894 2890
f 3001 3002 3005
f 3001 3005 3004
f 3008 3007 3006
f 3007 3003 3006
f 3003 2895 3006
f 3003 2893 2895
f 3009 2897 3004
f 3004 2897 2894
f 3004 3005 3010
f 3004 3010 3009
f 3013 3012 3011
f 3011 3012 3008
f 3006 3011 3008
f 3014 3011 3006
f 2899 3014 2895
f 2895 3014 3006
f 3015 2900 3009
f 3009 2900 2897
f 3009 3010 3016
f 3017 3009 3016
f 3015 3009 3017
f 3017 3016 3013
f 3017 3013 3011
f 2903 3017 3011
f 2902 2903 3011
f 2902 3011 2905
f 2905 3011 3014
f 2905 3014 2899
f 3015 2907 2900
f 2907 3015 2910
f 2910 3015 3017
f 2910 3017 2903
f 3020 3019 3018
f 2915 2916 3018
f 2916 3020 3018
f 2916 3021 3020
f 2916 2917 3021
f 3021 2917 3022
f 3018 3019 2919
f 3019 2918 2919
f 3019 3023 2918
f 3018 2919 2915
f 3024 3022 2917
f 3024 2917 2920
f 2920 2921 3024
f 3024 2921 3025
f 3023 2924 2918
f 3026 2924 3023
f 2925 3025 2921
f 2925 3027 3025
f 3026 2929 2924
f 3028 2929 3026
f 2930 3027 2925
f 2930 3029 3027
f 3030 2932 2933
f 2934 3031 2933
f 2933 3031 3030
f 2935 3031 2934
f 3028 3032 2929
f 2929 3032 2936
f 2937 2936 3032
f 2937 3032 3033
f 3036 3035 3034
f 3035 3029 3034
f 3029 2938 3034
f 3029 2930 2938
f 3037 2940 3030
f 3030 2940 2932
f 3038 3030 3031
f 3037 3030 3038
f 2941 3039 2935
f 3039 3031 2935
f 3039 3038 3031
f 2942 3039 2941
f 3033 3040 2937
f 2937 3040 2943
f 3034 2944 3036
f 2944 3040 3036
f 2944 2943 3040
f 2944 3034 2938
f 3041 2945 3037
f 3037 2945 2940
f 3038 3043 3042
f 3041 3038 3042
f 3037 3038 3041
f 3043 3038 3039
f 3043 3039 3044
f 3046 3044 3045
f 3045 3044 2946
f 3044 3039 2946
f 3039 2942 2946
f 2947 3045 2946
f 3047 2948 3041
f 3041 2948 2945
f 3041 3042 3048
f 3041 3048 3047
f 3049 3046 3045
f 3045 2947 3049
f 2947 3050 3049
f 2947 2949 3050
f 3047 2950 2948
f 2951 2950 3047
f 3048 2951 3047
f 3051 2951 3048
f 2953 3050 2949
f 2953 3052 3050
f 3054 2954 3053
f 2954 3051 3053
f 2954 2951 3051
f 3055 3054 3053
f 2953 2955 3056
f 3057 2953 3056
f 3052 2953 3057
f 2957 3056 2955
f 3054 2959 2954
f 2960 2959 3054
f 3055 2960 3054
f 3058 2960 3055
f 3057 3056 3059
f 3057 3059 3060
f 2961 3061 2957
f 3061 3056 2957
f 3061 3059 3056
f 2962 3061 2961
f 3063 2964 3062
f 2964 3058 3062
f 2964 2960 3058
f 3064 3063 3062
f 3060 3059 3065
f 3060 3065 3066
f 3067 3059 3061
f 3065 3059 3067
f 2966 3067 2962
f 2962 3067 3061
f 3063 2967 2964
f 3064 3068 3063
f 3068 2967 3063
f 3068 2969 2967
f 3065 2971 3066
f 2971 3068 3066
f 2971 2969 3068
f 2971 3065 2973
f 2973 3065 3067
f 2973 3067 2966
f 3071 3070 3069
f 3073 3072 3069
f 3069 3072 3071
f 3075 3074 3073
f 3073 3074 3072
f 3075 3076 3074
f 3069 3070 2977
f 3070 2976 2977
f 3070 3077 2976
f 3069 2977 2978
f 3069 2978 3073
f 3073 2978 2980
f 3078 3073 2980
f 3075 3073 3078
f 3076 3075 3079
f 3079 3075 3078
f 3081 3080 2983
f 2983 3080 2982
f 2983 2976 3077
f 2983 3077 3081
f 2985 3082 3078
f 2985 3078 2980
f 3079 3078 3083
f 3083 3078 3082
f 3080 2986 2982
f 3084 2986 3080
f 3086 3085 3082
f 2985 3086 3082
f 2988 3086 2985
f 3082 3085 3083
f 3084 2989 2986
f 3087 2989 3084
f 2991 3086 2988
f 2991 3088 3086
f 3090 3089 2993
f 2993 3089 2992
f 2993 2989 3087
f 2993 3087 3090
f 2995 3088 2991
f 2995 3091 3088
f 3089 2996 2992
f 3092 2996 3089
f 3094 3093 2997
f 3094 2997 2998
f 2995 2997 3091
f 3091 2997 3093
f 3092 2999 2996
f 3095 2999 3092
f 3000 3094 2998
f 3000 3096 3094
f 3098 3002 3097
f 3002 3095 3097
f 3002 2999 3095
f 3099 3098 3097
f 3102 3101 3100
f 3101 3096 3100
f 3096 3003 3100
f 3096 3000 3003
f 3103 3005 3098
f 3098 3005 3002
f 3098 3099 3104
f 3105 3098 3104
f 3103 3098 3105
f 3105 3104 3102
f 3105 3102 3100
f 3008 3105 3100
f 3007 3008 3100
f 3007 3100 3003
f 3106 3010 3103
f 3103 3010 3005
f 3013 3106 3012
f 3106 3105 3012
f 3106 3103 3105
f 3012 3105 3008
f 3106 3016 3010
f 3016 3106 3013
f 3108 3107 3020
f 3020 3107 3019
f 3109 3020 3021
f 3109 3108 3020
f 3021 3022 3109
f 3109 3022 3110
f 3107 3023 3019
f 3111 3023 3107
f 3112 3110 3022
f 3112 3022 3024
f 3024 3025 3112
f 3112 3025 3113
f 3111 3026 3023
f 3114 3026 3111
f 3027 3113 3025
f 3027 3115 3113
f 3114 3028 3026
f 3116 3028 3114
f 3029 3115 3027
f 3029 3117 3115
f 3116 3118 3028
f 3028 3118 3032
f 3033 3032 3118
f 3033 3118 3119
f 3121 3120 3035
f 3121 3035 3036
f 3029 3035 3117
f 3117 3035 3120
f 3119 3122 3033
f 3033 3122 3040
f 3036 3040 3121
f 3121 3040 3122
f 3123 3042 3043
f 3044 3124 3043
f 3043 3124 3123
f 3046 3124 3044
f 3125 3048 3123
f 3123 3048 3042
f 3126 3123 3124
f 3125 3123 3126
f 3049 3127 3046
f 3127 3124 3046
f 3127 3126 3124
f 3050 3127 3049
f 3128 3051 3125
f 3125 3051 3048
f 3129 3125 3126
f 3128 3125 3129
f 3130 3126 3127
f 3129 3126 3130
f 3052 3130 3050
f 3050 3130 3127
f 3128 3053 3051
f 3053 3128 3055
f 3128 3131 3055
f 3128 3129 3131
f 3132 3129 3130
f 3131 3129 3132
f 3057 3132 3052
f 3052 3132 3130
f 3133 3058 3131
f 3131 3058 3055
f 3134 3131 3132
f 3133 3131 3134
f 3060 3134 3057
f 3057 3134 3132
f 3133 3062 3058
f 3062 3133 3064
f 3133 3135 3064
f 3133 3134 3135
f 3066 3135 3060
f 3060 3135 3134
f 3135 3068 3064
f 3068 3135 3066
f 3137 3136 3071
f 3071 3136 3070
f 3138 3071 3072
f 3138 3137 3071
f 3140 3138 3139
f 3138 3074 3139
f 3138 3072 3074
f 3076 3139 3074
f 3136 3077 3070
f 3141 3077 3136
f 3142 3140 3139
f 3139 3076 3142
f 3076 3143 3142
f 3076 3079 3143
f 3145 3144 3081
f 3081 3144 3080
f 3081 3077 3141
f 3081 3141 3145
f 3083 3143 3079
f 3083 3146 3143
f 3144 3084 3080
f 3147 3084 3144
f 3149 3148 3085
f 3149 3085 3086
f 3083 3085 3146
f 3146 3085 3148
f 3147 3087 3084
f 3150 3087 3147
f 3088 3149 3086
f 3088 3151 3149
f 3152 3089 3090
f 3153 3152 3090
f 3087 3153 3090
f 3150 3153 3087
f 3156 3155 3154
f 3155 3151 3154
f 3151 3091 3154
f 3151 3088 3091
f 3157 3092 3152
f 3152 3092 3089
f 3152 3153 3158
f 3152 3158 3157
f 3156 3154 3093
f 3094 3156 3093
f 3159 3156 3094
f 3093 3154 3091
f 3160 3095 3157
f 3157 3095 3092
f 3157 3158 3161
f 3162 3157 3161
f 3160 3157 3162
f 3164 3163 3162
f 3164 3162 3161
f 3164 3159 3163
f 3159 3096 3163
f 3159 3094 3096
f 3160 3097 3095
f 3097 3160 3099
f 3160 3165 3099
f 3160 3162 3165
f 3102 3165 3101
f 3165 3163 3101
f 3165 3162 3163
f 3101 3163 3096
f 3165 3104 3099
f 3104 3165 3102
f 3168 3167 3166
f 3170 3169 3166
f 3166 3169 3168
f 3170 3171 3169
f 3166 3167 3108
f 3167 3107 3108
f 3167 3172 3107
f 3166 3108 3109
f 3166 3109 3170
f 3109 3110 3170
f 3110 3171 3170
f 3110 3173 3171
f 3172 3111 3107
f 3174 3111 3172
f 3175 3173 3110
f 3175 3110 3112
f 3112 3113 3175
f 3175 3113 3176
f 3174 3114 3111
f 3177 3114 3174
f 3115 3176 3113
f 3115 3178 3176
f 3177 3116 3114
f 3179 3116 3177
f 3182 3181 3180
f 3181 3178 3180
f 3178 3117 3180
f 3178 3115 3117
f 3179 3183 3116
f 3116 3183 3118
f 3185 3184 3119
f 3118 3185 3119
f 3183 3185 3118
f 3184 3185 3182
f 3184 3182 3180
f 3121 3184 3180
f 3120 3121 3180
f 3120 3180 3117
f 3184 3122 3119
f 3122 3184 3121
f 3187 3186 3137
f 3137 3186 3136
f 3189 3187 3188
f 3187 3138 3188
f 3187 3137 3138
f 3140 3188 3138
f 3186 3141 3136
f 3190 3141 3186
f 3191 3189 3188
f 3191 3188 3140
f 3142 3191 3140
f 3192 3191 3142
f 3142 3143 3192
f 3192 3143 3193
f 3194 3144 3145
f 3195 3194 3145
f 3141 3195 3145
f 3190 3195 3141
f 3146 3193 3143
f 3146 3196 3193
f 3197 3147 3194
f 3194 3147 3144
f 3194 3195 3198
f 3194 3198 3197
f 3200 3199 3148
f 3200 3148 3149
f 3146 3148 3196
f 3196 3148 3199
f 3201 3150 3197
f 3197 3150 3147
f 3197 3198 3202
f 3197 3202 3201
f 3151 3200 3149
f 3151 3203 3200
f 3204 3153 3201
f 3201 3153 3150
f 3201 3202 3205
f 3206 3201 3205
f 3204 3201 3206
f 3155 3156 3206
f 3205 3155 3206
f 3207 3155 3205
f 3151 3155 3203
f 3203 3155 3207
f 3208 3158 3204
f 3204 3158 3153
f 3209 3204 3206
f 3208 3204 3209
f 3159 3209 3156
f 3156 3209 3206
f 3208 3161 3158
f 3161 3208 3164
f 3164 3208 3209
f 3164 3209 3159
f 3211 3210 3168
f 3168 3210 3167
f 3212 3168 3169
f 3212 3211 3168
f 3169 3171 3212
f 3212 3171 3213
f 3210 3172 3167
f 3214 3172 3210
f 3173 3213 3171
f 3173 3215 3213
f 3214 3174 3172
f 3216 3174 3214
f 3173 3175 3217
f 3218 3173 3217
f 3215 3173 3218
f 3176 3217 3175
f 3216 3177 3174
f 3219 3177 3216
f 3218 3217 3220
f 3218 3220 3221
f 3178 3220 3176
f 3176 3220 3217
f 3219 3179 3177
f 3222 3179 3219
f 3221 3220 3181
f 3182 3221 3181
f 3223 3221 3182
f 3181 3220 3178
f 3222 3224 3179
f 3179 3224 3183
f 3183 3225 3185
f 3224 3225 3183
f 3182 3185 3223
f 3223 3185 3225
f 3226 3186 3187
f 3189 3226 3187
f 3228 3227 3226
f 3227 3186 3226
f 3227 3190 3186
f 3228 3226 3189
f 3191 3228 3189
f 3229 3228 3191
f 3231 3229 3230
f 3229 3192 3230
f 3229 3191 3192
f 3193 3230 3192
f 3227 3195 3190
f 3232 3195 3227
f 3231 3230 3233
f 3231 3233 3234
f 3196 3233 3193
f 3193 3233 3230
f 3236 3198 3235
f 3198 3232 3235
f 3198 3195 3232
f 3238 3237 3236
f 3238 3236 3235
f 3237 3238 3234
f 3237 3234 3233
f 3200 3237 3233
f 3199 3200 3233
f 3199 3233 3196
f 3239 3202 3236
f 3236 3202 3198
f 3240 3236 3237
f 3239 3236 3240
f 3203 3240 3200
f 3200 3240 3237
f 3239 3205 3202
f 3205 3239 3207
f 3207 3239 3240
f 3207 3240 3203
f 3243 3242 3241
f 3245 3244 3241
f 3241 3244 3243
f 3245 3246 3244
f 3241 3242 3211
f 3242 3210 3211
f 3242 3247 3210
f 3241 3211 3212
f 3241 3212 3245
f 3212 3213 3245
f 3213 3246 3245
f 3213 3248 3246
f 3247 3214 3210
f 3249 3214 3247
f 3215 3248 3213
f 3215 3250 3248
f 3249 3216 3214
f 3251 3216 3249
f 3218 3250 3215
f 3218 3252 3250
f 3251 3219 3216
f 3253 3219 3251
f 3221 3252 3218
f 3221 3254 3252
f 3256 3222 3255
f 3222 3253 3255
f 3222 3219 3253
f 3258 3257 3256
f 3258 3256 3255
f 3258 3254 3257
f 3254 3223 3257
f 3254 3221 3223
f 3256 3224 3222
f 3224 3256 3225
f 3225 3256 3257
f 3225 3257 3223
f 3259 3227 3228
f 3229 3260 3228
f 3228 3260 3259
f 3231 3260 3229
f 3261 3232 3259
f 3259 3232 3227
f 3262 3259 3260
f 3261 3259 3262
f 3234 3262 3231
f 3231 3262 3260
f 3261 3235 3232
f 3235 3261 3238
f 3238 3261 3262
f 3238 3262 3234
f 3265 3264 3263
f 3267 3266 3263
f 3263 3266 3265
f 3267 3268 3266
f 3263 3264 3243
f 3264 3242 3243
f 3264 3269 3242
f 3263 3243 3244
f 3263 3244 3267
f 3244 3246 3267
f 3246 3268 3267
f 3246 3270 3268
f 3269 3247 3242
f 3271 3247 3269
f 3248 3270 3246
f 3248 3272 3270
f 3271 3249 3247
f 3273 3249 3271
f 3250 3272 3248
f 3250 3274 3272
f 3273 3251 3249
f 3275 3251 3273
f 3252 3274 3250
f 3252 3276 3274
f 3275 3253 3251
f 3277 3253 3275
f 3254 3276 3252
f 3254 3278 3276
f 3277 3279 3253
f 3253 3279 3255
f 3255 3280 3258
f 3279 3280 3255
f 3254 3258 3278
f 3278 3258 3280
f 3282 3281 3265
f 3265 3281 3264
f 3283 3265 3266
f 3283 3282 3265
f 3266 3268 3283
f 3283 3268 3284
f 3281 3269 3264
f 3285 3269 3281
f 3270 3284 3268
f 3270 3286 3284
f 3285 3271 3269
f 3287 3271 3285
f 3272 3286 3270
f 3272 3288 3286
f 3287 3273 3271
f 3289 3273 3287
f 3274 3288 3272
f 3274 3290 3288
f 3289 3275 3273
f 3291 3275 3289
f 3276 3290 3274
f 3276 3292 3290
f 3294 3277 3293
f 3277 3291 3293
f 3277 3275 3291
f 3296 3295 3294
f 3296 3294 3293
f 3296 3292 3295
f 3292 3278 3295
f 3292 3276 3278
f 3294 3279 3277
f 3279 3294 3280
f 3280 3294 3295
f 3280 3295 3278
f 3299 3298 3297
f 3301 3300 3297
f 3297 3300 3299
f 3301 3302 3300
f 3297 3298 3282
f 3298 3281 3282
f 3298 3303 3281
f 3297 3282 3283
f 3297 3283 3301
f 3283 3284 3301
f 3284 3302 3301
f 3284 3304 3302
f 3303 3285 3281
f 3305 3285 3303
f 3286 3304 3284
f 3286 3306 3304
f 3305 3287 3285
f 3307 3287 3305
f 3288 3306 3286
f 3288 3308 3306
f 3307 3289 3287
f 3309 3289 3307
f 3290 3308 3288
f 3290 3310 3308
f 3309 3291 3289
f 3311 3291 3309
f 3292 3310 3290
f 3292 3312 3310
f 3311 3313 3291
f 3291 3313 3293
f 3293 3314 3296
f 3313 3314 3293
f 3292 3296 3312
f 3312 3296 3314
f 3317 3316 3315
f 3319 3318 3315
f 3315 3318 3317
f 3319 3320 3318
f 3315 3316 3299
f 3316 3298 3299
f 3316 3321 3298
f 3315 3299 3300
f 3315 3300 3319
f 3300 3302 3319
f 3302 3320 3319
f 3302 3322 3320
f 3321 3303 3298
f 3323 3303 3321
f 3304 3322 3302
f 3304 3324 3322
f 3323 3305 3303
f 3325 3305 3323
f 3306 3324 3304
f 3306 3326 3324
f 3325 3307 3305
f 3327 3307 3325
f 3308 3326 3306
f 3308 3328 3326
f 3327 3309 3307
f 3329 3309 3327
f 3310 3328 3308
f 3310 3330 3328
f 3332 3311 3331
f 3311 3329 3331
f 3311 3309 3329
f 3334 3333 3332
f 3334 3332 3331
f 3334 3330 3333
f 3330 3312 3333
f 3330 3310 3312
f 3332 3313 3311
f 3313 3332 3314
f 3314 3332 3333
f 3314 3333 3312
f 3337 3336 3335
f 3339 3338 3335
f 3335 3338 3337
f 3339 3340 3338
f 3335 3336 3317
f 3336 3316 3317
f 3336 3341 3316
f 3335 3317 3318
f 3335 3318 3339
f 3318 3320 3339
f 3320 3340 3339
f 3320 3342 3340
f 3341 3321 3316
f 3343 3321 3341
f 3322 3342 3320
f 3322 3344 3342
f 3343 3323 3321
f 3345 3323 3343
f 3324 3344 3322
f 3324 3346 3344
f 3345 3325 3323
f 3347 3325 3345
f 3326 3346 3324
f 3326 3348 3346
f 3347 3327 3325
f 3349 3327 3347
f 3328 3348 3326
f 3328 3350 3348
f 3352 3329 3351
f 3329 3349 3351
f 3329 3327 3349
f 3354 3353 3352
f 3354 3352 3351
f 3354 3350 3353
f 3350 3330 3353
f 3350 3328 3330
f 3352 3331 3329
f 3331 3352 3334
f 3334 3352 3353
f 3334 3353 3330
f 3356 3355 3337
f 3337 3355 3336
f 3357 3337 3338
f 3357 3356 3337
f 3338 3340 3357
f 3357 3340 3358
f 3355 3341 3336
f 3359 3341 3355
f 3342 3358 3340
f 3342 3360 3358
f 3359 3343 3341
f 3361 3343 3359
f 3344 3360 3342
f 3344 3362 3360
f 3361 3345 3343
f 3363 3345 3361
f 3346 3362 3344
f 3346 3364 3362
f 3363 3347 3345
f 3365 3347 3363
f 3348 3364 3346
f 3348 3366 3364
f 3365 3349 3347
f 3367 3349 3365
f 3350 3366 3348
f 3350 3368 3366
f 3367 3369 3349
f 3349 3369 3351
f 3351 3370 3354
f 3369 3370 3351
f 3350 3354 3368
f 3368 3354 3370
f 3373 3372 3371
f 3375 3374 3371
f 3371 3374 3373
f 3375 3376 3374
f 3371 3372 3356
f 3372 3355 3356
f 3372 3377 3355
f 3371 3356 3357
f 3371 3357 3375
f 3357 3358 3375
f 3358 3376 3375
f 3358 3378 3376
f 3377 3359 3355
f 3379 3359 3377
f 3360 3378 3358
f 3360 3380 3378
f 3379 3361 3359
f 3381 3361 3379
f 3362 3380 3360
f 3362 3382 3380
f 3381 3363 3361
f 3383 3363 3381
f 3364 3382 3362
f 3364 3384 3382
f 3383 3365 3363
f 3385 3365 3383
f 3366 3384 3364
f 3366 3386 3384
f 3388 3367 3387
f 3367 3385 3387
f 3367 3365 3385
f 3390 3389 3388
f 3390 3388 3387
f 3390 3386 3389
f 3386 3368 3389
f 3386 3366 3368
f 3388 3369 3367
f 3369 3388 3370
f 3370 3388 3389
f 3370 3389 3368
f 3393 3392 3391
f 3395 3394 3391
f 3391 3394 3393
f 3395 3396 3394
f 3391 3392 3373
f 3392 3372 3373
f 3392 3397 3372
f 3391 3373 3374
f 3391 3374 3395
f 3374 3376 3395
f 3376 3396 3395
f 3376 3398 3396
f 3397 3377 3372
f 3399 3377 3397
f 3378 3398 3376
f 3378 3400 3398
f 3399 3379 3377
f 3401 3379 3399
f 3380 3400 3378
f 3380 3402 3400
f 3401 3381 3379
f 3403 3381 3401
f 3382 3402 3380
f 3382 3404 3402
f 3403 3383 3381
f 3405 3383 3403
f 3384 3404 3382
f 3384 3406 3404
f 3408 3385 3407
f 3385 3405 3407
f 3385 3383 3405
f 3410 3409 3408
f 3410 3408 3407
f 3410 3406 3409
f 3406 3386 3409
f 3406 3384 3386
f 3408 3387 3385
f 3387 3408 3390
f 3390 3408 3409
f 3390 3409 3386
f 3413 3412 3411
f 3415 3414 3411
f 3411 3414 3413
f 3415 3416 3414
f 3411 3412 3393
f 3412 3392 3393
f 3412 3417 3392
f 3411 3393 3394
f 3411 3394 3415
f 3394 3396 3415
f 3396 3416 3415
f 3396 3418 3416
f 3417 3397 3392
f 3419 3397 3417
f 3398 3418 3396
f 3398 3420 3418
f 3419 3399 3397
f 3421 3399 3419
f 3400 3420 3398
f 3400 3422 3420
f 3421 3401 3399
f 3423 3401 3421
f 3402 3422 3400
f 3402 3424 3422
f 3423 3403 3401
f 3425 3403 3423
f 3404 3424 3402
f 3404 3426 3424
f 3428 3405 3427
f 3405 3425 3427
f 3405 3403 3425
f 3430 3429 3428
f 3430 3428 3427
f 3430 3426 3429
f 3426 3406 3429
f 3426 3404 3406
f 3428 3407 3405
f 3407 3428 3410
f 3410 3428 3429
f 3410 3429 3406
f 3432 3431 3413
f 3413 3431 3412
f 3433 3413 3414
f 3433 3432 3413
f 3414 3416 3433
f 3433 3416 3434
f 3431 3417 3412
f 3435 3417 3431
f 3418 3434 3416
f 3418 3436 3434
f 3435 3419 3417
f 3437 3419 3435
f 3420 3436 3418
f 3420 3438 3436
f 3437 3421 3419
f 3439 3421 3437
f 3422 3438 3420
f 3422 3440 3438
f 3439 3423 3421
f 3441 3423 3439
f 3424 3440 3422
f 3424 3442 3440
f 3441 3425 3423
f 3443 3425 3441
f 3426 3442 3424
f 3426 3444 3442
f 3443 3445 3425
f 3425 3445 3427
f 3427 3446 3430
f 3445 3446 3427
f 3426 3430 3444
f 3444 3430 3446
f 3449 3448 3447
f 3451 3450 3447
f 3447 3450 3449
f 3451 3452 3450
f 3447 3448 3432
f 3448 3431 3432
f 3448 3453 3431
f 3447 3432 3433
f 3447 3433 3451
f 3433 3434 3451
f 3434 3452 3451
f 3434 3454 3452
f 3453 3435 3431
f 3455 3435 3453
f 3436 3454 3434
f 3436 3456 3454
f 3455 3437 3435
f 3457 3437 3455
f 3438 3456 3436
f 3438 3458 3456
f 3457 3439 3437
f 3459 3439 3457
f 3440 3458 3438
f 3440 3460 3458
f 3459 3441 3439
f 3461 3441 3459
f 3442 3460 3440
f 3442 3462 3460
f 3464 3443 3463
f 3443 3461 3463
f 3443 3441 3461
f 3466 3465 3464
f 3466 3464 3463
f 3466 3462 3465
f 3462 3444 3465
f 3462 3442 3444
f 3464 3445 3443
f 3445 3464 3446
f 3446 3464 3465
f 3446 3465 3444
f 3469 3468 3467
f 3471 3470 3467
f 3467 3470 3469
f 3471 3472 3470
f 3467 3468 3449
f 3468 3448 3449
f 3468 3473 3448
f 3467 3449 3450
f 3467 3450 3471
f 3450 3452 3471
f 3452 3472 3471
f 3452 3474 3472
f 3473 3453 3448
f 3475 3453 3473
f 3454 3474 3452
f 3454 3476 3474
f 3475 3455 3453
f 3477 3455 3475
f 3456 3476 3454
f 3456 3478 3476
f 3477 3457 3455
f 3479 3457 3477
f 3458 3478 3456
f 3458 3480 3478
f 3479 3459 3457
f 3481 3459 3479
f 3460 3480 3458
f 3460 3482 3480
f 3484 3461 3483
f 3461 3481 3483
f 3461 3459 3481
f 3486 3485 3484
f 3486 3484 3483
f 3486 3482 3485
f 3482 3462 3485
f 3482 3460 3462
f 3484 3463 3461
f 3463 3484 3466
f 3466 3484 3485
f 3466 3485 3462
f 3489 3488 3487
f 3491 3490 3487
f 3487 3490 3489
f 3491 3492 3490
f 3487 3488 3469
f 3488 3468 3469
f 3488 3493 3468
f 3487 3469 3470
f 3487 3470 3491
f 3470 3472 3491
f 3472 3492 3491
f 3472 3494 3492
f 3493 3473 3468
f 3495 3473 3493
f 3474 3494 3472
f 3474 3496 3494
f 3495 3475 3473
f 3497 3475 3495
f 3476 3496 3474
f 3476 3498 3496
f 3497 3477 3475
f 3499 3477 3497
f 3478 3498 3476
f 3478 3500 3498
f 3499 3479 3477
f 3501 3479 3499
f 3480 3500 3478
f 3480 3502 3500
f 3504 3481 3503
f 3481 3501 3503
f 3481 3479 3501
f 3506 3505 3504
f 3506 3504 3503
f 3506 3502 3505
f 3502 3482 3505
f 3502 3480 3482
f 3504 3483 3481
f 3483 3504 3486
f 3486 3504 3505
f 3486 3505 3482
f 3509 3508 3507
f 3511 3510 3507
f 3507 3510 3509
f 3511 3512 3510
f 3507 3508 3489
f 3508 3488 3489
f 3508 3513 3488
f 3507 3489 3490
f 3507 3490 3511
f 3490 3492 3511
f 3492 3512 3511
f 3492 3514 3512
f 3513 3493 3488
f 3515 3493 3513
f 3494 3514 3492
f 3494 3516 3514
f 3515 3495 3493
f 3517 3495 3515
f 3496 3516 3494
f 3496 3518 3516
f 3517 3497 3495
f 3519 3497 3517
f 3498 3518 3496
f 3498 3520 3518
f 3519 3499 3497
f 3521 3499 3519
f 3500 3520 3498
f 3500 3522 3520
f 3524 3501 3523
f 3501 3521 3523
f 3501 3499 3521
f 3526 3525 3524
f 3526 3524 3523
f 3526 3522 3525
f 3522 3502 3525
f 3522 3500 3502
f 3524 3503 3501
f 3503 3524 3506
f 3506 3524 3525
f 3506 3525 3502
f 3529 3528 3527
f 3531 3530 3527
f 3527 3530 3529
f 3531 3532 3530
f 3527 3528 3509
f 3528 3508 3509
f 3528 3533 3508
f 3527 3509 3510
f 3527 3510 3531
f 3510 3512 3531
f 3512 3532 3531
f 3512 3534 3532
f 3533 3513 3508
f 3535 3513 3533
f 3514 3534 3512
f 3514 3536 3534
f 3535 3515 3513
f 3537 3515 3535
f 3516 3536 3514
f 3516 3538 3536
f 3537 3517 3515
f 3539 3517 3537
f 3518 3538 3516
f 3518 3540 3538
f 3539 3519 3517
f 3541 3519 3539
f 3520 3540 3518
f 3520 3542 3540
f 3544 3521 3543
f 3521 3541 3543
f 3521 3519 3541
f 3546 3545 3544
f 3546 3544 3543
f 3546 3542 3545
f 3542 3522 3545
f 3542 3520 3522
f 3544 3523 3521
f 3523 3544 3526
f 3526 3544 3545
f 3526 3545 3522
f 3549 3548 3547
f 3551 3550 3547
f 3547 3550 3549
f 3551 3552 3550
f 3548 3553 3547
f 3547 3553 3551
f 3551 3553 3554
f 3551 3554 3552
f 3557 3556 3555
f 3559 3558 3555
f 3555 3558 3557
f 3559 3560 3558
f 3555 3556 3561
f 3561 3556 3562
f 3555 3563 3559
f 3555 3561 3563
f 3560 3559 3564
f 3564 3559 3563
f 3561 3562 3529
f 3562 3528 3529
f 3562 3565 3528
f 3561 3529 3530
f 3561 3530 3563
f 3530 3532 3563
f 3532 3564 3563
f 3532 3566 3564
f 3565 3533 3528
f 3567 3533 3565
f 3534 3566 3532
f 3534 3568 3566
f 3567 3535 3533
f 3569 3535 3567
f 3536 3568 3534
f 3536 3570 3568
f 3569 3537 3535
f 3571 3537 3569
f 3538 3570 3536
f 3538 3572 3570
f 3571 3539 3537
f 3573 3539 3571
f 3540 3572 3538
f 3540 3574 3572
f 3573 3541 3539
f 3575 3541 3573
f 3578 3577 3576
f 3577 3574 3576
f 3574 3542 3576
f 3574 3540 3542
f 3575 3579 3541
f 3541 3579 3543
f 3576 3546 3578
f 3546 3579 3578
f 3546 3543 3579
f 3546 3576 3542
f 3582 3581 3580
f 3584 3583 3580
f 3580 3583 3582
f 3584 3585 3583
f 3580 3581 3549
f 3581 3548 3549
f 3581 3586 3548
f 3580 3549 3550
f 3580 3550 3584
f 3550 3552 3584
f 3552 3585 3584
f 3552 3587 3585
f 3553 3548 3588
f 3548 3589 3588
f 3548 3586 3589
f 3590 3554 3553
f 3590 3553 3588
f 3590 3591 3554
f 3591 3552 3554
f 3591 3587 3552
f 3589 3592 3588
f 3588 3592 3590
f 3590 3592 3593
f 3590 3593 3591
f 3596 3595 3594
f 3598 3597 3594
f 3594 3597 3596
f 3598 3599 3597
f 3594 3595 3600
f 3600 3595 3601
f 3594 3602 3598
f 3594 3600 3602
f 3599 3598 3603
f 3603 3598 3602
f 3600 3601 3557
f 3601 3556 3557
f 3601 3604 3556
f 3600 3557 3558
f 3600 3558 3602
f 3558 3560 3602
f 3560 3603 3602
f 3560 3605 3603
f 3604 3562 3556
f 3606 3562 3604
f 3564 3605 3560
f 3564 3607 3605
f 3606 3565 3562
f 3608 3565 3606
f 3566 3607 3564
f 3566 3609 3607
f 3608 3567 3565
f 3610 3567 3608
f 3568 3609 3566
f 3568 3611 3609
f 3610 3569 3567
f 3612 3569 3610
f 3570 3611 3568
f 3570 3613 3611
f 3612 3571 3569
f 3614 3571 3612
f 3572 3613 3570
f 3572 3615 3613
f 3617 3573 3616
f 3573 3614 3616
f 3573 3571 3614
f 3619 3618 3617
f 3619 3617 3616
f 3619 3615 3618
f 3615 3574 3618
f 3615 3572 3574
f 3620 3575 3617
f 3617 3575 3573
f 3578 3620 3577
f 3620 3618 3577
f 3620 3617 3618
f 3577 3618 3574
f 3620 3579 3575
f 3579 3620 3578
f 3623 3622 3621
f 3625 3624 3621
f 3621 3624 3623
f 3625 3626 3624
f 3621 3622 3582
f 3622 3581 3582
f 3622 3627 3581
f 3621 3582 3583
f 3621 3583 3625
f 3583 3585 3625
f 3585 3626 3625
f 3585 3628 3626
f 3627 3586 3581
f 3629 3586 3627
f 3587 3628 3585
f 3587 3630 3628
f 3629 3589 3586
f 3631 3589 3629
f 3591 3630 3587
f 3591 3632 3630
f 3631 3633 3589
f 3589 3633 3592
f 3592 3634 3593
f 3633 3634 3592
f 3591 3593 3632
f 3632 3593 3634
f 3637 3636 3635
f 3639 3638 3635
f 3635 3638 3637
f 3639 3640 3638
f 3635 3636 3641
f 3641 3636 3642
f 3635 3643 3639
f 3635 3641 3643
f 3640 3639 3644
f 3644 3639 3643
f 3641 3642 3645
f 3645 3642 3646
f 3641 3647 3643
f 3641 3645 3647
f 3644 3643 3648
f 3648 3643 3647
f 3645 3646 3596
f 3646 3595 3596
f 3646 3649 3595
f 3645 3596 3597
f 3645 3597 3647
f 3597 3599 3647
f 3599 3648 3647
f 3599 3650 3648
f 3649 3601 3595
f 3651 3601 3649
f 3603 3650 3599
f 3603 3652 3650
f 3651 3604 3601
f 3653 3604 3651
f 3605 3652 3603
f 3605 3654 3652
f 3653 3606 3604
f 3655 3606 3653
f 3607 3654 3605
f 3607 3656 3654
f 3655 3608 3606
f 3657 3608 3655
f 3609 3656 3607
f 3609 3658 3656
f 3657 3610 3608
f 3659 3610 3657
f 3611 3658 3609
f 3611 3660 3658
f 3659 3612 3610
f 3661 3612 3659
f 3613 3660 3611
f 3613 3662 3660
f 3664 3614 3663
f 3614 3661 3663
f 3614 3612 3661
f 3666 3665 3664
f 3666 3664 3663
f 3666 3662 3665
f 3662 3615 3665
f 3662 3613 3615
f 3664 3616 3614
f 3616 3664 3619
f 3619 3664 3665
f 3619 3665 3615
f 3669 3668 3667
f 3671 3670 3667
f 3667 3670 3669
f 3671 3672 3670
f 3667 3668 3623
f 3668 3622 3623
f 3668 3673 3622
f 3667 3623 3624
f 3667 3624 3671
f 3624 3626 3671
f 3626 3672 3671
f 3626 3674 3672
f 3677 3676 3675
f 3673 3677 3675
f 3627 3673 3675
f 3622 3673 3627
f 3628 3674 3626
f 3628 3678 3674
f 3675 3676 3679
f 3679 3676 3680
f 3679 3629 3627
f 3679 3627 3675
f 3630 3678 3628
f 3630 3681 3678
f 3679 3680 3682
f 3682 3680 3683
f 3682 3631 3629
f 3682 3629 3679
f 3632 3681 3630
f 3632 3684 3681
f 3682 3683 3685
f 3685 3683 3686
f 3687 3633 3631
f 3682 3687 3631
f 3685 3687 3682
f 3688 3634 3633
f 3688 3633 3687
f 3688 3689 3634
f 3689 3632 3634
f 3689 3684 3632
f 3686 3690 3685
f 3685 3690 3687
f 3687 3690 3691
f 3687 3691 3688
f 3688 3691 3692
f 3688 3692 3689
f 3695 3694 3693
f 3697 3696 3693
f 3693 3696 3695
f 3697 3698 3696
f 3693 3694 3699
f 3699 3694 3700
f 3693 3701 3697
f 3693 3699 3701
f 3698 3697 3702
f 3702 3697 3701
f 3699 3700 3703
f 3703 3700 3704
f 3699 3705 3701
f 3699 3703 3705
f 3702 3701 3706
f 3706 3701 3705
f 3703 3704 3637
f 3704 3636 3637
f 3704 3707 3636
f 3703 3637 3638
f 3703 3638 3705
f 3638 3640 3705
f 3640 3706 3705
f 3640 3708 3706
f 3707 3642 3636
f 3709 3642 3707
f 3644 3708 3640
f 3644 3710 3708
f 3709 3646 3642
f 3711 3646 3709
f 3648 3710 3644
f 3648 3712 3710
f 3711 3649 3646
f 3713 3649 3711
f 3650 3712 3648
f 3650 3714 3712
f 3713 3651 3649
f 3715 3651 3713
f 3652 3714 3650
f 3652 3716 3714
f 3715 3653 3651
f 3717 3653 3715
f 3654 3716 3652
f 3654 3718 3716
f 3717 3655 3653
f 3719 3655 3717
f 3656 3718 3654
f 3656 3720 3718
f 3719 3657 3655
f 3721 3657 3719
f 3658 3720 3656
f 3658 3722 3720
f 3721 3659 3657
f 3723 3659 3721
f 3660 3722 3658
f 3660 3724 3722
f 3726 3661 3725
f 3661 3723 3725
f 3661 3659 3723
f 3728 3727 3726
f 3728 3726 3725
f 3728 3724 3727
f 3724 3662 3727
f 3724 3660 3662
f 3726 3663 3661
f 3663 3726 3666
f 3666 3726 3727
f 3666 3727 3662
f 3729 3668 3669
f 3670 3730 3669
f 3669 3730 3729
f 3672 3730 3670
f 3732 3731 3729
f 3731 3668 3729
f 3731 3673 3668
f 3732 3729 3730
f 3732 3730 3733
f 3730 3672 3733
f 3672 3734 3733
f 3672 3674 3734
f 3736 3735 3677
f 3677 3735 3676
f 3677 3673 3731
f 3677 3731 3736
f 3678 3734 3674
f 3678 3737 3734
f 3735 3680 3676
f 3738 3680 3735
f 3681 3737 3678
f 3681 3739 3737
f 3738 3683 3680
f 3740 3683 3738
f 3684 3739 3681
f 3684 3741 3739
f 3740 3686 3683
f 3742 3686 3740
f 3689 3741 3684
f 3689 3743 3741
f 3690 3686 3744
f 3686 3745 3744
f 3686 3742 3745
f 3746 3691 3690
f 3746 3690 3744
f 3691 3746 3747
f 3748 3691 3747
f 3692 3691 3748
f 3689 3692 3743
f 3743 3692 3748
f 3744 3745 3749
f 3749 3745 3750
f 3744 3751 3746
f 3744 3749 3751
f 3747 3746 3752
f 3752 3746 3751
f 3750 3753 3749
f 3749 3753 3751
f 3751 3753 3754
f 3751 3754 3752
f 3757 3756 3755
f 3759 3758 3755
f 3755 3758 3757
f 3759 3760 3758
f 3755 3756 3761
f 3761 3756 3762
f 3755 3763 3759
f 3755 3761 3763
f 3760 3759 3764
f 3764 3759 3763
f 3761 3762 3765
f 3765 3762 3766
f 3761 3767 3763
f 3761 3765 3767
f 3764 3763 3768
f 3768 3763 3767
f 3765 3766 3769
f 3769 3766 3770
f 3765 3771 3767
f 3765 3769 3771
f 3768 3767 3772
f 3772 3767 3771
f 3769 3770 3695
f 3770 3694 3695
f 3770 3773 3694
f 3769 3695 3696
f 3769 3696 3771
f 3696 3698 3771
f 3698 3772 3771
f 3698 3774 3772
f 3773 3700 3694
f 3775 3700 3773
f 3702 3774 3698
f 3702 3776 3774
f 3775 3704 3700
f 3777 3704 3775
f 3706 3776 3702
f 3706 3778 3776
f 3777 3707 3704
f 3779 3707 3777
f 3708 3778 3706
f 3708 3780 3778
f 3779 3709 3707
f 3781 3709 3779
f 3710 3780 3708
f 3710 3782 3780
f 3781 3711 3709
f 3783 3711 3781
f 3712 3782 3710
f 3712 3784 3782
f 3783 3713 3711
f 3785 3713 3783
f 3714 3784 3712
f 3714 3786 3784
f 3785 3715 3713
f 3787 3715 3785
f 3716 3786 3714
f 3716 3788 3786
f 3787 3717 3715
f 3789 3717 3787
f 3718 3788 3716
f 3718 3790 3788
f 3789 3719 3717
f 3791 3719 3789
f 3720 3790 3718
f 3720 3792 3790
f 3791 3721 3719
f 3793 3721 3791
f 3722 3792 3720
f 3722 3794 3792
f 3796 3723 3795
f 3723 3793 3795
f 3723 3721 3793
f 3798 3797 3796
f 3798 3796 3795
f 3798 3794 3797
f 3794 3724 3797
f 3794 3722 3724
f 3796 3725 3723
f 3725 3796 3728
f 3728 3796 3797
f 3728 3797 3724
f 3800 3799 3732
f 3732 3799 3731
f 3802 3800 3801
f 3800 3733 3801
f 3800 3732 3733
f 3734 3801 3733
f 3804 3803 3736
f 3736 3803 3735
f 3736 3731 3799
f 3736 3799 3804
f 3805 3802 3801
f 3801 3734 3805
f 3734 3806 3805
f 3734 3737 3806
f 3803 3738 3735
f 3807 3738 3803
f 3739 3806 3737
f 3739 3808 3806
f 3807 3740 3738
f 3809 3740 3807
f 3741 3808 3739
f 3741 3810 3808
f 3809 3742 3740
f 3811 3742 3809
f 3814 3813 3812
f 3813 3810 3812
f 3810 3743 3812
f 3810 3741 3743
f 3811 3745 3742
f 3815 3745 3811
f 3814 3812 3748
f 3747 3814 3748
f 3816 3814 3747
f 3748 3812 3743
f 3815 3750 3745
f 3817 3750 3815
f 3752 3816 3747
f 3752 3818 3816
f 3753 3750 3819
f 3750 3820 3819
f 3750 3817 3820
f 3821 3754 3753
f 3821 3753 3819
f 3821 3822 3754
f 3822 3752 3754
f 3822 3818 3752
f 3819 3820 3823
f 3823 3820 3824
f 3819 3825 3821
f 3819 3823 3825
f 3822 3821 3826
f 3826 3821 3825
f 3823 3824 3827
f 3827 3824 3828
f 3823 3829 3825
f 3823 3827 3829
f 3826 3825 3830
f 3830 3825 3829
f 3828 3831 3827
f 3827 3831 3829
f 3829 3831 3832
f 3829 3832 3830
f 3835 3834 3833
f 3837 3836 3833
f 3833 3836 3835
f 3837 3838 3836
f 3833 3834 3839
f 3839 3834 3840
f 3833 3841 3837
f 3833 3839 3841
f 3838 3837 3842
f 3842 3837 3841
f 3839 3840 3843
f 3843 3840 3844
f 3839 3845 3841
f 3839 3843 3845
f 3842 3841 3846
f 3846 3841 3845
f 3843 3844 3847
f 3847 3844 3848
f 3843 3849 3845
f 3843 3847 3849
f 3846 3845 3850
f 3850 3845 3849
f 3847 3848 3851
f 3851 3848 3852
f 3847 3853 3849
f 3847 3851 3853
f 3850 3849 3854
f 3854 3849 3853
f 3851 3852 3757
f 3852 3756 3757
f 3852 3855 3756
f 3851 3757 3758
f 3851 3758 3853
f 3758 3760 3853
f 3760 3854 3853
f 3760 3856 3854
f 3855 3762 3756
f 3857 3762 3855
f 3764 3856 3760
f 3764 3858 3856
f 3857 3766 3762
f 3859 3766 3857
f 3768 3858 3764
f 3768 3860 3858
f 3859 3770 3766
f 3861 3770 3859
f 3772 3860 3768
f 3772 3862 3860
f 3861 3773 3770
f 3863 3773 3861
f 3774 3862 3772
f 3774 3864 3862
f 3863 3775 3773
f 3865 3775 3863
f 3776 3864 3774
f 3776 3866 3864
f 3865 3777 3775
f 3867 3777 3865
f 3778 3866 3776
f 3778 3868 3866
f 3867 3779 3777
f 3869 3779 3867
f 3780 3868 3778
f 3780 3870 3868
f 3869 3781 3779
f 3871 3781 3869
f 3782 3870 3780
f 3782 3872 3870
f 3871 3783 3781
f 3873 3783 3871
f 3784 3872 3782
f 3784 3874 3872
f 3873 3785 3783
f 3875 3785 3873
f 3786 3874 3784
f 3786 3876 3874
f 3875 3787 3785
f 3877 3787 3875
f 3788 3876 3786
f 3788 3878 3876
f 3877 3789 3787
f 3879 3789 3877
f 3790 3878 3788
f 3790 3880 3878
f 3882 3791 3881
f 3791 3879 3881
f 3791 3789 3879
f 3884 3883 3882
f 3884 3882 3881
f 3884 3880 3883
f 3880 3792 3883
f 3880 3790 3792
f 3885 3793 3882
f 3882 3793 3791
f 3886 3882 3883
f 3885 3882 3886
f 3794 3886 3792
f 3792 3886 3883
f 3885 3795 3793
f 3795 3885 3798
f 3798 3885 3886
f 3798 3886 3794
f 3887 3799 3800
f 3802 3887 3800
f 3889 3888 3804
f 3804 3888 3803
f 3804 3799 3887
f 3890 3804 3887
f 3889 3804 3890
f 3892 3890 3891
f 3891 3890 3805
f 3890 3887 3805
f 3887 3802 3805
f 3806 3891 3805
f 3888 3807 3803
f 3893 3807 3888
f 3892 3891 3894
f 3892 3894 3895
f 3808 3894 3806
f 3806 3894 3891
f 3893 3809 3807
f 3896 3809 3893
f 3895 3894 3897
f 3895 3897 3898
f 3810 3897 3808
f 3808 3897 3894
f 3896 3811 3809
f 3899 3811 3896
f 3898 3897 3813
f 3814 3898 3813
f 3900 3898 3814
f 3813 3897 3810
f 3899 3815 3811
f 3901 3815 3899
f 3816 3900 3814
f 3816 3902 3900
f 3901 3817 3815
f 3903 3817 3901
f 3818 3902 3816
f 3818 3904 3902
f 3903 3820 3817
f 3905 3820 3903
f 3822 3904 3818
f 3822 3906 3904
f 3905 3824 3820
f 3907 3824 3905
f 3826 3906 3822
f 3826 3908 3906
f 3907 3828 3824
f 3909 3828 3907
f 3830 3908 3826
f 3830 3910 3908
f 3831 3828 3911
f 3828 3912 3911
f 3828 3909 3912
f 3913 3832 3831
f 3913 3831 3911
f 3913 3914 3832
f 3914 3830 3832
f 3914 3910 3830
f 3911 3912 3915
f 3915 3912 3916
f 3911 3917 3913
f 3911 3915 3917
f 3914 3913 3918
f 3918 3913 3917
f 3915 3916 3919
f 3919 3916 3920
f 3915 3921 3917
f 3915 3919 3921
f 3918 3917 3922
f 3922 3917 3921
f 3919 3920 3923
f 3923 3920 3924
f 3919 3925 3921
f 3919 3923 3925
f 3922 3921 3926
f 3926 3921 3925
f 3923 3924 3927
f 3927 3924 3928
f 3923 3929 3925
f 3923 3927 3929
f 3926 3925 3930
f 3930 3925 3929
f 3927 3928 3931
f 3931 3928 3932
f 3927 3933 3929
f 3927 3931 3933
f 3930 3929 3934
f 3934 3929 3933
f 3931 3932 3935
f 3935 3932 3936
f 3931 3937 3933
f 3931 3935 3937
f 3934 3933 3938
f 3938 3933 3937
f 3935 3936 3939
f 3939 3936 3940
f 3935 3941 3937
f 3935 3939 3941
f 3938 3937 3942
f 3942 3937 3941
f 3940 3943 3939
f 3939 3943 3941
f 3941 3943 3944
f 3941 3944 3942
f 3947 3946 3945
f 3949 3948 3945
f 3945 3948 3947
f 3949 3950 3948
f 3945 3946 3951
f 3951 3946 3952
f 3945 3953 3949
f 3945 3951 3953
f 3950 3949 3954
f 3954 3949 3953
f 3951 3952 3955
f 3955 3952 3956
f 3951 3957 3953
f 3951 3955 3957
f 3954 3953 3958
f 3958 3953 3957
f 3955 3956 3959
f 3959 3956 3960
f 3955 3961 3957
f 3955 3959 3961
f 3958 3957 3962
f 3962 3957 3961
f 3959 3960 3963
f 3963 3960 3964
f 3959 3965 3961
f 3959 3963 3965
f 3962 3961 3966
f 3966 3961 3965
f 3963 3964 3967
f 3967 3964 3968
f 3963 3969 3965
f 3963 3967 3969
f 3966 3965 3970
f 3970 3965 3969
f 3967 3968 3835
f 3968 3834 3835
f 3968 3971 3834
f 3967 3835 3836
f 3967 3836 3969
f 3836 3838 3969
f 3838 3970 3969
f 3838 3972 3970
f 3971 3840 3834
f 3973 3840 3971
f 3842 3972 3838
f 3842 3974 3972
f 3973 3844 3840
f 3975 3844 3973
f 3846 3974 3842
f 3846 3976 3974
f 3975 3848 3844
f 3977 3848 3975
f 3850 3976 3846
f 3850 3978 3976
f 3977 3852 3848
f 3979 3852 3977
f 3854 3978 3850
f 3854 3980 3978
f 3979 3855 3852
f 3981 3855 3979
f 3856 3980 3854
f 3856 3982 3980
f 3981 3857 3855
f 3983 3857 3981
f 3858 3982 3856
f 3858 3984 3982
f 3983 3859 3857
f 3985 3859 3983
f 3860 3984 3858
f 3860 3986 3984
f 3985 3861 3859
f 3987 3861 3985
f 3862 3986 3860
f 3862 3988 3986
f 3987 3863 3861
f 3989 3863 3987
f 3864 3988 3862
f 3864 3990 3988
f 3989 3865 3863
f 3991 3865 3989
f 3866 3990 3864
f 3866 3992 3990
f 3991 3867 3865
f 3993 3867 3991
f 3868 3992 3866
f 3868 3994 3992
f 3993 3869 3867
f 3995 3869 3993
f 3870 3994 3868
f 3870 3996 3994
f 3995 3871 3869
f 3997 3871 3995
f 3872 3996 3870
f 3872 3998 3996
f 3997 3873 3871
f 3999 3873 3997
f 3874 3998 3872
f 3874 4000 3998
f 4002 3875 4001
f 3875 3999 4001
f 3875 3873 3999
f 4004 4003 4002
f 4004 4002 4001
f 4004 4000 4003
f 4000 3876 4003
f 4000 3874 3876
f 4005 3877 4002
f 4002 3877 3875
f 4006 4002 4003
f 4005 4002 4006
f 3878 4006 3876
f 3876 4006 4003
f 4007 3879 4005
f 4005 3879 3877
f 4008 4005 4006
f 4007 4005 4008
f 3880 4008 3878
f 3878 4008 4006
f 4007 3881 3879
f 3881 4007 3884
f 3884 4007 4008
f 3884 4008 3880
f 4009 3888 3889
f 3890 4010 3889
f 3889 4010 4009
f 3892 4010 3890
f 4012 4011 4009
f 4011 3888 4009
f 4011 3893 3888
f 4012 4009 4010
f 4012 4010 4013
f 4010 3892 4013
f 3892 4014 4013
f 3892 3895 4014
f 4011 3896 3893
f 4015 3896 4011
f 3898 4014 3895
f 3898 4016 4014
f 4015 3899 3896
f 4017 3899 4015
f 3900 4016 3898
f 3900 4018 4016
f 4017 3901 3899
f 4019 3901 4017
f 3902 4018 3900
f 3902 4020 4018
f 4019 3903 3901
f 4021 3903 4019
f 3904 4020 3902
f 3904 4022 4020
f 4021 3905 3903
f 4023 3905 4021
f 3906 4022 3904
f 3906 4024 4022
f 4023 3907 3905
f 4025 3907 4023
f 3908 4024 3906
f 3908 4026 4024
f 4025 3909 3907
f 4027 3909 4025
f 3910 4026 3908
f 3910 4028 4026
f 4027 3912 3909
f 4029 3912 4027
f 3914 4028 3910
f 3914 4030 4028
f 4029 3916 3912
f 4031 3916 4029
f 3918 4030 3914
f 3918 4032 4030
f 4031 3920 3916
f 4033 3920 4031
f 3922 4032 3918
f 3922 4034 4032
f 4033 3924 3920
f 4035 3924 4033
f 3926 4034 3922
f 3926 4036 4034
f 4035 3928 3924
f 4037 3928 4035
f 3930 4036 3926
f 3930 4038 4036
f 4037 3932 3928
f 4039 3932 4037
f 3934 4038 3930
f 3934 4040 4038
f 4039 3936 3932
f 4041 3936 4039
f 3938 4040 3934
f 3938 4042 4040
f 4041 3940 3936
f 4043 3940 4041
f 3942 4042 3938
f 3942 4044 4042
f 3943 3940 4045
f 3940 4046 4045
f 3940 4043 4046
f 4047 3944 3943
f 4047 3943 4045
f 4047 4048 3944
f 4048 3942 3944
f 4048 4044 3942
f 4045 4046 4049
f 4049 4046 4050
f 4045 4051 4047
f 4045 4049 4051
f 4048 4047 4052
f 4052 4047 4051
f 4049 4050 4053
f 4053 4050 4054
f 4049 4055 4051
f 4049 4053 4055
f 4052 4051 4056
f 4056 4051 4055
f 4053 4054 4057
f 4057 4054 4058
f 4053 4059 4055
f 4053 4057 4059
f 4056 4055 4060
f 4060 4055 4059
f 4057 4058 4061
f 4061 4058 4062
f 4057 4063 4059
f 4057 4061 4063
f 4060 4059 4064
f 4064 4059 4063
f 4061 4062 4065
f 4065 4062 4066
f 4061 4067 4063
f 4061 4065 4067
f 4064 4063 4068
f 4068 4063 4067
f 4065 4066 4069
f 4069 4066 4070
f 4065 4071 4067
f 4065 4069 4071
f 4068 4067 4072
f 4072 4067 4071
f 4069 4070 4073
f 4073 4070 4074
f 4069 4075 4071
f 4069 4073 4075
f 4072 4071 4076
f 4076 4071 4075
f 4073 4074 4077
f 4077 4074 4078
f 4073 4079 4075
f 4073 4077 4079
f 4076 4075 4080
f 4080 4075 4079
f 4077 4078 4081
f 4081 4078 4082
f 4077 4083 4079
f 4077 4081 4083
f 4080 4079 4084
f 4084 4079 4083
f 4081 4082 3947
f 4082 3946 3947
f 4082 4085 3946
f 4081 3947 3948
f 4081 3948 4083
f 3948 3950 4083
f 3950 4084 4083
f 3950 4086 4084
f 4085 3952 3946
f 4087 3952 4085
f 3954 4086 3950
f 3954 4088 4086
f 4087 3956 3952
f 4089 3956 4087
f 3958 4088 3954
f 3958 4090 4088
f 4089 3960 3956
f 4091 3960 4089
f 3962 4090 3958
f 3962 4092 4090
f 4091 3964 3960
f 4093 3964 4091
f 3966 4092 3962
f 3966 4094 4092
f 4093 3968 3964
f 4095 3968 4093
f 3970 4094 3966
f 3970 4096 4094
f 4095 3971 3968
f 4097 3971 4095
f 3972 4096 3970
f 3972 4098 4096
f 4097 3973 3971
f 4099 3973 4097
f 3974 4098 3972
f 3974 4100 4098
f 4099 3975 3973
f 4101 3975 4099
f 3976 4100 3974
f 3976 4102 4100
f 4101 3977 3975
f 4103 3977 4101
f 3978 4102 3976
f 3978 4104 4102
f 4103 3979 3977
f 4105 3979 4103
f 3980 4104 3978
f 3980 4106 4104
f 4105 3981 3979
f 4107 3981 4105
f 3982 4106 3980
f 3982 4108 4106
f 4107 3983 3981
f 4109 3983 4107
f 3984 4108 3982
f 3984 4110 4108
f 4109 3985 3983
f 4111 3985 4109
f 3986 4110 3984
f 3986 4112 4110
f 4111 3987 3985
f 4113 3987 4111
f 3988 4112 3986
f 3988 4114 4112
f 4113 3989 3987
f 4115 3989 4113
f 3990 4114 3988
f 3990 4116 4114
f 4115 3991 3989
f 4117 3991 4115
f 3992 4116 3990
f 3992 4118 4116
f 4117 3993 3991
f 4119 3993 4117
f 3994 4118 3992
f 3994 4120 4118
f 4122 3995 4121
f 3995 4119 4121
f 3995 3993 4119
f 4124 4123 4122
f 4124 4122 4121
f 4124 4120 4123
f 4120 3996 4123
f 4120 3994 3996
f 4125 3997 4122
f 4122 3997 3995
f 4126 4122 4123
f 4125 4122 4126
f 3998 4126 3996
f 3996 4126 4123
f 4127 3999 4125
f 4125 3999 3997
f 4128 4125 4126
f 4127 4125 4128
f 4000 4128 3998
f 3998 4128 4126
f 4127 4001 3999
f 4001 4127 4004
f 4004 4127 4128
f 4004 4128 4000
f 4129 4011 4012
f 4013 4130 4012
f 4012 4130 4129
f 4014 4130 4013
f 4131 4015 4129
f 4129 4015 4011
f 4132 4129 4130
f 4131 4129 4132
f 4016 4132 4014
f 4014 4132 4130
f 4134 4133 4131
f 4133 4015 4131
f 4133 4017 4015
f 4134 4131 4132
f 4134 4132 4135
f 4132 4016 4135
f 4016 4136 4135
f 4016 4018 4136
f 4133 4019 4017
f 4137 4019 4133
f 4020 4136 4018
f 4020 4138 4136
f 4137 4021 4019
f 4139 4021 4137
f 4022 4138 4020
f 4022 4140 4138
f 4139 4023 4021
f 4141 4023 4139
f 4024 4140 4022
f 4024 4142 4140
f 4141 4025 4023
f 4143 4025 4141
f 4026 4142 4024
f 4026 4144 4142
f 4143 4027 4025
f 4145 4027 4143
f 4028 4144 4026
f 4028 4146 4144
f 4145 4029 4027
f 4147 4029 4145
f 4030 4146 4028
f 4030 4148 4146
f 4147 4031 4029
f 4149 4031 4147
f 4032 4148 4030
f 4032 4150 4148
f 4149 4033 4031
f 4151 4033 4149
f 4034 4150 4032
f 4034 4152 4150
f 4151 4035 4033
f 4153 4035 4151
f 4036 4152 4034
f 4036 4154 4152
f 4153 4037 4035
f 4155 4037 4153
f 4038 4154 4036
f 4038 4156 4154
f 4155 4039 4037
f 4157 4039 4155
f 4040 4156 4038
f 4040 4158 4156
f 4157 4041 4039
f 4159 4041 4157
f 4042 4158 4040
f 4042 4160 4158
f 4159 4043 4041
f 4161 4043 4159
f 4044 4160 4042
f 4044 4162 4160
f 4161 4046 4043
f 4163 4046 4161
f 4048 4162 4044
f 4048 4164 4162
f 4163 4050 4046
f 4165 4050 4163
f 4052 4164 4048
f 4052 4166 4164
f 4165 4054 4050
f 4167 4054 4165
f 4056 4166 4052
f 4056 4168 4166
f 4167 4058 4054
f 4169 4058 4167
f 4060 4168 4056
f 4060 4170 4168
f 4169 4062 4058
f 4171 4062 4169
f 4064 4170 4060
f 4064 4172 4170
f 4171 4066 4062
f 4173 4066 4171
f 4068 4172 4064
f 4068 4174 4172
f 4173 4070 4066
f 4175 4070 4173
f 4072 4174 4068
f 4072 4176 4174
f 4175 4074 4070
f 4177 4074 4175
f 4076 4176 4072
f 4076 4178 4176
f 4177 4078 4074
f 4179 4078 4177
f 4080 4178 4076
f 4080 4180 4178
f 4179 4082 4078
f 4181 4082 4179
f 4084 4180 4080
f 4084 4182 4180
f 4181 4085 4082
f 4183 4085 4181
f 4086 4182 4084
f 4086 4184 4182
f 4183 4087 4085
f 4185 4087 4183
f 4088 4184 4086
f 4088 4186 4184
f 4185 4089 4087
f 4187 4089 4185
f 4090 4186 4088
f 4090 4188 4186
f 4187 4091 4089
f 4189 4091 4187
f 4092 4188 4090
f 4092 4190 4188
f 4189 4093 4091
f 4191 4093 4189
f 4094 4190 4092
f 4094 4192 4190
f 4191 4095 4093
f 4193 4095 4191
f 4096 4192 4094
f 4096 4194 4192
f 4193 4097 4095
f 4195 4097 4193
f 4098 4194 4096
f 4098 4196 4194
f 4195 4099 4097
f 4197 4099 4195
f 4100 4196 4098
f 4100 4198 4196
f 4197 4101 4099
f 4199 4101 4197
f 4102 4198 4100
f 4102 4200 4198
f 4199 4103 4101
f 4201 4103 4199
f 4104 4200 4102
f 4104 4202 4200
f 4201 4105 4103
f 4203 4105 4201
f 4106 4202 4104
f 4106 4204 4202
f 4203 4107 4105
f 4205 4107 4203
f 4108 4204 4106
f 4108 4206 4204
f 4205 4109 4107
f 4207 4109 4205
f 4110 4206 4108
f 4110 4208 4206
f 4207 4111 4109
f 4209 4111 4207
f 4112 4208 4110
f 4112 4210 4208
f 4212 4113 4211
f 4113 4209 4211
f 4113 4111 4209
f 4214 4213 4212
f 4214 4212 4211
f 4214 4210 4213
f 4210 4114 4213
f 4210 4112 4114
f 4215 4115 4212
f 4212 4115 4113
f 4216 4212 4213
f 4215 4212 4216
f 4116 4216 4114
f 4114 4216 4213
f 4217 4117 4215
f 4215 4117 4115
f 4218 4215 4216
f 4217 4215 4218
f 4118 4218 4116
f 4116 4218 4216
f 4219 4119 4217
f 4217 4119 4117
f 4220 4217 4218
f 4219 4217 4220
f 4120 4220 4118
f 4118 4220 4218
f 4219 4121 4119
f 4121 4219 4124
f 4124 4219 4220
f 4124 4220 4120
f 4221 4133 4134
f 4135 4222 4134
f 4134 4222 4221
f 4136 4222 4135
f 4223 4137 4221
f 4221 4137 4133
f 4224 4221 4222
f 4223 4221 4224
f 4138 4224 4136
f 4136 4224 4222
f 4225 4139 4223
f 4223 4139 4137
f 4226 4223 4224
f 4225 4223 4226
f 4140 4226 4138
f 4138 4226 4224
f 4228 4227 4225
f 4227 4139 4225
f 4227 4141 4139
f 4228 4225 4226
f 4228 4226 4229
f 4226 4140 4229
f 4140 4230 4229
f 4140 4142 4230
f 4227 4143 4141
f 4231 4143 4227
f 4144 4230 4142
f 4144 4232 4230
f 4231 4145 4143
f 4233 4145 4231
f 4146 4232 4144
f 4146 4234 4232
f 4233 4147 4145
f 4235 4147 4233
f 4148 4234 4146
f 4148 4236 4234
f 4235 4149 4147
f 4237 4149 4235
f 4150 4236 4148
f 4150 4238 4236
f 4237 4151 4149
f 4239 4151 4237
f 4152 4238 4150
f 4152 4240 4238
f 4239 4153 4151
f 4241 4153 4239
f 4154 4240 4152
f 4154 4242 4240
f 4241 4155 4153
f 4243 4155 4241
f 4156 4242 4154
f 4156 4244 4242
f 4243 4157 4155
f 4245 4157 4243
f 4158 4244 4156
f 4158 4246 4244
f 4245 4159 4157
f 4247 4159 4245
f 4160 4246 4158
f 4160 4248 4246
f 4247 4161 4159
f 4249 4161 4247
f 4162 4248 4160
f 4162 4250 4248
f 4249 4163 4161
f 4251 4163 4249
f 4164 4250 4162
f 4164 4252 4250
f 4251 4165 4163
f 4253 4165 4251
f 4166 4252 4164
f 4166 4254 4252
f 4253 4167 4165
f 4255 4167 4253
f 4168 4254 4166
f 4168 4256 4254
f 4255 4169 4167
f 4257 4169 4255
f 4170 4256 4168
f 4170 4258 4256
f 4257 4171 4169
f 4259 4171 4257
f 4172 4258 4170
f 4172 4260 4258
f 4259 4173 4171
f 4261 4173 4259
f 4174 4260 4172
f 4174 4262 4260
f 4261 4175 4173
f 4263 4175 4261
f 4176 4262 4174
f 4176 4264 4262
f 4263 4177 4175
f 4265 4177 4263
f 4178 4264 4176
f 4178 4266 4264
f 4265 4179 4177
f 4267 4179 4265
f 4180 4266 4178
f 4180 4268 4266
f 4267 4181 4179
f 4269 4181 4267
f 4182 4268 4180
f 4182 4270 4268
f 4269 4183 4181
f 4271 4183 4269
f 4184 4270 4182
f 4184 4272 4270
f 4271 4185 4183
f 4273 4185 4271
f 4186 4272 4184
f 4186 4274 4272
f 4273 4187 4185
f 4275 4187 4273
f 4188 4274 4186
f 4188 4276 4274
f 4275 4189 4187
f 4277 4189 4275
f 4190 4276 4188
f 4190 4278 4276
f 4277 4191 4189
f 4279 4191 4277
f 4192 4278 4190
f 4192 4280 4278
f 4279 4193 4191
f 4281 4193 4279
f 4194 4280 4192
f 4194 4282 4280
f 4281 4195 4193
f 4283 4195 4281
f 4196 4282 4194
f 4196 4284 4282
f 4283 4197 4195
f 4285 4197 4283
f 4198 4284 4196
f 4198 4286 4284
f 4285 4199 4197
f 4287 4199 4285
f 4200 4286 4198
f 4200 4288 4286
f 4290 4201 4289
f 4201 4287 4289
f 4201 4199 4287
f 4292 4291 4290
f 4292 4290 4289
f 4292 4288 4291
f 4288 4202 4291
f 4288 4200 4202
f 4293 4203 4290
f 4290 4203 4201
f 4294 4290 4291
f 4293 4290 4294
f 4204 4294 4202
f 4202 4294 4291
f 4295 4205 4293
f 4293 4205 4203
f 4296 4293 4294
f 4295 4293 4296
f 4206 4296 4204
f 4204 4296 4294
f 4297 4207 4295
f 4295 4207 4205
f 4298 4295 4296
f 4297 4295 4298
f 4208 4298 4206
f 4206 4298 4296
f 4299 4209 4297
f 4297 4209 4207
f 4300 4297 4298
f 4299 4297 4300
f 4210 4300 4208
f 4208 4300 4298
f 4299 4211 4209
f 4211 4299 4214
f 4214 4299 4300
f 4214 4300 4210
f 4301 4227 4228
f 4229 4302 4228
f 4228 4302 4301
f 4230 4302 4229
f 4303 4231 4301
f 4301 4231 4227
f 4304 4301 4302
f 4303 4301 4304
f 4232 4304 4230
f 4230 4304 4302
f 4305 4233 4303
f 4303 4233 4231
f 4306 4303 4304
f 4305 4303 4306
f 4234 4306 4232
f 4232 4306 4304
f 4307 4235 4305
f 4305 4235 4233
f 4308 4305 4306
f 4307 4305 4308
f 4236 4308 4234
f 4234 4308 4306
f 4309 4237 4307
f 4307 4237 4235
f 4310 4307 4308
f 4309 4307 4310
f 4238 4310 4236
f 4236 4310 4308
f 4312 4311 4309
f 4311 4237 4309
f 4311 4239 4237
f 4312 4309 4310
f 4312 4310 4313
f 4310 4238 4313
f 4238 4314 4313
f 4238 4240 4314
f 4311 4241 4239
f 4315 4241 4311
f 4242 4314 4240
f 4242 4316 4314
f 4315 4243 4241
f 4317 4243 4315
f 4244 4316 4242
f 4244 4318 4316
f 4317 4245 4243
f 4319 4245 4317
f 4246 4318 4244
f 4246 4320 4318
f 4319 4247 4245
f 4321 4247 4319
f 4248 4320 4246
f 4248 4322 4320
f 4321 4249 4247
f 4323 4249 4321
f 4250 4322 4248
f 4250 4324 4322
f 4323 4251 4249
f 4325 4251 4323
f 4252 4324 4250
f 4252 4326 4324
f 4325 4253 4251
f 4327 4253 4325
f 4254 4326 4252
f 4254 4328 4326
f 4327 4255 4253
f 4329 4255 4327
f 4256 4328 4254
f 4256 4330 4328
f 4329 4257 4255
f 4331 4257 4329
f 4258 4330 4256
f 4258 4332 4330
f 4331 4259 4257
f 4333 4259 4331
f 4260 4332 4258
f 4260 4334 4332
f 4333 4261 4259
f 4335 4261 4333
f 4262 4334 4260
f 4262 4336 4334
f 4335 4263 4261
f 4337 4263 4335
f 4264 4336 4262
f 4264 4338 4336
f 4337 4265 4263
f 4339 4265 4337
f 4266 4338 4264
f 4266 4340 4338
f 4339 4267 4265
f 4341 4267 4339
f 4268 4340 4266
f 4268 4342 4340
f 4341 4269 4267
f 4343 4269 4341
f 4270 4342 4268
f 4270 4344 4342
f 4343 4271 4269
f 4345 4271 4343
f 4272 4344 4270
f 4272 4346 4344
f 4345 4273 4271
f 4347 4273 4345
f 4274 4346 4272
f 4274 4348 4346
f 4347 4275 4273
f 4349 4275 4347
f 4276 4348 4274
f 4276 4350 4348
f 4349 4277 4275
f 4351 4277 4349
f 4278 4350 4276
f 4278 4352 4350
f 4354 4279 4353
f 4279 4351 4353
f 4279 4277 4351
f 4356 4355 4354
f 4356 4354 4353
f 4356 4352 4355
f 4352 4280 4355
f 4352 4278 4280
f 4357 4281 4354
f 4354 4281 4279
f 4358 4354 4355
f 4357 4354 4358
f 4282 4358 4280
f 4280 4358 4355
f 4359 4283 4357
f 4357 4283 4281
f 4360 4357 4358
f 4359 4357 4360
f 4284 4360 4282
f 4282 4360 4358
f 4361 4285 4359
f 4359 4285 4283
f 4362 4359 4360
f 4361 4359 4362
f 4286 4362 4284
f 4284 4362 4360
f 4363 4287 4361
f 4361 4287 4285
f 4364 4361 4362
f 4363 4361 4364
f 4288 4364 4286
f 4286 4364 4362
f 4363 4289 4287
f 4289 4363 4292
f 4292 4363 4364
f 4292 4364 4288
f 4365 4311 4312
f 4313 4366 4312
f 4312 4366 4365
f 4314 4366 4313
f 4367 4315 4365
f 4365 4315 4311
f 4368 4365 4366
f 4367 4365 4368
f 4316 4368 4314
f 4314 4368 4366
f 4369 4317 4367
f 4367 4317 4315
f 4370 4367 4368
f 4369 4367 4370
f 4318 4370 4316
f 4316 4370 4368
f 4371 4319 4369
f 4369 4319 4317
f 4372 4369 4370
f 4371 4369 4372
f 4320 4372 4318
f 4318 4372 4370
f 4373 4321 4371
f 4371 4321 4319
f 4374 4371 4372
f 4373 4371 4374
f 4322 4374 4320
f 4320 4374 4372
f 4375 4323 4373
f 4373 4323 4321
f 4376 4373 4374
f 4375 4373 4376
f 4324 4376 4322
f 4322 4376 4374
f 4377 4325 4375
f 4375 4325 4323
f 4378 4375 4376
f 4377 4375 4378
f 4326 4378 4324
f 4324 4378 4376
f 4379 4327 4377
f 4377 4327 4325
f 4380 4377 4378
f 4379 4377 4380
f 4328 4380 4326
f 4326 4380 4378
f 4381 4329 4379
f 4379 4329 4327
f 4382 4379 4380
f 4381 4379 4382
f 4330 4382 4328
f 4328 4382 4380
f 4383 4331 4381
f 4381 4331 4329
f 4384 4381 4382
f 4383 4381 4384
f 4332 4384 4330
f 4330 4384 4382
f 4385 4333 4383
f 4383 4333 4331
f 4386 4383 4384
f 4385 4383 4386
f 4334 4386 4332
f 4332 4386 4384
f 4387 4335 4385
f 4385 4335 4333
f 4388 4385 4386
f 4387 4385 4388
f 4336 4388 4334
f 4334 4388 4386
f 4389 4337 4387
f 4387 4337 4335
f 4390 4387 4388
f 4389 4387 4390
f 4338 4390 4336
f 4336 4390 4388
f 4391 4339 4389
f 4389 4339 4337
f 4392 4389 4390
f 4391 4389 4392
f 4340 4392 4338
f 4338 4392 4390
f 4393 4341 4391
f 4391 4341 4339
f 4394 4391 4392
f 4393 4391 4394
f 4342 4394 4340
f 4340 4394 4392
f 4395 4343 4393
f 4393 4343 4341
f 4396 4393 4394
f 4395 4393 4396
f 4344 4396 4342
f 4342 4396 4394
f 4397 4345 4395
f 4395 4345 4343
f 4398 4395 4396
f 4397 4395 4398
f 4346 4398 4344
f 4344 4398 4396
f 4399 4347 4397
f 4397 4347 4345
f 4400 4397 4398
f 4399 4397 4400
f 4348 4400 4346
f 4346 4400 4398
f 4401 4349 4399
f 4399 4349 4347
f 4402 4399 4400
f 4401 4399 4402
f 4350 4402 4348
f 4348 4402 4400
f 4403 4351 4401
f 4401 4351 4349
f 4404 4401 4402
f 4403 4401 4404
f 4352 4404 4350
f 4350 4404 4402
f 4403 4353 4351
f 4353 4403 4356
f 4356 4403 4404
f 4356 4404 4352
# 8804 faces, 0 coords texture

# End of File